datums,game_id,sezona,speles_tips,sakums_utc,arena,spele_beidzas,uzvaretajs,home_team,away_team,home_total,away_total,home_p1,away_p1,home_p2,away_p2,home_p3,away_p3,home_ot,away_ot,home_pim_total,away_pim_total,home_pim_p1,away_pim_p1,home_pim_p2,away_pim_p2,home_pim_p3,away_pim_p3,home_pim_ot,away_pim_ot,home_pen_p1,away_pen_p1,home_pen_p2,away_pen_p2,home_pen_p3,away_pen_p3,home_pen_ot,away_pen_ot,home_sog_total,away_sog_total,home_sog_p1,away_sog_p1,home_sog_p2,away_sog_p2,home_sog_p3,away_sog_p3,home_sog_ot,away_sog_ot,home_ppg,away_ppg,home_pp_sog,away_pp_sog,home_pp_opp,away_pp_opp,home_pen_count,away_pen_count,home_sh_goals,away_sh_goals,home_en_goals,away_en_goals,home_missed_shots,away_missed_shots,home_pim_official,away_pim_official,home_hits,away_hits,home_blocked_shots,away_blocked_shots,home_giveaways,away_giveaways,home_takeaways,away_takeaways,home_faceoff_pct,away_faceoff_pct,star1,star2,star3
2025-10-07,2025020001,20252026,2,2025-10-07T21:00:00Z,Amerant Bank Arena,REG,FLA,FLA,CHI,3,2,2,1,0,1,1,0,0,0,6,4,0,4,4,0,2,0,0,0,0,2,2,0,1,0,0,0,37,19,17,3,9,11,11,5,0,0,1,0,5,2,2,3,3,2,0,0,0,0,13,13,11,9,28,27,15,16,17,19,3,4,58.6,41.4,J. Boqvist (FLA),M. Samoskevich (FLA),A. Greer (FLA)
2025-10-07,2025020002,20252026,2,2025-10-08T00:00:00Z,Madison Square Garden,REG,PIT,NYR,PIT,0,3,0,1,0,0,0,2,0,0,2,4,2,2,0,2,0,0,0,0,1,1,0,1,0,0,0,0,25,31,7,8,13,8,5,15,0,0,0,0,3,0,2,1,1,2,0,0,0,2,13,10,2,4,34,22,17,20,17,19,4,1,47.5,52.5,A. Silovs (PIT),J. Brazeau (PIT),I. Shesterkin (NYR)
2025-10-07,2025020003,20252026,2,2025-10-08T02:30:00Z,Crypto.com Arena,REG,COL,LAK,COL,1,4,0,0,0,3,1,1,0,0,12,8,2,0,4,0,6,8,0,0,1,0,2,0,3,4,0,0,25,23,6,7,5,11,14,5,0,0,1,1,8,5,4,6,6,4,0,0,0,0,17,10,17,13,33,25,14,21,19,17,7,2,55.0,45.0,M. Necas (COL),N. MacKinnon (COL),A. Lehkonen (COL)
2025-10-08,2025020004,20252026,2,2025-10-08T23:00:00Z,Scotiabank Arena,REG,TOR,TOR,MTL,5,2,1,1,1,1,3,0,0,0,4,4,2,2,2,0,0,2,0,0,1,1,1,0,0,1,0,0,27,31,8,11,10,14,9,6,0,0,0,0,1,4,2,2,2,2,0,1,2,0,8,16,4,4,35,27,17,13,12,13,2,3,59.3,40.7,W. Nylander (TOR),M. Rielly (TOR),B. McMann (TOR)
2025-10-08,2025020005,20252026,2,2025-10-08T23:30:00Z,Capital One Arena,REG,BOS,WSH,BOS,1,3,0,0,0,1,1,2,0,0,4,10,2,6,0,4,2,0,0,0,1,3,0,2,1,0,0,0,36,22,8,5,17,6,11,11,0,0,0,1,11,1,5,2,2,5,0,0,0,1,19,21,4,10,35,33,11,23,15,20,3,3,50.0,50.0,J. Swayman (BOS),D. Pastrnak (BOS),T. Wilson (WSH)
2025-10-08,2025020006,20252026,2,2025-10-09T02:00:00Z,Rogers Place,SO,CGY,EDM,CGY,3,4,2,0,1,2,0,1,0,0,8,6,2,2,2,2,4,2,0,2,1,1,1,1,2,1,0,1,35,22,9,4,11,7,9,8,6,3,2,1,6,3,3,4,4,3,0,0,0,0,11,14,8,18,23,35,18,17,18,22,3,4,48.3,51.7,R. Nugent-Hopkins (EDM),M. Gridin (CGY),L. Draisaitl (EDM)
2025-10-08,2025020007,20252026,2,2025-10-09T02:00:00Z,T-Mobile Arena,SO,LAK,VGK,LAK,5,6,0,2,3,1,2,2,0,0,6,8,4,4,2,2,0,2,0,0,2,2,1,1,0,1,0,0,35,26,7,10,16,6,9,8,3,2,2,1,6,1,6,1,3,4,0,1,0,0,13,4,6,13,36,37,14,18,17,21,8,3,62.1,37.9,P. Dorofeyev (VGK),J. Eichel (VGK),T. Moore (LAK)
2025-10-09,2025020008,20252026,2,2025-10-09T23:00:00Z,TD Garden,OT,BOS,BOS,CHI,4,3,1,1,1,1,1,1,1,0,10,14,2,2,2,4,6,8,0,0,1,1,1,2,3,4,0,0,33,24,11,7,7,8,13,6,2,3,1,0,4,2,5,3,5,7,0,0,0,0,15,11,10,14,25,15,16,6,17,15,5,7,58.5,41.5,F. Minten (BOS),E. Lindholm (BOS),A. Burakovsky (CHI)
2025-10-09,2025020009,20252026,2,2025-10-09T23:00:00Z,KeyBank Center,REG,NYR,BUF,NYR,0,4,0,1,0,0,0,3,0,0,8,10,2,0,2,8,4,2,0,0,1,0,1,4,2,1,0,0,37,33,11,16,14,5,12,12,0,0,0,0,9,6,4,3,4,5,0,0,0,1,15,13,8,10,24,28,12,16,17,14,3,5,35.0,65.0,I. Shesterkin (NYR),A. Lafrenière (NYR),C. Soucy (NYR)
2025-10-09,2025020010,20252026,2,2025-10-09T23:00:00Z,Little Caesars Arena,REG,MTL,DET,MTL,1,5,1,3,0,2,0,0,0,0,6,8,2,4,4,0,0,4,0,0,1,2,2,0,0,2,0,0,31,17,11,9,11,5,9,3,0,0,1,1,8,4,4,3,3,4,0,0,0,0,13,8,6,8,34,25,13,14,18,14,4,3,57.5,42.5,M. Matheson (MTL),N. Suzuki (MTL),B. Gallagher (MTL)
2025-10-09,2025020011,20252026,2,2025-10-09T23:00:00Z,Benchmark International Arena,REG,OTT,TBL,OTT,4,5,3,1,0,2,1,2,0,0,12,10,8,8,4,0,0,2,0,0,4,4,2,0,0,1,0,0,25,34,14,13,7,13,4,8,0,0,2,1,5,6,3,4,6,5,0,0,0,1,13,12,22,20,40,37,18,10,16,13,4,2,45.5,54.5,C. Giroux (OTT),B. Point (TBL),B. Tkachuk (OTT)
2025-10-09,2025020012,20252026,2,2025-10-09T23:00:00Z,Amerant Bank Arena,REG,FLA,FLA,PHI,2,1,0,0,1,1,1,0,0,0,4,10,4,4,0,4,0,2,0,0,2,2,0,2,0,1,0,0,34,20,13,6,12,9,9,5,0,0,1,0,9,0,5,2,2,5,0,0,0,0,17,12,4,10,27,17,5,10,13,23,2,4,38.8,61.2,B. Marchand (FLA),A. Lundell (FLA),S. Bobrovsky (FLA)
2025-10-09,2025020013,20252026,2,2025-10-09T23:00:00Z,PPG Paints Arena,REG,PIT,PIT,NYI,4,3,1,1,2,2,1,0,0,0,8,10,2,2,4,6,2,2,0,0,1,1,2,3,1,1,0,0,28,37,11,12,9,13,8,12,0,0,2,0,5,7,5,3,4,5,0,0,0,0,13,12,8,25,23,22,12,13,22,16,6,4,41.8,58.2,E. Malkin (PIT),H. Brunicke (PIT),J. Brazeau (PIT)
2025-10-09,2025020014,20252026,2,2025-10-09T23:30:00Z,Lenovo Center,REG,CAR,CAR,NJD,6,3,1,0,1,2,4,1,0,0,4,8,0,0,4,4,0,4,0,0,0,0,2,2,0,2,0,0,33,22,9,6,14,11,10,5,0,0,1,0,6,2,4,2,2,4,0,0,1,0,21,10,4,8,27,25,13,19,20,28,6,4,53.1,46.9,K. Miller (CAR),S. Jarvis (CAR),T. Hall (CAR)
2025-10-09,2025020015,20252026,2,2025-10-10T00:00:00Z,Enterprise Center,REG,MIN,STL,MIN,0,5,0,2,0,2,0,1,0,0,6,4,4,0,2,4,0,0,0,0,2,0,1,2,0,0,0,0,26,21,8,7,14,5,4,9,0,0,0,1,4,1,2,3,3,2,0,0,0,0,17,11,6,4,40,19,17,16,14,9,5,3,46.3,53.7,F. Gustavsson (MIN),R. Hartman (MIN),M. Boldy (MIN)
2025-10-09,2025020016,20252026,2,2025-10-10T00:00:00Z,Bridgestone Arena,REG,NSH,NSH,CBJ,2,1,1,1,0,0,1,0,0,0,4,10,2,4,2,4,0,2,0,0,1,2,1,2,0,1,0,0,32,39,9,15,9,14,14,10,0,0,1,0,7,0,4,1,2,5,0,0,0,0,13,12,4,10,22,28,19,15,18,18,8,5,51.6,48.4,J. Saros (NSH),R. O'Reilly (NSH),M. Bunting (NSH)
2025-10-09,2025020017,20252026,2,2025-10-10T00:00:00Z,Canada Life Centre,REG,DAL,WPG,DAL,4,5,1,2,0,0,3,3,0,0,14,12,0,2,10,6,4,4,0,0,0,1,5,3,2,2,0,0,25,37,7,9,7,17,11,11,0,0,0,1,3,11,4,5,7,6,2,0,0,0,11,12,14,12,33,21,8,18,22,9,9,2,47.5,52.5,K. Connor (WPG),M. Rantanen (DAL),J. Robertson (DAL)
2025-10-09,2025020018,20252026,2,2025-10-10T01:00:00Z,Ball Arena,REG,COL,COL,UTA,2,1,1,0,0,1,1,0,0,0,6,8,2,0,2,4,2,4,0,0,1,0,1,2,1,2,0,0,27,33,14,11,4,11,9,11,0,0,1,1,4,5,4,3,3,4,0,0,0,0,15,15,6,8,20,19,13,21,23,36,4,0,69.4,30.6,S. Wedgewood (COL),N. MacKinnon (COL),R. Colton (COL)
2025-10-09,2025020019,20252026,2,2025-10-10T02:00:00Z,Rogers Arena,REG,VAN,VAN,CGY,5,1,1,0,0,0,4,1,0,0,10,10,2,2,4,4,4,4,0,0,1,1,2,2,2,2,0,0,26,18,8,6,8,7,10,5,0,0,0,0,6,3,4,4,5,5,0,0,0,0,12,18,10,10,27,35,18,7,17,16,5,3,43.6,56.4,F. Chytil (VAN),T. Demko (VAN),K. Sherwood (VAN)
2025-10-09,2025020020,20252026,2,2025-10-10T02:00:00Z,SAP Center at San Jose,OT,VGK,SJS,VGK,3,4,1,1,1,1,1,1,0,1,8,8,2,0,4,6,2,2,0,0,1,0,2,3,1,1,0,0,23,31,9,10,6,11,8,8,0,2,1,1,4,4,4,4,4,4,0,0,0,0,12,16,8,8,22,22,14,17,24,17,5,1,43.1,56.9,R. Smith (VGK),J. Skinner (SJS),P. Kurashev (SJS)
2025-10-09,2025020021,20252026,2,2025-10-10T02:00:00Z,Climate Pledge Arena,REG,SEA,SEA,ANA,3,1,1,1,1,0,1,0,0,0,2,4,0,0,2,2,0,2,0,0,0,0,1,1,0,1,0,0,31,36,5,17,11,12,15,7,0,0,0,0,1,3,2,1,1,2,0,0,0,0,15,22,2,4,29,24,26,7,24,12,7,2,54.7,45.3,J. Daccord (SEA),M. Marchment (SEA),J. McCann (SEA)
2025-10-11,2025020022,20252026,2,2025-10-11T17:30:00Z,Canada Life Centre,REG,WPG,WPG,LAK,3,2,1,0,1,2,1,0,0,0,10,8,0,6,4,0,6,2,0,0,0,3,2,0,3,1,0,0,27,32,14,9,8,12,5,11,0,0,1,0,8,9,4,5,5,4,0,0,0,0,18,12,15,13,26,23,28,11,18,19,5,8,48.4,51.6,M. Scheifele (WPG),A. Kempe (LAK),C. Hellebuyck (WPG)
2025-10-11,2025020023,20252026,2,2025-10-11T20:00:00Z,Scotiabank Saddledome,REG,STL,CGY,STL,2,4,1,0,1,2,0,2,0,0,8,12,4,6,2,4,2,2,0,0,2,3,1,2,1,1,0,0,29,28,9,4,14,12,6,12,0,0,1,1,9,5,6,4,4,6,0,0,0,0,20,7,13,17,22,29,21,17,11,13,7,8,41.0,59.0,J. Neighbours (STL),J. Hofer (STL),M. Coronato (CGY)
2025-10-11,2025020024,20252026,2,2025-10-11T23:00:00Z,TD Garden,REG,BOS,BOS,BUF,3,1,1,0,1,0,1,1,0,0,8,8,0,4,6,4,2,0,0,0,0,2,3,2,1,0,0,0,31,22,17,2,9,13,5,7,0,0,0,0,8,5,4,4,4,4,0,0,1,0,19,17,8,8,25,32,17,16,15,18,2,1,53.6,46.4,J. Swayman (BOS),P. Zacha (BOS),M. Kastelic (BOS)
2025-10-11,2025020025,20252026,2,2025-10-11T23:00:00Z,Little Caesars Arena,REG,DET,DET,TOR,6,3,0,2,3,0,3,1,0,0,6,10,0,2,0,0,6,8,0,0,0,1,0,0,3,4,0,0,35,23,13,8,15,9,7,6,0,0,1,0,2,3,4,2,3,5,0,0,2,0,15,11,6,10,15,22,14,16,13,14,4,2,51.9,48.1,L. Raymond (DET),P. Kane (DET),A. DeBrincat (DET)
2025-10-11,2025020026,20252026,2,2025-10-11T23:00:00Z,Benchmark International Arena,REG,NJD,TBL,NJD,3,5,0,3,2,0,1,2,0,0,8,6,6,0,2,2,0,4,0,0,3,0,1,1,0,2,0,0,17,31,2,17,7,7,8,7,0,0,0,0,3,6,3,4,4,3,0,1,0,0,10,14,8,6,25,27,17,24,16,14,3,6,42.4,57.6,C. Brown (NJD),N. Hischier (NJD),J. Bratt (NJD)
2025-10-11,2025020027,20252026,2,2025-10-11T23:00:00Z,Amerant Bank Arena,REG,FLA,FLA,OTT,6,2,2,1,2,0,2,1,0,0,4,10,2,2,0,4,2,4,0,0,1,1,0,2,1,2,0,0,27,28,9,8,9,7,9,13,0,0,3,0,8,5,5,2,2,5,0,0,0,0,9,9,4,10,28,27,7,17,17,22,5,13,32.8,67.2,A. Ekblad (FLA),B. Marchand (FLA),A. Lundell (FLA)
2025-10-11,2025020028,20252026,2,2025-10-11T23:00:00Z,UBS Arena,REG,WSH,NYI,WSH,2,4,0,2,1,2,1,0,0,0,4,6,2,0,2,2,0,4,0,0,1,0,1,1,0,2,0,0,36,29,3,9,13,14,20,6,0,0,2,0,8,4,3,2,2,3,0,0,0,0,14,15,4,6,33,23,22,20,19,17,3,6,52.5,47.5,A. Protas (WSH),M. Fehérváry (WSH),M. Schaefer (NYI)
2025-10-11,2025020029,20252026,2,2025-10-11T23:00:00Z,PPG Paints Arena,REG,NYR,PIT,NYR,1,6,0,1,1,3,0,2,0,0,8,8,0,4,8,2,0,2,0,0,0,2,4,1,0,1,0,0,19,30,9,4,3,14,7,12,0,0,0,2,3,6,4,4,4,4,0,1,0,0,15,8,8,8,14,30,18,12,18,19,6,8,52.0,48.0,A. Fox (NYR),A. Edstrom (NYR),B. Kindel (PIT)
2025-10-11,2025020030,20252026,2,2025-10-11T23:00:00Z,Lenovo Center,OT,CAR,CAR,PHI,4,3,0,1,3,1,0,1,1,0,8,10,4,8,2,0,2,2,0,0,2,4,1,0,1,1,0,0,39,23,15,6,12,12,11,5,1,0,0,1,10,3,4,3,4,5,0,0,0,0,24,12,8,10,24,27,13,21,11,17,2,5,53.6,46.4,S. Jarvis (CAR),J. Staal (CAR),L. Stankoven (CAR)
2025-10-11,2025020031,20252026,2,2025-10-11T23:00:00Z,United Center,REG,MTL,CHI,MTL,2,3,0,0,2,2,0,1,0,0,24,12,8,2,14,6,2,4,0,0,4,1,7,3,1,2,0,0,22,28,6,8,4,10,12,10,0,0,1,2,5,12,4,10,12,6,0,0,0,0,12,15,39,17,22,16,16,8,15,14,8,4,38.5,61.5,K. Guhle (MTL),C. Caufield (MTL),F. Nazar (CHI)
2025-10-11,2025020032,20252026,2,2025-10-12T00:00:00Z,Bridgestone Arena,OT,UTA,NSH,UTA,2,3,1,1,1,0,0,1,0,1,12,14,6,0,4,12,2,2,0,0,3,0,2,6,1,1,0,0,23,23,6,11,9,3,8,8,0,1,0,0,8,8,5,4,6,7,0,0,0,0,16,7,12,14,20,21,12,20,25,20,7,6,57.9,42.1,D. Guenther (UTA),J. McBain (UTA),F. Forsberg (NSH)
2025-10-11,2025020033,20252026,2,2025-10-12T00:00:00Z,Grand Casino Arena,REG,CBJ,MIN,CBJ,4,7,0,1,2,2,2,4,0,0,6,16,0,4,2,6,4,6,0,0,0,2,1,3,2,3,0,0,52,32,14,9,20,10,18,13,0,0,4,1,16,11,8,3,3,8,0,0,0,1,17,12,6,16,18,16,19,16,14,11,6,6,38.0,62.0,K. Marchenko (CBJ),E. Merzlikins (CBJ),M. Boldy (MIN)
2025-10-11,2025020034,20252026,2,2025-10-12T01:00:00Z,Ball Arena,SO,DAL,COL,DAL,4,5,0,1,2,2,2,1,0,0,4,10,2,4,2,2,0,4,0,0,1,2,1,1,0,2,0,0,39,22,14,5,8,6,16,11,1,0,1,0,11,3,5,2,2,5,0,0,0,0,18,10,9,15,19,17,8,25,15,22,4,3,47.4,52.6,N. MacKinnon (COL),B. Nelson (COL),T. Harley (DAL)
2025-10-11,2025020035,20252026,2,2025-10-12T02:00:00Z,Rogers Place,REG,EDM,EDM,VAN,3,1,0,0,2,0,1,1,0,0,6,12,2,4,2,4,2,4,0,0,1,2,1,2,1,2,0,0,37,15,14,4,14,5,9,6,0,0,0,0,9,0,5,2,3,6,1,0,1,0,17,11,6,12,22,26,13,14,15,21,2,3,55.6,44.4,N. Philp (EDM),T. Demko (VAN),A. Mangiapane (EDM)
2025-10-11,2025020036,20252026,2,2025-10-12T02:00:00Z,SAP Center at San Jose,OT,ANA,SJS,ANA,6,7,2,2,3,2,1,2,0,1,8,8,4,0,4,8,0,0,0,0,2,0,2,4,0,0,0,0,23,44,7,14,10,15,6,14,0,1,2,2,5,8,4,4,4,4,0,0,0,0,6,22,13,13,20,24,18,12,20,15,3,3,57.9,42.1,M. Celebrini (SJS),W. Smith (SJS),L. Carlsson (ANA)
2025-10-11,2025020037,20252026,2,2025-10-12T02:00:00Z,Climate Pledge Arena,OT,SEA,SEA,VGK,2,1,0,0,1,0,0,1,1,0,6,6,0,0,4,6,2,0,0,0,0,0,2,3,1,0,0,0,22,27,9,7,4,10,2,7,7,3,1,1,3,5,3,3,3,3,0,0,0,0,20,19,11,11,30,22,20,14,17,20,2,3,41.4,58.6,J. McCann (SEA),M. Beniers (SEA),J. Daccord (SEA)
2025-10-12,2025020038,20252026,2,2025-10-12T23:00:00Z,Madison Square Garden,REG,WSH,NYR,WSH,0,1,0,0,0,1,0,0,0,0,2,4,0,0,0,4,2,0,0,0,0,0,0,2,1,0,0,0,35,21,13,9,13,5,9,7,0,0,0,0,4,1,2,1,1,2,0,0,0,0,18,13,2,4,18,26,15,18,16,18,6,3,65.3,34.7,C. Lindgren (WSH),A. Beauvillier (WSH),J. Quick (NYR)
2025-10-13,2025020039,20252026,2,2025-10-13T16:30:00Z,KeyBank Center,REG,COL,BUF,COL,1,3,1,1,0,2,0,0,0,0,10,8,2,6,4,2,4,0,0,0,1,3,2,1,2,0,0,0,28,37,13,10,11,12,4,15,0,0,0,0,3,10,3,4,5,4,0,0,0,0,17,14,10,8,11,20,11,21,20,18,7,5,43.5,56.5,N. MacKinnon (COL),C. Makar (COL),M. Necas (COL)
2025-10-13,2025020040,20252026,2,2025-10-13T17:00:00Z,TD Garden,REG,TBL,BOS,TBL,3,4,0,2,3,2,0,0,0,0,8,14,2,2,2,6,4,6,0,0,1,1,1,3,2,3,0,0,33,23,11,9,12,9,10,5,0,0,0,0,6,2,5,2,4,7,0,0,0,0,20,19,8,14,31,21,12,14,16,21,6,9,68.3,31.7,A. Cirelli (TBL),P. Zacha (BOS),P. Holmberg (TBL)
2025-10-13,2025020041,20252026,2,2025-10-13T17:00:00Z,Canadian Tire Centre,REG,NSH,OTT,NSH,1,4,0,0,0,1,1,3,0,0,12,10,8,6,2,2,2,2,0,0,4,3,1,1,1,1,0,0,32,26,7,6,12,6,13,14,0,0,1,0,7,5,5,6,6,5,0,0,0,2,17,11,12,10,29,20,15,14,18,12,3,3,71.4,28.6,J. Saros (NSH),J. Marchessault (NSH),J. Sanderson (OTT)
2025-10-13,2025020042,20252026,2,2025-10-13T17:00:00Z,UBS Arena,REG,WPG,NYI,WPG,2,5,0,2,2,2,0,1,0,0,6,10,4,4,2,6,0,0,0,0,2,2,1,3,0,0,0,0,35,26,12,10,12,11,11,5,0,0,0,1,8,9,5,3,3,5,0,0,0,1,23,7,6,10,14,16,13,24,12,13,3,4,43.1,56.9,L. Stanley (WPG),M. Barron (WPG),N. Niederreiter (WPG)
2025-10-13,2025020043,20252026,2,2025-10-13T18:00:00Z,Scotiabank Arena,REG,DET,TOR,DET,2,3,0,1,0,0,2,2,0,0,10,6,4,0,4,2,2,4,0,0,2,0,2,1,1,2,0,0,40,15,13,6,11,4,16,5,0,0,0,1,0,4,2,4,5,3,0,0,0,0,13,14,10,6,22,18,10,20,22,16,7,11,60.7,39.3,C. Talbot (DET),M. Knies (TOR),M. Appleton (DET)
2025-10-13,2025020044,20252026,2,2025-10-13T23:00:00Z,Xfinity Mobile Arena,REG,PHI,PHI,FLA,5,2,1,0,1,1,3,1,0,0,10,10,2,2,2,6,6,2,0,0,1,1,1,3,3,1,0,0,22,26,8,5,10,14,4,7,0,0,0,1,10,5,5,5,5,5,0,1,2,0,19,7,10,10,8,24,14,15,14,17,4,2,49.0,51.0,S. Couturier (PHI),T. Zegras (PHI),S. Reinhart (FLA)
2025-10-13,2025020045,20252026,2,2025-10-13T23:00:00Z,Nationwide Arena,REG,NJD,CBJ,NJD,2,3,0,1,1,1,1,1,0,0,4,10,2,6,2,2,0,2,0,0,1,3,1,1,0,1,0,0,33,28,16,8,8,11,9,9,0,0,0,2,8,4,5,2,2,5,0,0,0,1,16,15,4,10,18,15,12,18,21,19,3,5,58.2,41.8,D. Mercer (NJD),K. Marchenko (CBJ),T. Meier (NJD)
2025-10-13,2025020046,20252026,2,2025-10-13T23:30:00Z,Rogers Arena,REG,STL,VAN,STL,2,5,0,1,2,3,0,1,0,0,6,2,0,0,4,0,2,2,0,0,0,0,2,0,1,1,0,0,29,36,8,12,11,18,10,6,0,0,0,1,2,4,1,3,3,1,1,0,0,1,18,13,6,2,29,22,17,17,24,16,6,8,52.2,47.8,J. Snuggerud (STL),K. Sherwood (VAN),B. Schenn (STL)
2025-10-13,2025020047,20252026,2,2025-10-14T00:00:00Z,Grand Casino Arena,SO,MIN,MIN,LAK,4,3,3,0,0,0,0,3,0,0,4,12,0,8,2,2,2,2,2,0,0,4,1,1,1,1,1,0,26,34,14,8,5,10,6,13,1,3,3,1,13,4,6,2,2,6,0,0,0,0,12,10,6,12,23,24,11,10,20,22,9,6,51.4,48.6,M. Rossi (MIN),A. Kempe (LAK),J. Wallstedt (MIN)
2025-10-13,2025020048,20252026,2,2025-10-14T00:30:00Z,United Center,REG,CHI,CHI,UTA,3,1,0,0,1,0,2,1,0,0,6,6,2,2,2,0,2,4,0,0,1,1,1,0,1,2,0,0,14,22,6,5,3,13,5,4,0,0,1,0,3,3,3,3,3,3,0,0,1,0,12,20,6,6,31,16,14,3,16,17,2,1,45.3,54.7,A. Burakovsky (CHI),I. Mikheyev (CHI),S. Knight (CHI)
2025-10-14,2025020049,20252026,2,2025-10-14T23:00:00Z,Scotiabank Arena,REG,TOR,TOR,NSH,7,4,2,0,2,2,3,2,0,0,6,6,2,0,4,2,0,4,0,0,1,0,2,1,0,2,0,0,28,30,9,8,6,13,13,9,0,0,0,0,4,5,2,2,3,3,0,0,2,0,17,14,6,6,21,18,20,11,17,17,4,4,50.8,49.2,J. Tavares (TOR),O. Ekman-Larsson (TOR),W. Nylander (TOR)
2025-10-14,2025020050,20252026,2,2025-10-14T23:00:00Z,Centre Bell,OT,MTL,MTL,SEA,5,4,1,0,1,2,2,2,1,0,8,6,4,4,4,0,0,2,0,0,2,2,2,0,0,1,0,0,22,22,4,4,11,12,6,6,1,0,0,1,1,5,2,4,4,3,0,0,0,0,12,11,8,6,25,32,23,17,13,14,3,5,56.2,43.8,C. Caufield (MTL),I. Demidov (MTL),J. McCann (SEA)
2025-10-14,2025020051,20252026,2,2025-10-14T23:00:00Z,Madison Square Garden,REG,EDM,NYR,EDM,0,2,0,0,0,1,0,1,0,0,0,6,0,0,0,4,0,2,0,0,0,0,0,2,0,1,0,0,30,22,6,8,11,3,13,11,0,0,0,0,9,0,3,0,0,3,0,0,0,1,19,11,0,6,18,12,11,23,13,18,2,6,46.5,53.5,S. Skinner (EDM),T. Frederic (EDM),I. Shesterkin (NYR)
2025-10-14,2025020052,20252026,2,2025-10-14T23:00:00Z,Capital One Arena,OT,WSH,WSH,TBL,3,2,0,1,1,0,1,1,1,0,8,10,0,2,4,2,4,6,0,0,0,1,2,1,2,3,0,0,28,19,7,8,8,5,11,6,2,0,1,1,3,2,3,2,4,5,0,0,0,0,16,10,8,10,23,8,8,17,14,19,4,2,53.6,46.4,T. Wilson (WSH),J. Chychrun (WSH),B. Point (TBL)
2025-10-14,2025020053,20252026,2,2025-10-15T01:00:00Z,Scotiabank Saddledome,REG,VGK,CGY,VGK,2,4,2,0,0,1,0,3,0,0,6,4,0,0,4,2,2,2,0,0,0,0,2,1,1,1,0,0,29,30,10,8,11,12,8,10,0,0,0,0,1,4,1,2,3,2,0,0,0,1,15,19,6,4,23,26,18,11,12,13,6,6,43.1,56.9,J. Eichel (VGK),M. Backlund (CGY),A. Schmid (VGK)
2025-10-14,2025020054,20252026,2,2025-10-15T01:30:00Z,American Airlines Center,REG,DAL,DAL,MIN,5,2,2,0,1,0,2,2,0,0,10,6,0,4,4,0,6,2,0,0,0,2,2,0,3,1,0,0,25,41,11,14,10,10,4,17,0,0,2,2,5,6,2,4,5,3,0,0,2,0,10,10,25,11,15,26,17,16,15,11,5,4,54.0,46.0,W. Johnston (DAL),R. Hintz (DAL),K. Kaprizov (MIN)
2025-10-14,2025020055,20252026,2,2025-10-15T02:00:00Z,SAP Center at San Jose,REG,CAR,SJS,CAR,1,5,0,0,1,3,0,2,0,0,8,12,2,6,2,2,4,4,0,0,1,3,1,1,2,2,0,0,17,43,8,14,9,19,0,10,0,0,0,0,4,2,5,3,4,6,0,0,0,0,10,21,8,12,21,13,18,8,15,23,4,5,44.4,55.6,L. Stankoven (CAR),B. Bussi (CAR),S. Gostisbehere (CAR)
2025-10-14,2025020056,20252026,2,2025-10-15T02:30:00Z,Honda Center,REG,ANA,ANA,PIT,4,3,2,2,1,1,1,0,0,0,2,12,0,4,2,2,0,6,0,0,0,2,1,1,0,3,0,0,22,25,6,15,10,7,6,3,0,0,2,0,8,1,6,1,1,6,0,0,0,0,21,11,2,12,25,16,16,26,14,12,1,3,51.9,48.1,C. Kreider (ANA),C. Gauthier (ANA),D. Helleson (ANA)
2025-10-15,2025020057,20252026,2,2025-10-15T23:00:00Z,KeyBank Center,REG,BUF,BUF,OTT,8,4,1,1,4,1,3,2,0,0,14,10,4,2,10,8,0,0,0,0,2,1,5,4,0,0,0,0,27,37,3,8,20,17,4,12,0,0,3,1,6,10,3,5,7,5,1,0,1,0,5,15,14,10,28,21,20,10,14,15,6,5,35.1,64.9,R. McLeod (BUF),J. Zucker (BUF),J. Doan (BUF)
2025-10-15,2025020058,20252026,2,2025-10-15T23:00:00Z,Little Caesars Arena,REG,DET,DET,FLA,4,1,0,0,2,1,2,0,0,0,4,6,0,0,2,4,2,2,0,0,0,0,1,2,1,1,0,0,25,21,9,9,11,5,5,7,0,0,1,0,3,3,3,2,2,3,0,0,2,0,17,18,4,6,15,32,21,9,23,15,3,2,55.7,44.3,M. Appleton (DET),P. Kane (DET),D. Larkin (DET)
2025-10-15,2025020059,20252026,2,2025-10-16T01:30:00Z,Enterprise Center,REG,CHI,STL,CHI,3,8,2,2,0,3,1,3,0,0,6,4,2,0,2,2,2,2,0,0,1,0,1,1,1,1,0,0,26,29,7,10,8,11,11,8,0,0,0,1,0,3,2,3,3,2,0,0,0,0,17,14,6,4,28,9,10,9,15,23,1,11,44.4,55.6,L. Reichel (CHI),I. Mikheyev (CHI),C. Bedard (CHI)
2025-10-15,2025020060,20252026,2,2025-10-16T01:30:00Z,Delta Center,REG,UTA,UTA,CGY,3,1,0,1,2,0,1,0,0,0,12,16,6,4,4,10,2,2,0,0,3,2,2,5,1,1,0,0,32,20,10,5,18,3,4,12,0,0,0,1,9,3,6,4,6,8,0,0,1,0,16,19,17,21,25,21,17,14,10,11,2,5,43.4,56.6,J. Peterka (UTA),K. Vejmelka (UTA),B. Hayton (UTA)
2025-10-16,2025020061,20252026,2,2025-10-16T23:00:00Z,Scotiabank Arena,OT,TOR,TOR,NYR,2,1,1,0,0,0,0,1,1,0,6,4,4,4,2,0,0,0,0,0,2,2,1,0,0,0,0,0,24,29,9,10,10,9,4,10,1,0,1,0,6,8,2,3,3,2,0,0,0,0,14,16,6,4,18,22,13,10,21,13,2,6,47.3,52.7,A. Stolarz (TOR),I. Shesterkin (NYR),A. Matthews (TOR)
2025-10-16,2025020062,20252026,2,2025-10-16T23:00:00Z,Centre Bell,OT,MTL,MTL,NSH,3,2,0,0,0,1,2,1,1,0,4,6,0,2,4,2,0,2,0,0,0,1,2,1,0,1,0,0,30,19,6,6,10,6,11,4,3,3,0,1,3,3,3,2,2,3,0,0,0,0,11,15,4,6,13,16,17,12,12,16,5,4,44.7,55.3,C. Caufield (MTL),N. Suzuki (MTL),L. Hutson (MTL)
2025-10-16,2025020063,20252026,2,2025-10-16T23:00:00Z,Canadian Tire Centre,SO,OTT,OTT,SEA,4,3,2,1,0,1,1,1,0,0,6,4,0,4,2,0,4,0,0,0,0,2,1,0,2,0,0,0,23,33,8,8,8,11,6,9,1,5,1,1,2,7,2,3,3,2,0,0,0,0,23,15,6,4,19,27,18,21,16,17,4,7,54.2,45.8,S. Pinto (OTT),L. Ullmark (OTT),C. Stephenson (SEA)
2025-10-16,2025020064,20252026,2,2025-10-16T23:00:00Z,Prudential Center,REG,NJD,NJD,FLA,3,1,0,1,1,0,2,0,0,0,12,12,6,8,4,2,2,2,0,0,3,4,2,1,1,1,0,0,33,22,12,6,13,9,8,7,0,0,1,0,6,4,5,5,6,6,0,0,0,0,15,14,12,12,22,27,20,18,10,14,4,3,44.0,56.0,T. Meier (NJD),J. Hughes (NJD),N. Hischier (NJD)
2025-10-16,2025020066,20252026,2,2025-10-16T23:00:00Z,Xfinity Mobile Arena,REG,WPG,PHI,WPG,2,5,0,1,1,2,1,2,0,0,2,8,0,0,0,4,2,4,0,0,0,0,0,2,1,2,0,0,17,15,3,5,12,5,2,5,0,0,0,1,4,2,3,1,1,4,0,0,0,1,10,7,2,8,15,17,16,9,16,14,4,3,46.7,53.3,M. Scheifele (WPG),C. Hellebuyck (WPG),O. Tippett (PHI)
2025-10-16,2025020067,20252026,2,2025-10-16T23:00:00Z,Nationwide Arena,REG,COL,CBJ,COL,1,4,0,0,1,3,0,1,0,0,2,4,0,2,0,0,2,2,0,0,0,1,0,0,1,1,0,0,23,36,7,12,7,14,9,10,0,0,0,0,3,1,2,1,1,2,0,0,0,1,17,19,2,4,12,13,20,14,22,20,2,6,45.3,54.7,S. Wedgewood (COL),B. Nelson (COL),E. Merzlikins (CBJ)
2025-10-16,2025020065,20252026,2,2025-10-16T23:30:00Z,UBS Arena,REG,NYI,NYI,EDM,4,2,1,1,1,1,2,0,0,0,8,10,4,2,2,2,2,6,0,0,2,1,1,1,1,3,0,0,25,33,11,8,7,16,7,9,0,0,1,1,4,6,5,4,4,5,1,0,1,0,18,15,8,10,18,7,13,13,12,17,5,5,43.1,56.9,B. Horvat (NYI),D. Rittich (NYI),M. Barzal (NYI)
2025-10-16,2025020068,20252026,2,2025-10-17T00:00:00Z,American Airlines Center,REG,VAN,DAL,VAN,3,5,2,0,0,4,1,1,0,0,6,8,0,2,2,2,4,4,0,0,0,1,1,1,2,2,0,0,31,26,14,6,6,12,11,8,0,0,2,2,9,4,4,3,3,4,0,0,0,0,15,14,6,8,21,26,20,15,11,12,4,3,57.4,42.6,T. Demko (VAN),Q. Hughes (VAN),M. Rantanen (DAL)
2025-10-16,2025020069,20252026,2,2025-10-17T02:00:00Z,T-Mobile Arena,REG,VGK,VGK,BOS,6,5,2,2,3,1,1,2,0,0,6,12,0,0,4,8,2,4,0,0,0,0,2,4,1,2,0,0,37,24,11,9,13,7,13,8,0,0,2,1,10,4,6,3,3,6,1,0,0,0,15,17,6,12,20,26,22,20,13,14,3,5,50.7,49.3,W. Karlsson (VGK),M. Stone (VGK),J. Eichel (VGK)
2025-10-16,2025020070,20252026,2,2025-10-17T02:00:00Z,Honda Center,REG,CAR,ANA,CAR,1,4,0,1,1,1,0,2,0,0,10,14,4,0,6,8,0,6,0,0,2,0,3,4,0,3,0,0,24,32,8,11,10,12,6,9,0,0,0,1,2,3,4,3,5,7,0,0,0,0,12,12,10,14,31,19,16,16,15,22,1,4,58.6,41.4,S. Jarvis (CAR),L. Carlsson (ANA),A. Nikishin (CAR)
2025-10-16,2025020071,20252026,2,2025-10-17T02:00:00Z,Crypto.com Arena,REG,PIT,LAK,PIT,2,4,2,0,0,2,0,2,0,0,4,4,0,0,2,2,2,2,0,0,0,0,1,1,1,1,0,0,32,26,11,8,11,8,10,10,0,0,0,1,0,1,2,2,2,2,0,1,0,1,12,12,4,4,23,13,10,15,16,15,3,0,61.0,39.0,F. Hallander (PIT),A. Silovs (PIT),W. Foegele (LAK)
2025-10-17,2025020072,20252026,2,2025-10-17T23:00:00Z,Little Caesars Arena,OT,DET,DET,TBL,2,1,1,0,0,0,0,1,1,0,6,6,2,0,4,4,0,2,0,0,1,0,2,2,0,1,0,0,31,32,12,6,10,5,6,19,3,2,0,0,3,0,3,3,3,3,0,0,0,0,16,18,6,6,27,20,22,13,17,15,4,4,55.9,44.1,D. Larkin (DET),J. Gibson (DET),A. Vasilevskiy (TBL)
2025-10-17,2025020073,20252026,2,2025-10-17T23:00:00Z,Capital One Arena,REG,WSH,WSH,MIN,5,1,1,0,1,1,3,0,0,0,4,10,2,0,0,6,2,4,0,0,1,0,0,3,1,2,0,0,45,14,13,3,11,4,21,7,0,0,1,0,11,2,5,2,2,5,0,0,0,0,11,14,4,10,23,18,14,17,20,14,6,1,50.0,50.0,D. Strome (WSH),A. Ovechkin (WSH),M. Fehérváry (WSH)
2025-10-17,2025020074,20252026,2,2025-10-18T00:30:00Z,United Center,SO,VAN,CHI,VAN,2,3,2,0,0,2,0,0,0,0,14,8,4,6,4,2,6,0,0,0,2,3,2,1,3,0,0,0,33,32,15,13,10,4,7,12,1,3,1,1,1,10,3,6,7,4,0,0,0,0,13,20,14,8,19,26,10,10,13,11,6,2,58.2,41.8,T. Bertuzzi (CHI),K. Lankinen (VAN),B. Boeser (VAN)
2025-10-17,2025020075,20252026,2,2025-10-18T01:00:00Z,Delta Center,REG,UTA,UTA,SJS,6,3,2,0,1,2,3,1,0,0,8,10,0,4,2,4,6,2,0,0,0,2,1,2,3,1,0,0,34,21,12,7,11,9,11,5,0,0,1,2,9,5,4,3,4,5,0,0,0,0,15,7,18,20,14,25,8,12,17,18,4,7,51.0,49.0,N. Schmaltz (UTA),C. Keller (UTA),L. O'Brien (UTA)
2025-10-18,2025020076,20252026,2,2025-10-18T17:00:00Z,KeyBank Center,REG,BUF,BUF,FLA,3,0,1,0,2,0,0,0,0,0,18,12,8,2,8,10,2,0,0,0,4,1,4,5,1,0,0,0,31,32,8,12,13,10,10,10,0,0,2,0,6,15,4,7,9,6,0,0,0,0,15,24,28,12,23,29,20,17,13,15,4,3,50.0,50.0,A. Lyon (BUF),J. Doan (BUF),O. Power (BUF)
2025-10-18,2025020077,20252026,2,2025-10-18T19:00:00Z,Canadian Tire Centre,REG,NYI,OTT,NYI,4,5,1,0,3,3,0,2,0,0,6,4,4,2,0,2,2,0,0,0,2,1,0,1,1,0,0,0,32,23,11,5,16,11,5,7,0,0,1,0,6,1,2,3,3,2,0,0,0,0,10,14,6,4,29,28,9,19,22,13,4,2,51.9,48.1,A. Lee (NYI),T. Stützle (OTT),B. Horvat (NYI)
2025-10-18,2025020078,20252026,2,2025-10-18T19:30:00Z,Prudential Center,REG,NJD,NJD,EDM,5,3,0,0,2,1,3,2,0,0,6,6,2,2,2,2,2,2,0,0,1,1,1,1,1,1,0,0,23,30,4,9,14,13,5,8,0,0,1,0,2,3,3,3,3,3,1,0,1,0,14,10,6,6,24,20,15,13,10,25,8,4,42.0,58.0,J. Hughes (NJD),C. Brown (NJD),J. Bratt (NJD)
2025-10-18,2025020079,20252026,2,2025-10-18T23:00:00Z,Scotiabank Arena,OT,SEA,TOR,SEA,3,4,1,1,1,2,1,0,0,1,4,8,4,2,0,4,0,2,0,0,2,1,0,2,0,1,0,0,30,28,9,8,10,9,11,7,0,4,1,1,7,3,4,2,2,4,0,0,0,0,10,8,4,8,29,26,15,19,28,19,2,7,61.8,38.2,J. Tavares (TOR),S. Wright (SEA),J. Mahura (SEA)
2025-10-18,2025020080,20252026,2,2025-10-18T23:00:00Z,Centre Bell,REG,NYR,MTL,NYR,3,4,2,1,0,0,1,3,0,0,8,8,2,4,2,0,4,4,0,0,1,2,1,0,2,2,0,0,24,22,8,6,8,6,8,10,0,0,1,1,3,3,2,2,4,4,0,0,0,0,13,18,13,13,16,24,11,13,13,11,4,4,51.7,48.3,A. Panarin (NYR),M. Zibanejad (NYR),N. Dobson (MTL)
2025-10-18,2025020081,20252026,2,2025-10-18T23:00:00Z,Xfinity Mobile Arena,OT,PHI,PHI,MIN,2,1,0,0,0,1,1,0,1,0,6,4,0,2,4,2,2,0,0,0,0,1,2,1,1,0,0,0,21,16,6,3,5,8,9,4,1,1,0,0,1,3,2,3,3,2,0,0,0,0,14,21,11,9,32,19,16,15,15,14,4,1,51.1,48.9,N. Cates (PHI),O. Tippett (PHI),D. Vladar (PHI)
2025-10-18,2025020082,20252026,2,2025-10-18T23:00:00Z,Nationwide Arena,REG,CBJ,CBJ,TBL,3,2,1,2,1,0,1,0,0,0,12,10,6,4,2,2,4,4,0,0,3,2,1,1,2,2,0,0,31,24,11,6,14,3,6,15,0,0,0,1,3,2,2,3,6,5,0,0,0,0,16,19,17,15,23,14,18,15,18,21,3,3,57.1,42.9,K. Marchenko (CBJ),K. Johnson (CBJ),D. Severson (CBJ)
2025-10-18,2025020083,20252026,2,2025-10-18T23:00:00Z,Enterprise Center,REG,STL,STL,DAL,3,1,0,0,2,0,1,1,0,0,4,4,2,2,2,2,0,0,0,0,1,1,1,1,0,0,0,0,22,19,6,6,12,5,4,8,0,0,0,0,1,1,2,2,2,2,0,0,1,0,11,8,4,4,24,31,11,13,13,20,8,3,50.0,50.0,J. Kyrou (STL),J. Binnington (STL),J. Snuggerud (STL)
2025-10-18,2025020084,20252026,2,2025-10-18T23:00:00Z,Canada Life Centre,REG,WPG,WPG,NSH,4,1,2,0,0,0,2,1,0,0,8,6,2,4,6,0,0,2,0,0,1,2,3,0,0,1,0,0,24,31,11,5,4,15,9,11,0,0,2,0,3,7,3,4,4,3,0,0,0,0,15,26,13,11,16,19,16,7,12,10,2,5,41.5,58.5,M. Scheifele (WPG),L. Stanley (WPG),C. Hellebuyck (WPG)
2025-10-18,2025020085,20252026,2,2025-10-19T01:00:00Z,Ball Arena,REG,COL,COL,BOS,4,1,2,1,0,0,2,0,0,0,4,10,2,2,0,6,2,2,0,0,1,1,0,3,1,1,0,0,38,14,7,7,16,2,15,5,0,0,0,0,7,2,5,2,2,5,0,0,1,0,21,7,4,10,12,24,17,29,12,18,3,1,45.8,54.2,N. MacKinnon (COL),A. Lehkonen (COL),J. Manson (COL)
2025-10-18,2025020086,20252026,2,2025-10-19T01:00:00Z,Crypto.com Arena,OT,CAR,LAK,CAR,3,4,0,2,2,1,1,0,0,1,6,2,2,0,4,2,0,0,0,0,1,0,2,1,0,0,0,0,28,40,8,13,12,15,8,11,0,1,1,0,1,6,1,3,3,1,0,0,0,0,13,16,6,2,29,18,20,20,21,16,4,7,37.8,62.2,S. Jarvis (CAR),J. Staal (CAR),A. Kempe (LAK)
2025-10-18,2025020087,20252026,2,2025-10-19T02:00:00Z,T-Mobile Arena,REG,VGK,VGK,CGY,6,1,3,1,2,0,1,0,0,0,6,6,4,2,2,2,0,2,0,0,2,1,1,1,0,1,0,0,28,27,9,13,10,4,9,10,0,0,3,1,4,5,3,3,3,3,0,0,0,0,10,15,16,16,14,22,21,10,19,14,3,2,50.9,49.1,M. Stone (VGK),M. Marner (VGK),J. Eichel (VGK)
2025-10-18,2025020088,20252026,2,2025-10-19T02:00:00Z,SAP Center at San Jose,REG,PIT,SJS,PIT,0,3,0,0,0,1,0,2,0,0,2,4,0,0,0,0,2,4,0,0,0,0,0,0,1,2,0,0,31,27,11,18,11,5,9,4,0,0,0,0,1,1,2,1,1,2,0,0,0,1,12,11,2,4,25,11,14,21,16,20,5,4,55.0,45.0,T. Jarry (PIT),S. Crosby (PIT),A. Nedeljkovic (SJS)
2025-10-19,2025020089,20252026,2,2025-10-19T16:30:00Z,Capital One Arena,REG,VAN,WSH,VAN,3,4,0,3,1,1,2,0,0,0,8,8,4,2,2,4,2,2,0,0,2,1,1,2,1,1,0,0,31,24,7,12,12,7,12,5,0,0,1,1,4,6,4,4,4,4,0,0,0,0,29,11,13,13,28,22,1,23,19,17,3,5,54.9,45.1,T. Myers (VAN),C. Garland (VAN),J. Chychrun (WSH)
2025-10-19,2025020090,20252026,2,2025-10-19T19:00:00Z,Little Caesars Arena,REG,DET,DET,EDM,4,2,0,0,3,1,1,1,0,0,2,0,0,0,2,0,0,0,0,0,0,0,1,0,0,0,0,0,25,18,7,3,10,8,8,7,0,0,0,0,0,2,0,1,1,0,0,0,1,0,14,13,2,0,24,19,11,21,17,21,4,3,56.5,43.5,E. Finnie (DET),D. Larkin (DET),B. Kulak (EDM)
2025-10-19,2025020091,20252026,2,2025-10-19T23:00:00Z,United Center,OT,CHI,CHI,ANA,2,1,0,0,0,0,1,1,1,0,10,6,4,2,4,4,2,0,0,0,2,1,2,2,1,0,0,0,30,39,10,16,6,7,9,13,5,3,0,1,3,6,3,5,5,3,0,0,0,0,18,16,10,6,26,30,12,9,18,18,5,8,55.6,44.4,S. Knight (CHI),R. Donato (CHI),F. Nazar (CHI)
2025-10-19,2025020092,20252026,2,2025-10-19T23:00:00Z,Delta Center,REG,UTA,UTA,BOS,3,2,1,1,1,1,1,0,0,0,10,12,4,4,4,6,2,2,0,0,2,2,2,3,1,1,0,0,27,26,11,10,8,13,8,3,0,0,1,1,4,8,5,4,5,6,0,0,0,0,13,6,15,17,23,24,21,19,20,18,3,8,40.7,59.3,D. Guenther (UTA),C. Keller (UTA),N. Schmaltz (UTA)
2025-10-20,2025020093,20252026,2,2025-10-20T23:00:00Z,Madison Square Garden,REG,MIN,NYR,MIN,1,3,1,1,0,0,0,2,0,0,6,2,2,0,4,0,0,2,0,0,1,0,2,0,0,1,0,0,24,32,6,16,11,11,7,5,0,0,0,0,2,3,1,3,3,1,0,0,0,1,20,18,6,2,34,20,21,19,11,12,2,3,50.9,49.1,D. Yurov (MIN),F. Gustavsson (MIN),I. Shesterkin (NYR)
2025-10-20,2025020094,20252026,2,2025-10-20T23:00:00Z,Xfinity Mobile Arena,REG,PHI,PHI,SEA,5,2,2,1,3,1,0,0,0,0,12,8,4,4,4,2,4,2,0,0,2,2,2,1,2,1,0,0,27,23,10,8,11,9,6,6,0,0,2,1,2,7,4,6,6,4,0,0,0,0,9,13,32,28,20,23,11,11,19,16,3,4,57.1,42.9,O. Tippett (PHI),C. York (PHI),T. Foerster (PHI)
2025-10-20,2025020095,20252026,2,2025-10-20T23:30:00Z,Centre Bell,REG,MTL,MTL,BUF,4,2,1,0,0,1,3,1,0,0,6,6,2,2,2,0,2,4,0,0,1,1,1,0,1,2,0,0,32,32,14,6,4,11,14,15,0,0,0,0,2,4,1,1,3,3,0,0,1,0,15,19,6,6,22,15,21,9,11,15,3,6,56.4,43.6,J. Slafkovský (MTL),J. Evans (MTL),J. Dobes (MTL)
2025-10-20,2025020096,20252026,2,2025-10-21T01:30:00Z,Scotiabank Saddledome,REG,WPG,CGY,WPG,1,2,0,0,1,0,0,2,0,0,10,10,2,6,6,2,2,2,0,0,1,3,3,1,1,1,0,0,33,27,9,7,12,14,12,6,0,0,0,1,8,19,5,5,5,5,0,0,0,0,15,7,10,10,22,15,11,19,18,19,4,3,35.6,64.4,C. Hellebuyck (WPG),D. Wolf (CGY),M. Scheifele (WPG)
2025-10-20,2025020097,20252026,2,2025-10-21T02:00:00Z,T-Mobile Arena,REG,VGK,VGK,CAR,4,1,2,0,0,1,2,0,0,0,8,8,2,2,4,4,2,2,0,0,1,1,2,2,1,1,0,0,26,27,8,8,7,9,11,10,0,0,0,0,1,5,4,4,4,4,0,0,1,0,11,10,8,8,13,15,20,18,18,13,2,1,54.7,45.3,A. Schmid (VGK),I. Barbashev (VGK),B. Saad (VGK)
2025-10-21,2025020098,20252026,2,2025-10-21T23:00:00Z,Scotiabank Arena,REG,NJD,TOR,NJD,2,5,1,0,1,4,0,1,0,0,6,6,2,4,2,0,2,2,0,0,1,2,1,0,1,1,0,0,25,35,7,9,10,16,8,10,0,0,0,1,3,8,2,2,3,3,0,0,0,1,14,11,11,11,22,21,16,17,17,25,7,6,50.9,49.1,J. Hughes (NJD),J. Tavares (TOR),J. Bratt (NJD)
2025-10-21,2025020099,20252026,2,2025-10-21T23:00:00Z,Canadian Tire Centre,OT,EDM,OTT,EDM,2,3,0,1,0,1,2,0,0,1,4,6,2,4,2,2,0,0,2,0,1,2,1,1,0,0,1,0,21,25,6,6,11,6,4,10,0,3,1,1,3,1,3,2,2,3,0,0,0,0,10,8,6,6,20,20,9,17,13,18,1,5,59.1,40.9,J. Walman (EDM),I. Howard (EDM),D. Cozens (OTT)
2025-10-21,2025020100,20252026,2,2025-10-21T23:00:00Z,UBS Arena,REG,NYI,NYI,SJS,4,3,3,2,1,0,0,1,0,0,6,6,2,4,2,2,2,0,0,0,1,2,1,1,1,0,0,0,27,36,8,16,12,13,7,7,0,0,2,0,7,3,3,3,3,3,0,1,0,0,18,13,6,6,18,22,19,6,21,21,4,4,40.9,59.1,M. Schaefer (NYI),C. Graf (SJS),E. Heineman (NYI)
2025-10-21,2025020101,20252026,2,2025-10-21T23:00:00Z,PPG Paints Arena,REG,PIT,PIT,VAN,5,1,1,1,3,0,1,0,0,0,6,10,2,4,0,2,4,4,0,0,1,2,0,1,2,2,0,0,26,24,6,11,14,3,6,10,0,0,2,0,8,7,5,3,3,5,0,0,0,0,16,25,6,10,18,26,17,20,17,19,4,2,67.2,32.8,J. Brazeau (PIT),S. Crosby (PIT),K. Letang (PIT)
2025-10-21,2025020102,20252026,2,2025-10-21T23:00:00Z,Capital One Arena,REG,WSH,WSH,SEA,4,1,1,0,2,0,1,1,0,0,4,4,0,0,0,4,4,0,0,0,0,0,0,2,2,0,0,0,34,19,11,6,16,3,7,10,0,0,1,0,4,2,2,2,2,2,0,0,1,0,16,14,4,4,18,13,16,19,14,15,8,4,47.9,52.1,J. Chychrun (WSH),R. Leonard (WSH),L. Thompson (WSH)
2025-10-21,2025020103,20252026,2,2025-10-21T23:30:00Z,TD Garden,REG,FLA,BOS,FLA,3,4,0,1,0,1,3,2,0,0,10,14,2,2,4,4,4,8,0,0,1,1,2,2,2,4,0,0,31,23,6,7,13,9,12,7,0,0,1,1,3,3,5,3,5,7,0,0,0,0,14,13,15,19,23,26,7,16,15,18,11,2,55.4,44.6,B. Marchand (FLA),C. Verhaeghe (FLA),C. Mittelstadt (BOS)
2025-10-21,2025020104,20252026,2,2025-10-22T00:00:00Z,Enterprise Center,OT,LAK,STL,LAK,1,2,0,0,0,1,1,0,0,1,4,6,2,2,0,2,2,2,2,0,1,1,0,1,1,1,1,0,18,28,5,10,3,9,10,7,0,2,1,0,3,2,3,2,2,3,0,0,0,0,12,10,11,11,20,13,9,14,12,19,3,7,53.4,46.6,A. Kempe (LAK),D. Kuemper (LAK),J. Binnington (STL)
2025-10-21,2025020105,20252026,2,2025-10-22T00:00:00Z,Bridgestone Arena,REG,ANA,NSH,ANA,2,5,1,1,1,3,0,1,0,0,10,2,2,0,4,2,4,0,0,0,1,0,2,1,2,0,0,0,28,32,11,13,15,12,2,7,0,0,0,0,1,8,1,5,5,1,0,0,0,0,14,19,20,12,16,23,11,9,16,13,5,7,45.9,54.1,R. Johnston (ANA),C. Gauthier (ANA),T. Jost (NSH)
2025-10-21,2025020106,20252026,2,2025-10-22T00:00:00Z,American Airlines Center,REG,CBJ,DAL,CBJ,1,5,0,2,1,0,0,3,0,0,4,4,2,2,0,2,2,0,0,0,1,1,0,1,1,0,0,0,23,29,5,14,13,6,5,9,0,0,0,2,5,3,2,2,2,2,0,0,0,1,15,16,4,4,21,35,14,5,17,15,5,9,58.2,41.8,E. Merzlikins (CBJ),B. Jenner (CBJ),T. Seguin (DAL)
2025-10-21,2025020107,20252026,2,2025-10-22T02:00:00Z,Delta Center,OT,UTA,UTA,COL,4,3,0,1,2,0,1,2,1,0,2,4,0,2,2,2,0,0,0,0,0,1,1,1,0,0,0,0,33,33,10,13,15,7,7,13,1,0,1,0,4,0,2,1,1,2,0,0,0,0,11,12,2,4,28,20,19,8,21,17,4,7,55.2,44.8,D. Guenther (UTA),M. Sergachev (UTA),K. Vejmelka (UTA)
2025-10-22,2025020108,20252026,2,2025-10-22T23:00:00Z,Prudential Center,REG,NJD,NJD,MIN,4,1,1,0,1,0,2,1,0,0,6,4,0,2,4,0,2,2,0,0,0,1,2,0,1,1,0,0,35,31,14,8,11,11,10,12,0,0,1,0,4,5,2,3,3,2,0,0,1,0,16,13,6,4,8,25,19,20,15,9,5,4,46.6,53.4,D. Mercer (NJD),N. Daws (NJD),A. Gritsyuk (NJD)
2025-10-22,2025020109,20252026,2,2025-10-22T23:30:00Z,KeyBank Center,REG,BUF,BUF,DET,4,2,0,0,2,2,2,0,0,0,4,10,2,4,0,2,2,4,0,0,1,2,0,1,1,2,0,0,31,31,11,5,13,11,7,15,0,0,1,0,9,1,5,2,2,5,0,0,0,0,23,20,4,10,19,15,18,15,10,12,3,4,45.2,54.8,C. Ellis (BUF),J. Quinn (BUF),T. Kozak (BUF)
2025-10-22,2025020110,20252026,2,2025-10-23T00:30:00Z,Scotiabank Saddledome,OT,MTL,CGY,MTL,1,2,0,1,0,0,1,0,0,1,6,10,4,2,0,6,2,2,0,0,2,1,0,3,1,1,0,0,37,28,9,10,18,9,10,8,0,1,0,1,3,2,5,3,3,5,0,0,0,0,12,7,6,10,23,17,13,25,12,13,3,6,52.5,47.5,J. Dobes (MTL),D. Wolf (CGY),M. Matheson (MTL)
2025-10-23,2025020113,20252026,2,2025-10-23T22:45:00Z,Benchmark International Arena,REG,CHI,TBL,CHI,2,3,0,1,2,1,0,1,0,0,12,8,4,4,0,0,8,4,0,0,2,2,0,0,4,2,0,0,31,25,11,7,11,6,9,12,0,0,0,1,3,7,4,5,6,4,0,0,0,0,23,16,12,8,18,18,7,15,12,14,4,2,60.8,39.2,R. Donato (CHI),R. McDonagh (TBL),N. Kucherov (TBL)
2025-10-23,2025020111,20252026,2,2025-10-23T23:00:00Z,TD Garden,REG,ANA,BOS,ANA,5,7,1,1,2,2,2,4,0,0,6,4,2,0,0,2,4,2,0,0,1,0,0,1,2,1,0,0,42,30,20,12,13,6,9,12,0,0,2,1,2,6,2,3,3,2,0,0,0,1,14,18,11,9,18,17,15,22,18,20,4,1,58.0,42.0,M. Granlund (ANA),T. Terry (ANA),D. Pastrnak (BOS)
2025-10-23,2025020112,20252026,2,2025-10-23T23:00:00Z,Canadian Tire Centre,REG,OTT,OTT,PHI,2,1,1,1,1,0,0,0,0,0,8,12,2,4,4,4,2,4,0,0,1,2,2,2,1,2,0,0,33,23,14,9,9,7,10,7,0,0,0,0,9,4,5,3,4,6,0,0,0,0,7,11,8,12,17,21,16,16,11,12,3,4,44.2,55.8,M. Amadio (OTT),L. Ullmark (OTT),T. Chabot (OTT)
2025-10-23,2025020114,20252026,2,2025-10-23T23:00:00Z,Amerant Bank Arena,REG,PIT,FLA,PIT,3,5,0,1,1,2,2,2,0,0,6,8,4,4,0,2,2,2,0,0,2,2,0,1,1,1,0,0,37,17,6,7,13,6,18,4,0,0,2,2,5,3,3,2,3,4,0,0,0,0,24,17,6,8,26,18,9,19,10,13,4,9,47.0,53.0,S. Crosby (PIT),B. Marchand (FLA),E. Karlsson (PIT)
2025-10-23,2025020115,20252026,2,2025-10-23T23:00:00Z,UBS Arena,REG,NYI,NYI,DET,7,2,2,0,3,0,2,2,0,0,12,8,2,2,2,4,8,2,0,0,1,1,1,2,4,1,0,0,30,34,11,5,11,14,8,15,0,0,0,1,6,10,3,5,6,4,0,0,0,0,11,18,32,18,14,28,22,11,10,9,6,2,54.5,45.5,A. Lee (NYI),E. Heineman (NYI),D. Rittich (NYI)
2025-10-23,2025020116,20252026,2,2025-10-23T23:00:00Z,Madison Square Garden,OT,SJS,NYR,SJS,5,6,1,3,3,1,1,1,0,1,10,8,2,4,4,2,4,2,0,0,1,2,2,1,2,1,0,0,28,24,5,9,14,10,8,3,1,2,1,1,6,6,4,5,5,4,1,0,0,0,14,11,15,13,24,26,10,19,12,22,3,1,55.2,44.8,M. Celebrini (SJS),T. Raddysh (NYR),W. Smith (SJS)
2025-10-23,2025020117,20252026,2,2025-10-24T00:00:00Z,Enterprise Center,REG,UTA,STL,UTA,4,7,0,4,2,1,2,2,0,0,12,12,4,0,6,10,2,2,0,0,2,0,3,5,1,1,0,0,20,25,3,10,7,8,10,7,0,0,1,2,4,5,4,4,6,6,0,0,0,1,11,10,12,12,32,15,5,9,15,17,4,3,54.1,45.9,L. Cooley (UTA),J. Peterka (UTA),C. Keller (UTA)
2025-10-23,2025020118,20252026,2,2025-10-24T00:00:00Z,Bridgestone Arena,REG,NSH,NSH,VAN,2,1,0,0,1,1,1,0,0,0,10,6,8,2,2,2,0,2,0,0,4,1,1,1,0,1,0,0,35,22,12,5,12,10,11,7,0,0,0,0,3,4,3,5,5,3,1,0,0,0,3,10,10,6,21,25,19,20,10,13,8,3,59.6,40.4,C. Smith (NSH),J. Saros (NSH),R. O'Reilly (NSH)
2025-10-23,2025020120,20252026,2,2025-10-24T00:00:00Z,Canada Life Centre,REG,SEA,WPG,SEA,0,3,0,0,0,1,0,2,0,0,2,6,0,2,2,4,0,0,0,0,0,1,1,2,0,0,0,0,32,28,11,9,8,11,13,8,0,0,0,0,1,0,3,1,1,3,0,0,0,2,15,11,12,16,30,13,14,14,24,16,2,6,54.4,45.6,J. Daccord (SEA),C. Hellebuyck (WPG),J. Schwartz (SEA)
2025-10-23,2025020119,20252026,2,2025-10-24T01:00:00Z,American Airlines Center,OT,LAK,DAL,LAK,2,3,0,1,1,1,1,0,0,1,6,10,4,2,2,4,0,4,0,0,2,1,1,2,0,2,0,0,31,25,8,5,14,10,8,9,1,1,2,1,6,5,5,3,3,5,0,0,0,0,10,9,6,10,18,14,14,16,15,20,5,5,40.3,59.7,D. Kuemper (LAK),J. Robertson (DAL),A. Kempe (LAK)
2025-10-23,2025020121,20252026,2,2025-10-24T01:00:00Z,Ball Arena,SO,CAR,COL,CAR,4,5,1,4,1,0,2,0,0,0,12,18,0,2,2,8,10,8,2,2,0,1,1,4,5,4,1,1,48,31,18,12,16,5,11,12,3,2,1,0,10,6,7,4,6,9,0,1,0,0,19,8,14,20,28,19,12,12,10,12,5,4,54.8,45.2,S. Jarvis (CAR),V. Nichushkin (COL),S. Aho (CAR)
2025-10-23,2025020122,20252026,2,2025-10-24T01:00:00Z,Rogers Place,REG,EDM,EDM,MTL,6,5,1,1,2,3,3,1,0,0,2,10,2,0,0,4,0,6,0,0,1,0,0,2,0,3,0,0,29,27,6,12,8,9,15,6,0,0,2,0,7,1,5,1,1,5,0,0,0,0,15,16,2,20,15,15,19,16,12,14,3,6,63.2,36.8,V. Podkolzin (EDM),C. McDavid (EDM),C. Caufield (MTL)
2025-10-24,2025020123,20252026,2,2025-10-24T23:00:00Z,KeyBank Center,REG,BUF,BUF,TOR,5,3,2,2,2,0,1,1,0,0,10,4,4,4,0,0,6,0,0,0,2,2,0,0,3,0,0,0,30,34,12,9,9,11,9,14,0,0,0,1,0,7,2,4,5,2,1,0,0,0,15,11,10,4,8,30,21,13,13,18,3,7,41.7,58.3,M. Samuelsson (BUF),A. Tuch (BUF),A. Lyon (BUF)
2025-10-24,2025020124,20252026,2,2025-10-24T23:00:00Z,Prudential Center,REG,NJD,NJD,SJS,3,1,0,1,2,0,1,0,0,0,8,10,2,4,2,6,4,0,0,0,1,2,1,3,2,0,0,0,29,17,8,7,13,0,8,10,0,0,2,1,13,8,5,4,4,5,0,0,1,0,17,9,8,10,22,11,18,21,12,13,5,2,45.5,54.5,D. Hamilton (NJD),N. Hischier (NJD),Y. Askarov (SJS)
2025-10-24,2025020125,20252026,2,2025-10-24T23:00:00Z,Nationwide Arena,REG,WSH,CBJ,WSH,1,5,0,0,0,1,1,4,0,0,4,6,2,2,2,2,0,2,0,0,1,1,1,1,0,1,0,0,35,30,12,12,10,2,13,16,0,0,0,2,4,10,3,5,2,3,0,0,0,0,19,14,9,6,25,23,7,11,12,18,4,3,46.8,53.2,L. Thompson (WSH),A. Ovechkin (WSH),J. Carlson (WSH)
2025-10-24,2025020126,20252026,2,2025-10-25T00:00:00Z,Canada Life Centre,REG,WPG,WPG,CGY,5,3,0,1,4,1,1,1,0,0,14,18,4,4,4,8,6,6,0,0,2,2,2,4,3,3,0,0,32,33,5,9,16,9,11,15,0,0,2,1,10,8,8,6,7,9,0,0,1,0,13,11,19,23,19,16,13,10,9,13,5,4,60.7,39.3,J. Morrissey (WPG),J. Toews (WPG),M. Backlund (CGY)
2025-10-25,2025020127,20252026,2,2025-10-25T16:30:00Z,Xfinity Mobile Arena,SO,PHI,PHI,NYI,4,3,0,1,1,1,2,1,0,0,8,10,2,2,2,2,4,6,0,0,1,1,1,1,2,3,0,0,26,26,8,4,8,13,9,5,1,4,1,0,5,3,3,2,4,5,0,1,0,0,10,19,18,20,30,24,16,10,15,15,6,3,49.1,50.9,T. Zegras (PHI),M. Michkov (PHI),M. Tsyplakov (NYI)
2025-10-25,2025020128,20252026,2,2025-10-25T19:00:00Z,TD Garden,REG,BOS,BOS,COL,3,2,2,1,1,0,0,1,0,0,10,14,0,2,4,2,6,10,0,0,0,1,2,1,3,5,0,0,19,33,8,11,7,12,4,10,0,0,0,0,6,5,4,3,5,7,0,0,0,0,15,16,10,14,24,15,34,7,17,8,3,8,55.9,44.1,J. Swayman (BOS),M. Geekie (BOS),M. Lohrei (BOS)
2025-10-25,2025020129,20252026,2,2025-10-25T21:00:00Z,Benchmark International Arena,REG,TBL,TBL,ANA,4,3,1,0,2,1,1,2,0,0,6,14,6,6,0,2,0,6,0,0,3,3,0,1,0,3,0,0,33,40,12,15,9,14,12,11,0,0,1,0,10,5,6,2,3,7,0,0,0,0,22,9,11,19,21,14,15,17,23,10,5,8,52.1,47.9,N. Kucherov (TBL),A. Cirelli (TBL),J. Guentzel (TBL)
2025-10-25,2025020132,20252026,2,2025-10-25T21:00:00Z,Scotiabank Arena,OT,TOR,TOR,BUF,4,3,1,1,1,1,1,1,1,0,8,6,4,4,2,2,2,0,0,0,2,2,1,1,1,0,0,0,23,26,6,12,11,6,5,7,1,1,0,1,4,7,3,4,4,3,0,0,0,0,13,9,13,21,25,20,18,15,9,15,2,6,66.7,33.3,J. Tavares (TOR),T. Thompson (BUF),J. McCabe (TOR)
2025-10-25,2025020130,20252026,2,2025-10-25T22:00:00Z,Amerant Bank Arena,REG,FLA,FLA,VGK,3,0,1,0,0,0,2,0,0,0,6,8,2,0,0,4,4,4,0,0,1,0,0,2,2,2,0,0,26,17,5,7,12,5,9,5,0,0,0,0,2,0,3,2,3,4,0,0,0,0,17,16,6,8,24,25,16,21,9,20,7,5,45.3,54.7,S. Reinhart (FLA),A. Greer (FLA),S. Bobrovsky (FLA)
2025-10-25,2025020131,20252026,2,2025-10-25T22:00:00Z,Grand Casino Arena,REG,UTA,MIN,UTA,2,6,1,3,1,0,0,3,0,0,4,10,2,0,2,4,0,6,0,0,1,0,1,2,0,3,0,0,35,41,6,15,9,11,20,15,0,0,1,1,13,3,4,1,2,5,0,0,0,1,13,9,4,10,32,12,9,21,20,25,2,5,51.6,48.4,L. Cooley (UTA),M. Johansson (MIN),K. Vejmelka (UTA)
2025-10-25,2025020133,20252026,2,2025-10-25T23:00:00Z,Little Caesars Arena,REG,DET,DET,STL,6,4,0,2,3,2,3,0,0,0,8,6,2,2,4,2,2,2,0,0,1,1,2,1,1,1,0,0,28,29,4,13,15,8,9,8,0,0,1,2,3,7,3,4,4,3,0,0,1,0,10,15,8,6,18,17,19,18,16,16,3,4,49.2,50.8,J. Compher (DET),J. Neighbours (STL),J. Berggren (DET)
2025-10-25,2025020134,20252026,2,2025-10-25T23:00:00Z,PPG Paints Arena,SO,CBJ,PIT,CBJ,4,5,2,1,0,1,2,2,0,0,4,6,4,0,0,2,0,4,0,0,2,0,0,1,0,2,0,0,31,41,7,16,8,9,15,13,1,3,1,0,12,1,3,2,2,3,0,0,0,0,13,17,9,11,18,24,16,15,20,8,3,8,53.8,46.2,D. Voronkov (CBJ),K. Letang (PIT),K. Marchenko (CBJ)
2025-10-25,2025020135,20252026,2,2025-10-25T23:00:00Z,Capital One Arena,REG,OTT,WSH,OTT,1,7,0,1,0,3,1,3,0,0,16,12,4,4,10,8,2,0,0,0,2,2,5,4,1,0,0,0,13,34,3,8,3,11,7,15,0,0,0,3,0,7,2,4,8,6,0,0,0,0,16,11,16,12,28,12,11,23,12,14,3,8,39.0,61.0,N. Cousins (OTT),D. Batherson (OTT),T. Stützle (OTT)
2025-10-25,2025020136,20252026,2,2025-10-25T23:00:00Z,Rogers Arena,REG,MTL,VAN,MTL,3,4,1,0,1,1,1,3,0,0,6,6,0,2,4,4,2,0,0,0,0,1,2,2,1,0,0,0,31,24,11,4,10,14,10,6,0,0,1,2,3,3,3,3,3,3,0,0,0,0,20,18,6,6,20,16,15,17,14,14,3,2,37.7,62.3,I. Demidov (MTL),E. Pettersson (VAN),J. Slafkovský (MTL)
2025-10-25,2025020137,20252026,2,2025-10-26T00:00:00Z,Bridgestone Arena,SO,NSH,NSH,LAK,5,4,1,1,2,2,1,1,0,0,6,2,0,2,2,0,4,0,0,2,0,1,1,0,2,0,0,1,25,40,12,13,4,14,2,12,7,1,0,0,0,2,1,3,3,1,0,0,0,0,4,18,6,4,23,10,19,7,15,22,9,5,55.1,44.9,R. O'Reilly (NSH),J. Saros (NSH),F. Forsberg (NSH)
2025-10-25,2025020138,20252026,2,2025-10-26T00:00:00Z,American Airlines Center,REG,DAL,DAL,CAR,3,2,0,2,2,0,1,0,0,0,6,8,2,2,2,2,2,4,0,0,1,1,1,1,1,2,0,0,34,28,7,7,15,12,12,9,0,0,2,0,7,5,4,3,3,4,0,0,0,0,7,23,6,8,30,29,30,9,18,13,3,3,47.4,52.6,M. Heiskanen (DAL),S. Steel (DAL),S. Aho (CAR)
2025-10-25,2025020139,20252026,2,2025-10-26T02:00:00Z,Climate Pledge Arena,REG,SEA,SEA,EDM,3,2,1,0,1,1,1,1,0,0,4,6,2,6,2,0,0,0,0,0,1,3,1,0,0,0,0,0,23,33,11,12,7,9,5,12,0,0,0,1,4,2,3,2,2,3,0,0,0,0,14,17,4,6,10,15,19,13,21,13,2,7,46.7,53.3,J. Eberle (SEA),J. Daccord (SEA),T. Kartye (SEA)
2025-10-26,2025020140,20252026,2,2025-10-26T17:00:00Z,Prudential Center,OT,NJD,NJD,COL,4,3,2,2,1,0,0,1,1,0,4,2,0,0,4,2,0,0,0,0,0,0,2,1,0,0,0,0,24,24,10,10,3,9,9,5,2,0,0,0,0,3,1,2,2,1,0,0,0,0,16,22,4,2,20,22,20,17,15,16,11,7,52.6,47.4,J. Hughes (NJD),B. Nelson (COL),C. Brown (NJD)
2025-10-26,2025020141,20252026,2,2025-10-26T21:00:00Z,Benchmark International Arena,OT,TBL,TBL,VGK,2,1,1,1,0,0,0,0,1,0,6,10,2,6,0,4,4,0,0,0,1,3,0,2,2,0,0,0,28,19,13,6,11,2,3,11,1,0,0,0,9,5,5,3,3,5,0,0,0,0,11,6,11,15,19,27,14,24,17,15,2,3,50.0,50.0,N. Kucherov (TBL),A. Vasilevskiy (TBL),B. Hagel (TBL)
2025-10-26,2025020142,20252026,2,2025-10-26T22:00:00Z,Grand Casino Arena,OT,SJS,MIN,SJS,5,6,2,2,0,2,3,1,0,1,4,8,2,4,0,2,2,2,0,0,1,2,0,1,1,1,0,0,33,25,8,10,6,9,17,5,2,1,2,2,8,5,4,2,2,4,0,0,0,0,22,7,4,8,17,22,12,18,15,18,5,5,47.5,52.5,W. Eklund (SJS),M. Celebrini (SJS),B. Faber (MIN)
2025-10-26,2025020143,20252026,2,2025-10-26T22:00:00Z,Canada Life Centre,REG,UTA,WPG,UTA,2,3,0,0,2,2,0,1,0,0,10,4,0,0,4,2,6,2,0,0,0,0,2,1,3,1,0,0,30,32,8,6,8,16,14,10,0,0,1,1,4,5,1,4,5,2,0,0,0,0,16,18,10,4,25,9,13,14,16,20,3,4,52.9,47.1,J. Morrissey (WPG),M. Sergachev (UTA),D. Guenther (UTA)
2025-10-26,2025020144,20252026,2,2025-10-26T23:00:00Z,United Center,REG,LAK,CHI,LAK,1,3,1,0,0,2,0,1,0,0,6,10,2,4,4,2,0,4,0,0,1,2,2,1,0,2,0,0,23,22,11,6,4,8,8,8,0,0,0,0,4,1,5,3,3,5,0,1,0,1,10,15,6,10,24,14,8,8,11,19,6,4,55.6,44.4,K. Fiala (LAK),A. Laferriere (LAK),C. Bedard (CHI)
2025-10-26,2025020145,20252026,2,2025-10-26T23:00:00Z,Bridgestone Arena,REG,DAL,NSH,DAL,2,3,1,0,1,2,0,1,0,0,10,4,6,4,2,0,2,0,0,0,3,2,1,0,1,0,0,0,25,28,8,6,8,13,9,9,0,0,1,1,4,8,2,5,5,2,0,0,0,0,16,18,10,4,29,23,6,14,16,14,4,3,49.2,50.8,M. Rantanen (DAL),J. Robertson (DAL),J. Marchessault (NSH)
2025-10-26,2025020146,20252026,2,2025-10-27T00:00:00Z,Scotiabank Saddledome,REG,CGY,CGY,NYR,5,1,2,1,1,0,2,0,0,0,2,6,0,2,0,4,2,0,0,0,0,1,0,2,1,0,0,0,30,31,12,5,11,13,7,13,0,0,0,0,5,2,3,1,1,3,1,0,0,0,17,17,2,6,18,28,18,21,13,9,4,10,44.2,55.8,B. Coleman (CGY),D. Wolf (CGY),N. Kadri (CGY)
2025-10-26,2025020147,20252026,2,2025-10-27T02:00:00Z,Rogers Arena,OT,VAN,VAN,EDM,4,3,1,0,2,1,0,2,1,0,4,4,2,0,0,4,2,0,0,0,1,0,0,2,1,0,0,0,27,29,8,13,10,7,8,9,1,0,1,1,4,2,2,2,2,2,0,0,0,0,13,15,4,4,14,19,18,13,17,13,5,3,59.3,40.7,K. Sherwood (VAN),L. Draisaitl (EDM),B. Boeser (VAN)
2025-10-27,2025020148,20252026,2,2025-10-27T23:00:00Z,PPG Paints Arena,REG,PIT,PIT,STL,6,3,2,2,1,0,3,1,0,0,8,2,2,0,2,0,4,2,0,0,1,0,1,0,2,1,0,0,26,28,10,8,8,10,8,10,0,0,0,0,0,4,0,3,4,1,0,0,1,0,8,17,8,2,9,17,20,11,31,15,4,2,44.7,55.3,B. Rust (PIT),S. Crosby (PIT),E. Karlsson (PIT)
2025-10-27,2025020149,20252026,2,2025-10-27T23:30:00Z,Canadian Tire Centre,REG,OTT,OTT,BOS,7,2,1,1,2,0,4,1,0,0,2,10,0,4,0,0,2,6,0,0,0,2,0,0,1,3,0,0,23,28,10,9,4,11,9,8,0,0,4,0,5,1,5,1,1,5,0,0,0,0,17,16,2,10,19,33,19,9,11,13,2,5,56.7,43.3,D. Batherson (OTT),T. Stützle (OTT),L. Meriläinen (OTT)
2025-10-28,2025020150,20252026,2,2025-10-28T22:00:00Z,Xfinity Mobile Arena,SO,PHI,PHI,PIT,3,2,1,1,1,0,0,1,0,0,6,6,2,2,4,2,0,2,2,2,1,1,2,1,0,1,1,1,34,26,10,8,14,5,8,9,2,4,1,0,3,5,3,3,3,3,0,0,0,0,15,11,48,48,20,15,14,12,15,19,1,5,51.8,48.2,T. Konecny (PHI),A. Silovs (PIT),B. Brink (PHI)
2025-10-28,2025020151,20252026,2,2025-10-28T22:00:00Z,Scotiabank Arena,REG,TOR,TOR,CGY,4,3,0,1,2,1,2,1,0,0,6,8,4,6,0,0,2,2,0,0,2,3,0,0,1,1,0,0,37,29,11,9,16,8,10,12,0,0,1,0,10,4,4,3,3,4,0,0,0,0,14,10,6,8,18,20,15,10,16,30,8,3,50.0,50.0,M. Knies (TOR),M. Domi (TOR),J. Tavares (TOR)
2025-10-28,2025020155,20252026,2,2025-10-28T22:30:00Z,Lenovo Center,REG,VGK,CAR,VGK,3,6,1,2,1,0,1,4,0,0,10,4,4,2,4,0,2,2,0,0,2,1,2,0,1,1,0,0,24,35,8,6,7,18,9,11,0,0,1,1,1,5,1,4,5,2,0,0,0,1,14,13,10,4,17,22,17,16,19,21,8,5,51.4,48.6,J. Eichel (VGK),P. Dorofeyev (VGK),J. Martinook (CAR)
2025-10-28,2025020152,20252026,2,2025-10-28T22:45:00Z,KeyBank Center,OT,CBJ,BUF,CBJ,3,4,0,1,2,1,1,1,0,1,4,6,0,2,4,4,0,0,0,0,0,1,2,2,0,0,0,0,38,39,9,14,12,10,16,13,1,2,0,1,3,1,2,1,2,3,0,0,0,0,12,17,4,6,13,23,20,14,11,15,4,6,43.1,56.9,M. Wood (CBJ),J. Dunne (BUF),J. Greaves (CBJ)
2025-10-28,2025020153,20252026,2,2025-10-28T23:00:00Z,Amerant Bank Arena,SO,ANA,FLA,ANA,2,3,0,0,0,2,2,0,0,0,10,6,4,0,4,6,2,0,0,2,2,0,2,3,1,0,0,1,33,17,12,6,10,7,6,3,5,1,0,1,6,7,3,5,5,3,0,1,0,0,20,14,15,13,30,19,22,17,16,16,2,4,60.9,39.1,M. McTavish (ANA),L. Dostal (ANA),A. Lundell (FLA)
2025-10-28,2025020154,20252026,2,2025-10-28T23:15:00Z,TD Garden,REG,BOS,BOS,NYI,5,2,0,2,3,0,2,0,0,0,10,8,2,0,4,4,4,4,0,0,1,0,2,2,2,2,0,0,22,35,4,10,11,10,7,15,0,0,2,0,6,12,4,5,5,4,0,0,1,0,10,11,10,8,20,13,14,13,18,10,6,5,55.8,44.2,J. Korpisalo (BOS),D. Pastrnak (BOS),C. McAvoy (BOS)
2025-10-28,2025020156,20252026,2,2025-10-28T23:45:00Z,Bridgestone Arena,REG,TBL,NSH,TBL,2,5,0,1,0,1,2,3,0,0,12,10,4,2,4,0,4,8,0,0,2,1,2,0,2,4,0,0,20,32,8,13,3,13,9,6,0,0,1,0,8,5,3,4,6,5,0,0,0,1,6,13,12,10,24,16,5,15,15,10,6,3,66.1,33.9,C. D'Astous (TBL),B. Skjei (NSH),Z. Girgensons (TBL)
2025-10-28,2025020157,20252026,2,2025-10-29T00:00:00Z,Grand Casino Arena,OT,WPG,MIN,WPG,3,4,0,2,2,0,1,1,0,1,2,8,0,2,2,2,0,4,0,0,0,1,1,1,0,2,0,0,35,21,16,9,12,5,7,6,0,1,1,0,3,0,4,1,1,4,0,0,0,0,20,16,7,13,28,24,10,17,14,13,6,4,47.3,52.7,K. Connor (WPG),B. Faber (MIN),C. Hellebuyck (WPG)
2025-10-28,2025020158,20252026,2,2025-10-29T00:15:00Z,Enterprise Center,REG,DET,STL,DET,2,5,1,2,0,2,1,1,0,0,4,4,2,0,2,4,0,0,0,0,1,0,1,2,0,0,0,0,22,20,6,7,12,7,4,6,0,0,0,1,3,1,2,2,2,2,0,0,0,1,10,18,9,9,31,14,11,14,13,19,3,3,40.0,60.0,D. Larkin (DET),A. DeBrincat (DET),B. Schenn (STL)
2025-10-28,2025020159,20252026,2,2025-10-29T00:30:00Z,American Airlines Center,REG,DAL,DAL,WSH,1,0,0,0,1,0,0,0,0,0,6,8,2,4,2,2,2,2,0,0,1,2,1,1,1,1,0,0,19,24,9,8,5,10,5,6,0,0,1,0,8,2,4,3,3,4,0,0,0,0,13,17,6,8,30,22,19,14,10,15,7,7,55.1,44.9,J. Oettinger (DAL),L. Thompson (WSH),T. Seguin (DAL)
2025-10-28,2025020160,20252026,2,2025-10-29T00:45:00Z,United Center,REG,CHI,CHI,OTT,7,3,3,0,1,3,3,0,0,0,12,6,2,2,4,0,6,4,0,0,1,1,2,0,3,2,0,0,26,24,8,7,5,9,13,8,0,0,1,0,1,5,1,4,6,3,1,0,1,0,12,18,22,16,34,32,15,17,14,9,10,3,43.8,56.2,C. Bedard (CHI),N. Foligno (CHI),L. Crevier (CHI)
2025-10-28,2025020161,20252026,2,2025-10-29T01:00:00Z,Ball Arena,REG,COL,COL,NJD,8,4,2,0,4,4,2,0,0,0,4,12,2,4,2,6,0,2,0,0,1,2,1,3,0,1,0,0,42,30,12,16,17,11,13,3,0,0,4,0,10,6,6,2,2,6,0,0,0,0,12,16,4,12,17,26,15,10,21,14,3,1,51.4,48.6,V. Olofsson (COL),N. MacKinnon (COL),C. Makar (COL)
2025-10-28,2025020162,20252026,2,2025-10-29T01:30:00Z,Rogers Place,REG,EDM,EDM,UTA,6,3,0,2,5,1,1,0,0,0,4,2,0,0,0,0,4,2,0,0,0,0,0,0,2,1,0,0,24,23,3,9,15,5,6,9,0,0,0,0,2,4,1,2,2,1,0,0,1,0,12,15,4,2,19,17,13,14,16,12,6,6,57.7,42.3,M. Ekholm (EDM),L. Draisaitl (EDM),J. Walman (EDM)
2025-10-28,2025020163,20252026,2,2025-10-29T02:00:00Z,Rogers Arena,REG,NYR,VAN,NYR,0,2,0,1,0,0,0,1,0,0,8,6,4,0,2,2,2,4,0,0,2,0,1,1,1,2,0,0,23,25,4,7,7,11,12,7,0,0,0,0,3,3,3,3,4,3,0,0,0,1,20,17,13,11,19,18,10,11,6,9,6,4,44.7,55.3,J. Quick (NYR),T. Demko (VAN),M. Zibanejad (NYR)
2025-10-28,2025020164,20252026,2,2025-10-29T02:30:00Z,Climate Pledge Arena,OT,MTL,SEA,MTL,3,4,0,2,0,0,3,1,0,1,6,10,2,4,0,2,4,4,0,0,1,2,0,1,2,2,0,0,21,21,5,7,5,5,11,7,0,2,1,2,5,2,4,2,3,5,0,0,0,0,10,12,6,10,22,18,9,15,15,15,5,4,38.8,61.2,C. Caufield (MTL),B. Montour (SEA),N. Suzuki (MTL)
2025-10-28,2025020165,20252026,2,2025-10-29T03:00:00Z,SAP Center at San Jose,REG,LAK,SJS,LAK,3,4,0,1,2,2,1,1,0,0,2,10,2,4,0,0,0,6,0,0,1,2,0,0,0,3,0,0,40,14,7,6,16,4,17,4,0,0,0,0,14,2,5,1,1,5,0,0,0,0,14,8,2,10,17,14,12,23,9,14,6,3,47.7,52.3,B. Clarke (LAK),P. Kurashev (SJS),A. Wennberg (SJS)
2025-10-29,2025020166,20252026,2,2025-10-29T23:30:00Z,Nationwide Arena,REG,CBJ,CBJ,TOR,6,3,2,0,3,1,1,2,0,0,4,4,0,2,0,0,4,2,0,0,0,1,0,0,2,1,0,0,24,36,6,9,7,18,11,9,0,0,0,0,0,1,2,2,2,2,0,0,0,0,12,16,4,4,7,24,19,21,19,23,5,9,57.6,42.4,C. Sillinger (CBJ),C. Coyle (CBJ),M. Olivier (CBJ)
2025-10-30,2025020167,20252026,2,2025-10-30T23:00:00Z,TD Garden,OT,BOS,BOS,BUF,4,3,2,0,1,1,0,2,1,0,10,8,2,4,6,2,2,2,0,0,1,2,3,1,1,1,0,0,22,40,5,13,9,16,5,11,3,0,1,1,3,11,4,5,5,4,0,0,0,0,17,21,15,13,12,25,7,19,20,20,3,5,56.7,43.3,M. Khusnutdinov (BOS),D. Pastrnak (BOS),J. Korpisalo (BOS)
2025-10-30,2025020168,20252026,2,2025-10-30T23:00:00Z,Canadian Tire Centre,SO,OTT,OTT,CGY,4,3,1,2,0,0,2,1,0,0,10,8,6,4,4,4,0,0,0,2,3,2,2,2,0,0,0,1,38,29,13,11,10,9,8,8,7,1,0,2,9,7,3,4,5,4,1,0,0,0,15,5,10,10,16,17,21,7,23,19,8,4,65.7,34.3,L. Eller (OTT),N. Kadri (CGY),T. Stützle (OTT)
2025-10-30,2025020169,20252026,2,2025-10-30T23:00:00Z,Benchmark International Arena,OT,TBL,TBL,DAL,2,1,0,0,1,0,0,1,1,0,6,8,0,0,2,4,4,4,0,0,0,0,1,2,2,2,0,0,33,21,11,6,11,4,8,10,3,1,1,0,7,5,4,3,3,4,0,0,0,0,25,9,6,8,21,30,15,10,17,13,5,3,43.5,56.5,A. Cirelli (TBL),B. Hagel (TBL),M. Heiskanen (DAL)
2025-10-30,2025020170,20252026,2,2025-10-30T23:00:00Z,Xfinity Mobile Arena,REG,PHI,PHI,NSH,4,1,0,0,2,1,2,0,0,0,6,4,4,0,0,0,2,4,0,0,2,0,0,0,1,2,0,0,18,33,3,10,8,14,7,9,0,0,1,0,1,2,1,2,3,2,0,0,1,0,11,14,6,4,21,21,21,12,17,19,3,4,45.1,54.9,T. Zegras (PHI),D. Vladar (PHI),M. Michkov (PHI)
2025-10-30,2025020171,20252026,2,2025-10-30T23:30:00Z,Lenovo Center,REG,CAR,CAR,NYI,6,2,3,1,0,0,3,1,0,0,12,6,6,2,2,2,4,2,0,0,3,1,1,1,2,1,0,0,34,28,11,15,11,7,12,6,0,0,0,1,6,6,1,4,6,3,1,0,0,0,23,14,12,6,19,30,10,13,24,19,5,2,38.7,61.3,A. Svechnikov (CAR),B. Bussi (CAR),B. Nadeau (CAR)
2025-10-30,2025020172,20252026,2,2025-10-31T00:00:00Z,Enterprise Center,SO,VAN,STL,VAN,3,4,1,1,1,1,1,1,0,0,6,6,4,2,2,2,0,2,0,0,2,1,1,1,0,1,0,0,39,18,10,9,11,4,16,5,2,0,2,1,8,3,3,3,3,3,0,0,0,0,15,12,6,6,17,21,14,16,11,14,5,5,48.1,51.9,K. Sherwood (VAN),P. Suter (STL),J. DeBrusk (VAN)
2025-10-30,2025020173,20252026,2,2025-10-31T00:00:00Z,Grand Casino Arena,REG,PIT,MIN,PIT,1,4,1,0,0,1,0,3,0,0,2,8,0,4,0,2,2,2,0,0,0,2,0,1,1,1,0,0,27,34,13,6,6,12,8,16,0,0,0,1,3,1,4,1,1,4,0,0,0,1,15,13,2,8,23,23,9,15,19,12,4,5,37.3,62.7,K. Letang (PIT),R. Shea (PIT),T. Jarry (PIT)
2025-10-30,2025020174,20252026,2,2025-10-31T00:00:00Z,Canada Life Centre,REG,WPG,WPG,CHI,6,3,2,1,2,0,2,2,0,0,6,6,2,2,4,0,0,4,0,0,1,1,2,0,0,2,0,0,32,24,7,7,11,7,14,10,0,0,1,0,6,4,3,3,3,3,0,0,0,0,13,18,6,6,18,16,14,7,13,20,5,4,56.6,43.4,K. Connor (WPG),G. Vilardi (WPG),M. Scheifele (WPG)
2025-10-30,2025020175,20252026,2,2025-10-31T01:00:00Z,Rogers Place,OT,NYR,EDM,NYR,3,4,1,1,2,0,0,2,0,1,4,6,2,0,2,2,0,4,0,0,1,0,1,1,0,2,0,0,36,35,10,16,14,8,9,10,3,1,1,0,5,3,3,2,2,3,0,0,0,0,9,17,4,6,17,18,13,12,15,15,6,5,47.1,52.9,A. Henrique (EDM),D. Nurse (EDM),J. Miller (NYR)
2025-10-30,2025020176,20252026,2,2025-10-31T02:00:00Z,SAP Center at San Jose,REG,SJS,SJS,NJD,5,2,3,1,2,0,0,1,0,0,6,4,4,4,0,0,2,0,0,0,2,2,0,0,1,0,0,0,28,31,15,9,13,13,0,9,0,0,0,2,4,4,2,3,3,2,0,0,0,0,8,7,6,4,16,30,27,11,17,16,1,6,46.6,53.4,A. Wennberg (SJS),P. Kurashev (SJS),A. Nedeljkovic (SJS)
2025-10-30,2025020177,20252026,2,2025-10-31T02:30:00Z,Crypto.com Arena,SO,DET,LAK,DET,3,4,0,0,1,2,2,1,0,0,6,6,2,2,4,0,0,4,0,2,1,1,2,0,0,2,0,1,39,27,10,6,14,13,9,8,6,0,0,2,5,3,3,3,3,3,1,0,0,0,24,13,6,8,17,11,15,18,14,18,2,3,51.6,48.4,M. Kasper (DET),A. DeBrincat (DET),C. Perry (LAK)
2025-10-31,2025020178,20252026,2,2025-10-31T20:00:00Z,T-Mobile Arena,REG,COL,VGK,COL,2,4,0,1,0,1,2,2,0,0,4,12,0,2,2,6,2,4,0,0,0,1,1,3,1,2,0,0,23,26,9,10,7,10,7,6,0,0,1,0,5,1,6,2,2,6,0,0,0,1,18,15,4,12,14,16,10,22,15,18,3,6,51.6,48.4,M. Necas (COL),B. Burns (COL),T. Hertl (VGK)
2025-10-31,2025020179,20252026,2,2025-10-31T23:00:00Z,Capital One Arena,REG,NYI,WSH,NYI,1,3,0,0,1,1,0,2,0,0,10,8,0,2,6,4,4,2,0,0,0,1,3,2,2,1,0,0,23,23,13,6,6,10,4,7,0,0,0,0,3,5,4,5,5,4,0,1,0,1,11,17,10,8,14,12,13,16,24,22,4,4,37.3,62.7,B. Horvat (NYI),I. Sorokin (NYI),T. Wilson (WSH)
2025-10-31,2025020180,20252026,2,2025-11-01T02:00:00Z,Honda Center,REG,ANA,ANA,DET,5,2,2,1,1,1,2,0,0,0,16,10,2,2,8,4,6,4,0,0,1,1,4,2,3,2,0,0,32,30,12,6,9,15,11,9,0,0,1,1,6,11,5,7,8,5,1,0,1,0,13,19,16,10,21,16,12,10,22,22,1,3,35.8,64.2,T. Terry (ANA),L. Carlsson (ANA),J. Trouba (ANA)
2025-11-01,2025020181,20252026,2,2025-11-01T17:00:00Z,TD Garden,REG,BOS,BOS,CAR,2,1,0,0,0,0,2,1,0,0,2,2,2,0,0,2,0,0,0,0,1,0,0,1,0,0,0,0,22,29,11,9,6,9,5,11,0,0,0,0,0,2,1,1,1,1,0,0,0,0,16,14,2,2,26,21,21,11,9,14,2,6,46.5,53.5,J. Swayman (BOS),C. McAvoy (BOS),C. Mittelstadt (BOS)
2025-11-01,2025020182,20252026,2,2025-11-01T19:00:00Z,Canada Life Centre,REG,WPG,WPG,PIT,5,2,2,0,2,1,1,1,0,0,4,8,0,4,4,2,0,2,0,0,0,2,2,1,0,1,0,0,34,30,8,11,12,11,14,8,0,0,0,1,3,2,3,2,2,4,1,0,1,0,13,14,4,8,29,18,14,14,14,13,5,6,45.8,54.2,K. Connor (WPG),B. Lambert (WPG),V. Namestnikov (WPG)
2025-11-01,2025020183,20252026,2,2025-11-01T19:30:00Z,Bridgestone Arena,REG,NSH,NSH,CGY,4,2,3,0,0,0,1,2,0,0,6,10,0,4,6,4,0,2,0,0,0,2,3,2,0,1,0,0,24,35,11,15,7,11,6,9,0,0,1,0,4,2,4,2,3,5,0,0,1,0,10,17,6,20,13,18,16,16,11,15,8,3,50.9,49.1,M. Bunting (NSH),M. Wood (NSH),J. Saros (NSH)
2025-11-01,2025020184,20252026,2,2025-11-01T20:00:00Z,SAP Center at San Jose,OT,SJS,SJS,COL,3,2,1,1,1,1,0,0,1,0,4,6,2,2,2,0,0,4,0,0,1,1,1,0,0,2,0,0,23,38,6,15,5,16,9,7,3,1,0,0,4,2,3,2,2,3,0,0,0,0,6,20,4,6,16,13,10,14,18,18,6,2,50.7,49.3,Y. Askarov (SJS),M. Celebrini (SJS),P. Kurashev (SJS)
2025-11-01,2025020185,20252026,2,2025-11-01T22:00:00Z,Amerant Bank Arena,SO,FLA,FLA,DAL,4,3,0,0,2,2,1,1,0,0,6,2,2,2,4,0,0,0,0,0,1,1,2,0,0,0,0,0,28,22,6,5,12,7,7,5,3,5,0,2,3,2,1,3,3,1,0,0,0,0,15,7,6,2,26,21,9,22,21,13,3,7,32.6,67.4,B. Marchand (FLA),S. Bobrovsky (FLA),S. Reinhart (FLA)
2025-11-01,2025020186,20252026,2,2025-11-01T23:00:00Z,KeyBank Center,SO,BUF,BUF,WSH,4,3,3,2,0,1,0,0,0,0,12,10,2,4,4,4,6,2,0,0,1,2,2,2,3,1,0,0,24,34,10,9,7,15,6,5,1,5,0,0,5,3,3,4,6,5,0,0,0,0,16,14,17,25,22,17,13,13,16,15,3,4,48.1,51.9,U. Luukkonen (BUF),I. Rosen (BUF),B. Byram (BUF)
2025-11-01,2025020187,20252026,2,2025-11-01T23:00:00Z,Centre Bell,OT,MTL,MTL,OTT,4,3,2,0,0,2,1,1,1,0,6,6,2,4,4,2,0,0,0,0,1,2,2,1,0,0,0,0,27,17,9,5,7,7,9,5,2,0,1,0,3,2,3,3,3,3,0,0,0,0,12,17,16,16,27,27,20,12,8,15,2,5,42.3,57.7,C. Caufield (MTL),N. Suzuki (MTL),I. Demidov (MTL)
2025-11-01,2025020188,20252026,2,2025-11-01T23:00:00Z,Xfinity Mobile Arena,REG,TOR,PHI,TOR,2,5,1,1,0,2,1,2,0,0,6,12,4,0,0,4,2,8,0,0,2,0,0,2,1,4,0,0,33,27,7,6,7,12,19,9,0,0,1,0,13,3,6,3,3,6,0,0,0,1,19,10,6,12,17,20,11,20,17,15,1,0,42.6,57.4,A. Stolarz (TOR),J. Tavares (TOR),N. Robertson (TOR)
2025-11-01,2025020189,20252026,2,2025-11-01T23:00:00Z,Nationwide Arena,REG,CBJ,CBJ,STL,3,2,1,1,1,0,1,1,0,0,4,6,2,0,0,4,2,2,0,0,1,0,0,2,1,1,0,0,35,39,17,14,10,7,8,18,0,0,1,0,5,6,3,2,2,3,0,0,0,0,10,16,9,11,14,21,13,13,15,14,2,4,44.6,55.4,J. Greaves (CBJ),Z. Werenski (CBJ),S. Monahan (CBJ)
2025-11-01,2025020190,20252026,2,2025-11-01T23:00:00Z,Grand Casino Arena,REG,MIN,MIN,VAN,5,2,1,0,1,1,3,1,0,0,8,8,2,4,2,2,4,2,0,0,1,2,1,1,2,1,0,0,28,28,6,4,14,12,8,12,0,0,1,0,4,5,3,3,4,4,0,0,1,0,18,19,18,18,26,22,15,12,11,14,1,2,50.9,49.1,J. Brodin (MIN),J. Eriksson Ek (MIN),V. Tarasenko (MIN)
2025-11-01,2025020191,20252026,2,2025-11-02T01:00:00Z,Crypto.com Arena,REG,NJD,LAK,NJD,1,4,0,1,0,1,1,2,0,0,0,8,0,0,0,4,0,4,0,0,0,0,0,2,0,2,0,0,44,22,14,8,18,11,12,3,0,0,0,0,7,0,4,0,0,4,0,2,0,1,19,9,0,8,10,12,14,28,22,17,5,3,53.4,46.6,J. Markstrom (NJD),B. Halonen (NJD),D. Mercer (NJD)
2025-11-01,2025020192,20252026,2,2025-11-02T02:00:00Z,Rogers Place,OT,EDM,EDM,CHI,3,2,0,0,2,1,0,1,1,0,2,6,0,2,2,2,0,2,0,0,0,1,1,1,0,1,0,0,30,29,13,6,10,11,4,11,3,1,2,1,6,1,3,1,1,3,0,0,0,0,13,14,2,6,18,9,14,17,14,17,5,5,55.6,44.4,E. Bouchard (EDM),J. Roslovic (EDM),A. Burakovsky (CHI)
2025-11-01,2025020193,20252026,2,2025-11-02T02:00:00Z,Climate Pledge Arena,OT,NYR,SEA,NYR,2,3,1,2,1,0,0,0,0,1,6,4,2,2,4,2,0,0,0,0,1,1,2,1,0,0,0,0,13,27,5,10,3,6,4,9,1,2,1,0,2,9,2,3,3,2,0,0,0,0,14,24,6,4,11,24,20,13,22,15,3,5,37.9,62.1,W. Cuylle (NYR),C. Stephenson (SEA),B. Montour (SEA)
2025-11-02,2025020194,20252026,2,2025-11-02T20:30:00Z,Delta Center,REG,TBL,UTA,TBL,2,4,1,1,0,1,1,2,0,0,6,8,2,2,4,6,0,0,0,0,1,1,2,3,0,0,0,0,27,26,6,9,9,10,12,7,0,0,0,0,5,4,3,2,3,4,0,0,0,1,11,12,16,8,19,16,13,14,15,14,6,3,55.7,44.3,J. Guentzel (TBL),K. Yamamoto (UTA),A. Cirelli (TBL)
2025-11-02,2025020195,20252026,2,2025-11-02T22:00:00Z,UBS Arena,REG,NYI,NYI,CBJ,3,2,1,0,0,1,2,1,0,0,8,4,0,2,6,0,2,2,0,0,0,1,3,0,1,1,0,0,39,22,18,3,10,14,11,5,0,0,1,0,2,5,2,4,4,2,0,0,0,0,14,11,8,4,10,26,10,13,19,19,6,4,68.1,31.9,M. Schaefer (NYI),S. Holmstrom (NYI),E. Merzlikins (CBJ)
2025-11-02,2025020196,20252026,2,2025-11-03T00:00:00Z,Xfinity Mobile Arena,REG,CGY,PHI,CGY,1,2,0,0,0,1,1,1,0,0,4,2,2,2,2,0,0,0,0,0,1,1,1,0,0,0,0,0,18,21,3,10,6,7,9,4,0,0,0,0,0,2,1,2,2,1,0,0,0,0,14,9,4,2,21,25,17,18,17,20,5,7,47.4,52.6,J. Huberdeau (CGY),D. Wolf (CGY),T. Konecny (PHI)
2025-11-02,2025020197,20252026,2,2025-11-03T01:00:00Z,Honda Center,REG,ANA,ANA,NJD,4,1,2,0,1,0,1,1,0,0,2,4,2,2,0,0,0,2,0,0,1,1,0,0,0,1,0,0,29,33,9,14,9,7,11,12,0,0,0,0,1,1,2,1,1,2,0,0,1,0,14,18,2,4,18,15,18,19,20,13,6,4,47.9,52.1,L. Dostal (ANA),B. Sennecke (ANA),C. Gauthier (ANA)
2025-11-02,2025020198,20252026,2,2025-11-03T01:00:00Z,SAP Center at San Jose,SO,DET,SJS,DET,2,3,0,0,0,1,2,1,0,0,6,6,4,0,0,2,2,4,0,0,2,0,0,1,1,2,0,0,18,32,5,6,4,14,7,8,2,4,0,0,2,3,2,2,3,3,0,0,0,0,7,18,6,6,16,16,19,17,15,23,4,6,37.0,63.0,M. Seider (DET),S. Dickinson (SJS),A. Nedeljkovic (SJS)
2025-11-03,2025020199,20252026,2,2025-11-04T00:30:00Z,Scotiabank Arena,REG,TOR,TOR,PIT,4,3,0,2,0,1,4,0,0,0,6,2,0,2,4,0,2,0,0,0,0,1,2,0,1,0,0,0,20,37,5,8,3,17,12,12,0,0,0,1,1,10,1,3,3,1,0,0,0,0,11,16,6,2,35,9,24,5,22,18,5,5,58.9,41.1,W. Nylander (TOR),A. Matthews (TOR),A. Stolarz (TOR)
2025-11-03,2025020200,20252026,2,2025-11-04T01:30:00Z,Enterprise Center,REG,STL,STL,EDM,3,2,0,1,2,1,1,0,0,0,2,4,2,0,0,4,0,0,0,0,1,0,0,2,0,0,0,0,22,26,9,8,9,11,4,7,0,0,1,1,2,1,2,1,1,2,0,0,0,0,13,11,2,4,13,17,21,12,19,16,8,5,41.2,58.8,R. Thomas (STL),P. Suter (STL),D. Dvorsky (STL)
2025-11-03,2025020201,20252026,2,2025-11-04T01:30:00Z,Bridgestone Arena,OT,VAN,NSH,VAN,4,5,1,1,1,2,2,1,0,1,6,8,2,0,4,4,0,4,0,0,1,0,2,2,0,2,0,0,29,36,4,12,10,14,14,8,1,2,2,2,6,8,4,3,3,4,0,0,0,0,14,12,6,8,19,22,7,22,18,21,5,5,55.2,44.8,B. Boeser (VAN),E. Kane (VAN),F. Forsberg (NSH)
2025-11-03,2025020202,20252026,2,2025-11-04T03:00:00Z,Climate Pledge Arena,REG,SEA,SEA,CHI,3,1,0,0,2,0,1,1,0,0,6,4,2,0,4,2,0,2,0,0,1,0,2,1,0,1,0,0,24,30,10,10,5,14,9,6,0,0,1,0,4,4,2,3,3,2,0,0,0,0,10,15,6,4,20,12,19,11,20,21,4,2,42.1,57.9,M. Beniers (SEA),J. Eberle (SEA),J. Oleksiak (SEA)
2025-11-04,2025020203,20252026,2,2025-11-05T00:00:00Z,KeyBank Center,OT,UTA,BUF,UTA,1,2,0,0,0,0,1,1,0,1,4,4,0,4,4,0,0,0,0,0,0,2,2,0,0,0,0,0,18,35,9,7,5,15,3,12,1,1,0,0,1,6,2,2,2,2,0,0,0,0,9,19,4,4,20,15,21,9,11,15,4,4,40.0,60.0,A. Lyon (BUF),N. Ostlund (BUF),C. Keller (UTA)
2025-11-04,2025020204,20252026,2,2025-11-05T00:00:00Z,Centre Bell,SO,PHI,MTL,PHI,4,5,0,3,4,0,0,1,0,0,12,10,4,2,6,8,2,0,2,0,2,1,3,4,1,0,1,0,20,42,2,12,9,17,7,11,2,2,2,2,3,10,4,5,6,5,0,0,0,0,14,12,19,15,26,22,15,10,17,17,3,3,65.5,34.5,T. Zegras (PHI),I. Demidov (MTL),K. Dach (MTL)
2025-11-04,2025020205,20252026,2,2025-11-05T00:00:00Z,UBS Arena,SO,BOS,NYI,BOS,3,4,0,0,2,2,1,1,0,0,12,10,0,0,10,8,2,2,0,0,0,0,5,4,1,1,0,0,33,27,3,7,18,8,10,11,2,1,0,1,6,6,3,4,6,5,0,0,0,0,15,12,12,10,15,16,14,16,14,13,6,5,50.0,50.0,M. Khusnutdinov (BOS),B. Horvat (NYI),J. Swayman (BOS)
2025-11-04,2025020206,20252026,2,2025-11-05T00:00:00Z,Madison Square Garden,REG,CAR,NYR,CAR,0,3,0,1,0,1,0,1,0,0,6,6,4,2,2,4,0,0,0,0,2,1,1,2,0,0,0,0,26,32,15,13,10,13,1,6,0,0,0,1,10,7,3,3,3,3,0,0,0,1,13,17,6,6,22,13,14,16,8,16,10,6,47.4,52.6,P. Kochetkov (CAR),N. Ehlers (CAR),M. Reilly (CAR)
2025-11-04,2025020207,20252026,2,2025-11-05T01:00:00Z,American Airlines Center,SO,DAL,DAL,EDM,4,3,0,2,1,0,2,1,0,0,6,8,4,4,2,4,0,0,0,0,2,2,1,2,0,0,0,0,27,26,11,7,8,5,5,12,3,2,1,1,6,2,4,3,3,4,0,0,0,0,14,15,6,8,18,18,8,18,14,13,2,10,45.6,54.4,M. Rantanen (DAL),W. Johnston (DAL),C. McDavid (EDM)
2025-11-04,2025020208,20252026,2,2025-11-05T01:00:00Z,Grand Casino Arena,OT,MIN,MIN,NSH,3,2,1,0,1,1,0,1,1,0,4,6,0,4,4,2,0,0,0,0,0,2,2,1,0,0,0,0,24,34,9,10,4,14,8,9,4,1,2,0,3,5,3,2,2,3,0,0,0,0,18,17,4,6,22,13,22,11,18,18,6,3,46.0,54.0,M. Johansson (MIN),F. Gustavsson (MIN),S. Stamkos (NSH)
2025-11-04,2025020209,20252026,2,2025-11-05T02:30:00Z,Ball Arena,REG,COL,COL,TBL,3,2,1,1,2,0,0,1,0,0,6,8,2,4,2,2,2,2,0,0,1,2,1,1,1,1,0,0,33,24,10,9,14,7,9,8,0,0,1,0,9,2,4,3,3,4,0,0,0,0,10,17,11,13,17,23,15,14,11,14,7,4,50.8,49.2,V. Olofsson (COL),R. Colton (COL),B. Point (TBL)
2025-11-04,2025020210,20252026,2,2025-11-05T03:00:00Z,T-Mobile Arena,REG,VGK,VGK,DET,1,0,0,0,1,0,0,0,0,0,4,2,2,2,0,0,2,0,0,0,1,1,0,0,1,0,0,0,34,24,14,9,9,5,11,10,0,0,0,0,0,0,1,2,2,1,0,0,0,0,15,22,4,2,21,10,17,13,14,15,3,0,66.1,33.9,A. Schmid (VGK),I. Barbashev (VGK),B. Saad (VGK)
2025-11-04,2025020211,20252026,2,2025-11-05T03:00:00Z,Honda Center,REG,ANA,ANA,FLA,7,3,2,1,2,2,3,0,0,0,10,16,2,6,4,2,4,8,0,0,1,3,2,1,2,4,0,0,32,21,9,9,10,10,13,2,0,0,2,1,7,3,7,5,5,8,0,0,0,0,15,18,25,16,13,27,8,17,13,18,6,4,55.2,44.8,C. Gauthier (ANA),T. Terry (ANA),N. Nesterenko (ANA)
2025-11-04,2025020212,20252026,2,2025-11-05T03:30:00Z,Crypto.com Arena,REG,LAK,LAK,WPG,3,0,1,0,0,0,2,0,0,0,10,12,4,4,2,2,4,6,0,0,2,2,1,1,2,3,0,0,26,23,7,5,11,8,8,10,0,0,1,0,5,6,6,5,5,6,0,0,1,0,13,16,10,12,13,16,10,15,13,10,3,5,62.7,37.3,A. Kempe (LAK),D. Kuemper (LAK),D. Doughty (LAK)
2025-11-05,2025020213,20252026,2,2025-11-06T00:00:00Z,Scotiabank Arena,REG,TOR,TOR,UTA,5,3,0,1,2,1,3,1,0,0,6,2,2,0,4,2,0,0,0,0,1,0,2,1,0,0,0,0,19,24,5,8,7,8,7,8,0,0,0,0,0,3,1,3,3,1,0,0,1,0,14,12,6,2,15,17,8,6,19,27,6,5,54.9,45.1,M. Maccelli (TOR),A. Matthews (TOR),J. Tavares (TOR)
2025-11-05,2025020214,20252026,2,2025-11-06T00:30:00Z,Capital One Arena,REG,WSH,WSH,STL,6,1,1,0,4,0,1,1,0,0,6,6,2,2,4,4,0,0,0,0,1,1,2,2,0,0,0,0,32,24,12,5,8,10,12,9,0,0,1,0,4,4,3,3,3,3,0,1,0,0,13,12,11,11,8,27,14,22,18,16,2,3,56.5,43.5,A. Ovechkin (WSH),J. Carlson (WSH),A. Beauvillier (WSH)
2025-11-05,2025020215,20252026,2,2025-11-06T02:30:00Z,Scotiabank Saddledome,REG,CGY,CGY,CBJ,5,1,2,1,2,0,1,0,0,0,4,6,0,2,0,0,4,4,0,0,0,1,0,0,2,2,0,0,26,43,13,10,7,11,6,22,0,0,0,0,3,5,2,1,2,3,0,1,1,0,8,18,4,6,24,18,23,10,13,19,1,3,41.2,58.8,N. Kadri (CGY),D. Wolf (CGY),S. Honzek (CGY)
2025-11-05,2025020216,20252026,2,2025-11-06T03:00:00Z,Rogers Arena,REG,CHI,VAN,CHI,2,5,0,0,0,0,2,5,0,0,2,4,0,0,0,4,2,0,0,0,0,0,0,2,1,0,0,0,45,28,16,11,19,8,10,9,0,0,0,1,6,1,2,1,1,2,0,0,0,1,18,13,2,4,18,12,15,8,21,17,6,4,55.6,44.4,T. Bertuzzi (CHI),S. Knight (CHI),E. Kane (VAN)
2025-11-05,2025020217,20252026,2,2025-11-06T03:00:00Z,Climate Pledge Arena,REG,SJS,SEA,SJS,1,6,1,2,0,1,0,3,0,0,6,12,0,2,4,4,2,6,0,0,0,1,2,2,1,3,0,0,30,23,11,6,5,11,14,6,0,0,0,1,13,4,6,3,3,6,0,1,0,0,18,10,6,12,16,18,10,20,13,11,4,5,56.8,43.2,M. Celebrini (SJS),W. Smith (SJS),Y. Askarov (SJS)
2025-11-06,2025020218,20252026,2,2025-11-07T00:00:00Z,TD Garden,OT,BOS,BOS,OTT,3,2,0,1,2,0,0,1,1,0,6,6,0,0,4,4,2,2,2,2,0,0,2,2,1,1,1,1,25,22,9,2,9,8,3,10,4,2,0,0,1,2,2,1,3,3,0,0,0,0,12,10,8,8,25,30,13,18,12,10,8,7,50.9,49.1,P. Zacha (BOS),J. Korpisalo (BOS),A. Peeke (BOS)
2025-11-06,2025020219,20252026,2,2025-11-07T00:00:00Z,KeyBank Center,REG,STL,BUF,STL,0,3,0,1,0,1,0,1,0,0,4,6,0,2,2,2,2,2,0,0,0,1,1,1,1,1,0,0,28,17,7,4,9,8,12,5,0,0,0,0,5,3,3,2,2,3,0,1,0,1,13,9,9,11,16,15,12,19,15,8,1,4,45.6,54.4,J. Hofer (STL),M. Joseph (STL),N. Bjugstad (STL)
2025-11-06,2025020220,20252026,2,2025-11-07T00:00:00Z,Prudential Center,OT,NJD,NJD,MTL,4,3,1,1,1,0,1,2,1,0,4,10,2,4,2,2,0,4,0,0,1,2,1,1,0,2,0,0,28,19,8,4,12,8,6,7,2,0,0,0,4,1,5,2,2,5,0,0,0,0,11,9,4,10,19,14,13,21,16,16,2,6,43.2,56.8,J. Bratt (NJD),N. Dobson (MTL),T. Meier (NJD)
2025-11-06,2025020222,20252026,2,2025-11-07T00:00:00Z,Lenovo Center,REG,CAR,CAR,MIN,4,3,3,2,1,1,0,0,0,0,8,2,8,2,0,0,0,0,0,0,4,1,0,0,0,0,0,0,27,24,7,3,14,7,6,14,0,0,0,1,2,1,2,3,4,1,0,0,0,0,31,11,23,12,19,35,11,17,13,16,9,3,52.9,47.1,S. Walker (CAR),J. Blake (CAR),N. Ehlers (CAR)
2025-11-06,2025020221,20252026,2,2025-11-07T00:30:00Z,PPG Paints Arena,REG,PIT,PIT,WSH,5,3,2,0,1,3,2,0,0,0,6,10,2,6,0,2,4,2,0,0,1,3,0,1,2,1,0,0,31,30,16,7,7,15,8,8,0,0,3,0,8,3,5,3,3,5,0,0,1,0,20,12,6,10,10,27,16,15,18,17,5,6,48.3,51.7,B. Rust (PIT),S. Crosby (PIT),D. Strome (WSH)
2025-11-06,2025020223,20252026,2,2025-11-07T01:00:00Z,Bridgestone Arena,REG,PHI,NSH,PHI,1,3,1,0,0,2,0,1,0,0,6,10,2,0,4,6,0,4,0,0,1,0,2,3,0,2,0,0,24,26,10,7,10,10,4,9,0,0,0,0,1,1,3,1,3,5,0,0,0,1,25,8,6,10,22,24,12,17,22,20,5,4,51.9,48.1,N. Cates (PHI),M. Michkov (PHI),R. O'Reilly (NSH)
2025-11-06,2025020224,20252026,2,2025-11-07T01:00:00Z,American Airlines Center,REG,ANA,DAL,ANA,5,7,2,0,1,4,2,3,0,0,10,10,4,4,2,0,4,6,0,0,2,2,1,0,2,3,0,0,26,25,8,7,5,11,13,7,0,0,3,2,7,9,5,5,5,5,0,1,0,1,6,15,10,10,15,22,19,10,17,10,5,5,59.3,40.7,C. Kreider (ANA),W. Johnston (DAL),L. Carlsson (ANA)
2025-11-06,2025020225,20252026,2,2025-11-07T03:00:00Z,T-Mobile Arena,REG,TBL,VGK,TBL,3,6,2,0,0,2,1,4,0,0,8,6,0,0,4,0,4,6,0,0,0,0,2,0,2,3,0,0,32,27,15,3,4,15,13,9,0,0,0,2,2,12,3,4,4,3,0,0,0,1,10,24,8,6,13,11,17,16,13,8,2,9,59.3,40.7,N. Kucherov (TBL),M. Marner (VGK),D. James (TBL)
2025-11-06,2025020226,20252026,2,2025-11-07T03:00:00Z,Crypto.com Arena,REG,FLA,LAK,FLA,2,5,2,2,0,1,0,2,0,0,4,8,0,4,2,2,2,2,0,0,0,2,1,1,1,1,0,0,26,24,13,8,6,8,7,8,0,0,1,0,5,1,4,2,2,4,0,1,0,0,10,10,9,13,16,24,16,14,13,11,4,2,49.1,50.9,B. Marchand (FLA),N. Mikkola (FLA),A. Lundell (FLA)
2025-11-07,2025020227,20252026,2,2025-11-08T00:00:00Z,Little Caesars Arena,REG,NYR,DET,NYR,1,4,1,1,0,1,0,2,0,0,6,8,2,4,4,2,0,2,0,0,1,2,2,1,0,1,0,0,33,26,13,7,10,13,10,6,0,0,0,1,8,2,4,3,3,4,0,0,0,0,10,20,11,13,24,27,14,20,17,6,3,4,44.4,55.6,A. Panarin (NYR),A. Lafrenière (NYR),J. Quick (NYR)
2025-11-07,2025020228,20252026,2,2025-11-08T00:00:00Z,UBS Arena,REG,MIN,NYI,MIN,2,5,0,2,2,2,0,1,0,0,2,4,0,2,2,2,0,0,0,0,0,1,1,1,0,0,0,0,27,26,10,7,11,13,6,6,0,0,0,0,5,2,2,1,1,2,0,0,0,0,7,14,2,4,15,16,15,11,22,13,2,6,54.8,45.2,K. Kaprizov (MIN),B. Faber (MIN),M. Rossi (MIN)
2025-11-07,2025020229,20252026,2,2025-11-08T02:00:00Z,Scotiabank Saddledome,REG,CHI,CGY,CHI,0,4,0,1,0,0,0,3,0,0,6,6,2,2,2,2,2,2,0,0,1,1,1,1,1,1,0,0,33,27,11,10,11,7,11,10,0,0,0,1,1,4,3,3,3,3,0,0,0,0,13,7,21,21,29,18,13,10,15,17,5,10,58.3,41.7,C. Bedard (CHI),S. Knight (CHI),T. Bertuzzi (CHI)
2025-11-07,2025020230,20252026,2,2025-11-08T03:00:00Z,SAP Center at San Jose,REG,SJS,SJS,WPG,2,1,1,1,0,0,1,0,0,0,4,8,2,4,0,0,2,4,0,0,1,2,0,0,1,2,0,0,28,33,8,12,11,9,9,12,0,0,0,0,4,4,4,2,2,4,0,0,0,0,13,9,4,8,16,20,11,28,8,12,1,6,37.5,62.5,W. Smith (SJS),A. Nedeljkovic (SJS),C. Hellebuyck (WPG)
2025-11-08,2025020231,20252026,2,2025-11-08T17:30:00Z,Prudential Center,SO,NJD,NJD,PIT,2,1,1,0,0,1,0,0,0,0,2,4,0,0,0,2,2,2,0,0,0,0,0,1,1,1,0,0,24,34,6,12,9,11,8,7,1,4,0,0,4,3,2,1,1,2,0,0,0,0,10,12,7,9,22,19,22,14,11,13,6,3,58.2,41.8,J. Allen (NJD),A. Silovs (PIT),A. Gritsyuk (NJD)
2025-11-08,2025020232,20252026,2,2025-11-08T18:00:00Z,Xfinity Mobile Arena,OT,OTT,PHI,OTT,2,3,0,2,1,0,1,0,0,1,8,8,2,2,4,6,2,0,0,0,1,1,2,3,1,0,0,0,22,14,4,6,10,6,8,1,0,1,0,0,3,1,2,2,4,4,0,0,0,0,14,13,8,8,26,18,10,17,13,16,8,5,45.3,54.7,T. Stützle (OTT),M. Amadio (OTT),M. Michkov (PHI)
2025-11-08,2025020233,20252026,2,2025-11-08T20:30:00Z,Bridgestone Arena,REG,DAL,NSH,DAL,4,5,1,1,2,1,1,3,0,0,10,8,6,0,4,2,0,6,0,0,3,0,2,1,0,3,0,0,21,22,4,7,7,9,10,6,0,0,1,1,4,5,4,5,5,4,0,0,0,0,10,12,10,8,23,15,6,12,20,10,3,3,54.4,45.6,W. Johnston (DAL),M. Bourque (DAL),N. Hague (NSH)
2025-11-08,2025020234,20252026,2,2025-11-09T00:00:00Z,Scotiabank Arena,REG,BOS,TOR,BOS,3,5,2,2,1,2,0,1,0,0,4,10,0,4,2,2,2,4,0,0,0,2,1,1,1,2,0,0,33,39,6,13,12,14,15,12,0,0,2,1,7,4,4,1,2,5,0,0,0,0,19,18,9,15,26,22,10,12,25,21,6,4,48.4,51.6,M. Geekie (BOS),M. Rielly (TOR),M. Lohrei (BOS)
2025-11-08,2025020235,20252026,2,2025-11-09T00:00:00Z,Centre Bell,REG,MTL,MTL,UTA,6,2,1,1,2,1,3,0,0,0,4,4,0,2,4,0,0,2,0,0,0,1,2,0,0,1,0,0,23,27,5,4,7,15,11,8,0,0,0,0,3,6,2,2,2,2,0,0,0,0,12,14,4,4,25,22,13,11,12,16,4,4,50.0,50.0,C. Caufield (MTL),O. Kapanen (MTL),A. Newhook (MTL)
2025-11-08,2025020236,20252026,2,2025-11-09T00:00:00Z,Benchmark International Arena,REG,TBL,TBL,WSH,3,2,2,1,0,1,1,0,0,0,6,8,2,2,2,2,2,4,0,0,1,1,1,1,1,2,0,0,20,30,8,13,8,9,4,8,0,0,1,0,1,2,2,1,3,4,0,0,0,0,9,19,11,23,20,19,10,12,11,12,4,5,44.2,55.8,B. Hagel (TBL),J. Guentzel (TBL),C. D'Astous (TBL)
2025-11-08,2025020237,20252026,2,2025-11-09T00:00:00Z,Madison Square Garden,REG,NYI,NYR,NYI,0,5,0,2,0,1,0,2,0,0,4,4,0,2,2,2,2,0,0,0,0,1,1,1,1,0,0,0,33,26,8,9,7,12,18,5,0,0,0,1,4,4,2,2,2,2,0,0,0,1,15,14,4,4,14,18,14,18,15,14,5,5,48.2,51.8,I. Sorokin (NYI),B. Horvat (NYI),J. Drouin (NYI)
2025-11-08,2025020238,20252026,2,2025-11-09T00:00:00Z,Lenovo Center,REG,CAR,CAR,BUF,6,3,1,1,2,0,3,2,0,0,4,6,0,2,4,4,0,0,0,0,0,1,2,2,0,0,0,0,35,22,10,6,15,5,10,11,0,0,1,0,3,0,2,1,2,3,0,0,2,0,18,13,4,6,25,21,13,16,24,25,7,7,51.6,48.4,A. Svechnikov (CAR),C. Legault (CAR),J. Kotkaniemi (CAR)
2025-11-08,2025020239,20252026,2,2025-11-09T00:00:00Z,Enterprise Center,OT,SEA,STL,SEA,3,4,2,0,0,2,1,1,0,1,6,4,2,4,2,0,2,0,0,0,1,2,1,0,1,0,0,0,19,30,9,9,5,15,5,5,0,1,1,1,1,4,2,3,3,2,0,0,0,0,12,14,6,4,32,14,22,10,15,20,2,4,56.2,43.8,S. Wright (SEA),E. Tolvanen (SEA),J. Kyrou (STL)
2025-11-08,2025020240,20252026,2,2025-11-09T03:00:00Z,Rogers Place,REG,COL,EDM,COL,1,9,0,2,1,4,0,3,0,0,14,10,8,4,2,4,4,2,0,0,4,2,1,2,2,1,0,0,24,34,6,9,10,12,8,13,0,0,1,0,4,10,5,7,7,5,0,1,0,0,13,9,14,10,13,7,16,14,10,23,2,4,54.8,45.2,P. Kelly (COL),C. Makar (COL),N. MacKinnon (COL)
2025-11-08,2025020241,20252026,2,2025-11-09T03:00:00Z,Rogers Arena,REG,VAN,VAN,CBJ,4,3,0,0,2,2,2,1,0,0,10,6,2,2,4,2,4,2,0,0,1,1,2,1,2,1,0,0,24,32,8,11,9,13,7,8,0,0,0,0,3,6,3,3,5,3,0,0,0,0,18,21,10,21,20,15,16,11,11,10,5,4,40.4,59.6,D. O'Connor (VAN),K. Marchenko (CBJ),B. Boeser (VAN)
2025-11-08,2025020242,20252026,2,2025-11-09T03:00:00Z,T-Mobile Arena,OT,ANA,VGK,ANA,3,4,1,1,0,2,2,0,0,1,2,6,0,0,2,4,0,2,0,0,0,0,1,2,0,1,0,0,39,29,7,8,8,12,21,6,3,3,1,0,5,1,3,1,1,3,0,0,0,0,14,18,2,6,17,18,13,21,19,16,13,5,55.4,44.6,J. Trouba (ANA),L. Carlsson (ANA),K. Korczak (VGK)
2025-11-08,2025020243,20252026,2,2025-11-09T03:00:00Z,SAP Center at San Jose,REG,SJS,SJS,FLA,3,1,1,0,1,1,1,0,0,0,10,4,4,2,4,0,2,2,0,0,2,1,2,0,1,1,0,0,23,39,14,6,3,20,6,13,0,0,0,0,4,9,2,5,5,2,0,0,1,0,8,19,10,4,17,23,18,11,13,15,6,7,45.8,54.2,Y. Askarov (SJS),M. Celebrini (SJS),B. Marchand (FLA)
2025-11-09,2025020244,20252026,2,2025-11-09T18:00:00Z,Little Caesars Arena,REG,CHI,DET,CHI,1,5,1,1,0,1,0,3,0,0,6,10,2,4,2,4,2,2,0,0,1,2,1,2,1,1,0,0,46,20,10,9,14,6,22,5,0,0,0,3,11,3,5,3,3,5,0,0,0,1,21,6,6,10,20,17,8,16,20,12,3,4,51.6,48.4,A. Soderblom (CHI),T. Teravainen (CHI),C. Bedard (CHI)
2025-11-09,2025020245,20252026,2,2025-11-09T19:00:00Z,PPG Paints Arena,REG,LAK,PIT,LAK,2,3,1,1,1,0,0,2,0,0,8,4,2,0,6,4,0,0,0,0,1,0,3,2,0,0,0,0,33,27,14,10,9,9,10,8,0,0,1,1,4,6,2,4,4,2,0,0,0,0,16,16,8,4,19,9,17,7,16,15,2,3,50.0,50.0,K. Fiala (LAK),C. Perry (LAK),T. Novak (PIT)
2025-11-09,2025020246,20252026,2,2025-11-10T00:00:00Z,Scotiabank Arena,REG,CAR,TOR,CAR,4,5,3,2,1,1,0,2,0,0,10,8,4,4,4,2,2,2,0,0,2,2,2,1,1,1,0,0,20,47,10,12,8,13,2,22,0,0,1,1,5,14,3,4,5,4,0,0,0,0,5,16,10,8,21,13,23,9,10,12,3,6,58.3,41.7,L. Stankoven (CAR),W. Nylander (TOR),S. Jarvis (CAR)
2025-11-09,2025020247,20252026,2,2025-11-10T00:00:00Z,Canadian Tire Centre,REG,OTT,OTT,UTA,4,2,1,1,2,1,1,0,0,0,4,6,4,2,0,2,0,2,0,0,2,1,0,1,0,1,0,0,25,31,5,14,9,9,11,8,0,0,0,0,2,2,2,1,2,3,0,0,0,0,12,14,4,6,28,13,11,9,15,20,5,3,61.7,38.3,J. Spence (OTT),L. Meriläinen (OTT),R. Greig (OTT)
2025-11-09,2025020248,20252026,2,2025-11-10T00:00:00Z,American Airlines Center,REG,DAL,DAL,SEA,2,1,2,1,0,0,0,0,0,0,8,8,0,2,4,2,4,4,0,0,0,1,2,1,2,2,0,0,25,31,10,7,8,15,7,9,0,0,1,0,2,9,3,3,4,4,0,0,0,0,12,10,8,8,15,25,14,15,19,11,5,6,67.4,32.6,C. DeSmith (DAL),T. Seguin (DAL),M. Heiskanen (DAL)
2025-11-09,2025020249,20252026,2,2025-11-10T01:00:00Z,Grand Casino Arena,REG,MIN,MIN,CGY,2,0,0,0,1,0,1,0,0,0,6,8,0,0,2,6,4,2,0,0,0,0,1,3,2,1,0,0,19,36,8,11,7,12,4,13,0,0,0,0,3,1,4,3,3,4,0,0,0,0,16,17,6,8,13,15,20,13,16,19,6,5,42.6,57.4,M. Johansson (MIN),J. Wallstedt (MIN),J. Eriksson Ek (MIN)
2025-11-09,2025020250,20252026,2,2025-11-10T03:00:00Z,Rogers Arena,OT,COL,VAN,COL,4,5,1,2,1,0,2,2,0,1,6,10,2,4,0,4,4,2,0,0,1,2,0,2,2,1,0,0,33,32,16,9,10,7,7,14,0,2,1,2,9,3,5,3,3,5,1,0,0,0,22,14,6,10,10,18,18,13,12,10,2,5,59.1,40.9,N. MacKinnon (COL),Q. Hughes (VAN),A. Lehkonen (COL)
2025-11-09,2025020251,20252026,2,2025-11-10T03:00:00Z,Honda Center,REG,ANA,ANA,WPG,4,1,2,0,1,1,1,0,0,0,8,8,4,2,2,4,2,2,0,0,2,1,1,2,1,1,0,0,21,24,9,9,8,5,4,10,0,0,2,0,3,3,4,4,4,4,0,0,0,0,24,20,8,8,20,21,14,15,12,21,4,5,46.4,53.6,B. Sennecke (ANA),L. Carlsson (ANA),L. Dostal (ANA)
2025-11-10,2025020252,20252026,2,2025-11-11T00:00:00Z,Prudential Center,OT,NYI,NJD,NYI,2,3,1,0,0,1,1,1,0,1,2,8,0,4,0,0,2,4,0,0,0,2,0,0,1,2,0,0,35,24,11,7,10,8,14,8,0,1,1,1,10,2,4,1,1,4,0,0,0,0,18,3,2,8,13,17,11,19,20,12,3,4,40.5,59.5,M. Barzal (NYI),S. Nemec (NJD),K. Palmieri (NYI)
2025-11-10,2025020253,20252026,2,2025-11-11T00:00:00Z,Madison Square Garden,REG,NYR,NYR,NSH,6,3,2,1,3,0,1,2,0,0,8,4,2,0,0,2,6,2,0,0,1,0,0,1,3,1,0,0,18,30,8,10,4,4,6,16,0,0,1,2,2,12,2,4,4,2,0,0,0,0,11,16,8,4,31,15,12,6,18,14,6,2,50.8,49.2,A. Lafrenière (NYR),V. Trocheck (NYR),A. Panarin (NYR)
2025-11-10,2025020254,20252026,2,2025-11-11T01:30:00Z,Rogers Place,OT,EDM,EDM,CBJ,5,4,1,1,0,2,3,1,1,0,8,6,4,2,0,2,4,2,0,0,2,1,0,1,2,1,0,0,24,22,7,5,6,10,9,6,2,1,0,0,1,1,1,2,4,3,1,0,0,0,12,23,13,11,23,11,27,13,19,19,5,7,49.1,50.9,C. McDavid (EDM),J. Walman (EDM),J. Roslovic (EDM)
2025-11-10,2025020255,20252026,2,2025-11-11T03:00:00Z,T-Mobile Arena,REG,FLA,VGK,FLA,2,3,0,1,0,1,2,1,0,0,8,8,0,0,6,6,2,2,0,0,0,0,3,3,1,1,0,0,32,20,13,10,7,9,12,1,0,0,0,1,3,2,3,3,4,4,0,0,0,0,13,17,13,13,22,21,13,13,16,13,6,2,46.9,53.1,B. Marchand (FLA),T. Hertl (VGK),I. Barbashev (VGK)
2025-11-11,2025020256,20252026,2,2025-11-12T00:00:00Z,TD Garden,REG,BOS,BOS,TOR,5,3,3,1,1,1,1,1,0,0,14,16,2,6,6,2,6,8,0,0,1,3,3,1,3,4,0,0,32,33,11,6,11,15,10,12,0,0,3,1,9,8,6,5,7,8,0,1,0,0,24,18,14,16,20,30,11,15,7,12,3,4,40.3,59.7,D. Pastrnak (BOS),H. Lindholm (BOS),C. McAvoy (BOS)
2025-11-11,2025020257,20252026,2,2025-11-12T00:00:00Z,Centre Bell,REG,LAK,MTL,LAK,1,5,1,0,0,3,0,2,0,0,6,6,4,4,2,2,0,0,0,0,2,2,1,1,0,0,0,0,22,26,9,12,7,7,6,7,0,0,0,0,3,3,3,3,3,3,0,0,0,1,18,19,6,6,21,10,15,16,18,9,6,3,49.1,50.9,Q. Byfield (LAK),A. Kopitar (LAK),J. Armia (LAK)
2025-11-11,2025020258,20252026,2,2025-11-12T00:00:00Z,Canadian Tire Centre,OT,DAL,OTT,DAL,2,3,2,0,0,1,0,1,0,1,6,4,2,2,0,2,4,0,0,0,1,1,0,1,2,0,0,0,29,33,12,6,9,7,6,16,2,4,0,1,2,5,2,3,3,2,0,0,0,0,10,9,6,4,15,24,13,10,11,16,4,5,46.9,53.1,J. Robertson (DAL),J. Oettinger (DAL),L. Ullmark (OTT)
2025-11-11,2025020259,20252026,2,2025-11-12T00:00:00Z,Lenovo Center,REG,WSH,CAR,WSH,1,4,0,1,1,1,0,2,0,0,12,12,6,6,2,2,4,4,0,0,3,3,1,1,2,2,0,0,31,28,7,10,14,8,10,10,0,0,0,1,6,10,5,5,6,6,0,0,0,1,17,11,17,17,22,13,10,21,20,24,6,7,54.0,46.0,L. Thompson (WSH),J. Carlson (WSH),N. Ehlers (CAR)
2025-11-11,2025020260,20252026,2,2025-11-12T01:00:00Z,Enterprise Center,REG,STL,STL,CGY,3,2,2,0,1,2,0,0,0,0,4,6,0,2,4,4,0,0,0,0,0,1,2,2,0,0,0,0,31,40,14,10,10,14,7,16,0,0,1,0,7,4,2,1,2,3,0,0,0,0,10,12,4,6,25,15,18,5,10,22,6,6,48.1,51.9,J. Binnington (STL),N. Walker (STL),O. Sundqvist (STL)
2025-11-11,2025020261,20252026,2,2025-11-12T01:00:00Z,Grand Casino Arena,OT,SJS,MIN,SJS,1,2,0,0,1,0,0,1,0,1,6,8,2,2,2,6,2,0,0,0,1,1,1,3,1,0,0,0,29,18,8,5,15,5,6,7,0,1,1,1,6,2,4,3,3,4,0,0,0,0,16,13,6,8,16,22,16,13,7,12,5,1,50.0,50.0,C. Graf (SJS),M. Boldy (MIN),M. Celebrini (SJS)
2025-11-11,2025020262,20252026,2,2025-11-12T02:30:00Z,Ball Arena,REG,COL,COL,ANA,4,1,1,1,1,0,2,0,0,0,6,10,4,4,0,2,2,4,0,0,2,2,0,1,1,2,0,0,36,36,12,12,11,7,13,17,0,0,1,0,5,2,4,2,3,5,0,0,1,0,15,9,6,10,16,26,13,19,12,16,6,7,51.7,48.3,S. Wedgewood (COL),N. MacKinnon (COL),A. Lehkonen (COL)
2025-11-11,2025020263,20252026,2,2025-11-12T03:00:00Z,Rogers Arena,REG,WPG,VAN,WPG,3,5,2,3,0,0,1,2,0,0,8,4,2,2,6,2,0,0,0,0,1,1,3,1,0,0,0,0,33,30,12,8,10,13,11,9,0,0,1,2,3,7,2,4,4,2,0,0,0,1,17,15,8,4,19,12,14,17,12,13,4,5,40.0,60.0,J. Morrissey (WPG),Q. Hughes (VAN),C. Hellebuyck (WPG)
2025-11-11,2025020264,20252026,2,2025-11-12T03:00:00Z,Climate Pledge Arena,SO,CBJ,SEA,CBJ,1,2,1,0,0,1,0,0,0,0,8,4,0,0,6,4,2,0,0,0,0,0,3,2,1,0,0,0,23,34,9,11,8,11,5,11,1,1,0,1,3,8,2,4,4,2,0,0,0,0,18,18,8,4,9,15,11,21,14,16,7,5,49.2,50.8,C. Coyle (CBJ),M. Murray (SEA),R. Winterton (SEA)
2025-11-12,2025020265,20252026,2,2025-11-13T00:00:00Z,Benchmark International Arena,REG,NYR,TBL,NYR,3,7,3,4,0,1,0,2,0,0,8,8,4,0,0,2,4,6,0,0,2,0,0,1,2,3,0,0,36,21,10,8,12,5,14,8,0,0,0,1,6,2,3,3,4,4,1,0,0,1,22,9,8,8,26,21,19,15,14,17,3,4,45.2,54.8,V. Trocheck (NYR),A. Panarin (NYR),S. Sabourin (TBL)
2025-11-12,2025020266,20252026,2,2025-11-13T00:30:00Z,Xfinity Mobile Arena,OT,EDM,PHI,EDM,1,2,0,1,1,0,0,0,0,1,6,8,2,0,0,2,4,6,0,0,1,0,0,1,2,3,0,0,21,31,5,13,6,11,9,5,1,2,1,0,5,2,3,2,3,4,0,0,0,0,13,10,6,8,21,10,13,10,18,23,5,5,32.7,67.3,J. Roslovic (EDM),D. Vladar (PHI),M. Michkov (PHI)
2025-11-12,2025020267,20252026,2,2025-11-13T02:00:00Z,Delta Center,REG,UTA,UTA,BUF,5,2,0,1,1,1,4,0,0,0,4,4,4,2,0,0,0,2,0,0,2,1,0,0,0,1,0,0,37,19,12,8,11,8,14,3,0,0,0,0,3,3,2,2,2,2,0,0,1,0,14,18,14,24,16,20,9,13,11,20,5,3,58.8,41.2,J. Peterka (UTA),L. Crouse (UTA),N. DeSimone (UTA)
2025-11-12,2025020268,20252026,2,2025-11-13T02:30:00Z,United Center,OT,NJD,CHI,NJD,3,4,1,0,0,1,2,2,0,1,2,6,0,6,2,0,0,0,0,0,0,3,1,0,0,0,0,0,20,37,12,10,3,14,5,9,0,4,1,0,9,1,3,1,1,3,0,0,0,0,12,19,2,6,28,19,13,7,20,16,3,6,42.6,57.4,S. Nemec (NJD),J. Hughes (NJD),S. Lafferty (CHI)
2025-11-13,2025020269,20252026,2,2025-11-14T00:00:00Z,Scotiabank Arena,OT,LAK,TOR,LAK,3,4,2,0,1,2,0,1,0,1,4,2,4,0,0,2,0,0,0,0,2,0,0,1,0,0,0,0,15,37,4,9,4,11,7,16,0,1,0,0,2,7,1,2,2,1,0,0,0,0,11,24,4,2,26,14,20,7,18,18,2,3,71.7,28.3,Q. Byfield (LAK),J. Tavares (TOR),A. Laferriere (LAK)
2025-11-13,2025020270,20252026,2,2025-11-14T00:00:00Z,Centre Bell,REG,DAL,MTL,DAL,0,7,0,1,0,4,0,2,0,0,10,8,2,2,2,4,6,2,0,0,1,1,1,2,3,1,0,0,24,19,14,5,3,8,7,6,0,0,0,1,3,3,3,3,5,4,0,0,0,0,15,9,15,13,30,17,13,12,14,17,4,6,36.4,63.6,J. Robertson (DAL),C. DeSmith (DAL),M. Rantanen (DAL)
2025-11-13,2025020271,20252026,2,2025-11-14T00:00:00Z,Canadian Tire Centre,REG,OTT,OTT,BOS,5,3,2,0,0,1,3,2,0,0,4,4,0,4,2,0,2,0,0,0,0,2,1,0,1,0,0,0,22,21,10,4,4,10,8,7,0,0,1,1,4,7,2,2,2,2,0,0,1,0,9,11,9,9,26,30,19,18,16,23,7,6,60.4,39.6,T. Stützle (OTT),C. Giroux (OTT),D. Cozens (OTT)
2025-11-13,2025020272,20252026,2,2025-11-14T00:00:00Z,Little Caesars Arena,REG,DET,DET,ANA,6,3,0,0,3,2,3,1,0,0,12,14,6,8,4,4,2,2,0,0,3,4,2,2,1,1,0,0,33,28,10,10,16,7,7,11,0,0,2,0,4,1,4,3,6,7,0,0,1,0,11,19,22,24,16,21,17,14,20,12,7,5,49.2,50.8,A. DeBrincat (DET),M. Seider (DET),L. Raymond (DET)
2025-11-13,2025020273,20252026,2,2025-11-14T00:00:00Z,Amerant Bank Arena,REG,FLA,FLA,WSH,6,3,1,1,2,0,3,2,0,0,4,10,2,0,0,6,2,4,0,0,1,0,0,3,1,2,0,0,28,40,7,17,12,10,9,13,0,0,2,0,8,1,5,2,2,5,0,0,1,0,16,22,4,10,22,14,19,13,14,11,4,6,47.5,52.5,S. Reinhart (FLA),B. Marchand (FLA),E. Luostarinen (FLA)
2025-11-13,2025020274,20252026,2,2025-11-14T00:30:00Z,Nationwide Arena,REG,CBJ,CBJ,EDM,5,4,1,0,3,2,1,2,0,0,6,4,2,2,0,0,4,2,0,0,1,1,0,0,2,1,0,0,25,29,6,4,15,12,4,13,0,0,0,0,2,4,1,2,3,2,0,0,0,0,15,20,6,4,12,15,15,11,14,13,7,2,59.3,40.7,M. Olivier (CBJ),C. Coyle (CBJ),L. Draisaitl (EDM)
2025-11-13,2025020275,20252026,2,2025-11-14T02:00:00Z,Ball Arena,REG,COL,COL,BUF,6,3,3,2,1,1,2,0,0,0,8,4,2,0,4,2,2,2,0,0,1,0,2,1,1,1,0,0,34,21,6,6,12,8,16,7,0,0,0,1,8,6,2,4,4,2,0,0,1,0,24,18,8,4,22,16,13,11,13,23,4,9,59.4,40.6,M. Necas (COL),G. Brindley (COL),A. Lehkonen (COL)
2025-11-13,2025020276,20252026,2,2025-11-14T02:00:00Z,Scotiabank Saddledome,REG,CGY,CGY,SJS,2,0,0,0,1,0,1,0,0,0,4,6,0,2,4,0,0,4,0,0,0,1,2,0,0,2,0,0,36,17,13,1,14,6,9,10,0,0,0,0,4,3,3,2,2,3,0,0,1,0,16,10,4,6,10,19,13,25,15,14,6,4,62.2,37.8,D. Wolf (CGY),Y. Askarov (SJS),B. Coleman (CGY)
2025-11-13,2025020277,20252026,2,2025-11-14T03:00:00Z,T-Mobile Arena,OT,NYI,VGK,NYI,3,4,0,2,1,0,2,1,0,1,10,8,2,2,6,4,2,2,0,2,1,1,3,2,1,1,0,1,29,24,10,6,8,10,8,5,3,3,0,1,8,6,4,5,5,4,0,0,0,0,18,18,10,10,22,9,12,14,12,7,2,3,43.4,56.6,J. Pageau (NYI),R. Smith (VGK),T. Hertl (VGK)
2025-11-13,2025020278,20252026,2,2025-11-14T03:00:00Z,Climate Pledge Arena,REG,SEA,SEA,WPG,5,3,1,1,1,2,3,0,0,0,6,6,0,2,4,2,2,2,0,0,0,1,2,1,1,1,0,0,18,26,8,4,5,13,5,9,0,0,1,1,3,2,3,3,3,3,0,0,1,0,16,14,6,6,14,20,12,13,8,14,2,5,46.6,53.4,V. Dunn (SEA),J. Eberle (SEA),P. Grubauer (SEA)
2025-11-14,2025020281,20252026,2,2025-11-14T19:00:00Z,Avicii Arena,OT,NSH,NSH,PIT,2,1,0,0,0,1,1,0,1,0,4,2,2,2,2,0,0,0,0,0,1,1,1,0,0,0,0,0,30,17,8,8,12,2,8,7,2,0,0,0,2,0,1,2,2,1,0,0,0,0,17,8,4,2,17,10,7,14,21,13,3,7,50.0,50.0,S. Stamkos (NSH),F. Forsberg (NSH),A. Silovs (PIT)
2025-11-14,2025020279,20252026,2,2025-11-15T00:00:00Z,Lenovo Center,OT,CAR,CAR,VAN,4,3,2,2,0,1,1,0,1,0,4,4,0,4,4,0,0,0,0,0,0,2,2,0,0,0,0,0,38,17,8,4,18,8,8,4,4,1,1,1,1,2,2,2,2,2,0,1,0,0,23,6,4,4,21,25,4,29,16,17,5,5,51.6,48.4,A. Svechnikov (CAR),S. Aho (CAR),S. Gostisbehere (CAR)
2025-11-14,2025020280,20252026,2,2025-11-15T01:00:00Z,Enterprise Center,SO,PHI,STL,PHI,5,6,2,1,1,2,2,2,0,0,2,2,0,0,2,2,0,0,0,0,0,0,1,1,0,0,0,0,17,31,8,8,4,11,4,6,1,6,0,0,2,1,1,1,1,1,0,0,0,0,11,9,2,2,20,18,11,16,13,10,6,4,56.6,43.4,O. Tippett (PHI),T. Zegras (PHI),J. Kyrou (STL)
2025-11-14,2025020282,20252026,2,2025-11-15T02:00:00Z,Delta Center,OT,NYI,UTA,NYI,2,3,2,1,0,0,0,1,0,1,8,12,4,6,2,2,2,4,0,0,2,3,1,1,1,2,0,0,30,21,14,6,10,7,6,5,0,3,1,0,8,6,6,4,4,6,0,0,0,0,18,16,8,22,13,18,20,11,13,20,4,4,45.6,54.4,M. Schaefer (NYI),D. Guenther (UTA),D. Rittich (NYI)
2025-11-15,2025020283,20252026,2,2025-11-15T22:00:00Z,Amerant Bank Arena,REG,TBL,FLA,TBL,1,3,0,1,1,0,0,2,0,0,14,16,2,0,2,8,10,8,0,0,1,0,1,4,5,4,0,0,23,20,6,10,7,7,10,3,0,0,1,0,6,4,5,4,7,8,0,0,0,1,24,14,14,16,25,27,7,14,15,18,4,2,56.1,43.9,J. Finley (TBL),B. Marchand (FLA),A. Vasilevskiy (TBL)
2025-11-15,2025020284,20252026,2,2025-11-15T23:00:00Z,Grand Casino Arena,REG,MIN,MIN,ANA,2,0,0,0,1,0,1,0,0,0,4,14,0,6,0,2,4,6,0,0,0,3,0,1,2,3,0,0,30,28,9,8,10,11,11,9,0,0,0,0,10,2,7,2,2,7,0,0,1,0,16,13,4,14,18,20,7,13,21,12,2,3,57.9,42.1,J. Wallstedt (MIN),J. Eriksson Ek (MIN),M. Johansson (MIN)
2025-11-15,2025020285,20252026,2,2025-11-16T00:00:00Z,Centre Bell,REG,BOS,MTL,BOS,2,3,1,1,1,2,0,0,0,0,16,20,6,8,4,8,6,4,0,0,3,4,2,4,3,2,0,0,28,23,7,10,12,7,9,6,0,0,0,1,6,11,7,5,8,10,1,0,0,0,24,17,26,30,27,27,22,16,10,14,7,5,41.1,58.9,D. Pastrnak (BOS),J. Evans (MTL),J. Swayman (BOS)
2025-11-15,2025020286,20252026,2,2025-11-16T00:00:00Z,Canadian Tire Centre,REG,LAK,OTT,LAK,0,1,0,1,0,0,0,0,0,0,6,4,0,4,0,0,6,0,0,0,0,2,0,0,3,0,0,0,17,18,4,5,6,2,7,11,0,0,0,0,0,5,2,2,3,2,0,0,0,0,19,10,6,4,22,16,13,20,14,18,4,2,55.6,44.4,A. Forsberg (LAK),A. Laferriere (LAK),C. Giroux (OTT)
2025-11-15,2025020287,20252026,2,2025-11-16T00:00:00Z,Little Caesars Arena,OT,BUF,DET,BUF,4,5,1,1,3,1,0,2,0,1,8,10,0,0,4,6,4,4,0,0,0,0,2,3,2,2,0,0,28,27,5,5,15,8,8,13,0,1,1,0,8,6,5,4,4,5,0,1,0,0,14,10,8,10,18,19,14,16,10,15,3,8,63.9,36.1,T. Thompson (BUF),L. Raymond (DET),J. Doan (BUF)
2025-11-15,2025020288,20252026,2,2025-11-16T00:00:00Z,Capital One Arena,SO,NJD,WSH,NJD,2,3,0,2,0,0,2,0,0,0,6,2,6,0,0,2,0,0,0,0,3,0,0,1,0,0,0,0,31,31,8,14,10,7,11,5,2,5,0,1,2,6,1,3,3,1,0,0,0,0,15,16,6,2,26,13,16,21,11,17,8,4,47.5,52.5,J. Allen (NJD),L. Thompson (WSH),L. Hughes (NJD)
2025-11-15,2025020289,20252026,2,2025-11-16T00:00:00Z,Lenovo Center,OT,EDM,CAR,EDM,3,4,1,2,1,0,1,1,0,1,2,4,2,0,0,4,0,0,0,0,1,0,0,2,0,0,0,0,36,23,11,8,16,6,9,8,0,1,0,1,5,1,2,1,1,2,0,0,0,0,18,15,2,4,17,25,11,13,23,20,8,4,42.6,57.4,C. McDavid (EDM),L. Draisaitl (EDM),J. Staal (CAR)
2025-11-15,2025020290,20252026,2,2025-11-16T00:00:00Z,Nationwide Arena,SO,NYR,CBJ,NYR,1,2,0,0,1,1,0,0,0,0,4,4,0,0,4,4,0,0,0,0,0,0,2,2,0,0,0,0,27,33,5,10,13,16,8,6,1,1,1,1,2,4,2,2,2,2,0,0,0,0,14,21,9,9,27,31,19,12,19,17,7,4,52.4,47.6,I. Shesterkin (NYR),J. Greaves (CBJ),J. Miller (NYR)
2025-11-15,2025020291,20252026,2,2025-11-16T00:00:00Z,United Center,REG,CHI,CHI,TOR,3,2,1,1,0,1,2,0,0,0,6,4,0,0,4,2,2,2,0,0,0,0,2,1,1,1,0,0,32,33,10,14,11,5,11,14,0,0,0,0,6,5,2,3,3,2,0,0,0,0,21,14,6,4,15,28,17,5,20,13,4,6,38.9,61.1,C. Dach (CHI),T. Teravainen (CHI),A. Levshunov (CHI)
2025-11-15,2025020292,20252026,2,2025-11-16T01:00:00Z,Enterprise Center,REG,VGK,STL,VGK,1,4,0,2,0,1,1,1,0,0,6,4,2,0,4,0,0,4,0,0,1,0,2,0,0,2,0,0,23,34,8,13,7,15,8,6,0,0,0,1,1,9,2,3,3,2,0,0,0,0,11,21,6,4,24,12,15,11,16,22,3,4,50.0,50.0,B. Bowman (VGK),R. Smith (VGK),B. Saad (VGK)
2025-11-15,2025020293,20252026,2,2025-11-16T01:00:00Z,American Airlines Center,REG,DAL,DAL,PHI,5,1,1,0,2,0,2,1,0,0,2,4,0,2,2,0,0,2,0,0,0,1,1,0,0,1,0,0,28,21,10,3,6,11,12,7,0,0,1,0,4,1,2,1,1,2,0,0,0,0,19,10,2,4,23,32,12,12,11,17,3,6,46.2,53.8,J. Robertson (DAL),R. Hintz (DAL),L. Bichsel (DAL)
2025-11-15,2025020294,20252026,2,2025-11-16T03:00:00Z,Scotiabank Saddledome,SO,WPG,CGY,WPG,3,4,0,0,2,2,1,1,0,0,2,4,0,2,0,0,2,2,0,2,0,1,0,0,1,1,0,1,34,23,12,8,10,10,11,4,1,1,1,1,6,2,2,1,1,2,0,0,0,0,11,21,2,16,27,21,22,15,19,17,4,5,50.0,50.0,M. Coronato (CGY),K. Connor (WPG),R. Andersson (CGY)
2025-11-15,2025020295,20252026,2,2025-11-16T03:00:00Z,Climate Pledge Arena,REG,SEA,SEA,SJS,4,1,1,1,2,0,1,0,0,0,12,4,2,0,4,2,6,2,0,0,1,0,2,1,3,1,0,0,23,26,6,7,10,14,7,5,0,0,0,1,0,6,2,6,6,2,1,0,1,0,10,19,12,4,13,19,25,8,12,14,3,5,45.3,54.7,P. Grubauer (SEA),C. Stephenson (SEA),J. Schwartz (SEA)
2025-11-16,2025020296,20252026,2,2025-11-16T14:00:00Z,Avicii Arena,REG,PIT,PIT,NSH,4,0,3,0,0,0,1,0,0,0,8,0,0,0,6,0,2,0,0,0,0,0,3,0,1,0,0,0,22,21,11,2,4,8,7,11,0,0,0,0,0,5,0,4,4,0,0,0,1,0,15,15,8,0,15,27,14,11,10,20,4,7,41.1,58.9,S. Murashov (PIT),E. Karlsson (PIT),S. Crosby (PIT)
2025-11-16,2025020297,20252026,2,2025-11-16T22:00:00Z,Benchmark International Arena,REG,VAN,TBL,VAN,2,6,1,0,1,1,0,5,0,0,8,8,0,0,4,4,4,4,0,0,0,0,2,2,2,2,0,0,30,18,13,1,6,6,11,11,0,0,0,2,2,4,2,3,4,4,0,0,0,1,19,9,33,33,18,28,8,10,16,12,3,5,47.5,52.5,Q. Hughes (VAN),M. MacEachern (VAN),J. Guentzel (TBL)
2025-11-16,2025020298,20252026,2,2025-11-16T23:00:00Z,Grand Casino Arena,OT,MIN,MIN,VGK,3,2,1,1,1,0,0,1,1,0,8,6,4,4,2,2,2,0,0,2,2,2,1,1,1,0,0,1,28,25,12,8,6,8,7,9,3,0,0,2,3,6,3,4,4,3,0,0,0,0,6,13,8,8,31,15,16,11,15,17,7,4,51.9,48.1,J. Eriksson Ek (MIN),K. Kaprizov (MIN),M. Foligno (MIN)
2025-11-16,2025020299,20252026,2,2025-11-17T00:00:00Z,Madison Square Garden,REG,DET,NYR,DET,1,2,0,0,1,1,0,1,0,0,12,4,0,2,6,2,6,0,0,0,0,1,3,1,3,0,0,0,19,42,6,9,10,19,3,14,0,0,1,1,2,16,2,5,6,2,0,0,0,0,17,15,22,14,26,23,18,21,19,16,4,5,39.6,60.4,L. Raymond (DET),J. Quick (NYR),C. Talbot (DET)
2025-11-16,2025020300,20252026,2,2025-11-17T02:00:00Z,Ball Arena,REG,COL,COL,NYI,4,1,0,1,2,0,2,0,0,0,8,6,0,2,4,2,4,2,0,0,0,1,2,1,2,1,0,0,28,29,7,7,10,11,11,11,0,0,0,0,4,9,3,4,4,3,0,0,1,0,13,16,13,11,19,11,11,14,14,12,7,3,42.6,57.4,S. Wedgewood (COL),B. Nelson (COL),V. Olofsson (COL)
2025-11-17,2025020301,20252026,2,2025-11-18T00:00:00Z,TD Garden,REG,CAR,BOS,CAR,1,3,0,0,0,2,1,1,0,0,6,10,2,2,0,2,4,6,0,0,1,1,0,1,2,3,0,0,30,32,9,10,7,13,14,9,0,0,1,0,6,6,4,2,3,5,0,0,0,0,8,26,6,10,26,19,20,10,27,15,4,6,56.1,43.9,P. Kochetkov (CAR),T. Hall (CAR),J. Staal (CAR)
2025-11-17,2025020302,20252026,2,2025-11-18T00:00:00Z,KeyBank Center,REG,BUF,BUF,EDM,5,1,1,0,2,1,2,0,0,0,2,4,2,4,0,0,0,0,0,0,1,2,0,0,0,0,0,0,28,33,6,7,13,10,9,16,0,0,1,0,3,2,2,1,1,2,0,0,1,0,19,13,7,9,13,20,19,16,14,17,7,5,43.9,56.1,N. Ostlund (BUF),C. Ellis (BUF),R. Dahlin (BUF)
2025-11-17,2025020303,20252026,2,2025-11-18T00:00:00Z,Amerant Bank Arena,REG,FLA,FLA,VAN,8,5,2,2,3,1,3,2,0,0,18,18,2,6,8,8,8,4,0,0,1,3,4,4,4,2,0,0,41,15,11,5,16,4,14,6,0,0,2,2,8,6,6,6,9,9,0,0,1,0,11,15,18,18,24,13,20,15,10,10,4,2,47.8,52.2,S. Jones (FLA),S. Reinhart (FLA),E. Pettersson (VAN)
2025-11-17,2025020304,20252026,2,2025-11-18T00:00:00Z,Capital One Arena,REG,WSH,WSH,LAK,2,1,1,0,1,1,0,0,0,0,6,4,0,2,4,0,2,2,0,0,0,1,2,0,1,1,0,0,25,31,14,8,4,12,7,11,0,0,0,1,3,6,2,3,3,2,0,0,0,0,12,13,6,4,17,18,21,16,12,12,4,4,46.8,53.2,C. Lindgren (WSH),A. Ovechkin (WSH),M. Roy (WSH)
2025-11-17,2025020305,20252026,2,2025-11-18T00:30:00Z,Nationwide Arena,SO,CBJ,CBJ,MTL,4,3,1,0,2,1,0,2,0,0,0,4,0,0,0,4,0,0,0,0,0,0,0,2,0,0,0,0,23,32,10,8,6,9,7,9,0,6,1,0,2,0,2,0,0,2,0,0,0,0,8,13,0,4,15,17,12,13,17,16,4,5,40.4,59.6,K. Marchenko (CBJ),Z. Werenski (CBJ),D. Voronkov (CBJ)
2025-11-17,2025020306,20252026,2,2025-11-18T03:00:00Z,Honda Center,OT,ANA,ANA,UTA,3,2,1,0,0,1,1,1,1,0,4,4,4,2,0,2,0,0,0,0,2,1,0,1,0,0,0,0,26,18,5,6,9,7,11,5,1,0,0,0,3,1,1,1,2,2,0,0,0,0,17,13,9,9,20,17,12,15,18,19,9,5,49.0,51.0,O. Zellweger (ANA),T. Terry (ANA),J. LaCombe (ANA)
2025-11-18,2025020307,20252026,2,2025-11-19T00:00:00Z,Scotiabank Arena,OT,TOR,TOR,STL,3,2,1,1,1,1,0,0,1,0,6,6,0,6,4,0,2,0,0,0,0,3,2,0,1,0,0,0,29,29,10,4,11,12,7,13,1,0,0,1,2,6,3,3,3,3,0,0,0,0,11,17,6,6,21,18,16,12,19,10,4,5,46.6,53.4,W. Nylander (TOR),J. Woll (TOR),J. Tavares (TOR)
2025-11-18,2025020308,20252026,2,2025-11-19T00:00:00Z,Little Caesars Arena,REG,DET,DET,SEA,4,2,0,1,3,1,1,0,0,0,4,4,2,0,0,4,2,0,0,0,1,0,0,2,1,0,0,0,27,22,10,11,10,6,7,5,0,0,1,1,3,3,2,2,2,2,0,0,1,0,16,9,4,4,23,11,9,14,13,14,4,3,50.8,49.2,N. Danielson (DET),E. Finnie (DET),D. Larkin (DET)
2025-11-18,2025020309,20252026,2,2025-11-19T00:00:00Z,Benchmark International Arena,REG,TBL,TBL,NJD,5,1,2,0,1,1,2,0,0,0,10,8,4,0,0,4,6,4,0,0,2,0,0,2,3,2,0,0,29,32,7,14,10,13,12,5,0,0,2,0,8,6,3,4,5,4,0,0,0,0,14,15,10,8,14,17,7,11,11,13,4,6,43.6,56.4,J. Guentzel (TBL),D. Raddysh (TBL),A. Vasilevskiy (TBL)
2025-11-18,2025020310,20252026,2,2025-11-19T01:00:00Z,American Airlines Center,REG,NYI,DAL,NYI,2,3,0,0,1,1,1,2,0,0,4,6,0,0,0,0,4,6,0,0,0,0,0,0,2,3,0,0,24,22,10,10,5,5,9,7,0,0,0,0,1,0,3,2,2,3,0,1,0,0,13,11,19,16,16,17,6,16,7,16,1,8,63.5,36.5,K. Palmieri (NYI),J. Robertson (DAL),D. Rittich (NYI)
2025-11-18,2025020311,20252026,2,2025-11-19T01:00:00Z,Canada Life Centre,REG,WPG,WPG,CBJ,5,2,1,1,2,0,2,1,0,0,2,4,0,2,0,2,2,0,0,0,0,1,0,1,1,0,0,0,30,22,11,11,8,4,11,7,0,0,1,0,5,1,2,1,1,2,0,0,0,0,16,14,2,4,16,13,18,11,13,18,3,5,54.8,45.2,M. Scheifele (WPG),A. Lowry (WPG),J. Morrissey (WPG)
2025-11-18,2025020312,20252026,2,2025-11-19T01:30:00Z,United Center,REG,CHI,CHI,CGY,5,2,1,0,1,1,3,1,0,0,10,12,2,4,2,4,6,4,0,0,1,2,1,2,3,2,0,0,23,21,5,4,9,7,9,10,0,0,0,1,3,4,4,4,5,6,0,0,1,0,11,14,60,62,13,43,11,15,19,9,5,3,44.1,55.9,C. Bedard (CHI),O. Moore (CHI),R. Donato (CHI)
2025-11-18,2025020313,20252026,2,2025-11-19T03:00:00Z,T-Mobile Arena,REG,VGK,VGK,NYR,3,2,1,0,1,1,1,1,0,0,2,4,0,2,2,0,0,2,0,0,0,1,1,0,0,1,0,0,26,19,8,5,7,6,11,8,0,0,2,0,7,2,2,1,1,2,0,0,0,0,14,16,2,4,20,34,17,17,16,15,4,5,46.0,54.0,B. Hutton (VGK),S. Theodore (VGK),A. Schmid (VGK)
2025-11-18,2025020314,20252026,2,2025-11-19T03:00:00Z,SAP Center at San Jose,OT,SJS,SJS,UTA,3,2,2,0,0,0,0,2,1,0,4,8,0,2,2,4,2,2,0,2,0,1,1,2,1,1,0,1,22,26,7,7,9,7,4,11,2,1,0,0,3,2,4,2,2,4,0,0,0,0,7,11,4,10,22,13,17,10,14,13,4,6,55.0,45.0,M. Celebrini (SJS),Y. Askarov (SJS),J. Peterka (UTA)
2025-11-19,2025020315,20252026,2,2025-11-20T00:00:00Z,Capital One Arena,REG,WSH,WSH,EDM,7,4,3,2,1,0,3,2,0,0,6,2,2,0,2,0,2,2,0,0,1,0,1,0,1,1,0,0,22,30,11,9,5,5,6,16,0,0,0,1,0,3,1,3,3,1,0,0,2,0,13,18,6,2,16,11,25,6,12,11,7,4,46.3,53.7,R. Leonard (WSH),D. Nurse (EDM),C. McMichael (WSH)
2025-11-19,2025020316,20252026,2,2025-11-20T00:30:00Z,KeyBank Center,REG,CGY,BUF,CGY,2,6,0,2,2,0,0,4,0,0,2,6,2,2,0,4,0,0,0,0,1,1,0,2,0,0,0,0,30,35,5,11,12,10,13,14,0,0,0,0,3,4,3,1,1,3,0,0,0,0,13,13,2,6,17,17,25,16,17,12,3,4,46.7,53.3,J. Farabee (CGY),R. Andersson (CGY),M. Samuelsson (BUF)
2025-11-19,2025020317,20252026,2,2025-11-20T02:30:00Z,Grand Casino Arena,SO,MIN,MIN,CAR,4,3,2,0,0,1,1,2,0,0,4,2,4,0,0,2,0,0,0,0,2,0,0,1,0,0,0,0,19,45,11,14,5,16,3,13,0,2,0,0,1,2,1,2,2,1,1,0,0,0,7,21,4,2,18,12,25,4,14,18,4,5,46.0,54.0,J. Wallstedt (MIN),B. Faber (MIN),J. Blake (CAR)
2025-11-19,2025020318,20252026,2,2025-11-20T03:00:00Z,Honda Center,REG,ANA,ANA,BOS,4,3,2,1,1,1,1,1,0,0,4,6,2,2,0,2,2,2,0,0,1,1,0,1,1,1,0,0,33,39,11,18,8,12,14,9,0,0,1,2,5,3,3,2,2,3,0,0,0,0,13,14,14,26,16,38,18,21,22,16,5,3,43.9,56.1,L. Dostal (ANA),I. Moore (ANA),R. Strome (ANA)
2025-11-20,2025020319,20252026,2,2025-11-21T00:00:00Z,Scotiabank Arena,OT,CBJ,TOR,CBJ,2,3,0,0,1,2,1,0,0,1,4,4,2,4,0,0,2,0,0,0,1,2,0,0,1,0,0,0,29,30,12,4,8,10,8,12,1,4,0,0,6,2,2,2,2,2,0,0,0,0,14,16,4,4,27,15,14,25,14,20,3,2,68.8,31.2,A. Fantilli (CBJ),J. Tavares (TOR),D. Voronkov (CBJ)
2025-11-20,2025020320,20252026,2,2025-11-21T00:00:00Z,Centre Bell,REG,WSH,MTL,WSH,4,8,1,1,2,4,1,3,0,0,12,10,10,8,0,0,2,2,0,0,5,4,0,0,1,1,0,0,28,36,12,6,7,15,9,15,0,0,1,2,4,4,3,4,6,5,0,0,0,1,12,18,12,10,20,19,15,13,16,16,2,4,54.5,45.5,A. Ovechkin (WSH),B. Gallagher (MTL),E. Frank (WSH)
2025-11-20,2025020321,20252026,2,2025-11-21T00:00:00Z,Little Caesars Arena,REG,NYI,DET,NYI,0,5,0,2,0,2,0,1,0,0,12,6,6,2,4,0,2,4,0,0,3,1,2,0,1,2,0,0,29,26,5,8,15,13,9,5,0,0,0,0,2,8,1,4,6,3,0,0,0,0,13,12,37,21,23,8,14,15,19,13,2,4,58.1,41.9,M. Shabanov (NYI),C. Ritchie (NYI),I. Sorokin (NYI)
2025-11-20,2025020323,20252026,2,2025-11-21T00:00:00Z,Amerant Bank Arena,REG,FLA,FLA,NJD,1,0,1,0,0,0,0,0,0,0,4,2,0,0,4,0,0,2,0,0,0,0,2,0,0,1,0,0,24,32,9,13,11,7,4,12,0,0,0,0,0,2,1,2,2,1,0,0,0,0,22,8,4,2,22,23,14,13,10,13,3,4,44.9,55.1,S. Bobrovsky (FLA),S. Reinhart (FLA),G. Forsling (FLA)
2025-11-20,2025020324,20252026,2,2025-11-21T00:00:00Z,Xfinity Mobile Arena,OT,PHI,PHI,STL,3,2,0,2,1,0,1,0,1,0,4,4,2,2,2,0,0,2,0,0,1,1,1,0,0,1,0,0,28,29,12,9,9,10,5,7,2,3,0,1,2,2,2,2,2,2,0,0,0,0,17,6,4,4,24,25,14,16,14,15,5,6,40.8,59.2,D. Vladar (PHI),R. Abols (PHI),J. Faulk (STL)
2025-11-20,2025020322,20252026,2,2025-11-21T00:30:00Z,Benchmark International Arena,OT,TBL,TBL,EDM,2,1,0,1,0,0,1,0,1,0,4,6,2,4,2,2,0,0,0,0,1,2,1,1,0,0,0,0,35,25,8,11,11,7,14,4,2,3,0,0,5,4,3,2,2,3,0,0,0,0,10,13,9,21,29,17,19,10,17,14,3,5,42.6,57.4,J. Guentzel (TBL),A. Vasilevskiy (TBL),C. Pickard (EDM)
2025-11-20,2025020325,20252026,2,2025-11-21T01:00:00Z,United Center,REG,SEA,CHI,SEA,2,3,0,0,2,0,0,3,0,0,6,4,0,2,2,2,4,0,0,0,0,1,1,1,2,0,0,0,24,27,7,9,14,6,3,12,0,0,1,1,2,5,2,3,3,2,0,0,0,0,17,12,6,4,11,16,6,10,19,16,7,4,49.0,51.0,J. Schwartz (SEA),B. Montour (SEA),T. Bertuzzi (CHI)
2025-11-20,2025020326,20252026,2,2025-11-21T02:00:00Z,Ball Arena,REG,COL,COL,NYR,6,3,1,1,1,1,4,1,0,0,4,12,2,4,0,2,2,6,0,0,1,2,0,1,1,3,0,0,35,19,10,6,14,4,11,9,0,0,1,2,9,3,6,2,2,6,0,0,2,0,19,11,4,12,17,22,13,26,19,17,4,5,39.3,60.7,N. MacKinnon (COL),C. Makar (COL),M. Necas (COL)
2025-11-20,2025020327,20252026,2,2025-11-21T02:00:00Z,Delta Center,REG,VGK,UTA,VGK,1,4,0,0,1,3,0,1,0,0,12,10,2,0,8,8,2,2,0,0,1,0,4,4,1,1,0,0,26,33,9,7,9,17,8,9,0,0,0,0,2,1,2,3,6,5,0,0,0,0,16,6,17,15,24,19,9,16,11,13,4,6,44.1,55.9,J. Eichel (VGK),B. Bowman (VGK),S. Theodore (VGK)
2025-11-20,2025020328,20252026,2,2025-11-21T03:00:00Z,Rogers Arena,REG,DAL,VAN,DAL,2,4,2,2,0,0,0,2,0,0,4,10,2,2,0,6,2,2,0,0,1,1,0,3,1,1,0,0,36,24,10,8,15,6,11,10,0,0,1,0,12,2,5,2,2,5,0,0,0,0,20,9,4,10,24,21,8,20,13,15,5,5,61.4,38.6,J. Oettinger (DAL),E. Pettersson (VAN),J. Robertson (DAL)
2025-11-20,2025020329,20252026,2,2025-11-21T03:00:00Z,Honda Center,REG,OTT,ANA,OTT,2,3,0,1,2,1,0,1,0,0,6,4,2,2,4,2,0,0,0,0,1,1,2,1,0,0,0,0,25,25,3,10,12,10,10,5,0,0,0,1,4,7,2,3,3,2,0,0,0,0,18,15,6,4,24,29,20,11,15,16,5,2,45.9,54.1,D. Batherson (OTT),S. Pinto (OTT),O. Zellweger (ANA)
2025-11-20,2025020330,20252026,2,2025-11-21T03:00:00Z,SAP Center at San Jose,SO,SJS,SJS,LAK,4,3,2,1,1,1,0,1,0,0,10,8,4,2,2,4,4,2,0,0,2,1,1,2,2,1,0,0,24,34,9,9,7,12,6,13,2,0,0,0,2,11,3,4,5,4,0,1,0,0,11,21,10,8,26,12,24,10,15,15,5,6,46.7,53.3,T. Dellandrea (SJS),A. Kopitar (LAK),P. Kurashev (SJS)
2025-11-21,2025020331,20252026,2,2025-11-22T00:00:00Z,KeyBank Center,REG,BUF,BUF,CHI,9,3,3,1,3,1,3,1,0,0,4,4,2,4,2,0,0,0,0,0,1,2,1,0,0,0,0,0,31,23,15,6,9,7,7,10,0,0,1,1,5,3,2,2,2,2,0,0,0,0,8,11,4,4,19,13,14,17,14,24,8,4,59.3,40.7,A. Tuch (BUF),J. Doan (BUF),J. Zucker (BUF)
2025-11-21,2025020332,20252026,2,2025-11-22T00:00:00Z,PPG Paints Arena,REG,MIN,PIT,MIN,0,5,0,3,0,2,0,0,0,0,6,4,4,2,0,2,2,0,0,0,2,1,0,1,1,0,0,0,19,21,3,9,6,5,10,7,0,0,0,1,1,3,2,3,3,2,0,0,0,0,17,16,6,4,9,20,13,14,22,18,5,7,52.9,47.1,M. Boldy (MIN),K. Kaprizov (MIN),J. Eriksson Ek (MIN)
2025-11-21,2025020333,20252026,2,2025-11-22T01:00:00Z,Canada Life Centre,REG,CAR,WPG,CAR,3,4,2,1,0,2,1,1,0,0,8,8,4,4,2,2,2,2,0,0,2,2,1,1,1,1,0,0,28,28,11,12,4,9,13,7,0,0,1,1,2,5,3,3,4,4,0,1,0,0,12,16,8,8,29,13,20,9,18,14,3,4,50.0,50.0,J. Staal (CAR),G. Vilardi (WPG),N. Ehlers (CAR)
2025-11-21,2025020334,20252026,2,2025-11-22T03:30:00Z,Crypto.com Arena,OT,BOS,LAK,BOS,1,2,0,0,0,0,1,1,0,1,4,10,2,4,0,2,2,4,0,0,1,2,0,1,1,2,0,0,32,26,8,9,9,7,15,7,0,3,0,0,4,3,5,2,2,5,1,0,0,0,19,21,4,20,12,28,12,23,13,13,5,4,61.8,38.2,M. Geekie (BOS),J. Armia (LAK),J. Swayman (BOS)
2025-11-22,2025020335,20252026,2,2025-11-22T18:00:00Z,Little Caesars Arena,OT,DET,DET,CBJ,4,3,0,1,1,1,2,1,1,0,10,8,6,4,2,0,2,4,0,0,3,2,1,0,1,2,0,0,33,35,11,11,9,13,11,10,2,1,0,1,1,5,2,3,5,4,0,0,0,0,14,17,10,8,12,16,22,16,13,16,6,4,42.6,57.4,A. DeBrincat (DET),M. Seider (DET),Z. Werenski (CBJ)
2025-11-22,2025020336,20252026,2,2025-11-22T20:30:00Z,UBS Arena,REG,STL,NYI,STL,1,2,0,1,0,1,1,0,0,0,2,6,2,2,0,0,0,4,0,0,1,1,0,0,0,2,0,0,30,22,6,6,11,11,13,5,0,0,0,0,5,2,3,1,1,3,0,0,0,0,15,15,2,6,20,22,12,14,15,14,4,3,52.5,47.5,J. Binnington (STL),B. Schenn (STL),A. Lee (NYI)
2025-11-22,2025020337,20252026,2,2025-11-23T00:00:00Z,Centre Bell,REG,MTL,MTL,TOR,5,2,2,0,2,1,1,1,0,0,10,10,4,4,2,4,4,2,0,0,2,2,1,2,2,1,0,0,29,26,9,11,17,6,3,9,0,0,0,1,8,4,3,3,5,5,0,0,1,0,16,12,35,35,25,20,17,14,17,17,8,1,45.1,54.9,N. Dobson (MTL),J. Anderson (MTL),F. Xhekaj (MTL)
2025-11-22,2025020338,20252026,2,2025-11-23T00:00:00Z,Amerant Bank Arena,REG,EDM,FLA,EDM,3,6,1,3,2,1,0,2,0,0,10,14,4,2,2,4,4,8,0,0,2,1,1,2,2,4,0,0,38,31,8,13,20,11,10,7,0,0,1,0,7,2,4,2,5,7,0,0,0,2,29,19,20,24,30,20,10,13,14,13,4,3,52.1,47.9,J. Roslovic (EDM),M. Samoskevich (FLA),E. Bouchard (EDM)
2025-11-22,2025020339,20252026,2,2025-11-23T00:00:00Z,Xfinity Mobile Arena,REG,PHI,PHI,NJD,6,3,4,1,1,1,1,1,0,0,8,12,8,6,0,2,0,4,0,0,4,3,0,1,0,2,0,0,29,35,10,9,10,13,9,13,0,0,0,1,6,6,4,2,4,6,0,0,0,0,15,25,8,12,23,28,10,4,13,14,7,2,50.0,50.0,T. Foerster (PHI),N. Cates (PHI),D. Vladar (PHI)
2025-11-22,2025020340,20252026,2,2025-11-23T00:00:00Z,PPG Paints Arena,OT,SEA,PIT,SEA,2,3,0,0,1,1,1,1,0,1,6,10,2,6,4,2,0,2,0,0,1,3,2,1,0,1,0,0,32,21,9,3,13,12,8,5,2,1,1,0,7,3,4,2,3,5,0,0,0,0,19,14,6,10,16,22,14,13,20,15,2,5,56.9,43.1,B. Montour (SEA),S. Crosby (PIT),M. Beniers (SEA)
2025-11-22,2025020341,20252026,2,2025-11-23T00:00:00Z,Capital One Arena,REG,TBL,WSH,TBL,3,5,1,4,1,0,1,1,0,0,6,12,2,4,0,4,4,4,0,0,1,2,0,2,2,2,0,0,32,16,9,6,11,4,12,6,0,0,0,1,4,5,6,3,3,6,0,1,0,0,16,10,11,27,22,15,13,23,18,19,5,4,46.3,53.7,B. Hagel (TBL),J. Johansson (TBL),J. Chychrun (WSH)
2025-11-22,2025020342,20252026,2,2025-11-23T00:00:00Z,SAP Center at San Jose,REG,OTT,SJS,OTT,2,3,1,1,1,1,0,1,0,0,10,10,2,6,4,0,4,4,0,0,1,3,2,0,2,2,0,0,19,27,6,5,7,15,6,7,0,0,1,1,5,4,5,5,5,5,0,0,0,0,9,15,15,15,23,19,14,9,19,9,3,3,38.9,61.1,T. Stützle (OTT),C. Giroux (OTT),M. Ferraro (SJS)
2025-11-22,2025020343,20252026,2,2025-11-23T01:00:00Z,Bridgestone Arena,REG,COL,NSH,COL,0,3,0,1,0,0,0,2,0,0,4,6,0,2,2,2,2,2,0,0,0,1,1,1,1,1,0,0,35,26,16,6,11,10,8,10,0,0,0,0,1,0,3,2,2,3,0,0,0,2,18,15,4,6,15,28,8,13,17,10,8,4,57.1,42.9,M. Blackwood (COL),B. Burns (COL),J. Saros (NSH)
2025-11-22,2025020344,20252026,2,2025-11-23T02:00:00Z,Delta Center,REG,UTA,UTA,NYR,3,2,1,1,1,1,1,0,0,0,6,4,2,0,2,2,2,2,0,0,1,0,1,1,1,1,0,0,34,22,13,12,8,3,13,7,0,0,0,0,1,5,1,2,3,2,0,0,0,0,15,18,6,4,17,30,12,9,19,18,3,6,32.2,67.8,N. DeSimone (UTA),J. Peterka (UTA),K. Vejmelka (UTA)
2025-11-22,2025020345,20252026,2,2025-11-23T03:00:00Z,Scotiabank Saddledome,SO,CGY,CGY,DAL,3,2,1,0,0,0,1,2,0,0,10,8,2,4,4,2,4,2,0,0,1,2,2,1,2,1,0,0,33,30,7,13,18,8,7,8,1,1,2,0,6,8,6,4,5,4,0,0,0,0,14,11,25,28,17,15,15,15,19,12,4,4,46.2,53.8,M. Coronato (CGY),J. Robertson (DAL),D. Cooley (CGY)
2025-11-22,2025020346,20252026,2,2025-11-23T03:00:00Z,Honda Center,OT,ANA,ANA,VGK,4,3,2,3,1,0,0,0,1,0,10,6,4,0,4,2,2,4,0,0,2,0,2,1,1,2,0,0,33,32,6,11,13,8,11,12,3,1,0,1,3,4,2,4,5,3,0,0,0,0,19,9,10,6,19,15,14,20,16,23,8,4,33.9,66.1,J. LaCombe (ANA),C. Gauthier (ANA),L. Dostal (ANA)
2025-11-23,2025020347,20252026,2,2025-11-23T18:00:00Z,KeyBank Center,REG,BUF,BUF,CAR,4,1,1,1,2,0,1,0,0,0,8,8,6,6,2,2,0,0,0,0,3,3,1,1,0,0,0,0,21,30,7,5,10,12,4,13,0,0,1,1,4,7,4,4,4,4,0,0,1,0,16,26,8,8,27,18,21,9,17,18,4,6,43.4,56.6,R. McLeod (BUF),B. Malenstyn (BUF),U. Luukkonen (BUF)
2025-11-23,2025020348,20252026,2,2025-11-23T21:00:00Z,Canada Life Centre,REG,MIN,WPG,MIN,0,3,0,0,0,2,0,1,0,0,4,10,0,2,2,2,2,6,0,0,0,1,1,1,1,3,0,0,32,30,9,7,13,13,10,10,0,0,0,0,4,2,4,1,2,5,0,1,0,0,13,5,9,15,20,28,11,18,8,16,3,4,57.1,42.9,J. Wallstedt (MIN),D. Yurov (MIN),B. Faber (MIN)
2025-11-23,2025020349,20252026,2,2025-11-23T22:00:00Z,UBS Arena,SO,NYI,NYI,SEA,1,0,0,0,0,0,0,0,0,0,2,2,0,2,2,0,0,0,0,2,0,1,1,0,0,0,0,1,34,19,11,4,9,6,11,8,3,1,0,0,1,0,1,1,1,1,0,0,0,0,17,15,2,4,18,14,15,23,17,21,6,5,54.9,45.1,D. Rittich (NYI),J. Daccord (SEA),K. Palmieri (NYI)
2025-11-23,2025020350,20252026,2,2025-11-24T00:00:00Z,United Center,REG,COL,CHI,COL,0,1,0,0,0,1,0,0,0,0,6,4,2,4,4,0,0,0,0,0,1,2,2,0,0,0,0,0,22,26,11,2,1,19,10,5,0,0,0,0,3,3,2,3,3,2,0,0,0,0,14,17,6,4,20,29,12,14,18,14,5,3,56.9,43.1,C. Makar (COL),S. Wedgewood (COL),T. Nielsen (COL)
2025-11-23,2025020351,20252026,2,2025-11-24T01:00:00Z,SAP Center at San Jose,REG,SJS,SJS,BOS,3,1,1,0,1,0,1,1,0,0,6,12,2,4,4,6,0,2,0,0,1,2,2,3,0,1,0,0,31,35,12,10,11,15,8,10,0,0,1,0,11,6,6,3,3,6,0,0,1,0,9,19,16,22,23,30,15,9,13,16,4,3,50.0,50.0,Y. Askarov (SJS),D. Pastrnak (BOS),S. Mukhamadullin (SJS)
2025-11-23,2025020352,20252026,2,2025-11-24T02:00:00Z,Rogers Arena,REG,CGY,VAN,CGY,2,5,1,2,0,2,1,1,0,0,8,8,2,4,6,0,0,4,0,0,1,2,3,0,0,2,0,0,31,21,13,7,6,11,12,3,0,0,1,0,8,2,4,4,4,4,0,1,0,0,20,13,8,8,17,15,11,15,20,18,4,3,49.1,50.9,R. Andersson (CGY),B. Coleman (CGY),Q. Hughes (VAN)
2025-11-24,2025020353,20252026,2,2025-11-25T00:00:00Z,Benchmark International Arena,REG,TBL,TBL,PHI,3,0,1,0,1,0,1,0,0,0,2,4,0,0,0,0,2,4,0,0,0,0,0,0,1,2,0,0,18,20,7,4,5,7,6,9,0,0,0,0,1,0,2,1,1,2,0,0,1,0,13,13,7,9,20,22,10,12,17,11,7,4,47.7,52.3,A. Vasilevskiy (TBL),B. Hagel (TBL),N. Kucherov (TBL)
2025-11-24,2025020354,20252026,2,2025-11-25T00:00:00Z,Prudential Center,REG,NJD,NJD,DET,4,3,3,1,1,1,0,1,0,0,12,8,4,2,2,0,6,6,0,0,2,1,1,0,3,3,0,0,20,35,9,7,6,15,5,13,0,0,0,1,0,4,1,3,6,4,0,0,0,0,10,27,17,23,25,22,19,20,11,16,4,3,35.1,64.9,N. Hischier (NJD),T. Meier (NJD),C. Brown (NJD)
2025-11-24,2025020355,20252026,2,2025-11-25T00:00:00Z,Madison Square Garden,REG,NYR,NYR,STL,3,2,0,1,1,0,2,1,0,0,8,0,0,0,2,0,6,0,0,0,0,0,1,0,3,0,0,0,21,21,9,5,7,7,5,9,0,0,0,0,0,3,0,4,4,0,0,0,0,0,12,10,8,0,31,18,15,19,12,6,4,3,47.5,52.5,A. Lafrenière (NYR),V. Gavrikov (NYR),V. Trocheck (NYR)
2025-11-24,2025020356,20252026,2,2025-11-25T00:00:00Z,Capital One Arena,REG,WSH,WSH,CBJ,5,1,1,0,3,0,1,1,0,0,4,6,0,0,2,2,2,4,0,0,0,0,1,1,1,2,0,0,31,23,10,7,12,7,9,9,0,0,1,0,4,2,3,2,2,3,0,0,0,0,15,13,4,6,11,21,12,10,16,16,6,5,45.0,55.0,J. Chychrun (WSH),J. Carlson (WSH),T. Wilson (WSH)
2025-11-24,2025020357,20252026,2,2025-11-25T01:00:00Z,Bridgestone Arena,REG,FLA,NSH,FLA,3,8,2,4,0,1,1,3,0,0,6,8,4,0,0,2,2,6,0,0,2,0,0,1,1,3,0,0,39,26,13,15,13,4,13,7,0,0,1,0,5,2,3,2,3,4,0,0,0,0,10,9,6,8,25,19,5,14,13,15,6,10,57.1,42.9,A. Greer (FLA),S. Reinhart (FLA),C. Verhaeghe (FLA)
2025-11-24,2025020358,20252026,2,2025-11-25T02:00:00Z,Delta Center,REG,UTA,UTA,VGK,5,1,2,0,0,1,3,0,0,0,6,4,0,2,2,2,4,0,0,0,0,1,1,1,2,0,0,0,23,34,8,8,4,16,11,10,0,0,0,0,3,8,2,3,3,2,1,0,2,0,18,21,6,4,19,17,16,9,12,14,5,2,40.7,59.3,L. Cooley (UTA),K. Vejmelka (UTA),D. Guenther (UTA)
2025-11-24,2025020359,20252026,2,2025-11-25T02:00:00Z,Crypto.com Arena,REG,LAK,LAK,OTT,2,1,0,0,0,0,2,1,0,0,6,6,2,0,4,4,0,2,0,0,1,0,2,2,0,1,0,0,22,28,10,11,5,10,7,7,0,0,1,0,3,3,3,3,3,3,0,0,0,0,11,16,6,6,14,22,8,14,12,12,2,4,31.2,68.8,B. Clarke (LAK),D. Kuemper (LAK),W. Foegele (LAK)
2025-11-25,2025020360,20252026,2,2025-11-26T02:00:00Z,Rogers Place,REG,DAL,EDM,DAL,3,8,0,4,1,2,2,2,0,0,10,6,2,2,6,2,2,2,0,0,1,1,3,1,1,1,0,0,25,30,5,8,10,15,10,7,0,0,0,3,2,8,2,4,5,3,0,0,0,0,12,11,10,6,22,17,11,14,20,14,6,4,40.8,59.2,W. Johnston (DAL),J. Robertson (DAL),J. Benn (DAL)
2025-11-26,2025020361,20252026,2,2025-11-27T00:00:00Z,Little Caesars Arena,REG,NSH,DET,NSH,3,6,0,1,2,0,1,5,0,0,10,10,4,2,6,8,0,0,0,0,2,1,3,4,0,0,0,0,31,29,7,12,10,8,14,9,0,0,2,1,4,4,4,4,5,5,0,0,0,1,15,14,10,10,13,22,17,8,14,7,3,3,52.1,47.9,R. O'Reilly (NSH),N. Blankenburg (NSH),E. Haula (NSH)
2025-11-26,2025020362,20252026,2,2025-11-27T00:00:00Z,Benchmark International Arena,REG,TBL,TBL,CGY,5,1,4,0,0,0,1,1,0,0,10,8,6,0,4,8,0,0,0,0,3,0,2,4,0,0,0,0,23,32,10,5,9,9,4,18,0,0,0,0,5,5,4,5,5,4,0,1,0,0,18,14,10,8,13,25,15,17,15,16,6,4,54.9,45.1,A. Vasilevskiy (TBL),B. Hagel (TBL),D. Carlile (TBL)
2025-11-26,2025020363,20252026,2,2025-11-27T00:00:00Z,Amerant Bank Arena,REG,PHI,FLA,PHI,2,4,1,0,1,2,0,2,0,0,2,6,2,2,0,2,0,2,0,0,1,1,0,1,0,1,0,0,27,18,15,7,5,5,7,6,0,0,0,0,4,0,3,1,1,3,0,0,0,0,15,17,2,6,33,17,12,15,21,14,5,4,52.0,48.0,T. Foerster (PHI),C. Verhaeghe (FLA),E. Andrae (PHI)
2025-11-26,2025020364,20252026,2,2025-11-27T00:00:00Z,Prudential Center,OT,NJD,NJD,STL,3,2,1,2,1,0,0,0,1,0,8,4,2,2,2,2,4,0,0,0,1,1,1,1,2,0,0,0,29,23,14,7,9,8,4,8,2,0,1,1,2,7,2,4,4,2,0,0,0,0,13,11,8,4,26,15,18,14,11,13,4,7,56.0,44.0,S. Nemec (NJD),J. Markstrom (NJD),N. Hischier (NJD)
2025-11-26,2025020365,20252026,2,2025-11-27T00:00:00Z,UBS Arena,REG,BOS,NYI,BOS,1,3,1,1,0,1,0,1,0,0,2,8,2,2,0,4,0,2,0,0,1,1,0,2,0,1,0,0,44,14,10,4,11,7,23,3,0,0,0,0,4,1,4,1,1,4,0,1,0,0,19,10,2,8,17,24,17,12,12,10,3,4,50.0,50.0,A. Steeves (BOS),J. Swayman (BOS),F. Minten (BOS)
2025-11-26,2025020366,20252026,2,2025-11-27T00:00:00Z,PPG Paints Arena,REG,PIT,PIT,BUF,4,2,1,0,0,0,3,2,0,0,0,2,0,2,0,0,0,0,0,0,0,1,0,0,0,0,0,0,19,31,3,4,8,8,8,19,0,0,0,0,1,0,1,0,0,1,0,0,1,0,11,18,0,2,17,21,10,15,14,15,6,8,58.3,41.7,K. Hayes (PIT),J. Quinn (BUF),T. Jarry (PIT)
2025-11-26,2025020367,20252026,2,2025-11-27T00:00:00Z,Capital One Arena,REG,WSH,WSH,WPG,4,3,2,1,1,1,1,1,0,0,6,6,4,2,0,2,2,2,0,0,2,1,0,1,1,1,0,0,35,21,12,6,15,7,8,8,0,0,0,1,3,2,2,2,3,3,0,0,0,0,9,16,6,6,20,12,21,15,11,13,5,3,50.0,50.0,A. Ovechkin (WSH),C. McMichael (WSH),J. Chychrun (WSH)
2025-11-26,2025020368,20252026,2,2025-11-27T00:00:00Z,Lenovo Center,REG,NYR,CAR,NYR,2,4,0,1,1,1,1,2,0,0,2,10,2,2,0,6,0,2,0,0,1,1,0,3,0,1,0,0,38,18,13,4,11,9,14,5,0,0,1,0,11,1,5,1,1,5,0,0,0,1,17,17,2,10,26,34,10,20,24,16,6,3,45.9,54.1,I. Shesterkin (NYR),A. Panarin (NYR),V. Trocheck (NYR)
2025-11-26,2025020369,20252026,2,2025-11-27T00:00:00Z,Nationwide Arena,OT,TOR,CBJ,TOR,1,2,0,0,0,0,1,1,0,1,6,8,2,8,2,0,2,0,0,0,1,4,1,0,1,0,0,0,36,24,11,6,7,9,14,6,4,3,0,0,4,2,3,2,3,4,0,0,0,0,16,14,6,8,20,21,12,13,15,19,4,6,40.7,59.3,J. Woll (TOR),W. Nylander (TOR),J. Greaves (CBJ)
2025-11-26,2025020370,20252026,2,2025-11-27T01:30:00Z,United Center,OT,MIN,CHI,MIN,3,4,0,0,2,1,1,2,0,1,8,8,4,4,4,2,0,2,2,0,2,2,2,1,0,1,1,0,37,24,20,5,9,8,8,9,0,2,0,0,6,2,4,4,4,4,0,0,0,0,21,17,20,18,11,26,11,5,19,18,4,4,56.1,43.9,K. Kaprizov (MIN),M. Boldy (MIN),C. Bedard (CHI)
2025-11-26,2025020371,20252026,2,2025-11-27T02:00:00Z,Ball Arena,REG,COL,COL,SJS,6,0,2,0,3,0,1,0,0,0,8,8,0,4,6,2,2,2,0,0,0,2,3,1,1,1,0,0,42,26,15,5,11,17,16,4,0,0,1,0,10,8,4,4,4,4,0,0,0,0,20,13,8,8,10,22,22,18,12,13,2,5,51.8,48.2,M. Blackwood (COL),N. MacKinnon (COL),R. Colton (COL)
2025-11-26,2025020372,20252026,2,2025-11-27T02:30:00Z,Delta Center,REG,MTL,UTA,MTL,3,4,0,2,3,0,0,2,0,0,8,10,4,2,2,6,2,2,0,0,2,1,1,3,1,1,0,0,34,17,6,7,13,5,15,5,0,0,1,2,3,5,4,3,4,5,0,0,0,0,18,9,8,10,18,20,13,18,14,13,4,4,50.0,50.0,N. Suzuki (MTL),Z. Bolduc (MTL),B. Hayton (UTA)
2025-11-26,2025020373,20252026,2,2025-11-27T03:00:00Z,T-Mobile Arena,SO,OTT,VGK,OTT,3,4,1,3,1,0,1,0,0,0,6,6,4,2,2,2,0,2,0,0,2,1,1,1,0,1,0,0,35,22,11,10,11,7,11,4,2,1,1,1,6,2,3,3,3,3,0,0,0,0,15,16,6,6,33,26,12,10,14,12,5,4,45.2,54.8,S. Pinto (OTT),J. Eichel (VGK),M. Stone (VGK)
2025-11-26,2025020374,20252026,2,2025-11-27T03:00:00Z,Honda Center,REG,VAN,ANA,VAN,4,5,0,2,3,1,1,2,0,0,8,14,4,4,0,4,4,6,0,0,2,2,0,2,2,3,0,0,41,28,13,5,17,12,11,11,0,0,1,1,8,4,6,3,4,7,0,0,0,1,31,21,8,14,15,13,16,17,11,11,4,5,50.8,49.2,T. Terry (ANA),M. Sasson (VAN),J. LaCombe (ANA)
2025-11-26,2025020375,20252026,2,2025-11-27T03:00:00Z,Climate Pledge Arena,REG,DAL,SEA,DAL,2,3,1,1,0,1,1,1,0,0,4,12,2,4,2,4,0,4,0,0,1,2,1,2,0,2,0,0,28,21,10,10,9,9,9,2,0,0,0,0,4,3,5,1,2,6,0,0,0,0,11,9,4,12,23,17,8,13,17,13,4,7,48.9,51.1,T. Seguin (DAL),R. Hintz (DAL),V. Dunn (SEA)
2025-11-28,2025020377,20252026,2,2025-11-28T17:00:00Z,Little Caesars Arena,REG,TBL,DET,TBL,3,6,1,1,2,3,0,2,0,0,4,4,2,0,0,0,2,4,0,0,1,0,0,0,1,2,0,0,37,27,11,11,13,9,13,7,0,0,0,1,3,1,1,1,2,2,0,0,0,1,11,13,4,4,20,15,16,4,12,12,7,4,47.4,52.6,Y. Gourde (TBL),D. Raddysh (TBL),M. Rasmussen (DET)
2025-11-28,2025020376,20252026,2,2025-11-28T18:00:00Z,TD Garden,REG,NYR,BOS,NYR,2,6,0,2,0,2,2,2,0,0,6,4,0,2,6,0,0,2,0,0,0,1,3,0,0,1,0,0,21,37,7,12,5,17,9,8,0,0,0,2,4,7,2,3,3,2,0,0,0,1,16,15,6,4,25,34,9,16,16,15,3,2,44.6,55.4,A. Panarin (NYR),M. Zibanejad (NYR),E. Lindholm (BOS)
2025-11-28,2025020378,20252026,2,2025-11-28T20:30:00Z,Grand Casino Arena,SO,MIN,MIN,COL,3,2,0,1,2,0,0,1,0,0,2,2,2,2,0,0,0,0,0,0,1,1,0,0,0,0,0,0,39,41,12,14,17,10,10,14,0,3,0,0,2,4,1,1,1,1,0,0,0,0,15,19,2,2,25,12,17,12,14,16,4,2,40.4,59.6,K. Kaprizov (MIN),J. Wallstedt (MIN),N. MacKinnon (COL)
2025-11-28,2025020379,20252026,2,2025-11-28T21:00:00Z,KeyBank Center,REG,NJD,BUF,NJD,0,5,0,1,0,1,0,3,0,0,2,4,0,0,2,4,0,0,0,0,0,0,1,2,0,0,0,0,42,23,10,9,15,8,17,6,0,0,0,0,4,1,2,1,1,2,0,0,0,0,22,6,7,9,24,20,9,20,19,19,6,8,43.9,56.1,J. Allen (NJD),A. Gritsyuk (NJD),P. Cotter (NJD)
2025-11-28,2025020380,20252026,2,2025-11-28T21:00:00Z,Amerant Bank Arena,REG,CGY,FLA,CGY,3,5,2,2,0,2,1,1,0,0,4,4,4,2,0,2,0,0,0,0,2,1,0,1,0,0,0,0,41,34,20,14,8,10,13,10,0,0,0,1,6,3,2,2,2,2,0,0,0,1,24,16,4,4,30,20,11,28,10,14,4,3,47.9,52.1,N. Kadri (CGY),R. Andersson (CGY),S. Reinhart (FLA)
2025-11-28,2025020381,20252026,2,2025-11-28T21:00:00Z,UBS Arena,SO,PHI,NYI,PHI,3,4,0,2,3,1,0,0,0,0,4,10,2,4,2,2,0,4,0,0,1,2,1,1,0,2,0,0,31,21,6,3,13,12,9,5,3,1,1,1,6,6,5,2,2,5,0,0,0,0,19,8,4,10,17,20,11,18,16,13,5,4,53.1,46.9,T. Zegras (PHI),M. Schaefer (NYI),S. Couturier (PHI)
2025-11-28,2025020382,20252026,2,2025-11-28T21:00:00Z,Enterprise Center,REG,STL,STL,OTT,4,3,0,0,1,2,3,1,0,0,6,10,2,4,4,6,0,0,0,0,1,2,2,3,0,0,0,0,31,28,7,5,11,9,13,14,0,0,0,0,5,1,3,1,3,5,0,0,0,0,11,12,6,10,17,20,15,17,21,15,0,7,48.1,51.9,P. Buchnevich (STL),B. Schenn (STL),S. Pinto (OTT)
2025-11-28,2025020383,20252026,2,2025-11-28T21:00:00Z,T-Mobile Arena,REG,MTL,VGK,MTL,1,4,0,1,0,1,1,2,0,0,4,4,0,2,4,2,0,0,0,0,0,1,2,1,0,0,0,0,31,19,11,6,11,5,9,8,0,0,0,0,5,0,1,1,2,2,0,0,0,1,19,14,4,4,15,20,7,24,17,11,2,9,59.3,40.7,C. Caufield (MTL),S. Montembeault (MTL),M. Stone (VGK)
2025-11-28,2025020384,20252026,2,2025-11-28T21:00:00Z,Honda Center,SO,ANA,ANA,LAK,5,4,0,1,2,1,2,2,0,0,2,4,2,0,0,4,0,0,0,0,1,0,0,2,0,0,0,0,31,27,7,9,11,5,9,11,4,2,1,0,1,1,2,1,1,2,0,0,0,0,17,12,2,4,18,14,21,24,19,13,11,3,47.3,52.7,L. Carlsson (ANA),J. LaCombe (ANA),K. Fiala (LAK)
2025-11-28,2025020385,20252026,2,2025-11-28T21:00:00Z,SAP Center at San Jose,REG,SJS,SJS,VAN,3,2,1,1,2,1,0,0,0,0,22,16,2,6,6,4,14,6,0,0,1,3,3,2,7,3,0,0,24,34,12,8,7,17,5,9,0,0,2,0,7,11,6,8,11,8,0,0,0,0,10,13,22,16,14,17,15,9,12,13,5,4,60.6,39.4,Y. Askarov (SJS),M. Celebrini (SJS),A. Gaudette (SJS)
2025-11-28,2025020386,20252026,2,2025-11-28T22:00:00Z,Capital One Arena,REG,WSH,WSH,TOR,4,2,0,1,1,1,3,0,0,0,0,4,0,0,0,4,0,0,0,0,0,0,0,2,0,0,0,0,34,22,10,5,13,5,11,12,0,0,0,0,4,0,2,0,0,2,0,0,1,0,17,16,0,4,17,28,12,14,22,17,0,4,40.7,59.3,J. Chychrun (WSH),L. Thompson (WSH),C. McMichael (WSH)
2025-11-28,2025020387,20252026,2,2025-11-28T22:00:00Z,Lenovo Center,REG,CAR,CAR,WPG,5,1,1,0,0,1,4,0,0,0,8,12,0,4,8,6,0,2,0,0,0,2,4,3,0,1,0,0,35,13,10,5,10,5,15,3,0,0,0,0,2,1,4,2,4,6,0,0,1,0,16,11,8,12,13,32,14,17,12,15,6,2,45.3,54.7,S. Jarvis (CAR),B. Bussi (CAR),J. Martinook (CAR)
2025-11-28,2025020388,20252026,2,2025-11-29T00:00:00Z,Nationwide Arena,OT,PIT,CBJ,PIT,3,4,1,1,2,0,0,2,0,1,4,4,2,2,2,2,0,0,0,0,1,1,1,1,0,0,0,0,29,24,8,8,13,7,8,8,0,1,0,0,5,1,2,2,2,2,1,0,0,0,12,17,4,4,16,18,14,20,19,13,3,5,50.8,49.2,S. Crosby (PIT),K. Letang (PIT),Z. Werenski (CBJ)
2025-11-28,2025020389,20252026,2,2025-11-29T01:00:00Z,United Center,REG,NSH,CHI,NSH,3,4,1,0,1,3,1,1,0,0,6,10,0,6,4,4,2,0,0,0,0,3,2,2,1,0,0,0,27,29,11,10,6,11,10,8,0,0,1,0,5,2,4,2,3,5,0,0,0,0,20,16,6,10,15,21,13,20,16,11,4,6,37.1,62.9,S. Stamkos (NSH),R. O'Reilly (NSH),L. Evangelista (NSH)
2025-11-28,2025020390,20252026,2,2025-11-29T01:00:00Z,American Airlines Center,REG,DAL,DAL,UTA,4,3,1,2,3,1,0,0,0,0,4,10,2,6,2,4,0,0,0,0,1,3,1,2,0,0,0,0,28,30,11,8,12,13,5,9,0,0,2,0,8,2,5,2,2,5,0,0,0,0,9,9,4,10,19,22,6,10,14,18,6,3,50.0,50.0,C. Keller (UTA),W. Johnston (DAL),M. Rantanen (DAL)
2025-11-29,2025020391,20252026,2,2025-11-29T19:00:00Z,Madison Square Garden,REG,TBL,NYR,TBL,1,4,0,1,1,1,0,2,0,0,4,4,0,2,4,0,0,2,0,0,0,1,2,0,0,1,0,0,13,35,2,11,7,16,4,8,0,0,0,0,2,4,2,2,2,2,0,0,0,1,17,20,4,4,24,16,15,20,13,19,3,3,64.6,35.4,B. Hagel (TBL),N. Kucherov (TBL),I. Shesterkin (NYR)
2025-11-29,2025020392,20252026,2,2025-11-29T20:00:00Z,Ball Arena,REG,COL,COL,MTL,7,2,2,0,3,1,2,1,0,0,6,10,2,2,2,2,2,6,0,0,1,1,1,1,1,3,0,0,36,23,14,12,10,5,12,6,0,0,1,1,9,5,4,2,3,5,0,0,0,0,19,11,6,10,13,27,10,17,18,17,5,4,55.2,44.8,B. Nelson (COL),G. Landeskog (COL),M. Necas (COL)
2025-11-29,2025020393,20252026,2,2025-11-29T21:00:00Z,Climate Pledge Arena,REG,EDM,SEA,EDM,0,4,0,1,0,2,0,1,0,0,4,12,2,8,2,2,0,2,0,0,1,4,1,1,0,1,0,0,26,25,12,11,6,8,8,6,0,0,0,2,12,2,6,2,2,6,0,0,0,0,16,15,24,32,18,19,11,16,15,15,5,4,55.6,44.4,S. Skinner (EDM),R. Nugent-Hopkins (EDM),L. Draisaitl (EDM)
2025-11-29,2025020394,20252026,2,2025-11-30T00:00:00Z,TD Garden,SO,BOS,BOS,DET,3,2,0,0,1,0,1,2,0,0,10,6,4,2,2,0,4,4,2,0,2,1,1,0,2,2,1,0,20,26,5,4,9,5,5,13,1,4,1,0,2,3,2,4,5,3,0,0,0,0,15,16,17,11,28,24,17,9,16,21,6,3,47.2,52.8,M. Geekie (BOS),J. Swayman (BOS),A. Peeke (BOS)
2025-11-29,2025020395,20252026,2,2025-11-30T00:00:00Z,Prudential Center,REG,PHI,NJD,PHI,3,5,1,1,1,3,1,1,0,0,6,10,2,2,4,4,0,4,0,0,1,1,2,2,0,2,0,0,32,31,6,8,14,12,12,12,0,0,1,0,14,4,4,2,3,5,0,0,0,0,17,7,6,10,20,20,7,23,16,12,3,5,56.9,43.1,O. Tippett (PHI),T. Konecny (PHI),D. Mercer (NJD)
2025-11-29,2025020396,20252026,2,2025-11-30T00:00:00Z,PPG Paints Arena,REG,TOR,PIT,TOR,2,7,1,2,0,3,1,2,0,0,10,10,2,4,4,0,4,6,0,0,1,2,2,0,2,3,0,0,35,23,10,7,10,8,15,8,0,0,1,1,6,7,3,3,5,5,0,0,0,0,23,8,10,10,16,19,11,26,11,19,2,6,45.5,54.5,A. Matthews (TOR),O. Ekman-Larsson (TOR),M. Domi (TOR)
2025-11-29,2025020397,20252026,2,2025-11-30T00:00:00Z,Bridgestone Arena,REG,WPG,NSH,WPG,2,5,0,2,1,1,1,2,0,0,10,10,4,4,2,4,4,2,0,0,2,2,1,2,2,1,0,0,23,27,5,9,9,9,9,9,0,0,1,0,2,2,4,4,5,5,0,0,0,1,16,15,15,15,19,27,8,14,14,14,3,5,48.4,51.6,C. Perfetti (WPG),L. Schenn (WPG),L. Evangelista (NSH)
2025-11-29,2025020398,20252026,2,2025-11-30T01:00:00Z,Enterprise Center,REG,STL,STL,UTA,1,0,0,0,1,0,0,0,0,0,2,4,0,2,2,2,0,0,0,0,0,1,1,1,0,0,0,0,19,18,8,4,8,4,3,10,0,0,0,0,3,3,2,2,1,2,0,0,0,0,14,21,17,4,26,20,23,13,18,13,5,4,45.7,54.3,D. Holloway (STL),J. Hofer (STL),P. Broberg (STL)
2025-11-29,2025020399,20252026,2,2025-11-30T01:00:00Z,Grand Casino Arena,SO,BUF,MIN,BUF,2,3,2,1,0,0,0,1,0,0,6,6,2,0,4,4,0,2,0,0,1,0,2,2,0,1,0,0,24,33,11,11,8,12,3,8,2,2,0,0,4,2,3,3,3,3,0,0,0,0,12,11,6,6,18,20,14,8,15,18,6,6,55.2,44.8,R. Dahlin (BUF),N. Ostlund (BUF),K. Kaprizov (MIN)
2025-11-29,2025020400,20252026,2,2025-11-30T03:00:00Z,T-Mobile Arena,REG,VGK,VGK,SJS,4,3,1,1,3,2,0,0,0,0,4,4,0,0,2,4,2,0,0,0,0,0,1,2,1,0,0,0,24,21,9,7,10,9,5,5,0,0,1,1,3,2,2,2,2,2,0,0,0,0,19,14,4,4,6,25,18,22,12,20,4,5,61.0,39.0,T. Hertl (VGK),M. Marner (VGK),C. Lindbom (VGK)
2025-11-29,2025020401,20252026,2,2025-11-30T03:00:00Z,Crypto.com Arena,OT,LAK,LAK,VAN,2,1,1,0,0,1,0,0,1,0,6,8,2,2,4,4,0,2,0,0,1,1,2,2,0,1,0,0,23,20,7,6,6,6,9,7,1,1,0,0,7,4,4,3,3,4,0,0,0,0,12,19,6,8,14,16,11,13,15,11,4,6,46.6,53.4,A. Kempe (LAK),A. Forsberg (LAK),A. Kopitar (LAK)
2025-11-30,2025020402,20252026,2,2025-11-30T18:00:00Z,UBS Arena,REG,WSH,NYI,WSH,1,4,0,1,0,1,1,2,0,0,4,6,2,0,0,4,2,2,0,0,1,0,0,2,1,1,0,0,31,19,9,7,13,8,9,4,0,0,1,1,7,1,3,2,2,3,0,0,0,2,17,17,4,6,23,21,13,13,18,8,6,3,58.7,41.3,T. Wilson (WSH),L. Thompson (WSH),B. Horvat (NYI)
2025-11-30,2025020403,20252026,2,2025-11-30T20:30:00Z,United Center,REG,CHI,CHI,ANA,5,3,1,3,2,0,2,0,0,0,6,8,2,4,4,2,0,2,0,0,1,2,2,1,0,1,0,0,18,26,5,10,9,7,4,9,0,0,2,0,4,3,4,3,3,4,0,0,1,0,20,14,6,8,15,22,19,9,16,10,5,3,46.3,53.7,C. Bedard (CHI),R. Greene (CHI),T. Bertuzzi (CHI)
2025-11-30,2025020404,20252026,2,2025-11-30T22:00:00Z,Lenovo Center,OT,CAR,CAR,CGY,1,0,0,0,0,0,0,0,1,0,4,4,0,0,2,2,2,2,0,0,0,0,1,1,1,1,0,0,17,16,6,3,4,8,5,5,2,0,0,0,0,3,1,1,2,2,0,0,0,0,21,15,4,14,18,21,7,25,14,22,5,4,52.7,47.3,B. Bussi (CAR),N. Ehlers (CAR),T. Hall (CAR)
2025-11-30,2025020405,20252026,2,2025-11-30T23:00:00Z,American Airlines Center,REG,DAL,DAL,OTT,6,1,0,0,3,1,3,0,0,0,8,10,2,2,2,0,4,8,0,0,1,1,1,0,2,4,0,0,26,16,5,7,6,4,15,5,0,0,2,0,8,1,4,3,4,5,0,0,0,0,1,20,8,10,21,31,11,9,15,18,6,5,49.1,50.9,W. Johnston (DAL),M. Rantanen (DAL),J. Robertson (DAL)
2025-12-01,2025020406,20252026,2,2025-12-02T00:00:00Z,Prudential Center,REG,CBJ,NJD,CBJ,3,5,2,1,0,1,1,3,0,0,10,14,4,4,6,8,0,2,0,0,2,2,3,4,0,1,0,0,33,25,10,8,14,11,9,6,0,0,2,1,4,3,5,3,5,7,0,0,0,0,19,7,40,34,23,21,11,11,14,15,5,7,35.8,64.2,S. Monahan (CBJ),C. Coyle (CBJ),Z. Werenski (CBJ)
2025-12-01,2025020407,20252026,2,2025-12-02T00:00:00Z,Xfinity Mobile Arena,REG,PIT,PHI,PIT,1,5,0,1,1,2,0,2,0,0,8,14,0,2,6,8,2,4,0,0,0,1,3,4,1,2,0,0,29,27,8,7,6,9,15,11,0,0,1,3,9,6,7,4,4,7,0,0,0,0,12,13,8,14,27,18,13,12,20,15,2,7,49.1,50.9,S. Crosby (PIT),B. Rust (PIT),E. Karlsson (PIT)
2025-12-01,2025020408,20252026,2,2025-12-02T00:30:00Z,KeyBank Center,REG,BUF,BUF,WPG,5,1,3,0,1,1,1,0,0,0,4,6,2,2,0,0,2,4,0,0,1,1,0,0,1,2,0,0,31,24,14,8,7,6,10,10,0,0,1,0,3,4,3,2,2,3,0,0,0,0,8,12,14,26,12,35,8,17,8,13,6,1,52.3,47.7,J. Norris (BUF),J. Doan (BUF),U. Luukkonen (BUF)
2025-12-01,2025020409,20252026,2,2025-12-02T01:00:00Z,Enterprise Center,REG,ANA,STL,ANA,1,4,1,2,0,0,0,2,0,0,6,12,2,4,4,4,0,4,0,0,1,2,2,2,0,2,0,0,22,26,9,10,4,10,9,6,0,0,0,0,5,0,6,3,3,6,0,0,0,1,14,14,6,12,15,17,8,22,15,17,3,6,64.8,35.2,P. Mintyukov (ANA),V. Husso (ANA),L. Carlsson (ANA)
2025-12-01,2025020410,20252026,2,2025-12-02T03:00:00Z,SAP Center at San Jose,REG,SJS,SJS,UTA,6,3,3,2,3,0,0,1,0,0,6,8,2,2,2,4,2,2,0,0,1,1,1,2,1,1,0,0,30,34,13,12,15,17,2,5,0,0,1,0,5,2,4,3,3,4,0,1,0,0,17,9,6,8,19,16,8,17,10,17,6,1,39.3,60.7,T. Toffoli (SJS),W. Smith (SJS),M. Celebrini (SJS)
2025-12-02,2025020411,20252026,2,2025-12-03T00:00:00Z,Centre Bell,REG,OTT,MTL,OTT,2,5,1,2,1,2,0,1,0,0,8,10,4,6,2,2,2,2,0,0,2,3,1,1,1,1,0,0,22,29,6,10,10,11,6,8,0,0,2,0,3,4,3,2,4,5,0,0,0,0,10,15,8,10,33,21,16,16,14,10,4,7,47.1,52.9,J. Sanderson (OTT),B. Tkachuk (OTT),F. Zetterlund (OTT)
2025-12-02,2025020412,20252026,2,2025-12-03T00:00:00Z,Little Caesars Arena,REG,DET,DET,BOS,5,4,2,0,2,2,1,2,0,0,6,8,0,0,2,0,4,8,0,0,0,0,1,0,2,4,0,0,32,38,7,10,14,10,11,18,0,0,1,0,3,3,3,2,3,4,0,0,0,0,12,11,6,28,18,27,20,15,18,14,5,5,51.7,48.3,M. Seider (DET),A. DeBrincat (DET),A. Steeves (BOS)
2025-12-02,2025020414,20252026,2,2025-12-03T00:00:00Z,UBS Arena,REG,NYI,NYI,TBL,2,1,0,0,1,0,1,1,0,0,6,6,2,2,2,2,2,2,0,0,1,1,1,1,1,1,0,0,24,31,9,9,8,13,7,9,0,0,0,0,2,2,3,3,3,3,0,0,0,0,13,21,6,6,19,14,19,7,17,13,3,4,47.6,52.4,B. Horvat (NYI),I. Sorokin (NYI),A. Duclair (NYI)
2025-12-02,2025020415,20252026,2,2025-12-03T00:00:00Z,Madison Square Garden,OT,NYR,NYR,DAL,3,2,1,1,0,0,1,1,1,0,4,10,2,2,2,4,0,4,0,0,1,1,1,2,0,2,0,0,41,26,10,10,11,12,18,4,2,0,0,0,10,3,5,2,2,5,0,0,0,0,13,9,4,10,27,17,14,14,12,13,4,5,45.0,55.0,V. Gavrikov (NYR),I. Shesterkin (NYR),C. DeSmith (DAL)
2025-12-02,2025020413,20252026,2,2025-12-03T00:30:00Z,Amerant Bank Arena,REG,TOR,FLA,TOR,1,4,0,2,1,0,0,2,0,0,6,2,2,0,2,0,2,2,0,0,1,0,1,0,1,1,0,0,26,31,11,11,9,10,6,10,0,0,0,0,2,5,1,3,3,1,1,0,0,1,15,17,6,2,27,22,11,20,10,10,4,7,27.8,72.2,J. Woll (TOR),T. Stecher (TOR),S. Reinhart (FLA)
2025-12-02,2025020416,20252026,2,2025-12-03T01:00:00Z,Bridgestone Arena,REG,NSH,NSH,CGY,5,1,1,0,3,0,1,1,0,0,10,8,4,4,2,0,4,4,0,0,2,2,1,0,2,2,0,0,28,28,9,10,7,10,12,8,0,0,0,1,3,3,3,3,5,4,0,0,0,0,14,13,20,18,18,24,9,10,14,25,8,5,41.1,58.9,O. Wiesblatt (NSH),R. Schaefer (NSH),S. Stamkos (NSH)
2025-12-02,2025020417,20252026,2,2025-12-03T02:00:00Z,Ball Arena,REG,COL,COL,VAN,3,1,1,1,2,0,0,0,0,0,2,2,0,2,2,0,0,0,0,0,0,1,1,0,0,0,0,0,31,21,14,8,12,5,5,8,0,0,0,0,4,1,1,1,1,1,0,0,0,0,20,18,2,2,18,17,16,11,17,15,5,4,53.2,46.8,N. MacKinnon (COL),G. Landeskog (COL),B. Nelson (COL)
2025-12-02,2025020418,20252026,2,2025-12-03T02:00:00Z,Rogers Place,REG,MIN,EDM,MIN,0,1,0,1,0,0,0,0,0,0,4,6,2,0,0,4,2,2,0,0,1,0,0,2,1,1,0,0,33,24,7,9,15,6,11,9,0,0,0,0,3,6,3,2,2,3,0,0,0,0,17,12,4,6,19,25,13,20,18,12,4,8,61.2,38.8,J. Wallstedt (MIN),S. Skinner (EDM),J. Brodin (MIN)
2025-12-02,2025020419,20252026,2,2025-12-03T03:00:00Z,T-Mobile Arena,SO,VGK,VGK,CHI,4,3,1,1,1,1,1,1,0,0,10,4,4,0,4,4,2,0,0,0,2,0,2,2,1,0,0,0,28,30,8,8,9,10,9,6,2,6,0,0,1,4,2,5,5,2,0,0,0,0,13,15,10,4,20,9,18,16,13,15,5,4,40.4,59.6,S. Theodore (VGK),B. Bowman (VGK),C. Hart (VGK)
2025-12-02,2025020420,20252026,2,2025-12-03T03:30:00Z,Crypto.com Arena,REG,WSH,LAK,WSH,1,3,0,1,1,0,0,2,0,0,4,4,2,0,2,4,0,0,0,0,1,0,1,2,0,0,0,0,25,25,3,12,14,8,8,5,0,0,0,1,7,6,2,2,2,2,0,0,0,1,21,12,9,9,13,20,5,21,13,15,6,6,46.9,53.1,A. Beauvillier (WSH),A. Ovechkin (WSH),A. Kempe (LAK)
2025-12-03,2025020421,20252026,2,2025-12-04T00:00:00Z,Prudential Center,REG,DAL,NJD,DAL,0,3,0,0,0,2,0,1,0,0,4,6,0,0,2,2,2,4,0,0,0,0,1,1,1,2,0,0,30,28,8,6,13,13,9,9,0,0,0,0,0,2,2,1,2,3,0,0,0,0,14,7,4,6,23,12,9,24,21,16,4,7,61.8,38.2,J. Oettinger (DAL),M. Heiskanen (DAL),E. Lindell (DAL)
2025-12-03,2025020422,20252026,2,2025-12-04T00:30:00Z,Centre Bell,SO,MTL,MTL,WPG,3,2,0,1,2,1,0,0,0,0,2,2,0,0,0,2,2,0,0,0,0,0,0,1,1,0,0,0,31,32,11,11,8,12,7,8,5,1,1,0,1,1,1,1,1,1,0,0,0,0,19,14,7,7,25,22,19,15,15,26,5,6,60.7,39.3,C. Caufield (MTL),I. Demidov (MTL),J. Dobes (MTL)
2025-12-03,2025020423,20252026,2,2025-12-04T00:30:00Z,Xfinity Mobile Arena,REG,PHI,PHI,BUF,5,2,3,1,2,1,0,0,0,0,14,10,6,8,4,2,4,0,0,0,3,4,2,1,2,0,0,0,35,29,11,4,12,14,12,11,0,0,2,1,11,6,5,6,7,5,0,0,0,0,12,20,14,25,18,16,15,20,9,13,7,3,52.6,47.4,N. Cates (PHI),T. Zegras (PHI),S. Couturier (PHI)
2025-12-03,2025020424,20252026,2,2025-12-04T03:00:00Z,Honda Center,REG,UTA,ANA,UTA,0,7,0,2,0,2,0,3,0,0,4,6,0,2,2,2,2,2,0,0,0,1,1,1,1,1,0,0,27,34,6,8,16,13,5,13,0,0,0,1,5,2,3,2,2,3,0,0,0,0,17,16,4,6,22,30,13,25,14,11,3,4,52.4,47.6,K. Vejmelka (UTA),J. Peterka (UTA),C. Keller (UTA)
2025-12-03,2025020425,20252026,2,2025-12-04T03:00:00Z,SAP Center at San Jose,REG,WSH,SJS,WSH,1,7,0,4,0,2,1,1,0,0,4,10,2,4,2,0,0,6,0,0,1,2,1,0,0,3,0,0,24,31,11,12,7,14,6,5,0,0,1,1,9,3,5,2,2,5,0,1,0,0,15,10,4,10,19,10,6,16,12,15,5,6,44.0,56.0,R. Leonard (WSH),A. Ovechkin (WSH),C. Lindgren (WSH)
2025-12-04,2025020426,20252026,2,2025-12-05T00:00:00Z,TD Garden,REG,BOS,BOS,STL,5,2,2,0,3,1,0,1,0,0,4,4,2,0,0,2,2,2,0,0,1,0,0,1,1,1,0,0,27,39,14,10,8,15,5,14,0,0,1,0,3,0,2,2,2,2,0,0,0,0,9,19,4,4,19,31,11,7,19,18,6,3,49.2,50.8,J. Korpisalo (BOS),M. Geekie (BOS),P. Zacha (BOS)
2025-12-04,2025020427,20252026,2,2025-12-05T00:00:00Z,Canadian Tire Centre,REG,NYR,OTT,NYR,2,4,1,2,0,1,1,1,0,0,2,6,0,2,2,0,0,4,0,0,0,1,1,0,0,2,0,0,27,28,11,9,7,13,9,6,0,0,2,0,2,0,3,1,1,3,0,0,0,1,16,12,2,6,29,20,17,13,13,18,6,2,45.1,54.9,I. Shesterkin (NYR),A. Panarin (NYR),J. Sanderson (OTT)
2025-12-04,2025020428,20252026,2,2025-12-05T00:00:00Z,Benchmark International Arena,REG,PIT,TBL,PIT,3,4,0,1,1,2,2,1,0,0,8,12,2,6,4,2,2,4,0,0,1,3,2,1,1,2,0,0,40,31,15,8,9,11,16,12,0,0,1,2,10,4,6,4,4,6,0,0,0,0,18,16,13,17,13,21,4,14,20,13,5,4,45.8,54.2,E. Malkin (PIT),B. Hagel (TBL),N. Kucherov (TBL)
2025-12-04,2025020429,20252026,2,2025-12-05T00:00:00Z,Amerant Bank Arena,OT,NSH,FLA,NSH,1,2,1,0,0,0,0,1,0,1,12,14,4,4,4,8,4,2,0,0,2,2,2,4,2,1,0,0,31,29,9,9,16,5,3,12,3,3,0,0,10,6,6,5,6,7,0,0,0,0,13,19,12,14,19,19,9,12,17,17,5,3,35.4,64.6,S. Stamkos (NSH),C. Verhaeghe (FLA),J. Saros (NSH)
2025-12-04,2025020430,20252026,2,2025-12-05T00:00:00Z,UBS Arena,REG,NYI,NYI,COL,6,3,2,0,3,2,1,1,0,0,6,10,0,4,2,4,4,2,0,0,0,2,1,2,2,1,0,0,42,38,16,19,16,7,10,12,0,0,1,0,9,3,4,3,3,5,0,0,1,0,10,15,6,10,18,26,20,12,10,16,3,5,45.5,54.5,M. Barzal (NYI),A. Lee (NYI),B. Horvat (NYI)
2025-12-04,2025020431,20252026,2,2025-12-05T00:00:00Z,Lenovo Center,REG,TOR,CAR,TOR,1,5,1,2,0,2,0,1,0,0,4,6,0,4,0,0,4,2,0,0,0,2,0,0,2,1,0,0,33,24,13,7,11,8,9,9,0,0,0,0,4,4,3,2,2,3,0,0,0,1,22,9,4,6,18,20,4,20,13,18,6,5,43.5,56.5,M. Knies (TOR),M. Domi (TOR),A. Matthews (TOR)
2025-12-04,2025020432,20252026,2,2025-12-05T00:30:00Z,Nationwide Arena,SO,CBJ,CBJ,DET,6,5,1,0,3,3,1,2,0,0,10,6,2,0,8,4,0,2,0,0,1,0,4,2,0,1,0,0,32,33,8,6,9,16,14,11,1,0,2,3,5,11,3,5,5,3,0,0,0,0,17,12,10,6,24,15,11,21,14,15,6,5,54.8,45.2,A. Fantilli (CBJ),Z. Werenski (CBJ),K. Marchenko (CBJ)
2025-12-04,2025020433,20252026,2,2025-12-05T02:00:00Z,Scotiabank Saddledome,REG,CGY,CGY,MIN,4,1,0,0,1,1,3,0,0,0,10,2,8,0,0,0,2,2,0,0,4,0,0,0,1,1,0,0,31,27,6,11,15,7,10,9,0,0,0,0,0,6,1,5,5,1,0,0,1,0,13,15,10,2,22,24,14,17,13,14,3,5,50.9,49.1,B. Coleman (CGY),D. Wolf (CGY),R. Andersson (CGY)
2025-12-04,2025020434,20252026,2,2025-12-05T02:00:00Z,Rogers Place,REG,EDM,EDM,SEA,9,4,3,2,3,1,3,1,0,0,6,10,2,2,4,2,0,6,0,0,1,1,2,1,0,3,0,0,32,32,10,11,10,13,12,8,0,0,4,1,9,3,5,3,3,5,1,0,0,0,12,20,6,10,22,23,20,7,13,14,3,6,54.0,46.0,C. McDavid (EDM),L. Draisaitl (EDM),M. Savoie (EDM)
2025-12-04,2025020435,20252026,2,2025-12-05T03:00:00Z,Crypto.com Arena,REG,CHI,LAK,CHI,1,2,0,0,0,2,1,0,0,0,6,10,2,6,2,2,2,2,0,0,1,3,1,1,1,1,0,0,27,36,12,13,8,12,7,11,0,0,0,1,4,3,5,3,3,5,0,0,0,0,20,12,6,10,20,13,20,25,19,15,4,6,55.9,44.1,W. Kaiser (CHI),F. Nazar (CHI),D. Kuemper (LAK)
2025-12-05,2025020436,20252026,2,2025-12-06T00:00:00Z,Prudential Center,REG,VGK,NJD,VGK,0,3,0,1,0,0,0,2,0,0,4,4,0,0,0,0,4,4,0,0,0,0,0,0,2,2,0,0,24,25,5,13,11,7,8,5,0,0,0,2,1,3,2,2,2,2,0,0,0,0,14,10,4,4,15,21,11,23,16,19,7,5,53.2,46.8,A. Schmid (VGK),J. Eichel (VGK),T. Hertl (VGK)
2025-12-05,2025020437,20252026,2,2025-12-06T00:00:00Z,Canada Life Centre,REG,WPG,WPG,BUF,4,1,1,1,2,0,1,0,0,0,6,4,4,2,2,2,0,0,0,0,2,1,1,1,0,0,0,0,23,35,8,15,9,11,6,9,0,0,0,1,2,6,1,2,3,2,0,0,1,0,12,21,6,4,33,22,9,7,16,13,2,6,53.6,46.4,C. Koepke (WPG),E. Comrie (WPG),T. Pearson (WPG)
2025-12-05,2025020438,20252026,2,2025-12-06T01:00:00Z,American Airlines Center,REG,DAL,DAL,SJS,4,1,1,0,0,1,3,0,0,0,10,6,2,4,4,2,4,0,0,0,1,2,2,1,2,0,0,0,24,17,9,3,4,6,11,8,0,0,1,0,2,3,2,4,5,3,0,0,1,0,14,7,10,6,17,24,17,9,10,13,6,6,55.6,44.4,M. Rantanen (DAL),S. Steel (DAL),J. Robertson (DAL)
2025-12-05,2025020439,20252026,2,2025-12-06T02:00:00Z,Rogers Arena,REG,UTA,VAN,UTA,1,4,0,1,0,1,1,2,0,0,6,8,2,0,2,4,2,4,0,0,1,0,1,2,1,2,0,0,33,18,11,8,14,7,8,3,0,0,0,1,5,1,3,2,3,4,0,1,0,1,17,16,6,8,21,25,12,23,20,18,6,6,52.6,47.4,K. Vejmelka (UTA),M. Sergachev (UTA),E. Pettersson (VAN)
2025-12-05,2025020440,20252026,2,2025-12-06T03:00:00Z,Honda Center,SO,ANA,ANA,WSH,4,3,1,1,2,2,0,0,0,0,6,10,2,2,0,6,4,2,0,0,1,1,0,3,2,1,0,0,38,21,12,8,15,9,8,3,3,1,0,0,5,2,5,3,3,5,0,0,0,0,14,17,6,10,18,21,19,21,16,21,7,4,54.0,46.0,B. Sennecke (ANA),L. Carlsson (ANA),R. Johnston (ANA)
2025-12-06,2025020441,20252026,2,2025-12-06T17:30:00Z,Madison Square Garden,OT,COL,NYR,COL,2,3,0,0,0,1,2,1,0,1,4,4,0,2,2,0,2,2,0,0,0,1,1,0,1,1,0,0,27,42,11,9,8,13,8,19,0,1,0,0,3,4,2,2,2,2,0,0,0,0,17,8,4,4,32,21,18,13,21,13,3,4,57.6,42.4,N. MacKinnon (COL),I. Shesterkin (NYR),M. Blackwood (COL)
2025-12-06,2025020442,20252026,2,2025-12-06T20:30:00Z,Amerant Bank Arena,OT,FLA,FLA,CBJ,7,6,1,1,3,4,2,1,1,0,6,8,2,0,0,4,4,4,2,0,1,0,0,2,2,2,1,0,40,31,9,8,15,12,12,6,4,5,2,1,8,4,4,3,3,4,0,0,0,0,10,7,8,8,30,15,7,20,12,21,4,5,57.4,42.6,S. Bennett (FLA),C. Verhaeghe (FLA),B. Marchand (FLA)
2025-12-06,2025020443,20252026,2,2025-12-07T00:00:00Z,TD Garden,REG,BOS,BOS,NJD,4,1,1,1,1,0,2,0,0,0,2,2,0,0,2,0,0,2,0,0,0,0,1,0,0,1,0,0,22,30,5,12,4,9,13,9,0,0,0,0,1,1,1,1,1,1,0,0,1,0,13,18,2,2,24,15,18,16,22,17,5,4,56.4,43.6,J. Swayman (BOS),M. Geekie (BOS),N. Zadorov (BOS)
2025-12-06,2025020444,20252026,2,2025-12-07T00:00:00Z,Scotiabank Arena,SO,MTL,TOR,MTL,1,2,0,0,0,1,1,0,0,0,8,6,2,2,4,2,2,2,0,0,1,1,2,1,1,1,0,0,23,34,7,9,3,14,10,8,3,3,0,1,1,8,3,4,4,3,1,0,0,0,14,19,8,6,28,21,8,11,12,12,5,3,58.1,41.9,C. Caufield (MTL),D. Hildeby (TOR),J. Dobes (MTL)
2025-12-06,2025020445,20252026,2,2025-12-07T00:00:00Z,Canadian Tire Centre,REG,STL,OTT,STL,1,2,0,0,0,1,1,1,0,0,10,20,0,8,2,2,8,10,0,0,0,4,1,1,4,5,0,0,42,20,15,2,10,10,17,8,0,0,1,0,14,1,7,2,5,10,0,0,0,0,15,11,10,20,25,22,10,21,10,17,7,1,49.3,50.7,J. Neighbours (STL),J. Hofer (STL),F. Zetterlund (OTT)
2025-12-06,2025020446,20252026,2,2025-12-07T00:00:00Z,Benchmark International Arena,REG,NYI,TBL,NYI,0,2,0,0,0,0,0,2,0,0,6,4,0,0,2,4,4,0,0,0,0,0,1,2,2,0,0,0,32,19,9,4,12,8,11,7,0,0,0,1,5,2,2,3,3,2,0,0,0,1,18,13,6,4,21,22,10,22,10,16,7,2,57.4,42.6,I. Sorokin (NYI),C. Ritchie (NYI),J. Johansson (TBL)
2025-12-06,2025020447,20252026,2,2025-12-07T00:00:00Z,Lenovo Center,REG,CAR,CAR,NSH,6,3,3,0,1,0,2,3,0,0,8,14,2,8,4,6,2,0,0,0,1,4,2,3,1,0,0,0,40,22,19,4,14,7,7,11,0,0,2,1,13,3,6,3,4,7,0,0,0,0,12,16,8,14,12,19,9,14,17,18,5,5,41.6,58.4,J. Blake (CAR),N. Ehlers (CAR),B. Bussi (CAR)
2025-12-06,2025020448,20252026,2,2025-12-07T00:00:00Z,Scotiabank Saddledome,REG,CGY,CGY,UTA,2,0,1,0,0,0,1,0,0,0,4,2,0,2,2,0,2,0,0,0,0,1,1,0,1,0,0,0,23,28,9,12,5,9,9,7,0,0,0,0,4,0,1,2,2,1,0,0,1,0,16,10,9,7,20,22,19,14,11,17,8,4,64.9,35.1,D. Wolf (CGY),R. Andersson (CGY),Y. Sharangovich (CGY)
2025-12-06,2025020449,20252026,2,2025-12-07T02:00:00Z,Crypto.com Arena,REG,LAK,LAK,CHI,6,0,0,0,3,0,3,0,0,0,8,6,2,0,4,4,2,2,0,0,1,0,2,2,1,1,0,0,32,23,7,11,13,5,12,7,0,0,1,0,3,0,2,3,4,3,0,0,0,0,11,10,8,6,20,10,10,11,23,18,7,5,59.6,40.4,B. Clarke (LAK),A. Turcotte (LAK),M. Anderson (LAK)
2025-12-06,2025020450,20252026,2,2025-12-07T03:00:00Z,Rogers Place,REG,EDM,EDM,WPG,6,2,4,0,1,0,1,2,0,0,4,4,2,2,0,0,2,2,0,0,1,1,0,0,1,1,0,0,27,21,16,5,5,4,6,12,0,0,1,0,1,2,1,1,2,2,0,0,0,0,14,14,4,4,9,36,12,6,16,12,2,5,53.7,46.3,E. Bouchard (EDM),L. Draisaitl (EDM),C. Lazar (EDM)
2025-12-06,2025020451,20252026,2,2025-12-07T03:00:00Z,Rogers Arena,REG,VAN,VAN,MIN,4,2,0,1,3,0,1,1,0,0,10,10,2,4,2,0,6,6,0,0,1,2,1,0,3,3,0,0,21,30,5,10,6,6,10,14,0,0,0,1,0,2,3,3,5,5,0,0,0,0,13,17,10,10,27,22,9,13,13,16,4,4,63.3,36.7,A. Räty (VAN),N. Tolopilo (VAN),T. Willander (VAN)
2025-12-06,2025020452,20252026,2,2025-12-07T03:00:00Z,Climate Pledge Arena,REG,DET,SEA,DET,3,4,1,1,2,2,0,1,0,0,4,6,2,2,2,4,0,0,0,0,1,1,1,2,0,0,0,0,27,25,8,6,14,12,5,7,0,0,0,1,3,3,2,1,2,3,0,0,0,0,22,16,4,6,17,19,20,25,8,14,6,7,44.4,55.6,P. Kane (DET),S. Edvinsson (DET),A. Larsson (SEA)
2025-12-07,2025020453,20252026,2,2025-12-07T18:00:00Z,Xfinity Mobile Arena,REG,COL,PHI,COL,2,3,1,2,1,1,0,0,0,0,4,2,2,0,2,2,0,0,0,0,1,0,1,1,0,0,0,0,25,28,3,12,9,13,13,3,0,0,0,1,0,5,1,2,2,1,0,0,0,0,14,17,4,2,21,18,20,18,16,16,7,5,47.9,52.1,V. Nichushkin (COL),E. Andrae (PHI),T. Konecny (PHI)
2025-12-07,2025020454,20252026,2,2025-12-07T22:00:00Z,Amerant Bank Arena,REG,FLA,FLA,NYI,4,1,1,0,1,1,2,0,0,0,6,6,0,0,2,2,4,4,0,0,0,0,1,1,2,2,0,0,30,21,11,10,11,8,8,3,0,0,0,0,1,2,1,1,3,3,0,0,1,0,14,15,6,6,18,23,16,16,12,13,6,4,51.0,49.0,C. Verhaeghe (FLA),D. Tarasov (FLA),U. Balinskis (FLA)
2025-12-07,2025020455,20252026,2,2025-12-07T22:00:00Z,Lenovo Center,REG,SJS,CAR,SJS,1,4,1,1,0,2,0,1,0,0,6,8,2,4,2,0,2,4,0,0,1,2,1,0,1,2,0,0,29,23,8,6,6,10,15,7,0,0,1,1,5,5,3,2,3,4,0,0,0,1,28,8,6,8,12,21,9,26,18,9,6,4,49.2,50.8,A. Nedeljkovic (SJS),J. Klingberg (SJS),M. Celebrini (SJS)
2025-12-07,2025020456,20252026,2,2025-12-07T23:00:00Z,American Airlines Center,SO,DAL,DAL,PIT,3,2,0,1,1,1,1,0,0,0,4,2,0,0,4,0,0,2,0,0,0,0,2,0,0,1,0,0,23,29,7,7,3,11,9,9,4,2,0,0,1,2,1,2,2,1,0,0,0,0,11,16,4,2,17,26,20,19,23,13,5,5,46.8,53.2,J. Oettinger (DAL),M. Heiskanen (DAL),J. Benn (DAL)
2025-12-07,2025020457,20252026,2,2025-12-08T00:00:00Z,Centre Bell,REG,STL,MTL,STL,3,4,2,1,0,2,1,1,0,0,6,6,2,2,2,2,2,2,0,0,1,1,1,1,1,1,0,0,26,18,11,4,7,6,8,8,0,0,0,1,2,2,2,2,3,3,0,0,0,0,11,10,6,6,14,34,9,19,16,15,2,5,40.7,59.3,B. Schenn (STL),D. Holloway (STL),N. Dobson (MTL)
2025-12-07,2025020458,20252026,2,2025-12-08T00:00:00Z,Madison Square Garden,OT,VGK,NYR,VGK,2,3,0,1,2,0,0,1,0,1,6,4,0,0,4,2,2,2,0,0,0,0,2,1,1,1,0,0,24,28,4,8,16,5,3,13,1,2,0,0,0,3,0,1,3,2,0,0,0,0,10,19,11,9,33,15,23,11,16,18,3,7,46.9,53.1,J. Eichel (VGK),T. Hertl (VGK),A. Lafrenière (NYR)
2025-12-07,2025020459,20252026,2,2025-12-08T00:00:00Z,Capital One Arena,REG,WSH,WSH,CBJ,2,0,0,0,1,0,1,0,0,0,6,8,0,0,2,6,4,2,0,0,0,0,1,3,2,1,0,0,38,39,9,12,19,11,10,16,0,0,0,0,14,5,4,3,3,4,0,0,1,0,19,12,6,8,16,12,11,7,15,17,4,5,52.5,47.5,L. Thompson (WSH),J. Chychrun (WSH),J. Greaves (CBJ)
2025-12-07,2025020460,20252026,2,2025-12-08T01:00:00Z,Honda Center,REG,ANA,ANA,CHI,7,1,1,0,4,0,2,1,0,0,4,10,2,4,0,4,2,2,0,0,1,2,0,2,1,1,0,0,53,20,17,6,27,7,9,7,0,0,2,1,11,2,5,2,2,5,0,0,0,0,19,5,4,10,15,15,8,10,12,17,4,5,51.7,48.3,L. Carlsson (ANA),B. Sennecke (ANA),C. Kreider (ANA)
2025-12-08,2025020461,20252026,2,2025-12-09T00:30:00Z,Scotiabank Arena,REG,TOR,TOR,TBL,2,0,1,0,0,0,1,0,0,0,2,4,0,2,2,0,0,2,0,0,0,1,1,0,0,1,0,0,25,29,10,15,8,5,7,9,0,0,0,0,3,1,2,1,1,2,0,0,1,0,13,12,12,24,20,16,14,8,10,19,8,4,56.4,43.6,D. Hildeby (TOR),M. Rielly (TOR),J. Johansson (TBL)
2025-12-08,2025020462,20252026,2,2025-12-09T02:00:00Z,Delta Center,REG,LAK,UTA,LAK,2,4,0,2,1,0,1,2,0,0,2,8,2,4,0,2,0,2,0,0,1,2,0,1,0,1,0,0,21,27,7,12,6,7,8,8,0,0,1,0,3,0,4,1,1,4,0,0,0,1,14,12,2,8,32,17,18,15,12,13,5,2,59.6,40.4,A. Kempe (LAK),C. Keller (UTA),J. Armia (LAK)
2025-12-08,2025020463,20252026,2,2025-12-09T02:00:00Z,Scotiabank Saddledome,REG,CGY,CGY,BUF,7,4,2,0,3,3,2,1,0,0,18,16,6,6,6,6,6,4,0,0,3,3,3,3,3,2,0,0,28,29,12,7,10,15,6,7,0,0,2,2,4,7,5,6,9,8,0,0,2,0,11,19,18,16,17,19,17,8,14,9,4,4,52.9,47.1,N. Kadri (CGY),Y. Sharangovich (CGY),R. Dahlin (BUF)
2025-12-08,2025020464,20252026,2,2025-12-09T03:00:00Z,Rogers Arena,REG,DET,VAN,DET,0,4,0,1,0,2,0,1,0,0,4,6,0,2,0,2,4,2,0,0,0,1,0,1,2,1,0,0,39,21,11,7,11,7,17,7,0,0,0,0,5,1,3,2,2,3,0,0,0,1,25,12,4,6,27,15,7,23,12,17,3,5,50.0,50.0,J. Gibson (DET),A. Sandin-Pellikka (DET),J. van Riemsdyk (DET)
2025-12-08,2025020465,20252026,2,2025-12-09T03:00:00Z,Climate Pledge Arena,REG,MIN,SEA,MIN,1,4,0,0,1,1,0,3,0,0,8,8,6,4,2,4,0,0,0,0,3,2,1,2,0,0,0,0,24,29,8,10,6,9,10,10,0,0,1,0,3,8,3,3,4,4,0,0,0,2,21,17,8,8,16,24,20,17,19,13,4,7,56.0,44.0,J. Eriksson Ek (MIN),M. Boldy (MIN),F. Gustavsson (MIN)
2025-12-09,2025020466,20252026,2,2025-12-10T00:00:00Z,Centre Bell,REG,TBL,MTL,TBL,1,6,0,3,1,1,0,2,0,0,10,12,2,6,2,4,6,2,0,0,1,3,1,2,3,1,0,0,27,27,7,14,15,4,5,9,0,0,1,1,7,3,4,3,5,6,0,0,0,0,15,13,15,17,24,27,18,16,14,10,3,4,69.8,30.2,C. D'Astous (TBL),D. Raddysh (TBL),B. Point (TBL)
2025-12-09,2025020467,20252026,2,2025-12-10T00:00:00Z,Canadian Tire Centre,REG,NJD,OTT,NJD,3,4,2,2,1,1,0,1,0,0,8,8,2,4,4,4,2,0,0,0,1,2,2,2,1,0,0,0,38,32,10,14,10,9,18,9,0,0,3,0,4,6,3,3,4,4,0,0,0,0,20,11,8,8,22,15,11,15,16,17,2,5,53.8,46.2,A. Gritsyuk (NJD),C. Brown (NJD),D. Batherson (OTT)
2025-12-09,2025020468,20252026,2,2025-12-10T00:00:00Z,UBS Arena,SO,NYI,NYI,VGK,5,4,1,2,2,0,1,2,0,0,10,8,6,4,0,2,4,2,0,0,3,2,0,1,2,1,0,0,27,37,13,12,6,9,8,11,0,5,1,0,3,6,2,4,5,4,0,0,0,0,14,13,10,8,24,14,10,12,15,20,8,6,52.0,48.0,B. Horvat (NYI),I. Sorokin (NYI),S. Holmstrom (NYI)
2025-12-09,2025020469,20252026,2,2025-12-10T00:00:00Z,Xfinity Mobile Arena,REG,PHI,PHI,SJS,4,1,1,1,2,0,1,0,0,0,4,4,0,4,2,0,2,0,0,0,0,2,1,0,1,0,0,0,30,18,16,3,10,8,4,7,0,0,0,0,5,2,2,2,2,2,0,0,1,0,12,8,4,4,17,28,11,20,10,17,4,3,66.7,33.3,D. Vladar (PHI),C. Grundstrom (PHI),N. Cates (PHI)
2025-12-09,2025020470,20252026,2,2025-12-10T00:00:00Z,PPG Paints Arena,SO,ANA,PIT,ANA,3,4,1,0,1,2,1,1,0,0,2,10,0,4,2,2,0,4,0,0,0,2,1,1,0,2,0,0,47,28,16,8,12,10,12,8,7,2,1,0,7,2,5,1,1,5,0,1,0,0,22,9,2,10,11,24,13,17,19,17,9,7,49.1,50.9,V. Husso (ANA),B. Sennecke (ANA),T. Novak (PIT)
2025-12-09,2025020471,20252026,2,2025-12-10T00:30:00Z,Lenovo Center,REG,CAR,CAR,CBJ,4,1,0,1,1,0,3,0,0,0,6,8,2,4,0,0,4,4,0,0,1,2,0,0,2,2,0,0,32,24,10,6,13,8,9,10,0,0,1,1,5,3,4,3,3,4,1,0,1,0,25,11,6,8,19,14,16,18,11,11,8,6,60.7,39.3,J. Staal (CAR),B. Bussi (CAR),S. Jarvis (CAR)
2025-12-09,2025020472,20252026,2,2025-12-10T01:00:00Z,Enterprise Center,REG,BOS,STL,BOS,2,5,1,0,0,2,1,3,0,0,6,6,6,6,0,0,0,0,0,0,3,3,0,0,0,0,0,0,26,31,10,11,3,13,13,7,0,0,1,0,3,2,2,2,3,3,0,0,0,1,10,22,6,6,30,26,20,21,14,16,2,12,57.9,42.1,M. Kastelic (BOS),R. Thomas (STL),F. Minten (BOS)
2025-12-09,2025020473,20252026,2,2025-12-10T01:00:00Z,Canada Life Centre,REG,DAL,WPG,DAL,3,4,0,1,2,2,1,1,0,0,8,8,4,2,0,2,4,4,0,0,2,1,0,1,2,2,0,0,33,19,11,6,14,8,8,5,0,0,0,2,8,4,4,4,4,4,0,0,0,0,13,13,8,8,32,8,10,15,15,17,6,5,38.2,61.8,M. Rantanen (DAL),M. Scheifele (WPG),W. Johnston (DAL)
2025-12-09,2025020474,20252026,2,2025-12-10T02:00:00Z,Rogers Place,OT,BUF,EDM,BUF,3,4,0,1,0,2,3,0,0,1,12,8,4,0,2,4,6,4,0,0,2,0,1,2,3,2,0,0,30,28,8,7,10,14,12,6,0,1,0,2,6,11,4,6,6,4,0,0,0,0,14,8,12,8,17,14,15,12,14,10,3,6,61.8,38.2,J. Doan (BUF),C. McDavid (EDM),A. Tuch (BUF)
2025-12-09,2025020475,20252026,2,2025-12-10T02:30:00Z,Bridgestone Arena,SO,NSH,NSH,COL,4,3,2,2,0,0,1,1,0,0,8,4,0,4,6,0,2,0,0,0,0,2,3,0,1,0,0,0,31,42,11,13,6,13,9,12,5,4,1,1,4,7,2,4,4,2,0,0,0,0,11,16,8,4,11,9,18,7,14,16,3,7,50.0,50.0,R. O'Reilly (NSH),B. Skjei (NSH),J. Saros (NSH)
2025-12-10,2025020476,20252026,2,2025-12-11T00:30:00Z,United Center,REG,CHI,CHI,NYR,3,0,0,0,2,0,1,0,0,0,6,8,0,0,2,2,4,6,0,0,0,0,1,1,2,3,0,0,25,21,10,6,8,11,7,4,0,0,0,0,2,1,3,3,3,4,1,0,0,0,14,14,6,8,12,36,14,13,9,16,7,2,31.9,68.1,S. Knight (CHI),C. Bedard (CHI),L. Crevier (CHI)
2025-12-10,2025020477,20252026,2,2025-12-11T01:30:00Z,Scotiabank Saddledome,REG,DET,CGY,DET,3,4,0,2,0,2,3,0,0,0,8,10,4,4,2,6,2,0,0,0,2,2,1,3,1,0,0,0,37,29,8,7,17,8,12,14,0,0,0,0,3,0,3,2,4,5,1,0,0,0,18,7,8,10,15,20,5,26,17,18,7,2,47.9,52.1,A. DeBrincat (DET),N. Kadri (CGY),P. Kane (DET)
2025-12-10,2025020478,20252026,2,2025-12-11T02:00:00Z,Delta Center,REG,FLA,UTA,FLA,3,4,1,1,2,2,0,1,0,0,4,6,0,4,0,2,4,0,0,0,0,2,0,1,2,0,0,0,30,36,13,10,13,7,4,19,0,0,0,0,5,8,3,2,2,3,0,0,0,0,13,29,4,6,19,21,15,15,13,16,3,6,50.8,49.2,A. Lundell (FLA),S. Bennett (FLA),D. Guenther (UTA)
2025-12-10,2025020479,20252026,2,2025-12-11T03:00:00Z,Climate Pledge Arena,OT,SEA,SEA,LAK,3,2,0,0,1,1,1,1,1,0,10,12,2,2,2,6,6,4,0,2,1,1,1,3,3,2,0,1,33,26,6,9,16,6,10,11,1,0,2,1,11,8,6,5,5,6,0,1,0,0,17,19,10,14,18,18,14,18,11,16,4,4,47.8,52.2,V. Dunn (SEA),J. Daccord (SEA),M. Beniers (SEA)
2025-12-11,2025020480,20252026,2,2025-12-12T00:00:00Z,Scotiabank Arena,OT,SJS,TOR,SJS,2,3,1,0,1,1,0,1,0,1,4,6,2,0,0,4,2,2,0,0,1,0,0,2,1,1,0,0,30,32,11,11,14,8,5,11,0,2,1,0,7,3,3,2,2,3,0,0,0,0,14,9,4,6,19,22,15,13,16,13,10,2,60.7,39.3,A. Wennberg (SJS),A. Nedeljkovic (SJS),D. Hildeby (TOR)
2025-12-11,2025020481,20252026,2,2025-12-12T00:00:00Z,Prudential Center,REG,TBL,NJD,TBL,4,8,1,4,1,2,2,2,0,0,6,6,4,2,0,2,2,2,0,0,2,1,0,1,1,1,0,0,37,35,15,15,6,13,16,7,0,0,1,2,6,5,3,3,3,3,0,0,0,0,12,6,11,11,32,15,13,13,14,7,6,2,48.5,51.5,B. Point (TBL),N. Kucherov (TBL),B. Hagel (TBL)
2025-12-11,2025020482,20252026,2,2025-12-12T00:00:00Z,UBS Arena,REG,NYI,NYI,ANA,5,2,3,0,0,1,2,1,0,0,2,8,0,4,2,2,0,2,0,0,0,2,1,1,0,1,0,0,37,33,13,12,15,10,9,11,0,0,2,0,7,0,4,1,1,4,0,1,0,0,16,26,2,8,20,15,18,13,19,14,7,3,54.3,45.7,A. Lee (NYI),S. Holmstrom (NYI),D. Rittich (NYI)
2025-12-11,2025020483,20252026,2,2025-12-12T00:00:00Z,Xfinity Mobile Arena,OT,VGK,PHI,VGK,2,3,1,1,1,1,0,0,0,1,4,6,0,2,4,2,0,2,0,0,0,1,2,1,0,1,0,0,19,22,5,6,9,9,5,5,0,2,0,1,1,3,3,2,2,3,0,0,0,0,13,13,4,6,25,23,13,16,10,19,4,4,45.7,54.3,M. Stone (VGK),C. Dvorak (PHI),N. Juulsen (PHI)
2025-12-11,2025020484,20252026,2,2025-12-12T00:00:00Z,PPG Paints Arena,REG,MTL,PIT,MTL,2,4,0,1,0,2,2,1,0,0,8,12,2,2,2,4,4,6,0,0,1,1,1,2,2,3,0,0,38,29,4,9,16,11,18,9,0,0,1,1,16,2,6,4,4,6,0,0,0,0,16,11,8,12,25,12,19,24,14,12,9,1,59.0,41.0,J. Fowler (MTL),O. Kapanen (MTL),B. Rust (PIT)
2025-12-11,2025020485,20252026,2,2025-12-12T00:00:00Z,Capital One Arena,SO,CAR,WSH,CAR,2,3,0,0,1,1,1,1,0,0,4,2,2,0,2,0,0,2,0,0,1,0,1,0,0,1,0,0,25,39,4,13,5,16,13,10,3,0,0,0,2,4,1,2,2,1,0,0,0,0,11,22,9,7,21,29,21,10,10,16,3,7,34.8,65.2,N. Ehlers (CAR),B. Bussi (CAR),C. McMichael (WSH)
2025-12-11,2025020486,20252026,2,2025-12-12T00:00:00Z,Nationwide Arena,REG,OTT,CBJ,OTT,3,6,1,4,2,1,0,1,0,0,4,2,2,0,0,2,2,0,0,0,1,0,0,1,1,0,0,0,27,29,9,7,11,12,7,10,0,0,1,1,1,1,1,2,2,1,0,0,0,1,9,7,4,2,23,18,12,21,14,16,4,6,42.2,57.8,T. Stützle (OTT),D. Batherson (OTT),B. Jenner (CBJ)
2025-12-11,2025020487,20252026,2,2025-12-12T01:00:00Z,Bridgestone Arena,REG,NSH,NSH,STL,7,2,2,0,4,2,1,0,0,0,6,8,2,4,0,0,4,4,0,0,1,2,0,0,2,2,0,0,32,26,12,9,13,9,7,8,0,0,1,0,7,5,4,3,3,4,0,0,0,0,12,6,11,13,14,27,15,10,11,14,5,2,48.1,51.9,S. Stamkos (NSH),L. Evangelista (NSH),M. Wood (NSH)
2025-12-11,2025020488,20252026,2,2025-12-12T01:00:00Z,Grand Casino Arena,REG,MIN,MIN,DAL,5,2,1,1,1,1,3,0,0,0,2,6,2,0,0,6,0,0,0,0,1,0,0,3,0,0,0,0,32,18,14,5,12,4,6,9,0,0,0,1,3,1,3,1,1,3,0,1,2,0,19,11,2,6,26,12,20,14,17,13,6,8,47.6,52.4,M. Boldy (MIN),J. Eriksson Ek (MIN),M. Johansson (MIN)
2025-12-11,2025020489,20252026,2,2025-12-12T01:00:00Z,Canada Life Centre,REG,BOS,WPG,BOS,3,6,2,3,1,1,0,2,0,0,4,8,4,6,0,2,0,0,0,0,2,3,0,1,0,0,0,0,29,24,13,7,11,9,5,8,0,0,1,2,5,3,4,2,2,4,0,0,0,1,12,11,9,13,24,21,16,18,10,15,6,3,47.9,52.1,D. Pastrnak (BOS),M. Geekie (BOS),A. Iafallo (WPG)
2025-12-11,2025020491,20252026,2,2025-12-12T02:00:00Z,Rogers Place,REG,EDM,EDM,DET,4,1,1,0,2,1,1,0,0,0,4,4,2,2,2,2,0,0,0,0,1,1,1,1,0,0,0,0,29,28,7,7,15,9,7,12,0,0,1,0,2,4,2,2,2,2,0,0,1,0,12,22,4,4,25,9,20,11,14,14,5,5,54.2,45.8,Z. Hyman (EDM),C. McDavid (EDM),S. Skinner (EDM)
2025-12-11,2025020490,20252026,2,2025-12-12T02:30:00Z,Ball Arena,REG,COL,COL,FLA,6,2,2,1,3,0,1,1,0,0,4,6,2,2,0,4,2,0,0,0,1,1,0,2,1,0,0,0,42,25,20,12,14,8,8,5,0,0,0,0,1,3,3,2,2,3,0,0,0,0,15,9,4,6,11,28,17,13,21,11,5,7,69.6,30.4,G. Brindley (COL),N. MacKinnon (COL),B. Nelson (COL)
2025-12-11,2025020492,20252026,2,2025-12-12T03:00:00Z,Rogers Arena,REG,BUF,VAN,BUF,2,3,1,1,1,2,0,0,0,0,8,10,4,4,4,4,0,2,0,0,2,2,2,2,0,1,0,0,32,15,12,7,8,6,12,2,0,0,1,1,2,1,3,2,4,5,0,0,0,0,24,13,8,10,22,13,7,26,14,17,4,8,59.5,40.5,R. Dahlin (BUF),T. Thompson (BUF),M. Sasson (VAN)
2025-12-12,2025020493,20252026,2,2025-12-13T01:00:00Z,Enterprise Center,REG,STL,STL,CHI,3,2,2,1,1,0,0,1,0,0,2,4,0,2,0,0,2,2,0,0,0,1,0,0,1,1,0,0,26,29,11,6,9,12,6,11,0,0,0,0,2,0,1,0,1,2,0,0,0,0,14,10,12,14,30,19,13,11,13,16,9,4,55.8,44.2,J. Faulk (STL),L. Mailloux (STL),C. Bedard (CHI)
2025-12-12,2025020494,20252026,2,2025-12-13T02:00:00Z,Delta Center,REG,UTA,UTA,SEA,5,3,0,0,2,1,3,2,0,0,10,6,2,2,2,2,6,2,0,0,1,1,1,1,3,1,0,0,33,37,12,9,13,16,8,12,0,0,1,0,3,7,2,4,5,3,0,0,2,0,16,12,10,6,13,14,17,25,15,14,4,4,48.3,51.7,K. Vejmelka (UTA),N. Schmaltz (UTA),D. Guenther (UTA)
2025-12-13,2025020495,20252026,2,2025-12-13T17:30:00Z,Prudential Center,REG,NJD,NJD,ANA,4,1,1,1,2,0,1,0,0,0,6,4,2,0,4,4,0,0,0,0,1,0,2,2,0,0,0,0,22,31,9,6,8,11,5,14,0,0,0,0,4,4,2,3,3,2,0,0,1,0,18,17,6,4,17,17,12,21,14,16,5,3,62.7,37.3,J. Allen (NJD),S. Noesen (NJD),J. Lammikko (NJD)
2025-12-13,2025020496,20252026,2,2025-12-13T19:00:00Z,Grand Casino Arena,REG,MIN,MIN,OTT,3,2,0,0,2,1,1,1,0,0,10,8,0,2,4,4,6,2,0,0,0,1,2,2,3,1,0,0,25,36,5,8,16,18,4,10,0,0,1,2,5,10,3,4,5,4,0,0,0,0,9,19,15,13,21,30,19,7,16,17,4,5,43.5,56.5,J. Eriksson Ek (MIN),J. Wallstedt (MIN),M. Johansson (MIN)
2025-12-13,2025020497,20252026,2,2025-12-13T20:00:00Z,PPG Paints Arena,OT,SJS,PIT,SJS,5,6,1,1,3,0,1,4,0,1,12,14,4,6,0,4,8,4,0,0,2,3,0,2,4,2,0,0,43,31,12,7,20,6,10,17,1,1,3,1,10,4,5,4,6,7,0,0,0,0,15,20,12,14,14,17,21,16,9,18,4,6,49.2,50.8,J. Klingberg (SJS),T. Toffoli (SJS),A. Mantha (PIT)
2025-12-13,2025020498,20252026,2,2025-12-13T20:30:00Z,UBS Arena,SO,NYI,NYI,TBL,3,2,2,0,0,1,0,1,0,0,10,8,2,6,8,0,0,2,0,0,1,3,4,0,0,1,0,0,17,34,9,8,1,17,6,8,1,1,1,1,1,9,4,4,5,4,0,0,0,0,13,16,10,8,19,27,20,10,13,8,4,6,49.3,50.7,I. Sorokin (NYI),A. Duclair (NYI),M. Schaefer (NYI)
2025-12-13,2025020499,20252026,2,2025-12-14T00:00:00Z,Scotiabank Arena,REG,EDM,TOR,EDM,3,6,1,1,1,2,1,3,0,0,4,2,2,0,2,2,0,0,0,0,1,0,1,1,0,0,0,0,28,37,10,12,12,13,6,12,0,0,0,0,3,7,1,2,2,1,0,0,0,0,18,15,4,2,25,17,15,10,24,18,4,5,47.2,52.8,C. McDavid (EDM),V. Podkolzin (EDM),L. Draisaitl (EDM)
2025-12-13,2025020500,20252026,2,2025-12-14T00:00:00Z,Madison Square Garden,OT,NYR,NYR,MTL,5,4,2,3,2,1,0,0,1,0,4,4,2,2,2,2,0,0,0,2,1,1,1,1,0,0,0,1,29,18,11,7,8,4,5,6,5,1,1,0,4,1,1,1,2,2,0,0,0,0,23,17,4,6,32,21,18,23,14,13,4,7,53.1,46.9,J. Miller (NYR),N. Laba (NYR),L. Hutson (MTL)
2025-12-13,2025020501,20252026,2,2025-12-14T00:00:00Z,Xfinity Mobile Arena,SO,CAR,PHI,CAR,3,4,2,0,0,2,1,1,0,0,4,0,2,0,2,0,0,0,0,0,1,0,1,0,0,0,0,0,18,21,7,5,9,8,2,6,0,2,0,0,0,3,0,2,2,0,0,0,0,0,8,25,4,0,28,19,21,3,18,13,3,6,56.5,43.5,J. Blake (CAR),S. Gostisbehere (CAR),T. Zegras (PHI)
2025-12-13,2025020502,20252026,2,2025-12-14T00:00:00Z,Nationwide Arena,REG,VGK,CBJ,VGK,2,3,1,0,0,1,1,2,0,0,6,8,2,2,4,2,0,4,0,0,1,1,2,1,0,2,0,0,30,26,9,9,10,7,11,10,0,0,0,1,4,4,4,3,3,4,0,0,0,0,7,14,6,8,15,15,19,20,16,14,7,5,58.1,41.9,M. Marner (VGK),B. McNabb (VGK),C. Coyle (CBJ)
2025-12-13,2025020503,20252026,2,2025-12-14T00:00:00Z,Canada Life Centre,REG,WPG,WPG,WSH,5,1,2,0,2,0,1,1,0,0,10,6,4,0,2,4,4,2,0,0,2,0,1,2,2,1,0,0,35,25,13,3,10,9,12,13,0,0,1,1,7,7,3,5,5,3,0,0,0,0,13,9,10,6,23,20,12,16,11,17,6,3,43.6,56.4,G. Vilardi (WPG),C. Hellebuyck (WPG),J. Morrissey (WPG)
2025-12-13,2025020504,20252026,2,2025-12-14T01:00:00Z,United Center,REG,DET,CHI,DET,0,4,0,2,0,1,0,1,0,0,6,6,4,0,2,4,0,2,0,0,2,0,1,2,0,1,0,0,26,24,8,10,6,10,12,4,0,0,0,0,3,3,3,3,3,3,0,0,0,1,18,10,6,6,30,15,7,21,10,13,2,5,54.5,45.5,J. Gibson (DET),A. DeBrincat (DET),P. Kane (DET)
2025-12-13,2025020505,20252026,2,2025-12-14T01:00:00Z,American Airlines Center,REG,FLA,DAL,FLA,0,4,0,0,0,3,0,1,0,0,10,8,0,2,4,4,6,2,0,0,0,1,2,2,3,1,0,0,15,23,2,2,7,13,6,8,0,0,0,1,1,4,3,3,5,4,0,0,0,1,12,12,25,13,13,22,18,13,17,18,8,3,47.3,52.7,B. Marchand (FLA),S. Bobrovsky (FLA),A. Lundell (FLA)
2025-12-13,2025020506,20252026,2,2025-12-14T02:00:00Z,Ball Arena,REG,COL,COL,NSH,4,2,2,1,1,0,1,1,0,0,6,8,4,2,2,4,0,2,0,0,2,1,1,2,0,1,0,0,41,29,11,8,15,13,15,8,0,0,0,1,9,6,4,3,3,4,0,0,1,0,15,15,6,8,16,18,16,19,15,13,3,5,54.2,45.8,S. Wedgewood (COL),N. MacKinnon (COL),S. Girard (COL)
2025-12-13,2025020507,20252026,2,2025-12-14T03:00:00Z,Crypto.com Arena,OT,CGY,LAK,CGY,1,2,1,0,0,1,0,0,0,1,8,4,2,0,4,2,2,2,0,0,1,0,2,1,1,1,0,0,22,38,7,13,4,17,11,7,0,1,0,0,4,8,2,4,4,2,0,1,0,0,20,8,13,9,13,12,15,16,17,23,7,5,52.9,47.1,M. Frost (CGY),D. Kuemper (LAK),D. Wolf (CGY)
2025-12-14,2025020508,20252026,2,2025-12-14T17:30:00Z,Prudential Center,REG,VAN,NJD,VAN,1,2,0,2,1,0,0,0,0,0,6,6,6,4,0,0,0,2,0,0,3,2,0,0,0,1,0,0,26,15,5,8,13,6,8,1,0,0,0,2,4,5,3,3,3,3,0,0,0,0,17,14,6,6,18,22,11,16,16,12,4,4,51.8,48.2,T. Demko (VAN),Z. Buium (VAN),L. Hughes (NJD)
2025-12-14,2025020509,20252026,2,2025-12-14T20:00:00Z,PPG Paints Arena,OT,UTA,PIT,UTA,4,5,2,0,1,0,1,4,0,1,10,4,2,4,4,0,4,0,0,0,1,2,2,0,2,0,0,0,16,36,6,7,4,11,6,17,0,1,0,1,1,11,2,5,5,2,0,0,0,0,6,23,10,4,18,9,17,7,15,20,4,5,50.0,50.0,M. Carcone (UTA),J. Brazeau (PIT),D. Guenther (UTA)
2025-12-14,2025020510,20252026,2,2025-12-14T22:00:00Z,Lenovo Center,SO,CAR,CAR,PHI,3,2,2,1,0,0,0,1,0,0,10,12,4,6,4,4,2,2,0,2,2,3,2,2,1,1,0,1,32,26,14,4,9,7,7,15,2,0,1,0,4,3,5,4,5,6,0,0,0,0,26,12,10,14,10,23,10,18,17,13,6,7,51.6,48.4,B. Bussi (CAR),T. Hall (CAR),W. Carrier (CAR)
2025-12-14,2025020511,20252026,2,2025-12-14T23:00:00Z,Grand Casino Arena,REG,MIN,MIN,BOS,6,2,1,0,2,0,3,2,0,0,4,6,2,2,2,2,0,2,0,0,1,1,1,1,0,1,0,0,31,31,6,7,13,9,12,15,0,0,2,0,6,3,3,2,2,3,0,0,0,0,14,18,4,6,14,20,14,16,15,14,5,3,48.5,51.5,Q. Hughes (MIN),K. Kaprizov (MIN),R. Hartman (MIN)
2025-12-14,2025020512,20252026,2,2025-12-15T00:00:00Z,Centre Bell,REG,MTL,MTL,EDM,4,1,0,0,2,0,2,1,0,0,10,8,6,2,2,4,2,2,0,0,3,1,1,2,1,1,0,0,27,28,10,12,12,6,5,10,0,0,2,1,6,9,4,5,5,4,0,0,0,0,9,17,10,8,20,17,11,12,17,20,4,3,49.1,50.9,J. Dobes (MTL),J. Slafkovský (MTL),J. Evans (MTL)
2025-12-14,2025020513,20252026,2,2025-12-15T01:00:00Z,Climate Pledge Arena,REG,BUF,SEA,BUF,1,3,0,1,1,1,0,1,0,0,4,6,2,0,2,6,0,0,0,0,1,0,1,3,0,0,0,0,24,23,3,9,11,7,10,7,0,0,1,0,3,3,3,2,2,3,0,0,0,1,23,17,4,6,23,17,11,13,13,19,5,5,53.2,46.8,T. Thompson (BUF),A. Tuch (BUF),C. Stephenson (SEA)
2025-12-15,2025020514,20252026,2,2025-12-16T00:00:00Z,Benchmark International Arena,REG,FLA,TBL,FLA,2,5,0,2,1,2,1,1,0,0,12,14,2,2,6,6,4,6,0,0,1,1,3,3,2,3,0,0,28,24,13,8,5,13,10,3,0,0,0,1,6,9,5,4,6,7,0,1,0,0,18,5,17,19,33,25,3,17,14,18,5,5,53.2,46.8,S. Reinhart (FLA),S. Bobrovsky (FLA),J. Moser (TBL)
2025-12-15,2025020515,20252026,2,2025-12-16T00:00:00Z,Madison Square Garden,REG,ANA,NYR,ANA,1,4,0,0,1,1,0,3,0,0,6,8,0,2,4,6,2,0,0,0,0,1,2,3,1,0,0,0,27,26,9,9,13,9,5,8,0,0,0,1,10,4,4,3,3,4,0,1,0,1,22,16,6,8,20,25,12,14,13,15,4,7,68.8,31.2,C. Gauthier (ANA),L. Dostal (ANA),I. Shesterkin (NYR)
2025-12-15,2025020516,20252026,2,2025-12-16T00:30:00Z,Canada Life Centre,OT,OTT,WPG,OTT,2,3,0,0,2,1,0,1,0,1,6,4,4,2,2,2,0,0,0,0,2,1,1,1,0,0,0,0,25,31,7,7,10,12,7,8,1,4,0,0,1,3,2,3,3,2,0,0,0,0,17,13,6,4,20,31,15,14,12,13,0,7,54.3,45.7,L. Stanley (WPG),L. Ullmark (OTT),C. Hellebuyck (WPG)
2025-12-15,2025020517,20252026,2,2025-12-16T01:00:00Z,Enterprise Center,REG,NSH,STL,NSH,2,5,1,1,0,3,1,1,0,0,12,10,6,6,6,0,0,4,0,0,3,3,3,0,0,2,0,0,22,26,6,12,6,8,10,6,0,0,1,1,3,6,3,4,6,5,0,0,0,1,13,16,17,15,22,13,11,7,10,13,2,6,34.7,65.3,F. Forsberg (NSH),D. Dvorsky (STL),R. Josi (NSH)
2025-12-15,2025020518,20252026,2,2025-12-16T01:00:00Z,American Airlines Center,REG,DAL,DAL,LAK,4,1,0,0,1,1,3,0,0,0,8,6,2,0,6,6,0,0,0,0,1,0,3,3,0,0,0,0,26,28,5,11,9,13,12,4,0,0,0,1,1,6,2,3,4,3,0,0,1,0,10,16,8,6,19,30,18,15,14,20,2,4,50.0,50.0,M. Rantanen (DAL),M. Duchene (DAL),O. Bäck (DAL)
2025-12-16,2025020519,20252026,2,2025-12-17T00:00:00Z,TD Garden,REG,BOS,BOS,UTA,4,1,1,1,1,0,2,0,0,0,6,8,2,2,2,4,2,2,0,0,1,1,1,2,1,1,0,0,23,21,7,13,8,3,8,5,0,0,1,1,3,5,4,3,3,4,0,0,0,0,12,14,16,28,21,21,23,10,15,12,4,4,51.7,48.3,M. Geekie (BOS),J. Swayman (BOS),D. Pastrnak (BOS)
2025-12-16,2025020520,20252026,2,2025-12-17T00:00:00Z,Scotiabank Arena,REG,TOR,TOR,CHI,3,2,0,2,0,0,3,0,0,0,2,6,0,2,2,2,0,2,0,0,0,1,1,1,0,1,0,0,27,25,7,10,8,6,12,9,0,0,1,0,6,1,3,1,1,3,0,1,0,0,15,6,2,6,29,15,14,12,14,13,4,4,57.1,42.9,A. Matthews (TOR),D. Joshua (TOR),W. Nylander (TOR)
2025-12-16,2025020521,20252026,2,2025-12-17T00:00:00Z,Centre Bell,REG,PHI,MTL,PHI,1,4,1,1,0,2,0,1,0,0,8,4,4,0,0,2,4,2,0,0,2,0,0,1,2,1,0,0,22,21,6,9,4,9,12,3,0,0,0,0,1,5,1,3,4,2,0,0,0,1,22,8,8,4,21,23,10,13,8,15,2,4,32.8,67.2,T. Zegras (PHI),A. Texier (MTL),S. Couturier (PHI)
2025-12-16,2025020522,20252026,2,2025-12-17T00:00:00Z,Little Caesars Arena,REG,DET,DET,NYI,3,2,0,1,0,0,3,1,0,0,2,4,0,0,2,0,0,4,0,0,0,0,1,0,0,2,0,0,21,18,8,7,5,7,8,4,0,0,2,0,2,1,2,1,1,2,0,0,0,0,20,12,2,4,14,16,19,21,13,9,5,3,45.3,54.7,A. DeBrincat (DET),L. Raymond (DET),S. Mayfield (NYI)
2025-12-16,2025020523,20252026,2,2025-12-17T00:00:00Z,Madison Square Garden,REG,VAN,NYR,VAN,0,3,0,1,0,1,0,1,0,0,6,8,2,6,2,0,2,2,0,0,1,3,1,0,1,1,0,0,23,17,7,3,7,6,9,8,0,0,0,0,6,1,4,3,3,4,0,1,0,1,19,11,6,8,26,20,6,13,12,14,6,4,53.2,46.8,T. Demko (VAN),E. Kane (VAN),L. Ohgren (VAN)
2025-12-16,2025020525,20252026,2,2025-12-17T00:00:00Z,Nationwide Arena,OT,CBJ,CBJ,ANA,4,3,1,0,2,2,0,1,1,0,8,4,2,0,4,0,2,4,0,0,1,0,2,0,1,2,0,0,28,27,6,10,10,9,9,8,3,0,0,0,3,5,2,4,4,2,0,0,0,0,7,11,8,4,20,20,19,21,17,19,5,2,57.7,42.3,Z. Werenski (CBJ),A. Fantilli (CBJ),B. Jenner (CBJ)
2025-12-16,2025020524,20252026,2,2025-12-17T00:30:00Z,PPG Paints Arena,REG,EDM,PIT,EDM,4,6,1,2,1,2,2,2,0,0,8,12,6,2,2,6,0,4,0,0,3,1,1,3,0,2,0,0,30,23,9,10,9,7,12,6,0,0,1,3,8,6,6,4,4,6,0,0,0,1,14,23,8,12,27,8,8,19,16,14,4,4,38.0,62.0,L. Draisaitl (EDM),C. McDavid (EDM),E. Karlsson (PIT)
2025-12-16,2025020526,20252026,2,2025-12-17T01:00:00Z,Grand Casino Arena,REG,MIN,MIN,WSH,5,0,1,0,1,0,3,0,0,0,4,8,2,2,0,4,2,2,0,0,1,1,0,2,1,1,0,0,32,25,9,11,15,9,8,5,0,0,1,0,5,3,4,2,2,4,1,0,0,0,15,18,4,8,22,18,21,8,18,9,3,4,52.6,47.4,V. Tarasenko (MIN),F. Gustavsson (MIN),D. Yurov (MIN)
2025-12-16,2025020527,20252026,2,2025-12-17T03:00:00Z,SAP Center at San Jose,REG,SJS,SJS,CGY,6,3,3,2,0,0,3,1,0,0,4,2,0,0,4,0,0,2,0,0,0,0,2,0,0,1,0,0,26,30,9,9,7,8,10,13,0,0,0,0,2,1,1,2,2,1,0,0,1,0,18,9,4,2,24,24,25,12,22,16,5,4,54.8,45.2,M. Celebrini (SJS),B. Goodrow (SJS),T. Toffoli (SJS)
2025-12-16,2025020528,20252026,2,2025-12-17T03:00:00Z,Climate Pledge Arena,REG,COL,SEA,COL,3,5,0,1,3,1,0,3,0,0,16,16,2,4,4,2,10,10,0,0,1,2,2,1,5,5,0,0,38,39,11,8,13,15,14,16,0,0,1,1,7,10,4,4,8,8,0,0,0,1,17,19,16,16,18,14,26,14,19,13,4,6,50.0,50.0,N. MacKinnon (COL),M. Necas (COL),C. Stephenson (SEA)
2025-12-17,2025020529,20252026,2,2025-12-18T00:00:00Z,Amerant Bank Arena,REG,FLA,FLA,LAK,3,2,0,1,2,0,1,1,0,0,8,8,4,4,2,4,2,0,0,0,2,2,1,2,1,0,0,0,29,29,8,8,13,10,8,11,0,0,1,1,5,5,4,4,4,4,0,0,0,0,11,14,8,8,28,16,21,15,11,12,5,5,46.6,53.4,S. Bennett (FLA),B. Marchand (FLA),D. Tarasov (FLA)
2025-12-17,2025020530,20252026,2,2025-12-18T00:30:00Z,Little Caesars Arena,REG,UTA,DET,UTA,1,4,0,0,0,2,1,2,0,0,8,8,0,2,6,4,2,2,0,0,0,1,3,2,1,1,0,0,28,28,11,8,12,8,5,12,0,0,1,0,7,2,4,4,4,4,0,0,0,0,12,12,8,8,11,21,15,18,16,13,4,4,53.2,46.8,C. Keller (UTA),J. McBain (UTA),K. Vejmelka (UTA)
2025-12-17,2025020531,20252026,2,2025-12-18T01:00:00Z,Enterprise Center,REG,STL,STL,WPG,1,0,0,0,1,0,0,0,0,0,6,10,2,2,2,2,2,6,0,0,1,1,1,1,1,3,0,0,26,24,11,6,12,9,3,9,0,0,0,0,6,5,4,2,3,5,0,0,0,0,14,20,6,20,14,21,14,9,11,19,4,3,37.2,62.8,J. Hofer (STL),J. Faulk (STL),P. Suter (STL)
2025-12-17,2025020532,20252026,2,2025-12-18T01:00:00Z,Bridgestone Arena,REG,CAR,NSH,CAR,1,4,0,1,0,0,1,3,0,0,8,6,2,2,4,4,2,0,0,0,1,1,2,2,1,0,0,0,26,37,5,19,6,9,15,9,0,0,0,1,2,8,3,4,4,3,0,0,0,1,15,17,8,6,23,11,15,14,18,12,6,7,53.2,46.8,S. Aho (CAR),P. Kochetkov (CAR),F. Forsberg (NSH)
2025-12-17,2025020533,20252026,2,2025-12-18T03:00:00Z,T-Mobile Arena,SO,NJD,VGK,NJD,1,2,0,0,0,1,1,0,0,0,4,6,2,2,2,2,0,2,0,2,1,1,1,1,0,1,0,1,37,33,10,8,15,12,9,11,3,2,1,0,4,6,3,2,2,3,0,0,0,0,13,14,4,8,21,21,19,10,16,11,6,5,43.6,56.4,J. Allen (NJD),P. Dorofeyev (VGK),C. Hart (VGK)
2025-12-18,2025020534,20252026,2,2025-12-19T00:00:00Z,TD Garden,REG,EDM,BOS,EDM,1,3,1,1,0,1,0,1,0,0,10,6,2,2,2,0,6,4,0,0,1,1,1,0,3,2,0,0,26,25,7,5,9,10,10,10,0,0,1,1,5,8,3,5,5,3,0,1,0,0,12,9,20,6,22,21,11,19,17,13,5,3,54.0,46.0,C. McDavid (EDM),R. Nugent-Hopkins (EDM),P. Zacha (BOS)
2025-12-18,2025020536,20252026,2,2025-12-19T00:00:00Z,Centre Bell,REG,MTL,MTL,CHI,4,1,1,1,0,0,3,0,0,0,4,4,0,0,2,4,2,0,0,0,0,0,1,2,1,0,0,0,35,15,7,4,16,6,12,5,0,0,0,0,6,1,2,2,2,2,0,0,1,0,19,18,4,4,21,14,13,8,10,14,3,8,66.0,34.0,Z. Bolduc (MTL),L. Hutson (MTL),N. Suzuki (MTL)
2025-12-18,2025020537,20252026,2,2025-12-19T00:00:00Z,Canadian Tire Centre,REG,OTT,OTT,PIT,4,0,1,0,2,0,1,0,0,0,4,6,2,2,2,2,0,2,0,0,1,1,1,1,0,1,0,0,26,25,7,8,12,4,7,13,0,0,1,0,2,3,3,2,2,3,0,0,0,0,12,18,4,6,18,21,11,13,10,22,3,4,55.1,44.9,L. Ullmark (OTT),B. Tkachuk (OTT),D. Batherson (OTT)
2025-12-18,2025020538,20252026,2,2025-12-19T00:00:00Z,Benchmark International Arena,REG,LAK,TBL,LAK,1,2,1,0,0,2,0,0,0,0,2,10,0,2,2,4,0,4,0,0,0,1,1,2,0,2,0,0,32,20,11,8,8,9,13,3,0,0,1,0,7,1,5,1,1,5,0,0,0,0,23,6,2,20,18,17,7,22,9,20,2,11,54.7,45.3,A. Kempe (LAK),A. Forsberg (LAK),A. Cirelli (TBL)
2025-12-18,2025020539,20252026,2,2025-12-19T00:00:00Z,Capital One Arena,REG,WSH,WSH,TOR,4,0,2,0,0,0,2,0,0,0,10,6,6,4,2,2,2,0,0,0,3,2,1,1,1,0,0,0,29,22,8,4,13,8,8,10,0,0,0,0,7,5,3,5,5,3,0,0,0,0,23,12,10,6,13,27,12,13,18,16,4,6,45.8,54.2,J. Chychrun (WSH),J. Carlson (WSH),L. Thompson (WSH)
2025-12-18,2025020540,20252026,2,2025-12-19T00:00:00Z,Nationwide Arena,REG,MIN,CBJ,MIN,2,5,1,0,1,2,0,3,0,0,2,4,0,2,2,0,0,2,0,0,0,1,1,0,0,1,0,0,29,28,5,9,14,8,10,11,0,0,0,1,4,2,2,1,1,2,0,0,0,2,13,17,2,4,26,15,12,18,16,19,6,6,64.2,35.8,Z. Werenski (CBJ),J. Wallstedt (MIN),J. Eriksson Ek (MIN)
2025-12-18,2025020535,20252026,2,2025-12-19T00:30:00Z,KeyBank Center,REG,BUF,BUF,PHI,5,3,1,1,2,1,2,1,0,0,6,10,2,2,2,4,2,4,0,0,1,1,1,2,1,2,0,0,28,27,4,12,12,10,12,5,0,0,1,0,6,4,5,3,3,5,0,0,1,0,15,13,6,10,24,29,15,10,25,9,6,1,46.4,53.6,Z. Benson (BUF),T. Thompson (BUF),A. Lyon (BUF)
2025-12-18,2025020541,20252026,2,2025-12-19T01:00:00Z,Enterprise Center,OT,NYR,STL,NYR,1,2,1,0,0,1,0,0,0,1,6,8,0,0,6,8,0,0,0,0,0,0,3,4,0,0,0,0,27,31,5,10,10,15,11,5,1,1,0,1,4,7,3,2,3,4,0,0,0,0,12,13,6,8,13,24,7,17,13,15,5,5,52.5,47.5,I. Shesterkin (NYR),J. Miller (NYR),J. Binnington (STL)
2025-12-18,2025020542,20252026,2,2025-12-19T02:00:00Z,Scotiabank Saddledome,REG,CGY,CGY,SEA,4,2,0,0,1,2,3,0,0,0,2,10,0,4,2,2,0,4,0,0,0,2,1,1,0,2,0,0,46,23,18,6,14,13,14,4,0,0,1,1,11,1,5,1,1,5,0,0,1,0,11,5,2,10,22,24,14,14,8,13,4,6,57.4,42.6,R. Andersson (CGY),N. Kadri (CGY),M. Coronato (CGY)
2025-12-18,2025020543,20252026,2,2025-12-19T03:00:00Z,SAP Center at San Jose,REG,DAL,SJS,DAL,3,5,0,2,2,2,1,1,0,0,2,6,0,2,2,2,0,2,0,0,0,1,1,1,0,1,0,0,37,30,12,10,14,10,11,10,0,0,0,1,7,1,3,1,1,3,0,0,0,1,12,10,2,6,30,16,11,20,21,15,4,6,41.5,58.5,W. Johnston (DAL),C. Graf (SJS),M. Celebrini (SJS)
2025-12-19,2025020544,20252026,2,2025-12-20T00:00:00Z,Amerant Bank Arena,SO,FLA,FLA,CAR,4,3,0,1,0,0,3,2,0,0,8,6,0,0,2,2,6,4,0,2,0,0,1,1,3,2,0,1,41,29,12,10,11,11,15,6,3,2,0,1,1,4,1,3,4,3,0,0,0,0,14,15,8,8,23,27,14,16,15,16,3,8,58.2,41.8,E. Rodrigues (FLA),S. Aho (CAR),S. Reinhart (FLA)
2025-12-19,2025020545,20252026,2,2025-12-20T00:00:00Z,UBS Arena,REG,VAN,NYI,VAN,1,4,0,3,0,0,1,1,0,0,6,8,2,4,4,2,0,2,0,0,1,2,2,1,0,1,0,0,24,31,8,9,5,12,11,10,0,0,0,1,6,4,4,3,3,4,0,0,0,1,14,9,6,8,21,10,12,14,16,17,3,6,45.1,54.9,K. Sherwood (VAN),T. Demko (VAN),D. Kampf (VAN)
2025-12-19,2025020546,20252026,2,2025-12-20T02:00:00Z,Ball Arena,REG,COL,COL,WPG,3,2,2,0,0,1,1,1,0,0,4,6,2,0,0,6,2,0,0,0,1,0,0,3,1,0,0,0,26,22,11,8,11,7,4,7,0,0,0,1,4,1,3,2,2,3,0,1,0,0,17,11,9,11,21,20,13,15,12,14,3,4,49.1,50.9,J. Manson (COL),P. Kelly (COL),M. Necas (COL)
2025-12-19,2025020547,20252026,2,2025-12-20T02:00:00Z,Delta Center,REG,NJD,UTA,NJD,1,2,1,0,0,1,0,1,0,0,10,8,4,2,4,4,2,2,0,0,2,1,2,2,1,1,0,0,33,22,7,9,18,6,8,7,0,0,1,1,8,11,4,5,5,4,0,0,0,0,12,10,10,8,20,12,16,26,9,13,2,5,53.7,46.3,J. Markstrom (NJD),D. But (UTA),N. Hischier (NJD)
2025-12-19,2025020548,20252026,2,2025-12-20T03:00:00Z,Honda Center,REG,DAL,ANA,DAL,3,8,1,4,0,3,2,1,0,0,8,8,0,2,2,4,6,2,0,0,0,1,1,2,3,1,0,0,25,25,8,7,9,8,8,10,0,0,0,1,0,3,3,3,4,4,0,1,0,0,16,7,18,8,22,8,13,21,18,22,4,4,46.3,53.7,J. Robertson (DAL),T. Harley (DAL),M. Heiskanen (DAL)
2025-12-20,2025020549,20252026,2,2025-12-20T17:30:00Z,Madison Square Garden,SO,NYR,NYR,PHI,5,4,1,0,1,4,2,0,0,0,6,8,0,2,6,2,0,4,4,0,0,1,3,1,0,2,2,0,27,32,8,12,8,11,10,5,1,4,1,2,6,3,4,3,3,4,0,1,0,0,17,13,15,13,23,19,4,21,23,10,7,1,49.2,50.8,A. Panarin (NYR),M. Zibanejad (NYR),T. Sanheim (PHI)
2025-12-20,2025020550,20252026,2,2025-12-20T17:30:00Z,Capital One Arena,REG,DET,WSH,DET,2,5,0,1,1,3,1,1,0,0,6,4,2,2,2,2,2,0,0,0,1,1,1,1,1,0,0,0,26,41,6,17,9,14,11,10,0,0,0,0,3,9,2,3,3,2,0,0,0,1,16,11,6,4,32,10,18,19,18,18,2,6,56.9,43.1,M. Seider (DET),J. Gibson (DET),A. Protas (WSH)
2025-12-20,2025020551,20252026,2,2025-12-20T20:00:00Z,Canadian Tire Centre,REG,OTT,OTT,CHI,6,4,1,0,2,3,3,1,0,0,10,16,4,8,4,0,2,8,0,0,2,4,2,0,1,4,0,0,40,24,12,8,10,13,18,3,0,0,1,1,9,5,6,3,5,8,1,0,0,0,21,8,10,26,29,21,8,17,7,15,5,5,59.7,40.3,T. Stützle (OTT),D. Perron (OTT),I. Mikheyev (CHI)
2025-12-20,2025020552,20252026,2,2025-12-20T20:00:00Z,Grand Casino Arena,REG,MIN,MIN,EDM,5,2,3,2,0,0,2,0,0,0,4,4,2,4,2,0,0,0,0,0,1,2,1,0,0,0,0,0,37,30,16,14,10,6,11,10,0,0,1,1,2,5,2,2,2,2,0,0,1,0,9,13,4,4,25,23,21,5,16,11,7,4,50.0,50.0,M. Boldy (MIN),B. Faber (MIN),L. Draisaitl (EDM)
2025-12-20,2025020553,20252026,2,2025-12-20T22:00:00Z,KeyBank Center,SO,BUF,BUF,NYI,3,2,1,0,1,1,0,1,0,0,4,8,2,4,0,0,2,4,2,0,1,2,0,0,1,2,1,0,32,34,12,7,10,15,7,7,3,5,1,1,6,1,4,2,2,4,0,0,0,0,15,17,6,8,18,25,11,8,18,21,5,4,45.0,55.0,A. Lyon (BUF),R. Dahlin (BUF),J. Norris (BUF)
2025-12-20,2025020554,20252026,2,2025-12-20T23:00:00Z,Amerant Bank Arena,REG,STL,FLA,STL,2,6,0,1,2,2,0,3,0,0,6,8,0,0,6,4,0,4,0,0,0,0,3,2,0,2,0,0,29,32,7,7,14,9,8,16,0,0,1,1,6,3,4,3,3,4,0,1,0,1,9,14,6,8,26,19,7,14,15,11,2,4,49.2,50.8,J. Neighbours (STL),J. Berggren (STL),R. Thomas (STL)
2025-12-20,2025020555,20252026,2,2025-12-21T00:00:00Z,TD Garden,SO,VAN,BOS,VAN,4,5,1,1,2,1,1,2,0,0,10,8,2,4,4,2,4,2,0,0,1,2,2,1,2,1,0,0,43,23,13,4,17,9,7,8,6,2,1,1,4,4,3,4,5,4,0,0,0,0,13,11,10,8,20,29,11,15,16,16,6,5,61.0,39.0,L. Ohgren (VAN),L. Karlsson (VAN),M. Geekie (BOS)
2025-12-20,2025020556,20252026,2,2025-12-21T00:00:00Z,Centre Bell,REG,MTL,MTL,PIT,4,0,2,0,1,0,1,0,0,0,6,2,2,2,2,0,2,0,0,0,1,1,1,0,1,0,0,0,21,31,10,9,5,5,6,17,0,0,1,0,1,7,1,3,3,1,1,0,1,0,16,21,6,2,16,24,16,13,8,20,5,4,39.1,60.9,J. Fowler (MTL),J. Anderson (MTL),O. Beck (MTL)
2025-12-20,2025020557,20252026,2,2025-12-21T00:00:00Z,Benchmark International Arena,REG,TBL,TBL,CAR,6,4,0,3,3,0,3,1,0,0,14,10,8,2,6,6,0,2,0,0,4,1,3,3,0,1,0,0,29,22,6,10,14,6,9,6,0,0,0,2,2,4,3,5,7,5,0,0,1,0,16,13,14,10,19,23,15,15,14,13,1,6,57.7,42.3,J. Guentzel (TBL),D. James (TBL),Y. Gourde (TBL)
2025-12-20,2025020558,20252026,2,2025-12-21T00:00:00Z,Bridgestone Arena,REG,NSH,NSH,TOR,5,3,0,1,2,1,3,1,0,0,4,6,2,2,2,4,0,0,0,0,1,1,1,2,0,0,0,0,34,22,10,7,14,7,10,8,0,0,1,0,3,1,2,1,2,3,0,0,2,0,13,12,4,6,20,21,12,23,13,20,4,2,37.8,62.2,L. Evangelista (NSH),A. Wilsby (NSH),J. Saros (NSH)
2025-12-20,2025020559,20252026,2,2025-12-21T03:00:00Z,Scotiabank Saddledome,REG,CGY,CGY,VGK,6,3,3,1,2,1,1,1,0,0,4,0,0,0,2,0,2,0,0,0,0,0,1,0,1,0,0,0,26,37,11,7,10,9,5,21,0,0,0,1,0,3,0,2,2,0,1,0,1,0,16,20,9,5,14,27,12,13,9,15,5,4,52.1,47.9,M. Backlund (CGY),C. Zary (CGY),M. Weegar (CGY)
2025-12-20,2025020560,20252026,2,2025-12-21T03:00:00Z,Honda Center,REG,ANA,ANA,CBJ,4,3,2,1,1,1,1,1,0,0,4,6,2,2,2,2,0,2,0,0,1,1,1,1,0,1,0,0,28,26,10,9,11,10,7,7,0,0,0,1,1,2,3,2,2,3,0,0,0,0,21,14,4,6,19,12,26,11,16,15,5,4,42.6,57.4,M. Granlund (ANA),P. Mintyukov (ANA),M. McTavish (ANA)
2025-12-20,2025020561,20252026,2,2025-12-21T03:00:00Z,SAP Center at San Jose,REG,SEA,SJS,SEA,2,4,0,0,1,1,1,3,0,0,2,8,2,4,0,2,0,2,0,0,1,2,0,1,0,1,0,0,36,32,12,17,12,7,12,8,0,0,1,0,8,3,4,1,1,4,0,0,0,1,24,4,2,8,19,18,8,23,13,9,7,6,44.4,55.6,J. Daccord (SEA),C. Graf (SJS),C. Stephenson (SEA)
2025-12-21,2025020562,20252026,2,2025-12-21T18:00:00Z,Little Caesars Arena,OT,DET,DET,WSH,3,2,0,1,2,0,0,1,1,0,2,2,2,0,0,2,0,0,0,2,1,0,0,1,0,0,0,1,27,33,5,14,12,8,4,10,6,1,1,0,1,1,1,1,1,1,0,0,0,0,14,23,2,4,16,11,18,13,18,12,8,3,50.9,49.1,M. Seider (DET),E. Frank (WSH),J. Leonard (DET)
2025-12-21,2025020563,20252026,2,2025-12-21T23:00:00Z,Grand Casino Arena,REG,COL,MIN,COL,1,5,0,1,0,2,1,2,0,0,8,6,2,2,6,2,0,2,0,0,1,1,3,1,0,1,0,0,29,42,7,14,13,19,9,9,0,0,0,2,4,11,3,4,4,3,0,0,0,1,21,20,8,6,13,17,25,8,11,20,2,6,44.7,55.3,C. Makar (COL),N. MacKinnon (COL),M. Blackwood (COL)
2025-12-21,2025020564,20252026,2,2025-12-22T00:00:00Z,TD Garden,REG,OTT,BOS,OTT,2,6,1,3,1,3,0,0,0,0,12,14,4,6,2,0,6,8,0,0,2,3,1,0,3,4,0,0,20,28,5,11,8,9,7,8,0,0,1,2,3,3,5,4,6,7,0,0,0,0,17,12,42,54,32,22,11,17,15,22,2,6,49.2,50.8,F. Zetterlund (OTT),D. Batherson (OTT),D. Cozens (OTT)
2025-12-21,2025020565,20252026,2,2025-12-22T00:00:00Z,Prudential Center,REG,BUF,NJD,BUF,1,3,1,0,0,2,0,1,0,0,0,2,0,2,0,0,0,0,0,0,0,1,0,0,0,0,0,0,27,25,12,9,6,12,9,4,0,0,0,0,2,0,1,0,0,1,0,0,0,1,20,10,0,2,16,20,13,23,18,16,2,7,58.8,41.2,U. Luukkonen (BUF),Z. Benson (BUF),J. Hughes (NJD)
2025-12-21,2025020566,20252026,2,2025-12-22T00:00:00Z,PPG Paints Arena,SO,PIT,PIT,MTL,4,3,2,1,1,1,0,1,0,0,6,8,2,4,2,2,2,2,0,0,1,2,1,1,1,1,0,0,31,25,14,8,14,8,2,6,1,3,1,0,2,0,3,2,3,4,0,0,0,0,20,11,6,8,30,25,11,18,16,19,4,5,51.9,48.1,S. Crosby (PIT),R. Rakell (PIT),O. Kapanen (MTL)
2025-12-21,2025020567,20252026,2,2025-12-22T00:00:00Z,Bridgestone Arena,REG,NSH,NSH,NYR,2,1,0,0,1,0,1,1,0,0,6,4,0,2,2,2,4,0,0,0,0,1,1,1,2,0,0,0,32,17,15,6,11,4,6,7,0,0,0,0,4,1,2,3,3,2,0,0,1,0,11,13,6,4,18,17,16,19,12,19,6,2,36.4,63.6,F. Forsberg (NSH),J. Annunen (NSH),R. O'Reilly (NSH)
2025-12-21,2025020568,20252026,2,2025-12-22T00:00:00Z,American Airlines Center,REG,DAL,DAL,TOR,5,1,1,0,0,0,4,1,0,0,8,6,2,0,6,4,0,2,0,0,1,0,3,2,0,1,0,0,22,28,4,6,4,15,14,7,0,0,0,0,3,7,3,4,4,3,0,0,1,0,11,19,8,6,11,24,12,9,10,24,6,3,39.1,60.9,J. Oettinger (DAL),S. Steel (DAL),J. Benn (DAL)
2025-12-21,2025020569,20252026,2,2025-12-22T00:00:00Z,Delta Center,OT,UTA,UTA,WPG,4,3,2,0,1,1,0,2,1,0,6,6,4,2,2,2,0,2,0,0,2,1,1,1,0,1,0,0,22,26,7,5,8,8,6,13,1,0,0,1,6,2,3,3,3,3,0,0,0,0,13,14,6,6,16,27,13,15,13,11,4,6,49.1,50.9,C. Keller (UTA),L. Crouse (UTA),A. Kerfoot (UTA)
2025-12-21,2025020570,20252026,2,2025-12-22T01:00:00Z,Rogers Place,REG,EDM,EDM,VGK,4,3,2,0,2,1,0,2,0,0,10,6,6,2,2,2,2,2,0,0,3,1,1,1,1,1,0,0,21,31,12,8,6,10,3,13,0,0,2,2,5,8,3,5,5,3,0,0,0,0,16,15,10,6,24,32,16,13,22,17,2,4,46.3,53.7,C. McDavid (EDM),R. Nugent-Hopkins (EDM),T. Hertl (VGK)
2025-12-22,2025020571,20252026,2,2025-12-23T00:00:00Z,Benchmark International Arena,REG,TBL,TBL,STL,4,1,2,0,1,1,1,0,0,0,4,8,2,6,0,0,2,2,0,0,1,3,0,0,1,1,0,0,17,24,6,5,7,11,4,8,0,0,2,0,4,2,4,2,2,4,0,0,0,0,14,11,4,8,10,27,15,16,11,14,6,4,49.1,50.9,D. Raddysh (TBL),A. Vasilevskiy (TBL),J. Faulk (STL)
2025-12-22,2025020572,20252026,2,2025-12-23T00:30:00Z,Xfinity Mobile Arena,REG,PHI,PHI,VAN,5,2,0,0,1,0,4,2,0,0,4,2,4,2,0,0,0,0,0,0,2,1,0,0,0,0,0,0,39,25,14,5,14,12,11,8,0,0,0,0,5,1,1,2,2,1,0,0,1,0,10,14,4,2,14,33,12,18,12,13,1,3,42.1,57.9,N. Grebenkin (PHI),R. Abols (PHI),C. Grundstrom (PHI)
2025-12-22,2025020573,20252026,2,2025-12-23T03:00:00Z,Honda Center,REG,SEA,ANA,SEA,1,3,0,0,1,1,0,2,0,0,8,6,2,2,2,2,4,2,0,0,1,1,1,1,2,1,0,0,41,21,7,10,17,5,17,6,0,0,0,1,4,3,2,3,4,3,0,0,0,1,22,12,18,16,24,24,12,13,13,16,7,4,57.4,42.6,P. Grubauer (SEA),M. Granlund (ANA),R. Gudas (ANA)
2025-12-22,2025020574,20252026,2,2025-12-23T03:00:00Z,Crypto.com Arena,REG,CBJ,LAK,CBJ,1,3,0,2,1,0,0,1,0,0,16,12,4,4,6,6,6,2,0,0,2,2,3,3,3,1,0,0,24,30,11,10,6,11,7,9,0,0,0,3,3,11,5,7,8,6,0,0,0,0,15,14,16,12,19,15,10,12,15,14,4,6,46.7,53.3,M. Marchment (CBJ),D. Severson (CBJ),K. Marchenko (CBJ)
2025-12-23,2025020575,20252026,2,2025-12-23T21:00:00Z,Scotiabank Arena,REG,TOR,TOR,PIT,6,3,2,1,1,1,3,1,0,0,6,6,2,2,0,0,4,4,0,0,1,1,0,0,2,2,0,0,31,32,7,12,12,9,12,11,0,0,0,0,2,2,2,1,3,3,0,0,2,0,15,8,6,6,19,16,14,7,19,14,6,7,58.6,41.4,W. Nylander (TOR),M. Domi (TOR),B. McMann (TOR)
2025-12-23,2025020579,20252026,2,2025-12-23T23:30:00Z,Little Caesars Arena,OT,DET,DET,DAL,4,3,1,0,0,2,2,1,1,0,10,6,2,0,2,2,6,4,0,0,1,0,1,1,3,2,0,0,25,22,6,5,5,13,12,4,2,0,2,2,9,5,3,5,5,3,0,0,0,0,13,21,10,6,16,20,16,8,12,15,4,4,51.8,48.2,D. Larkin (DET),J. van Riemsdyk (DET),W. Johnston (DAL)
2025-12-23,2025020576,20252026,2,2025-12-24T00:00:00Z,Capital One Arena,REG,NYR,WSH,NYR,3,7,0,1,3,1,0,5,0,0,8,6,4,0,2,4,2,2,0,0,2,0,1,2,1,1,0,0,32,21,6,5,15,5,11,11,0,0,1,1,7,3,3,4,4,3,0,0,0,1,21,14,8,6,13,18,17,18,11,14,2,3,45.8,54.2,V. Trocheck (NYR),T. Raddysh (NYR),A. Protas (WSH)
2025-12-23,2025020577,20252026,2,2025-12-24T00:00:00Z,TD Garden,REG,MTL,BOS,MTL,2,6,2,1,0,1,0,4,0,0,16,12,4,6,6,4,6,2,0,0,2,3,3,2,3,1,0,0,28,29,17,8,5,12,6,9,0,0,1,2,7,7,5,7,8,6,0,0,0,0,7,14,36,32,27,23,16,18,20,11,7,3,52.6,47.4,L. Hutson (MTL),N. Dobson (MTL),N. Suzuki (MTL)
2025-12-23,2025020578,20252026,2,2025-12-24T00:00:00Z,Canadian Tire Centre,OT,BUF,OTT,BUF,2,3,1,1,1,1,0,0,0,1,4,8,2,2,2,4,0,2,0,0,1,1,1,2,0,1,0,0,26,25,11,12,8,8,7,4,0,1,1,0,4,2,3,1,2,4,0,0,0,0,19,7,4,8,19,15,9,16,11,10,5,4,56.2,43.8,B. Byram (BUF),R. Greig (OTT),A. Lyon (BUF)
2025-12-23,2025020580,20252026,2,2025-12-24T00:00:00Z,UBS Arena,REG,NYI,NYI,NJD,2,1,0,1,1,0,1,0,0,0,0,0,0,0,0,0,0,0,0,0,0,0,0,0,0,0,0,0,25,32,7,15,14,6,4,11,0,0,0,0,0,0,0,0,0,0,0,0,0,0,22,17,0,0,26,15,11,20,14,15,8,1,45.0,55.0,D. Rittich (NYI),A. Pelech (NYI),S. Holmstrom (NYI)
2025-12-23,2025020581,20252026,2,2025-12-24T00:00:00Z,Lenovo Center,REG,FLA,CAR,FLA,2,5,1,0,1,0,0,5,0,0,12,6,4,2,2,4,6,0,0,0,2,1,1,2,3,0,0,0,19,22,6,3,10,5,3,14,0,0,0,1,2,1,2,4,6,3,0,0,0,0,24,20,12,6,35,32,12,11,11,17,5,5,56.9,43.1,S. Bennett (FLA),S. Jones (FLA),S. Reinhart (FLA)
2025-12-23,2025020582,20252026,2,2025-12-24T01:00:00Z,Grand Casino Arena,OT,NSH,MIN,NSH,2,3,1,2,1,0,0,0,0,1,10,8,4,2,6,4,0,2,0,0,2,1,3,2,0,1,0,0,32,29,12,8,11,12,9,7,0,2,0,2,2,11,3,4,5,4,0,0,0,0,7,13,10,8,27,22,9,10,15,13,4,5,39.2,60.8,S. Stamkos (NSH),J. Eriksson Ek (MIN),R. O'Reilly (NSH)
2025-12-23,2025020583,20252026,2,2025-12-24T02:00:00Z,United Center,REG,PHI,CHI,PHI,1,3,0,1,1,1,0,1,0,0,10,10,2,2,4,4,4,4,0,0,1,1,2,2,2,2,0,0,21,26,4,7,10,9,7,10,0,0,0,1,6,6,4,4,5,5,0,0,0,1,16,15,10,10,17,12,10,16,17,14,0,4,62.7,37.3,T. Konecny (PHI),R. Donato (CHI),N. Cates (PHI)
2025-12-23,2025020584,20252026,2,2025-12-24T02:00:00Z,Ball Arena,REG,COL,COL,UTA,1,0,0,0,1,0,0,0,0,0,6,4,2,2,4,2,0,0,0,0,1,1,2,1,0,0,0,0,26,32,12,9,10,11,4,12,0,0,0,0,4,4,2,3,3,2,0,0,0,0,10,7,6,4,20,16,21,19,21,16,5,3,44.8,55.2,S. Wedgewood (COL),S. Girard (COL),V. Vanecek (UTA)
2025-12-23,2025020585,20252026,2,2025-12-24T02:00:00Z,Rogers Place,REG,EDM,EDM,CGY,5,1,2,1,2,0,1,0,0,0,10,14,2,2,4,6,4,6,0,0,1,1,2,3,2,3,0,0,39,19,15,8,15,8,9,3,0,0,3,0,10,5,6,4,5,7,0,0,0,0,15,12,65,89,14,27,21,13,15,21,5,5,43.4,56.6,C. McDavid (EDM),L. Draisaitl (EDM),Z. Hyman (EDM)
2025-12-23,2025020586,20252026,2,2025-12-24T03:00:00Z,T-Mobile Arena,REG,VGK,VGK,SJS,7,2,5,0,1,1,1,1,0,0,4,8,2,4,0,2,2,2,0,0,1,2,0,1,1,1,0,0,26,23,17,5,5,4,4,14,0,0,1,0,6,0,4,1,2,4,0,0,0,0,16,12,4,8,13,25,9,6,20,15,6,6,47.4,52.6,M. Marner (VGK),R. Smith (VGK),P. Dorofeyev (VGK)
2025-12-23,2025020587,20252026,2,2025-12-24T03:00:00Z,Crypto.com Arena,REG,SEA,LAK,SEA,2,3,0,0,1,3,1,0,0,0,4,6,2,0,0,2,2,4,0,0,1,0,0,1,1,2,0,0,37,28,13,9,15,14,9,5,0,0,0,1,4,5,3,2,2,3,0,0,0,0,19,12,4,6,25,17,5,19,15,13,5,6,52.1,47.9,B. Meyers (SEA),E. Tolvanen (SEA),A. Kuzmenko (LAK)
2025-12-27,2025020588,20252026,2,2025-12-27T23:00:00Z,UBS Arena,REG,NYI,NYI,NYR,2,0,1,0,0,0,1,0,0,0,8,12,0,2,2,4,6,6,0,0,0,1,1,2,3,3,0,0,26,27,10,7,7,10,9,10,0,0,0,0,3,4,5,3,4,6,0,0,1,0,13,15,8,12,14,24,19,17,15,9,9,4,42.1,57.9,D. Rittich (NYI),A. Lee (NYI),I. Shesterkin (NYR)
2025-12-27,2025020589,20252026,2,2025-12-28T00:00:00Z,KeyBank Center,REG,BUF,BUF,BOS,4,1,0,1,3,0,1,0,0,0,2,6,0,0,0,4,2,2,0,0,0,0,0,2,1,1,0,0,34,23,13,9,13,3,8,11,0,0,0,0,2,1,3,1,1,3,0,0,1,0,10,20,2,6,18,27,13,12,19,17,8,4,42.3,57.7,M. Samuelsson (BUF),R. McLeod (BUF),P. Krebs (BUF)
2025-12-27,2025020590,20252026,2,2025-12-28T00:00:00Z,Scotiabank Arena,REG,TOR,TOR,OTT,7,5,2,1,3,1,2,3,0,0,4,8,2,4,0,0,2,4,0,0,1,2,0,0,1,2,0,0,33,31,4,9,20,9,9,13,0,0,2,0,5,1,3,1,2,4,0,0,1,0,9,23,4,8,32,30,7,6,17,18,6,4,43.6,56.4,A. Matthews (TOR),M. Knies (TOR),M. Domi (TOR)
2025-12-27,2025020591,20252026,2,2025-12-28T00:00:00Z,Amerant Bank Arena,REG,TBL,FLA,TBL,2,4,1,2,1,1,0,1,0,0,34,42,8,8,16,16,10,18,0,0,4,4,8,8,5,9,0,0,26,25,5,12,8,8,13,5,0,0,1,0,8,3,10,6,17,21,0,1,0,1,21,9,49,87,27,32,9,17,10,10,3,5,52.0,48.0,J. Guentzel (TBL),E. Luostarinen (FLA),N. Kucherov (TBL)
2025-12-27,2025020592,20252026,2,2025-12-28T00:00:00Z,Prudential Center,OT,WSH,NJD,WSH,3,4,0,1,1,1,2,1,0,1,4,6,2,2,2,4,0,0,0,0,1,1,1,2,0,0,0,0,38,33,15,11,14,7,8,13,1,2,1,0,1,2,2,1,2,3,0,0,0,0,11,13,4,6,17,14,10,21,15,10,8,4,33.9,66.1,J. Bratt (NJD),A. Protas (WSH),J. Chychrun (WSH)
2025-12-27,2025020593,20252026,2,2025-12-28T00:00:00Z,Lenovo Center,REG,CAR,CAR,DET,5,2,0,1,3,0,2,1,0,0,6,4,0,0,2,2,4,2,0,0,0,0,1,1,2,1,0,0,38,20,15,5,17,4,6,11,0,0,0,1,1,5,1,2,3,2,0,0,1,0,21,13,6,4,22,22,6,17,17,16,8,2,43.1,56.9,A. Svechnikov (CAR),S. Gostisbehere (CAR),J. Chatfield (CAR)
2025-12-27,2025020594,20252026,2,2025-12-28T00:00:00Z,Canada Life Centre,OT,MIN,WPG,MIN,3,4,1,1,2,1,0,1,0,1,8,6,2,2,2,4,4,0,0,0,1,1,1,2,2,0,0,0,26,19,10,5,9,6,6,7,1,1,0,1,5,3,3,4,4,3,0,0,0,0,16,18,13,11,16,19,15,18,14,17,3,5,53.3,46.7,M. Zuccarello (MIN),K. Kaprizov (MIN),K. Connor (WPG)
2025-12-27,2025020595,20252026,2,2025-12-28T01:00:00Z,Enterprise Center,REG,STL,STL,NSH,3,2,2,1,0,0,1,1,0,0,4,4,2,2,2,0,0,2,0,0,1,1,1,0,0,1,0,0,20,32,8,8,5,10,7,14,0,0,1,0,2,3,2,2,2,2,0,1,0,0,14,20,4,4,25,17,19,3,17,13,5,3,62.3,37.7,P. Buchnevich (STL),J. Hofer (STL),B. Schenn (STL)
2025-12-27,2025020596,20252026,2,2025-12-28T01:00:00Z,American Airlines Center,SO,CHI,DAL,CHI,3,4,1,1,1,1,1,1,0,0,4,8,0,2,2,4,2,2,0,0,0,1,1,2,1,1,0,0,31,33,11,11,5,9,13,11,2,2,0,0,10,2,4,2,2,4,0,0,0,0,13,8,4,8,16,29,14,13,18,13,5,6,56.9,43.1,T. Bertuzzi (CHI),M. Rantanen (DAL),J. Dickinson (CHI)
2025-12-27,2025020597,20252026,2,2025-12-28T02:00:00Z,Crypto.com Arena,REG,LAK,LAK,ANA,6,1,4,0,0,1,2,0,0,0,8,12,2,4,4,4,2,4,0,0,1,2,2,2,1,2,0,0,30,26,17,8,1,12,12,6,0,0,1,1,3,3,4,2,4,6,0,0,0,0,22,16,8,12,12,16,16,13,17,18,3,4,44.9,55.1,A. Laferriere (LAK),A. Kopitar (LAK),B. Dumoulin (LAK)
2025-12-27,2025020598,20252026,2,2025-12-28T03:00:00Z,Scotiabank Saddledome,REG,CGY,CGY,EDM,3,2,1,1,1,0,1,1,0,0,8,6,4,4,4,2,0,0,0,0,2,2,2,1,0,0,0,0,32,31,14,9,10,10,8,12,0,0,0,1,3,5,2,3,4,3,0,0,0,0,10,12,8,6,29,13,24,21,16,25,6,7,36.7,63.3,B. Coleman (CGY),R. Lomberg (CGY),C. McDavid (EDM)
2025-12-27,2025020599,20252026,2,2025-12-28T03:00:00Z,Rogers Arena,REG,SJS,VAN,SJS,3,6,1,2,0,1,2,3,0,0,10,8,2,2,2,2,6,4,0,0,1,1,1,1,3,2,0,0,27,37,8,11,6,11,13,15,0,0,1,1,4,10,4,5,5,4,1,0,0,1,14,24,10,8,25,12,9,13,19,16,2,7,55.6,44.4,M. Celebrini (SJS),W. Eklund (SJS),C. Garland (VAN)
2025-12-27,2025020600,20252026,2,2025-12-28T03:00:00Z,T-Mobile Arena,SO,COL,VGK,COL,5,6,1,0,3,2,1,3,0,0,2,6,2,2,0,0,0,4,0,0,1,1,0,0,0,2,0,0,25,39,7,9,12,11,6,16,0,3,0,0,6,0,3,1,1,3,0,0,0,0,13,29,2,6,21,16,27,8,19,15,5,5,46.8,53.2,N. MacKinnon (COL),M. Necas (COL),N. Hanifin (VGK)
2025-12-28,2025020602,20252026,2,2025-12-28T22:00:00Z,Benchmark International Arena,SO,TBL,TBL,MTL,5,4,0,0,3,0,1,4,0,0,8,2,6,0,2,2,0,0,0,0,3,0,1,1,0,0,0,0,21,35,3,11,12,6,5,16,1,2,0,0,1,3,1,4,4,1,0,0,0,0,12,23,13,7,17,26,23,11,18,13,3,8,37.3,62.7,N. Kucherov (TBL),J. Slafkovský (MTL),G. Goncalves (TBL)
2025-12-28,2025020603,20252026,2,2025-12-28T22:00:00Z,Nationwide Arena,REG,CBJ,CBJ,NYI,4,2,1,1,0,1,3,0,0,0,8,6,2,2,6,2,0,2,0,0,1,1,3,1,0,1,0,0,35,26,15,9,6,11,14,6,0,0,0,0,7,3,4,2,4,3,0,0,1,0,21,10,8,21,25,15,17,20,20,12,4,5,44.1,55.9,K. Marchenko (CBJ),I. Provorov (CBJ),J. Greaves (CBJ)
2025-12-28,2025020601,20252026,2,2025-12-29T00:00:00Z,Little Caesars Arena,OT,DET,DET,TOR,3,2,0,0,1,1,1,1,1,0,6,4,0,0,4,0,2,4,0,0,0,0,2,0,1,2,0,0,36,27,8,8,13,9,12,9,3,1,0,1,1,4,1,2,3,2,0,0,0,0,19,13,6,4,12,24,14,11,15,11,4,5,53.3,46.7,S. Edvinsson (DET),M. Appleton (DET),N. Robertson (TOR)
2025-12-28,2025020604,20252026,2,2025-12-29T00:00:00Z,United Center,REG,PIT,CHI,PIT,3,7,0,4,2,3,1,0,0,0,4,6,0,4,4,0,0,2,0,0,0,2,2,0,0,1,0,0,24,24,7,10,8,12,9,2,0,0,0,1,1,1,3,2,2,3,0,0,0,0,22,9,9,11,26,17,4,17,15,20,4,6,46.6,53.4,J. Brazeau (PIT),B. Rust (PIT),A. Mantha (PIT)
2025-12-28,2025020605,20252026,2,2025-12-29T01:00:00Z,Climate Pledge Arena,REG,SEA,SEA,PHI,4,1,0,0,1,0,3,1,0,0,6,0,4,0,2,0,0,0,0,0,2,0,1,0,0,0,0,0,20,33,7,11,7,8,6,14,0,0,0,0,0,6,0,3,3,0,0,0,2,0,6,17,6,0,18,16,17,16,17,13,3,4,48.0,52.0,P. Grubauer (SEA),E. Tolvanen (SEA),J. Eberle (SEA)
2025-12-29,2025020607,20252026,2,2025-12-30T00:00:00Z,Amerant Bank Arena,REG,FLA,FLA,WSH,5,3,2,2,0,0,3,1,0,0,12,12,6,4,2,4,4,4,0,0,3,2,1,2,2,2,0,0,29,27,10,10,8,12,11,5,0,0,1,1,8,7,6,6,6,6,0,0,1,0,19,16,12,12,16,19,6,21,17,15,4,6,46.6,53.4,A. Ekblad (FLA),S. Reinhart (FLA),T. Wilson (WSH)
2025-12-29,2025020608,20252026,2,2025-12-30T00:00:00Z,Lenovo Center,OT,CAR,CAR,NYR,3,2,1,1,0,1,1,0,1,0,4,6,2,4,2,2,0,0,0,2,1,2,1,1,0,0,0,1,35,20,13,5,7,9,11,6,4,0,1,1,4,1,3,2,2,3,0,0,0,0,22,7,4,8,25,23,11,18,18,15,5,4,59.7,40.3,J. Blake (CAR),S. Aho (CAR),J. Martinook (CAR)
2025-12-29,2025020606,20252026,2,2025-12-30T00:30:00Z,Canadian Tire Centre,REG,CBJ,OTT,CBJ,1,4,0,1,1,1,0,2,0,0,6,8,4,2,2,6,0,0,0,0,2,1,1,3,0,0,0,0,28,22,7,12,10,3,11,7,0,0,0,0,4,6,4,3,3,4,0,0,0,0,13,14,11,13,18,23,10,16,14,20,3,5,47.4,52.6,J. Greaves (CBJ),D. Severson (CBJ),J. Sanderson (OTT)
2025-12-29,2025020609,20252026,2,2025-12-30T00:30:00Z,Canada Life Centre,REG,EDM,WPG,EDM,1,3,0,0,0,2,1,1,0,0,2,6,0,4,2,2,0,0,0,0,0,2,1,1,0,0,0,0,42,21,15,9,11,4,16,8,0,0,0,1,9,1,3,1,1,3,0,0,0,1,21,15,7,11,32,22,8,17,13,21,3,9,40.0,60.0,C. Pickard (EDM),A. Lowry (WPG),J. Roslovic (EDM)
2025-12-29,2025020610,20252026,2,2025-12-30T01:00:00Z,Enterprise Center,REG,BUF,STL,BUF,2,4,2,1,0,1,0,2,0,0,6,2,2,2,0,0,4,0,0,0,1,1,0,0,2,0,0,0,18,34,9,8,7,14,2,12,0,0,0,0,2,7,1,3,3,1,0,0,0,1,9,18,6,2,27,18,18,11,17,12,3,5,44.4,55.6,Z. Benson (BUF),J. Hofer (STL),A. Tuch (BUF)
2025-12-29,2025020611,20252026,2,2025-12-30T02:00:00Z,Ball Arena,REG,COL,COL,LAK,5,2,1,0,2,1,2,1,0,0,6,8,0,2,4,4,2,2,0,0,0,1,2,2,1,1,0,0,26,25,8,10,10,5,8,10,0,0,0,1,4,4,4,3,3,4,0,1,1,0,21,18,6,8,18,29,9,11,17,18,3,4,50.0,50.0,B. Nelson (COL),N. MacKinnon (COL),M. Necas (COL)
2025-12-29,2025020612,20252026,2,2025-12-30T02:00:00Z,Delta Center,REG,NSH,UTA,NSH,3,4,1,1,1,1,1,2,0,0,4,8,0,4,2,0,2,4,0,0,0,2,1,0,1,2,0,0,31,26,11,7,10,9,10,10,0,0,1,1,8,5,4,2,2,4,0,0,0,0,21,11,4,8,16,16,16,19,15,10,3,4,52.9,47.1,S. Stamkos (NSH),D. Guenther (UTA),R. Josi (NSH)
2025-12-29,2025020613,20252026,2,2025-12-30T02:00:00Z,Scotiabank Saddledome,OT,CGY,CGY,BOS,2,1,0,1,1,0,0,0,1,0,6,10,4,2,0,2,2,6,0,0,2,1,0,1,1,3,0,0,20,26,8,9,9,7,1,8,2,2,0,0,2,4,5,3,3,5,0,0,0,0,10,9,6,10,21,18,14,17,14,17,4,11,48.9,51.1,B. Coleman (CGY),D. Wolf (CGY),A. Peeke (BOS)
2025-12-29,2025020614,20252026,2,2025-12-30T03:00:00Z,T-Mobile Arena,REG,MIN,VGK,MIN,2,5,0,2,1,3,1,0,0,0,2,4,0,4,2,0,0,0,0,0,0,2,1,0,0,0,0,0,16,27,6,7,5,13,5,7,0,0,0,0,2,4,2,2,1,2,0,0,0,0,14,17,17,4,30,17,13,20,13,15,4,4,47.1,52.9,M. Johansson (MIN),J. Eriksson Ek (MIN),J. Spurgeon (MIN)
2025-12-29,2025020615,20252026,2,2025-12-30T03:00:00Z,Honda Center,REG,SJS,ANA,SJS,4,5,1,2,1,2,2,1,0,0,4,6,2,0,0,2,2,4,0,0,1,0,0,1,1,2,0,0,42,13,14,7,14,3,14,3,0,0,0,0,6,2,3,2,2,3,0,0,0,0,21,10,4,6,18,17,11,19,17,18,7,4,55.2,44.8,M. Celebrini (SJS),T. Terry (ANA),A. Wennberg (SJS)
2025-12-29,2025020616,20252026,2,2025-12-30T03:00:00Z,Climate Pledge Arena,SO,VAN,SEA,VAN,2,3,2,1,0,1,0,0,0,0,4,10,2,6,2,2,0,2,0,2,1,3,1,1,0,1,0,1,39,24,14,12,6,9,16,3,3,0,1,0,8,2,5,2,2,5,0,0,0,0,9,21,9,17,21,22,17,15,14,12,3,5,45.3,54.7,L. Ohgren (VAN),J. McCann (SEA),J. Melanson (SEA)
2025-12-30,2025020617,20252026,2,2025-12-31T00:00:00Z,Scotiabank Arena,REG,TOR,TOR,NJD,4,0,1,0,1,0,2,0,0,0,6,6,2,4,2,2,2,0,0,0,1,2,1,1,1,0,0,0,30,33,14,9,8,14,8,10,0,0,1,0,13,8,3,3,3,3,0,0,1,0,12,15,11,11,18,18,16,11,9,15,2,5,55.8,44.2,J. Woll (TOR),N. Robertson (TOR),M. Knies (TOR)
2025-12-30,2025020618,20252026,2,2025-12-31T00:00:00Z,Amerant Bank Arena,OT,MTL,FLA,MTL,2,3,0,0,0,0,2,2,0,1,6,8,2,0,2,4,2,4,2,0,1,0,1,2,1,2,1,0,30,29,9,7,8,10,11,10,2,2,1,0,9,4,4,3,3,4,0,0,0,0,9,16,8,8,30,16,11,18,9,13,1,7,44.3,55.7,N. Suzuki (MTL),B. Marchand (FLA),C. Caufield (MTL)
2025-12-30,2025020619,20252026,2,2025-12-31T00:00:00Z,PPG Paints Arena,REG,PIT,PIT,CAR,5,1,3,0,2,1,0,0,0,0,0,4,0,4,0,0,0,0,0,0,0,2,0,0,0,0,0,0,28,28,13,10,8,10,7,8,0,0,1,0,4,0,2,0,0,2,0,0,0,0,17,14,0,4,15,21,19,15,15,21,7,4,52.7,47.3,S. Skinner (PIT),A. Mantha (PIT),J. Brazeau (PIT)
2025-12-30,2025020620,20252026,2,2025-12-31T01:30:00Z,United Center,SO,NYI,CHI,NYI,2,3,0,2,2,0,0,0,0,0,6,6,2,0,2,4,2,2,2,0,1,0,1,2,1,1,1,0,19,21,7,10,7,4,3,6,2,1,1,1,2,1,2,2,3,3,0,0,0,0,21,12,8,6,23,28,16,9,12,24,5,6,46.0,54.0,B. Horvat (NYI),C. Ritchie (NYI),O. Moore (CHI)
2025-12-30,2025020621,20252026,2,2025-12-31T03:00:00Z,Rogers Arena,REG,PHI,VAN,PHI,3,6,1,1,0,2,2,3,0,0,4,10,2,4,2,4,0,2,0,0,1,2,1,2,0,1,0,0,35,33,10,5,9,19,16,9,0,0,0,0,3,0,4,1,2,5,0,1,0,2,21,15,9,15,29,26,16,15,19,17,5,3,43.9,56.1,D. Vladar (PHI),M. Michkov (PHI),D. O'Connor (VAN)
2025-12-31,2025020622,20252026,2,2025-12-31T17:30:00Z,Capital One Arena,REG,WSH,WSH,NYR,6,3,1,1,2,1,3,1,0,0,2,6,0,2,2,4,0,0,0,0,0,1,1,2,0,0,0,0,27,25,7,5,11,11,9,9,0,0,1,1,6,2,3,1,1,3,0,0,1,0,15,15,7,11,21,21,21,27,18,17,5,5,50.0,50.0,T. Wilson (WSH),C. Lindgren (WSH),A. Fox (NYR)
2025-12-31,2025020623,20252026,2,2025-12-31T20:00:00Z,T-Mobile Arena,REG,NSH,VGK,NSH,2,4,2,3,0,1,0,0,0,0,8,6,2,2,6,2,0,2,0,0,1,1,3,1,0,1,0,0,31,19,9,10,4,6,18,3,0,0,1,2,7,6,3,4,4,3,0,0,0,0,17,16,18,6,26,26,11,18,17,12,4,7,47.7,52.3,S. Stamkos (NSH),J. Annunen (NSH),R. Schaefer (NSH)
2025-12-31,2025020624,20252026,2,2025-12-31T21:00:00Z,Honda Center,OT,TBL,ANA,TBL,3,4,0,1,1,1,2,1,0,1,6,6,0,0,2,2,4,4,0,0,0,0,1,1,2,2,0,0,28,29,6,7,7,9,14,10,1,3,1,1,7,5,3,3,3,3,0,0,0,0,17,11,6,6,13,19,12,12,22,15,6,6,61.8,38.2,M. McTavish (ANA),B. Sennecke (ANA),B. Point (TBL)
2025-12-31,2025020625,20252026,2,2025-12-31T21:00:00Z,SAP Center at San Jose,SO,SJS,SJS,MIN,4,3,0,1,2,0,1,2,0,0,2,2,2,0,0,2,0,0,0,0,1,0,0,1,0,0,0,0,28,23,8,8,9,6,9,6,2,3,1,0,3,1,1,1,1,1,0,0,0,0,11,18,2,2,19,19,22,13,19,14,5,3,55.4,44.6,M. Celebrini (SJS),I. Chernyshov (SJS),J. Skinner (SJS)
2025-12-31,2025020626,20252026,2,2025-12-31T23:30:00Z,Little Caesars Arena,REG,DET,DET,WPG,2,1,2,0,0,0,0,1,0,0,6,6,0,2,4,4,2,0,0,0,0,1,2,2,1,0,0,0,19,24,10,5,6,11,3,8,0,0,1,0,1,3,3,3,3,3,0,0,0,0,4,11,6,6,14,24,20,11,12,13,4,6,51.1,48.9,M. Appleton (DET),D. Larkin (DET),L. Stanley (WPG)
2025-12-31,2025020627,20252026,2,2026-01-01T00:00:00Z,Nationwide Arena,REG,NJD,CBJ,NJD,2,3,1,0,1,0,0,3,0,0,2,6,0,2,0,2,2,2,0,0,0,1,0,1,1,1,0,0,35,33,10,10,18,12,7,11,0,0,0,1,3,1,3,1,1,3,0,0,0,0,23,10,7,11,26,17,11,10,18,14,8,5,50.0,50.0,L. Hughes (NJD),J. Allen (NJD),C. Coyle (CBJ)
2025-12-31,2025020628,20252026,2,2026-01-01T01:00:00Z,American Airlines Center,REG,BUF,DAL,BUF,1,4,1,0,0,2,0,2,0,0,4,4,2,0,2,2,0,2,0,0,1,0,1,1,0,1,0,0,29,31,14,14,8,11,7,6,0,0,0,0,1,2,2,2,2,2,0,0,0,0,9,15,4,4,15,24,12,9,12,14,3,4,41.7,58.3,T. Thompson (BUF),B. Byram (BUF),U. Luukkonen (BUF)
2025-12-31,2025020629,20252026,2,2026-01-01T02:00:00Z,Ball Arena,REG,COL,COL,STL,6,1,4,0,1,0,1,1,0,0,6,6,0,0,4,6,2,0,0,0,0,0,2,3,1,0,0,0,43,13,20,4,14,3,9,6,0,0,1,0,2,3,3,3,3,3,0,0,0,0,12,8,6,6,6,22,7,24,12,20,5,4,53.8,46.2,V. Nichushkin (COL),N. MacKinnon (COL),B. Nelson (COL)
2025-12-31,2025020630,20252026,2,2026-01-01T02:30:00Z,Scotiabank Saddledome,REG,CGY,CGY,PHI,5,1,1,0,3,1,1,0,0,0,6,8,0,0,4,8,2,0,0,0,0,0,2,4,1,0,0,0,26,26,3,4,13,10,10,12,0,0,2,0,7,5,3,2,3,4,0,0,0,0,19,15,6,8,15,23,15,18,12,13,7,6,54.5,45.5,M. Weegar (CGY),R. Andersson (CGY),M. Coronato (CGY)
2025-12-31,2025020631,20252026,2,2026-01-01T02:30:00Z,Rogers Place,REG,BOS,EDM,BOS,2,6,1,2,0,2,1,2,0,0,8,12,4,4,2,4,2,4,0,0,2,2,1,2,1,2,0,0,36,29,15,12,10,9,11,8,0,0,0,1,8,4,5,3,4,6,0,0,0,0,10,12,43,47,18,14,14,13,16,13,4,6,50.8,49.2,J. Swayman (BOS),D. Pastrnak (BOS),H. Lindholm (BOS)
2026-01-01,2025020632,20252026,2,2026-01-01T18:00:00Z,Canadian Tire Centre,REG,OTT,OTT,WSH,4,3,0,2,2,0,2,1,0,0,12,12,6,4,6,4,0,4,0,0,3,2,3,2,0,2,0,0,32,29,6,16,15,7,11,6,0,0,0,1,5,5,4,4,6,6,0,0,0,0,12,10,17,17,32,15,14,19,17,9,6,5,49.1,50.9,T. Chabot (OTT),S. Pinto (OTT),F. Zetterlund (OTT)
2026-01-01,2025020633,20252026,2,2026-01-01T20:00:00Z,UBS Arena,REG,UTA,NYI,UTA,2,7,0,0,1,3,1,4,0,0,10,10,2,2,2,6,6,2,0,0,1,1,1,3,3,1,0,0,22,21,11,5,8,6,3,10,0,0,1,2,8,11,5,5,5,5,0,0,0,0,13,18,10,10,13,16,13,14,9,18,6,3,51.0,49.0,D. Guenther (UTA),N. Schmaltz (UTA),M. Sergachev (UTA)
2026-01-01,2025020634,20252026,2,2026-01-02T00:00:00Z,Scotiabank Arena,REG,TOR,TOR,WPG,6,5,0,2,3,2,3,1,0,0,4,2,2,0,0,2,2,0,0,0,1,0,0,1,1,0,0,0,30,40,7,11,12,17,11,12,0,0,1,1,2,4,1,2,2,1,0,0,0,0,12,13,4,2,23,17,11,12,15,14,6,4,50.0,50.0,A. Matthews (TOR),M. Scheifele (WPG),O. Ekman-Larsson (TOR)
2026-01-01,2025020635,20252026,2,2026-01-02T00:00:00Z,PPG Paints Arena,OT,PIT,PIT,DET,4,3,2,1,0,1,1,1,1,0,16,6,10,2,2,2,4,2,0,0,5,1,1,1,2,1,0,0,31,27,6,10,9,10,14,7,2,0,1,2,4,8,3,8,8,3,0,0,0,0,15,20,16,6,15,21,18,17,11,11,4,4,52.6,47.4,K. Letang (PIT),S. Crosby (PIT),E. Karlsson (PIT)
2026-01-01,2025020636,20252026,2,2026-01-02T00:00:00Z,Lenovo Center,REG,MTL,CAR,MTL,5,7,3,2,1,3,1,2,0,0,2,6,0,2,2,4,0,0,0,0,0,1,1,2,0,0,0,0,25,23,10,5,8,11,7,7,0,0,2,0,3,2,3,1,1,3,0,0,0,1,13,12,2,6,18,26,10,15,19,18,9,4,55.6,44.4,J. Slafkovský (MTL),S. Aho (CAR),A. Svechnikov (CAR)
2026-01-01,2025020639,20252026,2,2026-01-02T00:00:00Z,Crypto.com Arena,REG,TBL,LAK,TBL,3,5,2,1,0,1,1,3,0,0,4,6,2,2,0,2,2,2,0,0,1,1,0,1,1,1,0,0,20,24,11,8,1,7,8,9,0,0,2,1,3,3,3,2,2,3,0,0,0,1,16,14,9,11,20,22,21,12,19,10,6,2,50.0,50.0,B. Point (TBL),C. Perry (LAK),G. Goncalves (TBL)
2026-01-01,2025020637,20252026,2,2026-01-02T01:30:00Z,United Center,REG,CHI,CHI,DAL,4,3,1,1,2,0,1,2,0,0,2,8,0,4,0,4,2,0,0,0,0,2,0,2,1,0,0,0,21,25,6,6,11,10,4,9,0,0,2,0,6,0,4,1,1,4,0,0,0,0,18,12,2,8,20,29,17,16,15,17,7,4,46.5,53.5,I. Mikheyev (CHI),R. Donato (CHI),A. Burakovsky (CHI)
2026-01-01,2025020638,20252026,2,2026-01-02T03:00:00Z,Climate Pledge Arena,REG,SEA,SEA,NSH,4,1,3,0,0,1,1,0,0,0,4,2,2,0,2,2,0,0,0,0,1,0,1,1,0,0,0,0,23,25,13,7,7,9,3,9,0,0,0,1,0,1,1,2,2,1,0,0,1,0,13,18,4,2,20,23,21,16,17,20,4,6,46.7,53.3,M. Beniers (SEA),P. Grubauer (SEA),J. Oleksiak (SEA)
2026-01-02,2025020640,20252026,2,2026-01-02T20:00:00Z,Enterprise Center,REG,STL,STL,VGK,4,3,1,1,2,1,1,1,0,0,4,4,4,4,0,0,0,0,0,0,2,2,0,0,0,0,0,0,19,25,4,6,7,14,8,5,0,0,0,0,1,2,2,2,2,2,0,0,0,0,14,11,4,4,19,21,9,14,18,16,6,6,56.9,43.1,A. Toropchenko (STL),O. Sundqvist (STL),B. Schenn (STL)
2026-01-02,2025020641,20252026,2,2026-01-03T01:00:00Z,loanDepot park,REG,NYR,FLA,NYR,1,5,0,2,0,1,1,2,0,0,6,12,4,4,0,2,2,6,0,0,2,2,0,1,1,3,0,0,37,20,10,6,15,6,12,8,0,0,1,2,6,3,6,3,3,6,0,1,0,1,20,14,6,12,38,20,11,27,10,9,5,3,42.6,57.4,M. Zibanejad (NYR),A. Panarin (NYR),S. Reinhart (FLA)
2026-01-02,2025020642,20252026,2,2026-01-03T03:30:00Z,Rogers Arena,SO,SEA,VAN,SEA,3,4,0,1,2,2,1,0,0,0,4,4,2,0,2,4,0,0,0,2,1,0,1,2,0,0,0,1,24,28,10,13,8,6,3,6,3,3,2,1,3,2,2,2,2,2,0,0,0,0,28,10,4,6,26,13,6,20,23,21,5,5,55.6,44.4,M. Beniers (SEA),J. DeBrusk (VAN),B. Meyers (SEA)
2026-01-02,2025020643,20252026,2,2026-01-03T03:30:00Z,Honda Center,REG,MIN,ANA,MIN,2,5,0,1,1,2,1,2,0,0,8,2,2,0,6,2,0,0,0,0,1,0,3,1,0,0,0,0,28,34,10,7,10,19,8,8,0,0,0,1,5,11,1,4,4,1,0,0,0,0,21,28,8,2,22,11,20,18,22,15,6,2,52.7,47.3,Q. Hughes (MIN),B. Sennecke (ANA),K. Kaprizov (MIN)
2026-01-03,2025020644,20252026,2,2026-01-03T17:00:00Z,Little Caesars Arena,REG,PIT,DET,PIT,1,4,0,2,1,0,0,2,0,0,4,4,2,2,0,2,2,0,0,0,1,1,0,1,1,0,0,0,12,31,5,10,4,9,3,12,0,0,0,0,2,1,2,2,2,2,0,0,0,2,16,12,4,4,21,20,12,13,19,16,2,8,45.8,54.2,E. Chinakhov (PIT),A. DeBrincat (DET),B. Rust (PIT)
2026-01-03,2025020645,20252026,2,2026-01-03T20:00:00Z,Prudential Center,REG,NJD,NJD,UTA,4,1,2,0,2,0,0,1,0,0,4,6,2,0,0,6,2,0,0,0,1,0,0,3,1,0,0,0,30,31,9,12,12,5,9,14,0,0,1,0,6,5,3,2,2,3,0,0,0,0,10,17,4,6,24,28,14,8,17,12,5,4,51.9,48.1,J. Markstrom (NJD),T. Meier (NJD),B. Pesce (NJD)
2026-01-03,2025020646,20252026,2,2026-01-03T20:00:00Z,Nationwide Arena,REG,CBJ,CBJ,BUF,5,1,3,1,1,0,1,0,0,0,14,6,8,4,2,0,4,2,0,0,4,2,1,0,2,1,0,0,35,33,13,10,14,11,8,12,0,0,0,0,2,4,1,5,7,3,1,0,1,0,14,33,14,6,23,15,13,15,14,21,5,2,47.5,52.5,J. Greaves (CBJ),D. Mateychuk (CBJ),B. Gaunce (CBJ)
2026-01-03,2025020647,20252026,2,2026-01-03T20:30:00Z,Rogers Place,REG,PHI,EDM,PHI,2,5,1,3,1,0,0,2,0,0,4,6,0,0,2,4,2,2,0,0,0,0,1,2,1,1,0,0,25,29,14,9,5,11,6,9,0,0,1,0,1,2,2,2,2,3,0,0,0,1,11,17,9,11,12,15,18,15,15,12,5,3,41.0,59.0,D. Vladar (PHI),C. McDavid (EDM),D. Barkey (PHI)
2026-01-03,2025020648,20252026,2,2026-01-03T21:00:00Z,Enterprise Center,REG,STL,STL,MTL,2,0,1,0,1,0,0,0,0,0,8,4,0,2,6,2,2,0,0,0,0,1,3,1,1,0,0,0,19,26,8,9,7,10,4,7,0,0,0,0,1,6,2,4,4,2,1,0,0,0,9,22,8,4,16,15,17,10,17,14,4,5,43.9,56.1,J. Binnington (STL),R. Thomas (STL),A. Toropchenko (STL)
2026-01-03,2025020649,20252026,2,2026-01-03T21:00:00Z,SAP Center at San Jose,REG,TBL,SJS,TBL,3,7,1,3,1,4,1,0,0,0,20,16,0,4,16,10,4,2,0,0,0,2,8,5,2,1,0,0,22,26,9,14,5,6,8,6,0,0,1,3,6,6,3,5,10,8,0,0,0,0,15,16,30,16,23,8,17,8,13,19,7,2,55.9,44.1,N. Kucherov (TBL),D. Raddysh (TBL),P. Regenda (SJS)
2026-01-03,2025020650,20252026,2,2026-01-04T00:00:00Z,Canadian Tire Centre,REG,OTT,OTT,WPG,4,2,1,1,2,0,1,1,0,0,8,10,4,6,4,4,0,0,0,0,2,3,2,2,0,0,0,0,27,23,9,5,9,5,9,13,0,0,2,0,5,2,5,4,4,5,0,1,0,0,11,15,18,10,20,18,19,7,10,8,5,7,41.1,58.9,T. Chabot (OTT),K. Connor (WPG),C. Giroux (OTT)
2026-01-03,2025020651,20252026,2,2026-01-04T00:00:00Z,UBS Arena,OT,NYI,NYI,TOR,4,3,0,0,1,2,2,1,1,0,4,4,4,4,0,0,0,0,0,0,2,2,0,0,0,0,0,0,25,21,7,7,6,11,10,3,2,0,0,0,2,2,1,1,2,2,0,0,0,0,20,16,4,4,21,19,11,11,17,19,6,2,42.9,57.1,M. Schaefer (NYI),A. Matthews (TOR),J. Drouin (NYI)
2026-01-03,2025020652,20252026,2,2026-01-04T00:00:00Z,Capital One Arena,SO,CHI,WSH,CHI,2,3,1,1,0,1,1,0,0,0,2,2,0,0,2,0,0,2,2,0,0,0,1,0,0,1,1,0,34,33,13,9,7,9,14,13,0,2,0,1,4,1,1,1,1,1,0,0,0,0,13,9,4,2,23,11,19,9,17,19,2,9,51.0,49.0,S. Knight (CHI),L. Thompson (WSH),R. Leonard (WSH)
2026-01-03,2025020653,20252026,2,2026-01-04T00:00:00Z,Lenovo Center,REG,COL,CAR,COL,3,5,1,0,2,1,0,4,0,0,10,6,2,4,4,2,4,0,0,0,1,2,2,1,2,0,0,0,28,34,10,15,8,9,10,11,0,0,1,2,5,11,3,5,5,3,1,0,0,0,17,15,10,6,18,19,15,10,16,13,2,5,37.1,62.9,B. Nelson (COL),S. Aho (CAR),N. MacKinnon (COL)
2026-01-03,2025020654,20252026,2,2026-01-04T00:00:00Z,Scotiabank Saddledome,REG,NSH,CGY,NSH,3,4,2,2,0,1,1,1,0,0,6,8,4,2,2,4,0,2,0,0,2,1,1,2,0,1,0,0,23,36,11,16,3,13,9,7,0,0,0,0,1,0,2,1,3,4,0,0,0,0,14,15,26,28,26,23,12,15,17,22,4,7,42.5,57.5,M. Bunting (NSH),B. Coleman (CGY),N. Hague (NSH)
2026-01-03,2025020655,20252026,2,2026-01-04T02:00:00Z,Crypto.com Arena,SO,LAK,LAK,MIN,5,4,1,1,1,1,2,2,0,0,8,4,0,0,6,4,2,0,0,2,0,0,3,2,1,0,0,1,38,28,11,5,9,8,12,12,6,3,1,1,1,5,2,4,4,2,0,0,0,0,18,23,8,6,15,17,18,21,19,16,4,5,49.2,50.8,Q. Byfield (LAK),S. Helenius (LAK),B. Clarke (LAK)
2026-01-03,2025020656,20252026,2,2026-01-04T03:00:00Z,Rogers Arena,OT,BOS,VAN,BOS,2,3,0,1,2,1,0,0,0,1,6,12,4,2,2,8,0,2,0,0,2,1,1,4,0,1,0,0,34,22,6,6,16,8,11,6,1,2,1,2,12,3,6,3,3,6,0,0,0,0,18,16,6,12,32,16,12,17,13,15,6,3,32.8,67.2,F. Minten (BOS),F. Hronek (VAN),J. Swayman (BOS)
2026-01-04,2025020657,20252026,2,2026-01-04T19:00:00Z,American Airlines Center,OT,MTL,DAL,MTL,3,4,1,1,1,2,1,0,0,1,10,6,2,2,6,2,2,2,0,0,1,1,3,1,1,1,0,0,27,28,8,6,8,13,9,5,2,4,0,1,1,7,3,5,5,3,0,0,0,0,11,12,10,6,15,30,16,13,15,14,7,3,57.8,42.2,J. Slafkovský (MTL),W. Johnston (DAL),O. Kapanen (MTL)
2026-01-04,2025020658,20252026,2,2026-01-04T20:00:00Z,Nationwide Arena,OT,PIT,CBJ,PIT,4,5,3,1,1,1,0,2,0,1,6,0,2,0,2,0,2,0,0,0,1,0,1,0,1,0,0,0,25,43,12,9,6,21,7,11,0,2,0,1,0,5,0,3,3,0,0,0,0,0,11,24,6,0,22,14,19,14,21,14,7,5,46.9,53.1,S. Crosby (PIT),Z. Werenski (CBJ),R. Rakell (PIT)
2026-01-04,2025020659,20252026,2,2026-01-04T22:00:00Z,Amerant Bank Arena,REG,FLA,FLA,COL,2,1,1,1,1,0,0,0,0,0,8,6,2,4,6,0,0,2,0,0,1,2,3,0,0,1,0,0,25,28,14,11,5,12,6,5,0,0,0,0,2,5,3,4,4,3,0,0,0,0,15,23,8,6,25,15,9,8,16,19,7,4,45.2,54.8,D. Tarasov (FLA),S. Bennett (FLA),A. Ekblad (FLA)
2026-01-04,2025020660,20252026,2,2026-01-05T00:00:00Z,Prudential Center,REG,CAR,NJD,CAR,1,3,1,1,0,1,0,1,0,0,6,10,2,0,2,6,2,4,0,0,1,0,1,3,1,2,0,0,29,29,8,15,6,9,15,5,0,0,0,0,10,5,5,3,3,5,0,0,0,0,13,11,6,10,22,16,9,18,12,19,3,6,44.1,55.9,B. Bussi (CAR),T. Hall (CAR),L. Stankoven (CAR)
2026-01-04,2025020661,20252026,2,2026-01-05T00:00:00Z,United Center,OT,CHI,CHI,VGK,3,2,1,1,0,1,1,0,1,0,2,4,0,0,2,2,0,2,0,0,0,0,1,1,0,1,0,0,20,15,4,8,8,5,7,2,1,0,0,0,5,0,2,1,1,2,0,0,0,0,16,16,2,4,15,34,8,19,16,14,7,2,46.3,53.7,T. Bertuzzi (CHI),A. Burakovsky (CHI),R. Greene (CHI)
2026-01-05,2025020662,20252026,2,2026-01-06T00:00:00Z,Madison Square Garden,OT,UTA,NYR,UTA,2,3,0,0,2,1,0,1,0,1,4,10,0,0,2,8,2,2,0,0,0,0,1,4,1,1,0,0,24,27,7,12,14,8,3,6,0,1,2,0,7,0,4,1,2,5,0,0,0,0,19,21,4,10,38,18,14,9,16,14,5,7,50.0,50.0,S. Durzi (UTA),M. Carcone (UTA),M. Zibanejad (NYR)
2026-01-05,2025020663,20252026,2,2026-01-06T00:00:00Z,Capital One Arena,REG,WSH,WSH,ANA,7,4,2,1,3,2,2,1,0,0,6,4,4,2,2,2,0,0,0,0,2,1,1,1,0,0,0,0,29,45,11,10,13,18,5,17,0,0,0,0,1,3,2,3,3,2,0,0,2,0,11,11,16,14,20,13,22,7,13,12,3,6,56.9,43.1,J. Sourdif (WSH),C. McMichael (WSH),R. Leonard (WSH)
2026-01-05,2025020664,20252026,2,2026-01-06T00:30:00Z,Canadian Tire Centre,REG,DET,OTT,DET,3,5,0,3,2,1,1,1,0,0,10,12,2,4,4,2,4,6,0,0,1,2,2,1,2,3,0,0,37,21,17,9,10,9,10,3,0,0,1,1,12,4,6,5,5,6,0,1,0,0,21,10,10,12,20,13,12,11,18,13,5,4,58.7,41.3,J. Gibson (DET),J. van Riemsdyk (DET),T. Stützle (OTT)
2026-01-05,2025020665,20252026,2,2026-01-06T02:30:00Z,Scotiabank Saddledome,REG,SEA,CGY,SEA,1,5,1,0,0,1,0,4,0,0,2,2,2,0,0,2,0,0,0,0,1,0,0,1,0,0,0,0,42,28,13,8,18,11,11,9,0,0,0,0,5,1,1,1,1,1,0,0,0,1,17,9,2,2,35,20,12,14,20,16,6,2,54.5,45.5,P. Grubauer (SEA),S. Wright (SEA),A. Klapka (CGY)
2026-01-05,2025020666,20252026,2,2026-01-06T03:30:00Z,Crypto.com Arena,REG,LAK,LAK,MIN,4,2,0,0,2,0,2,2,0,0,14,4,2,0,6,4,6,0,0,0,1,0,3,2,3,0,0,0,33,35,7,10,16,8,10,17,0,0,0,1,3,10,1,6,7,2,0,0,1,0,12,17,14,4,10,22,16,19,20,15,5,7,51.9,48.1,A. Kuzmenko (LAK),D. Kuemper (LAK),B. Dumoulin (LAK)
2026-01-06,2025020667,20252026,2,2026-01-07T00:00:00Z,KeyBank Center,REG,BUF,BUF,VAN,5,3,2,0,1,0,2,3,0,0,8,2,4,0,0,2,4,0,0,0,2,0,0,1,2,0,0,0,20,37,9,15,7,8,4,14,0,0,0,1,0,12,1,4,4,1,1,0,1,0,13,22,8,2,16,17,14,8,15,16,5,4,53.6,46.4,A. Tuch (BUF),B. Byram (BUF),Z. Metsa (BUF)
2026-01-06,2025020668,20252026,2,2026-01-07T00:00:00Z,Benchmark International Arena,REG,TBL,TBL,COL,4,2,1,0,1,2,2,0,0,0,8,6,2,2,0,2,6,2,0,0,1,1,0,1,3,1,0,0,28,33,12,7,10,13,6,13,0,0,1,0,3,4,2,2,4,3,0,0,1,0,20,13,18,6,21,20,16,19,12,19,5,4,30.9,69.1,N. Kucherov (TBL),B. Hagel (TBL),Z. Girgensons (TBL)
2026-01-06,2025020670,20252026,2,2026-01-07T00:00:00Z,Xfinity Mobile Arena,REG,PHI,PHI,ANA,5,2,2,1,2,0,1,1,0,0,6,14,4,6,0,2,2,6,0,0,2,3,0,1,1,3,0,0,39,18,13,5,18,5,8,8,0,0,1,2,19,3,8,3,3,7,0,0,1,0,13,16,26,39,22,19,23,15,18,15,7,2,63.1,36.9,T. Zegras (PHI),C. York (PHI),N. Cates (PHI)
2026-01-06,2025020671,20252026,2,2026-01-07T00:00:00Z,Lenovo Center,REG,CAR,CAR,DAL,6,3,3,1,2,0,1,2,0,0,6,10,2,4,2,4,2,2,0,0,1,2,1,2,1,1,0,0,33,23,9,8,10,5,14,10,0,0,2,2,5,4,5,3,3,5,0,0,0,0,21,15,6,10,28,29,12,10,20,14,6,5,54.8,45.2,K. Miller (CAR),A. Svechnikov (CAR),S. Jarvis (CAR)
2026-01-06,2025020669,20252026,2,2026-01-07T00:30:00Z,UBS Arena,REG,NYI,NYI,NJD,9,0,3,0,2,0,4,0,0,0,6,0,2,0,4,0,0,0,0,0,1,0,2,0,0,0,0,0,24,44,7,15,10,19,7,10,0,0,0,0,0,8,0,3,3,0,0,0,0,0,5,19,6,0,16,18,17,5,11,20,3,5,45.5,54.5,A. Duclair (NYI),I. Sorokin (NYI),M. Barzal (NYI)
2026-01-06,2025020672,20252026,2,2026-01-07T00:30:00Z,Scotiabank Arena,REG,TOR,TOR,FLA,4,1,1,0,2,0,1,1,0,0,6,4,2,2,2,0,2,2,0,0,1,1,1,0,1,1,0,0,23,32,8,4,9,9,6,19,0,0,0,0,5,3,2,3,3,2,0,0,1,0,14,24,11,9,21,31,18,10,14,12,2,8,51.7,48.3,A. Matthews (TOR),M. Knies (TOR),J. Woll (TOR)
2026-01-06,2025020673,20252026,2,2026-01-07T01:00:00Z,Canada Life Centre,OT,VGK,WPG,VGK,3,4,1,0,1,1,1,2,0,1,6,4,2,0,2,2,2,2,2,0,1,0,1,1,1,1,1,0,20,31,5,6,4,8,6,12,5,5,0,1,2,1,2,3,3,2,0,0,0,0,5,14,13,9,25,27,18,10,14,13,3,5,56.1,43.9,L. Schenn (WPG),B. Howden (VGK),T. Hertl (VGK)
2026-01-06,2025020674,20252026,2,2026-01-07T02:00:00Z,Rogers Place,REG,EDM,EDM,NSH,6,2,1,0,3,0,2,2,0,0,4,4,0,2,2,0,2,2,0,0,0,1,1,0,1,1,0,0,43,26,12,9,16,7,15,10,0,0,1,0,4,1,2,2,2,2,0,0,0,0,15,15,4,4,15,17,16,13,16,18,7,6,56.7,43.3,C. McDavid (EDM),K. Kapanen (EDM),L. Draisaitl (EDM)
2026-01-06,2025020675,20252026,2,2026-01-07T03:00:00Z,SAP Center at San Jose,REG,SJS,SJS,CBJ,5,2,1,0,1,1,3,1,0,0,6,10,2,2,2,8,2,0,0,0,1,1,1,4,1,0,0,0,36,36,10,12,17,6,9,18,0,0,1,0,11,5,5,3,3,5,0,0,2,0,10,12,11,15,20,12,15,16,12,12,7,3,42.3,57.7,A. Nedeljkovic (SJS),A. Wennberg (SJS),Z. Ostapchuk (SJS)
2026-01-06,2025020676,20252026,2,2026-01-07T03:00:00Z,Climate Pledge Arena,REG,SEA,SEA,BOS,7,4,1,1,3,1,3,2,0,0,6,8,0,4,2,2,4,2,0,0,0,2,1,1,2,1,0,0,27,36,7,5,14,17,6,14,0,0,3,1,5,6,4,3,3,4,0,0,1,0,13,25,6,8,12,24,17,13,20,14,9,3,54.4,45.6,B. Catton (SEA),J. McCann (SEA),V. Dunn (SEA)
2026-01-07,2025020677,20252026,2,2026-01-08T00:00:00Z,Capital One Arena,REG,DAL,WSH,DAL,1,4,0,1,0,1,1,2,0,0,6,6,2,2,2,4,2,0,0,0,1,1,1,2,1,0,0,0,24,36,6,10,5,10,13,16,0,0,0,0,0,7,2,2,3,3,0,1,0,1,12,11,11,11,22,16,16,11,24,13,6,3,55.6,44.4,S. Steel (DAL),C. DeSmith (DAL),W. Johnston (DAL)
2026-01-07,2025020678,20252026,2,2026-01-08T00:30:00Z,Centre Bell,REG,MTL,MTL,CGY,4,1,0,0,3,1,1,0,0,0,8,4,2,0,4,2,2,2,0,0,1,0,2,1,1,1,0,0,36,29,14,7,10,14,12,8,0,0,0,0,1,4,2,4,4,2,0,0,0,0,14,12,8,4,24,15,19,13,11,13,4,5,48.4,51.6,A. Texier (MTL),J. Slafkovský (MTL),P. Danault (MTL)
2026-01-07,2025020679,20252026,2,2026-01-08T02:30:00Z,United Center,REG,CHI,CHI,STL,7,3,1,1,4,1,2,1,0,0,10,8,6,2,2,2,2,4,0,0,3,1,1,1,1,2,0,0,35,30,9,13,17,8,9,9,0,0,3,0,10,6,4,5,5,4,0,0,0,0,12,16,20,8,19,25,16,7,18,13,7,4,60.9,39.1,C. Murphy (CHI),O. Moore (CHI),L. Crevier (CHI)
2026-01-07,2025020680,20252026,2,2026-01-08T02:30:00Z,Delta Center,REG,UTA,UTA,OTT,3,1,2,1,0,0,1,0,0,0,6,8,0,0,6,6,0,2,0,0,0,0,3,3,0,1,0,0,21,33,9,7,5,14,7,12,0,0,0,0,2,6,4,3,3,4,0,0,0,0,13,16,6,8,20,26,20,13,20,16,5,2,41.4,58.6,K. Vejmelka (UTA),L. Crouse (UTA),D. But (UTA)
2026-01-07,2025020681,20252026,2,2026-01-08T03:30:00Z,Crypto.com Arena,OT,SJS,LAK,SJS,3,4,0,0,1,1,2,2,0,1,8,6,0,2,6,4,2,0,0,0,0,1,3,2,1,0,0,0,26,28,8,6,10,13,7,7,1,2,0,2,2,10,3,4,4,3,0,0,0,0,11,18,8,6,12,21,14,17,18,17,3,8,44.6,55.4,M. Celebrini (SJS),W. Eklund (SJS),A. Turcotte (LAK)
2026-01-08,2025020682,20252026,2,2026-01-09T00:00:00Z,TD Garden,REG,BOS,BOS,CGY,4,1,2,0,2,1,0,0,0,0,6,6,2,2,2,2,2,2,0,0,1,1,1,1,1,1,0,0,30,29,13,7,10,9,7,13,0,0,0,0,1,2,2,2,3,3,0,0,0,0,23,10,6,6,23,27,17,19,21,16,3,8,53.6,46.4,J. Korpisalo (BOS),S. Kuraly (BOS),T. Jeannot (BOS)
2026-01-08,2025020683,20252026,2,2026-01-09T00:00:00Z,Centre Bell,REG,MTL,MTL,FLA,6,2,2,0,1,1,3,1,0,0,12,14,4,2,0,4,8,8,0,0,2,1,0,2,4,4,0,0,19,27,8,6,4,10,8,11,0,0,0,0,5,4,4,3,6,7,0,0,0,0,13,16,22,24,18,18,20,11,10,18,7,4,42.4,57.6,A. Texier (MTL),O. Kapanen (MTL),S. Montembeault (MTL)
2026-01-08,2025020684,20252026,2,2026-01-09T00:00:00Z,Little Caesars Arena,REG,DET,DET,VAN,5,1,1,0,2,1,2,0,0,0,4,6,2,6,2,0,0,0,0,0,1,3,1,0,0,0,0,0,25,24,10,10,8,4,7,10,0,0,1,1,4,2,3,2,2,3,0,0,1,0,15,18,4,6,13,24,27,14,20,17,5,3,45.3,54.7,P. Kane (DET),A. Sandin-Pellikka (DET),J. Compher (DET)
2026-01-08,2025020685,20252026,2,2026-01-09T00:00:00Z,Madison Square Garden,REG,BUF,NYR,BUF,2,5,0,1,1,2,1,2,0,0,4,6,0,0,4,2,0,4,0,0,0,0,2,1,0,2,0,0,32,21,7,4,11,14,14,3,0,0,0,1,7,6,3,2,2,3,0,1,0,1,13,15,4,6,32,16,12,20,13,17,5,9,60.8,39.2,J. Zucker (BUF),M. Samuelsson (BUF),C. Ellis (BUF)
2026-01-08,2025020686,20252026,2,2026-01-09T00:00:00Z,Xfinity Mobile Arena,OT,TOR,PHI,TOR,1,2,0,0,1,0,0,1,0,1,4,6,0,2,4,0,0,4,0,0,0,1,2,0,0,2,0,0,23,23,8,6,3,7,9,9,3,1,0,0,6,1,3,2,2,3,0,1,0,0,21,19,4,6,25,20,11,13,8,17,5,6,31.4,68.6,E. Cowan (TOR),S. Laughton (TOR),D. Vladar (PHI)
2026-01-08,2025020687,20252026,2,2026-01-09T00:00:00Z,PPG Paints Arena,REG,PIT,PIT,NJD,4,1,1,0,2,0,1,1,0,0,4,6,0,0,2,4,2,2,0,0,0,0,1,2,1,1,0,0,29,29,7,11,17,6,5,12,0,0,1,1,6,6,3,2,2,3,0,0,0,0,18,12,4,6,10,25,16,19,23,20,5,6,44.1,55.9,E. Malkin (PIT),C. Dewar (PIT),S. Skinner (PIT)
2026-01-08,2025020688,20252026,2,2026-01-09T00:00:00Z,Lenovo Center,REG,CAR,CAR,ANA,5,2,0,1,3,1,2,0,0,0,6,4,4,4,2,0,0,0,0,0,2,2,1,0,0,0,0,0,35,13,7,6,19,3,9,4,0,0,0,0,1,1,2,3,3,2,0,0,1,0,18,16,6,14,16,25,8,20,23,17,6,4,64.1,35.9,J. Chatfield (CAR),L. Stankoven (CAR),T. Hall (CAR)
2026-01-08,2025020689,20252026,2,2026-01-09T01:00:00Z,Bridgestone Arena,SO,NSH,NSH,NYI,2,1,0,0,1,1,0,0,0,0,10,8,0,0,6,6,4,2,0,0,0,0,3,3,2,1,0,0,27,31,10,10,9,9,7,7,1,5,0,0,1,3,1,2,5,4,1,0,0,0,19,10,10,8,19,20,16,23,15,22,8,4,52.8,47.2,R. O'Reilly (NSH),J. Saros (NSH),F. Forsberg (NSH)
2026-01-08,2025020690,20252026,2,2026-01-09T01:00:00Z,Canada Life Centre,REG,EDM,WPG,EDM,3,4,3,1,0,1,0,2,0,0,4,4,2,2,0,0,2,2,0,0,1,1,0,0,1,1,0,0,16,30,11,7,3,12,2,11,0,0,0,1,2,3,2,2,2,2,0,0,0,0,15,12,9,9,24,9,9,8,16,16,5,2,47.7,52.3,C. McDavid (EDM),M. Scheifele (WPG),E. Bouchard (EDM)
2026-01-08,2025020691,20252026,2,2026-01-09T02:00:00Z,Ball Arena,REG,COL,COL,OTT,8,2,2,0,6,1,0,1,0,0,6,12,2,0,2,6,2,6,0,0,1,0,1,3,1,3,0,0,34,31,11,11,17,10,6,10,0,0,2,0,9,3,6,3,3,6,0,1,0,0,13,11,16,42,12,38,21,14,11,7,4,5,54.1,45.9,J. Manson (COL),N. MacKinnon (COL),B. Nelson (COL)
2026-01-08,2025020692,20252026,2,2026-01-09T03:00:00Z,T-Mobile Arena,REG,VGK,VGK,CBJ,5,3,1,2,3,0,1,1,0,0,2,4,2,0,0,2,0,2,0,0,1,0,0,1,0,1,0,0,26,25,7,8,8,6,11,11,0,0,1,0,6,2,2,1,1,2,0,0,0,0,12,19,2,4,19,28,20,12,15,18,8,4,36.8,63.2,M. Stone (VGK),R. Smith (VGK),J. Eichel (VGK)
2026-01-08,2025020693,20252026,2,2026-01-09T03:00:00Z,Climate Pledge Arena,OT,MIN,SEA,MIN,2,3,0,2,0,0,2,0,0,1,2,6,2,2,0,0,0,4,0,0,1,1,0,0,0,2,0,0,28,34,11,10,6,8,11,12,0,4,1,0,9,0,3,1,1,3,0,0,0,0,26,10,2,6,13,16,19,9,13,16,5,6,59.6,40.4,M. Zuccarello (MIN),V. Dunn (SEA),P. Grubauer (SEA)
2026-01-09,2025020694,20252026,2,2026-01-10T01:00:00Z,United Center,REG,WSH,CHI,WSH,1,5,0,3,1,1,0,1,0,0,6,8,0,4,4,2,2,2,0,0,0,2,2,1,1,1,0,0,24,24,10,6,6,10,8,8,0,0,1,0,8,3,4,3,3,4,0,0,0,0,17,12,6,8,23,13,6,9,19,17,5,5,53.8,46.2,C. McMichael (WSH),M. Fehérváry (WSH),J. Carlson (WSH)
2026-01-09,2025020695,20252026,2,2026-01-10T01:00:00Z,Canada Life Centre,REG,WPG,WPG,LAK,5,1,2,0,3,1,0,0,0,0,6,4,2,2,2,2,2,0,0,0,1,1,1,1,1,0,0,0,20,24,9,5,7,7,4,12,0,0,1,0,4,2,2,3,3,2,0,0,0,0,14,32,6,4,23,22,22,12,17,9,2,7,43.1,56.9,M. Scheifele (WPG),J. Toews (WPG),V. Namestnikov (WPG)
2026-01-09,2025020696,20252026,2,2026-01-10T02:00:00Z,Delta Center,REG,UTA,UTA,STL,4,2,1,0,2,2,1,0,0,0,12,10,2,0,6,8,4,2,0,0,1,0,3,4,2,1,0,0,23,28,6,13,9,6,8,9,0,0,1,0,5,3,3,4,6,5,0,0,0,0,20,21,22,20,14,28,15,19,11,15,6,2,55.6,44.4,N. Schmaltz (UTA),C. Keller (UTA),K. Vejmelka (UTA)
2026-01-10,2025020697,20252026,2,2026-01-10T18:00:00Z,TD Garden,REG,BOS,BOS,NYR,10,2,3,1,4,1,3,0,0,0,6,8,0,4,2,0,4,4,0,0,0,2,1,0,2,2,0,0,34,29,13,6,9,8,12,15,0,0,1,1,5,3,3,2,3,4,0,0,0,0,20,17,26,18,29,27,14,9,11,20,4,5,48.4,51.6,M. Khusnutdinov (BOS),D. Pastrnak (BOS),P. Zacha (BOS)
2026-01-10,2025020698,20252026,2,2026-01-10T20:30:00Z,PPG Paints Arena,REG,CGY,PIT,CGY,1,2,0,1,1,0,0,1,0,0,10,10,2,4,4,4,4,2,0,0,1,2,2,2,2,1,0,0,28,25,5,9,11,6,12,10,0,0,0,0,3,1,3,3,5,5,0,0,0,0,11,10,10,10,15,17,17,18,15,14,1,3,56.4,43.6,D. Cooley (CGY),M. Coronato (CGY),E. Chinakhov (PIT)
2026-01-10,2025020699,20252026,2,2026-01-10T21:00:00Z,Ball Arena,REG,COL,COL,CBJ,4,0,2,0,1,0,1,0,0,0,4,4,0,2,4,0,0,2,0,0,0,1,2,0,0,1,0,0,31,29,15,7,7,13,9,9,0,0,0,0,5,2,2,2,2,2,0,0,0,0,14,24,4,4,6,18,17,22,10,14,3,2,53.2,46.8,T. Miner (COL),B. Burns (COL),I. Solovyov (COL)
2026-01-10,2025020700,20252026,2,2026-01-10T21:00:00Z,SAP Center at San Jose,OT,SJS,SJS,DAL,5,4,0,2,2,1,2,1,1,0,4,10,0,2,4,6,0,2,0,2,0,1,2,3,0,1,0,1,31,20,11,9,9,5,8,6,3,0,3,0,5,2,5,2,2,5,0,0,0,0,13,11,4,12,21,12,11,14,20,16,4,5,48.1,51.9,T. Toffoli (SJS),A. Gaudette (SJS),M. Celebrini (SJS)
2026-01-10,2025020701,20252026,2,2026-01-11T00:00:00Z,KeyBank Center,REG,BUF,BUF,ANA,5,3,1,0,1,0,3,3,0,0,8,8,0,0,4,4,4,4,0,0,0,0,2,2,2,2,0,0,32,36,12,8,11,14,9,14,0,0,0,0,3,5,2,2,4,4,0,0,1,0,11,16,13,13,10,29,22,7,19,20,4,4,46.3,53.7,J. Quinn (BUF),T. Thompson (BUF),U. Luukkonen (BUF)
2026-01-10,2025020702,20252026,2,2026-01-11T00:00:00Z,Scotiabank Arena,REG,TOR,TOR,VAN,5,0,3,0,1,0,1,0,0,0,14,10,10,6,2,0,2,4,0,0,5,3,1,0,1,2,0,0,24,29,6,15,12,8,6,6,0,0,2,0,5,9,4,6,7,5,0,0,0,0,10,21,19,15,15,19,20,10,16,17,4,7,69.6,30.4,J. Woll (TOR),W. Nylander (TOR),M. Domi (TOR)
2026-01-10,2025020703,20252026,2,2026-01-11T00:00:00Z,Centre Bell,REG,DET,MTL,DET,0,4,0,0,0,2,0,2,0,0,10,2,4,0,4,2,2,0,0,0,2,0,2,1,1,0,0,0,27,24,3,6,9,8,15,10,0,0,0,1,3,6,1,5,5,1,0,0,0,1,22,13,10,2,27,14,17,16,12,8,9,1,42.3,57.7,J. Gibson (DET),A. DeBrincat (DET),A. Xhekaj (MTL)
2026-01-10,2025020704,20252026,2,2026-01-11T00:00:00Z,Canadian Tire Centre,REG,FLA,OTT,FLA,2,3,1,1,0,1,1,1,0,0,10,12,6,4,4,6,0,2,0,0,3,2,2,3,0,1,0,0,19,21,5,8,7,8,7,5,0,0,0,2,4,5,5,4,5,6,0,0,0,0,25,11,10,12,20,24,14,6,13,12,5,6,54.1,45.9,G. Forsling (FLA),A. Ekblad (FLA),C. Giroux (OTT)
2026-01-10,2025020705,20252026,2,2026-01-11T00:00:00Z,Xfinity Mobile Arena,REG,TBL,PHI,TBL,2,7,1,2,0,1,1,4,0,0,4,4,2,2,0,0,2,2,0,0,1,1,0,0,1,1,0,0,20,23,8,7,8,8,4,8,0,0,1,0,4,1,2,2,2,2,0,0,0,0,11,14,9,9,32,18,14,6,14,15,5,5,37.0,63.0,N. Kucherov (TBL),B. Point (TBL),A. Vasilevskiy (TBL)
2026-01-10,2025020706,20252026,2,2026-01-11T00:00:00Z,Lenovo Center,REG,CAR,CAR,SEA,3,2,1,1,0,0,2,1,0,0,2,2,2,0,0,2,0,0,0,0,1,0,0,1,0,0,0,0,36,12,12,4,11,4,13,4,0,0,0,0,1,0,1,1,1,1,0,0,0,0,18,17,2,2,16,25,13,12,14,18,7,7,49.2,50.8,J. Slavin (CAR),J. Martinook (CAR),J. Staal (CAR)
2026-01-10,2025020707,20252026,2,2026-01-11T01:00:00Z,Bridgestone Arena,REG,CHI,NSH,CHI,0,3,0,0,0,1,0,2,0,0,8,8,2,0,4,6,2,2,0,0,1,0,2,3,1,1,0,0,36,21,9,7,12,9,15,5,0,0,0,1,4,4,3,3,4,4,0,0,0,1,16,10,8,8,20,18,8,8,13,14,7,2,54.7,45.3,D. Commesso (CHI),C. Bedard (CHI),N. Lardis (CHI)
2026-01-10,2025020708,20252026,2,2026-01-11T01:00:00Z,Grand Casino Arena,OT,NYI,MIN,NYI,3,4,2,1,1,2,0,0,0,1,6,8,2,6,4,2,0,0,0,0,1,3,2,1,0,0,0,0,36,27,11,6,8,11,17,8,0,2,1,0,5,1,4,3,3,4,0,1,0,0,18,17,6,8,18,15,14,9,16,7,5,2,41.9,58.1,S. Holmstrom (NYI),I. Sorokin (NYI),Q. Hughes (MIN)
2026-01-10,2025020709,20252026,2,2026-01-11T03:00:00Z,Rogers Place,SO,LAK,EDM,LAK,3,4,1,1,1,1,1,1,0,0,4,6,2,0,2,2,0,4,0,2,1,0,1,1,0,2,0,1,26,30,6,7,10,12,5,11,5,0,1,1,3,3,3,2,2,3,0,0,0,0,11,15,4,8,20,20,20,12,15,19,6,4,54.4,45.6,L. Draisaitl (EDM),E. Bouchard (EDM),B. Clarke (LAK)
2026-01-10,2025020710,20252026,2,2026-01-11T03:00:00Z,T-Mobile Arena,REG,VGK,VGK,STL,4,2,1,1,2,0,1,1,0,0,2,2,0,0,0,2,2,0,0,0,0,0,0,1,1,0,0,0,25,19,12,4,8,7,5,8,0,0,0,1,1,1,1,1,1,1,0,0,1,0,9,12,7,7,21,30,9,17,19,12,7,3,42.6,57.4,M. Marner (VGK),J. Eichel (VGK),S. Theodore (VGK)
2026-01-11,2025020711,20252026,2,2026-01-11T19:00:00Z,Canada Life Centre,REG,WPG,WPG,NJD,4,3,1,1,2,2,1,0,0,0,2,4,0,2,2,2,0,0,0,0,0,1,1,1,0,0,0,0,22,27,8,8,5,13,9,6,0,0,0,0,1,1,2,1,1,2,0,0,0,0,18,19,2,4,15,17,13,11,22,16,5,4,48.1,51.9,C. Perfetti (WPG),J. Morrissey (WPG),L. Hughes (NJD)
2026-01-11,2025020712,20252026,2,2026-01-11T22:00:00Z,TD Garden,REG,BOS,BOS,PIT,1,0,1,0,0,0,0,0,0,0,4,12,0,6,2,4,2,2,0,0,0,3,1,2,1,1,0,0,19,27,10,10,5,10,4,7,0,0,0,0,3,1,6,2,2,6,0,0,0,0,18,16,4,12,15,18,18,17,16,16,6,3,56.0,44.0,J. Korpisalo (BOS),V. Arvidsson (BOS),S. Skinner (PIT)
2026-01-11,2025020713,20252026,2,2026-01-12T00:00:00Z,Bridgestone Arena,REG,NSH,NSH,WSH,3,2,1,1,0,0,2,1,0,0,10,12,6,4,2,4,2,4,0,0,3,2,1,2,1,2,0,0,21,32,8,11,6,9,7,12,0,0,2,2,6,6,6,5,5,6,0,0,0,0,16,18,10,12,16,21,11,5,17,14,2,5,45.5,54.5,R. Josi (NSH),S. Stamkos (NSH),C. Smith (NSH)
2026-01-11,2025020714,20252026,2,2026-01-12T00:00:00Z,Delta Center,OT,CBJ,UTA,CBJ,2,3,1,1,1,1,0,0,0,1,6,4,0,2,2,0,4,2,0,0,0,1,1,0,2,1,0,0,27,36,7,11,8,14,12,9,0,2,0,1,3,4,2,3,3,2,0,0,0,0,14,15,6,4,15,18,21,23,11,17,5,2,52.1,47.9,D. Voronkov (CBJ),M. Sergachev (UTA),A. Fantilli (CBJ)
2026-01-11,2025020715,20252026,2,2026-01-12T01:00:00Z,SAP Center at San Jose,REG,VGK,SJS,VGK,2,7,1,2,1,3,0,2,0,0,8,10,2,4,4,2,2,4,0,0,1,2,2,1,1,2,0,0,20,32,9,13,5,10,6,9,0,0,0,2,6,8,5,4,4,5,0,0,0,1,14,9,8,10,21,19,15,11,11,24,5,4,47.4,52.6,T. Hertl (VGK),J. Eichel (VGK),M. Stone (VGK)
2026-01-12,2025020716,20252026,2,2026-01-13T00:00:00Z,KeyBank Center,REG,FLA,BUF,FLA,3,4,1,2,1,0,1,2,0,0,2,4,2,0,0,4,0,0,0,0,1,0,0,2,0,0,0,0,23,32,7,11,10,9,6,12,0,0,0,1,0,1,2,1,1,2,0,0,0,1,20,18,7,9,22,18,19,14,24,12,4,6,51.7,48.3,A. Lundell (FLA),C. Verhaeghe (FLA),Z. Benson (BUF)
2026-01-12,2025020717,20252026,2,2026-01-13T00:00:00Z,Little Caesars Arena,OT,DET,DET,CAR,4,3,1,0,2,0,0,3,1,0,10,8,2,4,2,0,6,4,0,0,1,2,1,0,3,2,0,0,18,34,8,12,5,7,4,14,1,1,1,2,4,6,4,5,5,4,0,1,0,0,9,19,10,28,19,23,25,11,21,12,6,5,36.9,63.1,A. Copp (DET),A. DeBrincat (DET),S. Gostisbehere (CAR)
2026-01-12,2025020718,20252026,2,2026-01-13T00:00:00Z,Madison Square Garden,REG,SEA,NYR,SEA,2,4,2,0,0,2,0,2,0,0,4,4,2,0,0,2,2,2,0,0,1,0,0,1,1,1,0,0,22,29,11,9,4,9,7,11,0,0,0,0,0,3,2,2,2,2,0,0,0,1,16,11,4,4,31,20,3,19,14,17,6,8,52.2,47.8,S. Wright (SEA),J. Eberle (SEA),S. Carrick (NYR)
2026-01-12,2025020719,20252026,2,2026-01-13T00:00:00Z,Xfinity Mobile Arena,REG,TBL,PHI,TBL,1,5,0,1,1,3,0,1,0,0,16,12,0,0,10,10,6,2,0,0,0,0,5,5,3,1,0,0,21,26,5,6,10,14,6,6,0,0,0,2,0,9,2,4,8,6,0,0,0,1,17,11,46,32,32,10,17,11,19,9,1,6,64.6,35.4,B. Hagel (TBL),J. Guentzel (TBL),C. Dvorak (PHI)
2026-01-12,2025020720,20252026,2,2026-01-13T00:30:00Z,Centre Bell,REG,MTL,MTL,VAN,6,3,1,1,2,2,3,0,0,0,4,2,0,2,0,0,4,0,0,0,0,1,0,0,2,0,0,0,41,23,13,7,14,7,14,9,0,0,1,0,1,5,1,2,2,1,0,0,0,0,16,11,4,2,26,12,26,9,19,18,4,4,55.8,44.2,A. Carrier (MTL),J. Slafkovský (MTL),I. Demidov (MTL)
2026-01-12,2025020721,20252026,2,2026-01-13T01:00:00Z,Grand Casino Arena,REG,NJD,MIN,NJD,2,5,0,1,1,1,1,3,0,0,4,4,2,0,0,0,2,4,0,0,1,0,0,0,1,2,0,0,23,29,6,9,9,10,8,10,0,0,1,0,4,5,2,2,2,2,0,0,0,0,20,13,4,4,16,18,14,19,15,12,4,3,42.4,57.6,N. Hischier (NJD),D. Mercer (NJD),D. Hamilton (NJD)
2026-01-12,2025020722,20252026,2,2026-01-13T01:30:00Z,United Center,REG,EDM,CHI,EDM,1,4,0,1,0,1,1,2,0,0,4,4,0,0,4,2,0,2,0,0,0,0,2,1,0,1,0,0,30,37,5,10,12,16,13,11,0,0,0,0,4,0,2,2,2,2,0,0,0,1,16,17,4,4,20,13,9,16,16,15,6,2,51.9,48.1,E. Bouchard (EDM),C. McDavid (EDM),C. Ingram (EDM)
2026-01-12,2025020723,20252026,2,2026-01-13T03:00:00Z,Ball Arena,OT,TOR,COL,TOR,3,4,2,1,0,1,1,1,0,1,6,8,2,2,2,0,2,6,0,0,1,1,1,0,1,3,0,0,34,31,13,14,7,9,12,5,2,3,1,0,4,5,3,2,3,4,0,0,0,0,12,9,6,8,14,13,12,22,22,15,3,8,49.1,50.9,W. Nylander (TOR),N. MacKinnon (COL),M. Necas (COL)
2026-01-12,2025020724,20252026,2,2026-01-13T03:00:00Z,Crypto.com Arena,REG,DAL,LAK,DAL,1,3,0,1,0,0,1,2,0,0,2,6,0,0,2,2,0,4,0,0,0,0,1,1,0,2,0,0,25,18,5,3,13,6,7,9,0,0,1,0,1,0,2,0,1,3,0,0,0,1,9,11,2,6,24,17,12,13,10,15,3,7,43.6,56.4,W. Johnston (DAL),J. Oettinger (DAL),C. Perry (LAK)
2026-01-13,2025020725,20252026,2,2026-01-14T00:00:00Z,Canadian Tire Centre,REG,OTT,OTT,VAN,2,1,2,0,0,0,0,1,0,0,2,4,0,0,2,2,0,2,0,0,0,0,1,1,0,1,0,0,40,20,14,6,18,5,8,9,0,0,0,0,7,0,2,1,1,2,0,0,0,0,15,16,2,4,25,21,16,18,11,14,5,5,57.4,42.6,L. Meriläinen (OTT),K. Lankinen (VAN),A. Zub (OTT)
2026-01-13,2025020726,20252026,2,2026-01-14T00:00:00Z,PPG Paints Arena,SO,TBL,PIT,TBL,1,2,0,0,0,0,1,1,0,0,4,8,0,4,4,2,0,2,0,0,0,2,2,1,0,1,0,0,27,31,8,10,9,9,6,11,4,1,0,0,6,3,3,3,2,4,0,0,0,0,14,14,14,33,13,15,15,8,15,18,9,4,56.8,43.2,A. Vasilevskiy (TBL),J. Moser (TBL),A. Silovs (PIT)
2026-01-13,2025020727,20252026,2,2026-01-14T00:00:00Z,Capital One Arena,OT,WSH,WSH,MTL,3,2,0,1,0,1,2,0,1,0,8,8,2,2,4,4,2,2,0,2,1,1,2,2,1,1,0,1,42,25,12,8,5,11,15,5,10,1,0,0,4,8,4,4,4,4,0,1,0,0,10,10,23,25,18,21,15,20,16,10,5,2,45.8,54.2,E. Frank (WSH),C. McMichael (WSH),R. Sandin (WSH)
2026-01-13,2025020728,20252026,2,2026-01-14T00:00:00Z,Nationwide Arena,REG,CBJ,CBJ,CGY,5,3,2,0,0,2,3,1,0,0,6,8,0,0,4,4,2,4,0,0,0,0,2,2,1,2,0,0,43,32,10,8,14,7,19,17,0,0,1,3,11,8,4,3,3,4,0,0,1,0,19,12,11,13,21,12,14,9,14,17,3,5,55.4,44.6,Z. Werenski (CBJ),B. Jenner (CBJ),C. Coyle (CBJ)
2026-01-13,2025020729,20252026,2,2026-01-14T00:30:00Z,TD Garden,REG,BOS,BOS,DET,3,0,0,0,1,0,2,0,0,0,4,4,2,0,0,2,2,2,0,0,1,0,0,1,1,1,0,0,41,24,13,10,12,12,16,2,0,0,0,0,3,2,2,2,2,2,0,0,1,0,13,20,4,4,18,14,10,16,18,17,3,5,60.6,39.4,J. Swayman (BOS),P. Zacha (BOS),V. Arvidsson (BOS)
2026-01-13,2025020730,20252026,2,2026-01-14T00:30:00Z,Enterprise Center,REG,STL,STL,CAR,3,0,0,0,3,0,0,0,0,0,6,6,2,0,2,4,2,2,0,0,1,0,1,2,1,1,0,0,31,33,7,9,14,11,10,13,0,0,1,0,3,2,3,3,3,3,1,0,0,0,7,24,6,6,26,14,19,8,22,16,5,8,48.5,51.5,J. Hofer (STL),N. Bjugstad (STL),B. Schenn (STL)
2026-01-13,2025020731,20252026,2,2026-01-14T01:00:00Z,Bridgestone Arena,OT,NSH,NSH,EDM,4,3,1,1,2,2,0,0,1,0,8,6,4,0,2,2,2,4,0,0,2,0,1,1,1,2,0,0,27,31,10,13,6,6,10,11,1,1,0,2,1,3,3,4,4,3,0,0,0,0,12,12,13,11,22,18,11,19,20,20,7,4,52.1,47.9,R. Josi (NSH),S. Stamkos (NSH),E. Haula (NSH)
2026-01-13,2025020732,20252026,2,2026-01-14T01:00:00Z,Canada Life Centre,REG,WPG,WPG,NYI,5,4,1,0,4,3,0,1,0,0,2,6,2,0,0,6,0,0,0,0,1,0,0,3,0,0,0,0,22,27,9,7,11,8,2,12,0,0,1,0,3,0,3,1,1,3,0,0,0,0,13,15,2,6,18,13,9,12,16,20,5,6,44.4,55.6,A. Lowry (WPG),D. DeMelo (WPG),E. Heineman (NYI)
2026-01-13,2025020733,20252026,2,2026-01-14T03:00:00Z,Delta Center,REG,UTA,UTA,TOR,6,1,1,0,3,0,2,1,0,0,8,6,6,6,2,0,0,0,0,0,3,3,1,0,0,0,0,0,41,20,12,6,11,9,18,5,0,0,0,0,2,6,2,3,4,3,0,0,0,0,28,16,8,6,21,21,15,21,14,17,5,5,56.2,43.8,D. Guenther (UTA),J. McBain (UTA),D. But (UTA)
2026-01-13,2025020734,20252026,2,2026-01-14T03:00:00Z,Honda Center,REG,ANA,ANA,DAL,3,1,0,0,1,0,2,1,0,0,6,4,0,2,6,2,0,0,0,0,0,1,3,1,0,0,0,0,25,25,12,7,6,10,7,8,0,0,0,0,1,5,2,3,3,2,0,0,1,0,23,11,6,4,29,24,17,21,16,20,8,1,49.0,51.0,L. Dostal (ANA),C. Kreider (ANA),B. Sennecke (ANA)
2026-01-14,2025020735,20252026,2,2026-01-15T00:00:00Z,Prudential Center,OT,NJD,NJD,SEA,3,2,1,1,1,1,0,0,1,0,4,4,2,2,2,2,0,0,0,0,1,1,1,1,0,0,0,0,26,17,5,4,10,7,8,5,3,1,1,1,1,4,2,2,2,2,0,0,0,0,12,15,4,4,14,20,12,17,15,18,9,3,53.2,46.8,N. Hischier (NJD),J. McCann (SEA),T. Meier (NJD)
2026-01-14,2025020736,20252026,2,2026-01-15T00:30:00Z,KeyBank Center,REG,BUF,BUF,PHI,5,2,2,0,2,1,1,1,0,0,10,12,2,2,2,6,6,4,0,0,1,1,1,3,3,2,0,0,15,22,6,8,6,8,3,6,0,0,2,1,6,3,6,5,5,6,1,0,1,0,15,20,10,12,27,26,9,9,18,5,5,2,47.5,52.5,R. Dahlin (BUF),J. Doan (BUF),U. Luukkonen (BUF)
2026-01-14,2025020737,20252026,2,2026-01-15T00:30:00Z,Madison Square Garden,REG,OTT,NYR,OTT,4,8,0,4,1,2,3,2,0,0,6,2,2,0,2,0,2,2,0,0,1,0,1,0,1,1,0,0,22,30,6,14,6,6,10,10,0,0,1,1,2,6,1,3,3,1,0,0,0,1,9,12,6,2,38,13,20,16,24,12,6,3,66.0,34.0,B. Tkachuk (OTT),D. Cozens (OTT),R. Greig (OTT)
2026-01-14,2025020738,20252026,2,2026-01-15T03:00:00Z,Crypto.com Arena,OT,VGK,LAK,VGK,2,3,0,0,0,1,2,1,0,1,4,2,0,0,2,2,2,0,0,0,0,0,1,1,1,0,0,0,24,27,9,5,8,14,7,7,0,1,0,1,3,2,1,2,2,1,0,0,0,0,16,3,4,2,24,20,13,20,21,16,5,3,56.8,43.2,M. Stone (VGK),J. Eichel (VGK),B. Clarke (LAK)
2026-01-15,2025020740,20252026,2,2026-01-16T00:00:00Z,KeyBank Center,REG,BUF,BUF,MTL,5,3,2,2,1,1,2,0,0,0,10,12,4,4,4,2,2,6,0,0,2,2,2,1,1,3,0,0,27,23,12,7,10,8,5,8,0,0,2,2,4,3,4,3,5,6,0,0,1,0,12,13,10,12,21,26,6,18,15,14,6,4,41.1,58.9,T. Thompson (BUF),J. Doan (BUF),A. Tuch (BUF)
2026-01-15,2025020741,20252026,2,2026-01-16T00:00:00Z,PPG Paints Arena,REG,PIT,PIT,PHI,6,3,2,0,2,1,2,2,0,0,8,8,4,6,0,0,4,2,0,0,2,3,0,0,2,1,0,0,30,34,13,8,13,17,4,9,0,0,3,0,5,5,4,4,4,4,0,0,0,0,15,22,13,13,20,22,14,11,14,11,7,3,52.8,47.2,S. Crosby (PIT),B. Lizotte (PIT),E. Malkin (PIT)
2026-01-15,2025020742,20252026,2,2026-01-16T00:00:00Z,Capital One Arena,REG,SJS,WSH,SJS,2,3,0,0,1,3,1,0,0,0,6,4,2,0,2,4,2,0,0,0,1,0,1,2,1,0,0,0,23,26,5,11,4,12,14,3,0,0,1,0,4,3,2,3,3,2,0,0,0,0,15,12,6,4,18,16,14,10,13,22,3,4,41.7,58.3,C. Graf (SJS),P. Regenda (SJS),R. Leonard (WSH)
2026-01-15,2025020743,20252026,2,2026-01-16T00:00:00Z,Nationwide Arena,REG,CBJ,CBJ,VAN,4,1,1,0,2,1,1,0,0,0,4,4,0,2,2,2,2,0,0,0,0,1,1,1,1,0,0,0,36,31,15,11,13,12,8,8,0,0,2,1,6,5,2,2,2,2,0,0,0,0,23,11,4,4,19,11,15,18,10,18,6,6,47.1,52.9,E. Merzlikins (CBJ),K. Johnson (CBJ),K. Marchenko (CBJ)
2026-01-15,2025020739,20252026,2,2026-01-16T01:00:00Z,TD Garden,REG,BOS,BOS,SEA,4,2,2,1,1,1,1,0,0,0,8,4,2,0,4,0,2,4,0,0,1,0,2,0,1,2,0,0,24,28,6,11,7,7,11,10,0,0,1,2,3,7,2,4,4,2,1,0,1,0,9,14,13,9,25,22,16,14,17,14,9,5,53.2,46.8,J. Swayman (BOS),C. McAvoy (BOS),M. Kastelic (BOS)
2026-01-15,2025020744,20252026,2,2026-01-16T01:00:00Z,Grand Casino Arena,REG,WPG,MIN,WPG,2,6,0,3,1,3,1,0,0,0,8,6,4,0,4,4,0,2,0,0,2,0,2,2,0,1,0,0,34,29,11,10,13,10,10,9,0,0,0,2,7,4,3,4,4,3,0,0,0,0,13,12,8,6,11,19,7,12,14,8,5,2,50.0,50.0,M. Scheifele (WPG),C. Hellebuyck (WPG),J. Morrissey (WPG)
2026-01-15,2025020745,20252026,2,2026-01-16T01:30:00Z,United Center,REG,CGY,CHI,CGY,1,3,1,2,0,0,0,1,0,0,12,14,2,4,8,8,2,2,0,0,1,2,4,4,1,1,0,0,23,23,9,6,9,11,5,6,0,0,0,1,1,3,4,4,6,7,0,1,0,1,12,9,17,19,11,29,19,12,18,18,7,4,54.4,45.6,M. Backlund (CGY),Y. Sharangovich (CGY),N. Foligno (CHI)
2026-01-15,2025020746,20252026,2,2026-01-16T02:00:00Z,Delta Center,REG,UTA,UTA,DAL,2,1,0,0,1,0,1,1,0,0,6,6,0,2,4,2,2,2,0,0,0,1,2,1,1,1,0,0,27,27,10,5,10,12,7,10,0,0,0,1,5,3,2,2,3,3,0,0,0,0,16,6,6,6,18,15,15,18,21,16,5,6,67.2,32.8,K. Vejmelka (UTA),N. Schmaltz (UTA),J. Marino (UTA)
2026-01-15,2025020747,20252026,2,2026-01-16T02:00:00Z,Rogers Place,REG,NYI,EDM,NYI,0,1,0,0,0,0,0,1,0,0,2,4,0,0,0,2,2,2,0,0,0,0,0,1,1,1,0,0,35,18,12,12,13,4,10,2,0,0,0,1,4,2,2,1,1,2,0,0,0,0,24,13,2,4,16,15,8,16,16,15,3,6,52.2,47.8,I. Sorokin (NYI),C. Ingram (EDM),A. Duclair (NYI)
2026-01-15,2025020748,20252026,2,2026-01-16T02:30:00Z,T-Mobile Arena,OT,VGK,VGK,TOR,6,5,1,3,1,1,3,1,1,0,2,6,0,2,2,2,0,2,0,0,0,1,1,1,0,1,0,0,33,28,10,15,9,7,13,6,1,0,2,1,4,2,3,1,1,3,0,0,0,0,14,10,2,6,18,17,15,14,13,18,4,5,37.7,62.3,J. Eichel (VGK),T. Hertl (VGK),M. Marner (VGK)
2026-01-16,2025020749,20252026,2,2026-01-17T00:00:00Z,Little Caesars Arena,REG,DET,DET,SJS,4,2,1,1,1,1,2,0,0,0,2,4,0,2,0,2,2,0,0,0,0,1,0,1,1,0,0,0,25,22,9,7,9,4,7,11,0,0,1,0,3,2,2,1,1,2,0,0,1,0,24,6,2,4,14,16,17,16,11,22,5,2,53.1,46.9,M. Kasper (DET),D. Larkin (DET),L. Raymond (DET)
2026-01-16,2025020750,20252026,2,2026-01-17T00:00:00Z,Lenovo Center,REG,CAR,CAR,FLA,9,1,1,0,2,1,6,0,0,0,14,14,0,0,4,4,10,10,0,0,0,0,2,2,5,5,0,0,36,16,12,3,11,5,13,8,0,0,4,0,7,3,5,5,7,7,0,0,0,0,15,11,19,29,30,19,8,13,20,16,8,5,65.5,34.5,N. Ehlers (CAR),A. Nikishin (CAR),M. Jankowski (CAR)
2026-01-16,2025020751,20252026,2,2026-01-17T01:00:00Z,Enterprise Center,SO,STL,STL,TBL,3,2,2,0,0,2,0,0,0,0,6,4,0,2,6,2,0,0,0,0,0,1,3,1,0,0,0,0,21,36,7,11,5,15,5,8,4,2,0,2,3,7,2,3,3,2,0,0,0,0,11,27,6,4,24,12,10,10,12,18,8,3,46.2,53.8,J. Hofer (STL),N. Kucherov (TBL),J. Kyrou (STL)
2026-01-16,2025020752,20252026,2,2026-01-17T02:00:00Z,Ball Arena,REG,NSH,COL,NSH,3,7,2,2,0,2,1,3,0,0,2,4,0,0,0,2,2,2,0,0,0,0,0,1,1,1,0,0,43,30,17,11,16,11,10,8,0,0,0,1,3,3,2,1,1,2,0,1,0,2,10,9,2,4,14,16,17,12,20,16,6,5,35.7,64.3,R. O'Reilly (NSH),F. Forsberg (NSH),J. Saros (NSH)
2026-01-16,2025020753,20252026,2,2026-01-17T03:30:00Z,Crypto.com Arena,SO,ANA,LAK,ANA,2,3,1,0,1,2,0,0,0,0,6,8,4,2,2,6,0,0,0,0,2,1,1,3,0,0,0,0,28,28,10,6,12,11,5,8,1,3,0,0,4,3,3,2,3,4,0,0,0,0,18,15,6,8,15,21,11,18,16,16,6,5,50.0,50.0,B. Sennecke (ANA),J. Armia (LAK),R. Strome (ANA)
2026-01-17,2025020754,20252026,2,2026-01-17T17:30:00Z,KeyBank Center,OT,MIN,BUF,MIN,4,5,1,2,3,2,0,0,0,1,10,10,4,6,4,4,2,0,0,0,2,3,2,2,1,0,0,0,24,36,6,7,9,18,9,10,0,1,1,0,5,6,4,4,5,5,0,0,0,0,14,11,15,15,21,31,16,9,10,11,3,6,44.8,55.2,Q. Hughes (MIN),M. Zuccarello (MIN),J. Quinn (BUF)
2026-01-17,2025020755,20252026,2,2026-01-17T18:00:00Z,Xfinity Mobile Arena,REG,NYR,PHI,NYR,3,6,1,3,1,3,1,0,0,0,8,4,0,2,8,2,0,0,0,0,0,1,4,1,0,0,0,0,28,28,8,6,7,13,13,9,0,0,0,1,0,6,1,3,4,2,1,0,0,0,15,20,8,4,27,26,13,21,14,17,3,3,35.9,64.1,M. Zibanejad (NYR),A. Panarin (NYR),B. Othmann (NYR)
2026-01-17,2025020756,20252026,2,2026-01-17T20:00:00Z,Scotiabank Saddledome,REG,CGY,CGY,NYI,4,2,1,0,3,1,0,1,0,0,4,6,2,4,0,0,2,2,0,0,1,2,0,0,1,1,0,0,19,30,4,10,7,9,8,11,0,0,0,0,5,2,3,2,2,3,0,0,0,0,18,29,4,6,9,25,14,16,18,9,4,4,36.7,63.3,K. Bahl (CGY),A. Klapka (CGY),R. Andersson (CGY)
2026-01-17,2025020757,20252026,2,2026-01-17T22:00:00Z,Delta Center,REG,UTA,UTA,SEA,6,3,1,1,2,2,3,0,0,0,6,4,4,0,2,2,0,2,0,0,2,0,1,1,0,1,0,0,31,21,12,12,8,7,11,2,0,0,0,0,4,1,2,3,3,2,1,0,1,0,18,18,6,4,25,13,15,18,17,14,4,5,53.0,47.0,N. Schmidt (UTA),L. Crouse (UTA),N. Schmaltz (UTA)
2026-01-17,2025020758,20252026,2,2026-01-18T00:00:00Z,Canadian Tire Centre,OT,MTL,OTT,MTL,5,6,0,2,4,1,1,2,0,1,12,8,4,4,6,4,2,0,0,0,2,2,3,2,1,0,0,0,34,19,8,6,14,4,12,6,0,3,2,2,7,6,3,5,6,4,0,0,0,0,13,14,12,8,26,28,15,24,16,14,5,5,46.7,53.3,C. Caufield (MTL),J. Slafkovský (MTL),J. Sanderson (OTT)
2026-01-17,2025020759,20252026,2,2026-01-18T00:00:00Z,Prudential Center,REG,CAR,NJD,CAR,1,4,0,0,0,2,1,2,0,0,2,8,0,2,2,4,0,2,0,0,0,1,1,2,0,1,0,0,30,35,10,4,11,16,9,15,0,0,1,0,4,3,4,1,1,4,0,0,0,0,11,17,2,8,22,20,15,12,19,9,2,9,55.9,44.1,A. Svechnikov (CAR),S. Aho (CAR),F. Andersen (CAR)
2026-01-17,2025020760,20252026,2,2026-01-18T00:00:00Z,PPG Paints Arena,SO,CBJ,PIT,CBJ,3,4,2,1,0,2,1,0,0,0,6,8,0,2,6,4,0,2,0,0,0,1,3,2,0,1,0,0,33,26,10,4,8,13,9,7,6,2,0,0,4,1,3,2,3,4,0,0,0,0,20,12,6,8,17,24,14,24,14,13,3,10,58.1,41.9,D. Heinen (CBJ),S. Crosby (PIT),E. Merzlikins (CBJ)
2026-01-17,2025020761,20252026,2,2026-01-18T00:00:00Z,Capital One Arena,REG,FLA,WSH,FLA,2,5,0,1,2,2,0,2,0,0,6,4,0,0,4,2,2,2,0,0,0,0,2,1,1,1,0,0,24,31,4,14,14,7,6,10,0,0,0,1,2,4,1,2,3,2,0,0,0,2,21,19,6,4,30,22,18,8,20,15,2,9,58.9,41.1,S. Bennett (FLA),J. Chychrun (WSH),U. Balinskis (FLA)
2026-01-17,2025020762,20252026,2,2026-01-18T00:00:00Z,Canada Life Centre,OT,TOR,WPG,TOR,3,4,0,0,2,1,1,2,0,1,4,6,0,0,4,4,0,2,0,0,0,0,2,2,0,1,0,0,30,37,10,7,7,10,13,17,0,3,0,0,7,1,3,2,2,3,0,0,0,0,21,7,4,6,17,21,11,11,13,23,2,5,38.8,61.2,M. Domi (TOR),N. Niederreiter (WPG),O. Ekman-Larsson (TOR)
2026-01-17,2025020763,20252026,2,2026-01-18T01:00:00Z,United Center,REG,BOS,CHI,BOS,2,5,2,0,0,3,0,2,0,0,2,2,0,2,0,0,2,0,0,0,0,1,0,0,1,0,0,0,24,23,6,8,8,9,10,6,0,0,0,1,1,2,1,1,1,1,0,0,0,0,19,14,2,2,24,18,10,11,16,16,3,8,47.9,52.1,M. Lohrei (BOS),D. Pastrnak (BOS),P. Zacha (BOS)
2026-01-17,2025020764,20252026,2,2026-01-18T03:00:00Z,Rogers Arena,REG,EDM,VAN,EDM,0,6,0,0,0,6,0,0,0,0,8,2,0,0,4,0,4,2,0,0,0,0,2,0,2,1,0,0,31,35,7,9,9,17,15,9,0,0,0,1,3,9,1,4,4,1,0,0,0,0,13,22,8,2,19,15,8,7,19,14,3,5,57.8,42.2,J. Roslovic (EDM),K. Kapanen (EDM),T. Jarry (EDM)
2026-01-17,2025020765,20252026,2,2026-01-18T03:00:00Z,T-Mobile Arena,REG,VGK,VGK,NSH,7,2,0,1,2,0,5,1,0,0,8,4,0,2,4,2,4,0,0,0,0,1,2,1,2,0,0,0,36,29,15,9,10,11,11,9,0,0,0,1,4,7,1,3,4,2,0,0,0,0,10,15,8,4,25,14,16,16,20,16,4,7,47.6,52.4,S. Theodore (VGK),M. Marner (VGK),A. Schmid (VGK)
2026-01-17,2025020766,20252026,2,2026-01-18T03:00:00Z,Honda Center,OT,ANA,ANA,LAK,2,1,1,0,0,1,0,0,1,0,12,4,2,0,10,2,0,2,0,2,1,0,5,1,0,1,0,1,33,18,7,3,9,8,13,7,4,0,0,1,5,8,2,6,6,2,0,0,0,0,13,18,17,11,30,21,22,9,10,13,3,8,54.8,45.2,M. Granlund (ANA),M. McTavish (ANA),V. Husso (ANA)
2026-01-18,2025020767,20252026,2,2026-01-18T19:00:00Z,American Airlines Center,REG,TBL,DAL,TBL,1,4,1,1,0,2,0,1,0,0,6,6,2,4,2,2,2,0,0,0,1,2,1,1,1,0,0,0,20,26,9,5,9,15,2,6,0,0,0,0,4,2,2,2,3,3,0,0,0,1,6,15,6,6,16,21,14,14,13,17,3,6,60.4,39.6,A. Vasilevskiy (TBL),D. James (TBL),J. Guentzel (TBL)
2026-01-18,2025020768,20252026,2,2026-01-18T22:00:00Z,Little Caesars Arena,OT,DET,DET,OTT,4,3,1,2,2,1,0,0,1,0,10,14,8,8,2,4,0,2,0,0,4,4,1,2,0,1,0,0,34,22,9,9,15,10,9,3,1,0,2,2,14,4,5,3,5,7,0,0,0,0,22,15,10,14,19,24,11,10,18,11,3,4,40.7,59.3,A. DeBrincat (DET),D. Batherson (OTT),J. van Riemsdyk (DET)
2026-01-18,2025020769,20252026,2,2026-01-19T01:00:00Z,Rogers Place,REG,EDM,EDM,STL,5,0,3,0,1,0,1,0,0,0,8,6,4,6,4,0,0,0,0,0,2,3,2,0,0,0,0,0,28,27,12,7,6,12,10,8,0,0,1,0,2,5,3,4,4,3,0,0,0,0,10,17,8,6,15,20,21,6,14,12,3,5,48.2,51.8,R. Nugent-Hopkins (EDM),Z. Hyman (EDM),C. Ingram (EDM)
2026-01-19,2025020770,20252026,2,2026-01-19T18:30:00Z,Lenovo Center,REG,CAR,CAR,BUF,2,1,1,1,0,0,1,0,0,0,6,8,0,0,4,4,2,4,0,0,0,0,2,2,1,2,0,0,29,18,12,3,8,8,9,7,0,0,1,0,4,1,2,1,3,4,0,0,0,0,11,12,6,8,23,25,6,12,17,20,7,6,54.2,45.8,B. Bussi (CAR),S. Jarvis (CAR),A. Svechnikov (CAR)
2026-01-19,2025020771,20252026,2,2026-01-19T21:00:00Z,Ball Arena,REG,COL,COL,WSH,5,2,1,1,2,1,2,0,0,0,10,14,6,0,2,8,2,6,0,0,3,0,1,4,1,3,0,0,44,24,11,12,16,9,17,3,0,0,1,1,7,5,6,4,5,7,0,0,0,0,26,20,10,14,14,14,9,24,15,14,6,7,47.8,52.2,N. MacKinnon (COL),V. Olofsson (COL),M. Necas (COL)
2026-01-19,2025020772,20252026,2,2026-01-19T22:00:00Z,Climate Pledge Arena,REG,PIT,SEA,PIT,3,6,1,2,1,1,1,3,0,0,6,6,2,2,2,2,2,2,0,0,1,1,1,1,1,1,0,0,23,32,6,7,8,15,9,10,0,0,1,0,5,4,3,3,3,3,0,1,0,1,15,17,6,6,20,23,16,10,17,18,3,6,43.4,56.6,S. Crosby (PIT),B. Meyers (SEA),C. Dewar (PIT)
2026-01-19,2025020773,20252026,2,2026-01-19T23:00:00Z,Amerant Bank Arena,REG,SJS,FLA,SJS,1,4,0,0,0,3,1,1,0,0,14,14,4,4,4,4,6,6,0,0,2,2,2,2,3,3,0,0,36,28,10,8,9,11,17,9,0,0,0,0,4,2,3,3,7,7,0,0,0,1,8,11,19,19,22,28,13,19,16,15,5,3,50.8,49.2,V. Desharnais (SJS),A. Nedeljkovic (SJS),E. Luostarinen (FLA)
2026-01-19,2025020774,20252026,2,2026-01-20T00:30:00Z,Scotiabank Arena,REG,MIN,TOR,MIN,3,6,1,2,0,3,2,1,0,0,6,8,2,4,4,2,0,2,0,0,1,2,2,1,0,1,0,0,30,39,8,9,8,20,14,10,0,0,1,2,6,8,4,3,3,4,0,0,0,1,11,17,6,8,23,21,15,13,12,12,5,5,53.7,46.3,M. Foligno (MIN),V. Tarasenko (MIN),A. Matthews (TOR)
2026-01-19,2025020775,20252026,2,2026-01-20T01:00:00Z,T-Mobile Arena,REG,PHI,VGK,PHI,1,2,0,1,1,0,0,1,0,0,4,14,2,6,0,2,2,6,0,0,1,3,0,1,1,3,0,0,25,17,11,4,7,6,7,7,0,0,1,0,8,1,7,2,2,7,0,1,0,0,12,19,4,14,23,15,11,17,13,18,7,3,37.5,62.5,T. Konecny (PHI),S. Ersson (PHI),T. Hertl (VGK)
2026-01-19,2025020776,20252026,2,2026-01-20T01:30:00Z,United Center,REG,CHI,CHI,WPG,2,0,0,0,1,0,1,0,0,0,4,6,2,4,0,2,2,0,0,0,1,2,0,1,1,0,0,0,24,32,12,12,7,9,5,11,0,0,0,0,3,2,3,2,2,3,0,0,1,0,13,17,4,6,13,26,16,13,14,8,4,3,55.8,44.2,S. Knight (CHI),J. Dickinson (CHI),A. Vlasic (CHI)
2026-01-19,2025020777,20252026,2,2026-01-20T02:00:00Z,Scotiabank Saddledome,OT,NJD,CGY,NJD,1,2,0,0,1,1,0,0,0,1,4,8,2,2,0,2,2,4,0,0,1,1,0,1,1,2,0,0,22,32,3,7,10,14,9,9,0,2,0,0,3,0,4,2,2,4,0,0,0,0,11,8,4,8,22,16,14,11,18,15,3,4,35.6,64.4,D. Cooley (CGY),J. Hughes (NJD),K. Bahl (CGY)
2026-01-19,2025020778,20252026,2,2026-01-20T03:00:00Z,Rogers Arena,REG,NYI,VAN,NYI,3,4,2,1,0,2,1,1,0,0,6,4,0,0,2,2,4,2,0,0,0,0,1,1,2,1,0,0,32,33,12,9,12,15,8,9,0,0,0,1,3,6,2,3,3,2,0,0,0,0,12,15,6,4,20,17,7,17,14,13,3,4,55.1,44.9,M. Schaefer (NYI),A. Duclair (NYI),E. Kane (VAN)
2026-01-19,2025020779,20252026,2,2026-01-20T03:00:00Z,Honda Center,REG,ANA,ANA,NYR,5,3,1,1,2,1,2,1,0,0,8,6,0,0,2,4,6,2,0,0,0,0,1,2,3,1,0,0,26,22,5,6,14,9,7,7,0,0,1,2,4,6,3,4,4,3,0,0,1,0,14,17,8,6,29,20,11,14,20,18,7,5,46.4,53.6,C. Gauthier (ANA),R. Poehling (ANA),J. Trouba (ANA)
2026-01-20,2025020780,20252026,2,2026-01-21T00:00:00Z,Centre Bell,REG,MTL,MTL,MIN,4,3,2,1,1,1,1,1,0,0,8,6,2,2,2,2,4,2,0,0,1,1,1,1,2,1,0,0,33,20,15,2,9,10,9,8,0,0,0,2,1,4,3,4,4,3,0,0,0,0,16,14,8,6,18,17,12,22,16,16,5,2,51.7,48.3,C. Caufield (MTL),A. Carrier (MTL),I. Demidov (MTL)
2026-01-20,2025020781,20252026,2,2026-01-21T00:00:00Z,Benchmark International Arena,REG,TBL,TBL,SJS,4,1,1,1,2,0,1,0,0,0,2,2,0,0,2,2,0,0,0,0,0,0,1,1,0,0,0,0,20,23,6,9,7,5,7,9,0,0,0,0,0,2,1,1,1,1,0,0,1,0,24,4,2,2,13,29,14,18,18,13,1,7,44.0,56.0,B. Hagel (TBL),A. Vasilevskiy (TBL),D. James (TBL)
2026-01-20,2025020782,20252026,2,2026-01-21T00:00:00Z,Nationwide Arena,REG,OTT,CBJ,OTT,1,4,1,2,0,0,0,2,0,0,8,8,2,0,4,8,2,0,0,0,1,0,2,4,1,0,0,0,22,21,5,7,10,7,7,7,0,0,0,0,6,6,3,3,4,4,0,0,0,1,12,15,8,8,27,15,13,14,19,16,3,6,40.4,59.6,T. Stützle (OTT),J. Reimer (OTT),T. Chabot (OTT)
2026-01-20,2025020783,20252026,2,2026-01-21T00:30:00Z,American Airlines Center,REG,DAL,DAL,BOS,6,2,2,0,2,0,2,2,0,0,4,6,2,6,0,0,2,0,0,0,1,3,0,0,1,0,0,0,37,18,15,6,17,5,5,7,0,0,2,1,9,2,3,2,2,3,0,0,0,0,14,12,9,11,13,35,12,17,13,16,8,3,65.0,35.0,J. Hryckowian (DAL),J. Oettinger (DAL),J. Robertson (DAL)
2026-01-20,2025020784,20252026,2,2026-01-21T01:00:00Z,Bridgestone Arena,REG,BUF,NSH,BUF,3,5,0,3,2,1,1,1,0,0,4,6,0,2,2,2,2,2,0,0,0,1,1,1,1,1,0,0,34,33,8,14,12,11,14,8,0,0,0,0,4,1,2,1,2,3,0,0,0,1,29,6,4,6,27,17,8,19,10,15,6,4,55.0,45.0,K. Helenius (BUF),N. Ostlund (BUF),R. O'Reilly (NSH)
2026-01-20,2025020785,20252026,2,2026-01-21T01:00:00Z,Canada Life Centre,REG,WPG,WPG,STL,3,1,2,0,0,1,1,0,0,0,8,6,2,4,4,0,2,2,0,0,1,2,2,0,1,1,0,0,16,23,6,6,8,11,2,6,0,0,2,1,3,5,3,4,4,3,0,0,1,0,18,22,8,6,16,20,23,12,12,17,4,5,47.4,52.6,J. Morrissey (WPG),M. Scheifele (WPG),J. Faulk (STL)
2026-01-20,2025020786,20252026,2,2026-01-21T03:00:00Z,Rogers Place,REG,NJD,EDM,NJD,1,2,0,0,1,2,0,0,0,0,4,6,2,0,2,6,0,0,0,0,1,0,1,3,0,0,0,0,23,17,4,4,6,10,13,3,0,0,0,0,2,1,2,1,2,3,0,0,0,0,20,17,19,11,17,14,12,12,19,12,3,4,61.4,38.6,A. Gritsyuk (NJD),Z. Hyman (EDM),J. Allen (NJD)
2026-01-20,2025020787,20252026,2,2026-01-21T03:00:00Z,Crypto.com Arena,REG,LAK,LAK,NYR,4,3,2,2,2,0,0,1,0,0,4,6,0,2,4,4,0,0,0,0,0,1,2,2,0,0,0,0,27,36,8,8,11,16,8,12,0,0,0,0,2,8,3,2,2,3,0,0,0,0,21,13,4,6,15,24,14,21,15,14,7,2,28.6,71.4,A. Forsberg (LAK),K. Fiala (LAK),T. Ward (LAK)
2026-01-21,2025020788,20252026,2,2026-01-22T00:00:00Z,Scotiabank Arena,OT,DET,TOR,DET,1,2,1,1,0,0,0,0,0,1,4,4,2,0,2,4,0,0,0,0,1,0,1,2,0,0,0,0,31,41,12,15,14,7,5,13,0,6,0,0,8,3,2,2,2,2,0,0,0,0,16,17,4,4,22,15,16,12,16,16,4,5,49.2,50.8,D. Larkin (DET),J. Gibson (DET),J. Woll (TOR)
2026-01-21,2025020789,20252026,2,2026-01-22T02:00:00Z,Ball Arena,SO,ANA,COL,ANA,1,2,0,0,0,1,1,0,0,0,2,4,2,2,0,2,0,0,0,0,1,1,0,1,0,0,0,0,41,16,9,4,11,6,18,3,3,3,0,0,3,0,2,1,1,2,0,0,0,0,16,12,2,4,16,27,15,24,24,13,7,5,55.0,45.0,L. Dostal (ANA),C. Gauthier (ANA),S. Wedgewood (COL)
2026-01-21,2025020790,20252026,2,2026-01-22T02:00:00Z,Delta Center,OT,UTA,UTA,PHI,5,4,0,2,2,2,2,0,1,0,12,6,6,2,6,2,0,2,0,0,3,1,3,1,0,1,0,0,27,29,7,14,10,10,9,5,1,0,1,2,4,8,3,6,6,3,0,0,0,0,23,18,17,11,26,25,11,18,13,20,3,5,43.3,56.7,C. Keller (UTA),L. Crouse (UTA),D. Guenther (UTA)
2026-01-21,2025020791,20252026,2,2026-01-22T02:30:00Z,Scotiabank Saddledome,REG,PIT,CGY,PIT,1,4,0,1,1,1,0,2,0,0,2,2,2,0,0,0,0,2,0,0,1,0,0,0,0,1,0,0,19,25,5,11,9,8,5,6,0,0,0,0,2,1,1,1,1,1,0,0,0,0,21,17,2,2,24,17,11,17,16,16,3,6,56.4,43.6,E. Malkin (PIT),T. Novak (PIT),J. St. Ivany (PIT)
2026-01-21,2025020793,20252026,2,2026-01-22T02:30:00Z,Climate Pledge Arena,REG,SEA,SEA,NYI,4,1,1,1,2,0,1,0,0,0,14,8,8,4,4,2,2,2,0,0,4,2,2,1,1,1,0,0,25,25,10,9,12,11,3,5,0,0,1,1,4,7,4,7,7,4,0,0,1,0,18,17,14,8,15,7,18,6,13,9,5,4,54.9,45.1,V. Dunn (SEA),P. Grubauer (SEA),M. Beniers (SEA)
2026-01-21,2025020792,20252026,2,2026-01-22T03:00:00Z,Rogers Arena,REG,VAN,VAN,WSH,4,3,2,2,2,0,0,1,0,0,10,10,6,0,2,8,2,2,0,0,3,0,1,4,1,1,0,0,25,32,10,11,11,12,4,9,0,0,0,2,4,3,3,3,5,5,0,0,0,0,14,20,10,10,17,18,13,14,18,15,4,5,38.9,61.1,B. Boeser (VAN),K. Lankinen (VAN),D. Strome (WSH)
2026-01-22,2025020794,20252026,2,2026-01-23T00:00:00Z,TD Garden,REG,BOS,BOS,VGK,4,3,3,0,1,0,0,3,0,0,10,8,4,6,2,0,4,2,0,0,2,3,1,0,2,1,0,0,29,33,16,4,8,8,5,21,0,0,2,1,3,10,3,4,5,4,0,0,0,0,13,13,15,13,19,28,20,14,13,18,9,3,41.9,58.1,D. Pastrnak (BOS),J. Korpisalo (BOS),C. McAvoy (BOS)
2026-01-22,2025020795,20252026,2,2026-01-23T00:00:00Z,Centre Bell,REG,BUF,MTL,BUF,2,4,0,2,2,1,0,1,0,0,8,10,0,2,6,6,2,2,0,0,0,1,3,3,1,1,0,0,34,17,10,8,15,3,9,6,0,0,0,0,1,0,3,2,4,5,0,1,0,1,12,10,8,10,28,26,16,18,12,9,3,5,64.3,35.7,U. Luukkonen (BUF),N. Suzuki (MTL),B. Byram (BUF)
2026-01-22,2025020796,20252026,2,2026-01-23T00:00:00Z,Lenovo Center,SO,CHI,CAR,CHI,3,4,1,1,1,1,1,1,0,0,2,10,0,2,2,6,0,2,0,0,0,1,1,3,0,1,0,0,31,22,13,4,12,8,5,8,1,2,0,0,5,1,5,1,1,5,0,1,0,0,22,9,7,15,29,22,6,14,13,11,4,6,65.0,35.0,I. Mikheyev (CHI),J. Nystrom (CAR),S. Knight (CHI)
2026-01-22,2025020797,20252026,2,2026-01-23T00:00:00Z,Nationwide Arena,REG,CBJ,CBJ,DAL,1,0,1,0,0,0,0,0,0,0,4,2,2,2,2,0,0,0,0,0,1,1,1,0,0,0,0,0,22,28,9,6,7,12,6,10,0,0,0,0,3,5,1,2,2,1,0,0,0,0,14,15,4,2,35,7,17,10,14,14,4,5,50.9,49.1,Z. Werenski (CBJ),J. Greaves (CBJ),C. Coyle (CBJ)
2026-01-22,2025020798,20252026,2,2026-01-23T01:00:00Z,Bridgestone Arena,REG,NSH,NSH,OTT,5,3,0,2,1,1,4,0,0,0,8,12,2,2,4,4,2,6,0,0,1,1,2,2,1,3,0,0,27,26,8,11,10,10,9,5,0,0,2,0,4,5,5,3,4,6,0,0,1,0,16,13,8,12,23,16,9,11,18,13,6,4,28.3,71.7,S. Stamkos (NSH),L. Evangelista (NSH),J. Marchessault (NSH)
2026-01-22,2025020799,20252026,2,2026-01-23T01:00:00Z,Canada Life Centre,SO,FLA,WPG,FLA,1,2,0,0,0,1,1,0,0,0,8,10,2,2,0,2,6,6,0,0,1,1,0,1,3,3,0,0,18,20,5,6,5,7,7,5,1,2,0,0,0,0,2,1,4,5,0,0,0,0,13,15,8,10,24,27,9,14,18,14,7,1,54.9,45.1,C. Perfetti (WPG),S. Bennett (FLA),J. Toews (WPG)
2026-01-22,2025020800,20252026,2,2026-01-23T02:00:00Z,Rogers Place,REG,PIT,EDM,PIT,2,6,0,3,1,2,1,1,0,0,4,4,2,2,2,2,0,0,0,0,1,1,1,1,0,0,0,0,32,23,12,9,10,10,10,4,0,0,0,0,4,3,2,2,2,2,1,0,0,0,13,17,4,4,20,13,9,10,17,17,3,4,54.9,45.1,A. Mantha (PIT),E. Malkin (PIT),J. Brazeau (PIT)
2026-01-22,2025020801,20252026,2,2026-01-23T02:30:00Z,Grand Casino Arena,OT,MIN,MIN,DET,4,3,1,1,0,1,2,1,1,0,4,8,2,2,0,4,2,2,0,0,1,1,0,2,1,1,0,0,39,34,11,11,17,15,10,7,1,1,1,1,9,1,4,2,2,4,0,0,0,0,11,15,4,8,18,15,20,18,16,14,3,4,33.3,66.7,M. Zuccarello (MIN),Q. Hughes (MIN),K. Kaprizov (MIN)
2026-01-23,2025020802,20252026,2,2026-01-24T00:00:00Z,Scotiabank Arena,REG,VGK,TOR,VGK,3,6,0,2,3,2,0,2,0,0,2,2,2,0,0,0,0,2,0,0,1,0,0,0,0,1,0,0,21,31,5,10,11,7,5,14,0,0,0,0,0,1,1,1,1,1,0,0,0,1,15,10,2,2,21,11,8,15,15,18,2,6,58.0,42.0,M. Stone (VGK),I. Barbashev (VGK),M. Knies (TOR)
2026-01-23,2025020803,20252026,2,2026-01-24T00:00:00Z,United Center,SO,TBL,CHI,TBL,1,2,1,0,0,1,0,0,0,0,6,6,2,6,2,0,2,0,0,0,1,3,1,0,1,0,0,0,19,31,4,8,2,13,8,9,5,1,0,0,1,3,3,3,3,3,0,0,0,0,9,26,11,11,16,18,13,10,20,16,6,4,47.4,52.6,D. James (TBL),N. Kucherov (TBL),A. Soderblom (CHI)
2026-01-23,2025020804,20252026,2,2026-01-24T01:00:00Z,American Airlines Center,REG,DAL,DAL,STL,3,2,1,1,1,1,1,0,0,0,6,10,2,2,2,8,2,0,0,0,1,1,1,4,1,0,0,0,19,22,10,3,5,9,4,10,0,0,2,1,6,3,5,3,3,5,0,0,0,0,12,7,6,10,16,26,16,10,12,9,5,8,59.6,40.4,J. Robertson (DAL),W. Johnston (DAL),P. Buchnevich (STL)
2026-01-23,2025020805,20252026,2,2026-01-24T02:00:00Z,Ball Arena,REG,PHI,COL,PHI,3,7,0,2,3,1,0,4,0,0,4,8,2,4,2,0,0,4,0,0,1,2,1,0,0,2,0,0,35,20,17,6,7,6,11,8,0,0,0,1,7,4,4,2,2,4,0,1,0,1,15,12,4,8,15,21,10,21,11,23,3,5,48.0,52.0,O. Tippett (PHI),M. Michkov (PHI),D. Barkey (PHI)
2026-01-23,2025020806,20252026,2,2026-01-24T02:00:00Z,Scotiabank Saddledome,REG,WSH,CGY,WSH,1,3,1,0,0,1,0,2,0,0,8,6,0,2,4,2,4,2,0,0,0,1,2,1,2,1,0,0,26,38,16,8,4,17,6,13,0,0,1,0,2,13,2,3,4,3,0,0,0,1,16,21,18,16,21,17,17,22,16,18,4,3,47.0,53.0,L. Thompson (WSH),A. Protas (WSH),D. Cooley (CGY)
2026-01-23,2025020807,20252026,2,2026-01-24T03:00:00Z,Rogers Arena,REG,NJD,VAN,NJD,4,5,0,1,3,3,1,1,0,0,6,4,0,2,6,0,0,2,0,0,0,1,3,0,0,1,0,0,25,24,7,8,10,13,8,3,0,0,0,2,1,4,2,3,3,2,1,0,0,0,13,14,6,4,19,17,17,15,18,11,5,2,47.9,52.1,C. Glass (NJD),L. Hameenaho (NJD),Z. Buium (VAN)
2026-01-23,2025020808,20252026,2,2026-01-24T03:00:00Z,SAP Center at San Jose,REG,SJS,SJS,NYR,3,1,3,1,0,0,0,0,0,0,4,14,4,6,0,4,0,4,0,0,2,3,0,2,0,2,0,0,32,29,17,11,7,11,8,7,0,0,2,0,13,3,7,2,2,7,0,0,0,0,18,18,4,14,14,18,18,11,16,13,5,3,43.1,56.9,M. Celebrini (SJS),A. Nedeljkovic (SJS),W. Smith (SJS)
2026-01-23,2025020809,20252026,2,2026-01-24T03:00:00Z,Climate Pledge Arena,REG,ANA,SEA,ANA,2,4,0,2,1,1,1,1,0,0,4,4,0,2,4,2,0,0,0,0,0,1,2,1,0,0,0,0,22,31,3,12,8,12,11,7,0,0,0,1,0,4,2,2,2,2,0,1,0,1,17,19,4,4,21,25,11,10,12,11,4,2,48.3,51.7,C. Gauthier (ANA),J. Schwartz (SEA),J. McCann (SEA)
2026-01-24,2025020810,20252026,2,2026-01-24T18:00:00Z,UBS Arena,REG,BUF,NYI,BUF,0,5,0,0,0,2,0,3,0,0,6,8,0,2,4,2,2,4,0,0,0,1,2,1,1,2,0,0,26,21,13,6,7,7,6,8,0,0,0,0,0,0,3,2,3,4,0,0,0,1,15,11,6,8,24,16,13,11,16,14,5,7,74.0,26.0,A. Lyon (BUF),J. Zucker (BUF),T. Thompson (BUF)
2026-01-24,2025020811,20252026,2,2026-01-24T18:30:00Z,Bridgestone Arena,REG,UTA,NSH,UTA,2,5,1,0,1,3,0,2,0,0,4,6,2,2,0,0,2,4,0,0,1,1,0,0,1,2,0,0,29,30,8,10,11,12,10,9,0,0,1,1,2,4,3,2,2,3,0,0,0,0,16,11,4,6,29,19,13,13,15,23,4,5,46.2,53.8,K. Yamamoto (UTA),S. Durzi (UTA),S. Stamkos (NSH)
2026-01-24,2025020812,20252026,2,2026-01-25T00:00:00Z,TD Garden,REG,BOS,BOS,MTL,4,3,0,1,2,2,2,0,0,0,6,8,0,2,4,4,2,2,0,0,0,1,2,2,1,1,0,0,20,25,2,7,11,9,7,9,0,0,3,2,7,5,4,3,3,4,0,0,0,0,20,17,11,13,21,16,14,10,17,18,2,6,50.8,49.2,M. Geekie (BOS),C. Caufield (MTL),F. Minten (BOS)
2026-01-24,2025020813,20252026,2,2026-01-25T00:00:00Z,Canadian Tire Centre,REG,CAR,OTT,CAR,1,4,0,3,1,1,0,0,0,0,8,8,2,2,6,4,0,2,0,0,1,1,3,2,0,1,0,0,37,19,14,8,7,8,16,3,0,0,0,1,5,2,4,4,4,4,0,0,0,0,10,10,8,18,34,12,14,13,13,16,8,4,67.9,32.1,B. Bussi (CAR),S. Jarvis (CAR),T. Stützle (OTT)
2026-01-24,2025020814,20252026,2,2026-01-25T00:00:00Z,Nationwide Arena,REG,CBJ,CBJ,TBL,8,5,4,2,2,2,2,1,0,0,6,6,4,0,2,6,0,0,0,0,2,0,1,3,0,0,0,0,31,30,11,8,16,10,4,12,0,0,1,1,1,2,2,2,3,3,0,0,2,0,11,17,6,6,27,22,15,9,14,19,5,5,39.0,61.0,M. Marchment (CBJ),C. Coyle (CBJ),A. Fantilli (CBJ)
2026-01-24,2025020815,20252026,2,2026-01-25T00:00:00Z,Canada Life Centre,REG,DET,WPG,DET,1,5,0,0,1,1,0,4,0,0,6,2,2,0,2,2,2,0,0,0,1,0,1,1,1,0,0,0,27,31,9,11,10,12,8,8,0,0,0,0,1,4,1,3,3,1,0,0,0,1,11,11,6,2,22,22,15,14,12,15,4,6,45.0,55.0,J. Compher (DET),C. Hellebuyck (WPG),J. Gibson (DET)
2026-01-24,2025020816,20252026,2,2026-01-25T01:00:00Z,Enterprise Center,SO,LAK,STL,LAK,4,5,0,1,3,2,1,1,0,0,8,8,4,6,2,2,2,0,0,0,2,3,1,1,1,0,0,0,29,28,7,5,8,7,11,13,3,3,1,0,2,2,3,3,4,4,0,0,0,0,12,15,13,13,20,17,20,14,13,17,3,3,46.9,53.1,A. Laferriere (LAK),J. Kyrou (STL),T. Moore (LAK)
2026-01-24,2025020817,20252026,2,2026-01-25T02:00:00Z,Grand Casino Arena,OT,FLA,MIN,FLA,3,4,1,2,1,0,1,1,0,1,12,12,4,2,4,6,4,4,0,0,2,1,2,3,2,2,0,0,21,34,5,10,10,15,6,8,0,1,2,2,7,12,6,6,6,6,1,0,0,0,8,13,17,17,17,17,10,15,20,13,5,3,46.4,53.6,B. Marchand (FLA),K. Kaprizov (MIN),S. Reinhart (FLA)
2026-01-24,2025020818,20252026,2,2026-01-25T03:00:00Z,Rogers Place,OT,EDM,EDM,WSH,6,5,1,1,1,2,3,2,1,0,10,12,2,0,2,6,6,6,0,0,1,0,1,3,3,3,0,0,40,27,10,2,12,13,16,12,2,0,1,1,14,2,5,5,5,6,0,0,0,0,18,19,10,12,11,8,18,17,21,16,4,5,51.0,49.0,E. Bouchard (EDM),J. Sourdif (WSH),C. McDavid (EDM)
2026-01-25,2025020819,20252026,2,2026-01-25T18:30:00Z,Scotiabank Arena,REG,COL,TOR,COL,1,4,0,2,0,1,1,1,0,0,4,6,2,2,2,0,0,4,0,0,1,1,1,0,0,2,0,0,33,37,6,17,13,14,14,6,0,0,1,0,4,5,3,2,2,3,0,0,0,1,18,14,4,6,28,14,16,8,14,17,6,3,55.9,44.1,B. Nelson (COL),M. Blackwood (COL),J. Drury (COL)
2026-01-25,2025020820,20252026,2,2026-01-25T20:00:00Z,Climate Pledge Arena,REG,SEA,SEA,NJD,4,2,0,1,1,0,3,1,0,0,8,8,4,6,2,0,2,2,0,0,2,3,1,0,1,1,0,0,19,29,9,9,5,7,5,13,0,0,0,2,3,6,4,4,4,4,0,0,1,0,9,18,13,23,19,13,20,16,11,17,4,3,50.0,50.0,M. Beniers (SEA),B. Catton (SEA),J. Daccord (SEA)
2026-01-25,2025020821,20252026,2,2026-01-25T22:00:00Z,Canadian Tire Centre,REG,OTT,OTT,VGK,7,1,1,0,3,0,3,1,0,0,4,2,4,0,0,0,0,2,0,0,2,0,0,0,0,1,0,0,32,20,6,5,12,8,14,7,0,0,0,0,3,4,1,2,2,1,0,0,0,0,23,11,4,2,34,20,18,16,10,14,3,10,45.1,54.9,M. Sogaard (OTT),S. Halliday (OTT),D. Cozens (OTT)
2026-01-25,2025020822,20252026,2,2026-01-25T23:00:00Z,Rogers Arena,REG,PIT,VAN,PIT,2,3,0,0,0,3,2,0,0,0,0,4,0,0,0,2,0,2,0,0,0,0,0,1,0,1,0,0,32,25,8,8,10,13,14,4,0,0,0,0,4,0,1,0,0,2,0,0,0,0,20,17,0,4,25,27,13,14,16,18,7,2,45.1,54.9,B. Kindel (PIT),J. DeBrusk (VAN),E. Malkin (PIT)
2026-01-25,2025020823,20252026,2,2026-01-26T00:00:00Z,United Center,REG,FLA,CHI,FLA,1,5,0,0,1,1,0,4,0,0,2,6,0,2,2,2,0,2,0,0,0,1,1,1,0,1,0,0,22,25,8,7,8,9,6,9,0,0,0,0,3,1,3,1,1,3,0,0,0,1,11,8,2,6,11,25,14,5,12,15,2,7,46.4,53.6,T. Bjornfot (FLA),G. Forsling (FLA),C. Verhaeghe (FLA)
2026-01-25,2025020824,20252026,2,2026-01-26T01:00:00Z,Scotiabank Saddledome,OT,ANA,CGY,ANA,3,4,2,0,0,2,1,1,0,1,4,2,2,0,2,0,0,2,0,0,1,0,1,0,0,1,0,0,35,21,17,3,10,8,7,6,1,4,1,0,2,0,1,2,2,1,0,0,0,0,13,20,4,2,28,25,18,16,20,17,3,3,58.2,41.8,B. Sennecke (ANA),M. Coronato (CGY),H. Brzustewicz (CGY)
2026-01-26,2025020825,20252026,2,2026-01-27T00:00:00Z,Benchmark International Arena,REG,TBL,TBL,UTA,2,0,0,0,1,0,1,0,0,0,12,14,0,2,6,6,6,6,0,0,0,1,3,3,3,3,0,0,29,28,11,12,6,8,12,8,0,0,2,0,11,5,4,3,6,7,0,0,0,0,15,16,17,19,18,18,20,8,10,10,3,5,48.1,51.9,A. Vasilevskiy (TBL),D. Raddysh (TBL),K. Vejmelka (UTA)
2026-01-26,2025020826,20252026,2,2026-01-27T00:00:00Z,Madison Square Garden,OT,NYR,NYR,BOS,4,3,2,1,0,2,1,0,1,0,2,8,0,0,2,6,0,2,0,0,0,0,1,3,0,1,0,0,28,24,10,7,9,9,8,8,1,0,0,0,8,1,4,1,1,4,0,0,0,0,14,11,2,8,34,17,12,13,13,16,5,3,49.1,50.9,M. Robertson (NYR),G. Perreault (NYR),D. Pastrnak (BOS)
2026-01-26,2025020827,20252026,2,2026-01-27T00:00:00Z,Xfinity Mobile Arena,REG,NYI,PHI,NYI,0,4,0,1,0,2,0,1,0,0,8,8,2,4,4,4,2,0,0,0,1,2,2,2,1,0,0,0,21,23,7,7,8,7,6,9,0,0,0,1,8,6,3,3,4,4,0,1,0,0,10,6,8,8,23,15,10,11,16,11,6,7,42.1,57.9,I. Sorokin (NYI),M. Barzal (NYI),J. Pageau (NYI)
2026-01-26,2025020829,20252026,2,2026-01-27T01:30:00Z,Rogers Place,REG,EDM,EDM,ANA,7,4,1,1,4,2,2,1,0,0,8,6,4,6,2,0,2,0,0,0,2,3,1,0,1,0,0,0,32,41,12,12,15,13,5,16,0,0,1,3,6,9,3,4,4,3,0,0,2,0,10,19,8,6,13,25,10,15,19,14,6,6,47.8,52.2,M. Ekholm (EDM),M. Granlund (ANA),Z. Hyman (EDM)
2026-01-27,2025020830,20252026,2,2026-01-28T00:00:00Z,TD Garden,OT,BOS,BOS,NSH,3,2,1,0,1,1,0,1,1,0,10,8,2,4,6,2,2,2,0,0,1,2,3,1,1,1,0,0,28,30,8,6,13,13,6,11,1,0,0,1,4,5,3,4,5,4,0,0,0,0,10,23,10,8,25,16,11,8,19,16,4,5,60.0,40.0,D. Pastrnak (BOS),J. Swayman (BOS),J. Saros (NSH)
2026-01-27,2025020831,20252026,2,2026-01-28T00:00:00Z,Scotiabank Arena,REG,BUF,TOR,BUF,4,7,2,3,1,1,1,3,0,0,4,0,2,0,0,0,2,0,0,0,1,0,0,0,1,0,0,0,23,31,6,10,7,16,10,5,0,0,0,1,0,2,0,2,2,0,0,0,0,1,10,15,4,0,32,16,13,19,11,24,8,5,67.3,32.7,R. Dahlin (BUF),A. Tuch (BUF),M. Samuelsson (BUF)
2026-01-27,2025020832,20252026,2,2026-01-28T00:00:00Z,Centre Bell,OT,MTL,MTL,VGK,3,2,0,1,2,0,0,1,1,0,6,8,0,0,4,4,2,4,0,0,0,0,2,2,1,2,0,0,26,34,8,10,12,10,3,13,3,1,0,0,2,6,4,3,3,4,0,0,0,0,16,11,6,8,24,24,18,15,8,12,5,4,45.0,55.0,J. Evans (MTL),J. Dobes (MTL),P. Dorofeyev (VGK)
2026-01-27,2025020833,20252026,2,2026-01-28T00:00:00Z,Little Caesars Arena,REG,LAK,DET,LAK,1,3,0,0,0,1,1,2,0,0,6,8,4,2,0,2,2,4,0,0,2,1,0,1,1,2,0,0,28,22,5,9,5,8,18,5,0,0,0,1,3,4,4,3,3,4,0,0,0,1,24,17,6,8,11,21,15,16,15,20,6,5,68.5,31.5,A. Kuzmenko (LAK),S. Helenius (LAK),A. DeBrincat (DET)
2026-01-27,2025020834,20252026,2,2026-01-28T00:00:00Z,Amerant Bank Arena,REG,UTA,FLA,UTA,3,4,0,1,2,1,1,2,0,0,10,12,0,2,4,4,6,6,0,0,0,1,2,2,3,3,0,0,30,20,11,7,10,5,9,8,0,0,0,0,9,2,4,3,5,6,0,1,0,1,18,10,10,12,31,16,7,13,15,24,4,4,41.7,58.3,M. Sergachev (UTA),S. Vilmanis (FLA),S. Durzi (UTA)
2026-01-27,2025020835,20252026,2,2026-01-28T00:00:00Z,Prudential Center,REG,WPG,NJD,WPG,3,4,1,1,1,3,1,0,0,0,4,4,2,0,2,2,0,2,0,0,1,0,1,1,0,1,0,0,29,26,9,8,5,14,15,4,0,0,1,0,5,4,2,2,2,2,0,0,0,0,12,12,4,4,14,24,11,21,12,20,5,2,47.9,52.1,M. Scheifele (WPG),G. Vilardi (WPG),K. Connor (WPG)
2026-01-27,2025020836,20252026,2,2026-01-28T01:00:00Z,Enterprise Center,REG,DAL,STL,DAL,3,4,0,0,0,3,3,1,0,0,6,6,2,2,4,2,0,2,0,0,1,1,2,1,0,1,0,0,26,24,9,9,6,9,11,6,0,0,0,2,1,5,3,3,3,3,0,0,0,0,9,17,6,6,43,12,16,20,13,18,5,3,48.1,51.9,M. Duchene (DAL),B. Schenn (STL),T. Harley (DAL)
2026-01-27,2025020837,20252026,2,2026-01-28T01:00:00Z,Grand Casino Arena,SO,MIN,MIN,CHI,4,3,0,2,1,1,2,0,0,0,8,2,2,0,2,0,4,2,2,0,1,0,1,0,2,1,1,0,23,32,8,14,7,6,6,7,2,5,0,0,2,6,1,4,4,1,0,0,0,0,16,10,10,2,21,10,15,5,14,14,3,6,41.5,58.5,J. Eriksson Ek (MIN),J. Spurgeon (MIN),J. Wallstedt (MIN)
2026-01-27,2025020838,20252026,2,2026-01-28T03:00:00Z,Rogers Arena,REG,SJS,VAN,SJS,2,5,1,3,0,1,1,1,0,0,10,10,4,4,6,4,0,2,0,0,2,2,3,2,0,1,0,0,25,33,8,15,11,12,6,6,0,0,1,2,8,7,4,4,5,5,0,0,0,0,10,13,15,15,30,17,18,12,14,17,7,2,62.9,37.1,M. Celebrini (SJS),W. Smith (SJS),E. Pettersson (VAN)
2026-01-27,2025020839,20252026,2,2026-01-28T03:00:00Z,Climate Pledge Arena,REG,SEA,SEA,WSH,5,1,0,0,3,0,2,1,0,0,10,8,0,2,2,2,8,4,0,0,0,1,1,1,4,2,0,0,32,20,13,4,8,7,11,9,0,0,1,1,5,5,4,5,5,4,0,0,0,0,15,9,15,13,15,17,14,16,10,20,4,3,49.1,50.9,J. McCann (SEA),M. Beniers (SEA),P. Grubauer (SEA)
2026-01-28,2025020842,20252026,2,2026-01-29T00:00:00Z,UBS Arena,REG,NYI,NYI,NYR,5,2,2,1,3,1,0,0,0,0,6,10,4,4,0,6,2,0,0,0,2,2,0,3,1,0,0,0,36,16,14,7,14,6,8,3,0,0,2,1,8,5,5,2,3,5,0,0,0,0,12,12,6,10,23,31,16,11,16,15,3,8,57.4,42.6,O. Palat (NYI),S. Holmstrom (NYI),J. Pageau (NYI)
2026-01-28,2025020840,20252026,2,2026-01-29T00:30:00Z,Nationwide Arena,REG,CBJ,CBJ,PHI,5,3,2,1,1,0,2,2,0,0,10,6,2,4,2,0,6,2,0,0,1,2,1,0,3,1,0,0,31,27,7,7,16,6,8,14,0,0,0,0,4,10,3,5,5,3,0,0,1,0,11,16,10,6,17,21,11,18,12,9,5,5,62.1,37.9,S. Monahan (CBJ),T. Konecny (PHI),C. Coyle (CBJ)
2026-01-28,2025020841,20252026,2,2026-01-29T00:30:00Z,Canadian Tire Centre,REG,OTT,OTT,COL,5,2,0,0,2,1,3,1,0,0,0,6,0,4,0,2,0,0,0,0,0,2,0,1,0,0,0,0,23,18,9,4,6,4,8,10,0,0,0,0,6,0,3,0,0,3,0,0,2,0,10,19,0,6,31,22,10,10,13,16,8,3,38.0,62.0,N. Cousins (OTT),T. Stützle (OTT),C. Giroux (OTT)
2026-01-29,2025020843,20252026,2,2026-01-30T00:00:00Z,TD Garden,REG,BOS,BOS,PHI,6,3,2,0,3,2,1,1,0,0,12,8,2,2,2,0,8,6,0,0,1,1,1,0,4,3,0,0,27,36,10,9,10,12,7,15,0,0,0,1,1,5,1,3,6,4,0,0,1,0,11,11,12,8,15,36,9,17,19,19,6,4,56.6,43.4,C. Mittelstadt (BOS),F. Minten (BOS),J. Swayman (BOS)
2026-01-29,2025020844,20252026,2,2026-01-30T00:00:00Z,KeyBank Center,REG,BUF,BUF,LAK,4,1,2,0,1,1,1,0,0,0,8,10,6,6,2,0,0,4,0,0,3,3,1,0,0,2,0,0,32,38,8,12,14,19,10,7,0,0,1,1,4,4,3,2,4,5,0,0,1,0,7,15,28,30,9,30,13,11,16,20,6,5,62.5,37.5,A. Tuch (BUF),A. Lyon (BUF),J. Quinn (BUF)
2026-01-29,2025020845,20252026,2,2026-01-30T00:00:00Z,Centre Bell,REG,MTL,MTL,COL,7,3,3,1,2,1,2,1,0,0,6,6,2,2,2,2,2,2,0,0,1,1,1,1,1,1,0,0,28,29,9,5,12,12,7,12,0,0,1,0,3,3,2,2,3,3,1,0,0,0,15,11,6,6,22,25,21,8,14,17,6,4,54.7,45.3,N. Suzuki (MTL),J. Dobes (MTL),J. Slafkovský (MTL)
2026-01-29,2025020847,20252026,2,2026-01-30T00:00:00Z,Benchmark International Arena,REG,TBL,TBL,WPG,4,1,1,0,2,1,1,0,0,0,6,4,2,0,0,2,4,2,0,0,1,0,0,1,2,1,0,0,37,24,10,12,11,8,16,4,0,0,0,0,2,1,1,2,3,2,0,0,1,0,11,13,6,4,18,29,9,13,17,15,4,3,52.5,47.5,D. Raddysh (TBL),A. Vasilevskiy (TBL),Y. Gourde (TBL)
2026-01-29,2025020848,20252026,2,2026-01-30T00:00:00Z,Prudential Center,OT,NJD,NJD,NSH,3,2,0,1,1,0,1,1,1,0,4,6,0,0,2,2,2,4,0,0,0,0,1,1,1,2,0,0,35,29,13,7,13,13,8,9,1,0,0,0,6,6,3,2,2,3,0,0,0,0,23,20,4,6,27,17,19,14,18,16,6,3,50.0,50.0,N. Hischier (NJD),J. Markstrom (NJD),J. Bratt (NJD)
2026-01-29,2025020849,20252026,2,2026-01-30T00:00:00Z,Madison Square Garden,REG,NYI,NYR,NYI,1,2,0,0,0,2,1,0,0,0,8,8,2,0,2,2,4,6,0,0,1,0,1,1,2,3,0,0,21,21,6,6,8,5,7,10,0,0,1,0,2,0,3,3,4,4,0,0,0,0,10,15,8,8,31,16,10,17,16,12,2,3,62.5,37.5,M. Schaefer (NYI),I. Sorokin (NYI),M. Zibanejad (NYR)
2026-01-29,2025020850,20252026,2,2026-01-30T00:00:00Z,PPG Paints Arena,REG,PIT,PIT,CHI,6,2,1,1,4,0,1,1,0,0,8,6,8,4,0,2,0,0,0,0,4,2,0,1,0,0,0,0,45,20,8,9,23,6,14,5,0,0,0,0,5,3,1,2,4,3,0,0,0,0,21,11,8,6,18,13,12,16,17,17,8,4,58.6,41.4,A. Mantha (PIT),C. Dewar (PIT),B. Kindel (PIT)
2026-01-29,2025020851,20252026,2,2026-01-30T00:00:00Z,Lenovo Center,REG,CAR,CAR,UTA,5,4,1,0,1,3,3,1,0,0,4,10,0,0,2,6,2,4,0,0,0,0,1,3,1,2,0,0,33,25,9,8,10,13,14,4,0,0,2,0,7,0,5,2,2,5,0,0,0,0,18,10,4,10,23,28,8,19,17,24,6,5,55.0,45.0,S. Gostisbehere (CAR),A. Svechnikov (CAR),J. Staal (CAR)
2026-01-29,2025020846,20252026,2,2026-01-30T00:30:00Z,Little Caesars Arena,SO,WSH,DET,WSH,3,4,0,1,1,0,2,2,0,0,4,8,0,4,0,2,4,2,0,0,0,2,0,1,2,1,0,0,21,23,3,7,8,8,9,5,1,3,0,0,3,1,4,2,2,4,0,0,0,0,18,8,4,8,13,26,17,22,14,6,3,4,46.0,54.0,P. Kane (DET),A. DeBrincat (DET),D. Strome (WSH)
2026-01-29,2025020852,20252026,2,2026-01-30T01:00:00Z,Enterprise Center,REG,STL,STL,FLA,5,4,3,2,1,2,1,0,0,0,20,14,6,6,8,4,6,4,0,0,3,3,4,2,3,2,0,0,31,20,10,7,10,7,11,6,0,0,1,2,4,8,5,8,10,7,0,0,0,0,10,18,25,19,26,17,17,8,11,13,5,4,46.3,53.7,J. Kyrou (STL),J. Snuggerud (STL),J. Faulk (STL)
2026-01-29,2025020853,20252026,2,2026-01-30T01:00:00Z,Grand Casino Arena,REG,MIN,MIN,CGY,4,1,2,0,0,0,2,1,0,0,6,4,4,0,0,0,2,4,0,0,2,0,0,0,1,2,0,0,24,30,3,14,5,7,16,9,0,0,1,0,6,10,2,3,3,2,0,0,1,0,15,17,11,9,11,16,15,17,13,18,3,6,50.8,49.2,J. Middleton (MIN),F. Gustavsson (MIN),J. Spurgeon (MIN)
2026-01-29,2025020854,20252026,2,2026-01-30T02:00:00Z,Rogers Place,OT,EDM,EDM,SJS,4,3,0,3,0,0,3,0,1,0,6,4,2,2,4,0,0,2,0,0,1,1,2,0,0,1,0,0,32,21,12,8,8,9,10,4,2,0,0,0,1,4,1,2,3,2,0,0,0,0,14,7,6,4,24,17,8,15,15,15,3,5,60.3,39.7,L. Draisaitl (EDM),E. Bouchard (EDM),Z. Hyman (EDM)
2026-01-29,2025020855,20252026,2,2026-01-30T03:00:00Z,Rogers Arena,REG,VAN,VAN,ANA,2,0,0,0,0,0,2,0,0,0,6,6,2,4,2,0,2,2,0,0,1,2,1,0,1,1,0,0,26,33,9,9,8,14,9,10,0,0,0,0,6,5,3,3,3,3,1,0,1,0,18,16,6,6,10,21,13,13,11,12,1,3,51.6,48.4,N. Tolopilo (VAN),D. O'Connor (VAN),L. Dostal (ANA)
2026-01-29,2025020856,20252026,2,2026-01-30T03:00:00Z,T-Mobile Arena,SO,DAL,VGK,DAL,4,5,0,1,1,3,3,0,0,0,4,2,0,2,2,0,2,0,0,0,0,1,1,0,1,0,0,0,21,27,7,9,7,9,7,6,0,3,0,0,1,0,1,2,2,1,1,0,0,0,14,16,4,2,26,29,11,23,15,19,1,8,50.8,49.2,M. Bourque (DAL),M. Marner (VGK),K. Kolesar (VGK)
2026-01-29,2025020857,20252026,2,2026-01-30T03:00:00Z,Climate Pledge Arena,REG,SEA,SEA,TOR,5,2,1,1,2,0,2,1,0,0,6,4,2,2,2,0,2,2,0,0,1,1,1,0,1,1,0,0,22,31,9,11,7,13,6,7,0,0,0,1,2,9,2,3,3,2,0,0,1,0,7,19,6,4,13,20,11,9,17,19,4,5,56.9,43.1,S. Wright (SEA),B. Montour (SEA),J. Daccord (SEA)
2026-01-30,2025020858,20252026,2,2026-01-31T01:30:00Z,United Center,REG,CBJ,CHI,CBJ,2,4,1,1,1,2,0,1,0,0,6,4,2,0,2,2,2,2,0,0,1,0,1,1,1,1,0,0,24,26,8,14,8,9,8,3,0,0,0,1,2,3,2,3,3,2,0,0,0,1,16,17,6,4,13,16,15,13,17,12,3,6,40.0,60.0,C. Coyle (CBJ),C. Bedard (CHI),Z. Werenski (CBJ)
2026-01-31,2025020859,20252026,2,2026-01-31T17:30:00Z,Xfinity Mobile Arena,OT,LAK,PHI,LAK,2,3,0,2,1,0,1,0,0,1,4,4,4,2,0,2,0,0,0,0,2,1,0,1,0,0,0,0,21,21,6,10,10,4,5,6,0,1,1,0,1,3,2,2,2,2,0,0,0,0,18,16,4,4,29,25,16,11,18,7,4,2,52.9,47.1,A. Kempe (LAK),D. Kuemper (LAK),T. Zegras (PHI)
2026-01-31,2025020860,20252026,2,2026-01-31T18:00:00Z,Little Caesars Arena,REG,COL,DET,COL,0,5,0,2,0,2,0,1,0,0,6,6,0,4,6,2,0,0,0,0,0,2,3,1,0,0,0,0,28,21,11,8,9,9,8,4,0,0,0,0,4,4,2,2,3,3,0,0,0,0,15,25,6,6,16,12,14,13,14,19,4,6,54.2,45.8,N. MacKinnon (COL),M. Blackwood (COL),B. Burns (COL)
2026-01-31,2025020861,20252026,2,2026-01-31T20:30:00Z,PPG Paints Arena,REG,PIT,PIT,NYR,6,5,2,0,1,1,3,4,0,0,8,12,2,2,4,8,2,2,0,0,1,1,2,4,1,1,0,0,34,20,11,9,10,2,13,9,0,0,1,1,9,2,5,3,4,6,0,1,1,0,22,10,8,12,16,26,12,10,12,12,5,2,39.1,60.9,N. Acciari (PIT),A. Mantha (PIT),A. Lafrenière (NYR)
2026-01-31,2025020862,20252026,2,2026-01-31T21:00:00Z,Amerant Bank Arena,REG,WPG,FLA,WPG,1,2,1,0,0,0,0,2,0,0,10,4,6,4,2,0,2,0,0,0,3,2,1,0,1,0,0,0,28,21,13,9,7,7,8,5,0,0,0,0,7,4,2,5,5,2,0,0,0,0,13,6,10,4,30,18,7,14,9,18,4,4,41.2,58.8,M. Scheifele (WPG),E. Luostarinen (FLA),E. Comrie (WPG)
2026-01-31,2025020863,20252026,2,2026-01-31T21:00:00Z,Scotiabank Saddledome,REG,CGY,CGY,SJS,3,2,1,1,1,1,1,0,0,0,10,14,6,6,0,4,4,4,0,0,3,3,0,2,2,2,0,0,42,25,15,11,17,6,10,8,0,0,1,1,11,6,6,4,5,7,1,0,0,0,20,10,10,24,21,14,18,19,9,18,5,3,56.7,43.3,M. Frost (CGY),M. Gridin (CGY),J. Farabee (CGY)
2026-01-31,2025020864,20252026,2,2026-01-31T22:00:00Z,Capital One Arena,OT,WSH,WSH,CAR,4,3,0,2,2,1,1,0,1,0,4,8,0,2,4,4,0,2,0,0,0,1,2,2,0,1,0,0,42,22,19,12,7,5,13,5,3,0,0,0,6,0,4,2,2,4,0,0,0,0,20,21,4,8,24,29,10,18,18,16,2,6,50.0,50.0,J. Sourdif (WSH),J. Chychrun (WSH),S. Aho (CAR)
2026-01-31,2025020865,20252026,2,2026-02-01T00:00:00Z,KeyBank Center,REG,MTL,BUF,MTL,2,4,0,1,2,0,0,3,0,0,6,8,4,0,2,6,0,2,0,0,2,0,1,3,0,1,0,0,38,31,11,11,12,6,15,14,0,0,1,1,5,4,4,3,3,4,0,0,0,1,18,11,6,8,24,29,7,20,16,13,4,5,29.8,70.2,C. Caufield (MTL),J. Dobes (MTL),O. Power (BUF)
2026-01-31,2025020866,20252026,2,2026-02-01T00:00:00Z,Canadian Tire Centre,REG,OTT,OTT,NJD,4,1,1,1,0,0,3,0,0,0,12,8,4,2,2,2,6,4,0,0,2,1,1,1,3,2,0,0,34,27,9,11,12,7,13,9,0,0,2,0,5,5,3,5,6,4,0,0,1,0,11,9,12,8,24,22,18,9,17,17,7,5,43.3,56.7,L. Ullmark (OTT),B. Tkachuk (OTT),T. Stützle (OTT)
2026-01-31,2025020867,20252026,2,2026-02-01T00:00:00Z,UBS Arena,REG,NSH,NYI,NSH,3,4,2,2,1,1,0,1,0,0,8,8,2,2,0,0,6,6,0,0,1,1,0,0,3,3,0,0,30,42,10,11,13,22,7,9,0,0,0,1,1,5,2,2,4,4,0,0,0,0,9,14,8,18,23,25,10,6,18,11,4,8,57.4,42.6,F. Forsberg (NSH),R. Josi (NSH),M. Wood (NSH)
2026-01-31,2025020868,20252026,2,2026-02-01T00:00:00Z,Enterprise Center,REG,CBJ,STL,CBJ,3,5,1,2,2,2,0,1,0,0,4,8,2,2,2,2,0,4,0,0,1,1,1,1,0,2,0,0,33,23,8,10,9,9,16,4,0,0,1,1,8,3,4,2,2,4,0,0,0,1,14,18,4,8,21,20,10,11,17,15,3,5,52.6,47.4,K. Johnson (CBJ),J. Snuggerud (STL),D. Severson (CBJ)
2026-01-31,2025020869,20252026,2,2026-02-01T00:00:00Z,Rogers Arena,SO,TOR,VAN,TOR,2,3,0,0,2,1,0,1,0,0,2,2,0,0,2,2,0,0,0,0,0,0,1,1,0,0,0,0,30,41,7,7,14,11,5,18,4,5,0,0,0,0,0,0,1,1,0,0,0,0,11,23,2,2,14,17,23,10,19,15,7,4,50.0,50.0,J. Woll (TOR),N. Tolopilo (VAN),A. Matthews (TOR)
2026-01-31,2025020870,20252026,2,2026-02-01T02:00:00Z,Delta Center,REG,DAL,UTA,DAL,2,3,1,3,0,0,1,0,0,0,10,6,4,4,4,2,2,0,0,0,2,2,2,1,1,0,0,0,14,32,5,10,5,11,4,11,0,0,0,2,1,6,2,4,5,3,0,0,0,0,12,18,10,6,18,25,8,12,18,10,4,4,43.1,56.9,W. Johnston (DAL),K. Yamamoto (UTA),J. Benn (DAL)
2026-01-31,2025020871,20252026,2,2026-02-01T03:00:00Z,Rogers Place,REG,MIN,EDM,MIN,3,7,2,2,0,3,1,2,0,0,6,4,6,2,0,2,0,0,0,0,3,1,0,1,0,0,0,0,42,29,10,13,17,7,15,9,0,0,0,2,5,4,2,3,3,2,0,0,0,0,24,17,6,4,24,17,17,22,6,17,5,3,52.4,47.6,Q. Hughes (MIN),J. Eriksson Ek (MIN),J. Wallstedt (MIN)
2026-01-31,2025020872,20252026,2,2026-02-01T03:00:00Z,T-Mobile Arena,REG,SEA,VGK,SEA,2,3,0,2,2,0,0,1,0,0,4,4,2,0,2,4,0,0,0,0,1,0,1,2,0,0,0,0,29,22,8,5,10,10,11,7,0,0,1,1,3,4,2,2,2,2,0,0,0,0,14,13,4,4,24,23,11,15,17,14,2,5,46.8,53.2,K. Kakko (SEA),J. Eichel (VGK),J. Daccord (SEA)
2026-02-01,2025020874,20252026,2,2026-02-01T20:00:00Z,Lenovo Center,OT,CAR,CAR,LAK,3,2,1,0,0,0,1,2,1,0,10,14,2,2,6,10,2,2,0,0,1,1,3,5,1,1,0,0,34,13,4,4,14,4,13,5,3,0,1,0,9,0,4,2,5,7,0,0,0,0,17,12,10,14,11,25,12,25,13,12,6,5,50.0,50.0,S. Aho (CAR),J. Staal (CAR),A. Nikishin (CAR)
2026-02-01,2025020873,20252026,2,2026-02-01T23:30:00Z,Raymond James Stadium,SO,TBL,TBL,BOS,6,5,1,3,3,2,1,0,0,0,10,16,6,2,4,14,0,0,0,4,3,1,2,7,0,0,0,2,46,34,8,20,22,9,7,5,9,0,3,1,12,7,6,3,5,8,0,0,0,0,14,9,15,25,22,20,12,19,19,14,5,2,57.4,42.6,N. Kucherov (TBL),M. Geekie (BOS),B. Hagel (TBL)
2026-02-01,2025020875,20252026,2,2026-02-02T02:30:00Z,Honda Center,REG,ANA,ANA,VGK,4,3,1,0,2,1,1,2,0,0,4,4,2,0,2,4,0,0,0,0,1,0,1,2,0,0,0,0,23,31,8,5,8,7,7,19,0,0,1,0,2,0,2,2,2,2,0,0,1,0,16,14,4,4,28,17,16,10,15,20,6,3,51.6,48.4,C. Kreider (ANA),L. Dostal (ANA),R. Poehling (ANA)
2026-02-02,2025020876,20252026,2,2026-02-03T00:00:00Z,Amerant Bank Arena,REG,BUF,FLA,BUF,3,5,2,2,1,1,0,2,0,0,6,8,0,0,2,4,4,4,0,0,0,0,1,2,2,2,0,0,42,20,9,8,19,6,14,6,0,0,1,1,12,4,4,3,3,4,0,0,0,0,17,16,6,8,22,23,13,20,17,17,7,2,50.8,49.2,J. Zucker (BUF),R. Dahlin (BUF),S. Reinhart (FLA)
2026-02-02,2025020877,20252026,2,2026-02-03T00:00:00Z,PPG Paints Arena,REG,OTT,PIT,OTT,2,3,1,0,0,1,1,2,0,0,10,2,4,0,4,0,2,2,0,0,2,0,2,0,1,1,0,0,16,31,7,13,3,9,6,9,0,0,0,0,1,6,1,5,5,1,0,0,0,0,10,18,10,2,25,18,17,9,18,12,6,8,46.0,54.0,T. Stützle (OTT),C. Giroux (OTT),A. Silovs (PIT)
2026-02-02,2025020878,20252026,2,2026-02-03T00:00:00Z,Capital One Arena,REG,WSH,WSH,NYI,4,1,0,1,2,0,2,0,0,0,4,8,4,2,0,0,0,6,0,0,2,1,0,0,0,3,0,0,25,30,6,12,8,9,11,9,0,0,0,0,5,5,4,2,2,4,0,0,1,0,10,20,9,13,27,18,23,12,16,14,6,4,50.0,50.0,C. Stevenson (WSH),M. Fehérváry (WSH),N. Dowd (WSH)
2026-02-02,2025020879,20252026,2,2026-02-03T00:30:00Z,Grand Casino Arena,OT,MIN,MIN,MTL,4,3,2,1,0,1,1,1,1,0,2,4,0,2,2,2,0,0,0,2,0,1,1,1,0,0,0,1,24,20,6,5,7,9,9,5,2,1,0,0,1,0,2,1,1,2,0,0,0,0,24,9,2,6,18,16,15,13,14,12,6,6,46.6,53.4,K. Kaprizov (MIN),B. Faber (MIN),Q. Hughes (MIN)
2026-02-02,2025020880,20252026,2,2026-02-03T01:00:00Z,Bridgestone Arena,REG,NSH,NSH,STL,6,5,1,2,2,3,3,0,0,0,4,4,2,2,0,0,2,2,0,0,1,1,0,0,1,1,0,0,28,34,9,14,11,14,8,6,0,0,1,1,1,1,2,2,2,2,0,0,0,0,20,12,4,4,15,16,11,10,14,16,4,8,54.1,45.9,R. Josi (NSH),S. Stamkos (NSH),R. O'Reilly (NSH)
2026-02-02,2025020881,20252026,2,2026-02-03T01:30:00Z,United Center,REG,CHI,CHI,SJS,6,3,1,0,4,2,1,1,0,0,8,8,2,6,2,2,4,0,0,0,1,3,1,1,2,0,0,0,17,27,4,1,9,12,4,14,0,0,1,0,3,6,4,4,4,4,0,0,0,0,12,16,8,8,14,36,9,6,14,19,4,4,46.4,53.6,R. Donato (CHI),I. Mikheyev (CHI),C. Murphy (CHI)
2026-02-02,2025020882,20252026,2,2026-02-03T01:30:00Z,American Airlines Center,OT,DAL,DAL,WPG,4,3,0,0,2,2,1,1,1,0,6,8,4,2,2,4,0,2,0,0,2,1,1,2,0,1,0,0,28,27,8,8,9,9,9,9,2,1,1,1,2,4,4,3,3,4,0,0,0,0,22,9,6,8,24,28,19,7,14,14,4,3,58.0,42.0,T. Harley (DAL),M. Rantanen (DAL),C. Perfetti (WPG)
2026-02-02,2025020883,20252026,2,2026-02-03T02:00:00Z,Ball Arena,REG,DET,COL,DET,0,2,0,1,0,0,0,1,0,0,4,4,0,2,4,0,0,2,0,0,0,1,2,0,0,1,0,0,21,25,8,8,4,12,9,5,0,0,0,0,2,2,2,2,2,2,0,0,0,1,16,17,14,4,29,27,15,17,16,10,2,5,52.1,47.9,J. Gibson (DET),L. Raymond (DET),M. Kasper (DET)
2026-02-02,2025020884,20252026,2,2026-02-03T02:30:00Z,Delta Center,REG,UTA,UTA,VAN,6,2,2,1,3,1,1,0,0,0,8,4,2,2,2,2,4,0,0,0,1,1,1,1,2,0,0,0,19,24,8,6,7,8,4,10,0,0,1,0,2,3,2,4,4,2,0,0,0,0,15,10,18,14,13,21,9,10,13,19,3,6,57.4,42.6,N. Schmaltz (UTA),J. Marino (UTA),L. Crouse (UTA)
2026-02-02,2025020885,20252026,2,2026-02-03T03:00:00Z,Scotiabank Saddledome,REG,TOR,CGY,TOR,2,4,0,1,2,2,0,1,0,0,2,4,0,0,2,4,0,0,0,0,0,0,1,2,0,0,0,0,30,22,7,3,10,11,13,8,0,0,0,0,1,0,1,0,1,2,0,0,0,1,13,13,2,4,20,14,17,27,18,15,3,7,37.8,62.2,W. Nylander (TOR),N. Kadri (CGY),J. Farabee (CGY)
2026-02-03,2025020887,20252026,2,2026-02-04T00:00:00Z,Prudential Center,REG,CBJ,NJD,CBJ,0,3,0,0,0,0,0,3,0,0,6,8,0,2,2,2,4,4,0,0,0,1,1,1,2,2,0,0,24,25,7,3,10,9,7,14,0,0,0,0,4,0,3,2,3,4,0,0,0,0,14,11,6,8,18,19,11,13,13,11,4,7,46.2,53.8,E. Merzlikins (CBJ),M. Olivier (CBJ),D. Fabbro (CBJ)
2026-02-03,2025020889,20252026,2,2026-02-04T00:00:00Z,Xfinity Mobile Arena,REG,PHI,PHI,WSH,4,2,1,0,1,1,2,1,0,0,2,6,2,0,0,4,0,2,0,0,1,0,0,2,0,1,0,0,22,28,7,11,6,7,9,10,0,0,1,0,3,4,3,1,1,3,0,1,1,0,14,11,2,16,21,27,25,12,21,9,3,4,49.1,50.9,J. Drysdale (PHI),O. Tippett (PHI),A. Beauvillier (WSH)
2026-02-03,2025020890,20252026,2,2026-02-04T00:00:00Z,Lenovo Center,REG,CAR,CAR,OTT,4,3,1,1,2,1,1,1,0,0,6,4,0,2,4,2,2,0,0,0,0,1,2,1,1,0,0,0,19,27,9,11,8,10,2,6,0,0,1,2,2,4,2,3,3,2,0,0,0,0,13,18,6,4,27,20,9,16,11,16,5,7,50.0,50.0,S. Jarvis (CAR),S. Aho (CAR),J. Staal (CAR)
2026-02-03,2025020886,20252026,2,2026-02-04T00:30:00Z,Benchmark International Arena,OT,TBL,TBL,BUF,4,3,1,1,0,0,2,2,1,0,6,4,4,2,0,0,2,2,0,0,2,1,0,0,1,1,0,0,35,26,13,9,10,4,11,8,1,5,1,1,5,8,2,3,3,2,0,0,0,0,12,12,6,4,26,13,10,9,15,22,6,9,50.8,49.2,J. Guentzel (TBL),N. Kucherov (TBL),M. Samuelsson (BUF)
2026-02-03,2025020888,20252026,2,2026-02-04T00:30:00Z,UBS Arena,OT,NYI,NYI,PIT,5,4,2,1,0,2,2,1,1,0,4,4,2,0,2,2,0,2,0,0,1,0,1,1,0,1,0,0,23,35,10,11,5,12,7,12,1,0,0,0,0,4,2,2,2,2,0,0,0,0,12,15,4,4,22,25,12,10,14,17,3,8,55.4,44.6,B. Horvat (NYI),M. Barzal (NYI),R. Pulock (NYI)
2026-02-03,2025020891,20252026,2,2026-02-04T01:30:00Z,Rogers Place,REG,TOR,EDM,TOR,2,5,0,0,1,2,1,3,0,0,6,4,2,4,0,0,4,0,0,0,1,2,0,0,2,0,0,0,36,27,9,8,17,12,10,7,0,0,0,2,1,3,1,2,3,2,0,0,0,1,11,11,21,9,19,13,7,19,13,18,3,4,46.3,53.7,M. Maccelli (TOR),K. Kapanen (EDM),M. Knies (TOR)
2026-02-03,2025020892,20252026,2,2026-02-04T03:00:00Z,Honda Center,REG,ANA,ANA,SEA,4,2,0,0,2,0,2,2,0,0,4,10,0,0,2,4,2,6,0,0,0,0,1,2,1,3,0,0,31,28,11,7,11,10,9,11,0,0,0,0,4,0,3,0,2,5,0,0,0,0,19,15,4,20,16,12,14,20,18,12,5,6,43.3,56.7,J. Trouba (ANA),J. LaCombe (ANA),J. Harkins (ANA)
2026-02-04,2025020893,20252026,2,2026-02-05T00:00:00Z,Amerant Bank Arena,SO,FLA,FLA,BOS,5,4,1,2,3,0,0,2,0,0,20,12,6,8,8,4,6,0,0,0,3,4,4,2,3,0,0,0,26,29,8,9,10,11,5,7,3,2,2,1,6,9,3,7,10,6,1,0,0,0,18,15,25,17,26,24,20,12,16,21,4,4,47.9,52.1,B. Marchand (FLA),A. Lundell (FLA),M. Eyssimont (BOS)
2026-02-04,2025020894,20252026,2,2026-02-05T00:00:00Z,Nationwide Arena,REG,CBJ,CBJ,CHI,4,0,2,0,1,0,1,0,0,0,8,4,0,0,6,0,2,4,0,0,0,0,3,0,1,2,0,0,20,21,8,5,5,9,7,7,0,0,0,0,1,6,1,3,4,2,0,0,1,0,14,22,8,4,12,14,11,12,7,18,6,3,61.5,38.5,J. Greaves (CBJ),Z. Werenski (CBJ),C. Coyle (CBJ)
2026-02-04,2025020895,20252026,2,2026-02-05T00:00:00Z,Canada Life Centre,REG,MTL,WPG,MTL,1,5,1,1,0,2,0,2,0,0,4,8,2,4,0,0,2,4,0,0,1,2,0,0,1,2,0,0,37,27,13,11,13,9,11,7,0,0,1,1,8,4,4,2,2,4,0,1,0,1,25,14,4,8,15,21,16,11,21,11,1,8,45.0,55.0,S. Montembeault (MTL),B. Gallagher (MTL),K. Connor (WPG)
2026-02-04,2025020896,20252026,2,2026-02-05T01:00:00Z,Bridgestone Arena,OT,MIN,NSH,MIN,5,6,3,3,1,1,1,1,0,1,4,6,2,4,0,2,2,0,0,0,1,2,0,1,1,0,0,0,35,43,12,15,15,7,7,19,1,2,2,1,5,1,3,2,2,3,0,0,0,0,12,16,9,11,14,26,17,12,17,16,6,2,59.0,41.0,M. Boldy (MIN),J. Spurgeon (MIN),Q. Hughes (MIN)
2026-02-04,2025020897,20252026,2,2026-02-05T02:00:00Z,Ball Arena,REG,COL,COL,SJS,4,2,0,0,2,0,2,2,0,0,8,8,4,4,2,2,2,2,0,0,2,2,1,1,1,1,0,0,42,25,14,5,17,8,11,12,0,0,0,0,5,1,3,3,4,4,0,0,1,0,15,11,8,8,16,24,6,21,12,23,7,5,60.7,39.3,A. Lehkonen (COL),J. Manson (COL),V. Nichushkin (COL)
2026-02-04,2025020898,20252026,2,2026-02-05T02:00:00Z,Delta Center,REG,UTA,UTA,DET,4,1,2,0,0,0,2,1,0,0,8,6,2,4,4,2,2,0,0,0,1,2,2,1,1,0,0,0,25,30,9,6,9,11,7,13,0,0,1,1,5,6,3,4,4,3,0,0,1,0,15,23,13,11,15,24,15,5,9,12,3,4,48.4,51.6,K. Vejmelka (UTA),N. Schmaltz (UTA),D. Guenther (UTA)
2026-02-04,2025020899,20252026,2,2026-02-05T02:30:00Z,American Airlines Center,REG,DAL,DAL,STL,5,4,1,2,3,0,1,2,0,0,10,8,2,4,6,4,2,0,0,0,1,2,3,2,1,0,0,0,28,18,12,5,13,5,3,8,0,0,1,1,9,3,3,4,5,4,0,0,0,0,9,9,10,8,24,28,18,10,13,18,2,5,53.2,46.8,J. Benn (DAL),J. Robertson (DAL),J. Snuggerud (STL)
2026-02-04,2025020900,20252026,2,2026-02-05T03:00:00Z,Scotiabank Saddledome,REG,CGY,CGY,EDM,4,3,2,1,1,1,1,1,0,0,10,8,4,6,4,2,2,0,0,0,2,3,2,1,1,0,0,0,25,39,10,10,6,15,9,14,0,0,2,2,5,8,3,4,5,4,0,0,0,0,23,7,15,13,19,6,13,11,20,7,5,4,40.0,60.0,M. Weegar (CGY),L. Draisaitl (EDM),D. Cooley (CGY)
2026-02-04,2025020901,20252026,2,2026-02-05T03:00:00Z,T-Mobile Arena,REG,VGK,VGK,VAN,5,2,0,0,3,2,2,0,0,0,2,2,2,2,0,0,0,0,0,0,1,1,0,0,0,0,0,0,31,23,7,8,9,11,15,4,0,0,0,0,4,2,1,1,1,1,0,0,0,0,13,10,2,2,18,21,11,9,20,19,5,5,49.1,50.9,J. Eichel (VGK),I. Barbashev (VGK),A. Schmid (VGK)
2026-02-04,2025020902,20252026,2,2026-02-05T03:00:00Z,Crypto.com Arena,REG,SEA,LAK,SEA,2,4,1,3,1,0,0,1,0,0,16,12,6,4,2,2,8,6,0,0,3,2,1,1,4,3,0,0,27,23,8,11,11,4,8,8,0,0,2,2,7,8,4,6,8,6,0,0,0,0,17,9,16,12,18,17,15,17,12,14,4,5,56.9,43.1,S. Wright (SEA),A. Kuzmenko (LAK),F. Gaudreau (SEA)
2026-02-05,2025020903,20252026,2,2026-02-06T00:00:00Z,KeyBank Center,REG,PIT,BUF,PIT,2,5,1,2,0,1,1,2,0,0,6,10,0,4,2,2,4,4,0,0,0,2,1,1,2,2,0,0,27,32,8,10,9,7,10,15,0,0,1,0,5,6,5,3,3,5,0,1,0,1,22,11,11,15,16,20,10,8,15,17,4,6,54.5,45.5,A. Hayes (PIT),B. Kindel (PIT),T. Thompson (BUF)
2026-02-05,2025020905,20252026,2,2026-02-06T00:00:00Z,Prudential Center,REG,NYI,NJD,NYI,1,3,0,0,1,1,0,2,0,0,2,2,2,0,0,2,0,0,0,0,1,0,0,1,0,0,0,0,24,14,5,2,13,5,6,7,0,0,0,0,4,0,1,1,1,1,0,0,0,1,15,14,2,2,13,25,14,12,23,16,5,5,32.7,67.3,B. Horvat (NYI),N. Hischier (NJD),I. Sorokin (NYI)
2026-02-05,2025020906,20252026,2,2026-02-06T00:00:00Z,Madison Square Garden,REG,CAR,NYR,CAR,0,2,0,1,0,0,0,1,0,0,6,4,0,4,6,0,0,0,0,0,0,2,3,0,0,0,0,0,16,43,6,10,4,19,6,14,0,0,0,0,3,6,2,3,3,2,0,0,0,1,10,20,6,4,27,11,21,10,15,18,4,5,41.3,58.7,J. Quick (NYR),B. Bussi (CAR),A. Svechnikov (CAR)
2026-02-05,2025020907,20252026,2,2026-02-06T00:00:00Z,Xfinity Mobile Arena,OT,OTT,PHI,OTT,1,2,0,0,0,1,1,0,0,1,2,2,0,2,2,0,0,0,0,0,0,1,1,0,0,0,0,0,16,27,2,8,6,13,7,5,1,1,0,0,0,1,1,1,1,1,0,0,0,0,21,11,2,2,23,20,6,18,21,15,3,5,45.7,54.3,T. Stützle (OTT),D. Vladar (PHI),T. Chabot (OTT)
2026-02-05,2025020908,20252026,2,2026-02-06T00:00:00Z,Capital One Arena,REG,WSH,WSH,NSH,4,2,2,0,1,1,1,1,0,0,8,12,2,4,4,4,2,4,0,0,1,2,2,2,1,2,0,0,30,29,12,11,12,10,6,8,0,0,2,0,5,4,6,4,4,6,0,0,0,0,11,14,8,12,26,18,18,8,15,15,3,4,48.1,51.9,J. Chychrun (WSH),L. Thompson (WSH),P. Dubois (WSH)
2026-02-05,2025020904,20252026,2,2026-02-06T00:30:00Z,Benchmark International Arena,REG,TBL,TBL,FLA,6,1,2,0,2,0,2,1,0,0,16,16,8,6,6,6,2,4,0,0,4,3,3,3,1,2,0,0,28,34,7,19,11,9,10,6,0,0,1,1,8,7,4,6,8,8,0,0,0,0,8,13,91,76,34,17,16,5,18,16,5,3,44.6,55.4,A. Vasilevskiy (TBL),P. Holmberg (TBL),B. Hagel (TBL)
2026-02-05,2025020909,20252026,2,2026-02-06T03:00:00Z,T-Mobile Arena,REG,VGK,VGK,LAK,4,1,4,1,0,0,0,0,0,0,10,4,4,2,4,0,2,2,0,0,2,1,2,0,1,1,0,0,22,33,10,11,5,10,7,12,0,0,1,0,2,9,2,5,5,2,0,0,0,0,12,19,15,9,17,18,21,12,18,20,7,7,61.8,38.2,M. Stone (VGK),A. Hill (VGK),J. Eichel (VGK)
2026-02-25,2025020910,20252026,2,2026-02-26T00:00:00Z,Prudential Center,REG,BUF,NJD,BUF,1,2,0,0,0,1,1,1,0,0,6,4,2,2,4,0,0,2,0,0,1,1,2,0,0,1,0,0,28,30,12,9,10,11,6,10,0,0,0,0,6,2,2,3,3,2,0,0,0,0,18,16,11,9,24,21,13,10,17,18,4,4,53.7,46.3,U. Luukkonen (BUF),T. Thompson (BUF),J. Allen (NJD)
2026-02-25,2025020911,20252026,2,2026-02-26T00:00:00Z,Capital One Arena,REG,WSH,WSH,PHI,3,1,0,0,1,0,2,1,0,0,4,2,2,0,0,0,2,2,0,0,1,0,0,0,1,1,0,0,29,24,7,9,13,9,9,6,0,0,0,0,1,0,1,2,2,1,1,0,1,0,16,10,4,2,25,26,14,19,16,13,5,2,52.3,47.7,T. van Riemsdyk (WSH),L. Thompson (WSH),D. Vladar (PHI)
2026-02-25,2025020912,20252026,2,2026-02-26T00:30:00Z,Benchmark International Arena,REG,TBL,TBL,TOR,4,2,0,0,2,0,2,2,0,0,4,8,0,2,2,2,2,4,0,0,0,1,1,1,1,2,0,0,36,34,4,8,20,14,12,12,0,0,0,1,10,6,4,2,2,4,0,0,0,0,23,14,4,8,17,18,11,17,9,15,3,7,45.2,54.8,B. Point (TBL),N. Kucherov (TBL),G. Goncalves (TBL)
2026-02-25,2025020913,20252026,2,2026-02-26T01:00:00Z,American Airlines Center,REG,DAL,DAL,SEA,4,1,1,0,3,0,0,1,0,0,10,8,4,0,0,6,6,2,0,0,2,0,0,3,3,1,0,0,32,19,10,3,16,6,6,10,0,0,1,0,4,4,3,4,5,4,0,0,0,0,19,16,15,13,25,21,11,12,18,20,3,5,57.4,42.6,W. Johnston (DAL),M. Duchene (DAL),T. Harley (DAL)
2026-02-25,2025020914,20252026,2,2026-02-26T02:00:00Z,Delta Center,REG,COL,UTA,COL,2,4,0,0,2,4,0,0,0,0,6,10,0,2,2,4,4,4,0,0,0,1,1,2,2,2,0,0,30,26,8,9,9,14,13,3,0,0,1,1,7,3,5,3,3,5,0,0,0,0,17,13,6,10,21,11,15,17,15,16,4,7,60.6,39.4,M. Necas (COL),D. Guenther (UTA),S. Wedgewood (COL)
2026-02-25,2025020915,20252026,2,2026-02-26T03:00:00Z,Rogers Arena,OT,WPG,VAN,WPG,2,3,1,1,1,1,0,0,0,1,6,2,2,0,4,0,0,2,0,0,1,0,2,0,0,1,0,0,23,28,7,8,4,13,11,3,1,4,0,0,2,5,1,3,3,1,0,0,0,0,12,23,6,2,24,20,21,7,16,16,6,3,49.2,50.8,M. Scheifele (WPG),N. Tolopilo (VAN),E. Comrie (WPG)
2026-02-25,2025020916,20252026,2,2026-02-26T03:00:00Z,Crypto.com Arena,REG,VGK,LAK,VGK,4,6,1,1,1,0,2,5,0,0,4,2,0,2,2,0,2,0,0,0,0,1,1,0,1,0,0,0,19,25,6,8,5,7,8,10,0,0,1,1,2,1,1,2,2,1,0,0,0,1,12,24,19,7,24,26,14,24,13,8,5,3,53.8,46.2,P. Dorofeyev (VGK),C. Sissons (VGK),Q. Byfield (LAK)
2026-02-25,2025020917,20252026,2,2026-02-26T03:30:00Z,Honda Center,REG,ANA,ANA,EDM,6,5,1,2,1,2,4,1,0,0,4,10,2,4,0,4,2,2,0,0,1,2,0,2,1,1,0,0,29,27,10,10,9,8,10,9,0,0,1,1,9,3,5,2,2,5,0,0,0,0,13,20,4,10,23,21,15,11,24,15,8,5,42.1,57.9,L. Carlsson (ANA),C. McDavid (EDM),A. Killorn (ANA)
2026-02-26,2025020918,20252026,2,2026-02-27T00:00:00Z,TD Garden,REG,BOS,BOS,CBJ,4,2,1,1,1,0,2,1,0,0,2,6,2,2,0,2,0,2,0,0,1,1,0,1,0,1,0,0,23,40,10,20,8,9,5,11,0,0,1,0,3,3,3,1,1,3,0,0,1,0,19,15,2,6,20,24,20,11,15,18,8,6,58.8,41.2,J. Korpisalo (BOS),V. Arvidsson (BOS),A. Fantilli (CBJ)
2026-02-26,2025020919,20252026,2,2026-02-27T00:00:00Z,Centre Bell,OT,NYI,MTL,NYI,3,4,1,0,1,2,1,1,0,1,4,6,0,0,4,2,0,4,0,0,0,0,2,1,0,2,0,0,25,26,10,5,8,12,6,8,1,1,2,1,6,3,3,2,2,3,0,0,0,0,11,17,4,6,22,26,20,20,11,15,3,4,51.5,48.5,M. Schaefer (NYI),N. Dobson (MTL),J. Pageau (NYI)
2026-02-26,2025020920,20252026,2,2026-02-27T00:00:00Z,Canadian Tire Centre,OT,DET,OTT,DET,1,2,1,0,0,1,0,0,0,1,8,8,0,4,6,2,2,2,0,0,0,2,3,1,1,1,0,0,27,20,13,4,9,7,5,8,0,1,1,1,2,2,2,2,4,4,0,0,0,0,17,13,23,13,30,18,25,21,15,9,6,4,61.5,38.5,J. Gibson (DET),B. Tkachuk (OTT),D. Larkin (DET)
2026-02-26,2025020921,20252026,2,2026-02-27T00:00:00Z,Amerant Bank Arena,REG,FLA,FLA,TOR,5,1,3,0,0,0,2,1,0,0,8,8,2,2,6,4,0,2,0,0,1,1,3,2,0,1,0,0,37,30,16,7,10,11,11,12,0,0,1,1,4,6,3,3,4,4,1,0,2,0,16,11,8,8,19,21,10,12,14,15,3,4,55.8,44.2,E. Rodrigues (FLA),S. Bobrovsky (FLA),B. Marchand (FLA)
2026-02-26,2025020922,20252026,2,2026-02-27T00:00:00Z,PPG Paints Arena,REG,PIT,PIT,NJD,4,1,1,0,0,1,3,0,0,0,10,6,0,2,8,4,2,0,0,0,0,1,4,2,1,0,0,0,37,30,9,7,14,12,14,11,0,0,1,0,7,7,3,5,5,3,1,0,1,0,12,21,10,6,15,26,20,11,15,18,6,3,40.0,60.0,C. Clifton (PIT),A. Silovs (PIT),E. Chinakhov (PIT)
2026-02-26,2025020923,20252026,2,2026-02-27T00:00:00Z,Lenovo Center,REG,CAR,CAR,TBL,5,4,3,2,1,2,1,0,0,0,4,4,0,0,2,2,2,2,0,0,0,0,1,1,1,1,0,0,33,28,13,11,10,11,10,6,0,0,1,1,6,2,2,2,2,2,0,0,0,0,8,12,4,4,23,15,16,20,20,20,7,6,44.6,55.4,L. Stankoven (CAR),T. Hall (CAR),S. Jarvis (CAR)
2026-02-26,2025020924,20252026,2,2026-02-27T01:00:00Z,Madison Square Garden,OT,PHI,NYR,PHI,2,3,1,0,1,1,0,1,0,1,10,6,0,2,6,2,4,2,0,0,0,1,3,1,2,1,0,0,24,24,9,5,5,10,8,8,2,1,0,1,1,9,3,5,5,3,0,0,0,0,14,8,15,11,23,23,15,11,9,15,4,4,63.3,36.7,M. Michkov (PHI),T. Zegras (PHI),S. Carrick (NYR)
2026-02-26,2025020925,20252026,2,2026-02-27T01:00:00Z,Enterprise Center,REG,STL,STL,SEA,5,1,1,1,2,0,2,0,0,0,6,0,2,0,2,0,2,0,0,0,1,0,1,0,1,0,0,0,32,24,11,10,14,8,7,6,0,0,0,0,0,5,0,3,3,0,0,0,1,0,11,17,6,0,20,13,12,11,15,18,2,2,48.1,51.9,D. Holloway (STL),P. Suter (STL),J. Berggren (STL)
2026-02-26,2025020926,20252026,2,2026-02-27T01:00:00Z,Bridgestone Arena,REG,NSH,NSH,CHI,4,2,1,0,0,1,3,1,0,0,12,4,6,0,0,0,6,4,0,0,3,0,0,0,3,2,0,0,26,23,8,9,12,5,6,9,0,0,1,1,2,10,1,5,6,2,0,0,1,0,9,8,12,4,26,15,12,6,13,15,6,2,43.2,56.8,R. O'Reilly (NSH),F. Forsberg (NSH),M. Wood (NSH)
2026-02-26,2025020927,20252026,2,2026-02-27T02:00:00Z,Ball Arena,REG,MIN,COL,MIN,2,5,0,0,1,2,1,3,0,0,12,6,4,2,8,0,0,4,0,0,2,1,4,0,0,2,0,0,47,36,13,10,14,17,20,9,0,0,0,2,6,13,3,6,6,3,0,1,0,2,20,16,12,6,24,24,12,13,19,16,5,6,65.2,34.8,F. Gustavsson (MIN),M. Boldy (MIN),J. Eriksson Ek (MIN)
2026-02-26,2025020928,20252026,2,2026-02-27T03:00:00Z,SAP Center at San Jose,REG,CGY,SJS,CGY,1,4,0,0,1,1,0,3,0,0,6,6,2,2,4,4,0,0,0,0,1,1,2,2,0,0,0,0,35,29,16,6,12,10,7,13,0,0,0,0,5,3,3,3,3,3,0,0,0,1,10,10,6,6,33,16,7,23,16,21,4,3,49.1,50.9,D. Wolf (CGY),N. Kadri (CGY),C. Zary (CGY)
2026-02-26,2025020929,20252026,2,2026-02-27T03:30:00Z,Crypto.com Arena,REG,EDM,LAK,EDM,1,8,1,2,0,3,0,3,0,0,6,4,0,4,4,0,2,0,0,0,0,2,2,0,1,0,0,0,22,37,9,7,10,16,3,14,0,0,0,2,2,3,2,3,3,2,0,0,0,0,13,12,6,4,21,11,11,14,12,11,3,4,33.3,66.7,L. Draisaitl (EDM),Z. Hyman (EDM),J. Walman (EDM)
2026-02-27,2025020930,20252026,2,2026-02-28T00:00:00Z,Amerant Bank Arena,REG,BUF,FLA,BUF,2,3,0,1,1,0,1,2,0,0,6,8,2,2,2,4,2,2,0,0,1,1,1,2,1,1,0,0,29,39,11,16,11,12,7,11,0,0,1,1,12,4,4,3,3,4,0,0,0,1,18,14,6,8,20,14,16,18,16,15,3,7,62.7,37.3,B. Malenstyn (BUF),A. Lyon (BUF),M. Tkachuk (FLA)
2026-02-27,2025020931,20252026,2,2026-02-28T00:00:00Z,Capital One Arena,REG,WSH,WSH,VGK,3,2,0,0,3,0,0,2,0,0,6,10,2,2,2,4,2,4,0,0,1,1,1,2,1,2,0,0,30,26,10,6,12,7,8,13,0,0,0,1,10,4,5,3,3,5,0,0,0,0,14,21,6,10,17,20,17,12,19,20,4,3,51.9,48.1,P. Dubois (WSH),R. Sandin (WSH),A. Protas (WSH)
2026-02-27,2025020932,20252026,2,2026-02-28T02:00:00Z,Delta Center,REG,UTA,UTA,MIN,5,2,1,0,2,1,2,1,0,0,6,8,2,2,4,2,0,4,0,0,1,1,2,1,0,2,0,0,37,23,15,6,10,8,12,9,0,0,1,1,6,5,3,3,3,4,1,0,0,0,14,14,6,8,12,18,8,19,16,17,6,7,53.7,46.3,C. Keller (UTA),L. Crouse (UTA),K. Vejmelka (UTA)
2026-02-27,2025020933,20252026,2,2026-02-28T03:00:00Z,Honda Center,OT,ANA,ANA,WPG,5,4,0,1,1,1,3,2,1,0,8,4,2,2,4,0,2,2,0,0,1,1,2,0,1,1,0,0,40,33,7,9,17,14,11,7,5,3,1,1,5,4,2,4,4,2,0,0,0,0,22,20,13,9,23,14,15,6,13,13,8,4,47.2,52.8,C. Kreider (ANA),R. Poehling (ANA),B. Sennecke (ANA)
2026-02-28,2025020934,20252026,2,2026-02-28T17:30:00Z,Madison Square Garden,SO,NYR,NYR,PIT,3,2,0,1,1,1,1,0,0,0,6,4,6,2,0,2,0,0,0,0,3,1,0,1,0,0,0,0,25,34,2,10,11,14,10,4,2,6,1,1,1,6,2,3,3,2,0,0,0,0,19,13,16,4,28,15,11,19,16,15,4,6,76.9,23.1,I. Shesterkin (NYR),M. Zibanejad (NYR),T. Raddysh (NYR)
2026-02-28,2025020935,20252026,2,2026-02-28T20:00:00Z,Xfinity Mobile Arena,REG,PHI,PHI,BOS,3,1,0,0,0,0,3,1,0,0,6,4,2,4,4,0,0,0,0,0,1,2,2,0,0,0,0,0,17,27,7,6,3,16,7,5,0,0,0,0,3,7,2,3,3,2,0,0,1,0,12,14,11,9,29,25,14,21,17,10,7,2,46.6,53.4,D. Vladar (PHI),T. Konecny (PHI),C. Dvorak (PHI)
2026-02-28,2025020936,20252026,2,2026-02-28T21:00:00Z,SAP Center at San Jose,REG,SJS,SJS,EDM,5,4,3,1,0,1,2,2,0,0,6,4,4,2,0,2,2,0,0,0,2,1,0,1,1,0,0,0,33,24,14,9,13,7,6,8,0,0,1,1,3,8,2,3,3,2,0,0,0,0,15,14,6,4,22,24,15,10,22,19,6,3,48.3,51.7,S. Mukhamadullin (SJS),C. McDavid (EDM),M. Misa (SJS)
2026-02-28,2025020943,20252026,2,2026-02-28T22:00:00Z,Enterprise Center,REG,NJD,STL,NJD,1,3,0,0,0,2,1,1,0,0,4,6,0,2,4,2,0,2,0,0,0,1,2,1,0,1,0,0,26,33,12,11,6,17,8,5,0,0,0,1,4,2,3,2,2,3,0,0,0,1,14,15,4,6,29,12,11,12,12,19,4,8,49.1,50.9,T. Meier (NJD),J. Markstrom (NJD),P. Buchnevich (STL)
2026-02-28,2025020937,20252026,2,2026-02-28T23:00:00Z,Nationwide Arena,OT,NYI,CBJ,NYI,3,4,1,0,2,3,0,0,0,1,4,0,0,0,4,0,0,0,0,0,0,0,2,0,0,0,0,0,30,27,11,5,16,11,3,10,0,1,0,0,0,1,0,2,2,0,0,0,0,0,14,17,4,0,32,22,20,20,20,9,4,4,43.4,56.6,S. Holmstrom (NYI),Z. Werenski (CBJ),S. Mayfield (NYI)
2026-02-28,2025020938,20252026,2,2026-02-28T23:00:00Z,Ball Arena,REG,COL,COL,CHI,3,1,0,1,1,0,2,0,0,0,10,8,4,2,2,6,4,0,0,0,2,1,1,3,2,0,0,0,35,15,14,4,10,5,11,6,0,0,0,1,7,1,4,5,5,4,0,0,1,0,20,12,10,8,13,20,11,13,18,16,5,4,60.0,40.0,G. Brindley (COL),C. Makar (COL),M. Blackwood (COL)
2026-02-28,2025020939,20252026,2,2026-03-01T00:00:00Z,Scotiabank Arena,REG,OTT,TOR,OTT,2,5,1,1,1,4,0,0,0,0,12,10,2,2,2,0,8,8,0,0,1,1,1,0,4,4,0,0,23,40,2,16,8,15,13,9,0,0,0,1,2,6,2,3,6,5,0,0,0,0,14,19,27,15,24,27,15,6,14,14,5,6,51.0,49.0,D. Cozens (OTT),D. Batherson (OTT),T. Chabot (OTT)
2026-02-28,2025020940,20252026,2,2026-03-01T00:00:00Z,Centre Bell,REG,MTL,MTL,WSH,6,2,2,1,2,0,2,1,0,0,10,8,2,2,2,2,6,4,0,0,1,1,1,1,3,2,0,0,25,29,7,10,9,9,9,10,0,0,0,0,3,6,3,4,5,4,1,0,2,0,13,13,10,8,13,20,12,13,16,15,3,4,50.0,50.0,C. Caufield (MTL),N. Suzuki (MTL),A. Ovechkin (WSH)
2026-02-28,2025020941,20252026,2,2026-03-01T00:00:00Z,Benchmark International Arena,REG,BUF,TBL,BUF,2,6,0,4,1,1,1,1,0,0,18,12,0,2,8,4,10,6,0,0,0,1,4,2,5,3,0,0,38,35,14,10,12,20,12,5,0,0,0,1,4,7,3,5,9,6,0,0,0,0,13,15,28,12,28,16,5,14,11,16,6,2,51.6,48.4,R. Dahlin (BUF),J. Norris (BUF),Z. Metsa (BUF)
2026-02-28,2025020942,20252026,2,2026-03-01T00:00:00Z,Lenovo Center,REG,CAR,CAR,DET,5,2,2,0,1,2,2,0,0,0,4,10,0,2,2,2,2,6,0,0,0,1,1,1,1,3,0,0,36,29,11,6,14,17,11,6,0,0,1,0,6,0,4,1,2,5,0,0,0,0,10,6,4,10,20,26,6,23,20,14,8,2,54.4,45.6,S. Gostisbehere (CAR),T. Hall (CAR),F. Andersen (CAR)
2026-02-28,2025020944,20252026,2,2026-03-01T00:00:00Z,Crypto.com Arena,REG,LAK,LAK,CGY,2,0,0,0,1,0,1,0,0,0,0,0,0,0,0,0,0,0,0,0,0,0,0,0,0,0,0,0,37,29,13,14,15,10,9,5,0,0,0,0,0,0,0,0,0,0,0,0,1,0,19,17,0,0,26,20,20,14,16,10,5,4,52.7,47.3,A. Forsberg (LAK),A. Laferriere (LAK),T. Moore (LAK)
2026-02-28,2025020945,20252026,2,2026-03-01T01:00:00Z,American Airlines Center,OT,DAL,DAL,NSH,3,2,0,2,1,0,1,0,1,0,6,6,2,2,2,4,2,0,0,0,1,1,1,2,1,0,0,0,25,27,6,11,8,4,10,11,1,1,1,1,3,6,3,3,3,3,0,0,0,0,14,7,11,11,20,26,13,16,14,14,2,5,41.8,58.2,J. Robertson (DAL),W. Johnston (DAL),N. Bastian (DAL)
2026-02-28,2025020946,20252026,2,2026-03-01T03:00:00Z,Climate Pledge Arena,REG,SEA,SEA,VAN,5,1,2,0,1,1,2,0,0,0,6,6,0,0,6,2,0,4,0,0,0,0,3,1,0,2,0,0,25,28,10,9,8,9,7,10,0,0,1,0,2,3,2,2,3,3,0,0,1,0,17,18,6,16,18,10,8,9,11,18,2,7,70.8,29.2,J. Eberle (SEA),C. Stephenson (SEA),V. Dunn (SEA)
2026-03-01,2025020947,20252026,2,2026-03-01T18:00:00Z,PPG Paints Arena,REG,PIT,PIT,VGK,5,0,1,0,3,0,1,0,0,0,4,8,0,0,4,6,0,2,0,0,0,0,2,3,0,1,0,0,22,22,6,5,11,7,5,10,0,0,2,0,8,2,4,2,2,4,0,0,0,0,8,13,9,13,19,28,18,14,23,16,6,6,34.6,65.4,B. Kindel (PIT),A. Silovs (PIT),E. Karlsson (PIT)
2026-03-01,2025020949,20252026,2,2026-03-01T21:00:00Z,Delta Center,REG,CHI,UTA,CHI,0,4,0,1,0,2,0,1,0,0,8,6,8,4,0,0,0,2,0,0,4,2,0,0,0,1,0,0,22,28,8,13,10,9,4,6,0,0,0,1,1,6,2,3,4,3,0,1,0,0,16,9,18,6,21,10,10,13,19,12,2,9,66.1,33.9,A. Soderblom (CHI),T. Teravainen (CHI),N. Foligno (CHI)
2026-03-01,2025020950,20252026,2,2026-03-01T21:00:00Z,SAP Center at San Jose,OT,SJS,SJS,WPG,2,1,0,1,0,0,1,0,1,0,6,8,2,4,2,0,2,4,0,0,1,2,1,0,1,2,0,0,33,28,14,8,4,9,14,10,1,1,0,0,5,5,4,3,3,4,0,0,0,0,16,5,6,8,25,20,8,16,12,12,3,7,49.0,51.0,A. Nedeljkovic (SJS),C. Hellebuyck (WPG),M. Misa (SJS)
2026-03-01,2025020951,20252026,2,2026-03-01T22:00:00Z,Grand Casino Arena,REG,STL,MIN,STL,1,3,0,0,1,1,0,2,0,0,2,4,0,2,0,2,2,0,0,0,0,1,0,1,1,0,0,0,23,24,8,7,11,7,4,10,0,0,1,0,4,1,2,1,1,2,0,0,0,1,18,15,2,4,13,19,11,6,19,17,7,4,51.0,49.0,J. Hofer (STL),R. Thomas (STL),K. Kaprizov (MIN)
2026-03-01,2025020948,20252026,2,2026-03-01T23:30:00Z,UBS Arena,REG,NYI,NYI,FLA,5,4,1,2,2,1,2,1,0,0,6,2,2,0,2,2,2,0,0,0,1,0,1,1,1,0,0,0,26,33,7,8,6,8,13,17,0,0,0,1,0,4,1,3,3,1,0,0,0,0,13,27,6,2,25,23,17,13,15,12,6,5,49.2,50.8,M. Schaefer (NYI),A. Lee (NYI),S. Bennett (FLA)
2026-03-01,2025020952,20252026,2,2026-03-02T01:00:00Z,Honda Center,SO,ANA,ANA,CGY,3,2,0,1,1,1,1,0,0,0,6,8,4,2,2,2,0,4,0,2,2,1,1,1,0,2,0,1,36,34,14,14,11,13,9,6,2,1,1,1,10,7,4,3,3,4,0,0,0,0,19,26,6,10,25,14,15,22,22,16,7,5,51.3,48.7,C. Gauthier (ANA),L. Carlsson (ANA),L. Dostal (ANA)
2026-03-02,2025020955,20252026,2,2026-03-02T19:00:00Z,Bridgestone Arena,REG,DET,NSH,DET,2,4,1,1,1,2,0,1,0,0,4,6,0,2,2,2,2,2,0,0,0,1,1,1,1,1,0,0,30,31,11,11,6,14,13,6,0,0,1,0,5,2,3,2,2,3,0,1,0,1,21,14,4,6,18,14,8,19,11,16,2,5,51.6,48.4,M. Kasper (DET),J. Saros (NSH),A. Johansson (DET)
2026-03-02,2025020953,20252026,2,2026-03-03T00:00:00Z,Madison Square Garden,OT,CBJ,NYR,CBJ,4,5,0,2,0,2,4,0,0,1,2,2,2,0,0,2,0,0,0,0,1,0,0,1,0,0,0,0,33,29,4,10,12,9,17,9,0,1,0,1,0,1,1,1,1,1,0,1,0,0,12,9,2,2,27,15,13,21,11,13,6,3,51.5,48.5,K. Marchenko (CBJ),G. Perreault (NYR),C. Coyle (CBJ)
2026-03-02,2025020954,20252026,2,2026-03-03T00:30:00Z,Scotiabank Arena,SO,PHI,TOR,PHI,2,3,1,1,0,0,1,1,0,0,6,6,6,2,0,0,0,4,0,0,3,1,0,0,0,2,0,0,31,25,7,14,11,4,9,5,4,2,1,1,7,7,3,3,3,3,0,0,0,0,12,10,6,6,26,19,16,14,13,17,4,8,59.3,40.7,N. Cates (PHI),W. Nylander (TOR),T. Zegras (PHI)
2026-03-02,2025020956,20252026,2,2026-03-03T03:00:00Z,Rogers Arena,REG,DAL,VAN,DAL,1,6,1,1,0,2,0,3,0,0,4,4,0,2,2,0,2,2,0,0,0,1,1,0,1,1,0,0,14,37,7,6,4,16,3,15,0,0,0,1,2,3,2,2,2,2,0,0,0,0,7,16,4,4,19,19,14,8,21,14,3,4,50.0,50.0,L. Bichsel (DAL),J. Robertson (DAL),M. Duchene (DAL)
2026-03-02,2025020957,20252026,2,2026-03-03T03:00:00Z,Climate Pledge Arena,REG,SEA,SEA,CAR,2,1,0,0,2,1,0,0,0,0,2,6,0,2,0,4,2,0,0,0,0,1,0,2,1,0,0,0,15,36,7,13,6,14,2,9,0,0,0,0,2,3,3,1,1,3,0,0,0,0,9,21,2,6,31,13,22,6,17,20,6,5,52.0,48.0,J. Daccord (SEA),A. Larsson (SEA),K. Kakko (SEA)
2026-03-02,2025020958,20252026,2,2026-03-03T03:30:00Z,Crypto.com Arena,REG,COL,LAK,COL,2,4,1,2,1,0,0,2,0,0,4,4,0,2,2,2,2,0,0,0,0,1,1,1,1,0,0,0,21,39,8,9,5,14,8,16,0,0,1,1,1,0,1,1,2,2,0,0,0,1,14,16,4,4,36,13,23,11,13,23,5,2,46.4,53.6,A. Forsberg (LAK),N. MacKinnon (COL),D. Toews (COL)
2026-03-03,2025020959,20252026,2,2026-03-04T00:00:00Z,TD Garden,REG,BOS,BOS,PIT,2,1,2,1,0,0,0,0,0,0,8,6,4,2,2,4,2,0,0,0,2,1,1,2,1,0,0,0,28,35,12,7,11,15,5,13,0,0,0,0,2,8,3,4,4,3,0,0,0,0,19,20,8,6,23,24,12,23,17,12,4,4,66.7,33.3,J. Swayman (BOS),S. Skinner (PIT),C. McAvoy (BOS)
2026-03-03,2025020960,20252026,2,2026-03-04T00:00:00Z,KeyBank Center,REG,BUF,BUF,VGK,3,2,1,0,2,2,0,0,0,0,2,2,2,0,0,0,0,2,0,0,1,0,0,0,0,1,0,0,28,29,11,7,12,16,5,6,0,0,0,0,1,1,1,1,1,1,0,0,0,0,18,19,2,2,15,28,10,10,15,14,9,5,55.7,44.3,T. Thompson (BUF),A. Lyon (BUF),R. Dahlin (BUF)
2026-03-03,2025020961,20252026,2,2026-03-04T00:00:00Z,Prudential Center,REG,NJD,NJD,FLA,5,1,1,1,2,0,2,0,0,0,10,10,10,4,0,6,0,0,0,0,5,2,0,3,0,0,0,0,33,21,10,12,11,7,12,2,0,0,0,0,3,2,2,3,5,5,0,0,2,0,13,11,10,10,17,33,10,9,13,14,6,4,66.1,33.9,D. Hamilton (NJD),J. Markstrom (NJD),A. Gritsyuk (NJD)
2026-03-03,2025020962,20252026,2,2026-03-04T00:00:00Z,Capital One Arena,REG,UTA,WSH,UTA,2,3,1,2,0,1,1,0,0,0,4,4,2,2,2,0,0,2,0,0,1,1,1,0,0,1,0,0,25,23,6,9,7,8,12,6,0,0,2,2,4,2,2,2,2,2,0,0,0,0,14,17,4,4,28,15,36,15,21,10,5,5,54.2,45.8,D. Guenther (UTA),C. Keller (UTA),R. Leonard (WSH)
2026-03-03,2025020963,20252026,2,2026-03-04T00:00:00Z,Nationwide Arena,REG,CBJ,CBJ,NSH,3,2,1,1,0,1,2,0,0,0,4,8,2,2,0,2,2,4,0,0,1,1,0,1,1,2,0,0,27,25,9,10,10,8,8,7,0,0,0,1,5,7,4,2,2,4,1,0,0,0,25,12,4,8,14,12,16,16,12,15,4,6,50.0,50.0,S. Monahan (CBJ),C. Coyle (CBJ),A. Fantilli (CBJ)
2026-03-03,2025020964,20252026,2,2026-03-04T01:00:00Z,Canada Life Centre,OT,WPG,WPG,CHI,3,2,1,1,0,0,1,1,1,0,6,4,6,2,0,0,0,2,0,0,3,1,0,0,0,1,0,0,32,19,6,4,7,10,17,5,2,0,0,1,1,1,2,3,3,2,0,0,0,0,10,11,6,4,28,19,11,18,10,14,4,3,43.1,56.9,M. Scheifele (WPG),R. Greene (CHI),C. Perfetti (WPG)
2026-03-03,2025020965,20252026,2,2026-03-04T02:00:00Z,Scotiabank Saddledome,REG,DAL,CGY,DAL,1,6,1,2,0,4,0,0,0,0,12,8,2,2,8,4,2,2,0,0,1,1,4,2,1,1,0,0,21,35,9,11,5,11,7,13,0,0,0,1,2,4,3,5,6,4,0,0,0,0,13,9,12,8,18,16,20,11,22,16,5,5,40.0,60.0,M. Duchene (DAL),S. Steel (DAL),W. Johnston (DAL)
2026-03-03,2025020966,20252026,2,2026-03-04T02:00:00Z,Rogers Place,OT,EDM,EDM,OTT,5,4,2,2,0,2,2,0,1,0,6,4,6,0,0,2,0,2,0,2,3,0,0,1,0,1,0,1,37,21,10,8,15,10,9,3,3,0,1,1,3,3,2,3,3,2,0,0,0,0,21,12,11,11,24,14,14,9,21,15,3,5,68.3,31.7,L. Draisaitl (EDM),T. Stützle (OTT),E. Bouchard (EDM)
2026-03-03,2025020967,20252026,2,2026-03-04T02:30:00Z,Grand Casino Arena,REG,MIN,MIN,TBL,5,1,1,0,2,1,2,0,0,0,8,10,2,2,4,6,2,2,0,0,1,1,2,3,1,1,0,0,22,25,5,12,7,6,10,7,0,0,1,0,3,4,5,3,4,5,0,0,1,0,14,12,8,20,22,25,15,13,11,9,4,3,51.9,48.1,K. Kaprizov (MIN),Q. Hughes (MIN),B. Faber (MIN)
2026-03-03,2025020968,20252026,2,2026-03-04T03:00:00Z,Honda Center,REG,COL,ANA,COL,1,5,0,2,1,1,0,2,0,0,6,6,4,4,2,2,0,0,0,0,2,2,1,1,0,0,0,0,28,26,8,7,8,10,12,9,0,0,0,1,4,3,3,3,3,3,0,0,0,0,16,15,6,6,24,16,10,11,17,12,3,5,49.0,51.0,P. Kelly (COL),N. MacKinnon (COL),C. Gauthier (ANA)
2026-03-03,2025020969,20252026,2,2026-03-04T03:00:00Z,SAP Center at San Jose,REG,SJS,SJS,MTL,7,5,1,1,3,1,3,3,0,0,14,12,0,2,6,2,8,8,0,0,0,1,3,1,4,4,0,0,28,36,8,8,9,10,11,18,0,0,2,2,9,9,4,5,7,6,0,0,1,0,9,21,14,12,21,20,9,18,17,13,6,4,45.3,54.7,M. Celebrini (SJS),W. Smith (SJS),K. Sherwood (SJS)
2026-03-04,2025020970,20252026,2,2026-03-05T00:00:00Z,Little Caesars Arena,OT,VGK,DET,VGK,3,4,3,1,0,0,0,2,0,1,2,8,0,2,2,4,0,2,2,0,0,1,1,2,0,1,1,0,26,25,11,7,7,8,7,8,1,2,0,0,7,1,4,1,1,4,0,0,0,0,13,14,4,8,11,19,16,10,13,11,5,4,55.4,44.6,T. Hertl (VGK),M. Marner (VGK),A. DeBrincat (DET)
2026-03-04,2025020971,20252026,2,2026-03-05T00:00:00Z,Prudential Center,SO,NJD,NJD,TOR,4,3,1,1,1,1,1,1,0,0,6,6,2,0,4,6,0,0,0,0,1,0,2,3,0,0,0,0,47,27,14,11,16,9,14,5,3,2,0,1,9,5,3,3,3,3,0,0,0,0,20,12,6,6,10,16,11,13,18,16,7,6,48.0,52.0,J. Bratt (NJD),A. Stolarz (TOR),T. Meier (NJD)
2026-03-04,2025020972,20252026,2,2026-03-05T03:00:00Z,Rogers Arena,REG,CAR,VAN,CAR,4,6,2,1,1,4,1,1,0,0,8,10,2,2,4,8,2,0,0,0,1,1,2,4,1,0,0,0,22,33,7,15,7,10,8,8,0,0,2,2,5,6,4,3,4,5,0,0,0,1,9,16,8,10,30,13,17,11,18,11,2,4,46.7,53.3,N. Ehlers (CAR),F. Hronek (VAN),S. Jarvis (CAR)
2026-03-04,2025020973,20252026,2,2026-03-05T03:00:00Z,Honda Center,REG,ANA,ANA,NYI,5,1,3,1,0,0,2,0,0,0,8,8,2,4,6,2,0,2,0,0,1,2,3,1,0,1,0,0,26,43,12,17,4,13,10,13,0,0,1,1,1,11,4,4,4,4,0,0,1,0,19,19,8,8,28,19,13,16,16,18,6,7,49.2,50.8,V. Husso (ANA),C. Gauthier (ANA),J. Trouba (ANA)
2026-03-04,2025020974,20252026,2,2026-03-05T03:00:00Z,Climate Pledge Arena,REG,STL,SEA,STL,2,3,1,1,0,1,1,1,0,0,4,8,2,2,2,2,0,4,0,0,1,1,1,1,0,2,0,0,36,27,10,14,10,5,16,8,0,0,0,0,10,3,4,2,2,4,0,0,0,0,18,9,4,8,21,18,13,12,13,13,6,4,49.1,50.9,B. Schenn (STL),J. Hofer (STL),V. Dunn (SEA)
2026-03-05,2025020975,20252026,2,2026-03-06T00:00:00Z,Madison Square Garden,REG,NYR,NYR,TOR,6,2,1,1,1,1,4,0,0,0,2,4,2,2,0,2,0,0,0,0,1,1,0,1,0,0,0,0,24,32,4,10,9,12,11,10,0,0,1,0,2,1,2,1,1,2,0,0,1,0,13,13,2,4,22,27,9,24,13,12,5,3,46.4,53.6,A. Lafrenière (NYR),W. Cuylle (NYR),J. Chmelar (NYR)
2026-03-05,2025020976,20252026,2,2026-03-06T00:00:00Z,Xfinity Mobile Arena,REG,UTA,PHI,UTA,0,3,0,0,0,2,0,1,0,0,4,6,0,2,2,0,2,4,0,0,0,1,1,0,1,2,0,0,16,23,4,4,7,14,5,5,0,0,0,1,1,1,3,2,2,3,0,0,0,1,10,17,4,6,29,21,17,18,12,19,4,4,50.0,50.0,D. Guenther (UTA),V. Vanecek (UTA),C. Keller (UTA)
2026-03-05,2025020977,20252026,2,2026-03-06T00:00:00Z,PPG Paints Arena,REG,BUF,PIT,BUF,1,5,1,1,0,3,0,1,0,0,10,12,4,4,4,6,2,2,0,0,2,2,2,3,1,1,0,0,28,26,6,7,12,11,10,8,0,0,0,1,2,10,5,6,5,6,1,2,0,1,13,22,25,12,18,20,11,11,17,13,2,3,40.4,59.6,O. Power (BUF),U. Luukkonen (BUF),B. Rust (PIT)
2026-03-05,2025020978,20252026,2,2026-03-06T00:00:00Z,Nationwide Arena,REG,CBJ,CBJ,FLA,4,2,1,0,1,0,2,2,0,0,8,8,2,2,2,2,4,4,0,0,1,1,1,1,2,2,0,0,28,28,9,8,10,7,9,13,0,0,1,1,6,7,3,3,4,4,0,0,1,0,12,27,8,8,16,19,20,6,13,15,3,3,52.0,48.0,I. Provorov (CBJ),M. Olivier (CBJ),J. Greaves (CBJ)
2026-03-05,2025020979,20252026,2,2026-03-06T01:00:00Z,Bridgestone Arena,REG,NSH,NSH,BOS,6,3,1,0,4,1,1,2,0,0,10,12,6,4,2,4,2,4,0,0,3,2,1,2,1,2,0,0,29,23,8,9,17,6,4,8,0,0,1,1,10,3,5,4,5,6,1,0,1,0,6,17,10,12,23,27,18,15,10,15,6,3,37.7,62.3,M. Wood (NSH),F. Forsberg (NSH),S. Stamkos (NSH)
2026-03-05,2025020980,20252026,2,2026-03-06T01:00:00Z,Canada Life Centre,REG,WPG,WPG,TBL,4,1,0,0,2,0,2,1,0,0,4,4,0,2,2,2,2,0,0,0,0,1,1,1,1,0,0,0,30,27,8,5,14,7,8,15,0,0,0,1,5,3,2,2,2,2,0,0,1,0,14,16,4,4,26,23,15,17,17,17,8,1,55.7,44.3,G. Nyquist (WPG),M. Scheifele (WPG),C. Hellebuyck (WPG)
2026-03-05,2025020981,20252026,2,2026-03-06T02:00:00Z,Scotiabank Saddledome,REG,OTT,CGY,OTT,1,4,1,0,0,1,0,3,0,0,8,6,0,2,2,2,6,2,0,0,0,1,1,1,3,1,0,0,20,37,8,8,7,11,5,18,0,0,0,1,2,6,3,4,4,3,0,1,0,2,11,19,8,6,18,18,17,14,18,13,3,5,43.9,56.1,D. Cooley (CGY),T. Stützle (OTT),D. Cozens (OTT)
2026-03-05,2025020982,20252026,2,2026-03-06T02:30:00Z,Crypto.com Arena,REG,LAK,LAK,NYI,5,3,1,0,2,1,2,2,0,0,6,6,0,2,6,0,0,4,0,0,0,1,3,0,0,2,0,0,35,35,19,5,10,20,6,10,0,0,1,0,5,3,3,3,3,3,0,1,0,0,22,20,6,6,24,20,21,17,10,14,6,4,44.3,55.7,A. Kopitar (LAK),A. Panarin (LAK),M. Anderson (LAK)
2026-03-06,2025020983,20252026,2,2026-03-07T00:00:00Z,Little Caesars Arena,REG,FLA,DET,FLA,1,3,0,1,1,0,0,2,0,0,6,8,0,2,4,4,2,2,0,0,0,1,2,2,1,1,0,0,29,23,8,6,10,4,11,13,0,0,1,1,5,6,4,3,3,4,0,0,0,1,22,12,6,8,11,29,10,17,12,14,5,4,68.0,32.0,M. Tkachuk (FLA),S. Bobrovsky (FLA),A. DeBrincat (DET)
2026-03-06,2025020984,20252026,2,2026-03-07T01:00:00Z,American Airlines Center,SO,COL,DAL,COL,4,5,3,2,1,1,0,1,0,0,10,8,6,2,2,2,2,4,0,0,3,1,1,1,1,2,0,0,21,29,10,11,6,9,3,7,2,2,1,2,3,8,4,5,5,4,0,0,0,0,15,11,10,8,19,24,17,11,14,16,8,2,46.6,53.4,M. Necas (COL),N. MacKinnon (COL),M. Heiskanen (DAL)
2026-03-06,2025020985,20252026,2,2026-03-07T01:30:00Z,United Center,REG,VAN,CHI,VAN,3,6,2,3,1,0,0,3,0,0,10,8,2,4,6,4,2,0,0,0,1,2,3,2,1,0,0,0,23,22,7,7,10,6,6,9,0,0,0,1,2,3,3,4,5,4,0,0,0,2,21,11,10,8,17,20,4,8,13,13,3,6,32.7,67.3,J. DeBrusk (VAN),F. Nazar (CHI),M. Pettersson (VAN)
2026-03-06,2025020986,20252026,2,2026-03-07T02:00:00Z,Rogers Place,REG,CAR,EDM,CAR,3,6,1,2,1,1,1,3,0,0,6,4,2,2,2,0,2,2,0,0,1,1,1,0,1,1,0,0,16,32,3,8,9,18,4,6,0,0,1,0,1,5,2,3,3,2,0,0,0,1,11,17,6,4,27,15,18,9,13,19,2,8,56.4,43.6,K. Miller (CAR),Z. Hyman (EDM),N. Ehlers (CAR)
2026-03-06,2025020987,20252026,2,2026-03-07T02:00:00Z,Honda Center,SO,ANA,ANA,MTL,6,5,2,2,1,0,2,3,0,0,6,4,2,2,4,2,0,0,2,0,1,1,2,1,0,0,1,0,33,28,12,4,13,14,8,6,0,4,1,1,4,4,2,3,3,2,0,0,0,0,12,22,8,4,17,21,12,15,15,17,4,3,45.0,55.0,C. Kreider (ANA),C. Caufield (MTL),J. Trouba (ANA)
2026-03-06,2025020988,20252026,2,2026-03-07T03:00:00Z,T-Mobile Arena,REG,MIN,VGK,MIN,2,4,0,0,0,3,2,1,0,0,6,6,2,0,2,2,2,4,0,0,1,0,1,1,1,2,0,0,31,24,8,6,10,7,13,11,0,0,1,0,1,2,1,1,3,3,0,0,0,0,19,17,16,26,14,22,18,10,13,10,3,4,69.2,30.8,F. Gustavsson (MIN),P. Dorofeyev (VGK),M. McCarron (MIN)
2026-03-06,2025020989,20252026,2,2026-03-07T03:00:00Z,SAP Center at San Jose,OT,STL,SJS,STL,2,3,0,1,1,1,1,0,0,1,4,4,2,2,2,2,0,0,0,0,1,1,1,1,0,0,0,0,25,14,11,3,6,9,8,1,0,1,0,0,1,0,2,2,2,2,0,0,0,0,15,7,14,14,25,19,9,12,23,17,5,5,61.4,38.6,R. Thomas (STL),D. Holloway (STL),K. Sherwood (SJS)
2026-03-07,2025020990,20252026,2,2026-03-07T17:30:00Z,TD Garden,REG,BOS,BOS,WSH,3,1,0,0,1,1,2,0,0,0,6,12,2,4,4,8,0,0,0,0,1,2,2,4,0,0,0,0,30,23,8,7,13,9,9,7,0,0,1,0,11,4,6,3,3,6,0,0,1,0,16,17,6,12,21,18,13,20,19,13,3,5,47.2,52.8,J. Swayman (BOS),V. Arvidsson (BOS),C. McAvoy (BOS)
2026-03-07,2025020991,20252026,2,2026-03-07T20:00:00Z,Prudential Center,REG,NJD,NJD,NYR,6,3,2,2,1,1,3,0,0,0,10,8,2,2,2,2,6,4,0,0,1,1,1,1,3,2,0,0,35,20,6,8,14,5,15,7,0,0,3,0,7,4,3,4,5,4,0,0,1,0,19,13,10,8,9,23,12,11,13,22,2,5,45.2,54.8,J. Hughes (NJD),J. Bratt (NJD),N. Hischier (NJD)
2026-03-07,2025020992,20252026,2,2026-03-07T22:30:00Z,KeyBank Center,REG,BUF,BUF,NSH,3,2,0,0,2,1,1,1,0,0,8,6,2,4,2,0,4,2,0,0,1,2,1,0,2,1,0,0,24,25,2,6,13,12,9,7,0,0,0,1,1,8,2,3,4,3,0,0,0,0,19,15,8,6,20,15,17,11,14,15,5,8,38.7,61.3,A. Lyon (BUF),J. Doan (BUF),T. Thompson (BUF)
2026-03-07,2025020993,20252026,2,2026-03-07T22:30:00Z,PPG Paints Arena,SO,PHI,PIT,PHI,3,4,1,1,2,2,0,0,0,0,4,10,2,6,2,0,0,4,0,2,1,3,1,0,0,2,0,1,23,16,8,2,7,8,4,5,4,1,1,0,2,0,5,2,2,5,0,0,0,0,20,16,9,17,19,26,5,15,14,12,6,4,44.9,55.1,A. Bump (PHI),R. Rakell (PIT),D. Barkey (PHI)
2026-03-07,2025020994,20252026,2,2026-03-08T00:00:00Z,Scotiabank Arena,REG,TBL,TOR,TBL,2,5,1,4,0,0,1,1,0,0,8,6,2,4,4,2,2,0,0,0,1,2,2,1,1,0,0,0,29,33,11,12,8,7,10,14,0,0,0,1,3,4,3,4,4,3,0,0,0,1,6,11,13,11,22,26,11,11,15,12,4,5,58.5,41.5,N. Kucherov (TBL),J. Guentzel (TBL),M. Maccelli (TOR)
2026-03-07,2025020995,20252026,2,2026-03-08T00:00:00Z,Nationwide Arena,OT,UTA,CBJ,UTA,4,5,1,1,1,1,2,2,0,1,4,6,0,0,0,2,4,4,0,0,0,0,0,1,2,2,0,0,31,25,6,11,11,5,13,8,1,1,0,0,2,2,2,1,2,3,0,0,0,0,16,15,34,16,25,13,11,25,20,19,5,7,52.6,47.4,L. Cooley (UTA),M. Marchment (CBJ),A. Fantilli (CBJ)
2026-03-07,2025020996,20252026,2,2026-03-08T00:00:00Z,Canada Life Centre,OT,WPG,WPG,VAN,3,2,0,1,1,0,1,1,1,0,0,4,0,0,0,2,0,2,0,0,0,0,0,1,0,1,0,0,36,23,10,5,15,6,9,10,2,2,1,0,1,0,2,0,0,2,0,0,0,0,18,10,0,4,15,25,5,17,16,24,3,3,56.5,43.5,M. Scheifele (WPG),L. Karlsson (VAN),J. Toews (WPG)
2026-03-07,2025020997,20252026,2,2026-03-08T00:00:00Z,Crypto.com Arena,REG,MTL,LAK,MTL,3,4,1,0,1,2,1,2,0,0,2,6,0,6,0,0,2,0,0,0,0,3,0,0,1,0,0,0,39,23,16,1,10,11,13,11,0,0,0,1,9,1,3,1,1,3,0,0,0,0,30,8,2,6,32,21,13,16,13,10,8,3,48.9,51.1,J. Slafkovský (MTL),N. Suzuki (MTL),B. Clarke (LAK)
2026-03-07,2025020998,20252026,2,2026-03-08T03:00:00Z,Scotiabank Saddledome,REG,CGY,CGY,CAR,5,4,0,1,3,0,2,3,0,0,6,8,2,2,2,6,2,0,0,0,1,1,1,3,1,0,0,0,25,29,6,9,13,7,6,13,0,0,1,1,3,1,3,2,3,4,0,0,0,0,8,18,6,8,26,20,10,12,13,22,6,7,47.5,52.5,J. Farabee (CGY),M. Frost (CGY),R. Strome (CGY)
2026-03-07,2025020999,20252026,2,2026-03-08T03:00:00Z,SAP Center at San Jose,OT,NYI,SJS,NYI,1,2,0,1,1,0,0,0,0,1,6,4,0,2,2,0,4,2,0,0,0,1,1,0,2,1,0,0,31,34,8,8,10,10,9,14,4,2,0,0,2,2,2,3,3,2,0,0,0,0,12,13,6,4,27,28,21,12,15,15,3,6,44.8,55.2,B. Horvat (NYI),I. Sorokin (NYI),Y. Askarov (SJS)
2026-03-07,2025021000,20252026,2,2026-03-08T03:00:00Z,Climate Pledge Arena,REG,OTT,SEA,OTT,4,7,1,2,1,2,2,3,0,0,6,8,2,2,2,0,2,6,0,0,1,1,1,0,1,3,0,0,21,37,5,13,6,13,10,11,0,0,1,0,4,2,4,2,3,4,0,0,0,0,13,16,6,23,28,26,18,8,16,10,6,5,41.3,58.7,S. Pinto (OTT),M. Amadio (OTT),T. Chabot (OTT)
2026-03-08,2025021001,20252026,2,2026-03-08T18:00:00Z,Ball Arena,SO,COL,COL,MIN,3,2,0,0,1,0,1,2,0,0,6,10,0,4,2,2,4,4,2,0,0,2,1,1,2,2,1,0,36,34,14,9,12,15,8,9,2,1,0,1,10,5,5,3,3,5,0,1,0,0,19,14,8,10,20,25,14,21,9,19,5,4,44.0,56.0,S. Wedgewood (COL),J. Wallstedt (MIN),N. MacKinnon (COL)
2026-03-08,2025021002,20252026,2,2026-03-08T20:30:00Z,PPG Paints Arena,OT,PIT,PIT,BOS,5,4,0,1,1,2,3,1,1,0,8,6,2,0,4,6,2,0,0,0,1,0,2,3,1,0,0,0,40,28,9,9,16,8,14,11,1,0,1,1,1,8,2,3,4,3,0,0,0,0,17,13,8,6,24,17,13,16,19,16,7,5,50.0,50.0,A. Mantha (PIT),P. Zacha (BOS),T. Novak (PIT)
2026-03-08,2025021003,20252026,2,2026-03-08T22:00:00Z,KeyBank Center,REG,BUF,BUF,TBL,8,7,1,0,3,4,4,3,0,0,10,22,8,12,2,6,0,4,0,0,4,6,1,3,0,2,0,0,42,28,10,6,15,10,17,12,0,0,4,1,10,3,7,2,5,11,1,0,0,0,11,16,45,57,27,40,15,6,17,11,5,2,50.0,50.0,J. Doan (BUF),J. Zucker (BUF),T. Thompson (BUF)
2026-03-08,2025021004,20252026,2,2026-03-08T22:00:00Z,American Airlines Center,OT,DAL,DAL,CHI,4,3,1,2,0,0,2,1,1,0,2,6,0,2,0,2,2,2,0,0,0,1,0,1,1,1,0,0,31,19,13,6,9,4,8,9,1,0,1,0,8,4,3,1,1,3,0,0,0,0,11,10,2,6,27,10,8,22,13,19,5,6,69.0,31.0,M. Heiskanen (DAL),M. Bourque (DAL),C. Bedard (CHI)
2026-03-08,2025021005,20252026,2,2026-03-08T23:00:00Z,Prudential Center,REG,DET,NJD,DET,0,3,0,1,0,1,0,1,0,0,12,6,4,2,6,4,2,0,0,0,2,1,3,2,1,0,0,0,31,30,12,9,9,9,10,12,0,0,0,1,3,5,2,5,6,3,0,0,0,0,14,14,12,6,19,17,6,15,12,18,4,6,53.6,46.4,M. Seider (DET),J. van Riemsdyk (DET),P. Kane (DET)
2026-03-08,2025021006,20252026,2,2026-03-09T01:00:00Z,Honda Center,REG,STL,ANA,STL,0,4,0,0,0,3,0,1,0,0,4,12,2,6,2,4,0,2,0,0,1,3,1,2,0,1,0,0,22,35,7,13,8,13,7,9,0,0,0,1,2,3,5,3,2,6,0,0,0,1,20,18,14,27,20,8,16,14,18,16,5,2,57.7,42.3,J. Hofer (STL),J. Snuggerud (STL),J. LaCombe (ANA)
2026-03-08,2025021007,20252026,2,2026-03-09T01:30:00Z,T-Mobile Arena,REG,EDM,VGK,EDM,2,4,0,0,1,1,1,3,0,0,6,8,0,2,2,2,4,4,0,0,0,1,1,1,2,2,0,0,26,19,7,7,11,4,8,8,0,0,0,0,2,2,2,2,3,4,1,0,0,1,19,15,6,8,15,26,11,19,12,12,4,5,50.0,50.0,L. Draisaitl (EDM),M. Marner (VGK),C. McDavid (EDM)
2026-03-09,2025020828,20252026,2,2026-03-09T20:00:00Z,Nationwide Arena,OT,LAK,CBJ,LAK,4,5,1,2,2,1,1,1,0,1,6,8,0,4,4,2,2,2,0,0,0,2,2,1,1,1,0,0,32,31,17,7,6,13,9,9,0,2,1,0,11,4,4,3,3,4,0,0,0,0,10,17,6,8,12,25,18,13,15,18,4,4,34.3,65.7,B. Dumoulin (LAK),C. Garland (CBJ),A. Kempe (LAK)
2026-03-09,2025021008,20252026,2,2026-03-09T23:00:00Z,Xfinity Mobile Arena,REG,NYR,PHI,NYR,2,6,0,3,1,3,1,0,0,0,8,6,4,2,4,2,0,2,0,0,2,1,2,1,0,1,0,0,34,27,8,12,13,12,13,3,0,0,1,3,4,8,3,4,4,3,0,0,0,0,14,7,8,6,32,17,11,8,10,12,3,4,54.5,45.5,M. Zibanejad (NYR),A. Lafrenière (NYR),V. Trocheck (NYR)
2026-03-09,2025021009,20252026,2,2026-03-09T23:00:00Z,Capital One Arena,REG,WSH,WSH,CGY,7,3,3,0,0,3,4,0,0,0,0,6,0,2,0,2,0,2,0,0,0,1,0,1,0,1,0,0,29,26,8,7,8,14,13,5,0,0,1,0,4,0,3,0,0,3,0,2,1,0,15,19,0,6,20,15,22,13,19,16,7,5,56.6,43.4,C. McMichael (WSH),H. Lapierre (WSH),B. Coleman (CGY)
2026-03-09,2025021010,20252026,2,2026-03-10T00:30:00Z,United Center,OT,CHI,CHI,UTA,3,2,1,2,1,0,0,0,1,0,4,6,0,2,2,4,2,0,0,2,0,1,1,2,1,0,0,1,26,25,8,6,11,9,6,8,1,2,0,0,2,0,3,2,2,3,0,0,0,0,17,12,4,8,20,24,14,10,11,16,7,5,52.9,47.1,F. Nazar (CHI),A. Burakovsky (CHI),A. Mangiapane (CHI)
2026-03-09,2025021011,20252026,2,2026-03-10T01:00:00Z,Rogers Arena,REG,OTT,VAN,OTT,0,2,0,0,0,1,0,1,0,0,8,6,2,0,4,2,2,4,0,0,1,0,2,1,1,2,0,0,16,24,4,8,9,9,3,7,0,0,0,0,0,4,3,4,4,3,0,0,0,1,12,14,8,6,28,22,9,9,12,11,9,2,56.1,43.9,J. Reimer (OTT),K. Lankinen (VAN),R. Greig (OTT)
2026-03-10,2025021012,20252026,2,2026-03-10T23:00:00Z,TD Garden,OT,BOS,BOS,LAK,2,1,0,0,0,0,1,1,1,0,4,8,2,2,2,4,0,2,0,0,1,1,1,2,0,1,0,0,23,16,3,5,9,3,10,8,1,0,0,0,3,0,4,2,2,4,0,0,0,0,21,31,9,13,21,22,13,17,16,12,4,5,55.1,44.9,C. McAvoy (BOS),J. Swayman (BOS),D. Kuemper (LAK)
2026-03-10,2025021013,20252026,2,2026-03-10T23:00:00Z,KeyBank Center,REG,BUF,BUF,SJS,6,3,2,1,2,1,2,1,0,0,8,4,0,2,4,2,4,0,0,0,0,1,2,1,2,0,0,0,26,20,8,5,12,8,6,7,0,0,0,1,0,5,1,3,4,2,0,0,1,0,13,17,18,24,21,23,14,16,14,17,7,4,50.9,49.1,J. Quinn (BUF),J. Zucker (BUF),B. Malenstyn (BUF)
2026-03-10,2025021014,20252026,2,2026-03-10T23:00:00Z,Centre Bell,REG,MTL,MTL,TOR,3,1,2,0,0,1,1,0,0,0,6,6,2,2,4,0,0,4,0,0,1,1,2,0,0,2,0,0,33,18,18,5,6,11,9,2,0,0,0,0,2,1,2,2,3,3,0,0,1,0,19,11,11,11,20,23,18,15,11,12,8,3,49.1,50.9,J. Evans (MTL),O. Kapanen (MTL),J. Dobes (MTL)
2026-03-10,2025021015,20252026,2,2026-03-10T23:00:00Z,Benchmark International Arena,REG,CBJ,TBL,CBJ,2,5,1,0,1,3,0,2,0,0,10,8,6,4,2,4,2,0,0,0,3,2,1,2,1,0,0,0,18,32,4,9,8,13,6,10,0,0,0,2,5,5,3,4,5,4,0,0,0,1,11,12,15,13,29,21,8,15,11,17,2,9,56.4,43.6,C. Garland (CBJ),Z. Werenski (CBJ),J. Moser (TBL)
2026-03-10,2025021016,20252026,2,2026-03-10T23:00:00Z,Amerant Bank Arena,REG,FLA,FLA,DET,4,3,1,0,0,2,3,1,0,0,4,6,2,0,2,6,0,0,0,0,1,0,1,3,0,0,0,0,28,28,6,11,9,12,13,5,0,0,0,0,5,3,3,2,2,3,0,0,0,0,17,16,4,6,31,16,10,18,14,15,6,4,48.3,51.7,C. Verhaeghe (FLA),V. Hinostroza (FLA),J. Faulk (DET)
2026-03-10,2025021017,20252026,2,2026-03-10T23:00:00Z,Madison Square Garden,REG,NYR,NYR,CGY,4,0,1,0,2,0,1,0,0,0,4,6,0,6,2,0,2,0,0,0,0,3,1,0,1,0,0,0,29,21,9,9,12,9,8,3,0,0,1,0,2,3,3,2,2,3,0,0,0,0,16,16,4,6,23,25,16,9,14,21,6,4,50.0,50.0,A. Lafrenière (NYR),J. Quick (NYR),G. Perreault (NYR)
2026-03-10,2025021018,20252026,2,2026-03-10T23:00:00Z,Lenovo Center,SO,CAR,CAR,PIT,5,4,1,1,0,1,3,2,0,0,10,12,2,2,8,4,0,6,2,0,1,1,4,2,0,3,1,0,44,28,13,9,12,10,16,8,3,1,1,1,9,6,5,4,5,6,0,0,0,0,21,20,12,12,28,16,14,20,16,20,7,3,46.3,53.7,A. Nikishin (CAR),S. Jarvis (CAR),L. Stankoven (CAR)
2026-03-10,2025021019,20252026,2,2026-03-10T23:30:00Z,Enterprise Center,OT,NYI,STL,NYI,3,4,1,0,2,1,0,2,0,1,8,4,4,0,0,4,4,0,0,0,2,0,0,2,2,0,0,0,23,49,5,17,9,12,8,17,1,3,0,2,4,11,2,4,4,2,0,0,0,0,10,12,8,4,21,25,12,12,13,12,5,4,48.9,51.1,C. Ritchie (NYI),J. Snuggerud (STL),M. Barzal (NYI)
2026-03-10,2025021020,20252026,2,2026-03-11T00:00:00Z,American Airlines Center,REG,DAL,DAL,VGK,2,1,0,0,2,1,0,0,0,0,6,10,0,2,4,6,2,2,0,0,0,1,2,3,1,1,0,0,16,27,3,4,9,14,4,9,0,0,1,0,3,4,5,3,3,5,0,0,0,0,13,10,6,10,25,32,17,10,11,14,2,2,55.6,44.4,J. Oettinger (DAL),J. Benn (DAL),C. Blackwell (DAL)
2026-03-10,2025021021,20252026,2,2026-03-11T00:00:00Z,Grand Casino Arena,REG,MIN,MIN,UTA,5,0,1,0,1,0,3,0,0,0,6,8,2,6,2,0,2,2,0,0,1,3,1,0,1,1,0,0,30,25,7,7,12,10,11,8,0,0,0,0,6,5,4,3,3,4,0,0,0,0,21,17,11,13,22,14,12,16,16,21,8,3,55.0,45.0,B. Faber (MIN),M. Boldy (MIN),V. Tarasenko (MIN)
2026-03-10,2025021022,20252026,2,2026-03-11T00:30:00Z,Canada Life Centre,REG,ANA,WPG,ANA,1,4,0,0,1,3,0,1,0,0,4,6,0,2,2,0,2,4,0,0,0,1,1,0,1,2,0,0,13,35,2,8,5,20,6,7,0,0,0,0,2,3,3,2,2,3,0,0,0,1,16,13,4,6,15,15,12,11,12,13,3,4,56.9,43.1,A. Killorn (ANA),R. Poehling (ANA),M. Barron (WPG)
2026-03-10,2025021023,20252026,2,2026-03-11T02:00:00Z,Ball Arena,REG,EDM,COL,EDM,3,4,2,2,0,1,1,1,0,0,6,6,2,2,2,2,2,2,0,0,1,1,1,1,1,1,0,0,30,24,12,7,8,10,10,7,0,0,1,2,8,6,3,4,3,3,0,0,0,0,15,13,26,11,11,22,8,22,15,21,4,6,50.0,50.0,C. McDavid (EDM),R. Nugent-Hopkins (EDM),L. Draisaitl (EDM)
2026-03-10,2025021024,20252026,2,2026-03-11T02:00:00Z,Climate Pledge Arena,REG,NSH,SEA,NSH,2,4,2,0,0,3,0,1,0,0,2,2,0,0,0,0,2,2,0,0,0,0,0,0,1,1,0,0,45,27,19,7,16,11,10,9,0,0,0,0,5,1,1,1,1,1,0,0,0,1,15,16,7,7,23,13,18,8,14,13,7,5,49.3,50.7,R. Ufko (NSH),M. Beniers (SEA),J. Saros (NSH)
2026-03-11,2025021025,20252026,2,2026-03-11T23:30:00Z,Canadian Tire Centre,REG,MTL,OTT,MTL,2,3,2,1,0,1,0,1,0,0,6,8,2,4,2,2,2,2,0,0,1,2,1,1,1,1,0,0,34,23,11,9,10,9,13,5,0,0,1,1,4,1,3,2,3,4,0,0,0,0,10,18,6,8,33,31,11,25,9,24,6,5,50.9,49.1,J. Fowler (MTL),D. Batherson (OTT),I. Demidov (MTL)
2026-03-11,2025021026,20252026,2,2026-03-11T23:30:00Z,Xfinity Mobile Arena,REG,PHI,PHI,WSH,4,1,0,1,2,0,2,0,0,0,14,10,6,6,0,0,8,4,0,0,3,3,0,0,4,2,0,0,22,23,7,7,8,7,7,9,0,0,0,1,2,3,2,3,7,5,0,0,1,0,8,29,14,10,16,20,16,11,11,10,3,3,44.6,55.4,T. Zegras (PHI),T. Konecny (PHI),S. Ersson (PHI)
2026-03-12,2025021027,20252026,2,2026-03-12T23:00:00Z,TD Garden,REG,SJS,BOS,SJS,2,4,0,1,0,1,2,2,0,0,4,4,0,2,2,0,2,2,0,0,0,1,1,0,1,1,0,0,41,28,14,7,13,11,14,10,0,0,0,1,6,3,2,2,2,2,0,1,0,0,17,10,14,24,17,27,8,18,13,18,5,5,59.7,40.3,A. Nedeljkovic (SJS),W. Eklund (SJS),T. Toffoli (SJS)
2026-03-12,2025021028,20252026,2,2026-03-12T23:00:00Z,KeyBank Center,REG,WSH,BUF,WSH,1,2,1,0,0,1,0,1,0,0,4,4,0,2,2,2,2,0,0,0,0,1,1,1,1,0,0,0,30,22,15,3,10,6,5,13,0,0,0,0,5,4,2,2,2,2,0,0,0,0,20,18,4,4,24,22,11,17,13,17,5,9,60.0,40.0,J. Chychrun (WSH),R. Leonard (WSH),S. Carrick (BUF)
2026-03-12,2025021029,20252026,2,2026-03-12T23:00:00Z,Scotiabank Arena,REG,TOR,TOR,ANA,6,4,1,2,2,1,3,1,0,0,16,16,6,4,2,2,8,10,0,0,3,2,1,1,4,5,0,0,28,40,8,20,10,6,10,14,0,0,3,0,10,7,7,5,8,8,1,0,1,0,16,22,46,41,34,15,13,9,21,9,6,7,56.6,43.4,M. Knies (TOR),M. Maccelli (TOR),B. Groulx (TOR)
2026-03-12,2025021030,20252026,2,2026-03-12T23:00:00Z,Benchmark International Arena,REG,TBL,TBL,DET,4,1,0,0,1,0,3,1,0,0,2,2,2,2,0,0,0,0,0,0,1,1,0,0,0,0,0,0,29,25,9,5,10,13,10,7,0,0,1,0,3,0,1,1,1,1,0,0,1,0,20,17,2,2,22,21,14,20,16,10,2,10,50.0,50.0,A. Vasilevskiy (TBL),G. Goncalves (TBL),J. Guentzel (TBL)
2026-03-12,2025021031,20252026,2,2026-03-12T23:00:00Z,Amerant Bank Arena,OT,FLA,FLA,CBJ,2,1,0,0,0,1,1,0,1,0,4,2,2,0,2,2,0,0,0,2,1,0,1,1,0,0,0,1,21,31,3,14,7,10,6,7,5,0,1,0,2,3,1,2,2,1,0,0,0,0,24,10,4,4,23,13,17,10,23,14,5,7,41.5,58.5,S. Reinhart (FLA),S. Bobrovsky (FLA),S. Bennett (FLA)
2026-03-12,2025021032,20252026,2,2026-03-12T23:00:00Z,Prudential Center,REG,CGY,NJD,CGY,4,5,1,2,1,2,2,1,0,0,0,6,0,4,0,0,0,2,0,0,0,2,0,0,0,1,0,0,32,29,10,8,9,13,13,8,0,0,2,0,8,0,3,0,0,3,0,1,0,0,24,5,0,6,14,22,8,20,15,18,4,5,56.4,43.6,J. Beecher (CGY),K. Bahl (CGY),Y. Sharangovich (CGY)
2026-03-12,2025021033,20252026,2,2026-03-12T23:00:00Z,Lenovo Center,REG,STL,CAR,STL,1,3,1,0,0,1,0,2,0,0,2,4,0,0,0,4,2,0,0,0,0,0,0,2,1,0,0,0,32,17,13,2,8,8,11,7,0,0,0,0,1,0,2,1,1,2,0,0,0,1,16,6,2,4,16,18,12,9,11,16,7,5,50.0,50.0,J. Binnington (STL),J. Snuggerud (STL),M. Jankowski (CAR)
2026-03-12,2025021034,20252026,2,2026-03-13T00:00:00Z,American Airlines Center,REG,DAL,DAL,EDM,7,2,3,0,2,2,2,0,0,0,22,24,0,0,6,8,16,16,0,0,0,0,3,4,8,8,0,0,27,32,10,4,11,11,6,17,0,0,2,0,3,8,4,3,11,12,0,0,0,0,9,12,22,24,14,24,7,7,14,25,7,3,49.1,50.9,J. Robertson (DAL),J. Benn (DAL),M. Heiskanen (DAL)
2026-03-12,2025021035,20252026,2,2026-03-13T00:00:00Z,Grand Casino Arena,SO,PHI,MIN,PHI,2,3,0,1,2,0,0,1,0,0,6,6,2,2,0,2,4,2,2,0,1,1,0,1,2,1,1,0,23,27,2,10,11,8,9,5,1,4,1,0,5,1,3,3,3,3,0,1,0,0,17,12,8,6,32,21,11,10,16,19,3,8,57.1,42.9,T. Konecny (PHI),Q. Hughes (MIN),D. Vladar (PHI)
2026-03-12,2025021036,20252026,2,2026-03-13T00:00:00Z,Canada Life Centre,REG,NYR,WPG,NYR,3,6,0,1,2,1,1,4,0,0,4,2,2,2,2,0,0,0,0,0,1,1,1,0,0,0,0,0,26,17,6,3,11,6,9,8,0,0,0,1,2,1,1,2,2,1,0,0,0,1,17,17,4,2,23,24,15,18,18,20,1,6,56.6,43.4,G. Perreault (NYR),K. Connor (WPG),B. Schneider (NYR)
2026-03-12,2025021037,20252026,2,2026-03-13T01:00:00Z,Delta Center,OT,CHI,UTA,CHI,2,3,0,0,1,0,1,2,0,1,4,4,0,0,0,0,4,4,0,0,0,0,0,0,2,2,0,0,31,23,6,4,7,8,13,8,5,3,0,1,1,1,1,1,2,2,0,0,0,0,26,7,4,4,35,15,11,17,12,13,8,8,57.1,42.9,C. Bedard (CHI),F. Nazar (CHI),J. Peterka (UTA)
2026-03-12,2025021038,20252026,2,2026-03-13T02:00:00Z,Rogers Arena,SO,VAN,VAN,NSH,4,3,1,1,0,2,2,0,0,0,6,4,0,0,6,4,0,0,0,0,0,0,3,2,0,0,0,0,27,19,12,5,6,8,7,3,2,3,0,0,0,1,1,2,3,2,0,0,0,0,21,12,6,4,17,22,11,16,15,14,6,4,59.0,41.0,M. Rossi (VAN),T. Jost (NSH),F. Hronek (VAN)
2026-03-12,2025021039,20252026,2,2026-03-13T02:00:00Z,T-Mobile Arena,REG,VGK,VGK,PIT,6,2,1,0,2,2,3,0,0,0,12,10,0,4,6,2,6,4,0,0,0,2,3,1,3,2,0,0,17,26,6,6,5,9,6,11,0,0,0,0,1,4,2,3,6,5,0,0,1,0,14,16,12,10,27,12,21,12,23,17,2,6,68.9,31.1,P. Dorofeyev (VGK),M. Marner (VGK),A. Hill (VGK)
2026-03-12,2025021040,20252026,2,2026-03-13T02:00:00Z,Climate Pledge Arena,REG,COL,SEA,COL,1,5,0,3,1,1,0,1,0,0,6,4,4,0,2,4,0,0,0,0,2,0,1,2,0,0,0,0,29,26,8,15,14,4,7,7,0,0,0,1,4,5,2,3,3,2,1,0,0,0,18,18,6,4,16,17,10,19,16,21,4,4,56.4,43.6,N. MacKinnon (COL),M. Necas (COL),D. Toews (COL)
2026-03-13,2025021041,20252026,2,2026-03-13T23:00:00Z,UBS Arena,REG,LAK,NYI,LAK,2,3,0,3,1,0,1,0,0,0,8,10,4,4,4,2,0,4,0,0,2,2,2,1,0,2,0,0,23,27,4,10,8,13,11,4,0,0,0,0,2,8,3,3,4,5,0,0,0,0,24,16,8,10,23,23,14,23,9,11,5,4,58.7,41.3,A. Kopitar (LAK),E. Heineman (NYI),T. Moore (LAK)
2026-03-13,2025021042,20252026,2,2026-03-14T00:00:00Z,Enterprise Center,OT,STL,STL,EDM,3,2,0,0,0,1,2,1,1,0,6,2,0,0,4,0,2,2,0,0,0,0,2,0,1,1,0,0,25,38,6,7,5,11,11,16,3,4,0,0,1,4,1,3,3,1,0,0,0,0,13,15,6,2,18,22,12,13,18,14,6,5,49.0,51.0,R. Thomas (STL),J. Hofer (STL),C. Fowler (STL)
2026-03-14,2025021043,20252026,2,2026-03-14T17:00:00Z,Canadian Tire Centre,REG,OTT,OTT,ANA,2,0,0,0,2,0,0,0,0,0,8,10,2,4,4,4,2,2,0,0,1,2,2,2,1,1,0,0,28,24,10,5,13,8,5,11,0,0,0,0,4,6,4,3,4,5,1,0,0,0,15,19,8,10,23,24,17,12,23,18,10,4,40.0,60.0,L. Ullmark (OTT),S. Pinto (OTT),J. Spence (OTT)
2026-03-14,2025021044,20252026,2,2026-03-14T19:00:00Z,Capital One Arena,SO,BOS,WSH,BOS,2,3,0,0,1,1,1,1,0,0,12,10,2,4,4,2,6,4,0,0,1,2,2,1,3,2,0,0,28,34,9,7,10,11,9,14,0,2,0,0,6,7,3,4,6,5,0,0,0,0,10,13,12,10,20,19,12,14,14,15,4,4,42.6,57.4,J. Swayman (BOS),L. Thompson (WSH),R. Sandin (WSH)
2026-03-14,2025021045,20252026,2,2026-03-14T20:00:00Z,Canada Life Centre,REG,WPG,WPG,COL,3,1,0,0,2,0,1,1,0,0,4,2,2,2,0,0,2,0,0,0,1,1,0,0,1,0,0,0,19,29,5,8,7,8,7,13,0,0,0,0,0,2,1,2,2,1,0,0,1,0,11,23,4,2,20,17,24,5,16,13,8,3,42.6,57.4,K. Connor (WPG),M. Scheifele (WPG),C. Hellebuyck (WPG)
2026-03-14,2025021046,20252026,2,2026-03-14T22:00:00Z,Grand Casino Arena,REG,NYR,MIN,NYR,2,4,0,2,1,2,1,0,0,0,10,18,2,4,0,4,8,10,0,0,1,2,0,2,4,5,0,0,48,18,6,9,21,8,21,1,0,0,1,1,13,4,7,3,5,9,0,0,0,0,14,10,10,18,24,13,10,21,9,16,2,2,51.7,48.3,I. Shesterkin (NYR),V. Gavrikov (NYR),V. Trocheck (NYR)
2026-03-14,2025021047,20252026,2,2026-03-14T23:00:00Z,KeyBank Center,SO,BUF,BUF,TOR,3,2,1,1,1,1,0,0,0,0,10,14,6,8,2,2,2,4,0,0,3,4,1,1,1,2,0,0,33,18,10,9,12,6,10,2,1,1,1,0,6,0,4,2,5,7,0,0,0,0,22,9,15,19,21,35,9,22,15,22,5,6,47.1,52.9,J. Quinn (BUF),A. Tuch (BUF),O. Power (BUF)
2026-03-14,2025021048,20252026,2,2026-03-14T23:00:00Z,Centre Bell,REG,SJS,MTL,SJS,2,4,1,1,1,2,0,1,0,0,2,6,0,4,2,0,0,2,0,0,0,2,1,0,0,1,0,0,27,22,16,11,4,3,7,8,0,0,0,0,4,0,3,1,1,3,0,0,0,1,20,21,2,6,22,23,9,14,21,23,4,5,60.7,39.3,M. Celebrini (SJS),N. Suzuki (MTL),A. Nedeljkovic (SJS)
2026-03-14,2025021049,20252026,2,2026-03-14T23:00:00Z,Benchmark International Arena,REG,CAR,TBL,CAR,2,4,0,2,2,0,0,2,0,0,6,8,2,4,4,4,0,0,0,0,1,2,2,2,0,0,0,0,19,35,10,13,7,11,2,11,0,0,0,0,3,2,3,2,3,4,0,0,0,1,8,17,11,13,26,27,14,10,14,13,4,9,46.3,53.7,A. Svechnikov (CAR),S. Aho (CAR),C. D'Astous (TBL)
2026-03-14,2025021050,20252026,2,2026-03-14T23:00:00Z,Prudential Center,REG,NJD,NJD,LAK,6,4,2,0,0,3,4,1,0,0,6,6,0,2,2,0,4,4,0,0,0,1,1,0,2,2,0,0,28,31,14,11,4,13,10,7,0,0,2,2,5,4,3,3,3,3,0,0,1,0,15,22,6,6,16,22,14,13,17,13,4,2,54.4,45.6,N. Hischier (NJD),A. Kopitar (LAK),J. Hughes (NJD)
2026-03-14,2025021051,20252026,2,2026-03-14T23:00:00Z,UBS Arena,REG,NYI,NYI,CGY,3,2,3,0,0,0,0,2,0,0,4,2,4,2,0,0,0,0,0,0,2,1,0,0,0,0,0,0,27,32,10,8,8,7,9,17,0,0,0,0,0,4,1,2,2,1,1,0,0,0,11,12,4,2,22,9,18,10,16,17,7,6,57.8,42.2,S. Holmstrom (NYI),C. Cizikas (NYI),B. Coleman (CGY)
2026-03-14,2025021052,20252026,2,2026-03-14T23:30:00Z,Xfinity Mobile Arena,SO,CBJ,PHI,CBJ,1,2,1,1,0,0,0,0,0,0,4,10,0,2,2,8,2,0,0,0,0,1,1,4,1,0,0,0,19,28,6,13,5,8,7,7,1,0,0,0,5,1,4,1,2,5,0,0,0,0,11,12,9,15,20,25,19,18,16,17,4,6,47.5,52.5,K. Marchenko (CBJ),T. Zegras (PHI),D. Barkey (PHI)
2026-03-14,2025021053,20252026,2,2026-03-15T00:00:00Z,American Airlines Center,OT,DAL,DAL,DET,3,2,1,0,1,0,0,2,1,0,10,12,2,4,2,6,6,2,0,0,1,2,1,3,3,1,0,0,24,24,9,4,8,4,6,14,1,2,1,0,6,6,4,3,5,6,0,0,0,0,18,17,10,12,21,20,12,17,13,13,4,4,45.1,54.9,M. Bunting (DAL),W. Johnston (DAL),T. Harley (DAL)
2026-03-14,2025021054,20252026,2,2026-03-15T01:00:00Z,Delta Center,REG,PIT,UTA,PIT,3,4,2,0,0,2,1,2,0,0,12,6,2,2,10,2,0,2,0,0,1,1,5,1,0,1,0,0,29,23,12,8,6,5,11,10,0,0,1,2,2,6,3,6,6,3,0,0,0,0,18,10,12,6,31,21,8,18,12,19,7,1,55.9,44.1,A. Mantha (PIT),D. Guenther (UTA),E. Karlsson (PIT)
2026-03-14,2025021055,20252026,2,2026-03-15T02:00:00Z,Rogers Arena,REG,SEA,VAN,SEA,2,5,1,2,0,1,1,2,0,0,6,4,2,0,0,2,4,2,0,0,1,0,0,1,2,1,0,0,34,33,15,10,11,11,8,12,0,0,0,1,2,5,2,3,3,2,0,0,0,0,14,11,6,4,24,20,16,9,22,9,4,4,62.0,38.0,B. McMann (SEA),M. Beniers (SEA),J. Eberle (SEA)
2026-03-14,2025021056,20252026,2,2026-03-15T02:00:00Z,T-Mobile Arena,REG,VGK,VGK,CHI,4,0,3,0,1,0,0,0,0,0,12,14,4,6,4,4,4,4,0,0,2,3,2,2,2,2,0,0,32,21,12,6,11,6,9,9,0,0,2,0,8,2,5,4,6,7,0,0,0,0,13,17,22,24,20,20,7,7,12,17,4,4,43.6,56.4,A. Hill (VGK),P. Dorofeyev (VGK),M. Stone (VGK)
2026-03-15,2025021057,20252026,2,2026-03-15T19:00:00Z,Canada Life Centre,REG,WPG,WPG,STL,3,2,2,0,0,0,1,2,0,0,2,6,0,4,2,2,0,0,0,0,0,2,1,1,0,0,0,0,16,31,6,9,4,6,6,16,0,0,0,0,4,1,3,1,1,3,0,0,0,0,15,13,2,6,26,13,15,6,17,13,4,3,66.0,34.0,H. Fleury (WPG),M. Barron (WPG),E. Comrie (WPG)
2026-03-15,2025021058,20252026,2,2026-03-15T21:00:00Z,Canadian Tire Centre,REG,OTT,OTT,SJS,7,4,1,2,3,1,3,1,0,0,4,6,2,4,2,2,0,0,0,0,1,2,1,1,0,0,0,0,24,23,5,13,12,6,7,4,0,0,2,0,2,1,3,2,2,3,0,0,1,0,23,8,4,6,30,23,12,19,11,20,4,5,59.3,40.7,D. Batherson (OTT),F. Zetterlund (OTT),T. Toffoli (SJS)
2026-03-15,2025021059,20252026,2,2026-03-15T23:00:00Z,Centre Bell,REG,ANA,MTL,ANA,3,4,0,1,3,2,0,1,0,0,4,10,0,4,0,2,4,4,0,0,0,2,0,1,2,2,0,0,30,28,9,9,12,9,9,10,0,0,0,0,5,1,4,1,2,5,0,0,0,0,15,13,4,10,14,17,20,15,19,8,7,3,52.6,47.4,L. Carlsson (ANA),I. Demidov (MTL),T. Terry (ANA)
2026-03-15,2025021060,20252026,2,2026-03-15T23:30:00Z,Grand Casino Arena,REG,TOR,MIN,TOR,2,4,0,0,0,3,2,1,0,0,6,8,0,0,6,6,0,2,0,0,0,0,3,3,0,1,0,0,38,26,10,5,11,16,17,5,0,0,0,0,4,3,2,1,3,4,0,0,0,1,20,9,6,8,22,14,13,28,16,23,6,4,47.3,52.7,A. Stolarz (TOR),V. Tarasenko (MIN),B. Groulx (TOR)
2026-03-15,2025021061,20252026,2,2026-03-16T00:00:00Z,Rogers Place,REG,EDM,EDM,NSH,3,1,1,0,1,0,1,1,0,0,8,8,6,2,2,4,0,2,0,0,3,1,1,2,0,1,0,0,30,27,11,7,10,8,9,12,0,0,1,0,7,7,4,4,4,4,0,0,1,0,12,18,13,13,26,12,9,9,15,18,4,5,57.7,42.3,M. Savoie (EDM),C. McDavid (EDM),C. Ingram (EDM)
2026-03-15,2025021062,20252026,2,2026-03-16T00:00:00Z,Climate Pledge Arena,REG,SEA,SEA,FLA,6,2,3,1,1,0,2,1,0,0,8,8,2,0,4,2,2,6,0,0,1,0,2,1,1,3,0,0,25,25,13,10,5,7,7,8,0,0,1,0,5,5,4,4,4,4,0,0,0,0,9,27,8,8,17,26,14,9,13,11,7,1,42.6,57.4,K. Kakko (SEA),B. McMann (SEA),R. Winterton (SEA)
2026-03-16,2025021063,20252026,2,2026-03-16T23:00:00Z,Little Caesars Arena,REG,DET,DET,CGY,5,2,0,1,4,1,1,0,0,0,8,12,0,4,6,6,2,2,0,0,0,2,3,3,1,1,0,0,25,27,8,11,10,12,7,4,0,0,1,0,7,3,4,2,4,6,0,0,1,0,12,12,13,17,26,20,13,13,13,15,6,4,40.4,59.6,P. Kane (DET),A. DeBrincat (DET),M. Coronato (CGY)
2026-03-16,2025021064,20252026,2,2026-03-16T23:00:00Z,Prudential Center,OT,NJD,NJD,BOS,4,3,0,2,2,0,1,1,1,0,10,8,0,0,0,2,10,6,0,0,0,0,0,1,5,3,0,0,34,22,6,8,17,8,6,5,5,1,0,0,1,2,2,3,5,4,0,0,0,0,17,11,20,18,20,22,9,19,19,18,6,6,47.9,52.1,P. Cotter (NJD),D. Pastrnak (BOS),C. Brown (NJD)
2026-03-16,2025021065,20252026,2,2026-03-16T23:00:00Z,Madison Square Garden,REG,LAK,NYR,LAK,1,4,0,1,0,2,1,1,0,0,4,4,0,2,4,0,0,2,0,0,0,1,2,0,0,1,0,0,22,26,6,8,3,16,13,2,0,0,1,1,3,5,2,2,2,2,0,0,0,1,16,13,4,4,20,26,12,12,20,14,4,5,51.1,48.9,A. Laferriere (LAK),M. Anderson (LAK),A. Kopitar (LAK)
2026-03-16,2025021066,20252026,2,2026-03-17T00:00:00Z,American Airlines Center,REG,UTA,DAL,UTA,3,6,1,1,1,1,1,4,0,0,6,6,2,0,0,4,4,2,0,0,1,0,0,2,2,1,0,0,30,22,10,2,10,11,10,9,0,0,0,1,4,2,3,3,3,3,0,1,0,1,11,6,16,16,26,26,16,5,17,18,3,3,49.0,51.0,J. McBain (UTA),N. Schmidt (UTA),W. Johnston (DAL)
2026-03-16,2025021067,20252026,2,2026-03-17T01:30:00Z,Ball Arena,REG,PIT,COL,PIT,2,7,2,4,0,2,0,1,0,0,8,10,2,4,4,4,2,2,0,0,1,2,2,2,1,1,0,0,27,20,17,7,4,8,6,5,0,0,0,1,6,5,4,3,4,5,0,0,0,0,19,8,13,15,11,19,12,19,16,18,4,5,50.9,49.1,E. Malkin (PIT),E. Karlsson (PIT),B. Rust (PIT)
2026-03-17,2025021068,20252026,2,2026-03-17T23:00:00Z,Scotiabank Arena,REG,NYI,TOR,NYI,1,3,0,2,1,1,0,0,0,0,12,6,4,2,4,4,4,0,0,0,2,1,2,2,2,0,0,0,27,34,8,12,8,8,11,14,0,0,0,2,1,7,3,6,6,3,0,0,0,0,16,19,17,11,20,9,13,8,13,11,1,5,48.5,51.5,M. Barzal (NYI),C. Ritchie (NYI),S. Lorentz (TOR)
2026-03-17,2025021069,20252026,2,2026-03-17T23:00:00Z,Centre Bell,OT,MTL,MTL,BOS,3,2,1,1,1,1,0,0,1,0,8,2,4,2,4,0,0,0,0,0,2,1,2,0,0,0,0,0,31,28,13,13,7,8,7,6,4,1,0,1,1,7,1,4,4,1,0,0,0,0,27,12,8,2,26,32,12,15,11,19,6,3,52.8,47.2,C. Caufield (MTL),J. Dobes (MTL),J. Anderson (MTL)
2026-03-17,2025021070,20252026,2,2026-03-17T23:00:00Z,Nationwide Arena,REG,CBJ,CBJ,CAR,5,1,2,0,2,1,1,0,0,0,4,12,0,6,2,2,2,4,0,0,0,3,1,1,1,2,0,0,30,29,11,6,11,13,8,10,0,0,2,0,4,3,5,1,2,6,0,0,0,0,12,10,9,17,11,29,23,18,17,18,4,3,65.1,34.9,C. Coyle (CBJ),M. Olivier (CBJ),J. Greaves (CBJ)
2026-03-17,2025021072,20252026,2,2026-03-17T23:30:00Z,United Center,OT,MIN,CHI,MIN,3,4,1,3,1,0,1,0,0,1,2,4,2,2,0,2,0,0,0,0,1,1,0,1,0,0,0,0,26,37,7,16,11,10,7,6,1,5,0,1,3,4,2,1,1,2,0,0,0,0,17,10,2,4,9,23,15,14,16,13,5,6,41.7,58.3,B. Faber (MIN),F. Nazar (CHI),M. Zuccarello (MIN)
2026-03-17,2025021071,20252026,2,2026-03-18T00:00:00Z,Canada Life Centre,SO,NSH,WPG,NSH,3,4,1,1,1,1,1,1,0,0,2,8,2,2,0,4,0,2,0,0,1,1,0,2,0,1,0,0,39,23,14,7,12,8,9,6,4,2,1,1,6,3,4,1,1,4,0,0,0,0,15,10,2,8,16,21,13,17,11,8,3,6,55.4,44.6,G. Vilardi (WPG),J. Saros (NSH),K. Connor (WPG)
2026-03-17,2025021073,20252026,2,2026-03-18T01:00:00Z,Rogers Place,REG,EDM,EDM,SJS,5,3,3,1,0,2,2,0,0,0,2,8,2,4,0,0,0,4,0,0,1,2,0,0,0,2,0,0,37,30,10,8,12,15,15,7,0,0,1,0,9,1,4,1,1,4,0,0,0,0,6,19,2,8,17,22,8,16,16,15,5,4,54.5,45.5,M. Jones (EDM),A. Henrique (EDM),C. Murphy (EDM)
2026-03-17,2025021074,20252026,2,2026-03-18T02:00:00Z,Rogers Arena,REG,VAN,VAN,FLA,5,2,3,1,1,1,1,0,0,0,4,8,2,4,0,0,2,4,0,0,1,2,0,0,1,2,0,0,22,23,10,7,5,7,7,9,0,0,2,0,4,1,4,2,2,4,0,0,0,0,9,27,24,28,20,27,12,10,14,20,7,5,58.8,41.2,E. Pettersson (VAN),M. Rossi (VAN),B. Boeser (VAN)
2026-03-17,2025021075,20252026,2,2026-03-18T02:00:00Z,T-Mobile Arena,REG,BUF,VGK,BUF,0,2,0,1,0,0,0,1,0,0,6,8,2,2,2,2,2,4,0,0,1,1,1,1,1,2,0,0,29,25,11,10,9,9,9,6,0,0,0,0,5,4,3,2,3,4,0,0,0,1,19,13,6,8,28,19,12,14,19,12,2,6,50.8,49.2,U. Luukkonen (BUF),A. Hill (VGK),J. Doan (BUF)
2026-03-17,2025021076,20252026,2,2026-03-18T02:00:00Z,Climate Pledge Arena,REG,TBL,SEA,TBL,2,6,0,2,2,1,0,3,0,0,6,6,4,2,0,4,2,0,0,0,2,1,0,2,1,0,0,0,18,26,4,9,9,6,5,11,0,0,0,1,5,4,3,3,3,3,0,0,0,1,11,13,11,11,23,21,20,7,21,16,4,5,45.7,54.3,N. Kucherov (TBL),B. Hagel (TBL),A. Cirelli (TBL)
2026-03-18,2025021077,20252026,2,2026-03-18T23:00:00Z,Madison Square Garden,REG,NJD,NYR,NJD,3,6,1,2,1,1,1,3,0,0,8,4,2,0,4,4,2,0,0,0,1,0,2,2,1,0,0,0,18,39,2,17,9,12,7,10,0,0,0,2,3,6,2,4,4,2,0,0,0,0,12,18,8,4,25,14,8,11,24,19,5,6,49.2,50.8,C. Brown (NJD),N. Hischier (NJD),J. Hughes (NJD)
2026-03-18,2025021078,20252026,2,2026-03-18T23:00:00Z,Lenovo Center,OT,CAR,CAR,PIT,6,5,1,0,1,1,3,4,1,0,10,6,2,0,6,4,2,2,0,0,1,0,3,2,1,1,0,0,44,35,15,12,14,7,14,13,1,3,1,1,2,5,2,4,5,3,1,0,0,0,21,7,10,6,26,24,9,16,17,16,5,5,52.5,47.5,J. Blake (CAR),N. Ehlers (CAR),S. Walker (CAR)
2026-03-18,2025021079,20252026,2,2026-03-18T23:30:00Z,Capital One Arena,REG,WSH,WSH,OTT,4,1,0,0,2,0,2,1,0,0,6,4,2,0,0,2,4,2,0,0,1,0,0,1,2,1,0,0,25,35,7,16,13,6,5,13,0,0,1,0,3,8,2,3,3,2,0,0,2,0,19,22,6,4,25,15,20,12,12,12,5,2,32.7,67.3,L. Thompson (WSH),T. Wilson (WSH),C. Hutson (WSH)
2026-03-18,2025021080,20252026,2,2026-03-19T01:30:00Z,Ball Arena,SO,DAL,COL,DAL,1,2,1,0,0,1,0,0,0,0,6,6,2,2,2,2,2,2,0,0,1,1,1,1,1,1,0,0,34,18,6,2,15,7,10,5,3,4,1,0,4,1,2,2,3,3,0,0,0,0,18,15,6,6,29,25,6,20,12,14,5,6,57.6,42.4,J. Oettinger (DAL),C. Makar (COL),S. Wedgewood (COL)
2026-03-18,2025021081,20252026,2,2026-03-19T01:30:00Z,Scotiabank Saddledome,SO,CGY,CGY,STL,2,1,1,0,0,1,0,0,0,0,10,12,0,2,8,8,2,2,0,2,0,1,4,4,1,1,0,1,31,26,11,8,6,6,7,9,7,3,0,0,3,0,3,2,5,6,0,0,0,0,9,13,10,14,17,26,10,11,14,22,6,7,49.1,50.9,D. Cooley (CGY),J. Hofer (STL),C. Zary (CGY)
2026-03-18,2025021082,20252026,2,2026-03-19T02:00:00Z,Honda Center,OT,PHI,ANA,PHI,2,3,0,1,1,1,1,0,0,1,10,10,6,4,4,6,0,0,0,0,3,2,2,3,0,0,0,0,36,28,9,14,15,9,11,4,1,1,1,0,5,9,4,4,5,5,0,0,0,0,16,23,15,15,20,19,11,20,12,20,2,7,44.0,56.0,N. Cates (PHI),L. Carlsson (ANA),C. Gauthier (ANA)
2026-03-19,2025021083,20252026,2,2026-03-19T23:00:00Z,TD Garden,REG,BOS,BOS,WPG,6,1,1,0,2,0,3,1,0,0,8,2,4,2,0,0,4,0,0,0,2,1,0,0,2,0,0,0,27,24,13,9,8,7,6,8,0,0,0,1,2,4,1,4,4,1,0,0,0,0,14,21,8,2,24,10,10,8,11,20,5,4,60.0,40.0,J. Swayman (BOS),P. Zacha (BOS),V. Arvidsson (BOS)
2026-03-19,2025021084,20252026,2,2026-03-19T23:00:00Z,Canadian Tire Centre,REG,OTT,OTT,NYI,3,2,0,0,1,1,2,1,0,0,8,4,2,2,6,2,0,0,0,0,1,1,3,1,0,0,0,0,27,19,7,7,9,11,11,1,0,0,0,0,5,4,2,4,4,2,1,0,0,0,20,9,18,14,29,19,17,10,15,14,5,5,52.9,47.1,B. Tkachuk (OTT),W. Foegele (OTT),T. Chabot (OTT)
2026-03-19,2025021085,20252026,2,2026-03-19T23:00:00Z,Little Caesars Arena,REG,DET,DET,MTL,3,1,0,0,0,1,3,0,0,0,8,8,4,2,2,4,2,2,0,0,2,1,1,2,1,1,0,0,28,33,8,12,7,10,13,11,0,0,0,1,3,2,2,2,4,4,0,0,1,0,21,18,8,8,35,27,12,14,19,18,8,2,44.6,55.4,A. DeBrincat (DET),J. Compher (DET),J. Slafkovský (MTL)
2026-03-19,2025021086,20252026,2,2026-03-19T23:00:00Z,Nationwide Arena,REG,CBJ,CBJ,NYR,6,3,2,1,2,1,2,1,0,0,12,10,2,4,4,4,6,2,0,0,1,2,2,2,3,1,0,0,37,25,14,8,13,12,10,5,0,0,1,1,10,3,5,6,6,5,0,1,1,0,11,11,12,10,11,21,8,12,11,19,10,5,45.5,54.5,Z. Werenski (CBJ),B. Jenner (CBJ),A. Fantilli (CBJ)
2026-03-19,2025021088,20252026,2,2026-03-19T23:30:00Z,Grand Casino Arena,REG,CHI,MIN,CHI,1,2,0,1,1,1,0,0,0,0,18,18,6,4,6,6,6,8,0,0,3,2,3,3,3,4,0,0,29,26,8,11,14,6,7,9,0,0,0,0,5,9,3,3,9,9,0,0,0,0,14,14,18,18,23,10,13,10,15,12,4,4,54.0,46.0,C. Bedard (CHI),S. Knight (CHI),M. McCarron (MIN)
2026-03-19,2025021087,20252026,2,2026-03-20T00:00:00Z,Bridgestone Arena,REG,NSH,NSH,SEA,3,1,1,1,1,0,1,0,0,0,6,8,2,0,2,4,2,4,0,0,1,0,1,2,1,2,0,0,28,26,15,13,6,6,7,7,0,0,1,0,1,2,3,2,3,4,0,0,1,0,23,21,6,8,18,14,8,13,15,16,4,3,46.3,53.7,J. Annunen (NSH),R. Ufko (NSH),R. O'Reilly (NSH)
2026-03-19,2025021089,20252026,2,2026-03-20T01:00:00Z,Rogers Place,REG,FLA,EDM,FLA,0,4,0,2,0,1,0,1,0,0,4,4,2,0,2,4,0,0,0,0,1,0,1,2,0,0,0,0,21,23,8,12,9,5,4,6,0,0,0,1,1,3,2,2,2,2,0,0,0,0,14,17,4,4,28,21,14,9,16,17,7,3,54.3,45.7,M. Benning (FLA),S. Bobrovsky (FLA),G. Forsling (FLA)
2026-03-19,2025021090,20252026,2,2026-03-20T02:00:00Z,Rogers Arena,REG,TBL,VAN,TBL,2,6,0,1,1,3,1,2,0,0,2,4,0,2,0,2,2,0,0,0,0,1,0,1,1,0,0,0,21,31,6,11,4,11,11,9,0,0,0,0,3,1,2,1,1,2,0,0,0,0,15,16,2,4,25,12,6,14,12,16,5,6,47.4,52.6,N. Kucherov (TBL),A. Cirelli (TBL),D. Raddysh (TBL)
2026-03-19,2025021091,20252026,2,2026-03-20T02:00:00Z,T-Mobile Arena,REG,UTA,VGK,UTA,0,4,0,3,0,0,0,1,0,0,4,4,2,0,0,0,2,4,0,0,1,0,0,0,1,2,0,0,28,18,7,7,11,9,10,2,0,0,0,0,3,0,2,2,2,2,0,0,0,1,28,11,9,9,22,25,12,9,13,24,6,3,50.0,50.0,K. Vejmelka (UTA),C. Keller (UTA),B. Hayton (UTA)
2026-03-19,2025021092,20252026,2,2026-03-20T02:00:00Z,SAP Center at San Jose,REG,BUF,SJS,BUF,0,5,0,0,0,3,0,2,0,0,4,4,2,2,0,2,2,0,0,0,1,1,0,1,1,0,0,0,23,16,7,5,10,3,6,8,0,0,0,0,1,3,2,2,2,2,0,0,0,0,11,10,4,4,27,14,16,14,19,10,6,4,50.0,50.0,A. Lyon (BUF),R. Dahlin (BUF),M. Samuelsson (BUF)
2026-03-19,2025021093,20252026,2,2026-03-20T02:30:00Z,Crypto.com Arena,SO,PHI,LAK,PHI,3,4,1,0,1,3,1,0,0,0,4,8,0,2,2,4,2,2,0,0,0,1,1,2,1,1,0,0,25,20,6,3,11,11,6,4,2,2,1,0,6,0,4,2,2,4,0,0,0,0,19,12,4,8,18,20,17,22,13,16,3,7,66.1,33.9,N. Cates (PHI),M. Michkov (PHI),A. Panarin (LAK)
2026-03-20,2025021094,20252026,2,2026-03-20T23:00:00Z,Scotiabank Arena,OT,CAR,TOR,CAR,3,4,1,0,1,3,1,0,0,1,10,4,4,2,4,2,2,0,0,0,2,1,2,1,1,0,0,0,26,36,4,8,11,17,11,10,0,1,0,1,2,9,2,5,5,2,0,1,0,0,6,18,10,4,21,20,21,11,14,10,5,5,51.9,48.1,A. Nikishin (CAR),K. Miller (CAR),J. Tavares (TOR)
2026-03-20,2025021095,20252026,2,2026-03-20T23:00:00Z,Capital One Arena,REG,WSH,WSH,NJD,2,1,1,0,0,0,1,1,0,0,4,2,0,0,4,0,0,2,0,0,0,0,2,0,0,1,0,0,28,31,8,5,7,8,13,18,0,0,0,0,1,2,1,2,2,1,0,0,1,0,13,22,4,2,17,18,11,14,18,17,4,5,51.9,48.1,L. Thompson (WSH),R. Leonard (WSH),J. Allen (NJD)
2026-03-20,2025021096,20252026,2,2026-03-21T00:30:00Z,United Center,REG,COL,CHI,COL,1,4,0,2,1,0,0,2,0,0,10,6,2,2,0,2,8,2,0,0,1,1,0,1,4,1,0,0,20,49,5,20,6,15,9,14,0,0,0,2,0,6,3,5,5,3,0,0,0,0,15,16,10,6,19,19,21,6,15,14,4,6,40.8,59.2,M. Necas (COL),N. MacKinnon (COL),V. Nichushkin (COL)
2026-03-20,2025021097,20252026,2,2026-03-21T01:00:00Z,Scotiabank Saddledome,REG,CGY,CGY,FLA,4,1,0,0,2,0,2,1,0,0,6,10,0,2,2,2,4,6,0,0,0,1,1,1,2,3,0,0,36,25,10,8,10,8,16,9,0,0,2,0,15,5,7,2,3,5,0,0,0,0,10,15,6,25,18,27,11,7,18,11,6,4,55.8,44.2,D. Wolf (CGY),M. Frost (CGY),V. Olofsson (CGY)
2026-03-20,2025021098,20252026,2,2026-03-21T02:00:00Z,Delta Center,REG,ANA,UTA,ANA,1,4,1,1,0,1,0,2,0,0,12,8,2,4,4,0,6,4,0,0,1,2,2,0,3,2,0,0,30,24,14,5,9,9,7,10,0,0,0,0,4,7,3,5,6,4,0,1,0,2,16,14,17,23,18,20,12,28,18,14,2,5,36.1,63.9,L. Dostal (ANA),A. Killorn (ANA),D. Guenther (UTA)
2026-03-21,2025021099,20252026,2,2026-03-21T17:00:00Z,PPG Paints Arena,SO,PIT,PIT,WPG,5,4,2,1,1,1,1,2,0,0,2,2,2,0,0,2,0,0,0,2,1,0,0,1,0,0,0,1,32,25,13,8,8,8,6,8,5,1,0,0,1,1,1,1,1,1,0,1,0,0,13,19,2,4,29,15,14,12,14,15,5,4,41.1,58.9,E. Karlsson (PIT),R. Rakell (PIT),B. Lambert (WPG)
2026-03-21,2025021100,20252026,2,2026-03-21T18:00:00Z,Bridgestone Arena,REG,NSH,NSH,VGK,4,1,1,0,3,1,0,0,0,0,12,12,2,0,8,12,2,0,0,0,1,0,4,6,1,0,0,0,20,40,4,20,11,10,5,10,0,0,2,1,7,6,4,4,6,6,1,0,0,0,11,19,12,12,13,13,15,8,14,14,8,2,42.0,58.0,S. Stamkos (NSH),J. Annunen (NSH),R. O'Reilly (NSH)
2026-03-21,2025021101,20252026,2,2026-03-21T20:00:00Z,Grand Casino Arena,OT,MIN,MIN,DAL,2,1,0,1,1,0,0,0,1,0,12,6,4,4,2,2,6,0,0,0,2,2,1,1,3,0,0,0,28,30,9,10,8,9,10,11,1,0,0,1,1,10,2,5,6,3,0,0,0,0,10,16,12,6,36,25,22,15,16,10,2,3,38.9,61.1,V. Tarasenko (MIN),J. Robertson (DAL),F. Gustavsson (MIN)
2026-03-21,2025021102,20252026,2,2026-03-21T20:00:00Z,Crypto.com Arena,REG,BUF,LAK,BUF,1,4,1,0,0,1,0,3,0,0,2,6,0,2,0,4,2,0,0,0,0,1,0,2,1,0,0,0,27,33,8,13,13,7,6,13,0,0,1,1,6,1,3,1,1,3,0,0,0,1,10,9,2,6,27,15,15,16,11,10,4,7,65.5,34.5,T. Thompson (BUF),S. Carrick (BUF),U. Luukkonen (BUF)
2026-03-21,2025021103,20252026,2,2026-03-21T20:00:00Z,SAP Center at San Jose,REG,PHI,SJS,PHI,1,4,0,0,1,1,0,3,0,0,10,8,2,4,4,2,4,2,0,0,1,2,2,1,2,1,0,0,25,28,6,6,7,11,12,11,0,0,1,1,6,9,4,5,5,4,0,0,0,2,14,15,20,18,19,23,10,17,14,11,4,6,53.4,46.6,T. Sanheim (PHI),D. Orlov (SJS),D. Vladar (PHI)
2026-03-21,2025021104,20252026,2,2026-03-21T21:00:00Z,Nationwide Arena,REG,CBJ,CBJ,SEA,5,2,3,1,1,1,1,0,0,0,2,6,0,2,2,4,0,0,0,0,0,1,1,2,0,0,0,0,28,17,13,7,8,5,7,5,0,0,0,1,4,3,3,1,1,3,0,0,1,0,11,14,2,6,15,14,13,13,10,19,5,4,57.1,42.9,C. Sillinger (CBJ),Z. Werenski (CBJ),D. Severson (CBJ)
2026-03-21,2025021105,20252026,2,2026-03-21T23:00:00Z,Centre Bell,REG,MTL,MTL,NYI,7,3,1,2,2,0,4,1,0,0,8,10,2,4,4,2,2,4,0,0,1,2,2,1,1,2,0,0,36,22,17,6,7,8,12,8,0,0,3,2,8,4,4,3,4,5,0,0,0,0,18,8,28,30,25,34,18,11,13,11,4,3,50.0,50.0,C. Caufield (MTL),J. Slafkovský (MTL),K. Guhle (MTL)
2026-03-21,2025021106,20252026,2,2026-03-21T23:00:00Z,Canadian Tire Centre,REG,OTT,OTT,TOR,5,2,1,0,2,1,2,1,0,0,8,10,4,6,4,2,0,2,0,0,2,3,2,1,0,1,0,0,44,14,9,6,20,5,15,3,0,0,1,0,9,3,4,3,4,5,0,0,0,0,23,6,8,10,22,17,13,6,14,17,10,2,55.9,44.1,C. Giroux (OTT),J. Spence (OTT),T. Kleven (OTT)
2026-03-21,2025021107,20252026,2,2026-03-21T23:00:00Z,Rogers Arena,REG,STL,VAN,STL,1,3,0,0,0,2,1,1,0,0,6,4,2,2,2,0,2,2,0,0,1,1,1,0,1,1,0,0,15,21,4,5,6,11,5,5,0,0,1,1,5,1,2,3,3,2,0,0,0,1,7,15,6,4,26,18,16,15,14,13,1,6,67.4,32.6,P. Buchnevich (STL),F. Hronek (VAN),J. Snuggerud (STL)
2026-03-21,2025021108,20252026,2,2026-03-22T00:00:00Z,Little Caesars Arena,REG,BOS,DET,BOS,2,4,0,0,1,1,1,3,0,0,6,8,2,4,4,2,0,2,0,0,1,2,2,1,0,1,0,0,44,27,10,10,11,10,23,7,0,0,1,1,12,7,4,3,3,4,0,0,0,1,12,12,6,8,22,21,13,12,9,16,3,4,60.0,40.0,J. Swayman (BOS),D. Pastrnak (BOS),M. Geekie (BOS)
2026-03-21,2025021109,20252026,2,2026-03-22T02:00:00Z,Rogers Place,REG,TBL,EDM,TBL,2,5,1,0,0,3,1,2,0,0,8,8,0,0,6,6,2,2,0,0,0,0,3,3,1,1,0,0,27,28,11,9,11,13,5,6,0,0,0,1,3,3,3,3,4,4,0,2,0,1,10,17,18,18,28,11,17,13,18,19,2,5,46.9,53.1,N. Kucherov (TBL),B. Hagel (TBL),V. Podkolzin (EDM)
2026-03-22,2025021110,20252026,2,2026-03-22T16:00:00Z,Madison Square Garden,SO,WPG,NYR,WPG,2,3,0,1,2,1,0,0,0,0,6,4,2,0,2,4,2,0,2,2,1,0,1,2,1,0,1,1,29,37,4,11,16,14,5,11,4,1,1,1,5,9,2,3,3,2,0,0,0,0,16,17,8,6,31,19,12,9,20,11,5,3,53.1,46.9,D. Garand (NYR),G. Vilardi (WPG),E. Comrie (WPG)
2026-03-22,2025021111,20252026,2,2026-03-22T16:30:00Z,Capital One Arena,OT,COL,WSH,COL,2,3,1,0,0,0,1,2,0,1,4,10,2,4,2,2,0,4,0,0,1,2,1,1,0,2,0,0,22,24,8,6,7,8,7,7,0,3,1,0,5,0,5,2,2,5,0,0,0,0,13,13,4,10,18,15,14,5,12,13,2,7,40.4,59.6,B. Nelson (COL),M. Blackwood (COL),A. Ovechkin (WSH)
2026-03-22,2025021112,20252026,2,2026-03-22T19:00:00Z,PPG Paints Arena,REG,CAR,PIT,CAR,1,5,0,1,0,3,1,1,0,0,14,8,2,0,6,4,6,4,0,0,1,0,3,2,3,2,0,0,19,26,5,9,6,10,8,7,0,0,0,3,1,8,2,5,7,4,0,0,0,1,15,27,14,8,29,21,12,14,18,15,3,6,51.4,48.6,N. Ehlers (CAR),S. Jarvis (CAR),J. Chatfield (CAR)
2026-03-22,2025021113,20252026,2,2026-03-22T19:00:00Z,United Center,OT,NSH,CHI,NSH,2,3,0,0,2,1,0,1,0,1,6,6,0,2,2,2,4,2,0,0,0,1,1,1,2,1,0,0,29,33,10,9,12,14,7,8,0,2,0,0,4,8,3,3,3,3,0,0,0,0,14,13,6,6,19,29,5,10,16,17,8,8,47.9,52.1,F. Forsberg (NSH),C. Bedard (CHI),S. Stamkos (NSH)
2026-03-22,2025021114,20252026,2,2026-03-22T23:00:00Z,UBS Arena,REG,NYI,NYI,CBJ,1,0,1,0,0,0,0,0,0,0,0,6,0,2,0,2,0,2,0,0,0,1,0,1,0,1,0,0,22,26,7,8,9,5,6,13,0,0,0,0,4,0,3,0,0,3,0,0,0,0,15,7,0,6,24,24,16,16,16,15,5,1,60.0,40.0,I. Sorokin (NYI),B. Horvat (NYI),C. Soucy (NYI)
2026-03-22,2025021115,20252026,2,2026-03-22T23:00:00Z,American Airlines Center,REG,VGK,DAL,VGK,2,3,2,1,0,1,0,1,0,0,8,6,0,2,8,4,0,0,0,0,0,1,4,2,0,0,0,0,15,33,6,7,3,11,6,15,0,0,1,1,1,7,3,4,4,3,0,0,0,0,10,13,8,6,24,26,25,12,11,14,5,3,42.1,57.9,R. Smith (VGK),A. Hill (VGK),W. Johnston (DAL)
2026-03-22,2025021116,20252026,2,2026-03-23T00:00:00Z,Scotiabank Saddledome,OT,CGY,CGY,TBL,4,3,2,1,1,1,0,1,1,0,2,0,2,0,0,0,0,0,0,0,1,0,0,0,0,0,0,0,29,35,11,10,11,15,6,10,1,0,0,0,0,0,0,1,1,0,0,0,0,0,17,13,2,0,23,16,16,4,20,17,3,5,53.6,46.4,R. Strome (CGY),D. Cooley (CGY),B. Point (TBL)
2026-03-22,2025021117,20252026,2,2026-03-23T00:00:00Z,Honda Center,OT,ANA,ANA,BUF,6,5,2,2,2,0,1,3,1,0,6,8,2,4,4,0,0,4,0,0,1,2,2,0,0,2,0,0,33,29,14,11,3,9,15,9,1,0,3,0,5,3,4,3,3,4,0,0,0,0,19,23,6,8,23,12,13,8,14,11,9,2,39.7,60.3,T. Terry (ANA),M. Granlund (ANA),Z. Benson (BUF)
2026-03-22,2025021118,20252026,2,2026-03-23T01:00:00Z,Delta Center,OT,UTA,UTA,LAK,4,3,2,2,1,0,0,1,1,0,2,2,0,0,0,0,2,2,0,0,0,0,0,0,1,1,0,0,34,36,15,12,6,10,12,14,1,0,0,0,2,3,1,1,1,1,0,0,0,0,13,20,2,2,31,30,20,14,16,16,7,5,45.2,54.8,N. Schmaltz (UTA),L. Crouse (UTA),J. McBain (UTA)
2026-03-23,2025021119,20252026,2,2026-03-23T23:30:00Z,Madison Square Garden,REG,OTT,NYR,OTT,1,2,0,1,0,1,1,0,0,0,16,8,4,2,8,2,4,4,0,0,2,1,4,1,2,2,0,0,10,33,3,13,2,13,5,7,0,0,0,1,3,11,3,7,8,4,0,0,0,0,15,9,16,8,39,20,8,12,17,16,4,5,61.9,38.1,W. Foegele (OTT),S. Pinto (OTT),I. Shesterkin (NYR)
2026-03-24,2025021120,20252026,2,2026-03-24T23:00:00Z,TD Garden,REG,TOR,BOS,TOR,2,4,1,0,0,2,1,2,0,0,6,12,2,2,2,8,2,2,0,0,1,1,1,4,1,1,0,0,20,35,5,9,8,13,7,13,0,0,1,2,6,9,5,4,3,6,0,1,0,1,20,18,16,17,16,22,6,8,28,12,3,6,65.2,34.8,A. Stolarz (TOR),J. Tavares (TOR),M. Knies (TOR)
2026-03-24,2025021121,20252026,2,2026-03-24T23:00:00Z,Centre Bell,REG,MTL,MTL,CAR,5,2,1,2,2,0,2,0,0,0,6,8,2,2,2,6,2,0,0,0,1,1,1,3,1,0,0,0,19,43,4,16,11,10,4,17,0,0,0,1,3,4,3,2,3,4,0,0,1,0,13,20,6,8,22,19,23,11,12,16,4,5,50.0,50.0,J. Dobes (MTL),I. Demidov (MTL),J. Slafkovský (MTL)
2026-03-24,2025021122,20252026,2,2026-03-24T23:00:00Z,Little Caesars Arena,REG,OTT,DET,OTT,2,3,0,1,1,2,1,0,0,0,6,10,4,4,0,0,2,6,0,0,2,2,0,0,1,3,0,0,35,21,10,5,10,10,15,6,0,0,1,1,6,1,4,2,3,5,0,0,0,0,16,11,11,15,13,26,14,9,16,19,4,6,42.6,57.4,C. Yakemchuk (OTT),B. Tkachuk (OTT),D. Larkin (DET)
2026-03-24,2025021123,20252026,2,2026-03-24T23:00:00Z,Amerant Bank Arena,SO,FLA,FLA,SEA,5,4,0,0,1,0,3,4,0,0,2,2,0,2,2,0,0,0,0,0,0,1,1,0,0,0,0,0,24,27,5,5,8,9,7,13,4,0,0,0,0,0,1,1,1,1,0,0,0,0,11,11,2,2,34,15,11,18,16,14,8,5,45.5,54.5,V. Hinostroza (FLA),N. Gregor (FLA),J. Eberle (SEA)
2026-03-24,2025021124,20252026,2,2026-03-24T23:00:00Z,UBS Arena,REG,CHI,NYI,CHI,3,4,1,3,0,1,2,0,0,0,4,4,2,0,2,2,0,2,0,0,1,0,1,1,0,1,0,0,47,24,12,12,12,7,23,5,0,0,0,0,2,1,2,2,2,2,0,0,0,0,28,9,4,4,31,17,12,14,10,15,3,4,58.2,41.8,N. Lardis (CHI),F. Nazar (CHI),T. Bertuzzi (CHI)
2026-03-24,2025021125,20252026,2,2026-03-24T23:00:00Z,Xfinity Mobile Arena,REG,CBJ,PHI,CBJ,2,3,1,0,0,2,1,1,0,0,6,4,2,0,2,4,2,0,0,0,1,0,1,2,1,0,0,0,26,19,10,3,7,11,9,5,0,0,0,0,1,0,1,2,3,2,0,0,0,0,18,15,11,9,13,25,11,10,14,15,3,8,52.0,48.0,Z. Werenski (CBJ),J. Greaves (CBJ),S. Couturier (PHI)
2026-03-24,2025021126,20252026,2,2026-03-24T23:00:00Z,PPG Paints Arena,REG,COL,PIT,COL,2,6,1,4,0,1,1,1,0,0,8,10,2,0,0,4,6,6,0,0,1,0,0,2,3,3,0,0,32,30,11,16,7,5,14,9,0,0,0,1,9,3,4,3,4,5,0,0,0,1,15,10,8,10,16,14,10,20,15,23,6,2,48.5,51.5,M. Necas (COL),S. Malinski (COL),S. Wedgewood (COL)
2026-03-24,2025021127,20252026,2,2026-03-24T23:30:00Z,Benchmark International Arena,REG,TBL,TBL,MIN,6,3,0,2,3,1,3,0,0,0,10,10,6,4,4,4,0,2,0,0,3,2,2,2,0,1,0,0,25,24,11,10,8,7,7,7,0,0,3,2,4,4,4,4,5,5,0,0,1,0,23,14,20,20,20,20,10,19,10,17,2,7,47.5,52.5,E. Cernak (TBL),D. Raddysh (TBL),J. Guentzel (TBL)
2026-03-24,2025021128,20252026,2,2026-03-25T00:00:00Z,Enterprise Center,REG,STL,STL,WSH,3,0,0,0,1,0,2,0,0,0,12,8,4,2,4,6,4,0,0,0,2,1,2,3,2,0,0,0,27,21,4,8,9,5,14,8,0,0,0,0,5,7,3,2,6,4,0,0,1,0,17,16,17,18,18,17,12,19,14,19,5,6,42.2,57.8,O. Stenberg (STL),J. Hofer (STL),J. Snuggerud (STL)
2026-03-24,2025021129,20252026,2,2026-03-25T00:00:00Z,Bridgestone Arena,REG,NSH,NSH,SJS,6,3,5,1,1,1,0,1,0,0,8,4,0,2,6,2,2,0,0,0,0,1,3,1,1,0,0,0,19,30,9,5,6,15,4,10,0,0,1,1,3,6,2,4,4,2,0,0,0,0,13,20,8,4,20,28,16,10,16,16,6,4,47.7,52.3,F. Forsberg (NSH),B. Skjei (NSH),J. Marchessault (NSH)
2026-03-24,2025021130,20252026,2,2026-03-25T00:00:00Z,American Airlines Center,REG,NJD,DAL,NJD,4,6,1,4,2,0,1,2,0,0,6,8,2,2,4,4,0,2,0,0,1,1,2,2,0,1,0,0,27,25,6,8,7,9,14,8,0,0,1,0,3,3,4,3,3,4,0,0,0,1,14,8,6,8,21,15,13,22,15,12,9,4,50.0,50.0,J. Hughes (NJD),W. Johnston (DAL),J. Bratt (NJD)
2026-03-24,2025021131,20252026,2,2026-03-25T00:00:00Z,Canada Life Centre,REG,WPG,WPG,VGK,4,1,1,0,2,1,1,0,0,0,8,8,0,2,4,4,4,2,0,0,0,1,2,2,2,1,0,0,21,27,5,13,9,8,7,6,0,0,0,1,4,10,4,4,4,4,0,0,1,0,15,22,13,13,22,11,9,14,9,11,6,4,51.9,48.1,M. Scheifele (WPG),K. Connor (WPG),C. Hellebuyck (WPG)
2026-03-24,2025021133,20252026,2,2026-03-25T01:00:00Z,Scotiabank Saddledome,SO,CGY,CGY,LAK,3,2,0,1,1,0,1,1,0,0,4,6,2,2,2,0,0,4,0,0,1,1,1,0,0,2,0,0,23,25,6,8,6,9,10,7,1,1,1,0,4,3,3,2,2,3,0,0,0,0,9,12,4,6,19,22,16,14,15,16,4,6,50.9,49.1,D. Wolf (CGY),Q. Byfield (LAK),O. Maatta (CGY)
2026-03-24,2025021132,20252026,2,2026-03-25T01:30:00Z,Delta Center,REG,EDM,UTA,EDM,2,5,1,1,1,3,0,1,0,0,0,4,0,0,0,2,0,2,0,0,0,0,0,1,0,1,0,0,18,26,3,8,7,7,8,11,0,0,1,0,3,0,2,0,0,2,0,1,0,1,15,16,0,4,16,19,20,24,14,14,4,4,51.8,48.2,J. Roslovic (EDM),E. Bouchard (EDM),L. Crouse (UTA)
2026-03-24,2025021134,20252026,2,2026-03-25T02:00:00Z,Rogers Arena,REG,ANA,VAN,ANA,3,5,1,0,1,2,1,3,0,0,6,6,2,2,4,4,0,0,0,0,1,1,2,2,0,0,0,0,30,34,7,11,12,14,11,9,0,0,2,1,6,7,3,3,3,3,0,0,0,1,19,15,6,6,13,21,8,7,14,19,4,8,60.0,40.0,J. Carlson (ANA),E. Pettersson (VAN),M. Granlund (ANA)
2026-03-25,2025021135,20252026,2,2026-03-25T23:30:00Z,KeyBank Center,OT,BOS,BUF,BOS,3,4,1,1,0,1,2,1,0,1,8,10,2,2,4,6,2,2,0,0,1,1,2,3,1,1,0,0,25,31,7,11,12,13,6,6,0,1,2,0,4,0,3,2,4,5,0,0,0,0,13,14,8,10,21,28,13,19,11,15,4,3,46.8,53.2,D. Pastrnak (BOS),J. Zucker (BUF),P. Zacha (BOS)
2026-03-25,2025021136,20252026,2,2026-03-25T23:30:00Z,Scotiabank Arena,REG,TOR,TOR,NYR,4,3,2,0,1,2,1,1,0,0,8,4,0,2,6,0,2,2,0,0,0,1,3,0,1,1,0,0,18,43,10,14,4,17,4,12,0,0,0,2,2,4,2,4,4,2,0,0,0,0,9,16,8,4,25,25,17,12,13,15,5,3,44.4,55.6,J. Woll (TOR),D. Joshua (TOR),M. Zibanejad (NYR)
2026-03-26,2025021137,20252026,2,2026-03-26T23:00:00Z,Centre Bell,REG,MTL,MTL,CBJ,2,1,1,1,0,0,1,0,0,0,4,6,2,0,2,4,0,2,0,0,1,0,1,2,0,1,0,0,20,26,6,13,8,6,6,7,0,0,0,0,4,1,2,1,2,3,0,0,0,0,11,18,4,6,24,27,17,8,8,17,3,5,51.1,48.9,Z. Bolduc (MTL),J. Dobes (MTL),J. Struble (MTL)
2026-03-26,2025021138,20252026,2,2026-03-26T23:00:00Z,Canadian Tire Centre,SO,PIT,OTT,PIT,3,4,1,1,1,1,1,1,0,0,4,4,0,2,2,0,2,2,0,0,0,1,1,0,1,1,0,0,29,40,10,11,6,16,7,9,6,4,1,1,3,6,2,2,2,2,0,0,0,0,18,27,4,4,31,15,12,15,18,18,3,8,69.2,30.8,D. Batherson (OTT),E. Karlsson (PIT),L. Ullmark (OTT)
2026-03-26,2025021139,20252026,2,2026-03-26T23:00:00Z,Benchmark International Arena,OT,SEA,TBL,SEA,3,4,1,2,2,1,0,0,0,1,8,8,2,0,6,8,0,0,0,0,1,0,3,4,0,0,0,0,33,20,6,8,15,7,11,4,1,1,1,0,2,3,1,1,4,4,0,0,0,0,9,5,13,13,19,20,9,27,17,11,4,6,61.1,38.9,B. Montour (SEA),J. Guentzel (TBL),B. McMann (SEA)
2026-03-26,2025021140,20252026,2,2026-03-26T23:00:00Z,Amerant Bank Arena,REG,MIN,FLA,MIN,2,3,0,0,0,2,2,1,0,0,2,2,2,0,0,2,0,0,0,0,1,0,0,1,0,0,0,0,20,50,6,19,8,11,6,20,0,0,0,0,2,0,1,1,1,1,0,0,0,0,12,15,2,2,21,15,9,20,13,13,5,4,48.5,51.5,J. Eriksson Ek (MIN),D. Tarasov (FLA),M. Tkachuk (FLA)
2026-03-26,2025021141,20252026,2,2026-03-26T23:00:00Z,UBS Arena,REG,NYI,NYI,DAL,2,1,1,0,0,0,1,1,0,0,4,6,0,2,2,2,2,2,0,0,0,1,1,1,1,1,0,0,25,27,10,6,6,11,9,10,0,0,0,0,3,7,3,2,2,3,0,0,0,0,12,16,4,6,15,21,15,10,17,18,4,5,57.9,42.1,I. Sorokin (NYI),M. Schaefer (NYI),B. Horvat (NYI)
2026-03-26,2025021142,20252026,2,2026-03-26T23:00:00Z,Xfinity Mobile Arena,REG,PHI,PHI,CHI,5,1,2,0,3,1,0,0,0,0,6,8,2,6,4,0,0,2,0,0,1,3,2,0,0,1,0,0,42,26,10,9,14,10,18,7,0,0,0,0,3,0,4,3,3,4,0,0,0,0,20,7,6,8,22,13,11,8,14,14,6,1,61.8,38.2,S. Ersson (PHI),C. Dvorak (PHI),J. Drysdale (PHI)
2026-03-26,2025021143,20252026,2,2026-03-27T00:00:00Z,Enterprise Center,OT,STL,STL,SJS,2,1,0,0,1,0,0,1,1,0,4,6,2,2,2,4,0,0,0,0,1,1,1,2,0,0,0,0,23,25,6,9,11,6,4,8,2,2,0,0,4,1,2,1,2,3,0,0,0,0,10,11,9,21,27,27,21,13,12,22,5,5,57.6,42.4,D. Holloway (STL),J. Hofer (STL),L. Mailloux (STL)
2026-03-26,2025021144,20252026,2,2026-03-27T00:00:00Z,Bridgestone Arena,REG,NJD,NSH,NJD,2,4,0,1,2,1,0,2,0,0,6,2,0,0,2,0,4,2,0,0,0,0,1,0,2,1,0,0,17,30,5,9,6,10,6,11,0,0,0,1,1,4,1,3,3,1,0,0,0,1,13,14,26,2,13,21,13,17,13,14,3,5,34.8,65.2,J. Hughes (NJD),N. Hischier (NJD),S. Stamkos (NSH)
2026-03-26,2025021145,20252026,2,2026-03-27T00:00:00Z,Canada Life Centre,REG,COL,WPG,COL,2,3,1,1,0,0,1,2,0,0,10,10,0,0,6,2,4,8,0,0,0,0,3,1,2,4,0,0,24,35,7,11,10,9,7,15,0,0,0,1,4,2,4,4,5,5,0,0,0,0,16,13,15,15,25,14,22,7,14,14,3,4,50.0,50.0,N. MacKinnon (COL),M. Scheifele (WPG),J. Drury (COL)
2026-03-26,2025021146,20252026,2,2026-03-27T01:00:00Z,Delta Center,REG,WSH,UTA,WSH,4,7,3,1,0,2,1,4,0,0,10,12,6,8,2,4,2,0,0,0,3,4,1,2,1,0,0,0,40,25,11,8,13,8,16,9,0,0,2,1,7,3,4,3,5,6,0,0,0,1,29,13,50,32,20,19,10,17,15,15,5,4,48.3,51.7,A. Ovechkin (WSH),D. Guenther (UTA),I. Miroshnichenko (WSH)
2026-03-26,2025021147,20252026,2,2026-03-27T01:00:00Z,Scotiabank Saddledome,OT,ANA,CGY,ANA,2,3,0,0,1,1,1,1,0,1,8,2,2,0,4,0,2,2,2,0,1,0,2,0,1,1,1,0,25,33,10,8,7,8,8,15,0,2,0,1,2,5,1,4,4,1,0,0,0,0,12,16,10,2,17,22,21,14,24,16,7,6,48.4,51.6,M. Granlund (ANA),O. Maatta (CGY),D. Cooley (CGY)
2026-03-26,2025021148,20252026,2,2026-03-27T01:30:00Z,T-Mobile Arena,OT,EDM,VGK,EDM,3,4,0,1,2,2,1,0,0,1,8,8,8,6,0,2,0,0,0,2,4,3,0,1,0,0,0,1,29,29,8,8,10,9,7,10,4,2,0,0,2,3,2,2,4,4,0,0,0,0,6,13,13,15,21,15,20,14,15,13,8,5,48.3,51.7,E. Bouchard (EDM),M. Stone (VGK),I. Barbashev (VGK)
2026-03-26,2025021149,20252026,2,2026-03-27T02:00:00Z,Rogers Arena,REG,LAK,VAN,LAK,0,4,0,1,0,2,0,1,0,0,4,4,4,0,0,2,0,2,0,0,2,0,0,1,0,1,0,0,19,38,7,15,5,17,7,6,0,0,0,1,1,7,2,2,2,2,0,0,0,1,13,12,39,29,14,23,13,13,16,11,4,2,26.2,73.8,Q. Byfield (LAK),K. Lankinen (VAN),T. Moore (LAK)
2026-03-27,2025021150,20252026,2,2026-03-27T23:00:00Z,KeyBank Center,REG,DET,BUF,DET,2,5,0,3,1,0,1,2,0,0,14,8,4,2,4,4,6,2,0,0,2,1,2,2,3,1,0,0,30,20,11,10,12,3,7,7,0,0,0,2,4,7,3,6,7,4,0,0,0,1,21,10,14,8,27,11,6,14,18,18,6,6,44.2,55.8,L. Raymond (DET),M. Seider (DET),J. Gibson (DET)
2026-03-27,2025021151,20252026,2,2026-03-27T23:00:00Z,Madison Square Garden,REG,NYR,NYR,CHI,6,1,1,1,3,0,2,0,0,0,8,8,2,0,0,0,6,8,0,0,1,0,0,0,3,4,0,0,38,28,15,11,16,4,7,13,0,0,1,0,4,5,3,3,4,4,0,0,0,0,21,11,13,13,22,12,9,9,14,20,6,3,60.0,40.0,D. Garand (NYR),A. Sykora (NYR),D. Fortescue (NYR)
2026-03-28,2025021152,20252026,2,2026-03-28T17:00:00Z,Benchmark International Arena,REG,TBL,TBL,OTT,4,2,0,2,2,0,2,0,0,0,6,10,0,4,6,6,0,0,0,0,0,2,3,3,0,0,0,0,27,28,8,11,11,8,8,9,0,0,0,0,3,3,4,2,3,5,0,0,0,0,26,12,6,10,21,23,12,24,15,18,1,7,45.3,54.7,C. D'Astous (TBL),E. Lilleberg (TBL),B. Hagel (TBL)
2026-03-28,2025021153,20252026,2,2026-03-28T17:00:00Z,UBS Arena,REG,NYI,NYI,FLA,5,2,0,2,5,0,0,0,0,0,2,6,0,2,0,4,2,0,0,0,0,1,0,2,1,0,0,0,40,21,8,8,24,5,8,8,0,0,1,0,3,1,3,1,1,3,0,0,0,0,22,21,2,6,13,21,18,10,17,17,3,4,65.4,34.6,B. Schenn (NYI),M. Gatcomb (NYI),C. Cizikas (NYI)
2026-03-28,2025021154,20252026,2,2026-03-28T19:30:00Z,Rogers Place,REG,EDM,EDM,ANA,4,2,0,0,1,0,3,2,0,0,6,6,2,2,4,2,0,2,0,0,1,1,2,1,0,1,0,0,34,33,15,12,11,3,8,18,0,0,0,0,6,3,3,3,3,3,0,0,1,0,13,15,6,6,22,15,18,15,15,11,1,6,40.7,59.3,C. McDavid (EDM),J. Carlson (ANA),C. Ingram (EDM)
2026-03-28,2025021155,20252026,2,2026-03-28T21:00:00Z,TD Garden,REG,BOS,BOS,MIN,6,3,2,0,1,1,3,2,0,0,8,6,2,4,2,0,4,2,0,0,1,2,1,0,2,1,0,0,31,34,9,12,12,13,10,9,0,0,0,1,3,6,2,3,4,3,0,0,1,0,22,26,13,11,20,19,23,11,18,22,3,7,56.9,43.1,P. Zacha (BOS),V. Arvidsson (BOS),D. Pastrnak (BOS)
2026-03-28,2025021156,20252026,2,2026-03-28T21:00:00Z,PPG Paints Arena,REG,DAL,PIT,DAL,3,6,1,0,1,4,1,2,0,0,10,8,6,2,4,2,0,4,0,0,3,1,2,1,0,2,0,0,12,26,4,9,5,9,3,8,0,0,1,2,3,8,4,5,5,4,0,0,0,2,20,14,10,8,19,12,13,24,17,12,3,4,41.1,58.9,M. Bourque (DAL),E. Karlsson (PIT),J. Robertson (DAL)
2026-03-28,2025021157,20252026,2,2026-03-28T21:00:00Z,Lenovo Center,REG,CAR,CAR,NJD,5,2,0,1,3,0,2,1,0,0,6,2,4,0,0,2,2,0,0,0,2,0,0,1,1,0,0,0,34,19,8,6,15,5,11,8,0,0,1,0,1,5,1,3,3,1,1,0,1,0,20,11,6,2,12,26,9,15,23,17,7,4,50.0,50.0,N. Ehlers (CAR),J. Blake (CAR),T. Hall (CAR)
2026-03-28,2025021158,20252026,2,2026-03-28T21:00:00Z,Nationwide Arena,REG,SJS,CBJ,SJS,2,3,1,1,1,0,0,2,0,0,4,2,0,0,2,2,2,0,0,0,0,0,1,1,1,0,0,0,24,36,9,8,8,18,7,10,0,0,0,1,1,2,1,2,2,1,0,0,0,0,11,15,4,2,17,16,11,8,12,25,6,4,52.5,47.5,I. Chernyshov (SJS),E. Merzlikins (CBJ),M. Celebrini (SJS)
2026-03-28,2025021159,20252026,2,2026-03-28T21:30:00Z,KeyBank Center,SO,BUF,BUF,SEA,3,2,0,1,1,1,1,0,0,0,8,6,4,2,2,2,2,2,0,0,2,1,1,1,1,1,0,0,36,34,10,11,17,14,6,9,3,0,1,0,4,5,3,4,4,3,0,0,0,0,17,14,13,11,27,14,10,17,18,14,6,6,52.5,47.5,U. Luukkonen (BUF),P. Krebs (BUF),J. Quinn (BUF)
2026-03-28,2025021160,20252026,2,2026-03-28T23:00:00Z,Enterprise Center,REG,STL,STL,TOR,5,1,0,0,2,0,3,1,0,0,6,4,4,0,0,2,2,2,0,0,2,0,0,1,1,1,0,0,38,13,10,4,15,4,13,5,0,0,1,0,2,0,2,3,3,2,1,0,0,0,9,14,6,4,13,23,6,10,9,25,3,6,54.2,45.8,D. Holloway (STL),J. Kyrou (STL),J. Neighbours (STL)
2026-03-28,2025021161,20252026,2,2026-03-28T23:00:00Z,Bridgestone Arena,REG,MTL,NSH,MTL,1,4,0,1,0,3,1,0,0,0,6,8,2,0,2,6,2,2,0,0,1,0,1,3,1,1,0,0,24,32,3,9,12,14,9,9,0,0,0,0,5,3,3,2,3,4,0,0,0,0,13,16,16,8,25,20,7,16,18,20,3,5,50.0,50.0,I. Demidov (MTL),J. Fowler (MTL),J. Slafkovský (MTL)
2026-03-28,2025021162,20252026,2,2026-03-28T23:00:00Z,Ball Arena,REG,WPG,COL,WPG,2,4,1,1,1,1,0,2,0,0,8,8,0,2,0,0,8,6,0,0,0,1,0,0,4,3,0,0,23,21,9,10,10,6,4,5,0,0,1,0,1,1,2,2,4,4,0,0,0,1,11,11,8,8,21,32,16,18,14,13,5,7,50.0,50.0,C. Perfetti (WPG),G. Vilardi (WPG),B. Nelson (COL)
2026-03-28,2025021163,20252026,2,2026-03-29T00:00:00Z,Little Caesars Arena,REG,PHI,DET,PHI,3,5,0,1,0,2,3,2,0,0,6,6,0,0,2,4,4,2,0,0,0,0,1,2,2,1,0,0,35,26,7,8,11,9,17,9,0,0,0,2,3,4,2,2,3,3,0,0,0,1,12,10,16,6,22,25,9,14,13,14,6,4,45.2,54.8,O. Tippett (PHI),N. Cates (PHI),M. Seider (DET)
2026-03-28,2025021164,20252026,2,2026-03-29T01:00:00Z,Crypto.com Arena,REG,UTA,LAK,UTA,2,6,1,3,0,2,1,1,0,0,6,4,2,0,2,4,2,0,0,0,1,0,1,2,1,0,0,0,31,28,9,12,8,4,14,12,0,0,0,2,3,5,2,3,3,2,0,0,0,1,16,12,6,4,36,21,24,13,17,13,2,6,53.2,46.8,M. Sergachev (UTA),A. Kerfoot (UTA),L. Cooley (UTA)
2026-03-28,2025021165,20252026,2,2026-03-29T02:00:00Z,Scotiabank Saddledome,REG,CGY,CGY,VAN,7,3,2,1,4,1,1,1,0,0,8,6,2,2,2,2,4,2,0,0,1,1,1,1,2,1,0,0,23,34,7,10,9,14,7,10,0,0,2,1,4,6,3,4,4,3,0,0,0,0,7,15,13,11,18,32,11,12,21,19,5,8,54.1,45.9,M. Coronato (CGY),M. Frost (CGY),Z. Parekh (CGY)
2026-03-28,2025021166,20252026,2,2026-03-29T02:30:00Z,T-Mobile Arena,SO,WSH,VGK,WSH,4,5,0,1,3,2,1,1,0,0,10,8,0,0,6,4,4,4,2,0,0,0,3,2,2,2,1,0,29,22,12,6,10,5,6,7,1,4,1,2,2,6,3,5,5,4,2,0,0,0,19,10,12,8,15,18,11,13,20,20,3,8,51.6,48.4,J. Eichel (VGK),N. Dowd (VGK),D. Strome (WSH)
2026-03-29,2025021167,20252026,2,2026-03-29T17:00:00Z,Madison Square Garden,REG,NYR,NYR,FLA,3,1,0,0,0,0,3,1,0,0,6,2,2,0,0,2,4,0,0,0,1,0,0,1,2,0,0,0,22,27,5,15,8,3,9,9,0,0,0,0,1,6,1,3,3,1,1,0,1,0,13,20,11,7,24,15,21,10,16,9,6,4,61.5,38.5,I. Shesterkin (NYR),C. Sheary (NYR),A. Fox (NYR)
2026-03-29,2025021168,20252026,2,2026-03-29T21:00:00Z,Benchmark International Arena,REG,TBL,TBL,NSH,3,2,0,0,1,1,2,1,0,0,8,8,4,2,2,4,2,2,0,0,2,1,1,2,1,1,0,0,28,31,1,10,11,8,16,13,0,0,0,0,5,4,4,4,4,4,0,0,0,0,22,14,18,8,18,19,13,12,13,15,6,3,46.2,53.8,J. Guentzel (TBL),B. Hagel (TBL),J. Johansson (TBL)
2026-03-29,2025021169,20252026,2,2026-03-29T21:00:00Z,Lenovo Center,REG,MTL,CAR,MTL,1,3,1,0,0,3,0,0,0,0,8,6,2,2,4,0,2,4,0,0,1,1,2,0,1,2,0,0,35,18,13,6,14,8,8,4,0,0,1,1,3,11,3,4,4,3,0,0,0,0,32,11,8,6,29,21,12,32,13,14,4,4,54.2,45.8,J. Dobes (MTL),N. Suzuki (MTL),C. Caufield (MTL)
2026-03-29,2025021170,20252026,2,2026-03-29T21:00:00Z,Nationwide Arena,SO,BOS,CBJ,BOS,3,4,3,0,0,0,0,3,0,0,10,6,2,4,2,0,6,2,0,0,1,2,1,0,3,1,0,0,25,39,13,8,5,13,5,12,2,6,1,2,2,5,2,4,5,3,0,0,0,0,8,17,20,16,23,21,24,14,16,14,5,4,45.8,54.2,V. Arvidsson (BOS),P. Zacha (BOS),M. Marchment (CBJ)
2026-03-29,2025021171,20252026,2,2026-03-29T23:00:00Z,Prudential Center,REG,NJD,NJD,CHI,5,3,1,2,1,0,3,1,0,0,6,4,0,2,2,2,4,0,0,0,0,1,1,1,2,0,0,0,40,31,14,13,16,5,10,13,0,0,1,1,3,5,2,3,3,2,0,0,1,0,27,19,6,4,23,13,14,20,24,16,6,2,60.3,39.7,J. Hughes (NJD),F. Nazar (CHI),D. Hamilton (NJD)
2026-03-29,2025021172,20252026,2,2026-03-29T23:00:00Z,Xfinity Mobile Arena,OT,PHI,PHI,DAL,2,1,0,0,1,1,0,0,1,0,4,6,2,2,0,4,2,0,0,0,1,1,0,2,1,0,0,0,30,18,4,6,13,9,9,3,4,0,1,0,4,1,3,2,2,3,0,1,0,0,16,13,4,6,31,14,10,5,12,9,7,4,56.2,43.8,T. Zegras (PHI),S. Ersson (PHI),C. DeSmith (DAL)
2026-03-30,2025021173,20252026,2,2026-03-30T23:00:00Z,UBS Arena,REG,PIT,NYI,PIT,3,8,0,0,3,5,0,3,0,0,4,6,4,2,0,4,0,0,0,0,2,1,0,2,0,0,0,0,23,32,7,11,8,13,8,8,0,0,1,0,1,0,2,1,2,3,0,1,0,0,12,18,9,11,16,16,14,17,15,16,5,6,68.3,31.7,A. Mantha (PIT),J. Brazeau (PIT),R. Rakell (PIT)
2026-03-30,2025021174,20252026,2,2026-03-31T00:30:00Z,Ball Arena,REG,COL,COL,CGY,9,2,5,0,1,1,3,1,0,0,2,8,0,4,2,2,0,2,0,0,0,2,1,1,0,1,0,0,49,29,26,9,7,8,16,12,0,0,3,0,6,1,4,1,1,4,0,0,0,0,24,16,2,8,15,15,12,15,16,15,6,5,41.4,58.6,N. Kadri (COL),P. Kelly (COL),J. Drury (COL)
2026-03-30,2025021175,20252026,2,2026-03-31T02:00:00Z,T-Mobile Arena,REG,VGK,VGK,VAN,4,2,0,1,3,1,1,0,0,0,4,6,0,2,4,4,0,0,0,0,0,1,2,2,0,0,0,0,34,24,10,7,15,10,9,7,0,0,0,1,2,2,2,1,2,3,0,0,1,0,13,4,9,11,33,25,4,15,10,6,4,2,48.4,51.6,R. Smith (VGK),S. Theodore (VGK),R. Andersson (VGK)
2026-03-30,2025021176,20252026,2,2026-03-31T02:00:00Z,Honda Center,OT,TOR,ANA,TOR,4,5,2,1,1,0,1,3,0,1,12,16,4,8,6,6,2,2,0,0,2,4,3,3,1,1,0,0,32,29,9,9,12,10,8,7,3,3,1,2,6,7,6,4,6,8,0,0,0,0,23,17,32,66,15,28,10,15,23,15,6,4,56.9,43.1,L. Carlsson (ANA),W. Nylander (TOR),J. Tavares (TOR)
2026-03-30,2025021177,20252026,2,2026-03-31T02:00:00Z,SAP Center at San Jose,REG,SJS,SJS,STL,5,4,3,2,1,1,1,1,0,0,6,8,0,4,4,4,2,0,0,0,0,2,2,2,1,0,0,0,29,26,11,4,9,9,9,13,0,0,3,2,7,4,4,3,3,4,0,0,0,0,10,9,6,8,18,15,15,15,12,11,3,1,46.3,53.7,M. Celebrini (SJS),A. Gaudette (SJS),A. Wennberg (SJS)
2026-03-31,2025021178,20252026,2,2026-03-31T23:00:00Z,TD Garden,REG,BOS,BOS,DAL,6,3,2,0,0,2,4,1,0,0,6,4,2,2,0,2,4,0,0,0,1,1,0,1,2,0,0,0,24,16,9,5,5,8,10,3,0,0,1,1,1,1,2,3,3,2,0,0,2,0,16,12,6,4,24,24,8,12,20,17,4,4,64.2,35.8,D. Pastrnak (BOS),V. Arvidsson (BOS),E. Lindholm (BOS)
2026-03-31,2025021179,20252026,2,2026-03-31T23:00:00Z,KeyBank Center,REG,BUF,BUF,NYI,4,3,1,0,0,1,3,2,0,0,8,10,2,4,2,2,4,4,0,0,1,2,1,1,2,2,0,0,33,28,12,6,7,9,14,13,0,0,2,1,6,3,4,3,4,5,0,0,1,0,21,9,13,15,25,26,15,10,19,12,1,6,45.8,54.2,P. Krebs (BUF),J. Quinn (BUF),J. Norris (BUF)
2026-03-31,2025021180,20252026,2,2026-03-31T23:00:00Z,Benchmark International Arena,REG,MTL,TBL,MTL,1,4,1,1,0,1,0,2,0,0,30,32,6,6,2,2,22,24,0,0,3,3,1,1,11,12,0,0,37,23,8,9,12,6,17,8,0,0,0,1,10,3,4,3,15,16,0,1,0,2,10,11,30,32,21,23,9,17,17,9,4,4,45.9,54.1,J. Dobes (MTL),A. Vasilevskiy (TBL),C. Caufield (MTL)
2026-03-31,2025021181,20252026,2,2026-03-31T23:00:00Z,Amerant Bank Arena,REG,FLA,FLA,OTT,6,3,5,0,1,2,0,1,0,0,8,6,0,6,6,0,2,0,0,0,0,3,3,0,1,0,0,0,29,26,18,6,7,7,4,13,0,0,2,0,11,7,3,5,4,3,0,0,0,0,23,19,13,6,18,17,14,6,12,16,1,4,45.2,54.8,M. Tkachuk (FLA),C. Verhaeghe (FLA),S. Jones (FLA)
2026-03-31,2025021182,20252026,2,2026-03-31T23:00:00Z,Madison Square Garden,REG,NYR,NYR,NJD,4,1,2,0,1,1,1,0,0,0,8,8,0,2,2,2,6,4,0,0,0,1,1,1,3,2,0,0,23,23,8,5,13,13,2,5,0,0,1,1,2,4,3,3,4,4,0,0,0,0,24,24,13,13,33,19,17,10,15,21,4,6,48.1,51.9,I. Shesterkin (NYR),M. Zibanejad (NYR),J. Miller (NYR)
2026-03-31,2025021183,20252026,2,2026-03-31T23:00:00Z,PPG Paints Arena,REG,PIT,PIT,DET,5,1,3,0,1,1,1,0,0,0,4,8,0,2,4,2,0,4,0,0,0,1,2,1,0,2,0,0,32,23,14,6,9,9,9,8,0,0,0,1,8,2,3,1,2,4,0,0,0,0,21,19,9,13,18,32,13,13,14,17,6,5,47.5,52.5,E. Chinakhov (PIT),S. Skinner (PIT),A. Mantha (PIT)
2026-03-31,2025021184,20252026,2,2026-03-31T23:00:00Z,Capital One Arena,REG,WSH,WSH,PHI,6,4,2,0,2,2,2,2,0,0,12,10,4,4,2,4,6,2,0,0,2,2,1,2,3,1,0,0,18,24,5,11,8,5,5,8,0,0,2,0,4,4,3,3,6,5,0,0,1,0,8,19,12,10,25,34,21,11,9,18,7,3,43.9,56.1,T. Wilson (WSH),A. Ovechkin (WSH),P. Dubois (WSH)
2026-03-31,2025021185,20252026,2,2026-03-31T23:30:00Z,Nationwide Arena,REG,CAR,CBJ,CAR,2,5,0,2,1,0,1,3,0,0,10,6,4,2,2,2,4,2,0,0,2,1,1,1,2,1,0,0,25,33,8,11,6,11,11,11,0,0,0,3,5,6,3,5,5,3,0,1,0,1,14,26,10,6,23,18,15,10,13,16,4,5,39.3,60.7,N. Ehlers (CAR),K. Marchenko (CBJ),A. Svechnikov (CAR)
2026-03-31,2025021186,20252026,2,2026-04-01T00:30:00Z,United Center,OT,WPG,CHI,WPG,3,4,1,0,1,3,1,0,0,1,2,4,0,0,2,0,0,4,0,0,0,0,1,0,0,2,0,0,21,24,9,6,2,15,10,2,0,1,0,1,2,1,2,1,1,2,0,0,0,0,10,14,2,4,20,27,9,12,13,12,7,5,33.3,66.7,T. Bertuzzi (CHI),K. Connor (WPG),M. Scheifele (WPG)
2026-03-31,2025021187,20252026,2,2026-04-01T01:00:00Z,Rogers Place,REG,EDM,EDM,SEA,3,0,2,0,0,0,1,0,0,0,6,2,0,2,4,0,2,0,0,0,0,1,2,0,1,0,0,0,24,27,12,6,9,13,3,8,0,0,0,0,2,6,1,3,3,1,0,0,1,0,14,16,6,2,17,13,16,8,8,12,7,5,49.0,51.0,C. Ingram (EDM),K. Kapanen (EDM),M. Savoie (EDM)
2026-04-01,2025021188,20252026,2,2026-04-02T00:30:00Z,Ball Arena,REG,VAN,COL,VAN,6,8,2,3,1,3,3,2,0,0,6,6,4,2,0,4,2,0,0,0,2,1,0,2,1,0,0,0,30,26,7,12,6,8,17,6,0,0,0,1,3,3,3,3,3,3,0,1,0,1,16,16,6,6,11,21,8,14,24,8,2,5,44.3,55.7,B. Boeser (VAN),S. Malinski (COL),T. Blueger (VAN)
2026-04-01,2025021189,20252026,2,2026-04-02T01:00:00Z,Crypto.com Arena,OT,LAK,LAK,STL,2,1,0,0,1,0,0,1,1,0,6,6,4,2,2,2,0,2,0,0,2,1,1,1,0,1,0,0,26,24,6,10,13,4,4,9,3,1,1,0,1,3,3,3,3,3,0,0,0,0,10,17,11,11,26,15,23,14,21,17,7,4,52.5,47.5,T. Moore (LAK),A. Kempe (LAK),R. Thomas (STL)
2026-04-01,2025021190,20252026,2,2026-04-02T01:00:00Z,SAP Center at San Jose,REG,SJS,SJS,ANA,4,3,1,1,0,1,3,1,0,0,8,6,6,4,2,2,0,0,0,0,3,2,1,1,0,0,0,0,21,31,7,13,7,9,7,9,0,0,1,0,2,5,2,3,4,3,0,0,0,0,9,12,13,11,25,20,9,15,16,9,9,5,58.6,41.4,M. Celebrini (SJS),W. Smith (SJS),A. Wennberg (SJS)
2026-04-02,2025021191,20252026,2,2026-04-02T23:00:00Z,Canadian Tire Centre,REG,OTT,OTT,BUF,4,1,0,0,1,1,3,0,0,0,4,4,4,2,0,2,0,0,0,0,2,1,0,1,0,0,0,0,24,22,4,6,8,9,12,7,0,0,0,0,4,3,2,2,2,2,0,0,2,0,14,14,9,19,32,24,10,16,13,14,3,4,49.1,50.9,D. Cozens (OTT),J. Spence (OTT),L. Ullmark (OTT)
2026-04-02,2025021192,20252026,2,2026-04-02T23:00:00Z,Benchmark International Arena,REG,TBL,TBL,PIT,6,3,1,2,3,0,2,1,0,0,10,8,2,2,0,0,8,6,0,0,1,1,0,0,4,3,0,0,33,24,11,11,9,8,13,5,0,0,0,1,1,2,3,4,5,4,1,0,1,0,15,12,10,8,18,21,10,18,17,15,4,4,39.1,60.9,A. Cirelli (TBL),N. Kucherov (TBL),Z. Girgensons (TBL)
2026-04-02,2025021193,20252026,2,2026-04-02T23:00:00Z,Amerant Bank Arena,REG,FLA,FLA,BOS,2,1,2,1,0,0,0,0,0,0,4,2,2,0,0,0,2,2,0,0,1,0,0,0,1,1,0,0,24,29,7,9,12,5,5,15,0,0,0,0,0,3,1,2,2,1,0,0,0,0,14,21,4,2,22,22,18,18,11,21,6,4,36.7,63.3,S. Bobrovsky (FLA),S. Bennett (FLA),J. Swayman (BOS)
2026-04-02,2025021195,20252026,2,2026-04-02T23:00:00Z,Madison Square Garden,REG,MTL,NYR,MTL,2,3,0,0,0,2,2,1,0,0,4,6,2,4,2,2,0,0,0,0,1,2,1,1,0,0,0,0,24,25,7,8,5,11,12,6,0,0,0,0,5,2,3,2,2,3,0,0,0,0,19,13,4,6,27,22,5,13,18,15,5,3,42.3,57.7,C. Caufield (MTL),J. Fowler (MTL),W. Cuylle (NYR)
2026-04-02,2025021196,20252026,2,2026-04-02T23:00:00Z,Xfinity Mobile Arena,REG,DET,PHI,DET,2,4,0,1,1,1,1,2,0,0,4,2,4,0,0,0,0,2,0,0,2,0,0,0,0,1,0,0,34,19,7,7,12,8,15,4,0,0,0,1,5,3,1,2,2,1,0,0,0,0,21,11,4,2,31,21,9,16,13,12,3,6,50.0,50.0,A. DeBrincat (DET),P. Martone (PHI),P. Kane (DET)
2026-04-02,2025021197,20252026,2,2026-04-02T23:00:00Z,Lenovo Center,REG,CAR,CAR,CBJ,5,1,3,0,1,1,1,0,0,0,8,6,2,0,0,2,6,4,0,0,1,0,0,1,3,2,0,0,21,10,9,2,6,4,6,4,0,0,1,0,1,1,2,3,4,3,1,0,0,0,16,15,8,6,19,18,19,14,19,17,5,8,60.5,39.5,L. Stankoven (CAR),S. Aho (CAR),T. Hall (CAR)
2026-04-02,2025021194,20252026,2,2026-04-02T23:30:00Z,Prudential Center,REG,NJD,NJD,WSH,7,3,3,2,1,0,3,1,0,0,8,6,2,0,2,0,4,6,0,0,1,0,1,0,2,3,0,0,30,32,8,9,9,14,13,9,0,0,1,1,4,5,2,3,4,3,0,0,1,0,9,17,18,16,12,18,18,17,24,13,3,5,52.6,47.4,J. Hughes (NJD),J. Bratt (NJD),D. Mercer (NJD)
2026-04-02,2025021198,20252026,2,2026-04-03T00:00:00Z,American Airlines Center,REG,DAL,DAL,WPG,3,0,2,0,1,0,0,0,0,0,8,4,2,2,2,0,4,2,0,0,1,1,1,0,2,1,0,0,21,22,11,4,6,7,4,11,0,0,1,0,1,3,1,3,4,2,0,0,0,0,15,14,23,19,20,14,15,5,21,11,5,3,45.0,55.0,J. Oettinger (DAL),A. Erne (DAL),A. Hyry (DAL)
2026-04-02,2025021199,20252026,2,2026-04-03T00:00:00Z,Grand Casino Arena,REG,MIN,MIN,VAN,5,2,1,2,2,0,2,0,0,0,4,4,2,2,2,2,0,0,0,0,1,1,1,1,0,0,0,0,39,33,15,15,11,5,13,13,0,0,0,1,2,2,2,2,2,2,0,0,1,0,12,12,4,4,17,22,19,11,18,16,2,4,40.7,59.3,M. Boldy (MIN),K. Kaprizov (MIN),M. Zuccarello (MIN)
2026-04-02,2025021200,20252026,2,2026-04-03T01:00:00Z,Rogers Place,REG,EDM,EDM,CHI,3,1,0,0,2,0,1,1,0,0,2,6,2,2,0,4,0,0,0,0,1,1,0,2,0,0,0,0,39,18,12,5,16,7,11,6,0,0,1,0,10,2,3,1,1,3,0,0,1,0,15,19,2,6,18,9,20,14,12,13,3,7,50.0,50.0,M. Savoie (EDM),A. Henrique (EDM),S. Knight (CHI)
2026-04-02,2025021201,20252026,2,2026-04-03T02:00:00Z,T-Mobile Arena,REG,VGK,VGK,CGY,6,3,0,1,3,2,3,0,0,0,4,12,4,4,0,4,0,4,0,0,2,2,0,2,0,2,0,0,34,22,14,8,14,11,6,3,0,0,1,0,9,3,6,2,2,6,0,0,0,0,14,6,4,12,23,24,9,21,25,15,4,3,45.2,54.8,M. Marner (VGK),B. Howden (VGK),S. Theodore (VGK)
2026-04-02,2025021202,20252026,2,2026-04-03T02:00:00Z,SAP Center at San Jose,REG,SJS,SJS,TOR,4,1,2,0,1,1,1,0,0,0,2,4,0,0,2,2,0,2,0,0,0,0,1,1,0,1,0,0,25,20,10,6,8,5,7,9,0,0,0,1,5,1,2,1,1,2,0,0,1,0,16,18,2,4,17,21,16,16,19,14,4,7,53.3,46.7,A. Nedeljkovic (SJS),W. Eklund (SJS),C. Graf (SJS)
2026-04-02,2025021203,20252026,2,2026-04-03T02:00:00Z,Climate Pledge Arena,REG,UTA,SEA,UTA,2,6,2,1,0,2,0,3,0,0,12,6,4,2,4,2,4,2,0,0,2,1,2,1,2,1,0,0,27,31,9,12,10,8,8,11,0,0,0,3,4,4,3,6,6,3,0,0,0,0,12,17,12,6,24,13,11,13,11,20,4,7,41.0,59.0,L. Cooley (UTA),D. Guenther (UTA),N. Schmaltz (UTA)
2026-04-02,2025021204,20252026,2,2026-04-03T02:30:00Z,Crypto.com Arena,SO,NSH,LAK,NSH,4,5,0,2,3,2,1,0,0,0,6,6,2,2,0,0,4,4,0,0,1,1,0,0,2,2,0,0,33,34,9,18,10,9,13,5,1,2,0,0,5,4,3,3,3,3,0,0,0,0,19,18,6,6,32,19,15,16,20,12,1,7,56.2,43.8,J. Marchessault (NSH),A. Kempe (LAK),S. Stamkos (NSH)
2026-04-03,2025021205,20252026,2,2026-04-03T23:00:00Z,UBS Arena,REG,PHI,NYI,PHI,1,4,0,2,1,1,0,1,0,0,4,6,4,0,0,4,0,2,0,0,2,0,0,2,0,1,0,0,22,21,2,12,12,6,8,3,0,0,0,0,5,3,3,2,2,3,0,0,0,0,15,15,4,6,26,25,10,23,13,13,5,5,58.6,41.4,M. Michkov (PHI),A. Bump (PHI),T. Sanheim (PHI)
2026-04-03,2025021206,20252026,2,2026-04-04T02:00:00Z,Honda Center,REG,STL,ANA,STL,2,6,2,3,0,2,0,1,0,0,10,8,2,0,4,4,4,4,0,0,1,0,2,2,2,2,0,0,27,29,8,13,9,8,10,8,0,0,0,2,3,5,3,4,5,4,0,0,0,0,20,12,10,8,25,19,10,14,16,16,4,6,48.4,51.6,P. Broberg (STL),R. Thomas (STL),R. Poehling (ANA)
2026-04-04,2025021207,20252026,2,2026-04-04T16:30:00Z,Madison Square Garden,REG,NYR,NYR,DET,4,1,1,0,1,0,2,1,0,0,8,4,2,2,2,0,4,2,0,0,1,1,1,0,2,1,0,0,20,33,6,8,7,6,7,19,0,0,1,0,2,8,2,4,4,2,0,0,1,0,11,24,13,9,23,14,17,15,12,10,4,4,60.7,39.3,J. Quick (NYR),G. Perreault (NYR),J. Chmelar (NYR)
2026-04-04,2025021208,20252026,2,2026-04-04T17:00:00Z,Canadian Tire Centre,REG,MIN,OTT,MIN,1,4,0,2,0,1,1,1,0,0,4,6,0,4,4,2,0,0,0,0,0,2,2,1,0,0,0,0,34,23,14,8,8,9,12,6,0,0,0,0,4,3,2,1,2,3,0,0,0,0,11,14,14,16,18,30,11,13,14,11,6,5,56.7,43.3,J. Wallstedt (MIN),R. Hartman (MIN),M. Zuccarello (MIN)
2026-04-04,2025021209,20252026,2,2026-04-04T19:00:00Z,American Airlines Center,REG,COL,DAL,COL,0,2,0,0,0,0,0,2,0,0,4,6,2,0,2,4,0,2,0,0,1,0,1,2,0,1,0,0,17,22,8,7,4,8,5,7,0,0,0,0,2,0,2,1,2,3,0,0,0,1,14,17,4,6,17,22,12,11,11,16,1,8,44.9,55.1,M. Necas (COL),S. Wedgewood (COL),C. DeSmith (DAL)
2026-04-04,2025021210,20252026,2,2026-04-04T21:00:00Z,Benchmark International Arena,REG,TBL,TBL,BOS,3,1,0,0,0,1,3,0,0,0,8,2,4,0,2,2,2,0,0,0,2,0,1,1,1,0,0,0,23,22,8,8,5,11,10,3,0,0,0,0,2,6,1,4,4,1,0,0,1,0,10,24,8,2,20,11,13,14,12,15,3,4,31.0,69.0,D. Raddysh (TBL),A. Vasilevskiy (TBL),Y. Gourde (TBL)
2026-04-04,2025021211,20252026,2,2026-04-04T21:00:00Z,PPG Paints Arena,REG,PIT,PIT,FLA,9,4,2,2,6,0,1,2,0,0,0,6,0,2,0,4,0,0,0,0,0,1,0,2,0,0,0,0,31,23,9,7,18,6,4,10,0,0,3,0,5,0,3,0,0,3,0,0,0,0,13,6,5,11,10,18,11,14,19,21,6,0,53.8,46.2,E. Malkin (PIT),E. Karlsson (PIT),E. Soderblom (PIT)
2026-04-04,2025021212,20252026,2,2026-04-04T23:00:00Z,Prudential Center,SO,MTL,NJD,MTL,3,4,0,1,2,2,1,0,0,0,10,2,2,2,6,0,2,0,0,0,1,1,3,0,1,0,0,0,38,29,15,9,10,8,12,10,1,2,0,1,2,4,1,5,5,1,1,0,0,0,8,18,10,2,17,16,13,6,13,12,1,6,57.6,42.4,J. Hughes (NJD),C. Caufield (MTL),T. Meier (NJD)
2026-04-04,2025021213,20252026,2,2026-04-04T23:00:00Z,Capital One Arena,REG,WSH,WSH,BUF,6,2,3,2,1,0,2,0,0,0,10,4,0,0,6,4,4,0,0,0,0,0,3,2,2,0,0,0,28,39,11,13,7,15,10,11,0,0,0,0,1,8,2,5,5,2,1,0,0,0,17,9,20,14,14,17,11,8,18,17,9,3,48.4,51.6,L. Thompson (WSH),C. McMichael (WSH),A. Protas (WSH)
2026-04-04,2025021214,20252026,2,2026-04-04T23:00:00Z,Lenovo Center,REG,CAR,CAR,NYI,4,3,1,1,2,1,1,1,0,0,4,8,0,2,4,6,0,0,0,0,0,1,2,3,0,0,0,0,40,16,13,4,18,2,9,10,0,0,0,0,5,1,3,1,2,4,1,0,0,0,21,9,4,8,21,23,7,19,6,15,5,4,47.4,52.6,S. Jarvis (CAR),S. Aho (CAR),K. Miller (CAR)
2026-04-04,2025021215,20252026,2,2026-04-04T23:00:00Z,Nationwide Arena,REG,WPG,CBJ,WPG,1,2,1,0,0,1,0,1,0,0,2,2,0,0,2,0,0,2,0,0,0,0,1,0,0,1,0,0,16,26,5,9,3,9,8,8,0,0,0,0,1,0,1,1,1,1,0,0,0,0,20,13,2,2,16,28,16,12,11,17,3,3,72.7,27.3,K. Connor (WPG),M. Scheifele (WPG),J. Greaves (CBJ)
2026-04-04,2025021216,20252026,2,2026-04-04T23:00:00Z,Rogers Arena,REG,UTA,VAN,UTA,4,7,1,2,1,2,2,3,0,0,12,14,4,2,6,8,2,4,0,0,2,1,3,4,1,2,0,0,23,25,11,8,7,9,5,8,0,0,2,1,3,3,4,3,6,7,0,0,0,1,9,12,12,14,21,15,10,15,18,12,4,4,53.2,46.8,C. Keller (UTA),L. Karlsson (VAN),L. Crouse (UTA)
2026-04-04,2025021217,20252026,2,2026-04-04T23:00:00Z,Crypto.com Arena,OT,LAK,LAK,TOR,7,6,0,2,3,2,3,2,1,0,12,14,2,8,10,6,0,0,0,0,1,4,5,3,0,0,0,0,40,20,11,8,17,6,8,5,4,1,0,2,13,4,5,4,6,7,0,1,0,0,26,11,12,14,18,27,12,16,13,11,2,4,61.3,38.7,A. Kempe (LAK),A. Panarin (LAK),M. Knies (TOR)
2026-04-04,2025021218,20252026,2,2026-04-05T02:00:00Z,Rogers Place,REG,VGK,EDM,VGK,1,5,0,1,1,2,0,2,0,0,4,6,2,4,0,0,2,2,0,0,1,2,0,0,1,1,0,0,32,33,10,11,8,11,14,11,0,0,0,1,3,3,3,2,2,3,0,0,0,0,17,10,4,6,34,16,11,15,15,19,3,8,56.0,44.0,B. Howden (VGK),C. Hart (VGK),J. Eichel (VGK)
2026-04-04,2025021219,20252026,2,2026-04-05T02:00:00Z,Honda Center,REG,CGY,ANA,CGY,3,5,1,1,0,3,2,1,0,0,2,6,0,0,2,2,0,4,0,0,0,0,1,1,0,2,0,0,39,20,16,6,10,9,13,5,0,0,1,0,5,0,3,1,1,3,0,0,0,1,25,15,2,6,21,27,13,16,14,20,6,3,44.4,55.6,L. Carlsson (ANA),J. Farabee (CGY),D. Cooley (CGY)
2026-04-04,2025021220,20252026,2,2026-04-05T02:00:00Z,SAP Center at San Jose,REG,NSH,SJS,NSH,3,6,0,3,2,0,1,3,0,0,14,14,4,4,4,4,6,6,0,0,2,2,2,2,3,3,0,0,27,34,5,12,13,9,9,13,0,0,0,2,2,4,4,4,7,7,0,1,0,1,11,13,14,14,32,25,17,17,14,14,4,6,47.1,52.9,T. Jost (NSH),R. O'Reilly (NSH),F. Forsberg (NSH)
2026-04-04,2025021221,20252026,2,2026-04-05T02:00:00Z,Climate Pledge Arena,REG,CHI,SEA,CHI,2,4,0,0,0,2,2,2,0,0,6,4,2,2,4,0,0,2,0,0,1,1,2,0,0,1,0,0,27,31,4,10,11,14,12,7,0,0,0,1,3,6,2,3,3,2,0,0,0,1,13,16,6,4,16,17,12,20,13,16,6,6,55.4,44.6,J. Schwartz (SEA),S. Boisvert (CHI),T. Bertuzzi (CHI)
2026-04-05,2025021222,20252026,2,2026-04-05T17:00:00Z,Little Caesars Arena,REG,MIN,DET,MIN,4,5,1,0,0,4,3,1,0,0,4,2,0,0,2,2,2,0,0,0,0,0,1,1,1,0,0,0,24,20,3,6,6,7,15,7,0,0,0,1,2,2,1,2,2,1,0,0,0,0,19,18,4,2,18,25,8,25,14,13,4,4,61.4,38.6,K. Kaprizov (MIN),A. Sandin-Pellikka (DET),M. Boldy (MIN)
2026-04-05,2025021223,20252026,2,2026-04-05T19:00:00Z,PPG Paints Arena,REG,PIT,PIT,FLA,5,2,3,1,1,0,1,1,0,0,16,18,2,6,4,6,10,6,0,0,1,3,2,3,5,3,0,0,23,31,8,7,10,11,5,13,0,0,1,1,11,10,7,6,8,9,0,0,0,0,12,24,21,23,7,28,16,9,13,16,4,4,42.0,58.0,R. Rakell (PIT),S. Crosby (PIT),A. Silovs (PIT)
2026-04-05,2025021224,20252026,2,2026-04-05T19:30:00Z,Xfinity Mobile Arena,OT,PHI,PHI,BOS,2,1,1,0,0,0,0,1,1,0,4,8,0,2,4,6,0,0,0,4,0,1,2,3,0,0,0,2,31,19,6,3,11,11,10,5,4,0,0,1,3,3,3,1,2,4,0,0,0,0,11,13,4,12,21,19,14,12,8,18,5,4,59.3,40.7,P. Martone (PHI),C. Dvorak (PHI),D. Vladar (PHI)
2026-04-05,2025021225,20252026,2,2026-04-05T21:00:00Z,Canadian Tire Centre,REG,OTT,OTT,CAR,6,3,2,2,1,0,3,1,0,0,4,4,2,2,2,0,0,2,0,0,1,1,1,0,0,1,0,0,31,28,15,13,10,9,6,6,0,0,2,1,7,4,2,2,2,2,0,0,1,0,14,11,4,4,28,30,22,11,19,16,5,3,60.9,39.1,B. Tkachuk (OTT),T. Stützle (OTT),R. Greig (OTT)
2026-04-05,2025021226,20252026,2,2026-04-05T23:00:00Z,Centre Bell,REG,NJD,MTL,NJD,0,3,0,1,0,1,0,1,0,0,6,10,2,0,2,2,2,8,0,0,1,0,1,1,1,4,0,0,18,20,4,9,4,6,10,5,0,0,0,0,3,2,4,2,3,5,0,0,0,1,20,15,11,45,27,20,11,19,13,19,3,7,44.2,55.8,J. Hughes (NJD),N. Hischier (NJD),J. Anderson (MTL)
2026-04-05,2025021227,20252026,2,2026-04-05T23:00:00Z,Madison Square Garden,REG,NYR,NYR,WSH,8,1,1,1,5,0,2,0,0,0,6,8,2,2,2,4,2,2,0,0,1,1,1,2,1,1,0,0,33,21,7,7,16,7,10,7,0,0,2,0,7,5,4,3,3,4,0,0,0,0,14,11,21,23,23,26,13,20,17,10,5,4,65.0,35.0,W. Cuylle (NYR),M. Zibanejad (NYR),A. Fox (NYR)
2026-04-05,2025021228,20252026,2,2026-04-06T01:30:00Z,Ball Arena,REG,STL,COL,STL,2,3,1,1,1,1,0,1,0,0,8,6,0,2,2,2,6,2,0,0,0,1,1,1,3,1,0,0,28,29,8,11,12,6,8,12,0,0,0,0,2,5,3,4,4,3,0,0,0,0,20,18,8,6,13,14,9,12,15,17,4,4,43.8,56.2,R. Thomas (STL),J. Snuggerud (STL),B. Burns (COL)
2026-04-06,2025021229,20252026,2,2026-04-06T23:00:00Z,KeyBank Center,REG,BUF,BUF,TBL,4,2,2,1,1,1,1,0,0,0,14,12,8,8,4,2,2,2,0,0,4,4,2,1,1,1,0,0,30,25,11,8,14,8,5,9,0,0,0,1,7,5,4,5,7,6,0,0,1,0,13,16,14,12,22,28,10,10,13,18,4,5,47.5,52.5,A. Tuch (BUF),U. Luukkonen (BUF),J. Zucker (BUF)
2026-04-06,2025021230,20252026,2,2026-04-06T23:30:00Z,Canada Life Centre,REG,WPG,WPG,SEA,6,2,1,1,2,0,3,1,0,0,0,6,0,2,0,4,0,0,0,0,0,1,0,2,0,0,0,0,31,24,7,13,13,4,11,7,0,0,3,0,5,0,3,0,0,3,0,0,1,0,22,22,0,6,27,16,11,10,13,15,3,5,58.3,41.7,M. Scheifele (WPG),J. Toews (WPG),K. Connor (WPG)
2026-04-06,2025021231,20252026,2,2026-04-07T02:00:00Z,SAP Center at San Jose,REG,SJS,SJS,CHI,3,2,0,1,2,0,1,1,0,0,6,4,2,2,2,2,2,0,0,0,1,1,1,1,1,0,0,0,23,29,6,7,12,12,5,10,0,0,0,1,2,9,2,3,3,2,0,0,0,0,14,11,6,4,27,8,8,12,19,15,2,5,69.2,30.8,W. Eklund (SJS),K. Sherwood (SJS),W. Smith (SJS)
2026-04-06,2025021232,20252026,2,2026-04-07T02:30:00Z,Crypto.com Arena,SO,LAK,LAK,NSH,3,2,1,0,1,1,0,1,0,0,4,0,0,0,4,0,0,0,0,0,0,0,2,0,0,0,0,0,28,31,12,4,11,19,3,6,2,2,0,1,0,2,0,2,2,0,0,0,0,0,16,17,4,0,18,24,18,20,14,18,6,3,58.3,41.7,S. Laughton (LAK),A. Forsberg (LAK),J. Wright (LAK)
2026-04-07,2025021233,20252026,2,2026-04-07T23:00:00Z,Centre Bell,SO,MTL,MTL,FLA,4,3,0,1,1,1,2,1,0,0,4,8,2,4,2,2,0,2,0,0,1,2,1,1,0,1,0,0,32,33,7,11,7,10,15,7,3,5,1,0,7,6,4,2,2,4,0,0,0,0,13,13,4,8,26,29,11,18,13,13,5,7,56.9,43.1,C. Caufield (MTL),I. Demidov (MTL),L. Hutson (MTL)
2026-04-07,2025021234,20252026,2,2026-04-07T23:00:00Z,Canadian Tire Centre,REG,OTT,OTT,TBL,6,2,0,0,1,1,5,1,0,0,6,8,2,4,2,0,2,4,0,0,1,2,1,0,1,2,0,0,32,30,7,11,12,7,13,12,0,0,2,0,4,1,3,2,3,4,1,0,1,0,19,14,6,8,19,15,12,12,11,18,4,4,39.1,60.9,J. Sanderson (OTT),B. Tkachuk (OTT),T. Stützle (OTT)
2026-04-07,2025021235,20252026,2,2026-04-07T23:00:00Z,Little Caesars Arena,SO,CBJ,DET,CBJ,3,4,1,1,1,1,1,1,0,0,8,4,0,2,4,0,4,2,0,0,0,1,2,0,2,1,0,0,37,35,9,9,12,15,9,8,7,3,1,1,2,3,1,4,4,2,0,0,0,0,15,18,8,4,26,20,25,23,14,15,5,6,46.0,54.0,Z. Werenski (CBJ),J. Faulk (DET),A. Fantilli (CBJ)
2026-04-07,2025021236,20252026,2,2026-04-07T23:00:00Z,Prudential Center,REG,PHI,NJD,PHI,1,5,1,2,0,2,0,1,0,0,4,6,2,0,0,4,2,2,0,0,1,0,0,2,1,1,0,0,24,20,10,7,9,9,5,4,0,0,0,1,6,5,3,2,2,3,0,0,0,1,23,4,4,6,17,15,3,15,18,20,7,1,42.6,57.4,T. Zegras (PHI),T. Foerster (PHI),M. Michkov (PHI)
2026-04-07,2025021237,20252026,2,2026-04-07T23:00:00Z,Lenovo Center,OT,CAR,CAR,BOS,6,5,2,3,3,1,0,1,1,0,4,8,2,2,0,4,2,2,0,0,1,1,0,2,1,1,0,0,41,21,13,8,15,9,12,4,1,0,1,0,5,1,4,2,2,4,0,0,0,0,18,12,4,8,30,18,11,10,17,23,4,2,43.7,56.3,J. Slavin (CAR),T. Hall (CAR),S. Walker (CAR)
2026-04-07,2025021238,20252026,2,2026-04-08T00:00:00Z,Enterprise Center,REG,COL,STL,COL,1,3,0,2,1,1,0,0,0,0,2,6,0,2,2,2,0,2,0,0,0,1,1,1,0,1,0,0,19,37,2,17,7,14,10,6,0,0,0,0,3,1,3,1,1,3,0,1,0,0,12,17,2,6,22,11,14,16,19,11,5,2,45.5,54.5,V. Nichushkin (COL),R. Thomas (STL),M. Necas (COL)
2026-04-07,2025021239,20252026,2,2026-04-08T00:00:00Z,American Airlines Center,OT,DAL,DAL,CGY,4,3,0,0,1,2,2,1,1,0,6,6,2,4,2,0,2,2,0,4,1,2,1,0,1,1,0,2,25,20,2,4,6,8,7,8,10,0,0,1,0,3,3,3,3,3,0,0,0,0,11,11,6,10,19,13,16,14,17,22,5,7,62.0,38.0,W. Johnston (DAL),J. Robertson (DAL),A. Klapka (CGY)
2026-04-07,2025021240,20252026,2,2026-04-08T00:00:00Z,Grand Casino Arena,REG,MIN,MIN,SEA,5,2,1,2,2,0,2,0,0,0,8,4,2,0,4,2,2,2,0,0,1,0,2,1,1,1,0,0,29,27,9,13,11,6,9,8,0,0,0,0,1,3,1,3,4,2,0,0,1,0,6,18,13,9,15,9,18,11,20,15,5,3,50.0,50.0,M. Boldy (MIN),J. Spurgeon (MIN),J. Brodin (MIN)
2026-04-07,2025021241,20252026,2,2026-04-08T01:30:00Z,Delta Center,OT,UTA,UTA,EDM,6,5,1,3,3,1,1,1,1,0,6,4,2,2,4,2,0,0,0,2,1,1,2,1,0,0,0,1,31,26,11,7,10,12,9,7,1,0,0,1,3,4,2,3,3,2,1,0,0,0,33,11,6,6,19,24,6,13,27,14,5,2,46.2,53.8,C. Keller (UTA),N. Schmaltz (UTA),A. Kerfoot (UTA)
2026-04-07,2025021242,20252026,2,2026-04-08T02:00:00Z,Rogers Arena,REG,VGK,VAN,VGK,1,2,0,0,1,1,0,1,0,0,2,4,2,0,0,2,0,2,0,0,1,0,0,1,0,1,0,0,11,29,2,11,5,12,4,6,0,0,0,0,3,1,2,1,1,2,0,0,0,0,12,18,2,4,27,22,16,20,9,11,7,1,42.0,58.0,C. Smith (VGK),N. Tolopilo (VAN),B. McNabb (VGK)
2026-04-07,2025021243,20252026,2,2026-04-08T02:00:00Z,Honda Center,REG,NSH,ANA,NSH,0,5,0,0,0,3,0,2,0,0,8,12,0,4,6,4,2,4,0,0,0,2,3,2,1,2,0,0,43,25,12,5,14,14,17,6,0,0,0,1,6,7,6,4,4,6,0,1,0,0,21,12,8,12,19,11,9,16,16,16,4,3,53.7,46.3,J. Annunen (NSH),R. O'Reilly (NSH),B. Skjei (NSH)
2026-04-08,2025021244,20252026,2,2026-04-08T23:00:00Z,Madison Square Garden,REG,BUF,NYR,BUF,3,5,1,2,2,0,0,3,0,0,8,6,0,2,6,2,2,2,0,0,0,1,3,1,1,1,0,0,20,27,12,11,7,8,1,8,0,0,2,0,2,4,3,4,4,3,0,0,0,1,9,14,8,6,26,19,11,19,12,17,4,6,55.8,44.2,J. Zucker (BUF),R. McLeod (BUF),A. Lafrenière (NYR)
2026-04-08,2025021245,20252026,2,2026-04-08T23:30:00Z,Scotiabank Arena,REG,WSH,TOR,WSH,0,4,0,1,0,2,0,1,0,0,4,6,2,2,2,2,0,2,0,0,1,1,1,1,0,1,0,0,22,20,8,7,8,9,6,4,0,0,0,0,2,3,3,2,2,3,0,0,0,1,17,15,4,6,13,16,12,18,16,14,4,7,65.5,34.5,L. Thompson (WSH),D. Strome (WSH),M. Fehérváry (WSH)
2026-04-08,2025021246,20252026,2,2026-04-09T02:00:00Z,SAP Center at San Jose,REG,EDM,SJS,EDM,2,5,1,2,1,3,0,0,0,0,6,6,4,4,2,2,0,0,0,0,2,2,1,1,0,0,0,0,14,26,3,8,7,11,4,7,0,0,1,3,3,5,3,3,3,3,0,0,0,0,14,15,6,6,19,33,15,12,21,13,7,2,51.1,48.9,C. McDavid (EDM),E. Bouchard (EDM),J. Roslovic (EDM)
2026-04-09,2025021252,20252026,2,2026-04-09T22:45:00Z,UBS Arena,REG,NYI,NYI,TOR,5,3,2,1,2,1,1,1,0,0,2,10,0,2,2,4,0,4,0,0,0,1,1,2,0,2,0,0,44,16,24,3,12,6,8,7,0,0,2,1,9,2,5,1,1,5,0,0,0,0,20,30,2,20,24,21,11,13,16,12,3,3,53.7,46.3,C. Ritchie (NYI),T. DeAngelo (NYI),M. Schaefer (NYI)
2026-04-09,2025021247,20252026,2,2026-04-09T23:00:00Z,KeyBank Center,REG,BUF,BUF,CBJ,5,0,1,0,0,0,4,0,0,0,8,4,2,2,2,2,4,0,0,0,1,1,1,1,2,0,0,0,24,37,10,10,4,14,10,13,0,0,0,0,1,11,2,4,4,2,0,0,1,0,11,20,8,4,15,18,20,9,10,16,4,4,42.1,57.9,C. Ellis (BUF),J. Doan (BUF),P. Krebs (BUF)
2026-04-09,2025021248,20252026,2,2026-04-09T23:00:00Z,Centre Bell,REG,MTL,MTL,TBL,2,1,0,0,1,0,1,1,0,0,20,26,6,6,12,18,2,2,0,0,3,3,6,9,1,1,0,0,21,18,8,3,8,7,5,8,0,0,0,0,7,6,7,4,10,13,0,0,0,0,22,9,55,71,34,29,9,13,16,19,6,5,52.4,47.6,C. Caufield (MTL),J. Slafkovský (MTL),N. Suzuki (MTL)
2026-04-09,2025021249,20252026,2,2026-04-09T23:00:00Z,Canadian Tire Centre,REG,OTT,OTT,FLA,5,1,2,0,0,0,3,1,0,0,2,2,2,2,0,0,0,0,0,0,1,1,0,0,0,0,0,0,26,23,8,5,5,8,13,10,0,0,1,0,2,1,1,1,1,1,0,0,1,0,19,14,2,2,21,28,14,13,10,13,3,4,55.9,44.1,F. Zetterlund (OTT),T. Chabot (OTT),J. Sanderson (OTT)
2026-04-09,2025021250,20252026,2,2026-04-09T23:00:00Z,Little Caesars Arena,REG,DET,DET,PHI,6,3,1,1,3,1,2,1,0,0,16,12,6,8,6,2,4,2,0,0,3,4,3,1,2,1,0,0,22,27,4,11,12,6,6,10,0,0,3,1,4,8,4,6,8,6,1,0,0,0,4,13,16,12,20,30,12,13,9,12,4,3,51.9,48.1,D. Larkin (DET),M. Seider (DET),P. Kane (DET)
2026-04-09,2025021251,20252026,2,2026-04-09T23:00:00Z,Prudential Center,REG,PIT,NJD,PIT,2,5,0,1,2,2,0,2,0,0,2,2,0,2,0,0,2,0,0,0,0,1,0,0,1,0,0,0,21,30,10,15,6,8,5,7,0,0,0,0,0,1,1,1,1,1,0,0,0,1,11,15,2,2,12,7,18,8,19,15,5,4,44.7,55.3,E. Chinakhov (PIT),E. Malkin (PIT),S. Crosby (PIT)
2026-04-09,2025021253,20252026,2,2026-04-10T00:00:00Z,Enterprise Center,REG,WPG,STL,WPG,2,3,1,1,0,2,1,0,0,0,2,10,2,2,0,4,0,4,0,0,1,1,0,2,0,2,0,0,22,34,12,16,7,11,3,7,0,0,1,0,4,5,5,1,1,5,0,0,0,0,11,10,2,10,19,14,10,13,14,11,3,2,34.9,65.1,J. Morrissey (WPG),D. Holloway (STL),J. Toews (WPG)
2026-04-09,2025021255,20252026,2,2026-04-10T00:30:00Z,United Center,REG,CAR,CHI,CAR,2,7,1,2,0,2,1,3,0,0,4,10,0,0,2,4,2,6,0,0,0,0,1,2,1,3,0,0,25,22,7,7,9,8,9,7,0,0,0,0,3,0,4,1,2,5,0,0,0,0,7,15,4,10,14,14,16,10,19,15,3,5,50.8,49.2,L. Stankoven (CAR),W. Carrier (CAR),A. Frondell (CHI)
2026-04-09,2025021254,20252026,2,2026-04-10T01:00:00Z,American Airlines Center,REG,DAL,DAL,MIN,5,4,1,2,2,2,2,0,0,0,20,12,2,0,10,6,8,6,0,0,1,0,5,3,4,3,0,0,20,31,4,8,10,14,6,9,0,0,0,3,0,6,1,5,10,6,0,0,0,0,10,13,20,12,18,25,13,11,12,9,4,5,49.1,50.9,C. Blackwell (DAL),K. Kaprizov (MIN),J. Robertson (DAL)
2026-04-09,2025021256,20252026,2,2026-04-10T01:00:00Z,Ball Arena,REG,COL,COL,CGY,3,1,1,0,1,0,1,1,0,0,4,6,0,2,2,2,2,2,0,0,0,1,1,1,1,1,0,0,41,29,12,8,20,9,9,12,0,0,1,0,3,1,3,2,2,3,0,0,1,0,17,18,4,6,11,19,12,19,12,14,3,4,49.1,50.9,M. Necas (COL),M. Blackwood (COL),N. MacKinnon (COL)
2026-04-09,2025021257,20252026,2,2026-04-10T01:00:00Z,Delta Center,REG,UTA,UTA,NSH,4,1,1,0,1,0,2,1,0,0,4,6,2,2,0,2,2,2,0,0,1,1,0,1,1,1,0,0,27,30,9,7,6,12,12,11,0,0,1,1,2,6,3,2,2,3,0,0,0,0,18,22,4,16,21,18,12,11,15,18,4,2,44.0,56.0,C. Keller (UTA),K. Vejmelka (UTA),N. Schmaltz (UTA)
2026-04-09,2025021258,20252026,2,2026-04-10T02:00:00Z,Honda Center,REG,ANA,ANA,SJS,6,1,2,0,1,0,3,1,0,0,2,8,0,0,0,0,2,8,0,0,0,0,0,0,1,4,0,0,30,19,10,5,9,4,11,10,0,0,2,0,4,0,3,0,1,4,0,0,0,0,12,12,2,8,19,33,22,9,15,20,9,4,57.8,42.2,J. Carlson (ANA),L. Carlsson (ANA),B. Sennecke (ANA)
2026-04-09,2025021259,20252026,2,2026-04-10T02:00:00Z,Climate Pledge Arena,SO,SEA,SEA,VGK,4,3,0,1,1,1,2,1,0,0,2,2,2,0,0,2,0,0,0,0,1,0,0,1,0,0,0,0,33,35,10,10,11,13,10,8,2,4,1,1,3,1,1,1,1,1,0,0,0,0,18,14,2,2,20,23,13,15,16,18,8,7,51.6,48.4,B. Catton (SEA),M. Stone (VGK),V. Dunn (SEA)
2026-04-09,2025021260,20252026,2,2026-04-10T02:30:00Z,Crypto.com Arena,REG,LAK,LAK,VAN,4,1,2,1,1,0,1,0,0,0,2,2,2,2,0,0,0,0,0,0,1,1,0,0,0,0,0,0,26,25,11,7,12,9,3,9,0,0,0,0,0,0,0,0,1,1,0,0,0,0,11,17,2,2,19,21,15,11,18,17,3,4,63.3,36.7,A. Kempe (LAK),A. Forsberg (LAK),A. Panarin (LAK)
2026-04-11,2025021261,20252026,2,2026-04-11T16:30:00Z,TD Garden,REG,TBL,BOS,TBL,1,2,0,0,1,0,0,2,0,0,4,4,0,0,2,2,2,2,0,0,0,0,1,1,1,1,0,0,21,24,4,5,8,8,9,11,0,0,0,0,2,1,1,1,2,2,0,0,0,0,23,5,4,4,23,27,13,14,18,20,5,8,61.9,38.1,E. Lilleberg (TBL),A. Vasilevskiy (TBL),J. Swayman (BOS)
2026-04-11,2025021262,20252026,2,2026-04-11T17:00:00Z,UBS Arena,REG,OTT,NYI,OTT,0,3,0,1,0,0,0,2,0,0,10,10,2,4,2,4,6,2,0,0,1,2,1,2,3,1,0,0,23,16,8,5,7,4,8,7,0,0,0,1,3,6,5,5,5,5,0,1,0,1,16,11,15,15,26,27,12,15,10,12,5,3,45.1,54.9,R. Greig (OTT),J. Sanderson (OTT),M. Amadio (OTT)
2026-04-11,2025021263,20252026,2,2026-04-11T19:00:00Z,PPG Paints Arena,REG,WSH,PIT,WSH,3,6,0,0,3,4,0,2,0,0,4,0,0,0,2,0,2,0,0,0,0,0,1,0,1,0,0,0,11,32,1,11,6,14,4,7,0,0,0,1,0,3,0,2,2,0,0,0,0,1,16,16,4,0,21,17,16,15,18,17,3,3,42.6,57.4,A. Ovechkin (WSH),I. Protas (WSH),K. Hayes (PIT)
2026-04-11,2025021264,20252026,2,2026-04-11T20:00:00Z,Crypto.com Arena,REG,LAK,LAK,EDM,1,0,1,0,0,0,0,0,0,0,4,4,2,2,2,0,0,2,0,0,1,1,1,0,0,1,0,0,21,27,9,9,6,7,6,11,0,0,0,0,3,3,1,1,2,2,0,0,0,0,12,15,4,4,30,28,21,16,10,15,4,6,55.6,44.4,A. Kopitar (LAK),A. Forsberg (LAK),A. Panarin (LAK)
2026-04-11,2025021265,20252026,2,2026-04-11T21:00:00Z,Little Caesars Arena,REG,NJD,DET,NJD,3,5,1,1,1,1,1,3,0,0,0,2,0,2,0,0,0,0,0,0,0,1,0,0,0,0,0,0,28,33,13,8,8,13,7,12,0,0,0,0,4,0,1,0,0,1,0,0,0,1,17,16,0,2,21,13,14,11,13,11,3,2,58.5,41.5,J. Bratt (NJD),E. Finnie (DET),J. Hughes (NJD)
2026-04-11,2025021266,20252026,2,2026-04-11T21:00:00Z,United Center,REG,STL,CHI,STL,3,5,1,1,1,3,1,1,0,0,2,4,0,4,2,0,0,0,0,0,0,2,1,0,0,0,0,0,34,28,9,13,11,10,14,5,0,0,0,1,5,1,2,1,1,2,0,0,0,0,16,9,2,4,9,14,12,9,15,23,6,4,50.9,49.1,I. Mikheyev (CHI),T. Tucker (STL),J. Berggren (STL)
2026-04-11,2025021267,20252026,2,2026-04-11T21:00:00Z,Bridgestone Arena,REG,NSH,NSH,MIN,2,1,1,0,1,0,0,1,0,0,4,8,2,6,0,0,2,2,0,0,1,3,0,0,1,1,0,0,22,22,14,7,7,4,1,11,0,0,0,0,3,2,4,1,2,4,0,0,0,0,12,21,4,8,18,21,15,14,17,13,5,4,52.3,47.7,S. Stamkos (NSH),M. Wood (NSH),J. Annunen (NSH)
2026-04-11,2025021268,20252026,2,2026-04-11T21:00:00Z,American Airlines Center,REG,DAL,DAL,NYR,2,0,0,0,0,0,2,0,0,0,12,10,6,2,6,6,0,2,0,0,3,1,3,3,0,1,0,0,19,22,3,5,6,8,10,9,0,0,1,0,6,3,4,5,6,5,0,0,1,0,13,16,17,15,14,22,19,9,14,13,3,6,45.7,54.3,J. Robertson (DAL),J. Oettinger (DAL),I. Shesterkin (NYR)
2026-04-11,2025021269,20252026,2,2026-04-11T21:00:00Z,Delta Center,REG,CAR,UTA,CAR,1,4,0,2,0,0,1,2,0,0,6,10,2,4,2,2,2,4,0,0,1,2,1,1,1,2,0,0,27,29,8,12,7,5,12,12,0,0,1,1,5,6,5,3,3,5,0,0,0,1,21,18,11,15,24,17,16,18,18,10,5,4,41.4,58.6,J. Staal (CAR),D. Guenther (UTA),F. Andersen (CAR)
2026-04-11,2025021270,20252026,2,2026-04-11T23:00:00Z,Scotiabank Arena,REG,FLA,TOR,FLA,2,6,0,2,2,1,0,3,0,0,2,2,2,0,0,2,0,0,0,0,1,0,0,1,0,0,0,0,19,25,6,8,6,7,7,10,0,0,1,0,3,0,1,1,1,1,0,0,0,2,17,18,2,2,26,23,14,15,12,11,4,3,64.3,35.7,M. Samoskevich (FLA),W. Nylander (TOR),E. Luostarinen (FLA)
2026-04-11,2025021271,20252026,2,2026-04-11T23:00:00Z,Centre Bell,REG,CBJ,MTL,CBJ,2,5,1,2,0,2,1,1,0,0,12,12,4,4,2,2,6,6,0,0,2,2,1,1,3,3,0,0,22,33,8,12,5,14,9,7,0,0,1,1,5,8,4,4,6,6,0,0,0,0,14,16,12,12,22,15,18,11,14,18,1,5,44.4,55.6,C. Coyle (CBJ),K. Marchenko (CBJ),B. Jenner (CBJ)
2026-04-11,2025021272,20252026,2,2026-04-11T23:00:00Z,Canada Life Centre,REG,PHI,WPG,PHI,1,7,1,3,0,2,0,2,0,0,4,6,2,2,0,2,2,2,0,0,1,1,0,1,1,1,0,0,28,23,10,13,10,7,8,3,0,0,0,0,2,2,3,2,2,3,0,1,0,0,16,13,4,6,20,25,13,17,24,10,6,5,42.1,57.9,D. Vladar (PHI),S. Couturier (PHI),N. Cates (PHI)
2026-04-11,2025021273,20252026,2,2026-04-11T23:00:00Z,Climate Pledge Arena,REG,SEA,SEA,CGY,4,1,0,0,3,1,1,0,0,0,2,6,0,0,2,2,0,4,0,0,0,0,1,1,0,2,0,0,21,27,6,12,8,4,7,11,0,0,0,0,2,0,3,1,1,3,0,0,1,0,16,14,2,6,12,13,11,17,16,6,7,5,46.3,53.7,N. Kokko (SEA),F. Gaudreau (SEA),M. Beniers (SEA)
2026-04-11,2025021274,20252026,2,2026-04-12T00:00:00Z,Ball Arena,OT,VGK,COL,VGK,2,3,1,1,1,1,0,0,0,1,8,6,4,6,2,0,2,0,0,0,2,3,1,0,1,0,0,0,32,29,15,7,11,10,6,11,0,1,1,1,3,4,3,4,4,3,0,0,0,0,20,24,8,6,13,18,20,12,17,12,5,7,46.2,53.8,J. Eichel (VGK),C. Hart (VGK),P. Dorofeyev (VGK)
2026-04-11,2025021275,20252026,2,2026-04-12T02:00:00Z,SAP Center at San Jose,SO,VAN,SJS,VAN,3,4,1,0,1,2,1,1,0,0,6,2,0,0,4,2,2,0,2,2,0,0,2,1,1,0,1,1,32,41,12,10,10,14,8,14,2,3,0,2,0,11,1,3,3,1,0,0,0,0,10,11,8,4,28,18,13,12,17,20,4,3,43.1,56.9,I. Chernyshov (SJS),T. Toffoli (SJS),T. Blueger (VAN)
2026-04-12,2025021276,20252026,2,2026-04-12T19:00:00Z,Capital One Arena,REG,WSH,WSH,PIT,3,0,0,0,1,0,2,0,0,0,4,2,2,2,2,0,0,0,0,0,1,1,1,0,0,0,0,0,27,24,8,8,13,13,6,3,0,0,0,0,4,2,1,2,2,1,0,0,1,0,15,24,4,2,18,10,15,13,19,15,5,8,51.9,48.1,A. Ovechkin (WSH),L. Thompson (WSH),C. McMichael (WSH)
2026-04-12,2025021277,20252026,2,2026-04-12T22:00:00Z,UBS Arena,REG,MTL,NYI,MTL,1,4,0,0,0,3,1,1,0,0,6,6,2,2,4,4,0,0,0,0,1,1,2,2,0,0,0,0,33,22,9,10,6,9,18,3,0,0,0,1,1,5,2,2,3,3,0,0,0,0,19,14,6,6,16,23,11,13,9,12,4,5,53.2,46.8,N. Suzuki (MTL),Z. Bolduc (MTL),L. Hutson (MTL)
2026-04-12,2025021278,20252026,2,2026-04-12T22:00:00Z,Nationwide Arena,REG,BOS,CBJ,BOS,2,3,1,1,0,1,1,1,0,0,0,6,0,2,0,4,0,0,0,0,0,1,0,2,0,0,0,0,35,22,14,3,11,11,10,8,0,0,0,0,6,0,3,0,0,3,0,0,0,0,20,17,0,6,20,12,4,11,13,14,3,4,54.4,45.6,S. Kuraly (BOS),J. Korpisalo (BOS),A. Fantilli (CBJ)
2026-04-12,2025021279,20252026,2,2026-04-12T23:00:00Z,Prudential Center,OT,NJD,NJD,OTT,4,3,2,0,0,3,1,0,1,0,8,6,4,0,2,2,2,4,0,2,2,0,1,1,1,2,0,1,30,30,8,6,5,16,10,7,7,1,0,1,5,8,3,4,4,3,2,0,0,0,17,9,8,8,12,16,7,9,23,11,2,8,41.8,58.2,N. Hischier (NJD),D. Mercer (NJD),F. Zetterlund (OTT)
2026-04-12,2025021280,20252026,2,2026-04-13T00:00:00Z,Honda Center,OT,VAN,ANA,VAN,3,4,1,2,0,0,2,1,0,1,4,4,4,2,0,0,0,2,2,0,2,1,0,0,0,1,1,0,27,26,9,10,10,6,7,3,1,7,1,1,3,2,2,2,2,2,0,1,0,0,12,8,16,14,26,16,9,10,22,15,6,4,52.5,47.5,C. Gauthier (ANA),L. Carlsson (ANA),M. Rossi (VAN)
2026-04-12,2025021281,20252026,2,2026-04-13T01:00:00Z,Scotiabank Saddledome,REG,CGY,CGY,UTA,4,1,2,0,0,0,2,1,0,0,6,8,2,4,4,0,0,4,0,0,1,2,2,0,0,2,0,0,23,29,14,4,3,11,6,14,0,0,0,0,6,4,4,3,3,4,0,0,0,0,11,18,6,8,7,20,16,13,18,22,5,8,54.7,45.3,B. Pachal (CGY),M. Coronato (CGY),Z. Parekh (CGY)
2026-04-13,2025021282,20252026,2,2026-04-13T23:00:00Z,Benchmark International Arena,OT,TBL,TBL,DET,4,3,1,1,2,0,0,2,1,0,6,2,2,0,2,2,2,0,0,0,1,0,1,1,1,0,0,0,22,30,8,14,11,6,2,9,1,1,0,0,1,5,1,3,3,1,0,0,0,0,12,14,6,2,12,12,15,10,16,10,2,5,41.1,58.9,N. Kucherov (TBL),P. Kane (DET),J. Guentzel (TBL)
2026-04-13,2025021283,20252026,2,2026-04-13T23:00:00Z,Amerant Bank Arena,REG,FLA,FLA,NYR,3,2,2,1,0,1,1,0,0,0,8,4,2,2,4,2,2,0,0,0,1,1,2,1,1,0,0,0,16,27,7,7,6,6,3,14,0,0,0,0,0,3,1,3,4,2,0,0,0,0,17,17,8,4,31,28,12,14,10,13,1,3,35.7,64.3,C. Reinhardt (FLA),D. Tarasov (FLA),J. Quick (NYR)
2026-04-13,2025021284,20252026,2,2026-04-13T23:00:00Z,Xfinity Mobile Arena,SO,PHI,PHI,CAR,3,2,0,2,2,0,0,0,0,0,2,4,2,0,0,2,0,2,0,0,1,0,0,1,0,1,0,0,23,26,7,6,6,8,9,9,1,3,1,1,4,1,2,1,1,2,0,0,0,0,6,17,2,4,32,27,23,14,15,18,5,7,66.0,34.0,T. Foerster (PHI),M. Michkov (PHI),N. Ehlers (CAR)
2026-04-13,2025021285,20252026,2,2026-04-13T23:30:00Z,Scotiabank Arena,REG,DAL,TOR,DAL,5,6,3,0,0,3,2,3,0,0,6,4,2,2,2,2,2,0,0,0,1,1,1,1,1,0,0,0,27,32,9,7,8,17,10,8,0,0,1,1,3,6,2,3,3,2,0,0,0,0,13,14,6,4,27,11,10,11,13,18,3,7,39.6,60.4,M. Bourque (DAL),M. Duchene (DAL),W. Nylander (TOR)
2026-04-13,2025021286,20252026,2,2026-04-14T00:00:00Z,Enterprise Center,REG,STL,STL,MIN,6,3,1,2,3,1,2,0,0,0,10,8,4,2,2,4,4,2,0,0,2,1,1,2,2,1,0,0,22,31,7,14,7,8,8,9,0,0,0,1,6,6,4,5,5,4,0,1,1,0,14,14,15,13,15,23,6,8,18,15,5,2,58.8,41.2,C. Parayko (STL),P. Buchnevich (STL),J. Neighbours (STL)
2026-04-13,2025021287,20252026,2,2026-04-14T00:00:00Z,Bridgestone Arena,REG,SJS,NSH,SJS,2,3,0,0,0,1,2,2,0,0,2,2,0,0,2,0,0,2,0,0,0,0,1,0,0,1,0,0,28,23,6,11,9,5,13,7,0,0,0,1,1,1,1,1,1,1,0,0,0,1,15,18,2,2,18,28,11,14,11,18,6,3,50.0,50.0,A. Nedeljkovic (SJS),M. Celebrini (SJS),L. Evangelista (NSH)
2026-04-13,2025021288,20252026,2,2026-04-14T00:30:00Z,United Center,REG,BUF,CHI,BUF,1,5,1,1,0,1,0,3,0,0,4,10,2,2,0,2,2,6,0,0,1,1,0,1,1,3,0,0,16,26,5,6,4,12,7,8,0,0,0,0,6,2,5,2,2,5,1,0,0,0,13,15,4,10,8,20,8,10,23,12,2,8,44.6,55.4,T. Thompson (BUF),A. Tuch (BUF),R. Dahlin (BUF)
2026-04-13,2025021289,20252026,2,2026-04-14T01:30:00Z,Rogers Place,SO,COL,EDM,COL,1,2,0,0,1,1,0,0,0,0,6,6,2,0,2,2,2,4,2,0,1,0,1,1,1,2,1,0,31,32,10,13,13,8,8,9,0,2,0,0,7,4,3,3,3,3,0,0,0,0,15,19,8,6,22,12,26,15,12,16,3,3,52.7,47.3,C. Ingram (EDM),S. Wedgewood (COL),C. Murphy (EDM)
2026-04-13,2025021291,20252026,2,2026-04-14T01:30:00Z,Climate Pledge Arena,REG,LAK,SEA,LAK,3,5,0,2,0,1,3,2,0,0,6,2,4,2,0,0,2,0,0,0,2,1,0,0,1,0,0,0,33,30,8,9,14,12,11,9,0,0,0,1,0,2,0,2,3,1,0,0,0,1,20,24,11,7,20,16,11,18,11,19,5,2,44.6,55.4,Q. Byfield (LAK),T. Moore (LAK),M. Beniers (SEA)
2026-04-13,2025021290,20252026,2,2026-04-14T02:00:00Z,T-Mobile Arena,REG,VGK,VGK,WPG,6,2,0,0,2,0,4,2,0,0,14,18,0,4,10,6,4,8,0,0,0,2,5,3,2,4,0,0,38,23,10,3,16,10,12,10,0,0,2,1,15,4,7,5,7,9,1,0,0,0,15,9,14,18,16,16,10,12,14,9,6,3,43.6,56.4,J. Eichel (VGK),M. Stone (VGK),R. Andersson (VGK)
2026-04-14,2025021292,20252026,2,2026-04-14T23:00:00Z,TD Garden,REG,BOS,BOS,NJD,4,0,4,0,0,0,0,0,0,0,2,0,0,0,0,0,2,0,0,0,0,0,0,0,1,0,0,0,26,21,12,10,9,5,5,6,0,0,0,0,0,1,0,1,1,0,0,0,0,0,15,19,2,0,13,8,22,9,15,25,7,3,64.3,35.7,J. Swayman (BOS),M. Kastelic (BOS),S. Kuraly (BOS)
2026-04-14,2025021293,20252026,2,2026-04-14T23:00:00Z,UBS Arena,REG,CAR,NYI,CAR,1,2,0,1,1,0,0,1,0,0,2,4,0,2,0,0,2,2,0,0,0,1,0,0,1,1,0,0,30,21,9,7,8,8,13,6,0,0,0,0,0,1,2,1,1,2,0,0,0,0,10,15,2,4,10,11,7,17,22,16,3,3,50.0,50.0,N. Ehlers (CAR),M. Jankowski (CAR),B. Bussi (CAR)
2026-04-14,2025021294,20252026,2,2026-04-14T23:00:00Z,Xfinity Mobile Arena,REG,PHI,PHI,MTL,4,2,2,0,1,2,1,0,0,0,10,4,2,0,2,0,6,4,0,0,1,0,1,0,3,2,0,0,25,29,8,12,12,12,5,5,0,0,0,0,0,4,0,3,5,2,0,0,0,0,4,13,10,4,21,26,15,7,21,12,4,3,43.1,56.9,M. Michkov (PHI),O. Bonk (PHI),H. McDonald (PHI)
2026-04-14,2025021295,20252026,2,2026-04-14T23:00:00Z,Nationwide Arena,REG,WSH,CBJ,WSH,1,2,0,0,1,1,0,1,0,0,6,2,0,0,2,2,4,0,0,0,0,0,1,1,2,0,0,0,28,21,11,4,9,6,8,11,0,0,0,1,4,8,1,3,3,1,0,0,0,0,9,16,6,2,3,14,16,11,23,13,7,2,46.7,53.3,C. Stevenson (WSH),B. Jenner (CBJ),A. Ovechkin (WSH)
2026-04-14,2025021296,20252026,2,2026-04-15T00:00:00Z,Grand Casino Arena,REG,MIN,MIN,ANA,3,2,1,1,1,0,1,1,0,0,8,4,6,2,0,2,2,0,0,0,3,1,0,1,1,0,0,0,20,37,6,11,11,11,3,15,0,0,0,1,0,7,1,3,4,2,0,0,0,0,16,26,8,4,25,16,16,7,10,27,8,4,46.6,53.4,J. Wallstedt (MIN),D. Yurov (MIN),H. Haight (MIN)
2026-04-14,2025021297,20252026,2,2026-04-15T01:00:00Z,Delta Center,REG,UTA,UTA,WPG,5,3,1,0,1,1,3,2,0,0,6,10,2,2,2,6,2,2,0,0,1,1,1,3,1,1,0,0,36,24,14,6,15,6,7,12,0,0,2,2,8,6,5,3,3,5,0,0,1,0,22,12,6,10,19,17,8,15,19,14,6,3,49.2,50.8,N. Schmaltz (UTA),L. Cooley (UTA),J. Peterka (UTA)
2026-04-14,2025021298,20252026,2,2026-04-15T01:00:00Z,Scotiabank Saddledome,REG,COL,CGY,COL,1,3,0,0,1,1,0,2,0,0,8,4,2,2,6,2,0,0,0,0,1,1,3,1,0,0,0,0,31,38,6,10,11,16,14,12,0,0,0,0,0,4,2,4,4,2,0,0,0,1,11,15,8,4,13,9,10,8,17,18,6,5,47.7,52.3,C. Makar (COL),D. Wolf (CGY),M. Blackwood (COL)
2026-04-14,2025021299,20252026,2,2026-04-15T01:30:00Z,Enterprise Center,REG,STL,STL,PIT,7,5,1,3,3,1,3,1,0,0,4,6,0,2,2,2,2,2,0,0,0,1,1,1,1,1,0,0,31,23,5,8,16,6,10,9,0,0,1,0,5,1,3,2,2,3,0,0,1,0,13,12,4,6,20,15,14,10,15,21,4,7,45.6,54.4,J. Snuggerud (STL),D. Holloway (STL),O. Sundqvist (STL)
2026-04-14,2025021300,20252026,2,2026-04-15T02:00:00Z,Rogers Arena,OT,VAN,VAN,LAK,4,3,1,1,2,2,0,0,1,0,6,6,0,2,4,2,2,2,0,0,0,1,2,1,1,1,0,0,25,34,7,4,11,15,6,15,1,0,1,0,4,2,2,2,3,3,0,0,0,0,9,11,11,11,20,18,8,13,17,10,3,3,62.9,37.1,Z. Buium (VAN),J. DeBrusk (VAN),Q. Byfield (LAK)
2026-04-15,2025021301,20252026,2,2026-04-15T23:00:00Z,KeyBank Center,SO,DAL,BUF,DAL,3,4,1,1,2,2,0,0,0,0,6,4,0,4,4,0,2,0,0,2,0,2,2,0,1,0,0,1,24,28,10,5,7,11,5,12,2,0,0,1,3,1,2,3,3,2,1,0,0,0,16,9,6,6,23,21,14,14,13,12,4,8,53.8,46.2,W. Johnston (DAL),Z. Benson (BUF),J. Norris (BUF)
2026-04-15,2025021302,20252026,2,2026-04-15T23:00:00Z,Benchmark International Arena,REG,NYR,TBL,NYR,2,4,0,1,1,3,1,0,0,0,10,10,0,0,10,6,0,4,0,0,0,0,5,3,0,2,0,0,31,21,8,6,9,9,14,6,0,0,0,1,7,3,3,3,5,5,0,0,0,0,19,14,10,10,18,23,11,16,20,12,4,4,47.3,52.7,T. Kartye (NYR),C. Perry (TBL),S. Sabourin (TBL)
2026-04-15,2025021303,20252026,2,2026-04-15T23:00:00Z,Amerant Bank Arena,REG,FLA,FLA,DET,8,1,1,0,4,1,3,0,0,0,6,2,2,0,0,2,4,0,0,0,1,0,0,1,2,0,0,0,28,26,6,7,14,7,8,12,0,0,1,0,2,5,1,3,3,1,0,0,0,0,14,15,6,2,10,17,17,9,12,20,4,4,41.0,59.0,M. Benning (FLA),L. Kunin (FLA),M. Alscher (FLA)
2026-04-15,2025021304,20252026,2,2026-04-15T23:30:00Z,Canadian Tire Centre,REG,OTT,OTT,TOR,3,1,1,0,1,0,1,1,0,0,4,6,2,2,2,4,0,0,0,0,1,1,1,2,0,0,0,0,38,20,14,6,12,6,12,8,0,0,2,0,7,1,3,2,2,3,0,0,1,0,19,13,4,6,27,28,7,13,18,22,5,3,57.4,42.6,D. Batherson (OTT),C. Giroux (OTT),D. Hildeby (TOR)
2026-04-15,2025021305,20252026,2,2026-04-16T00:30:00Z,United Center,REG,CHI,CHI,SJS,5,2,0,1,1,1,4,0,0,0,8,6,2,2,4,4,2,0,0,0,1,1,2,2,1,0,0,0,24,17,3,7,10,6,11,4,0,0,0,1,5,1,3,4,4,3,0,0,0,0,13,10,8,6,13,26,14,10,11,15,3,8,47.6,52.4,L. Crevier (CHI),C. Bedard (CHI),R. Greene (CHI)
2026-04-15,2025021306,20252026,2,2026-04-16T02:00:00Z,T-Mobile Arena,REG,VGK,VGK,SEA,4,1,0,0,1,1,3,0,0,0,0,4,0,2,0,2,0,0,0,0,0,1,0,1,0,0,0,0,26,23,6,11,8,8,12,4,0,0,0,0,1,0,2,0,0,2,0,0,0,0,23,6,0,4,19,22,11,15,19,13,3,4,55.3,44.7,R. Smith (VGK),C. Hart (VGK),M. Marner (VGK)
2026-04-16,2025021309,20252026,2,2026-04-16T23:30:00Z,Delta Center,REG,STL,UTA,STL,3,5,1,1,2,2,0,2,0,0,4,2,2,0,2,2,0,0,0,0,1,0,1,1,0,0,0,0,23,29,9,11,11,7,3,11,0,0,0,0,0,1,0,1,2,1,0,0,0,1,19,11,4,2,17,17,11,13,15,12,2,5,50.7,49.3,R. Thomas (STL),L. Mailloux (STL),L. Crouse (UTA)
2026-04-16,2025021307,20252026,2,2026-04-17T00:00:00Z,Bridgestone Arena,REG,ANA,NSH,ANA,4,5,2,2,2,1,0,2,0,0,12,6,0,2,4,4,8,0,0,0,0,1,2,2,4,0,0,0,21,40,9,10,8,14,4,16,0,0,2,1,4,11,3,6,6,3,0,0,0,0,9,22,12,6,10,16,16,11,16,13,5,5,49.2,50.8,S. Stamkos (NSH),F. Forsberg (NSH),L. Evangelista (NSH)
2026-04-16,2025021308,20252026,2,2026-04-17T00:00:00Z,Canada Life Centre,REG,SJS,WPG,SJS,1,6,1,2,0,3,0,1,0,0,8,8,2,2,0,2,6,4,0,0,1,1,0,1,3,2,0,0,27,33,13,7,7,16,7,10,0,0,0,1,5,3,3,2,4,4,0,0,0,0,22,14,8,18,10,15,7,10,15,10,4,7,57.4,42.6,M. Celebrini (SJS),W. Eklund (SJS),W. Smith (SJS)
2026-04-16,2025021310,20252026,2,2026-04-17T01:00:00Z,Scotiabank Saddledome,REG,CGY,CGY,LAK,3,1,0,0,1,1,2,0,0,0,6,8,2,2,4,4,0,2,0,0,1,1,2,2,0,1,0,0,20,28,2,10,9,10,9,8,0,0,1,0,4,2,3,2,3,4,0,0,1,0,10,16,6,8,16,12,22,17,26,13,3,6,55.2,44.8,A. Sergeev (CGY),Z. Parekh (CGY),A. Kopitar (LAK)
2026-04-16,2025021311,20252026,2,2026-04-17T01:00:00Z,Rogers Place,REG,EDM,EDM,VAN,6,1,4,1,1,0,1,0,0,0,4,8,0,2,4,6,0,0,0,0,0,1,2,3,0,0,0,0,35,12,13,5,14,3,8,4,0,0,2,0,9,2,3,1,2,4,0,0,0,0,19,6,14,18,21,14,11,19,9,15,6,2,64.4,35.6,M. Savoie (EDM),C. McDavid (EDM),C. Dach (EDM)
2026-04-16,2025021312,20252026,2,2026-04-17T02:00:00Z,Ball Arena,REG,COL,COL,SEA,2,0,0,0,1,0,1,0,0,0,6,10,0,2,0,4,6,4,0,0,0,1,0,2,3,2,0,0,35,22,17,7,11,5,7,10,0,0,0,0,5,2,4,2,3,5,0,0,0,0,21,8,6,10,12,22,8,19,12,17,4,6,58.9,41.1,S. Wedgewood (COL),P. Kelly (COL),N. Blankenburg (COL)
2026-04-18,2025030131,20252026,3,2026-04-18T19:00:00Z,Lenovo Center,REG,CAR,CAR,OTT,2,0,0,0,1,0,1,0,0,0,10,16,2,0,2,4,6,12,0,0,1,0,1,2,3,6,0,0,29,22,7,5,8,4,14,13,0,0,0,0,9,7,5,4,5,8,0,0,0,0,23,14,15,21,57,39,11,13,15,16,5,4,43.6,56.4,F. Andersen (CAR),L. Stankoven (CAR),T. Hall (CAR)
2026-04-18,2025030161,20252026,3,2026-04-18T21:30:00Z,American Airlines Center,REG,MIN,DAL,MIN,1,6,0,1,1,3,0,2,0,0,10,10,4,2,2,2,4,6,0,0,2,1,1,1,2,3,0,0,28,29,8,11,8,13,12,5,0,0,1,2,10,7,4,4,5,5,0,0,0,1,8,8,10,10,39,49,7,17,14,8,7,3,50.8,49.2,J. Wallstedt (MIN),K. Kaprizov (MIN),M. Zuccarello (MIN)
2026-04-18,2025030141,20252026,3,2026-04-19T00:00:00Z,PPG Paints Arena,REG,PHI,PIT,PHI,2,3,0,0,1,1,1,2,0,0,10,8,4,4,2,2,4,2,0,0,2,2,1,1,2,1,0,0,18,20,5,9,6,7,7,4,0,0,0,0,1,2,2,3,5,4,0,0,0,0,11,17,10,8,41,40,9,14,15,11,3,5,59.2,40.8,T. Sanheim (PHI),P. Martone (PHI),E. Malkin (PIT)
2026-04-19,2025030151,20252026,3,2026-04-19T19:00:00Z,Ball Arena,REG,COL,COL,LAK,2,1,0,0,1,0,1,1,0,0,10,10,0,2,4,4,6,4,0,0,0,1,2,2,3,2,0,0,32,25,11,5,13,11,8,9,0,0,0,1,5,6,4,4,5,5,0,0,0,0,17,18,10,10,35,49,21,22,14,14,6,4,44.4,55.6,S. Wedgewood (COL),L. O'Connor (COL),A. Lehkonen (COL)
2026-04-19,2025030121,20252026,3,2026-04-19T21:45:00Z,Benchmark International Arena,OT,MTL,TBL,MTL,3,4,0,1,2,1,1,1,0,1,14,14,4,8,6,4,4,2,0,0,2,4,3,2,2,1,0,0,23,19,9,4,7,5,7,8,0,2,2,2,10,8,5,5,7,7,0,0,0,0,14,10,14,14,44,42,10,17,9,16,7,6,39.0,61.0,J. Slafkovský (MTL),B. Hagel (TBL),N. Suzuki (MTL)
2026-04-19,2025030111,20252026,3,2026-04-19T23:30:00Z,KeyBank Center,REG,BUF,BUF,BOS,4,3,0,1,0,0,4,2,0,0,10,12,4,2,0,4,6,6,0,0,2,1,0,2,3,3,0,0,38,20,14,9,13,4,11,7,0,0,0,1,8,5,4,3,5,6,0,0,1,0,18,12,10,12,53,38,11,14,13,13,5,5,49.2,50.8,T. Thompson (BUF),M. Samuelsson (BUF),A. Tuch (BUF)
2026-04-19,2025030171,20252026,3,2026-04-20T02:00:00Z,T-Mobile Arena,REG,VGK,VGK,UTA,4,2,0,1,1,1,3,0,0,0,8,8,6,4,0,0,2,4,0,0,3,2,0,0,1,2,0,0,31,33,9,11,10,11,12,11,0,0,1,0,3,2,1,1,4,4,0,0,1,0,19,12,8,8,51,31,17,19,17,20,4,4,55.2,44.8,N. Dowd (VGK),C. Sissons (VGK),C. Hart (VGK)
2026-04-20,2025030142,20252026,3,2026-04-20T23:00:00Z,PPG Paints Arena,REG,PHI,PIT,PHI,0,3,0,0,0,2,0,1,0,0,12,10,2,6,4,2,6,2,0,0,1,3,2,1,3,1,0,0,27,24,2,5,12,13,13,6,0,0,0,0,2,6,5,4,6,5,0,1,0,1,23,6,52,30,32,48,8,23,13,19,4,3,43.5,56.5,D. Vladar (PHI),P. Martone (PHI),G. Hathaway (PHI)
2026-04-20,2025030132,20252026,3,2026-04-20T23:30:00Z,Lenovo Center,OT,CAR,CAR,OTT,3,2,1,0,1,2,0,0,1,0,8,4,4,2,4,2,0,0,0,0,2,1,2,1,0,0,0,0,49,39,14,9,17,7,5,8,13,15,1,0,3,1,1,3,4,2,0,0,0,0,21,22,8,4,43,52,27,26,31,29,7,11,36.2,63.7,J. Martinook (CAR),L. Stankoven (CAR),F. Andersen (CAR)
2026-04-20,2025030162,20252026,3,2026-04-21T01:30:00Z,American Airlines Center,REG,DAL,DAL,MIN,4,2,1,1,1,0,2,1,0,0,14,16,4,2,8,10,2,4,0,0,2,1,4,5,1,2,0,0,32,30,9,12,7,10,16,8,0,0,2,0,3,5,5,4,7,8,0,0,1,0,15,13,14,16,27,35,14,16,11,12,5,4,45.2,54.8,J. Oettinger (DAL),M. Duchene (DAL),B. Faber (MIN)
2026-04-20,2025030181,20252026,3,2026-04-21T02:00:00Z,Rogers Place,REG,EDM,EDM,ANA,4,3,2,0,0,3,2,0,0,0,4,4,0,0,4,4,0,0,0,0,0,0,2,2,0,0,0,0,34,28,14,4,12,13,8,11,0,0,0,1,2,3,2,2,2,2,0,0,0,0,19,18,4,4,46,37,19,19,17,14,7,2,56.5,43.5,J. Dickinson (EDM),K. Kapanen (EDM),T. Terry (ANA)
2026-04-21,2025030122,20252026,3,2026-04-21T23:00:00Z,Benchmark International Arena,OT,TBL,TBL,MTL,3,2,1,1,0,1,1,0,1,0,22,20,18,14,2,4,2,2,0,0,9,7,1,2,1,1,0,0,34,27,6,12,11,9,8,6,9,0,0,1,5,7,3,4,11,10,0,0,0,0,16,14,27,25,34,43,15,25,15,21,5,7,52.1,47.9,J. Moser (TBL),A. Vasilevskiy (TBL),J. Dobes (MTL)
2026-04-21,2025030112,20252026,3,2026-04-21T23:30:00Z,KeyBank Center,REG,BOS,BUF,BOS,2,4,0,0,0,3,2,1,0,0,22,22,8,8,4,2,10,12,0,0,4,4,2,1,5,6,0,0,35,27,7,8,8,11,20,8,0,0,0,1,10,2,5,5,11,11,0,0,0,0,20,17,47,47,30,32,10,27,15,21,2,5,45.5,54.5,V. Arvidsson (BOS),J. Swayman (BOS),D. Pastrnak (BOS)
2026-04-21,2025030172,20252026,3,2026-04-22T01:30:00Z,T-Mobile Arena,REG,UTA,VGK,UTA,2,3,1,1,1,1,0,1,0,0,14,14,6,10,6,4,2,0,0,0,3,5,3,2,1,0,0,0,21,29,10,6,4,13,7,10,0,0,1,0,4,12,4,4,7,7,0,0,0,0,13,13,14,14,33,39,15,17,15,17,5,6,50.0,50.0,L. Cooley (UTA),I. Barbashev (VGK),D. Guenther (UTA)
2026-04-21,2025030152,20252026,3,2026-04-22T02:00:00Z,Ball Arena,OT,COL,COL,LAK,2,1,0,0,0,0,1,1,1,0,12,8,8,6,2,2,2,0,0,0,4,3,1,1,1,0,0,0,36,25,14,6,8,8,12,8,2,3,0,1,5,5,3,5,6,4,0,0,0,0,21,9,12,8,29,23,26,26,19,13,5,3,46.6,53.4,N. Roy (COL),S. Wedgewood (COL),A. Forsberg (LAK)
2026-04-22,2025030143,20252026,3,2026-04-22T23:00:00Z,Xfinity Mobile Arena,REG,PHI,PHI,PIT,5,2,0,1,3,0,2,1,0,0,28,22,4,2,16,18,8,2,0,0,2,1,8,9,4,1,0,0,29,29,10,10,15,7,4,12,0,0,2,2,9,7,3,5,14,11,0,0,1,0,12,22,28,22,44,27,13,13,15,12,7,2,58.2,41.8,S. Couturier (PHI),T. Zegras (PHI),R. Ristolainen (PHI)
2026-04-22,2025030163,20252026,3,2026-04-23T01:30:00Z,Grand Casino Arena,OT,DAL,MIN,DAL,3,4,1,2,2,0,0,1,0,1,14,12,4,2,8,4,2,6,4,4,2,1,4,2,1,3,2,2,32,36,9,9,6,9,7,9,10,9,1,2,6,12,5,6,7,6,0,0,0,0,8,10,18,16,37,34,17,31,16,16,9,4,46.1,53.9,W. Johnston (DAL),M. Duchene (DAL),J. Eriksson Ek (MIN)
2026-04-22,2025030182,20252026,3,2026-04-23T02:00:00Z,Rogers Place,REG,ANA,EDM,ANA,4,6,1,1,2,3,1,2,0,0,6,8,4,4,2,4,0,0,0,0,2,2,1,2,0,0,0,0,37,28,15,10,11,12,11,6,0,0,0,2,9,7,4,3,3,4,0,1,0,1,6,15,6,8,39,32,13,13,20,15,7,5,49.2,50.8,C. Gauthier (ANA),A. Killorn (ANA),J. Samanski (EDM)
2026-04-23,2025030113,20252026,3,2026-04-23T23:00:00Z,TD Garden,REG,BUF,BOS,BUF,1,3,0,0,1,1,0,2,0,0,12,10,4,4,4,0,4,6,0,0,2,2,2,0,2,3,0,0,25,30,9,15,6,8,10,7,0,0,0,0,8,9,4,5,6,5,0,0,0,1,11,14,12,10,35,38,15,9,18,9,5,6,49.0,51.0,A. Tuch (BUF),A. Lyon (BUF),J. Swayman (BOS)
2026-04-23,2025030133,20252026,3,2026-04-23T23:30:00Z,Canadian Tire Centre,REG,CAR,OTT,CAR,1,2,0,1,1,1,0,0,0,0,8,10,6,0,0,10,2,0,0,0,3,0,0,5,1,0,0,0,22,27,8,10,7,10,7,7,0,0,0,0,4,3,5,4,4,5,0,0,0,0,10,19,8,10,45,30,18,17,15,21,4,3,45.9,54.1,L. Stankoven (CAR),F. Andersen (CAR),D. Batherson (OTT)
2026-04-23,2025030153,20252026,3,2026-04-24T02:00:00Z,Crypto.com Arena,REG,COL,LAK,COL,2,4,0,1,1,1,1,2,0,0,6,10,2,2,2,4,2,4,0,0,1,1,1,2,1,2,0,0,26,23,12,7,7,8,7,8,0,0,1,0,5,2,4,2,3,5,0,1,0,1,15,19,6,10,32,24,15,15,12,13,3,4,41.5,58.5,A. Lehkonen (COL),A. Laferriere (LAK),C. Makar (COL)
2026-04-24,2025030123,20252026,3,2026-04-24T23:00:00Z,Centre Bell,OT,MTL,MTL,TBL,3,2,1,1,1,1,0,0,1,0,16,14,6,2,4,8,6,4,0,0,3,1,2,4,3,2,0,0,29,17,7,6,13,7,8,4,1,0,0,1,5,6,4,5,8,7,0,0,0,0,9,13,16,14,36,31,19,14,17,9,3,8,45.8,54.2,L. Hutson (MTL),K. Dach (MTL),B. Hagel (TBL)
2026-04-24,2025030173,20252026,3,2026-04-25T01:30:00Z,Delta Center,REG,UTA,UTA,VGK,4,2,2,0,2,1,0,1,0,0,10,4,2,2,2,0,6,2,0,0,1,1,1,0,3,1,0,0,12,32,6,13,5,10,1,9,0,0,1,0,1,7,1,4,5,2,0,0,0,0,22,23,10,4,41,42,20,12,24,12,4,5,50.0,50.0,L. Crouse (UTA),K. Vejmelka (UTA),M. Weegar (UTA)
2026-04-24,2025030183,20252026,3,2026-04-25T02:00:00Z,Honda Center,REG,ANA,ANA,EDM,7,4,2,1,1,2,4,1,0,0,6,8,0,4,0,0,6,4,0,0,0,2,0,0,3,2,0,0,39,25,20,7,11,12,8,6,0,0,1,1,8,2,3,2,3,4,0,0,1,0,23,15,11,13,33,31,9,12,16,14,3,5,50.7,49.3,M. Granlund (ANA),J. LaCombe (ANA),L. Carlsson (ANA)
2026-04-25,2025030134,20252026,3,2026-04-25T19:00:00Z,Canadian Tire Centre,REG,CAR,OTT,CAR,2,4,0,0,1,1,1,3,0,0,14,22,4,4,6,16,4,2,0,0,2,2,3,8,2,1,0,0,27,30,8,7,10,9,9,14,0,0,1,1,9,7,9,5,7,11,0,0,0,2,12,22,14,22,37,33,21,13,19,11,2,6,66.1,33.9,F. Andersen (CAR),S. Aho (CAR),D. Batherson (OTT)
2026-04-25,2025030164,20252026,3,2026-04-25T21:30:00Z,Grand Casino Arena,OT,MIN,MIN,DAL,3,2,1,1,0,1,1,0,1,0,4,8,2,6,2,2,0,0,0,0,1,3,1,1,0,0,0,0,42,45,14,11,5,17,12,8,11,9,0,2,3,5,4,2,2,4,0,0,0,0,17,15,4,8,42,22,16,20,20,15,4,3,47.5,52.5,M. Boldy (MIN),J. Wallstedt (MIN),B. Faber (MIN)
2026-04-25,2025030144,20252026,3,2026-04-26T00:00:00Z,Xfinity Mobile Arena,REG,PIT,PHI,PIT,2,4,0,1,1,1,1,2,0,0,8,8,2,4,4,2,2,2,0,0,1,2,2,1,1,1,0,0,30,22,9,6,10,9,11,7,0,0,0,1,4,2,3,3,4,4,0,0,0,1,12,21,18,8,29,36,18,15,15,14,3,7,56.4,43.6,K. Letang (PIT),T. Konecny (PHI),S. Crosby (PIT)
2026-04-26,2025030114,20252026,3,2026-04-26T18:00:00Z,TD Garden,REG,BUF,BOS,BUF,1,6,0,4,0,0,1,2,0,0,10,8,2,0,2,2,6,6,0,0,1,0,1,1,3,3,0,0,24,35,5,19,10,4,9,12,0,0,0,0,2,5,1,3,5,4,1,0,0,0,16,19,25,18,42,23,12,17,17,14,3,4,66.7,33.3,A. Lyon (BUF),B. Byram (BUF),A. Tuch (BUF)
2026-04-26,2025030154,20252026,3,2026-04-26T20:30:00Z,Crypto.com Arena,REG,COL,LAK,COL,1,5,0,1,1,1,0,3,0,0,6,8,6,6,0,0,0,2,0,0,3,3,0,0,0,1,0,0,25,32,7,11,7,8,11,13,0,0,0,1,6,2,3,2,3,4,0,0,0,1,12,15,26,8,50,21,13,17,13,15,6,4,46.2,53.8,N. MacKinnon (COL),G. Landeskog (COL),A. Kopitar (LAK)
2026-04-26,2025030124,20252026,3,2026-04-26T23:00:00Z,Centre Bell,REG,TBL,MTL,TBL,2,3,0,0,2,1,0,2,0,0,18,16,2,4,10,10,6,2,0,0,1,2,5,5,3,1,0,0,18,20,9,6,5,10,4,4,0,0,1,1,9,7,6,7,9,8,0,0,0,0,14,22,18,16,50,28,13,14,4,15,7,5,64.9,35.1,B. Hagel (TBL),J. Guentzel (TBL),K. Guhle (MTL)
2026-04-26,2025030184,20252026,3,2026-04-27T01:30:00Z,Honda Center,OT,ANA,ANA,EDM,4,3,0,2,2,0,1,1,1,0,4,8,2,2,0,4,2,2,0,0,1,1,0,2,1,1,0,0,38,27,13,9,11,8,12,10,2,0,2,2,8,3,4,2,2,4,0,0,0,0,11,5,4,8,35,25,14,17,18,16,4,5,53.0,47.0,J. LaCombe (ANA),C. Gauthier (ANA),R. Poehling (ANA)
2026-04-27,2025030145,20252026,3,2026-04-27T23:00:00Z,PPG Paints Arena,REG,PIT,PIT,PHI,3,2,1,0,2,2,0,0,0,0,8,10,6,6,2,0,0,4,0,0,3,3,1,0,0,2,0,0,21,20,11,9,6,5,4,6,0,0,0,0,4,1,2,2,4,5,0,0,0,0,21,22,8,10,37,42,15,16,22,11,4,4,46.7,53.3,K. Letang (PIT),S. Crosby (PIT),C. Dewar (PIT)
2026-04-27,2025030174,20252026,3,2026-04-28T01:30:00Z,Delta Center,OT,VGK,UTA,VGK,4,5,0,2,2,1,2,1,0,1,6,6,0,4,4,2,2,0,2,0,0,2,2,1,1,0,1,0,31,36,3,8,11,10,8,10,9,8,0,0,4,4,3,3,3,3,0,1,0,0,12,20,8,6,57,41,21,22,19,22,5,4,49.4,50.6,S. Theodore (VGK),B. Howden (VGK),C. Keller (UTA)
2026-04-28,2025030115,20252026,3,2026-04-28T23:30:00Z,KeyBank Center,OT,BOS,BUF,BOS,1,2,1,0,0,1,0,0,0,1,6,6,2,2,2,4,2,0,0,0,1,1,1,2,1,0,0,0,26,29,5,9,8,7,9,9,4,4,1,0,6,7,3,3,3,3,0,0,0,0,22,16,6,6,27,43,16,23,22,21,2,7,40.4,59.6,D. Pastrnak (BOS),A. Lyon (BUF),R. Dahlin (BUF)
2026-04-28,2025030165,20252026,3,2026-04-29T00:00:00Z,American Airlines Center,REG,MIN,DAL,MIN,2,4,1,1,0,1,1,2,0,0,8,10,2,2,4,2,2,6,0,0,1,1,2,1,1,3,0,0,22,28,5,10,6,15,11,3,0,0,1,1,4,12,4,3,4,5,0,0,0,1,21,10,8,10,20,24,9,26,14,17,4,3,48.1,51.9,K. Kaprizov (MIN),M. Boldy (MIN),J. Robertson (DAL)
2026-04-28,2025030185,20252026,3,2026-04-29T02:00:00Z,Rogers Place,REG,EDM,EDM,ANA,4,1,3,0,1,1,0,0,0,0,8,12,2,4,6,6,0,2,0,0,1,2,3,3,0,1,0,0,20,30,12,6,5,11,3,13,0,0,1,1,4,3,4,2,4,6,0,0,0,0,10,13,8,12,44,40,16,7,17,17,4,4,61.9,38.1,L. Draisaitl (EDM),C. Ingram (EDM),V. Podkolzin (EDM)
2026-04-29,2025030125,20252026,3,2026-04-29T23:00:00Z,Benchmark International Arena,REG,MTL,TBL,MTL,2,3,0,1,2,1,0,1,0,0,6,8,6,4,0,4,0,0,0,0,3,2,0,2,0,0,0,0,40,24,8,6,15,12,17,6,0,0,0,0,6,1,3,2,3,4,0,0,0,0,7,9,6,8,23,37,18,16,18,11,4,6,34.0,66.0,A. Texier (MTL),D. James (TBL),L. Hutson (MTL)
2026-04-29,2025030146,20252026,3,2026-04-29T23:30:00Z,Xfinity Mobile Arena,OT,PHI,PHI,PIT,1,0,0,0,0,0,0,0,1,0,4,4,2,2,2,2,0,0,0,0,1,1,1,1,0,0,0,0,32,42,11,12,10,7,5,13,6,10,0,0,2,5,2,2,2,2,0,0,0,0,7,22,4,4,45,26,10,15,22,18,6,5,48.3,51.7,D. Vladar (PHI),C. York (PHI),A. Silovs (PIT)
2026-04-29,2025030175,20252026,3,2026-04-30T02:00:00Z,T-Mobile Arena,OT,VGK,VGK,UTA,5,4,1,1,2,1,1,2,1,0,8,8,2,6,2,2,4,0,4,4,1,3,1,1,2,0,2,2,38,38,7,7,9,9,9,10,13,12,1,0,3,5,3,2,4,4,0,0,0,0,14,20,12,12,42,44,20,16,26,23,5,9,49.4,50.6,B. Howden (VGK),P. Dorofeyev (VGK),S. Theodore (VGK)
2026-04-30,2025030166,20252026,3,2026-04-30T23:30:00Z,Grand Casino Arena,REG,MIN,MIN,DAL,5,2,1,0,1,2,3,0,0,0,4,6,0,0,2,4,2,2,0,0,0,0,1,2,1,1,0,0,21,23,7,4,6,10,8,9,0,0,0,1,4,1,3,2,2,3,0,0,2,0,15,11,4,6,32,34,14,14,10,9,4,3,58.3,41.7,Q. Hughes (MIN),B. Faber (MIN),J. Wallstedt (MIN)
2026-04-30,2025030186,20252026,3,2026-05-01T02:00:00Z,Honda Center,REG,ANA,ANA,EDM,5,2,3,1,1,0,1,1,0,0,0,4,0,4,0,0,0,0,0,0,0,2,0,0,0,0,0,0,31,27,11,7,15,10,5,10,0,0,1,0,3,0,2,0,0,2,0,0,1,0,16,18,0,4,33,27,17,9,11,17,6,3,53.3,46.7,T. Terry (ANA),J. LaCombe (ANA),C. Kreider (ANA)
2026-05-01,2025030126,20252026,3,2026-05-01T23:00:00Z,Centre Bell,OT,TBL,MTL,TBL,0,1,0,0,0,0,0,0,0,1,8,6,0,2,2,2,6,2,0,2,0,1,1,1,3,1,0,1,30,33,7,9,10,7,9,12,4,5,0,0,3,4,2,3,4,3,0,0,0,0,20,29,8,8,49,38,22,13,20,17,3,6,51.1,48.9,A. Vasilevskiy (TBL),J. Dobes (MTL),G. Goncalves (TBL)
2026-05-01,2025030116,20252026,3,2026-05-01T23:30:00Z,TD Garden,REG,BUF,BOS,BUF,1,4,0,2,1,0,0,2,0,0,6,2,4,0,2,0,0,2,0,0,2,0,1,0,0,1,0,0,26,26,6,12,8,7,12,7,0,0,0,0,0,6,0,4,3,1,0,0,0,1,13,15,21,2,43,27,9,19,15,19,3,3,55.9,44.1,A. Lyon (BUF),T. Thompson (BUF),J. Swayman (BOS)
2026-05-01,2025030176,20252026,3,2026-05-02T02:00:00Z,Delta Center,REG,VGK,UTA,VGK,1,5,0,1,0,1,1,3,0,0,4,6,2,2,0,2,2,2,0,0,1,1,0,1,1,1,0,0,23,26,6,10,8,10,9,6,0,0,0,1,4,2,3,2,2,3,0,0,0,1,23,15,4,6,38,32,15,17,20,12,3,4,38.9,61.1,M. Marner (VGK),B. Howden (VGK),C. Hart (VGK)
2026-05-02,2025030221,20252026,3,2026-05-03T00:00:00Z,Lenovo Center,REG,CAR,CAR,PHI,3,0,2,0,1,0,0,0,0,0,14,14,4,2,2,4,8,8,0,0,2,1,1,2,4,4,0,0,23,19,12,4,9,5,2,10,0,0,0,0,5,2,4,4,7,7,0,0,0,0,12,10,34,34,30,49,17,14,17,15,4,6,44.4,55.6,L. Stankoven (CAR),J. Blake (CAR),M. Reilly (CAR)
2026-05-03,2025030127,20252026,3,2026-05-03T22:00:00Z,Benchmark International Arena,REG,MTL,TBL,MTL,1,2,0,1,1,0,0,1,0,0,4,6,0,0,4,4,0,2,0,0,0,0,2,2,0,1,0,0,29,9,9,4,12,0,8,5,0,0,1,0,3,0,3,2,2,3,0,0,0,0,12,14,4,6,30,43,15,14,12,12,4,4,46.7,53.3,J. Dobes (MTL),A. Newhook (MTL),D. James (TBL)
2026-05-03,2025030231,20252026,3,2026-05-04T01:00:00Z,Ball Arena,REG,COL,COL,MIN,9,6,3,2,2,3,4,1,0,0,10,8,4,4,2,2,4,2,0,0,2,2,1,1,2,1,0,0,43,36,16,9,14,16,13,11,0,0,1,0,3,2,2,3,5,4,0,1,1,0,13,13,10,8,26,24,11,12,17,17,6,3,36.9,63.1,C. Makar (COL),D. Toews (COL),M. Necas (COL)
2026-05-04,2025030222,20252026,3,2026-05-04T23:00:00Z,Lenovo Center,OT,CAR,CAR,PHI,3,2,1,2,0,0,1,0,1,0,14,14,4,6,6,4,4,4,2,0,2,3,3,2,2,2,1,0,42,36,10,6,16,10,8,5,8,15,1,1,8,2,6,6,7,7,0,0,0,0,15,6,16,14,42,43,8,15,20,19,5,4,60.3,39.7,T. Hall (CAR),N. Ehlers (CAR),S. Jarvis (CAR)
2026-05-04,2025030241,20252026,3,2026-05-05T01:30:00Z,T-Mobile Arena,REG,VGK,VGK,ANA,3,1,0,0,1,0,2,1,0,0,12,8,2,2,4,0,6,6,0,0,1,1,2,0,3,3,0,0,22,34,6,11,8,10,8,13,0,0,0,0,4,5,2,4,6,4,0,0,1,0,18,18,12,8,26,37,16,10,23,17,8,2,50.9,49.1,C. Hart (VGK),I. Barbashev (VGK),B. Howden (VGK)
2026-05-05,2025030232,20252026,3,2026-05-06T00:00:00Z,Ball Arena,REG,COL,COL,MIN,5,2,2,1,1,0,2,1,0,0,4,10,2,2,0,2,2,6,0,0,1,1,0,1,1,3,0,0,23,31,7,10,9,10,7,11,0,0,2,0,8,9,5,2,2,5,0,0,1,0,12,20,4,10,28,31,11,13,15,11,5,2,62.9,37.1,N. MacKinnon (COL),S. Wedgewood (COL),G. Landeskog (COL)
2026-05-06,2025030211,20252026,3,2026-05-06T23:00:00Z,KeyBank Center,REG,BUF,BUF,MTL,4,2,2,1,2,1,0,0,0,0,4,6,2,4,2,2,0,0,0,0,1,2,1,1,0,0,0,0,16,28,6,9,9,8,1,11,0,0,2,1,5,3,3,2,2,3,0,0,0,0,15,12,4,6,27,31,13,12,15,7,5,4,37.3,62.7,Z. Benson (BUF),R. McLeod (BUF),J. Greenway (BUF)
2026-05-06,2025030242,20252026,3,2026-05-07T01:30:00Z,T-Mobile Arena,REG,ANA,VGK,ANA,1,3,0,0,0,1,1,2,0,0,10,8,8,2,2,2,0,4,0,0,4,1,1,1,0,2,0,0,22,28,3,13,11,7,8,8,0,0,1,0,6,6,4,5,5,4,0,0,0,1,10,13,10,8,39,39,19,14,19,15,2,2,63.2,36.8,L. Carlsson (ANA),L. Dostal (ANA),M. Stone (VGK)
2026-05-07,2025030223,20252026,3,2026-05-08T00:00:00Z,Xfinity Mobile Arena,REG,CAR,PHI,CAR,1,4,0,1,1,1,0,2,0,0,28,20,4,4,8,6,16,10,0,0,2,2,4,3,8,5,0,0,19,31,7,10,6,9,6,12,0,0,0,2,4,8,5,9,14,10,0,1,0,0,5,19,38,20,41,31,17,9,16,11,4,4,51.0,49.0,A. Svechnikov (CAR),J. Martinook (CAR),P. Martone (PHI)
2026-05-08,2025030212,20252026,3,2026-05-08T23:00:00Z,KeyBank Center,REG,MTL,BUF,MTL,1,5,0,2,1,1,0,2,0,0,12,12,4,2,4,8,4,2,0,0,2,1,2,4,2,1,0,0,29,28,8,13,11,8,10,7,0,0,0,0,10,7,5,5,6,6,0,0,0,1,15,17,12,22,44,18,11,18,13,11,4,7,43.4,56.6,A. Newhook (MTL),J. Dobes (MTL),Z. Benson (BUF)
2026-05-08,2025030243,20252026,3,2026-05-09T01:30:00Z,Honda Center,REG,VGK,ANA,VGK,2,6,0,3,0,2,2,1,0,0,6,4,2,4,4,0,0,0,0,0,1,2,2,0,0,0,0,0,33,28,11,8,10,9,12,11,0,0,0,1,2,5,2,3,3,2,0,1,0,1,15,14,6,4,53,23,6,20,8,16,4,8,43.1,56.9,M. Marner (VGK),S. Theodore (VGK),C. Hart (VGK)
2026-05-09,2025030224,20252026,3,2026-05-09T22:00:00Z,Xfinity Mobile Arena,OT,CAR,PHI,CAR,2,3,1,0,0,1,1,1,0,1,6,6,2,2,4,4,0,0,0,0,1,1,2,2,0,0,0,0,17,40,5,8,4,15,6,13,2,4,0,0,2,3,3,3,3,3,0,0,0,0,14,15,6,6,39,29,24,7,19,14,5,6,48.6,51.4,J. Blake (CAR),L. Stankoven (CAR),D. Vladar (PHI)
2026-05-09,2025030233,20252026,3,2026-05-10T01:00:00Z,Grand Casino Arena,REG,MIN,MIN,COL,5,1,2,0,2,1,1,0,0,0,8,8,6,4,2,4,0,0,0,0,3,2,1,2,0,0,0,0,26,36,10,9,8,13,8,14,0,0,2,1,5,7,3,3,4,4,0,0,1,0,20,23,8,8,39,25,15,8,17,16,7,3,38.5,61.5,K. Kaprizov (MIN),Q. Hughes (MIN),J. Wallstedt (MIN)
2026-05-10,2025030213,20252026,3,2026-05-10T23:00:00Z,Centre Bell,REG,MTL,MTL,BUF,6,2,1,1,3,1,2,0,0,0,18,22,6,8,4,8,8,6,0,0,3,4,2,4,4,3,0,0,36,28,14,8,15,10,8,10,0,0,2,1,9,5,6,4,9,11,0,0,0,0,9,15,38,42,25,21,14,15,14,13,3,6,62.3,37.7,L. Hutson (MTL),A. Newhook (MTL),J. Dobes (MTL)
2026-05-10,2025030244,20252026,3,2026-05-11T01:30:00Z,Honda Center,REG,ANA,ANA,VGK,4,3,2,1,1,1,1,1,0,0,6,8,2,4,2,2,2,2,0,0,1,2,1,1,1,1,0,0,23,21,9,5,9,7,5,9,0,0,2,1,7,7,4,3,3,4,0,0,0,0,19,7,6,8,34,27,13,14,10,14,5,7,47.1,52.9,A. Killorn (ANA),C. Gauthier (ANA),I. Moore (ANA)
2026-05-11,2025030234,20252026,3,2026-05-12T00:00:00Z,Grand Casino Arena,REG,COL,MIN,COL,2,5,1,0,0,1,1,4,0,0,8,10,2,6,4,4,2,0,0,0,1,3,2,2,1,0,0,0,21,34,4,10,8,11,9,13,0,0,1,1,5,3,4,2,4,5,0,0,0,2,16,20,8,10,29,32,22,12,14,13,3,5,46.2,53.8,P. Kelly (COL),J. Wallstedt (MIN),N. Kadri (COL)
2026-05-12,2025030214,20252026,3,2026-05-12T23:00:00Z,Centre Bell,REG,BUF,MTL,BUF,2,3,2,1,0,1,0,1,0,0,10,16,4,8,4,8,2,0,0,0,2,4,2,4,1,0,0,0,31,22,8,12,11,5,12,5,0,0,1,2,10,5,7,4,5,8,0,0,0,0,14,16,10,16,26,23,6,27,15,14,2,6,47.5,52.5,U. Luukkonen (BUF),M. Samuelsson (BUF),C. Caufield (MTL)
2026-05-12,2025030245,20252026,3,2026-05-13T01:30:00Z,T-Mobile Arena,OT,VGK,VGK,ANA,3,2,1,1,0,0,1,1,1,0,0,2,0,2,0,0,0,0,0,0,0,1,0,0,0,0,0,0,32,36,11,9,6,17,10,10,5,0,1,1,3,4,1,2,0,1,0,0,0,0,22,17,15,2,29,26,18,8,17,13,5,8,53.1,46.9,P. Dorofeyev (VGK),T. Hertl (VGK),C. Hart (VGK)
2026-05-13,2025030235,20252026,3,2026-05-14T00:00:00Z,Ball Arena,OT,COL,COL,MIN,4,3,0,3,1,0,2,0,1,0,2,2,2,0,0,2,0,0,0,0,1,0,0,1,0,0,0,0,34,20,12,13,9,3,9,4,4,0,0,0,3,4,1,1,1,1,0,0,0,0,27,13,2,2,32,31,11,23,11,12,8,4,47.8,52.2,B. Kulak (COL),M. Necas (COL),N. Foligno (MIN)
2026-05-14,2025030215,20252026,3,2026-05-14T23:00:00Z,KeyBank Center,REG,MTL,BUF,MTL,3,6,3,2,0,3,0,1,0,0,6,6,0,0,2,2,4,4,0,0,0,0,1,1,2,2,0,0,36,26,9,11,7,12,20,3,0,0,0,2,3,2,2,2,3,3,0,0,0,0,21,13,16,16,22,19,11,25,11,16,4,5,44.1,55.9,N. Suzuki (MTL),J. Slafkovský (MTL),I. Demidov (MTL)
2026-05-14,2025030246,20252026,3,2026-05-15T01:30:00Z,Honda Center,REG,VGK,ANA,VGK,1,5,0,3,1,0,0,2,0,0,6,12,4,2,2,6,0,4,0,0,2,1,1,3,0,2,0,0,32,21,4,9,13,9,15,3,0,0,1,1,5,2,5,2,3,6,0,1,0,0,24,16,6,12,30,24,11,13,20,17,5,4,46.9,53.1,P. Dorofeyev (VGK),M. Granlund (ANA),C. Hart (VGK)
2026-05-16,2025030216,20252026,3,2026-05-17T00:00:00Z,Centre Bell,REG,BUF,MTL,BUF,3,8,3,2,0,3,0,3,0,0,18,12,10,6,2,4,6,2,0,0,5,3,1,2,3,1,0,0,22,36,5,11,10,17,7,8,0,0,1,4,4,10,3,6,9,6,1,0,0,1,13,14,58,32,31,19,9,18,11,18,5,3,39.3,60.7,R. Dahlin (BUF),J. Quinn (BUF),T. Thompson (BUF)
2026-05-18,2025030217,20252026,3,2026-05-18T23:30:00Z,KeyBank Center,OT,MTL,BUF,MTL,2,3,0,2,1,0,1,0,0,1,2,2,2,0,0,0,0,2,0,0,1,0,0,0,0,1,0,0,39,25,9,11,14,7,10,4,6,3,0,1,1,1,1,1,1,1,0,0,0,0,22,18,2,2,21,28,11,22,16,22,3,7,53.6,46.4,A. Newhook (MTL),J. Dobes (MTL),R. Dahlin (BUF)
2026-05-20,2025030321,20252026,3,2026-05-21T00:00:00Z,Ball Arena,REG,VGK,COL,VGK,2,4,0,0,0,2,2,2,0,0,4,6,2,2,2,2,0,2,0,0,1,1,1,1,0,1,0,0,38,28,10,10,15,10,13,8,0,0,1,1,4,1,3,2,2,3,0,0,0,1,18,12,4,6,31,34,11,23,9,24,4,7,43.1,56.9,C. Hart (VGK),B. Howden (VGK),G. Landeskog (COL)
2026-05-21,2025030311,20252026,3,2026-05-22T00:00:00Z,Lenovo Center,REG,MTL,CAR,MTL,2,6,1,4,1,0,0,2,0,0,8,8,4,4,2,2,2,2,0,0,2,2,1,1,1,1,0,0,28,22,14,13,12,3,2,6,0,0,0,0,0,1,2,2,4,4,0,0,0,1,23,10,8,8,44,18,12,29,16,12,5,3,50.0,50.0,J. Slafkovský (MTL),C. Caufield (MTL),P. Danault (MTL)
2026-05-22,2025030322,20252026,3,2026-05-23T00:00:00Z,Ball Arena,REG,VGK,COL,VGK,1,3,1,0,0,0,0,3,0,0,8,6,0,0,6,4,2,2,0,0,0,0,3,2,1,1,0,0,31,25,11,12,10,4,10,9,0,0,0,0,0,2,2,4,4,3,0,0,0,1,16,7,8,6,27,33,20,16,16,10,5,5,58.6,41.4,I. Barbashev (VGK),C. Hart (VGK),J. Eichel (VGK)
2026-05-23,2025030312,20252026,3,2026-05-23T23:00:00Z,Lenovo Center,OT,CAR,CAR,MTL,3,2,1,1,1,0,0,1,1,0,4,6,4,2,0,4,0,0,0,0,2,1,0,2,0,0,0,0,26,12,7,2,8,3,9,7,2,0,0,0,4,0,3,2,2,3,0,0,0,0,21,6,4,6,46,16,20,19,20,16,7,4,47.6,52.4,N. Ehlers (CAR),E. Robinson (CAR),J. Chatfield (CAR)
2026-05-24,2025030323,20252026,3,2026-05-25T00:00:00Z,T-Mobile Arena,REG,VGK,VGK,COL,5,3,0,3,3,0,2,0,0,0,10,8,4,4,2,2,4,2,0,0,2,2,1,1,2,1,0,0,23,35,7,16,8,12,8,7,0,0,1,0,7,6,3,4,5,4,0,1,1,0,13,14,10,18,34,17,22,11,18,19,4,3,55.4,44.6,T. Hertl (VGK),M. Stone (VGK),M. Marner (VGK)
2026-05-25,2025030313,20252026,3,2026-05-26T00:00:00Z,Centre Bell,OT,CAR,MTL,CAR,2,3,1,2,1,0,0,0,0,1,8,6,2,2,4,4,2,0,0,0,1,1,2,2,1,0,0,0,13,39,5,16,6,10,1,7,1,6,1,0,2,7,2,3,4,3,0,0,0,0,11,14,8,6,31,37,33,18,21,18,3,13,47.8,52.2,S. Aho (CAR),M. Matheson (MTL),T. Hall (CAR)
2026-05-26,2025030324,20252026,3,2026-05-27T01:00:00Z,T-Mobile Arena,REG,VGK,VGK,COL,2,1,1,0,0,0,1,1,0,0,2,4,0,2,2,2,0,0,0,0,0,1,1,1,0,0,0,0,26,21,9,8,11,6,6,7,0,0,0,0,7,1,2,1,1,2,0,0,0,0,18,8,2,4,29,30,14,11,15,16,3,2,54.7,45.3,M. Stone (VGK),C. Smith (VGK),C. Hart (VGK)
2026-05-27,2025030314,20252026,3,2026-05-28T00:00:00Z,Centre Bell,REG,CAR,MTL,CAR,0,4,0,3,0,0,0,1,0,0,12,4,4,4,6,0,2,0,0,0,2,2,3,0,1,0,0,0,18,44,5,12,10,12,3,20,0,0,0,1,1,6,2,6,6,2,0,0,0,1,6,27,32,24,30,30,23,18,18,15,3,7,53.7,46.3,J. Staal (CAR),N. Ehlers (CAR),K. Miller (CAR)
2026-05-29,2025030315,20252026,3,2026-05-30T00:00:00Z,Lenovo Center,REG,CAR,CAR,MTL,6,1,3,0,2,0,1,1,0,0,10,10,4,2,2,6,4,2,0,0,2,1,1,3,2,1,0,0,30,24,15,4,9,11,6,9,0,0,1,1,5,6,5,5,5,5,0,0,1,0,12,11,10,10,18,11,12,3,18,10,7,3,47.2,52.8,F. Andersen (CAR),T. Hall (CAR),L. Stankoven (CAR)
2026-06-02,2025030411,20252026,3,2026-06-03T00:00:00Z,Lenovo Center,REG,VGK,CAR,VGK,4,5,2,1,1,2,1,2,0,0,6,4,0,2,4,0,2,2,0,0,0,1,2,0,1,1,0,0,29,23,12,4,5,11,12,8,0,0,0,0,0,2,2,3,3,2,0,0,0,0,17,15,6,4,26,35,13,16,16,18,7,3,49.2,50.8,S. Theodore (VGK),N. Ehlers (CAR),B. Howden (VGK)
2026-06-04,2025030412,20252026,3,2026-06-05T00:00:00Z,Lenovo Center,OT,CAR,CAR,VGK,4,3,0,1,0,1,3,1,1,0,8,6,2,4,4,0,2,2,0,2,1,2,2,0,1,1,0,1,26,26,8,2,7,9,8,14,3,1,1,0,2,1,3,4,4,3,0,0,0,0,21,6,8,8,46,25,11,25,17,12,4,4,56.5,43.5,S. Jarvis (CAR),J. Staal (CAR),L. Stankoven (CAR)
2026-06-06,2025030413,20252026,3,2026-06-07T00:00:00Z,T-Mobile Arena,OT,VGK,VGK,CAR,5,4,0,0,4,0,0,4,1,0,4,4,0,0,0,2,4,2,0,0,0,0,0,1,2,1,0,0,35,33,2,7,14,5,9,13,10,8,1,1,3,6,2,2,2,2,0,0,0,0,19,18,4,4,66,42,30,14,25,30,11,3,40.7,59.3,S. Theodore (VGK),M. Marner (VGK),B. McNabb (VGK)
2026-06-09,2025030414,20252026,3,2026-06-10T00:00:00Z,T-Mobile Arena,REG,CAR,VGK,CAR,3,5,1,3,2,0,0,2,0,0,8,8,4,2,4,4,0,2,0,0,2,1,2,2,0,1,0,0,21,28,6,14,6,9,9,5,0,0,0,1,5,4,3,3,4,4,0,0,0,1,15,12,8,8,38,34,12,16,23,15,3,7,43.1,56.9,J. Staal (CAR),N. Ehlers (CAR),W. Karlsson (VGK)
2026-06-11,2025030415,20252026,3,2026-06-12T00:00:00Z,Lenovo Center,REG,CAR,CAR,VGK,4,2,1,1,2,0,1,1,0,0,6,10,4,0,0,4,2,6,0,0,2,0,0,2,1,3,0,0,24,25,5,7,10,5,9,13,0,0,2,1,8,5,5,3,3,5,0,0,0,0,19,24,6,10,34,32,12,18,17,15,6,2,58.5,41.5,A. Svechnikov (CAR),N. Ehlers (CAR),B. Bussi (CAR)
2026-06-14,2025030416,20252026,3,2026-06-15T00:00:00Z,T-Mobile Arena,REG,CAR,VGK,CAR,0,3,0,1,0,1,0,1,0,0,6,6,4,4,2,0,0,2,0,0,2,2,1,0,0,1,0,0,22,23,11,8,3,8,8,7,0,0,0,0,7,2,3,3,3,3,0,0,0,1,15,13,6,6,39,32,7,12,19,16,2,10,47.6,52.4,B. Bussi (CAR),T. Hall (CAR),J. Blake (CAR)
