datums,game_id,sezona,loma,vards,home_team,away_team,pen_home,pen_away,pen_total,pen_p1,pen_p2,pen_p3,pim_home,pim_away
2025-10-07,2025020001,20252026,referee,Kelly Sutherland,FLA,CHI,3,2,5,2,2,1,6,4
2025-10-07,2025020001,20252026,referee,Eric Furlatt,FLA,CHI,3,2,5,2,2,1,6,4
2025-10-07,2025020001,20252026,linesman,Scott Cherrey,FLA,CHI,3,2,5,2,2,1,6,4
2025-10-07,2025020001,20252026,linesman,Matt MacPherson,FLA,CHI,3,2,5,2,2,1,6,4
2025-10-07,2025020002,20252026,referee,Wes McCauley,NYR,PIT,1,2,3,2,1,0,2,4
2025-10-07,2025020002,20252026,referee,Jake Brenk,NYR,PIT,1,2,3,2,1,0,2,4
2025-10-07,2025020002,20252026,linesman,Libor Suchanek,NYR,PIT,1,2,3,2,1,0,2,4
2025-10-07,2025020002,20252026,linesman,Devin Berg,NYR,PIT,1,2,3,2,1,0,2,4
2025-10-07,2025020003,20252026,referee,Frederick L'Ecuyer,LAK,COL,6,4,10,1,2,7,12,8
2025-10-07,2025020003,20252026,referee,Thomas John Luxmore,LAK,COL,6,4,10,1,2,7,12,8
2025-10-07,2025020003,20252026,linesman,Trent Knorr,LAK,COL,6,4,10,1,2,7,12,8
2025-10-07,2025020003,20252026,linesman,Jesse Marquis,LAK,COL,6,4,10,1,2,7,12,8
2025-10-08,2025020004,20252026,referee,Furman South,TOR,MTL,2,2,4,2,1,1,4,4
2025-10-08,2025020004,20252026,referee,Trevor Hanson,TOR,MTL,2,2,4,2,1,1,4,4
2025-10-08,2025020004,20252026,linesman,James Tobias,TOR,MTL,2,2,4,2,1,1,4,4
2025-10-08,2025020004,20252026,linesman,Mark Shewchyk,TOR,MTL,2,2,4,2,1,1,4,4
2025-10-08,2025020005,20252026,referee,Gord Dwyer,WSH,BOS,2,5,7,4,2,1,4,10
2025-10-08,2025020005,20252026,referee,Mitch Dunning,WSH,BOS,2,5,7,4,2,1,4,10
2025-10-08,2025020005,20252026,linesman,Devin Berg,WSH,BOS,2,5,7,4,2,1,4,10
2025-10-08,2025020005,20252026,linesman,Kilian McNamara,WSH,BOS,2,5,7,4,2,1,4,10
2025-10-08,2025020006,20252026,referee,Francis Charron,EDM,CGY,4,3,7,2,2,3,8,6
2025-10-08,2025020006,20252026,referee,Brian Pochmara,EDM,CGY,4,3,7,2,2,3,8,6
2025-10-08,2025020006,20252026,linesman,Ryan Gibbons,EDM,CGY,4,3,7,2,2,3,8,6
2025-10-08,2025020006,20252026,linesman,David Brisebois,EDM,CGY,4,3,7,2,2,3,8,6
2025-10-08,2025020007,20252026,referee,Garrett Rank,VGK,LAK,3,4,7,4,2,1,6,8
2025-10-08,2025020007,20252026,referee,Jean Hebert,VGK,LAK,3,4,7,4,2,1,6,8
2025-10-08,2025020007,20252026,linesman,Brandon Gawryletz,VGK,LAK,3,4,7,4,2,1,6,8
2025-10-08,2025020007,20252026,linesman,Jonny Murray,VGK,LAK,3,4,7,4,2,1,6,8
2025-10-09,2025020008,20252026,referee,Chris Schlenker,BOS,CHI,5,7,12,2,3,7,10,14
2025-10-09,2025020008,20252026,referee,Justin Kea,BOS,CHI,5,7,12,2,3,7,10,14
2025-10-09,2025020008,20252026,linesman,Libor Suchanek,BOS,CHI,5,7,12,2,3,7,10,14
2025-10-09,2025020008,20252026,linesman,Dan Kelly,BOS,CHI,5,7,12,2,3,7,10,14
2025-10-09,2025020009,20252026,referee,Furman South,BUF,NYR,4,5,9,1,5,3,8,10
2025-10-09,2025020009,20252026,referee,Trevor Hanson,BUF,NYR,4,5,9,1,5,3,8,10
2025-10-09,2025020009,20252026,linesman,Brad Kovachik,BUF,NYR,4,5,9,1,5,3,8,10
2025-10-09,2025020009,20252026,linesman,Mark Shewchyk,BUF,NYR,4,5,9,1,5,3,8,10
2025-10-09,2025020010,20252026,referee,Chris Lee,DET,MTL,3,4,7,3,2,2,6,8
2025-10-09,2025020010,20252026,referee,Stephen Hiff,DET,MTL,3,4,7,3,2,2,6,8
2025-10-09,2025020010,20252026,linesman,James Tobias,DET,MTL,3,4,7,3,2,2,6,8
2025-10-09,2025020010,20252026,linesman,CJ Murray,DET,MTL,3,4,7,3,2,2,6,8
2025-10-09,2025020011,20252026,referee,Kelly Sutherland,TBL,OTT,6,5,11,8,2,1,12,10
2025-10-09,2025020011,20252026,referee,Brandon Blandina,TBL,OTT,6,5,11,8,2,1,12,10
2025-10-09,2025020011,20252026,linesman,Scott Cherrey,TBL,OTT,6,5,11,8,2,1,12,10
2025-10-09,2025020011,20252026,linesman,Tommy Hughes,TBL,OTT,6,5,11,8,2,1,12,10
2025-10-09,2025020012,20252026,referee,Wes McCauley,FLA,PHI,2,5,7,4,2,1,4,10
2025-10-09,2025020012,20252026,referee,Kendrick Nicholson,FLA,PHI,2,5,7,4,2,1,4,10
2025-10-09,2025020012,20252026,linesman,Julien Fournier,FLA,PHI,2,5,7,4,2,1,4,10
2025-10-09,2025020012,20252026,linesman,Matt MacPherson,FLA,PHI,2,5,7,4,2,1,4,10
2025-10-09,2025020013,20252026,referee,Gord Dwyer,PIT,NYI,4,5,9,2,5,2,8,10
2025-10-09,2025020013,20252026,referee,Mitch Dunning,PIT,NYI,4,5,9,2,5,2,8,10
2025-10-09,2025020013,20252026,linesman,Steve Barton,PIT,NYI,4,5,9,2,5,2,8,10
2025-10-09,2025020013,20252026,linesman,Michel Cormier,PIT,NYI,4,5,9,2,5,2,8,10
2025-10-09,2025020014,20252026,referee,Corey Syvret,CAR,NJD,2,4,6,0,4,2,4,8
2025-10-09,2025020014,20252026,referee,Eric Furlatt,CAR,NJD,2,4,6,0,4,2,4,8
2025-10-09,2025020014,20252026,linesman,Devin Berg,CAR,NJD,2,4,6,0,4,2,4,8
2025-10-09,2025020014,20252026,linesman,Kilian McNamara,CAR,NJD,2,4,6,0,4,2,4,8
2025-10-09,2025020015,20252026,referee,Carter Sandlak,STL,MIN,3,2,5,2,3,0,6,4
2025-10-09,2025020015,20252026,referee,Peter MacDougall,STL,MIN,3,2,5,2,3,0,6,4
2025-10-09,2025020015,20252026,linesman,Kiel Murchison,STL,MIN,3,2,5,2,3,0,6,4
2025-10-09,2025020015,20252026,linesman,Tyson Baker,STL,MIN,3,2,5,2,3,0,6,4
2025-10-09,2025020016,20252026,referee,Jake Brenk,NSH,CBJ,2,5,7,3,3,1,4,10
2025-10-09,2025020016,20252026,referee,Michael Markovic,NSH,CBJ,2,5,7,3,3,1,4,10
2025-10-09,2025020016,20252026,linesman,Andrew Smith,NSH,CBJ,2,5,7,3,3,1,4,10
2025-10-09,2025020016,20252026,linesman,Kyle Flemington,NSH,CBJ,2,5,7,3,3,1,4,10
2025-10-09,2025020017,20252026,referee,Brian Pochmara,WPG,DAL,7,6,13,1,8,4,14,12
2025-10-09,2025020017,20252026,referee,Jordan Samuels-Thomas,WPG,DAL,7,6,13,1,8,4,14,12
2025-10-09,2025020017,20252026,linesman,Ryan Gibbons,WPG,DAL,7,6,13,1,8,4,14,12
2025-10-09,2025020017,20252026,linesman,David Brisebois,WPG,DAL,7,6,13,1,8,4,14,12
2025-10-09,2025020018,20252026,referee,Jean Hebert,COL,UTA,3,4,7,1,3,3,6,8
2025-10-09,2025020018,20252026,referee,Graham Skilliter,COL,UTA,3,4,7,1,3,3,6,8
2025-10-09,2025020018,20252026,linesman,Ryan Jackson,COL,UTA,3,4,7,1,3,3,6,8
2025-10-09,2025020018,20252026,linesman,Jonny Murray,COL,UTA,3,4,7,1,3,3,6,8
2025-10-09,2025020019,20252026,referee,Francis Charron,VAN,CGY,5,5,10,2,4,4,10,10
2025-10-09,2025020019,20252026,referee,Tom Chmielewski,VAN,CGY,5,5,10,2,4,4,10,10
2025-10-09,2025020019,20252026,linesman,Joe Mahon,VAN,CGY,5,5,10,2,4,4,10,10
2025-10-09,2025020019,20252026,linesman,Travis Toomey,VAN,CGY,5,5,10,2,4,4,10,10
2025-10-09,2025020020,20252026,referee,Garrett Rank,SJS,VGK,4,4,8,1,5,2,8,8
2025-10-09,2025020020,20252026,referee,Frederick L'Ecuyer,SJS,VGK,4,4,8,1,5,2,8,8
2025-10-09,2025020020,20252026,linesman,Brandon Gawryletz,SJS,VGK,4,4,8,1,5,2,8,8
2025-10-09,2025020020,20252026,linesman,Trent Knorr,SJS,VGK,4,4,8,1,5,2,8,8
2025-10-09,2025020021,20252026,referee,Thomas John Luxmore,SEA,ANA,1,2,3,0,2,1,2,4
2025-10-09,2025020021,20252026,referee,Pierre Lambert,SEA,ANA,1,2,3,0,2,1,2,4
2025-10-09,2025020021,20252026,linesman,Jesse Marquis,SEA,ANA,1,2,3,0,2,1,2,4
2025-10-09,2025020021,20252026,linesman,Ben O'Quinn,SEA,ANA,1,2,3,0,2,1,2,4
2025-10-11,2025020022,20252026,referee,Cody Beach,WPG,LAK,5,4,9,3,2,4,10,8
2025-10-11,2025020022,20252026,referee,Brian Pochmara,WPG,LAK,5,4,9,3,2,4,10,8
2025-10-11,2025020022,20252026,linesman,Travis Toomey,WPG,LAK,5,4,9,3,2,4,10,8
2025-10-11,2025020022,20252026,linesman,David Brisebois,WPG,LAK,5,4,9,3,2,4,10,8
2025-10-11,2025020023,20252026,referee,Pierre Lambert,CGY,STL,4,6,10,5,3,2,8,12
2025-10-11,2025020023,20252026,referee,Jordan Samuels-Thomas,CGY,STL,4,6,10,5,3,2,8,12
2025-10-11,2025020023,20252026,linesman,Ryan Gibbons,CGY,STL,4,6,10,5,3,2,8,12
2025-10-11,2025020023,20252026,linesman,Joe Mahon,CGY,STL,4,6,10,5,3,2,8,12
2025-10-11,2025020024,20252026,referee,Corey Syvret,BOS,BUF,4,4,8,2,5,1,8,8
2025-10-11,2025020024,20252026,referee,Michael Markovic,BOS,BUF,4,4,8,2,5,1,8,8
2025-10-11,2025020024,20252026,linesman,Libor Suchanek,BOS,BUF,4,4,8,2,5,1,8,8
2025-10-11,2025020024,20252026,linesman,Devin Berg,BOS,BUF,4,4,8,2,5,1,8,8
2025-10-11,2025020025,20252026,referee,Brandon Schrader,DET,TOR,3,5,8,1,0,7,6,10
2025-10-11,2025020025,20252026,referee,Peter MacDougall,DET,TOR,3,5,8,1,0,7,6,10
2025-10-11,2025020025,20252026,linesman,Steve Barton,DET,TOR,3,5,8,1,0,7,6,10
2025-10-11,2025020025,20252026,linesman,Michel Cormier,DET,TOR,3,5,8,1,0,7,6,10
2025-10-11,2025020026,20252026,referee,Wes McCauley,TBL,NJD,4,3,7,3,2,2,8,6
2025-10-11,2025020026,20252026,referee,Brandon Blandina,TBL,NJD,4,3,7,3,2,2,8,6
2025-10-11,2025020026,20252026,linesman,Tommy Hughes,TBL,NJD,4,3,7,3,2,2,8,6
2025-10-11,2025020026,20252026,linesman,Matt MacPherson,TBL,NJD,4,3,7,3,2,2,8,6
2025-10-11,2025020027,20252026,referee,Jake Brenk,FLA,OTT,2,5,7,2,2,3,4,10
2025-10-11,2025020027,20252026,referee,Carter Sandlak,FLA,OTT,2,5,7,2,2,3,4,10
2025-10-11,2025020027,20252026,linesman,Scott Cherrey,FLA,OTT,2,5,7,2,2,3,4,10
2025-10-11,2025020027,20252026,linesman,Kyle Flemington,FLA,OTT,2,5,7,2,2,3,4,10
2025-10-11,2025020028,20252026,referee,Chris Lee,NYI,WSH,2,3,5,1,2,2,4,6
2025-10-11,2025020028,20252026,referee,Justin Kea,NYI,WSH,2,3,5,1,2,2,4,6
2025-10-11,2025020028,20252026,linesman,Brandon Grillo,NYI,WSH,2,3,5,1,2,2,4,6
2025-10-11,2025020028,20252026,linesman,Caleb Apperson,NYI,WSH,2,3,5,1,2,2,4,6
2025-10-11,2025020029,20252026,referee,Furman South,PIT,NYR,4,4,8,2,5,1,8,8
2025-10-11,2025020029,20252026,referee,Kendrick Nicholson,PIT,NYR,4,4,8,2,5,1,8,8
2025-10-11,2025020029,20252026,linesman,James Tobias,PIT,NYR,4,4,8,2,5,1,8,8
2025-10-11,2025020029,20252026,linesman,Brad Kovachik,PIT,NYR,4,4,8,2,5,1,8,8
2025-10-11,2025020030,20252026,referee,Kelly Sutherland,CAR,PHI,4,5,9,6,1,2,8,10
2025-10-11,2025020030,20252026,referee,Beau Halkidis,CAR,PHI,4,5,9,6,1,2,8,10
2025-10-11,2025020030,20252026,linesman,Andrew Smith,CAR,PHI,4,5,9,6,1,2,8,10
2025-10-11,2025020030,20252026,linesman,Kilian McNamara,CAR,PHI,4,5,9,6,1,2,8,10
2025-10-11,2025020031,20252026,referee,Chris Schlenker,CHI,MTL,12,6,18,5,10,3,24,12
2025-10-11,2025020031,20252026,referee,Mitch Dunning,CHI,MTL,12,6,18,5,10,3,24,12
2025-10-11,2025020031,20252026,linesman,Kiel Murchison,CHI,MTL,12,6,18,5,10,3,24,12
2025-10-11,2025020031,20252026,linesman,Tyson Baker,CHI,MTL,12,6,18,5,10,3,24,12
2025-10-11,2025020032,20252026,referee,Eric Furlatt,NSH,UTA,6,7,13,3,8,2,12,14
2025-10-11,2025020032,20252026,referee,Mike Sullivan,NSH,UTA,6,7,13,3,8,2,12,14
2025-10-11,2025020032,20252026,linesman,Julien Fournier,NSH,UTA,6,7,13,3,8,2,12,14
2025-10-11,2025020032,20252026,linesman,CJ Murray,NSH,UTA,6,7,13,3,8,2,12,14
2025-10-11,2025020033,20252026,referee,Trevor Hanson,MIN,CBJ,3,8,11,2,4,5,6,16
2025-10-11,2025020033,20252026,referee,Morgan MacPhee,MIN,CBJ,3,8,11,2,4,5,6,16
2025-10-11,2025020033,20252026,linesman,Bevan Mills,MIN,CBJ,3,8,11,2,4,5,6,16
2025-10-11,2025020033,20252026,linesman,Travis Gawryletz,MIN,CBJ,3,8,11,2,4,5,6,16
2025-10-11,2025020034,20252026,referee,Garrett Rank,COL,DAL,2,5,7,3,2,2,4,10
2025-10-11,2025020034,20252026,referee,Frederick L'Ecuyer,COL,DAL,2,5,7,3,2,2,4,10
2025-10-11,2025020034,20252026,linesman,Ryan Jackson,COL,DAL,2,5,7,3,2,2,4,10
2025-10-11,2025020034,20252026,linesman,Jonny Murray,COL,DAL,2,5,7,3,2,2,4,10
2025-10-11,2025020035,20252026,referee,Kyle Rehman,EDM,VAN,3,6,9,3,3,3,6,12
2025-10-11,2025020035,20252026,referee,Tom Chmielewski,EDM,VAN,3,6,9,3,3,3,6,12
2025-10-11,2025020035,20252026,linesman,Jonathan Deschamps,EDM,VAN,3,6,9,3,3,3,6,12
2025-10-11,2025020035,20252026,linesman,Mark Shewchyk,EDM,VAN,3,6,9,3,3,3,6,12
2025-10-11,2025020036,20252026,referee,Jean Hebert,SJS,ANA,4,4,8,2,6,0,8,8
2025-10-11,2025020036,20252026,referee,Graham Skilliter,SJS,ANA,4,4,8,2,6,0,8,8
2025-10-11,2025020036,20252026,linesman,Brandon Gawryletz,SJS,ANA,4,4,8,2,6,0,8,8
2025-10-11,2025020036,20252026,linesman,Trent Knorr,SJS,ANA,4,4,8,2,6,0,8,8
2025-10-11,2025020037,20252026,referee,Francis Charron,SEA,VGK,3,3,6,0,5,1,6,6
2025-10-11,2025020037,20252026,referee,Thomas John Luxmore,SEA,VGK,3,3,6,0,5,1,6,6
2025-10-11,2025020037,20252026,linesman,Jesse Marquis,SEA,VGK,3,3,6,0,5,1,6,6
2025-10-11,2025020037,20252026,linesman,Ben O'Quinn,SEA,VGK,3,3,6,0,5,1,6,6
2025-10-12,2025020038,20252026,referee,Corey Syvret,NYR,WSH,1,2,3,0,2,1,2,4
2025-10-12,2025020038,20252026,referee,Chris Lee,NYR,WSH,1,2,3,0,2,1,2,4
2025-10-12,2025020038,20252026,linesman,Brandon Grillo,NYR,WSH,1,2,3,0,2,1,2,4
2025-10-12,2025020038,20252026,linesman,Caleb Apperson,NYR,WSH,1,2,3,0,2,1,2,4
2025-10-13,2025020039,20252026,referee,Brandon Schrader,BUF,COL,5,4,9,4,3,2,10,8
2025-10-13,2025020039,20252026,referee,Peter MacDougall,BUF,COL,5,4,9,4,3,2,10,8
2025-10-13,2025020039,20252026,linesman,James Tobias,BUF,COL,5,4,9,4,3,2,10,8
2025-10-13,2025020039,20252026,linesman,Tyson Baker,BUF,COL,5,4,9,4,3,2,10,8
2025-10-13,2025020040,20252026,referee,Jake Brenk,BOS,TBL,4,7,11,2,4,5,8,14
2025-10-13,2025020040,20252026,referee,Beau Halkidis,BOS,TBL,4,7,11,2,4,5,8,14
2025-10-13,2025020040,20252026,linesman,Tommy Hughes,BOS,TBL,4,7,11,2,4,5,8,14
2025-10-13,2025020040,20252026,linesman,Matt MacPherson,BOS,TBL,4,7,11,2,4,5,8,14
2025-10-13,2025020041,20252026,referee,Brian Pochmara,OTT,NSH,6,5,11,7,2,2,12,10
2025-10-13,2025020041,20252026,referee,Stephen Hiff,OTT,NSH,6,5,11,7,2,2,12,10
2025-10-13,2025020041,20252026,linesman,Steve Barton,OTT,NSH,6,5,11,7,2,2,12,10
2025-10-13,2025020041,20252026,linesman,David Brisebois,OTT,NSH,6,5,11,7,2,2,12,10
2025-10-13,2025020042,20252026,referee,Kelly Sutherland,NYI,WPG,3,5,8,4,4,0,6,10
2025-10-13,2025020042,20252026,referee,Michael Markovic,NYI,WPG,3,5,8,4,4,0,6,10
2025-10-13,2025020042,20252026,linesman,Libor Suchanek,NYI,WPG,3,5,8,4,4,0,6,10
2025-10-13,2025020042,20252026,linesman,Dan Kelly,NYI,WPG,3,5,8,4,4,0,6,10
2025-10-13,2025020043,20252026,referee,Cody Beach,TOR,DET,5,3,8,2,3,3,10,6
2025-10-13,2025020043,20252026,referee,Kendrick Nicholson,TOR,DET,5,3,8,2,3,3,10,6
2025-10-13,2025020043,20252026,linesman,Scott Cherrey,TOR,DET,5,3,8,2,3,3,10,6
2025-10-13,2025020043,20252026,linesman,Shandor Alphonso,TOR,DET,5,3,8,2,3,3,10,6
2025-10-13,2025020044,20252026,referee,Francis Charron,PHI,FLA,5,5,10,2,4,4,10,10
2025-10-13,2025020044,20252026,referee,Brandon Blandina,PHI,FLA,5,5,10,2,4,4,10,10
2025-10-13,2025020044,20252026,linesman,Brandon Grillo,PHI,FLA,5,5,10,2,4,4,10,10
2025-10-13,2025020044,20252026,linesman,Caleb Apperson,PHI,FLA,5,5,10,2,4,4,10,10
2025-10-13,2025020045,20252026,referee,Furman South,CBJ,NJD,2,5,7,4,2,1,4,10
2025-10-13,2025020045,20252026,referee,Justin Kea,CBJ,NJD,2,5,7,4,2,1,4,10
2025-10-13,2025020045,20252026,linesman,CJ Murray,CBJ,NJD,2,5,7,4,2,1,4,10
2025-10-13,2025020045,20252026,linesman,Kilian McNamara,CBJ,NJD,2,5,7,4,2,1,4,10
2025-10-13,2025020046,20252026,referee,Kyle Rehman,VAN,STL,3,1,4,0,2,2,6,2
2025-10-13,2025020046,20252026,referee,Pierre Lambert,VAN,STL,3,1,4,0,2,2,6,2
2025-10-13,2025020046,20252026,linesman,Jonathan Deschamps,VAN,STL,3,1,4,0,2,2,6,2
2025-10-13,2025020046,20252026,linesman,Mark Shewchyk,VAN,STL,3,1,4,0,2,2,6,2
2025-10-13,2025020047,20252026,referee,Chris Schlenker,MIN,LAK,2,6,8,4,2,2,4,12
2025-10-13,2025020047,20252026,referee,Garrett Rank,MIN,LAK,2,6,8,4,2,2,4,12
2025-10-13,2025020047,20252026,linesman,Kiel Murchison,MIN,LAK,2,6,8,4,2,2,4,12
2025-10-13,2025020047,20252026,linesman,Ryan Jackson,MIN,LAK,2,6,8,4,2,2,4,12
2025-10-13,2025020048,20252026,referee,Jean Hebert,CHI,UTA,3,3,6,2,1,3,6,6
2025-10-13,2025020048,20252026,referee,Morgan MacPhee,CHI,UTA,3,3,6,2,1,3,6,6
2025-10-13,2025020048,20252026,linesman,Bevan Mills,CHI,UTA,3,3,6,2,1,3,6,6
2025-10-13,2025020048,20252026,linesman,Travis Gawryletz,CHI,UTA,3,3,6,2,1,3,6,6
2025-10-14,2025020049,20252026,referee,Mitch Dunning,TOR,NSH,3,3,6,1,3,2,6,6
2025-10-14,2025020049,20252026,referee,Peter MacDougall,TOR,NSH,3,3,6,1,3,2,6,6
2025-10-14,2025020049,20252026,linesman,Andrew Smith,TOR,NSH,3,3,6,1,3,2,6,6
2025-10-14,2025020049,20252026,linesman,Brad Kovachik,TOR,NSH,3,3,6,1,3,2,6,6
2025-10-14,2025020050,20252026,referee,Cody Beach,MTL,SEA,4,3,7,4,2,1,8,6
2025-10-14,2025020050,20252026,referee,Brian Pochmara,MTL,SEA,4,3,7,4,2,1,8,6
2025-10-14,2025020050,20252026,linesman,Shandor Alphonso,MTL,SEA,4,3,7,4,2,1,8,6
2025-10-14,2025020050,20252026,linesman,Devin Berg,MTL,SEA,4,3,7,4,2,1,8,6
2025-10-14,2025020051,20252026,referee,Chris Lee,NYR,EDM,0,3,3,0,2,1,0,6
2025-10-14,2025020051,20252026,referee,Brandon Schrader,NYR,EDM,0,3,3,0,2,1,0,6
2025-10-14,2025020051,20252026,linesman,Tommy Hughes,NYR,EDM,0,3,3,0,2,1,0,6
2025-10-14,2025020051,20252026,linesman,Michel Cormier,NYR,EDM,0,3,3,0,2,1,0,6
2025-10-14,2025020052,20252026,referee,Francis Charron,WSH,TBL,4,5,9,1,3,5,8,10
2025-10-14,2025020052,20252026,referee,Michael Markovic,WSH,TBL,4,5,9,1,3,5,8,10
2025-10-14,2025020052,20252026,linesman,Libor Suchanek,WSH,TBL,4,5,9,1,3,5,8,10
2025-10-14,2025020052,20252026,linesman,Dan Kelly,WSH,TBL,4,5,9,1,3,5,8,10
2025-10-14,2025020053,20252026,referee,Graham Skilliter,CGY,VGK,3,2,5,0,3,2,6,4
2025-10-14,2025020053,20252026,referee,Pierre Lambert,CGY,VGK,3,2,5,0,3,2,6,4
2025-10-14,2025020053,20252026,linesman,Jonathan Deschamps,CGY,VGK,3,2,5,0,3,2,6,4
2025-10-14,2025020053,20252026,linesman,Mark Shewchyk,CGY,VGK,3,2,5,0,3,2,6,4
2025-10-14,2025020054,20252026,referee,Jean Hebert,DAL,MIN,5,3,8,2,2,4,10,6
2025-10-14,2025020054,20252026,referee,Corey Syvret,DAL,MIN,5,3,8,2,2,4,10,6
2025-10-14,2025020054,20252026,linesman,Bevan Mills,DAL,MIN,5,3,8,2,2,4,10,6
2025-10-14,2025020054,20252026,linesman,Travis Gawryletz,DAL,MIN,5,3,8,2,2,4,10,6
2025-10-14,2025020055,20252026,referee,Kyle Rehman,SJS,CAR,4,6,10,4,2,4,8,12
2025-10-14,2025020055,20252026,referee,Jordan Samuels-Thomas,SJS,CAR,4,6,10,4,2,4,8,12
2025-10-14,2025020055,20252026,linesman,Joe Mahon,SJS,CAR,4,6,10,4,2,4,8,12
2025-10-14,2025020055,20252026,linesman,Travis Toomey,SJS,CAR,4,6,10,4,2,4,8,12
2025-10-14,2025020056,20252026,referee,Trevor Hanson,ANA,PIT,1,6,7,2,2,3,2,12
2025-10-14,2025020056,20252026,referee,Gord Dwyer,ANA,PIT,1,6,7,2,2,3,2,12
2025-10-14,2025020056,20252026,linesman,Ryan Gibbons,ANA,PIT,1,6,7,2,2,3,2,12
2025-10-14,2025020056,20252026,linesman,Brandon Gawryletz,ANA,PIT,1,6,7,2,2,3,2,12
2025-10-15,2025020057,20252026,referee,Kendrick Nicholson,BUF,OTT,7,5,12,3,9,0,14,10
2025-10-15,2025020057,20252026,referee,Justin Kea,BUF,OTT,7,5,12,3,9,0,14,10
2025-10-15,2025020057,20252026,linesman,Andrew Smith,BUF,OTT,7,5,12,3,9,0,14,10
2025-10-15,2025020057,20252026,linesman,Caleb Apperson,BUF,OTT,7,5,12,3,9,0,14,10
2025-10-15,2025020058,20252026,referee,Furman South,DET,FLA,2,3,5,0,3,2,4,6
2025-10-15,2025020058,20252026,referee,Brandon Blandina,DET,FLA,2,3,5,0,3,2,4,6
2025-10-15,2025020058,20252026,linesman,Kyle Flemington,DET,FLA,2,3,5,0,3,2,4,6
2025-10-15,2025020058,20252026,linesman,Jesse Marquis,DET,FLA,2,3,5,0,3,2,4,6
2025-10-15,2025020059,20252026,referee,Wes McCauley,STL,CHI,3,2,5,1,2,2,6,4
2025-10-15,2025020059,20252026,referee,Corey Syvret,STL,CHI,3,2,5,1,2,2,6,4
2025-10-15,2025020059,20252026,linesman,Bevan Mills,STL,CHI,3,2,5,1,2,2,6,4
2025-10-15,2025020059,20252026,linesman,Ryan Jackson,STL,CHI,3,2,5,1,2,2,6,4
2025-10-15,2025020060,20252026,referee,Gord Dwyer,UTA,CGY,6,8,14,5,7,2,12,16
2025-10-15,2025020060,20252026,referee,Jordan Samuels-Thomas,UTA,CGY,6,8,14,5,7,2,12,16
2025-10-15,2025020060,20252026,linesman,Brandon Gawryletz,UTA,CGY,6,8,14,5,7,2,12,16
2025-10-15,2025020060,20252026,linesman,Ben O'Quinn,UTA,CGY,6,8,14,5,7,2,12,16
2025-10-16,2025020061,20252026,referee,Garrett Rank,TOR,NYR,3,2,5,4,1,0,6,4
2025-10-16,2025020061,20252026,referee,Justin Kea,TOR,NYR,3,2,5,4,1,0,6,4
2025-10-16,2025020061,20252026,linesman,Caleb Apperson,TOR,NYR,3,2,5,4,1,0,6,4
2025-10-16,2025020061,20252026,linesman,Mark Shewchyk,TOR,NYR,3,2,5,4,1,0,6,4
2025-10-16,2025020062,20252026,referee,Cody Beach,MTL,NSH,2,3,5,1,3,1,4,6
2025-10-16,2025020062,20252026,referee,Peter MacDougall,MTL,NSH,2,3,5,1,3,1,4,6
2025-10-16,2025020062,20252026,linesman,Scott Cherrey,MTL,NSH,2,3,5,1,3,1,4,6
2025-10-16,2025020062,20252026,linesman,David Brisebois,MTL,NSH,2,3,5,1,3,1,4,6
2025-10-16,2025020063,20252026,referee,Mitch Dunning,OTT,SEA,3,2,5,2,1,2,6,4
2025-10-16,2025020063,20252026,referee,Eric Furlatt,OTT,SEA,3,2,5,2,1,2,6,4
2025-10-16,2025020063,20252026,linesman,Andrew Smith,OTT,SEA,3,2,5,2,1,2,6,4
2025-10-16,2025020063,20252026,linesman,Jonathan Deschamps,OTT,SEA,3,2,5,2,1,2,6,4
2025-10-16,2025020064,20252026,referee,Francis Charron,NJD,FLA,6,6,12,7,3,2,12,12
2025-10-16,2025020064,20252026,referee,Michael Markovic,NJD,FLA,6,6,12,7,3,2,12,12
2025-10-16,2025020064,20252026,linesman,Michel Cormier,NJD,FLA,6,6,12,7,3,2,12,12
2025-10-16,2025020064,20252026,linesman,Dan Kelly,NJD,FLA,6,6,12,7,3,2,12,12
2025-10-16,2025020066,20252026,referee,Frederick L'Ecuyer,PHI,WPG,1,4,5,0,2,3,2,8
2025-10-16,2025020066,20252026,referee,Brandon Schrader,PHI,WPG,1,4,5,0,2,3,2,8
2025-10-16,2025020066,20252026,linesman,Libor Suchanek,PHI,WPG,1,4,5,0,2,3,2,8
2025-10-16,2025020066,20252026,linesman,Jonny Murray,PHI,WPG,1,4,5,0,2,3,2,8
2025-10-16,2025020067,20252026,referee,Chris Lee,CBJ,COL,1,2,3,1,0,2,2,4
2025-10-16,2025020067,20252026,referee,Carter Sandlak,CBJ,COL,1,2,3,1,0,2,2,4
2025-10-16,2025020067,20252026,linesman,Julien Fournier,CBJ,COL,1,2,3,1,0,2,2,4
2025-10-16,2025020067,20252026,linesman,Tyson Baker,CBJ,COL,1,2,3,1,0,2,2,4
2025-10-16,2025020065,20252026,referee,Thomas John Luxmore,NYI,EDM,4,5,9,3,2,4,8,10
2025-10-16,2025020065,20252026,referee,Mike Sullivan,NYI,EDM,4,5,9,3,2,4,8,10
2025-10-16,2025020065,20252026,linesman,Steve Barton,NYI,EDM,4,5,9,3,2,4,8,10
2025-10-16,2025020065,20252026,linesman,CJ Murray,NYI,EDM,4,5,9,3,2,4,8,10
2025-10-16,2025020068,20252026,referee,Wes McCauley,DAL,VAN,3,4,7,1,2,4,6,8
2025-10-16,2025020068,20252026,referee,Graedy Hamilton,DAL,VAN,3,4,7,1,2,4,6,8
2025-10-16,2025020068,20252026,linesman,Travis Gawryletz,DAL,VAN,3,4,7,1,2,4,6,8
2025-10-16,2025020068,20252026,linesman,Ryan Jackson,DAL,VAN,3,4,7,1,2,4,6,8
2025-10-16,2025020069,20252026,referee,Chris Schlenker,VGK,BOS,3,6,9,0,6,3,6,12
2025-10-16,2025020069,20252026,referee,Trevor Hanson,VGK,BOS,3,6,9,0,6,3,6,12
2025-10-16,2025020069,20252026,linesman,Ryan Gibbons,VGK,BOS,3,6,9,0,6,3,6,12
2025-10-16,2025020069,20252026,linesman,Joe Mahon,VGK,BOS,3,6,9,0,6,3,6,12
2025-10-16,2025020070,20252026,referee,Kyle Rehman,ANA,CAR,5,7,12,2,7,3,10,14
2025-10-16,2025020070,20252026,referee,Jake Brenk,ANA,CAR,5,7,12,2,7,3,10,14
2025-10-16,2025020070,20252026,linesman,James Tobias,ANA,CAR,5,7,12,2,7,3,10,14
2025-10-16,2025020070,20252026,linesman,Matt MacPherson,ANA,CAR,5,7,12,2,7,3,10,14
2025-10-16,2025020071,20252026,referee,Tom Chmielewski,LAK,PIT,2,2,4,0,2,2,4,4
2025-10-16,2025020071,20252026,referee,Jordan Samuels-Thomas,LAK,PIT,2,2,4,0,2,2,4,4
2025-10-16,2025020071,20252026,linesman,Travis Toomey,LAK,PIT,2,2,4,0,2,2,4,4
2025-10-16,2025020071,20252026,linesman,Ben O'Quinn,LAK,PIT,2,2,4,0,2,2,4,4
2025-10-17,2025020072,20252026,referee,Garrett Rank,DET,TBL,3,3,6,1,4,1,6,6
2025-10-17,2025020072,20252026,referee,Carter Sandlak,DET,TBL,3,3,6,1,4,1,6,6
2025-10-17,2025020072,20252026,linesman,Julien Fournier,DET,TBL,3,3,6,1,4,1,6,6
2025-10-17,2025020072,20252026,linesman,Kilian McNamara,DET,TBL,3,3,6,1,4,1,6,6
2025-10-17,2025020073,20252026,referee,Thomas John Luxmore,WSH,MIN,2,5,7,1,3,3,4,10
2025-10-17,2025020073,20252026,referee,Brandon Schrader,WSH,MIN,2,5,7,1,3,3,4,10
2025-10-17,2025020073,20252026,linesman,Steve Barton,WSH,MIN,2,5,7,1,3,3,4,10
2025-10-17,2025020073,20252026,linesman,CJ Murray,WSH,MIN,2,5,7,1,3,3,4,10
2025-10-17,2025020074,20252026,referee,Kelly Sutherland,CHI,VAN,7,4,11,5,3,3,14,8
2025-10-17,2025020074,20252026,referee,Furman South,CHI,VAN,7,4,11,5,3,3,14,8
2025-10-17,2025020074,20252026,linesman,Kyle Flemington,CHI,VAN,7,4,11,5,3,3,14,8
2025-10-17,2025020074,20252026,linesman,Travis Gawryletz,CHI,VAN,7,4,11,5,3,3,14,8
2025-10-17,2025020075,20252026,referee,Chris Schlenker,UTA,SJS,4,5,9,2,3,4,8,10
2025-10-17,2025020075,20252026,referee,Trevor Hanson,UTA,SJS,4,5,9,2,3,4,8,10
2025-10-17,2025020075,20252026,linesman,Bevan Mills,UTA,SJS,4,5,9,2,3,4,8,10
2025-10-17,2025020075,20252026,linesman,Matt MacPherson,UTA,SJS,4,5,9,2,3,4,8,10
2025-10-18,2025020076,20252026,referee,Frederick L'Ecuyer,BUF,FLA,9,6,15,5,9,1,18,12
2025-10-18,2025020076,20252026,referee,Beau Halkidis,BUF,FLA,9,6,15,5,9,1,18,12
2025-10-18,2025020076,20252026,linesman,Brad Kovachik,BUF,FLA,9,6,15,5,9,1,18,12
2025-10-18,2025020076,20252026,linesman,Mark Shewchyk,BUF,FLA,9,6,15,5,9,1,18,12
2025-10-18,2025020077,20252026,referee,Cody Beach,OTT,NYI,3,2,5,3,1,1,6,4
2025-10-18,2025020077,20252026,referee,Peter MacDougall,OTT,NYI,3,2,5,3,1,1,6,4
2025-10-18,2025020077,20252026,linesman,Tommy Hughes,OTT,NYI,3,2,5,3,1,1,6,4
2025-10-18,2025020077,20252026,linesman,David Brisebois,OTT,NYI,3,2,5,3,1,1,6,4
2025-10-18,2025020078,20252026,referee,Dan O'Rourke,NJD,EDM,3,3,6,2,2,2,6,6
2025-10-18,2025020078,20252026,referee,Jean Hebert,NJD,EDM,3,3,6,2,2,2,6,6
2025-10-18,2025020078,20252026,linesman,Tyson Baker,NJD,EDM,3,3,6,2,2,2,6,6
2025-10-18,2025020078,20252026,linesman,Jonny Murray,NJD,EDM,3,3,6,2,2,2,6,6
2025-10-18,2025020079,20252026,referee,Michael Markovic,TOR,SEA,2,4,6,3,2,1,4,8
2025-10-18,2025020079,20252026,referee,Brandon Blandina,TOR,SEA,2,4,6,3,2,1,4,8
2025-10-18,2025020079,20252026,linesman,Andrew Smith,TOR,SEA,2,4,6,3,2,1,4,8
2025-10-18,2025020079,20252026,linesman,Shandor Alphonso,TOR,SEA,2,4,6,3,2,1,4,8
2025-10-18,2025020080,20252026,referee,Mitch Dunning,MTL,NYR,4,4,8,3,1,4,8,8
2025-10-18,2025020080,20252026,referee,Pierre Lambert,MTL,NYR,4,4,8,3,1,4,8,8
2025-10-18,2025020080,20252026,linesman,Scott Cherrey,MTL,NYR,4,4,8,3,1,4,8,8
2025-10-18,2025020080,20252026,linesman,Jonathan Deschamps,MTL,NYR,4,4,8,3,1,4,8,8
2025-10-18,2025020081,20252026,referee,Francis Charron,PHI,MIN,3,2,5,1,3,1,6,4
2025-10-18,2025020081,20252026,referee,Stephen Hiff,PHI,MIN,3,2,5,1,3,1,6,4
2025-10-18,2025020081,20252026,linesman,CJ Murray,PHI,MIN,3,2,5,1,3,1,6,4
2025-10-18,2025020081,20252026,linesman,Michel Cormier,PHI,MIN,3,2,5,1,3,1,6,4
2025-10-18,2025020082,20252026,referee,Garrett Rank,CBJ,TBL,6,5,11,5,2,4,12,10
2025-10-18,2025020082,20252026,referee,Morgan MacPhee,CBJ,TBL,6,5,11,5,2,4,12,10
2025-10-18,2025020082,20252026,linesman,Travis Gawryletz,CBJ,TBL,6,5,11,5,2,4,12,10
2025-10-18,2025020082,20252026,linesman,Jesse Marquis,CBJ,TBL,6,5,11,5,2,4,12,10
2025-10-18,2025020083,20252026,referee,Kelly Sutherland,STL,DAL,2,2,4,2,2,0,4,4
2025-10-18,2025020083,20252026,referee,Furman South,STL,DAL,2,2,4,2,2,0,4,4
2025-10-18,2025020083,20252026,linesman,Kyle Flemington,STL,DAL,2,2,4,2,2,0,4,4
2025-10-18,2025020083,20252026,linesman,Kilian McNamara,STL,DAL,2,2,4,2,2,0,4,4
2025-10-18,2025020084,20252026,referee,Graham Skilliter,WPG,NSH,4,3,7,3,3,1,8,6
2025-10-18,2025020084,20252026,referee,Kendrick Nicholson,WPG,NSH,4,3,7,3,3,1,8,6
2025-10-18,2025020084,20252026,linesman,Trent Knorr,WPG,NSH,4,3,7,3,3,1,8,6
2025-10-18,2025020084,20252026,linesman,Caleb Apperson,WPG,NSH,4,3,7,3,3,1,8,6
2025-10-18,2025020085,20252026,referee,Wes McCauley,COL,BOS,2,5,7,2,3,2,4,10
2025-10-18,2025020085,20252026,referee,Corey Syvret,COL,BOS,2,5,7,2,3,2,4,10
2025-10-18,2025020085,20252026,linesman,Brandon Gawryletz,COL,BOS,2,5,7,2,3,2,4,10
2025-10-18,2025020085,20252026,linesman,Travis Toomey,COL,BOS,2,5,7,2,3,2,4,10
2025-10-18,2025020086,20252026,referee,Chris Schlenker,LAK,CAR,3,1,4,1,3,0,6,2
2025-10-18,2025020086,20252026,referee,Jordan Samuels-Thomas,LAK,CAR,3,1,4,1,3,0,6,2
2025-10-18,2025020086,20252026,linesman,Ryan Gibbons,LAK,CAR,3,1,4,1,3,0,6,2
2025-10-18,2025020086,20252026,linesman,James Tobias,LAK,CAR,3,1,4,1,3,0,6,2
2025-10-18,2025020087,20252026,referee,Kyle Rehman,VGK,CGY,3,3,6,3,2,1,6,6
2025-10-18,2025020087,20252026,referee,Jake Brenk,VGK,CGY,3,3,6,3,2,1,6,6
2025-10-18,2025020087,20252026,linesman,Bevan Mills,VGK,CGY,3,3,6,3,2,1,6,6
2025-10-18,2025020087,20252026,linesman,Matt MacPherson,VGK,CGY,3,3,6,3,2,1,6,6
2025-10-18,2025020088,20252026,referee,Tom Chmielewski,SJS,PIT,1,2,3,0,0,3,2,4
2025-10-18,2025020088,20252026,referee,Alex Lepkowski,SJS,PIT,1,2,3,0,0,3,2,4
2025-10-18,2025020088,20252026,linesman,Kiel Murchison,SJS,PIT,1,2,3,0,0,3,2,4
2025-10-18,2025020088,20252026,linesman,Ben O'Quinn,SJS,PIT,1,2,3,0,0,3,2,4
2025-10-19,2025020089,20252026,referee,Jean Hebert,WSH,VAN,4,4,8,3,3,2,8,8
2025-10-19,2025020089,20252026,referee,Carter Sandlak,WSH,VAN,4,4,8,3,3,2,8,8
2025-10-19,2025020089,20252026,linesman,Steve Barton,WSH,VAN,4,4,8,3,3,2,8,8
2025-10-19,2025020089,20252026,linesman,Ryan Jackson,WSH,VAN,4,4,8,3,3,2,8,8
2025-10-19,2025020090,20252026,referee,Eric Furlatt,DET,EDM,1,0,1,0,1,0,2,0
2025-10-19,2025020090,20252026,referee,Justin Kea,DET,EDM,1,0,1,0,1,0,2,0
2025-10-19,2025020090,20252026,linesman,Devin Berg,DET,EDM,1,0,1,0,1,0,2,0
2025-10-19,2025020090,20252026,linesman,Dan Kelly,DET,EDM,1,0,1,0,1,0,2,0
2025-10-19,2025020091,20252026,referee,Frederick L'Ecuyer,CHI,ANA,5,3,8,3,4,1,10,6
2025-10-19,2025020091,20252026,referee,Thomas John Luxmore,CHI,ANA,5,3,8,3,4,1,10,6
2025-10-19,2025020091,20252026,linesman,Kyle Flemington,CHI,ANA,5,3,8,3,4,1,10,6
2025-10-19,2025020091,20252026,linesman,Jesse Marquis,CHI,ANA,5,3,8,3,4,1,10,6
2025-10-19,2025020092,20252026,referee,Tom Chmielewski,UTA,BOS,5,6,11,4,5,2,10,12
2025-10-19,2025020092,20252026,referee,Brandon Schrader,UTA,BOS,5,6,11,4,5,2,10,12
2025-10-19,2025020092,20252026,linesman,James Tobias,UTA,BOS,5,6,11,4,5,2,10,12
2025-10-19,2025020092,20252026,linesman,Ben O'Quinn,UTA,BOS,5,6,11,4,5,2,10,12
2025-10-20,2025020093,20252026,referee,Dan O'Rourke,NYR,MIN,3,1,4,1,2,1,6,2
2025-10-20,2025020093,20252026,referee,Mike Sullivan,NYR,MIN,3,1,4,1,2,1,6,2
2025-10-20,2025020093,20252026,linesman,Jonny Murray,NYR,MIN,3,1,4,1,2,1,6,2
2025-10-20,2025020093,20252026,linesman,Dan Kelly,NYR,MIN,3,1,4,1,2,1,6,2
2025-10-20,2025020094,20252026,referee,Furman South,PHI,SEA,6,4,10,4,3,3,12,8
2025-10-20,2025020094,20252026,referee,Jean Hebert,PHI,SEA,6,4,10,4,3,3,12,8
2025-10-20,2025020094,20252026,linesman,Steve Barton,PHI,SEA,6,4,10,4,3,3,12,8
2025-10-20,2025020094,20252026,linesman,Tyson Baker,PHI,SEA,6,4,10,4,3,3,12,8
2025-10-20,2025020095,20252026,referee,Jon McIsaac,MTL,BUF,3,3,6,2,1,3,6,6
2025-10-20,2025020095,20252026,referee,Graham Skilliter,MTL,BUF,3,3,6,2,1,3,6,6
2025-10-20,2025020095,20252026,linesman,Julien Fournier,MTL,BUF,3,3,6,2,1,3,6,6
2025-10-20,2025020095,20252026,linesman,Tommy Hughes,MTL,BUF,3,3,6,2,1,3,6,6
2025-10-20,2025020096,20252026,referee,Chris Schlenker,CGY,WPG,5,5,10,4,4,2,10,10
2025-10-20,2025020096,20252026,referee,Kendrick Nicholson,CGY,WPG,5,5,10,4,4,2,10,10
2025-10-20,2025020096,20252026,linesman,Trent Knorr,CGY,WPG,5,5,10,4,4,2,10,10
2025-10-20,2025020096,20252026,linesman,Caleb Apperson,CGY,WPG,5,5,10,4,4,2,10,10
2025-10-20,2025020097,20252026,referee,Tom Chmielewski,VGK,CAR,4,4,8,2,4,2,8,8
2025-10-20,2025020097,20252026,referee,Jake Brenk,VGK,CAR,4,4,8,2,4,2,8,8
2025-10-20,2025020097,20252026,linesman,Kiel Murchison,VGK,CAR,4,4,8,2,4,2,8,8
2025-10-20,2025020097,20252026,linesman,Matt MacPherson,VGK,CAR,4,4,8,2,4,2,8,8
2025-10-21,2025020098,20252026,referee,Graham Skilliter,TOR,NJD,3,3,6,3,1,2,6,6
2025-10-21,2025020098,20252026,referee,Beau Halkidis,TOR,NJD,3,3,6,3,1,2,6,6
2025-10-21,2025020098,20252026,linesman,Brandon Gawryletz,TOR,NJD,3,3,6,3,1,2,6,6
2025-10-21,2025020098,20252026,linesman,Tommy Hughes,TOR,NJD,3,3,6,3,1,2,6,6
2025-10-21,2025020099,20252026,referee,Jon McIsaac,OTT,EDM,2,3,5,3,2,0,4,6
2025-10-21,2025020099,20252026,referee,Michael Markovic,OTT,EDM,2,3,5,3,2,0,4,6
2025-10-21,2025020099,20252026,linesman,Julien Fournier,OTT,EDM,2,3,5,3,2,0,4,6
2025-10-21,2025020099,20252026,linesman,Michel Cormier,OTT,EDM,2,3,5,3,2,0,4,6
2025-10-21,2025020100,20252026,referee,Pierre Lambert,NYI,SJS,3,3,6,3,2,1,6,6
2025-10-21,2025020100,20252026,referee,Peter MacDougall,NYI,SJS,3,3,6,3,2,1,6,6
2025-10-21,2025020100,20252026,linesman,Shandor Alphonso,NYI,SJS,3,3,6,3,2,1,6,6
2025-10-21,2025020100,20252026,linesman,Tyson Baker,NYI,SJS,3,3,6,3,2,1,6,6
2025-10-21,2025020101,20252026,referee,Thomas John Luxmore,PIT,VAN,3,5,8,3,1,4,6,10
2025-10-21,2025020101,20252026,referee,Brandon Blandina,PIT,VAN,3,5,8,3,1,4,6,10
2025-10-21,2025020101,20252026,linesman,Kyle Flemington,PIT,VAN,3,5,8,3,1,4,6,10
2025-10-21,2025020101,20252026,linesman,CJ Murray,PIT,VAN,3,5,8,3,1,4,6,10
2025-10-21,2025020102,20252026,referee,Dan O'Rourke,WSH,SEA,2,2,4,0,2,2,4,4
2025-10-21,2025020102,20252026,referee,Liam Maaskant,WSH,SEA,2,2,4,0,2,2,4,4
2025-10-21,2025020102,20252026,linesman,Jonny Murray,WSH,SEA,2,2,4,0,2,2,4,4
2025-10-21,2025020102,20252026,linesman,Dan Kelly,WSH,SEA,2,2,4,0,2,2,4,4
2025-10-21,2025020103,20252026,referee,Kelly Sutherland,BOS,FLA,5,7,12,2,4,6,10,14
2025-10-21,2025020103,20252026,referee,Jordan Samuels-Thomas,BOS,FLA,5,7,12,2,4,6,10,14
2025-10-21,2025020103,20252026,linesman,Jonathan Deschamps,BOS,FLA,5,7,12,2,4,6,10,14
2025-10-21,2025020103,20252026,linesman,Mark Shewchyk,BOS,FLA,5,7,12,2,4,6,10,14
2025-10-21,2025020104,20252026,referee,Eric Furlatt,STL,LAK,2,3,5,2,1,2,4,6
2025-10-21,2025020104,20252026,referee,Stephen Hiff,STL,LAK,2,3,5,2,1,2,4,6
2025-10-21,2025020104,20252026,linesman,Libor Suchanek,STL,LAK,2,3,5,2,1,2,4,6
2025-10-21,2025020104,20252026,linesman,Brad Kovachik,STL,LAK,2,3,5,2,1,2,4,6
2025-10-21,2025020105,20252026,referee,Wes McCauley,NSH,ANA,5,1,6,1,3,2,10,2
2025-10-21,2025020105,20252026,referee,Gord Dwyer,NSH,ANA,5,1,6,1,3,2,10,2
2025-10-21,2025020105,20252026,linesman,Jesse Marquis,NSH,ANA,5,1,6,1,3,2,10,2
2025-10-21,2025020105,20252026,linesman,Joe Mahon,NSH,ANA,5,1,6,1,3,2,10,2
2025-10-21,2025020106,20252026,referee,Frederick L'Ecuyer,DAL,CBJ,2,2,4,2,1,1,4,4
2025-10-21,2025020106,20252026,referee,Corey Syvret,DAL,CBJ,2,2,4,2,1,1,4,4
2025-10-21,2025020106,20252026,linesman,Ryan Gibbons,DAL,CBJ,2,2,4,2,1,1,4,4
2025-10-21,2025020106,20252026,linesman,Ben O'Quinn,DAL,CBJ,2,2,4,2,1,1,4,4
2025-10-21,2025020107,20252026,referee,Jake Brenk,UTA,COL,1,2,3,1,2,0,2,4
2025-10-21,2025020107,20252026,referee,Graedy Hamilton,UTA,COL,1,2,3,1,2,0,2,4
2025-10-21,2025020107,20252026,linesman,James Tobias,UTA,COL,1,2,3,1,2,0,2,4
2025-10-21,2025020107,20252026,linesman,Kiel Murchison,UTA,COL,1,2,3,1,2,0,2,4
2025-10-22,2025020108,20252026,referee,Kelly Sutherland,NJD,MIN,3,2,5,1,2,2,6,4
2025-10-22,2025020108,20252026,referee,Jordan Samuels-Thomas,NJD,MIN,3,2,5,1,2,2,6,4
2025-10-22,2025020108,20252026,linesman,Shandor Alphonso,NJD,MIN,3,2,5,1,2,2,6,4
2025-10-22,2025020108,20252026,linesman,Tyson Baker,NJD,MIN,3,2,5,1,2,2,6,4
2025-10-22,2025020109,20252026,referee,Pierre Lambert,BUF,DET,2,5,7,3,1,3,4,10
2025-10-22,2025020109,20252026,referee,Michael Markovic,BUF,DET,2,5,7,3,1,3,4,10
2025-10-22,2025020109,20252026,linesman,Brandon Gawryletz,BUF,DET,2,5,7,3,1,3,4,10
2025-10-22,2025020109,20252026,linesman,David Brisebois,BUF,DET,2,5,7,3,1,3,4,10
2025-10-22,2025020110,20252026,referee,Trevor Hanson,CGY,MTL,3,5,8,3,3,2,6,10
2025-10-22,2025020110,20252026,referee,Morgan MacPhee,CGY,MTL,3,5,8,3,3,2,6,10
2025-10-22,2025020110,20252026,linesman,Bevan Mills,CGY,MTL,3,5,8,3,3,2,6,10
2025-10-22,2025020110,20252026,linesman,Trent Knorr,CGY,MTL,3,5,8,3,3,2,6,10
2025-10-23,2025020113,20252026,referee,Thomas John Luxmore,TBL,CHI,6,4,10,4,0,6,12,8
2025-10-23,2025020113,20252026,referee,Stephen Hiff,TBL,CHI,6,4,10,4,0,6,12,8
2025-10-23,2025020113,20252026,linesman,CJ Murray,TBL,CHI,6,4,10,4,0,6,12,8
2025-10-23,2025020113,20252026,linesman,Jonny Murray,TBL,CHI,6,4,10,4,0,6,12,8
2025-10-23,2025020111,20252026,referee,Jon McIsaac,BOS,ANA,3,2,5,1,1,3,6,4
2025-10-23,2025020111,20252026,referee,Francis Charron,BOS,ANA,3,2,5,1,1,3,6,4
2025-10-23,2025020111,20252026,linesman,Tommy Hughes,BOS,ANA,3,2,5,1,1,3,6,4
2025-10-23,2025020111,20252026,linesman,Michel Cormier,BOS,ANA,3,2,5,1,1,3,6,4
2025-10-23,2025020112,20252026,referee,Furman South,OTT,PHI,4,6,10,3,4,3,8,12
2025-10-23,2025020112,20252026,referee,Graham Skilliter,OTT,PHI,4,6,10,3,4,3,8,12
2025-10-23,2025020112,20252026,linesman,Julien Fournier,OTT,PHI,4,6,10,3,4,3,8,12
2025-10-23,2025020112,20252026,linesman,Steve Barton,OTT,PHI,4,6,10,3,4,3,8,12
2025-10-23,2025020114,20252026,referee,Jean Hebert,FLA,PIT,3,4,7,4,1,2,6,8
2025-10-23,2025020114,20252026,referee,Carter Sandlak,FLA,PIT,3,4,7,4,1,2,6,8
2025-10-23,2025020114,20252026,linesman,Ryan Jackson,FLA,PIT,3,4,7,4,1,2,6,8
2025-10-23,2025020114,20252026,linesman,Devin Berg,FLA,PIT,3,4,7,4,1,2,6,8
2025-10-23,2025020115,20252026,referee,Kyle Rehman,NYI,DET,6,4,10,2,3,5,12,8
2025-10-23,2025020115,20252026,referee,Jordan Samuels-Thomas,NYI,DET,6,4,10,2,3,5,12,8
2025-10-23,2025020115,20252026,linesman,Jonathan Deschamps,NYI,DET,6,4,10,2,3,5,12,8
2025-10-23,2025020115,20252026,linesman,Mark Shewchyk,NYI,DET,6,4,10,2,3,5,12,8
2025-10-23,2025020116,20252026,referee,Peter MacDougall,NYR,SJS,5,4,9,3,3,3,10,8
2025-10-23,2025020116,20252026,referee,Brandon Blandina,NYR,SJS,5,4,9,3,3,3,10,8
2025-10-23,2025020116,20252026,linesman,Shandor Alphonso,NYR,SJS,5,4,9,3,3,3,10,8
2025-10-23,2025020116,20252026,linesman,Matt MacPherson,NYR,SJS,5,4,9,3,3,3,10,8
2025-10-23,2025020117,20252026,referee,Gord Dwyer,STL,UTA,6,6,12,2,8,2,12,12
2025-10-23,2025020117,20252026,referee,Mitch Dunning,STL,UTA,6,6,12,2,8,2,12,12
2025-10-23,2025020117,20252026,linesman,Libor Suchanek,STL,UTA,6,6,12,2,8,2,12,12
2025-10-23,2025020117,20252026,linesman,Travis Toomey,STL,UTA,6,6,12,2,8,2,12,12
2025-10-23,2025020118,20252026,referee,Corey Syvret,NSH,VAN,5,3,8,5,2,1,10,6
2025-10-23,2025020118,20252026,referee,Eric Furlatt,NSH,VAN,5,3,8,5,2,1,10,6
2025-10-23,2025020118,20252026,linesman,James Tobias,NSH,VAN,5,3,8,5,2,1,10,6
2025-10-23,2025020118,20252026,linesman,Jesse Marquis,NSH,VAN,5,3,8,5,2,1,10,6
2025-10-23,2025020120,20252026,referee,Trevor Hanson,WPG,SEA,1,3,4,1,3,0,2,6
2025-10-23,2025020120,20252026,referee,Justin Kea,WPG,SEA,1,3,4,1,3,0,2,6
2025-10-23,2025020120,20252026,linesman,Andrew Smith,WPG,SEA,1,3,4,1,3,0,2,6
2025-10-23,2025020120,20252026,linesman,Kilian McNamara,WPG,SEA,1,3,4,1,3,0,2,6
2025-10-23,2025020119,20252026,referee,Chris Lee,DAL,LAK,3,5,8,3,3,2,6,10
2025-10-23,2025020119,20252026,referee,Brandon Schrader,DAL,LAK,3,5,8,3,3,2,6,10
2025-10-23,2025020119,20252026,linesman,Brad Kovachik,DAL,LAK,3,5,8,3,3,2,6,10
2025-10-23,2025020119,20252026,linesman,Ben O'Quinn,DAL,LAK,3,5,8,3,3,2,6,10
2025-10-23,2025020121,20252026,referee,Cody Beach,COL,CAR,6,9,15,1,5,9,12,18
2025-10-23,2025020121,20252026,referee,Tom Chmielewski,COL,CAR,6,9,15,1,5,9,12,18
2025-10-23,2025020121,20252026,linesman,Ryan Gibbons,COL,CAR,6,9,15,1,5,9,12,18
2025-10-23,2025020121,20252026,linesman,Travis Gawryletz,COL,CAR,6,9,15,1,5,9,12,18
2025-10-23,2025020122,20252026,referee,Chris Schlenker,EDM,MTL,1,5,6,1,2,3,2,10
2025-10-23,2025020122,20252026,referee,Garrett Rank,EDM,MTL,1,5,6,1,2,3,2,10
2025-10-23,2025020122,20252026,linesman,Bevan Mills,EDM,MTL,1,5,6,1,2,3,2,10
2025-10-23,2025020122,20252026,linesman,Caleb Apperson,EDM,MTL,1,5,6,1,2,3,2,10
2025-10-24,2025020123,20252026,referee,Jon McIsaac,BUF,TOR,5,2,7,4,0,3,10,4
2025-10-24,2025020123,20252026,referee,Kyle Rehman,BUF,TOR,5,2,7,4,0,3,10,4
2025-10-24,2025020123,20252026,linesman,Brandon Gawryletz,BUF,TOR,5,2,7,4,0,3,10,4
2025-10-24,2025020123,20252026,linesman,Jonathan Deschamps,BUF,TOR,5,2,7,4,0,3,10,4
2025-10-24,2025020124,20252026,referee,Kelly Sutherland,NJD,SJS,4,5,9,3,4,2,8,10
2025-10-24,2025020124,20252026,referee,Michael Markovic,NJD,SJS,4,5,9,3,4,2,8,10
2025-10-24,2025020124,20252026,linesman,Tommy Hughes,NJD,SJS,4,5,9,3,4,2,8,10
2025-10-24,2025020124,20252026,linesman,Mark Shewchyk,NJD,SJS,4,5,9,3,4,2,8,10
2025-10-24,2025020125,20252026,referee,Pierre Lambert,CBJ,WSH,2,3,5,2,2,1,4,6
2025-10-24,2025020125,20252026,referee,Riley Brace,CBJ,WSH,2,3,5,2,2,1,4,6
2025-10-24,2025020125,20252026,linesman,Kyle Flemington,CBJ,WSH,2,3,5,2,2,1,4,6
2025-10-24,2025020125,20252026,linesman,James Tobias,CBJ,WSH,2,3,5,2,2,1,4,6
2025-10-24,2025020126,20252026,referee,Garrett Rank,WPG,CGY,7,9,16,4,6,6,14,18
2025-10-24,2025020126,20252026,referee,Trevor Hanson,WPG,CGY,7,9,16,4,6,6,14,18
2025-10-24,2025020126,20252026,linesman,Andrew Smith,WPG,CGY,7,9,16,4,6,6,14,18
2025-10-24,2025020126,20252026,linesman,Kilian McNamara,WPG,CGY,7,9,16,4,6,6,14,18
2025-10-25,2025020127,20252026,referee,Kendrick Nicholson,PHI,NYI,4,5,9,2,2,5,8,10
2025-10-25,2025020127,20252026,referee,Brandon Blandina,PHI,NYI,4,5,9,2,2,5,8,10
2025-10-25,2025020127,20252026,linesman,Shandor Alphonso,PHI,NYI,4,5,9,2,2,5,8,10
2025-10-25,2025020127,20252026,linesman,Ben O'Quinn,PHI,NYI,4,5,9,2,2,5,8,10
2025-10-25,2025020128,20252026,referee,Furman South,BOS,COL,5,7,12,1,3,8,10,14
2025-10-25,2025020128,20252026,referee,Peter MacDougall,BOS,COL,5,7,12,1,3,8,10,14
2025-10-25,2025020128,20252026,linesman,Michel Cormier,BOS,COL,5,7,12,1,3,8,10,14
2025-10-25,2025020128,20252026,linesman,Matt MacPherson,BOS,COL,5,7,12,1,3,8,10,14
2025-10-25,2025020129,20252026,referee,Frederick L'Ecuyer,TBL,ANA,3,7,10,6,1,3,6,14
2025-10-25,2025020129,20252026,referee,Chris Lee,TBL,ANA,3,7,10,6,1,3,6,14
2025-10-25,2025020129,20252026,linesman,Brad Kovachik,TBL,ANA,3,7,10,6,1,3,6,14
2025-10-25,2025020129,20252026,linesman,Devin Berg,TBL,ANA,3,7,10,6,1,3,6,14
2025-10-25,2025020132,20252026,referee,Chris Schlenker,TOR,BUF,4,3,7,4,2,1,8,6
2025-10-25,2025020132,20252026,referee,Jake Brenk,TOR,BUF,4,3,7,4,2,1,8,6
2025-10-25,2025020132,20252026,linesman,Julien Fournier,TOR,BUF,4,3,7,4,2,1,8,6
2025-10-25,2025020132,20252026,linesman,Steve Barton,TOR,BUF,4,3,7,4,2,1,8,6
2025-10-25,2025020130,20252026,referee,Mitch Dunning,FLA,VGK,3,4,7,1,2,4,6,8
2025-10-25,2025020130,20252026,referee,Eric Furlatt,FLA,VGK,3,4,7,1,2,4,6,8
2025-10-25,2025020130,20252026,linesman,CJ Murray,FLA,VGK,3,4,7,1,2,4,6,8
2025-10-25,2025020130,20252026,linesman,Ryan Jackson,FLA,VGK,3,4,7,1,2,4,6,8
2025-10-25,2025020131,20252026,referee,Tom Chmielewski,MIN,UTA,2,5,7,1,3,3,4,10
2025-10-25,2025020131,20252026,referee,Justin Kea,MIN,UTA,2,5,7,1,3,3,4,10
2025-10-25,2025020131,20252026,linesman,Kiel Murchison,MIN,UTA,2,5,7,1,3,3,4,10
2025-10-25,2025020131,20252026,linesman,Travis Toomey,MIN,UTA,2,5,7,1,3,3,4,10
2025-10-25,2025020133,20252026,referee,Francis Charron,DET,STL,4,3,7,2,3,2,8,6
2025-10-25,2025020133,20252026,referee,Alex Lepkowski,DET,STL,4,3,7,2,3,2,8,6
2025-10-25,2025020133,20252026,linesman,Kyle Flemington,DET,STL,4,3,7,2,3,2,8,6
2025-10-25,2025020133,20252026,linesman,Tyson Baker,DET,STL,4,3,7,2,3,2,8,6
2025-10-25,2025020134,20252026,referee,Kyle Rehman,PIT,CBJ,2,3,5,2,1,2,4,6
2025-10-25,2025020134,20252026,referee,Pierre Lambert,PIT,CBJ,2,3,5,2,1,2,4,6
2025-10-25,2025020134,20252026,linesman,Brandon Gawryletz,PIT,CBJ,2,3,5,2,1,2,4,6
2025-10-25,2025020134,20252026,linesman,Jonathan Deschamps,PIT,CBJ,2,3,5,2,1,2,4,6
2025-10-25,2025020135,20252026,referee,Kelly Sutherland,WSH,OTT,8,6,14,4,9,1,16,12
2025-10-25,2025020135,20252026,referee,Jordan Samuels-Thomas,WSH,OTT,8,6,14,4,9,1,16,12
2025-10-25,2025020135,20252026,linesman,Tommy Hughes,WSH,OTT,8,6,14,4,9,1,16,12
2025-10-25,2025020135,20252026,linesman,Mark Shewchyk,WSH,OTT,8,6,14,4,9,1,16,12
2025-10-25,2025020136,20252026,referee,Graham Skilliter,VAN,MTL,3,3,6,1,4,1,6,6
2025-10-25,2025020136,20252026,referee,Brandon Schrader,VAN,MTL,3,3,6,1,4,1,6,6
2025-10-25,2025020136,20252026,linesman,Caleb Apperson,VAN,MTL,3,3,6,1,4,1,6,6
2025-10-25,2025020136,20252026,linesman,David Brisebois,VAN,MTL,3,3,6,1,4,1,6,6
2025-10-25,2025020137,20252026,referee,Dan O'Rourke,NSH,LAK,3,1,4,1,1,2,6,2
2025-10-25,2025020137,20252026,referee,Carter Sandlak,NSH,LAK,3,1,4,1,1,2,6,2
2025-10-25,2025020137,20252026,linesman,Libor Suchanek,NSH,LAK,3,1,4,1,1,2,6,2
2025-10-25,2025020137,20252026,linesman,Dan Kelly,NSH,LAK,3,1,4,1,1,2,6,2
2025-10-25,2025020138,20252026,referee,Cody Beach,DAL,CAR,3,4,7,2,2,3,6,8
2025-10-25,2025020138,20252026,referee,Jean Hebert,DAL,CAR,3,4,7,2,2,3,6,8
2025-10-25,2025020138,20252026,linesman,Travis Gawryletz,DAL,CAR,3,4,7,2,2,3,6,8
2025-10-25,2025020138,20252026,linesman,Trent Knorr,DAL,CAR,3,4,7,2,2,3,6,8
2025-10-25,2025020139,20252026,referee,Wes McCauley,SEA,EDM,2,3,5,4,1,0,4,6
2025-10-25,2025020139,20252026,referee,Graedy Hamilton,SEA,EDM,2,3,5,4,1,0,4,6
2025-10-25,2025020139,20252026,linesman,Bevan Mills,SEA,EDM,2,3,5,4,1,0,4,6
2025-10-25,2025020139,20252026,linesman,Ryan Gibbons,SEA,EDM,2,3,5,4,1,0,4,6
2025-10-26,2025020140,20252026,referee,Kendrick Nicholson,NJD,COL,2,1,3,0,3,0,4,2
2025-10-26,2025020140,20252026,referee,Brandon Blandina,NJD,COL,2,1,3,0,3,0,4,2
2025-10-26,2025020140,20252026,linesman,Shawn Oliver,NJD,COL,2,1,3,0,3,0,4,2
2025-10-26,2025020140,20252026,linesman,Michel Cormier,NJD,COL,2,1,3,0,3,0,4,2
2025-10-26,2025020141,20252026,referee,Frederick L'Ecuyer,TBL,VGK,3,5,8,4,2,2,6,10
2025-10-26,2025020141,20252026,referee,Mitch Dunning,TBL,VGK,3,5,8,4,2,2,6,10
2025-10-26,2025020141,20252026,linesman,CJ Murray,TBL,VGK,3,5,8,4,2,2,6,10
2025-10-26,2025020141,20252026,linesman,Ryan Jackson,TBL,VGK,3,5,8,4,2,2,6,10
2025-10-26,2025020142,20252026,referee,Francis Charron,MIN,SJS,2,4,6,3,1,2,4,8
2025-10-26,2025020142,20252026,referee,Tom Chmielewski,MIN,SJS,2,4,6,3,1,2,4,8
2025-10-26,2025020142,20252026,linesman,Kiel Murchison,MIN,SJS,2,4,6,3,1,2,4,8
2025-10-26,2025020142,20252026,linesman,Tyson Baker,MIN,SJS,2,4,6,3,1,2,4,8
2025-10-26,2025020143,20252026,referee,Garrett Rank,WPG,UTA,5,2,7,0,3,4,10,4
2025-10-26,2025020143,20252026,referee,Corey Syvret,WPG,UTA,5,2,7,0,3,4,10,4
2025-10-26,2025020143,20252026,linesman,Brandon Grillo,WPG,UTA,5,2,7,0,3,4,10,4
2025-10-26,2025020143,20252026,linesman,Travis Toomey,WPG,UTA,5,2,7,0,3,4,10,4
2025-10-26,2025020144,20252026,referee,Cody Beach,CHI,LAK,3,5,8,3,3,2,6,10
2025-10-26,2025020144,20252026,referee,Gord Dwyer,CHI,LAK,3,5,8,3,3,2,6,10
2025-10-26,2025020144,20252026,linesman,Trent Knorr,CHI,LAK,3,5,8,3,3,2,6,10
2025-10-26,2025020144,20252026,linesman,Ben O'Quinn,CHI,LAK,3,5,8,3,3,2,6,10
2025-10-26,2025020145,20252026,referee,Thomas John Luxmore,NSH,DAL,5,2,7,5,1,1,10,4
2025-10-26,2025020145,20252026,referee,Justin Kea,NSH,DAL,5,2,7,5,1,1,10,4
2025-10-26,2025020145,20252026,linesman,Libor Suchanek,NSH,DAL,5,2,7,5,1,1,10,4
2025-10-26,2025020145,20252026,linesman,Dan Kelly,NSH,DAL,5,2,7,5,1,1,10,4
2025-10-26,2025020146,20252026,referee,Graham Skilliter,CGY,NYR,1,3,4,1,2,1,2,6
2025-10-26,2025020146,20252026,referee,Brandon Schrader,CGY,NYR,1,3,4,1,2,1,2,6
2025-10-26,2025020146,20252026,linesman,Bevan Mills,CGY,NYR,1,3,4,1,2,1,2,6
2025-10-26,2025020146,20252026,linesman,Kilian McNamara,CGY,NYR,1,3,4,1,2,1,2,6
2025-10-26,2025020147,20252026,referee,Wes McCauley,VAN,EDM,2,2,4,1,2,1,4,4
2025-10-26,2025020147,20252026,referee,Trevor Hanson,VAN,EDM,2,2,4,1,2,1,4,4
2025-10-26,2025020147,20252026,linesman,Ryan Gibbons,VAN,EDM,2,2,4,1,2,1,4,4
2025-10-26,2025020147,20252026,linesman,David Brisebois,VAN,EDM,2,2,4,1,2,1,4,4
2025-10-27,2025020148,20252026,referee,Chris Lee,PIT,STL,4,1,5,1,1,3,8,2
2025-10-27,2025020148,20252026,referee,Jordan Samuels-Thomas,PIT,STL,4,1,5,1,1,3,8,2
2025-10-27,2025020148,20252026,linesman,Travis Gawryletz,PIT,STL,4,1,5,1,1,3,8,2
2025-10-27,2025020148,20252026,linesman,Jonathan Deschamps,PIT,STL,4,1,5,1,1,3,8,2
2025-10-27,2025020149,20252026,referee,Chris Schlenker,OTT,BOS,1,5,6,2,0,4,2,10
2025-10-27,2025020149,20252026,referee,Jake Brenk,OTT,BOS,1,5,6,2,0,4,2,10
2025-10-27,2025020149,20252026,linesman,Shandor Alphonso,OTT,BOS,1,5,6,2,0,4,2,10
2025-10-27,2025020149,20252026,linesman,Devin Berg,OTT,BOS,1,5,6,2,0,4,2,10
2025-10-28,2025020150,20252026,referee,Chris Lee,PHI,PIT,3,3,6,2,3,1,6,6
2025-10-28,2025020150,20252026,referee,Michael Markovic,PHI,PIT,3,3,6,2,3,1,6,6
2025-10-28,2025020150,20252026,linesman,Steve Barton,PHI,PIT,3,3,6,2,3,1,6,6
2025-10-28,2025020150,20252026,linesman,Shawn Oliver,PHI,PIT,3,3,6,2,3,1,6,6
2025-10-28,2025020151,20252026,referee,Jake Brenk,TOR,CGY,3,4,7,5,0,2,6,8
2025-10-28,2025020151,20252026,referee,Eric Furlatt,TOR,CGY,3,4,7,5,0,2,6,8
2025-10-28,2025020151,20252026,linesman,Devin Berg,TOR,CGY,3,4,7,5,0,2,6,8
2025-10-28,2025020151,20252026,linesman,Tyson Baker,TOR,CGY,3,4,7,5,0,2,6,8
2025-10-28,2025020155,20252026,referee,Thomas John Luxmore,CAR,VGK,5,2,7,3,2,2,10,4
2025-10-28,2025020155,20252026,referee,Carter Sandlak,CAR,VGK,5,2,7,3,2,2,10,4
2025-10-28,2025020155,20252026,linesman,Julien Fournier,CAR,VGK,5,2,7,3,2,2,10,4
2025-10-28,2025020155,20252026,linesman,Dan Kelly,CAR,VGK,5,2,7,3,2,2,10,4
2025-10-28,2025020152,20252026,referee,Kendrick Nicholson,BUF,CBJ,2,3,5,1,4,0,4,6
2025-10-28,2025020152,20252026,referee,Brandon Blandina,BUF,CBJ,2,3,5,1,4,0,4,6
2025-10-28,2025020152,20252026,linesman,James Tobias,BUF,CBJ,2,3,5,1,4,0,4,6
2025-10-28,2025020152,20252026,linesman,Mark Shewchyk,BUF,CBJ,2,3,5,1,4,0,4,6
2025-10-28,2025020153,20252026,referee,Dan O'Rourke,FLA,ANA,5,3,8,2,5,1,10,6
2025-10-28,2025020153,20252026,referee,Mitch Dunning,FLA,ANA,5,3,8,2,5,1,10,6
2025-10-28,2025020153,20252026,linesman,Andrew Smith,FLA,ANA,5,3,8,2,5,1,10,6
2025-10-28,2025020153,20252026,linesman,Brad Kovachik,FLA,ANA,5,3,8,2,5,1,10,6
2025-10-28,2025020154,20252026,referee,Kelly Sutherland,BOS,NYI,5,4,9,1,4,4,10,8
2025-10-28,2025020154,20252026,referee,Pierre Lambert,BOS,NYI,5,4,9,1,4,4,10,8
2025-10-28,2025020154,20252026,linesman,Jonny Murray,BOS,NYI,5,4,9,1,4,4,10,8
2025-10-28,2025020154,20252026,linesman,Jeremy Faucher,BOS,NYI,5,4,9,1,4,4,10,8
2025-10-28,2025020156,20252026,referee,Jean Hebert,NSH,TBL,6,5,11,3,2,6,12,10
2025-10-28,2025020156,20252026,referee,Beau Halkidis,NSH,TBL,6,5,11,3,2,6,12,10
2025-10-28,2025020156,20252026,linesman,Trent Knorr,NSH,TBL,6,5,11,3,2,6,12,10
2025-10-28,2025020156,20252026,linesman,Ryan Jackson,NSH,TBL,6,5,11,3,2,6,12,10
2025-10-28,2025020157,20252026,referee,Gord Dwyer,MIN,WPG,1,4,5,1,2,2,2,8
2025-10-28,2025020157,20252026,referee,Morgan MacPhee,MIN,WPG,1,4,5,1,2,2,2,8
2025-10-28,2025020157,20252026,linesman,Brandon Grillo,MIN,WPG,1,4,5,1,2,2,2,8
2025-10-28,2025020157,20252026,linesman,Jonathan Deschamps,MIN,WPG,1,4,5,1,2,2,2,8
2025-10-28,2025020158,20252026,referee,Frederick L'Ecuyer,STL,DET,2,2,4,1,3,0,4,4
2025-10-28,2025020158,20252026,referee,Mike Sullivan,STL,DET,2,2,4,1,3,0,4,4
2025-10-28,2025020158,20252026,linesman,Matt MacPherson,STL,DET,2,2,4,1,3,0,4,4
2025-10-28,2025020158,20252026,linesman,Ben O'Quinn,STL,DET,2,2,4,1,3,0,4,4
2025-10-28,2025020159,20252026,referee,Francis Charron,DAL,WSH,3,4,7,3,2,2,6,8
2025-10-28,2025020159,20252026,referee,Cody Beach,DAL,WSH,3,4,7,3,2,2,6,8
2025-10-28,2025020159,20252026,linesman,Tommy Hughes,DAL,WSH,3,4,7,3,2,2,6,8
2025-10-28,2025020159,20252026,linesman,CJ Murray,DAL,WSH,3,4,7,3,2,2,6,8
2025-10-28,2025020160,20252026,referee,Tom Chmielewski,CHI,OTT,6,3,9,2,2,5,12,6
2025-10-28,2025020160,20252026,referee,Jordan Samuels-Thomas,CHI,OTT,6,3,9,2,2,5,12,6
2025-10-28,2025020160,20252026,linesman,Libor Suchanek,CHI,OTT,6,3,9,2,2,5,12,6
2025-10-28,2025020160,20252026,linesman,Travis Gawryletz,CHI,OTT,6,3,9,2,2,5,12,6
2025-10-28,2025020161,20252026,referee,Trevor Hanson,COL,NJD,2,6,8,3,4,1,4,12
2025-10-28,2025020161,20252026,referee,Stephen Hiff,COL,NJD,2,6,8,3,4,1,4,12
2025-10-28,2025020161,20252026,linesman,Kyle Flemington,COL,NJD,2,6,8,3,4,1,4,12
2025-10-28,2025020161,20252026,linesman,Brandon Gawryletz,COL,NJD,2,6,8,3,4,1,4,12
2025-10-28,2025020162,20252026,referee,Garrett Rank,EDM,UTA,2,1,3,0,0,3,4,2
2025-10-28,2025020162,20252026,referee,Graham Skilliter,EDM,UTA,2,1,3,0,0,3,4,2
2025-10-28,2025020162,20252026,linesman,Jesse Marquis,EDM,UTA,2,1,3,0,0,3,4,2
2025-10-28,2025020162,20252026,linesman,Travis Toomey,EDM,UTA,2,1,3,0,0,3,4,2
2025-10-28,2025020163,20252026,referee,Corey Syvret,VAN,NYR,4,3,7,2,2,3,8,6
2025-10-28,2025020163,20252026,referee,Jon McIsaac,VAN,NYR,4,3,7,2,2,3,8,6
2025-10-28,2025020163,20252026,linesman,Bevan Mills,VAN,NYR,4,3,7,2,2,3,8,6
2025-10-28,2025020163,20252026,linesman,Kilian McNamara,VAN,NYR,4,3,7,2,2,3,8,6
2025-10-28,2025020164,20252026,referee,Wes McCauley,SEA,MTL,3,5,8,3,1,4,6,10
2025-10-28,2025020164,20252026,referee,Brandon Schrader,SEA,MTL,3,5,8,3,1,4,6,10
2025-10-28,2025020164,20252026,linesman,Ryan Gibbons,SEA,MTL,3,5,8,3,1,4,6,10
2025-10-28,2025020164,20252026,linesman,Kiel Murchison,SEA,MTL,3,5,8,3,1,4,6,10
2025-10-28,2025020165,20252026,referee,Kyle Rehman,SJS,LAK,1,5,6,3,0,3,2,10
2025-10-28,2025020165,20252026,referee,Graedy Hamilton,SJS,LAK,1,5,6,3,0,3,2,10
2025-10-28,2025020165,20252026,linesman,Caleb Apperson,SJS,LAK,1,5,6,3,0,3,2,10
2025-10-28,2025020165,20252026,linesman,David Brisebois,SJS,LAK,1,5,6,3,0,3,2,10
2025-10-29,2025020166,20252026,referee,Tom Chmielewski,CBJ,TOR,2,2,4,1,0,3,4,4
2025-10-29,2025020166,20252026,referee,Justin Kea,CBJ,TOR,2,2,4,1,0,3,4,4
2025-10-29,2025020166,20252026,linesman,Libor Suchanek,CBJ,TOR,2,2,4,1,0,3,4,4
2025-10-29,2025020166,20252026,linesman,Travis Gawryletz,CBJ,TOR,2,2,4,1,0,3,4,4
2025-10-30,2025020167,20252026,referee,Chris Lee,BOS,BUF,5,4,9,3,4,2,10,8
2025-10-30,2025020167,20252026,referee,Beau Halkidis,BOS,BUF,5,4,9,3,4,2,10,8
2025-10-30,2025020167,20252026,linesman,Steve Barton,BOS,BUF,5,4,9,3,4,2,10,8
2025-10-30,2025020167,20252026,linesman,Dan Kelly,BOS,BUF,5,4,9,3,4,2,10,8
2025-10-30,2025020168,20252026,referee,Kendrick Nicholson,OTT,CGY,5,4,9,5,4,0,10,8
2025-10-30,2025020168,20252026,referee,Liam Maaskant,OTT,CGY,5,4,9,5,4,0,10,8
2025-10-30,2025020168,20252026,linesman,Devin Berg,OTT,CGY,5,4,9,5,4,0,10,8
2025-10-30,2025020168,20252026,linesman,Jonny Murray,OTT,CGY,5,4,9,5,4,0,10,8
2025-10-30,2025020169,20252026,referee,Dan O'Rourke,TBL,DAL,3,4,7,0,3,4,6,8
2025-10-30,2025020169,20252026,referee,Carter Sandlak,TBL,DAL,3,4,7,0,3,4,6,8
2025-10-30,2025020169,20252026,linesman,Andrew Smith,TBL,DAL,3,4,7,0,3,4,6,8
2025-10-30,2025020169,20252026,linesman,James Tobias,TBL,DAL,3,4,7,0,3,4,6,8
2025-10-30,2025020170,20252026,referee,Kelly Sutherland,PHI,NSH,3,2,5,2,0,3,6,4
2025-10-30,2025020170,20252026,referee,Alex Lepkowski,PHI,NSH,3,2,5,2,0,3,6,4
2025-10-30,2025020170,20252026,linesman,Tommy Hughes,PHI,NSH,3,2,5,2,0,3,6,4
2025-10-30,2025020170,20252026,linesman,Matt MacPherson,PHI,NSH,3,2,5,2,0,3,6,4
2025-10-30,2025020171,20252026,referee,Frederick L'Ecuyer,CAR,NYI,6,3,9,4,2,3,12,6
2025-10-30,2025020171,20252026,referee,Michael Markovic,CAR,NYI,6,3,9,4,2,3,12,6
2025-10-30,2025020171,20252026,linesman,Michel Cormier,CAR,NYI,6,3,9,4,2,3,12,6
2025-10-30,2025020171,20252026,linesman,Ryan Jackson,CAR,NYI,6,3,9,4,2,3,12,6
2025-10-30,2025020172,20252026,referee,Jean Hebert,STL,VAN,3,3,6,3,2,1,6,6
2025-10-30,2025020172,20252026,referee,Pierre Lambert,STL,VAN,3,3,6,3,2,1,6,6
2025-10-30,2025020172,20252026,linesman,Julien Fournier,STL,VAN,3,3,6,3,2,1,6,6
2025-10-30,2025020172,20252026,linesman,Ben O'Quinn,STL,VAN,3,3,6,3,2,1,6,6
2025-10-30,2025020173,20252026,referee,Garrett Rank,MIN,PIT,1,4,5,2,1,2,2,8
2025-10-30,2025020173,20252026,referee,Gord Dwyer,MIN,PIT,1,4,5,2,1,2,2,8
2025-10-30,2025020173,20252026,linesman,Dylan Blujus,MIN,PIT,1,4,5,2,1,2,2,8
2025-10-30,2025020173,20252026,linesman,Trent Knorr,MIN,PIT,1,4,5,2,1,2,2,8
2025-10-30,2025020174,20252026,referee,Jon McIsaac,WPG,CHI,3,3,6,2,2,2,6,6
2025-10-30,2025020174,20252026,referee,Eric Furlatt,WPG,CHI,3,3,6,2,2,2,6,6
2025-10-30,2025020174,20252026,linesman,Travis Toomey,WPG,CHI,3,3,6,2,2,2,6,6
2025-10-30,2025020174,20252026,linesman,Mark Shewchyk,WPG,CHI,3,3,6,2,2,2,6,6
2025-10-30,2025020175,20252026,referee,Chris Schlenker,EDM,NYR,2,3,5,1,2,2,4,6
2025-10-30,2025020175,20252026,referee,Peter MacDougall,EDM,NYR,2,3,5,1,2,2,4,6
2025-10-30,2025020175,20252026,linesman,Kiel Murchison,EDM,NYR,2,3,5,1,2,2,4,6
2025-10-30,2025020175,20252026,linesman,Jesse Marquis,EDM,NYR,2,3,5,1,2,2,4,6
2025-10-30,2025020176,20252026,referee,Wes McCauley,SJS,NJD,3,2,5,4,0,1,6,4
2025-10-30,2025020176,20252026,referee,Corey Syvret,SJS,NJD,3,2,5,4,0,1,6,4
2025-10-30,2025020176,20252026,linesman,Kyle Flemington,SJS,NJD,3,2,5,4,0,1,6,4
2025-10-30,2025020176,20252026,linesman,David Brisebois,SJS,NJD,3,2,5,4,0,1,6,4
2025-10-30,2025020177,20252026,referee,Furman South,LAK,DET,3,3,6,2,2,2,6,6
2025-10-30,2025020177,20252026,referee,Trevor Hanson,LAK,DET,3,3,6,2,2,2,6,6
2025-10-30,2025020177,20252026,linesman,Caleb Apperson,LAK,DET,3,3,6,2,2,2,6,6
2025-10-30,2025020177,20252026,linesman,Kilian McNamara,LAK,DET,3,3,6,2,2,2,6,6
2025-10-31,2025020178,20252026,referee,Kyle Rehman,VGK,COL,2,6,8,1,4,3,4,12
2025-10-31,2025020178,20252026,referee,Brandon Schrader,VGK,COL,2,6,8,1,4,3,4,12
2025-10-31,2025020178,20252026,linesman,Bevan Mills,VGK,COL,2,6,8,1,4,3,4,12
2025-10-31,2025020178,20252026,linesman,Ryan Gibbons,VGK,COL,2,6,8,1,4,3,4,12
2025-10-31,2025020179,20252026,referee,Chris Lee,WSH,NYI,5,4,9,1,5,3,10,8
2025-10-31,2025020179,20252026,referee,Morgan MacPhee,WSH,NYI,5,4,9,1,5,3,10,8
2025-10-31,2025020179,20252026,linesman,Tommy Hughes,WSH,NYI,5,4,9,1,5,3,10,8
2025-10-31,2025020179,20252026,linesman,Matt MacPherson,WSH,NYI,5,4,9,1,5,3,10,8
2025-10-31,2025020180,20252026,referee,Wes McCauley,ANA,DET,8,5,13,2,6,5,16,10
2025-10-31,2025020180,20252026,referee,Corey Syvret,ANA,DET,8,5,13,2,6,5,16,10
2025-10-31,2025020180,20252026,linesman,Caleb Apperson,ANA,DET,8,5,13,2,6,5,16,10
2025-10-31,2025020180,20252026,linesman,David Brisebois,ANA,DET,8,5,13,2,6,5,16,10
2025-11-01,2025020181,20252026,referee,Dan O'Rourke,BOS,CAR,1,1,2,1,1,0,2,2
2025-11-01,2025020181,20252026,referee,Alex Lepkowski,BOS,CAR,1,1,2,1,1,0,2,2
2025-11-01,2025020181,20252026,linesman,Steve Barton,BOS,CAR,1,1,2,1,1,0,2,2
2025-11-01,2025020181,20252026,linesman,Libor Suchanek,BOS,CAR,1,1,2,1,1,0,2,2
2025-11-01,2025020182,20252026,referee,Jon McIsaac,WPG,PIT,2,4,6,2,3,1,4,8
2025-11-01,2025020182,20252026,referee,Riley Brace,WPG,PIT,2,4,6,2,3,1,4,8
2025-11-01,2025020182,20252026,linesman,Dylan Blujus,WPG,PIT,2,4,6,2,3,1,4,8
2025-11-01,2025020182,20252026,linesman,Kiel Murchison,WPG,PIT,2,4,6,2,3,1,4,8
2025-11-01,2025020183,20252026,referee,Gord Dwyer,NSH,CGY,3,5,8,2,5,1,6,10
2025-11-01,2025020183,20252026,referee,Justin Kea,NSH,CGY,3,5,8,2,5,1,6,10
2025-11-01,2025020183,20252026,linesman,Michel Cormier,NSH,CGY,3,5,8,2,5,1,6,10
2025-11-01,2025020183,20252026,linesman,Ben O'Quinn,NSH,CGY,3,5,8,2,5,1,6,10
2025-11-01,2025020184,20252026,referee,Chris Schlenker,SJS,COL,2,3,5,2,1,2,4,6
2025-11-01,2025020184,20252026,referee,Furman South,SJS,COL,2,3,5,2,1,2,4,6
2025-11-01,2025020184,20252026,linesman,Julien Fournier,SJS,COL,2,3,5,2,1,2,4,6
2025-11-01,2025020184,20252026,linesman,Brandon Grillo,SJS,COL,2,3,5,2,1,2,4,6
2025-11-01,2025020185,20252026,referee,Jake Brenk,FLA,DAL,3,1,4,2,2,0,6,2
2025-11-01,2025020185,20252026,referee,Carter Sandlak,FLA,DAL,3,1,4,2,2,0,6,2
2025-11-01,2025020185,20252026,linesman,James Tobias,FLA,DAL,3,1,4,2,2,0,6,2
2025-11-01,2025020185,20252026,linesman,Tyson Baker,FLA,DAL,3,1,4,2,2,0,6,2
2025-11-01,2025020186,20252026,referee,Garrett Rank,BUF,WSH,6,5,11,3,4,4,12,10
2025-11-01,2025020186,20252026,referee,Liam Maaskant,BUF,WSH,6,5,11,3,4,4,12,10
2025-11-01,2025020186,20252026,linesman,Brad Kovachik,BUF,WSH,6,5,11,3,4,4,12,10
2025-11-01,2025020186,20252026,linesman,Devin Berg,BUF,WSH,6,5,11,3,4,4,12,10
2025-11-01,2025020187,20252026,referee,Thomas John Luxmore,MTL,OTT,3,3,6,3,3,0,6,6
2025-11-01,2025020187,20252026,referee,Eric Furlatt,MTL,OTT,3,3,6,3,3,0,6,6
2025-11-01,2025020187,20252026,linesman,Shandor Alphonso,MTL,OTT,3,3,6,3,3,0,6,6
2025-11-01,2025020187,20252026,linesman,Jonny Murray,MTL,OTT,3,3,6,3,3,0,6,6
2025-11-01,2025020188,20252026,referee,Jean Hebert,PHI,TOR,3,6,9,2,2,5,6,12
2025-11-01,2025020188,20252026,referee,Mike Sullivan,PHI,TOR,3,6,9,2,2,5,6,12
2025-11-01,2025020188,20252026,linesman,Andrew Smith,PHI,TOR,3,6,9,2,2,5,6,12
2025-11-01,2025020188,20252026,linesman,Jonathan Deschamps,PHI,TOR,3,6,9,2,2,5,6,12
2025-11-01,2025020189,20252026,referee,Kelly Sutherland,CBJ,STL,2,3,5,1,2,2,4,6
2025-11-01,2025020189,20252026,referee,Mitch Dunning,CBJ,STL,2,3,5,1,2,2,4,6
2025-11-01,2025020189,20252026,linesman,Tommy Hughes,CBJ,STL,2,3,5,1,2,2,4,6
2025-11-01,2025020189,20252026,linesman,CJ Murray,CBJ,STL,2,3,5,1,2,2,4,6
2025-11-01,2025020190,20252026,referee,Pierre Lambert,MIN,VAN,4,4,8,3,2,3,8,8
2025-11-01,2025020190,20252026,referee,Brandon Blandina,MIN,VAN,4,4,8,3,2,3,8,8
2025-11-01,2025020190,20252026,linesman,Brandon Gawryletz,MIN,VAN,4,4,8,3,2,3,8,8
2025-11-01,2025020190,20252026,linesman,Jesse Marquis,MIN,VAN,4,4,8,3,2,3,8,8
2025-11-01,2025020191,20252026,referee,Kyle Rehman,LAK,NJD,0,4,4,0,2,2,0,8
2025-11-01,2025020191,20252026,referee,Brandon Schrader,LAK,NJD,0,4,4,0,2,2,0,8
2025-11-01,2025020191,20252026,linesman,Bevan Mills,LAK,NJD,0,4,4,0,2,2,0,8
2025-11-01,2025020191,20252026,linesman,Ryan Gibbons,LAK,NJD,0,4,4,0,2,2,0,8
2025-11-01,2025020192,20252026,referee,Cody Beach,EDM,CHI,1,3,4,1,2,1,2,6
2025-11-01,2025020192,20252026,referee,Peter MacDougall,EDM,CHI,1,3,4,1,2,1,2,6
2025-11-01,2025020192,20252026,linesman,Travis Toomey,EDM,CHI,1,3,4,1,2,1,2,6
2025-11-01,2025020192,20252026,linesman,Mark Shewchyk,EDM,CHI,1,3,4,1,2,1,2,6
2025-11-01,2025020193,20252026,referee,Graham Skilliter,SEA,NYR,3,2,5,2,3,0,6,4
2025-11-01,2025020193,20252026,referee,Jordan Samuels-Thomas,SEA,NYR,3,2,5,2,3,0,6,4
2025-11-01,2025020193,20252026,linesman,Kyle Flemington,SEA,NYR,3,2,5,2,3,0,6,4
2025-11-01,2025020193,20252026,linesman,Trent Knorr,SEA,NYR,3,2,5,2,3,0,6,4
2025-11-02,2025020194,20252026,referee,Chris Schlenker,UTA,TBL,3,4,7,2,5,0,6,8
2025-11-02,2025020194,20252026,referee,Trevor Hanson,UTA,TBL,3,4,7,2,5,0,6,8
2025-11-02,2025020194,20252026,linesman,Travis Gawryletz,UTA,TBL,3,4,7,2,5,0,6,8
2025-11-02,2025020194,20252026,linesman,Caleb Apperson,UTA,TBL,3,4,7,2,5,0,6,8
2025-11-02,2025020195,20252026,referee,Jean Hebert,NYI,CBJ,4,2,6,1,3,2,8,4
2025-11-02,2025020195,20252026,referee,Mitch Dunning,NYI,CBJ,4,2,6,1,3,2,8,4
2025-11-02,2025020195,20252026,linesman,Andrew Smith,NYI,CBJ,4,2,6,1,3,2,8,4
2025-11-02,2025020195,20252026,linesman,Dan Kelly,NYI,CBJ,4,2,6,1,3,2,8,4
2025-11-02,2025020196,20252026,referee,Dan O'Rourke,PHI,CGY,2,1,3,2,1,0,4,2
2025-11-02,2025020196,20252026,referee,Justin Kea,PHI,CGY,2,1,3,2,1,0,4,2
2025-11-02,2025020196,20252026,linesman,Jonathan Deschamps,PHI,CGY,2,1,3,2,1,0,4,2
2025-11-02,2025020196,20252026,linesman,Ryan Jackson,PHI,CGY,2,1,3,2,1,0,4,2
2025-11-02,2025020197,20252026,referee,Furman South,ANA,NJD,1,2,3,2,0,1,2,4
2025-11-02,2025020197,20252026,referee,Tom Chmielewski,ANA,NJD,1,2,3,2,0,1,2,4
2025-11-02,2025020197,20252026,linesman,Bevan Mills,ANA,NJD,1,2,3,2,0,1,2,4
2025-11-02,2025020197,20252026,linesman,Ryan Gibbons,ANA,NJD,1,2,3,2,0,1,2,4
2025-11-02,2025020198,20252026,referee,Graham Skilliter,SJS,DET,3,3,6,2,1,3,6,6
2025-11-02,2025020198,20252026,referee,Brandon Schrader,SJS,DET,3,3,6,2,1,3,6,6
2025-11-02,2025020198,20252026,linesman,Julien Fournier,SJS,DET,3,3,6,2,1,3,6,6
2025-11-02,2025020198,20252026,linesman,Brandon Grillo,SJS,DET,3,3,6,2,1,3,6,6
2025-11-03,2025020199,20252026,referee,Jon McIsaac,TOR,PIT,3,1,4,1,2,1,6,2
2025-11-03,2025020199,20252026,referee,Thomas John Luxmore,TOR,PIT,3,1,4,1,2,1,6,2
2025-11-03,2025020199,20252026,linesman,Mark Shewchyk,TOR,PIT,3,1,4,1,2,1,6,2
2025-11-03,2025020199,20252026,linesman,David Brisebois,TOR,PIT,3,1,4,1,2,1,6,2
2025-11-03,2025020200,20252026,referee,Frederick L'Ecuyer,STL,EDM,1,2,3,1,2,0,2,4
2025-11-03,2025020200,20252026,referee,Brandon Blandina,STL,EDM,1,2,3,1,2,0,2,4
2025-11-03,2025020200,20252026,linesman,Kyle Flemington,STL,EDM,1,2,3,1,2,0,2,4
2025-11-03,2025020200,20252026,linesman,Brandon Gawryletz,STL,EDM,1,2,3,1,2,0,2,4
2025-11-03,2025020201,20252026,referee,Francis Charron,NSH,VAN,3,4,7,1,4,2,6,8
2025-11-03,2025020201,20252026,referee,Jake Brenk,NSH,VAN,3,4,7,1,4,2,6,8
2025-11-03,2025020201,20252026,linesman,Michel Cormier,NSH,VAN,3,4,7,1,4,2,6,8
2025-11-03,2025020201,20252026,linesman,Tyson Baker,NSH,VAN,3,4,7,1,4,2,6,8
2025-11-03,2025020202,20252026,referee,Kyle Rehman,SEA,CHI,3,2,5,1,3,1,6,4
2025-11-03,2025020202,20252026,referee,Jordan Samuels-Thomas,SEA,CHI,3,2,5,1,3,1,6,4
2025-11-03,2025020202,20252026,linesman,Caleb Apperson,SEA,CHI,3,2,5,1,3,1,6,4
2025-11-03,2025020202,20252026,linesman,Travis Toomey,SEA,CHI,3,2,5,1,3,1,6,4
2025-11-04,2025020203,20252026,referee,Mitch Dunning,BUF,UTA,2,2,4,2,2,0,4,4
2025-11-04,2025020203,20252026,referee,Thomas John Luxmore,BUF,UTA,2,2,4,2,2,0,4,4
2025-11-04,2025020203,20252026,linesman,Shawn Oliver,BUF,UTA,2,2,4,2,2,0,4,4
2025-11-04,2025020203,20252026,linesman,Mark Shewchyk,BUF,UTA,2,2,4,2,2,0,4,4
2025-11-04,2025020204,20252026,referee,Garrett Rank,MTL,PHI,6,5,11,3,7,1,12,10
2025-11-04,2025020204,20252026,referee,Pierre Lambert,MTL,PHI,6,5,11,3,7,1,12,10
2025-11-04,2025020204,20252026,linesman,Brad Kovachik,MTL,PHI,6,5,11,3,7,1,12,10
2025-11-04,2025020204,20252026,linesman,Ryan Jackson,MTL,PHI,6,5,11,3,7,1,12,10
2025-11-04,2025020205,20252026,referee,Wes McCauley,NYI,BOS,6,5,11,0,9,2,12,10
2025-11-04,2025020205,20252026,referee,Justin Kea,NYI,BOS,6,5,11,0,9,2,12,10
2025-11-04,2025020205,20252026,linesman,James Tobias,NYI,BOS,6,5,11,0,9,2,12,10
2025-11-04,2025020205,20252026,linesman,CJ Murray,NYI,BOS,6,5,11,0,9,2,12,10
2025-11-04,2025020206,20252026,referee,Jean Hebert,NYR,CAR,3,3,6,3,3,0,6,6
2025-11-04,2025020206,20252026,referee,Morgan MacPhee,NYR,CAR,3,3,6,3,3,0,6,6
2025-11-04,2025020206,20252026,linesman,Andrew Smith,NYR,CAR,3,3,6,3,3,0,6,6
2025-11-04,2025020206,20252026,linesman,Jonathan Deschamps,NYR,CAR,3,3,6,3,3,0,6,6
2025-11-04,2025020207,20252026,referee,Francis Charron,DAL,EDM,3,4,7,4,3,0,6,8
2025-11-04,2025020207,20252026,referee,Jake Brenk,DAL,EDM,3,4,7,4,3,0,6,8
2025-11-04,2025020207,20252026,linesman,Tyson Baker,DAL,EDM,3,4,7,4,3,0,6,8
2025-11-04,2025020207,20252026,linesman,Ben O'Quinn,DAL,EDM,3,4,7,4,3,0,6,8
2025-11-04,2025020208,20252026,referee,Furman South,MIN,NSH,2,3,5,2,3,0,4,6
2025-11-04,2025020208,20252026,referee,Trevor Hanson,MIN,NSH,2,3,5,2,3,0,4,6
2025-11-04,2025020208,20252026,linesman,Brandon Gawryletz,MIN,NSH,2,3,5,2,3,0,4,6
2025-11-04,2025020208,20252026,linesman,Kilian McNamara,MIN,NSH,2,3,5,2,3,0,4,6
2025-11-04,2025020209,20252026,referee,Gord Dwyer,COL,TBL,3,4,7,3,2,2,6,8
2025-11-04,2025020209,20252026,referee,Corey Syvret,COL,TBL,3,4,7,3,2,2,6,8
2025-11-04,2025020209,20252026,linesman,Bevan Mills,COL,TBL,3,4,7,3,2,2,6,8
2025-11-04,2025020209,20252026,linesman,Jeremy Faucher,COL,TBL,3,4,7,3,2,2,6,8
2025-11-04,2025020210,20252026,referee,Kendrick Nicholson,VGK,DET,2,1,3,2,0,1,4,2
2025-11-04,2025020210,20252026,referee,Graedy Hamilton,VGK,DET,2,1,3,2,0,1,4,2
2025-11-04,2025020210,20252026,linesman,Trent Knorr,VGK,DET,2,1,3,2,0,1,4,2
2025-11-04,2025020210,20252026,linesman,Devin Berg,VGK,DET,2,1,3,2,0,1,4,2
2025-11-04,2025020211,20252026,referee,Chris Schlenker,ANA,FLA,5,8,13,4,3,6,10,16
2025-11-04,2025020211,20252026,referee,Kyle Rehman,ANA,FLA,5,8,13,4,3,6,10,16
2025-11-04,2025020211,20252026,linesman,Travis Gawryletz,ANA,FLA,5,8,13,4,3,6,10,16
2025-11-04,2025020211,20252026,linesman,Travis Toomey,ANA,FLA,5,8,13,4,3,6,10,16
2025-11-04,2025020212,20252026,referee,Tom Chmielewski,LAK,WPG,5,6,11,4,2,5,10,12
2025-11-04,2025020212,20252026,referee,Jordan Samuels-Thomas,LAK,WPG,5,6,11,4,2,5,10,12
2025-11-04,2025020212,20252026,linesman,Julien Fournier,LAK,WPG,5,6,11,4,2,5,10,12
2025-11-04,2025020212,20252026,linesman,Ryan Gibbons,LAK,WPG,5,6,11,4,2,5,10,12
2025-11-05,2025020213,20252026,referee,Pierre Lambert,TOR,UTA,3,1,4,1,3,0,6,2
2025-11-05,2025020213,20252026,referee,Carter Sandlak,TOR,UTA,3,1,4,1,3,0,6,2
2025-11-05,2025020213,20252026,linesman,Ryan Jackson,TOR,UTA,3,1,4,1,3,0,6,2
2025-11-05,2025020213,20252026,linesman,Jonny Murray,TOR,UTA,3,1,4,1,3,0,6,2
2025-11-05,2025020214,20252026,referee,Wes McCauley,WSH,STL,3,3,6,2,4,0,6,6
2025-11-05,2025020214,20252026,referee,Peter MacDougall,WSH,STL,3,3,6,2,4,0,6,6
2025-11-05,2025020214,20252026,linesman,Brandon Grillo,WSH,STL,3,3,6,2,4,0,6,6
2025-11-05,2025020214,20252026,linesman,Michel Cormier,WSH,STL,3,3,6,2,4,0,6,6
2025-11-05,2025020215,20252026,referee,Frederick L'Ecuyer,CGY,CBJ,2,3,5,1,0,4,4,6
2025-11-05,2025020215,20252026,referee,Stephen Hiff,CGY,CBJ,2,3,5,1,0,4,4,6
2025-11-05,2025020215,20252026,linesman,Shandor Alphonso,CGY,CBJ,2,3,5,1,0,4,4,6
2025-11-05,2025020215,20252026,linesman,Caleb Apperson,CGY,CBJ,2,3,5,1,0,4,4,6
2025-11-05,2025020216,20252026,referee,Graham Skilliter,VAN,CHI,1,2,3,0,2,1,2,4
2025-11-05,2025020216,20252026,referee,Michael Markovic,VAN,CHI,1,2,3,0,2,1,2,4
2025-11-05,2025020216,20252026,linesman,Bevan Mills,VAN,CHI,1,2,3,0,2,1,2,4
2025-11-05,2025020216,20252026,linesman,Kiel Murchison,VAN,CHI,1,2,3,0,2,1,2,4
2025-11-05,2025020217,20252026,referee,Cody Beach,SEA,SJS,3,6,9,1,4,4,6,12
2025-11-05,2025020217,20252026,referee,Chris Lee,SEA,SJS,3,6,9,1,4,4,6,12
2025-11-05,2025020217,20252026,linesman,Dylan Blujus,SEA,SJS,3,6,9,1,4,4,6,12
2025-11-05,2025020217,20252026,linesman,Travis Gawryletz,SEA,SJS,3,6,9,1,4,4,6,12
2025-11-06,2025020218,20252026,referee,Mitch Dunning,BOS,OTT,3,3,6,0,4,2,6,6
2025-11-06,2025020218,20252026,referee,Thomas John Luxmore,BOS,OTT,3,3,6,0,4,2,6,6
2025-11-06,2025020218,20252026,linesman,Brad Kovachik,BOS,OTT,3,3,6,0,4,2,6,6
2025-11-06,2025020218,20252026,linesman,Ben O'Quinn,BOS,OTT,3,3,6,0,4,2,6,6
2025-11-06,2025020219,20252026,referee,Francis Charron,BUF,STL,2,3,5,1,2,2,4,6
2025-11-06,2025020219,20252026,referee,Carter Sandlak,BUF,STL,2,3,5,1,2,2,4,6
2025-11-06,2025020219,20252026,linesman,Ryan Jackson,BUF,STL,2,3,5,1,2,2,4,6
2025-11-06,2025020219,20252026,linesman,Jonny Murray,BUF,STL,2,3,5,1,2,2,4,6
2025-11-06,2025020220,20252026,referee,Jon McIsaac,NJD,MTL,2,5,7,3,2,2,4,10
2025-11-06,2025020220,20252026,referee,Liam Maaskant,NJD,MTL,2,5,7,3,2,2,4,10
2025-11-06,2025020220,20252026,linesman,James Tobias,NJD,MTL,2,5,7,3,2,2,4,10
2025-11-06,2025020220,20252026,linesman,CJ Murray,NJD,MTL,2,5,7,3,2,2,4,10
2025-11-06,2025020222,20252026,referee,Wes McCauley,CAR,MIN,4,1,5,5,0,0,8,2
2025-11-06,2025020222,20252026,referee,Peter MacDougall,CAR,MIN,4,1,5,5,0,0,8,2
2025-11-06,2025020222,20252026,linesman,David Brisebois,CAR,MIN,4,1,5,5,0,0,8,2
2025-11-06,2025020222,20252026,linesman,Dan Kelly,CAR,MIN,4,1,5,5,0,0,8,2
2025-11-06,2025020221,20252026,referee,Jake Brenk,PIT,WSH,3,5,8,4,1,3,6,10
2025-11-06,2025020221,20252026,referee,Brandon Blandina,PIT,WSH,3,5,8,4,1,3,6,10
2025-11-06,2025020221,20252026,linesman,Kyle Flemington,PIT,WSH,3,5,8,4,1,3,6,10
2025-11-06,2025020221,20252026,linesman,Matt MacPherson,PIT,WSH,3,5,8,4,1,3,6,10
2025-11-06,2025020223,20252026,referee,Gord Dwyer,NSH,PHI,3,5,8,1,5,2,6,10
2025-11-06,2025020223,20252026,referee,Brandon Schrader,NSH,PHI,3,5,8,1,5,2,6,10
2025-11-06,2025020223,20252026,linesman,Jesse Marquis,NSH,PHI,3,5,8,1,5,2,6,10
2025-11-06,2025020223,20252026,linesman,Tyson Baker,NSH,PHI,3,5,8,1,5,2,6,10
2025-11-06,2025020224,20252026,referee,Furman South,DAL,ANA,5,5,10,4,1,5,10,10
2025-11-06,2025020224,20252026,referee,Eric Furlatt,DAL,ANA,5,5,10,4,1,5,10,10
2025-11-06,2025020224,20252026,linesman,Steve Barton,DAL,ANA,5,5,10,4,1,5,10,10
2025-11-06,2025020224,20252026,linesman,Kilian McNamara,DAL,ANA,5,5,10,4,1,5,10,10
2025-11-06,2025020225,20252026,referee,Tom Chmielewski,VGK,TBL,4,3,7,0,2,5,8,6
2025-11-06,2025020225,20252026,referee,Kendrick Nicholson,VGK,TBL,4,3,7,0,2,5,8,6
2025-11-06,2025020225,20252026,linesman,Devin Berg,VGK,TBL,4,3,7,0,2,5,8,6
2025-11-06,2025020225,20252026,linesman,Travis Toomey,VGK,TBL,4,3,7,0,2,5,8,6
2025-11-06,2025020226,20252026,referee,Kelly Sutherland,LAK,FLA,2,4,6,2,2,2,4,8
2025-11-06,2025020226,20252026,referee,Corey Syvret,LAK,FLA,2,4,6,2,2,2,4,8
2025-11-06,2025020226,20252026,linesman,Trent Knorr,LAK,FLA,2,4,6,2,2,2,4,8
2025-11-06,2025020226,20252026,linesman,Jeremy Faucher,LAK,FLA,2,4,6,2,2,2,4,8
2025-11-07,2025020227,20252026,referee,Pierre Lambert,DET,NYR,3,4,7,3,3,1,6,8
2025-11-07,2025020227,20252026,referee,Brandon Blandina,DET,NYR,3,4,7,3,3,1,6,8
2025-11-07,2025020227,20252026,linesman,Kyle Flemington,DET,NYR,3,4,7,3,3,1,6,8
2025-11-07,2025020227,20252026,linesman,Jonny Murray,DET,NYR,3,4,7,3,3,1,6,8
2025-11-07,2025020228,20252026,referee,Jon McIsaac,NYI,MIN,1,2,3,1,2,0,2,4
2025-11-07,2025020228,20252026,referee,Carter Sandlak,NYI,MIN,1,2,3,1,2,0,2,4
2025-11-07,2025020228,20252026,linesman,Brad Kovachik,NYI,MIN,1,2,3,1,2,0,2,4
2025-11-07,2025020228,20252026,linesman,Ben O'Quinn,NYI,MIN,1,2,3,1,2,0,2,4
2025-11-07,2025020229,20252026,referee,Frederick L'Ecuyer,CGY,CHI,3,3,6,2,2,2,6,6
2025-11-07,2025020229,20252026,referee,Michael Markovic,CGY,CHI,3,3,6,2,2,2,6,6
2025-11-07,2025020229,20252026,linesman,Shandor Alphonso,CGY,CHI,3,3,6,2,2,2,6,6
2025-11-07,2025020229,20252026,linesman,Libor Suchanek,CGY,CHI,3,3,6,2,2,2,6,6
2025-11-07,2025020230,20252026,referee,Cody Beach,SJS,WPG,2,4,6,3,0,3,4,8
2025-11-07,2025020230,20252026,referee,Chris Lee,SJS,WPG,2,4,6,3,0,3,4,8
2025-11-07,2025020230,20252026,linesman,Travis Gawryletz,SJS,WPG,2,4,6,3,0,3,4,8
2025-11-07,2025020230,20252026,linesman,Jeremy Faucher,SJS,WPG,2,4,6,3,0,3,4,8
2025-11-08,2025020231,20252026,referee,Garrett Rank,NJD,PIT,1,2,3,0,1,2,2,4
2025-11-08,2025020231,20252026,referee,Brandon Schrader,NJD,PIT,1,2,3,0,1,2,2,4
2025-11-08,2025020231,20252026,linesman,Andrew Smith,NJD,PIT,1,2,3,0,1,2,2,4
2025-11-08,2025020231,20252026,linesman,Ryan Jackson,NJD,PIT,1,2,3,0,1,2,2,4
2025-11-08,2025020232,20252026,referee,Justin Kea,PHI,OTT,4,4,8,2,5,1,8,8
2025-11-08,2025020232,20252026,referee,Peter MacDougall,PHI,OTT,4,4,8,2,5,1,8,8
2025-11-08,2025020232,20252026,linesman,James Tobias,PHI,OTT,4,4,8,2,5,1,8,8
2025-11-08,2025020232,20252026,linesman,Dan Kelly,PHI,OTT,4,4,8,2,5,1,8,8
2025-11-08,2025020233,20252026,referee,Graham Skilliter,NSH,DAL,5,4,9,3,3,3,10,8
2025-11-08,2025020233,20252026,referee,Mike Sullivan,NSH,DAL,5,4,9,3,3,3,10,8
2025-11-08,2025020233,20252026,linesman,Brandon Gawryletz,NSH,DAL,5,4,9,3,3,3,10,8
2025-11-08,2025020233,20252026,linesman,Matt MacPherson,NSH,DAL,5,4,9,3,3,3,10,8
2025-11-08,2025020234,20252026,referee,Kyle Rehman,TOR,BOS,2,5,7,2,2,3,4,10
2025-11-08,2025020234,20252026,referee,Brandon Blandina,TOR,BOS,2,5,7,2,2,3,4,10
2025-11-08,2025020234,20252026,linesman,Bevan Mills,TOR,BOS,2,5,7,2,2,3,4,10
2025-11-08,2025020234,20252026,linesman,Mark Shewchyk,TOR,BOS,2,5,7,2,2,3,4,10
2025-11-08,2025020235,20252026,referee,Francis Charron,MTL,UTA,2,2,4,1,2,1,4,4
2025-11-08,2025020235,20252026,referee,Thomas John Luxmore,MTL,UTA,2,2,4,1,2,1,4,4
2025-11-08,2025020235,20252026,linesman,Michel Cormier,MTL,UTA,2,2,4,1,2,1,4,4
2025-11-08,2025020235,20252026,linesman,Jonathan Deschamps,MTL,UTA,2,2,4,1,2,1,4,4
2025-11-08,2025020236,20252026,referee,Jean Hebert,TBL,WSH,3,4,7,2,2,3,6,8
2025-11-08,2025020236,20252026,referee,Eric Furlatt,TBL,WSH,3,4,7,2,2,3,6,8
2025-11-08,2025020236,20252026,linesman,Jesse Marquis,TBL,WSH,3,4,7,2,2,3,6,8
2025-11-08,2025020236,20252026,linesman,David Brisebois,TBL,WSH,3,4,7,2,2,3,6,8
2025-11-08,2025020237,20252026,referee,Jon McIsaac,NYR,NYI,2,2,4,1,2,1,4,4
2025-11-08,2025020237,20252026,referee,Riley Brace,NYR,NYI,2,2,4,1,2,1,4,4
2025-11-08,2025020237,20252026,linesman,Ryan Gibbons,NYR,NYI,2,2,4,1,2,1,4,4
2025-11-08,2025020237,20252026,linesman,CJ Murray,NYR,NYI,2,2,4,1,2,1,4,4
2025-11-08,2025020238,20252026,referee,Wes McCauley,CAR,BUF,2,3,5,1,4,0,4,6
2025-11-08,2025020238,20252026,referee,Liam Maaskant,CAR,BUF,2,3,5,1,4,0,4,6
2025-11-08,2025020238,20252026,linesman,Julien Fournier,CAR,BUF,2,3,5,1,4,0,4,6
2025-11-08,2025020238,20252026,linesman,Brandon Grillo,CAR,BUF,2,3,5,1,4,0,4,6
2025-11-08,2025020239,20252026,referee,Chris Schlenker,STL,SEA,3,2,5,3,1,1,6,4
2025-11-08,2025020239,20252026,referee,Gord Dwyer,STL,SEA,3,2,5,3,1,1,6,4
2025-11-08,2025020239,20252026,linesman,Steve Barton,STL,SEA,3,2,5,3,1,1,6,4
2025-11-08,2025020239,20252026,linesman,Kilian McNamara,STL,SEA,3,2,5,3,1,1,6,4
2025-11-08,2025020240,20252026,referee,Frederick L'Ecuyer,EDM,COL,7,5,12,6,3,3,14,10
2025-11-08,2025020240,20252026,referee,Michael Markovic,EDM,COL,7,5,12,6,3,3,14,10
2025-11-08,2025020240,20252026,linesman,Shandor Alphonso,EDM,COL,7,5,12,6,3,3,14,10
2025-11-08,2025020240,20252026,linesman,Trent Knorr,EDM,COL,7,5,12,6,3,3,14,10
2025-11-08,2025020241,20252026,referee,Kendrick Nicholson,VAN,CBJ,5,3,8,2,3,3,10,6
2025-11-08,2025020241,20252026,referee,Jordan Samuels-Thomas,VAN,CBJ,5,3,8,2,3,3,10,6
2025-11-08,2025020241,20252026,linesman,Libor Suchanek,VAN,CBJ,5,3,8,2,3,3,10,6
2025-11-08,2025020241,20252026,linesman,Devin Berg,VAN,CBJ,5,3,8,2,3,3,10,6
2025-11-08,2025020242,20252026,referee,Kelly Sutherland,VGK,ANA,1,3,4,0,3,1,2,6
2025-11-08,2025020242,20252026,referee,Chris Lee,VGK,ANA,1,3,4,0,3,1,2,6
2025-11-08,2025020242,20252026,linesman,Travis Gawryletz,VGK,ANA,1,3,4,0,3,1,2,6
2025-11-08,2025020242,20252026,linesman,Travis Toomey,VGK,ANA,1,3,4,0,3,1,2,6
2025-11-08,2025020243,20252026,referee,Trevor Hanson,SJS,FLA,5,2,7,3,2,2,10,4
2025-11-08,2025020243,20252026,referee,Corey Syvret,SJS,FLA,5,2,7,3,2,2,10,4
2025-11-08,2025020243,20252026,linesman,Dylan Blujus,SJS,FLA,5,2,7,3,2,2,10,4
2025-11-08,2025020243,20252026,linesman,Tommy Hughes,SJS,FLA,5,2,7,3,2,2,10,4
2025-11-09,2025020244,20252026,referee,Garrett Rank,DET,CHI,3,5,8,3,3,2,6,10
2025-11-09,2025020244,20252026,referee,Carter Sandlak,DET,CHI,3,5,8,3,3,2,6,10
2025-11-09,2025020244,20252026,linesman,Brad Kovachik,DET,CHI,3,5,8,3,3,2,6,10
2025-11-09,2025020244,20252026,linesman,Ben O'Quinn,DET,CHI,3,5,8,3,3,2,6,10
2025-11-09,2025020245,20252026,referee,Furman South,PIT,LAK,4,2,6,1,5,0,8,4
2025-11-09,2025020245,20252026,referee,Peter MacDougall,PIT,LAK,4,2,6,1,5,0,8,4
2025-11-09,2025020245,20252026,linesman,Andrew Smith,PIT,LAK,4,2,6,1,5,0,8,4
2025-11-09,2025020245,20252026,linesman,Tyson Baker,PIT,LAK,4,2,6,1,5,0,8,4
2025-11-09,2025020246,20252026,referee,Francis Charron,TOR,CAR,5,4,9,4,3,2,10,8
2025-11-09,2025020246,20252026,referee,Thomas John Luxmore,TOR,CAR,5,4,9,4,3,2,10,8
2025-11-09,2025020246,20252026,linesman,Bevan Mills,TOR,CAR,5,4,9,4,3,2,10,8
2025-11-09,2025020246,20252026,linesman,Ryan Daisy,TOR,CAR,5,4,9,4,3,2,10,8
2025-11-09,2025020247,20252026,referee,Kyle Rehman,OTT,UTA,2,3,5,3,1,1,4,6
2025-11-09,2025020247,20252026,referee,Pierre Lambert,OTT,UTA,2,3,5,3,1,1,4,6
2025-11-09,2025020247,20252026,linesman,Kyle Flemington,OTT,UTA,2,3,5,3,1,1,4,6
2025-11-09,2025020247,20252026,linesman,Jonathan Deschamps,OTT,UTA,2,3,5,3,1,1,4,6
2025-11-09,2025020248,20252026,referee,Graham Skilliter,DAL,SEA,4,4,8,1,3,4,8,8
2025-11-09,2025020248,20252026,referee,Beau Halkidis,DAL,SEA,4,4,8,1,3,4,8,8
2025-11-09,2025020248,20252026,linesman,Brandon Gawryletz,DAL,SEA,4,4,8,1,3,4,8,8
2025-11-09,2025020248,20252026,linesman,Jesse Marquis,DAL,SEA,4,4,8,1,3,4,8,8
2025-11-09,2025020249,20252026,referee,Chris Schlenker,MIN,CGY,3,4,7,0,4,3,6,8
2025-11-09,2025020249,20252026,referee,Mitch Dunning,MIN,CGY,3,4,7,0,4,3,6,8
2025-11-09,2025020249,20252026,linesman,Steve Barton,MIN,CGY,3,4,7,0,4,3,6,8
2025-11-09,2025020249,20252026,linesman,Jonny Murray,MIN,CGY,3,4,7,0,4,3,6,8
2025-11-09,2025020250,20252026,referee,Cody Beach,VAN,COL,3,5,8,3,2,3,6,10
2025-11-09,2025020250,20252026,referee,Kendrick Nicholson,VAN,COL,3,5,8,3,2,3,6,10
2025-11-09,2025020250,20252026,linesman,Shandor Alphonso,VAN,COL,3,5,8,3,2,3,6,10
2025-11-09,2025020250,20252026,linesman,Trent Knorr,VAN,COL,3,5,8,3,2,3,6,10
2025-11-09,2025020251,20252026,referee,Kelly Sutherland,ANA,WPG,4,4,8,3,3,2,8,8
2025-11-09,2025020251,20252026,referee,Corey Syvret,ANA,WPG,4,4,8,3,3,2,8,8
2025-11-09,2025020251,20252026,linesman,Tommy Hughes,ANA,WPG,4,4,8,3,3,2,8,8
2025-11-09,2025020251,20252026,linesman,Kiel Murchison,ANA,WPG,4,4,8,3,3,2,8,8
2025-11-10,2025020252,20252026,referee,Jake Brenk,NJD,NYI,1,4,5,2,0,3,2,8
2025-11-10,2025020252,20252026,referee,Justin Kea,NJD,NYI,1,4,5,2,0,3,2,8
2025-11-10,2025020252,20252026,linesman,David Brisebois,NJD,NYI,1,4,5,2,0,3,2,8
2025-11-10,2025020252,20252026,linesman,Dan Kelly,NJD,NYI,1,4,5,2,0,3,2,8
2025-11-10,2025020253,20252026,referee,Furman South,NYR,NSH,4,2,6,1,1,4,8,4
2025-11-10,2025020253,20252026,referee,Brandon Schrader,NYR,NSH,4,2,6,1,1,4,8,4
2025-11-10,2025020253,20252026,linesman,James Tobias,NYR,NSH,4,2,6,1,1,4,8,4
2025-11-10,2025020253,20252026,linesman,CJ Murray,NYR,NSH,4,2,6,1,1,4,8,4
2025-11-10,2025020254,20252026,referee,Tom Chmielewski,EDM,CBJ,4,3,7,3,1,3,8,6
2025-11-10,2025020254,20252026,referee,Jordan Samuels-Thomas,EDM,CBJ,4,3,7,3,1,3,8,6
2025-11-10,2025020254,20252026,linesman,Caleb Apperson,EDM,CBJ,4,3,7,3,1,3,8,6
2025-11-10,2025020254,20252026,linesman,Devin Berg,EDM,CBJ,4,3,7,3,1,3,8,6
2025-11-10,2025020255,20252026,referee,Chris Lee,VGK,FLA,4,4,8,0,6,2,8,8
2025-11-10,2025020255,20252026,referee,Stephen Hiff,VGK,FLA,4,4,8,0,6,2,8,8
2025-11-10,2025020255,20252026,linesman,Libor Suchanek,VGK,FLA,4,4,8,0,6,2,8,8
2025-11-10,2025020255,20252026,linesman,Tommy Hughes,VGK,FLA,4,4,8,0,6,2,8,8
2025-11-11,2025020256,20252026,referee,Eric Furlatt,BOS,TOR,7,8,15,4,4,7,14,16
2025-11-11,2025020256,20252026,referee,Justin Kea,BOS,TOR,7,8,15,4,4,7,14,16
2025-11-11,2025020256,20252026,linesman,James Tobias,BOS,TOR,7,8,15,4,4,7,14,16
2025-11-11,2025020256,20252026,linesman,Matt MacPherson,BOS,TOR,7,8,15,4,4,7,14,16
2025-11-11,2025020257,20252026,referee,Francois St-Laurent,MTL,LAK,3,3,6,4,2,0,6,6
2025-11-11,2025020257,20252026,referee,Michael Markovic,MTL,LAK,3,3,6,4,2,0,6,6
2025-11-11,2025020257,20252026,linesman,Kyle Flemington,MTL,LAK,3,3,6,4,2,0,6,6
2025-11-11,2025020257,20252026,linesman,Michel Cormier,MTL,LAK,3,3,6,4,2,0,6,6
2025-11-11,2025020258,20252026,referee,Kyle Rehman,OTT,DAL,3,2,5,2,1,2,6,4
2025-11-11,2025020258,20252026,referee,Riley Brace,OTT,DAL,3,2,5,2,1,2,6,4
2025-11-11,2025020258,20252026,linesman,Bevan Mills,OTT,DAL,3,2,5,2,1,2,6,4
2025-11-11,2025020258,20252026,linesman,Ryan Daisy,OTT,DAL,3,2,5,2,1,2,6,4
2025-11-11,2025020259,20252026,referee,Graham Skilliter,CAR,WSH,6,6,12,6,2,4,12,12
2025-11-11,2025020259,20252026,referee,Brandon Schrader,CAR,WSH,6,6,12,6,2,4,12,12
2025-11-11,2025020259,20252026,linesman,Ryan Jackson,CAR,WSH,6,6,12,6,2,4,12,12
2025-11-11,2025020259,20252026,linesman,Jonny Murray,CAR,WSH,6,6,12,6,2,4,12,12
2025-11-11,2025020260,20252026,referee,Jon McIsaac,STL,CGY,2,3,5,1,4,0,4,6
2025-11-11,2025020260,20252026,referee,Beau Halkidis,STL,CGY,2,3,5,1,4,0,4,6
2025-11-11,2025020260,20252026,linesman,Jesse Marquis,STL,CGY,2,3,5,1,4,0,4,6
2025-11-11,2025020260,20252026,linesman,Kilian McNamara,STL,CGY,2,3,5,1,4,0,4,6
2025-11-11,2025020261,20252026,referee,Garrett Rank,MIN,SJS,3,4,7,2,4,1,6,8
2025-11-11,2025020261,20252026,referee,Mitch Dunning,MIN,SJS,3,4,7,2,4,1,6,8
2025-11-11,2025020261,20252026,linesman,Steve Barton,MIN,SJS,3,4,7,2,4,1,6,8
2025-11-11,2025020261,20252026,linesman,Mark Shewchyk,MIN,SJS,3,4,7,2,4,1,6,8
2025-11-11,2025020262,20252026,referee,Chris Schlenker,COL,ANA,3,5,8,4,1,3,6,10
2025-11-11,2025020262,20252026,referee,Jean Hebert,COL,ANA,3,5,8,4,1,3,6,10
2025-11-11,2025020262,20252026,linesman,Libor Suchanek,COL,ANA,3,5,8,4,1,3,6,10
2025-11-11,2025020262,20252026,linesman,Travis Gawryletz,COL,ANA,3,5,8,4,1,3,6,10
2025-11-11,2025020263,20252026,referee,Tom Chmielewski,VAN,WPG,4,2,6,2,4,0,8,4
2025-11-11,2025020263,20252026,referee,Graedy Hamilton,VAN,WPG,4,2,6,2,4,0,8,4
2025-11-11,2025020263,20252026,linesman,Shandor Alphonso,VAN,WPG,4,2,6,2,4,0,8,4
2025-11-11,2025020263,20252026,linesman,Caleb Apperson,VAN,WPG,4,2,6,2,4,0,8,4
2025-11-11,2025020264,20252026,referee,Kelly Sutherland,SEA,CBJ,4,2,6,0,5,1,8,4
2025-11-11,2025020264,20252026,referee,Corey Syvret,SEA,CBJ,4,2,6,0,5,1,8,4
2025-11-11,2025020264,20252026,linesman,Trent Knorr,SEA,CBJ,4,2,6,0,5,1,8,4
2025-11-11,2025020264,20252026,linesman,Kiel Murchison,SEA,CBJ,4,2,6,0,5,1,8,4
2025-11-12,2025020265,20252026,referee,Gord Dwyer,TBL,NYR,4,4,8,2,1,5,8,8
2025-11-12,2025020265,20252026,referee,Brandon Schrader,TBL,NYR,4,4,8,2,1,5,8,8
2025-11-12,2025020265,20252026,linesman,Julien Fournier,TBL,NYR,4,4,8,2,1,5,8,8
2025-11-12,2025020265,20252026,linesman,Ben O'Quinn,TBL,NYR,4,4,8,2,1,5,8,8
2025-11-12,2025020266,20252026,referee,Jake Brenk,PHI,EDM,3,4,7,1,1,5,6,8
2025-11-12,2025020266,20252026,referee,Carter Sandlak,PHI,EDM,3,4,7,1,1,5,6,8
2025-11-12,2025020266,20252026,linesman,Brandon Grillo,PHI,EDM,3,4,7,1,1,5,6,8
2025-11-12,2025020266,20252026,linesman,David Brisebois,PHI,EDM,3,4,7,1,1,5,6,8
2025-11-12,2025020267,20252026,referee,Kelly Sutherland,UTA,BUF,2,2,4,3,0,1,4,4
2025-11-12,2025020267,20252026,referee,Jordan Samuels-Thomas,UTA,BUF,2,2,4,3,0,1,4,4
2025-11-12,2025020267,20252026,linesman,Tommy Hughes,UTA,BUF,2,2,4,3,0,1,4,4
2025-11-12,2025020267,20252026,linesman,Jonathan Deschamps,UTA,BUF,2,2,4,3,0,1,4,4
2025-11-12,2025020268,20252026,referee,Jon McIsaac,CHI,NJD,1,3,4,3,1,0,2,6
2025-11-12,2025020268,20252026,referee,Garrett Rank,CHI,NJD,1,3,4,3,1,0,2,6
2025-11-12,2025020268,20252026,linesman,Shawn Oliver,CHI,NJD,1,3,4,3,1,0,2,6
2025-11-12,2025020268,20252026,linesman,Brad Kovachik,CHI,NJD,1,3,4,3,1,0,2,6
2025-11-13,2025020269,20252026,referee,Kendrick Nicholson,TOR,LAK,2,1,3,2,1,0,4,2
2025-11-13,2025020269,20252026,referee,Brandon Blandina,TOR,LAK,2,1,3,2,1,0,4,2
2025-11-13,2025020269,20252026,linesman,Shandor Alphonso,TOR,LAK,2,1,3,2,1,0,4,2
2025-11-13,2025020269,20252026,linesman,Devin Berg,TOR,LAK,2,1,3,2,1,0,4,2
2025-11-13,2025020270,20252026,referee,Kyle Rehman,MTL,DAL,5,4,9,2,3,4,10,8
2025-11-13,2025020270,20252026,referee,Eric Furlatt,MTL,DAL,5,4,9,2,3,4,10,8
2025-11-13,2025020270,20252026,linesman,Kyle Flemington,MTL,DAL,5,4,9,2,3,4,10,8
2025-11-13,2025020270,20252026,linesman,Matt MacPherson,MTL,DAL,5,4,9,2,3,4,10,8
2025-11-13,2025020271,20252026,referee,Francois St-Laurent,OTT,BOS,2,2,4,2,1,1,4,4
2025-11-13,2025020271,20252026,referee,Michael Markovic,OTT,BOS,2,2,4,2,1,1,4,4
2025-11-13,2025020271,20252026,linesman,Bevan Mills,OTT,BOS,2,2,4,2,1,1,4,4
2025-11-13,2025020271,20252026,linesman,Michel Cormier,OTT,BOS,2,2,4,2,1,1,4,4
2025-11-13,2025020272,20252026,referee,Jon McIsaac,DET,ANA,6,7,13,7,4,2,12,14
2025-11-13,2025020272,20252026,referee,Peter MacDougall,DET,ANA,6,7,13,7,4,2,12,14
2025-11-13,2025020272,20252026,linesman,Andrew Smith,DET,ANA,6,7,13,7,4,2,12,14
2025-11-13,2025020272,20252026,linesman,Mark Shewchyk,DET,ANA,6,7,13,7,4,2,12,14
2025-11-13,2025020273,20252026,referee,Gord Dwyer,FLA,WSH,2,5,7,1,3,3,4,10
2025-11-13,2025020273,20252026,referee,Graham Skilliter,FLA,WSH,2,5,7,1,3,3,4,10
2025-11-13,2025020273,20252026,linesman,Julien Fournier,FLA,WSH,2,5,7,1,3,3,4,10
2025-11-13,2025020273,20252026,linesman,Jonny Murray,FLA,WSH,2,5,7,1,3,3,4,10
2025-11-13,2025020274,20252026,referee,Thomas John Luxmore,CBJ,EDM,3,2,5,2,0,3,6,4
2025-11-13,2025020274,20252026,referee,Liam Maaskant,CBJ,EDM,3,2,5,2,0,3,6,4
2025-11-13,2025020274,20252026,linesman,Shawn Oliver,CBJ,EDM,3,2,5,2,0,3,6,4
2025-11-13,2025020274,20252026,linesman,Brad Kovachik,CBJ,EDM,3,2,5,2,0,3,6,4
2025-11-13,2025020275,20252026,referee,Jean Hebert,COL,BUF,4,2,6,1,3,2,8,4
2025-11-13,2025020275,20252026,referee,Riley Brace,COL,BUF,4,2,6,1,3,2,8,4
2025-11-13,2025020275,20252026,linesman,Libor Suchanek,COL,BUF,4,2,6,1,3,2,8,4
2025-11-13,2025020275,20252026,linesman,Kilian McNamara,COL,BUF,4,2,6,1,3,2,8,4
2025-11-13,2025020276,20252026,referee,Furman South,CGY,SJS,2,3,5,1,2,2,4,6
2025-11-13,2025020276,20252026,referee,Tom Chmielewski,CGY,SJS,2,3,5,1,2,2,4,6
2025-11-13,2025020276,20252026,linesman,Kiel Murchison,CGY,SJS,2,3,5,1,2,2,4,6
2025-11-13,2025020276,20252026,linesman,Travis Toomey,CGY,SJS,2,3,5,1,2,2,4,6
2025-11-13,2025020277,20252026,referee,Chris Schlenker,VGK,NYI,5,4,9,2,5,2,10,8
2025-11-13,2025020277,20252026,referee,Cody Beach,VGK,NYI,5,4,9,2,5,2,10,8
2025-11-13,2025020277,20252026,linesman,Travis Gawryletz,VGK,NYI,5,4,9,2,5,2,10,8
2025-11-13,2025020277,20252026,linesman,Jonathan Deschamps,VGK,NYI,5,4,9,2,5,2,10,8
2025-11-13,2025020278,20252026,referee,Francis Charron,SEA,WPG,3,3,6,1,3,2,6,6
2025-11-13,2025020278,20252026,referee,Mitch Dunning,SEA,WPG,3,3,6,1,3,2,6,6
2025-11-13,2025020278,20252026,linesman,Tommy Hughes,SEA,WPG,3,3,6,1,3,2,6,6
2025-11-13,2025020278,20252026,linesman,Caleb Apperson,SEA,WPG,3,3,6,1,3,2,6,6
2025-11-14,2025020281,20252026,referee,Trevor Hanson,NSH,PIT,2,1,3,2,1,0,4,2
2025-11-14,2025020281,20252026,referee,Frederick L'Ecuyer,NSH,PIT,2,1,3,2,1,0,4,2
2025-11-14,2025020281,20252026,linesman,Ryan Gibbons,NSH,PIT,2,1,3,2,1,0,4,2
2025-11-14,2025020281,20252026,linesman,Tyson Baker,NSH,PIT,2,1,3,2,1,0,4,2
2025-11-14,2025020279,20252026,referee,Pierre Lambert,CAR,VAN,2,2,4,2,2,0,4,4
2025-11-14,2025020279,20252026,referee,Carter Sandlak,CAR,VAN,2,2,4,2,2,0,4,4
2025-11-14,2025020279,20252026,linesman,CJ Murray,CAR,VAN,2,2,4,2,2,0,4,4
2025-11-14,2025020279,20252026,linesman,Ben O'Quinn,CAR,VAN,2,2,4,2,2,0,4,4
2025-11-14,2025020280,20252026,referee,Wes McCauley,STL,PHI,1,1,2,0,2,0,2,2
2025-11-14,2025020280,20252026,referee,Peter MacDougall,STL,PHI,1,1,2,0,2,0,2,2
2025-11-14,2025020280,20252026,linesman,Andrew Smith,STL,PHI,1,1,2,0,2,0,2,2
2025-11-14,2025020280,20252026,linesman,Mark Shewchyk,STL,PHI,1,1,2,0,2,0,2,2
2025-11-14,2025020282,20252026,referee,Francis Charron,UTA,NYI,4,6,10,5,2,3,8,12
2025-11-14,2025020282,20252026,referee,Cody Beach,UTA,NYI,4,6,10,5,2,3,8,12
2025-11-14,2025020282,20252026,linesman,Travis Gawryletz,UTA,NYI,4,6,10,5,2,3,8,12
2025-11-14,2025020282,20252026,linesman,Kilian McNamara,UTA,NYI,4,6,10,5,2,3,8,12
2025-11-15,2025020283,20252026,referee,Jon McIsaac,FLA,TBL,7,8,15,1,5,9,14,16
2025-11-15,2025020283,20252026,referee,Graham Skilliter,FLA,TBL,7,8,15,1,5,9,14,16
2025-11-15,2025020283,20252026,linesman,Ryan Daisy,FLA,TBL,7,8,15,1,5,9,14,16
2025-11-15,2025020283,20252026,linesman,Jonny Murray,FLA,TBL,7,8,15,1,5,9,14,16
2025-11-15,2025020284,20252026,referee,Jake Brenk,MIN,ANA,2,7,9,3,1,5,4,14
2025-11-15,2025020284,20252026,referee,Morgan MacPhee,MIN,ANA,2,7,9,3,1,5,4,14
2025-11-15,2025020284,20252026,linesman,James Tobias,MIN,ANA,2,7,9,3,1,5,4,14
2025-11-15,2025020284,20252026,linesman,Jonathan Deschamps,MIN,ANA,2,7,9,3,1,5,4,14
2025-11-15,2025020285,20252026,referee,Francois St-Laurent,MTL,BOS,8,10,18,7,6,5,16,20
2025-11-15,2025020285,20252026,referee,Kendrick Nicholson,MTL,BOS,8,10,18,7,6,5,16,20
2025-11-15,2025020285,20252026,linesman,Shandor Alphonso,MTL,BOS,8,10,18,7,6,5,16,20
2025-11-15,2025020285,20252026,linesman,Devin Berg,MTL,BOS,8,10,18,7,6,5,16,20
2025-11-15,2025020286,20252026,referee,Eric Furlatt,OTT,LAK,3,2,5,2,0,3,6,4
2025-11-15,2025020286,20252026,referee,Brandon Blandina,OTT,LAK,3,2,5,2,0,3,6,4
2025-11-15,2025020286,20252026,linesman,Steve Barton,OTT,LAK,3,2,5,2,0,3,6,4
2025-11-15,2025020286,20252026,linesman,Shawn Oliver,OTT,LAK,3,2,5,2,0,3,6,4
2025-11-15,2025020287,20252026,referee,Corey Syvret,DET,BUF,4,5,9,0,5,4,8,10
2025-11-15,2025020287,20252026,referee,Michael Markovic,DET,BUF,4,5,9,0,5,4,8,10
2025-11-15,2025020287,20252026,linesman,Kyle Flemington,DET,BUF,4,5,9,0,5,4,8,10
2025-11-15,2025020287,20252026,linesman,Jeremy Faucher,DET,BUF,4,5,9,0,5,4,8,10
2025-11-15,2025020288,20252026,referee,Kyle Rehman,WSH,NJD,3,1,4,3,1,0,6,2
2025-11-15,2025020288,20252026,referee,Beau Halkidis,WSH,NJD,3,1,4,3,1,0,6,2
2025-11-15,2025020288,20252026,linesman,Libor Suchanek,WSH,NJD,3,1,4,3,1,0,6,2
2025-11-15,2025020288,20252026,linesman,Ryan Jackson,WSH,NJD,3,1,4,3,1,0,6,2
2025-11-15,2025020289,20252026,referee,Pierre Lambert,CAR,EDM,1,2,3,1,2,0,2,4
2025-11-15,2025020289,20252026,referee,Carter Sandlak,CAR,EDM,1,2,3,1,2,0,2,4
2025-11-15,2025020289,20252026,linesman,CJ Murray,CAR,EDM,1,2,3,1,2,0,2,4
2025-11-15,2025020289,20252026,linesman,Ben O'Quinn,CAR,EDM,1,2,3,1,2,0,2,4
2025-11-15,2025020290,20252026,referee,Thomas John Luxmore,CBJ,NYR,2,2,4,0,4,0,4,4
2025-11-15,2025020290,20252026,referee,Justin Kea,CBJ,NYR,2,2,4,0,4,0,4,4
2025-11-15,2025020290,20252026,linesman,Julien Fournier,CBJ,NYR,2,2,4,0,4,0,4,4
2025-11-15,2025020290,20252026,linesman,Jesse Marquis,CBJ,NYR,2,2,4,0,4,0,4,4
2025-11-15,2025020291,20252026,referee,Wes McCauley,CHI,TOR,3,2,5,0,3,2,6,4
2025-11-15,2025020291,20252026,referee,Graedy Hamilton,CHI,TOR,3,2,5,0,3,2,6,4
2025-11-15,2025020291,20252026,linesman,Tommy Hughes,CHI,TOR,3,2,5,0,3,2,6,4
2025-11-15,2025020291,20252026,linesman,Dan Kelly,CHI,TOR,3,2,5,0,3,2,6,4
2025-11-15,2025020292,20252026,referee,Gord Dwyer,STL,VGK,3,2,5,1,2,2,6,4
2025-11-15,2025020292,20252026,referee,Stephen Hiff,STL,VGK,3,2,5,1,2,2,6,4
2025-11-15,2025020292,20252026,linesman,Andrew Smith,STL,VGK,3,2,5,1,2,2,6,4
2025-11-15,2025020293,20252026,referee,Tom Chmielewski,DAL,PHI,1,2,3,1,1,1,2,4
2025-11-15,2025020293,20252026,referee,Chris Lee,DAL,PHI,1,2,3,1,1,1,2,4
2025-11-15,2025020293,20252026,linesman,Travis Toomey,DAL,PHI,1,2,3,1,1,1,2,4
2025-11-15,2025020293,20252026,linesman,Mark Shewchyk,DAL,PHI,1,2,3,1,1,1,2,4
2025-11-15,2025020294,20252026,referee,Chris Schlenker,CGY,WPG,1,2,3,1,0,2,2,4
2025-11-15,2025020294,20252026,referee,Furman South,CGY,WPG,1,2,3,1,0,2,2,4
2025-11-15,2025020294,20252026,linesman,Trent Knorr,CGY,WPG,1,2,3,1,0,2,2,4
2025-11-15,2025020294,20252026,linesman,Caleb Apperson,CGY,WPG,1,2,3,1,0,2,2,4
2025-11-15,2025020295,20252026,referee,Jean Hebert,SEA,SJS,6,2,8,1,3,4,12,4
2025-11-15,2025020295,20252026,referee,Mitch Dunning,SEA,SJS,6,2,8,1,3,4,12,4
2025-11-15,2025020295,20252026,linesman,Bevan Mills,SEA,SJS,6,2,8,1,3,4,12,4
2025-11-15,2025020295,20252026,linesman,Travis Gawryletz,SEA,SJS,6,2,8,1,3,4,12,4
2025-11-16,2025020296,20252026,referee,Trevor Hanson,PIT,NSH,4,0,4,0,3,1,8,0
2025-11-16,2025020296,20252026,referee,Frederick L'Ecuyer,PIT,NSH,4,0,4,0,3,1,8,0
2025-11-16,2025020296,20252026,linesman,Ryan Gibbons,PIT,NSH,4,0,4,0,3,1,8,0
2025-11-16,2025020296,20252026,linesman,Tyson Baker,PIT,NSH,4,0,4,0,3,1,8,0
2025-11-16,2025020297,20252026,referee,Jon McIsaac,TBL,VAN,4,4,8,0,4,4,8,8
2025-11-16,2025020297,20252026,referee,Peter MacDougall,TBL,VAN,4,4,8,0,4,4,8,8
2025-11-16,2025020297,20252026,linesman,Ryan Daisy,TBL,VAN,4,4,8,0,4,4,8,8
2025-11-16,2025020297,20252026,linesman,Matt MacPherson,TBL,VAN,4,4,8,0,4,4,8,8
2025-11-16,2025020298,20252026,referee,Cody Beach,MIN,VGK,4,3,7,4,2,1,8,6
2025-11-16,2025020298,20252026,referee,Jake Brenk,MIN,VGK,4,3,7,4,2,1,8,6
2025-11-16,2025020298,20252026,linesman,James Tobias,MIN,VGK,4,3,7,4,2,1,8,6
2025-11-16,2025020298,20252026,linesman,Dan Kelly,MIN,VGK,4,3,7,4,2,1,8,6
2025-11-16,2025020299,20252026,referee,Kelly Sutherland,NYR,DET,6,2,8,1,4,3,12,4
2025-11-16,2025020299,20252026,referee,Justin Kea,NYR,DET,6,2,8,1,4,3,12,4
2025-11-16,2025020299,20252026,linesman,Ryan Jackson,NYR,DET,6,2,8,1,4,3,12,4
2025-11-16,2025020299,20252026,linesman,David Brisebois,NYR,DET,6,2,8,1,4,3,12,4
2025-11-16,2025020300,20252026,referee,Francis Charron,COL,NYI,4,3,7,1,3,3,8,6
2025-11-16,2025020300,20252026,referee,Chris Lee,COL,NYI,4,3,7,1,3,3,8,6
2025-11-16,2025020300,20252026,linesman,Dylan Blujus,COL,NYI,4,3,7,1,3,3,8,6
2025-11-16,2025020300,20252026,linesman,Travis Toomey,COL,NYI,4,3,7,1,3,3,8,6
2025-11-17,2025020301,20252026,referee,Garrett Rank,BOS,CAR,3,5,8,2,1,5,6,10
2025-11-17,2025020301,20252026,referee,Mike Sullivan,BOS,CAR,3,5,8,2,1,5,6,10
2025-11-17,2025020301,20252026,linesman,Jesse Marquis,BOS,CAR,3,5,8,2,1,5,6,10
2025-11-17,2025020301,20252026,linesman,David Brisebois,BOS,CAR,3,5,8,2,1,5,6,10
2025-11-17,2025020302,20252026,referee,Corey Syvret,BUF,EDM,1,2,3,3,0,0,2,4
2025-11-17,2025020302,20252026,referee,Kendrick Nicholson,BUF,EDM,1,2,3,3,0,0,2,4
2025-11-17,2025020302,20252026,linesman,Shandor Alphonso,BUF,EDM,1,2,3,3,0,0,2,4
2025-11-17,2025020302,20252026,linesman,Kyle Flemington,BUF,EDM,1,2,3,3,0,0,2,4
2025-11-17,2025020303,20252026,referee,Jordan Samuels-Thomas,FLA,VAN,9,9,18,4,8,6,18,18
2025-11-17,2025020303,20252026,referee,Peter MacDougall,FLA,VAN,9,9,18,4,8,6,18,18
2025-11-17,2025020303,20252026,linesman,Ryan Daisy,FLA,VAN,9,9,18,4,8,6,18,18
2025-11-17,2025020303,20252026,linesman,Matt MacPherson,FLA,VAN,9,9,18,4,8,6,18,18
2025-11-17,2025020304,20252026,referee,Pierre Lambert,WSH,LAK,3,2,5,1,2,2,6,4
2025-11-17,2025020304,20252026,referee,Carter Sandlak,WSH,LAK,3,2,5,1,2,2,6,4
2025-11-17,2025020304,20252026,linesman,Libor Suchanek,WSH,LAK,3,2,5,1,2,2,6,4
2025-11-17,2025020304,20252026,linesman,Brandon Grillo,WSH,LAK,3,2,5,1,2,2,6,4
2025-11-17,2025020305,20252026,referee,Wes McCauley,CBJ,MTL,0,2,2,0,2,0,0,4
2025-11-17,2025020305,20252026,referee,Brandon Blandina,CBJ,MTL,0,2,2,0,2,0,0,4
2025-11-17,2025020305,20252026,linesman,Julien Fournier,CBJ,MTL,0,2,2,0,2,0,0,4
2025-11-17,2025020305,20252026,linesman,Ryan Jackson,CBJ,MTL,0,2,2,0,2,0,0,4
2025-11-17,2025020306,20252026,referee,Chris Lee,ANA,UTA,2,2,4,3,1,0,4,4
2025-11-17,2025020306,20252026,referee,Brandon Schrader,ANA,UTA,2,2,4,3,1,0,4,4
2025-11-17,2025020306,20252026,linesman,Travis Gawryletz,ANA,UTA,2,2,4,3,1,0,4,4
2025-11-17,2025020306,20252026,linesman,Kiel Murchison,ANA,UTA,2,2,4,3,1,0,4,4
2025-11-18,2025020307,20252026,referee,Corey Syvret,TOR,STL,3,3,6,3,2,1,6,6
2025-11-18,2025020307,20252026,referee,Michael Markovic,TOR,STL,3,3,6,3,2,1,6,6
2025-11-18,2025020307,20252026,linesman,Shandor Alphonso,TOR,STL,3,3,6,3,2,1,6,6
2025-11-18,2025020307,20252026,linesman,Michel Cormier,TOR,STL,3,3,6,3,2,1,6,6
2025-11-18,2025020308,20252026,referee,Jake Brenk,DET,SEA,2,2,4,1,2,1,4,4
2025-11-18,2025020308,20252026,referee,Kendrick Nicholson,DET,SEA,2,2,4,1,2,1,4,4
2025-11-18,2025020308,20252026,linesman,CJ Murray,DET,SEA,2,2,4,1,2,1,4,4
2025-11-18,2025020308,20252026,linesman,Dan Kelly,DET,SEA,2,2,4,1,2,1,4,4
2025-11-18,2025020309,20252026,referee,Thomas John Luxmore,TBL,NJD,5,4,9,2,2,5,10,8
2025-11-18,2025020309,20252026,referee,Jordan Samuels-Thomas,TBL,NJD,5,4,9,2,2,5,10,8
2025-11-18,2025020309,20252026,linesman,Steve Barton,TBL,NJD,5,4,9,2,2,5,10,8
2025-11-18,2025020309,20252026,linesman,Tommy Hughes,TBL,NJD,5,4,9,2,2,5,10,8
2025-11-18,2025020310,20252026,referee,Gord Dwyer,DAL,NYI,2,3,5,0,0,5,4,6
2025-11-18,2025020310,20252026,referee,Stephen Hiff,DAL,NYI,2,3,5,0,0,5,4,6
2025-11-18,2025020310,20252026,linesman,Ben O'Quinn,DAL,NYI,2,3,5,0,0,5,4,6
2025-11-18,2025020310,20252026,linesman,Jonny Murray,DAL,NYI,2,3,5,0,0,5,4,6
2025-11-18,2025020311,20252026,referee,Chris Schlenker,WPG,CBJ,1,2,3,1,1,1,2,4
2025-11-18,2025020311,20252026,referee,Cody Beach,WPG,CBJ,1,2,3,1,1,1,2,4
2025-11-18,2025020311,20252026,linesman,Bevan Mills,WPG,CBJ,1,2,3,1,1,1,2,4
2025-11-18,2025020311,20252026,linesman,Travis Toomey,WPG,CBJ,1,2,3,1,1,1,2,4
2025-11-18,2025020312,20252026,referee,Kelly Sutherland,CHI,CGY,5,6,11,3,3,5,10,12
2025-11-18,2025020312,20252026,referee,Beau Halkidis,CHI,CGY,5,6,11,3,3,5,10,12
2025-11-18,2025020312,20252026,linesman,James Tobias,CHI,CGY,5,6,11,3,3,5,10,12
2025-11-18,2025020312,20252026,linesman,Shawn Oliver,CHI,CGY,5,6,11,3,3,5,10,12
2025-11-18,2025020313,20252026,referee,Francis Charron,VGK,NYR,1,2,3,1,1,1,2,4
2025-11-18,2025020313,20252026,referee,Kyle Rehman,VGK,NYR,1,2,3,1,1,1,2,4
2025-11-18,2025020313,20252026,linesman,Brandon Gawryletz,VGK,NYR,1,2,3,1,1,1,2,4
2025-11-18,2025020313,20252026,linesman,Kiel Murchison,VGK,NYR,1,2,3,1,1,1,2,4
2025-11-18,2025020314,20252026,referee,Eric Furlatt,SJS,UTA,2,4,6,1,3,2,4,8
2025-11-18,2025020314,20252026,referee,Brandon Schrader,SJS,UTA,2,4,6,1,3,2,4,8
2025-11-18,2025020314,20252026,linesman,Trent Knorr,SJS,UTA,2,4,6,1,3,2,4,8
2025-11-18,2025020314,20252026,linesman,Caleb Apperson,SJS,UTA,2,4,6,1,3,2,4,8
2025-11-19,2025020315,20252026,referee,Garrett Rank,WSH,EDM,3,1,4,1,1,2,6,2
2025-11-19,2025020315,20252026,referee,Francois St-Laurent,WSH,EDM,3,1,4,1,1,2,6,2
2025-11-19,2025020315,20252026,linesman,Ryan Daisy,WSH,EDM,3,1,4,1,1,2,6,2
2025-11-19,2025020315,20252026,linesman,Matt MacPherson,WSH,EDM,3,1,4,1,1,2,6,2
2025-11-19,2025020316,20252026,referee,Wes McCauley,BUF,CGY,1,3,4,2,2,0,2,6
2025-11-19,2025020316,20252026,referee,Carter Sandlak,BUF,CGY,1,3,4,2,2,0,2,6
2025-11-19,2025020316,20252026,linesman,Jesse Marquis,BUF,CGY,1,3,4,2,2,0,2,6
2025-11-19,2025020316,20252026,linesman,Devin Berg,BUF,CGY,1,3,4,2,2,0,2,6
2025-11-19,2025020317,20252026,referee,Chris Lee,MIN,CAR,2,1,3,2,1,0,4,2
2025-11-19,2025020317,20252026,referee,Justin Kea,MIN,CAR,2,1,3,2,1,0,4,2
2025-11-19,2025020317,20252026,linesman,Libor Suchanek,MIN,CAR,2,1,3,2,1,0,4,2
2025-11-19,2025020317,20252026,linesman,Mark Shewchyk,MIN,CAR,2,1,3,2,1,0,4,2
2025-11-19,2025020318,20252026,referee,Kyle Rehman,ANA,BOS,2,3,5,2,1,2,4,6
2025-11-19,2025020318,20252026,referee,Brandon Schrader,ANA,BOS,2,3,5,2,1,2,4,6
2025-11-19,2025020318,20252026,linesman,Trent Knorr,ANA,BOS,2,3,5,2,1,2,4,6
2025-11-19,2025020318,20252026,linesman,Caleb Apperson,ANA,BOS,2,3,5,2,1,2,4,6
2025-11-20,2025020319,20252026,referee,Furman South,TOR,CBJ,2,2,4,3,0,1,4,4
2025-11-20,2025020319,20252026,referee,Peter MacDougall,TOR,CBJ,2,2,4,3,0,1,4,4
2025-11-20,2025020319,20252026,linesman,Tyson Baker,TOR,CBJ,2,2,4,3,0,1,4,4
2025-11-20,2025020319,20252026,linesman,David Brisebois,TOR,CBJ,2,2,4,3,0,1,4,4
2025-11-20,2025020320,20252026,referee,Corey Syvret,MTL,WSH,6,5,11,9,0,2,12,10
2025-11-20,2025020320,20252026,referee,Jake Brenk,MTL,WSH,6,5,11,9,0,2,12,10
2025-11-20,2025020320,20252026,linesman,Michel Cormier,MTL,WSH,6,5,11,9,0,2,12,10
2025-11-20,2025020320,20252026,linesman,Jonathan Deschamps,MTL,WSH,6,5,11,9,0,2,12,10
2025-11-20,2025020321,20252026,referee,Garrett Rank,DET,NYI,6,3,9,4,2,3,12,6
2025-11-20,2025020321,20252026,referee,Mitch Dunning,DET,NYI,6,3,9,4,2,3,12,6
2025-11-20,2025020321,20252026,linesman,Libor Suchanek,DET,NYI,6,3,9,4,2,3,12,6
2025-11-20,2025020321,20252026,linesman,Jesse Marquis,DET,NYI,6,3,9,4,2,3,12,6
2025-11-20,2025020323,20252026,referee,Tom Chmielewski,FLA,NJD,2,1,3,0,2,1,4,2
2025-11-20,2025020323,20252026,referee,Thomas John Luxmore,FLA,NJD,2,1,3,0,2,1,4,2
2025-11-20,2025020323,20252026,linesman,Steve Barton,FLA,NJD,2,1,3,0,2,1,4,2
2025-11-20,2025020323,20252026,linesman,Tommy Hughes,FLA,NJD,2,1,3,0,2,1,4,2
2025-11-20,2025020324,20252026,referee,Jon McIsaac,PHI,STL,2,2,4,2,1,1,4,4
2025-11-20,2025020324,20252026,referee,Mike Sullivan,PHI,STL,2,2,4,2,1,1,4,4
2025-11-20,2025020324,20252026,linesman,Dylan Blujus,PHI,STL,2,2,4,2,1,1,4,4
2025-11-20,2025020324,20252026,linesman,Ryan Daisy,PHI,STL,2,2,4,2,1,1,4,4
2025-11-20,2025020322,20252026,referee,Kelly Sutherland,TBL,EDM,2,3,5,3,2,0,4,6
2025-11-20,2025020322,20252026,referee,Jordan Samuels-Thomas,TBL,EDM,2,3,5,3,2,0,4,6
2025-11-20,2025020322,20252026,linesman,Andrew Smith,TBL,EDM,2,3,5,3,2,0,4,6
2025-11-20,2025020322,20252026,linesman,Julien Fournier,TBL,EDM,2,3,5,3,2,0,4,6
2025-11-20,2025020325,20252026,referee,Jean Hebert,CHI,SEA,3,2,5,1,2,2,6,4
2025-11-20,2025020325,20252026,referee,Justin Kea,CHI,SEA,3,2,5,1,2,2,6,4
2025-11-20,2025020325,20252026,linesman,CJ Murray,CHI,SEA,3,2,5,1,2,2,6,4
2025-11-20,2025020325,20252026,linesman,Jonny Murray,CHI,SEA,3,2,5,1,2,2,6,4
2025-11-20,2025020326,20252026,referee,Gord Dwyer,COL,NYR,2,6,8,3,1,4,4,12
2025-11-20,2025020326,20252026,referee,Michael Markovic,COL,NYR,2,6,8,3,1,4,4,12
2025-11-20,2025020326,20252026,linesman,Travis Gawryletz,COL,NYR,2,6,8,3,1,4,4,12
2025-11-20,2025020326,20252026,linesman,Brandon Grillo,COL,NYR,2,6,8,3,1,4,4,12
2025-11-20,2025020327,20252026,referee,Eric Furlatt,UTA,VGK,6,5,11,1,8,2,12,10
2025-11-20,2025020327,20252026,referee,Liam Maaskant,UTA,VGK,6,5,11,1,8,2,12,10
2025-11-20,2025020327,20252026,linesman,Kiel Murchison,UTA,VGK,6,5,11,1,8,2,12,10
2025-11-20,2025020327,20252026,linesman,Ryan Jackson,UTA,VGK,6,5,11,1,8,2,12,10
2025-11-20,2025020328,20252026,referee,Chris Schlenker,VAN,DAL,2,5,7,2,3,2,4,10
2025-11-20,2025020328,20252026,referee,Morgan MacPhee,VAN,DAL,2,5,7,2,3,2,4,10
2025-11-20,2025020328,20252026,linesman,Bevan Mills,VAN,DAL,2,5,7,2,3,2,4,10
2025-11-20,2025020328,20252026,linesman,Travis Toomey,VAN,DAL,2,5,7,2,3,2,4,10
2025-11-20,2025020329,20252026,referee,Trevor Hanson,ANA,OTT,3,2,5,2,3,0,6,4
2025-11-20,2025020329,20252026,referee,Graedy Hamilton,ANA,OTT,3,2,5,2,3,0,6,4
2025-11-20,2025020329,20252026,linesman,Brandon Gawryletz,ANA,OTT,3,2,5,2,3,0,6,4
2025-11-20,2025020329,20252026,linesman,Trent Knorr,ANA,OTT,3,2,5,2,3,0,6,4
2025-11-20,2025020330,20252026,referee,Francis Charron,SJS,LAK,5,4,9,3,3,3,10,8
2025-11-20,2025020330,20252026,referee,Alex Lepkowski,SJS,LAK,5,4,9,3,3,3,10,8
2025-11-20,2025020330,20252026,linesman,Ryan Gibbons,SJS,LAK,5,4,9,3,3,3,10,8
2025-11-20,2025020330,20252026,linesman,Ben O'Quinn,SJS,LAK,5,4,9,3,3,3,10,8
2025-11-21,2025020331,20252026,referee,Furman South,BUF,CHI,2,2,4,3,1,0,4,4
2025-11-21,2025020331,20252026,referee,Peter MacDougall,BUF,CHI,2,2,4,3,1,0,4,4
2025-11-21,2025020331,20252026,linesman,Jonny Murray,BUF,CHI,2,2,4,3,1,0,4,4
2025-11-21,2025020331,20252026,linesman,David Brisebois,BUF,CHI,2,2,4,3,1,0,4,4
2025-11-21,2025020332,20252026,referee,Jean Hebert,PIT,MIN,3,2,5,3,1,1,6,4
2025-11-21,2025020332,20252026,referee,Kendrick Nicholson,PIT,MIN,3,2,5,3,1,1,6,4
2025-11-21,2025020332,20252026,linesman,Shandor Alphonso,PIT,MIN,3,2,5,3,1,1,6,4
2025-11-21,2025020332,20252026,linesman,Devin Berg,PIT,MIN,3,2,5,3,1,1,6,4
2025-11-21,2025020333,20252026,referee,Graham Skilliter,WPG,CAR,4,4,8,4,2,2,8,8
2025-11-21,2025020333,20252026,referee,Brandon Blandina,WPG,CAR,4,4,8,4,2,2,8,8
2025-11-21,2025020333,20252026,linesman,Shawn Oliver,WPG,CAR,4,4,8,4,2,2,8,8
2025-11-21,2025020333,20252026,linesman,Mark Shewchyk,WPG,CAR,4,4,8,4,2,2,8,8
2025-11-21,2025020334,20252026,referee,Cody Beach,LAK,BOS,2,5,7,3,1,3,4,10
2025-11-21,2025020334,20252026,referee,Eric Furlatt,LAK,BOS,2,5,7,3,1,3,4,10
2025-11-21,2025020334,20252026,linesman,Caleb Apperson,LAK,BOS,2,5,7,3,1,3,4,10
2025-11-21,2025020334,20252026,linesman,Kiel Murchison,LAK,BOS,2,5,7,3,1,3,4,10
2025-11-22,2025020335,20252026,referee,Jon McIsaac,DET,CBJ,5,4,9,5,1,3,10,8
2025-11-22,2025020335,20252026,referee,Kyle Rehman,DET,CBJ,5,4,9,5,1,3,10,8
2025-11-22,2025020335,20252026,linesman,Tyson Baker,DET,CBJ,5,4,9,5,1,3,10,8
2025-11-22,2025020335,20252026,linesman,Jeremy Faucher,DET,CBJ,5,4,9,5,1,3,10,8
2025-11-22,2025020336,20252026,referee,Thomas John Luxmore,NYI,STL,1,3,4,2,0,2,2,6
2025-11-22,2025020336,20252026,referee,Jake Brenk,NYI,STL,1,3,4,2,0,2,2,6
2025-11-22,2025020336,20252026,linesman,Matt MacPherson,NYI,STL,1,3,4,2,0,2,2,6
2025-11-22,2025020336,20252026,linesman,Jesse Marquis,NYI,STL,1,3,4,2,0,2,2,6
2025-11-22,2025020337,20252026,referee,Chris Lee,MTL,TOR,5,5,10,4,3,3,10,10
2025-11-22,2025020337,20252026,referee,Justin Kea,MTL,TOR,5,5,10,4,3,3,10,10
2025-11-22,2025020337,20252026,linesman,Libor Suchanek,MTL,TOR,5,5,10,4,3,3,10,10
2025-11-22,2025020337,20252026,linesman,Ryan Daisy,MTL,TOR,5,5,10,4,3,3,10,10
2025-11-22,2025020338,20252026,referee,Wes McCauley,FLA,EDM,5,7,12,3,3,6,10,14
2025-11-22,2025020338,20252026,referee,Frederick L'Ecuyer,FLA,EDM,5,7,12,3,3,6,10,14
2025-11-22,2025020338,20252026,linesman,Andrew Smith,FLA,EDM,5,7,12,3,3,6,10,14
2025-11-22,2025020338,20252026,linesman,Steve Barton,FLA,EDM,5,7,12,3,3,6,10,14
2025-11-22,2025020339,20252026,referee,Jean Hebert,PHI,NJD,4,6,10,7,1,2,8,12
2025-11-22,2025020339,20252026,referee,Corey Syvret,PHI,NJD,4,6,10,7,1,2,8,12
2025-11-22,2025020339,20252026,linesman,James Tobias,PHI,NJD,4,6,10,7,1,2,8,12
2025-11-22,2025020339,20252026,linesman,Michel Cormier,PHI,NJD,4,6,10,7,1,2,8,12
2025-11-22,2025020340,20252026,referee,Kendrick Nicholson,PIT,SEA,3,5,8,4,3,1,6,10
2025-11-22,2025020340,20252026,referee,Stephen Hiff,PIT,SEA,3,5,8,4,3,1,6,10
2025-11-22,2025020340,20252026,linesman,Shandor Alphonso,PIT,SEA,3,5,8,4,3,1,6,10
2025-11-22,2025020340,20252026,linesman,Devin Berg,PIT,SEA,3,5,8,4,3,1,6,10
2025-11-22,2025020341,20252026,referee,Tom Chmielewski,WSH,TBL,3,6,9,3,2,4,6,12
2025-11-22,2025020341,20252026,referee,Mitch Dunning,WSH,TBL,3,6,9,3,2,4,6,12
2025-11-22,2025020341,20252026,linesman,Dylan Blujus,WSH,TBL,3,6,9,3,2,4,6,12
2025-11-22,2025020341,20252026,linesman,Brad Kovachik,WSH,TBL,3,6,9,3,2,4,6,12
2025-11-22,2025020342,20252026,referee,Chris Schlenker,SJS,OTT,5,5,10,4,2,4,10,10
2025-11-22,2025020342,20252026,referee,Gord Dwyer,SJS,OTT,5,5,10,4,2,4,10,10
2025-11-22,2025020342,20252026,linesman,Brandon Gawryletz,SJS,OTT,5,5,10,4,2,4,10,10
2025-11-22,2025020342,20252026,linesman,Ryan Jackson,SJS,OTT,5,5,10,4,2,4,10,10
2025-11-22,2025020343,20252026,referee,Kelly Sutherland,NSH,COL,2,3,5,1,2,2,4,6
2025-11-22,2025020343,20252026,referee,Jordan Samuels-Thomas,NSH,COL,2,3,5,1,2,2,4,6
2025-11-22,2025020343,20252026,linesman,Julien Fournier,NSH,COL,2,3,5,1,2,2,4,6
2025-11-22,2025020343,20252026,linesman,Tommy Hughes,NSH,COL,2,3,5,1,2,2,4,6
2025-11-22,2025020344,20252026,referee,Cody Beach,UTA,NYR,3,2,5,1,2,2,6,4
2025-11-22,2025020344,20252026,referee,Trevor Hanson,UTA,NYR,3,2,5,1,2,2,6,4
2025-11-22,2025020344,20252026,linesman,Ryan Gibbons,UTA,NYR,3,2,5,1,2,2,6,4
2025-11-22,2025020344,20252026,linesman,Trent Knorr,UTA,NYR,3,2,5,1,2,2,6,4
2025-11-22,2025020345,20252026,referee,Francois St-Laurent,CGY,DAL,5,4,9,3,3,3,10,8
2025-11-22,2025020345,20252026,referee,Brandon Blandina,CGY,DAL,5,4,9,3,3,3,10,8
2025-11-22,2025020345,20252026,linesman,Kyle Flemington,CGY,DAL,5,4,9,3,3,3,10,8
2025-11-22,2025020345,20252026,linesman,Ben O'Quinn,CGY,DAL,5,4,9,3,3,3,10,8
2025-11-22,2025020346,20252026,referee,Eric Furlatt,ANA,VGK,5,3,8,2,3,3,10,6
2025-11-22,2025020346,20252026,referee,Michael Markovic,ANA,VGK,5,3,8,2,3,3,10,6
2025-11-22,2025020346,20252026,linesman,Brandon Grillo,ANA,VGK,5,3,8,2,3,3,10,6
2025-11-22,2025020346,20252026,linesman,Caleb Apperson,ANA,VGK,5,3,8,2,3,3,10,6
2025-11-23,2025020347,20252026,referee,Garrett Rank,BUF,CAR,4,4,8,6,2,0,8,8
2025-11-23,2025020347,20252026,referee,Furman South,BUF,CAR,4,4,8,6,2,0,8,8
2025-11-23,2025020347,20252026,linesman,Jonathan Deschamps,BUF,CAR,4,4,8,6,2,0,8,8
2025-11-23,2025020347,20252026,linesman,Tyson Baker,BUF,CAR,4,4,8,6,2,0,8,8
2025-11-23,2025020348,20252026,referee,Graham Skilliter,WPG,MIN,2,5,7,1,2,4,4,10
2025-11-23,2025020348,20252026,referee,Beau Halkidis,WPG,MIN,2,5,7,1,2,4,4,10
2025-11-23,2025020348,20252026,linesman,Travis Toomey,WPG,MIN,2,5,7,1,2,4,4,10
2025-11-23,2025020348,20252026,linesman,Mark Shewchyk,WPG,MIN,2,5,7,1,2,4,4,10
2025-11-23,2025020349,20252026,referee,Tom Chmielewski,NYI,SEA,1,1,2,1,1,0,2,2
2025-11-23,2025020349,20252026,referee,Peter MacDougall,NYI,SEA,1,1,2,1,1,0,2,2
2025-11-23,2025020349,20252026,linesman,James Tobias,NYI,SEA,1,1,2,1,1,0,2,2
2025-11-23,2025020349,20252026,linesman,Matt MacPherson,NYI,SEA,1,1,2,1,1,0,2,2
2025-11-23,2025020350,20252026,referee,Pierre Lambert,CHI,COL,3,2,5,3,2,0,6,4
2025-11-23,2025020350,20252026,referee,Carter Sandlak,CHI,COL,3,2,5,3,2,0,6,4
2025-11-23,2025020350,20252026,linesman,CJ Murray,CHI,COL,3,2,5,3,2,0,6,4
2025-11-23,2025020350,20252026,linesman,Jeremy Faucher,CHI,COL,3,2,5,3,2,0,6,4
2025-11-23,2025020351,20252026,referee,Gord Dwyer,SJS,BOS,3,6,9,3,5,1,6,12
2025-11-23,2025020351,20252026,referee,Michael Markovic,SJS,BOS,3,6,9,3,5,1,6,12
2025-11-23,2025020351,20252026,linesman,Brandon Gawryletz,SJS,BOS,3,6,9,3,5,1,6,12
2025-11-23,2025020351,20252026,linesman,Ryan Jackson,SJS,BOS,3,6,9,3,5,1,6,12
2025-11-23,2025020352,20252026,referee,Francois St-Laurent,VAN,CGY,4,4,8,3,3,2,8,8
2025-11-23,2025020352,20252026,referee,Brandon Blandina,VAN,CGY,4,4,8,3,3,2,8,8
2025-11-23,2025020352,20252026,linesman,Kyle Flemington,VAN,CGY,4,4,8,3,3,2,8,8
2025-11-23,2025020352,20252026,linesman,Ben O'Quinn,VAN,CGY,4,4,8,3,3,2,8,8
2025-11-24,2025020353,20252026,referee,Wes McCauley,TBL,PHI,1,2,3,0,0,3,2,4
2025-11-24,2025020353,20252026,referee,Frederick L'Ecuyer,TBL,PHI,1,2,3,0,0,3,2,4
2025-11-24,2025020353,20252026,linesman,Andrew Smith,TBL,PHI,1,2,3,0,0,3,2,4
2025-11-24,2025020353,20252026,linesman,Jonny Murray,TBL,PHI,1,2,3,0,0,3,2,4
2025-11-24,2025020354,20252026,referee,Tom Chmielewski,NJD,DET,6,4,10,3,1,6,12,8
2025-11-24,2025020354,20252026,referee,Chris Lee,NJD,DET,6,4,10,3,1,6,12,8
2025-11-24,2025020354,20252026,linesman,Jonathan Deschamps,NJD,DET,6,4,10,3,1,6,12,8
2025-11-24,2025020354,20252026,linesman,Matt MacPherson,NJD,DET,6,4,10,3,1,6,12,8
2025-11-24,2025020355,20252026,referee,Mitch Dunning,NYR,STL,4,0,4,0,1,3,8,0
2025-11-24,2025020355,20252026,referee,Thomas John Luxmore,NYR,STL,4,0,4,0,1,3,8,0
2025-11-24,2025020355,20252026,linesman,Michel Cormier,NYR,STL,4,0,4,0,1,3,8,0
2025-11-24,2025020355,20252026,linesman,David Brisebois,NYR,STL,4,0,4,0,1,3,8,0
2025-11-24,2025020356,20252026,referee,Jean Hebert,WSH,CBJ,2,3,5,0,2,3,4,6
2025-11-24,2025020356,20252026,referee,Justin Kea,WSH,CBJ,2,3,5,0,2,3,4,6
2025-11-24,2025020356,20252026,linesman,Julien Fournier,WSH,CBJ,2,3,5,0,2,3,4,6
2025-11-24,2025020356,20252026,linesman,James Tobias,WSH,CBJ,2,3,5,0,2,3,4,6
2025-11-24,2025020357,20252026,referee,Kyle Rehman,NSH,FLA,3,4,7,2,1,4,6,8
2025-11-24,2025020357,20252026,referee,Pierre Lambert,NSH,FLA,3,4,7,2,1,4,6,8
2025-11-24,2025020357,20252026,linesman,CJ Murray,NSH,FLA,3,4,7,2,1,4,6,8
2025-11-24,2025020357,20252026,linesman,Brad Kovachik,NSH,FLA,3,4,7,2,1,4,6,8
2025-11-24,2025020358,20252026,referee,Gord Dwyer,UTA,VGK,3,2,5,1,2,2,6,4
2025-11-24,2025020358,20252026,referee,Morgan MacPhee,UTA,VGK,3,2,5,1,2,2,6,4
2025-11-24,2025020358,20252026,linesman,Bevan Mills,UTA,VGK,3,2,5,1,2,2,6,4
2025-11-24,2025020358,20252026,linesman,Ryan Gibbons,UTA,VGK,3,2,5,1,2,2,6,4
2025-11-24,2025020359,20252026,referee,Trevor Hanson,LAK,OTT,3,3,6,1,4,1,6,6
2025-11-24,2025020359,20252026,referee,Michael Markovic,LAK,OTT,3,3,6,1,4,1,6,6
2025-11-24,2025020359,20252026,linesman,Travis Gawryletz,LAK,OTT,3,3,6,1,4,1,6,6
2025-11-24,2025020359,20252026,linesman,Caleb Apperson,LAK,OTT,3,3,6,1,4,1,6,6
2025-11-25,2025020360,20252026,referee,Francois St-Laurent,EDM,DAL,5,3,8,2,4,2,10,6
2025-11-25,2025020360,20252026,referee,Brandon Blandina,EDM,DAL,5,3,8,2,4,2,10,6
2025-11-25,2025020360,20252026,linesman,Kyle Flemington,EDM,DAL,5,3,8,2,4,2,10,6
2025-11-25,2025020360,20252026,linesman,Travis Toomey,EDM,DAL,5,3,8,2,4,2,10,6
2025-11-26,2025020361,20252026,referee,Chris Lee,DET,NSH,5,5,10,3,7,0,10,10
2025-11-26,2025020361,20252026,referee,Peter MacDougall,DET,NSH,5,5,10,3,7,0,10,10
2025-11-26,2025020361,20252026,linesman,Steve Barton,DET,NSH,5,5,10,3,7,0,10,10
2025-11-26,2025020361,20252026,linesman,Brandon Grillo,DET,NSH,5,5,10,3,7,0,10,10
2025-11-26,2025020362,20252026,referee,Thomas John Luxmore,TBL,CGY,5,4,9,3,6,0,10,8
2025-11-26,2025020362,20252026,referee,Stephen Hiff,TBL,CGY,5,4,9,3,6,0,10,8
2025-11-26,2025020362,20252026,linesman,Jonathan Deschamps,TBL,CGY,5,4,9,3,6,0,10,8
2025-11-26,2025020362,20252026,linesman,Devin Berg,TBL,CGY,5,4,9,3,6,0,10,8
2025-11-26,2025020363,20252026,referee,Jean Hebert,FLA,PHI,1,3,4,2,1,1,2,6
2025-11-26,2025020363,20252026,referee,Beau Halkidis,FLA,PHI,1,3,4,2,1,1,2,6
2025-11-26,2025020363,20252026,linesman,Kilian McNamara,FLA,PHI,1,3,4,2,1,1,2,6
2025-11-26,2025020363,20252026,linesman,Jonny Murray,FLA,PHI,1,3,4,2,1,1,2,6
2025-11-26,2025020364,20252026,referee,Francis Charron,NJD,STL,4,2,6,2,2,2,8,4
2025-11-26,2025020364,20252026,referee,Eric Furlatt,NJD,STL,4,2,6,2,2,2,8,4
2025-11-26,2025020364,20252026,linesman,Ryan Daisy,NJD,STL,4,2,6,2,2,2,8,4
2025-11-26,2025020364,20252026,linesman,David Brisebois,NJD,STL,4,2,6,2,2,2,8,4
2025-11-26,2025020365,20252026,referee,Kelly Sutherland,NYI,BOS,1,4,5,2,2,1,2,8
2025-11-26,2025020365,20252026,referee,Liam Maaskant,NYI,BOS,1,4,5,2,2,1,2,8
2025-11-26,2025020365,20252026,linesman,Michel Cormier,NYI,BOS,1,4,5,2,2,1,2,8
2025-11-26,2025020365,20252026,linesman,Ryan Jackson,NYI,BOS,1,4,5,2,2,1,2,8
2025-11-26,2025020366,20252026,referee,Pierre Lambert,PIT,BUF,0,1,1,1,0,0,0,2
2025-11-26,2025020366,20252026,referee,Justin Kea,PIT,BUF,0,1,1,1,0,0,0,2
2025-11-26,2025020366,20252026,linesman,Dylan Blujus,PIT,BUF,0,1,1,1,0,0,0,2
2025-11-26,2025020366,20252026,linesman,CJ Murray,PIT,BUF,0,1,1,1,0,0,0,2
2025-11-26,2025020367,20252026,referee,Wes McCauley,WSH,WPG,3,3,6,3,1,2,6,6
2025-11-26,2025020367,20252026,referee,Frederick L'Ecuyer,WSH,WPG,3,3,6,3,1,2,6,6
2025-11-26,2025020367,20252026,linesman,Julien Fournier,WSH,WPG,3,3,6,3,1,2,6,6
2025-11-26,2025020367,20252026,linesman,Dan Kelly,WSH,WPG,3,3,6,3,1,2,6,6
2025-11-26,2025020368,20252026,referee,Jon McIsaac,CAR,NYR,1,5,6,2,3,1,2,10
2025-11-26,2025020368,20252026,referee,Mitch Dunning,CAR,NYR,1,5,6,2,3,1,2,10
2025-11-26,2025020368,20252026,linesman,Andrew Smith,CAR,NYR,1,5,6,2,3,1,2,10
2025-11-26,2025020368,20252026,linesman,Tommy Hughes,CAR,NYR,1,5,6,2,3,1,2,10
2025-11-26,2025020369,20252026,referee,Chris Schlenker,CBJ,TOR,3,4,7,5,1,1,6,8
2025-11-26,2025020369,20252026,referee,Carter Sandlak,CBJ,TOR,3,4,7,5,1,1,6,8
2025-11-26,2025020369,20252026,linesman,Jesse Marquis,CBJ,TOR,3,4,7,5,1,1,6,8
2025-11-26,2025020369,20252026,linesman,Jeremy Faucher,CBJ,TOR,3,4,7,5,1,1,6,8
2025-11-26,2025020370,20252026,referee,Kyle Rehman,CHI,MIN,4,4,8,4,3,1,8,8
2025-11-26,2025020370,20252026,referee,Furman South,CHI,MIN,4,4,8,4,3,1,8,8
2025-11-26,2025020370,20252026,linesman,Libor Suchanek,CHI,MIN,4,4,8,4,3,1,8,8
2025-11-26,2025020370,20252026,linesman,Tyson Baker,CHI,MIN,4,4,8,4,3,1,8,8
2025-11-26,2025020371,20252026,referee,Tom Chmielewski,COL,SJS,4,4,8,2,4,2,8,8
2025-11-26,2025020371,20252026,referee,Kendrick Nicholson,COL,SJS,4,4,8,2,4,2,8,8
2025-11-26,2025020371,20252026,linesman,Shandor Alphonso,COL,SJS,4,4,8,2,4,2,8,8
2025-11-26,2025020371,20252026,linesman,Travis Gawryletz,COL,SJS,4,4,8,2,4,2,8,8
2025-11-26,2025020372,20252026,referee,Trevor Hanson,UTA,MTL,4,5,9,3,4,2,8,10
2025-11-26,2025020372,20252026,referee,Jordan Samuels-Thomas,UTA,MTL,4,5,9,3,4,2,8,10
2025-11-26,2025020372,20252026,linesman,Bevan Mills,UTA,MTL,4,5,9,3,4,2,8,10
2025-11-26,2025020372,20252026,linesman,Brandon Gawryletz,UTA,MTL,4,5,9,3,4,2,8,10
2025-11-26,2025020373,20252026,referee,Graham Skilliter,VGK,OTT,3,3,6,3,2,1,6,6
2025-11-26,2025020373,20252026,referee,Brandon Schrader,VGK,OTT,3,3,6,3,2,1,6,6
2025-11-26,2025020373,20252026,linesman,Trent Knorr,VGK,OTT,3,3,6,3,2,1,6,6
2025-11-26,2025020373,20252026,linesman,Ben O'Quinn,VGK,OTT,3,3,6,3,2,1,6,6
2025-11-26,2025020374,20252026,referee,Garrett Rank,ANA,VAN,4,7,11,4,2,5,8,14
2025-11-26,2025020374,20252026,referee,Cody Beach,ANA,VAN,4,7,11,4,2,5,8,14
2025-11-26,2025020374,20252026,linesman,Ryan Gibbons,ANA,VAN,4,7,11,4,2,5,8,14
2025-11-26,2025020374,20252026,linesman,Shawn Oliver,ANA,VAN,4,7,11,4,2,5,8,14
2025-11-26,2025020375,20252026,referee,Corey Syvret,SEA,DAL,2,6,8,3,3,2,4,12
2025-11-26,2025020375,20252026,referee,Michael Markovic,SEA,DAL,2,6,8,3,3,2,4,12
2025-11-26,2025020375,20252026,linesman,Caleb Apperson,SEA,DAL,2,6,8,3,3,2,4,12
2025-11-26,2025020375,20252026,linesman,Kiel Murchison,SEA,DAL,2,6,8,3,3,2,4,12
2025-11-28,2025020377,20252026,referee,Chris Schlenker,DET,TBL,2,2,4,1,0,3,4,4
2025-11-28,2025020377,20252026,referee,Justin Kea,DET,TBL,2,2,4,1,0,3,4,4
2025-11-28,2025020377,20252026,linesman,Kyle Flemington,DET,TBL,2,2,4,1,0,3,4,4
2025-11-28,2025020377,20252026,linesman,Tyson Baker,DET,TBL,2,2,4,1,0,3,4,4
2025-11-28,2025020376,20252026,referee,Pierre Lambert,BOS,NYR,3,2,5,1,3,1,6,4
2025-11-28,2025020376,20252026,referee,Jake Brenk,BOS,NYR,3,2,5,1,3,1,6,4
2025-11-28,2025020376,20252026,linesman,Ryan Daisy,BOS,NYR,3,2,5,1,3,1,6,4
2025-11-28,2025020376,20252026,linesman,Matt MacPherson,BOS,NYR,3,2,5,1,3,1,6,4
2025-11-28,2025020378,20252026,referee,Chris Lee,MIN,COL,1,1,2,2,0,0,2,2
2025-11-28,2025020378,20252026,referee,Brandon Schrader,MIN,COL,1,1,2,2,0,0,2,2
2025-11-28,2025020378,20252026,linesman,Brandon Grillo,MIN,COL,1,1,2,2,0,0,2,2
2025-11-28,2025020378,20252026,linesman,Kiel Murchison,MIN,COL,1,1,2,2,0,0,2,2
2025-11-28,2025020379,20252026,referee,Mitch Dunning,BUF,NJD,1,2,3,0,3,0,2,4
2025-11-28,2025020379,20252026,referee,Peter MacDougall,BUF,NJD,1,2,3,0,3,0,2,4
2025-11-28,2025020379,20252026,linesman,Brad Kovachik,BUF,NJD,1,2,3,0,3,0,2,4
2025-11-28,2025020379,20252026,linesman,Mark Shewchyk,BUF,NJD,1,2,3,0,3,0,2,4
2025-11-28,2025020380,20252026,referee,Jean Hebert,FLA,CGY,2,2,4,3,1,0,4,4
2025-11-28,2025020380,20252026,referee,Thomas John Luxmore,FLA,CGY,2,2,4,3,1,0,4,4
2025-11-28,2025020380,20252026,linesman,Kilian McNamara,FLA,CGY,2,2,4,3,1,0,4,4
2025-11-28,2025020380,20252026,linesman,Jonny Murray,FLA,CGY,2,2,4,3,1,0,4,4
2025-11-28,2025020381,20252026,referee,Francis Charron,NYI,PHI,2,5,7,3,2,2,4,10
2025-11-28,2025020381,20252026,referee,Eric Furlatt,NYI,PHI,2,5,7,3,2,2,4,10
2025-11-28,2025020381,20252026,linesman,David Brisebois,NYI,PHI,2,5,7,3,2,2,4,10
2025-11-28,2025020381,20252026,linesman,Dan Kelly,NYI,PHI,2,5,7,3,2,2,4,10
2025-11-28,2025020382,20252026,referee,Cody Beach,STL,OTT,3,5,8,3,5,0,6,10
2025-11-28,2025020382,20252026,referee,Carter Sandlak,STL,OTT,3,5,8,3,5,0,6,10
2025-11-28,2025020382,20252026,linesman,Devin Berg,STL,OTT,3,5,8,3,5,0,6,10
2025-11-28,2025020382,20252026,linesman,Jeremy Faucher,STL,OTT,3,5,8,3,5,0,6,10
2025-11-28,2025020383,20252026,referee,Corey Syvret,VGK,MTL,2,2,4,1,3,0,4,4
2025-11-28,2025020383,20252026,referee,Jordan Samuels-Thomas,VGK,MTL,2,2,4,1,3,0,4,4
2025-11-28,2025020383,20252026,linesman,Trent Knorr,VGK,MTL,2,2,4,1,3,0,4,4
2025-11-28,2025020383,20252026,linesman,Ben O'Quinn,VGK,MTL,2,2,4,1,3,0,4,4
2025-11-28,2025020384,20252026,referee,Trevor Hanson,ANA,LAK,1,2,3,1,2,0,2,4
2025-11-28,2025020384,20252026,referee,Graham Skilliter,ANA,LAK,1,2,3,1,2,0,2,4
2025-11-28,2025020384,20252026,linesman,Bevan Mills,ANA,LAK,1,2,3,1,2,0,2,4
2025-11-28,2025020384,20252026,linesman,Travis Toomey,ANA,LAK,1,2,3,1,2,0,2,4
2025-11-28,2025020385,20252026,referee,Garrett Rank,SJS,VAN,11,8,19,4,5,10,22,16
2025-11-28,2025020385,20252026,referee,Riley Brace,SJS,VAN,11,8,19,4,5,10,22,16
2025-11-28,2025020385,20252026,linesman,Ryan Gibbons,SJS,VAN,11,8,19,4,5,10,22,16
2025-11-28,2025020385,20252026,linesman,Shawn Oliver,SJS,VAN,11,8,19,4,5,10,22,16
2025-11-28,2025020386,20252026,referee,Jon McIsaac,WSH,TOR,0,2,2,0,2,0,0,4
2025-11-28,2025020386,20252026,referee,Kelly Sutherland,WSH,TOR,0,2,2,0,2,0,0,4
2025-11-28,2025020386,20252026,linesman,Libor Suchanek,WSH,TOR,0,2,2,0,2,0,0,4
2025-11-28,2025020386,20252026,linesman,Tommy Hughes,WSH,TOR,0,2,2,0,2,0,0,4
2025-11-28,2025020387,20252026,referee,Francois St-Laurent,CAR,WPG,4,6,10,2,7,1,8,12
2025-11-28,2025020387,20252026,referee,Frederick L'Ecuyer,CAR,WPG,4,6,10,2,7,1,8,12
2025-11-28,2025020387,20252026,linesman,Julien Fournier,CAR,WPG,4,6,10,2,7,1,8,12
2025-11-28,2025020387,20252026,linesman,Michel Cormier,CAR,WPG,4,6,10,2,7,1,8,12
2025-11-28,2025020388,20252026,referee,Furman South,CBJ,PIT,2,2,4,2,2,0,4,4
2025-11-28,2025020388,20252026,referee,Brandon Blandina,CBJ,PIT,2,2,4,2,2,0,4,4
2025-11-28,2025020388,20252026,linesman,Ryan Jackson,CBJ,PIT,2,2,4,2,2,0,4,4
2025-11-28,2025020388,20252026,linesman,Jesse Marquis,CBJ,PIT,2,2,4,2,2,0,4,4
2025-11-28,2025020389,20252026,referee,Kendrick Nicholson,CHI,NSH,3,5,8,3,4,1,6,10
2025-11-28,2025020389,20252026,referee,Mike Sullivan,CHI,NSH,3,5,8,3,4,1,6,10
2025-11-28,2025020389,20252026,linesman,Shandor Alphonso,CHI,NSH,3,5,8,3,4,1,6,10
2025-11-28,2025020389,20252026,linesman,Dylan Blujus,CHI,NSH,3,5,8,3,4,1,6,10
2025-11-28,2025020390,20252026,referee,Gord Dwyer,DAL,UTA,2,5,7,4,3,0,4,10
2025-11-28,2025020390,20252026,referee,Stephen Hiff,DAL,UTA,2,5,7,4,3,0,4,10
2025-11-28,2025020390,20252026,linesman,Andrew Smith,DAL,UTA,2,5,7,4,3,0,4,10
2025-11-28,2025020390,20252026,linesman,Jonathan Deschamps,DAL,UTA,2,5,7,4,3,0,4,10
2025-11-29,2025020391,20252026,referee,Chris Schlenker,NYR,TBL,2,2,4,1,2,1,4,4
2025-11-29,2025020391,20252026,referee,Eric Furlatt,NYR,TBL,2,2,4,1,2,1,4,4
2025-11-29,2025020391,20252026,linesman,Matt MacPherson,NYR,TBL,2,2,4,1,2,1,4,4
2025-11-29,2025020391,20252026,linesman,Dan Kelly,NYR,TBL,2,2,4,1,2,1,4,4
2025-11-29,2025020392,20252026,referee,Garrett Rank,COL,MTL,3,5,8,2,2,4,6,10
2025-11-29,2025020392,20252026,referee,Liam Maaskant,COL,MTL,3,5,8,2,2,4,6,10
2025-11-29,2025020392,20252026,linesman,Brandon Gawryletz,COL,MTL,3,5,8,2,2,4,6,10
2025-11-29,2025020392,20252026,linesman,Caleb Apperson,COL,MTL,3,5,8,2,2,4,6,10
2025-11-29,2025020393,20252026,referee,Tom Chmielewski,SEA,EDM,2,6,8,5,2,1,4,12
2025-11-29,2025020393,20252026,referee,Graedy Hamilton,SEA,EDM,2,6,8,5,2,1,4,12
2025-11-29,2025020393,20252026,linesman,Travis Gawryletz,SEA,EDM,2,6,8,5,2,1,4,12
2025-11-29,2025020393,20252026,linesman,Trent Knorr,SEA,EDM,2,6,8,5,2,1,4,12
2025-11-29,2025020394,20252026,referee,Frederick L'Ecuyer,BOS,DET,5,3,8,3,1,4,10,6
2025-11-29,2025020394,20252026,referee,Alex Lepkowski,BOS,DET,5,3,8,3,1,4,10,6
2025-11-29,2025020394,20252026,linesman,Tommy Hughes,BOS,DET,5,3,8,3,1,4,10,6
2025-11-29,2025020394,20252026,linesman,Ryan Daisy,BOS,DET,5,3,8,3,1,4,10,6
2025-11-29,2025020395,20252026,referee,Pierre Lambert,NJD,PHI,3,5,8,2,4,2,6,10
2025-11-29,2025020395,20252026,referee,Jake Brenk,NJD,PHI,3,5,8,2,4,2,6,10
2025-11-29,2025020395,20252026,linesman,Julien Fournier,NJD,PHI,3,5,8,2,4,2,6,10
2025-11-29,2025020395,20252026,linesman,Libor Suchanek,NJD,PHI,3,5,8,2,4,2,6,10
2025-11-29,2025020396,20252026,referee,Francis Charron,PIT,TOR,5,5,10,3,2,5,10,10
2025-11-29,2025020396,20252026,referee,Morgan MacPhee,PIT,TOR,5,5,10,3,2,5,10,10
2025-11-29,2025020396,20252026,linesman,Jesse Marquis,PIT,TOR,5,5,10,3,2,5,10,10
2025-11-29,2025020396,20252026,linesman,Mark Shewchyk,PIT,TOR,5,5,10,3,2,5,10,10
2025-11-29,2025020397,20252026,referee,Wes McCauley,NSH,WPG,5,5,10,4,3,3,10,10
2025-11-29,2025020397,20252026,referee,Carter Sandlak,NSH,WPG,5,5,10,4,3,3,10,10
2025-11-29,2025020397,20252026,linesman,Shandor Alphonso,NSH,WPG,5,5,10,4,3,3,10,10
2025-11-29,2025020397,20252026,linesman,Jonathan Deschamps,NSH,WPG,5,5,10,4,3,3,10,10
2025-11-29,2025020398,20252026,referee,Chris Lee,STL,UTA,1,2,3,1,2,0,2,4
2025-11-29,2025020398,20252026,referee,Kendrick Nicholson,STL,UTA,1,2,3,1,2,0,2,4
2025-11-29,2025020398,20252026,linesman,Devin Berg,STL,UTA,1,2,3,1,2,0,2,4
2025-11-29,2025020398,20252026,linesman,Tyson Baker,STL,UTA,1,2,3,1,2,0,2,4
2025-11-29,2025020399,20252026,referee,Cody Beach,MIN,BUF,3,3,6,1,4,1,6,6
2025-11-29,2025020399,20252026,referee,Brandon Schrader,MIN,BUF,3,3,6,1,4,1,6,6
2025-11-29,2025020399,20252026,linesman,Kyle Flemington,MIN,BUF,3,3,6,1,4,1,6,6
2025-11-29,2025020399,20252026,linesman,Kiel Murchison,MIN,BUF,3,3,6,1,4,1,6,6
2025-11-29,2025020400,20252026,referee,Graham Skilliter,VGK,SJS,2,2,4,0,3,1,4,4
2025-11-29,2025020400,20252026,referee,Jordan Samuels-Thomas,VGK,SJS,2,2,4,0,3,1,4,4
2025-11-29,2025020400,20252026,linesman,CJ Murray,VGK,SJS,2,2,4,0,3,1,4,4
2025-11-29,2025020400,20252026,linesman,Travis Toomey,VGK,SJS,2,2,4,0,3,1,4,4
2025-11-29,2025020401,20252026,referee,Kyle Rehman,LAK,VAN,3,4,7,2,4,1,6,8
2025-11-29,2025020401,20252026,referee,Corey Syvret,LAK,VAN,3,4,7,2,4,1,6,8
2025-11-29,2025020401,20252026,linesman,James Tobias,LAK,VAN,3,4,7,2,4,1,6,8
2025-11-29,2025020401,20252026,linesman,Ben O'Quinn,LAK,VAN,3,4,7,2,4,1,6,8
2025-11-30,2025020402,20252026,referee,Kelly Sutherland,NYI,WSH,2,3,5,1,2,2,4,6
2025-11-30,2025020402,20252026,referee,Michael Markovic,NYI,WSH,2,3,5,1,2,2,4,6
2025-11-30,2025020402,20252026,linesman,David Brisebois,NYI,WSH,2,3,5,1,2,2,4,6
2025-11-30,2025020402,20252026,linesman,Dan Kelly,NYI,WSH,2,3,5,1,2,2,4,6
2025-11-30,2025020403,20252026,referee,Gord Dwyer,CHI,ANA,3,4,7,3,3,1,6,8
2025-11-30,2025020403,20252026,referee,Brandon Blandina,CHI,ANA,3,4,7,3,3,1,6,8
2025-11-30,2025020403,20252026,linesman,Steve Barton,CHI,ANA,3,4,7,3,3,1,6,8
2025-11-30,2025020403,20252026,linesman,Ryan Jackson,CHI,ANA,3,4,7,3,3,1,6,8
2025-11-30,2025020404,20252026,referee,Peter MacDougall,CAR,CGY,2,2,4,0,2,2,4,4
2025-11-30,2025020404,20252026,referee,Beau Halkidis,CAR,CGY,2,2,4,0,2,2,4,4
2025-11-30,2025020404,20252026,linesman,Michel Cormier,CAR,CGY,2,2,4,0,2,2,4,4
2025-11-30,2025020404,20252026,linesman,Matt MacPherson,CAR,CGY,2,2,4,0,2,2,4,4
2025-11-30,2025020405,20252026,referee,Wes McCauley,DAL,OTT,4,5,9,2,1,6,8,10
2025-11-30,2025020405,20252026,referee,Kendrick Nicholson,DAL,OTT,4,5,9,2,1,6,8,10
2025-11-30,2025020405,20252026,linesman,Caleb Apperson,DAL,OTT,4,5,9,2,1,6,8,10
2025-11-30,2025020405,20252026,linesman,Kilian McNamara,DAL,OTT,4,5,9,2,1,6,8,10
2025-12-01,2025020406,20252026,referee,Chris Schlenker,NJD,CBJ,5,7,12,4,7,1,10,14
2025-12-01,2025020406,20252026,referee,Francois St-Laurent,NJD,CBJ,5,7,12,4,7,1,10,14
2025-12-01,2025020406,20252026,linesman,Julien Fournier,NJD,CBJ,5,7,12,4,7,1,10,14
2025-12-01,2025020406,20252026,linesman,David Brisebois,NJD,CBJ,5,7,12,4,7,1,10,14
2025-12-01,2025020407,20252026,referee,Francis Charron,PHI,PIT,4,7,11,1,7,3,8,14
2025-12-01,2025020407,20252026,referee,Michael Markovic,PHI,PIT,4,7,11,1,7,3,8,14
2025-12-01,2025020407,20252026,linesman,Tommy Hughes,PHI,PIT,4,7,11,1,7,3,8,14
2025-12-01,2025020407,20252026,linesman,Ryan Daisy,PHI,PIT,4,7,11,1,7,3,8,14
2025-12-01,2025020408,20252026,referee,Trevor Hanson,BUF,WPG,2,3,5,2,0,3,4,6
2025-12-01,2025020408,20252026,referee,Brandon Blandina,BUF,WPG,2,3,5,2,0,3,4,6
2025-12-01,2025020408,20252026,linesman,Steve Barton,BUF,WPG,2,3,5,2,0,3,4,6
2025-12-01,2025020408,20252026,linesman,Devin Berg,BUF,WPG,2,3,5,2,0,3,4,6
2025-12-01,2025020409,20252026,referee,Garrett Rank,STL,ANA,3,6,9,3,4,2,6,12
2025-12-01,2025020409,20252026,referee,Cody Beach,STL,ANA,3,6,9,3,4,2,6,12
2025-12-01,2025020409,20252026,linesman,Shandor Alphonso,STL,ANA,3,6,9,3,4,2,6,12
2025-12-01,2025020409,20252026,linesman,Kiel Murchison,STL,ANA,3,6,9,3,4,2,6,12
2025-12-01,2025020410,20252026,referee,Jon McIsaac,SJS,UTA,3,4,7,2,3,2,6,8
2025-12-01,2025020410,20252026,referee,Justin Kea,SJS,UTA,3,4,7,2,3,2,6,8
2025-12-01,2025020410,20252026,linesman,James Tobias,SJS,UTA,3,4,7,2,3,2,6,8
2025-12-01,2025020410,20252026,linesman,CJ Murray,SJS,UTA,3,4,7,2,3,2,6,8
2025-12-02,2025020411,20252026,referee,Jean Hebert,MTL,OTT,4,5,9,5,2,2,8,10
2025-12-02,2025020411,20252026,referee,Pierre Lambert,MTL,OTT,4,5,9,5,2,2,8,10
2025-12-02,2025020411,20252026,linesman,Ryan Gibbons,MTL,OTT,4,5,9,5,2,2,8,10
2025-12-02,2025020411,20252026,linesman,Jesse Marquis,MTL,OTT,4,5,9,5,2,2,8,10
2025-12-02,2025020412,20252026,referee,Garrett Rank,DET,BOS,3,4,7,0,1,6,6,8
2025-12-02,2025020412,20252026,referee,Cody Beach,DET,BOS,3,4,7,0,1,6,6,8
2025-12-02,2025020412,20252026,linesman,Andrew Smith,DET,BOS,3,4,7,0,1,6,6,8
2025-12-02,2025020412,20252026,linesman,Kiel Murchison,DET,BOS,3,4,7,0,1,6,6,8
2025-12-02,2025020414,20252026,referee,Furman South,NYI,TBL,3,3,6,2,2,2,6,6
2025-12-02,2025020414,20252026,referee,Trevor Hanson,NYI,TBL,3,3,6,2,2,2,6,6
2025-12-02,2025020414,20252026,linesman,Julien Fournier,NYI,TBL,3,3,6,2,2,2,6,6
2025-12-02,2025020414,20252026,linesman,Tommy Hughes,NYI,TBL,3,3,6,2,2,2,6,6
2025-12-02,2025020415,20252026,referee,Chris Lee,NYR,DAL,2,5,7,2,3,2,4,10
2025-12-02,2025020415,20252026,referee,Michael Markovic,NYR,DAL,2,5,7,2,3,2,4,10
2025-12-02,2025020415,20252026,linesman,Brad Kovachik,NYR,DAL,2,5,7,2,3,2,4,10
2025-12-02,2025020415,20252026,linesman,Dan Kelly,NYR,DAL,2,5,7,2,3,2,4,10
2025-12-02,2025020413,20252026,referee,Wes McCauley,FLA,TOR,3,1,4,1,1,2,6,2
2025-12-02,2025020413,20252026,referee,Gord Dwyer,FLA,TOR,3,1,4,1,1,2,6,2
2025-12-02,2025020413,20252026,linesman,Libor Suchanek,FLA,TOR,3,1,4,1,1,2,6,2
2025-12-02,2025020413,20252026,linesman,Brandon Gawryletz,FLA,TOR,3,1,4,1,1,2,6,2
2025-12-02,2025020416,20252026,referee,Kendrick Nicholson,NSH,CGY,5,4,9,4,1,4,10,8
2025-12-02,2025020416,20252026,referee,Stephen Hiff,NSH,CGY,5,4,9,4,1,4,10,8
2025-12-02,2025020416,20252026,linesman,Ryan Jackson,NSH,CGY,5,4,9,4,1,4,10,8
2025-12-02,2025020416,20252026,linesman,Kilian McNamara,NSH,CGY,5,4,9,4,1,4,10,8
2025-12-02,2025020417,20252026,referee,Tom Chmielewski,COL,VAN,1,1,2,1,1,0,2,2
2025-12-02,2025020417,20252026,referee,Mitch Dunning,COL,VAN,1,1,2,1,1,0,2,2
2025-12-02,2025020417,20252026,linesman,Caleb Apperson,COL,VAN,1,1,2,1,1,0,2,2
2025-12-02,2025020417,20252026,linesman,Travis Toomey,COL,VAN,1,1,2,1,1,0,2,2
2025-12-02,2025020418,20252026,referee,Kyle Rehman,EDM,MIN,2,3,5,1,2,2,4,6
2025-12-02,2025020418,20252026,referee,Graham Skilliter,EDM,MIN,2,3,5,1,2,2,4,6
2025-12-02,2025020418,20252026,linesman,Bevan Mills,EDM,MIN,2,3,5,1,2,2,4,6
2025-12-02,2025020418,20252026,linesman,Travis Gawryletz,EDM,MIN,2,3,5,1,2,2,4,6
2025-12-02,2025020419,20252026,referee,Jon McIsaac,VGK,CHI,5,2,7,2,4,1,10,4
2025-12-02,2025020419,20252026,referee,Brandon Schrader,VGK,CHI,5,2,7,2,4,1,10,4
2025-12-02,2025020419,20252026,linesman,Kyle Flemington,VGK,CHI,5,2,7,2,4,1,10,4
2025-12-02,2025020419,20252026,linesman,Shawn Oliver,VGK,CHI,5,2,7,2,4,1,10,4
2025-12-02,2025020420,20252026,referee,Jake Brenk,LAK,WSH,2,2,4,1,3,0,4,4
2025-12-02,2025020420,20252026,referee,Justin Kea,LAK,WSH,2,2,4,1,3,0,4,4
2025-12-02,2025020420,20252026,linesman,James Tobias,LAK,WSH,2,2,4,1,3,0,4,4
2025-12-02,2025020420,20252026,linesman,CJ Murray,LAK,WSH,2,2,4,1,3,0,4,4
2025-12-03,2025020421,20252026,referee,Kelly Sutherland,NJD,DAL,2,3,5,0,2,3,4,6
2025-12-03,2025020421,20252026,referee,Furman South,NJD,DAL,2,3,5,0,2,3,4,6
2025-12-03,2025020421,20252026,linesman,Matt MacPherson,NJD,DAL,2,3,5,0,2,3,4,6
2025-12-03,2025020421,20252026,linesman,Dan Kelly,NJD,DAL,2,3,5,0,2,3,4,6
2025-12-03,2025020422,20252026,referee,Jean Hebert,MTL,WPG,1,1,2,0,1,1,2,2
2025-12-03,2025020422,20252026,referee,Mike Sullivan,MTL,WPG,1,1,2,0,1,1,2,2
2025-12-03,2025020422,20252026,linesman,Ryan Gibbons,MTL,WPG,1,1,2,0,1,1,2,2
2025-12-03,2025020422,20252026,linesman,Jesse Marquis,MTL,WPG,1,1,2,0,1,1,2,2
2025-12-03,2025020423,20252026,referee,Chris Schlenker,PHI,BUF,7,5,12,7,3,2,14,10
2025-12-03,2025020423,20252026,referee,Francois St-Laurent,PHI,BUF,7,5,12,7,3,2,14,10
2025-12-03,2025020423,20252026,linesman,Julien Fournier,PHI,BUF,7,5,12,7,3,2,14,10
2025-12-03,2025020423,20252026,linesman,Dylan Blujus,PHI,BUF,7,5,12,7,3,2,14,10
2025-12-03,2025020424,20252026,referee,Jake Brenk,ANA,UTA,2,3,5,1,2,2,4,6
2025-12-03,2025020424,20252026,referee,Justin Kea,ANA,UTA,2,3,5,1,2,2,4,6
2025-12-03,2025020424,20252026,linesman,Kyle Flemington,ANA,UTA,2,3,5,1,2,2,4,6
2025-12-03,2025020424,20252026,linesman,James Tobias,ANA,UTA,2,3,5,1,2,2,4,6
2025-12-03,2025020425,20252026,referee,Jon McIsaac,SJS,WSH,2,5,7,3,1,3,4,10
2025-12-03,2025020425,20252026,referee,Brandon Schrader,SJS,WSH,2,5,7,3,1,3,4,10
2025-12-03,2025020425,20252026,linesman,Trent Knorr,SJS,WSH,2,5,7,3,1,3,4,10
2025-12-03,2025020425,20252026,linesman,Brandon Grillo,SJS,WSH,2,5,7,3,1,3,4,10
2025-12-04,2025020426,20252026,referee,Furman South,BOS,STL,2,2,4,1,1,2,4,4
2025-12-04,2025020426,20252026,referee,Chris Lee,BOS,STL,2,2,4,1,1,2,4,4
2025-12-04,2025020426,20252026,linesman,Michel Cormier,BOS,STL,2,2,4,1,1,2,4,4
2025-12-04,2025020426,20252026,linesman,Dan Kelly,BOS,STL,2,2,4,1,1,2,4,4
2025-12-04,2025020427,20252026,referee,Jean Hebert,OTT,NYR,1,3,4,1,1,2,2,6
2025-12-04,2025020427,20252026,referee,Mike Sullivan,OTT,NYR,1,3,4,1,1,2,2,6
2025-12-04,2025020427,20252026,linesman,Ryan Gibbons,OTT,NYR,1,3,4,1,1,2,2,6
2025-12-04,2025020427,20252026,linesman,Jesse Marquis,OTT,NYR,1,3,4,1,1,2,2,6
2025-12-04,2025020428,20252026,referee,Wes McCauley,TBL,PIT,4,6,10,4,3,3,8,12
2025-12-04,2025020428,20252026,referee,Corey Syvret,TBL,PIT,4,6,10,4,3,3,8,12
2025-12-04,2025020428,20252026,linesman,Brandon Gawryletz,TBL,PIT,4,6,10,4,3,3,8,12
2025-12-04,2025020428,20252026,linesman,Devin Berg,TBL,PIT,4,6,10,4,3,3,8,12
2025-12-04,2025020429,20252026,referee,Francis Charron,FLA,NSH,6,7,13,4,6,3,12,14
2025-12-04,2025020429,20252026,referee,Brandon Blandina,FLA,NSH,6,7,13,4,6,3,12,14
2025-12-04,2025020429,20252026,linesman,Libor Suchanek,FLA,NSH,6,7,13,4,6,3,12,14
2025-12-04,2025020429,20252026,linesman,Ben O'Quinn,FLA,NSH,6,7,13,4,6,3,12,14
2025-12-04,2025020430,20252026,referee,Francois St-Laurent,NYI,COL,3,5,8,2,3,3,6,10
2025-12-04,2025020430,20252026,referee,Jordan Samuels-Thomas,NYI,COL,3,5,8,2,3,3,6,10
2025-12-04,2025020430,20252026,linesman,Tommy Hughes,NYI,COL,3,5,8,2,3,3,6,10
2025-12-04,2025020430,20252026,linesman,Brad Kovachik,NYI,COL,3,5,8,2,3,3,6,10
2025-12-04,2025020431,20252026,referee,Trevor Hanson,CAR,TOR,2,3,5,2,0,3,4,6
2025-12-04,2025020431,20252026,referee,Gord Dwyer,CAR,TOR,2,3,5,2,0,3,4,6
2025-12-04,2025020431,20252026,linesman,Ryan Jackson,CAR,TOR,2,3,5,2,0,3,4,6
2025-12-04,2025020431,20252026,linesman,Kilian McNamara,CAR,TOR,2,3,5,2,0,3,4,6
2025-12-04,2025020432,20252026,referee,Thomas John Luxmore,CBJ,DET,5,3,8,1,6,1,10,6
2025-12-04,2025020432,20252026,referee,Michael Markovic,CBJ,DET,5,3,8,1,6,1,10,6
2025-12-04,2025020432,20252026,linesman,Dylan Blujus,CBJ,DET,5,3,8,1,6,1,10,6
2025-12-04,2025020432,20252026,linesman,CJ Murray,CBJ,DET,5,3,8,1,6,1,10,6
2025-12-04,2025020433,20252026,referee,Frederick L'Ecuyer,CGY,MIN,5,1,6,4,0,2,10,2
2025-12-04,2025020433,20252026,referee,Eric Furlatt,CGY,MIN,5,1,6,4,0,2,10,2
2025-12-04,2025020433,20252026,linesman,Bevan Mills,CGY,MIN,5,1,6,4,0,2,10,2
2025-12-04,2025020433,20252026,linesman,Travis Gawryletz,CGY,MIN,5,1,6,4,0,2,10,2
2025-12-04,2025020434,20252026,referee,Kyle Rehman,EDM,SEA,3,5,8,2,3,3,6,10
2025-12-04,2025020434,20252026,referee,Carter Sandlak,EDM,SEA,3,5,8,2,3,3,6,10
2025-12-04,2025020434,20252026,linesman,Tyson Baker,EDM,SEA,3,5,8,2,3,3,6,10
2025-12-04,2025020434,20252026,linesman,Mark Shewchyk,EDM,SEA,3,5,8,2,3,3,6,10
2025-12-04,2025020435,20252026,referee,Mitch Dunning,LAK,CHI,3,5,8,4,2,2,6,10
2025-12-04,2025020435,20252026,referee,Jake Brenk,LAK,CHI,3,5,8,4,2,2,6,10
2025-12-04,2025020435,20252026,linesman,Trent Knorr,LAK,CHI,3,5,8,4,2,2,6,10
2025-12-04,2025020435,20252026,linesman,Travis Toomey,LAK,CHI,3,5,8,4,2,2,6,10
2025-12-05,2025020436,20252026,referee,Gord Dwyer,NJD,VGK,2,2,4,0,0,4,4,4
2025-12-05,2025020436,20252026,referee,Graedy Hamilton,NJD,VGK,2,2,4,0,0,4,4,4
2025-12-05,2025020436,20252026,linesman,Brad Kovachik,NJD,VGK,2,2,4,0,0,4,4,4
2025-12-05,2025020436,20252026,linesman,Jeremy Faucher,NJD,VGK,2,2,4,0,0,4,4,4
2025-12-05,2025020437,20252026,referee,Tom Chmielewski,WPG,BUF,3,2,5,3,2,0,6,4
2025-12-05,2025020437,20252026,referee,Pierre Lambert,WPG,BUF,3,2,5,3,2,0,6,4
2025-12-05,2025020437,20252026,linesman,Travis Gawryletz,WPG,BUF,3,2,5,3,2,0,6,4
2025-12-05,2025020437,20252026,linesman,Jonathan Deschamps,WPG,BUF,3,2,5,3,2,0,6,4
2025-12-05,2025020438,20252026,referee,Thomas John Luxmore,DAL,SJS,5,3,8,3,3,2,10,6
2025-12-05,2025020438,20252026,referee,Justin Kea,DAL,SJS,5,3,8,3,3,2,10,6
2025-12-05,2025020438,20252026,linesman,Ryan Daisy,DAL,SJS,5,3,8,3,3,2,10,6
2025-12-05,2025020438,20252026,linesman,David Brisebois,DAL,SJS,5,3,8,3,3,2,10,6
2025-12-05,2025020439,20252026,referee,Kyle Rehman,VAN,UTA,3,4,7,1,3,3,6,8
2025-12-05,2025020439,20252026,referee,Frederick L'Ecuyer,VAN,UTA,3,4,7,1,3,3,6,8
2025-12-05,2025020439,20252026,linesman,Andrew Smith,VAN,UTA,3,4,7,1,3,3,6,8
2025-12-05,2025020439,20252026,linesman,Tyson Baker,VAN,UTA,3,4,7,1,3,3,6,8
2025-12-05,2025020440,20252026,referee,Mitch Dunning,ANA,WSH,3,5,8,2,3,3,6,10
2025-12-05,2025020440,20252026,referee,Peter MacDougall,ANA,WSH,3,5,8,2,3,3,6,10
2025-12-05,2025020440,20252026,linesman,Kyle Flemington,ANA,WSH,3,5,8,2,3,3,6,10
2025-12-05,2025020440,20252026,linesman,Travis Toomey,ANA,WSH,3,5,8,2,3,3,6,10
2025-12-06,2025020441,20252026,referee,Furman South,NYR,COL,2,2,4,1,1,2,4,4
2025-12-06,2025020441,20252026,referee,Trevor Hanson,NYR,COL,2,2,4,1,1,2,4,4
2025-12-06,2025020441,20252026,linesman,Libor Suchanek,NYR,COL,2,2,4,1,1,2,4,4
2025-12-06,2025020441,20252026,linesman,Michel Cormier,NYR,COL,2,2,4,1,1,2,4,4
2025-12-06,2025020442,20252026,referee,Francis Charron,FLA,CBJ,3,4,7,1,2,4,6,8
2025-12-06,2025020442,20252026,referee,Brandon Schrader,FLA,CBJ,3,4,7,1,2,4,6,8
2025-12-06,2025020442,20252026,linesman,Brandon Gawryletz,FLA,CBJ,3,4,7,1,2,4,6,8
2025-12-06,2025020442,20252026,linesman,Ben O'Quinn,FLA,CBJ,3,4,7,1,2,4,6,8
2025-12-06,2025020443,20252026,referee,Gord Dwyer,BOS,NJD,1,1,2,0,1,1,2,2
2025-12-06,2025020443,20252026,referee,Chris Lee,BOS,NJD,1,1,2,0,1,1,2,2
2025-12-06,2025020443,20252026,linesman,Ryan Gibbons,BOS,NJD,1,1,2,0,1,1,2,2
2025-12-06,2025020443,20252026,linesman,Jeremy Faucher,BOS,NJD,1,1,2,0,1,1,2,2
2025-12-06,2025020444,20252026,referee,Garrett Rank,TOR,MTL,4,3,7,2,3,2,8,6
2025-12-06,2025020444,20252026,referee,Kelly Sutherland,TOR,MTL,4,3,7,2,3,2,8,6
2025-12-06,2025020444,20252026,linesman,James Tobias,TOR,MTL,4,3,7,2,3,2,8,6
2025-12-06,2025020444,20252026,linesman,Matt MacPherson,TOR,MTL,4,3,7,2,3,2,8,6
2025-12-06,2025020445,20252026,referee,Graham Skilliter,OTT,STL,5,10,15,4,2,9,10,20
2025-12-06,2025020445,20252026,referee,Kendrick Nicholson,OTT,STL,5,10,15,4,2,9,10,20
2025-12-06,2025020445,20252026,linesman,Steve Barton,OTT,STL,5,10,15,4,2,9,10,20
2025-12-06,2025020445,20252026,linesman,Tommy Hughes,OTT,STL,5,10,15,4,2,9,10,20
2025-12-06,2025020446,20252026,referee,Corey Syvret,TBL,NYI,3,2,5,0,3,2,6,4
2025-12-06,2025020446,20252026,referee,Brandon Blandina,TBL,NYI,3,2,5,0,3,2,6,4
2025-12-06,2025020446,20252026,linesman,CJ Murray,TBL,NYI,3,2,5,0,3,2,6,4
2025-12-06,2025020446,20252026,linesman,Devin Berg,TBL,NYI,3,2,5,0,3,2,6,4
2025-12-06,2025020447,20252026,referee,Francois St-Laurent,CAR,NSH,4,7,11,5,5,1,8,14
2025-12-06,2025020447,20252026,referee,Jordan Samuels-Thomas,CAR,NSH,4,7,11,5,5,1,8,14
2025-12-06,2025020447,20252026,linesman,Shandor Alphonso,CAR,NSH,4,7,11,5,5,1,8,14
2025-12-06,2025020447,20252026,linesman,Julien Fournier,CAR,NSH,4,7,11,5,5,1,8,14
2025-12-06,2025020448,20252026,referee,Tom Chmielewski,CGY,UTA,2,1,3,1,1,1,4,2
2025-12-06,2025020448,20252026,referee,Pierre Lambert,CGY,UTA,2,1,3,1,1,1,4,2
2025-12-06,2025020448,20252026,linesman,Jonathan Deschamps,CGY,UTA,2,1,3,1,1,1,4,2
2025-12-06,2025020448,20252026,linesman,Mark Shewchyk,CGY,UTA,2,1,3,1,1,1,4,2
2025-12-06,2025020449,20252026,referee,Mitch Dunning,LAK,CHI,4,3,7,1,4,2,8,6
2025-12-06,2025020449,20252026,referee,Peter MacDougall,LAK,CHI,4,3,7,1,4,2,8,6
2025-12-06,2025020449,20252026,linesman,Brandon Grillo,LAK,CHI,4,3,7,1,4,2,8,6
2025-12-06,2025020449,20252026,linesman,Kiel Murchison,LAK,CHI,4,3,7,1,4,2,8,6
2025-12-06,2025020450,20252026,referee,Cody Beach,EDM,WPG,2,2,4,2,0,2,4,4
2025-12-06,2025020450,20252026,referee,Eric Furlatt,EDM,WPG,2,2,4,2,0,2,4,4
2025-12-06,2025020450,20252026,linesman,Bevan Mills,EDM,WPG,2,2,4,2,0,2,4,4
2025-12-06,2025020450,20252026,linesman,Caleb Apperson,EDM,WPG,2,2,4,2,0,2,4,4
2025-12-06,2025020451,20252026,referee,Frederick L'Ecuyer,VAN,MIN,5,5,10,3,1,6,10,10
2025-12-06,2025020451,20252026,referee,Carter Sandlak,VAN,MIN,5,5,10,3,1,6,10,10
2025-12-06,2025020451,20252026,linesman,Andrew Smith,VAN,MIN,5,5,10,3,1,6,10,10
2025-12-06,2025020451,20252026,linesman,Tyson Baker,VAN,MIN,5,5,10,3,1,6,10,10
2025-12-06,2025020452,20252026,referee,Kyle Rehman,SEA,DET,2,3,5,2,3,0,4,6
2025-12-06,2025020452,20252026,referee,Jake Brenk,SEA,DET,2,3,5,2,3,0,4,6
2025-12-06,2025020452,20252026,linesman,Trent Knorr,SEA,DET,2,3,5,2,3,0,4,6
2025-12-06,2025020452,20252026,linesman,Travis Toomey,SEA,DET,2,3,5,2,3,0,4,6
2025-12-07,2025020453,20252026,referee,Jon McIsaac,PHI,COL,2,1,3,1,2,0,4,2
2025-12-07,2025020453,20252026,referee,Alex Lepkowski,PHI,COL,2,1,3,1,2,0,4,2
2025-12-07,2025020453,20252026,linesman,Michel Cormier,PHI,COL,2,1,3,1,2,0,4,2
2025-12-07,2025020453,20252026,linesman,Dan Kelly,PHI,COL,2,1,3,1,2,0,4,2
2025-12-07,2025020454,20252026,referee,Jean Hebert,FLA,NYI,3,3,6,0,2,4,6,6
2025-12-07,2025020454,20252026,referee,Brandon Schrader,FLA,NYI,3,3,6,0,2,4,6,6
2025-12-07,2025020454,20252026,linesman,CJ Murray,FLA,NYI,3,3,6,0,2,4,6,6
2025-12-07,2025020454,20252026,linesman,Devin Berg,FLA,NYI,3,3,6,0,2,4,6,6
2025-12-07,2025020455,20252026,referee,Thomas John Luxmore,CAR,SJS,3,4,7,3,1,3,6,8
2025-12-07,2025020455,20252026,referee,Riley Brace,CAR,SJS,3,4,7,3,1,3,6,8
2025-12-07,2025020455,20252026,linesman,Shandor Alphonso,CAR,SJS,3,4,7,3,1,3,6,8
2025-12-07,2025020455,20252026,linesman,Julien Fournier,CAR,SJS,3,4,7,3,1,3,6,8
2025-12-07,2025020456,20252026,referee,Wes McCauley,DAL,PIT,2,1,3,0,2,1,4,2
2025-12-07,2025020456,20252026,referee,Liam Maaskant,DAL,PIT,2,1,3,0,2,1,4,2
2025-12-07,2025020456,20252026,linesman,Ryan Daisy,DAL,PIT,2,1,3,0,2,1,4,2
2025-12-07,2025020456,20252026,linesman,David Brisebois,DAL,PIT,2,1,3,0,2,1,4,2
2025-12-07,2025020457,20252026,referee,Kelly Sutherland,MTL,STL,3,3,6,2,2,2,6,6
2025-12-07,2025020457,20252026,referee,Graham Skilliter,MTL,STL,3,3,6,2,2,2,6,6
2025-12-07,2025020457,20252026,linesman,Tommy Hughes,MTL,STL,3,3,6,2,2,2,6,6
2025-12-07,2025020457,20252026,linesman,Matt MacPherson,MTL,STL,3,3,6,2,2,2,6,6
2025-12-07,2025020458,20252026,referee,Furman South,NYR,VGK,3,2,5,0,3,2,6,4
2025-12-07,2025020458,20252026,referee,Chris Lee,NYR,VGK,3,2,5,0,3,2,6,4
2025-12-07,2025020458,20252026,linesman,Ryan Gibbons,NYR,VGK,3,2,5,0,3,2,6,4
2025-12-07,2025020458,20252026,linesman,Jeremy Faucher,NYR,VGK,3,2,5,0,3,2,6,4
2025-12-07,2025020459,20252026,referee,Trevor Hanson,WSH,CBJ,3,4,7,0,4,3,6,8
2025-12-07,2025020459,20252026,referee,Jordan Samuels-Thomas,WSH,CBJ,3,4,7,0,4,3,6,8
2025-12-07,2025020459,20252026,linesman,Libor Suchanek,WSH,CBJ,3,4,7,0,4,3,6,8
2025-12-07,2025020459,20252026,linesman,Ryan Jackson,WSH,CBJ,3,4,7,0,4,3,6,8
2025-12-07,2025020460,20252026,referee,Peter MacDougall,ANA,CHI,2,5,7,3,2,2,4,10
2025-12-07,2025020460,20252026,referee,Beau Halkidis,ANA,CHI,2,5,7,3,2,2,4,10
2025-12-07,2025020460,20252026,linesman,Brandon Grillo,ANA,CHI,2,5,7,3,2,2,4,10
2025-12-07,2025020460,20252026,linesman,Kiel Murchison,ANA,CHI,2,5,7,3,2,2,4,10
2025-12-08,2025020461,20252026,referee,Francois St-Laurent,TOR,TBL,1,2,3,1,1,1,2,4
2025-12-08,2025020461,20252026,referee,Graham Skilliter,TOR,TBL,1,2,3,1,1,1,2,4
2025-12-08,2025020461,20252026,linesman,Kyle Flemington,TOR,TBL,1,2,3,1,1,1,2,4
2025-12-08,2025020461,20252026,linesman,Matt MacPherson,TOR,TBL,1,2,3,1,1,1,2,4
2025-12-08,2025020462,20252026,referee,Wes McCauley,UTA,LAK,1,4,5,3,1,1,2,8
2025-12-08,2025020462,20252026,referee,Frederick L'Ecuyer,UTA,LAK,1,4,5,3,1,1,2,8
2025-12-08,2025020462,20252026,linesman,Kiel Murchison,UTA,LAK,1,4,5,3,1,1,2,8
2025-12-08,2025020462,20252026,linesman,Kilian McNamara,UTA,LAK,1,4,5,3,1,1,2,8
2025-12-08,2025020463,20252026,referee,Garrett Rank,CGY,BUF,9,8,17,6,6,5,18,16
2025-12-08,2025020463,20252026,referee,Jake Brenk,CGY,BUF,9,8,17,6,6,5,18,16
2025-12-08,2025020463,20252026,linesman,Andrew Smith,CGY,BUF,9,8,17,6,6,5,18,16
2025-12-08,2025020463,20252026,linesman,Tyson Baker,CGY,BUF,9,8,17,6,6,5,18,16
2025-12-08,2025020464,20252026,referee,Chris Schlenker,VAN,DET,2,3,5,1,1,3,4,6
2025-12-08,2025020464,20252026,referee,Eric Furlatt,VAN,DET,2,3,5,1,1,3,4,6
2025-12-08,2025020464,20252026,linesman,Bevan Mills,VAN,DET,2,3,5,1,1,3,4,6
2025-12-08,2025020464,20252026,linesman,Jonathan Deschamps,VAN,DET,2,3,5,1,1,3,4,6
2025-12-08,2025020465,20252026,referee,Pierre Lambert,SEA,MIN,4,4,8,5,3,0,8,8
2025-12-08,2025020465,20252026,referee,Carter Sandlak,SEA,MIN,4,4,8,5,3,0,8,8
2025-12-08,2025020465,20252026,linesman,Caleb Apperson,SEA,MIN,4,4,8,5,3,0,8,8
2025-12-08,2025020465,20252026,linesman,Travis Toomey,SEA,MIN,4,4,8,5,3,0,8,8
2025-12-09,2025020466,20252026,referee,Francis Charron,MTL,TBL,5,6,11,4,3,4,10,12
2025-12-09,2025020466,20252026,referee,Michael Markovic,MTL,TBL,5,6,11,4,3,4,10,12
2025-12-09,2025020466,20252026,linesman,Shawn Oliver,MTL,TBL,5,6,11,4,3,4,10,12
2025-12-09,2025020466,20252026,linesman,Brad Kovachik,MTL,TBL,5,6,11,4,3,4,10,12
2025-12-09,2025020467,20252026,referee,Francois St-Laurent,OTT,NJD,4,4,8,3,4,1,8,8
2025-12-09,2025020467,20252026,referee,Kelly Sutherland,OTT,NJD,4,4,8,3,4,1,8,8
2025-12-09,2025020467,20252026,linesman,Shandor Alphonso,OTT,NJD,4,4,8,3,4,1,8,8
2025-12-09,2025020467,20252026,linesman,Kyle Flemington,OTT,NJD,4,4,8,3,4,1,8,8
2025-12-09,2025020468,20252026,referee,Kyle Rehman,NYI,VGK,5,4,9,5,1,3,10,8
2025-12-09,2025020468,20252026,referee,Mike Sullivan,NYI,VGK,5,4,9,5,1,3,10,8
2025-12-09,2025020468,20252026,linesman,Ryan Gibbons,NYI,VGK,5,4,9,5,1,3,10,8
2025-12-09,2025020468,20252026,linesman,Mark Shewchyk,NYI,VGK,5,4,9,5,1,3,10,8
2025-12-09,2025020469,20252026,referee,Kendrick Nicholson,PHI,SJS,2,2,4,2,1,1,4,4
2025-12-09,2025020469,20252026,referee,Jordan Samuels-Thomas,PHI,SJS,2,2,4,2,1,1,4,4
2025-12-09,2025020469,20252026,linesman,Julien Fournier,PHI,SJS,2,2,4,2,1,1,4,4
2025-12-09,2025020469,20252026,linesman,Steve Barton,PHI,SJS,2,2,4,2,1,1,4,4
2025-12-09,2025020470,20252026,referee,Jon McIsaac,PIT,ANA,1,5,6,2,2,2,2,10
2025-12-09,2025020470,20252026,referee,Justin Kea,PIT,ANA,1,5,6,2,2,2,2,10
2025-12-09,2025020470,20252026,linesman,Michel Cormier,PIT,ANA,1,5,6,2,2,2,2,10
2025-12-09,2025020470,20252026,linesman,Dan Kelly,PIT,ANA,1,5,6,2,2,2,2,10
2025-12-09,2025020471,20252026,referee,Chris Lee,CAR,CBJ,3,4,7,3,0,4,6,8
2025-12-09,2025020471,20252026,referee,Brandon Schrader,CAR,CBJ,3,4,7,3,0,4,6,8
2025-12-09,2025020471,20252026,linesman,Libor Suchanek,CAR,CBJ,3,4,7,3,0,4,6,8
2025-12-09,2025020471,20252026,linesman,CJ Murray,CAR,CBJ,3,4,7,3,0,4,6,8
2025-12-09,2025020472,20252026,referee,Tom Chmielewski,STL,BOS,3,3,6,6,0,0,6,6
2025-12-09,2025020472,20252026,referee,Peter MacDougall,STL,BOS,3,3,6,6,0,0,6,6
2025-12-09,2025020472,20252026,linesman,Dylan Blujus,STL,BOS,3,3,6,6,0,0,6,6
2025-12-09,2025020472,20252026,linesman,Trent Knorr,STL,BOS,3,3,6,6,0,0,6,6
2025-12-09,2025020473,20252026,referee,Garrett Rank,WPG,DAL,4,4,8,3,1,4,8,8
2025-12-09,2025020473,20252026,referee,Jake Brenk,WPG,DAL,4,4,8,3,1,4,8,8
2025-12-09,2025020473,20252026,linesman,James Tobias,WPG,DAL,4,4,8,3,1,4,8,8
2025-12-09,2025020473,20252026,linesman,Tommy Hughes,WPG,DAL,4,4,8,3,1,4,8,8
2025-12-09,2025020474,20252026,referee,Eric Furlatt,EDM,BUF,6,4,10,2,3,5,12,8
2025-12-09,2025020474,20252026,referee,Stephen Hiff,EDM,BUF,6,4,10,2,3,5,12,8
2025-12-09,2025020474,20252026,linesman,Jesse Marquis,EDM,BUF,6,4,10,2,3,5,12,8
2025-12-09,2025020474,20252026,linesman,Tyson Baker,EDM,BUF,6,4,10,2,3,5,12,8
2025-12-09,2025020475,20252026,referee,Mitch Dunning,NSH,COL,4,2,6,2,3,1,8,4
2025-12-09,2025020475,20252026,referee,Thomas John Luxmore,NSH,COL,4,2,6,2,3,1,8,4
2025-12-09,2025020475,20252026,linesman,Ryan Daisy,NSH,COL,4,2,6,2,3,1,8,4
2025-12-09,2025020475,20252026,linesman,David Brisebois,NSH,COL,4,2,6,2,3,1,8,4
2025-12-10,2025020476,20252026,referee,Tom Chmielewski,CHI,NYR,3,4,7,0,2,5,6,8
2025-12-10,2025020476,20252026,referee,Gord Dwyer,CHI,NYR,3,4,7,0,2,5,6,8
2025-12-10,2025020476,20252026,linesman,Ryan Daisy,CHI,NYR,3,4,7,0,2,5,6,8
2025-12-10,2025020476,20252026,linesman,David Brisebois,CHI,NYR,3,4,7,0,2,5,6,8
2025-12-10,2025020477,20252026,referee,Graham Skilliter,CGY,DET,4,5,9,4,4,1,8,10
2025-12-10,2025020477,20252026,referee,Eric Furlatt,CGY,DET,4,5,9,4,4,1,8,10
2025-12-10,2025020477,20252026,linesman,Jesse Marquis,CGY,DET,4,5,9,4,4,1,8,10
2025-12-10,2025020477,20252026,linesman,Jeremy Faucher,CGY,DET,4,5,9,4,4,1,8,10
2025-12-10,2025020478,20252026,referee,Chris Schlenker,UTA,FLA,2,3,5,2,1,2,4,6
2025-12-10,2025020478,20252026,referee,Pierre Lambert,UTA,FLA,2,3,5,2,1,2,4,6
2025-12-10,2025020478,20252026,linesman,Caleb Apperson,UTA,FLA,2,3,5,2,1,2,4,6
2025-12-10,2025020478,20252026,linesman,Kiel Murchison,UTA,FLA,2,3,5,2,1,2,4,6
2025-12-10,2025020479,20252026,referee,Wes McCauley,SEA,LAK,5,6,11,2,4,5,10,12
2025-12-10,2025020479,20252026,referee,Cody Beach,SEA,LAK,5,6,11,2,4,5,10,12
2025-12-10,2025020479,20252026,linesman,Travis Gawryletz,SEA,LAK,5,6,11,2,4,5,10,12
2025-12-10,2025020479,20252026,linesman,Kilian McNamara,SEA,LAK,5,6,11,2,4,5,10,12
2025-12-11,2025020480,20252026,referee,Francis Charron,TOR,SJS,2,3,5,1,2,2,4,6
2025-12-11,2025020480,20252026,referee,Michael Markovic,TOR,SJS,2,3,5,1,2,2,4,6
2025-12-11,2025020480,20252026,linesman,Shawn Oliver,TOR,SJS,2,3,5,1,2,2,4,6
2025-12-11,2025020480,20252026,linesman,Brad Kovachik,TOR,SJS,2,3,5,1,2,2,4,6
2025-12-11,2025020481,20252026,referee,Kyle Rehman,NJD,TBL,3,3,6,3,1,2,6,6
2025-12-11,2025020481,20252026,referee,Frederick L'Ecuyer,NJD,TBL,3,3,6,3,1,2,6,6
2025-12-11,2025020481,20252026,linesman,Michel Cormier,NJD,TBL,3,3,6,3,1,2,6,6
2025-12-11,2025020481,20252026,linesman,Mark Shewchyk,NJD,TBL,3,3,6,3,1,2,6,6
2025-12-11,2025020482,20252026,referee,Jon McIsaac,NYI,ANA,1,4,5,2,2,1,2,8
2025-12-11,2025020482,20252026,referee,Francois St-Laurent,NYI,ANA,1,4,5,2,2,1,2,8
2025-12-11,2025020482,20252026,linesman,Steve Barton,NYI,ANA,1,4,5,2,2,1,2,8
2025-12-11,2025020482,20252026,linesman,Ben O'Quinn,NYI,ANA,1,4,5,2,2,1,2,8
2025-12-11,2025020483,20252026,referee,Corey Syvret,PHI,VGK,2,3,5,1,3,1,4,6
2025-12-11,2025020483,20252026,referee,Brandon Blandina,PHI,VGK,2,3,5,1,3,1,4,6
2025-12-11,2025020483,20252026,linesman,Libor Suchanek,PHI,VGK,2,3,5,1,3,1,4,6
2025-12-11,2025020483,20252026,linesman,Brandon Grillo,PHI,VGK,2,3,5,1,3,1,4,6
2025-12-11,2025020484,20252026,referee,Mitch Dunning,PIT,MTL,4,6,10,2,3,5,8,12
2025-12-11,2025020484,20252026,referee,Peter MacDougall,PIT,MTL,4,6,10,2,3,5,8,12
2025-12-11,2025020484,20252026,linesman,David Brisebois,PIT,MTL,4,6,10,2,3,5,8,12
2025-12-11,2025020484,20252026,linesman,Dan Kelly,PIT,MTL,4,6,10,2,3,5,8,12
2025-12-11,2025020485,20252026,referee,Furman South,WSH,CAR,2,1,3,1,1,1,4,2
2025-12-11,2025020485,20252026,referee,Kendrick Nicholson,WSH,CAR,2,1,3,1,1,1,4,2
2025-12-11,2025020485,20252026,linesman,Dylan Blujus,WSH,CAR,2,1,3,1,1,1,4,2
2025-12-11,2025020485,20252026,linesman,Trent Knorr,WSH,CAR,2,1,3,1,1,1,4,2
2025-12-11,2025020486,20252026,referee,Gord Dwyer,CBJ,OTT,2,1,3,1,1,1,4,2
2025-12-11,2025020486,20252026,referee,Alex Lepkowski,CBJ,OTT,2,1,3,1,1,1,4,2
2025-12-11,2025020486,20252026,linesman,Ryan Daisy,CBJ,OTT,2,1,3,1,1,1,4,2
2025-12-11,2025020486,20252026,linesman,Tyson Baker,CBJ,OTT,2,1,3,1,1,1,4,2
2025-12-11,2025020487,20252026,referee,Tom Chmielewski,NSH,STL,3,4,7,3,0,4,6,8
2025-12-11,2025020487,20252026,referee,Graedy Hamilton,NSH,STL,3,4,7,3,0,4,6,8
2025-12-11,2025020487,20252026,linesman,Bevan Mills,NSH,STL,3,4,7,3,0,4,6,8
2025-12-11,2025020487,20252026,linesman,CJ Murray,NSH,STL,3,4,7,3,0,4,6,8
2025-12-11,2025020488,20252026,referee,Chris Lee,MIN,DAL,1,3,4,1,3,0,2,6
2025-12-11,2025020488,20252026,referee,Justin Kea,MIN,DAL,1,3,4,1,3,0,2,6
2025-12-11,2025020488,20252026,linesman,Julien Fournier,MIN,DAL,1,3,4,1,3,0,2,6
2025-12-11,2025020488,20252026,linesman,Brandon Gawryletz,MIN,DAL,1,3,4,1,3,0,2,6
2025-12-11,2025020489,20252026,referee,Kelly Sutherland,WPG,BOS,2,4,6,5,1,0,4,8
2025-12-11,2025020489,20252026,referee,Liam Maaskant,WPG,BOS,2,4,6,5,1,0,4,8
2025-12-11,2025020489,20252026,linesman,James Tobias,WPG,BOS,2,4,6,5,1,0,4,8
2025-12-11,2025020489,20252026,linesman,Tommy Hughes,WPG,BOS,2,4,6,5,1,0,4,8
2025-12-11,2025020491,20252026,referee,Garrett Rank,EDM,DET,2,2,4,2,2,0,4,4
2025-12-11,2025020491,20252026,referee,Graham Skilliter,EDM,DET,2,2,4,2,2,0,4,4
2025-12-11,2025020491,20252026,linesman,Jesse Marquis,EDM,DET,2,2,4,2,2,0,4,4
2025-12-11,2025020491,20252026,linesman,Jeremy Faucher,EDM,DET,2,2,4,2,2,0,4,4
2025-12-11,2025020490,20252026,referee,Chris Schlenker,COL,FLA,2,3,5,2,2,1,4,6
2025-12-11,2025020490,20252026,referee,Trevor Hanson,COL,FLA,2,3,5,2,2,1,4,6
2025-12-11,2025020490,20252026,linesman,Kiel Murchison,COL,FLA,2,3,5,2,2,1,4,6
2025-12-11,2025020490,20252026,linesman,Ryan Jackson,COL,FLA,2,3,5,2,2,1,4,6
2025-12-11,2025020492,20252026,referee,Wes McCauley,VAN,BUF,4,5,9,4,4,1,8,10
2025-12-11,2025020492,20252026,referee,Cody Beach,VAN,BUF,4,5,9,4,4,1,8,10
2025-12-11,2025020492,20252026,linesman,Travis Gawryletz,VAN,BUF,4,5,9,4,4,1,8,10
2025-12-11,2025020492,20252026,linesman,Kilian McNamara,VAN,BUF,4,5,9,4,4,1,8,10
2025-12-12,2025020493,20252026,referee,Pierre Lambert,STL,CHI,1,2,3,1,0,2,2,4
2025-12-12,2025020493,20252026,referee,Justin Kea,STL,CHI,1,2,3,1,0,2,2,4
2025-12-12,2025020493,20252026,linesman,Bevan Mills,STL,CHI,1,2,3,1,0,2,2,4
2025-12-12,2025020493,20252026,linesman,Julien Fournier,STL,CHI,1,2,3,1,0,2,2,4
2025-12-12,2025020494,20252026,referee,Chris Schlenker,UTA,SEA,5,3,8,2,2,4,10,6
2025-12-12,2025020494,20252026,referee,Wes McCauley,UTA,SEA,5,3,8,2,2,4,10,6
2025-12-12,2025020494,20252026,linesman,Caleb Apperson,UTA,SEA,5,3,8,2,2,4,10,6
2025-12-12,2025020494,20252026,linesman,Ryan Jackson,UTA,SEA,5,3,8,2,2,4,10,6
2025-12-13,2025020495,20252026,referee,Kendrick Nicholson,NJD,ANA,3,2,5,1,4,0,6,4
2025-12-13,2025020495,20252026,referee,Brandon Blandina,NJD,ANA,3,2,5,1,4,0,6,4
2025-12-13,2025020495,20252026,linesman,Steve Barton,NJD,ANA,3,2,5,1,4,0,6,4
2025-12-13,2025020495,20252026,linesman,Ben O'Quinn,NJD,ANA,3,2,5,1,4,0,6,4
2025-12-13,2025020496,20252026,referee,Jon McIsaac,MIN,OTT,5,4,9,1,4,4,10,8
2025-12-13,2025020496,20252026,referee,Graedy Hamilton,MIN,OTT,5,4,9,1,4,4,10,8
2025-12-13,2025020496,20252026,linesman,James Tobias,MIN,OTT,5,4,9,1,4,4,10,8
2025-12-13,2025020496,20252026,linesman,Matt MacPherson,MIN,OTT,5,4,9,1,4,4,10,8
2025-12-13,2025020497,20252026,referee,Francis Charron,PIT,SJS,6,7,13,5,2,6,12,14
2025-12-13,2025020497,20252026,referee,Carter Sandlak,PIT,SJS,6,7,13,5,2,6,12,14
2025-12-13,2025020497,20252026,linesman,Kyle Flemington,PIT,SJS,6,7,13,5,2,6,12,14
2025-12-13,2025020497,20252026,linesman,Shawn Oliver,PIT,SJS,6,7,13,5,2,6,12,14
2025-12-13,2025020498,20252026,referee,Frederick L'Ecuyer,NYI,TBL,5,4,9,4,4,1,10,8
2025-12-13,2025020498,20252026,referee,Jake Brenk,NYI,TBL,5,4,9,4,4,1,10,8
2025-12-13,2025020498,20252026,linesman,Libor Suchanek,NYI,TBL,5,4,9,4,4,1,10,8
2025-12-13,2025020498,20252026,linesman,Brandon Grillo,NYI,TBL,5,4,9,4,4,1,10,8
2025-12-13,2025020499,20252026,referee,Furman South,TOR,EDM,2,1,3,1,2,0,4,2
2025-12-13,2025020499,20252026,referee,Brian Pochmara,TOR,EDM,2,1,3,1,2,0,4,2
2025-12-13,2025020499,20252026,linesman,Shandor Alphonso,TOR,EDM,2,1,3,1,2,0,4,2
2025-12-13,2025020499,20252026,linesman,David Brisebois,TOR,EDM,2,1,3,1,2,0,4,2
2025-12-13,2025020500,20252026,referee,Kyle Rehman,NYR,MTL,2,2,4,2,2,0,4,4
2025-12-13,2025020500,20252026,referee,Corey Syvret,NYR,MTL,2,2,4,2,2,0,4,4
2025-12-13,2025020500,20252026,linesman,Trent Knorr,NYR,MTL,2,2,4,2,2,0,4,4
2025-12-13,2025020500,20252026,linesman,Mark Shewchyk,NYR,MTL,2,2,4,2,2,0,4,4
2025-12-13,2025020501,20252026,referee,Thomas John Luxmore,PHI,CAR,2,0,2,1,1,0,4,0
2025-12-13,2025020501,20252026,referee,Mike Sullivan,PHI,CAR,2,0,2,1,1,0,4,0
2025-12-13,2025020501,20252026,linesman,Andrew Smith,PHI,CAR,2,0,2,1,1,0,4,0
2025-12-13,2025020501,20252026,linesman,Tommy Hughes,PHI,CAR,2,0,2,1,1,0,4,0
2025-12-13,2025020502,20252026,referee,Mitch Dunning,CBJ,VGK,3,4,7,2,3,2,6,8
2025-12-13,2025020502,20252026,referee,Peter MacDougall,CBJ,VGK,3,4,7,2,3,2,6,8
2025-12-13,2025020502,20252026,linesman,Tyson Baker,CBJ,VGK,3,4,7,2,3,2,6,8
2025-12-13,2025020502,20252026,linesman,Dan Kelly,CBJ,VGK,3,4,7,2,3,2,6,8
2025-12-13,2025020503,20252026,referee,Garrett Rank,WPG,WSH,5,3,8,2,3,3,10,6
2025-12-13,2025020503,20252026,referee,Michael Markovic,WPG,WSH,5,3,8,2,3,3,10,6
2025-12-13,2025020503,20252026,linesman,Brandon Gawryletz,WPG,WSH,5,3,8,2,3,3,10,6
2025-12-13,2025020503,20252026,linesman,Jeremy Faucher,WPG,WSH,5,3,8,2,3,3,10,6
2025-12-13,2025020504,20252026,referee,Francois St-Laurent,CHI,DET,3,3,6,2,3,1,6,6
2025-12-13,2025020504,20252026,referee,Stephen Hiff,CHI,DET,3,3,6,2,3,1,6,6
2025-12-13,2025020504,20252026,linesman,CJ Murray,CHI,DET,3,3,6,2,3,1,6,6
2025-12-13,2025020504,20252026,linesman,Kilian McNamara,CHI,DET,3,3,6,2,3,1,6,6
2025-12-13,2025020505,20252026,referee,Trevor Hanson,DAL,FLA,5,4,9,1,4,4,10,8
2025-12-13,2025020505,20252026,referee,Morgan MacPhee,DAL,FLA,5,4,9,1,4,4,10,8
2025-12-13,2025020505,20252026,linesman,Bevan Mills,DAL,FLA,5,4,9,1,4,4,10,8
2025-12-13,2025020505,20252026,linesman,Travis Toomey,DAL,FLA,5,4,9,1,4,4,10,8
2025-12-13,2025020506,20252026,referee,Cody Beach,COL,NSH,3,4,7,3,3,1,6,8
2025-12-13,2025020506,20252026,referee,Tom Chmielewski,COL,NSH,3,4,7,3,3,1,6,8
2025-12-13,2025020506,20252026,linesman,Travis Gawryletz,COL,NSH,3,4,7,3,3,1,6,8
2025-12-13,2025020506,20252026,linesman,Jesse Marquis,COL,NSH,3,4,7,3,3,1,6,8
2025-12-13,2025020507,20252026,referee,Chris Lee,LAK,CGY,4,2,6,1,3,2,8,4
2025-12-13,2025020507,20252026,referee,Jordan Samuels-Thomas,LAK,CGY,4,2,6,1,3,2,8,4
2025-12-13,2025020507,20252026,linesman,Ryan Gibbons,LAK,CGY,4,2,6,1,3,2,8,4
2025-12-13,2025020507,20252026,linesman,Joe Mahon,LAK,CGY,4,2,6,1,3,2,8,4
2025-12-14,2025020508,20252026,referee,Kendrick Nicholson,NJD,VAN,3,3,6,5,0,1,6,6
2025-12-14,2025020508,20252026,referee,Brandon Schrader,NJD,VAN,3,3,6,5,0,1,6,6
2025-12-14,2025020508,20252026,linesman,Brandon Grillo,NJD,VAN,3,3,6,5,0,1,6,6
2025-12-14,2025020508,20252026,linesman,Devin Berg,NJD,VAN,3,3,6,5,0,1,6,6
2025-12-14,2025020509,20252026,referee,Francis Charron,PIT,UTA,5,2,7,3,2,2,10,4
2025-12-14,2025020509,20252026,referee,Carter Sandlak,PIT,UTA,5,2,7,3,2,2,10,4
2025-12-14,2025020509,20252026,linesman,Shawn Oliver,PIT,UTA,5,2,7,3,2,2,10,4
2025-12-14,2025020509,20252026,linesman,Jonathan Deschamps,PIT,UTA,5,2,7,3,2,2,10,4
2025-12-14,2025020510,20252026,referee,Frederick L'Ecuyer,CAR,PHI,5,6,11,5,4,2,10,12
2025-12-14,2025020510,20252026,referee,Brandon Blandina,CAR,PHI,5,6,11,5,4,2,10,12
2025-12-14,2025020510,20252026,linesman,Julien Fournier,CAR,PHI,5,6,11,5,4,2,10,12
2025-12-14,2025020510,20252026,linesman,Ben O'Quinn,CAR,PHI,5,6,11,5,4,2,10,12
2025-12-14,2025020511,20252026,referee,Jon McIsaac,MIN,BOS,2,3,5,2,2,1,4,6
2025-12-14,2025020511,20252026,referee,Justin Kea,MIN,BOS,2,3,5,2,2,1,4,6
2025-12-14,2025020511,20252026,linesman,James Tobias,MIN,BOS,2,3,5,2,2,1,4,6
2025-12-14,2025020511,20252026,linesman,Matt MacPherson,MIN,BOS,2,3,5,2,2,1,4,6
2025-12-14,2025020512,20252026,referee,Furman South,MTL,EDM,5,4,9,4,3,2,10,8
2025-12-14,2025020512,20252026,referee,Brian Pochmara,MTL,EDM,5,4,9,4,3,2,10,8
2025-12-14,2025020512,20252026,linesman,Michel Cormier,MTL,EDM,5,4,9,4,3,2,10,8
2025-12-14,2025020512,20252026,linesman,Ryan Daisy,MTL,EDM,5,4,9,4,3,2,10,8
2025-12-14,2025020513,20252026,referee,Chris Schlenker,SEA,BUF,2,3,5,1,4,0,4,6
2025-12-14,2025020513,20252026,referee,Graham Skilliter,SEA,BUF,2,3,5,1,4,0,4,6
2025-12-14,2025020513,20252026,linesman,Kiel Murchison,SEA,BUF,2,3,5,1,4,0,4,6
2025-12-14,2025020513,20252026,linesman,Ryan Jackson,SEA,BUF,2,3,5,1,4,0,4,6
2025-12-15,2025020514,20252026,referee,Gord Dwyer,TBL,FLA,6,7,13,2,6,5,12,14
2025-12-15,2025020514,20252026,referee,Eric Furlatt,TBL,FLA,6,7,13,2,6,5,12,14
2025-12-15,2025020514,20252026,linesman,Andrew Smith,TBL,FLA,6,7,13,2,6,5,12,14
2025-12-15,2025020514,20252026,linesman,Julien Fournier,TBL,FLA,6,7,13,2,6,5,12,14
2025-12-15,2025020515,20252026,referee,Thomas John Luxmore,NYR,ANA,3,4,7,1,5,1,6,8
2025-12-15,2025020515,20252026,referee,Brandon Schrader,NYR,ANA,3,4,7,1,5,1,6,8
2025-12-15,2025020515,20252026,linesman,Brad Kovachik,NYR,ANA,3,4,7,1,5,1,6,8
2025-12-15,2025020515,20252026,linesman,Devin Berg,NYR,ANA,3,4,7,1,5,1,6,8
2025-12-15,2025020516,20252026,referee,Tom Chmielewski,WPG,OTT,3,2,5,3,2,0,6,4
2025-12-15,2025020516,20252026,referee,Michael Markovic,WPG,OTT,3,2,5,3,2,0,6,4
2025-12-15,2025020516,20252026,linesman,Brandon Gawryletz,WPG,OTT,3,2,5,3,2,0,6,4
2025-12-15,2025020516,20252026,linesman,Jeremy Faucher,WPG,OTT,3,2,5,3,2,0,6,4
2025-12-15,2025020517,20252026,referee,Trevor Hanson,STL,NSH,6,5,11,6,3,2,12,10
2025-12-15,2025020517,20252026,referee,Corey Syvret,STL,NSH,6,5,11,6,3,2,12,10
2025-12-15,2025020517,20252026,linesman,Travis Toomey,STL,NSH,6,5,11,6,3,2,12,10
2025-12-15,2025020517,20252026,linesman,Kilian McNamara,STL,NSH,6,5,11,6,3,2,12,10
2025-12-15,2025020518,20252026,referee,Chris Lee,DAL,LAK,4,3,7,1,6,0,8,6
2025-12-15,2025020518,20252026,referee,Justin Kea,DAL,LAK,4,3,7,1,6,0,8,6
2025-12-15,2025020518,20252026,linesman,Bevan Mills,DAL,LAK,4,3,7,1,6,0,8,6
2025-12-15,2025020518,20252026,linesman,Jesse Marquis,DAL,LAK,4,3,7,1,6,0,8,6
2025-12-16,2025020519,20252026,referee,Thomas John Luxmore,BOS,UTA,3,4,7,2,3,2,6,8
2025-12-16,2025020519,20252026,referee,Brandon Blandina,BOS,UTA,3,4,7,2,3,2,6,8
2025-12-16,2025020519,20252026,linesman,Brad Kovachik,BOS,UTA,3,4,7,2,3,2,6,8
2025-12-16,2025020519,20252026,linesman,David Brisebois,BOS,UTA,3,4,7,2,3,2,6,8
2025-12-16,2025020520,20252026,referee,Carter Sandlak,TOR,CHI,1,3,4,1,2,1,2,6
2025-12-16,2025020520,20252026,referee,Kendrick Nicholson,TOR,CHI,1,3,4,1,2,1,2,6
2025-12-16,2025020520,20252026,linesman,Michel Cormier,TOR,CHI,1,3,4,1,2,1,2,6
2025-12-16,2025020520,20252026,linesman,Mark Shewchyk,TOR,CHI,1,3,4,1,2,1,2,6
2025-12-16,2025020521,20252026,referee,Furman South,MTL,PHI,4,2,6,2,1,3,8,4
2025-12-16,2025020521,20252026,referee,Pierre Lambert,MTL,PHI,4,2,6,2,1,3,8,4
2025-12-16,2025020521,20252026,linesman,Steve Barton,MTL,PHI,4,2,6,2,1,3,8,4
2025-12-16,2025020521,20252026,linesman,Shawn Oliver,MTL,PHI,4,2,6,2,1,3,8,4
2025-12-16,2025020522,20252026,referee,Trevor Hanson,DET,NYI,1,2,3,0,1,2,2,4
2025-12-16,2025020522,20252026,referee,Jordan Samuels-Thomas,DET,NYI,1,2,3,0,1,2,2,4
2025-12-16,2025020522,20252026,linesman,Shandor Alphonso,DET,NYI,1,2,3,0,1,2,2,4
2025-12-16,2025020522,20252026,linesman,Tyson Baker,DET,NYI,1,2,3,0,1,2,2,4
2025-12-16,2025020523,20252026,referee,Francois St-Laurent,NYR,VAN,3,4,7,4,1,2,6,8
2025-12-16,2025020523,20252026,referee,Beau Halkidis,NYR,VAN,3,4,7,4,1,2,6,8
2025-12-16,2025020523,20252026,linesman,Devin Berg,NYR,VAN,3,4,7,4,1,2,6,8
2025-12-16,2025020523,20252026,linesman,Ben O'Quinn,NYR,VAN,3,4,7,4,1,2,6,8
2025-12-16,2025020525,20252026,referee,Francis Charron,CBJ,ANA,4,2,6,1,2,3,8,4
2025-12-16,2025020525,20252026,referee,Brandon Schrader,CBJ,ANA,4,2,6,1,2,3,8,4
2025-12-16,2025020525,20252026,linesman,Jonathan Deschamps,CBJ,ANA,4,2,6,1,2,3,8,4
2025-12-16,2025020525,20252026,linesman,Matt MacPherson,CBJ,ANA,4,2,6,1,2,3,8,4
2025-12-16,2025020524,20252026,referee,Mitch Dunning,PIT,EDM,4,6,10,4,4,2,8,12
2025-12-16,2025020524,20252026,referee,Jake Brenk,PIT,EDM,4,6,10,4,4,2,8,12
2025-12-16,2025020524,20252026,linesman,CJ Murray,PIT,EDM,4,6,10,4,4,2,8,12
2025-12-16,2025020524,20252026,linesman,Trent Knorr,PIT,EDM,4,6,10,4,4,2,8,12
2025-12-16,2025020526,20252026,referee,Kyle Rehman,MIN,WSH,2,4,6,2,2,2,4,8
2025-12-16,2025020526,20252026,referee,Corey Syvret,MIN,WSH,2,4,6,2,2,2,4,8
2025-12-16,2025020526,20252026,linesman,Travis Toomey,MIN,WSH,2,4,6,2,2,2,4,8
2025-12-16,2025020526,20252026,linesman,Kilian McNamara,MIN,WSH,2,4,6,2,2,2,4,8
2025-12-16,2025020527,20252026,referee,Graham Skilliter,SJS,CGY,2,1,3,0,2,1,4,2
2025-12-16,2025020527,20252026,referee,Graedy Hamilton,SJS,CGY,2,1,3,0,2,1,4,2
2025-12-16,2025020527,20252026,linesman,Travis Gawryletz,SJS,CGY,2,1,3,0,2,1,4,2
2025-12-16,2025020527,20252026,linesman,Ryan Jackson,SJS,CGY,2,1,3,0,2,1,4,2
2025-12-16,2025020528,20252026,referee,Kelly Sutherland,SEA,COL,8,8,16,3,3,10,16,16
2025-12-16,2025020528,20252026,referee,Cody Beach,SEA,COL,8,8,16,3,3,10,16,16
2025-12-16,2025020528,20252026,linesman,Ryan Gibbons,SEA,COL,8,8,16,3,3,10,16,16
2025-12-16,2025020528,20252026,linesman,Joe Mahon,SEA,COL,8,8,16,3,3,10,16,16
2025-12-17,2025020529,20252026,referee,Jon McIsaac,FLA,LAK,4,4,8,4,3,1,8,8
2025-12-17,2025020529,20252026,referee,Garrett Rank,FLA,LAK,4,4,8,4,3,1,8,8
2025-12-17,2025020529,20252026,linesman,Andrew Smith,FLA,LAK,4,4,8,4,3,1,8,8
2025-12-17,2025020529,20252026,linesman,Tommy Hughes,FLA,LAK,4,4,8,4,3,1,8,8
2025-12-17,2025020530,20252026,referee,Francis Charron,DET,UTA,4,4,8,1,5,2,8,8
2025-12-17,2025020530,20252026,referee,Mike Sullivan,DET,UTA,4,4,8,1,5,2,8,8
2025-12-17,2025020530,20252026,linesman,Shandor Alphonso,DET,UTA,4,4,8,1,5,2,8,8
2025-12-17,2025020530,20252026,linesman,Dan Kelly,DET,UTA,4,4,8,1,5,2,8,8
2025-12-17,2025020531,20252026,referee,Kyle Rehman,STL,WPG,3,5,8,2,2,4,6,10
2025-12-17,2025020531,20252026,referee,Jordan Samuels-Thomas,STL,WPG,3,5,8,2,2,4,6,10
2025-12-17,2025020531,20252026,linesman,Kyle Flemington,STL,WPG,3,5,8,2,2,4,6,10
2025-12-17,2025020531,20252026,linesman,Dylan Blujus,STL,WPG,3,5,8,2,2,4,6,10
2025-12-17,2025020532,20252026,referee,Gord Dwyer,NSH,CAR,4,3,7,2,4,1,8,6
2025-12-17,2025020532,20252026,referee,Eric Furlatt,NSH,CAR,4,3,7,2,4,1,8,6
2025-12-17,2025020532,20252026,linesman,Libor Suchanek,NSH,CAR,4,3,7,2,4,1,8,6
2025-12-17,2025020532,20252026,linesman,Brandon Grillo,NSH,CAR,4,3,7,2,4,1,8,6
2025-12-17,2025020533,20252026,referee,Cody Beach,VGK,NJD,2,3,5,2,2,1,4,6
2025-12-17,2025020533,20252026,referee,Chris Lee,VGK,NJD,2,3,5,2,2,1,4,6
2025-12-17,2025020533,20252026,linesman,Travis Gawryletz,VGK,NJD,2,3,5,2,2,1,4,6
2025-12-17,2025020533,20252026,linesman,Ryan Jackson,VGK,NJD,2,3,5,2,2,1,4,6
2025-12-18,2025020534,20252026,referee,Mitch Dunning,BOS,EDM,5,3,8,2,1,5,10,6
2025-12-18,2025020534,20252026,referee,Peter MacDougall,BOS,EDM,5,3,8,2,1,5,10,6
2025-12-18,2025020534,20252026,linesman,Steve Barton,BOS,EDM,5,3,8,2,1,5,10,6
2025-12-18,2025020534,20252026,linesman,David Brisebois,BOS,EDM,5,3,8,2,1,5,10,6
2025-12-18,2025020536,20252026,referee,Frederick L'Ecuyer,MTL,CHI,2,2,4,0,3,1,4,4
2025-12-18,2025020536,20252026,referee,Thomas John Luxmore,MTL,CHI,2,2,4,0,3,1,4,4
2025-12-18,2025020536,20252026,linesman,Jonathan Deschamps,MTL,CHI,2,2,4,0,3,1,4,4
2025-12-18,2025020536,20252026,linesman,Mark Shewchyk,MTL,CHI,2,2,4,0,3,1,4,4
2025-12-18,2025020537,20252026,referee,Pierre Lambert,OTT,PIT,2,3,5,2,2,1,4,6
2025-12-18,2025020537,20252026,referee,Beau Halkidis,OTT,PIT,2,3,5,2,2,1,4,6
2025-12-18,2025020537,20252026,linesman,Brad Kovachik,OTT,PIT,2,3,5,2,2,1,4,6
2025-12-18,2025020537,20252026,linesman,Jeremy Faucher,OTT,PIT,2,3,5,2,2,1,4,6
2025-12-18,2025020538,20252026,referee,Jon McIsaac,TBL,LAK,1,5,6,1,3,2,2,10
2025-12-18,2025020538,20252026,referee,Garrett Rank,TBL,LAK,1,5,6,1,3,2,2,10
2025-12-18,2025020538,20252026,linesman,Andrew Smith,TBL,LAK,1,5,6,1,3,2,2,10
2025-12-18,2025020538,20252026,linesman,Tommy Hughes,TBL,LAK,1,5,6,1,3,2,2,10
2025-12-18,2025020539,20252026,referee,Jake Brenk,WSH,TOR,5,3,8,5,2,1,10,6
2025-12-18,2025020539,20252026,referee,Brandon Schrader,WSH,TOR,5,3,8,5,2,1,10,6
2025-12-18,2025020539,20252026,linesman,James Tobias,WSH,TOR,5,3,8,5,2,1,10,6
2025-12-18,2025020539,20252026,linesman,Ben O'Quinn,WSH,TOR,5,3,8,5,2,1,10,6
2025-12-18,2025020540,20252026,referee,Wes McCauley,CBJ,MIN,1,2,3,1,1,1,2,4
2025-12-18,2025020540,20252026,referee,Mike Sullivan,CBJ,MIN,1,2,3,1,1,1,2,4
2025-12-18,2025020540,20252026,linesman,Kilian McNamara,CBJ,MIN,1,2,3,1,1,1,2,4
2025-12-18,2025020540,20252026,linesman,Dan Kelly,CBJ,MIN,1,2,3,1,1,1,2,4
2025-12-18,2025020535,20252026,referee,Trevor Hanson,BUF,PHI,3,5,8,2,3,3,6,10
2025-12-18,2025020535,20252026,referee,Michael Markovic,BUF,PHI,3,5,8,2,3,3,6,10
2025-12-18,2025020535,20252026,linesman,Matt MacPherson,BUF,PHI,3,5,8,2,3,3,6,10
2025-12-18,2025020535,20252026,linesman,Devin Berg,BUF,PHI,3,5,8,2,3,3,6,10
2025-12-18,2025020541,20252026,referee,Kyle Rehman,STL,NYR,3,4,7,0,7,0,6,8
2025-12-18,2025020541,20252026,referee,Jordan Samuels-Thomas,STL,NYR,3,4,7,0,7,0,6,8
2025-12-18,2025020541,20252026,linesman,Brandon Grillo,STL,NYR,3,4,7,0,7,0,6,8
2025-12-18,2025020541,20252026,linesman,Tyson Baker,STL,NYR,3,4,7,0,7,0,6,8
2025-12-18,2025020542,20252026,referee,Chris Schlenker,CGY,SEA,1,5,6,2,2,2,2,10
2025-12-18,2025020542,20252026,referee,Corey Syvret,CGY,SEA,1,5,6,2,2,2,2,10
2025-12-18,2025020542,20252026,linesman,Caleb Apperson,CGY,SEA,1,5,6,2,2,2,2,10
2025-12-18,2025020542,20252026,linesman,Travis Toomey,CGY,SEA,1,5,6,2,2,2,2,10
2025-12-18,2025020543,20252026,referee,Kelly Sutherland,SJS,DAL,1,3,4,1,2,1,2,6
2025-12-18,2025020543,20252026,referee,Graedy Hamilton,SJS,DAL,1,3,4,1,2,1,2,6
2025-12-18,2025020543,20252026,linesman,Ryan Gibbons,SJS,DAL,1,3,4,1,2,1,2,6
2025-12-18,2025020543,20252026,linesman,Kiel Murchison,SJS,DAL,1,3,4,1,2,1,2,6
2025-12-19,2025020544,20252026,referee,Eric Furlatt,FLA,CAR,4,3,7,0,2,5,8,6
2025-12-19,2025020544,20252026,referee,Justin Kea,FLA,CAR,4,3,7,0,2,5,8,6
2025-12-19,2025020544,20252026,linesman,Kyle Flemington,FLA,CAR,4,3,7,0,2,5,8,6
2025-12-19,2025020544,20252026,linesman,Jesse Marquis,FLA,CAR,4,3,7,0,2,5,8,6
2025-12-19,2025020545,20252026,referee,Jake Brenk,NYI,VAN,3,4,7,3,3,1,6,8
2025-12-19,2025020545,20252026,referee,Peter MacDougall,NYI,VAN,3,4,7,3,3,1,6,8
2025-12-19,2025020545,20252026,linesman,Dylan Blujus,NYI,VAN,3,4,7,3,3,1,6,8
2025-12-19,2025020545,20252026,linesman,Steve Barton,NYI,VAN,3,4,7,3,3,1,6,8
2025-12-19,2025020546,20252026,referee,Chris Lee,COL,WPG,2,3,5,1,3,1,4,6
2025-12-19,2025020546,20252026,referee,Stephen Hiff,COL,WPG,2,3,5,1,3,1,4,6
2025-12-19,2025020546,20252026,linesman,Bevan Mills,COL,WPG,2,3,5,1,3,1,4,6
2025-12-19,2025020546,20252026,linesman,CJ Murray,COL,WPG,2,3,5,1,3,1,4,6
2025-12-19,2025020547,20252026,referee,Chris Schlenker,UTA,NJD,5,4,9,3,4,2,10,8
2025-12-19,2025020547,20252026,referee,Cody Beach,UTA,NJD,5,4,9,3,4,2,10,8
2025-12-19,2025020547,20252026,linesman,Brandon Gawryletz,UTA,NJD,5,4,9,3,4,2,10,8
2025-12-19,2025020547,20252026,linesman,Travis Gawryletz,UTA,NJD,5,4,9,3,4,2,10,8
2025-12-19,2025020548,20252026,referee,Graham Skilliter,ANA,DAL,4,4,8,1,3,4,8,8
2025-12-19,2025020548,20252026,referee,Carter Sandlak,ANA,DAL,4,4,8,1,3,4,8,8
2025-12-19,2025020548,20252026,linesman,Ryan Gibbons,ANA,DAL,4,4,8,1,3,4,8,8
2025-12-19,2025020548,20252026,linesman,Joe Mahon,ANA,DAL,4,4,8,1,3,4,8,8
2025-12-20,2025020549,20252026,referee,Wes McCauley,NYR,PHI,3,4,7,1,4,2,6,8
2025-12-20,2025020549,20252026,referee,Jake Brenk,NYR,PHI,3,4,7,1,4,2,6,8
2025-12-20,2025020549,20252026,linesman,Shandor Alphonso,NYR,PHI,3,4,7,1,4,2,6,8
2025-12-20,2025020549,20252026,linesman,Jonathan Deschamps,NYR,PHI,3,4,7,1,4,2,6,8
2025-12-20,2025020550,20252026,referee,Francis Charron,WSH,DET,3,2,5,2,2,1,6,4
2025-12-20,2025020550,20252026,referee,Brandon Blandina,WSH,DET,3,2,5,2,2,1,6,4
2025-12-20,2025020550,20252026,linesman,James Tobias,WSH,DET,3,2,5,2,2,1,6,4
2025-12-20,2025020550,20252026,linesman,Ryan Jackson,WSH,DET,3,2,5,2,2,1,6,4
2025-12-20,2025020551,20252026,referee,Thomas John Luxmore,OTT,CHI,5,8,13,6,2,5,10,16
2025-12-20,2025020551,20252026,referee,Beau Halkidis,OTT,CHI,5,8,13,6,2,5,10,16
2025-12-20,2025020551,20252026,linesman,Brad Kovachik,OTT,CHI,5,8,13,6,2,5,10,16
2025-12-20,2025020551,20252026,linesman,David Brisebois,OTT,CHI,5,8,13,6,2,5,10,16
2025-12-20,2025020552,20252026,referee,Kelly Sutherland,MIN,EDM,2,2,4,3,1,0,4,4
2025-12-20,2025020552,20252026,referee,Trevor Hanson,MIN,EDM,2,2,4,3,1,0,4,4
2025-12-20,2025020552,20252026,linesman,Brandon Grillo,MIN,EDM,2,2,4,3,1,0,4,4
2025-12-20,2025020552,20252026,linesman,Dan Kelly,MIN,EDM,2,2,4,3,1,0,4,4
2025-12-20,2025020553,20252026,referee,Furman South,BUF,NYI,2,4,6,3,0,3,4,8
2025-12-20,2025020553,20252026,referee,Brandon Schrader,BUF,NYI,2,4,6,3,0,3,4,8
2025-12-20,2025020553,20252026,linesman,Matt MacPherson,BUF,NYI,2,4,6,3,0,3,4,8
2025-12-20,2025020553,20252026,linesman,Kilian McNamara,BUF,NYI,2,4,6,3,0,3,4,8
2025-12-20,2025020554,20252026,referee,Jon McIsaac,FLA,STL,3,4,7,0,5,2,6,8
2025-12-20,2025020554,20252026,referee,Michael Markovic,FLA,STL,3,4,7,0,5,2,6,8
2025-12-20,2025020554,20252026,linesman,Tommy Hughes,FLA,STL,3,4,7,0,5,2,6,8
2025-12-20,2025020554,20252026,linesman,Michel Cormier,FLA,STL,3,4,7,0,5,2,6,8
2025-12-20,2025020555,20252026,referee,Brian Pochmara,BOS,VAN,5,4,9,3,3,3,10,8
2025-12-20,2025020555,20252026,referee,Jordan Samuels-Thomas,BOS,VAN,5,4,9,3,3,3,10,8
2025-12-20,2025020555,20252026,linesman,Libor Suchanek,BOS,VAN,5,4,9,3,3,3,10,8
2025-12-20,2025020555,20252026,linesman,Mark Shewchyk,BOS,VAN,5,4,9,3,3,3,10,8
2025-12-20,2025020556,20252026,referee,Frederick L'Ecuyer,MTL,PIT,3,1,4,2,1,1,6,2
2025-12-20,2025020556,20252026,referee,Peter MacDougall,MTL,PIT,3,1,4,2,1,1,6,2
2025-12-20,2025020556,20252026,linesman,Andrew Smith,MTL,PIT,3,1,4,2,1,1,6,2
2025-12-20,2025020556,20252026,linesman,Devin Berg,MTL,PIT,3,1,4,2,1,1,6,2
2025-12-20,2025020557,20252026,referee,Garrett Rank,TBL,CAR,7,5,12,5,6,1,14,10
2025-12-20,2025020557,20252026,referee,Justin Kea,TBL,CAR,7,5,12,5,6,1,14,10
2025-12-20,2025020557,20252026,linesman,Kyle Flemington,TBL,CAR,7,5,12,5,6,1,14,10
2025-12-20,2025020557,20252026,linesman,Jesse Marquis,TBL,CAR,7,5,12,5,6,1,14,10
2025-12-20,2025020558,20252026,referee,Tom Chmielewski,NSH,TOR,2,3,5,2,3,0,4,6
2025-12-20,2025020558,20252026,referee,Pierre Lambert,NSH,TOR,2,3,5,2,3,0,4,6
2025-12-20,2025020558,20252026,linesman,Julien Fournier,NSH,TOR,2,3,5,2,3,0,4,6
2025-12-20,2025020558,20252026,linesman,Tyson Baker,NSH,TOR,2,3,5,2,3,0,4,6
2025-12-20,2025020559,20252026,referee,Corey Syvret,CGY,VGK,2,0,2,0,1,1,4,0
2025-12-20,2025020559,20252026,referee,Kendrick Nicholson,CGY,VGK,2,0,2,0,1,1,4,0
2025-12-20,2025020559,20252026,linesman,Shawn Oliver,CGY,VGK,2,0,2,0,1,1,4,0
2025-12-20,2025020559,20252026,linesman,Ryan Daisy,CGY,VGK,2,0,2,0,1,1,4,0
2025-12-20,2025020560,20252026,referee,Graham Skilliter,ANA,CBJ,2,3,5,2,2,1,4,6
2025-12-20,2025020560,20252026,referee,Carter Sandlak,ANA,CBJ,2,3,5,2,2,1,4,6
2025-12-20,2025020560,20252026,linesman,Brandon Gawryletz,ANA,CBJ,2,3,5,2,2,1,4,6
2025-12-20,2025020560,20252026,linesman,Caleb Apperson,ANA,CBJ,2,3,5,2,2,1,4,6
2025-12-20,2025020561,20252026,referee,Francois St-Laurent,SJS,SEA,1,4,5,3,1,1,2,8
2025-12-20,2025020561,20252026,referee,Cody Beach,SJS,SEA,1,4,5,3,1,1,2,8
2025-12-20,2025020561,20252026,linesman,Travis Gawryletz,SJS,SEA,1,4,5,3,1,1,2,8
2025-12-20,2025020561,20252026,linesman,Joe Mahon,SJS,SEA,1,4,5,3,1,1,2,8
2025-12-21,2025020562,20252026,referee,Kyle Rehman,DET,WSH,1,1,2,1,1,0,2,2
2025-12-21,2025020562,20252026,referee,Chris Lee,DET,WSH,1,1,2,1,1,0,2,2
2025-12-21,2025020562,20252026,linesman,Steve Barton,DET,WSH,1,1,2,1,1,0,2,2
2025-12-21,2025020562,20252026,linesman,Jeremy Faucher,DET,WSH,1,1,2,1,1,0,2,2
2025-12-21,2025020563,20252026,referee,Chris Schlenker,MIN,COL,4,3,7,2,4,1,8,6
2025-12-21,2025020563,20252026,referee,Kelly Sutherland,MIN,COL,4,3,7,2,4,1,8,6
2025-12-21,2025020563,20252026,linesman,CJ Murray,MIN,COL,4,3,7,2,4,1,8,6
2025-12-21,2025020563,20252026,linesman,Brandon Grillo,MIN,COL,4,3,7,2,4,1,8,6
2025-12-21,2025020564,20252026,referee,Frederick L'Ecuyer,BOS,OTT,6,7,13,5,1,7,12,14
2025-12-21,2025020564,20252026,referee,Jordan Samuels-Thomas,BOS,OTT,6,7,13,5,1,7,12,14
2025-12-21,2025020564,20252026,linesman,Libor Suchanek,BOS,OTT,6,7,13,5,1,7,12,14
2025-12-21,2025020564,20252026,linesman,Mark Shewchyk,BOS,OTT,6,7,13,5,1,7,12,14
2025-12-21,2025020565,20252026,referee,Wes McCauley,NJD,BUF,0,1,1,1,0,0,0,2
2025-12-21,2025020565,20252026,referee,Brandon Blandina,NJD,BUF,0,1,1,1,0,0,0,2
2025-12-21,2025020565,20252026,linesman,Shandor Alphonso,NJD,BUF,0,1,1,1,0,0,0,2
2025-12-21,2025020565,20252026,linesman,Jonathan Deschamps,NJD,BUF,0,1,1,1,0,0,0,2
2025-12-21,2025020566,20252026,referee,Brian Pochmara,PIT,MTL,3,4,7,3,2,2,6,8
2025-12-21,2025020566,20252026,referee,Mike Sullivan,PIT,MTL,3,4,7,3,2,2,6,8
2025-12-21,2025020566,20252026,linesman,Ryan Jackson,PIT,MTL,3,4,7,3,2,2,6,8
2025-12-21,2025020566,20252026,linesman,Kilian McNamara,PIT,MTL,3,4,7,3,2,2,6,8
2025-12-21,2025020567,20252026,referee,Jon McIsaac,NSH,NYR,3,2,5,1,2,2,6,4
2025-12-21,2025020567,20252026,referee,Justin Kea,NSH,NYR,3,2,5,1,2,2,6,4
2025-12-21,2025020567,20252026,linesman,Jesse Marquis,NSH,NYR,3,2,5,1,2,2,6,4
2025-12-21,2025020567,20252026,linesman,Tyson Baker,NSH,NYR,3,2,5,1,2,2,6,4
2025-12-21,2025020568,20252026,referee,Tom Chmielewski,DAL,TOR,4,3,7,1,5,1,8,6
2025-12-21,2025020568,20252026,referee,Pierre Lambert,DAL,TOR,4,3,7,1,5,1,8,6
2025-12-21,2025020568,20252026,linesman,Julien Fournier,DAL,TOR,4,3,7,1,5,1,8,6
2025-12-21,2025020568,20252026,linesman,Ben O'Quinn,DAL,TOR,4,3,7,1,5,1,8,6
2025-12-21,2025020569,20252026,referee,Francois St-Laurent,UTA,WPG,3,3,6,3,2,1,6,6
2025-12-21,2025020569,20252026,referee,Carter Sandlak,UTA,WPG,3,3,6,3,2,1,6,6
2025-12-21,2025020569,20252026,linesman,Bevan Mills,UTA,WPG,3,3,6,3,2,1,6,6
2025-12-21,2025020569,20252026,linesman,Trent Knorr,UTA,WPG,3,3,6,3,2,1,6,6
2025-12-21,2025020570,20252026,referee,Gord Dwyer,EDM,VGK,5,3,8,4,2,2,10,6
2025-12-21,2025020570,20252026,referee,Kendrick Nicholson,EDM,VGK,5,3,8,4,2,2,10,6
2025-12-21,2025020570,20252026,linesman,Ryan Daisy,EDM,VGK,5,3,8,4,2,2,10,6
2025-12-21,2025020570,20252026,linesman,Travis Toomey,EDM,VGK,5,3,8,4,2,2,10,6
2025-12-22,2025020571,20252026,referee,Thomas John Luxmore,TBL,STL,2,4,6,4,0,2,4,8
2025-12-22,2025020571,20252026,referee,Michael Markovic,TBL,STL,2,4,6,4,0,2,4,8
2025-12-22,2025020571,20252026,linesman,Tommy Hughes,TBL,STL,2,4,6,4,0,2,4,8
2025-12-22,2025020571,20252026,linesman,Michel Cormier,TBL,STL,2,4,6,4,0,2,4,8
2025-12-22,2025020572,20252026,referee,Furman South,PHI,VAN,2,1,3,3,0,0,4,2
2025-12-22,2025020572,20252026,referee,Liam Maaskant,PHI,VAN,2,1,3,3,0,0,4,2
2025-12-22,2025020572,20252026,linesman,Shandor Alphonso,PHI,VAN,2,1,3,3,0,0,4,2
2025-12-22,2025020572,20252026,linesman,James Tobias,PHI,VAN,2,1,3,3,0,0,4,2
2025-12-22,2025020573,20252026,referee,Trevor Hanson,ANA,SEA,4,3,7,2,2,3,8,6
2025-12-22,2025020573,20252026,referee,Alex Lepkowski,ANA,SEA,4,3,7,2,2,3,8,6
2025-12-22,2025020573,20252026,linesman,Ryan Gibbons,ANA,SEA,4,3,7,2,2,3,8,6
2025-12-22,2025020573,20252026,linesman,Brandon Gawryletz,ANA,SEA,4,3,7,2,2,3,8,6
2025-12-22,2025020574,20252026,referee,Graham Skilliter,LAK,CBJ,8,6,14,4,6,4,16,12
2025-12-22,2025020574,20252026,referee,Riley Brace,LAK,CBJ,8,6,14,4,6,4,16,12
2025-12-22,2025020574,20252026,linesman,Trent Knorr,LAK,CBJ,8,6,14,4,6,4,16,12
2025-12-22,2025020574,20252026,linesman,Kiel Murchison,LAK,CBJ,8,6,14,4,6,4,16,12
2025-12-23,2025020575,20252026,referee,Garrett Rank,TOR,PIT,3,3,6,2,0,4,6,6
2025-12-23,2025020575,20252026,referee,Kendrick Nicholson,TOR,PIT,3,3,6,2,0,4,6,6
2025-12-23,2025020575,20252026,linesman,Brad Kovachik,TOR,PIT,3,3,6,2,0,4,6,6
2025-12-23,2025020575,20252026,linesman,Devin Berg,TOR,PIT,3,3,6,2,0,4,6,6
2025-12-23,2025020579,20252026,referee,Brian Pochmara,DET,DAL,5,3,8,1,2,5,10,6
2025-12-23,2025020579,20252026,referee,Peter MacDougall,DET,DAL,5,3,8,1,2,5,10,6
2025-12-23,2025020579,20252026,linesman,Kyle Flemington,DET,DAL,5,3,8,1,2,5,10,6
2025-12-23,2025020579,20252026,linesman,Tyson Baker,DET,DAL,5,3,8,1,2,5,10,6
2025-12-23,2025020576,20252026,referee,Kelly Sutherland,WSH,NYR,4,3,7,2,3,2,8,6
2025-12-23,2025020576,20252026,referee,Jordan Samuels-Thomas,WSH,NYR,4,3,7,2,3,2,8,6
2025-12-23,2025020576,20252026,linesman,Dylan Blujus,WSH,NYR,4,3,7,2,3,2,8,6
2025-12-23,2025020576,20252026,linesman,Libor Suchanek,WSH,NYR,4,3,7,2,3,2,8,6
2025-12-23,2025020577,20252026,referee,Furman South,BOS,MTL,8,6,14,5,5,4,16,12
2025-12-23,2025020577,20252026,referee,Brandon Blandina,BOS,MTL,8,6,14,5,5,4,16,12
2025-12-23,2025020577,20252026,linesman,Matt MacPherson,BOS,MTL,8,6,14,5,5,4,16,12
2025-12-23,2025020577,20252026,linesman,Dan Kelly,BOS,MTL,8,6,14,5,5,4,16,12
2025-12-23,2025020578,20252026,referee,Eric Furlatt,OTT,BUF,2,4,6,2,3,1,4,8
2025-12-23,2025020578,20252026,referee,Brandon Schrader,OTT,BUF,2,4,6,2,3,1,4,8
2025-12-23,2025020578,20252026,linesman,Steve Barton,OTT,BUF,2,4,6,2,3,1,4,8
2025-12-23,2025020578,20252026,linesman,Shawn Oliver,OTT,BUF,2,4,6,2,3,1,4,8
2025-12-23,2025020580,20252026,referee,Frederick L'Ecuyer,NYI,NJD,0,0,0,0,0,0,0,0
2025-12-23,2025020580,20252026,referee,Beau Halkidis,NYI,NJD,0,0,0,0,0,0,0,0
2025-12-23,2025020580,20252026,linesman,James Tobias,NYI,NJD,0,0,0,0,0,0,0,0
2025-12-23,2025020580,20252026,linesman,Jonathan Deschamps,NYI,NJD,0,0,0,0,0,0,0,0
2025-12-23,2025020581,20252026,referee,Francis Charron,CAR,FLA,6,3,9,3,3,3,12,6
2025-12-23,2025020581,20252026,referee,Francois St-Laurent,CAR,FLA,6,3,9,3,3,3,12,6
2025-12-23,2025020581,20252026,linesman,Julien Fournier,CAR,FLA,6,3,9,3,3,3,12,6
2025-12-23,2025020581,20252026,linesman,Michel Cormier,CAR,FLA,6,3,9,3,3,3,12,6
2025-12-23,2025020582,20252026,referee,Chris Lee,MIN,NSH,5,4,9,3,5,1,10,8
2025-12-23,2025020582,20252026,referee,Stephen Hiff,MIN,NSH,5,4,9,3,5,1,10,8
2025-12-23,2025020582,20252026,linesman,CJ Murray,MIN,NSH,5,4,9,3,5,1,10,8
2025-12-23,2025020582,20252026,linesman,Ben O'Quinn,MIN,NSH,5,4,9,3,5,1,10,8
2025-12-23,2025020583,20252026,referee,Tom Chmielewski,CHI,PHI,5,5,10,2,4,4,10,10
2025-12-23,2025020583,20252026,referee,Justin Kea,CHI,PHI,5,5,10,2,4,4,10,10
2025-12-23,2025020583,20252026,linesman,Kilian McNamara,CHI,PHI,5,5,10,2,4,4,10,10
2025-12-23,2025020583,20252026,linesman,Jeremy Faucher,CHI,PHI,5,5,10,2,4,4,10,10
2025-12-23,2025020584,20252026,referee,Wes McCauley,COL,UTA,3,2,5,2,3,0,6,4
2025-12-23,2025020584,20252026,referee,Corey Syvret,COL,UTA,3,2,5,2,3,0,6,4
2025-12-23,2025020584,20252026,linesman,Travis Gawryletz,COL,UTA,3,2,5,2,3,0,6,4
2025-12-23,2025020584,20252026,linesman,Joe Mahon,COL,UTA,3,2,5,2,3,0,6,4
2025-12-23,2025020585,20252026,referee,Cody Beach,EDM,CGY,5,7,12,2,5,5,10,14
2025-12-23,2025020585,20252026,referee,Gord Dwyer,EDM,CGY,5,7,12,2,5,5,10,14
2025-12-23,2025020585,20252026,linesman,Caleb Apperson,EDM,CGY,5,7,12,2,5,5,10,14
2025-12-23,2025020585,20252026,linesman,Travis Toomey,EDM,CGY,5,7,12,2,5,5,10,14
2025-12-23,2025020586,20252026,referee,Kyle Rehman,VGK,SJS,2,4,6,3,1,2,4,8
2025-12-23,2025020586,20252026,referee,Carter Sandlak,VGK,SJS,2,4,6,3,1,2,4,8
2025-12-23,2025020586,20252026,linesman,Bevan Mills,VGK,SJS,2,4,6,3,1,2,4,8
2025-12-23,2025020586,20252026,linesman,Kiel Murchison,VGK,SJS,2,4,6,3,1,2,4,8
2025-12-23,2025020587,20252026,referee,Trevor Hanson,LAK,SEA,2,3,5,1,1,3,4,6
2025-12-23,2025020587,20252026,referee,Graham Skilliter,LAK,SEA,2,3,5,1,1,3,4,6
2025-12-23,2025020587,20252026,linesman,Brandon Gawryletz,LAK,SEA,2,3,5,1,1,3,4,6
2025-12-23,2025020587,20252026,linesman,Trent Knorr,LAK,SEA,2,3,5,1,1,3,4,6
2025-12-27,2025020588,20252026,referee,Carter Sandlak,NYI,NYR,4,6,10,1,3,6,8,12
2025-12-27,2025020588,20252026,referee,Brandon Blandina,NYI,NYR,4,6,10,1,3,6,8,12
2025-12-27,2025020588,20252026,linesman,Matt MacPherson,NYI,NYR,4,6,10,1,3,6,8,12
2025-12-27,2025020588,20252026,linesman,Jeremy Faucher,NYI,NYR,4,6,10,1,3,6,8,12
2025-12-27,2025020589,20252026,referee,Thomas John Luxmore,BUF,BOS,1,3,4,0,2,2,2,6
2025-12-27,2025020589,20252026,referee,Liam Maaskant,BUF,BOS,1,3,4,0,2,2,2,6
2025-12-27,2025020589,20252026,linesman,Dylan Blujus,BUF,BOS,1,3,4,0,2,2,2,6
2025-12-27,2025020589,20252026,linesman,Brad Kovachik,BUF,BOS,1,3,4,0,2,2,2,6
2025-12-27,2025020590,20252026,referee,Brian Pochmara,TOR,OTT,2,4,6,3,0,3,4,8
2025-12-27,2025020590,20252026,referee,Brandon Schrader,TOR,OTT,2,4,6,3,0,3,4,8
2025-12-27,2025020590,20252026,linesman,CJ Murray,TOR,OTT,2,4,6,3,0,3,4,8
2025-12-27,2025020590,20252026,linesman,Jonathan Deschamps,TOR,OTT,2,4,6,3,0,3,4,8
2025-12-27,2025020591,20252026,referee,Wes McCauley,FLA,TBL,17,21,38,8,16,14,34,42
2025-12-27,2025020591,20252026,referee,Kelly Sutherland,FLA,TBL,17,21,38,8,16,14,34,42
2025-12-27,2025020591,20252026,linesman,James Tobias,FLA,TBL,17,21,38,8,16,14,34,42
2025-12-27,2025020591,20252026,linesman,David Brisebois,FLA,TBL,17,21,38,8,16,14,34,42
2025-12-27,2025020592,20252026,referee,Francis Charron,NJD,WSH,2,3,5,2,3,0,4,6
2025-12-27,2025020592,20252026,referee,Morgan MacPhee,NJD,WSH,2,3,5,2,3,0,4,6
2025-12-27,2025020592,20252026,linesman,Andrew Smith,NJD,WSH,2,3,5,2,3,0,4,6
2025-12-27,2025020592,20252026,linesman,Mark Shewchyk,NJD,WSH,2,3,5,2,3,0,4,6
2025-12-27,2025020593,20252026,referee,Francois St-Laurent,CAR,DET,3,2,5,0,2,3,6,4
2025-12-27,2025020593,20252026,referee,Beau Halkidis,CAR,DET,3,2,5,0,2,3,6,4
2025-12-27,2025020593,20252026,linesman,Libor Suchanek,CAR,DET,3,2,5,0,2,3,6,4
2025-12-27,2025020593,20252026,linesman,Tommy Hughes,CAR,DET,3,2,5,0,2,3,6,4
2025-12-27,2025020594,20252026,referee,Pierre Lambert,WPG,MIN,4,3,7,2,3,2,8,6
2025-12-27,2025020594,20252026,referee,Peter MacDougall,WPG,MIN,4,3,7,2,3,2,8,6
2025-12-27,2025020594,20252026,linesman,Devin Berg,WPG,MIN,4,3,7,2,3,2,8,6
2025-12-27,2025020594,20252026,linesman,Joe Mahon,WPG,MIN,4,3,7,2,3,2,8,6
2025-12-27,2025020595,20252026,referee,Garrett Rank,STL,NSH,2,2,4,2,1,1,4,4
2025-12-27,2025020595,20252026,referee,Jake Brenk,STL,NSH,2,2,4,2,1,1,4,4
2025-12-27,2025020595,20252026,linesman,Shandor Alphonso,STL,NSH,2,2,4,2,1,1,4,4
2025-12-27,2025020595,20252026,linesman,Shawn Oliver,STL,NSH,2,2,4,2,1,1,4,4
2025-12-27,2025020596,20252026,referee,Gord Dwyer,DAL,CHI,2,4,6,1,3,2,4,8
2025-12-27,2025020596,20252026,referee,Corey Syvret,DAL,CHI,2,4,6,1,3,2,4,8
2025-12-27,2025020596,20252026,linesman,Steve Barton,DAL,CHI,2,4,6,1,3,2,4,8
2025-12-27,2025020596,20252026,linesman,Brandon Grillo,DAL,CHI,2,4,6,1,3,2,4,8
2025-12-27,2025020597,20252026,referee,Kyle Rehman,LAK,ANA,4,6,10,3,4,3,8,12
2025-12-27,2025020597,20252026,referee,Tom Chmielewski,LAK,ANA,4,6,10,3,4,3,8,12
2025-12-27,2025020597,20252026,linesman,Travis Gawryletz,LAK,ANA,4,6,10,3,4,3,8,12
2025-12-27,2025020597,20252026,linesman,Travis Toomey,LAK,ANA,4,6,10,3,4,3,8,12
2025-12-27,2025020598,20252026,referee,Trevor Hanson,CGY,EDM,4,3,7,4,3,0,8,6
2025-12-27,2025020598,20252026,referee,Michael Markovic,CGY,EDM,4,3,7,4,3,0,8,6
2025-12-27,2025020598,20252026,linesman,Bevan Mills,CGY,EDM,4,3,7,4,3,0,8,6
2025-12-27,2025020598,20252026,linesman,Caleb Apperson,CGY,EDM,4,3,7,4,3,0,8,6
2025-12-27,2025020599,20252026,referee,Graham Skilliter,VAN,SJS,5,4,9,2,2,5,10,8
2025-12-27,2025020599,20252026,referee,Chris Lee,VAN,SJS,5,4,9,2,2,5,10,8
2025-12-27,2025020599,20252026,linesman,Trent Knorr,VAN,SJS,5,4,9,2,2,5,10,8
2025-12-27,2025020599,20252026,linesman,Kiel Murchison,VAN,SJS,5,4,9,2,2,5,10,8
2025-12-27,2025020600,20252026,referee,Jon McIsaac,VGK,COL,1,3,4,2,0,2,2,6
2025-12-27,2025020600,20252026,referee,Chris Schlenker,VGK,COL,1,3,4,2,0,2,2,6
2025-12-27,2025020600,20252026,linesman,Brandon Gawryletz,VGK,COL,1,3,4,2,0,2,2,6
2025-12-27,2025020600,20252026,linesman,Jonny Murray,VGK,COL,1,3,4,2,0,2,2,6
2025-12-28,2025020602,20252026,referee,Cody Beach,TBL,MTL,4,1,5,3,2,0,8,2
2025-12-28,2025020602,20252026,referee,Kendrick Nicholson,TBL,MTL,4,1,5,3,2,0,8,2
2025-12-28,2025020602,20252026,linesman,Tyson Baker,TBL,MTL,4,1,5,3,2,0,8,2
2025-12-28,2025020602,20252026,linesman,David Brisebois,TBL,MTL,4,1,5,3,2,0,8,2
2025-12-28,2025020603,20252026,referee,Eric Furlatt,CBJ,NYI,4,3,7,2,4,1,8,6
2025-12-28,2025020603,20252026,referee,Brandon Blandina,CBJ,NYI,4,3,7,2,4,1,8,6
2025-12-28,2025020603,20252026,linesman,Andrew Smith,CBJ,NYI,4,3,7,2,4,1,8,6
2025-12-28,2025020603,20252026,linesman,Jeremy Faucher,CBJ,NYI,4,3,7,2,4,1,8,6
2025-12-28,2025020601,20252026,referee,Furman South,DET,TOR,3,2,5,0,2,3,6,4
2025-12-28,2025020601,20252026,referee,Thomas John Luxmore,DET,TOR,3,2,5,0,2,3,6,4
2025-12-28,2025020601,20252026,linesman,CJ Murray,DET,TOR,3,2,5,0,2,3,6,4
2025-12-28,2025020601,20252026,linesman,Ryan Daisy,DET,TOR,3,2,5,0,2,3,6,4
2025-12-28,2025020604,20252026,referee,Corey Syvret,CHI,PIT,2,3,5,2,2,1,4,6
2025-12-28,2025020604,20252026,referee,Jake Brenk,CHI,PIT,2,3,5,2,2,1,4,6
2025-12-28,2025020604,20252026,linesman,Shandor Alphonso,CHI,PIT,2,3,5,2,2,1,4,6
2025-12-28,2025020604,20252026,linesman,Brandon Grillo,CHI,PIT,2,3,5,2,2,1,4,6
2025-12-28,2025020605,20252026,referee,Chris Lee,SEA,PHI,3,0,3,2,1,0,6,0
2025-12-28,2025020605,20252026,referee,Graedy Hamilton,SEA,PHI,3,0,3,2,1,0,6,0
2025-12-28,2025020605,20252026,linesman,Kilian McNamara,SEA,PHI,3,0,3,2,1,0,6,0
2025-12-28,2025020605,20252026,linesman,Jonny Murray,SEA,PHI,3,0,3,2,1,0,6,0
2025-12-29,2025020607,20252026,referee,Cody Beach,FLA,WSH,6,6,12,5,3,4,12,12
2025-12-29,2025020607,20252026,referee,Kendrick Nicholson,FLA,WSH,6,6,12,5,3,4,12,12
2025-12-29,2025020607,20252026,linesman,James Tobias,FLA,WSH,6,6,12,5,3,4,12,12
2025-12-29,2025020607,20252026,linesman,David Brisebois,FLA,WSH,6,6,12,5,3,4,12,12
2025-12-29,2025020608,20252026,referee,Wes McCauley,CAR,NYR,2,3,5,3,2,0,4,6
2025-12-29,2025020608,20252026,referee,Carter Sandlak,CAR,NYR,2,3,5,3,2,0,4,6
2025-12-29,2025020608,20252026,linesman,Libor Suchanek,CAR,NYR,2,3,5,3,2,0,4,6
2025-12-29,2025020608,20252026,linesman,Brad Kovachik,CAR,NYR,2,3,5,3,2,0,4,6
2025-12-29,2025020606,20252026,referee,Frederick L'Ecuyer,OTT,CBJ,3,4,7,3,4,0,6,8
2025-12-29,2025020606,20252026,referee,Stephen Hiff,OTT,CBJ,3,4,7,3,4,0,6,8
2025-12-29,2025020606,20252026,linesman,Michel Cormier,OTT,CBJ,3,4,7,3,4,0,6,8
2025-12-29,2025020606,20252026,linesman,Jonathan Deschamps,OTT,CBJ,3,4,7,3,4,0,6,8
2025-12-29,2025020609,20252026,referee,Pierre Lambert,WPG,EDM,1,3,4,2,2,0,2,6
2025-12-29,2025020609,20252026,referee,Peter MacDougall,WPG,EDM,1,3,4,2,2,0,2,6
2025-12-29,2025020609,20252026,linesman,Bevan Mills,WPG,EDM,1,3,4,2,2,0,2,6
2025-12-29,2025020609,20252026,linesman,Devin Berg,WPG,EDM,1,3,4,2,2,0,2,6
2025-12-29,2025020610,20252026,referee,Garrett Rank,STL,BUF,3,1,4,2,0,2,6,2
2025-12-29,2025020610,20252026,referee,Thomas John Luxmore,STL,BUF,3,1,4,2,0,2,6,2
2025-12-29,2025020610,20252026,linesman,Ben O'Quinn,STL,BUF,3,1,4,2,0,2,6,2
2025-12-29,2025020610,20252026,linesman,Mark Shewchyk,STL,BUF,3,1,4,2,0,2,6,2
2025-12-29,2025020611,20252026,referee,Francis Charron,COL,LAK,3,4,7,1,4,2,6,8
2025-12-29,2025020611,20252026,referee,Justin Kea,COL,LAK,3,4,7,1,4,2,6,8
2025-12-29,2025020611,20252026,linesman,Shawn Oliver,COL,LAK,3,4,7,1,4,2,6,8
2025-12-29,2025020611,20252026,linesman,Kiel Murchison,COL,LAK,3,4,7,1,4,2,6,8
2025-12-29,2025020612,20252026,referee,Kyle Rehman,UTA,NSH,2,4,6,2,1,3,4,8
2025-12-29,2025020612,20252026,referee,Jordan Samuels-Thomas,UTA,NSH,2,4,6,2,1,3,4,8
2025-12-29,2025020612,20252026,linesman,Kyle Flemington,UTA,NSH,2,4,6,2,1,3,4,8
2025-12-29,2025020612,20252026,linesman,Steve Barton,UTA,NSH,2,4,6,2,1,3,4,8
2025-12-29,2025020613,20252026,referee,Trevor Hanson,CGY,BOS,3,5,8,3,1,4,6,10
2025-12-29,2025020613,20252026,referee,Michael Markovic,CGY,BOS,3,5,8,3,1,4,6,10
2025-12-29,2025020613,20252026,linesman,Trent Knorr,CGY,BOS,3,5,8,3,1,4,6,10
2025-12-29,2025020613,20252026,linesman,Joe Mahon,CGY,BOS,3,5,8,3,1,4,6,10
2025-12-29,2025020614,20252026,referee,Tom Chmielewski,VGK,MIN,1,2,3,2,1,0,2,4
2025-12-29,2025020614,20252026,referee,Graham Skilliter,VGK,MIN,1,2,3,2,1,0,2,4
2025-12-29,2025020614,20252026,linesman,Travis Gawryletz,VGK,MIN,1,2,3,2,1,0,2,4
2025-12-29,2025020614,20252026,linesman,Caleb Apperson,VGK,MIN,1,2,3,2,1,0,2,4
2025-12-29,2025020615,20252026,referee,Chris Schlenker,ANA,SJS,2,3,5,1,1,3,4,6
2025-12-29,2025020615,20252026,referee,Chris Lee,ANA,SJS,2,3,5,1,1,3,4,6
2025-12-29,2025020615,20252026,linesman,Julien Fournier,ANA,SJS,2,3,5,1,1,3,4,6
2025-12-29,2025020615,20252026,linesman,Kilian McNamara,ANA,SJS,2,3,5,1,1,3,4,6
2025-12-29,2025020616,20252026,referee,Jon McIsaac,SEA,VAN,2,5,7,4,2,1,4,10
2025-12-29,2025020616,20252026,referee,Gord Dwyer,SEA,VAN,2,5,7,4,2,1,4,10
2025-12-29,2025020616,20252026,linesman,Travis Toomey,SEA,VAN,2,5,7,4,2,1,4,10
2025-12-29,2025020616,20252026,linesman,Jonny Murray,SEA,VAN,2,5,7,4,2,1,4,10
2025-12-30,2025020617,20252026,referee,Frederick L'Ecuyer,TOR,NJD,3,3,6,3,2,1,6,6
2025-12-30,2025020617,20252026,referee,Stephen Hiff,TOR,NJD,3,3,6,3,2,1,6,6
2025-12-30,2025020617,20252026,linesman,Shandor Alphonso,TOR,NJD,3,3,6,3,2,1,6,6
2025-12-30,2025020617,20252026,linesman,Jesse Marquis,TOR,NJD,3,3,6,3,2,1,6,6
2025-12-30,2025020618,20252026,referee,Cody Beach,FLA,MTL,3,4,7,1,3,3,6,8
2025-12-30,2025020618,20252026,referee,Kendrick Nicholson,FLA,MTL,3,4,7,1,3,3,6,8
2025-12-30,2025020618,20252026,linesman,Brad Kovachik,FLA,MTL,3,4,7,1,3,3,6,8
2025-12-30,2025020618,20252026,linesman,Tyson Baker,FLA,MTL,3,4,7,1,3,3,6,8
2025-12-30,2025020619,20252026,referee,Corey Syvret,PIT,CAR,0,2,2,2,0,0,0,4
2025-12-30,2025020619,20252026,referee,Brandon Blandina,PIT,CAR,0,2,2,2,0,0,0,4
2025-12-30,2025020619,20252026,linesman,Brandon Grillo,PIT,CAR,0,2,2,2,0,0,0,4
2025-12-30,2025020619,20252026,linesman,Ryan Daisy,PIT,CAR,0,2,2,2,0,0,0,4
2025-12-30,2025020620,20252026,referee,Wes McCauley,CHI,NYI,3,3,6,1,3,2,6,6
2025-12-30,2025020620,20252026,referee,Brian Pochmara,CHI,NYI,3,3,6,1,3,2,6,6
2025-12-30,2025020620,20252026,linesman,Ben O'Quinn,CHI,NYI,3,3,6,1,3,2,6,6
2025-12-30,2025020620,20252026,linesman,Mark Shewchyk,CHI,NYI,3,3,6,1,3,2,6,6
2025-12-30,2025020621,20252026,referee,Trevor Hanson,VAN,PHI,2,5,7,3,3,1,4,10
2025-12-30,2025020621,20252026,referee,Gord Dwyer,VAN,PHI,2,5,7,3,3,1,4,10
2025-12-30,2025020621,20252026,linesman,Trent Knorr,VAN,PHI,2,5,7,3,3,1,4,10
2025-12-30,2025020621,20252026,linesman,Travis Toomey,VAN,PHI,2,5,7,3,3,1,4,10
2025-12-31,2025020622,20252026,referee,Francois St-Laurent,WSH,NYR,1,3,4,1,3,0,2,6
2025-12-31,2025020622,20252026,referee,Morgan MacPhee,WSH,NYR,1,3,4,1,3,0,2,6
2025-12-31,2025020622,20252026,linesman,Libor Suchanek,WSH,NYR,1,3,4,1,3,0,2,6
2025-12-31,2025020622,20252026,linesman,Dan Kelly,WSH,NYR,1,3,4,1,3,0,2,6
2025-12-31,2025020623,20252026,referee,Kyle Rehman,VGK,NSH,4,3,7,2,4,1,8,6
2025-12-31,2025020623,20252026,referee,Furman South,VGK,NSH,4,3,7,2,4,1,8,6
2025-12-31,2025020623,20252026,linesman,Shawn Oliver,VGK,NSH,4,3,7,2,4,1,8,6
2025-12-31,2025020623,20252026,linesman,Kiel Murchison,VGK,NSH,4,3,7,2,4,1,8,6
2025-12-31,2025020624,20252026,referee,Francis Charron,ANA,TBL,3,3,6,0,2,4,6,6
2025-12-31,2025020624,20252026,referee,Jordan Samuels-Thomas,ANA,TBL,3,3,6,0,2,4,6,6
2025-12-31,2025020624,20252026,linesman,Julien Fournier,ANA,TBL,3,3,6,0,2,4,6,6
2025-12-31,2025020624,20252026,linesman,Kilian McNamara,ANA,TBL,3,3,6,0,2,4,6,6
2025-12-31,2025020625,20252026,referee,Jon McIsaac,SJS,MIN,1,1,2,1,1,0,2,2
2025-12-31,2025020625,20252026,referee,Brandon Schrader,SJS,MIN,1,1,2,1,1,0,2,2
2025-12-31,2025020625,20252026,linesman,Kyle Flemington,SJS,MIN,1,1,2,1,1,0,2,2
2025-12-31,2025020625,20252026,linesman,Travis Gawryletz,SJS,MIN,1,1,2,1,1,0,2,2
2025-12-31,2025020626,20252026,referee,Wes McCauley,DET,WPG,3,3,6,1,4,1,6,6
2025-12-31,2025020626,20252026,referee,Carter Sandlak,DET,WPG,3,3,6,1,4,1,6,6
2025-12-31,2025020626,20252026,linesman,Brandon Grillo,DET,WPG,3,3,6,1,4,1,6,6
2025-12-31,2025020626,20252026,linesman,Jonathan Deschamps,DET,WPG,3,3,6,1,4,1,6,6
2025-12-31,2025020627,20252026,referee,Jake Brenk,CBJ,NJD,1,3,4,1,1,2,2,6
2025-12-31,2025020627,20252026,referee,Alex Lepkowski,CBJ,NJD,1,3,4,1,1,2,2,6
2025-12-31,2025020627,20252026,linesman,CJ Murray,CBJ,NJD,1,3,4,1,1,2,2,6
2025-12-31,2025020627,20252026,linesman,Ryan Daisy,CBJ,NJD,1,3,4,1,1,2,2,6
2025-12-31,2025020628,20252026,referee,Graham Skilliter,DAL,BUF,2,2,4,1,2,1,4,4
2025-12-31,2025020628,20252026,referee,Beau Halkidis,DAL,BUF,2,2,4,1,2,1,4,4
2025-12-31,2025020628,20252026,linesman,Ben O'Quinn,DAL,BUF,2,2,4,1,2,1,4,4
2025-12-31,2025020628,20252026,linesman,Mark Shewchyk,DAL,BUF,2,2,4,1,2,1,4,4
2025-12-31,2025020629,20252026,referee,Tom Chmielewski,COL,STL,3,3,6,0,5,1,6,6
2025-12-31,2025020629,20252026,referee,Justin Kea,COL,STL,3,3,6,0,5,1,6,6
2025-12-31,2025020629,20252026,linesman,Brandon Gawryletz,COL,STL,3,3,6,0,5,1,6,6
2025-12-31,2025020629,20252026,linesman,Caleb Apperson,COL,STL,3,3,6,0,5,1,6,6
2025-12-31,2025020630,20252026,referee,Chris Schlenker,CGY,PHI,3,4,7,0,6,1,6,8
2025-12-31,2025020630,20252026,referee,Peter MacDougall,CGY,PHI,3,4,7,0,6,1,6,8
2025-12-31,2025020630,20252026,linesman,Bevan Mills,CGY,PHI,3,4,7,0,6,1,6,8
2025-12-31,2025020630,20252026,linesman,Devin Berg,CGY,PHI,3,4,7,0,6,1,6,8
2025-12-31,2025020631,20252026,referee,Trevor Hanson,EDM,BOS,4,6,10,4,3,3,8,12
2025-12-31,2025020631,20252026,referee,Michael Markovic,EDM,BOS,4,6,10,4,3,3,8,12
2025-12-31,2025020631,20252026,linesman,Trent Knorr,EDM,BOS,4,6,10,4,3,3,8,12
2025-12-31,2025020631,20252026,linesman,Joe Mahon,EDM,BOS,4,6,10,4,3,3,8,12
2026-01-01,2025020632,20252026,referee,Pierre Lambert,OTT,WSH,6,6,12,5,5,2,12,12
2026-01-01,2025020632,20252026,referee,Riley Brace,OTT,WSH,6,6,12,5,5,2,12,12
2026-01-01,2025020632,20252026,linesman,James Tobias,OTT,WSH,6,6,12,5,5,2,12,12
2026-01-01,2025020632,20252026,linesman,Jeremy Faucher,OTT,WSH,6,6,12,5,5,2,12,12
2026-01-01,2025020633,20252026,referee,Kendrick Nicholson,NYI,UTA,5,5,10,2,4,4,10,10
2026-01-01,2025020633,20252026,referee,Mike Sullivan,NYI,UTA,5,5,10,2,4,4,10,10
2026-01-01,2025020633,20252026,linesman,Libor Suchanek,NYI,UTA,5,5,10,2,4,4,10,10
2026-01-01,2025020633,20252026,linesman,Tyson Baker,NYI,UTA,5,5,10,2,4,4,10,10
2026-01-01,2025020634,20252026,referee,Kelly Sutherland,TOR,WPG,2,1,3,1,1,1,4,2
2026-01-01,2025020634,20252026,referee,Frederick L'Ecuyer,TOR,WPG,2,1,3,1,1,1,4,2
2026-01-01,2025020634,20252026,linesman,Brandon Grillo,TOR,WPG,2,1,3,1,1,1,4,2
2026-01-01,2025020634,20252026,linesman,David Brisebois,TOR,WPG,2,1,3,1,1,1,4,2
2026-01-01,2025020635,20252026,referee,Cody Beach,PIT,DET,8,3,11,6,2,3,16,6
2026-01-01,2025020635,20252026,referee,Jake Brenk,PIT,DET,8,3,11,6,2,3,16,6
2026-01-01,2025020635,20252026,linesman,Dylan Blujus,PIT,DET,8,3,11,6,2,3,16,6
2026-01-01,2025020635,20252026,linesman,Ryan Daisy,PIT,DET,8,3,11,6,2,3,16,6
2026-01-01,2025020636,20252026,referee,Corey Syvret,CAR,MTL,1,3,4,1,3,0,2,6
2026-01-01,2025020636,20252026,referee,Brandon Blandina,CAR,MTL,1,3,4,1,3,0,2,6
2026-01-01,2025020636,20252026,linesman,CJ Murray,CAR,MTL,1,3,4,1,3,0,2,6
2026-01-01,2025020636,20252026,linesman,Jesse Marquis,CAR,MTL,1,3,4,1,3,0,2,6
2026-01-01,2025020639,20252026,referee,Francis Charron,LAK,TBL,2,3,5,2,1,2,4,6
2026-01-01,2025020639,20252026,referee,Brandon Schrader,LAK,TBL,2,3,5,2,1,2,4,6
2026-01-01,2025020639,20252026,linesman,Julien Fournier,LAK,TBL,2,3,5,2,1,2,4,6
2026-01-01,2025020639,20252026,linesman,Kilian McNamara,LAK,TBL,2,3,5,2,1,2,4,6
2026-01-01,2025020637,20252026,referee,Chris Lee,CHI,DAL,1,4,5,2,2,1,2,8
2026-01-01,2025020637,20252026,referee,Alex Lepkowski,CHI,DAL,1,4,5,2,2,1,2,8
2026-01-01,2025020637,20252026,linesman,Jonathan Deschamps,CHI,DAL,1,4,5,2,2,1,2,8
2026-01-01,2025020637,20252026,linesman,Michel Cormier,CHI,DAL,1,4,5,2,2,1,2,8
2026-01-01,2025020638,20252026,referee,Jon McIsaac,SEA,NSH,2,1,3,1,2,0,4,2
2026-01-01,2025020638,20252026,referee,Brian Pochmara,SEA,NSH,2,1,3,1,2,0,4,2
2026-01-01,2025020638,20252026,linesman,Andrew Smith,SEA,NSH,2,1,3,1,2,0,4,2
2026-01-01,2025020638,20252026,linesman,Travis Toomey,SEA,NSH,2,1,3,1,2,0,4,2
2026-01-02,2025020640,20252026,referee,Wes McCauley,STL,VGK,2,2,4,4,0,0,4,4
2026-01-02,2025020640,20252026,referee,Beau Halkidis,STL,VGK,2,2,4,4,0,0,4,4
2026-01-02,2025020640,20252026,linesman,Matt MacPherson,STL,VGK,2,2,4,4,0,0,4,4
2026-01-02,2025020640,20252026,linesman,Dan Kelly,STL,VGK,2,2,4,4,0,0,4,4
2026-01-02,2025020641,20252026,referee,Garrett Rank,FLA,NYR,3,6,9,4,1,4,6,12
2026-01-02,2025020641,20252026,referee,Thomas John Luxmore,FLA,NYR,3,6,9,4,1,4,6,12
2026-01-02,2025020641,20252026,linesman,Shandor Alphonso,FLA,NYR,3,6,9,4,1,4,6,12
2026-01-02,2025020641,20252026,linesman,Brad Kovachik,FLA,NYR,3,6,9,4,1,4,6,12
2026-01-02,2025020642,20252026,referee,Brian Pochmara,VAN,SEA,2,2,4,1,3,0,4,4
2026-01-02,2025020642,20252026,referee,Justin Kea,VAN,SEA,2,2,4,1,3,0,4,4
2026-01-02,2025020642,20252026,linesman,Andrew Smith,VAN,SEA,2,2,4,1,3,0,4,4
2026-01-02,2025020642,20252026,linesman,Joe Mahon,VAN,SEA,2,2,4,1,3,0,4,4
2026-01-02,2025020643,20252026,referee,Furman South,ANA,MIN,4,1,5,1,4,0,8,2
2026-01-02,2025020643,20252026,referee,Graham Skilliter,ANA,MIN,4,1,5,1,4,0,8,2
2026-01-02,2025020643,20252026,linesman,Kyle Flemington,ANA,MIN,4,1,5,1,4,0,8,2
2026-01-02,2025020643,20252026,linesman,Kilian McNamara,ANA,MIN,4,1,5,1,4,0,8,2
2026-01-03,2025020644,20252026,referee,Chris Lee,DET,PIT,2,2,4,2,1,1,4,4
2026-01-03,2025020644,20252026,referee,Michael Markovic,DET,PIT,2,2,4,2,1,1,4,4
2026-01-03,2025020644,20252026,linesman,Devin Berg,DET,PIT,2,2,4,2,1,1,4,4
2026-01-03,2025020644,20252026,linesman,David Brisebois,DET,PIT,2,2,4,2,1,1,4,4
2026-01-03,2025020645,20252026,referee,Chris Rooney,NJD,UTA,2,3,5,1,3,1,4,6
2026-01-03,2025020645,20252026,referee,Alex Lepkowski,NJD,UTA,2,3,5,1,3,1,4,6
2026-01-03,2025020645,20252026,linesman,Michel Cormier,NJD,UTA,2,3,5,1,3,1,4,6
2026-01-03,2025020645,20252026,linesman,Jeremy Faucher,NJD,UTA,2,3,5,1,3,1,4,6
2026-01-03,2025020646,20252026,referee,Francois St-Laurent,CBJ,BUF,7,3,10,6,1,3,14,6
2026-01-03,2025020646,20252026,referee,Cody Beach,CBJ,BUF,7,3,10,6,1,3,14,6
2026-01-03,2025020646,20252026,linesman,Dylan Blujus,CBJ,BUF,7,3,10,6,1,3,14,6
2026-01-03,2025020646,20252026,linesman,Brandon Gawryletz,CBJ,BUF,7,3,10,6,1,3,14,6
2026-01-03,2025020647,20252026,referee,Jon McIsaac,EDM,PHI,2,3,5,0,3,2,4,6
2026-01-03,2025020647,20252026,referee,Tom Chmielewski,EDM,PHI,2,3,5,0,3,2,4,6
2026-01-03,2025020647,20252026,linesman,Caleb Apperson,EDM,PHI,2,3,5,0,3,2,4,6
2026-01-03,2025020647,20252026,linesman,Kiel Murchison,EDM,PHI,2,3,5,0,3,2,4,6
2026-01-03,2025020648,20252026,referee,Corey Syvret,STL,MTL,4,2,6,1,4,1,8,4
2026-01-03,2025020648,20252026,referee,Carter Sandlak,STL,MTL,4,2,6,1,4,1,8,4
2026-01-03,2025020648,20252026,linesman,CJ Murray,STL,MTL,4,2,6,1,4,1,8,4
2026-01-03,2025020648,20252026,linesman,Dan Kelly,STL,MTL,4,2,6,1,4,1,8,4
2026-01-03,2025020649,20252026,referee,Trevor Hanson,SJS,TBL,10,8,18,2,13,3,20,16
2026-01-03,2025020649,20252026,referee,Brandon Schrader,SJS,TBL,10,8,18,2,13,3,20,16
2026-01-03,2025020649,20252026,linesman,Ryan Gibbons,SJS,TBL,10,8,18,2,13,3,20,16
2026-01-03,2025020649,20252026,linesman,Travis Toomey,SJS,TBL,10,8,18,2,13,3,20,16
2026-01-03,2025020650,20252026,referee,Gord Dwyer,OTT,WPG,4,5,9,5,4,0,8,10
2026-01-03,2025020650,20252026,referee,Eric Furlatt,OTT,WPG,4,5,9,5,4,0,8,10
2026-01-03,2025020650,20252026,linesman,James Tobias,OTT,WPG,4,5,9,5,4,0,8,10
2026-01-03,2025020650,20252026,linesman,Jonathan Deschamps,OTT,WPG,4,5,9,5,4,0,8,10
2026-01-03,2025020651,20252026,referee,Jean Hebert,NYI,TOR,2,2,4,4,0,0,4,4
2026-01-03,2025020651,20252026,referee,Peter MacDougall,NYI,TOR,2,2,4,4,0,0,4,4
2026-01-03,2025020651,20252026,linesman,Libor Suchanek,NYI,TOR,2,2,4,4,0,0,4,4
2026-01-03,2025020651,20252026,linesman,Shawn Oliver,NYI,TOR,2,2,4,4,0,0,4,4
2026-01-03,2025020652,20252026,referee,Kendrick Nicholson,WSH,CHI,1,1,2,0,1,1,2,2
2026-01-03,2025020652,20252026,referee,Brandon Blandina,WSH,CHI,1,1,2,0,1,1,2,2
2026-01-03,2025020652,20252026,linesman,Ryan Daisy,WSH,CHI,1,1,2,0,1,1,2,2
2026-01-03,2025020652,20252026,linesman,Matt MacPherson,WSH,CHI,1,1,2,0,1,1,2,2
2026-01-03,2025020653,20252026,referee,Frederick L'Ecuyer,CAR,COL,5,3,8,3,3,2,10,6
2026-01-03,2025020653,20252026,referee,Jake Brenk,CAR,COL,5,3,8,3,3,2,10,6
2026-01-03,2025020653,20252026,linesman,Jesse Marquis,CAR,COL,5,3,8,3,3,2,10,6
2026-01-03,2025020653,20252026,linesman,Tyson Baker,CAR,COL,5,3,8,3,3,2,10,6
2026-01-03,2025020654,20252026,referee,Kelly Sutherland,CGY,NSH,3,4,7,3,3,1,6,8
2026-01-03,2025020654,20252026,referee,Morgan MacPhee,CGY,NSH,3,4,7,3,3,1,6,8
2026-01-03,2025020654,20252026,linesman,Travis Gawryletz,CGY,NSH,3,4,7,3,3,1,6,8
2026-01-03,2025020654,20252026,linesman,Joe Mahon,CGY,NSH,3,4,7,3,3,1,6,8
2026-01-03,2025020655,20252026,referee,Chris Schlenker,LAK,MIN,4,2,6,0,5,1,8,4
2026-01-03,2025020655,20252026,referee,Furman South,LAK,MIN,4,2,6,0,5,1,8,4
2026-01-03,2025020655,20252026,linesman,Kyle Flemington,LAK,MIN,4,2,6,0,5,1,8,4
2026-01-03,2025020655,20252026,linesman,Julien Fournier,LAK,MIN,4,2,6,0,5,1,8,4
2026-01-03,2025020656,20252026,referee,Graham Skilliter,VAN,BOS,3,6,9,3,5,1,6,12
2026-01-03,2025020656,20252026,referee,Justin Kea,VAN,BOS,3,6,9,3,5,1,6,12
2026-01-03,2025020656,20252026,linesman,Andrew Smith,VAN,BOS,3,6,9,3,5,1,6,12
2026-01-03,2025020656,20252026,linesman,Bevan Mills,VAN,BOS,3,6,9,3,5,1,6,12
2026-01-04,2025020657,20252026,referee,Wes McCauley,DAL,MTL,5,3,8,2,4,2,10,6
2026-01-04,2025020657,20252026,referee,Jordan Samuels-Thomas,DAL,MTL,5,3,8,2,4,2,10,6
2026-01-04,2025020657,20252026,linesman,CJ Murray,DAL,MTL,5,3,8,2,4,2,10,6
2026-01-04,2025020657,20252026,linesman,Ben O'Quinn,DAL,MTL,5,3,8,2,4,2,10,6
2026-01-04,2025020658,20252026,referee,Cody Beach,CBJ,PIT,3,0,3,1,1,1,6,0
2026-01-04,2025020658,20252026,referee,Chris Lee,CBJ,PIT,3,0,3,1,1,1,6,0
2026-01-04,2025020658,20252026,linesman,Dylan Blujus,CBJ,PIT,3,0,3,1,1,1,6,0
2026-01-04,2025020658,20252026,linesman,Brandon Gawryletz,CBJ,PIT,3,0,3,1,1,1,6,0
2026-01-04,2025020659,20252026,referee,Thomas John Luxmore,FLA,COL,4,3,7,3,3,1,8,6
2026-01-04,2025020659,20252026,referee,Pierre Lambert,FLA,COL,4,3,7,3,3,1,8,6
2026-01-04,2025020659,20252026,linesman,Mark Shewchyk,FLA,COL,4,3,7,3,3,1,8,6
2026-01-04,2025020659,20252026,linesman,Jonny Murray,FLA,COL,4,3,7,3,3,1,8,6
2026-01-04,2025020660,20252026,referee,Jean Hebert,NJD,CAR,3,5,8,1,4,3,6,10
2026-01-04,2025020660,20252026,referee,Peter MacDougall,NJD,CAR,3,5,8,1,4,3,6,10
2026-01-04,2025020660,20252026,linesman,Shawn Oliver,NJD,CAR,3,5,8,1,4,3,6,10
2026-01-04,2025020660,20252026,linesman,Michel Cormier,NJD,CAR,3,5,8,1,4,3,6,10
2026-01-04,2025020661,20252026,referee,Francois St-Laurent,CHI,VGK,1,2,3,0,2,1,2,4
2026-01-04,2025020661,20252026,referee,Carter Sandlak,CHI,VGK,1,2,3,0,2,1,2,4
2026-01-04,2025020661,20252026,linesman,Kilian McNamara,CHI,VGK,1,2,3,0,2,1,2,4
2026-01-04,2025020661,20252026,linesman,Dan Kelly,CHI,VGK,1,2,3,0,2,1,2,4
2026-01-05,2025020662,20252026,referee,Chris Rooney,NYR,UTA,2,5,7,0,5,2,4,10
2026-01-05,2025020662,20252026,referee,Brandon Blandina,NYR,UTA,2,5,7,0,5,2,4,10
2026-01-05,2025020662,20252026,linesman,Steve Barton,NYR,UTA,2,5,7,0,5,2,4,10
2026-01-05,2025020662,20252026,linesman,Shawn Oliver,NYR,UTA,2,5,7,0,5,2,4,10
2026-01-05,2025020663,20252026,referee,Dan O'Rourke,WSH,ANA,3,2,5,3,2,0,6,4
2026-01-05,2025020663,20252026,referee,Michael Markovic,WSH,ANA,3,2,5,3,2,0,6,4
2026-01-05,2025020663,20252026,linesman,Michel Cormier,WSH,ANA,3,2,5,3,2,0,6,4
2026-01-05,2025020663,20252026,linesman,Matt MacPherson,WSH,ANA,3,2,5,3,2,0,6,4
2026-01-05,2025020664,20252026,referee,Garrett Rank,OTT,DET,5,6,11,3,3,5,10,12
2026-01-05,2025020664,20252026,referee,Gord Dwyer,OTT,DET,5,6,11,3,3,5,10,12
2026-01-05,2025020664,20252026,linesman,Devin Berg,OTT,DET,5,6,11,3,3,5,10,12
2026-01-05,2025020664,20252026,linesman,David Brisebois,OTT,DET,5,6,11,3,3,5,10,12
2026-01-05,2025020665,20252026,referee,Kelly Sutherland,CGY,SEA,1,1,2,1,1,0,2,2
2026-01-05,2025020665,20252026,referee,Tom Chmielewski,CGY,SEA,1,1,2,1,1,0,2,2
2026-01-05,2025020665,20252026,linesman,Bevan Mills,CGY,SEA,1,1,2,1,1,0,2,2
2026-01-05,2025020665,20252026,linesman,Travis Gawryletz,CGY,SEA,1,1,2,1,1,0,2,2
2026-01-05,2025020666,20252026,referee,Chris Schlenker,LAK,MIN,7,2,9,1,5,3,14,4
2026-01-05,2025020666,20252026,referee,Kyle Rehman,LAK,MIN,7,2,9,1,5,3,14,4
2026-01-05,2025020666,20252026,linesman,Ryan Gibbons,LAK,MIN,7,2,9,1,5,3,14,4
2026-01-05,2025020666,20252026,linesman,Caleb Apperson,LAK,MIN,7,2,9,1,5,3,14,4
2026-01-06,2025020667,20252026,referee,Francois St-Laurent,BUF,VAN,4,1,5,2,1,2,8,2
2026-01-06,2025020667,20252026,referee,Mike Sullivan,BUF,VAN,4,1,5,2,1,2,8,2
2026-01-06,2025020667,20252026,linesman,Brandon Gawryletz,BUF,VAN,4,1,5,2,1,2,8,2
2026-01-06,2025020667,20252026,linesman,Brad Kovachik,BUF,VAN,4,1,5,2,1,2,8,2
2026-01-06,2025020668,20252026,referee,Thomas John Luxmore,TBL,COL,4,3,7,2,1,4,8,6
2026-01-06,2025020668,20252026,referee,Pierre Lambert,TBL,COL,4,3,7,2,1,4,8,6
2026-01-06,2025020668,20252026,linesman,Ben O'Quinn,TBL,COL,4,3,7,2,1,4,8,6
2026-01-06,2025020668,20252026,linesman,Mark Shewchyk,TBL,COL,4,3,7,2,1,4,8,6
2026-01-06,2025020670,20252026,referee,Frederick L'Ecuyer,PHI,ANA,3,7,10,5,1,4,6,14
2026-01-06,2025020670,20252026,referee,Michael Markovic,PHI,ANA,3,7,10,5,1,4,6,14
2026-01-06,2025020670,20252026,linesman,Steve Barton,PHI,ANA,3,7,10,5,1,4,6,14
2026-01-06,2025020670,20252026,linesman,Jeremy Faucher,PHI,ANA,3,7,10,5,1,4,6,14
2026-01-06,2025020671,20252026,referee,Jon McIsaac,CAR,DAL,3,5,8,3,3,2,6,10
2026-01-06,2025020671,20252026,referee,Jordan Samuels-Thomas,CAR,DAL,3,5,8,3,3,2,6,10
2026-01-06,2025020671,20252026,linesman,Shandor Alphonso,CAR,DAL,3,5,8,3,3,2,6,10
2026-01-06,2025020671,20252026,linesman,CJ Murray,CAR,DAL,3,5,8,3,3,2,6,10
2026-01-06,2025020669,20252026,referee,Jean Hebert,NYI,NJD,3,0,3,1,2,0,6,0
2026-01-06,2025020669,20252026,referee,Peter MacDougall,NYI,NJD,3,0,3,1,2,0,6,0
2026-01-06,2025020669,20252026,linesman,Jonny Murray,NYI,NJD,3,0,3,1,2,0,6,0
2026-01-06,2025020669,20252026,linesman,Dan Kelly,NYI,NJD,3,0,3,1,2,0,6,0
2026-01-06,2025020672,20252026,referee,Francis Charron,TOR,FLA,3,2,5,2,1,2,6,4
2026-01-06,2025020672,20252026,referee,Gord Dwyer,TOR,FLA,3,2,5,2,1,2,6,4
2026-01-06,2025020672,20252026,linesman,Andrew Smith,TOR,FLA,3,2,5,2,1,2,6,4
2026-01-06,2025020672,20252026,linesman,Devin Berg,TOR,FLA,3,2,5,2,1,2,6,4
2026-01-06,2025020673,20252026,referee,Cody Beach,WPG,VGK,3,2,5,1,2,2,6,4
2026-01-06,2025020673,20252026,referee,Tom Chmielewski,WPG,VGK,3,2,5,1,2,2,6,4
2026-01-06,2025020673,20252026,linesman,Trent Knorr,WPG,VGK,3,2,5,1,2,2,6,4
2026-01-06,2025020673,20252026,linesman,Travis Toomey,WPG,VGK,3,2,5,1,2,2,6,4
2026-01-06,2025020674,20252026,referee,Kelly Sutherland,EDM,NSH,2,2,4,1,1,2,4,4
2026-01-06,2025020674,20252026,referee,Graham Skilliter,EDM,NSH,2,2,4,1,1,2,4,4
2026-01-06,2025020674,20252026,linesman,Bevan Mills,EDM,NSH,2,2,4,1,1,2,4,4
2026-01-06,2025020674,20252026,linesman,Travis Gawryletz,EDM,NSH,2,2,4,1,1,2,4,4
2026-01-06,2025020675,20252026,referee,Kyle Rehman,SJS,CBJ,3,5,8,2,5,1,6,10
2026-01-06,2025020675,20252026,referee,Corey Syvret,SJS,CBJ,3,5,8,2,5,1,6,10
2026-01-06,2025020675,20252026,linesman,Caleb Apperson,SJS,CBJ,3,5,8,2,5,1,6,10
2026-01-06,2025020675,20252026,linesman,Jonathan Deschamps,SJS,CBJ,3,5,8,2,5,1,6,10
2026-01-06,2025020676,20252026,referee,Eric Furlatt,SEA,BOS,3,4,7,2,2,3,6,8
2026-01-06,2025020676,20252026,referee,Carter Sandlak,SEA,BOS,3,4,7,2,2,3,6,8
2026-01-06,2025020676,20252026,linesman,Libor Suchanek,SEA,BOS,3,4,7,2,2,3,6,8
2026-01-06,2025020676,20252026,linesman,Kiel Murchison,SEA,BOS,3,4,7,2,2,3,6,8
2026-01-07,2025020677,20252026,referee,Frederick L'Ecuyer,WSH,DAL,3,3,6,2,3,1,6,6
2026-01-07,2025020677,20252026,referee,Liam Maaskant,WSH,DAL,3,3,6,2,3,1,6,6
2026-01-07,2025020677,20252026,linesman,Shandor Alphonso,WSH,DAL,3,3,6,2,3,1,6,6
2026-01-07,2025020677,20252026,linesman,Jonny Murray,WSH,DAL,3,3,6,2,3,1,6,6
2026-01-07,2025020678,20252026,referee,Garrett Rank,MTL,CGY,4,2,6,1,3,2,8,4
2026-01-07,2025020678,20252026,referee,Gord Dwyer,MTL,CGY,4,2,6,1,3,2,8,4
2026-01-07,2025020678,20252026,linesman,Shawn Oliver,MTL,CGY,4,2,6,1,3,2,8,4
2026-01-07,2025020678,20252026,linesman,Ryan Daisy,MTL,CGY,4,2,6,1,3,2,8,4
2026-01-07,2025020679,20252026,referee,Francis Charron,CHI,STL,5,4,9,4,2,3,10,8
2026-01-07,2025020679,20252026,referee,Brandon Schrader,CHI,STL,5,4,9,4,2,3,10,8
2026-01-07,2025020679,20252026,linesman,Julien Fournier,CHI,STL,5,4,9,4,2,3,10,8
2026-01-07,2025020679,20252026,linesman,Brandon Gawryletz,CHI,STL,5,4,9,4,2,3,10,8
2026-01-07,2025020680,20252026,referee,Trevor Hanson,UTA,OTT,3,4,7,0,6,1,6,8
2026-01-07,2025020680,20252026,referee,Carter Sandlak,UTA,OTT,3,4,7,0,6,1,6,8
2026-01-07,2025020680,20252026,linesman,Ryan Gibbons,UTA,OTT,3,4,7,0,6,1,6,8
2026-01-07,2025020680,20252026,linesman,Kiel Murchison,UTA,OTT,3,4,7,0,6,1,6,8
2026-01-07,2025020681,20252026,referee,Corey Syvret,LAK,SJS,4,3,7,1,5,1,8,6
2026-01-07,2025020681,20252026,referee,Kendrick Nicholson,LAK,SJS,4,3,7,1,5,1,8,6
2026-01-07,2025020681,20252026,linesman,Caleb Apperson,LAK,SJS,4,3,7,1,5,1,8,6
2026-01-07,2025020681,20252026,linesman,Jonathan Deschamps,LAK,SJS,4,3,7,1,5,1,8,6
2026-01-08,2025020682,20252026,referee,Furman South,BOS,CGY,3,3,6,2,2,2,6,6
2026-01-08,2025020682,20252026,referee,Pierre Lambert,BOS,CGY,3,3,6,2,2,2,6,6
2026-01-08,2025020682,20252026,linesman,Matt MacPherson,BOS,CGY,3,3,6,2,2,2,6,6
2026-01-08,2025020682,20252026,linesman,David Brisebois,BOS,CGY,3,3,6,2,2,2,6,6
2026-01-08,2025020683,20252026,referee,Kelly Sutherland,MTL,FLA,6,7,13,3,2,8,12,14
2026-01-08,2025020683,20252026,referee,Tom Chmielewski,MTL,FLA,6,7,13,3,2,8,12,14
2026-01-08,2025020683,20252026,linesman,Steve Barton,MTL,FLA,6,7,13,3,2,8,12,14
2026-01-08,2025020683,20252026,linesman,Michel Cormier,MTL,FLA,6,7,13,3,2,8,12,14
2026-01-08,2025020684,20252026,referee,Jean Hebert,DET,VAN,2,3,5,4,1,0,4,6
2026-01-08,2025020684,20252026,referee,Beau Halkidis,DET,VAN,2,3,5,4,1,0,4,6
2026-01-08,2025020684,20252026,linesman,Kyle Flemington,DET,VAN,2,3,5,4,1,0,4,6
2026-01-08,2025020684,20252026,linesman,Julien Fournier,DET,VAN,2,3,5,4,1,0,4,6
2026-01-08,2025020685,20252026,referee,Michael Markovic,NYR,BUF,2,3,5,0,3,2,4,6
2026-01-08,2025020685,20252026,referee,Peter MacDougall,NYR,BUF,2,3,5,0,3,2,4,6
2026-01-08,2025020685,20252026,linesman,Devin Berg,NYR,BUF,2,3,5,0,3,2,4,6
2026-01-08,2025020685,20252026,linesman,Jeremy Faucher,NYR,BUF,2,3,5,0,3,2,4,6
2026-01-08,2025020686,20252026,referee,Jon McIsaac,PHI,TOR,2,3,5,1,2,2,4,6
2026-01-08,2025020686,20252026,referee,Morgan MacPhee,PHI,TOR,2,3,5,1,2,2,4,6
2026-01-08,2025020686,20252026,linesman,Jesse Marquis,PHI,TOR,2,3,5,1,2,2,4,6
2026-01-08,2025020686,20252026,linesman,Tyson Baker,PHI,TOR,2,3,5,1,2,2,4,6
2026-01-08,2025020687,20252026,referee,Francois St-Laurent,PIT,NJD,2,3,5,0,3,2,4,6
2026-01-08,2025020687,20252026,referee,Riley Brace,PIT,NJD,2,3,5,0,3,2,4,6
2026-01-08,2025020687,20252026,linesman,Andrew Smith,PIT,NJD,2,3,5,0,3,2,4,6
2026-01-08,2025020687,20252026,linesman,James Tobias,PIT,NJD,2,3,5,0,3,2,4,6
2026-01-08,2025020688,20252026,referee,Chris Rooney,CAR,ANA,3,2,5,4,1,0,6,4
2026-01-08,2025020688,20252026,referee,Jordan Samuels-Thomas,CAR,ANA,3,2,5,4,1,0,6,4
2026-01-08,2025020688,20252026,linesman,Dylan Blujus,CAR,ANA,3,2,5,4,1,0,6,4
2026-01-08,2025020688,20252026,linesman,Jonny Murray,CAR,ANA,3,2,5,4,1,0,6,4
2026-01-08,2025020689,20252026,referee,Jake Brenk,NSH,NYI,5,4,9,0,6,3,10,8
2026-01-08,2025020689,20252026,referee,Brandon Schrader,NSH,NYI,5,4,9,0,6,3,10,8
2026-01-08,2025020689,20252026,linesman,Ben O'Quinn,NSH,NYI,5,4,9,0,6,3,10,8
2026-01-08,2025020689,20252026,linesman,Mark Shewchyk,NSH,NYI,5,4,9,0,6,3,10,8
2026-01-08,2025020690,20252026,referee,Thomas John Luxmore,WPG,EDM,2,2,4,2,0,2,4,4
2026-01-08,2025020690,20252026,referee,Justin Kea,WPG,EDM,2,2,4,2,0,2,4,4
2026-01-08,2025020690,20252026,linesman,Trent Knorr,WPG,EDM,2,2,4,2,0,2,4,4
2026-01-08,2025020690,20252026,linesman,Travis Toomey,WPG,EDM,2,2,4,2,0,2,4,4
2026-01-08,2025020691,20252026,referee,Chris Lee,COL,OTT,3,6,9,1,4,4,6,12
2026-01-08,2025020691,20252026,referee,Stephen Hiff,COL,OTT,3,6,9,1,4,4,6,12
2026-01-08,2025020691,20252026,linesman,Travis Gawryletz,COL,OTT,3,6,9,1,4,4,6,12
2026-01-08,2025020691,20252026,linesman,Kilian McNamara,COL,OTT,3,6,9,1,4,4,6,12
2026-01-08,2025020692,20252026,referee,Trevor Hanson,VGK,CBJ,1,2,3,1,1,1,2,4
2026-01-08,2025020692,20252026,referee,Kendrick Nicholson,VGK,CBJ,1,2,3,1,1,1,2,4
2026-01-08,2025020692,20252026,linesman,Ryan Gibbons,VGK,CBJ,1,2,3,1,1,1,2,4
2026-01-08,2025020692,20252026,linesman,Jonathan Deschamps,VGK,CBJ,1,2,3,1,1,1,2,4
2026-01-08,2025020693,20252026,referee,Eric Furlatt,SEA,MIN,1,3,4,2,0,2,2,6
2026-01-08,2025020693,20252026,referee,Carter Sandlak,SEA,MIN,1,3,4,2,0,2,2,6
2026-01-08,2025020693,20252026,linesman,Libor Suchanek,SEA,MIN,1,3,4,2,0,2,2,6
2026-01-08,2025020693,20252026,linesman,Brandon Grillo,SEA,MIN,1,3,4,2,0,2,2,6
2026-01-09,2025020694,20252026,referee,Francis Charron,CHI,WSH,3,4,7,2,3,2,6,8
2026-01-09,2025020694,20252026,referee,Jordan Samuels-Thomas,CHI,WSH,3,4,7,2,3,2,6,8
2026-01-09,2025020694,20252026,linesman,Julien Fournier,CHI,WSH,3,4,7,2,3,2,6,8
2026-01-09,2025020694,20252026,linesman,Brandon Gawryletz,CHI,WSH,3,4,7,2,3,2,6,8
2026-01-09,2025020695,20252026,referee,Thomas John Luxmore,WPG,LAK,3,2,5,2,2,1,6,4
2026-01-09,2025020695,20252026,referee,Justin Kea,WPG,LAK,3,2,5,2,2,1,6,4
2026-01-09,2025020695,20252026,linesman,Ryan Daisy,WPG,LAK,3,2,5,2,2,1,6,4
2026-01-09,2025020695,20252026,linesman,Joe Mahon,WPG,LAK,3,2,5,2,2,1,6,4
2026-01-09,2025020696,20252026,referee,Corey Syvret,UTA,STL,6,5,11,1,7,3,12,10
2026-01-09,2025020696,20252026,referee,Kendrick Nicholson,UTA,STL,6,5,11,1,7,3,12,10
2026-01-09,2025020696,20252026,linesman,Brad Kovachik,UTA,STL,6,5,11,1,7,3,12,10
2026-01-09,2025020696,20252026,linesman,Kiel Murchison,UTA,STL,6,5,11,1,7,3,12,10
2026-01-10,2025020697,20252026,referee,Furman South,BOS,NYR,3,4,7,2,1,4,6,8
2026-01-10,2025020697,20252026,referee,Graham Skilliter,BOS,NYR,3,4,7,2,1,4,6,8
2026-01-10,2025020697,20252026,linesman,Michel Cormier,BOS,NYR,3,4,7,2,1,4,6,8
2026-01-10,2025020697,20252026,linesman,Jesse Marquis,BOS,NYR,3,4,7,2,1,4,6,8
2026-01-10,2025020698,20252026,referee,Francois St-Laurent,PIT,CGY,5,5,10,3,4,3,10,10
2026-01-10,2025020698,20252026,referee,Alex Lepkowski,PIT,CGY,5,5,10,3,4,3,10,10
2026-01-10,2025020698,20252026,linesman,Kyle Flemington,PIT,CGY,5,5,10,3,4,3,10,10
2026-01-10,2025020698,20252026,linesman,CJ Murray,PIT,CGY,5,5,10,3,4,3,10,10
2026-01-10,2025020699,20252026,referee,Kyle Rehman,COL,CBJ,2,2,4,1,2,1,4,4
2026-01-10,2025020699,20252026,referee,Carter Sandlak,COL,CBJ,2,2,4,1,2,1,4,4
2026-01-10,2025020699,20252026,linesman,Travis Gawryletz,COL,CBJ,2,2,4,1,2,1,4,4
2026-01-10,2025020699,20252026,linesman,Kilian McNamara,COL,CBJ,2,2,4,1,2,1,4,4
2026-01-10,2025020700,20252026,referee,Jake Brenk,SJS,DAL,2,5,7,1,5,1,4,10
2026-01-10,2025020700,20252026,referee,Beau Halkidis,SJS,DAL,2,5,7,1,5,1,4,10
2026-01-10,2025020700,20252026,linesman,Bevan Mills,SJS,DAL,2,5,7,1,5,1,4,10
2026-01-10,2025020700,20252026,linesman,Libor Suchanek,SJS,DAL,2,5,7,1,5,1,4,10
2026-01-10,2025020701,20252026,referee,Garrett Rank,BUF,ANA,4,4,8,0,4,4,8,8
2026-01-10,2025020701,20252026,referee,Riley Brace,BUF,ANA,4,4,8,0,4,4,8,8
2026-01-10,2025020701,20252026,linesman,Andrew Smith,BUF,ANA,4,4,8,0,4,4,8,8
2026-01-10,2025020701,20252026,linesman,James Tobias,BUF,ANA,4,4,8,0,4,4,8,8
2026-01-10,2025020702,20252026,referee,Jean Hebert,TOR,VAN,7,5,12,8,1,3,14,10
2026-01-10,2025020702,20252026,referee,Michael Markovic,TOR,VAN,7,5,12,8,1,3,14,10
2026-01-10,2025020702,20252026,linesman,Brandon Grillo,TOR,VAN,7,5,12,8,1,3,14,10
2026-01-10,2025020702,20252026,linesman,Mark Shewchyk,TOR,VAN,7,5,12,8,1,3,14,10
2026-01-10,2025020703,20252026,referee,Kelly Sutherland,MTL,DET,5,1,6,2,3,1,10,2
2026-01-10,2025020703,20252026,referee,Tom Chmielewski,MTL,DET,5,1,6,2,3,1,10,2
2026-01-10,2025020703,20252026,linesman,David Brisebois,MTL,DET,5,1,6,2,3,1,10,2
2026-01-10,2025020703,20252026,linesman,Dan Kelly,MTL,DET,5,1,6,2,3,1,10,2
2026-01-10,2025020704,20252026,referee,Pierre Lambert,OTT,FLA,5,6,11,5,5,1,10,12
2026-01-10,2025020704,20252026,referee,Graedy Hamilton,OTT,FLA,5,6,11,5,5,1,10,12
2026-01-10,2025020704,20252026,linesman,Steve Barton,OTT,FLA,5,6,11,5,5,1,10,12
2026-01-10,2025020704,20252026,linesman,Jeremy Faucher,OTT,FLA,5,6,11,5,5,1,10,12
2026-01-10,2025020705,20252026,referee,Dan O'Rourke,PHI,TBL,2,2,4,2,0,2,4,4
2026-01-10,2025020705,20252026,referee,Liam Maaskant,PHI,TBL,2,2,4,2,0,2,4,4
2026-01-10,2025020705,20252026,linesman,Tyson Baker,PHI,TBL,2,2,4,2,0,2,4,4
2026-01-10,2025020705,20252026,linesman,Ben O'Quinn,PHI,TBL,2,2,4,2,0,2,4,4
2026-01-10,2025020706,20252026,referee,Frederick L'Ecuyer,CAR,SEA,1,1,2,1,1,0,2,2
2026-01-10,2025020706,20252026,referee,Brandon Schrader,CAR,SEA,1,1,2,1,1,0,2,2
2026-01-10,2025020706,20252026,linesman,Dylan Blujus,CAR,SEA,1,1,2,1,1,0,2,2
2026-01-10,2025020706,20252026,linesman,Jonny Murray,CAR,SEA,1,1,2,1,1,0,2,2
2026-01-10,2025020707,20252026,referee,Chris Schlenker,NSH,CHI,4,4,8,1,5,2,8,8
2026-01-10,2025020707,20252026,referee,Chris Rooney,NSH,CHI,4,4,8,1,5,2,8,8
2026-01-10,2025020707,20252026,linesman,Scott Cherrey,NSH,CHI,4,4,8,1,5,2,8,8
2026-01-10,2025020707,20252026,linesman,Devin Berg,NSH,CHI,4,4,8,1,5,2,8,8
2026-01-10,2025020708,20252026,referee,Francis Charron,MIN,NYI,3,4,7,4,3,0,6,8
2026-01-10,2025020708,20252026,referee,Cody Beach,MIN,NYI,3,4,7,4,3,0,6,8
2026-01-10,2025020708,20252026,linesman,Brandon Gawryletz,MIN,NYI,3,4,7,4,3,0,6,8
2026-01-10,2025020708,20252026,linesman,Jonathan Deschamps,MIN,NYI,3,4,7,4,3,0,6,8
2026-01-10,2025020709,20252026,referee,Thomas John Luxmore,EDM,LAK,2,3,5,1,2,2,4,6
2026-01-10,2025020709,20252026,referee,Eric Furlatt,EDM,LAK,2,3,5,1,2,2,4,6
2026-01-10,2025020709,20252026,linesman,Trent Knorr,EDM,LAK,2,3,5,1,2,2,4,6
2026-01-10,2025020709,20252026,linesman,Travis Toomey,EDM,LAK,2,3,5,1,2,2,4,6
2026-01-10,2025020710,20252026,referee,Trevor Hanson,VGK,STL,1,1,2,0,1,1,2,2
2026-01-10,2025020710,20252026,referee,Chris Lee,VGK,STL,1,1,2,0,1,1,2,2
2026-01-10,2025020710,20252026,linesman,Brad Kovachik,VGK,STL,1,1,2,0,1,1,2,2
2026-01-10,2025020710,20252026,linesman,Kiel Murchison,VGK,STL,1,1,2,0,1,1,2,2
2026-01-11,2025020711,20252026,referee,Kendrick Nicholson,WPG,NJD,1,2,3,1,2,0,2,4
2026-01-11,2025020711,20252026,referee,Brandon Blandina,WPG,NJD,1,2,3,1,2,0,2,4
2026-01-11,2025020711,20252026,linesman,Ryan Daisy,WPG,NJD,1,2,3,1,2,0,2,4
2026-01-11,2025020711,20252026,linesman,Joe Mahon,WPG,NJD,1,2,3,1,2,0,2,4
2026-01-11,2025020712,20252026,referee,Jon McIsaac,BOS,PIT,2,6,8,3,3,2,4,12
2026-01-11,2025020712,20252026,referee,Graham Skilliter,BOS,PIT,2,6,8,3,3,2,4,12
2026-01-11,2025020712,20252026,linesman,Matt MacPherson,BOS,PIT,2,6,8,3,3,2,4,12
2026-01-11,2025020712,20252026,linesman,Jesse Marquis,BOS,PIT,2,6,8,3,3,2,4,12
2026-01-11,2025020713,20252026,referee,Chris Schlenker,NSH,WSH,5,6,11,5,3,3,10,12
2026-01-11,2025020713,20252026,referee,Chris Rooney,NSH,WSH,5,6,11,5,3,3,10,12
2026-01-11,2025020713,20252026,linesman,Scott Cherrey,NSH,WSH,5,6,11,5,3,3,10,12
2026-01-11,2025020713,20252026,linesman,Devin Berg,NSH,WSH,5,6,11,5,3,3,10,12
2026-01-11,2025020714,20252026,referee,Wes McCauley,UTA,CBJ,3,2,5,1,1,3,6,4
2026-01-11,2025020714,20252026,referee,Gord Dwyer,UTA,CBJ,3,2,5,1,1,3,6,4
2026-01-11,2025020714,20252026,linesman,Ryan Gibbons,UTA,CBJ,3,2,5,1,1,3,6,4
2026-01-11,2025020714,20252026,linesman,Caleb Apperson,UTA,CBJ,3,2,5,1,1,3,6,4
2026-01-11,2025020715,20252026,referee,Jake Brenk,SJS,VGK,4,5,9,3,3,3,8,10
2026-01-11,2025020715,20252026,referee,Jordan Samuels-Thomas,SJS,VGK,4,5,9,3,3,3,8,10
2026-01-11,2025020715,20252026,linesman,Bevan Mills,SJS,VGK,4,5,9,3,3,3,8,10
2026-01-11,2025020715,20252026,linesman,Libor Suchanek,SJS,VGK,4,5,9,3,3,3,8,10
2026-01-12,2025020716,20252026,referee,Furman South,BUF,FLA,1,2,3,1,2,0,2,4
2026-01-12,2025020716,20252026,referee,Justin Kea,BUF,FLA,1,2,3,1,2,0,2,4
2026-01-12,2025020716,20252026,linesman,Shandor Alphonso,BUF,FLA,1,2,3,1,2,0,2,4
2026-01-12,2025020716,20252026,linesman,Mark Shewchyk,BUF,FLA,1,2,3,1,2,0,2,4
2026-01-12,2025020717,20252026,referee,Chris Schlenker,DET,CAR,5,4,9,3,1,5,10,8
2026-01-12,2025020717,20252026,referee,Michael Markovic,DET,CAR,5,4,9,3,1,5,10,8
2026-01-12,2025020717,20252026,linesman,Andrew Smith,DET,CAR,5,4,9,3,1,5,10,8
2026-01-12,2025020717,20252026,linesman,Brandon Grillo,DET,CAR,5,4,9,3,1,5,10,8
2026-01-12,2025020718,20252026,referee,Frederick L'Ecuyer,NYR,SEA,2,2,4,1,1,2,4,4
2026-01-12,2025020718,20252026,referee,Morgan MacPhee,NYR,SEA,2,2,4,1,1,2,4,4
2026-01-12,2025020718,20252026,linesman,Dylan Blujus,NYR,SEA,2,2,4,1,1,2,4,4
2026-01-12,2025020718,20252026,linesman,Michel Cormier,NYR,SEA,2,2,4,1,1,2,4,4
2026-01-12,2025020719,20252026,referee,Francis Charron,PHI,TBL,8,6,14,0,10,4,16,12
2026-01-12,2025020719,20252026,referee,Alex Lepkowski,PHI,TBL,8,6,14,0,10,4,16,12
2026-01-12,2025020719,20252026,linesman,Shawn Oliver,PHI,TBL,8,6,14,0,10,4,16,12
2026-01-12,2025020719,20252026,linesman,Travis Gawryletz,PHI,TBL,8,6,14,0,10,4,16,12
2026-01-12,2025020720,20252026,referee,Dan O'Rourke,MTL,VAN,2,1,3,1,0,2,4,2
2026-01-12,2025020720,20252026,referee,Pierre Lambert,MTL,VAN,2,1,3,1,0,2,4,2
2026-01-12,2025020720,20252026,linesman,Steve Barton,MTL,VAN,2,1,3,1,0,2,4,2
2026-01-12,2025020720,20252026,linesman,Dan Kelly,MTL,VAN,2,1,3,1,0,2,4,2
2026-01-12,2025020721,20252026,referee,Garrett Rank,MIN,NJD,2,2,4,1,0,3,4,4
2026-01-12,2025020721,20252026,referee,Cody Beach,MIN,NJD,2,2,4,1,0,3,4,4
2026-01-12,2025020721,20252026,linesman,Joe Mahon,MIN,NJD,2,2,4,1,0,3,4,4
2026-01-12,2025020721,20252026,linesman,Kilian McNamara,MIN,NJD,2,2,4,1,0,3,4,4
2026-01-12,2025020722,20252026,referee,Chris Lee,CHI,EDM,2,2,4,0,3,1,4,4
2026-01-12,2025020722,20252026,referee,Brandon Schrader,CHI,EDM,2,2,4,0,3,1,4,4
2026-01-12,2025020722,20252026,linesman,Jonathan Deschamps,CHI,EDM,2,2,4,0,3,1,4,4
2026-01-12,2025020722,20252026,linesman,Devin Berg,CHI,EDM,2,2,4,0,3,1,4,4
2026-01-12,2025020723,20252026,referee,Kyle Rehman,COL,TOR,3,4,7,2,1,4,6,8
2026-01-12,2025020723,20252026,referee,Thomas John Luxmore,COL,TOR,3,4,7,2,1,4,6,8
2026-01-12,2025020723,20252026,linesman,Brandon Gawryletz,COL,TOR,3,4,7,2,1,4,6,8
2026-01-12,2025020723,20252026,linesman,Kiel Murchison,COL,TOR,3,4,7,2,1,4,6,8
2026-01-12,2025020724,20252026,referee,Trevor Hanson,LAK,DAL,1,3,4,0,2,2,2,6
2026-01-12,2025020724,20252026,referee,Jake Brenk,LAK,DAL,1,3,4,0,2,2,2,6
2026-01-12,2025020724,20252026,linesman,Bevan Mills,LAK,DAL,1,3,4,0,2,2,2,6
2026-01-12,2025020724,20252026,linesman,Brad Kovachik,LAK,DAL,1,3,4,0,2,2,2,6
2026-01-13,2025020725,20252026,referee,Dan O'Rourke,OTT,VAN,1,2,3,0,2,1,2,4
2026-01-13,2025020725,20252026,referee,Pierre Lambert,OTT,VAN,1,2,3,0,2,1,2,4
2026-01-13,2025020725,20252026,linesman,Steve Barton,OTT,VAN,1,2,3,0,2,1,2,4
2026-01-13,2025020725,20252026,linesman,Jeremy Faucher,OTT,VAN,1,2,3,0,2,1,2,4
2026-01-13,2025020726,20252026,referee,Chris Rooney,PIT,TBL,2,4,6,2,3,1,4,8
2026-01-13,2025020726,20252026,referee,Furman South,PIT,TBL,2,4,6,2,3,1,4,8
2026-01-13,2025020726,20252026,linesman,Shawn Oliver,PIT,TBL,2,4,6,2,3,1,4,8
2026-01-13,2025020726,20252026,linesman,Jesse Marquis,PIT,TBL,2,4,6,2,3,1,4,8
2026-01-13,2025020727,20252026,referee,Frederick L'Ecuyer,WSH,MTL,4,4,8,2,4,2,8,8
2026-01-13,2025020727,20252026,referee,Graham Skilliter,WSH,MTL,4,4,8,2,4,2,8,8
2026-01-13,2025020727,20252026,linesman,Kyle Flemington,WSH,MTL,4,4,8,2,4,2,8,8
2026-01-13,2025020727,20252026,linesman,Travis Gawryletz,WSH,MTL,4,4,8,2,4,2,8,8
2026-01-13,2025020728,20252026,referee,Michael Markovic,CBJ,CGY,3,4,7,0,4,3,6,8
2026-01-13,2025020728,20252026,referee,Stephen Hiff,CBJ,CGY,3,4,7,0,4,3,6,8
2026-01-13,2025020728,20252026,linesman,Julien Fournier,CBJ,CGY,3,4,7,0,4,3,6,8
2026-01-13,2025020728,20252026,linesman,Brandon Grillo,CBJ,CGY,3,4,7,0,4,3,6,8
2026-01-13,2025020729,20252026,referee,Jon McIsaac,BOS,DET,2,2,4,1,1,2,4,4
2026-01-13,2025020729,20252026,referee,Kelly Sutherland,BOS,DET,2,2,4,1,1,2,4,4
2026-01-13,2025020729,20252026,linesman,Dylan Blujus,BOS,DET,2,2,4,1,1,2,4,4
2026-01-13,2025020729,20252026,linesman,Michel Cormier,BOS,DET,2,2,4,1,1,2,4,4
2026-01-13,2025020730,20252026,referee,Cody Beach,STL,CAR,3,3,6,1,3,2,6,6
2026-01-13,2025020730,20252026,referee,Chris Lee,STL,CAR,3,3,6,1,3,2,6,6
2026-01-13,2025020730,20252026,linesman,Scott Cherrey,STL,CAR,3,3,6,1,3,2,6,6
2026-01-13,2025020730,20252026,linesman,Kilian McNamara,STL,CAR,3,3,6,1,3,2,6,6
2026-01-13,2025020731,20252026,referee,Garrett Rank,NSH,EDM,4,3,7,2,2,3,8,6
2026-01-13,2025020731,20252026,referee,Mike Sullivan,NSH,EDM,4,3,7,2,2,3,8,6
2026-01-13,2025020731,20252026,linesman,Libor Suchanek,NSH,EDM,4,3,7,2,2,3,8,6
2026-01-13,2025020731,20252026,linesman,Jonathan Deschamps,NSH,EDM,4,3,7,2,2,3,8,6
2026-01-13,2025020732,20252026,referee,Kendrick Nicholson,WPG,NYI,1,3,4,1,3,0,2,6
2026-01-13,2025020732,20252026,referee,Brandon Blandina,WPG,NYI,1,3,4,1,3,0,2,6
2026-01-13,2025020732,20252026,linesman,CJ Murray,WPG,NYI,1,3,4,1,3,0,2,6
2026-01-13,2025020732,20252026,linesman,Tyson Baker,WPG,NYI,1,3,4,1,3,0,2,6
2026-01-13,2025020733,20252026,referee,Gord Dwyer,UTA,TOR,4,3,7,6,1,0,8,6
2026-01-13,2025020733,20252026,referee,Beau Halkidis,UTA,TOR,4,3,7,6,1,0,8,6
2026-01-13,2025020733,20252026,linesman,Brandon Gawryletz,UTA,TOR,4,3,7,6,1,0,8,6
2026-01-13,2025020733,20252026,linesman,Caleb Apperson,UTA,TOR,4,3,7,6,1,0,8,6
2026-01-13,2025020734,20252026,referee,Wes McCauley,ANA,DAL,3,2,5,1,4,0,6,4
2026-01-13,2025020734,20252026,referee,Corey Syvret,ANA,DAL,3,2,5,1,4,0,6,4
2026-01-13,2025020734,20252026,linesman,Ryan Gibbons,ANA,DAL,3,2,5,1,4,0,6,4
2026-01-13,2025020734,20252026,linesman,Brad Kovachik,ANA,DAL,3,2,5,1,4,0,6,4
2026-01-14,2025020735,20252026,referee,Graham Skilliter,NJD,SEA,2,2,4,2,2,0,4,4
2026-01-14,2025020735,20252026,referee,Liam Maaskant,NJD,SEA,2,2,4,2,2,0,4,4
2026-01-14,2025020735,20252026,linesman,Kyle Flemington,NJD,SEA,2,2,4,2,2,0,4,4
2026-01-14,2025020735,20252026,linesman,David Brisebois,NJD,SEA,2,2,4,2,2,0,4,4
2026-01-14,2025020736,20252026,referee,Chris Schlenker,BUF,PHI,5,6,11,2,4,5,10,12
2026-01-14,2025020736,20252026,referee,Chris Rooney,BUF,PHI,5,6,11,2,4,5,10,12
2026-01-14,2025020736,20252026,linesman,Matt MacPherson,BUF,PHI,5,6,11,2,4,5,10,12
2026-01-14,2025020736,20252026,linesman,Jesse Marquis,BUF,PHI,5,6,11,2,4,5,10,12
2026-01-14,2025020737,20252026,referee,Francois St-Laurent,NYR,OTT,3,1,4,1,1,2,6,2
2026-01-14,2025020737,20252026,referee,Justin Kea,NYR,OTT,3,1,4,1,1,2,6,2
2026-01-14,2025020737,20252026,linesman,Jonny Murray,NYR,OTT,3,1,4,1,1,2,6,2
2026-01-14,2025020737,20252026,linesman,Dan Kelly,NYR,OTT,3,1,4,1,1,2,6,2
2026-01-14,2025020738,20252026,referee,Wes McCauley,LAK,VGK,2,1,3,0,2,1,4,2
2026-01-14,2025020738,20252026,referee,Corey Syvret,LAK,VGK,2,1,3,0,2,1,4,2
2026-01-14,2025020738,20252026,linesman,James Tobias,LAK,VGK,2,1,3,0,2,1,4,2
2026-01-14,2025020738,20252026,linesman,Brad Kovachik,LAK,VGK,2,1,3,0,2,1,4,2
2026-01-15,2025020740,20252026,referee,Jon McIsaac,BUF,MTL,5,6,11,4,3,4,10,12
2026-01-15,2025020740,20252026,referee,Alex Lepkowski,BUF,MTL,5,6,11,4,3,4,10,12
2026-01-15,2025020740,20252026,linesman,Matt MacPherson,BUF,MTL,5,6,11,4,3,4,10,12
2026-01-15,2025020740,20252026,linesman,Jesse Marquis,BUF,MTL,5,6,11,4,3,4,10,12
2026-01-15,2025020741,20252026,referee,Kelly Sutherland,PIT,PHI,4,4,8,5,0,3,8,8
2026-01-15,2025020741,20252026,referee,Brandon Blandina,PIT,PHI,4,4,8,5,0,3,8,8
2026-01-15,2025020741,20252026,linesman,Scott Cherrey,PIT,PHI,4,4,8,5,0,3,8,8
2026-01-15,2025020741,20252026,linesman,Julien Fournier,PIT,PHI,4,4,8,5,0,3,8,8
2026-01-15,2025020742,20252026,referee,Eric Furlatt,WSH,SJS,3,2,5,1,3,1,6,4
2026-01-15,2025020742,20252026,referee,Carter Sandlak,WSH,SJS,3,2,5,1,3,1,6,4
2026-01-15,2025020742,20252026,linesman,Ben O'Quinn,WSH,SJS,3,2,5,1,3,1,6,4
2026-01-15,2025020742,20252026,linesman,Jonny Murray,WSH,SJS,3,2,5,1,3,1,6,4
2026-01-15,2025020743,20252026,referee,Furman South,CBJ,VAN,2,2,4,1,2,1,4,4
2026-01-15,2025020743,20252026,referee,Frederick L'Ecuyer,CBJ,VAN,2,2,4,1,2,1,4,4
2026-01-15,2025020743,20252026,linesman,Shawn Oliver,CBJ,VAN,2,2,4,1,2,1,4,4
2026-01-15,2025020743,20252026,linesman,Travis Gawryletz,CBJ,VAN,2,2,4,1,2,1,4,4
2026-01-15,2025020739,20252026,referee,Dan O'Rourke,BOS,SEA,4,2,6,1,2,3,8,4
2026-01-15,2025020739,20252026,referee,Justin Kea,BOS,SEA,4,2,6,1,2,3,8,4
2026-01-15,2025020739,20252026,linesman,David Brisebois,BOS,SEA,4,2,6,1,2,3,8,4
2026-01-15,2025020739,20252026,linesman,Jeremy Faucher,BOS,SEA,4,2,6,1,2,3,8,4
2026-01-15,2025020744,20252026,referee,Gord Dwyer,MIN,WPG,4,3,7,2,4,1,8,6
2026-01-15,2025020744,20252026,referee,Morgan MacPhee,MIN,WPG,4,3,7,2,4,1,8,6
2026-01-15,2025020744,20252026,linesman,CJ Murray,MIN,WPG,4,3,7,2,4,1,8,6
2026-01-15,2025020744,20252026,linesman,Tyson Baker,MIN,WPG,4,3,7,2,4,1,8,6
2026-01-15,2025020745,20252026,referee,Francois St-Laurent,CHI,CGY,6,7,13,3,8,2,12,14
2026-01-15,2025020745,20252026,referee,Jordan Samuels-Thomas,CHI,CGY,6,7,13,3,8,2,12,14
2026-01-15,2025020745,20252026,linesman,Andrew Smith,CHI,CGY,6,7,13,3,8,2,12,14
2026-01-15,2025020745,20252026,linesman,Kilian McNamara,CHI,CGY,6,7,13,3,8,2,12,14
2026-01-15,2025020746,20252026,referee,Wes McCauley,UTA,DAL,3,3,6,1,3,2,6,6
2026-01-15,2025020746,20252026,referee,Brandon Schrader,UTA,DAL,3,3,6,1,3,2,6,6
2026-01-15,2025020746,20252026,linesman,Ryan Daisy,UTA,DAL,3,3,6,1,3,2,6,6
2026-01-15,2025020746,20252026,linesman,Mark Shewchyk,UTA,DAL,3,3,6,1,3,2,6,6
2026-01-15,2025020747,20252026,referee,Tom Chmielewski,EDM,NYI,1,2,3,0,1,2,2,4
2026-01-15,2025020747,20252026,referee,Graedy Hamilton,EDM,NYI,1,2,3,0,1,2,2,4
2026-01-15,2025020747,20252026,linesman,Shandor Alphonso,EDM,NYI,1,2,3,0,1,2,2,4
2026-01-15,2025020747,20252026,linesman,Travis Toomey,EDM,NYI,1,2,3,0,1,2,2,4
2026-01-15,2025020748,20252026,referee,Garrett Rank,VGK,TOR,1,3,4,1,2,1,2,6
2026-01-15,2025020748,20252026,referee,Corey Syvret,VGK,TOR,1,3,4,1,2,1,2,6
2026-01-15,2025020748,20252026,linesman,James Tobias,VGK,TOR,1,3,4,1,2,1,2,6
2026-01-15,2025020748,20252026,linesman,Trent Knorr,VGK,TOR,1,3,4,1,2,1,2,6
2026-01-16,2025020749,20252026,referee,Chris Schlenker,DET,SJS,1,2,3,1,1,1,2,4
2026-01-16,2025020749,20252026,referee,Frederick L'Ecuyer,DET,SJS,1,2,3,1,1,1,2,4
2026-01-16,2025020749,20252026,linesman,Kyle Flemington,DET,SJS,1,2,3,1,1,1,2,4
2026-01-16,2025020749,20252026,linesman,Tyson Baker,DET,SJS,1,2,3,1,1,1,2,4
2026-01-16,2025020750,20252026,referee,Eric Furlatt,CAR,FLA,7,7,14,0,4,10,14,14
2026-01-16,2025020750,20252026,referee,Carter Sandlak,CAR,FLA,7,7,14,0,4,10,14,14
2026-01-16,2025020750,20252026,linesman,Ben O'Quinn,CAR,FLA,7,7,14,0,4,10,14,14
2026-01-16,2025020750,20252026,linesman,Dan Kelly,CAR,FLA,7,7,14,0,4,10,14,14
2026-01-16,2025020751,20252026,referee,Francois St-Laurent,STL,TBL,3,2,5,1,4,0,6,4
2026-01-16,2025020751,20252026,referee,Mike Sullivan,STL,TBL,3,2,5,1,4,0,6,4
2026-01-16,2025020751,20252026,linesman,Andrew Smith,STL,TBL,3,2,5,1,4,0,6,4
2026-01-16,2025020751,20252026,linesman,Steve Barton,STL,TBL,3,2,5,1,4,0,6,4
2026-01-16,2025020752,20252026,referee,Trevor Hanson,COL,NSH,1,2,3,0,1,2,2,4
2026-01-16,2025020752,20252026,referee,Liam Maaskant,COL,NSH,1,2,3,0,1,2,2,4
2026-01-16,2025020752,20252026,linesman,Trent Knorr,COL,NSH,1,2,3,0,1,2,2,4
2026-01-16,2025020752,20252026,linesman,Ryan Daisy,COL,NSH,1,2,3,0,1,2,2,4
2026-01-16,2025020753,20252026,referee,Garrett Rank,LAK,ANA,3,4,7,3,4,0,6,8
2026-01-16,2025020753,20252026,referee,Stephen Hiff,LAK,ANA,3,4,7,3,4,0,6,8
2026-01-16,2025020753,20252026,linesman,James Tobias,LAK,ANA,3,4,7,3,4,0,6,8
2026-01-16,2025020753,20252026,linesman,Joe Mahon,LAK,ANA,3,4,7,3,4,0,6,8
2026-01-17,2025020754,20252026,referee,Kelly Sutherland,BUF,MIN,5,5,10,5,4,1,10,10
2026-01-17,2025020754,20252026,referee,Jordan Samuels-Thomas,BUF,MIN,5,5,10,5,4,1,10,10
2026-01-17,2025020754,20252026,linesman,Shawn Oliver,BUF,MIN,5,5,10,5,4,1,10,10
2026-01-17,2025020754,20252026,linesman,CJ Murray,BUF,MIN,5,5,10,5,4,1,10,10
2026-01-17,2025020755,20252026,referee,Dan O'Rourke,PHI,NYR,4,2,6,1,5,0,8,4
2026-01-17,2025020755,20252026,referee,Beau Halkidis,PHI,NYR,4,2,6,1,5,0,8,4
2026-01-17,2025020755,20252026,linesman,Libor Suchanek,PHI,NYR,4,2,6,1,5,0,8,4
2026-01-17,2025020755,20252026,linesman,Jonny Murray,PHI,NYR,4,2,6,1,5,0,8,4
2026-01-17,2025020756,20252026,referee,Kyle Rehman,CGY,NYI,2,3,5,3,0,2,4,6
2026-01-17,2025020756,20252026,referee,Cody Beach,CGY,NYI,2,3,5,3,0,2,4,6
2026-01-17,2025020756,20252026,linesman,Shandor Alphonso,CGY,NYI,2,3,5,3,0,2,4,6
2026-01-17,2025020756,20252026,linesman,Travis Toomey,CGY,NYI,2,3,5,3,0,2,4,6
2026-01-17,2025020757,20252026,referee,Jean Hebert,UTA,SEA,3,2,5,2,2,1,6,4
2026-01-17,2025020757,20252026,referee,Michael Markovic,UTA,SEA,3,2,5,2,2,1,6,4
2026-01-17,2025020757,20252026,linesman,Dylan Blujus,UTA,SEA,3,2,5,2,2,1,6,4
2026-01-17,2025020757,20252026,linesman,Mark Shewchyk,UTA,SEA,3,2,5,2,2,1,6,4
2026-01-17,2025020758,20252026,referee,Francis Charron,OTT,MTL,6,4,10,4,5,1,12,8
2026-01-17,2025020758,20252026,referee,Brandon Blandina,OTT,MTL,6,4,10,4,5,1,12,8
2026-01-17,2025020758,20252026,linesman,Brandon Grillo,OTT,MTL,6,4,10,4,5,1,12,8
2026-01-17,2025020758,20252026,linesman,Devin Berg,OTT,MTL,6,4,10,4,5,1,12,8
2026-01-17,2025020759,20252026,referee,Chris Rooney,NJD,CAR,1,4,5,1,3,1,2,8
2026-01-17,2025020759,20252026,referee,Carter Sandlak,NJD,CAR,1,4,5,1,3,1,2,8
2026-01-17,2025020759,20252026,linesman,Matt MacPherson,NJD,CAR,1,4,5,1,3,1,2,8
2026-01-17,2025020759,20252026,linesman,Dan Kelly,NJD,CAR,1,4,5,1,3,1,2,8
2026-01-17,2025020760,20252026,referee,Jon McIsaac,PIT,CBJ,3,4,7,1,5,1,6,8
2026-01-17,2025020760,20252026,referee,Kendrick Nicholson,PIT,CBJ,3,4,7,1,5,1,6,8
2026-01-17,2025020760,20252026,linesman,Scott Cherrey,PIT,CBJ,3,4,7,1,5,1,6,8
2026-01-17,2025020760,20252026,linesman,Julien Fournier,PIT,CBJ,3,4,7,1,5,1,6,8
2026-01-17,2025020761,20252026,referee,Furman South,WSH,FLA,3,2,5,0,3,2,6,4
2026-01-17,2025020761,20252026,referee,Eric Furlatt,WSH,FLA,3,2,5,0,3,2,6,4
2026-01-17,2025020761,20252026,linesman,David Brisebois,WSH,FLA,3,2,5,0,3,2,6,4
2026-01-17,2025020761,20252026,linesman,Jeremy Faucher,WSH,FLA,3,2,5,0,3,2,6,4
2026-01-17,2025020762,20252026,referee,Jake Brenk,WPG,TOR,2,3,5,0,4,1,4,6
2026-01-17,2025020762,20252026,referee,Chris Lee,WPG,TOR,2,3,5,0,4,1,4,6
2026-01-17,2025020762,20252026,linesman,Ryan Gibbons,WPG,TOR,2,3,5,0,4,1,4,6
2026-01-17,2025020762,20252026,linesman,Caleb Apperson,WPG,TOR,2,3,5,0,4,1,4,6
2026-01-17,2025020763,20252026,referee,Gord Dwyer,CHI,BOS,1,1,2,1,0,1,2,2
2026-01-17,2025020763,20252026,referee,Mike Sullivan,CHI,BOS,1,1,2,1,0,1,2,2
2026-01-17,2025020763,20252026,linesman,Steve Barton,CHI,BOS,1,1,2,1,0,1,2,2
2026-01-17,2025020763,20252026,linesman,Travis Gawryletz,CHI,BOS,1,1,2,1,0,1,2,2
2026-01-17,2025020764,20252026,referee,Tom Chmielewski,VAN,EDM,4,1,5,0,2,3,8,2
2026-01-17,2025020764,20252026,referee,Graham Skilliter,VAN,EDM,4,1,5,0,2,3,8,2
2026-01-17,2025020764,20252026,linesman,Brandon Gawryletz,VAN,EDM,4,1,5,0,2,3,8,2
2026-01-17,2025020764,20252026,linesman,Kiel Murchison,VAN,EDM,4,1,5,0,2,3,8,2
2026-01-17,2025020765,20252026,referee,Thomas John Luxmore,VGK,NSH,4,2,6,1,3,2,8,4
2026-01-17,2025020765,20252026,referee,Stephen Hiff,VGK,NSH,4,2,6,1,3,2,8,4
2026-01-17,2025020765,20252026,linesman,Michel Cormier,VGK,NSH,4,2,6,1,3,2,8,4
2026-01-17,2025020765,20252026,linesman,Joe Mahon,VGK,NSH,4,2,6,1,3,2,8,4
2026-01-17,2025020766,20252026,referee,Corey Syvret,ANA,LAK,6,2,8,1,6,1,12,4
2026-01-17,2025020766,20252026,referee,Brandon Schrader,ANA,LAK,6,2,8,1,6,1,12,4
2026-01-17,2025020766,20252026,linesman,Trent Knorr,ANA,LAK,6,2,8,1,6,1,12,4
2026-01-17,2025020766,20252026,linesman,Ryan Daisy,ANA,LAK,6,2,8,1,6,1,12,4
2026-01-18,2025020767,20252026,referee,Chris Schlenker,DAL,TBL,3,3,6,3,2,1,6,6
2026-01-18,2025020767,20252026,referee,Trevor Hanson,DAL,TBL,3,3,6,3,2,1,6,6
2026-01-18,2025020767,20252026,linesman,Andrew Smith,DAL,TBL,3,3,6,3,2,1,6,6
2026-01-18,2025020767,20252026,linesman,Ben O'Quinn,DAL,TBL,3,3,6,3,2,1,6,6
2026-01-18,2025020768,20252026,referee,Kendrick Nicholson,DET,OTT,5,7,12,8,3,1,10,14
2026-01-18,2025020768,20252026,referee,Jordan Samuels-Thomas,DET,OTT,5,7,12,8,3,1,10,14
2026-01-18,2025020768,20252026,linesman,Julien Fournier,DET,OTT,5,7,12,8,3,1,10,14
2026-01-18,2025020768,20252026,linesman,Shawn Oliver,DET,OTT,5,7,12,8,3,1,10,14
2026-01-18,2025020769,20252026,referee,Kyle Rehman,EDM,STL,4,3,7,5,2,0,8,6
2026-01-18,2025020769,20252026,referee,Cody Beach,EDM,STL,4,3,7,5,2,0,8,6
2026-01-18,2025020769,20252026,linesman,Shandor Alphonso,EDM,STL,4,3,7,5,2,0,8,6
2026-01-18,2025020769,20252026,linesman,Travis Toomey,EDM,STL,4,3,7,5,2,0,8,6
2026-01-19,2025020770,20252026,referee,Pierre Lambert,CAR,BUF,3,4,7,0,4,3,6,8
2026-01-19,2025020770,20252026,referee,Morgan MacPhee,CAR,BUF,3,4,7,0,4,3,6,8
2026-01-19,2025020770,20252026,linesman,Libor Suchanek,CAR,BUF,3,4,7,0,4,3,6,8
2026-01-19,2025020770,20252026,linesman,David Brisebois,CAR,BUF,3,4,7,0,4,3,6,8
2026-01-19,2025020771,20252026,referee,Chris Schlenker,COL,WSH,5,7,12,3,5,4,10,14
2026-01-19,2025020771,20252026,referee,Gord Dwyer,COL,WSH,5,7,12,3,5,4,10,14
2026-01-19,2025020771,20252026,linesman,Travis Gawryletz,COL,WSH,5,7,12,3,5,4,10,14
2026-01-19,2025020771,20252026,linesman,Trent Knorr,COL,WSH,5,7,12,3,5,4,10,14
2026-01-19,2025020772,20252026,referee,Michael Markovic,SEA,PIT,3,3,6,2,2,2,6,6
2026-01-19,2025020772,20252026,referee,Brandon Schrader,SEA,PIT,3,3,6,2,2,2,6,6
2026-01-19,2025020772,20252026,linesman,Kiel Murchison,SEA,PIT,3,3,6,2,2,2,6,6
2026-01-19,2025020772,20252026,linesman,Mark Shewchyk,SEA,PIT,3,3,6,2,2,2,6,6
2026-01-19,2025020773,20252026,referee,Wes McCauley,FLA,SJS,7,7,14,4,4,6,14,14
2026-01-19,2025020773,20252026,referee,Beau Halkidis,FLA,SJS,7,7,14,4,4,6,14,14
2026-01-19,2025020773,20252026,linesman,Jesse Marquis,FLA,SJS,7,7,14,4,4,6,14,14
2026-01-19,2025020773,20252026,linesman,Jonny Murray,FLA,SJS,7,7,14,4,4,6,14,14
2026-01-19,2025020774,20252026,referee,Francis Charron,TOR,MIN,3,4,7,3,3,1,6,8
2026-01-19,2025020774,20252026,referee,Brandon Blandina,TOR,MIN,3,4,7,3,3,1,6,8
2026-01-19,2025020774,20252026,linesman,Brad Kovachik,TOR,MIN,3,4,7,3,3,1,6,8
2026-01-19,2025020774,20252026,linesman,Devin Berg,TOR,MIN,3,4,7,3,3,1,6,8
2026-01-19,2025020775,20252026,referee,Thomas John Luxmore,VGK,PHI,2,7,9,4,1,4,4,14
2026-01-19,2025020775,20252026,referee,Justin Kea,VGK,PHI,2,7,9,4,1,4,4,14
2026-01-19,2025020775,20252026,linesman,Dylan Blujus,VGK,PHI,2,7,9,4,1,4,4,14
2026-01-19,2025020775,20252026,linesman,Michel Cormier,VGK,PHI,2,7,9,4,1,4,4,14
2026-01-19,2025020776,20252026,referee,Trevor Hanson,CHI,WPG,2,3,5,3,1,1,4,6
2026-01-19,2025020776,20252026,referee,Jake Brenk,CHI,WPG,2,3,5,3,1,1,4,6
2026-01-19,2025020776,20252026,linesman,Steve Barton,CHI,WPG,2,3,5,3,1,1,4,6
2026-01-19,2025020776,20252026,linesman,Dan Kelly,CHI,WPG,2,3,5,3,1,1,4,6
2026-01-19,2025020777,20252026,referee,Kyle Rehman,CGY,NJD,2,4,6,2,1,3,4,8
2026-01-19,2025020777,20252026,referee,Graedy Hamilton,CGY,NJD,2,4,6,2,1,3,4,8
2026-01-19,2025020777,20252026,linesman,Ryan Gibbons,CGY,NJD,2,4,6,2,1,3,4,8
2026-01-19,2025020777,20252026,linesman,Caleb Apperson,CGY,NJD,2,4,6,2,1,3,4,8
2026-01-19,2025020778,20252026,referee,Chris Lee,VAN,NYI,3,2,5,0,2,3,6,4
2026-01-19,2025020778,20252026,referee,Alex Lepkowski,VAN,NYI,3,2,5,0,2,3,6,4
2026-01-19,2025020778,20252026,linesman,Bevan Mills,VAN,NYI,3,2,5,0,2,3,6,4
2026-01-19,2025020778,20252026,linesman,Brandon Gawryletz,VAN,NYI,3,2,5,0,2,3,6,4
2026-01-19,2025020779,20252026,referee,Jean Hebert,ANA,NYR,4,3,7,0,3,4,8,6
2026-01-19,2025020779,20252026,referee,Liam Maaskant,ANA,NYR,4,3,7,0,3,4,8,6
2026-01-19,2025020779,20252026,linesman,Ryan Daisy,ANA,NYR,4,3,7,0,3,4,8,6
2026-01-19,2025020779,20252026,linesman,Joe Mahon,ANA,NYR,4,3,7,0,3,4,8,6
2026-01-20,2025020780,20252026,referee,Eric Furlatt,MTL,MIN,4,3,7,2,2,3,8,6
2026-01-20,2025020780,20252026,referee,Brandon Blandina,MTL,MIN,4,3,7,2,2,3,8,6
2026-01-20,2025020780,20252026,linesman,Brad Kovachik,MTL,MIN,4,3,7,2,2,3,8,6
2026-01-20,2025020780,20252026,linesman,Devin Berg,MTL,MIN,4,3,7,2,2,3,8,6
2026-01-20,2025020781,20252026,referee,Wes McCauley,TBL,SJS,1,1,2,0,2,0,2,2
2026-01-20,2025020781,20252026,referee,Beau Halkidis,TBL,SJS,1,1,2,0,2,0,2,2
2026-01-20,2025020781,20252026,linesman,Kyle Flemington,TBL,SJS,1,1,2,0,2,0,2,2
2026-01-20,2025020781,20252026,linesman,Jesse Marquis,TBL,SJS,1,1,2,0,2,0,2,2
2026-01-20,2025020782,20252026,referee,Jake Brenk,CBJ,OTT,4,4,8,1,6,1,8,8
2026-01-20,2025020782,20252026,referee,Mike Sullivan,CBJ,OTT,4,4,8,1,6,1,8,8
2026-01-20,2025020782,20252026,linesman,CJ Murray,CBJ,OTT,4,4,8,1,6,1,8,8
2026-01-20,2025020782,20252026,linesman,Dan Kelly,CBJ,OTT,4,4,8,1,6,1,8,8
2026-01-20,2025020783,20252026,referee,Francois St-Laurent,DAL,BOS,2,3,5,4,0,1,4,6
2026-01-20,2025020783,20252026,referee,Carter Sandlak,DAL,BOS,2,3,5,4,0,1,4,6
2026-01-20,2025020783,20252026,linesman,Julien Fournier,DAL,BOS,2,3,5,4,0,1,4,6
2026-01-20,2025020783,20252026,linesman,Steve Barton,DAL,BOS,2,3,5,4,0,1,4,6
2026-01-20,2025020784,20252026,referee,Trevor Hanson,NSH,BUF,2,3,5,1,2,2,4,6
2026-01-20,2025020784,20252026,referee,Pierre Lambert,NSH,BUF,2,3,5,1,2,2,4,6
2026-01-20,2025020784,20252026,linesman,Andrew Smith,NSH,BUF,2,3,5,1,2,2,4,6
2026-01-20,2025020784,20252026,linesman,Tyson Baker,NSH,BUF,2,3,5,1,2,2,4,6
2026-01-20,2025020785,20252026,referee,Graham Skilliter,WPG,STL,4,3,7,3,2,2,8,6
2026-01-20,2025020785,20252026,referee,Jordan Samuels-Thomas,WPG,STL,4,3,7,3,2,2,8,6
2026-01-20,2025020785,20252026,linesman,Shandor Alphonso,WPG,STL,4,3,7,3,2,2,8,6
2026-01-20,2025020785,20252026,linesman,Ryan Gibbons,WPG,STL,4,3,7,3,2,2,8,6
2026-01-20,2025020786,20252026,referee,Cody Beach,EDM,NJD,2,3,5,1,4,0,4,6
2026-01-20,2025020786,20252026,referee,Riley Brace,EDM,NJD,2,3,5,1,4,0,4,6
2026-01-20,2025020786,20252026,linesman,Travis Toomey,EDM,NJD,2,3,5,1,4,0,4,6
2026-01-20,2025020786,20252026,linesman,Kilian McNamara,EDM,NJD,2,3,5,1,4,0,4,6
2026-01-20,2025020787,20252026,referee,Jean Hebert,LAK,NYR,2,3,5,1,4,0,4,6
2026-01-20,2025020787,20252026,referee,Stephen Hiff,LAK,NYR,2,3,5,1,4,0,4,6
2026-01-20,2025020787,20252026,linesman,Kiel Murchison,LAK,NYR,2,3,5,1,4,0,4,6
2026-01-20,2025020787,20252026,linesman,Joe Mahon,LAK,NYR,2,3,5,1,4,0,4,6
2026-01-21,2025020788,20252026,referee,Jon McIsaac,TOR,DET,2,2,4,1,3,0,4,4
2026-01-21,2025020788,20252026,referee,Kendrick Nicholson,TOR,DET,2,2,4,1,3,0,4,4
2026-01-21,2025020788,20252026,linesman,Scott Cherrey,TOR,DET,2,2,4,1,3,0,4,4
2026-01-21,2025020788,20252026,linesman,David Brisebois,TOR,DET,2,2,4,1,3,0,4,4
2026-01-21,2025020789,20252026,referee,Chris Rooney,COL,ANA,1,2,3,2,1,0,2,4
2026-01-21,2025020789,20252026,referee,Carter Sandlak,COL,ANA,1,2,3,2,1,0,2,4
2026-01-21,2025020789,20252026,linesman,Dylan Blujus,COL,ANA,1,2,3,2,1,0,2,4
2026-01-21,2025020789,20252026,linesman,Kiel Murchison,COL,ANA,1,2,3,2,1,0,2,4
2026-01-21,2025020790,20252026,referee,Furman South,UTA,PHI,6,3,9,4,4,1,12,6
2026-01-21,2025020790,20252026,referee,Michael Markovic,UTA,PHI,6,3,9,4,4,1,12,6
2026-01-21,2025020790,20252026,linesman,Trent Knorr,UTA,PHI,6,3,9,4,4,1,12,6
2026-01-21,2025020790,20252026,linesman,Joe Mahon,UTA,PHI,6,3,9,4,4,1,12,6
2026-01-21,2025020791,20252026,referee,Frederick L'Ecuyer,CGY,PIT,1,1,2,1,0,1,2,2
2026-01-21,2025020791,20252026,referee,Brandon Schrader,CGY,PIT,1,1,2,1,0,1,2,2
2026-01-21,2025020791,20252026,linesman,Travis Toomey,CGY,PIT,1,1,2,1,0,1,2,2
2026-01-21,2025020791,20252026,linesman,Kilian McNamara,CGY,PIT,1,1,2,1,0,1,2,2
2026-01-21,2025020793,20252026,referee,Kyle Rehman,SEA,NYI,7,4,11,6,3,2,14,8
2026-01-21,2025020793,20252026,referee,Justin Kea,SEA,NYI,7,4,11,6,3,2,14,8
2026-01-21,2025020793,20252026,linesman,Bevan Mills,SEA,NYI,7,4,11,6,3,2,14,8
2026-01-21,2025020793,20252026,linesman,Michel Cormier,SEA,NYI,7,4,11,6,3,2,14,8
2026-01-21,2025020792,20252026,referee,Thomas John Luxmore,VAN,WSH,5,5,10,3,5,2,10,10
2026-01-21,2025020792,20252026,referee,Riley Brace,VAN,WSH,5,5,10,3,5,2,10,10
2026-01-21,2025020792,20252026,linesman,Caleb Apperson,VAN,WSH,5,5,10,3,5,2,10,10
2026-01-21,2025020792,20252026,linesman,Mark Shewchyk,VAN,WSH,5,5,10,3,5,2,10,10
2026-01-22,2025020794,20252026,referee,Jake Brenk,BOS,VGK,5,4,9,5,1,3,10,8
2026-01-22,2025020794,20252026,referee,Eric Furlatt,BOS,VGK,5,4,9,5,1,3,10,8
2026-01-22,2025020794,20252026,linesman,Brad Kovachik,BOS,VGK,5,4,9,5,1,3,10,8
2026-01-22,2025020794,20252026,linesman,Brandon Grillo,BOS,VGK,5,4,9,5,1,3,10,8
2026-01-22,2025020795,20252026,referee,Jon McIsaac,MTL,BUF,4,5,9,1,6,2,8,10
2026-01-22,2025020795,20252026,referee,Kelly Sutherland,MTL,BUF,4,5,9,1,6,2,8,10
2026-01-22,2025020795,20252026,linesman,Scott Cherrey,MTL,BUF,4,5,9,1,6,2,8,10
2026-01-22,2025020795,20252026,linesman,Ryan Daisy,MTL,BUF,4,5,9,1,6,2,8,10
2026-01-22,2025020796,20252026,referee,Wes McCauley,CAR,CHI,1,5,6,1,4,1,2,10
2026-01-22,2025020796,20252026,referee,Cody Beach,CAR,CHI,1,5,6,1,4,1,2,10
2026-01-22,2025020796,20252026,linesman,Julien Fournier,CAR,CHI,1,5,6,1,4,1,2,10
2026-01-22,2025020796,20252026,linesman,Jesse Marquis,CAR,CHI,1,5,6,1,4,1,2,10
2026-01-22,2025020797,20252026,referee,Dan O'Rourke,CBJ,DAL,2,1,3,2,1,0,4,2
2026-01-22,2025020797,20252026,referee,Pierre Lambert,CBJ,DAL,2,1,3,2,1,0,4,2
2026-01-22,2025020797,20252026,linesman,Shawn Oliver,CBJ,DAL,2,1,3,2,1,0,4,2
2026-01-22,2025020797,20252026,linesman,Tyson Baker,CBJ,DAL,2,1,3,2,1,0,4,2
2026-01-22,2025020798,20252026,referee,Jean Hebert,NSH,OTT,4,6,10,2,4,4,8,12
2026-01-22,2025020798,20252026,referee,Corey Syvret,NSH,OTT,4,6,10,2,4,4,8,12
2026-01-22,2025020798,20252026,linesman,Kyle Flemington,NSH,OTT,4,6,10,2,4,4,8,12
2026-01-22,2025020798,20252026,linesman,James Tobias,NSH,OTT,4,6,10,2,4,4,8,12
2026-01-22,2025020799,20252026,referee,Graham Skilliter,WPG,FLA,4,5,9,2,1,6,8,10
2026-01-22,2025020799,20252026,referee,Jordan Samuels-Thomas,WPG,FLA,4,5,9,2,1,6,8,10
2026-01-22,2025020799,20252026,linesman,Brandon Gawryletz,WPG,FLA,4,5,9,2,1,6,8,10
2026-01-22,2025020799,20252026,linesman,Jeremy Faucher,WPG,FLA,4,5,9,2,1,6,8,10
2026-01-22,2025020800,20252026,referee,Chris Schlenker,EDM,PIT,2,2,4,2,2,0,4,4
2026-01-22,2025020800,20252026,referee,Frederick L'Ecuyer,EDM,PIT,2,2,4,2,2,0,4,4
2026-01-22,2025020800,20252026,linesman,Matt MacPherson,EDM,PIT,2,2,4,2,2,0,4,4
2026-01-22,2025020800,20252026,linesman,Kilian McNamara,EDM,PIT,2,2,4,2,2,0,4,4
2026-01-22,2025020801,20252026,referee,Francois St-Laurent,MIN,DET,2,4,6,2,2,2,4,8
2026-01-22,2025020801,20252026,referee,Chris Lee,MIN,DET,2,4,6,2,2,2,4,8
2026-01-22,2025020801,20252026,linesman,Ryan Gibbons,MIN,DET,2,4,6,2,2,2,4,8
2026-01-22,2025020801,20252026,linesman,Steve Barton,MIN,DET,2,4,6,2,2,2,4,8
2026-01-23,2025020802,20252026,referee,Kelly Sutherland,TOR,VGK,1,1,2,1,0,1,2,2
2026-01-23,2025020802,20252026,referee,Pierre Lambert,TOR,VGK,1,1,2,1,0,1,2,2
2026-01-23,2025020802,20252026,linesman,Andrew Smith,TOR,VGK,1,1,2,1,0,1,2,2
2026-01-23,2025020802,20252026,linesman,Travis Toomey,TOR,VGK,1,1,2,1,0,1,2,2
2026-01-23,2025020803,20252026,referee,Kendrick Nicholson,CHI,TBL,3,3,6,4,1,1,6,6
2026-01-23,2025020803,20252026,referee,Morgan MacPhee,CHI,TBL,3,3,6,4,1,1,6,6
2026-01-23,2025020803,20252026,linesman,Libor Suchanek,CHI,TBL,3,3,6,4,1,1,6,6
2026-01-23,2025020803,20252026,linesman,Jonathan Deschamps,CHI,TBL,3,3,6,4,1,1,6,6
2026-01-23,2025020804,20252026,referee,Gord Dwyer,DAL,STL,3,5,8,2,5,1,6,10
2026-01-23,2025020804,20252026,referee,Justin Kea,DAL,STL,3,5,8,2,5,1,6,10
2026-01-23,2025020804,20252026,linesman,James Tobias,DAL,STL,3,5,8,2,5,1,6,10
2026-01-23,2025020804,20252026,linesman,Ben O'Quinn,DAL,STL,3,5,8,2,5,1,6,10
2026-01-23,2025020805,20252026,referee,Chris Rooney,COL,PHI,2,4,6,3,1,2,4,8
2026-01-23,2025020805,20252026,referee,Furman South,COL,PHI,2,4,6,3,1,2,4,8
2026-01-23,2025020805,20252026,linesman,Bevan Mills,COL,PHI,2,4,6,3,1,2,4,8
2026-01-23,2025020805,20252026,linesman,Joe Mahon,COL,PHI,2,4,6,3,1,2,4,8
2026-01-23,2025020806,20252026,referee,Graham Skilliter,CGY,WSH,4,3,7,1,3,3,8,6
2026-01-23,2025020806,20252026,referee,Brandon Schrader,CGY,WSH,4,3,7,1,3,3,8,6
2026-01-23,2025020806,20252026,linesman,Devin Berg,CGY,WSH,4,3,7,1,3,3,8,6
2026-01-23,2025020806,20252026,linesman,Jeremy Faucher,CGY,WSH,4,3,7,1,3,3,8,6
2026-01-23,2025020807,20252026,referee,Tom Chmielewski,VAN,NJD,3,2,5,1,3,1,6,4
2026-01-23,2025020807,20252026,referee,Carter Sandlak,VAN,NJD,3,2,5,1,3,1,6,4
2026-01-23,2025020807,20252026,linesman,Kiel Murchison,VAN,NJD,3,2,5,1,3,1,6,4
2026-01-23,2025020807,20252026,linesman,Matt MacPherson,VAN,NJD,3,2,5,1,3,1,6,4
2026-01-23,2025020808,20252026,referee,Garrett Rank,SJS,NYR,2,7,9,5,2,2,4,14
2026-01-23,2025020808,20252026,referee,Kyle Rehman,SJS,NYR,2,7,9,5,2,2,4,14
2026-01-23,2025020808,20252026,linesman,Dylan Blujus,SJS,NYR,2,7,9,5,2,2,4,14
2026-01-23,2025020808,20252026,linesman,Michel Cormier,SJS,NYR,2,7,9,5,2,2,4,14
2026-01-23,2025020809,20252026,referee,Thomas John Luxmore,SEA,ANA,2,2,4,1,3,0,4,4
2026-01-23,2025020809,20252026,referee,Graedy Hamilton,SEA,ANA,2,2,4,1,3,0,4,4
2026-01-23,2025020809,20252026,linesman,CJ Murray,SEA,ANA,2,2,4,1,3,0,4,4
2026-01-23,2025020809,20252026,linesman,Trent Knorr,SEA,ANA,2,2,4,1,3,0,4,4
2026-01-24,2025020810,20252026,referee,Francis Charron,NYI,BUF,3,4,7,1,3,3,6,8
2026-01-24,2025020810,20252026,referee,Liam Maaskant,NYI,BUF,3,4,7,1,3,3,6,8
2026-01-24,2025020810,20252026,linesman,Kyle Flemington,NYI,BUF,3,4,7,1,3,3,6,8
2026-01-24,2025020810,20252026,linesman,Brad Kovachik,NYI,BUF,3,4,7,1,3,3,6,8
2026-01-24,2025020811,20252026,referee,Francois St-Laurent,NSH,UTA,2,3,5,2,0,3,4,6
2026-01-24,2025020811,20252026,referee,Corey Syvret,NSH,UTA,2,3,5,2,0,3,4,6
2026-01-24,2025020811,20252026,linesman,Jesse Marquis,NSH,UTA,2,3,5,2,0,3,4,6
2026-01-24,2025020811,20252026,linesman,Tyson Baker,NSH,UTA,2,3,5,2,0,3,4,6
2026-01-24,2025020812,20252026,referee,Brian Pochmara,BOS,MTL,3,4,7,1,4,2,6,8
2026-01-24,2025020812,20252026,referee,Jake Brenk,BOS,MTL,3,4,7,1,4,2,6,8
2026-01-24,2025020812,20252026,linesman,Scott Cherrey,BOS,MTL,3,4,7,1,4,2,6,8
2026-01-24,2025020812,20252026,linesman,Brandon Grillo,BOS,MTL,3,4,7,1,4,2,6,8
2026-01-24,2025020813,20252026,referee,Jon McIsaac,OTT,CAR,4,4,8,2,5,1,8,8
2026-01-24,2025020813,20252026,referee,Chris Schlenker,OTT,CAR,4,4,8,2,5,1,8,8
2026-01-24,2025020813,20252026,linesman,Ryan Daisy,OTT,CAR,4,4,8,2,5,1,8,8
2026-01-24,2025020813,20252026,linesman,Travis Toomey,OTT,CAR,4,4,8,2,5,1,8,8
2026-01-24,2025020814,20252026,referee,Wes McCauley,CBJ,TBL,3,3,6,2,4,0,6,6
2026-01-24,2025020814,20252026,referee,Cody Beach,CBJ,TBL,3,3,6,2,4,0,6,6
2026-01-24,2025020814,20252026,linesman,Libor Suchanek,CBJ,TBL,3,3,6,2,4,0,6,6
2026-01-24,2025020814,20252026,linesman,Dan Kelly,CBJ,TBL,3,3,6,2,4,0,6,6
2026-01-24,2025020815,20252026,referee,Dan O'Rourke,WPG,DET,3,1,4,1,2,1,6,2
2026-01-24,2025020815,20252026,referee,Alex Lepkowski,WPG,DET,3,1,4,1,2,1,6,2
2026-01-24,2025020815,20252026,linesman,Brandon Gawryletz,WPG,DET,3,1,4,1,2,1,6,2
2026-01-24,2025020815,20252026,linesman,Kilian McNamara,WPG,DET,3,1,4,1,2,1,6,2
2026-01-24,2025020816,20252026,referee,Kendrick Nicholson,STL,LAK,4,4,8,5,2,1,8,8
2026-01-24,2025020816,20252026,referee,Beau Halkidis,STL,LAK,4,4,8,5,2,1,8,8
2026-01-24,2025020816,20252026,linesman,Jonathan Deschamps,STL,LAK,4,4,8,5,2,1,8,8
2026-01-24,2025020816,20252026,linesman,Jonny Murray,STL,LAK,4,4,8,5,2,1,8,8
2026-01-24,2025020817,20252026,referee,Chris Rooney,MIN,FLA,6,6,12,3,5,4,12,12
2026-01-24,2025020817,20252026,referee,Frederick L'Ecuyer,MIN,FLA,6,6,12,3,5,4,12,12
2026-01-24,2025020817,20252026,linesman,Steve Barton,MIN,FLA,6,6,12,3,5,4,12,12
2026-01-24,2025020817,20252026,linesman,Shawn Oliver,MIN,FLA,6,6,12,3,5,4,12,12
2026-01-24,2025020818,20252026,referee,Graham Skilliter,EDM,WSH,5,6,11,1,4,6,10,12
2026-01-24,2025020818,20252026,referee,Brandon Blandina,EDM,WSH,5,6,11,1,4,6,10,12
2026-01-24,2025020818,20252026,linesman,Caleb Apperson,EDM,WSH,5,6,11,1,4,6,10,12
2026-01-24,2025020818,20252026,linesman,Devin Berg,EDM,WSH,5,6,11,1,4,6,10,12
2026-01-25,2025020819,20252026,referee,Eric Furlatt,TOR,COL,2,3,5,2,1,2,4,6
2026-01-25,2025020819,20252026,referee,Michael Markovic,TOR,COL,2,3,5,2,1,2,4,6
2026-01-25,2025020819,20252026,linesman,Shandor Alphonso,TOR,COL,2,3,5,2,1,2,4,6
2026-01-25,2025020819,20252026,linesman,Mark Shewchyk,TOR,COL,2,3,5,2,1,2,4,6
2026-01-25,2025020820,20252026,referee,Furman South,SEA,NJD,4,4,8,5,1,2,8,8
2026-01-25,2025020820,20252026,referee,Tom Chmielewski,SEA,NJD,4,4,8,5,1,2,8,8
2026-01-25,2025020820,20252026,linesman,CJ Murray,SEA,NJD,4,4,8,5,1,2,8,8
2026-01-25,2025020820,20252026,linesman,Trent Knorr,SEA,NJD,4,4,8,5,1,2,8,8
2026-01-25,2025020821,20252026,referee,Jon McIsaac,OTT,VGK,2,1,3,2,0,1,4,2
2026-01-25,2025020821,20252026,referee,Chris Schlenker,OTT,VGK,2,1,3,2,0,1,4,2
2026-01-25,2025020821,20252026,linesman,Ryan Daisy,OTT,VGK,2,1,3,2,0,1,4,2
2026-01-25,2025020821,20252026,linesman,Travis Toomey,OTT,VGK,2,1,3,2,0,1,4,2
2026-01-25,2025020822,20252026,referee,Garrett Rank,VAN,PIT,0,2,2,0,1,1,0,4
2026-01-25,2025020822,20252026,referee,Carter Sandlak,VAN,PIT,0,2,2,0,1,1,0,4
2026-01-25,2025020822,20252026,linesman,Bevan Mills,VAN,PIT,0,2,2,0,1,1,0,4
2026-01-25,2025020822,20252026,linesman,Travis Gawryletz,VAN,PIT,0,2,2,0,1,1,0,4
2026-01-25,2025020823,20252026,referee,Chris Rooney,CHI,FLA,1,3,4,1,2,1,2,6
2026-01-25,2025020823,20252026,referee,Frederick L'Ecuyer,CHI,FLA,1,3,4,1,2,1,2,6
2026-01-25,2025020823,20252026,linesman,Shawn Oliver,CHI,FLA,1,3,4,1,2,1,2,6
2026-01-25,2025020823,20252026,linesman,Jonny Murray,CHI,FLA,1,3,4,1,2,1,2,6
2026-01-25,2025020824,20252026,referee,Dan O'Rourke,CGY,ANA,2,1,3,1,1,1,4,2
2026-01-25,2025020824,20252026,referee,Brandon Blandina,CGY,ANA,2,1,3,1,1,1,4,2
2026-01-25,2025020824,20252026,linesman,Matt MacPherson,CGY,ANA,2,1,3,1,1,1,4,2
2026-01-25,2025020824,20252026,linesman,Jeremy Faucher,CGY,ANA,2,1,3,1,1,1,4,2
2026-01-26,2025020825,20252026,referee,Thomas John Luxmore,TBL,UTA,6,7,13,1,6,6,12,14
2026-01-26,2025020825,20252026,referee,Chris Lee,TBL,UTA,6,7,13,1,6,6,12,14
2026-01-26,2025020825,20252026,linesman,James Tobias,TBL,UTA,6,7,13,1,6,6,12,14
2026-01-26,2025020825,20252026,linesman,Jonathan Deschamps,TBL,UTA,6,7,13,1,6,6,12,14
2026-01-26,2025020826,20252026,referee,Brian Pochmara,NYR,BOS,1,4,5,0,4,1,2,8
2026-01-26,2025020826,20252026,referee,Liam Maaskant,NYR,BOS,1,4,5,0,4,1,2,8
2026-01-26,2025020826,20252026,linesman,Andrew Smith,NYR,BOS,1,4,5,0,4,1,2,8
2026-01-26,2025020826,20252026,linesman,Brad Kovachik,NYR,BOS,1,4,5,0,4,1,2,8
2026-01-26,2025020827,20252026,referee,Francis Charron,PHI,NYI,4,4,8,3,4,1,8,8
2026-01-26,2025020827,20252026,referee,Kelly Sutherland,PHI,NYI,4,4,8,3,4,1,8,8
2026-01-26,2025020827,20252026,linesman,Kyle Flemington,PHI,NYI,4,4,8,3,4,1,8,8
2026-01-26,2025020827,20252026,linesman,Julien Fournier,PHI,NYI,4,4,8,3,4,1,8,8
2026-01-26,2025020829,20252026,referee,Garrett Rank,EDM,ANA,4,3,7,5,1,1,8,6
2026-01-26,2025020829,20252026,referee,Brandon Blandina,EDM,ANA,4,3,7,5,1,1,8,6
2026-01-26,2025020829,20252026,linesman,Travis Gawryletz,EDM,ANA,4,3,7,5,1,1,8,6
2026-01-26,2025020829,20252026,linesman,Devin Berg,EDM,ANA,4,3,7,5,1,1,8,6
2026-01-27,2025020830,20252026,referee,Pierre Lambert,BOS,NSH,5,4,9,3,4,2,10,8
2026-01-27,2025020830,20252026,referee,Jake Brenk,BOS,NSH,5,4,9,3,4,2,10,8
2026-01-27,2025020830,20252026,linesman,Andrew Smith,BOS,NSH,5,4,9,3,4,2,10,8
2026-01-27,2025020830,20252026,linesman,Ryan Daisy,BOS,NSH,5,4,9,3,4,2,10,8
2026-01-27,2025020831,20252026,referee,Chris Schlenker,TOR,BUF,2,0,2,1,0,1,4,0
2026-01-27,2025020831,20252026,referee,Kendrick Nicholson,TOR,BUF,2,0,2,1,0,1,4,0
2026-01-27,2025020831,20252026,linesman,Scott Cherrey,TOR,BUF,2,0,2,1,0,1,4,0
2026-01-27,2025020831,20252026,linesman,David Brisebois,TOR,BUF,2,0,2,1,0,1,4,0
2026-01-27,2025020832,20252026,referee,Jon McIsaac,MTL,VGK,3,4,7,0,4,3,6,8
2026-01-27,2025020832,20252026,referee,Mike Sullivan,MTL,VGK,3,4,7,0,4,3,6,8
2026-01-27,2025020832,20252026,linesman,Michel Cormier,MTL,VGK,3,4,7,0,4,3,6,8
2026-01-27,2025020832,20252026,linesman,Jeremy Faucher,MTL,VGK,3,4,7,0,4,3,6,8
2026-01-27,2025020833,20252026,referee,Chris Rooney,DET,LAK,3,4,7,3,1,3,6,8
2026-01-27,2025020833,20252026,referee,Justin Kea,DET,LAK,3,4,7,3,1,3,6,8
2026-01-27,2025020833,20252026,linesman,Shawn Oliver,DET,LAK,3,4,7,3,1,3,6,8
2026-01-27,2025020833,20252026,linesman,Mark Shewchyk,DET,LAK,3,4,7,3,1,3,6,8
2026-01-27,2025020834,20252026,referee,Jean Hebert,FLA,UTA,5,6,11,1,4,6,10,12
2026-01-27,2025020834,20252026,referee,Chris Lee,FLA,UTA,5,6,11,1,4,6,10,12
2026-01-27,2025020834,20252026,linesman,James Tobias,FLA,UTA,5,6,11,1,4,6,10,12
2026-01-27,2025020834,20252026,linesman,Jonathan Deschamps,FLA,UTA,5,6,11,1,4,6,10,12
2026-01-27,2025020835,20252026,referee,Brian Pochmara,NJD,WPG,2,2,4,1,2,1,4,4
2026-01-27,2025020835,20252026,referee,Beau Halkidis,NJD,WPG,2,2,4,1,2,1,4,4
2026-01-27,2025020835,20252026,linesman,Julien Fournier,NJD,WPG,2,2,4,1,2,1,4,4
2026-01-27,2025020835,20252026,linesman,Brad Kovachik,NJD,WPG,2,2,4,1,2,1,4,4
2026-01-27,2025020836,20252026,referee,Gord Dwyer,STL,DAL,3,3,6,2,3,1,6,6
2026-01-27,2025020836,20252026,referee,Stephen Hiff,STL,DAL,3,3,6,2,3,1,6,6
2026-01-27,2025020836,20252026,linesman,Libor Suchanek,STL,DAL,3,3,6,2,3,1,6,6
2026-01-27,2025020836,20252026,linesman,Kilian McNamara,STL,DAL,3,3,6,2,3,1,6,6
2026-01-27,2025020837,20252026,referee,Dan O'Rourke,MIN,CHI,4,1,5,1,1,3,8,2
2026-01-27,2025020837,20252026,referee,Morgan MacPhee,MIN,CHI,4,1,5,1,1,3,8,2
2026-01-27,2025020837,20252026,linesman,Jonny Murray,MIN,CHI,4,1,5,1,1,3,8,2
2026-01-27,2025020837,20252026,linesman,Dan Kelly,MIN,CHI,4,1,5,1,1,3,8,2
2026-01-27,2025020838,20252026,referee,Kyle Rehman,VAN,SJS,5,5,10,4,5,1,10,10
2026-01-27,2025020838,20252026,referee,Graedy Hamilton,VAN,SJS,5,5,10,4,5,1,10,10
2026-01-27,2025020838,20252026,linesman,CJ Murray,VAN,SJS,5,5,10,4,5,1,10,10
2026-01-27,2025020838,20252026,linesman,Matt MacPherson,VAN,SJS,5,5,10,4,5,1,10,10
2026-01-27,2025020839,20252026,referee,Tom Chmielewski,SEA,WSH,5,4,9,1,2,6,10,8
2026-01-27,2025020839,20252026,referee,Jordan Samuels-Thomas,SEA,WSH,5,4,9,1,2,6,10,8
2026-01-27,2025020839,20252026,linesman,Kiel Murchison,SEA,WSH,5,4,9,1,2,6,10,8
2026-01-27,2025020839,20252026,linesman,Joe Mahon,SEA,WSH,5,4,9,1,2,6,10,8
2026-01-28,2025020842,20252026,referee,Pierre Lambert,NYI,NYR,3,5,8,4,3,1,6,10
2026-01-28,2025020842,20252026,referee,Michael Markovic,NYI,NYR,3,5,8,4,3,1,6,10
2026-01-28,2025020842,20252026,linesman,Dylan Blujus,NYI,NYR,3,5,8,4,3,1,6,10
2026-01-28,2025020842,20252026,linesman,Ryan Daisy,NYI,NYR,3,5,8,4,3,1,6,10
2026-01-28,2025020840,20252026,referee,Chris Rooney,CBJ,PHI,5,3,8,3,1,4,10,6
2026-01-28,2025020840,20252026,referee,Brandon Schrader,CBJ,PHI,5,3,8,3,1,4,10,6
2026-01-28,2025020840,20252026,linesman,Shandor Alphonso,CBJ,PHI,5,3,8,3,1,4,10,6
2026-01-28,2025020840,20252026,linesman,Mark Shewchyk,CBJ,PHI,5,3,8,3,1,4,10,6
2026-01-28,2025020841,20252026,referee,Kendrick Nicholson,OTT,COL,0,3,3,2,1,0,0,6
2026-01-28,2025020841,20252026,referee,Mike Sullivan,OTT,COL,0,3,3,2,1,0,0,6
2026-01-28,2025020841,20252026,linesman,Michel Cormier,OTT,COL,0,3,3,2,1,0,0,6
2026-01-28,2025020841,20252026,linesman,Jeremy Faucher,OTT,COL,0,3,3,2,1,0,0,6
2026-01-29,2025020843,20252026,referee,Francis Charron,BOS,PHI,6,4,10,2,1,7,12,8
2026-01-29,2025020843,20252026,referee,Francois St-Laurent,BOS,PHI,6,4,10,2,1,7,12,8
2026-01-29,2025020843,20252026,linesman,Tyson Baker,BOS,PHI,6,4,10,2,1,7,12,8
2026-01-29,2025020843,20252026,linesman,David Brisebois,BOS,PHI,6,4,10,2,1,7,12,8
2026-01-29,2025020844,20252026,referee,Garrett Rank,BUF,LAK,4,5,9,6,1,2,8,10
2026-01-29,2025020844,20252026,referee,Alex Lepkowski,BUF,LAK,4,5,9,6,1,2,8,10
2026-01-29,2025020844,20252026,linesman,Kyle Flemington,BUF,LAK,4,5,9,6,1,2,8,10
2026-01-29,2025020844,20252026,linesman,James Tobias,BUF,LAK,4,5,9,6,1,2,8,10
2026-01-29,2025020845,20252026,referee,Frederick L'Ecuyer,MTL,COL,3,3,6,2,2,2,6,6
2026-01-29,2025020845,20252026,referee,Justin Kea,MTL,COL,3,3,6,2,2,2,6,6
2026-01-29,2025020845,20252026,linesman,Michel Cormier,MTL,COL,3,3,6,2,2,2,6,6
2026-01-29,2025020845,20252026,linesman,Devin Berg,MTL,COL,3,3,6,2,2,2,6,6
2026-01-29,2025020847,20252026,referee,Jean Hebert,TBL,WPG,3,2,5,1,1,3,6,4
2026-01-29,2025020847,20252026,referee,Chris Lee,TBL,WPG,3,2,5,1,1,3,6,4
2026-01-29,2025020847,20252026,linesman,Scott Cherrey,TBL,WPG,3,2,5,1,1,3,6,4
2026-01-29,2025020847,20252026,linesman,Brandon Grillo,TBL,WPG,3,2,5,1,1,3,6,4
2026-01-29,2025020848,20252026,referee,Brian Pochmara,NJD,NSH,2,3,5,0,2,3,4,6
2026-01-29,2025020848,20252026,referee,Michael Markovic,NJD,NSH,2,3,5,0,2,3,4,6
2026-01-29,2025020848,20252026,linesman,Dylan Blujus,NJD,NSH,2,3,5,0,2,3,4,6
2026-01-29,2025020848,20252026,linesman,Ryan Daisy,NJD,NSH,2,3,5,0,2,3,4,6
2026-01-29,2025020849,20252026,referee,Thomas John Luxmore,NYR,NYI,4,4,8,1,2,5,8,8
2026-01-29,2025020849,20252026,referee,Riley Brace,NYR,NYI,4,4,8,1,2,5,8,8
2026-01-29,2025020849,20252026,linesman,Andrew Smith,NYR,NYI,4,4,8,1,2,5,8,8
2026-01-29,2025020849,20252026,linesman,Brad Kovachik,NYR,NYI,4,4,8,1,2,5,8,8
2026-01-29,2025020850,20252026,referee,Furman South,PIT,CHI,4,3,7,6,1,0,8,6
2026-01-29,2025020850,20252026,referee,Eric Furlatt,PIT,CHI,4,3,7,6,1,0,8,6
2026-01-29,2025020850,20252026,linesman,Shawn Oliver,PIT,CHI,4,3,7,6,1,0,8,6
2026-01-29,2025020850,20252026,linesman,Jonny Murray,PIT,CHI,4,3,7,6,1,0,8,6
2026-01-29,2025020851,20252026,referee,Kelly Sutherland,CAR,UTA,2,5,7,0,4,3,4,10
2026-01-29,2025020851,20252026,referee,Beau Halkidis,CAR,UTA,2,5,7,0,4,3,4,10
2026-01-29,2025020851,20252026,linesman,Julien Fournier,CAR,UTA,2,5,7,0,4,3,4,10
2026-01-29,2025020851,20252026,linesman,Jesse Marquis,CAR,UTA,2,5,7,0,4,3,4,10
2026-01-29,2025020846,20252026,referee,Wes McCauley,DET,WSH,2,4,6,2,1,3,4,8
2026-01-29,2025020846,20252026,referee,Brandon Schrader,DET,WSH,2,4,6,2,1,3,4,8
2026-01-29,2025020846,20252026,linesman,Shandor Alphonso,DET,WSH,2,4,6,2,1,3,4,8
2026-01-29,2025020846,20252026,linesman,Dan Kelly,DET,WSH,2,4,6,2,1,3,4,8
2026-01-29,2025020852,20252026,referee,Jake Brenk,STL,FLA,10,7,17,6,6,5,20,14
2026-01-29,2025020852,20252026,referee,Liam Maaskant,STL,FLA,10,7,17,6,6,5,20,14
2026-01-29,2025020852,20252026,linesman,Jonathan Deschamps,STL,FLA,10,7,17,6,6,5,20,14
2026-01-29,2025020852,20252026,linesman,Kilian McNamara,STL,FLA,10,7,17,6,6,5,20,14
2026-01-29,2025020853,20252026,referee,Dan O'Rourke,MIN,CGY,3,2,5,2,0,3,6,4
2026-01-29,2025020853,20252026,referee,Stephen Hiff,MIN,CGY,3,2,5,2,0,3,6,4
2026-01-29,2025020853,20252026,linesman,Libor Suchanek,MIN,CGY,3,2,5,2,0,3,6,4
2026-01-29,2025020853,20252026,linesman,Brandon Gawryletz,MIN,CGY,3,2,5,2,0,3,6,4
2026-01-29,2025020854,20252026,referee,Tom Chmielewski,EDM,SJS,3,2,5,2,2,1,6,4
2026-01-29,2025020854,20252026,referee,Corey Syvret,EDM,SJS,3,2,5,2,2,1,6,4
2026-01-29,2025020854,20252026,linesman,Ryan Gibbons,EDM,SJS,3,2,5,2,2,1,6,4
2026-01-29,2025020854,20252026,linesman,Caleb Apperson,EDM,SJS,3,2,5,2,2,1,6,4
2026-01-29,2025020855,20252026,referee,Trevor Hanson,VAN,ANA,3,3,6,3,1,2,6,6
2026-01-29,2025020855,20252026,referee,Jordan Samuels-Thomas,VAN,ANA,3,3,6,3,1,2,6,6
2026-01-29,2025020855,20252026,linesman,Trent Knorr,VAN,ANA,3,3,6,3,1,2,6,6
2026-01-29,2025020855,20252026,linesman,Kiel Murchison,VAN,ANA,3,3,6,3,1,2,6,6
2026-01-29,2025020856,20252026,referee,Graham Skilliter,VGK,DAL,2,1,3,1,1,1,4,2
2026-01-29,2025020856,20252026,referee,Graedy Hamilton,VGK,DAL,2,1,3,1,1,1,4,2
2026-01-29,2025020856,20252026,linesman,CJ Murray,VGK,DAL,2,1,3,1,1,1,4,2
2026-01-29,2025020856,20252026,linesman,Matt MacPherson,VGK,DAL,2,1,3,1,1,1,4,2
2026-01-29,2025020857,20252026,referee,Kyle Rehman,SEA,TOR,3,2,5,2,1,2,6,4
2026-01-29,2025020857,20252026,referee,Morgan MacPhee,SEA,TOR,3,2,5,2,1,2,6,4
2026-01-29,2025020857,20252026,linesman,Bevan Mills,SEA,TOR,3,2,5,2,1,2,6,4
2026-01-29,2025020857,20252026,linesman,Ben O'Quinn,SEA,TOR,3,2,5,2,1,2,6,4
2026-01-30,2025020858,20252026,referee,Furman South,CHI,CBJ,3,2,5,1,2,2,6,4
2026-01-30,2025020858,20252026,referee,Jake Brenk,CHI,CBJ,3,2,5,1,2,2,6,4
2026-01-30,2025020858,20252026,linesman,Libor Suchanek,CHI,CBJ,3,2,5,1,2,2,6,4
2026-01-30,2025020858,20252026,linesman,Brandon Gawryletz,CHI,CBJ,3,2,5,1,2,2,6,4
2026-01-31,2025020859,20252026,referee,Wes McCauley,PHI,LAK,2,2,4,3,1,0,4,4
2026-01-31,2025020859,20252026,referee,Brandon Schrader,PHI,LAK,2,2,4,3,1,0,4,4
2026-01-31,2025020859,20252026,linesman,David Brisebois,PHI,LAK,2,2,4,3,1,0,4,4
2026-01-31,2025020859,20252026,linesman,Jeremy Faucher,PHI,LAK,2,2,4,3,1,0,4,4
2026-01-31,2025020860,20252026,referee,Chris Schlenker,DET,COL,3,3,6,2,4,0,6,6
2026-01-31,2025020860,20252026,referee,Garrett Rank,DET,COL,3,3,6,2,4,0,6,6
2026-01-31,2025020860,20252026,linesman,Ryan Daisy,DET,COL,3,3,6,2,4,0,6,6
2026-01-31,2025020860,20252026,linesman,Jesse Marquis,DET,COL,3,3,6,2,4,0,6,6
2026-01-31,2025020861,20252026,referee,Eric Furlatt,PIT,NYR,4,6,10,2,6,2,8,12
2026-01-31,2025020861,20252026,referee,Chris Lee,PIT,NYR,4,6,10,2,6,2,8,12
2026-01-31,2025020861,20252026,linesman,Shandor Alphonso,PIT,NYR,4,6,10,2,6,2,8,12
2026-01-31,2025020861,20252026,linesman,Tyson Baker,PIT,NYR,4,6,10,2,6,2,8,12
2026-01-31,2025020862,20252026,referee,Kelly Sutherland,FLA,WPG,5,2,7,5,1,1,10,4
2026-01-31,2025020862,20252026,referee,Jean Hebert,FLA,WPG,5,2,7,5,1,1,10,4
2026-01-31,2025020862,20252026,linesman,Scott Cherrey,FLA,WPG,5,2,7,5,1,1,10,4
2026-01-31,2025020862,20252026,linesman,Brandon Grillo,FLA,WPG,5,2,7,5,1,1,10,4
2026-01-31,2025020863,20252026,referee,Cody Beach,CGY,SJS,5,7,12,6,2,4,10,14
2026-01-31,2025020863,20252026,referee,Carter Sandlak,CGY,SJS,5,7,12,6,2,4,10,14
2026-01-31,2025020863,20252026,linesman,Caleb Apperson,CGY,SJS,5,7,12,6,2,4,10,14
2026-01-31,2025020863,20252026,linesman,Travis Toomey,CGY,SJS,5,7,12,6,2,4,10,14
2026-01-31,2025020864,20252026,referee,Thomas John Luxmore,WSH,CAR,2,4,6,1,4,1,4,8
2026-01-31,2025020864,20252026,referee,Michael Markovic,WSH,CAR,2,4,6,1,4,1,4,8
2026-01-31,2025020864,20252026,linesman,Andrew Smith,WSH,CAR,2,4,6,1,4,1,4,8
2026-01-31,2025020864,20252026,linesman,Michel Cormier,WSH,CAR,2,4,6,1,4,1,4,8
2026-01-31,2025020865,20252026,referee,Francis Charron,BUF,MTL,3,4,7,2,4,1,6,8
2026-01-31,2025020865,20252026,referee,Kendrick Nicholson,BUF,MTL,3,4,7,2,4,1,6,8
2026-01-31,2025020865,20252026,linesman,James Tobias,BUF,MTL,3,4,7,2,4,1,6,8
2026-01-31,2025020865,20252026,linesman,Mark Shewchyk,BUF,MTL,3,4,7,2,4,1,6,8
2026-01-31,2025020866,20252026,referee,Frederick L'Ecuyer,OTT,NJD,6,4,10,3,2,5,12,8
2026-01-31,2025020866,20252026,referee,Justin Kea,OTT,NJD,6,4,10,3,2,5,12,8
2026-01-31,2025020866,20252026,linesman,Shawn Oliver,OTT,NJD,6,4,10,3,2,5,12,8
2026-01-31,2025020866,20252026,linesman,Jonathan Deschamps,OTT,NJD,6,4,10,3,2,5,12,8
2026-01-31,2025020867,20252026,referee,Francois St-Laurent,NYI,NSH,4,4,8,2,0,6,8,8
2026-01-31,2025020867,20252026,referee,Brandon Blandina,NYI,NSH,4,4,8,2,0,6,8,8
2026-01-31,2025020867,20252026,linesman,Dylan Blujus,NYI,NSH,4,4,8,2,0,6,8,8
2026-01-31,2025020867,20252026,linesman,Jonny Murray,NYI,NSH,4,4,8,2,0,6,8,8
2026-01-31,2025020868,20252026,referee,Gord Dwyer,STL,CBJ,2,4,6,2,2,2,4,8
2026-01-31,2025020868,20252026,referee,Stephen Hiff,STL,CBJ,2,4,6,2,2,2,4,8
2026-01-31,2025020868,20252026,linesman,Libor Suchanek,STL,CBJ,2,4,6,2,2,2,4,8
2026-01-31,2025020868,20252026,linesman,Brandon Gawryletz,STL,CBJ,2,4,6,2,2,2,4,8
2026-01-31,2025020869,20252026,referee,Trevor Hanson,VAN,TOR,1,1,2,0,2,0,2,2
2026-01-31,2025020869,20252026,referee,Jordan Samuels-Thomas,VAN,TOR,1,1,2,0,2,0,2,2
2026-01-31,2025020869,20252026,linesman,Bevan Mills,VAN,TOR,1,1,2,0,2,0,2,2
2026-01-31,2025020869,20252026,linesman,Ryan Gibbons,VAN,TOR,1,1,2,0,2,0,2,2
2026-01-31,2025020870,20252026,referee,Kyle Rehman,UTA,DAL,5,3,8,4,3,1,10,6
2026-01-31,2025020870,20252026,referee,Morgan MacPhee,UTA,DAL,5,3,8,4,3,1,10,6
2026-01-31,2025020870,20252026,linesman,CJ Murray,UTA,DAL,5,3,8,4,3,1,10,6
2026-01-31,2025020870,20252026,linesman,Kiel Murchison,UTA,DAL,5,3,8,4,3,1,10,6
2026-01-31,2025020871,20252026,referee,Tom Chmielewski,EDM,MIN,3,2,5,4,1,0,6,4
2026-01-31,2025020871,20252026,referee,Peter MacDougall,EDM,MIN,3,2,5,4,1,0,6,4
2026-01-31,2025020871,20252026,linesman,Travis Gawryletz,EDM,MIN,3,2,5,4,1,0,6,4
2026-01-31,2025020871,20252026,linesman,Ben O'Quinn,EDM,MIN,3,2,5,4,1,0,6,4
2026-01-31,2025020872,20252026,referee,Corey Syvret,VGK,SEA,2,2,4,1,3,0,4,4
2026-01-31,2025020872,20252026,referee,Graham Skilliter,VGK,SEA,2,2,4,1,3,0,4,4
2026-01-31,2025020872,20252026,linesman,Joe Mahon,VGK,SEA,2,2,4,1,3,0,4,4
2026-01-31,2025020872,20252026,linesman,Kilian McNamara,VGK,SEA,2,2,4,1,3,0,4,4
2026-02-01,2025020874,20252026,referee,Dan O'Rourke,CAR,LAK,5,7,12,2,8,2,10,14
2026-02-01,2025020874,20252026,referee,Beau Halkidis,CAR,LAK,5,7,12,2,8,2,10,14
2026-02-01,2025020874,20252026,linesman,Devin Berg,CAR,LAK,5,7,12,2,8,2,10,14
2026-02-01,2025020874,20252026,linesman,Jeremy Faucher,CAR,LAK,5,7,12,2,8,2,10,14
2026-02-01,2025020873,20252026,referee,Jon McIsaac,TBL,BOS,5,8,13,4,9,0,10,16
2026-02-01,2025020873,20252026,referee,Pierre Lambert,TBL,BOS,5,8,13,4,9,0,10,16
2026-02-01,2025020873,20252026,linesman,Kyle Flemington,TBL,BOS,5,8,13,4,9,0,10,16
2026-02-01,2025020873,20252026,linesman,Julien Fournier,TBL,BOS,5,8,13,4,9,0,10,16
2026-02-01,2025020875,20252026,referee,Kyle Rehman,ANA,VGK,2,2,4,1,3,0,4,4
2026-02-01,2025020875,20252026,referee,Corey Syvret,ANA,VGK,2,2,4,1,3,0,4,4
2026-02-01,2025020875,20252026,linesman,Kiel Murchison,ANA,VGK,2,2,4,1,3,0,4,4
2026-02-01,2025020875,20252026,linesman,Kilian McNamara,ANA,VGK,2,2,4,1,3,0,4,4
2026-02-02,2025020876,20252026,referee,Chris Rooney,FLA,BUF,3,4,7,0,3,4,6,8
2026-02-02,2025020876,20252026,referee,Brandon Schrader,FLA,BUF,3,4,7,0,3,4,6,8
2026-02-02,2025020876,20252026,linesman,Scott Cherrey,FLA,BUF,3,4,7,0,3,4,6,8
2026-02-02,2025020876,20252026,linesman,Jonny Murray,FLA,BUF,3,4,7,0,3,4,6,8
2026-02-02,2025020877,20252026,referee,Francis Charron,PIT,OTT,5,1,6,2,2,2,10,2
2026-02-02,2025020877,20252026,referee,Alex Lepkowski,PIT,OTT,5,1,6,2,2,2,10,2
2026-02-02,2025020877,20252026,linesman,CJ Murray,PIT,OTT,5,1,6,2,2,2,10,2
2026-02-02,2025020877,20252026,linesman,Brad Kovachik,PIT,OTT,5,1,6,2,2,2,10,2
2026-02-02,2025020878,20252026,referee,Brian Pochmara,WSH,NYI,2,4,6,3,0,3,4,8
2026-02-02,2025020878,20252026,referee,Jake Brenk,WSH,NYI,2,4,6,3,0,3,4,8
2026-02-02,2025020878,20252026,linesman,Matt MacPherson,WSH,NYI,2,4,6,3,0,3,4,8
2026-02-02,2025020878,20252026,linesman,David Brisebois,WSH,NYI,2,4,6,3,0,3,4,8
2026-02-02,2025020879,20252026,referee,Chris Schlenker,MIN,MTL,1,2,3,1,2,0,2,4
2026-02-02,2025020879,20252026,referee,Gord Dwyer,MIN,MTL,1,2,3,1,2,0,2,4
2026-02-02,2025020879,20252026,linesman,Brandon Gawryletz,MIN,MTL,1,2,3,1,2,0,2,4
2026-02-02,2025020879,20252026,linesman,Travis Toomey,MIN,MTL,1,2,3,1,2,0,2,4
2026-02-02,2025020880,20252026,referee,Thomas John Luxmore,NSH,STL,2,2,4,2,0,2,4,4
2026-02-02,2025020880,20252026,referee,Brandon Blandina,NSH,STL,2,2,4,2,0,2,4,4
2026-02-02,2025020880,20252026,linesman,Brandon Grillo,NSH,STL,2,2,4,2,0,2,4,4
2026-02-02,2025020880,20252026,linesman,Jesse Marquis,NSH,STL,2,2,4,2,0,2,4,4
2026-02-02,2025020881,20252026,referee,Eric Furlatt,CHI,SJS,4,4,8,4,2,2,8,8
2026-02-02,2025020881,20252026,referee,Stephen Hiff,CHI,SJS,4,4,8,4,2,2,8,8
2026-02-02,2025020881,20252026,linesman,James Tobias,CHI,SJS,4,4,8,4,2,2,8,8
2026-02-02,2025020881,20252026,linesman,Tyson Baker,CHI,SJS,4,4,8,4,2,2,8,8
2026-02-02,2025020882,20252026,referee,Francois St-Laurent,DAL,WPG,3,4,7,3,3,1,6,8
2026-02-02,2025020882,20252026,referee,Michael Markovic,DAL,WPG,3,4,7,3,3,1,6,8
2026-02-02,2025020882,20252026,linesman,Jonathan Deschamps,DAL,WPG,3,4,7,3,3,1,6,8
2026-02-02,2025020882,20252026,linesman,Ben O'Quinn,DAL,WPG,3,4,7,3,3,1,6,8
2026-02-02,2025020883,20252026,referee,Graham Skilliter,COL,DET,2,2,4,1,2,1,4,4
2026-02-02,2025020883,20252026,referee,Morgan MacPhee,COL,DET,2,2,4,1,2,1,4,4
2026-02-02,2025020883,20252026,linesman,Bevan Mills,COL,DET,2,2,4,1,2,1,4,4
2026-02-02,2025020883,20252026,linesman,Ryan Gibbons,COL,DET,2,2,4,1,2,1,4,4
2026-02-02,2025020884,20252026,referee,Corey Syvret,UTA,VAN,4,2,6,2,2,2,8,4
2026-02-02,2025020884,20252026,referee,Peter MacDougall,UTA,VAN,4,2,6,2,2,2,8,4
2026-02-02,2025020884,20252026,linesman,Joe Mahon,UTA,VAN,4,2,6,2,2,2,8,4
2026-02-02,2025020884,20252026,linesman,Dan Kelly,UTA,VAN,4,2,6,2,2,2,8,4
2026-02-02,2025020885,20252026,referee,Trevor Hanson,CGY,TOR,1,2,3,0,3,0,2,4
2026-02-02,2025020885,20252026,referee,Carter Sandlak,CGY,TOR,1,2,3,0,3,0,2,4
2026-02-02,2025020885,20252026,linesman,Travis Gawryletz,CGY,TOR,1,2,3,0,3,0,2,4
2026-02-02,2025020885,20252026,linesman,Trent Knorr,CGY,TOR,1,2,3,0,3,0,2,4
2026-02-03,2025020887,20252026,referee,Dan O'Rourke,NJD,CBJ,3,4,7,1,2,4,6,8
2026-02-03,2025020887,20252026,referee,Liam Maaskant,NJD,CBJ,3,4,7,1,2,4,6,8
2026-02-03,2025020887,20252026,linesman,Andrew Smith,NJD,CBJ,3,4,7,1,2,4,6,8
2026-02-03,2025020887,20252026,linesman,David Brisebois,NJD,CBJ,3,4,7,1,2,4,6,8
2026-02-03,2025020889,20252026,referee,Jon McIsaac,PHI,WSH,1,3,4,1,2,1,2,6
2026-02-03,2025020889,20252026,referee,Eric Furlatt,PHI,WSH,1,3,4,1,2,1,2,6
2026-02-03,2025020889,20252026,linesman,Dylan Blujus,PHI,WSH,1,3,4,1,2,1,2,6
2026-02-03,2025020889,20252026,linesman,Brad Kovachik,PHI,WSH,1,3,4,1,2,1,2,6
2026-02-03,2025020890,20252026,referee,Furman South,CAR,OTT,3,2,5,1,3,1,6,4
2026-02-03,2025020890,20252026,referee,Brian Pochmara,CAR,OTT,3,2,5,1,3,1,6,4
2026-02-03,2025020890,20252026,linesman,Devin Berg,CAR,OTT,3,2,5,1,3,1,6,4
2026-02-03,2025020890,20252026,linesman,Jeremy Faucher,CAR,OTT,3,2,5,1,3,1,6,4
2026-02-03,2025020886,20252026,referee,Chris Rooney,TBL,BUF,3,2,5,3,0,2,6,4
2026-02-03,2025020886,20252026,referee,Brandon Schrader,TBL,BUF,3,2,5,3,0,2,6,4
2026-02-03,2025020886,20252026,linesman,Scott Cherrey,TBL,BUF,3,2,5,3,0,2,6,4
2026-02-03,2025020886,20252026,linesman,Jonny Murray,TBL,BUF,3,2,5,3,0,2,6,4
2026-02-03,2025020888,20252026,referee,Kelly Sutherland,NYI,PIT,2,2,4,1,2,1,4,4
2026-02-03,2025020888,20252026,referee,Justin Kea,NYI,PIT,2,2,4,1,2,1,4,4
2026-02-03,2025020888,20252026,linesman,Libor Suchanek,NYI,PIT,2,2,4,1,2,1,4,4
2026-02-03,2025020888,20252026,linesman,Matt MacPherson,NYI,PIT,2,2,4,1,2,1,4,4
2026-02-03,2025020891,20252026,referee,Jean Hebert,EDM,TOR,3,2,5,3,0,2,6,4
2026-02-03,2025020891,20252026,referee,Carter Sandlak,EDM,TOR,3,2,5,3,0,2,6,4
2026-02-03,2025020891,20252026,linesman,Trent Knorr,EDM,TOR,3,2,5,3,0,2,6,4
2026-02-03,2025020891,20252026,linesman,Mark Shewchyk,EDM,TOR,3,2,5,3,0,2,6,4
2026-02-03,2025020892,20252026,referee,Kyle Rehman,ANA,SEA,2,5,7,0,3,4,4,10
2026-02-03,2025020892,20252026,referee,Beau Halkidis,ANA,SEA,2,5,7,0,3,4,4,10
2026-02-03,2025020892,20252026,linesman,Ryan Gibbons,ANA,SEA,2,5,7,0,3,4,4,10
2026-02-03,2025020892,20252026,linesman,Dan Kelly,ANA,SEA,2,5,7,0,3,4,4,10
2026-02-04,2025020893,20252026,referee,Garrett Rank,FLA,BOS,10,6,16,7,6,3,20,12
2026-02-04,2025020893,20252026,referee,Thomas John Luxmore,FLA,BOS,10,6,16,7,6,3,20,12
2026-02-04,2025020893,20252026,linesman,Shandor Alphonso,FLA,BOS,10,6,16,7,6,3,20,12
2026-02-04,2025020893,20252026,linesman,Kilian McNamara,FLA,BOS,10,6,16,7,6,3,20,12
2026-02-04,2025020894,20252026,referee,Kendrick Nicholson,CBJ,CHI,4,2,6,0,3,3,8,4
2026-02-04,2025020894,20252026,referee,Brandon Blandina,CBJ,CHI,4,2,6,0,3,3,8,4
2026-02-04,2025020894,20252026,linesman,Kyle Flemington,CBJ,CHI,4,2,6,0,3,3,8,4
2026-02-04,2025020894,20252026,linesman,Brad Kovachik,CBJ,CHI,4,2,6,0,3,3,8,4
2026-02-04,2025020895,20252026,referee,Trevor Hanson,WPG,MTL,2,4,6,3,0,3,4,8
2026-02-04,2025020895,20252026,referee,Stephen Hiff,WPG,MTL,2,4,6,3,0,3,4,8
2026-02-04,2025020895,20252026,linesman,Travis Gawryletz,WPG,MTL,2,4,6,3,0,3,4,8
2026-02-04,2025020895,20252026,linesman,Travis Toomey,WPG,MTL,2,4,6,3,0,3,4,8
2026-02-04,2025020896,20252026,referee,Wes McCauley,NSH,MIN,2,3,5,3,1,1,4,6
2026-02-04,2025020896,20252026,referee,Michael Markovic,NSH,MIN,2,3,5,3,1,1,4,6
2026-02-04,2025020896,20252026,linesman,Brandon Grillo,NSH,MIN,2,3,5,3,1,1,4,6
2026-02-04,2025020896,20252026,linesman,Tyson Baker,NSH,MIN,2,3,5,3,1,1,4,6
2026-02-04,2025020897,20252026,referee,Gord Dwyer,COL,SJS,4,4,8,4,2,2,8,8
2026-02-04,2025020897,20252026,referee,Corey Syvret,COL,SJS,4,4,8,4,2,2,8,8
2026-02-04,2025020897,20252026,linesman,Brandon Gawryletz,COL,SJS,4,4,8,4,2,2,8,8
2026-02-04,2025020897,20252026,linesman,Jonathan Deschamps,COL,SJS,4,4,8,4,2,2,8,8
2026-02-04,2025020898,20252026,referee,Frederick L'Ecuyer,UTA,DET,4,3,7,3,3,1,8,6
2026-02-04,2025020898,20252026,referee,Graedy Hamilton,UTA,DET,4,3,7,3,3,1,8,6
2026-02-04,2025020898,20252026,linesman,Bevan Mills,UTA,DET,4,3,7,3,3,1,8,6
2026-02-04,2025020898,20252026,linesman,Joe Mahon,UTA,DET,4,3,7,3,3,1,8,6
2026-02-04,2025020899,20252026,referee,Chris Schlenker,DAL,STL,5,4,9,3,5,1,10,8
2026-02-04,2025020899,20252026,referee,Chris Lee,DAL,STL,5,4,9,3,5,1,10,8
2026-02-04,2025020899,20252026,linesman,Jesse Marquis,DAL,STL,5,4,9,3,5,1,10,8
2026-02-04,2025020899,20252026,linesman,Ben O'Quinn,DAL,STL,5,4,9,3,5,1,10,8
2026-02-04,2025020900,20252026,referee,Jean Hebert,CGY,EDM,5,4,9,5,3,1,10,8
2026-02-04,2025020900,20252026,referee,Graham Skilliter,CGY,EDM,5,4,9,5,3,1,10,8
2026-02-04,2025020900,20252026,linesman,Trent Knorr,CGY,EDM,5,4,9,5,3,1,10,8
2026-02-04,2025020900,20252026,linesman,Mark Shewchyk,CGY,EDM,5,4,9,5,3,1,10,8
2026-02-04,2025020901,20252026,referee,Cody Beach,VGK,VAN,1,1,2,2,0,0,2,2
2026-02-04,2025020901,20252026,referee,Tom Chmielewski,VGK,VAN,1,1,2,2,0,0,2,2
2026-02-04,2025020901,20252026,linesman,Caleb Apperson,VGK,VAN,1,1,2,2,0,0,2,2
2026-02-04,2025020901,20252026,linesman,Kiel Murchison,VGK,VAN,1,1,2,2,0,0,2,2
2026-02-04,2025020902,20252026,referee,Jordan Samuels-Thomas,LAK,SEA,8,6,14,5,2,7,16,12
2026-02-04,2025020902,20252026,referee,Peter MacDougall,LAK,SEA,8,6,14,5,2,7,16,12
2026-02-04,2025020902,20252026,linesman,Ryan Gibbons,LAK,SEA,8,6,14,5,2,7,16,12
2026-02-04,2025020902,20252026,linesman,Shawn Oliver,LAK,SEA,8,6,14,5,2,7,16,12
2026-02-05,2025020903,20252026,referee,Jake Brenk,BUF,PIT,3,5,8,2,2,4,6,10
2026-02-05,2025020903,20252026,referee,Mike Sullivan,BUF,PIT,3,5,8,2,2,4,6,10
2026-02-05,2025020903,20252026,linesman,Andrew Smith,BUF,PIT,3,5,8,2,2,4,6,10
2026-02-05,2025020903,20252026,linesman,James Tobias,BUF,PIT,3,5,8,2,2,4,6,10
2026-02-05,2025020905,20252026,referee,Jon McIsaac,NJD,NYI,1,1,2,1,1,0,2,2
2026-02-05,2025020905,20252026,referee,Furman South,NJD,NYI,1,1,2,1,1,0,2,2
2026-02-05,2025020905,20252026,linesman,CJ Murray,NJD,NYI,1,1,2,1,1,0,2,2
2026-02-05,2025020905,20252026,linesman,Jeremy Faucher,NJD,NYI,1,1,2,1,1,0,2,2
2026-02-05,2025020906,20252026,referee,Francis Charron,NYR,CAR,3,2,5,2,3,0,6,4
2026-02-05,2025020906,20252026,referee,Mitch Dunning,NYR,CAR,3,2,5,2,3,0,6,4
2026-02-05,2025020906,20252026,linesman,Brandon Grillo,NYR,CAR,3,2,5,2,3,0,6,4
2026-02-05,2025020906,20252026,linesman,Tyson Baker,NYR,CAR,3,2,5,2,3,0,6,4
2026-02-05,2025020907,20252026,referee,Francois St-Laurent,PHI,OTT,1,1,2,1,1,0,2,2
2026-02-05,2025020907,20252026,referee,Pierre Lambert,PHI,OTT,1,1,2,1,1,0,2,2
2026-02-05,2025020907,20252026,linesman,Dylan Blujus,PHI,OTT,1,1,2,1,1,0,2,2
2026-02-05,2025020907,20252026,linesman,Devin Berg,PHI,OTT,1,1,2,1,1,0,2,2
2026-02-05,2025020908,20252026,referee,Kelly Sutherland,WSH,NSH,4,6,10,3,4,3,8,12
2026-02-05,2025020908,20252026,referee,Justin Kea,WSH,NSH,4,6,10,3,4,3,8,12
2026-02-05,2025020908,20252026,linesman,Kyle Flemington,WSH,NSH,4,6,10,3,4,3,8,12
2026-02-05,2025020908,20252026,linesman,Julien Fournier,WSH,NSH,4,6,10,3,4,3,8,12
2026-02-05,2025020904,20252026,referee,Garrett Rank,TBL,FLA,8,8,16,7,6,3,16,16
2026-02-05,2025020904,20252026,referee,Thomas John Luxmore,TBL,FLA,8,8,16,7,6,3,16,16
2026-02-05,2025020904,20252026,linesman,Shandor Alphonso,TBL,FLA,8,8,16,7,6,3,16,16
2026-02-05,2025020904,20252026,linesman,Kilian McNamara,TBL,FLA,8,8,16,7,6,3,16,16
2026-02-05,2025020909,20252026,referee,Cody Beach,VGK,LAK,5,2,7,3,2,2,10,4
2026-02-05,2025020909,20252026,referee,Frederick L'Ecuyer,VGK,LAK,5,2,7,3,2,2,10,4
2026-02-05,2025020909,20252026,linesman,Caleb Apperson,VGK,LAK,5,2,7,3,2,2,10,4
2026-02-05,2025020909,20252026,linesman,Dan Kelly,VGK,LAK,5,2,7,3,2,2,10,4
2026-02-25,2025020910,20252026,referee,Kelly Sutherland,NJD,BUF,3,2,5,2,2,1,6,4
2026-02-25,2025020910,20252026,referee,Jordan Samuels-Thomas,NJD,BUF,3,2,5,2,2,1,6,4
2026-02-25,2025020910,20252026,linesman,Andrew Smith,NJD,BUF,3,2,5,2,2,1,6,4
2026-02-25,2025020910,20252026,linesman,Shawn Oliver,NJD,BUF,3,2,5,2,2,1,6,4
2026-02-25,2025020911,20252026,referee,Jon McIsaac,WSH,PHI,2,1,3,1,0,2,4,2
2026-02-25,2025020911,20252026,referee,Brandon Blandina,WSH,PHI,2,1,3,1,0,2,4,2
2026-02-25,2025020911,20252026,linesman,Mark Shewchyk,WSH,PHI,2,1,3,1,0,2,4,2
2026-02-25,2025020911,20252026,linesman,Dan Kelly,WSH,PHI,2,1,3,1,0,2,4,2
2026-02-25,2025020912,20252026,referee,Furman South,TBL,TOR,2,4,6,1,2,3,4,8
2026-02-25,2025020912,20252026,referee,Graham Skilliter,TBL,TOR,2,4,6,1,2,3,4,8
2026-02-25,2025020912,20252026,linesman,Julien Fournier,TBL,TOR,2,4,6,1,2,3,4,8
2026-02-25,2025020912,20252026,linesman,Tyson Baker,TBL,TOR,2,4,6,1,2,3,4,8
2026-02-25,2025020913,20252026,referee,Garrett Rank,DAL,SEA,5,4,9,2,3,4,10,8
2026-02-25,2025020913,20252026,referee,Brandon Schrader,DAL,SEA,5,4,9,2,3,4,10,8
2026-02-25,2025020913,20252026,linesman,Ben O'Quinn,DAL,SEA,5,4,9,2,3,4,10,8
2026-02-25,2025020913,20252026,linesman,Kilian McNamara,DAL,SEA,5,4,9,2,3,4,10,8
2026-02-25,2025020914,20252026,referee,Trevor Hanson,UTA,COL,3,5,8,1,3,4,6,10
2026-02-25,2025020914,20252026,referee,Mike Sullivan,UTA,COL,3,5,8,1,3,4,6,10
2026-02-25,2025020914,20252026,linesman,Ryan Gibbons,UTA,COL,3,5,8,1,3,4,6,10
2026-02-25,2025020914,20252026,linesman,Trent Knorr,UTA,COL,3,5,8,1,3,4,6,10
2026-02-25,2025020915,20252026,referee,Chris Schlenker,VAN,WPG,3,1,4,1,2,1,6,2
2026-02-25,2025020915,20252026,referee,Mitch Dunning,VAN,WPG,3,1,4,1,2,1,6,2
2026-02-25,2025020915,20252026,linesman,Bevan Mills,VAN,WPG,3,1,4,1,2,1,6,2
2026-02-25,2025020915,20252026,linesman,Kiel Murchison,VAN,WPG,3,1,4,1,2,1,6,2
2026-02-25,2025020916,20252026,referee,Francois St-Laurent,LAK,VGK,2,1,3,1,1,1,4,2
2026-02-25,2025020916,20252026,referee,Peter MacDougall,LAK,VGK,2,1,3,1,1,1,4,2
2026-02-25,2025020916,20252026,linesman,Shandor Alphonso,LAK,VGK,2,1,3,1,1,1,4,2
2026-02-25,2025020916,20252026,linesman,Jesse Marquis,LAK,VGK,2,1,3,1,1,1,4,2
2026-02-25,2025020917,20252026,referee,Corey Syvret,ANA,EDM,2,5,7,3,2,2,4,10
2026-02-25,2025020917,20252026,referee,Chris Lee,ANA,EDM,2,5,7,3,2,2,4,10
2026-02-25,2025020917,20252026,linesman,Brandon Gawryletz,ANA,EDM,2,5,7,3,2,2,4,10
2026-02-25,2025020917,20252026,linesman,Joe Mahon,ANA,EDM,2,5,7,3,2,2,4,10
2026-02-26,2025020918,20252026,referee,Jon McIsaac,BOS,CBJ,1,3,4,2,1,1,2,6
2026-02-26,2025020918,20252026,referee,Morgan MacPhee,BOS,CBJ,1,3,4,2,1,1,2,6
2026-02-26,2025020918,20252026,linesman,Shawn Oliver,BOS,CBJ,1,3,4,2,1,1,2,6
2026-02-26,2025020918,20252026,linesman,Jonathan Deschamps,BOS,CBJ,1,3,4,2,1,1,2,6
2026-02-26,2025020919,20252026,referee,Thomas John Luxmore,MTL,NYI,2,3,5,0,3,2,4,6
2026-02-26,2025020919,20252026,referee,Eric Furlatt,MTL,NYI,2,3,5,0,3,2,4,6
2026-02-26,2025020919,20252026,linesman,Steve Barton,MTL,NYI,2,3,5,0,3,2,4,6
2026-02-26,2025020919,20252026,linesman,Jeremy Faucher,MTL,NYI,2,3,5,0,3,2,4,6
2026-02-26,2025020920,20252026,referee,Cody Beach,OTT,DET,4,4,8,2,4,2,8,8
2026-02-26,2025020920,20252026,referee,Jake Brenk,OTT,DET,4,4,8,2,4,2,8,8
2026-02-26,2025020920,20252026,linesman,Devin Berg,OTT,DET,4,4,8,2,4,2,8,8
2026-02-26,2025020920,20252026,linesman,Travis Toomey,OTT,DET,4,4,8,2,4,2,8,8
2026-02-26,2025020921,20252026,referee,Furman South,FLA,TOR,4,4,8,2,5,1,8,8
2026-02-26,2025020921,20252026,referee,Graham Skilliter,FLA,TOR,4,4,8,2,5,1,8,8
2026-02-26,2025020921,20252026,linesman,Julien Fournier,FLA,TOR,4,4,8,2,5,1,8,8
2026-02-26,2025020921,20252026,linesman,Tyson Baker,FLA,TOR,4,4,8,2,5,1,8,8
2026-02-26,2025020922,20252026,referee,Tom Chmielewski,PIT,NJD,5,3,8,1,6,1,10,6
2026-02-26,2025020922,20252026,referee,Stephen Hiff,PIT,NJD,5,3,8,1,6,1,10,6
2026-02-26,2025020922,20252026,linesman,Dylan Blujus,PIT,NJD,5,3,8,1,6,1,10,6
2026-02-26,2025020922,20252026,linesman,CJ Murray,PIT,NJD,5,3,8,1,6,1,10,6
2026-02-26,2025020923,20252026,referee,Kendrick Nicholson,CAR,TBL,2,2,4,0,2,2,4,4
2026-02-26,2025020923,20252026,referee,Brandon Blandina,CAR,TBL,2,2,4,0,2,2,4,4
2026-02-26,2025020923,20252026,linesman,Tommy Hughes,CAR,TBL,2,2,4,0,2,2,4,4
2026-02-26,2025020923,20252026,linesman,Mark Shewchyk,CAR,TBL,2,2,4,0,2,2,4,4
2026-02-26,2025020924,20252026,referee,Francis Charron,NYR,PHI,5,3,8,1,4,3,10,6
2026-02-26,2025020924,20252026,referee,Kelly Sutherland,NYR,PHI,5,3,8,1,4,3,10,6
2026-02-26,2025020924,20252026,linesman,Andrew Smith,NYR,PHI,5,3,8,1,4,3,10,6
2026-02-26,2025020924,20252026,linesman,Dan Kelly,NYR,PHI,5,3,8,1,4,3,10,6
2026-02-26,2025020925,20252026,referee,Garrett Rank,STL,SEA,3,0,3,1,1,1,6,0
2026-02-26,2025020925,20252026,referee,Brandon Schrader,STL,SEA,3,0,3,1,1,1,6,0
2026-02-26,2025020925,20252026,linesman,Kyle Flemington,STL,SEA,3,0,3,1,1,1,6,0
2026-02-26,2025020925,20252026,linesman,Brad Kovachik,STL,SEA,3,0,3,1,1,1,6,0
2026-02-26,2025020926,20252026,referee,Frederick L'Ecuyer,NSH,CHI,6,2,8,3,0,5,12,4
2026-02-26,2025020926,20252026,referee,Beau Halkidis,NSH,CHI,6,2,8,3,0,5,12,4
2026-02-26,2025020926,20252026,linesman,Caleb Apperson,NSH,CHI,6,2,8,3,0,5,12,4
2026-02-26,2025020926,20252026,linesman,Kilian McNamara,NSH,CHI,6,2,8,3,0,5,12,4
2026-02-26,2025020927,20252026,referee,Trevor Hanson,COL,MIN,6,3,9,3,4,2,12,6
2026-02-26,2025020927,20252026,referee,Justin Kea,COL,MIN,6,3,9,3,4,2,12,6
2026-02-26,2025020927,20252026,linesman,Ryan Gibbons,COL,MIN,6,3,9,3,4,2,12,6
2026-02-26,2025020927,20252026,linesman,Trent Knorr,COL,MIN,6,3,9,3,4,2,12,6
2026-02-26,2025020928,20252026,referee,Corey Syvret,SJS,CGY,3,3,6,2,4,0,6,6
2026-02-26,2025020928,20252026,referee,Peter MacDougall,SJS,CGY,3,3,6,2,4,0,6,6
2026-02-26,2025020928,20252026,linesman,Brandon Gawryletz,SJS,CGY,3,3,6,2,4,0,6,6
2026-02-26,2025020928,20252026,linesman,Joe Mahon,SJS,CGY,3,3,6,2,4,0,6,6
2026-02-26,2025020929,20252026,referee,Francois St-Laurent,LAK,EDM,3,2,5,2,2,1,6,4
2026-02-26,2025020929,20252026,referee,Chris Lee,LAK,EDM,3,2,5,2,2,1,6,4
2026-02-26,2025020929,20252026,linesman,Shandor Alphonso,LAK,EDM,3,2,5,2,2,1,6,4
2026-02-26,2025020929,20252026,linesman,Jesse Marquis,LAK,EDM,3,2,5,2,2,1,6,4
2026-02-27,2025020930,20252026,referee,Jean Hebert,FLA,BUF,3,4,7,2,3,2,6,8
2026-02-27,2025020930,20252026,referee,Graham Skilliter,FLA,BUF,3,4,7,2,3,2,6,8
2026-02-27,2025020930,20252026,linesman,Tyson Baker,FLA,BUF,3,4,7,2,3,2,6,8
2026-02-27,2025020930,20252026,linesman,Jonny Murray,FLA,BUF,3,4,7,2,3,2,6,8
2026-02-27,2025020931,20252026,referee,Eric Furlatt,WSH,VGK,3,5,8,2,3,3,6,10
2026-02-27,2025020931,20252026,referee,Jordan Samuels-Thomas,WSH,VGK,3,5,8,2,3,3,6,10
2026-02-27,2025020931,20252026,linesman,Libor Suchanek,WSH,VGK,3,5,8,2,3,3,6,10
2026-02-27,2025020931,20252026,linesman,Jonathan Deschamps,WSH,VGK,3,5,8,2,3,3,6,10
2026-02-27,2025020932,20252026,referee,Mitch Dunning,UTA,MIN,3,4,7,2,3,2,6,8
2026-02-27,2025020932,20252026,referee,Pierre Lambert,UTA,MIN,3,4,7,2,3,2,6,8
2026-02-27,2025020932,20252026,linesman,Shandor Alphonso,UTA,MIN,3,4,7,2,3,2,6,8
2026-02-27,2025020932,20252026,linesman,Ryan Gibbons,UTA,MIN,3,4,7,2,3,2,6,8
2026-02-27,2025020933,20252026,referee,Chris Schlenker,ANA,WPG,4,2,6,2,2,2,8,4
2026-02-27,2025020933,20252026,referee,Michael Markovic,ANA,WPG,4,2,6,2,2,2,8,4
2026-02-27,2025020933,20252026,linesman,Travis Gawryletz,ANA,WPG,4,2,6,2,2,2,8,4
2026-02-27,2025020933,20252026,linesman,Jesse Marquis,ANA,WPG,4,2,6,2,2,2,8,4
2026-02-28,2025020934,20252026,referee,Kelly Sutherland,NYR,PIT,3,2,5,4,1,0,6,4
2026-02-28,2025020934,20252026,referee,Gord Dwyer,NYR,PIT,3,2,5,4,1,0,6,4
2026-02-28,2025020934,20252026,linesman,Andrew Smith,NYR,PIT,3,2,5,4,1,0,6,4
2026-02-28,2025020934,20252026,linesman,Steve Barton,NYR,PIT,3,2,5,4,1,0,6,4
2026-02-28,2025020935,20252026,referee,Francis Charron,PHI,BOS,3,2,5,3,2,0,6,4
2026-02-28,2025020935,20252026,referee,Kendrick Nicholson,PHI,BOS,3,2,5,3,2,0,6,4
2026-02-28,2025020935,20252026,linesman,James Tobias,PHI,BOS,3,2,5,3,2,0,6,4
2026-02-28,2025020935,20252026,linesman,Ryan Daisy,PHI,BOS,3,2,5,3,2,0,6,4
2026-02-28,2025020936,20252026,referee,Francois St-Laurent,SJS,EDM,3,2,5,3,1,1,6,4
2026-02-28,2025020936,20252026,referee,Justin Kea,SJS,EDM,3,2,5,3,1,1,6,4
2026-02-28,2025020936,20252026,linesman,Bevan Mills,SJS,EDM,3,2,5,3,1,1,6,4
2026-02-28,2025020936,20252026,linesman,Jeremy Faucher,SJS,EDM,3,2,5,3,1,1,6,4
2026-02-28,2025020943,20252026,referee,Tom Chmielewski,STL,NJD,2,3,5,1,3,1,4,6
2026-02-28,2025020943,20252026,referee,Brandon Schrader,STL,NJD,2,3,5,1,3,1,4,6
2026-02-28,2025020943,20252026,linesman,Kyle Flemington,STL,NJD,2,3,5,1,3,1,4,6
2026-02-28,2025020943,20252026,linesman,Brad Kovachik,STL,NJD,2,3,5,1,3,1,4,6
2026-02-28,2025020937,20252026,referee,Wes McCauley,CBJ,NYI,2,0,2,0,2,0,4,0
2026-02-28,2025020937,20252026,referee,Stephen Hiff,CBJ,NYI,2,0,2,0,2,0,4,0
2026-02-28,2025020937,20252026,linesman,Dylan Blujus,CBJ,NYI,2,0,2,0,2,0,4,0
2026-02-28,2025020937,20252026,linesman,Jonathan Deschamps,CBJ,NYI,2,0,2,0,2,0,4,0
2026-02-28,2025020938,20252026,referee,Kyle Rehman,COL,CHI,5,4,9,3,4,2,10,8
2026-02-28,2025020938,20252026,referee,Corey Syvret,COL,CHI,5,4,9,3,4,2,10,8
2026-02-28,2025020938,20252026,linesman,Trent Knorr,COL,CHI,5,4,9,3,4,2,10,8
2026-02-28,2025020938,20252026,linesman,Caleb Apperson,COL,CHI,5,4,9,3,4,2,10,8
2026-02-28,2025020939,20252026,referee,Garrett Rank,TOR,OTT,6,5,11,2,1,8,12,10
2026-02-28,2025020939,20252026,referee,Thomas John Luxmore,TOR,OTT,6,5,11,2,1,8,12,10
2026-02-28,2025020939,20252026,linesman,Scott Cherrey,TOR,OTT,6,5,11,2,1,8,12,10
2026-02-28,2025020939,20252026,linesman,David Brisebois,TOR,OTT,6,5,11,2,1,8,12,10
2026-02-28,2025020940,20252026,referee,Cody Beach,MTL,WSH,5,4,9,2,2,5,10,8
2026-02-28,2025020940,20252026,referee,Jake Brenk,MTL,WSH,5,4,9,2,2,5,10,8
2026-02-28,2025020940,20252026,linesman,Devin Berg,MTL,WSH,5,4,9,2,2,5,10,8
2026-02-28,2025020940,20252026,linesman,Travis Toomey,MTL,WSH,5,4,9,2,2,5,10,8
2026-02-28,2025020941,20252026,referee,Furman South,TBL,BUF,9,6,15,1,6,8,18,12
2026-02-28,2025020941,20252026,referee,Jean Hebert,TBL,BUF,9,6,15,1,6,8,18,12
2026-02-28,2025020941,20252026,linesman,Julien Fournier,TBL,BUF,9,6,15,1,6,8,18,12
2026-02-28,2025020941,20252026,linesman,Jonny Murray,TBL,BUF,9,6,15,1,6,8,18,12
2026-02-28,2025020942,20252026,referee,Dan O'Rourke,CAR,DET,2,5,7,1,2,4,4,10
2026-02-28,2025020942,20252026,referee,Brandon Blandina,CAR,DET,2,5,7,1,2,4,4,10
2026-02-28,2025020942,20252026,linesman,Tommy Hughes,CAR,DET,2,5,7,1,2,4,4,10
2026-02-28,2025020942,20252026,linesman,Mark Shewchyk,CAR,DET,2,5,7,1,2,4,4,10
2026-02-28,2025020944,20252026,referee,Chris Lee,LAK,CGY,0,0,0,0,0,0,0,0
2026-02-28,2025020944,20252026,referee,Michael Markovic,LAK,CGY,0,0,0,0,0,0,0,0
2026-02-28,2025020944,20252026,linesman,CJ Murray,LAK,CGY,0,0,0,0,0,0,0,0
2026-02-28,2025020944,20252026,linesman,Kiel Murchison,LAK,CGY,0,0,0,0,0,0,0,0
2026-02-28,2025020945,20252026,referee,Frederick L'Ecuyer,DAL,NSH,3,3,6,2,3,1,6,6
2026-02-28,2025020945,20252026,referee,Mike Sullivan,DAL,NSH,3,3,6,2,3,1,6,6
2026-02-28,2025020945,20252026,linesman,Brandon Grillo,DAL,NSH,3,3,6,2,3,1,6,6
2026-02-28,2025020945,20252026,linesman,Kilian McNamara,DAL,NSH,3,3,6,2,3,1,6,6
2026-02-28,2025020946,20252026,referee,Trevor Hanson,SEA,VAN,3,3,6,0,4,2,6,6
2026-02-28,2025020946,20252026,referee,Peter MacDougall,SEA,VAN,3,3,6,0,4,2,6,6
2026-02-28,2025020946,20252026,linesman,Brandon Gawryletz,SEA,VAN,3,3,6,0,4,2,6,6
2026-02-28,2025020946,20252026,linesman,Joe Mahon,SEA,VAN,3,3,6,0,4,2,6,6
2026-03-01,2025020947,20252026,referee,Chris Rooney,PIT,VGK,2,4,6,0,5,1,4,8
2026-03-01,2025020947,20252026,referee,Kendrick Nicholson,PIT,VGK,2,4,6,0,5,1,4,8
2026-03-01,2025020947,20252026,linesman,Andrew Smith,PIT,VGK,2,4,6,0,5,1,4,8
2026-03-01,2025020947,20252026,linesman,Matt MacPherson,PIT,VGK,2,4,6,0,5,1,4,8
2026-03-01,2025020949,20252026,referee,Chris Schlenker,UTA,CHI,4,3,7,6,0,1,8,6
2026-03-01,2025020949,20252026,referee,Mitch Dunning,UTA,CHI,4,3,7,6,0,1,8,6
2026-03-01,2025020949,20252026,linesman,Shandor Alphonso,UTA,CHI,4,3,7,6,0,1,8,6
2026-03-01,2025020949,20252026,linesman,Travis Gawryletz,UTA,CHI,4,3,7,6,0,1,8,6
2026-03-01,2025020950,20252026,referee,Pierre Lambert,SJS,WPG,3,4,7,3,1,3,6,8
2026-03-01,2025020950,20252026,referee,Justin Kea,SJS,WPG,3,4,7,3,1,3,6,8
2026-03-01,2025020950,20252026,linesman,Bevan Mills,SJS,WPG,3,4,7,3,1,3,6,8
2026-03-01,2025020950,20252026,linesman,Jeremy Faucher,SJS,WPG,3,4,7,3,1,3,6,8
2026-03-01,2025020951,20252026,referee,Jon McIsaac,MIN,STL,1,2,3,1,1,1,2,4
2026-03-01,2025020951,20252026,referee,Beau Halkidis,MIN,STL,1,2,3,1,1,1,2,4
2026-03-01,2025020951,20252026,linesman,Jesse Marquis,MIN,STL,1,2,3,1,1,1,2,4
2026-03-01,2025020951,20252026,linesman,Dan Kelly,MIN,STL,1,2,3,1,1,1,2,4
2026-03-01,2025020948,20252026,referee,Kelly Sutherland,NYI,FLA,3,1,4,1,2,1,6,2
2026-03-01,2025020948,20252026,referee,Jordan Samuels-Thomas,NYI,FLA,3,1,4,1,2,1,6,2
2026-03-01,2025020948,20252026,linesman,Steve Barton,NYI,FLA,3,1,4,1,2,1,6,2
2026-03-01,2025020948,20252026,linesman,Ryan Daisy,NYI,FLA,3,1,4,1,2,1,6,2
2026-03-01,2025020952,20252026,referee,Michael Markovic,ANA,CGY,3,4,7,3,2,2,6,8
2026-03-01,2025020952,20252026,referee,Peter MacDougall,ANA,CGY,3,4,7,3,2,2,6,8
2026-03-01,2025020952,20252026,linesman,CJ Murray,ANA,CGY,3,4,7,3,2,2,6,8
2026-03-01,2025020952,20252026,linesman,Kiel Murchison,ANA,CGY,3,4,7,3,2,2,6,8
2026-03-02,2025020955,20252026,referee,Dan O'Rourke,NSH,DET,2,3,5,1,2,2,4,6
2026-03-02,2025020955,20252026,referee,Gord Dwyer,NSH,DET,2,3,5,1,2,2,4,6
2026-03-02,2025020955,20252026,linesman,Kyle Flemington,NSH,DET,2,3,5,1,2,2,4,6
2026-03-02,2025020955,20252026,linesman,Brad Kovachik,NSH,DET,2,3,5,1,2,2,4,6
2026-03-02,2025020953,20252026,referee,Wes McCauley,NYR,CBJ,1,1,2,1,1,0,2,2
2026-03-02,2025020953,20252026,referee,Morgan MacPhee,NYR,CBJ,1,1,2,1,1,0,2,2
2026-03-02,2025020953,20252026,linesman,Tommy Hughes,NYR,CBJ,1,1,2,1,1,0,2,2
2026-03-02,2025020953,20252026,linesman,Matt MacPherson,NYR,CBJ,1,1,2,1,1,0,2,2
2026-03-02,2025020954,20252026,referee,Thomas John Luxmore,TOR,PHI,3,3,6,4,0,2,6,6
2026-03-02,2025020954,20252026,referee,Stephen Hiff,TOR,PHI,3,3,6,4,0,2,6,6
2026-03-02,2025020954,20252026,linesman,James Tobias,TOR,PHI,3,3,6,4,0,2,6,6
2026-03-02,2025020954,20252026,linesman,Jonathan Deschamps,TOR,PHI,3,3,6,4,0,2,6,6
2026-03-02,2025020956,20252026,referee,Trevor Hanson,VAN,DAL,2,2,4,1,1,2,4,4
2026-03-02,2025020956,20252026,referee,Graedy Hamilton,VAN,DAL,2,2,4,1,1,2,4,4
2026-03-02,2025020956,20252026,linesman,Scott Cherrey,VAN,DAL,2,2,4,1,1,2,4,4
2026-03-02,2025020956,20252026,linesman,Ryan Gibbons,VAN,DAL,2,2,4,1,1,2,4,4
2026-03-02,2025020957,20252026,referee,Francois St-Laurent,SEA,CAR,1,3,4,1,2,1,2,6
2026-03-02,2025020957,20252026,referee,Corey Syvret,SEA,CAR,1,3,4,1,2,1,2,6
2026-03-02,2025020957,20252026,linesman,Brandon Gawryletz,SEA,CAR,1,3,4,1,2,1,2,6
2026-03-02,2025020957,20252026,linesman,Shawn Oliver,SEA,CAR,1,3,4,1,2,1,2,6
2026-03-02,2025020958,20252026,referee,Kyle Rehman,LAK,COL,2,2,4,1,2,1,4,4
2026-03-02,2025020958,20252026,referee,Mitch Dunning,LAK,COL,2,2,4,1,2,1,4,4
2026-03-02,2025020958,20252026,linesman,CJ Murray,LAK,COL,2,2,4,1,2,1,4,4
2026-03-02,2025020958,20252026,linesman,Kiel Murchison,LAK,COL,2,2,4,1,2,1,4,4
2026-03-03,2025020959,20252026,referee,Wes McCauley,BOS,PIT,4,3,7,3,3,1,8,6
2026-03-03,2025020959,20252026,referee,Alex Lepkowski,BOS,PIT,4,3,7,3,3,1,8,6
2026-03-03,2025020959,20252026,linesman,Tommy Hughes,BOS,PIT,4,3,7,3,3,1,8,6
2026-03-03,2025020959,20252026,linesman,Ryan Daisy,BOS,PIT,4,3,7,3,3,1,8,6
2026-03-03,2025020960,20252026,referee,Thomas John Luxmore,BUF,VGK,1,1,2,1,0,1,2,2
2026-03-03,2025020960,20252026,referee,Kendrick Nicholson,BUF,VGK,1,1,2,1,0,1,2,2
2026-03-03,2025020960,20252026,linesman,James Tobias,BUF,VGK,1,1,2,1,0,1,2,2
2026-03-03,2025020960,20252026,linesman,Brad Kovachik,BUF,VGK,1,1,2,1,0,1,2,2
2026-03-03,2025020961,20252026,referee,Kelly Sutherland,NJD,FLA,5,5,10,7,3,0,10,10
2026-03-03,2025020961,20252026,referee,Jordan Samuels-Thomas,NJD,FLA,5,5,10,7,3,0,10,10
2026-03-03,2025020961,20252026,linesman,Steve Barton,NJD,FLA,5,5,10,7,3,0,10,10
2026-03-03,2025020961,20252026,linesman,Matt MacPherson,NJD,FLA,5,5,10,7,3,0,10,10
2026-03-03,2025020962,20252026,referee,Chris Rooney,WSH,UTA,2,2,4,2,1,1,4,4
2026-03-03,2025020962,20252026,referee,Liam Maaskant,WSH,UTA,2,2,4,2,1,1,4,4
2026-03-03,2025020962,20252026,linesman,Libor Suchanek,WSH,UTA,2,2,4,2,1,1,4,4
2026-03-03,2025020962,20252026,linesman,Ben O'Quinn,WSH,UTA,2,2,4,2,1,1,4,4
2026-03-03,2025020963,20252026,referee,Eric Furlatt,CBJ,NSH,2,4,6,2,1,3,4,8
2026-03-03,2025020963,20252026,referee,Brandon Blandina,CBJ,NSH,2,4,6,2,1,3,4,8
2026-03-03,2025020963,20252026,linesman,Jesse Marquis,CBJ,NSH,2,4,6,2,1,3,4,8
2026-03-03,2025020963,20252026,linesman,Jonny Murray,CBJ,NSH,2,4,6,2,1,3,4,8
2026-03-03,2025020964,20252026,referee,Jon McIsaac,WPG,CHI,3,2,5,4,0,1,6,4
2026-03-03,2025020964,20252026,referee,Garrett Rank,WPG,CHI,3,2,5,4,0,1,6,4
2026-03-03,2025020964,20252026,linesman,David Brisebois,WPG,CHI,3,2,5,4,0,1,6,4
2026-03-03,2025020964,20252026,linesman,Dan Kelly,WPG,CHI,3,2,5,4,0,1,6,4
2026-03-03,2025020965,20252026,referee,Francis Charron,CGY,DAL,6,4,10,2,6,2,12,8
2026-03-03,2025020965,20252026,referee,Cody Beach,CGY,DAL,6,4,10,2,6,2,12,8
2026-03-03,2025020965,20252026,linesman,Scott Cherrey,CGY,DAL,6,4,10,2,6,2,12,8
2026-03-03,2025020965,20252026,linesman,Joe Mahon,CGY,DAL,6,4,10,2,6,2,12,8
2026-03-03,2025020966,20252026,referee,Chris Schlenker,EDM,OTT,3,2,5,3,1,1,6,4
2026-03-03,2025020966,20252026,referee,Trevor Hanson,EDM,OTT,3,2,5,3,1,1,6,4
2026-03-03,2025020966,20252026,linesman,Caleb Apperson,EDM,OTT,3,2,5,3,1,1,6,4
2026-03-03,2025020966,20252026,linesman,Travis Toomey,EDM,OTT,3,2,5,3,1,1,6,4
2026-03-03,2025020967,20252026,referee,Jean Hebert,MIN,TBL,4,5,9,2,5,2,8,10
2026-03-03,2025020967,20252026,referee,Chris Lee,MIN,TBL,4,5,9,2,5,2,8,10
2026-03-03,2025020967,20252026,linesman,Shandor Alphonso,MIN,TBL,4,5,9,2,5,2,8,10
2026-03-03,2025020967,20252026,linesman,Tyson Baker,MIN,TBL,4,5,9,2,5,2,8,10
2026-03-03,2025020968,20252026,referee,Pierre Lambert,ANA,COL,3,3,6,4,2,0,6,6
2026-03-03,2025020968,20252026,referee,Justin Kea,ANA,COL,3,3,6,4,2,0,6,6
2026-03-03,2025020968,20252026,linesman,Bevan Mills,ANA,COL,3,3,6,4,2,0,6,6
2026-03-03,2025020968,20252026,linesman,Jeremy Faucher,ANA,COL,3,3,6,4,2,0,6,6
2026-03-03,2025020969,20252026,referee,Francois St-Laurent,SJS,MTL,7,6,13,1,4,8,14,12
2026-03-03,2025020969,20252026,referee,Tom Chmielewski,SJS,MTL,7,6,13,1,4,8,14,12
2026-03-03,2025020969,20252026,linesman,Trent Knorr,SJS,MTL,7,6,13,1,4,8,14,12
2026-03-03,2025020969,20252026,linesman,Devin Berg,SJS,MTL,7,6,13,1,4,8,14,12
2026-03-04,2025020970,20252026,referee,Gord Dwyer,DET,VGK,1,4,5,1,3,1,2,8
2026-03-04,2025020970,20252026,referee,Eric Furlatt,DET,VGK,1,4,5,1,3,1,2,8
2026-03-04,2025020970,20252026,linesman,Ben O'Quinn,DET,VGK,1,4,5,1,3,1,2,8
2026-03-04,2025020970,20252026,linesman,Jonny Murray,DET,VGK,1,4,5,1,3,1,2,8
2026-03-04,2025020971,20252026,referee,Brian Pochmara,NJD,TOR,3,3,6,1,5,0,6,6
2026-03-04,2025020971,20252026,referee,Frederick L'Ecuyer,NJD,TOR,3,3,6,1,5,0,6,6
2026-03-04,2025020971,20252026,linesman,Steve Barton,NJD,TOR,3,3,6,1,5,0,6,6
2026-03-04,2025020971,20252026,linesman,Brandon Grillo,NJD,TOR,3,3,6,1,5,0,6,6
2026-03-04,2025020972,20252026,referee,Cody Beach,VAN,CAR,4,5,9,2,6,1,8,10
2026-03-04,2025020972,20252026,referee,Graham Skilliter,VAN,CAR,4,5,9,2,6,1,8,10
2026-03-04,2025020972,20252026,linesman,Ryan Gibbons,VAN,CAR,4,5,9,2,6,1,8,10
2026-03-04,2025020972,20252026,linesman,Joe Mahon,VAN,CAR,4,5,9,2,6,1,8,10
2026-03-04,2025020973,20252026,referee,Tom Chmielewski,ANA,NYI,4,4,8,3,4,1,8,8
2026-03-04,2025020973,20252026,referee,Pierre Lambert,ANA,NYI,4,4,8,3,4,1,8,8
2026-03-04,2025020973,20252026,linesman,Trent Knorr,ANA,NYI,4,4,8,3,4,1,8,8
2026-03-04,2025020973,20252026,linesman,Devin Berg,ANA,NYI,4,4,8,3,4,1,8,8
2026-03-04,2025020974,20252026,referee,Jake Brenk,SEA,STL,2,4,6,2,2,2,4,8
2026-03-04,2025020974,20252026,referee,Graedy Hamilton,SEA,STL,2,4,6,2,2,2,4,8
2026-03-04,2025020974,20252026,linesman,CJ Murray,SEA,STL,2,4,6,2,2,2,4,8
2026-03-04,2025020974,20252026,linesman,Kiel Murchison,SEA,STL,2,4,6,2,2,2,4,8
2026-03-05,2025020975,20252026,referee,Wes McCauley,NYR,TOR,1,2,3,2,1,0,2,4
2026-03-05,2025020975,20252026,referee,Frederick L'Ecuyer,NYR,TOR,1,2,3,2,1,0,2,4
2026-03-05,2025020975,20252026,linesman,Brad Kovachik,NYR,TOR,1,2,3,2,1,0,2,4
2026-03-05,2025020975,20252026,linesman,Matt MacPherson,NYR,TOR,1,2,3,2,1,0,2,4
2026-03-05,2025020976,20252026,referee,Chris Rooney,PHI,UTA,2,3,5,1,1,3,4,6
2026-03-05,2025020976,20252026,referee,Brian Pochmara,PHI,UTA,2,3,5,1,1,3,4,6
2026-03-05,2025020976,20252026,linesman,Steve Barton,PHI,UTA,2,3,5,1,1,3,4,6
2026-03-05,2025020976,20252026,linesman,Brandon Grillo,PHI,UTA,2,3,5,1,1,3,4,6
2026-03-05,2025020977,20252026,referee,Furman South,PIT,BUF,5,6,11,4,5,2,10,12
2026-03-05,2025020977,20252026,referee,Brandon Blandina,PIT,BUF,5,6,11,4,5,2,10,12
2026-03-05,2025020977,20252026,linesman,Ben O'Quinn,PIT,BUF,5,6,11,4,5,2,10,12
2026-03-05,2025020977,20252026,linesman,Jonny Murray,PIT,BUF,5,6,11,4,5,2,10,12
2026-03-05,2025020978,20252026,referee,Chris Lee,CBJ,FLA,4,4,8,2,2,4,8,8
2026-03-05,2025020978,20252026,referee,Peter MacDougall,CBJ,FLA,4,4,8,2,2,4,8,8
2026-03-05,2025020978,20252026,linesman,Tyson Baker,CBJ,FLA,4,4,8,2,2,4,8,8
2026-03-05,2025020978,20252026,linesman,Kilian McNamara,CBJ,FLA,4,4,8,2,2,4,8,8
2026-03-05,2025020979,20252026,referee,Jean Hebert,NSH,BOS,5,6,11,5,3,3,10,12
2026-03-05,2025020979,20252026,referee,Jordan Samuels-Thomas,NSH,BOS,5,6,11,5,3,3,10,12
2026-03-05,2025020979,20252026,linesman,Julien Fournier,NSH,BOS,5,6,11,5,3,3,10,12
2026-03-05,2025020979,20252026,linesman,Libor Suchanek,NSH,BOS,5,6,11,5,3,3,10,12
2026-03-05,2025020980,20252026,referee,Jon McIsaac,WPG,TBL,2,2,4,1,2,1,4,4
2026-03-05,2025020980,20252026,referee,Garrett Rank,WPG,TBL,2,2,4,1,2,1,4,4
2026-03-05,2025020980,20252026,linesman,David Brisebois,WPG,TBL,2,2,4,1,2,1,4,4
2026-03-05,2025020980,20252026,linesman,Dan Kelly,WPG,TBL,2,2,4,1,2,1,4,4
2026-03-05,2025020981,20252026,referee,Francis Charron,CGY,OTT,4,3,7,1,2,4,8,6
2026-03-05,2025020981,20252026,referee,Brandon Schrader,CGY,OTT,4,3,7,1,2,4,8,6
2026-03-05,2025020981,20252026,linesman,Scott Cherrey,CGY,OTT,4,3,7,1,2,4,8,6
2026-03-05,2025020981,20252026,linesman,Ryan Gibbons,CGY,OTT,4,3,7,1,2,4,8,6
2026-03-05,2025020982,20252026,referee,Tom Chmielewski,LAK,NYI,3,3,6,1,3,2,6,6
2026-03-05,2025020982,20252026,referee,Pierre Lambert,LAK,NYI,3,3,6,1,3,2,6,6
2026-03-05,2025020982,20252026,linesman,Trent Knorr,LAK,NYI,3,3,6,1,3,2,6,6
2026-03-05,2025020982,20252026,linesman,Devin Berg,LAK,NYI,3,3,6,1,3,2,6,6
2026-03-06,2025020983,20252026,referee,Mitch Dunning,DET,FLA,3,4,7,1,4,2,6,8
2026-03-06,2025020983,20252026,referee,Peter MacDougall,DET,FLA,3,4,7,1,4,2,6,8
2026-03-06,2025020983,20252026,linesman,Shandor Alphonso,DET,FLA,3,4,7,1,4,2,6,8
2026-03-06,2025020983,20252026,linesman,Jesse Marquis,DET,FLA,3,4,7,1,4,2,6,8
2026-03-06,2025020984,20252026,referee,Jean Hebert,DAL,COL,5,4,9,4,2,3,10,8
2026-03-06,2025020984,20252026,referee,Gord Dwyer,DAL,COL,5,4,9,4,2,3,10,8
2026-03-06,2025020984,20252026,linesman,Libor Suchanek,DAL,COL,5,4,9,4,2,3,10,8
2026-03-06,2025020984,20252026,linesman,James Tobias,DAL,COL,5,4,9,4,2,3,10,8
2026-03-06,2025020985,20252026,referee,Wes McCauley,CHI,VAN,5,4,9,3,5,1,10,8
2026-03-06,2025020985,20252026,referee,Stephen Hiff,CHI,VAN,5,4,9,3,5,1,10,8
2026-03-06,2025020985,20252026,linesman,Kyle Flemington,CHI,VAN,5,4,9,3,5,1,10,8
2026-03-06,2025020985,20252026,linesman,Julien Fournier,CHI,VAN,5,4,9,3,5,1,10,8
2026-03-06,2025020986,20252026,referee,Kyle Rehman,EDM,CAR,3,2,5,2,1,2,6,4
2026-03-06,2025020986,20252026,referee,Brandon Schrader,EDM,CAR,3,2,5,2,1,2,6,4
2026-03-06,2025020986,20252026,linesman,Scott Cherrey,EDM,CAR,3,2,5,2,1,2,6,4
2026-03-06,2025020986,20252026,linesman,Bevan Mills,EDM,CAR,3,2,5,2,1,2,6,4
2026-03-06,2025020987,20252026,referee,Trevor Hanson,ANA,MTL,3,2,5,2,3,0,6,4
2026-03-06,2025020987,20252026,referee,Mike Sullivan,ANA,MTL,3,2,5,2,3,0,6,4
2026-03-06,2025020987,20252026,linesman,Andrew Smith,ANA,MTL,3,2,5,2,3,0,6,4
2026-03-06,2025020987,20252026,linesman,Travis Gawryletz,ANA,MTL,3,2,5,2,3,0,6,4
2026-03-06,2025020988,20252026,referee,Graham Skilliter,VGK,MIN,3,3,6,1,2,3,6,6
2026-03-06,2025020988,20252026,referee,Jake Brenk,VGK,MIN,3,3,6,1,2,3,6,6
2026-03-06,2025020988,20252026,linesman,Caleb Apperson,VGK,MIN,3,3,6,1,2,3,6,6
2026-03-06,2025020988,20252026,linesman,Joe Mahon,VGK,MIN,3,3,6,1,2,3,6,6
2026-03-06,2025020989,20252026,referee,Chris Schlenker,SJS,STL,2,2,4,2,2,0,4,4
2026-03-06,2025020989,20252026,referee,Kelly Sutherland,SJS,STL,2,2,4,2,2,0,4,4
2026-03-06,2025020989,20252026,linesman,Brandon Gawryletz,SJS,STL,2,2,4,2,2,0,4,4
2026-03-06,2025020989,20252026,linesman,Shawn Oliver,SJS,STL,2,2,4,2,2,0,4,4
2026-03-07,2025020990,20252026,referee,Chris Rooney,BOS,WSH,3,6,9,3,6,0,6,12
2026-03-07,2025020990,20252026,referee,Brian Pochmara,BOS,WSH,3,6,9,3,6,0,6,12
2026-03-07,2025020990,20252026,linesman,Brad Kovachik,BOS,WSH,3,6,9,3,6,0,6,12
2026-03-07,2025020990,20252026,linesman,Matt MacPherson,BOS,WSH,3,6,9,3,6,0,6,12
2026-03-07,2025020991,20252026,referee,Frederick L'Ecuyer,NJD,NYR,5,4,9,2,2,5,10,8
2026-03-07,2025020991,20252026,referee,Kendrick Nicholson,NJD,NYR,5,4,9,2,2,5,10,8
2026-03-07,2025020991,20252026,linesman,Tommy Hughes,NJD,NYR,5,4,9,2,2,5,10,8
2026-03-07,2025020991,20252026,linesman,Jonathan Deschamps,NJD,NYR,5,4,9,2,2,5,10,8
2026-03-07,2025020992,20252026,referee,Garrett Rank,BUF,NSH,4,3,7,3,1,3,8,6
2026-03-07,2025020992,20252026,referee,Riley Brace,BUF,NSH,4,3,7,3,1,3,8,6
2026-03-07,2025020992,20252026,linesman,Dylan Blujus,BUF,NSH,4,3,7,3,1,3,8,6
2026-03-07,2025020992,20252026,linesman,Ryan Daisy,BUF,NSH,4,3,7,3,1,3,8,6
2026-03-07,2025020993,20252026,referee,Francois St-Laurent,PIT,PHI,2,5,7,4,1,2,4,10
2026-03-07,2025020993,20252026,referee,Mitch Dunning,PIT,PHI,2,5,7,4,1,2,4,10
2026-03-07,2025020993,20252026,linesman,Tyson Baker,PIT,PHI,2,5,7,4,1,2,4,10
2026-03-07,2025020993,20252026,linesman,Kilian McNamara,PIT,PHI,2,5,7,4,1,2,4,10
2026-03-07,2025020994,20252026,referee,Eric Furlatt,TOR,TBL,4,3,7,3,3,1,8,6
2026-03-07,2025020994,20252026,referee,Justin Kea,TOR,TBL,4,3,7,3,3,1,8,6
2026-03-07,2025020994,20252026,linesman,Shandor Alphonso,TOR,TBL,4,3,7,3,3,1,8,6
2026-03-07,2025020994,20252026,linesman,Jeremy Faucher,TOR,TBL,4,3,7,3,3,1,8,6
2026-03-07,2025020995,20252026,referee,Chris Lee,CBJ,UTA,2,3,5,0,1,4,4,6
2026-03-07,2025020995,20252026,referee,Michael Markovic,CBJ,UTA,2,3,5,0,1,4,4,6
2026-03-07,2025020995,20252026,linesman,Brandon Grillo,CBJ,UTA,2,3,5,0,1,4,4,6
2026-03-07,2025020995,20252026,linesman,Jesse Marquis,CBJ,UTA,2,3,5,0,1,4,4,6
2026-03-07,2025020996,20252026,referee,Francis Charron,WPG,VAN,0,2,2,0,1,1,0,4
2026-03-07,2025020996,20252026,referee,Cody Beach,WPG,VAN,0,2,2,0,1,1,0,4
2026-03-07,2025020996,20252026,linesman,Travis Toomey,WPG,VAN,0,2,2,0,1,1,0,4
2026-03-07,2025020996,20252026,linesman,Mark Shewchyk,WPG,VAN,0,2,2,0,1,1,0,4
2026-03-07,2025020997,20252026,referee,Trevor Hanson,LAK,MTL,1,3,4,3,0,1,2,6
2026-03-07,2025020997,20252026,referee,Tom Chmielewski,LAK,MTL,1,3,4,3,0,1,2,6
2026-03-07,2025020997,20252026,linesman,Andrew Smith,LAK,MTL,1,3,4,3,0,1,2,6
2026-03-07,2025020997,20252026,linesman,Travis Gawryletz,LAK,MTL,1,3,4,3,0,1,2,6
2026-03-07,2025020998,20252026,referee,Kyle Rehman,CGY,CAR,3,4,7,2,4,1,6,8
2026-03-07,2025020998,20252026,referee,Brandon Schrader,CGY,CAR,3,4,7,2,4,1,6,8
2026-03-07,2025020998,20252026,linesman,Ryan Gibbons,CGY,CAR,3,4,7,2,4,1,6,8
2026-03-07,2025020998,20252026,linesman,David Brisebois,CGY,CAR,3,4,7,2,4,1,6,8
2026-03-07,2025020999,20252026,referee,Kelly Sutherland,SJS,NYI,3,2,5,1,1,3,6,4
2026-03-07,2025020999,20252026,referee,Graedy Hamilton,SJS,NYI,3,2,5,1,1,3,6,4
2026-03-07,2025020999,20252026,linesman,Brandon Gawryletz,SJS,NYI,3,2,5,1,1,3,6,4
2026-03-07,2025020999,20252026,linesman,Shawn Oliver,SJS,NYI,3,2,5,1,1,3,6,4
2026-03-07,2025021000,20252026,referee,Chris Schlenker,SEA,OTT,3,4,7,2,1,4,6,8
2026-03-07,2025021000,20252026,referee,Corey Syvret,SEA,OTT,3,4,7,2,1,4,6,8
2026-03-07,2025021000,20252026,linesman,Trent Knorr,SEA,OTT,3,4,7,2,1,4,6,8
2026-03-07,2025021000,20252026,linesman,Kiel Murchison,SEA,OTT,3,4,7,2,1,4,6,8
2026-03-08,2025021001,20252026,referee,Jean Hebert,COL,MIN,3,5,8,2,2,4,6,10
2026-03-08,2025021001,20252026,referee,Brandon Blandina,COL,MIN,3,5,8,2,2,4,6,10
2026-03-08,2025021001,20252026,linesman,James Tobias,COL,MIN,3,5,8,2,2,4,6,10
2026-03-08,2025021001,20252026,linesman,Joe Mahon,COL,MIN,3,5,8,2,2,4,6,10
2026-03-08,2025021002,20252026,referee,Francois St-Laurent,PIT,BOS,4,3,7,1,5,1,8,6
2026-03-08,2025021002,20252026,referee,Peter MacDougall,PIT,BOS,4,3,7,1,5,1,8,6
2026-03-08,2025021002,20252026,linesman,Tyson Baker,PIT,BOS,4,3,7,1,5,1,8,6
2026-03-08,2025021002,20252026,linesman,Kilian McNamara,PIT,BOS,4,3,7,1,5,1,8,6
2026-03-08,2025021003,20252026,referee,Brian Pochmara,BUF,TBL,5,11,16,10,4,2,10,22
2026-03-08,2025021003,20252026,referee,Eric Furlatt,BUF,TBL,5,11,16,10,4,2,10,22
2026-03-08,2025021003,20252026,linesman,Ryan Daisy,BUF,TBL,5,11,16,10,4,2,10,22
2026-03-08,2025021003,20252026,linesman,Jeremy Faucher,BUF,TBL,5,11,16,10,4,2,10,22
2026-03-08,2025021004,20252026,referee,Thomas John Luxmore,DAL,CHI,1,3,4,1,1,2,2,6
2026-03-08,2025021004,20252026,referee,Stephen Hiff,DAL,CHI,1,3,4,1,1,2,2,6
2026-03-08,2025021004,20252026,linesman,Kyle Flemington,DAL,CHI,1,3,4,1,1,2,2,6
2026-03-08,2025021004,20252026,linesman,Ben O'Quinn,DAL,CHI,1,3,4,1,1,2,2,6
2026-03-08,2025021005,20252026,referee,Chris Rooney,NJD,DET,6,3,9,3,5,1,12,6
2026-03-08,2025021005,20252026,referee,Kendrick Nicholson,NJD,DET,6,3,9,3,5,1,12,6
2026-03-08,2025021005,20252026,linesman,Brad Kovachik,NJD,DET,6,3,9,3,5,1,12,6
2026-03-08,2025021005,20252026,linesman,Jonathan Deschamps,NJD,DET,6,3,9,3,5,1,12,6
2026-03-08,2025021006,20252026,referee,Jake Brenk,ANA,STL,2,6,8,4,3,1,4,12
2026-03-08,2025021006,20252026,referee,Jordan Samuels-Thomas,ANA,STL,2,6,8,4,3,1,4,12
2026-03-08,2025021006,20252026,linesman,Andrew Smith,ANA,STL,2,6,8,4,3,1,4,12
2026-03-08,2025021006,20252026,linesman,Brandon Gawryletz,ANA,STL,2,6,8,4,3,1,4,12
2026-03-08,2025021007,20252026,referee,Kelly Sutherland,VGK,EDM,3,4,7,1,2,4,6,8
2026-03-08,2025021007,20252026,referee,Graham Skilliter,VGK,EDM,3,4,7,1,2,4,6,8
2026-03-08,2025021007,20252026,linesman,Travis Gawryletz,VGK,EDM,3,4,7,1,2,4,6,8
2026-03-08,2025021007,20252026,linesman,Caleb Apperson,VGK,EDM,3,4,7,1,2,4,6,8
2026-03-09,2025020828,20252026,referee,Pierre Lambert,CBJ,LAK,3,4,7,2,3,2,6,8
2026-03-09,2025020828,20252026,referee,Peter MacDougall,CBJ,LAK,3,4,7,2,3,2,6,8
2026-03-09,2025020828,20252026,linesman,Tyson Baker,CBJ,LAK,3,4,7,2,3,2,6,8
2026-03-09,2025020828,20252026,linesman,Kilian McNamara,CBJ,LAK,3,4,7,2,3,2,6,8
2026-03-09,2025021008,20252026,referee,Francis Charron,PHI,NYR,4,3,7,3,3,1,8,6
2026-03-09,2025021008,20252026,referee,Michael Markovic,PHI,NYR,4,3,7,3,3,1,8,6
2026-03-09,2025021008,20252026,linesman,Dylan Blujus,PHI,NYR,4,3,7,3,3,1,8,6
2026-03-09,2025021008,20252026,linesman,Brad Kovachik,PHI,NYR,4,3,7,3,3,1,8,6
2026-03-09,2025021009,20252026,referee,Jon McIsaac,WSH,CGY,0,3,3,1,1,1,0,6
2026-03-09,2025021009,20252026,referee,Furman South,WSH,CGY,0,3,3,1,1,1,0,6
2026-03-09,2025021009,20252026,linesman,Tommy Hughes,WSH,CGY,0,3,3,1,1,1,0,6
2026-03-09,2025021009,20252026,linesman,Dan Kelly,WSH,CGY,0,3,3,1,1,1,0,6
2026-03-09,2025021010,20252026,referee,Chris Lee,CHI,UTA,2,3,5,1,3,1,4,6
2026-03-09,2025021010,20252026,referee,Riley Brace,CHI,UTA,2,3,5,1,3,1,4,6
2026-03-09,2025021010,20252026,linesman,Matt MacPherson,CHI,UTA,2,3,5,1,3,1,4,6
2026-03-09,2025021010,20252026,linesman,Jesse Marquis,CHI,UTA,2,3,5,1,3,1,4,6
2026-03-09,2025021011,20252026,referee,Kyle Rehman,VAN,OTT,4,3,7,1,3,3,8,6
2026-03-09,2025021011,20252026,referee,Corey Syvret,VAN,OTT,4,3,7,1,3,3,8,6
2026-03-09,2025021011,20252026,linesman,Travis Toomey,VAN,OTT,4,3,7,1,3,3,8,6
2026-03-09,2025021011,20252026,linesman,Mark Shewchyk,VAN,OTT,4,3,7,1,3,3,8,6
2026-03-10,2025021012,20252026,referee,Frederick L'Ecuyer,BOS,LAK,2,4,6,2,3,1,4,8
2026-03-10,2025021012,20252026,referee,Eric Furlatt,BOS,LAK,2,4,6,2,3,1,4,8
2026-03-10,2025021012,20252026,linesman,Shawn Oliver,BOS,LAK,2,4,6,2,3,1,4,8
2026-03-10,2025021012,20252026,linesman,Jonathan Deschamps,BOS,LAK,2,4,6,2,3,1,4,8
2026-03-10,2025021013,20252026,referee,Garrett Rank,BUF,SJS,4,2,6,1,3,2,8,4
2026-03-10,2025021013,20252026,referee,Peter MacDougall,BUF,SJS,4,2,6,1,3,2,8,4
2026-03-10,2025021013,20252026,linesman,James Tobias,BUF,SJS,4,2,6,1,3,2,8,4
2026-03-10,2025021013,20252026,linesman,David Brisebois,BUF,SJS,4,2,6,1,3,2,8,4
2026-03-10,2025021014,20252026,referee,Tom Chmielewski,MTL,TOR,3,3,6,2,2,2,6,6
2026-03-10,2025021014,20252026,referee,Mitch Dunning,MTL,TOR,3,3,6,2,2,2,6,6
2026-03-10,2025021014,20252026,linesman,Bevan Mills,MTL,TOR,3,3,6,2,2,2,6,6
2026-03-10,2025021014,20252026,linesman,Jonny Murray,MTL,TOR,3,3,6,2,2,2,6,6
2026-03-10,2025021015,20252026,referee,Cody Beach,TBL,CBJ,5,4,9,5,3,1,10,8
2026-03-10,2025021015,20252026,referee,Kendrick Nicholson,TBL,CBJ,5,4,9,5,3,1,10,8
2026-03-10,2025021015,20252026,linesman,Scott Cherrey,TBL,CBJ,5,4,9,5,3,1,10,8
2026-03-10,2025021015,20252026,linesman,CJ Murray,TBL,CBJ,5,4,9,5,3,1,10,8
2026-03-10,2025021016,20252026,referee,Francois St-Laurent,FLA,DET,2,3,5,1,4,0,4,6
2026-03-10,2025021016,20252026,referee,Jean Hebert,FLA,DET,2,3,5,1,4,0,4,6
2026-03-10,2025021016,20252026,linesman,Libor Suchanek,FLA,DET,2,3,5,1,4,0,4,6
2026-03-10,2025021016,20252026,linesman,Devin Berg,FLA,DET,2,3,5,1,4,0,4,6
2026-03-10,2025021017,20252026,referee,Furman South,NYR,CGY,2,3,5,3,1,1,4,6
2026-03-10,2025021017,20252026,referee,Liam Maaskant,NYR,CGY,2,3,5,3,1,1,4,6
2026-03-10,2025021017,20252026,linesman,Ryan Daisy,NYR,CGY,2,3,5,3,1,1,4,6
2026-03-10,2025021017,20252026,linesman,Dan Kelly,NYR,CGY,2,3,5,3,1,1,4,6
2026-03-10,2025021018,20252026,referee,Jon McIsaac,CAR,PIT,5,6,11,2,6,3,10,12
2026-03-10,2025021018,20252026,referee,Michael Markovic,CAR,PIT,5,6,11,2,6,3,10,12
2026-03-10,2025021018,20252026,linesman,Julien Fournier,CAR,PIT,5,6,11,2,6,3,10,12
2026-03-10,2025021018,20252026,linesman,Jeremy Faucher,CAR,PIT,5,6,11,2,6,3,10,12
2026-03-10,2025021019,20252026,referee,Chris Lee,STL,NYI,4,2,6,2,2,2,8,4
2026-03-10,2025021019,20252026,referee,Justin Kea,STL,NYI,4,2,6,2,2,2,8,4
2026-03-10,2025021019,20252026,linesman,Jesse Marquis,STL,NYI,4,2,6,2,2,2,8,4
2026-03-10,2025021019,20252026,linesman,Ben O'Quinn,STL,NYI,4,2,6,2,2,2,8,4
2026-03-10,2025021020,20252026,referee,Brian Pochmara,DAL,VGK,3,5,8,1,5,2,6,10
2026-03-10,2025021020,20252026,referee,Jake Brenk,DAL,VGK,3,5,8,1,5,2,6,10
2026-03-10,2025021020,20252026,linesman,Andrew Smith,DAL,VGK,3,5,8,1,5,2,6,10
2026-03-10,2025021020,20252026,linesman,Kiel Murchison,DAL,VGK,3,5,8,1,5,2,6,10
2026-03-10,2025021021,20252026,referee,Thomas John Luxmore,MIN,UTA,3,4,7,4,1,2,6,8
2026-03-10,2025021021,20252026,referee,Brandon Blandina,MIN,UTA,3,4,7,4,1,2,6,8
2026-03-10,2025021021,20252026,linesman,Caleb Apperson,MIN,UTA,3,4,7,4,1,2,6,8
2026-03-10,2025021021,20252026,linesman,Matt MacPherson,MIN,UTA,3,4,7,4,1,2,6,8
2026-03-10,2025021022,20252026,referee,Wes McCauley,WPG,ANA,2,3,5,1,1,3,4,6
2026-03-10,2025021022,20252026,referee,Morgan MacPhee,WPG,ANA,2,3,5,1,1,3,4,6
2026-03-10,2025021022,20252026,linesman,Shandor Alphonso,WPG,ANA,2,3,5,1,1,3,4,6
2026-03-10,2025021022,20252026,linesman,Steve Barton,WPG,ANA,2,3,5,1,1,3,4,6
2026-03-10,2025021023,20252026,referee,Kelly Sutherland,COL,EDM,3,3,6,2,2,2,6,6
2026-03-10,2025021023,20252026,referee,Brandon Schrader,COL,EDM,3,3,6,2,2,2,6,6
2026-03-10,2025021023,20252026,linesman,Brandon Gawryletz,COL,EDM,3,3,6,2,2,2,6,6
2026-03-10,2025021023,20252026,linesman,Travis Gawryletz,COL,EDM,3,3,6,2,2,2,6,6
2026-03-10,2025021024,20252026,referee,Trevor Hanson,SEA,NSH,1,1,2,0,0,2,2,2
2026-03-10,2025021024,20252026,referee,Jordan Samuels-Thomas,SEA,NSH,1,1,2,0,0,2,2,2
2026-03-10,2025021024,20252026,linesman,Travis Toomey,SEA,NSH,1,1,2,0,0,2,2,2
2026-03-10,2025021024,20252026,linesman,Mark Shewchyk,SEA,NSH,1,1,2,0,0,2,2,2
2026-03-11,2025021025,20252026,referee,Tom Chmielewski,OTT,MTL,3,4,7,3,2,2,6,8
2026-03-11,2025021025,20252026,referee,Mitch Dunning,OTT,MTL,3,4,7,3,2,2,6,8
2026-03-11,2025021025,20252026,linesman,Bevan Mills,OTT,MTL,3,4,7,3,2,2,6,8
2026-03-11,2025021025,20252026,linesman,Jonny Murray,OTT,MTL,3,4,7,3,2,2,6,8
2026-03-11,2025021026,20252026,referee,Eric Furlatt,PHI,WSH,7,5,12,6,0,6,14,10
2026-03-11,2025021026,20252026,referee,Mike Sullivan,PHI,WSH,7,5,12,6,0,6,14,10
2026-03-11,2025021026,20252026,linesman,Dylan Blujus,PHI,WSH,7,5,12,6,0,6,14,10
2026-03-11,2025021026,20252026,linesman,Brad Kovachik,PHI,WSH,7,5,12,6,0,6,14,10
2026-03-12,2025021027,20252026,referee,Frederick L'Ecuyer,BOS,SJS,2,2,4,1,1,2,4,4
2026-03-12,2025021027,20252026,referee,Stephen Hiff,BOS,SJS,2,2,4,1,1,2,4,4
2026-03-12,2025021027,20252026,linesman,Tommy Hughes,BOS,SJS,2,2,4,1,1,2,4,4
2026-03-12,2025021027,20252026,linesman,Dan Kelly,BOS,SJS,2,2,4,1,1,2,4,4
2026-03-12,2025021028,20252026,referee,Francis Charron,BUF,WSH,2,2,4,1,2,1,4,4
2026-03-12,2025021028,20252026,referee,Furman South,BUF,WSH,2,2,4,1,2,1,4,4
2026-03-12,2025021028,20252026,linesman,Andrew Smith,BUF,WSH,2,2,4,1,2,1,4,4
2026-03-12,2025021028,20252026,linesman,Brandon Grillo,BUF,WSH,2,2,4,1,2,1,4,4
2026-03-12,2025021029,20252026,referee,Tom Chmielewski,TOR,ANA,8,8,16,5,2,9,16,16
2026-03-12,2025021029,20252026,referee,Mitch Dunning,TOR,ANA,8,8,16,5,2,9,16,16
2026-03-12,2025021029,20252026,linesman,Bevan Mills,TOR,ANA,8,8,16,5,2,9,16,16
2026-03-12,2025021029,20252026,linesman,Kyle Flemington,TOR,ANA,8,8,16,5,2,9,16,16
2026-03-12,2025021030,20252026,referee,Francois St-Laurent,TBL,DET,1,1,2,2,0,0,2,2
2026-03-12,2025021030,20252026,referee,Kendrick Nicholson,TBL,DET,1,1,2,2,0,0,2,2
2026-03-12,2025021030,20252026,linesman,Libor Suchanek,TBL,DET,1,1,2,2,0,0,2,2
2026-03-12,2025021030,20252026,linesman,CJ Murray,TBL,DET,1,1,2,2,0,0,2,2
2026-03-12,2025021031,20252026,referee,Cody Beach,FLA,CBJ,2,1,3,1,2,0,4,2
2026-03-12,2025021031,20252026,referee,Michael Markovic,FLA,CBJ,2,1,3,1,2,0,4,2
2026-03-12,2025021031,20252026,linesman,Scott Cherrey,FLA,CBJ,2,1,3,1,2,0,4,2
2026-03-12,2025021031,20252026,linesman,Devin Berg,FLA,CBJ,2,1,3,1,2,0,4,2
2026-03-12,2025021032,20252026,referee,Eric Furlatt,NJD,CGY,0,3,3,2,0,1,0,6
2026-03-12,2025021032,20252026,referee,Mike Sullivan,NJD,CGY,0,3,3,2,0,1,0,6
2026-03-12,2025021032,20252026,linesman,Shawn Oliver,NJD,CGY,0,3,3,2,0,1,0,6
2026-03-12,2025021032,20252026,linesman,David Brisebois,NJD,CGY,0,3,3,2,0,1,0,6
2026-03-12,2025021033,20252026,referee,Jon McIsaac,CAR,STL,1,2,3,0,2,1,2,4
2026-03-12,2025021033,20252026,referee,Brian Pochmara,CAR,STL,1,2,3,0,2,1,2,4
2026-03-12,2025021033,20252026,linesman,Ryan Daisy,CAR,STL,1,2,3,0,2,1,2,4
2026-03-12,2025021033,20252026,linesman,Jeremy Faucher,CAR,STL,1,2,3,0,2,1,2,4
2026-03-12,2025021034,20252026,referee,Thomas John Luxmore,DAL,EDM,11,12,23,0,7,16,22,24
2026-03-12,2025021034,20252026,referee,Justin Kea,DAL,EDM,11,12,23,0,7,16,22,24
2026-03-12,2025021034,20252026,linesman,Ryan Gibbons,DAL,EDM,11,12,23,0,7,16,22,24
2026-03-12,2025021034,20252026,linesman,Kilian McNamara,DAL,EDM,11,12,23,0,7,16,22,24
2026-03-12,2025021035,20252026,referee,Wes McCauley,MIN,PHI,3,3,6,2,1,3,6,6
2026-03-12,2025021035,20252026,referee,Chris Lee,MIN,PHI,3,3,6,2,1,3,6,6
2026-03-12,2025021035,20252026,linesman,Steve Barton,MIN,PHI,3,3,6,2,1,3,6,6
2026-03-12,2025021035,20252026,linesman,Tyson Baker,MIN,PHI,3,3,6,2,1,3,6,6
2026-03-12,2025021036,20252026,referee,Corey Syvret,WPG,NYR,2,1,3,2,1,0,4,2
2026-03-12,2025021036,20252026,referee,Brandon Blandina,WPG,NYR,2,1,3,2,1,0,4,2
2026-03-12,2025021036,20252026,linesman,Caleb Apperson,WPG,NYR,2,1,3,2,1,0,4,2
2026-03-12,2025021036,20252026,linesman,Matt MacPherson,WPG,NYR,2,1,3,2,1,0,4,2
2026-03-12,2025021037,20252026,referee,Kyle Rehman,UTA,CHI,2,2,4,0,0,4,4,4
2026-03-12,2025021037,20252026,referee,Carter Sandlak,UTA,CHI,2,2,4,0,0,4,4,4
2026-03-12,2025021037,20252026,linesman,Brandon Gawryletz,UTA,CHI,2,2,4,0,0,4,4,4
2026-03-12,2025021037,20252026,linesman,Joe Mahon,UTA,CHI,2,2,4,0,0,4,4,4
2026-03-12,2025021038,20252026,referee,Chris Schlenker,VAN,NSH,3,2,5,0,5,0,6,4
2026-03-12,2025021038,20252026,referee,Morgan MacPhee,VAN,NSH,3,2,5,0,5,0,6,4
2026-03-12,2025021038,20252026,linesman,Shandor Alphonso,VAN,NSH,3,2,5,0,5,0,6,4
2026-03-12,2025021038,20252026,linesman,Trent Knorr,VAN,NSH,3,2,5,0,5,0,6,4
2026-03-12,2025021039,20252026,referee,Chris Rooney,VGK,PIT,6,5,11,2,4,5,12,10
2026-03-12,2025021039,20252026,referee,Jordan Samuels-Thomas,VGK,PIT,6,5,11,2,4,5,12,10
2026-03-12,2025021039,20252026,linesman,Travis Gawryletz,VGK,PIT,6,5,11,2,4,5,12,10
2026-03-12,2025021039,20252026,linesman,Kiel Murchison,VGK,PIT,6,5,11,2,4,5,12,10
2026-03-12,2025021040,20252026,referee,Trevor Hanson,SEA,COL,3,2,5,2,3,0,6,4
2026-03-12,2025021040,20252026,referee,Beau Halkidis,SEA,COL,3,2,5,2,3,0,6,4
2026-03-12,2025021040,20252026,linesman,Travis Toomey,SEA,COL,3,2,5,2,3,0,6,4
2026-03-12,2025021040,20252026,linesman,Mark Shewchyk,SEA,COL,3,2,5,2,3,0,6,4
2026-03-13,2025021041,20252026,referee,Garrett Rank,NYI,LAK,4,5,9,4,3,2,8,10
2026-03-13,2025021041,20252026,referee,Stephen Hiff,NYI,LAK,4,5,9,4,3,2,8,10
2026-03-13,2025021041,20252026,linesman,Tommy Hughes,NYI,LAK,4,5,9,4,3,2,8,10
2026-03-13,2025021041,20252026,linesman,David Brisebois,NYI,LAK,4,5,9,4,3,2,8,10
2026-03-13,2025021042,20252026,referee,Thomas John Luxmore,STL,EDM,3,1,4,0,2,2,6,2
2026-03-13,2025021042,20252026,referee,Graedy Hamilton,STL,EDM,3,1,4,0,2,2,6,2
2026-03-13,2025021042,20252026,linesman,Ryan Gibbons,STL,EDM,3,1,4,0,2,2,6,2
2026-03-13,2025021042,20252026,linesman,James Tobias,STL,EDM,3,1,4,0,2,2,6,2
2026-03-14,2025021043,20252026,referee,Francis Charron,OTT,ANA,4,5,9,3,4,2,8,10
2026-03-14,2025021043,20252026,referee,Frederick L'Ecuyer,OTT,ANA,4,5,9,3,4,2,8,10
2026-03-14,2025021043,20252026,linesman,Julien Fournier,OTT,ANA,4,5,9,3,4,2,8,10
2026-03-14,2025021043,20252026,linesman,Brandon Grillo,OTT,ANA,4,5,9,3,4,2,8,10
2026-03-14,2025021044,20252026,referee,Francois St-Laurent,WSH,BOS,6,5,11,3,3,5,12,10
2026-03-14,2025021044,20252026,referee,Kelly Sutherland,WSH,BOS,6,5,11,3,3,5,12,10
2026-03-14,2025021044,20252026,linesman,Shawn Oliver,WSH,BOS,6,5,11,3,3,5,12,10
2026-03-14,2025021044,20252026,linesman,CJ Murray,WSH,BOS,6,5,11,3,3,5,12,10
2026-03-14,2025021045,20252026,referee,Corey Syvret,WPG,COL,2,1,3,2,0,1,4,2
2026-03-14,2025021045,20252026,referee,Brandon Blandina,WPG,COL,2,1,3,2,0,1,4,2
2026-03-14,2025021045,20252026,linesman,Matt MacPherson,WPG,COL,2,1,3,2,0,1,4,2
2026-03-14,2025021045,20252026,linesman,Tyson Baker,WPG,COL,2,1,3,2,0,1,4,2
2026-03-14,2025021046,20252026,referee,Chris Lee,MIN,NYR,5,9,14,3,2,9,10,18
2026-03-14,2025021046,20252026,referee,Brandon Schrader,MIN,NYR,5,9,14,3,2,9,10,18
2026-03-14,2025021046,20252026,linesman,Joe Mahon,MIN,NYR,5,9,14,3,2,9,10,18
2026-03-14,2025021046,20252026,linesman,Ben O'Quinn,MIN,NYR,5,9,14,3,2,9,10,18
2026-03-14,2025021047,20252026,referee,Jean Hebert,BUF,TOR,5,7,12,7,2,3,10,14
2026-03-14,2025021047,20252026,referee,Justin Kea,BUF,TOR,5,7,12,7,2,3,10,14
2026-03-14,2025021047,20252026,linesman,Andrew Smith,BUF,TOR,5,7,12,7,2,3,10,14
2026-03-14,2025021047,20252026,linesman,Mark Shewchyk,BUF,TOR,5,7,12,7,2,3,10,14
2026-03-14,2025021048,20252026,referee,Furman South,MTL,SJS,1,3,4,2,1,1,2,6
2026-03-14,2025021048,20252026,referee,Eric Furlatt,MTL,SJS,1,3,4,2,1,1,2,6
2026-03-14,2025021048,20252026,linesman,Kyle Flemington,MTL,SJS,1,3,4,2,1,1,2,6
2026-03-14,2025021048,20252026,linesman,Ryan Daisy,MTL,SJS,1,3,4,2,1,1,2,6
2026-03-14,2025021049,20252026,referee,Brian Pochmara,TBL,CAR,3,4,7,3,4,0,6,8
2026-03-14,2025021049,20252026,referee,Michael Markovic,TBL,CAR,3,4,7,3,4,0,6,8
2026-03-14,2025021049,20252026,linesman,Scott Cherrey,TBL,CAR,3,4,7,3,4,0,6,8
2026-03-14,2025021049,20252026,linesman,Devin Berg,TBL,CAR,3,4,7,3,4,0,6,8
2026-03-14,2025021050,20252026,referee,Mitch Dunning,NJD,LAK,3,3,6,1,1,4,6,6
2026-03-14,2025021050,20252026,referee,Jake Brenk,NJD,LAK,3,3,6,1,1,4,6,6
2026-03-14,2025021050,20252026,linesman,Dylan Blujus,NJD,LAK,3,3,6,1,1,4,6,6
2026-03-14,2025021050,20252026,linesman,Dan Kelly,NJD,LAK,3,3,6,1,1,4,6,6
2026-03-14,2025021051,20252026,referee,Garrett Rank,NYI,CGY,2,1,3,3,0,0,4,2
2026-03-14,2025021051,20252026,referee,Alex Lepkowski,NYI,CGY,2,1,3,3,0,0,4,2
2026-03-14,2025021051,20252026,linesman,Libor Suchanek,NYI,CGY,2,1,3,3,0,0,4,2
2026-03-14,2025021051,20252026,linesman,Tommy Hughes,NYI,CGY,2,1,3,3,0,0,4,2
2026-03-14,2025021052,20252026,referee,Jon McIsaac,PHI,CBJ,2,5,7,1,5,1,4,10
2026-03-14,2025021052,20252026,referee,Mike Sullivan,PHI,CBJ,2,5,7,1,5,1,4,10
2026-03-14,2025021052,20252026,linesman,David Brisebois,PHI,CBJ,2,5,7,1,5,1,4,10
2026-03-14,2025021052,20252026,linesman,Jeremy Faucher,PHI,CBJ,2,5,7,1,5,1,4,10
2026-03-14,2025021053,20252026,referee,Pierre Lambert,DAL,DET,5,6,11,3,4,4,10,12
2026-03-14,2025021053,20252026,referee,Graedy Hamilton,DAL,DET,5,6,11,3,4,4,10,12
2026-03-14,2025021053,20252026,linesman,Ryan Gibbons,DAL,DET,5,6,11,3,4,4,10,12
2026-03-14,2025021053,20252026,linesman,James Tobias,DAL,DET,5,6,11,3,4,4,10,12
2026-03-14,2025021054,20252026,referee,Graham Skilliter,UTA,PIT,6,3,9,2,6,1,12,6
2026-03-14,2025021054,20252026,referee,Peter MacDougall,UTA,PIT,6,3,9,2,6,1,12,6
2026-03-14,2025021054,20252026,linesman,Trent Knorr,UTA,PIT,6,3,9,2,6,1,12,6
2026-03-14,2025021054,20252026,linesman,Kilian McNamara,UTA,PIT,6,3,9,2,6,1,12,6
2026-03-14,2025021055,20252026,referee,Kyle Rehman,VAN,SEA,3,2,5,1,1,3,6,4
2026-03-14,2025021055,20252026,referee,Carter Sandlak,VAN,SEA,3,2,5,1,1,3,6,4
2026-03-14,2025021055,20252026,linesman,Shandor Alphonso,VAN,SEA,3,2,5,1,1,3,6,4
2026-03-14,2025021055,20252026,linesman,Kiel Murchison,VAN,SEA,3,2,5,1,1,3,6,4
2026-03-14,2025021056,20252026,referee,Wes McCauley,VGK,CHI,6,7,13,5,4,4,12,14
2026-03-14,2025021056,20252026,referee,Chris Rooney,VGK,CHI,6,7,13,5,4,4,12,14
2026-03-14,2025021056,20252026,linesman,Steve Barton,VGK,CHI,6,7,13,5,4,4,12,14
2026-03-14,2025021056,20252026,linesman,Brad Kovachik,VGK,CHI,6,7,13,5,4,4,12,14
2026-03-15,2025021057,20252026,referee,Corey Syvret,WPG,STL,1,3,4,2,2,0,2,6
2026-03-15,2025021057,20252026,referee,Brandon Blandina,WPG,STL,1,3,4,2,2,0,2,6
2026-03-15,2025021057,20252026,linesman,Jonathan Deschamps,WPG,STL,1,3,4,2,2,0,2,6
2026-03-15,2025021057,20252026,linesman,Tyson Baker,WPG,STL,1,3,4,2,2,0,2,6
2026-03-15,2025021058,20252026,referee,Furman South,OTT,SJS,2,3,5,3,2,0,4,6
2026-03-15,2025021058,20252026,referee,Kendrick Nicholson,OTT,SJS,2,3,5,3,2,0,4,6
2026-03-15,2025021058,20252026,linesman,Kyle Flemington,OTT,SJS,2,3,5,3,2,0,4,6
2026-03-15,2025021058,20252026,linesman,Brandon Grillo,OTT,SJS,2,3,5,3,2,0,4,6
2026-03-15,2025021059,20252026,referee,Francis Charron,MTL,ANA,2,5,7,2,1,4,4,10
2026-03-15,2025021059,20252026,referee,Frederick L'Ecuyer,MTL,ANA,2,5,7,2,1,4,4,10
2026-03-15,2025021059,20252026,linesman,Julien Fournier,MTL,ANA,2,5,7,2,1,4,4,10
2026-03-15,2025021059,20252026,linesman,Jesse Marquis,MTL,ANA,2,5,7,2,1,4,4,10
2026-03-15,2025021060,20252026,referee,Tom Chmielewski,MIN,TOR,3,4,7,0,6,1,6,8
2026-03-15,2025021060,20252026,referee,Chris Lee,MIN,TOR,3,4,7,0,6,1,6,8
2026-03-15,2025021060,20252026,linesman,Brandon Schrader,MIN,TOR,3,4,7,0,6,1,6,8
2026-03-15,2025021060,20252026,linesman,Joe Mahon,MIN,TOR,3,4,7,0,6,1,6,8
2026-03-15,2025021061,20252026,referee,Chris Schlenker,EDM,NSH,4,4,8,4,3,1,8,8
2026-03-15,2025021061,20252026,referee,Cody Beach,EDM,NSH,4,4,8,4,3,1,8,8
2026-03-15,2025021061,20252026,linesman,Shandor Alphonso,EDM,NSH,4,4,8,4,3,1,8,8
2026-03-15,2025021061,20252026,linesman,Caleb Apperson,EDM,NSH,4,4,8,4,3,1,8,8
2026-03-15,2025021062,20252026,referee,Kyle Rehman,SEA,FLA,4,4,8,1,3,4,8,8
2026-03-15,2025021062,20252026,referee,Carter Sandlak,SEA,FLA,4,4,8,1,3,4,8,8
2026-03-15,2025021062,20252026,linesman,Bevan Mills,SEA,FLA,4,4,8,1,3,4,8,8
2026-03-15,2025021062,20252026,linesman,Trent Knorr,SEA,FLA,4,4,8,1,3,4,8,8
2026-03-16,2025021063,20252026,referee,Jean Hebert,DET,CGY,4,6,10,2,6,2,8,12
2026-03-16,2025021063,20252026,referee,Justin Kea,DET,CGY,4,6,10,2,6,2,8,12
2026-03-16,2025021063,20252026,linesman,Scott Cherrey,DET,CGY,4,6,10,2,6,2,8,12
2026-03-16,2025021063,20252026,linesman,Andrew Smith,DET,CGY,4,6,10,2,6,2,8,12
2026-03-16,2025021064,20252026,referee,Garrett Rank,NJD,BOS,5,4,9,0,1,8,10,8
2026-03-16,2025021064,20252026,referee,Mitch Dunning,NJD,BOS,5,4,9,0,1,8,10,8
2026-03-16,2025021064,20252026,linesman,David Brisebois,NJD,BOS,5,4,9,0,1,8,10,8
2026-03-16,2025021064,20252026,linesman,Dan Kelly,NJD,BOS,5,4,9,0,1,8,10,8
2026-03-16,2025021065,20252026,referee,Wes McCauley,NYR,LAK,2,2,4,1,2,1,4,4
2026-03-16,2025021065,20252026,referee,Jake Brenk,NYR,LAK,2,2,4,1,2,1,4,4
2026-03-16,2025021065,20252026,linesman,Libor Suchanek,NYR,LAK,2,2,4,1,2,1,4,4
2026-03-16,2025021065,20252026,linesman,Jonny Murray,NYR,LAK,2,2,4,1,2,1,4,4
2026-03-16,2025021066,20252026,referee,Pierre Lambert,DAL,UTA,3,3,6,1,2,3,6,6
2026-03-16,2025021066,20252026,referee,Peter MacDougall,DAL,UTA,3,3,6,1,2,3,6,6
2026-03-16,2025021066,20252026,linesman,Brad Kovachik,DAL,UTA,3,3,6,1,2,3,6,6
2026-03-16,2025021066,20252026,linesman,Devin Berg,DAL,UTA,3,3,6,1,2,3,6,6
2026-03-16,2025021067,20252026,referee,Chris Rooney,COL,PIT,4,5,9,3,4,2,8,10
2026-03-16,2025021067,20252026,referee,Trevor Hanson,COL,PIT,4,5,9,3,4,2,8,10
2026-03-16,2025021067,20252026,linesman,Ryan Gibbons,COL,PIT,4,5,9,3,4,2,8,10
2026-03-16,2025021067,20252026,linesman,Travis Toomey,COL,PIT,4,5,9,3,4,2,8,10
2026-03-17,2025021068,20252026,referee,Francis Charron,TOR,NYI,6,3,9,3,4,2,12,6
2026-03-17,2025021068,20252026,referee,Michael Markovic,TOR,NYI,6,3,9,3,4,2,12,6
2026-03-17,2025021068,20252026,linesman,Scott Cherrey,TOR,NYI,6,3,9,3,4,2,12,6
2026-03-17,2025021068,20252026,linesman,Steve Barton,TOR,NYI,6,3,9,3,4,2,12,6
2026-03-17,2025021069,20252026,referee,Wes McCauley,MTL,BOS,4,1,5,3,2,0,8,2
2026-03-17,2025021069,20252026,referee,Furman South,MTL,BOS,4,1,5,3,2,0,8,2
2026-03-17,2025021069,20252026,linesman,Brandon Grillo,MTL,BOS,4,1,5,3,2,0,8,2
2026-03-17,2025021069,20252026,linesman,Jesse Marquis,MTL,BOS,4,1,5,3,2,0,8,2
2026-03-17,2025021070,20252026,referee,Jean Hebert,CBJ,CAR,2,6,8,3,2,3,4,12
2026-03-17,2025021070,20252026,referee,Brandon Blandina,CBJ,CAR,2,6,8,3,2,3,4,12
2026-03-17,2025021070,20252026,linesman,Andrew Smith,CBJ,CAR,2,6,8,3,2,3,4,12
2026-03-17,2025021070,20252026,linesman,CJ Murray,CBJ,CAR,2,6,8,3,2,3,4,12
2026-03-17,2025021072,20252026,referee,Pierre Lambert,CHI,MIN,1,2,3,2,1,0,2,4
2026-03-17,2025021072,20252026,referee,Peter MacDougall,CHI,MIN,1,2,3,2,1,0,2,4
2026-03-17,2025021072,20252026,linesman,Devin Berg,CHI,MIN,1,2,3,2,1,0,2,4
2026-03-17,2025021072,20252026,linesman,Kilian McNamara,CHI,MIN,1,2,3,2,1,0,2,4
2026-03-17,2025021071,20252026,referee,Brandon Schrader,WPG,NSH,1,4,5,2,2,1,2,8
2026-03-17,2025021071,20252026,linesman,Caleb Apperson,WPG,NSH,1,4,5,2,2,1,2,8
2026-03-17,2025021071,20252026,linesman,Jonathan Deschamps,WPG,NSH,1,4,5,2,2,1,2,8
2026-03-17,2025021073,20252026,referee,Eric Furlatt,EDM,SJS,1,4,5,3,0,2,2,8
2026-03-17,2025021073,20252026,referee,Morgan MacPhee,EDM,SJS,1,4,5,3,0,2,2,8
2026-03-17,2025021073,20252026,linesman,Shandor Alphonso,EDM,SJS,1,4,5,3,0,2,2,8
2026-03-17,2025021073,20252026,linesman,Julien Fournier,EDM,SJS,1,4,5,3,0,2,2,8
2026-03-17,2025021074,20252026,referee,Chris Schlenker,VAN,FLA,2,4,6,3,0,3,4,8
2026-03-17,2025021074,20252026,referee,Tom Chmielewski,VAN,FLA,2,4,6,3,0,3,4,8
2026-03-17,2025021074,20252026,linesman,Bevan Mills,VAN,FLA,2,4,6,3,0,3,4,8
2026-03-17,2025021074,20252026,linesman,Kiel Murchison,VAN,FLA,2,4,6,3,0,3,4,8
2026-03-17,2025021075,20252026,referee,Kyle Rehman,VGK,BUF,3,4,7,2,2,3,6,8
2026-03-17,2025021075,20252026,referee,Beau Halkidis,VGK,BUF,3,4,7,2,2,3,6,8
2026-03-17,2025021075,20252026,linesman,Trent Knorr,VGK,BUF,3,4,7,2,2,3,6,8
2026-03-17,2025021075,20252026,linesman,Joe Mahon,VGK,BUF,3,4,7,2,2,3,6,8
2026-03-17,2025021076,20252026,referee,Graham Skilliter,SEA,TBL,3,3,6,3,2,1,6,6
2026-03-17,2025021076,20252026,referee,Jordan Samuels-Thomas,SEA,TBL,3,3,6,3,2,1,6,6
2026-03-17,2025021076,20252026,linesman,Brandon Gawryletz,SEA,TBL,3,3,6,3,2,1,6,6
2026-03-17,2025021076,20252026,linesman,Travis Gawryletz,SEA,TBL,3,3,6,3,2,1,6,6
2026-03-18,2025021077,20252026,referee,Francois St-Laurent,NYR,NJD,4,2,6,1,4,1,8,4
2026-03-18,2025021077,20252026,referee,Thomas John Luxmore,NYR,NJD,4,2,6,1,4,1,8,4
2026-03-18,2025021077,20252026,linesman,Kyle Flemington,NYR,NJD,4,2,6,1,4,1,8,4
2026-03-18,2025021077,20252026,linesman,Brad Kovachik,NYR,NJD,4,2,6,1,4,1,8,4
2026-03-18,2025021078,20252026,referee,Garrett Rank,CAR,PIT,5,3,8,1,5,2,10,6
2026-03-18,2025021078,20252026,referee,Frederick L'Ecuyer,CAR,PIT,5,3,8,1,5,2,10,6
2026-03-18,2025021078,20252026,linesman,Jonny Murray,CAR,PIT,5,3,8,1,5,2,10,6
2026-03-18,2025021078,20252026,linesman,Dan Kelly,CAR,PIT,5,3,8,1,5,2,10,6
2026-03-18,2025021079,20252026,referee,Jake Brenk,WSH,OTT,3,2,5,1,1,3,6,4
2026-03-18,2025021079,20252026,referee,Justin Kea,WSH,OTT,3,2,5,1,1,3,6,4
2026-03-18,2025021079,20252026,linesman,Libor Suchanek,WSH,OTT,3,2,5,1,1,3,6,4
2026-03-18,2025021079,20252026,linesman,Tommy Hughes,WSH,OTT,3,2,5,1,1,3,6,4
2026-03-18,2025021080,20252026,referee,Chris Rooney,COL,DAL,3,3,6,2,2,2,6,6
2026-03-18,2025021080,20252026,referee,Brian Pochmara,COL,DAL,3,3,6,2,2,2,6,6
2026-03-18,2025021080,20252026,linesman,Trent Knorr,COL,DAL,3,3,6,2,2,2,6,6
2026-03-18,2025021080,20252026,linesman,Devin Berg,COL,DAL,3,3,6,2,2,2,6,6
2026-03-18,2025021081,20252026,referee,Eric Furlatt,CGY,STL,5,6,11,1,8,2,10,12
2026-03-18,2025021081,20252026,referee,Mike Sullivan,CGY,STL,5,6,11,1,8,2,10,12
2026-03-18,2025021081,20252026,linesman,Shandor Alphonso,CGY,STL,5,6,11,1,8,2,10,12
2026-03-18,2025021081,20252026,linesman,Mark Shewchyk,CGY,STL,5,6,11,1,8,2,10,12
2026-03-18,2025021082,20252026,referee,Cody Beach,ANA,PHI,5,5,10,5,5,0,10,10
2026-03-18,2025021082,20252026,referee,Corey Syvret,ANA,PHI,5,5,10,5,5,0,10,10
2026-03-18,2025021082,20252026,linesman,Ryan Gibbons,ANA,PHI,5,5,10,5,5,0,10,10
2026-03-18,2025021082,20252026,linesman,Travis Toomey,ANA,PHI,5,5,10,5,5,0,10,10
2026-03-19,2025021083,20252026,referee,Jake Brenk,BOS,WPG,4,1,5,3,0,2,8,2
2026-03-19,2025021083,20252026,referee,Justin Kea,BOS,WPG,4,1,5,3,0,2,8,2
2026-03-19,2025021083,20252026,linesman,Kyle Flemington,BOS,WPG,4,1,5,3,0,2,8,2
2026-03-19,2025021083,20252026,linesman,Jesse Marquis,BOS,WPG,4,1,5,3,0,2,8,2
2026-03-19,2025021084,20252026,referee,Wes McCauley,OTT,NYI,4,2,6,2,4,0,8,4
2026-03-19,2025021084,20252026,referee,Furman South,OTT,NYI,4,2,6,2,4,0,8,4
2026-03-19,2025021084,20252026,linesman,Ryan Daisy,OTT,NYI,4,2,6,2,4,0,8,4
2026-03-19,2025021084,20252026,linesman,Matt MacPherson,OTT,NYI,4,2,6,2,4,0,8,4
2026-03-19,2025021085,20252026,referee,Kelly Sutherland,DET,MTL,4,4,8,3,3,2,8,8
2026-03-19,2025021085,20252026,referee,Thomas John Luxmore,DET,MTL,4,4,8,3,3,2,8,8
2026-03-19,2025021085,20252026,linesman,CJ Murray,DET,MTL,4,4,8,3,3,2,8,8
2026-03-19,2025021085,20252026,linesman,Tyson Baker,DET,MTL,4,4,8,3,3,2,8,8
2026-03-19,2025021086,20252026,referee,Francois St-Laurent,CBJ,NYR,6,5,11,3,4,4,12,10
2026-03-19,2025021086,20252026,referee,Carter Sandlak,CBJ,NYR,6,5,11,3,4,4,12,10
2026-03-19,2025021086,20252026,linesman,Andrew Smith,CBJ,NYR,6,5,11,3,4,4,12,10
2026-03-19,2025021086,20252026,linesman,James Tobias,CBJ,NYR,6,5,11,3,4,4,12,10
2026-03-19,2025021088,20252026,referee,Michael Markovic,MIN,CHI,9,9,18,5,6,7,18,18
2026-03-19,2025021088,20252026,referee,Peter MacDougall,MIN,CHI,9,9,18,5,6,7,18,18
2026-03-19,2025021088,20252026,linesman,Bevan Mills,MIN,CHI,9,9,18,5,6,7,18,18
2026-03-19,2025021088,20252026,linesman,Dylan Blujus,MIN,CHI,9,9,18,5,6,7,18,18
2026-03-19,2025021087,20252026,referee,Jon McIsaac,NSH,SEA,3,4,7,1,3,3,6,8
2026-03-19,2025021087,20252026,referee,Jean Hebert,NSH,SEA,3,4,7,1,3,3,6,8
2026-03-19,2025021087,20252026,linesman,Brad Kovachik,NSH,SEA,3,4,7,1,3,3,6,8
2026-03-19,2025021087,20252026,linesman,Kilian McNamara,NSH,SEA,3,4,7,1,3,3,6,8
2026-03-19,2025021089,20252026,referee,Eric Furlatt,EDM,FLA,2,2,4,1,3,0,4,4
2026-03-19,2025021089,20252026,referee,Kendrick Nicholson,EDM,FLA,2,2,4,1,3,0,4,4
2026-03-19,2025021089,20252026,linesman,Julien Fournier,EDM,FLA,2,2,4,1,3,0,4,4
2026-03-19,2025021089,20252026,linesman,Jonathan Deschamps,EDM,FLA,2,2,4,1,3,0,4,4
2026-03-19,2025021090,20252026,referee,Graham Skilliter,VAN,TBL,1,2,3,1,1,1,2,4
2026-03-19,2025021090,20252026,referee,Jordan Samuels-Thomas,VAN,TBL,1,2,3,1,1,1,2,4
2026-03-19,2025021090,20252026,linesman,Brandon Gawryletz,VAN,TBL,1,2,3,1,1,1,2,4
2026-03-19,2025021090,20252026,linesman,Caleb Apperson,VAN,TBL,1,2,3,1,1,1,2,4
2026-03-19,2025021091,20252026,referee,Brian Pochmara,VGK,UTA,2,2,4,1,0,3,4,4
2026-03-19,2025021091,20252026,referee,Brandon Schrader,VGK,UTA,2,2,4,1,0,3,4,4
2026-03-19,2025021091,20252026,linesman,Trent Knorr,VGK,UTA,2,2,4,1,0,3,4,4
2026-03-19,2025021091,20252026,linesman,Travis Toomey,VGK,UTA,2,2,4,1,0,3,4,4
2026-03-19,2025021092,20252026,referee,Tom Chmielewski,SJS,BUF,2,2,4,2,1,1,4,4
2026-03-19,2025021092,20252026,referee,Corey Syvret,SJS,BUF,2,2,4,2,1,1,4,4
2026-03-19,2025021092,20252026,linesman,Travis Gawryletz,SJS,BUF,2,2,4,2,1,1,4,4
2026-03-19,2025021092,20252026,linesman,Kiel Murchison,SJS,BUF,2,2,4,2,1,1,4,4
2026-03-19,2025021093,20252026,referee,Cody Beach,LAK,PHI,2,4,6,1,3,2,4,8
2026-03-19,2025021093,20252026,referee,Gord Dwyer,LAK,PHI,2,4,6,1,3,2,4,8
2026-03-19,2025021093,20252026,linesman,Ryan Gibbons,LAK,PHI,2,4,6,1,3,2,4,8
2026-03-19,2025021093,20252026,linesman,Shawn Oliver,LAK,PHI,2,4,6,1,3,2,4,8
2026-03-20,2025021094,20252026,referee,Wes McCauley,TOR,CAR,5,2,7,3,3,1,10,4
2026-03-20,2025021094,20252026,referee,Pierre Lambert,TOR,CAR,5,2,7,3,3,1,10,4
2026-03-20,2025021094,20252026,linesman,Matt MacPherson,TOR,CAR,5,2,7,3,3,1,10,4
2026-03-20,2025021094,20252026,linesman,David Brisebois,TOR,CAR,5,2,7,3,3,1,10,4
2026-03-20,2025021095,20252026,referee,Francis Charron,WSH,NJD,2,1,3,0,2,1,4,2
2026-03-20,2025021095,20252026,referee,Justin Kea,WSH,NJD,2,1,3,0,2,1,4,2
2026-03-20,2025021095,20252026,linesman,Steve Barton,WSH,NJD,2,1,3,0,2,1,4,2
2026-03-20,2025021095,20252026,linesman,Tommy Hughes,WSH,NJD,2,1,3,0,2,1,4,2
2026-03-20,2025021096,20252026,referee,Jon McIsaac,CHI,COL,5,3,8,2,1,5,10,6
2026-03-20,2025021096,20252026,referee,Morgan MacPhee,CHI,COL,5,3,8,2,1,5,10,6
2026-03-20,2025021096,20252026,linesman,Bevan Mills,CHI,COL,5,3,8,2,1,5,10,6
2026-03-20,2025021096,20252026,linesman,Libor Suchanek,CHI,COL,5,3,8,2,1,5,10,6
2026-03-20,2025021097,20252026,referee,Chris Schlenker,CGY,FLA,3,5,8,1,2,5,6,10
2026-03-20,2025021097,20252026,referee,Kendrick Nicholson,CGY,FLA,3,5,8,1,2,5,6,10
2026-03-20,2025021097,20252026,linesman,Jonathan Deschamps,CGY,FLA,3,5,8,1,2,5,6,10
2026-03-20,2025021097,20252026,linesman,Mark Shewchyk,CGY,FLA,3,5,8,1,2,5,6,10
2026-03-20,2025021098,20252026,referee,Kyle Rehman,UTA,ANA,6,4,10,3,2,5,12,8
2026-03-20,2025021098,20252026,referee,Gord Dwyer,UTA,ANA,6,4,10,3,2,5,12,8
2026-03-20,2025021098,20252026,linesman,Shawn Oliver,UTA,ANA,6,4,10,3,2,5,12,8
2026-03-20,2025021098,20252026,linesman,Kiel Murchison,UTA,ANA,6,4,10,3,2,5,12,8
2026-03-21,2025021099,20252026,referee,Kelly Sutherland,PIT,WPG,1,1,2,1,1,0,2,2
2026-03-21,2025021099,20252026,referee,Carter Sandlak,PIT,WPG,1,1,2,1,1,0,2,2
2026-03-21,2025021099,20252026,linesman,Kyle Flemington,PIT,WPG,1,1,2,1,1,0,2,2
2026-03-21,2025021099,20252026,linesman,James Tobias,PIT,WPG,1,1,2,1,1,0,2,2
2026-03-21,2025021100,20252026,referee,Thomas John Luxmore,NSH,VGK,6,6,12,1,10,1,12,12
2026-03-21,2025021100,20252026,referee,Chris Lee,NSH,VGK,6,6,12,1,10,1,12,12
2026-03-21,2025021100,20252026,linesman,Scott Cherrey,NSH,VGK,6,6,12,1,10,1,12,12
2026-03-21,2025021100,20252026,linesman,Brad Kovachik,NSH,VGK,6,6,12,1,10,1,12,12
2026-03-21,2025021101,20252026,referee,Francois St-Laurent,MIN,DAL,6,3,9,4,2,3,12,6
2026-03-21,2025021101,20252026,referee,Mike Sullivan,MIN,DAL,6,3,9,4,2,3,12,6
2026-03-21,2025021101,20252026,linesman,Julien Fournier,MIN,DAL,6,3,9,4,2,3,12,6
2026-03-21,2025021101,20252026,linesman,Kilian McNamara,MIN,DAL,6,3,9,4,2,3,12,6
2026-03-21,2025021102,20252026,referee,Cody Beach,LAK,BUF,1,3,4,1,2,1,2,6
2026-03-21,2025021102,20252026,referee,Trevor Hanson,LAK,BUF,1,3,4,1,2,1,2,6
2026-03-21,2025021102,20252026,linesman,Ryan Gibbons,LAK,BUF,1,3,4,1,2,1,2,6
2026-03-21,2025021102,20252026,linesman,Brandon Gawryletz,LAK,BUF,1,3,4,1,2,1,2,6
2026-03-21,2025021103,20252026,referee,Brian Pochmara,SJS,PHI,5,4,9,3,3,3,10,8
2026-03-21,2025021103,20252026,referee,Brandon Schrader,SJS,PHI,5,4,9,3,3,3,10,8
2026-03-21,2025021103,20252026,linesman,Travis Gawryletz,SJS,PHI,5,4,9,3,3,3,10,8
2026-03-21,2025021103,20252026,linesman,Travis Toomey,SJS,PHI,5,4,9,3,3,3,10,8
2026-03-21,2025021104,20252026,referee,Furman South,CBJ,SEA,1,3,4,1,3,0,2,6
2026-03-21,2025021104,20252026,referee,Michael Markovic,CBJ,SEA,1,3,4,1,3,0,2,6
2026-03-21,2025021104,20252026,linesman,Libor Suchanek,CBJ,SEA,1,3,4,1,3,0,2,6
2026-03-21,2025021104,20252026,linesman,Jesse Marquis,CBJ,SEA,1,3,4,1,3,0,2,6
2026-03-21,2025021105,20252026,referee,Chris Rooney,MTL,NYI,4,5,9,3,3,3,8,10
2026-03-21,2025021105,20252026,referee,Peter MacDougall,MTL,NYI,4,5,9,3,3,3,8,10
2026-03-21,2025021105,20252026,linesman,Ryan Daisy,MTL,NYI,4,5,9,3,3,3,8,10
2026-03-21,2025021105,20252026,linesman,Matt MacPherson,MTL,NYI,4,5,9,3,3,3,8,10
2026-03-21,2025021106,20252026,referee,Garrett Rank,OTT,TOR,4,5,9,5,3,1,8,10
2026-03-21,2025021106,20252026,referee,Pierre Lambert,OTT,TOR,4,5,9,5,3,1,8,10
2026-03-21,2025021106,20252026,linesman,David Brisebois,OTT,TOR,4,5,9,5,3,1,8,10
2026-03-21,2025021106,20252026,linesman,Jeremy Faucher,OTT,TOR,4,5,9,5,3,1,8,10
2026-03-21,2025021107,20252026,referee,Eric Furlatt,VAN,STL,3,2,5,2,1,2,6,4
2026-03-21,2025021107,20252026,referee,Jordan Samuels-Thomas,VAN,STL,3,2,5,2,1,2,6,4
2026-03-21,2025021107,20252026,linesman,Trent Knorr,VAN,STL,3,2,5,2,1,2,6,4
2026-03-21,2025021107,20252026,linesman,Caleb Apperson,VAN,STL,3,2,5,2,1,2,6,4
2026-03-21,2025021108,20252026,referee,Graham Skilliter,DET,BOS,3,4,7,3,3,1,6,8
2026-03-21,2025021108,20252026,referee,Brandon Blandina,DET,BOS,3,4,7,3,3,1,6,8
2026-03-21,2025021108,20252026,linesman,Shandor Alphonso,DET,BOS,3,4,7,3,3,1,6,8
2026-03-21,2025021108,20252026,linesman,Devin Berg,DET,BOS,3,4,7,3,3,1,6,8
2026-03-21,2025021109,20252026,referee,Mitch Dunning,EDM,TBL,4,4,8,0,6,2,8,8
2026-03-21,2025021109,20252026,referee,Corey Syvret,EDM,TBL,4,4,8,0,6,2,8,8
2026-03-21,2025021109,20252026,linesman,Jonathan Deschamps,EDM,TBL,4,4,8,0,6,2,8,8
2026-03-21,2025021109,20252026,linesman,Dan Kelly,EDM,TBL,4,4,8,0,6,2,8,8
2026-03-22,2025021110,20252026,referee,Francis Charron,NYR,WPG,3,2,5,1,3,1,6,4
2026-03-22,2025021110,20252026,referee,Stephen Hiff,NYR,WPG,3,2,5,1,3,1,6,4
2026-03-22,2025021110,20252026,linesman,Steve Barton,NYR,WPG,3,2,5,1,3,1,6,4
2026-03-22,2025021110,20252026,linesman,CJ Murray,NYR,WPG,3,2,5,1,3,1,6,4
2026-03-22,2025021111,20252026,referee,Jake Brenk,WSH,COL,2,5,7,3,2,2,4,10
2026-03-22,2025021111,20252026,referee,Beau Halkidis,WSH,COL,2,5,7,3,2,2,4,10
2026-03-22,2025021111,20252026,linesman,Tommy Hughes,WSH,COL,2,5,7,3,2,2,4,10
2026-03-22,2025021111,20252026,linesman,Tyson Baker,WSH,COL,2,5,7,3,2,2,4,10
2026-03-22,2025021112,20252026,referee,Kelly Sutherland,PIT,CAR,7,4,11,1,5,5,14,8
2026-03-22,2025021112,20252026,referee,Justin Kea,PIT,CAR,7,4,11,1,5,5,14,8
2026-03-22,2025021112,20252026,linesman,Kyle Flemington,PIT,CAR,7,4,11,1,5,5,14,8
2026-03-22,2025021112,20252026,linesman,James Tobias,PIT,CAR,7,4,11,1,5,5,14,8
2026-03-22,2025021113,20252026,referee,Tom Chmielewski,CHI,NSH,3,3,6,1,2,3,6,6
2026-03-22,2025021113,20252026,referee,Thomas John Luxmore,CHI,NSH,3,3,6,1,2,3,6,6
2026-03-22,2025021113,20252026,linesman,Scott Cherrey,CHI,NSH,3,3,6,1,2,3,6,6
2026-03-22,2025021113,20252026,linesman,Dylan Blujus,CHI,NSH,3,3,6,1,2,3,6,6
2026-03-22,2025021114,20252026,referee,Frederick L'Ecuyer,NYI,CBJ,0,3,3,1,1,1,0,6
2026-03-22,2025021114,20252026,referee,Carter Sandlak,NYI,CBJ,0,3,3,1,1,1,0,6
2026-03-22,2025021114,20252026,linesman,Libor Suchanek,NYI,CBJ,0,3,3,1,1,1,0,6
2026-03-22,2025021114,20252026,linesman,Jonny Murray,NYI,CBJ,0,3,3,1,1,1,0,6
2026-03-22,2025021115,20252026,referee,Jon McIsaac,DAL,VGK,4,3,7,1,6,0,8,6
2026-03-22,2025021115,20252026,referee,Chris Lee,DAL,VGK,4,3,7,1,6,0,8,6
2026-03-22,2025021115,20252026,linesman,Brandon Grillo,DAL,VGK,4,3,7,1,6,0,8,6
2026-03-22,2025021115,20252026,linesman,Kilian McNamara,DAL,VGK,4,3,7,1,6,0,8,6
2026-03-22,2025021116,20252026,referee,Mitch Dunning,CGY,TBL,1,0,1,1,0,0,2,0
2026-03-22,2025021116,20252026,referee,Corey Syvret,CGY,TBL,1,0,1,1,0,0,2,0
2026-03-22,2025021116,20252026,linesman,Caleb Apperson,CGY,TBL,1,0,1,1,0,0,2,0
2026-03-22,2025021116,20252026,linesman,Dan Kelly,CGY,TBL,1,0,1,1,0,0,2,0
2026-03-22,2025021117,20252026,referee,Cody Beach,ANA,BUF,3,4,7,3,2,2,6,8
2026-03-22,2025021117,20252026,referee,Trevor Hanson,ANA,BUF,3,4,7,3,2,2,6,8
2026-03-22,2025021117,20252026,linesman,Ryan Gibbons,ANA,BUF,3,4,7,3,2,2,6,8
2026-03-22,2025021117,20252026,linesman,Brandon Gawryletz,ANA,BUF,3,4,7,3,2,2,6,8
2026-03-22,2025021118,20252026,referee,Chris Schlenker,UTA,LAK,1,1,2,0,0,2,2,2
2026-03-22,2025021118,20252026,referee,Gord Dwyer,UTA,LAK,1,1,2,0,0,2,2,2
2026-03-22,2025021118,20252026,linesman,Travis Gawryletz,UTA,LAK,1,1,2,0,0,2,2,2
2026-03-22,2025021118,20252026,linesman,Travis Toomey,UTA,LAK,1,1,2,0,0,2,2,2
2026-03-23,2025021119,20252026,referee,Graham Skilliter,NYR,OTT,8,4,12,3,5,4,16,8
2026-03-23,2025021119,20252026,referee,Carter Sandlak,NYR,OTT,8,4,12,3,5,4,16,8
2026-03-23,2025021119,20252026,linesman,CJ Murray,NYR,OTT,8,4,12,3,5,4,16,8
2026-03-23,2025021119,20252026,linesman,Tyson Baker,NYR,OTT,8,4,12,3,5,4,16,8
2026-03-24,2025021120,20252026,referee,Chris Rooney,BOS,TOR,3,6,9,2,5,2,6,12
2026-03-24,2025021120,20252026,referee,Stephen Hiff,BOS,TOR,3,6,9,2,5,2,6,12
2026-03-24,2025021120,20252026,linesman,CJ Murray,BOS,TOR,3,6,9,2,5,2,6,12
2026-03-24,2025021120,20252026,linesman,Jonny Murray,BOS,TOR,3,6,9,2,5,2,6,12
2026-03-24,2025021121,20252026,referee,Jake Brenk,MTL,CAR,3,4,7,2,4,1,6,8
2026-03-24,2025021121,20252026,referee,Kendrick Nicholson,MTL,CAR,3,4,7,2,4,1,6,8
2026-03-24,2025021121,20252026,linesman,Jonathan Deschamps,MTL,CAR,3,4,7,2,4,1,6,8
2026-03-24,2025021121,20252026,linesman,Ryan Daisy,MTL,CAR,3,4,7,2,4,1,6,8
2026-03-24,2025021122,20252026,referee,Francis Charron,DET,OTT,3,5,8,4,0,4,6,10
2026-03-24,2025021122,20252026,referee,Eric Furlatt,DET,OTT,3,5,8,4,0,4,6,10
2026-03-24,2025021122,20252026,linesman,Kyle Flemington,DET,OTT,3,5,8,4,0,4,6,10
2026-03-24,2025021122,20252026,linesman,James Tobias,DET,OTT,3,5,8,4,0,4,6,10
2026-03-24,2025021123,20252026,referee,Thomas John Luxmore,FLA,SEA,1,1,2,1,1,0,2,2
2026-03-24,2025021123,20252026,referee,Chris Lee,FLA,SEA,1,1,2,1,1,0,2,2
2026-03-24,2025021123,20252026,linesman,Shandor Alphonso,FLA,SEA,1,1,2,1,1,0,2,2
2026-03-24,2025021123,20252026,linesman,Julien Fournier,FLA,SEA,1,1,2,1,1,0,2,2
2026-03-24,2025021124,20252026,referee,Graham Skilliter,NYI,CHI,2,2,4,1,2,1,4,4
2026-03-24,2025021124,20252026,referee,Beau Halkidis,NYI,CHI,2,2,4,1,2,1,4,4
2026-03-24,2025021124,20252026,linesman,Jesse Marquis,NYI,CHI,2,2,4,1,2,1,4,4
2026-03-24,2025021124,20252026,linesman,Tyson Baker,NYI,CHI,2,2,4,1,2,1,4,4
2026-03-24,2025021125,20252026,referee,Frederick L'Ecuyer,PHI,CBJ,3,2,5,1,3,1,6,4
2026-03-24,2025021125,20252026,referee,Liam Maaskant,PHI,CBJ,3,2,5,1,3,1,6,4
2026-03-24,2025021125,20252026,linesman,Libor Suchanek,PHI,CBJ,3,2,5,1,3,1,6,4
2026-03-24,2025021125,20252026,linesman,Tommy Hughes,PHI,CBJ,3,2,5,1,3,1,6,4
2026-03-24,2025021126,20252026,referee,Kyle Rehman,PIT,COL,4,5,9,1,2,6,8,10
2026-03-24,2025021126,20252026,referee,Jordan Samuels-Thomas,PIT,COL,4,5,9,1,2,6,8,10
2026-03-24,2025021126,20252026,linesman,Matt MacPherson,PIT,COL,4,5,9,1,2,6,8,10
2026-03-24,2025021126,20252026,linesman,Jeremy Faucher,PIT,COL,4,5,9,1,2,6,8,10
2026-03-24,2025021127,20252026,referee,Jon McIsaac,TBL,MIN,5,5,10,5,4,1,10,10
2026-03-24,2025021127,20252026,referee,Kelly Sutherland,TBL,MIN,5,5,10,5,4,1,10,10
2026-03-24,2025021127,20252026,linesman,Brad Kovachik,TBL,MIN,5,5,10,5,4,1,10,10
2026-03-24,2025021127,20252026,linesman,Kiel Murchison,TBL,MIN,5,5,10,5,4,1,10,10
2026-03-24,2025021128,20252026,referee,Tom Chmielewski,STL,WSH,6,4,10,3,5,2,12,8
2026-03-24,2025021128,20252026,referee,Brandon Blandina,STL,WSH,6,4,10,3,5,2,12,8
2026-03-24,2025021128,20252026,linesman,Dylan Blujus,STL,WSH,6,4,10,3,5,2,12,8
2026-03-24,2025021128,20252026,linesman,David Brisebois,STL,WSH,6,4,10,3,5,2,12,8
2026-03-24,2025021129,20252026,referee,Wes McCauley,NSH,SJS,4,2,6,1,4,1,8,4
2026-03-24,2025021129,20252026,referee,Michael Markovic,NSH,SJS,4,2,6,1,4,1,8,4
2026-03-24,2025021129,20252026,linesman,Andrew Smith,NSH,SJS,4,2,6,1,4,1,8,4
2026-03-24,2025021129,20252026,linesman,Mark Shewchyk,NSH,SJS,4,2,6,1,4,1,8,4
2026-03-24,2025021130,20252026,referee,Chris Schlenker,DAL,NJD,3,4,7,2,4,1,6,8
2026-03-24,2025021130,20252026,referee,Garrett Rank,DAL,NJD,3,4,7,2,4,1,6,8
2026-03-24,2025021130,20252026,linesman,Brandon Gawryletz,DAL,NJD,3,4,7,2,4,1,6,8
2026-03-24,2025021130,20252026,linesman,Brandon Grillo,DAL,NJD,3,4,7,2,4,1,6,8
2026-03-24,2025021131,20252026,referee,Pierre Lambert,WPG,VGK,4,4,8,1,4,3,8,8
2026-03-24,2025021131,20252026,referee,Mike Sullivan,WPG,VGK,4,4,8,1,4,3,8,8
2026-03-24,2025021131,20252026,linesman,Trent Knorr,WPG,VGK,4,4,8,1,4,3,8,8
2026-03-24,2025021131,20252026,linesman,Devin Berg,WPG,VGK,4,4,8,1,4,3,8,8
2026-03-24,2025021133,20252026,referee,Mitch Dunning,CGY,LAK,2,3,5,2,1,2,4,6
2026-03-24,2025021133,20252026,referee,Corey Syvret,CGY,LAK,2,3,5,2,1,2,4,6
2026-03-24,2025021133,20252026,linesman,Bevan Mills,CGY,LAK,2,3,5,2,1,2,4,6
2026-03-24,2025021133,20252026,linesman,Caleb Apperson,CGY,LAK,2,3,5,2,1,2,4,6
2026-03-24,2025021132,20252026,referee,Cody Beach,UTA,EDM,0,2,2,0,1,1,0,4
2026-03-24,2025021132,20252026,referee,Jean Hebert,UTA,EDM,0,2,2,0,1,1,0,4
2026-03-24,2025021132,20252026,linesman,Shawn Oliver,UTA,EDM,0,2,2,0,1,1,0,4
2026-03-24,2025021132,20252026,linesman,Travis Gawryletz,UTA,EDM,0,2,2,0,1,1,0,4
2026-03-24,2025021134,20252026,referee,Furman South,VAN,ANA,3,3,6,2,4,0,6,6
2026-03-24,2025021134,20252026,referee,Brandon Schrader,VAN,ANA,3,3,6,2,4,0,6,6
2026-03-24,2025021134,20252026,linesman,Travis Toomey,VAN,ANA,3,3,6,2,4,0,6,6
2026-03-24,2025021134,20252026,linesman,Dan Kelly,VAN,ANA,3,3,6,2,4,0,6,6
2026-03-25,2025021135,20252026,referee,Eric Furlatt,BUF,BOS,4,5,9,2,5,2,8,10
2026-03-25,2025021135,20252026,referee,Carter Sandlak,BUF,BOS,4,5,9,2,5,2,8,10
2026-03-25,2025021135,20252026,linesman,Scott Cherrey,BUF,BOS,4,5,9,2,5,2,8,10
2026-03-25,2025021135,20252026,linesman,James Tobias,BUF,BOS,4,5,9,2,5,2,8,10
2026-03-25,2025021136,20252026,referee,Jake Brenk,TOR,NYR,4,2,6,1,3,2,8,4
2026-03-25,2025021136,20252026,referee,Kendrick Nicholson,TOR,NYR,4,2,6,1,3,2,8,4
2026-03-25,2025021136,20252026,linesman,Jonathan Deschamps,TOR,NYR,4,2,6,1,3,2,8,4
2026-03-25,2025021136,20252026,linesman,Ryan Daisy,TOR,NYR,4,2,6,1,3,2,8,4
2026-03-26,2025021137,20252026,referee,Graham Skilliter,MTL,CBJ,2,3,5,1,3,1,4,6
2026-03-26,2025021137,20252026,referee,Jake Brenk,MTL,CBJ,2,3,5,1,3,1,4,6
2026-03-26,2025021137,20252026,linesman,Kyle Flemington,MTL,CBJ,2,3,5,1,3,1,4,6
2026-03-26,2025021137,20252026,linesman,Tyson Baker,MTL,CBJ,2,3,5,1,3,1,4,6
2026-03-26,2025021138,20252026,referee,Eric Furlatt,OTT,PIT,2,2,4,1,1,2,4,4
2026-03-26,2025021138,20252026,referee,Kendrick Nicholson,OTT,PIT,2,2,4,1,1,2,4,4
2026-03-26,2025021138,20252026,linesman,Shawn Oliver,OTT,PIT,2,2,4,1,1,2,4,4
2026-03-26,2025021138,20252026,linesman,Jonathan Deschamps,OTT,PIT,2,2,4,1,1,2,4,4
2026-03-26,2025021139,20252026,referee,Frederick L'Ecuyer,TBL,SEA,4,4,8,1,7,0,8,8
2026-03-26,2025021139,20252026,referee,Chris Lee,TBL,SEA,4,4,8,1,7,0,8,8
2026-03-26,2025021139,20252026,linesman,Steve Barton,TBL,SEA,4,4,8,1,7,0,8,8
2026-03-26,2025021139,20252026,linesman,Brad Kovachik,TBL,SEA,4,4,8,1,7,0,8,8
2026-03-26,2025021140,20252026,referee,Jon McIsaac,FLA,MIN,1,1,2,1,1,0,2,2
2026-03-26,2025021140,20252026,referee,Tom Chmielewski,FLA,MIN,1,1,2,1,1,0,2,2
2026-03-26,2025021140,20252026,linesman,Shandor Alphonso,FLA,MIN,1,1,2,1,1,0,2,2
2026-03-26,2025021140,20252026,linesman,Kiel Murchison,FLA,MIN,1,1,2,1,1,0,2,2
2026-03-26,2025021141,20252026,referee,Chris Rooney,NYI,DAL,2,3,5,1,2,2,4,6
2026-03-26,2025021141,20252026,referee,Brian Pochmara,NYI,DAL,2,3,5,1,2,2,4,6
2026-03-26,2025021141,20252026,linesman,Scott Cherrey,NYI,DAL,2,3,5,1,2,2,4,6
2026-03-26,2025021141,20252026,linesman,Libor Suchanek,NYI,DAL,2,3,5,1,2,2,4,6
2026-03-26,2025021142,20252026,referee,Kyle Rehman,PHI,CHI,3,4,7,4,2,1,6,8
2026-03-26,2025021142,20252026,referee,Jordan Samuels-Thomas,PHI,CHI,3,4,7,4,2,1,6,8
2026-03-26,2025021142,20252026,linesman,Matt MacPherson,PHI,CHI,3,4,7,4,2,1,6,8
2026-03-26,2025021142,20252026,linesman,Jesse Marquis,PHI,CHI,3,4,7,4,2,1,6,8
2026-03-26,2025021143,20252026,referee,Garrett Rank,STL,SJS,2,3,5,2,3,0,4,6
2026-03-26,2025021143,20252026,referee,Brandon Blandina,STL,SJS,2,3,5,2,3,0,4,6
2026-03-26,2025021143,20252026,linesman,Andrew Smith,STL,SJS,2,3,5,2,3,0,4,6
2026-03-26,2025021143,20252026,linesman,David Brisebois,STL,SJS,2,3,5,2,3,0,4,6
2026-03-26,2025021144,20252026,referee,Gord Dwyer,NSH,NJD,3,1,4,0,1,3,6,2
2026-03-26,2025021144,20252026,referee,Michael Markovic,NSH,NJD,3,1,4,0,1,3,6,2
2026-03-26,2025021144,20252026,linesman,Julien Fournier,NSH,NJD,3,1,4,0,1,3,6,2
2026-03-26,2025021144,20252026,linesman,Brandon Grillo,NSH,NJD,3,1,4,0,1,3,6,2
2026-03-26,2025021145,20252026,referee,Mitch Dunning,WPG,COL,5,5,10,0,4,6,10,10
2026-03-26,2025021145,20252026,referee,Pierre Lambert,WPG,COL,5,5,10,0,4,6,10,10
2026-03-26,2025021145,20252026,linesman,Trent Knorr,WPG,COL,5,5,10,0,4,6,10,10
2026-03-26,2025021145,20252026,linesman,Devin Berg,WPG,COL,5,5,10,0,4,6,10,10
2026-03-26,2025021146,20252026,referee,Trevor Hanson,UTA,WSH,5,6,11,7,3,1,10,12
2026-03-26,2025021146,20252026,referee,Jean Hebert,UTA,WSH,5,6,11,7,3,1,10,12
2026-03-26,2025021146,20252026,linesman,Dylan Blujus,UTA,WSH,5,6,11,7,3,1,10,12
2026-03-26,2025021146,20252026,linesman,Ryan Gibbons,UTA,WSH,5,6,11,7,3,1,10,12
2026-03-26,2025021147,20252026,referee,Francois St-Laurent,CGY,ANA,4,1,5,1,2,2,8,2
2026-03-26,2025021147,20252026,referee,Graedy Hamilton,CGY,ANA,4,1,5,1,2,2,8,2
2026-03-26,2025021147,20252026,linesman,Caleb Apperson,CGY,ANA,4,1,5,1,2,2,8,2
2026-03-26,2025021147,20252026,linesman,Travis Toomey,CGY,ANA,4,1,5,1,2,2,8,2
2026-03-26,2025021148,20252026,referee,Wes McCauley,VGK,EDM,4,4,8,7,1,0,8,8
2026-03-26,2025021148,20252026,referee,Justin Kea,VGK,EDM,4,4,8,7,1,0,8,8
2026-03-26,2025021148,20252026,linesman,Mark Shewchyk,VGK,EDM,4,4,8,7,1,0,8,8
2026-03-26,2025021148,20252026,linesman,Kilian McNamara,VGK,EDM,4,4,8,7,1,0,8,8
2026-03-26,2025021149,20252026,referee,Furman South,VAN,LAK,2,2,4,2,1,1,4,4
2026-03-26,2025021149,20252026,referee,Brandon Schrader,VAN,LAK,2,2,4,2,1,1,4,4
2026-03-26,2025021149,20252026,linesman,Bevan Mills,VAN,LAK,2,2,4,2,1,1,4,4
2026-03-26,2025021149,20252026,linesman,Dan Kelly,VAN,LAK,2,2,4,2,1,1,4,4
2026-03-27,2025021150,20252026,referee,Kelly Sutherland,BUF,DET,7,4,11,3,4,4,14,8
2026-03-27,2025021150,20252026,referee,Peter MacDougall,BUF,DET,7,4,11,3,4,4,14,8
2026-03-27,2025021150,20252026,linesman,Travis Gawryletz,BUF,DET,7,4,11,3,4,4,14,8
2026-03-27,2025021150,20252026,linesman,Ryan Daisy,BUF,DET,7,4,11,3,4,4,14,8
2026-03-27,2025021151,20252026,referee,Brian Pochmara,NYR,CHI,4,4,8,1,0,7,8,8
2026-03-27,2025021151,20252026,referee,Jordan Samuels-Thomas,NYR,CHI,4,4,8,1,0,7,8,8
2026-03-27,2025021151,20252026,linesman,Scott Cherrey,NYR,CHI,4,4,8,1,0,7,8,8
2026-03-27,2025021151,20252026,linesman,James Tobias,NYR,CHI,4,4,8,1,0,7,8,8
2026-03-28,2025021152,20252026,referee,Tom Chmielewski,TBL,OTT,3,5,8,2,6,0,6,10
2026-03-28,2025021152,20252026,referee,Carter Sandlak,TBL,OTT,3,5,8,2,6,0,6,10
2026-03-28,2025021152,20252026,linesman,Shandor Alphonso,TBL,OTT,3,5,8,2,6,0,6,10
2026-03-28,2025021152,20252026,linesman,Julien Fournier,TBL,OTT,3,5,8,2,6,0,6,10
2026-03-28,2025021153,20252026,referee,Frederick L'Ecuyer,NYI,FLA,1,3,4,1,2,1,2,6
2026-03-28,2025021153,20252026,referee,Corey Syvret,NYI,FLA,1,3,4,1,2,1,2,6
2026-03-28,2025021153,20252026,linesman,Matt MacPherson,NYI,FLA,1,3,4,1,2,1,2,6
2026-03-28,2025021153,20252026,linesman,Jesse Marquis,NYI,FLA,1,3,4,1,2,1,2,6
2026-03-28,2025021154,20252026,referee,Furman South,EDM,ANA,3,3,6,2,3,1,6,6
2026-03-28,2025021154,20252026,referee,Pierre Lambert,EDM,ANA,3,3,6,2,3,1,6,6
2026-03-28,2025021154,20252026,linesman,Devin Berg,EDM,ANA,3,3,6,2,3,1,6,6
2026-03-28,2025021154,20252026,linesman,Dan Kelly,EDM,ANA,3,3,6,2,3,1,6,6
2026-03-28,2025021155,20252026,referee,Jake Brenk,BOS,MIN,4,3,7,3,1,3,8,6
2026-03-28,2025021155,20252026,referee,Beau Halkidis,BOS,MIN,4,3,7,3,1,3,8,6
2026-03-28,2025021155,20252026,linesman,Shawn Oliver,BOS,MIN,4,3,7,3,1,3,8,6
2026-03-28,2025021155,20252026,linesman,Jonathan Deschamps,BOS,MIN,4,3,7,3,1,3,8,6
2026-03-28,2025021156,20252026,referee,Kyle Rehman,PIT,DAL,5,4,9,4,3,2,10,8
2026-03-28,2025021156,20252026,referee,Michael Markovic,PIT,DAL,5,4,9,4,3,2,10,8
2026-03-28,2025021156,20252026,linesman,David Brisebois,PIT,DAL,5,4,9,4,3,2,10,8
2026-03-28,2025021156,20252026,linesman,Jeremy Faucher,PIT,DAL,5,4,9,4,3,2,10,8
2026-03-28,2025021157,20252026,referee,Cody Beach,CAR,NJD,3,1,4,2,1,1,6,2
2026-03-28,2025021157,20252026,referee,Gord Dwyer,CAR,NJD,3,1,4,2,1,1,6,2
2026-03-28,2025021157,20252026,linesman,Tommy Hughes,CAR,NJD,3,1,4,2,1,1,6,2
2026-03-28,2025021157,20252026,linesman,Kiel Murchison,CAR,NJD,3,1,4,2,1,1,6,2
2026-03-28,2025021158,20252026,referee,Francis Charron,CBJ,SJS,2,1,3,0,2,1,4,2
2026-03-28,2025021158,20252026,referee,Garrett Rank,CBJ,SJS,2,1,3,0,2,1,4,2
2026-03-28,2025021158,20252026,linesman,Brandon Gawryletz,CBJ,SJS,2,1,3,0,2,1,4,2
2026-03-28,2025021158,20252026,linesman,Brandon Grillo,CBJ,SJS,2,1,3,0,2,1,4,2
2026-03-28,2025021159,20252026,referee,Kelly Sutherland,BUF,SEA,4,3,7,3,2,2,8,6
2026-03-28,2025021159,20252026,referee,Stephen Hiff,BUF,SEA,4,3,7,3,2,2,8,6
2026-03-28,2025021159,20252026,linesman,Travis Gawryletz,BUF,SEA,4,3,7,3,2,2,8,6
2026-03-28,2025021159,20252026,linesman,Ryan Daisy,BUF,SEA,4,3,7,3,2,2,8,6
2026-03-28,2025021160,20252026,referee,Thomas John Luxmore,STL,TOR,3,2,5,2,1,2,6,4
2026-03-28,2025021160,20252026,referee,Mike Sullivan,STL,TOR,3,2,5,2,1,2,6,4
2026-03-28,2025021160,20252026,linesman,Libor Suchanek,STL,TOR,3,2,5,2,1,2,6,4
2026-03-28,2025021160,20252026,linesman,CJ Murray,STL,TOR,3,2,5,2,1,2,6,4
2026-03-28,2025021161,20252026,referee,Jon McIsaac,NSH,MTL,3,4,7,1,4,2,6,8
2026-03-28,2025021161,20252026,referee,Brandon Blandina,NSH,MTL,3,4,7,1,4,2,6,8
2026-03-28,2025021161,20252026,linesman,Andrew Smith,NSH,MTL,3,4,7,1,4,2,6,8
2026-03-28,2025021161,20252026,linesman,Steve Barton,NSH,MTL,3,4,7,1,4,2,6,8
2026-03-28,2025021162,20252026,referee,Trevor Hanson,COL,WPG,4,4,8,1,0,7,8,8
2026-03-28,2025021162,20252026,referee,Brandon Schrader,COL,WPG,4,4,8,1,0,7,8,8
2026-03-28,2025021162,20252026,linesman,Bevan Mills,COL,WPG,4,4,8,1,0,7,8,8
2026-03-28,2025021162,20252026,linesman,Dylan Blujus,COL,WPG,4,4,8,1,0,7,8,8
2026-03-28,2025021163,20252026,referee,Chris Rooney,DET,PHI,3,3,6,0,3,3,6,6
2026-03-28,2025021163,20252026,referee,Mitch Dunning,DET,PHI,3,3,6,0,3,3,6,6
2026-03-28,2025021163,20252026,linesman,Kyle Flemington,DET,PHI,3,3,6,0,3,3,6,6
2026-03-28,2025021163,20252026,linesman,Tyson Baker,DET,PHI,3,3,6,0,3,3,6,6
2026-03-28,2025021164,20252026,referee,Wes McCauley,LAK,UTA,3,2,5,1,3,1,6,4
2026-03-28,2025021164,20252026,referee,Morgan MacPhee,LAK,UTA,3,2,5,1,3,1,6,4
2026-03-28,2025021164,20252026,linesman,Caleb Apperson,LAK,UTA,3,2,5,1,3,1,6,4
2026-03-28,2025021164,20252026,linesman,Kilian McNamara,LAK,UTA,3,2,5,1,3,1,6,4
2026-03-28,2025021165,20252026,referee,Francois St-Laurent,CGY,VAN,4,3,7,2,2,3,8,6
2026-03-28,2025021165,20252026,referee,Graham Skilliter,CGY,VAN,4,3,7,2,2,3,8,6
2026-03-28,2025021165,20252026,linesman,Trent Knorr,CGY,VAN,4,3,7,2,2,3,8,6
2026-03-28,2025021165,20252026,linesman,Travis Toomey,CGY,VAN,4,3,7,2,2,3,8,6
2026-03-28,2025021166,20252026,referee,Chris Schlenker,VGK,WSH,5,4,9,0,5,4,10,8
2026-03-28,2025021166,20252026,referee,Justin Kea,VGK,WSH,5,4,9,0,5,4,10,8
2026-03-28,2025021166,20252026,linesman,Ryan Gibbons,VGK,WSH,5,4,9,0,5,4,10,8
2026-03-28,2025021166,20252026,linesman,Mark Shewchyk,VGK,WSH,5,4,9,0,5,4,10,8
2026-03-29,2025021167,20252026,referee,Frederick L'Ecuyer,NYR,FLA,3,1,4,1,1,2,6,2
2026-03-29,2025021167,20252026,referee,Corey Syvret,NYR,FLA,3,1,4,1,1,2,6,2
2026-03-29,2025021167,20252026,linesman,Scott Cherrey,NYR,FLA,3,1,4,1,1,2,6,2
2026-03-29,2025021167,20252026,linesman,Jesse Marquis,NYR,FLA,3,1,4,1,1,2,6,2
2026-03-29,2025021168,20252026,referee,Tom Chmielewski,TBL,NSH,4,4,8,3,3,2,8,8
2026-03-29,2025021168,20252026,referee,Carter Sandlak,TBL,NSH,4,4,8,3,3,2,8,8
2026-03-29,2025021168,20252026,linesman,Shandor Alphonso,TBL,NSH,4,4,8,3,3,2,8,8
2026-03-29,2025021168,20252026,linesman,Jonny Murray,TBL,NSH,4,4,8,3,3,2,8,8
2026-03-29,2025021169,20252026,referee,Cody Beach,CAR,MTL,4,3,7,2,2,3,8,6
2026-03-29,2025021169,20252026,referee,Gord Dwyer,CAR,MTL,4,3,7,2,2,3,8,6
2026-03-29,2025021169,20252026,linesman,Tommy Hughes,CAR,MTL,4,3,7,2,2,3,8,6
2026-03-29,2025021169,20252026,linesman,Kiel Murchison,CAR,MTL,4,3,7,2,2,3,8,6
2026-03-29,2025021170,20252026,referee,Francis Charron,CBJ,BOS,5,3,8,3,1,4,10,6
2026-03-29,2025021170,20252026,referee,Kyle Rehman,CBJ,BOS,5,3,8,3,1,4,10,6
2026-03-29,2025021170,20252026,linesman,Brandon Gawryletz,CBJ,BOS,5,3,8,3,1,4,10,6
2026-03-29,2025021170,20252026,linesman,Travis Gawryletz,CBJ,BOS,5,3,8,3,1,4,10,6
2026-03-29,2025021171,20252026,referee,Kendrick Nicholson,NJD,CHI,3,2,5,1,2,2,6,4
2026-03-29,2025021171,20252026,referee,Beau Halkidis,NJD,CHI,3,2,5,1,2,2,6,4
2026-03-29,2025021171,20252026,linesman,Kyle Flemington,NJD,CHI,3,2,5,1,2,2,6,4
2026-03-29,2025021171,20252026,linesman,James Tobias,NJD,CHI,3,2,5,1,2,2,6,4
2026-03-29,2025021172,20252026,referee,Brian Pochmara,PHI,DAL,2,3,5,2,2,1,4,6
2026-03-29,2025021172,20252026,referee,Jordan Samuels-Thomas,PHI,DAL,2,3,5,2,2,1,4,6
2026-03-29,2025021172,20252026,linesman,Matt MacPherson,PHI,DAL,2,3,5,2,2,1,4,6
2026-03-29,2025021172,20252026,linesman,David Brisebois,PHI,DAL,2,3,5,2,2,1,4,6
2026-03-30,2025021173,20252026,referee,Kendrick Nicholson,NYI,PIT,2,3,5,3,2,0,4,6
2026-03-30,2025021173,20252026,referee,Jordan Samuels-Thomas,NYI,PIT,2,3,5,3,2,0,4,6
2026-03-30,2025021173,20252026,linesman,Scott Cherrey,NYI,PIT,2,3,5,3,2,0,4,6
2026-03-30,2025021173,20252026,linesman,Andrew Smith,NYI,PIT,2,3,5,3,2,0,4,6
2026-03-30,2025021174,20252026,referee,Chris Schlenker,COL,CGY,1,4,5,2,2,1,2,8
2026-03-30,2025021174,20252026,referee,Justin Kea,COL,CGY,1,4,5,2,2,1,2,8
2026-03-30,2025021174,20252026,linesman,CJ Murray,COL,CGY,1,4,5,2,2,1,2,8
2026-03-30,2025021174,20252026,linesman,Mark Shewchyk,COL,CGY,1,4,5,2,2,1,2,8
2026-03-30,2025021175,20252026,referee,Francois St-Laurent,VGK,VAN,2,3,5,1,4,0,4,6
2026-03-30,2025021175,20252026,referee,Alex Lepkowski,VGK,VAN,2,3,5,1,4,0,4,6
2026-03-30,2025021175,20252026,linesman,Caleb Apperson,VGK,VAN,2,3,5,1,4,0,4,6
2026-03-30,2025021175,20252026,linesman,Kilian McNamara,VGK,VAN,2,3,5,1,4,0,4,6
2026-03-30,2025021176,20252026,referee,Wes McCauley,ANA,TOR,6,8,14,6,6,2,12,16
2026-03-30,2025021176,20252026,referee,Thomas John Luxmore,ANA,TOR,6,8,14,6,6,2,12,16
2026-03-30,2025021176,20252026,linesman,Bevan Mills,ANA,TOR,6,8,14,6,6,2,12,16
2026-03-30,2025021176,20252026,linesman,Ryan Gibbons,ANA,TOR,6,8,14,6,6,2,12,16
2026-03-30,2025021177,20252026,referee,Trevor Hanson,SJS,STL,3,4,7,2,4,1,6,8
2026-03-30,2025021177,20252026,referee,Brandon Schrader,SJS,STL,3,4,7,2,4,1,6,8
2026-03-30,2025021177,20252026,linesman,Steve Barton,SJS,STL,3,4,7,2,4,1,6,8
2026-03-30,2025021177,20252026,linesman,Joe Mahon,SJS,STL,3,4,7,2,4,1,6,8
2026-03-31,2025021178,20252026,referee,Chris Rooney,BOS,DAL,3,2,5,2,1,2,6,4
2026-03-31,2025021178,20252026,referee,Stephen Hiff,BOS,DAL,3,2,5,2,1,2,6,4
2026-03-31,2025021178,20252026,linesman,Shawn Oliver,BOS,DAL,3,2,5,2,1,2,6,4
2026-03-31,2025021178,20252026,linesman,Matt MacPherson,BOS,DAL,3,2,5,2,1,2,6,4
2026-03-31,2025021179,20252026,referee,Jake Brenk,BUF,NYI,4,5,9,3,2,4,8,10
2026-03-31,2025021179,20252026,referee,Kendrick Nicholson,BUF,NYI,4,5,9,3,2,4,8,10
2026-03-31,2025021179,20252026,linesman,Dylan Blujus,BUF,NYI,4,5,9,3,2,4,8,10
2026-03-31,2025021179,20252026,linesman,James Tobias,BUF,NYI,4,5,9,3,2,4,8,10
2026-03-31,2025021180,20252026,referee,Jean Hebert,TBL,MTL,15,16,31,6,2,23,30,32
2026-03-31,2025021180,20252026,referee,Brandon Blandina,TBL,MTL,15,16,31,6,2,23,30,32
2026-03-31,2025021180,20252026,linesman,Jonathan Deschamps,TBL,MTL,15,16,31,6,2,23,30,32
2026-03-31,2025021180,20252026,linesman,Jonny Murray,TBL,MTL,15,16,31,6,2,23,30,32
2026-03-31,2025021181,20252026,referee,Brian Pochmara,FLA,OTT,4,3,7,3,3,1,8,6
2026-03-31,2025021181,20252026,referee,Gord Dwyer,FLA,OTT,4,3,7,3,3,1,8,6
2026-03-31,2025021181,20252026,linesman,Libor Suchanek,FLA,OTT,4,3,7,3,3,1,8,6
2026-03-31,2025021181,20252026,linesman,Brad Kovachik,FLA,OTT,4,3,7,3,3,1,8,6
2026-03-31,2025021182,20252026,referee,Peter MacDougall,NYR,NJD,4,4,8,1,2,5,8,8
2026-03-31,2025021182,20252026,referee,Liam Maaskant,NYR,NJD,4,4,8,1,2,5,8,8
2026-03-31,2025021182,20252026,linesman,Andrew Smith,NYR,NJD,4,4,8,1,2,5,8,8
2026-03-31,2025021182,20252026,linesman,Jesse Marquis,NYR,NJD,4,4,8,1,2,5,8,8
2026-03-31,2025021183,20252026,referee,Francis Charron,PIT,DET,2,4,6,1,3,2,4,8
2026-03-31,2025021183,20252026,referee,Cody Beach,PIT,DET,2,4,6,1,3,2,4,8
2026-03-31,2025021183,20252026,linesman,Julien Fournier,PIT,DET,2,4,6,1,3,2,4,8
2026-03-31,2025021183,20252026,linesman,Travis Gawryletz,PIT,DET,2,4,6,1,3,2,4,8
2026-03-31,2025021184,20252026,referee,Kelly Sutherland,WSH,PHI,6,5,11,4,3,4,12,10
2026-03-31,2025021184,20252026,referee,Carter Sandlak,WSH,PHI,6,5,11,4,3,4,12,10
2026-03-31,2025021184,20252026,linesman,Shandor Alphonso,WSH,PHI,6,5,11,4,3,4,12,10
2026-03-31,2025021184,20252026,linesman,David Brisebois,WSH,PHI,6,5,11,4,3,4,12,10
2026-03-31,2025021185,20252026,referee,Furman South,CBJ,CAR,5,3,8,3,2,3,10,6
2026-03-31,2025021185,20252026,referee,Corey Syvret,CBJ,CAR,5,3,8,3,2,3,10,6
2026-03-31,2025021185,20252026,linesman,Kyle Flemington,CBJ,CAR,5,3,8,3,2,3,10,6
2026-03-31,2025021185,20252026,linesman,Jeremy Faucher,CBJ,CAR,5,3,8,3,2,3,10,6
2026-03-31,2025021186,20252026,referee,Mitch Dunning,CHI,WPG,1,2,3,0,1,2,2,4
2026-03-31,2025021186,20252026,referee,Beau Halkidis,CHI,WPG,1,2,3,0,1,2,2,4
2026-03-31,2025021186,20252026,linesman,Brandon Gawryletz,CHI,WPG,1,2,3,0,1,2,2,4
2026-03-31,2025021186,20252026,linesman,Kiel Murchison,CHI,WPG,1,2,3,0,1,2,2,4
2026-03-31,2025021187,20252026,referee,Garrett Rank,EDM,SEA,3,1,4,1,2,1,6,2
2026-03-31,2025021187,20252026,referee,Michael Markovic,EDM,SEA,3,1,4,1,2,1,6,2
2026-03-31,2025021187,20252026,linesman,Trent Knorr,EDM,SEA,3,1,4,1,2,1,6,2
2026-03-31,2025021187,20252026,linesman,Travis Toomey,EDM,SEA,3,1,4,1,2,1,6,2
2026-04-01,2025021188,20252026,referee,Tom Chmielewski,COL,VAN,3,3,6,3,2,1,6,6
2026-04-01,2025021188,20252026,referee,Justin Kea,COL,VAN,3,3,6,3,2,1,6,6
2026-04-01,2025021188,20252026,linesman,Caleb Apperson,COL,VAN,3,3,6,3,2,1,6,6
2026-04-01,2025021188,20252026,linesman,Kilian McNamara,COL,VAN,3,3,6,3,2,1,6,6
2026-04-01,2025021189,20252026,referee,Graham Skilliter,LAK,STL,3,3,6,3,2,1,6,6
2026-04-01,2025021189,20252026,referee,Pierre Lambert,LAK,STL,3,3,6,3,2,1,6,6
2026-04-01,2025021189,20252026,linesman,Steve Barton,LAK,STL,3,3,6,3,2,1,6,6
2026-04-01,2025021189,20252026,linesman,CJ Murray,LAK,STL,3,3,6,3,2,1,6,6
2026-04-01,2025021190,20252026,referee,Jon McIsaac,SJS,ANA,4,3,7,5,2,0,8,6
2026-04-01,2025021190,20252026,referee,Thomas John Luxmore,SJS,ANA,4,3,7,5,2,0,8,6
2026-04-01,2025021190,20252026,linesman,Bevan Mills,SJS,ANA,4,3,7,5,2,0,8,6
2026-04-01,2025021190,20252026,linesman,Tyson Baker,SJS,ANA,4,3,7,5,2,0,8,6
2026-04-02,2025021191,20252026,referee,Chris Rooney,OTT,BUF,2,2,4,3,1,0,4,4
2026-04-02,2025021191,20252026,referee,Frederick L'Ecuyer,OTT,BUF,2,2,4,3,1,0,4,4
2026-04-02,2025021191,20252026,linesman,Mark Shewchyk,OTT,BUF,2,2,4,3,1,0,4,4
2026-04-02,2025021191,20252026,linesman,Jeremy Faucher,OTT,BUF,2,2,4,3,1,0,4,4
2026-04-02,2025021192,20252026,referee,Francis Charron,TBL,PIT,5,4,9,2,0,7,10,8
2026-04-02,2025021192,20252026,referee,Brian Pochmara,TBL,PIT,5,4,9,2,0,7,10,8
2026-04-02,2025021192,20252026,linesman,Libor Suchanek,TBL,PIT,5,4,9,2,0,7,10,8
2026-04-02,2025021192,20252026,linesman,Tommy Hughes,TBL,PIT,5,4,9,2,0,7,10,8
2026-04-02,2025021193,20252026,referee,Gord Dwyer,FLA,BOS,2,1,3,1,0,2,4,2
2026-04-02,2025021193,20252026,referee,Brandon Blandina,FLA,BOS,2,1,3,1,0,2,4,2
2026-04-02,2025021193,20252026,linesman,Jonathan Deschamps,FLA,BOS,2,1,3,1,0,2,4,2
2026-04-02,2025021193,20252026,linesman,Jonny Murray,FLA,BOS,2,1,3,1,0,2,4,2
2026-04-02,2025021195,20252026,referee,Jean Hebert,NYR,MTL,2,3,5,3,2,0,4,6
2026-04-02,2025021195,20252026,referee,Carter Sandlak,NYR,MTL,2,3,5,3,2,0,4,6
2026-04-02,2025021195,20252026,linesman,Ryan Gibbons,NYR,MTL,2,3,5,3,2,0,4,6
2026-04-02,2025021195,20252026,linesman,Dan Kelly,NYR,MTL,2,3,5,3,2,0,4,6
2026-04-02,2025021196,20252026,referee,Cody Beach,PHI,DET,2,1,3,2,0,1,4,2
2026-04-02,2025021196,20252026,referee,Trevor Hanson,PHI,DET,2,1,3,2,0,1,4,2
2026-04-02,2025021196,20252026,linesman,Andrew Smith,PHI,DET,2,1,3,2,0,1,4,2
2026-04-02,2025021196,20252026,linesman,James Tobias,PHI,DET,2,1,3,2,0,1,4,2
2026-04-02,2025021197,20252026,referee,Francois St-Laurent,CAR,CBJ,4,3,7,1,1,5,8,6
2026-04-02,2025021197,20252026,referee,Kelly Sutherland,CAR,CBJ,4,3,7,1,1,5,8,6
2026-04-02,2025021197,20252026,linesman,Matt MacPherson,CAR,CBJ,4,3,7,1,1,5,8,6
2026-04-02,2025021197,20252026,linesman,Devin Berg,CAR,CBJ,4,3,7,1,1,5,8,6
2026-04-02,2025021194,20252026,referee,Furman South,NJD,WSH,4,3,7,1,1,5,8,6
2026-04-02,2025021194,20252026,referee,Graedy Hamilton,NJD,WSH,4,3,7,1,1,5,8,6
2026-04-02,2025021194,20252026,linesman,Dylan Blujus,NJD,WSH,4,3,7,1,1,5,8,6
2026-04-02,2025021194,20252026,linesman,Jesse Marquis,NJD,WSH,4,3,7,1,1,5,8,6
2026-04-02,2025021198,20252026,referee,Wes McCauley,DAL,WPG,4,2,6,2,1,3,8,4
2026-04-02,2025021198,20252026,referee,Mike Sullivan,DAL,WPG,4,2,6,2,1,3,8,4
2026-04-02,2025021198,20252026,linesman,Brandon Gawryletz,DAL,WPG,4,2,6,2,1,3,8,4
2026-04-02,2025021198,20252026,linesman,Caleb Apperson,DAL,WPG,4,2,6,2,1,3,8,4
2026-04-02,2025021199,20252026,referee,Mitch Dunning,MIN,VAN,2,2,4,2,2,0,4,4
2026-04-02,2025021199,20252026,referee,Corey Syvret,MIN,VAN,2,2,4,2,2,0,4,4
2026-04-02,2025021199,20252026,linesman,Kyle Flemington,MIN,VAN,2,2,4,2,2,0,4,4
2026-04-02,2025021199,20252026,linesman,Travis Gawryletz,MIN,VAN,2,2,4,2,2,0,4,4
2026-04-02,2025021200,20252026,referee,Garrett Rank,EDM,CHI,1,3,4,2,2,0,2,6
2026-04-02,2025021200,20252026,referee,Michael Markovic,EDM,CHI,1,3,4,2,2,0,2,6
2026-04-02,2025021200,20252026,linesman,Trent Knorr,EDM,CHI,1,3,4,2,2,0,2,6
2026-04-02,2025021200,20252026,linesman,Travis Toomey,EDM,CHI,1,3,4,2,2,0,2,6
2026-04-02,2025021201,20252026,referee,Tom Chmielewski,VGK,CGY,2,6,8,4,2,2,4,12
2026-04-02,2025021201,20252026,referee,Pierre Lambert,VGK,CGY,2,6,8,4,2,2,4,12
2026-04-02,2025021201,20252026,linesman,Julien Fournier,VGK,CGY,2,6,8,4,2,2,4,12
2026-04-02,2025021201,20252026,linesman,Brandon Grillo,VGK,CGY,2,6,8,4,2,2,4,12
2026-04-02,2025021202,20252026,referee,Graham Skilliter,SJS,TOR,1,2,3,0,2,1,2,4
2026-04-02,2025021202,20252026,referee,Jordan Samuels-Thomas,SJS,TOR,1,2,3,0,2,1,2,4
2026-04-02,2025021202,20252026,linesman,Bevan Mills,SJS,TOR,1,2,3,0,2,1,2,4
2026-04-02,2025021202,20252026,linesman,Tyson Baker,SJS,TOR,1,2,3,0,2,1,2,4
2026-04-02,2025021203,20252026,referee,Jon McIsaac,SEA,UTA,6,3,9,3,3,3,12,6
2026-04-02,2025021203,20252026,referee,Thomas John Luxmore,SEA,UTA,6,3,9,3,3,3,12,6
2026-04-02,2025021203,20252026,linesman,Kiel Murchison,SEA,UTA,6,3,9,3,3,3,12,6
2026-04-02,2025021203,20252026,linesman,Joe Mahon,SEA,UTA,6,3,9,3,3,3,12,6
2026-04-02,2025021204,20252026,referee,Kyle Rehman,LAK,NSH,3,3,6,2,0,4,6,6
2026-04-02,2025021204,20252026,referee,Brandon Schrader,LAK,NSH,3,3,6,2,0,4,6,6
2026-04-02,2025021204,20252026,linesman,CJ Murray,LAK,NSH,3,3,6,2,0,4,6,6
2026-04-02,2025021204,20252026,linesman,Ryan Daisy,LAK,NSH,3,3,6,2,0,4,6,6
2026-04-03,2025021205,20252026,referee,Chris Schlenker,NYI,PHI,2,3,5,2,2,1,4,6
2026-04-03,2025021205,20252026,referee,Furman South,NYI,PHI,2,3,5,2,2,1,4,6
2026-04-03,2025021205,20252026,linesman,Ryan Gibbons,NYI,PHI,2,3,5,2,2,1,4,6
2026-04-03,2025021205,20252026,linesman,Jesse Marquis,NYI,PHI,2,3,5,2,2,1,4,6
2026-04-03,2025021206,20252026,referee,Kyle Rehman,ANA,STL,5,4,9,1,4,4,10,8
2026-04-03,2025021206,20252026,referee,Jordan Samuels-Thomas,ANA,STL,5,4,9,1,4,4,10,8
2026-04-03,2025021206,20252026,linesman,Julien Fournier,ANA,STL,5,4,9,1,4,4,10,8
2026-04-03,2025021206,20252026,linesman,Ryan Daisy,ANA,STL,5,4,9,1,4,4,10,8
2026-04-04,2025021207,20252026,referee,Chris Schlenker,NYR,DET,4,2,6,2,1,3,8,4
2026-04-04,2025021207,20252026,referee,Frederick L'Ecuyer,NYR,DET,4,2,6,2,1,3,8,4
2026-04-04,2025021207,20252026,linesman,Jesse Marquis,NYR,DET,4,2,6,2,1,3,8,4
2026-04-04,2025021207,20252026,linesman,Dan Kelly,NYR,DET,4,2,6,2,1,3,8,4
2026-04-04,2025021208,20252026,referee,Trevor Hanson,OTT,MIN,2,3,5,2,3,0,4,6
2026-04-04,2025021208,20252026,referee,Jean Hebert,OTT,MIN,2,3,5,2,3,0,4,6
2026-04-04,2025021208,20252026,linesman,Steve Barton,OTT,MIN,2,3,5,2,3,0,4,6
2026-04-04,2025021208,20252026,linesman,Trent Knorr,OTT,MIN,2,3,5,2,3,0,4,6
2026-04-04,2025021209,20252026,referee,Wes McCauley,DAL,COL,2,3,5,1,3,1,4,6
2026-04-04,2025021209,20252026,referee,Gord Dwyer,DAL,COL,2,3,5,1,3,1,4,6
2026-04-04,2025021209,20252026,linesman,Brandon Gawryletz,DAL,COL,2,3,5,1,3,1,4,6
2026-04-04,2025021209,20252026,linesman,Travis Gawryletz,DAL,COL,2,3,5,1,3,1,4,6
2026-04-04,2025021210,20252026,referee,Francois St-Laurent,TBL,BOS,4,1,5,2,2,1,8,2
2026-04-04,2025021210,20252026,referee,Thomas John Luxmore,TBL,BOS,4,1,5,2,2,1,8,2
2026-04-04,2025021210,20252026,linesman,Tommy Hughes,TBL,BOS,4,1,5,2,2,1,8,2
2026-04-04,2025021210,20252026,linesman,Jonathan Deschamps,TBL,BOS,4,1,5,2,2,1,8,2
2026-04-04,2025021211,20252026,referee,Mitch Dunning,PIT,FLA,0,3,3,1,2,0,0,6
2026-04-04,2025021211,20252026,referee,Jake Brenk,PIT,FLA,0,3,3,1,2,0,0,6
2026-04-04,2025021211,20252026,linesman,Dylan Blujus,PIT,FLA,0,3,3,1,2,0,0,6
2026-04-04,2025021211,20252026,linesman,Mark Shewchyk,PIT,FLA,0,3,3,1,2,0,0,6
2026-04-04,2025021212,20252026,referee,Chris Rooney,NJD,MTL,5,1,6,2,3,1,10,2
2026-04-04,2025021212,20252026,referee,Stephen Hiff,NJD,MTL,5,1,6,2,3,1,10,2
2026-04-04,2025021212,20252026,linesman,Ryan Gibbons,NJD,MTL,5,1,6,2,3,1,10,2
2026-04-04,2025021212,20252026,linesman,James Tobias,NJD,MTL,5,1,6,2,3,1,10,2
2026-04-04,2025021213,20252026,referee,Cody Beach,WSH,BUF,5,2,7,0,5,2,10,4
2026-04-04,2025021213,20252026,referee,Brian Pochmara,WSH,BUF,5,2,7,0,5,2,10,4
2026-04-04,2025021213,20252026,linesman,Libor Suchanek,WSH,BUF,5,2,7,0,5,2,10,4
2026-04-04,2025021213,20252026,linesman,Devin Berg,WSH,BUF,5,2,7,0,5,2,10,4
2026-04-04,2025021214,20252026,referee,Francis Charron,CAR,NYI,2,4,6,1,5,0,4,8
2026-04-04,2025021214,20252026,referee,Brandon Blandina,CAR,NYI,2,4,6,1,5,0,4,8
2026-04-04,2025021214,20252026,linesman,Matt MacPherson,CAR,NYI,2,4,6,1,5,0,4,8
2026-04-04,2025021214,20252026,linesman,Jonny Murray,CAR,NYI,2,4,6,1,5,0,4,8
2026-04-04,2025021215,20252026,referee,Kelly Sutherland,CBJ,WPG,1,1,2,0,1,1,2,2
2026-04-04,2025021215,20252026,referee,Carter Sandlak,CBJ,WPG,1,1,2,0,1,1,2,2
2026-04-04,2025021215,20252026,linesman,Kyle Flemington,CBJ,WPG,1,1,2,0,1,1,2,2
2026-04-04,2025021215,20252026,linesman,Kilian McNamara,CBJ,WPG,1,1,2,0,1,1,2,2
2026-04-04,2025021216,20252026,referee,Garrett Rank,VAN,UTA,6,7,13,3,7,3,12,14
2026-04-04,2025021216,20252026,referee,Michael Markovic,VAN,UTA,6,7,13,3,7,3,12,14
2026-04-04,2025021216,20252026,linesman,Shawn Oliver,VAN,UTA,6,7,13,3,7,3,12,14
2026-04-04,2025021216,20252026,linesman,Travis Toomey,VAN,UTA,6,7,13,3,7,3,12,14
2026-04-04,2025021217,20252026,referee,Kyle Rehman,LAK,TOR,6,7,13,5,8,0,12,14
2026-04-04,2025021217,20252026,referee,Jordan Samuels-Thomas,LAK,TOR,6,7,13,5,8,0,12,14
2026-04-04,2025021217,20252026,linesman,Brandon Grillo,LAK,TOR,6,7,13,5,8,0,12,14
2026-04-04,2025021217,20252026,linesman,Tyson Baker,LAK,TOR,6,7,13,5,8,0,12,14
2026-04-04,2025021218,20252026,referee,Jon McIsaac,EDM,VGK,2,3,5,3,0,2,4,6
2026-04-04,2025021218,20252026,referee,Kendrick Nicholson,EDM,VGK,2,3,5,3,0,2,4,6
2026-04-04,2025021218,20252026,linesman,Caleb Apperson,EDM,VGK,2,3,5,3,0,2,4,6
2026-04-04,2025021218,20252026,linesman,David Brisebois,EDM,VGK,2,3,5,3,0,2,4,6
2026-04-04,2025021219,20252026,referee,Peter MacDougall,ANA,CGY,1,3,4,0,2,2,2,6
2026-04-04,2025021219,20252026,referee,Morgan MacPhee,ANA,CGY,1,3,4,0,2,2,2,6
2026-04-04,2025021219,20252026,linesman,Julien Fournier,ANA,CGY,1,3,4,0,2,2,2,6
2026-04-04,2025021219,20252026,linesman,Ryan Daisy,ANA,CGY,1,3,4,0,2,2,2,6
2026-04-04,2025021220,20252026,referee,Graham Skilliter,SJS,NSH,7,7,14,4,4,6,14,14
2026-04-04,2025021220,20252026,referee,Pierre Lambert,SJS,NSH,7,7,14,4,4,6,14,14
2026-04-04,2025021220,20252026,linesman,CJ Murray,SJS,NSH,7,7,14,4,4,6,14,14
2026-04-04,2025021220,20252026,linesman,Joe Mahon,SJS,NSH,7,7,14,4,4,6,14,14
2026-04-04,2025021221,20252026,referee,Tom Chmielewski,SEA,CHI,3,2,5,2,2,1,6,4
2026-04-04,2025021221,20252026,referee,Brandon Schrader,SEA,CHI,3,2,5,2,2,1,6,4
2026-04-04,2025021221,20252026,linesman,Bevan Mills,SEA,CHI,3,2,5,2,2,1,6,4
2026-04-04,2025021221,20252026,linesman,Kiel Murchison,SEA,CHI,3,2,5,2,2,1,6,4
2026-04-05,2025021222,20252026,referee,Wes McCauley,DET,MIN,2,1,3,0,2,1,4,2
2026-04-05,2025021222,20252026,referee,Justin Kea,DET,MIN,2,1,3,0,2,1,4,2
2026-04-05,2025021222,20252026,linesman,Andrew Smith,DET,MIN,2,1,3,0,2,1,4,2
2026-04-05,2025021222,20252026,linesman,Kyle Flemington,DET,MIN,2,1,3,0,2,1,4,2
2026-04-05,2025021223,20252026,referee,Mitch Dunning,PIT,FLA,8,9,17,4,5,8,16,18
2026-04-05,2025021223,20252026,referee,Jake Brenk,PIT,FLA,8,9,17,4,5,8,16,18
2026-04-05,2025021223,20252026,linesman,Dylan Blujus,PIT,FLA,8,9,17,4,5,8,16,18
2026-04-05,2025021223,20252026,linesman,Mark Shewchyk,PIT,FLA,8,9,17,4,5,8,16,18
2026-04-05,2025021224,20252026,referee,Furman South,PHI,BOS,2,4,6,1,5,0,4,8
2026-04-05,2025021224,20252026,referee,Frederick L'Ecuyer,PHI,BOS,2,4,6,1,5,0,4,8
2026-04-05,2025021224,20252026,linesman,Shandor Alphonso,PHI,BOS,2,4,6,1,5,0,4,8
2026-04-05,2025021224,20252026,linesman,Dan Kelly,PHI,BOS,2,4,6,1,5,0,4,8
2026-04-05,2025021225,20252026,referee,Chris Schlenker,OTT,CAR,2,2,4,2,1,1,4,4
2026-04-05,2025021225,20252026,referee,Jean Hebert,OTT,CAR,2,2,4,2,1,1,4,4
2026-04-05,2025021225,20252026,linesman,Trent Knorr,OTT,CAR,2,2,4,2,1,1,4,4
2026-04-05,2025021225,20252026,linesman,Jeremy Faucher,OTT,CAR,2,2,4,2,1,1,4,4
2026-04-05,2025021226,20252026,referee,Cody Beach,MTL,NJD,3,5,8,1,2,5,6,10
2026-04-05,2025021226,20252026,referee,Trevor Hanson,MTL,NJD,3,5,8,1,2,5,6,10
2026-04-05,2025021226,20252026,linesman,Scott Cherrey,MTL,NJD,3,5,8,1,2,5,6,10
2026-04-05,2025021226,20252026,linesman,Steve Barton,MTL,NJD,3,5,8,1,2,5,6,10
2026-04-05,2025021227,20252026,referee,Brian Pochmara,NYR,WSH,3,4,7,2,3,2,6,8
2026-04-05,2025021227,20252026,referee,Graedy Hamilton,NYR,WSH,3,4,7,2,3,2,6,8
2026-04-05,2025021227,20252026,linesman,James Tobias,NYR,WSH,3,4,7,2,3,2,6,8
2026-04-05,2025021227,20252026,linesman,Devin Berg,NYR,WSH,3,4,7,2,3,2,6,8
2026-04-05,2025021228,20252026,referee,Corey Syvret,COL,STL,4,3,7,1,2,4,8,6
2026-04-05,2025021228,20252026,referee,Pierre Lambert,COL,STL,4,3,7,1,2,4,8,6
2026-04-05,2025021228,20252026,linesman,Brandon Gawryletz,COL,STL,4,3,7,1,2,4,8,6
2026-04-05,2025021228,20252026,linesman,Travis Gawryletz,COL,STL,4,3,7,1,2,4,8,6
2026-04-06,2025021229,20252026,referee,Chris Rooney,BUF,TBL,7,6,13,8,3,2,14,12
2026-04-06,2025021229,20252026,referee,Gord Dwyer,BUF,TBL,7,6,13,8,3,2,14,12
2026-04-06,2025021229,20252026,linesman,Scott Cherrey,BUF,TBL,7,6,13,8,3,2,14,12
2026-04-06,2025021229,20252026,linesman,Ryan Gibbons,BUF,TBL,7,6,13,8,3,2,14,12
2026-04-06,2025021230,20252026,referee,Jon McIsaac,WPG,SEA,0,3,3,1,2,0,0,6
2026-04-06,2025021230,20252026,referee,Kendrick Nicholson,WPG,SEA,0,3,3,1,2,0,0,6
2026-04-06,2025021230,20252026,linesman,Shawn Oliver,WPG,SEA,0,3,3,1,2,0,0,6
2026-04-06,2025021230,20252026,linesman,David Brisebois,WPG,SEA,0,3,3,1,2,0,0,6
2026-04-06,2025021231,20252026,referee,Kyle Rehman,SJS,CHI,3,2,5,2,2,1,6,4
2026-04-06,2025021231,20252026,referee,Peter MacDougall,SJS,CHI,3,2,5,2,2,1,6,4
2026-04-06,2025021231,20252026,linesman,Julien Fournier,SJS,CHI,3,2,5,2,2,1,6,4
2026-04-06,2025021231,20252026,linesman,Ryan Daisy,SJS,CHI,3,2,5,2,2,1,6,4
2026-04-06,2025021232,20252026,referee,Tom Chmielewski,LAK,NSH,2,0,2,0,2,0,4,0
2026-04-06,2025021232,20252026,referee,Jordan Samuels-Thomas,LAK,NSH,2,0,2,0,2,0,4,0
2026-04-06,2025021232,20252026,linesman,Tyson Baker,LAK,NSH,2,0,2,0,2,0,4,0
2026-04-06,2025021232,20252026,linesman,Joe Mahon,LAK,NSH,2,0,2,0,2,0,4,0
2026-04-07,2025021233,20252026,referee,Eric Furlatt,MTL,FLA,2,4,6,3,2,1,4,8
2026-04-07,2025021233,20252026,referee,Justin Kea,MTL,FLA,2,4,6,3,2,1,4,8
2026-04-07,2025021233,20252026,linesman,Trent Knorr,MTL,FLA,2,4,6,3,2,1,4,8
2026-04-07,2025021233,20252026,linesman,Jeremy Faucher,MTL,FLA,2,4,6,3,2,1,4,8
2026-04-07,2025021234,20252026,referee,Chris Schlenker,OTT,TBL,3,4,7,3,1,3,6,8
2026-04-07,2025021234,20252026,referee,Trevor Hanson,OTT,TBL,3,4,7,3,1,3,6,8
2026-04-07,2025021234,20252026,linesman,Andrew Smith,OTT,TBL,3,4,7,3,1,3,6,8
2026-04-07,2025021234,20252026,linesman,Mark Shewchyk,OTT,TBL,3,4,7,3,1,3,6,8
2026-04-07,2025021235,20252026,referee,Chris Rooney,DET,CBJ,4,2,6,1,2,3,8,4
2026-04-07,2025021235,20252026,referee,Gord Dwyer,DET,CBJ,4,2,6,1,2,3,8,4
2026-04-07,2025021235,20252026,linesman,Ryan Gibbons,DET,CBJ,4,2,6,1,2,3,8,4
2026-04-07,2025021235,20252026,linesman,Jonathan Deschamps,DET,CBJ,4,2,6,1,2,3,8,4
2026-04-07,2025021236,20252026,referee,Francois St-Laurent,NJD,PHI,2,3,5,1,2,2,4,6
2026-04-07,2025021236,20252026,referee,Michael Markovic,NJD,PHI,2,3,5,1,2,2,4,6
2026-04-07,2025021236,20252026,linesman,Devin Berg,NJD,PHI,2,3,5,1,2,2,4,6
2026-04-07,2025021236,20252026,linesman,Dan Kelly,NJD,PHI,2,3,5,1,2,2,4,6
2026-04-07,2025021237,20252026,referee,Jean Hebert,CAR,BOS,2,4,6,2,2,2,4,8
2026-04-07,2025021237,20252026,referee,Frederick L'Ecuyer,CAR,BOS,2,4,6,2,2,2,4,8
2026-04-07,2025021237,20252026,linesman,Libor Suchanek,CAR,BOS,2,4,6,2,2,2,4,8
2026-04-07,2025021237,20252026,linesman,Kilian McNamara,CAR,BOS,2,4,6,2,2,2,4,8
2026-04-07,2025021238,20252026,referee,Wes McCauley,STL,COL,1,3,4,1,2,1,2,6
2026-04-07,2025021238,20252026,referee,Carter Sandlak,STL,COL,1,3,4,1,2,1,2,6
2026-04-07,2025021238,20252026,linesman,Kyle Flemington,STL,COL,1,3,4,1,2,1,2,6
2026-04-07,2025021238,20252026,linesman,Ben O'Quinn,STL,COL,1,3,4,1,2,1,2,6
2026-04-07,2025021239,20252026,referee,Thomas John Luxmore,DAL,CGY,3,3,6,3,1,2,6,6
2026-04-07,2025021239,20252026,referee,Beau Halkidis,DAL,CGY,3,3,6,3,1,2,6,6
2026-04-07,2025021239,20252026,linesman,Travis Gawryletz,DAL,CGY,3,3,6,3,1,2,6,6
2026-04-07,2025021239,20252026,linesman,Travis Toomey,DAL,CGY,3,3,6,3,1,2,6,6
2026-04-07,2025021240,20252026,referee,Pierre Lambert,MIN,SEA,4,2,6,1,3,2,8,4
2026-04-07,2025021240,20252026,referee,Brandon Blandina,MIN,SEA,4,2,6,1,3,2,8,4
2026-04-07,2025021240,20252026,linesman,CJ Murray,MIN,SEA,4,2,6,1,3,2,8,4
2026-04-07,2025021240,20252026,linesman,Jesse Marquis,MIN,SEA,4,2,6,1,3,2,8,4
2026-04-07,2025021241,20252026,referee,Kyle Rehman,UTA,EDM,3,2,5,2,3,0,6,4
2026-04-07,2025021241,20252026,referee,Brandon Schrader,UTA,EDM,3,2,5,2,3,0,6,4
2026-04-07,2025021241,20252026,linesman,Ryan Daisy,UTA,EDM,3,2,5,2,3,0,6,4
2026-04-07,2025021241,20252026,linesman,Joe Mahon,UTA,EDM,3,2,5,2,3,0,6,4
2026-04-07,2025021242,20252026,referee,Corey Syvret,VAN,VGK,1,2,3,1,1,1,2,4
2026-04-07,2025021242,20252026,referee,Peter MacDougall,VAN,VGK,1,2,3,1,1,1,2,4
2026-04-07,2025021242,20252026,linesman,Bevan Mills,VAN,VGK,1,2,3,1,1,1,2,4
2026-04-07,2025021242,20252026,linesman,Kiel Murchison,VAN,VGK,1,2,3,1,1,1,2,4
2026-04-07,2025021243,20252026,referee,Graham Skilliter,ANA,NSH,4,6,10,2,5,3,8,12
2026-04-07,2025021243,20252026,referee,Jordan Samuels-Thomas,ANA,NSH,4,6,10,2,5,3,8,12
2026-04-07,2025021243,20252026,linesman,Brandon Gawryletz,ANA,NSH,4,6,10,2,5,3,8,12
2026-04-07,2025021243,20252026,linesman,Caleb Apperson,ANA,NSH,4,6,10,2,5,3,8,12
2026-04-08,2025021244,20252026,referee,Furman South,NYR,BUF,4,3,7,1,4,2,8,6
2026-04-08,2025021244,20252026,referee,Mike Sullivan,NYR,BUF,4,3,7,1,4,2,8,6
2026-04-08,2025021244,20252026,linesman,Matt MacPherson,NYR,BUF,4,3,7,1,4,2,8,6
2026-04-08,2025021244,20252026,linesman,Dan Kelly,NYR,BUF,4,3,7,1,4,2,8,6
2026-04-08,2025021245,20252026,referee,Garrett Rank,TOR,WSH,2,3,5,2,2,1,4,6
2026-04-08,2025021245,20252026,referee,Kendrick Nicholson,TOR,WSH,2,3,5,2,2,1,4,6
2026-04-08,2025021245,20252026,linesman,Shandor Alphonso,TOR,WSH,2,3,5,2,2,1,4,6
2026-04-08,2025021245,20252026,linesman,David Brisebois,TOR,WSH,2,3,5,2,2,1,4,6
2026-04-08,2025021246,20252026,referee,Francis Charron,SJS,EDM,3,3,6,4,2,0,6,6
2026-04-08,2025021246,20252026,referee,Cody Beach,SJS,EDM,3,3,6,4,2,0,6,6
2026-04-08,2025021246,20252026,linesman,Caleb Apperson,SJS,EDM,3,3,6,4,2,0,6,6
2026-04-08,2025021246,20252026,linesman,Ryan Daisy,SJS,EDM,3,3,6,4,2,0,6,6
2026-04-09,2025021252,20252026,referee,Francois St-Laurent,NYI,TOR,1,5,6,1,3,2,2,10
2026-04-09,2025021252,20252026,referee,Furman South,NYI,TOR,1,5,6,1,3,2,2,10
2026-04-09,2025021252,20252026,linesman,Kilian McNamara,NYI,TOR,1,5,6,1,3,2,2,10
2026-04-09,2025021252,20252026,linesman,Dan Kelly,NYI,TOR,1,5,6,1,3,2,2,10
2026-04-09,2025021247,20252026,referee,Pierre Lambert,BUF,CBJ,4,2,6,2,2,2,8,4
2026-04-09,2025021247,20252026,referee,Jake Brenk,BUF,CBJ,4,2,6,2,2,2,8,4
2026-04-09,2025021247,20252026,linesman,Scott Cherrey,BUF,CBJ,4,2,6,2,2,2,8,4
2026-04-09,2025021247,20252026,linesman,Brandon Grillo,BUF,CBJ,4,2,6,2,2,2,8,4
2026-04-09,2025021248,20252026,referee,Trevor Hanson,MTL,TBL,10,13,23,6,15,2,20,26
2026-04-09,2025021248,20252026,referee,Justin Kea,MTL,TBL,10,13,23,6,15,2,20,26
2026-04-09,2025021248,20252026,linesman,Andrew Smith,MTL,TBL,10,13,23,6,15,2,20,26
2026-04-09,2025021248,20252026,linesman,Mark Shewchyk,MTL,TBL,10,13,23,6,15,2,20,26
2026-04-09,2025021249,20252026,referee,Garrett Rank,OTT,FLA,1,1,2,2,0,0,2,2
2026-04-09,2025021249,20252026,referee,Michael Markovic,OTT,FLA,1,1,2,2,0,0,2,2
2026-04-09,2025021249,20252026,linesman,Shandor Alphonso,OTT,FLA,1,1,2,2,0,0,2,2
2026-04-09,2025021249,20252026,linesman,Shawn Oliver,OTT,FLA,1,1,2,2,0,0,2,2
2026-04-09,2025021250,20252026,referee,Gord Dwyer,DET,PHI,8,6,14,7,4,3,16,12
2026-04-09,2025021250,20252026,referee,Brandon Blandina,DET,PHI,8,6,14,7,4,3,16,12
2026-04-09,2025021250,20252026,linesman,CJ Murray,DET,PHI,8,6,14,7,4,3,16,12
2026-04-09,2025021250,20252026,linesman,Tyson Baker,DET,PHI,8,6,14,7,4,3,16,12
2026-04-09,2025021251,20252026,referee,Jon McIsaac,NJD,PIT,1,1,2,1,0,1,2,2
2026-04-09,2025021251,20252026,referee,Mike Sullivan,NJD,PIT,1,1,2,1,0,1,2,2
2026-04-09,2025021251,20252026,linesman,Matt MacPherson,NJD,PIT,1,1,2,1,0,1,2,2
2026-04-09,2025021251,20252026,linesman,Devin Berg,NJD,PIT,1,1,2,1,0,1,2,2
2026-04-09,2025021253,20252026,referee,Frederick L'Ecuyer,STL,WPG,1,5,6,2,2,2,2,10
2026-04-09,2025021253,20252026,referee,Tom Chmielewski,STL,WPG,1,5,6,2,2,2,2,10
2026-04-09,2025021253,20252026,linesman,Kyle Flemington,STL,WPG,1,5,6,2,2,2,2,10
2026-04-09,2025021253,20252026,linesman,Travis Gawryletz,STL,WPG,1,5,6,2,2,2,2,10
2026-04-09,2025021255,20252026,referee,Carter Sandlak,CHI,CAR,2,5,7,0,3,4,4,10
2026-04-09,2025021255,20252026,referee,Stephen Hiff,CHI,CAR,2,5,7,0,3,4,4,10
2026-04-09,2025021255,20252026,linesman,Steve Barton,CHI,CAR,2,5,7,0,3,4,4,10
2026-04-09,2025021255,20252026,linesman,James Tobias,CHI,CAR,2,5,7,0,3,4,4,10
2026-04-09,2025021254,20252026,referee,Thomas John Luxmore,DAL,MIN,10,6,16,1,8,7,20,12
2026-04-09,2025021254,20252026,referee,Eric Furlatt,DAL,MIN,10,6,16,1,8,7,20,12
2026-04-09,2025021254,20252026,linesman,Dylan Blujus,DAL,MIN,10,6,16,1,8,7,20,12
2026-04-09,2025021254,20252026,linesman,Travis Toomey,DAL,MIN,10,6,16,1,8,7,20,12
2026-04-09,2025021256,20252026,referee,Kyle Rehman,COL,CGY,2,3,5,1,2,2,4,6
2026-04-09,2025021256,20252026,referee,Ben Betker,COL,CGY,2,3,5,1,2,2,4,6
2026-04-09,2025021256,20252026,linesman,Jesse Marquis,COL,CGY,2,3,5,1,2,2,4,6
2026-04-09,2025021256,20252026,linesman,Ben O'Quinn,COL,CGY,2,3,5,1,2,2,4,6
2026-04-09,2025021257,20252026,referee,Francis Charron,UTA,NSH,2,3,5,2,1,2,4,6
2026-04-09,2025021257,20252026,referee,Cody Beach,UTA,NSH,2,3,5,2,1,2,4,6
2026-04-09,2025021257,20252026,linesman,Kiel Murchison,UTA,NSH,2,3,5,2,1,2,4,6
2026-04-09,2025021257,20252026,linesman,Jonny Murray,UTA,NSH,2,3,5,2,1,2,4,6
2026-04-09,2025021258,20252026,referee,Brian Pochmara,ANA,SJS,1,4,5,0,0,5,2,8
2026-04-09,2025021258,20252026,referee,Corey Syvret,ANA,SJS,1,4,5,0,0,5,2,8
2026-04-09,2025021258,20252026,linesman,Caleb Apperson,ANA,SJS,1,4,5,0,0,5,2,8
2026-04-09,2025021258,20252026,linesman,Jonathan Deschamps,ANA,SJS,1,4,5,0,0,5,2,8
2026-04-09,2025021259,20252026,referee,Wes McCauley,SEA,VGK,1,1,2,1,1,0,2,2
2026-04-09,2025021259,20252026,referee,Graham Skilliter,SEA,VGK,1,1,2,1,1,0,2,2
2026-04-09,2025021259,20252026,linesman,Bevan Mills,SEA,VGK,1,1,2,1,1,0,2,2
2026-04-09,2025021259,20252026,linesman,Joe Mahon,SEA,VGK,1,1,2,1,1,0,2,2
2026-04-09,2025021260,20252026,referee,Kelly Sutherland,LAK,VAN,1,1,2,2,0,0,2,2
2026-04-09,2025021260,20252026,referee,Brandon Schrader,LAK,VAN,1,1,2,2,0,0,2,2
2026-04-09,2025021260,20252026,linesman,Ryan Gibbons,LAK,VAN,1,1,2,2,0,0,2,2
2026-04-09,2025021260,20252026,linesman,Brandon Gawryletz,LAK,VAN,1,1,2,2,0,0,2,2
2026-04-11,2025021261,20252026,referee,Furman South,BOS,TBL,2,2,4,0,2,2,4,4
2026-04-11,2025021261,20252026,referee,Gord Dwyer,BOS,TBL,2,2,4,0,2,2,4,4
2026-04-11,2025021261,20252026,linesman,Mark Shewchyk,BOS,TBL,2,2,4,0,2,2,4,4
2026-04-11,2025021261,20252026,linesman,Dan Kelly,BOS,TBL,2,2,4,0,2,2,4,4
2026-04-11,2025021262,20252026,referee,Chris Rooney,NYI,OTT,5,5,10,3,3,4,10,10
2026-04-11,2025021262,20252026,referee,Jake Brenk,NYI,OTT,5,5,10,3,3,4,10,10
2026-04-11,2025021262,20252026,linesman,Libor Suchanek,NYI,OTT,5,5,10,3,3,4,10,10
2026-04-11,2025021262,20252026,linesman,Kilian McNamara,NYI,OTT,5,5,10,3,3,4,10,10
2026-04-11,2025021263,20252026,referee,Frederick L'Ecuyer,PIT,WSH,2,0,2,0,1,1,4,0
2026-04-11,2025021263,20252026,referee,Carter Sandlak,PIT,WSH,2,0,2,0,1,1,4,0
2026-04-11,2025021263,20252026,linesman,CJ Murray,PIT,WSH,2,0,2,0,1,1,4,0
2026-04-11,2025021263,20252026,linesman,Matt MacPherson,PIT,WSH,2,0,2,0,1,1,4,0
2026-04-11,2025021264,20252026,referee,Kelly Sutherland,LAK,EDM,2,2,4,2,1,1,4,4
2026-04-11,2025021264,20252026,referee,Corey Syvret,LAK,EDM,2,2,4,2,1,1,4,4
2026-04-11,2025021264,20252026,linesman,Jonathan Deschamps,LAK,EDM,2,2,4,2,1,1,4,4
2026-04-11,2025021264,20252026,linesman,Ben O'Quinn,LAK,EDM,2,2,4,2,1,1,4,4
2026-04-11,2025021265,20252026,referee,Francois St-Laurent,DET,NJD,0,1,1,1,0,0,0,2
2026-04-11,2025021265,20252026,referee,Michael Markovic,DET,NJD,0,1,1,1,0,0,0,2
2026-04-11,2025021265,20252026,linesman,Scott Cherrey,DET,NJD,0,1,1,1,0,0,0,2
2026-04-11,2025021265,20252026,linesman,Tyson Baker,DET,NJD,0,1,1,1,0,0,0,2
2026-04-11,2025021266,20252026,referee,Jon McIsaac,CHI,STL,1,2,3,2,1,0,2,4
2026-04-11,2025021266,20252026,referee,Kendrick Nicholson,CHI,STL,1,2,3,2,1,0,2,4
2026-04-11,2025021266,20252026,linesman,Steve Barton,CHI,STL,1,2,3,2,1,0,2,4
2026-04-11,2025021266,20252026,linesman,David Brisebois,CHI,STL,1,2,3,2,1,0,2,4
2026-04-11,2025021267,20252026,referee,Wes McCauley,NSH,MIN,2,4,6,4,0,2,4,8
2026-04-11,2025021267,20252026,referee,Brandon Blandina,NSH,MIN,2,4,6,4,0,2,4,8
2026-04-11,2025021267,20252026,linesman,Julien Fournier,NSH,MIN,2,4,6,4,0,2,4,8
2026-04-11,2025021267,20252026,linesman,Travis Gawryletz,NSH,MIN,2,4,6,4,0,2,4,8
2026-04-11,2025021268,20252026,referee,Eric Furlatt,DAL,NYR,6,5,11,4,6,1,12,10
2026-04-11,2025021268,20252026,referee,Stephen Hiff,DAL,NYR,6,5,11,4,6,1,12,10
2026-04-11,2025021268,20252026,linesman,Kyle Flemington,DAL,NYR,6,5,11,4,6,1,12,10
2026-04-11,2025021268,20252026,linesman,Kiel Murchison,DAL,NYR,6,5,11,4,6,1,12,10
2026-04-11,2025021269,20252026,referee,Kyle Rehman,UTA,CAR,3,5,8,3,2,3,6,10
2026-04-11,2025021269,20252026,referee,Tom Chmielewski,UTA,CAR,3,5,8,3,2,3,6,10
2026-04-11,2025021269,20252026,linesman,Caleb Apperson,UTA,CAR,3,5,8,3,2,3,6,10
2026-04-11,2025021269,20252026,linesman,Jonny Murray,UTA,CAR,3,5,8,3,2,3,6,10
2026-04-11,2025021270,20252026,referee,Justin Kea,TOR,FLA,1,1,2,1,1,0,2,2
2026-04-11,2025021270,20252026,referee,Morgan MacPhee,TOR,FLA,1,1,2,1,1,0,2,2
2026-04-11,2025021270,20252026,linesman,Andrew Smith,TOR,FLA,1,1,2,1,1,0,2,2
2026-04-11,2025021270,20252026,linesman,Devin Berg,TOR,FLA,1,1,2,1,1,0,2,2
2026-04-11,2025021271,20252026,referee,Garrett Rank,MTL,CBJ,6,6,12,4,2,6,12,12
2026-04-11,2025021271,20252026,referee,Pierre Lambert,MTL,CBJ,6,6,12,4,2,6,12,12
2026-04-11,2025021271,20252026,linesman,Shandor Alphonso,MTL,CBJ,6,6,12,4,2,6,12,12
2026-04-11,2025021271,20252026,linesman,Jeremy Faucher,MTL,CBJ,6,6,12,4,2,6,12,12
2026-04-11,2025021272,20252026,referee,Chris Schlenker,WPG,PHI,2,3,5,2,1,2,4,6
2026-04-11,2025021272,20252026,referee,Trevor Hanson,WPG,PHI,2,3,5,2,1,2,4,6
2026-04-11,2025021272,20252026,linesman,James Tobias,WPG,PHI,2,3,5,2,1,2,4,6
2026-04-11,2025021272,20252026,linesman,Trent Knorr,WPG,PHI,2,3,5,2,1,2,4,6
2026-04-11,2025021273,20252026,referee,Graham Skilliter,SEA,CGY,1,3,4,0,2,2,2,6
2026-04-11,2025021273,20252026,referee,Brandon Schrader,SEA,CGY,1,3,4,0,2,2,2,6
2026-04-11,2025021273,20252026,linesman,Bevan Mills,SEA,CGY,1,3,4,0,2,2,2,6
2026-04-11,2025021273,20252026,linesman,Joe Mahon,SEA,CGY,1,3,4,0,2,2,2,6
2026-04-11,2025021274,20252026,referee,Francis Charron,COL,VGK,4,3,7,5,1,1,8,6
2026-04-11,2025021274,20252026,referee,Cody Beach,COL,VGK,4,3,7,5,1,1,8,6
2026-04-11,2025021274,20252026,linesman,Jesse Marquis,COL,VGK,4,3,7,5,1,1,8,6
2026-04-11,2025021274,20252026,linesman,Travis Toomey,COL,VGK,4,3,7,5,1,1,8,6
2026-04-11,2025021275,20252026,referee,Brian Pochmara,SJS,VAN,3,1,4,0,3,1,6,2
2026-04-11,2025021275,20252026,referee,Jordan Samuels-Thomas,SJS,VAN,3,1,4,0,3,1,6,2
2026-04-11,2025021275,20252026,linesman,Ryan Gibbons,SJS,VAN,3,1,4,0,3,1,6,2
2026-04-11,2025021275,20252026,linesman,Brandon Gawryletz,SJS,VAN,3,1,4,0,3,1,6,2
2026-04-12,2025021276,20252026,referee,Chris Rooney,WSH,PIT,2,1,3,2,1,0,4,2
2026-04-12,2025021276,20252026,referee,Furman South,WSH,PIT,2,1,3,2,1,0,4,2
2026-04-12,2025021276,20252026,linesman,Libor Suchanek,WSH,PIT,2,1,3,2,1,0,4,2
2026-04-12,2025021276,20252026,linesman,Ryan Daisy,WSH,PIT,2,1,3,2,1,0,4,2
2026-04-12,2025021277,20252026,referee,Thomas John Luxmore,NYI,MTL,3,3,6,2,4,0,6,6
2026-04-12,2025021277,20252026,referee,Carter Sandlak,NYI,MTL,3,3,6,2,4,0,6,6
2026-04-12,2025021277,20252026,linesman,Julien Fournier,NYI,MTL,3,3,6,2,4,0,6,6
2026-04-12,2025021277,20252026,linesman,Tommy Hughes,NYI,MTL,3,3,6,2,4,0,6,6
2026-04-12,2025021278,20252026,referee,Jon McIsaac,CBJ,BOS,0,3,3,1,2,0,0,6
2026-04-12,2025021278,20252026,referee,Gord Dwyer,CBJ,BOS,0,3,3,1,2,0,0,6
2026-04-12,2025021278,20252026,linesman,Matt MacPherson,CBJ,BOS,0,3,3,1,2,0,0,6
2026-04-12,2025021278,20252026,linesman,David Brisebois,CBJ,BOS,0,3,3,1,2,0,0,6
2026-04-12,2025021279,20252026,referee,Frederick L'Ecuyer,NJD,OTT,4,3,7,2,2,3,8,6
2026-04-12,2025021279,20252026,referee,Mitch Dunning,NJD,OTT,4,3,7,2,2,3,8,6
2026-04-12,2025021279,20252026,linesman,Kilian McNamara,NJD,OTT,4,3,7,2,2,3,8,6
2026-04-12,2025021279,20252026,linesman,Dan Kelly,NJD,OTT,4,3,7,2,2,3,8,6
2026-04-12,2025021280,20252026,referee,Kelly Sutherland,ANA,VAN,2,2,4,3,0,1,4,4
2026-04-12,2025021280,20252026,referee,Brian Pochmara,ANA,VAN,2,2,4,3,0,1,4,4
2026-04-12,2025021280,20252026,linesman,Joe Mahon,ANA,VAN,2,2,4,3,0,1,4,4
2026-04-12,2025021280,20252026,linesman,Ben O'Quinn,ANA,VAN,2,2,4,3,0,1,4,4
2026-04-12,2025021281,20252026,referee,Chris Schlenker,CGY,UTA,3,4,7,3,2,2,6,8
2026-04-12,2025021281,20252026,referee,Trevor Hanson,CGY,UTA,3,4,7,3,2,2,6,8
2026-04-12,2025021281,20252026,linesman,James Tobias,CGY,UTA,3,4,7,3,2,2,6,8
2026-04-12,2025021281,20252026,linesman,Trent Knorr,CGY,UTA,3,4,7,3,2,2,6,8
2026-04-13,2025021282,20252026,referee,Jean Hebert,TBL,DET,3,1,4,1,2,1,6,2
2026-04-13,2025021282,20252026,referee,Kendrick Nicholson,TBL,DET,3,1,4,1,2,1,6,2
2026-04-13,2025021282,20252026,linesman,CJ Murray,TBL,DET,3,1,4,1,2,1,6,2
2026-04-13,2025021282,20252026,linesman,Jonny Murray,TBL,DET,3,1,4,1,2,1,6,2
2026-04-13,2025021283,20252026,referee,Garrett Rank,FLA,NYR,4,2,6,2,3,1,8,4
2026-04-13,2025021283,20252026,referee,Liam Maaskant,FLA,NYR,4,2,6,2,3,1,8,4
2026-04-13,2025021283,20252026,linesman,Libor Suchanek,FLA,NYR,4,2,6,2,3,1,8,4
2026-04-13,2025021283,20252026,linesman,Tyson Baker,FLA,NYR,4,2,6,2,3,1,8,4
2026-04-13,2025021284,20252026,referee,Chris Rooney,PHI,CAR,1,2,3,1,1,1,2,4
2026-04-13,2025021284,20252026,referee,Jake Brenk,PHI,CAR,1,2,3,1,1,1,2,4
2026-04-13,2025021284,20252026,linesman,Devin Berg,PHI,CAR,1,2,3,1,1,1,2,4
2026-04-13,2025021284,20252026,linesman,Mark Shewchyk,PHI,CAR,1,2,3,1,1,1,2,4
2026-04-13,2025021285,20252026,referee,Jon McIsaac,TOR,DAL,3,2,5,2,2,1,6,4
2026-04-13,2025021285,20252026,referee,Alex Lepkowski,TOR,DAL,3,2,5,2,2,1,6,4
2026-04-13,2025021285,20252026,linesman,Scott Cherrey,TOR,DAL,3,2,5,2,2,1,6,4
2026-04-13,2025021285,20252026,linesman,Jeremy Faucher,TOR,DAL,3,2,5,2,2,1,6,4
2026-04-13,2025021286,20252026,referee,Francois St-Laurent,STL,MIN,5,4,9,3,3,3,10,8
2026-04-13,2025021286,20252026,referee,Michael Markovic,STL,MIN,5,4,9,3,3,3,10,8
2026-04-13,2025021286,20252026,linesman,Jonathan Deschamps,STL,MIN,5,4,9,3,3,3,10,8
2026-04-13,2025021286,20252026,linesman,Jesse Marquis,STL,MIN,5,4,9,3,3,3,10,8
2026-04-13,2025021287,20252026,referee,Thomas John Luxmore,NSH,SJS,1,1,2,0,1,1,2,2
2026-04-13,2025021287,20252026,referee,Eric Furlatt,NSH,SJS,1,1,2,0,1,1,2,2
2026-04-13,2025021287,20252026,linesman,Kyle Flemington,NSH,SJS,1,1,2,0,1,1,2,2
2026-04-13,2025021287,20252026,linesman,Travis Gawryletz,NSH,SJS,1,1,2,0,1,1,2,2
2026-04-13,2025021288,20252026,referee,Brandon Blandina,CHI,BUF,2,5,7,2,1,4,4,10
2026-04-13,2025021288,20252026,referee,Morgan MacPhee,CHI,BUF,2,5,7,2,1,4,4,10
2026-04-13,2025021288,20252026,linesman,Matt MacPherson,CHI,BUF,2,5,7,2,1,4,4,10
2026-04-13,2025021288,20252026,linesman,Dan Kelly,CHI,BUF,2,5,7,2,1,4,4,10
2026-04-13,2025021289,20252026,referee,Graham Skilliter,EDM,COL,3,3,6,1,2,3,6,6
2026-04-13,2025021289,20252026,referee,Brandon Schrader,EDM,COL,3,3,6,1,2,3,6,6
2026-04-13,2025021289,20252026,linesman,James Tobias,EDM,COL,3,3,6,1,2,3,6,6
2026-04-13,2025021289,20252026,linesman,Trent Knorr,EDM,COL,3,3,6,1,2,3,6,6
2026-04-13,2025021291,20252026,referee,Francis Charron,SEA,LAK,3,1,4,3,0,1,6,2
2026-04-13,2025021291,20252026,referee,Tom Chmielewski,SEA,LAK,3,1,4,3,0,1,6,2
2026-04-13,2025021291,20252026,linesman,Ryan Gibbons,SEA,LAK,3,1,4,3,0,1,6,2
2026-04-13,2025021291,20252026,linesman,Travis Toomey,SEA,LAK,3,1,4,3,0,1,6,2
2026-04-13,2025021290,20252026,referee,Kyle Rehman,VGK,WPG,7,9,16,2,8,6,14,18
2026-04-13,2025021290,20252026,referee,Brian Pochmara,VGK,WPG,7,9,16,2,8,6,14,18
2026-04-13,2025021290,20252026,linesman,Brandon Gawryletz,VGK,WPG,7,9,16,2,8,6,14,18
2026-04-13,2025021290,20252026,linesman,Joe Mahon,VGK,WPG,7,9,16,2,8,6,14,18
2026-04-14,2025021292,20252026,referee,Mitch Dunning,BOS,NJD,1,0,1,0,0,1,2,0
2026-04-14,2025021292,20252026,referee,Justin Kea,BOS,NJD,1,0,1,0,0,1,2,0
2026-04-14,2025021292,20252026,linesman,Shawn Oliver,BOS,NJD,1,0,1,0,0,1,2,0
2026-04-14,2025021292,20252026,linesman,Devin Berg,BOS,NJD,1,0,1,0,0,1,2,0
2026-04-14,2025021293,20252026,referee,Frederick L'Ecuyer,NYI,CAR,1,2,3,1,0,2,2,4
2026-04-14,2025021293,20252026,referee,Pierre Lambert,NYI,CAR,1,2,3,1,0,2,2,4
2026-04-14,2025021293,20252026,linesman,Scott Cherrey,NYI,CAR,1,2,3,1,0,2,2,4
2026-04-14,2025021293,20252026,linesman,Julien Fournier,NYI,CAR,1,2,3,1,0,2,2,4
2026-04-14,2025021294,20252026,referee,Jake Brenk,PHI,MTL,5,2,7,1,1,5,10,4
2026-04-14,2025021294,20252026,referee,Peter MacDougall,PHI,MTL,5,2,7,1,1,5,10,4
2026-04-14,2025021294,20252026,linesman,Mark Shewchyk,PHI,MTL,5,2,7,1,1,5,10,4
2026-04-14,2025021294,20252026,linesman,Kilian McNamara,PHI,MTL,5,2,7,1,1,5,10,4
2026-04-14,2025021295,20252026,referee,Wes McCauley,CBJ,WSH,3,1,4,0,2,2,6,2
2026-04-14,2025021295,20252026,referee,Brandon Blandina,CBJ,WSH,3,1,4,0,2,2,6,2
2026-04-14,2025021295,20252026,linesman,Shandor Alphonso,CBJ,WSH,3,1,4,0,2,2,6,2
2026-04-14,2025021295,20252026,linesman,David Brisebois,CBJ,WSH,3,1,4,0,2,2,6,2
2026-04-14,2025021296,20252026,referee,Kelly Sutherland,MIN,ANA,4,2,6,4,1,1,8,4
2026-04-14,2025021296,20252026,referee,Carter Sandlak,MIN,ANA,4,2,6,4,1,1,8,4
2026-04-14,2025021296,20252026,linesman,Brandon Grillo,MIN,ANA,4,2,6,4,1,1,8,4
2026-04-14,2025021296,20252026,linesman,Ben O'Quinn,MIN,ANA,4,2,6,4,1,1,8,4
2026-04-14,2025021297,20252026,referee,Tom Chmielewski,UTA,WPG,3,5,8,2,4,2,6,10
2026-04-14,2025021297,20252026,referee,Corey Syvret,UTA,WPG,3,5,8,2,4,2,6,10
2026-04-14,2025021297,20252026,linesman,Ryan Gibbons,UTA,WPG,3,5,8,2,4,2,6,10
2026-04-14,2025021297,20252026,linesman,Brandon Gawryletz,UTA,WPG,3,5,8,2,4,2,6,10
2026-04-14,2025021298,20252026,referee,Cody Beach,CGY,COL,4,2,6,2,4,0,8,4
2026-04-14,2025021298,20252026,referee,Graedy Hamilton,CGY,COL,4,2,6,2,4,0,8,4
2026-04-14,2025021298,20252026,linesman,Andrew Smith,CGY,COL,4,2,6,2,4,0,8,4
2026-04-14,2025021298,20252026,linesman,Caleb Apperson,CGY,COL,4,2,6,2,4,0,8,4
2026-04-14,2025021299,20252026,referee,Gord Dwyer,STL,PIT,2,3,5,1,2,2,4,6
2026-04-14,2025021299,20252026,referee,Michael Markovic,STL,PIT,2,3,5,1,2,2,4,6
2026-04-14,2025021299,20252026,linesman,Jonathan Deschamps,STL,PIT,2,3,5,1,2,2,4,6
2026-04-14,2025021299,20252026,linesman,Jesse Marquis,STL,PIT,2,3,5,1,2,2,4,6
2026-04-14,2025021300,20252026,referee,Chris Schlenker,VAN,LAK,3,3,6,1,3,2,6,6
2026-04-14,2025021300,20252026,referee,Francis Charron,VAN,LAK,3,3,6,1,3,2,6,6
2026-04-14,2025021300,20252026,linesman,Bevan Mills,VAN,LAK,3,3,6,1,3,2,6,6
2026-04-14,2025021300,20252026,linesman,Kiel Murchison,VAN,LAK,3,3,6,1,3,2,6,6
2026-04-15,2025021301,20252026,referee,Wes McCauley,BUF,DAL,3,2,5,2,2,1,6,4
2026-04-15,2025021301,20252026,referee,Chris Rooney,BUF,DAL,3,2,5,2,2,1,6,4
2026-04-15,2025021301,20252026,linesman,Kyle Flemington,BUF,DAL,3,2,5,2,2,1,6,4
2026-04-15,2025021301,20252026,linesman,Steve Barton,BUF,DAL,3,2,5,2,2,1,6,4
2026-04-15,2025021302,20252026,referee,Kendrick Nicholson,TBL,NYR,5,5,10,0,8,2,10,10
2026-04-15,2025021302,20252026,referee,Liam Maaskant,TBL,NYR,5,5,10,0,8,2,10,10
2026-04-15,2025021302,20252026,linesman,CJ Murray,TBL,NYR,5,5,10,0,8,2,10,10
2026-04-15,2025021302,20252026,linesman,Tyson Baker,TBL,NYR,5,5,10,0,8,2,10,10
2026-04-15,2025021303,20252026,referee,Garrett Rank,FLA,DET,3,1,4,1,1,2,6,2
2026-04-15,2025021303,20252026,referee,Jean Hebert,FLA,DET,3,1,4,1,1,2,6,2
2026-04-15,2025021303,20252026,linesman,Jonny Murray,FLA,DET,3,1,4,1,1,2,6,2
2026-04-15,2025021303,20252026,linesman,Dan Kelly,FLA,DET,3,1,4,1,1,2,6,2
2026-04-15,2025021304,20252026,referee,Jon McIsaac,OTT,TOR,2,3,5,2,3,0,4,6
2026-04-15,2025021304,20252026,referee,Eric Furlatt,OTT,TOR,2,3,5,2,3,0,4,6
2026-04-15,2025021304,20252026,linesman,Julien Fournier,OTT,TOR,2,3,5,2,3,0,4,6
2026-04-15,2025021304,20252026,linesman,Matt MacPherson,OTT,TOR,2,3,5,2,3,0,4,6
2026-04-15,2025021305,20252026,referee,Pierre Lambert,CHI,SJS,4,3,7,2,4,1,8,6
2026-04-15,2025021305,20252026,referee,Carter Sandlak,CHI,SJS,4,3,7,2,4,1,8,6
2026-04-15,2025021305,20252026,linesman,Ben O'Quinn,CHI,SJS,4,3,7,2,4,1,8,6
2026-04-15,2025021305,20252026,linesman,David Brisebois,CHI,SJS,4,3,7,2,4,1,8,6
2026-04-15,2025021306,20252026,referee,Trevor Hanson,VGK,SEA,0,2,2,1,1,0,0,4
2026-04-15,2025021306,20252026,referee,Brian Pochmara,VGK,SEA,0,2,2,1,1,0,0,4
2026-04-15,2025021306,20252026,linesman,James Tobias,VGK,SEA,0,2,2,1,1,0,0,4
2026-04-15,2025021306,20252026,linesman,Joe Mahon,VGK,SEA,0,2,2,1,1,0,0,4
2026-04-16,2025021309,20252026,referee,Trevor Hanson,UTA,STL,2,1,3,1,2,0,4,2
2026-04-16,2025021309,20252026,referee,Brian Pochmara,UTA,STL,2,1,3,1,2,0,4,2
2026-04-16,2025021309,20252026,linesman,Ryan Gibbons,UTA,STL,2,1,3,1,2,0,4,2
2026-04-16,2025021309,20252026,linesman,Joe Mahon,UTA,STL,2,1,3,1,2,0,4,2
2026-04-16,2025021307,20252026,referee,Gord Dwyer,NSH,ANA,6,3,9,1,4,4,12,6
2026-04-16,2025021307,20252026,referee,Pierre Lambert,NSH,ANA,6,3,9,1,4,4,12,6
2026-04-16,2025021307,20252026,linesman,Shandor Alphonso,NSH,ANA,6,3,9,1,4,4,12,6
2026-04-16,2025021307,20252026,linesman,David Brisebois,NSH,ANA,6,3,9,1,4,4,12,6
2026-04-16,2025021308,20252026,referee,Kelly Sutherland,WPG,SJS,4,4,8,2,1,5,8,8
2026-04-16,2025021308,20252026,referee,Cody Beach,WPG,SJS,4,4,8,2,1,5,8,8
2026-04-16,2025021308,20252026,linesman,Andrew Smith,WPG,SJS,4,4,8,2,1,5,8,8
2026-04-16,2025021308,20252026,linesman,Caleb Apperson,WPG,SJS,4,4,8,2,1,5,8,8
2026-04-16,2025021310,20252026,referee,Kyle Rehman,CGY,LAK,3,4,7,2,4,1,6,8
2026-04-16,2025021310,20252026,referee,Graham Skilliter,CGY,LAK,3,4,7,2,4,1,6,8
2026-04-16,2025021310,20252026,linesman,Trent Knorr,CGY,LAK,3,4,7,2,4,1,6,8
2026-04-16,2025021310,20252026,linesman,Kiel Murchison,CGY,LAK,3,4,7,2,4,1,6,8
2026-04-16,2025021311,20252026,referee,Francis Charron,EDM,VAN,2,4,6,1,5,0,4,8
2026-04-16,2025021311,20252026,referee,Stephen Hiff,EDM,VAN,2,4,6,1,5,0,4,8
2026-04-16,2025021311,20252026,linesman,Bevan Mills,EDM,VAN,2,4,6,1,5,0,4,8
2026-04-16,2025021311,20252026,linesman,Travis Toomey,EDM,VAN,2,4,6,1,5,0,4,8
2026-04-16,2025021312,20252026,referee,Chris Schlenker,COL,SEA,3,5,8,1,2,5,6,10
2026-04-16,2025021312,20252026,referee,Jordan Samuels-Thomas,COL,SEA,3,5,8,1,2,5,6,10
2026-04-16,2025021312,20252026,linesman,Brandon Gawryletz,COL,SEA,3,5,8,1,2,5,6,10
2026-04-16,2025021312,20252026,linesman,Travis Gawryletz,COL,SEA,3,5,8,1,2,5,6,10
2026-04-18,2025030131,20252026,referee,Wes McCauley,CAR,OTT,5,8,13,1,3,9,10,16
2026-04-18,2025030131,20252026,referee,Brandon Blandina,CAR,OTT,5,8,13,1,3,9,10,16
2026-04-18,2025030131,20252026,linesman,Kyle Flemington,CAR,OTT,5,8,13,1,3,9,10,16
2026-04-18,2025030131,20252026,linesman,Ryan Daisy,CAR,OTT,5,8,13,1,3,9,10,16
2026-04-18,2025030161,20252026,referee,Furman South,DAL,MIN,5,5,10,3,2,5,10,10
2026-04-18,2025030161,20252026,referee,Jean Hebert,DAL,MIN,5,5,10,3,2,5,10,10
2026-04-18,2025030161,20252026,linesman,CJ Murray,DAL,MIN,5,5,10,3,2,5,10,10
2026-04-18,2025030161,20252026,linesman,Jonny Murray,DAL,MIN,5,5,10,3,2,5,10,10
2026-04-18,2025030141,20252026,referee,Chris Rooney,PIT,PHI,5,4,9,4,2,3,10,8
2026-04-18,2025030141,20252026,referee,Peter MacDougall,PIT,PHI,5,4,9,4,2,3,10,8
2026-04-18,2025030141,20252026,linesman,James Tobias,PIT,PHI,5,4,9,4,2,3,10,8
2026-04-18,2025030141,20252026,linesman,Devin Berg,PIT,PHI,5,4,9,4,2,3,10,8
2026-04-19,2025030151,20252026,referee,Kendrick Nicholson,COL,LAK,5,5,10,1,4,5,10,10
2026-04-19,2025030151,20252026,referee,Eric Furlatt,COL,LAK,5,5,10,1,4,5,10,10
2026-04-19,2025030151,20252026,linesman,Scott Cherrey,COL,LAK,5,5,10,1,4,5,10,10
2026-04-19,2025030151,20252026,linesman,Kilian McNamara,COL,LAK,5,5,10,1,4,5,10,10
2026-04-19,2025030121,20252026,referee,Francois St-Laurent,TBL,MTL,7,7,14,6,5,3,14,14
2026-04-19,2025030121,20252026,referee,Jake Brenk,TBL,MTL,7,7,14,6,5,3,14,14
2026-04-19,2025030121,20252026,linesman,Shandor Alphonso,TBL,MTL,7,7,14,6,5,3,14,14
2026-04-19,2025030121,20252026,linesman,Julien Fournier,TBL,MTL,7,7,14,6,5,3,14,14
2026-04-19,2025030111,20252026,referee,Jon McIsaac,BUF,BOS,5,6,11,3,2,6,10,12
2026-04-19,2025030111,20252026,referee,Francis Charron,BUF,BOS,5,6,11,3,2,6,10,12
2026-04-19,2025030111,20252026,linesman,Andrew Smith,BUF,BOS,5,6,11,3,2,6,10,12
2026-04-19,2025030111,20252026,linesman,Jesse Marquis,BUF,BOS,5,6,11,3,2,6,10,12
2026-04-19,2025030171,20252026,referee,Trevor Hanson,VGK,UTA,4,4,8,5,0,3,8,8
2026-04-19,2025030171,20252026,referee,Thomas John Luxmore,VGK,UTA,4,4,8,5,0,3,8,8
2026-04-19,2025030171,20252026,linesman,Kiel Murchison,VGK,UTA,4,4,8,5,0,3,8,8
2026-04-19,2025030171,20252026,linesman,Travis Toomey,VGK,UTA,4,4,8,5,0,3,8,8
2026-04-20,2025030142,20252026,referee,Garrett Rank,PIT,PHI,6,5,11,4,3,4,12,10
2026-04-20,2025030142,20252026,referee,Kyle Rehman,PIT,PHI,6,5,11,4,3,4,12,10
2026-04-20,2025030142,20252026,linesman,Travis Gawryletz,PIT,PHI,6,5,11,4,3,4,12,10
2026-04-20,2025030142,20252026,linesman,Matt MacPherson,PIT,PHI,6,5,11,4,3,4,12,10
2026-04-20,2025030132,20252026,referee,Furman South,CAR,OTT,4,2,6,3,3,0,8,4
2026-04-20,2025030132,20252026,referee,Jean Hebert,CAR,OTT,4,2,6,3,3,0,8,4
2026-04-20,2025030132,20252026,linesman,Ryan Gibbons,CAR,OTT,4,2,6,3,3,0,8,4
2026-04-20,2025030132,20252026,linesman,Libor Suchanek,CAR,OTT,4,2,6,3,3,0,8,4
2026-04-20,2025030162,20252026,referee,Wes McCauley,DAL,MIN,7,8,15,3,9,3,14,16
2026-04-20,2025030162,20252026,referee,Brandon Blandina,DAL,MIN,7,8,15,3,9,3,14,16
2026-04-20,2025030162,20252026,linesman,Trent Knorr,DAL,MIN,7,8,15,3,9,3,14,16
2026-04-20,2025030162,20252026,linesman,Tyson Baker,DAL,MIN,7,8,15,3,9,3,14,16
2026-04-20,2025030181,20252026,referee,Gord Dwyer,EDM,ANA,2,2,4,0,4,0,4,4
2026-04-20,2025030181,20252026,referee,Pierre Lambert,EDM,ANA,2,2,4,0,4,0,4,4
2026-04-20,2025030181,20252026,linesman,Bevan Mills,EDM,ANA,2,2,4,0,4,0,4,4
2026-04-20,2025030181,20252026,linesman,David Brisebois,EDM,ANA,2,2,4,0,4,0,4,4
2026-04-21,2025030122,20252026,referee,Frederick L'Ecuyer,TBL,MTL,11,10,21,16,3,2,22,20
2026-04-21,2025030122,20252026,referee,Graham Skilliter,TBL,MTL,11,10,21,16,3,2,22,20
2026-04-21,2025030122,20252026,linesman,Andrew Smith,TBL,MTL,11,10,21,16,3,2,22,20
2026-04-21,2025030122,20252026,linesman,Jesse Marquis,TBL,MTL,11,10,21,16,3,2,22,20
2026-04-21,2025030112,20252026,referee,Eric Furlatt,BUF,BOS,11,11,22,8,3,11,22,22
2026-04-21,2025030112,20252026,referee,Kendrick Nicholson,BUF,BOS,11,11,22,8,3,11,22,22
2026-04-21,2025030112,20252026,linesman,James Tobias,BUF,BOS,11,11,22,8,3,11,22,22
2026-04-21,2025030112,20252026,linesman,Devin Berg,BUF,BOS,11,11,22,8,3,11,22,22
2026-04-21,2025030172,20252026,referee,Kelly Sutherland,VGK,UTA,7,7,14,8,5,1,14,14
2026-04-21,2025030172,20252026,referee,Corey Syvret,VGK,UTA,7,7,14,8,5,1,14,14
2026-04-21,2025030172,20252026,linesman,Scott Cherrey,VGK,UTA,7,7,14,8,5,1,14,14
2026-04-21,2025030172,20252026,linesman,Kilian McNamara,VGK,UTA,7,7,14,8,5,1,14,14
2026-04-21,2025030152,20252026,referee,Trevor Hanson,COL,LAK,6,4,10,7,2,1,12,8
2026-04-21,2025030152,20252026,referee,Thomas John Luxmore,COL,LAK,6,4,10,7,2,1,12,8
2026-04-21,2025030152,20252026,linesman,Kiel Murchison,COL,LAK,6,4,10,7,2,1,12,8
2026-04-21,2025030152,20252026,linesman,Travis Toomey,COL,LAK,6,4,10,7,2,1,12,8
2026-04-22,2025030143,20252026,referee,Francois St-Laurent,PHI,PIT,14,11,25,3,17,5,28,22
2026-04-22,2025030143,20252026,referee,Jake Brenk,PHI,PIT,14,11,25,3,17,5,28,22
2026-04-22,2025030143,20252026,linesman,CJ Murray,PHI,PIT,14,11,25,3,17,5,28,22
2026-04-22,2025030143,20252026,linesman,Jonny Murray,PHI,PIT,14,11,25,3,17,5,28,22
2026-04-22,2025030163,20252026,referee,Gord Dwyer,MIN,DAL,7,6,13,3,6,4,14,12
2026-04-22,2025030163,20252026,referee,Pierre Lambert,MIN,DAL,7,6,13,3,6,4,14,12
2026-04-22,2025030163,20252026,linesman,Ryan Gibbons,MIN,DAL,7,6,13,3,6,4,14,12
2026-04-22,2025030163,20252026,linesman,Libor Suchanek,MIN,DAL,7,6,13,3,6,4,14,12
2026-04-22,2025030182,20252026,referee,Chris Rooney,EDM,ANA,3,4,7,4,3,0,6,8
2026-04-22,2025030182,20252026,referee,Peter MacDougall,EDM,ANA,3,4,7,4,3,0,6,8
2026-04-22,2025030182,20252026,linesman,Bevan Mills,EDM,ANA,3,4,7,4,3,0,6,8
2026-04-22,2025030182,20252026,linesman,David Brisebois,EDM,ANA,3,4,7,4,3,0,6,8
2026-04-23,2025030113,20252026,referee,Garrett Rank,BOS,BUF,6,5,11,4,2,5,12,10
2026-04-23,2025030113,20252026,referee,Kyle Rehman,BOS,BUF,6,5,11,4,2,5,12,10
2026-04-23,2025030113,20252026,linesman,Kyle Flemington,BOS,BUF,6,5,11,4,2,5,12,10
2026-04-23,2025030113,20252026,linesman,Ryan Daisy,BOS,BUF,6,5,11,4,2,5,12,10
2026-04-23,2025030133,20252026,referee,Jon McIsaac,OTT,CAR,4,5,9,3,5,1,8,10
2026-04-23,2025030133,20252026,referee,Francis Charron,OTT,CAR,4,5,9,3,5,1,8,10
2026-04-23,2025030133,20252026,linesman,Shandor Alphonso,OTT,CAR,4,5,9,3,5,1,8,10
2026-04-23,2025030133,20252026,linesman,Julien Fournier,OTT,CAR,4,5,9,3,5,1,8,10
2026-04-23,2025030153,20252026,referee,Kelly Sutherland,LAK,COL,3,5,8,2,3,3,6,10
2026-04-23,2025030153,20252026,referee,Corey Syvret,LAK,COL,3,5,8,2,3,3,6,10
2026-04-23,2025030153,20252026,linesman,Travis Gawryletz,LAK,COL,3,5,8,2,3,3,6,10
2026-04-23,2025030153,20252026,linesman,Matt MacPherson,LAK,COL,3,5,8,2,3,3,6,10
2026-04-24,2025030123,20252026,referee,Chris Rooney,MTL,TBL,8,7,15,4,6,5,16,14
2026-04-24,2025030123,20252026,referee,Peter MacDougall,MTL,TBL,8,7,15,4,6,5,16,14
2026-04-24,2025030123,20252026,linesman,James Tobias,MTL,TBL,8,7,15,4,6,5,16,14
2026-04-24,2025030123,20252026,linesman,Devin Berg,MTL,TBL,8,7,15,4,6,5,16,14
2026-04-24,2025030173,20252026,referee,Gord Dwyer,UTA,VGK,5,2,7,2,1,4,10,4
2026-04-24,2025030173,20252026,referee,Pierre Lambert,UTA,VGK,5,2,7,2,1,4,10,4
2026-04-24,2025030173,20252026,linesman,Ryan Gibbons,UTA,VGK,5,2,7,2,1,4,10,4
2026-04-24,2025030173,20252026,linesman,Libor Suchanek,UTA,VGK,5,2,7,2,1,4,10,4
2026-04-24,2025030183,20252026,referee,Frederick L'Ecuyer,ANA,EDM,3,4,7,2,0,5,6,8
2026-04-24,2025030183,20252026,referee,Graham Skilliter,ANA,EDM,3,4,7,2,0,5,6,8
2026-04-24,2025030183,20252026,linesman,Trent Knorr,ANA,EDM,3,4,7,2,0,5,6,8
2026-04-24,2025030183,20252026,linesman,Tyson Baker,ANA,EDM,3,4,7,2,0,5,6,8
2026-04-25,2025030134,20252026,referee,Eric Furlatt,OTT,CAR,7,11,18,4,11,3,14,22
2026-04-25,2025030134,20252026,referee,Kendrick Nicholson,OTT,CAR,7,11,18,4,11,3,14,22
2026-04-25,2025030134,20252026,linesman,Andrew Smith,OTT,CAR,7,11,18,4,11,3,14,22
2026-04-25,2025030134,20252026,linesman,Jesse Marquis,OTT,CAR,7,11,18,4,11,3,14,22
2026-04-25,2025030164,20252026,referee,Garrett Rank,MIN,DAL,2,4,6,4,2,0,4,8
2026-04-25,2025030164,20252026,referee,Kyle Rehman,MIN,DAL,2,4,6,4,2,0,4,8
2026-04-25,2025030164,20252026,linesman,Travis Gawryletz,MIN,DAL,2,4,6,4,2,0,4,8
2026-04-25,2025030164,20252026,linesman,Matt MacPherson,MIN,DAL,2,4,6,4,2,0,4,8
2026-04-25,2025030144,20252026,referee,Furman South,PHI,PIT,4,4,8,3,3,2,8,8
2026-04-25,2025030144,20252026,referee,Jean Hebert,PHI,PIT,4,4,8,3,3,2,8,8
2026-04-25,2025030144,20252026,linesman,Kyle Flemington,PHI,PIT,4,4,8,3,3,2,8,8
2026-04-25,2025030144,20252026,linesman,Ryan Daisy,PHI,PIT,4,4,8,3,3,2,8,8
2026-04-26,2025030114,20252026,referee,Trevor Hanson,BOS,BUF,5,4,9,1,2,6,10,8
2026-04-26,2025030114,20252026,referee,Thomas John Luxmore,BOS,BUF,5,4,9,1,2,6,10,8
2026-04-26,2025030114,20252026,linesman,Kiel Murchison,BOS,BUF,5,4,9,1,2,6,10,8
2026-04-26,2025030114,20252026,linesman,Travis Toomey,BOS,BUF,5,4,9,1,2,6,10,8
2026-04-26,2025030154,20252026,referee,Frederick L'Ecuyer,LAK,COL,3,4,7,6,0,1,6,8
2026-04-26,2025030154,20252026,referee,Graham Skilliter,LAK,COL,3,4,7,6,0,1,6,8
2026-04-26,2025030154,20252026,linesman,Bevan Mills,LAK,COL,3,4,7,6,0,1,6,8
2026-04-26,2025030154,20252026,linesman,David Brisebois,LAK,COL,3,4,7,6,0,1,6,8
2026-04-26,2025030124,20252026,referee,Wes McCauley,MTL,TBL,9,8,17,3,10,4,18,16
2026-04-26,2025030124,20252026,referee,Brandon Blandina,MTL,TBL,9,8,17,3,10,4,18,16
2026-04-26,2025030124,20252026,linesman,CJ Murray,MTL,TBL,9,8,17,3,10,4,18,16
2026-04-26,2025030124,20252026,linesman,Jonny Murray,MTL,TBL,9,8,17,3,10,4,18,16
2026-04-26,2025030184,20252026,referee,Francois St-Laurent,ANA,EDM,2,4,6,2,2,2,4,8
2026-04-26,2025030184,20252026,referee,Jake Brenk,ANA,EDM,2,4,6,2,2,2,4,8
2026-04-26,2025030184,20252026,linesman,Trent Knorr,ANA,EDM,2,4,6,2,2,2,4,8
2026-04-26,2025030184,20252026,linesman,Tyson Baker,ANA,EDM,2,4,6,2,2,2,4,8
2026-04-27,2025030145,20252026,referee,Jon McIsaac,PIT,PHI,4,5,9,6,1,2,8,10
2026-04-27,2025030145,20252026,referee,Francis Charron,PIT,PHI,4,5,9,6,1,2,8,10
2026-04-27,2025030145,20252026,linesman,Scott Cherrey,PIT,PHI,4,5,9,6,1,2,8,10
2026-04-27,2025030145,20252026,linesman,Kilian McNamara,PIT,PHI,4,5,9,6,1,2,8,10
2026-04-27,2025030174,20252026,referee,Garrett Rank,UTA,VGK,3,3,6,2,3,1,6,6
2026-04-27,2025030174,20252026,referee,Kyle Rehman,UTA,VGK,3,3,6,2,3,1,6,6
2026-04-27,2025030174,20252026,linesman,James Tobias,UTA,VGK,3,3,6,2,3,1,6,6
2026-04-27,2025030174,20252026,linesman,Devin Berg,UTA,VGK,3,3,6,2,3,1,6,6
2026-04-28,2025030115,20252026,referee,Kelly Sutherland,BUF,BOS,3,3,6,2,3,1,6,6
2026-04-28,2025030115,20252026,referee,Corey Syvret,BUF,BOS,3,3,6,2,3,1,6,6
2026-04-28,2025030115,20252026,linesman,Shandor Alphonso,BUF,BOS,3,3,6,2,3,1,6,6
2026-04-28,2025030115,20252026,linesman,Julien Fournier,BUF,BOS,3,3,6,2,3,1,6,6
2026-04-28,2025030165,20252026,referee,Trevor Hanson,DAL,MIN,4,5,9,2,3,4,8,10
2026-04-28,2025030165,20252026,referee,Thomas John Luxmore,DAL,MIN,4,5,9,2,3,4,8,10
2026-04-28,2025030165,20252026,linesman,Bevan Mills,DAL,MIN,4,5,9,2,3,4,8,10
2026-04-28,2025030165,20252026,linesman,David Brisebois,DAL,MIN,4,5,9,2,3,4,8,10
2026-04-28,2025030185,20252026,referee,Eric Furlatt,EDM,ANA,4,6,10,3,6,1,8,12
2026-04-28,2025030185,20252026,referee,Kendrick Nicholson,EDM,ANA,4,6,10,3,6,1,8,12
2026-04-28,2025030185,20252026,linesman,Kiel Murchison,EDM,ANA,4,6,10,3,6,1,8,12
2026-04-28,2025030185,20252026,linesman,Travis Toomey,EDM,ANA,4,6,10,3,6,1,8,12
2026-04-29,2025030125,20252026,referee,Furman South,TBL,MTL,3,4,7,5,2,0,6,8
2026-04-29,2025030125,20252026,referee,Jean Hebert,TBL,MTL,3,4,7,5,2,0,6,8
2026-04-29,2025030125,20252026,linesman,Scott Cherrey,TBL,MTL,3,4,7,5,2,0,6,8
2026-04-29,2025030125,20252026,linesman,Kilian McNamara,TBL,MTL,3,4,7,5,2,0,6,8
2026-04-29,2025030146,20252026,referee,Gord Dwyer,PHI,PIT,2,2,4,2,2,0,4,4
2026-04-29,2025030146,20252026,referee,Pierre Lambert,PHI,PIT,2,2,4,2,2,0,4,4
2026-04-29,2025030146,20252026,linesman,Travis Gawryletz,PHI,PIT,2,2,4,2,2,0,4,4
2026-04-29,2025030146,20252026,linesman,Matt MacPherson,PHI,PIT,2,2,4,2,2,0,4,4
2026-04-29,2025030175,20252026,referee,Francois St-Laurent,VGK,UTA,4,4,8,4,2,2,8,8
2026-04-29,2025030175,20252026,referee,Jake Brenk,VGK,UTA,4,4,8,4,2,2,8,8
2026-04-29,2025030175,20252026,linesman,CJ Murray,VGK,UTA,4,4,8,4,2,2,8,8
2026-04-29,2025030175,20252026,linesman,Jonny Murray,VGK,UTA,4,4,8,4,2,2,8,8
2026-04-30,2025030166,20252026,referee,Chris Rooney,MIN,DAL,2,3,5,0,3,2,4,6
2026-04-30,2025030166,20252026,referee,Peter MacDougall,MIN,DAL,2,3,5,0,3,2,4,6
2026-04-30,2025030166,20252026,linesman,Kyle Flemington,MIN,DAL,2,3,5,0,3,2,4,6
2026-04-30,2025030166,20252026,linesman,Ryan Daisy,MIN,DAL,2,3,5,0,3,2,4,6
2026-04-30,2025030186,20252026,referee,Wes McCauley,ANA,EDM,0,2,2,2,0,0,0,4
2026-04-30,2025030186,20252026,referee,Brandon Blandina,ANA,EDM,0,2,2,2,0,0,0,4
2026-04-30,2025030186,20252026,linesman,Ryan Gibbons,ANA,EDM,0,2,2,2,0,0,0,4
2026-04-30,2025030186,20252026,linesman,Libor Suchanek,ANA,EDM,0,2,2,2,0,0,0,4
2026-05-01,2025030126,20252026,referee,Jon McIsaac,MTL,TBL,4,3,7,1,2,4,8,6
2026-05-01,2025030126,20252026,referee,Francis Charron,MTL,TBL,4,3,7,1,2,4,8,6
2026-05-01,2025030126,20252026,linesman,Andrew Smith,MTL,TBL,4,3,7,1,2,4,8,6
2026-05-01,2025030126,20252026,linesman,Jesse Marquis,MTL,TBL,4,3,7,1,2,4,8,6
2026-05-01,2025030116,20252026,referee,Gord Dwyer,BOS,BUF,3,1,4,2,1,1,6,2
2026-05-01,2025030116,20252026,referee,Pierre Lambert,BOS,BUF,3,1,4,2,1,1,6,2
2026-05-01,2025030116,20252026,linesman,Trent Knorr,BOS,BUF,3,1,4,2,1,1,6,2
2026-05-01,2025030116,20252026,linesman,Tyson Baker,BOS,BUF,3,1,4,2,1,1,6,2
2026-05-01,2025030176,20252026,referee,Frederick L'Ecuyer,UTA,VGK,2,3,5,2,1,2,4,6
2026-05-01,2025030176,20252026,referee,Graham Skilliter,UTA,VGK,2,3,5,2,1,2,4,6
2026-05-01,2025030176,20252026,linesman,Shandor Alphonso,UTA,VGK,2,3,5,2,1,2,4,6
2026-05-01,2025030176,20252026,linesman,Julien Fournier,UTA,VGK,2,3,5,2,1,2,4,6
2026-05-02,2025030221,20252026,referee,Kelly Sutherland,CAR,PHI,7,7,14,3,3,8,14,14
2026-05-02,2025030221,20252026,referee,Thomas John Luxmore,CAR,PHI,7,7,14,3,3,8,14,14
2026-05-02,2025030221,20252026,linesman,James Tobias,CAR,PHI,7,7,14,3,3,8,14,14
2026-05-02,2025030221,20252026,linesman,Devin Berg,CAR,PHI,7,7,14,3,3,8,14,14
2026-05-03,2025030127,20252026,referee,Wes McCauley,TBL,MTL,2,3,5,0,4,1,4,6
2026-05-03,2025030127,20252026,referee,Chris Rooney,TBL,MTL,2,3,5,0,4,1,4,6
2026-05-03,2025030127,20252026,linesman,Scott Cherrey,TBL,MTL,2,3,5,0,4,1,4,6
2026-05-03,2025030127,20252026,linesman,Matt MacPherson,TBL,MTL,2,3,5,0,4,1,4,6
2026-05-03,2025030231,20252026,referee,Garrett Rank,COL,MIN,5,4,9,4,2,3,10,8
2026-05-03,2025030231,20252026,referee,Kyle Rehman,COL,MIN,5,4,9,4,2,3,10,8
2026-05-03,2025030231,20252026,linesman,Ryan Gibbons,COL,MIN,5,4,9,4,2,3,10,8
2026-05-03,2025030231,20252026,linesman,Trent Knorr,COL,MIN,5,4,9,4,2,3,10,8
2026-05-04,2025030222,20252026,referee,Francis Charron,CAR,PHI,7,7,14,5,5,4,14,14
2026-05-04,2025030222,20252026,referee,Gord Dwyer,CAR,PHI,7,7,14,5,5,4,14,14
2026-05-04,2025030222,20252026,linesman,Shandor Alphonso,CAR,PHI,7,7,14,5,5,4,14,14
2026-05-04,2025030222,20252026,linesman,Ryan Daisy,CAR,PHI,7,7,14,5,5,4,14,14
2026-05-04,2025030241,20252026,referee,Trevor Hanson,VGK,ANA,6,4,10,2,2,6,12,8
2026-05-04,2025030241,20252026,referee,Jean Hebert,VGK,ANA,6,4,10,2,2,6,12,8
2026-05-04,2025030241,20252026,linesman,Bevan Mills,VGK,ANA,6,4,10,2,2,6,12,8
2026-05-04,2025030241,20252026,linesman,Kiel Murchison,VGK,ANA,6,4,10,2,2,6,12,8
2026-05-05,2025030232,20252026,referee,Chris Rooney,COL,MIN,2,5,7,2,1,4,4,10
2026-05-05,2025030232,20252026,referee,Graham Skilliter,COL,MIN,2,5,7,2,1,4,4,10
2026-05-05,2025030232,20252026,linesman,Julien Fournier,COL,MIN,2,5,7,2,1,4,4,10
2026-05-05,2025030232,20252026,linesman,Matt MacPherson,COL,MIN,2,5,7,2,1,4,4,10
2026-05-06,2025030211,20252026,referee,Wes McCauley,BUF,MTL,2,3,5,3,2,0,4,6
2026-05-06,2025030211,20252026,referee,Pierre Lambert,BUF,MTL,2,3,5,3,2,0,4,6
2026-05-06,2025030211,20252026,linesman,Scott Cherrey,BUF,MTL,2,3,5,3,2,0,4,6
2026-05-06,2025030211,20252026,linesman,Jesse Marquis,BUF,MTL,2,3,5,3,2,0,4,6
2026-05-06,2025030242,20252026,referee,Kelly Sutherland,VGK,ANA,5,4,9,5,2,2,10,8
2026-05-06,2025030242,20252026,referee,Thomas John Luxmore,VGK,ANA,5,4,9,5,2,2,10,8
2026-05-06,2025030242,20252026,linesman,James Tobias,VGK,ANA,5,4,9,5,2,2,10,8
2026-05-06,2025030242,20252026,linesman,Devin Berg,VGK,ANA,5,4,9,5,2,2,10,8
2026-05-07,2025030223,20252026,referee,Garrett Rank,PHI,CAR,14,10,24,4,7,13,28,20
2026-05-07,2025030223,20252026,referee,Kyle Rehman,PHI,CAR,14,10,24,4,7,13,28,20
2026-05-07,2025030223,20252026,linesman,Bevan Mills,PHI,CAR,14,10,24,4,7,13,28,20
2026-05-07,2025030223,20252026,linesman,Kiel Murchison,PHI,CAR,14,10,24,4,7,13,28,20
2026-05-08,2025030212,20252026,referee,Trevor Hanson,BUF,MTL,6,6,12,3,6,3,12,12
2026-05-08,2025030212,20252026,referee,Jean Hebert,BUF,MTL,6,6,12,3,6,3,12,12
2026-05-08,2025030212,20252026,linesman,Shandor Alphonso,BUF,MTL,6,6,12,3,6,3,12,12
2026-05-08,2025030212,20252026,linesman,Ryan Daisy,BUF,MTL,6,6,12,3,6,3,12,12
2026-05-08,2025030243,20252026,referee,Chris Rooney,ANA,VGK,3,2,5,3,2,0,6,4
2026-05-08,2025030243,20252026,referee,Graham Skilliter,ANA,VGK,3,2,5,3,2,0,6,4
2026-05-08,2025030243,20252026,linesman,Ryan Gibbons,ANA,VGK,3,2,5,3,2,0,6,4
2026-05-08,2025030243,20252026,linesman,Trent Knorr,ANA,VGK,3,2,5,3,2,0,6,4
2026-05-09,2025030224,20252026,referee,Wes McCauley,PHI,CAR,3,3,6,2,4,0,6,6
2026-05-09,2025030224,20252026,referee,Pierre Lambert,PHI,CAR,3,3,6,2,4,0,6,6
2026-05-09,2025030224,20252026,linesman,Julien Fournier,PHI,CAR,3,3,6,2,4,0,6,6
2026-05-09,2025030224,20252026,linesman,Matt MacPherson,PHI,CAR,3,3,6,2,4,0,6,6
2026-05-09,2025030233,20252026,referee,Kelly Sutherland,MIN,COL,4,4,8,5,3,0,8,8
2026-05-09,2025030233,20252026,referee,Thomas John Luxmore,MIN,COL,4,4,8,5,3,0,8,8
2026-05-09,2025030233,20252026,linesman,Scott Cherrey,MIN,COL,4,4,8,5,3,0,8,8
2026-05-09,2025030233,20252026,linesman,Jesse Marquis,MIN,COL,4,4,8,5,3,0,8,8
2026-05-10,2025030213,20252026,referee,Garrett Rank,MTL,BUF,9,11,20,7,6,7,18,22
2026-05-10,2025030213,20252026,referee,Kyle Rehman,MTL,BUF,9,11,20,7,6,7,18,22
2026-05-10,2025030213,20252026,linesman,Ryan Daisy,MTL,BUF,9,11,20,7,6,7,18,22
2026-05-10,2025030213,20252026,linesman,Devin Berg,MTL,BUF,9,11,20,7,6,7,18,22
2026-05-10,2025030244,20252026,referee,Francis Charron,ANA,VGK,3,4,7,3,2,2,6,8
2026-05-10,2025030244,20252026,referee,Gord Dwyer,ANA,VGK,3,4,7,3,2,2,6,8
2026-05-10,2025030244,20252026,linesman,Bevan Mills,ANA,VGK,3,4,7,3,2,2,6,8
2026-05-10,2025030244,20252026,linesman,Kiel Murchison,ANA,VGK,3,4,7,3,2,2,6,8
2026-05-11,2025030234,20252026,referee,Trevor Hanson,MIN,COL,4,5,9,4,4,1,8,10
2026-05-11,2025030234,20252026,referee,Jean Hebert,MIN,COL,4,5,9,4,4,1,8,10
2026-05-11,2025030234,20252026,linesman,Shandor Alphonso,MIN,COL,4,5,9,4,4,1,8,10
2026-05-11,2025030234,20252026,linesman,Ryan Gibbons,MIN,COL,4,5,9,4,4,1,8,10
2026-05-12,2025030214,20252026,referee,Kelly Sutherland,MTL,BUF,5,8,13,6,6,1,10,16
2026-05-12,2025030214,20252026,referee,Thomas John Luxmore,MTL,BUF,5,8,13,6,6,1,10,16
2026-05-12,2025030214,20252026,linesman,Julien Fournier,MTL,BUF,5,8,13,6,6,1,10,16
2026-05-12,2025030214,20252026,linesman,Matt MacPherson,MTL,BUF,5,8,13,6,6,1,10,16
2026-05-12,2025030245,20252026,referee,Wes McCauley,VGK,ANA,0,1,1,1,0,0,0,2
2026-05-12,2025030245,20252026,referee,Pierre Lambert,VGK,ANA,0,1,1,1,0,0,0,2
2026-05-12,2025030245,20252026,linesman,Scott Cherrey,VGK,ANA,0,1,1,1,0,0,0,2
2026-05-12,2025030245,20252026,linesman,Jesse Marquis,VGK,ANA,0,1,1,1,0,0,0,2
2026-05-13,2025030235,20252026,referee,Francis Charron,COL,MIN,1,1,2,1,1,0,2,2
2026-05-13,2025030235,20252026,referee,Gord Dwyer,COL,MIN,1,1,2,1,1,0,2,2
2026-05-13,2025030235,20252026,linesman,Shandor Alphonso,COL,MIN,1,1,2,1,1,0,2,2
2026-05-13,2025030235,20252026,linesman,Devin Berg,COL,MIN,1,1,2,1,1,0,2,2
2026-05-14,2025030215,20252026,referee,Chris Rooney,BUF,MTL,3,3,6,0,2,4,6,6
2026-05-14,2025030215,20252026,referee,Graham Skilliter,BUF,MTL,3,3,6,0,2,4,6,6
2026-05-14,2025030215,20252026,linesman,Bevan Mills,BUF,MTL,3,3,6,0,2,4,6,6
2026-05-14,2025030215,20252026,linesman,Kiel Murchison,BUF,MTL,3,3,6,0,2,4,6,6
2026-05-14,2025030246,20252026,referee,Garrett Rank,ANA,VGK,3,6,9,3,4,2,6,12
2026-05-14,2025030246,20252026,referee,Kyle Rehman,ANA,VGK,3,6,9,3,4,2,6,12
2026-05-14,2025030246,20252026,linesman,Ryan Gibbons,ANA,VGK,3,6,9,3,4,2,6,12
2026-05-14,2025030246,20252026,linesman,Trent Knorr,ANA,VGK,3,6,9,3,4,2,6,12
2026-05-16,2025030216,20252026,referee,Francis Charron,MTL,BUF,9,6,15,8,3,4,18,12
2026-05-16,2025030216,20252026,referee,Gord Dwyer,MTL,BUF,9,6,15,8,3,4,18,12
2026-05-16,2025030216,20252026,linesman,Scott Cherrey,MTL,BUF,9,6,15,8,3,4,18,12
2026-05-16,2025030216,20252026,linesman,Jesse Marquis,MTL,BUF,9,6,15,8,3,4,18,12
2026-05-18,2025030217,20252026,referee,Wes McCauley,BUF,MTL,1,1,2,1,0,1,2,2
2026-05-18,2025030217,20252026,referee,Jean Hebert,BUF,MTL,1,1,2,1,0,1,2,2
2026-05-18,2025030217,20252026,linesman,Scott Cherrey,BUF,MTL,1,1,2,1,0,1,2,2
2026-05-18,2025030217,20252026,linesman,Devin Berg,BUF,MTL,1,1,2,1,0,1,2,2
2026-05-20,2025030321,20252026,referee,Wes McCauley,COL,VGK,2,3,5,2,2,1,4,6
2026-05-20,2025030321,20252026,referee,Francis Charron,COL,VGK,2,3,5,2,2,1,4,6
2026-05-20,2025030321,20252026,linesman,Ryan Gibbons,COL,VGK,2,3,5,2,2,1,4,6
2026-05-20,2025030321,20252026,linesman,Trent Knorr,COL,VGK,2,3,5,2,2,1,4,6
2026-05-21,2025030311,20252026,referee,Garrett Rank,CAR,MTL,4,4,8,4,2,2,8,8
2026-05-21,2025030311,20252026,referee,Jean Hebert,CAR,MTL,4,4,8,4,2,2,8,8
2026-05-21,2025030311,20252026,linesman,Scott Cherrey,CAR,MTL,4,4,8,4,2,2,8,8
2026-05-21,2025030311,20252026,linesman,Jesse Marquis,CAR,MTL,4,4,8,4,2,2,8,8
2026-05-22,2025030322,20252026,referee,Chris Rooney,COL,VGK,4,3,7,0,5,2,8,6
2026-05-22,2025030322,20252026,referee,Graham Skilliter,COL,VGK,4,3,7,0,5,2,8,6
2026-05-22,2025030322,20252026,linesman,Ryan Daisy,COL,VGK,4,3,7,0,5,2,8,6
2026-05-22,2025030322,20252026,linesman,Devin Berg,COL,VGK,4,3,7,0,5,2,8,6
2026-05-23,2025030312,20252026,referee,Kelly Sutherland,CAR,MTL,2,3,5,3,2,0,4,6
2026-05-23,2025030312,20252026,referee,Gord Dwyer,CAR,MTL,2,3,5,3,2,0,4,6
2026-05-23,2025030312,20252026,linesman,Bevan Mills,CAR,MTL,2,3,5,3,2,0,4,6
2026-05-23,2025030312,20252026,linesman,Matt MacPherson,CAR,MTL,2,3,5,3,2,0,4,6
2026-05-24,2025030323,20252026,referee,Garrett Rank,VGK,COL,5,4,9,4,2,3,10,8
2026-05-24,2025030323,20252026,referee,Jean Hebert,VGK,COL,5,4,9,4,2,3,10,8
2026-05-24,2025030323,20252026,linesman,Scott Cherrey,VGK,COL,5,4,9,4,2,3,10,8
2026-05-24,2025030323,20252026,linesman,Jesse Marquis,VGK,COL,5,4,9,4,2,3,10,8
2026-05-25,2025030313,20252026,referee,Wes McCauley,MTL,CAR,4,3,7,2,4,1,8,6
2026-05-25,2025030313,20252026,referee,Francis Charron,MTL,CAR,4,3,7,2,4,1,8,6
2026-05-25,2025030313,20252026,linesman,Ryan Gibbons,MTL,CAR,4,3,7,2,4,1,8,6
2026-05-25,2025030313,20252026,linesman,Trent Knorr,MTL,CAR,4,3,7,2,4,1,8,6
2026-05-26,2025030324,20252026,referee,Kelly Sutherland,VGK,COL,1,2,3,1,2,0,2,4
2026-05-26,2025030324,20252026,referee,Gord Dwyer,VGK,COL,1,2,3,1,2,0,2,4
2026-05-26,2025030324,20252026,linesman,Bevan Mills,VGK,COL,1,2,3,1,2,0,2,4
2026-05-26,2025030324,20252026,linesman,Matt MacPherson,VGK,COL,1,2,3,1,2,0,2,4
2026-05-27,2025030314,20252026,referee,Chris Rooney,MTL,CAR,6,2,8,4,3,1,12,4
2026-05-27,2025030314,20252026,referee,Graham Skilliter,MTL,CAR,6,2,8,4,3,1,12,4
2026-05-27,2025030314,20252026,linesman,Ryan Daisy,MTL,CAR,6,2,8,4,3,1,12,4
2026-05-27,2025030314,20252026,linesman,Devin Berg,MTL,CAR,6,2,8,4,3,1,12,4
2026-05-29,2025030315,20252026,referee,Garrett Rank,CAR,MTL,5,5,10,3,4,3,10,10
2026-05-29,2025030315,20252026,referee,Jean Hebert,CAR,MTL,5,5,10,3,4,3,10,10
2026-05-29,2025030315,20252026,linesman,Scott Cherrey,CAR,MTL,5,5,10,3,4,3,10,10
2026-05-29,2025030315,20252026,linesman,Jesse Marquis,CAR,MTL,5,5,10,3,4,3,10,10
2026-06-02,2025030411,20252026,referee,Wes McCauley,CAR,VGK,3,2,5,1,2,2,6,4
2026-06-02,2025030411,20252026,referee,Chris Rooney,CAR,VGK,3,2,5,1,2,2,6,4
2026-06-02,2025030411,20252026,linesman,Matt MacPherson,CAR,VGK,3,2,5,1,2,2,6,4
2026-06-02,2025030411,20252026,linesman,Devin Berg,CAR,VGK,3,2,5,1,2,2,6,4
2026-06-04,2025030412,20252026,referee,Garrett Rank,CAR,VGK,4,3,7,3,2,2,8,6
2026-06-04,2025030412,20252026,referee,Jean Hebert,CAR,VGK,4,3,7,3,2,2,8,6
2026-06-04,2025030412,20252026,linesman,Scott Cherrey,CAR,VGK,4,3,7,3,2,2,8,6
2026-06-04,2025030412,20252026,linesman,Trent Knorr,CAR,VGK,4,3,7,3,2,2,8,6
2026-06-06,2025030413,20252026,referee,Wes McCauley,VGK,CAR,2,2,4,0,1,3,4,4
2026-06-06,2025030413,20252026,referee,Chris Rooney,VGK,CAR,2,2,4,0,1,3,4,4
2026-06-06,2025030413,20252026,linesman,Matt MacPherson,VGK,CAR,2,2,4,0,1,3,4,4
2026-06-06,2025030413,20252026,linesman,Devin Berg,VGK,CAR,2,2,4,0,1,3,4,4
2026-06-09,2025030414,20252026,referee,Garrett Rank,VGK,CAR,4,4,8,3,4,1,8,8
2026-06-09,2025030414,20252026,referee,Jean Hebert,VGK,CAR,4,4,8,3,4,1,8,8
2026-06-09,2025030414,20252026,linesman,Scott Cherrey,VGK,CAR,4,4,8,3,4,1,8,8
2026-06-09,2025030414,20252026,linesman,Trent Knorr,VGK,CAR,4,4,8,3,4,1,8,8
2026-06-11,2025030415,20252026,referee,Wes McCauley,CAR,VGK,3,5,8,2,2,4,6,10
2026-06-11,2025030415,20252026,referee,Chris Rooney,CAR,VGK,3,5,8,2,2,4,6,10
2026-06-11,2025030415,20252026,linesman,Matt MacPherson,CAR,VGK,3,5,8,2,2,4,6,10
2026-06-11,2025030415,20252026,linesman,Devin Berg,CAR,VGK,3,5,8,2,2,4,6,10
2026-06-14,2025030416,20252026,referee,Garrett Rank,VGK,CAR,3,3,6,4,1,1,6,6
2026-06-14,2025030416,20252026,referee,Jean Hebert,VGK,CAR,3,3,6,4,1,1,6,6
2026-06-14,2025030416,20252026,linesman,Scott Cherrey,VGK,CAR,3,3,6,4,1,1,6,6
2026-06-14,2025030416,20252026,linesman,Trent Knorr,VGK,CAR,3,3,6,4,1,1,6,6
