datums,game_id,period,period_type,laiks,komanda,strength,goal_modifier,shot_type,situacijas_kods,scorer_id,scorer,assist1_id,assist1,assist2_id,assist2,home_score,away_score
2025-10-07,2025020001,1,REG,10:03,CHI,ev,none,snap,1551,8483493,F. Nazar,8477479,T. Bertuzzi,8476882,T. Teravainen,0,1
2025-10-07,2025020001,1,REG,11:06,FLA,ev,none,wrist,1551,8478421,A. Greer,8479981,J. Gadjovich,8478055,G. Forsling,1,1
2025-10-07,2025020001,1,REG,14:08,FLA,pp,none,snap,1451,8477409,C. Verhaeghe,8482713,M. Samoskevich,,,2,1
2025-10-07,2025020001,2,REG,01:09,CHI,ev,none,wrist,1551,8476882,T. Teravainen,8483493,F. Nazar,8477479,T. Bertuzzi,2,2
2025-10-07,2025020001,3,REG,09:40,FLA,ev,none,deflected,1551,8480003,J. Boqvist,8482713,M. Samoskevich,8478542,E. Rodrigues,3,2
2025-10-07,2025020002,1,REG,19:28,PIT,ev,none,backhand,1551,8479638,J. Brazeau,8471215,E. Malkin,,,0,1
2025-10-07,2025020002,3,REG,17:48,PIT,ev,empty-net,wrist,1560,8479638,J. Brazeau,8471215,E. Malkin,8477511,A. Mantha,0,2
2025-10-07,2025020002,3,REG,18:08,PIT,ev,empty-net,wrist,1560,8481481,B. Lizotte,8478854,R. Shea,8480980,C. Dewar,0,3
2025-10-07,2025020003,2,REG,00:48,COL,ev,none,snap,1551,8480039,M. Necas,8477492,N. MacKinnon,8477476,A. Lehkonen,0,1
2025-10-07,2025020003,2,REG,07:00,COL,ev,none,snap,1551,8484258,S. Malinski,,,,,0,2
2025-10-07,2025020003,2,REG,14:42,COL,ev,none,wrist,1551,8477476,A. Lehkonen,8480069,C. Makar,8477492,N. MacKinnon,0,3
2025-10-07,2025020003,3,REG,10:43,COL,pp,none,snap,1541,8480039,M. Necas,8480069,C. Makar,8475754,B. Nelson,0,4
2025-10-07,2025020003,3,REG,15:06,LAK,pp,none,wrist,1351,8477942,K. Fiala,8477960,A. Kempe,8471685,A. Kopitar,1,4
2025-10-08,2025020004,1,REG,01:00,TOR,ev,none,tip-in,1551,8482259,B. McMann,8477939,W. Nylander,8475166,J. Tavares,1,0
2025-10-08,2025020004,1,REG,05:39,MTL,sh,none,wrist,1451,8482775,O. Kapanen,,,,,1,1
2025-10-08,2025020004,2,REG,01:30,MTL,ev,none,backhand,1551,8482737,Z. Bolduc,8475848,B. Gallagher,8481523,K. Dach,1,2
2025-10-08,2025020004,2,REG,05:40,TOR,ev,none,wrist,1551,8475714,C. Jarnkrok,8476853,M. Rielly,8478904,S. Lorentz,2,2
2025-10-08,2025020004,3,REG,09:02,TOR,ev,none,wrist,1551,8476853,M. Rielly,8482720,M. Knies,8481711,M. Maccelli,3,2
2025-10-08,2025020004,3,REG,18:28,TOR,ev,empty-net,wrist,0651,8479318,A. Matthews,8477939,W. Nylander,,,4,2
2025-10-08,2025020004,3,REG,19:45,TOR,ev,empty-net,backhand,0651,8477939,W. Nylander,8478904,S. Lorentz,8475166,J. Tavares,5,2
2025-10-08,2025020005,2,REG,12:07,BOS,ev,none,snap,1551,8477956,D. Pastrnak,8477507,N. Zadorov,8479987,M. Geekie,0,1
2025-10-08,2025020005,3,REG,07:03,WSH,ev,none,snap,1551,8476880,T. Wilson,8479345,J. Chychrun,8481656,A. Protas,1,1
2025-10-08,2025020005,3,REG,07:41,BOS,pp,none,backhand,1541,8477496,E. Lindholm,8477956,D. Pastrnak,8478401,P. Zacha,1,2
2025-10-08,2025020005,3,REG,19:02,BOS,ev,empty-net,snap,1560,8479987,M. Geekie,8477956,D. Pastrnak,8477496,E. Lindholm,1,3
2025-10-08,2025020006,1,REG,09:53,EDM,pp,none,wrist,1451,8476454,R. Nugent-Hopkins,8477934,L. Draisaitl,8478402,C. McDavid,1,0
2025-10-08,2025020006,1,REG,16:11,EDM,ev,none,snap,1551,8478233,A. Mangiapane,8478402,C. McDavid,8476454,R. Nugent-Hopkins,2,0
2025-10-08,2025020006,2,REG,08:32,EDM,pp,none,wrist,1451,8477934,L. Draisaitl,8485493,D. Tomasek,8476454,R. Nugent-Hopkins,3,0
2025-10-08,2025020006,2,REG,12:40,CGY,ev,none,wrist,1551,8484860,M. Gridin,8475172,N. Kadri,8482679,M. Coronato,3,1
2025-10-08,2025020006,2,REG,14:47,CGY,pp,none,bat,1541,8482074,C. Zary,8483609,A. Klapka,,,3,2
2025-10-08,2025020006,3,REG,00:40,CGY,ev,none,poke,1551,8476399,B. Coleman,,,,,3,3
2025-10-08,2025020006,5,SO,00:00,CGY,ev,none,backhand,0101,8475172,N. Kadri,,,,,3,4
2025-10-08,2025020007,1,REG,04:41,LAK,pp,none,snap,1541,8483808,A. Kuzmenko,8471685,A. Kopitar,8477942,K. Fiala,0,1
2025-10-08,2025020007,1,REG,11:57,LAK,ev,none,backhand,1551,8482124,Q. Byfield,,,,,0,2
2025-10-08,2025020007,2,REG,02:10,VGK,ev,none,snap,1551,8481604,P. Dorofeyev,,,,,1,2
2025-10-08,2025020007,2,REG,13:41,LAK,ev,none,deflected,1551,8482408,J. Malott,8476469,J. Armia,8481532,A. Turcotte,1,3
2025-10-08,2025020007,2,REG,17:32,VGK,pp,none,snap,1451,8481604,P. Dorofeyev,8475913,M. Stone,8478403,J. Eichel,2,3
2025-10-08,2025020007,2,REG,19:14,VGK,pp,none,snap,1351,8481604,P. Dorofeyev,8475913,M. Stone,8478403,J. Eichel,3,3
2025-10-08,2025020007,3,REG,05:06,VGK,ev,none,slap,1551,8478403,J. Eichel,8478483,M. Marner,8477964,I. Barbashev,4,3
2025-10-08,2025020007,3,REG,08:43,VGK,ev,none,snap,1551,8477964,I. Barbashev,8478403,J. Eichel,8478483,M. Marner,5,3
2025-10-08,2025020007,3,REG,11:39,LAK,sh,none,wrist,1451,8479675,T. Moore,8476479,P. Danault,8474563,D. Doughty,5,4
2025-10-08,2025020007,3,REG,14:00,LAK,ev,none,wrist,1551,8482730,B. Clarke,8482124,Q. Byfield,8483808,A. Kuzmenko,5,5
2025-10-08,2025020007,5,SO,00:00,LAK,ev,none,snap,0101,8479675,T. Moore,,,,,5,6
2025-10-09,2025020008,1,REG,03:53,BOS,ev,none,wrist,1551,8479999,C. Mittelstadt,,,,,1,0
2025-10-09,2025020008,1,REG,08:19,CHI,ev,none,slap,1551,8484144,C. Bedard,8477444,A. Burakovsky,8482703,C. Dach,1,1
2025-10-09,2025020008,2,REG,02:22,CHI,ev,none,wrist,1551,8481806,L. Crevier,8484144,C. Bedard,8473422,N. Foligno,1,2
2025-10-09,2025020008,2,REG,09:10,BOS,ev,none,snap,1551,8479661,T. Jeannot,8479591,M. Eyssimont,8480035,H. Jokiharju,2,2
2025-10-09,2025020008,3,REG,00:15,BOS,pp,none,snap,1351,8477496,E. Lindholm,8478401,P. Zacha,8477956,D. Pastrnak,3,2
2025-10-09,2025020008,3,REG,02:22,CHI,ev,none,snap,1551,8477444,A. Burakovsky,8484783,A. Levshunov,8483493,F. Nazar,3,3
2025-10-09,2025020008,4,OT,02:12,BOS,ev,none,snap,1331,8483489,F. Minten,,,,,4,3
2025-10-09,2025020009,1,REG,11:43,NYR,ev,none,wrist,1551,8482109,A. Lafrenière,8476389,V. Trocheck,8478550,A. Panarin,0,1
2025-10-09,2025020009,3,REG,14:46,NYR,ev,none,wrist,1551,8477369,C. Soucy,8478840,W. Borgen,8476468,J. Miller,0,2
2025-10-09,2025020009,3,REG,17:11,NYR,ev,none,tip-in,1551,8476468,J. Miller,8482073,B. Schneider,8482109,A. Lafrenière,0,3
2025-10-09,2025020009,3,REG,17:25,NYR,ev,empty-net,wrist,1560,8479323,A. Fox,8475842,S. Carrick,,,0,4
2025-10-09,2025020010,1,REG,03:50,DET,pp,none,snap,1451,8477946,D. Larkin,8474141,P. Kane,8481542,M. Seider,1,0
2025-10-09,2025020010,1,REG,10:14,MTL,ev,none,wrist,1551,8482737,Z. Bolduc,8475848,B. Gallagher,8476875,M. Matheson,1,1
2025-10-09,2025020010,1,REG,12:43,MTL,ev,none,snap,1551,8482775,O. Kapanen,8481618,A. Newhook,8484984,I. Demidov,1,2
2025-10-09,2025020010,1,REG,19:53,MTL,ev,none,wrist,1551,8476875,M. Matheson,8480018,N. Suzuki,8480865,N. Dobson,1,3
2025-10-09,2025020010,2,REG,05:19,MTL,ev,none,wrist,1551,8478851,A. Carrier,8482964,A. Xhekaj,8475848,B. Gallagher,1,4
2025-10-09,2025020010,2,REG,17:12,MTL,pp,none,snap,1541,8483515,J. Slafkovský,8481540,C. Caufield,8480018,N. Suzuki,1,5
2025-10-09,2025020011,1,REG,05:35,TBL,pp,none,snap,1451,8477416,O. Bjorkstrand,8477404,J. Guentzel,8478010,B. Point,1,0
2025-10-09,2025020011,1,REG,07:00,TBL,ev,none,wrist,1551,8478010,B. Point,8477404,J. Guentzel,8478178,D. Raddysh,2,0
2025-10-09,2025020011,1,REG,10:18,OTT,pp,none,slap,1541,8481528,D. Cozens,8480801,B. Tkachuk,8482105,J. Sanderson,2,1
2025-10-09,2025020011,1,REG,14:46,TBL,pp,none,wrist,1341,8476453,N. Kucherov,8475167,V. Hedman,8478010,B. Point,3,1
2025-10-09,2025020011,2,REG,00:42,OTT,ev,none,wrist,1551,8482245,A. Zub,8480801,B. Tkachuk,8482116,T. Stützle,3,2
2025-10-09,2025020011,2,REG,15:09,OTT,ev,none,wrist,1551,8481596,S. Pinto,8482245,A. Zub,8480801,B. Tkachuk,3,3
2025-10-09,2025020011,3,REG,18:13,OTT,ev,none,snap,1551,8481596,S. Pinto,8482105,J. Sanderson,,,3,4
2025-10-09,2025020011,3,REG,19:12,OTT,ev,empty-net,wrist,1560,8473512,C. Giroux,8481596,S. Pinto,8482245,A. Zub,3,5
2025-10-09,2025020011,3,REG,19:46,TBL,ev,none,wrist,1560,8476453,N. Kucherov,8478178,D. Raddysh,8475167,V. Hedman,4,5
2025-10-09,2025020012,2,REG,05:29,FLA,pp,none,wrist,1451,8482113,A. Lundell,8478542,E. Rodrigues,8473507,J. Petry,1,0
2025-10-09,2025020012,2,REG,17:48,PHI,ev,none,wrist,1551,8480220,N. Cates,8482159,T. Foerster,,,1,1
2025-10-09,2025020012,3,REG,02:19,FLA,ev,none,wrist,1551,8473419,B. Marchand,8479316,L. Kunin,8478421,A. Greer,2,1
2025-10-09,2025020013,1,REG,03:23,PIT,pp,none,backhand,1451,8476483,R. Rakell,8471215,E. Malkin,8471675,S. Crosby,1,0
2025-10-09,2025020013,1,REG,12:02,NYI,ev,none,snap,1551,8477494,J. Drouin,8485366,M. Schaefer,,,1,1
2025-10-09,2025020013,2,REG,04:04,NYI,ev,none,wrist,1551,8475151,K. Palmieri,8478445,M. Barzal,8476429,S. Mayfield,1,2
2025-10-09,2025020013,2,REG,05:41,PIT,ev,none,snap,1551,8484839,H. Brunicke,8480842,F. Hallander,8478438,T. Novak,2,2
2025-10-09,2025020013,2,REG,08:58,PIT,pp,none,tip-in,1341,8471675,S. Crosby,8471215,E. Malkin,8476483,R. Rakell,3,2
2025-10-09,2025020013,2,REG,19:19,NYI,ev,none,snap,1551,8485702,M. Shabanov,8481601,S. Holmstrom,,,3,3
2025-10-09,2025020013,3,REG,14:21,PIT,ev,none,backhand,1551,8479638,J. Brazeau,8471215,E. Malkin,8477511,A. Mantha,4,3
2025-10-09,2025020014,1,REG,04:06,CAR,ev,none,deflected,1551,8475791,T. Hall,8476906,S. Gostisbehere,8482100,A. Nikishin,1,0
2025-10-09,2025020014,2,REG,08:15,NJD,ev,none,backhand,1551,8476462,D. Hamilton,8479407,J. Bratt,8481559,J. Hughes,1,1
2025-10-09,2025020014,2,REG,09:23,CAR,ev,none,snap,1551,8480817,K. Miller,8477478,W. Carrier,8476921,J. Martinook,2,1
2025-10-09,2025020014,2,REG,13:54,NJD,ev,none,snap,1551,8479996,C. Glass,8482684,L. Hughes,,,2,2
2025-10-09,2025020014,3,REG,10:21,CAR,pp,none,slap,1451,8480817,K. Miller,8478427,S. Aho,8482809,J. Blake,3,2
2025-10-09,2025020014,3,REG,11:38,NJD,ev,none,snap,1551,8479407,J. Bratt,8477488,B. Pesce,8482684,L. Hughes,3,3
2025-10-09,2025020014,3,REG,17:17,CAR,ev,none,tip-in,1551,8482093,S. Jarvis,8478427,S. Aho,8476906,S. Gostisbehere,4,3
2025-10-09,2025020014,3,REG,19:05,CAR,ev,empty-net,wrist,0651,8482093,S. Jarvis,,,,,5,3
2025-10-09,2025020014,3,REG,19:47,CAR,ev,none,tip-in,1551,8480762,E. Robinson,8475791,T. Hall,8480829,J. Kotkaniemi,6,3
2025-10-09,2025020015,1,REG,15:54,MIN,ev,none,wrist,1551,8477451,R. Hartman,8475149,M. Johansson,,,0,1
2025-10-09,2025020015,1,REG,17:30,MIN,ev,none,tip-in,1551,8481557,M. Boldy,8478864,K. Kaprizov,8482079,M. Rossi,0,2
2025-10-09,2025020015,2,REG,12:27,MIN,pp,none,wrist,1541,8478493,J. Eriksson Ek,8478864,K. Kaprizov,8481557,M. Boldy,0,3
2025-10-09,2025020015,2,REG,17:36,MIN,ev,none,snap,1551,8477451,R. Hartman,8478508,Y. Trenin,,,0,4
2025-10-09,2025020015,3,REG,07:27,MIN,ev,none,wrist,1551,8482079,M. Rossi,8478864,K. Kaprizov,8481557,M. Boldy,0,5
2025-10-09,2025020016,1,REG,06:45,NSH,ev,none,slap,1551,8478047,M. Bunting,8475287,E. Haula,,,1,0
2025-10-09,2025020016,1,REG,16:01,CBJ,ev,none,tip-in,1551,8481716,D. Voronkov,8476923,D. Severson,8483485,D. Mateychuk,1,1
2025-10-09,2025020016,3,REG,02:41,NSH,pp,none,backhand,1451,8475158,R. O'Reilly,8476887,F. Forsberg,8474600,R. Josi,2,1
2025-10-09,2025020017,1,REG,03:15,DAL,ev,none,snap,1551,8478420,M. Rantanen,8478449,R. Hintz,8479351,S. Steel,0,1
2025-10-09,2025020017,1,REG,06:19,WPG,ev,none,wrist,1551,8478398,K. Connor,8476460,M. Scheifele,8480014,G. Vilardi,1,1
2025-10-09,2025020017,1,REG,15:24,DAL,ev,none,wrist,1551,8480878,N. Lundkvist,8478420,M. Rantanen,8480027,J. Robertson,1,2
2025-10-09,2025020017,3,REG,01:01,DAL,pp,none,wrist,1541,8480027,J. Robertson,8478420,M. Rantanen,8478449,R. Hintz,1,3
2025-10-09,2025020017,3,REG,01:35,DAL,ev,none,wrist,1551,8475794,T. Seguin,8475168,M. Duchene,8481581,T. Harley,1,4
2025-10-09,2025020017,3,REG,03:23,DAL,ev,none,wrist,1551,8482740,W. Johnston,8480878,N. Lundkvist,8481581,T. Harley,1,5
2025-10-09,2025020017,3,REG,09:53,WPG,sh,none,backhand,1541,8480289,M. Barron,,,,,2,5
2025-10-09,2025020017,3,REG,11:09,WPG,sh,none,wrist,1541,8478398,K. Connor,8476460,M. Scheifele,8476331,D. DeMelo,3,5
2025-10-09,2025020017,3,REG,16:57,WPG,ev,none,wrist,1551,8478398,K. Connor,8476460,M. Scheifele,8476331,D. DeMelo,4,5
2025-10-09,2025020018,1,REG,10:57,COL,ev,none,snap,1551,8479525,R. Colton,8480835,J. Drury,8478109,V. Olofsson,1,0
2025-10-09,2025020018,2,REG,17:48,UTA,pp,none,slap,1541,8482699,D. Guenther,8479343,C. Keller,8477951,N. Schmaltz,1,1
2025-10-09,2025020018,3,REG,02:52,COL,pp,none,wrist,1451,8477492,N. MacKinnon,8480069,C. Makar,8480039,M. Necas,2,1
2025-10-09,2025020019,1,REG,14:53,VAN,ev,none,wrist,1551,8480748,K. Sherwood,8482055,D. O'Connor,,,1,0
2025-10-09,2025020019,3,REG,02:54,VAN,ev,none,wrist,1551,8480078,F. Chytil,,,,,2,0
2025-10-09,2025020019,3,REG,08:53,VAN,ev,none,wrist,1551,8480078,F. Chytil,8483395,A. Bains,,,3,0
2025-10-09,2025020019,3,REG,11:43,VAN,ev,none,wrist,1551,8483476,J. Lekkerimäki,8475169,E. Kane,8478856,C. Garland,4,0
2025-10-09,2025020019,3,REG,13:06,CGY,ev,none,snap,1551,8480028,M. Frost,8481068,Y. Sharangovich,8480797,J. Farabee,4,1
2025-10-09,2025020019,3,REG,17:06,VAN,ev,none,snap,1551,8478444,B. Boeser,8480012,E. Pettersson,8478498,J. DeBrusk,5,1
2025-10-09,2025020020,1,REG,05:31,SJS,ev,none,bat,1551,8475784,J. Skinner,8480848,T. Dellandrea,8482166,S. Mukhamadullin,1,0
2025-10-09,2025020020,1,REG,08:09,VGK,ev,none,wrist,1551,8479353,B. Howden,8478434,K. Kolesar,8477018,B. Hutton,1,1
2025-10-09,2025020020,2,REG,06:59,SJS,pp,none,wrist,1351,8477505,A. Wennberg,8482667,W. Eklund,8475906,J. Klingberg,2,1
2025-10-09,2025020020,2,REG,14:22,VGK,pp,none,snap,1541,8481604,P. Dorofeyev,8475913,M. Stone,8478403,J. Eichel,2,2
2025-10-09,2025020020,3,REG,02:59,SJS,ev,none,tip-in,1551,8480798,P. Kurashev,8475200,D. Orlov,8482166,S. Mukhamadullin,3,2
2025-10-09,2025020020,3,REG,18:26,VGK,ev,none,wrist,0651,8478403,J. Eichel,8475913,M. Stone,8476881,T. Hertl,3,3
2025-10-09,2025020020,4,OT,01:24,VGK,ev,none,wrist,1331,8475191,R. Smith,8477447,S. Theodore,,,3,4
2025-10-09,2025020021,1,REG,02:21,SEA,ev,none,wrist,1551,8478407,V. Dunn,8476457,A. Larsson,8475768,J. Schwartz,1,0
2025-10-09,2025020021,1,REG,04:11,ANA,ev,none,backhand,1551,8484762,B. Sennecke,8482745,M. McTavish,,,1,1
2025-10-09,2025020021,2,REG,03:50,SEA,ev,none,wrist,1551,8478975,M. Marchment,8477986,B. Montour,,,2,1
2025-10-09,2025020021,3,REG,04:25,SEA,ev,none,wrist,1551,8477955,J. McCann,8482665,M. Beniers,8474586,J. Eberle,3,1
2025-10-11,2025020022,1,REG,04:48,WPG,pp,none,wrist,1451,8480113,A. Iafallo,8478398,K. Connor,8480014,G. Vilardi,1,0
2025-10-11,2025020022,2,REG,00:50,LAK,ev,none,slap,1551,8479998,M. Anderson,8474563,D. Doughty,8477960,A. Kempe,1,1
2025-10-11,2025020022,2,REG,09:12,LAK,ev,none,tip-in,1551,8477960,A. Kempe,8471685,A. Kopitar,8483808,A. Kuzmenko,1,2
2025-10-11,2025020022,2,REG,18:57,WPG,ev,none,backhand,1551,8476460,M. Scheifele,8480289,M. Barron,,,2,2
2025-10-11,2025020022,3,REG,11:47,WPG,ev,none,tip-in,1551,8476460,M. Scheifele,8477504,J. Morrissey,8480014,G. Vilardi,3,2
2025-10-11,2025020023,1,REG,14:49,CGY,pp,none,wrist,1451,8482679,M. Coronato,8480797,J. Farabee,8475172,N. Kadri,1,0
2025-10-11,2025020023,2,REG,12:41,STL,ev,none,backhand,1551,8482089,J. Neighbours,8480023,R. Thomas,8477402,P. Buchnevich,1,1
2025-10-11,2025020023,2,REG,14:25,STL,pp,none,wrist,1541,8480023,R. Thomas,8483516,J. Snuggerud,8475753,J. Faulk,1,2
2025-10-11,2025020023,2,REG,14:57,CGY,ev,none,wrist,1551,8482679,M. Coronato,8480860,K. Bahl,,,2,2
2025-10-11,2025020023,3,REG,11:07,STL,ev,none,tip-in,1551,8482089,J. Neighbours,8476892,C. Parayko,8475764,C. Fowler,2,3
2025-10-11,2025020023,3,REG,13:33,STL,ev,none,tip-in,1551,8480459,P. Suter,8481006,T. Tucker,8477573,N. Walker,2,4
2025-10-11,2025020024,1,REG,15:48,BOS,ev,none,snap,1551,8478401,P. Zacha,8480887,J. Harris,8479369,A. Peeke,1,0
2025-10-11,2025020024,2,REG,10:21,BOS,ev,none,slap,1551,8480355,M. Kastelic,8479325,C. McAvoy,,,2,0
2025-10-11,2025020024,3,REG,09:46,BUF,ev,none,snap,1551,8475722,J. Zucker,8480807,M. Samuelsson,,,2,1
2025-10-11,2025020024,3,REG,19:57,BOS,ev,empty-net,tip-in,0651,8476374,S. Kuraly,8477496,E. Lindholm,8480355,M. Kastelic,3,1
2025-10-11,2025020025,1,REG,02:27,TOR,ev,none,wrist,1551,8475714,C. Jarnkrok,8478462,N. Roy,8475690,C. Tanev,0,1
2025-10-11,2025020025,1,REG,12:29,TOR,ev,none,tip-in,1551,8478462,N. Roy,8476853,M. Rielly,8477939,W. Nylander,0,2
2025-10-11,2025020025,2,REG,08:56,DET,ev,none,snap,1551,8483464,M. Kasper,8474141,P. Kane,8479337,A. DeBrincat,1,2
2025-10-11,2025020025,2,REG,14:55,DET,ev,none,wrist,1551,8482078,L. Raymond,8477946,D. Larkin,8484471,E. Finnie,2,2
2025-10-11,2025020025,2,REG,18:10,DET,ev,none,snap,1551,8474141,P. Kane,8479337,A. DeBrincat,8481607,A. Johansson,3,2
2025-10-11,2025020025,3,REG,02:38,TOR,ev,none,wrist,1441,8477503,M. Domi,8476853,M. Rielly,,,3,3
2025-10-11,2025020025,3,REG,06:45,DET,pp,none,deflected,1451,8482078,L. Raymond,8474141,P. Kane,8479337,A. DeBrincat,4,3
2025-10-11,2025020025,3,REG,18:12,DET,ev,empty-net,wrist,0651,8482762,S. Edvinsson,8475660,C. Talbot,,,5,3
2025-10-11,2025020025,3,REG,19:55,DET,ev,empty-net,wrist,0651,8477429,A. Copp,,,,,6,3
2025-10-11,2025020026,1,REG,08:30,NJD,ev,none,poke,1551,8478414,T. Meier,8480002,N. Hischier,8482110,D. Mercer,0,1
2025-10-11,2025020026,1,REG,10:17,NJD,ev,none,tip-in,1551,8477015,C. Brown,8481721,A. Gritsyuk,8482684,L. Hughes,0,2
2025-10-11,2025020026,1,REG,13:48,NJD,ev,none,wrist,1551,8480002,N. Hischier,8478414,T. Meier,8482684,L. Hughes,0,3
2025-10-11,2025020026,2,REG,07:31,TBL,ev,none,wrist,1551,8476826,Y. Gourde,8478010,B. Point,8481719,M. Crozier,1,3
2025-10-11,2025020026,2,REG,17:23,TBL,ev,none,slap,1551,8474151,R. McDonagh,8479542,B. Hagel,8481719,M. Crozier,2,3
2025-10-11,2025020026,3,REG,04:48,NJD,sh,none,wrist,1451,8479407,J. Bratt,,,,,2,4
2025-10-11,2025020026,3,REG,06:29,NJD,ev,none,wrist,1551,8477015,C. Brown,8481721,A. Gritsyuk,8483495,S. Nemec,2,5
2025-10-11,2025020026,3,REG,16:17,TBL,ev,none,wrist,1551,8478178,D. Raddysh,8477416,O. Bjorkstrand,8482201,G. Goncalves,3,5
2025-10-11,2025020027,1,REG,06:08,FLA,ev,none,backhand,1551,8473419,B. Marchand,8477495,S. Jones,8478055,G. Forsling,1,0
2025-10-11,2025020027,1,REG,09:54,FLA,ev,none,snap,1551,8478542,E. Rodrigues,8477932,A. Ekblad,,,2,0
2025-10-11,2025020027,1,REG,17:33,OTT,ev,none,wrist,1551,8481596,S. Pinto,8482092,R. Greig,,,2,1
2025-10-11,2025020027,2,REG,00:35,FLA,pp,none,snap,1451,8477932,A. Ekblad,8473419,B. Marchand,8477495,S. Jones,3,1
2025-10-11,2025020027,2,REG,18:28,FLA,pp,none,tip-in,1451,8482113,A. Lundell,8473507,J. Petry,8477409,C. Verhaeghe,4,1
2025-10-11,2025020027,3,REG,05:29,FLA,pp,none,wrist,1451,8482713,M. Samoskevich,8482113,A. Lundell,,,5,1
2025-10-11,2025020027,3,REG,11:14,FLA,ev,none,wrist,1551,8477933,S. Reinhart,8478055,G. Forsling,,,6,1
2025-10-11,2025020027,3,REG,17:35,OTT,ev,none,wrist,1551,8481596,S. Pinto,8473512,C. Giroux,,,6,2
2025-10-11,2025020028,1,REG,01:50,WSH,ev,none,backhand,1551,8480796,M. Fehérváry,8471214,A. Ovechkin,8474590,J. Carlson,0,1
2025-10-11,2025020028,1,REG,13:52,WSH,ev,none,snap,1551,8481656,A. Protas,8479345,J. Chychrun,8476880,T. Wilson,0,2
2025-10-11,2025020028,2,REG,09:50,WSH,ev,none,wrist,1551,8484186,R. Leonard,8479345,J. Chychrun,8481656,A. Protas,0,3
2025-10-11,2025020028,2,REG,15:30,WSH,ev,none,wrist,1551,8481656,A. Protas,,,,,0,4
2025-10-11,2025020028,2,REG,18:51,NYI,pp,none,wrist,1451,8477407,A. Duclair,8477500,B. Horvat,8475151,K. Palmieri,1,4
2025-10-11,2025020028,3,REG,04:28,NYI,pp,none,poke,1451,8485366,M. Schaefer,8475151,K. Palmieri,8477500,B. Horvat,2,4
2025-10-11,2025020029,1,REG,07:40,NYR,sh,none,wrist,1451,8476459,M. Zibanejad,8475842,S. Carrick,8479323,A. Fox,0,1
2025-10-11,2025020029,2,REG,03:04,PIT,ev,none,wrist,1551,8485414,B. Kindel,8478452,C. Jones,,,1,1
2025-10-11,2025020029,2,REG,06:06,NYR,ev,none,wrist,1551,8479323,A. Fox,8481726,A. Edstrom,,,1,2
2025-10-11,2025020029,2,REG,09:25,NYR,pp,none,deflected,1541,8482157,W. Cuylle,8477839,C. Sheary,8483690,N. Laba,1,3
2025-10-11,2025020029,2,REG,16:38,NYR,pp,none,wrist,1541,8479323,A. Fox,8478550,A. Panarin,8476468,J. Miller,1,4
2025-10-11,2025020029,3,REG,05:40,NYR,ev,none,deflected,1551,8482460,M. Rempe,8481726,A. Edstrom,8475842,S. Carrick,1,5
2025-10-11,2025020029,3,REG,14:12,NYR,ev,none,wrist,1551,8479390,T. Raddysh,8483690,N. Laba,8481704,J. Parssinen,1,6
2025-10-11,2025020030,1,REG,19:38,PHI,pp,none,wrist,1541,8480015,O. Tippett,8478439,T. Konecny,8481533,T. Zegras,0,1
2025-10-11,2025020030,2,REG,03:46,CAR,ev,none,snap,1551,8482702,L. Stankoven,8482809,J. Blake,8482100,A. Nikishin,1,1
2025-10-11,2025020030,2,REG,06:18,PHI,ev,none,snap,1551,8481553,B. Brink,8480220,N. Cates,8483733,N. Grebenkin,1,2
2025-10-11,2025020030,2,REG,09:07,CAR,ev,none,backhand,1551,8475791,T. Hall,8480762,E. Robinson,,,2,2
2025-10-11,2025020030,2,REG,18:30,CAR,ev,none,snap,1551,8473533,J. Staal,8476921,J. Martinook,,,3,2
2025-10-11,2025020030,3,REG,16:00,PHI,ev,none,snap,1551,8477948,T. Sanheim,8481553,B. Brink,8482159,T. Foerster,3,3
2025-10-11,2025020030,4,OT,04:43,CAR,ev,none,slap,1331,8482093,S. Jarvis,8478427,S. Aho,8476906,S. Gostisbehere,4,3
2025-10-11,2025020031,2,REG,02:45,MTL,pp,none,bat,1541,8481540,C. Caufield,8482737,Z. Bolduc,8480018,N. Suzuki,0,1
2025-10-11,2025020031,2,REG,04:34,CHI,ev,none,wrist,1551,8483506,S. Rinzel,8476882,T. Teravainen,8483493,F. Nazar,1,1
2025-10-11,2025020031,2,REG,05:45,MTL,pp,none,wrist,1541,8482737,Z. Bolduc,8481540,C. Caufield,8480018,N. Suzuki,1,2
2025-10-11,2025020031,2,REG,09:15,CHI,pp,none,tip-in,1451,8484144,C. Bedard,8483493,F. Nazar,8476882,T. Teravainen,2,2
2025-10-11,2025020031,3,REG,19:45,MTL,ev,none,wrist,1551,8482087,K. Guhle,8480018,N. Suzuki,8483457,L. Hutson,2,3
2025-10-11,2025020032,1,REG,02:21,UTA,ev,none,wrist,1551,8483431,L. Cooley,8482699,D. Guenther,8482175,J. Peterka,0,1
2025-10-11,2025020032,1,REG,07:23,NSH,ev,none,snap,1551,8476887,F. Forsberg,8485405,B. Martin,,,1,1
2025-10-11,2025020032,2,REG,13:13,NSH,ev,none,deflected,1551,8475287,E. Haula,8482146,L. Evangelista,8476539,J. Marchessault,2,1
2025-10-11,2025020032,3,REG,11:37,UTA,ev,none,wrist,1551,8480855,J. McBain,8477951,N. Schmaltz,8480434,S. Durzi,2,2
2025-10-11,2025020032,4,OT,02:56,UTA,ev,none,backhand,1331,8482699,D. Guenther,,,,,2,3
2025-10-11,2025020033,1,REG,02:29,CBJ,ev,none,wrist,1551,8477425,M. Wood,8479944,Z. Aston-Reese,,,0,1
2025-10-11,2025020033,2,REG,00:07,CBJ,ev,none,wrist,1551,8480893,K. Marchenko,8481716,D. Voronkov,8478500,I. Provorov,0,2
2025-10-11,2025020033,2,REG,06:18,MIN,pp,none,wrist,1451,8481557,M. Boldy,8478493,J. Eriksson Ek,8478864,K. Kaprizov,1,2
2025-10-11,2025020033,2,REG,08:24,MIN,pp,none,snap,1451,8478864,K. Kaprizov,8481557,M. Boldy,8475765,V. Tarasenko,2,2
2025-10-11,2025020033,2,REG,18:48,CBJ,ev,none,wrist,1551,8480893,K. Marchenko,8481716,D. Voronkov,8478460,Z. Werenski,2,3
2025-10-11,2025020033,3,REG,01:11,CBJ,ev,none,slap,1551,8478460,Z. Werenski,8484166,A. Fantilli,8482705,C. Sillinger,2,4
2025-10-11,2025020033,3,REG,03:01,CBJ,pp,none,slap,1531,8480893,K. Marchenko,8478460,Z. Werenski,8476432,B. Jenner,2,5
2025-10-11,2025020033,3,REG,09:54,MIN,pp,none,snap,1451,8484798,Z. Buium,8478493,J. Eriksson Ek,8481557,M. Boldy,3,5
2025-10-11,2025020033,3,REG,10:47,CBJ,ev,none,deflected,1551,8484166,A. Fantilli,8476432,B. Jenner,,,3,6
2025-10-11,2025020033,3,REG,15:49,MIN,pp,none,tip-in,1451,8478864,K. Kaprizov,8482079,M. Rossi,8484798,Z. Buium,4,6
2025-10-11,2025020033,3,REG,18:34,CBJ,ev,empty-net,wrist,1560,8476432,B. Jenner,8475745,C. Coyle,,,4,7
2025-10-11,2025020034,1,REG,18:51,DAL,ev,none,slap,1551,8481581,T. Harley,8478420,M. Rantanen,8480878,N. Lundkvist,0,1
2025-10-11,2025020034,2,REG,03:54,COL,ev,none,wrist,1551,8480039,M. Necas,8477492,N. MacKinnon,8484258,S. Malinski,1,1
2025-10-11,2025020034,2,REG,10:07,COL,ev,none,snap,1551,8484149,G. Brindley,8478109,V. Olofsson,,,2,1
2025-10-11,2025020034,2,REG,15:22,DAL,ev,none,wrist,1551,8479414,N. Bastian,8476902,E. Lindell,8480036,M. Heiskanen,2,2
2025-10-11,2025020034,2,REG,18:25,DAL,ev,none,tip-in,1551,8480027,J. Robertson,8481581,T. Harley,8480950,I. Lyubushkin,2,3
2025-10-11,2025020034,3,REG,00:34,COL,ev,none,snap,1551,8477476,A. Lehkonen,8477492,N. MacKinnon,8480039,M. Necas,3,3
2025-10-11,2025020034,3,REG,01:58,DAL,ev,none,wrist,1551,8482740,W. Johnston,,,,,3,4
2025-10-11,2025020034,3,REG,10:46,COL,pp,none,snap,1451,8477492,N. MacKinnon,8480039,M. Necas,8470613,B. Burns,4,4
2025-10-11,2025020034,5,SO,00:00,DAL,ev,none,wrist,0101,8478420,M. Rantanen,,,,,4,5
2025-10-11,2025020035,2,REG,12:21,EDM,ev,none,snap,1551,8481491,N. Philp,8477953,K. Kapanen,8481617,V. Podkolzin,1,0
2025-10-11,2025020035,2,REG,19:09,EDM,ev,none,snap,1441,8478233,A. Mangiapane,,,,,2,0
2025-10-11,2025020035,3,REG,00:47,VAN,ev,none,wrist,1551,8478444,B. Boeser,8480800,Q. Hughes,8478498,J. DeBrusk,2,1
2025-10-11,2025020035,3,REG,18:47,EDM,sh,empty-net,backhand,0641,8477934,L. Draisaitl,8477498,D. Nurse,8478402,C. McDavid,3,1
2025-10-11,2025020036,1,REG,03:40,SJS,ev,none,slap,1560,8475726,T. Toffoli,8484227,W. Smith,8484801,M. Celebrini,1,0
2025-10-11,2025020036,1,REG,11:12,SJS,ev,none,wrist,1551,8471817,R. Reaves,8478874,A. Gaudette,8475181,N. Leddy,2,0
2025-10-11,2025020036,1,REG,11:53,ANA,ev,none,wrist,1551,8483445,C. Gauthier,8482745,M. McTavish,8475462,R. Gudas,2,1
2025-10-11,2025020036,1,REG,15:14,ANA,pp,none,wrist,1541,8484762,B. Sennecke,8482745,M. McTavish,8482803,O. Zellweger,2,2
2025-10-11,2025020036,2,REG,05:21,SJS,ev,none,wrist,1551,8479983,M. Ferraro,8484227,W. Smith,8484801,M. Celebrini,3,2
2025-10-11,2025020036,2,REG,06:19,ANA,ev,none,wrist,1551,8473986,A. Killorn,8475798,M. Granlund,,,3,3
2025-10-11,2025020036,2,REG,10:34,SJS,pp,none,slap,1351,8475906,J. Klingberg,8484801,M. Celebrini,8484227,W. Smith,4,3
2025-10-11,2025020036,2,REG,17:14,SJS,pp,none,slap,1451,8478874,A. Gaudette,8477505,A. Wennberg,8475200,D. Orlov,5,3
2025-10-11,2025020036,2,REG,19:29,ANA,pp,none,wrist,1541,8475184,C. Kreider,8484153,L. Carlsson,8478873,T. Terry,5,4
2025-10-11,2025020036,3,REG,05:34,SJS,ev,none,wrist,1551,8475784,J. Skinner,8480848,T. Dellandrea,8475200,D. Orlov,6,4
2025-10-11,2025020036,3,REG,10:29,ANA,ev,none,tip-in,1551,8483445,C. Gauthier,8482745,M. McTavish,8484762,B. Sennecke,6,5
2025-10-11,2025020036,3,REG,19:09,ANA,ev,none,wrist,0651,8475184,C. Kreider,8484153,L. Carlsson,8478873,T. Terry,6,6
2025-10-11,2025020036,4,OT,00:46,ANA,ev,none,wrist,1331,8484153,L. Carlsson,8475798,M. Granlund,,,6,7
2025-10-11,2025020037,2,REG,07:58,SEA,pp,none,backhand,1451,8482665,M. Beniers,8474586,J. Eberle,8478407,V. Dunn,1,0
2025-10-11,2025020037,3,REG,04:11,VGK,pp,none,slap,1541,8481604,P. Dorofeyev,8475913,M. Stone,8478403,J. Eichel,1,1
2025-10-11,2025020037,4,OT,04:56,SEA,ev,none,wrist,1331,8477955,J. McCann,8482665,M. Beniers,8478407,V. Dunn,2,1
2025-10-12,2025020038,2,REG,13:47,WSH,ev,none,tip-in,1551,8478463,A. Beauvillier,8471214,A. Ovechkin,8480990,D. Chisholm,0,1
2025-10-13,2025020039,1,REG,03:14,COL,ev,none,backhand,1551,8477492,N. MacKinnon,8480039,M. Necas,8470613,B. Burns,0,1
2025-10-13,2025020039,1,REG,16:32,BUF,ev,none,wrist,1551,8479420,T. Thompson,8477949,A. Tuch,8480839,R. Dahlin,1,1
2025-10-13,2025020039,2,REG,04:32,COL,ev,none,snap,1551,8480069,C. Makar,8477501,V. Nichushkin,,,1,2
2025-10-13,2025020039,2,REG,11:59,COL,ev,none,wrist,1441,8477492,N. MacKinnon,8480039,M. Necas,8480069,C. Makar,1,3
2025-10-13,2025020040,1,REG,01:09,TBL,ev,none,tip-in,1551,8478519,A. Cirelli,8477404,J. Guentzel,8482201,G. Goncalves,0,1
2025-10-13,2025020040,1,REG,13:16,TBL,ev,none,wrist,1551,8478519,A. Cirelli,8477404,J. Guentzel,8482201,G. Goncalves,0,2
2025-10-13,2025020040,2,REG,00:39,TBL,ev,none,snap,1551,8476826,Y. Gourde,8480995,P. Holmberg,8482655,J. Moser,0,3
2025-10-13,2025020040,2,REG,01:09,BOS,ev,none,wrist,1551,8479999,C. Mittelstadt,8478042,V. Arvidsson,8478401,P. Zacha,1,3
2025-10-13,2025020040,2,REG,03:37,TBL,ev,none,wrist,1551,8480995,P. Holmberg,8477416,O. Bjorkstrand,8481719,M. Crozier,1,4
2025-10-13,2025020040,2,REG,05:31,BOS,ev,none,snap,1551,8480887,J. Harris,8477956,D. Pastrnak,,,2,4
2025-10-13,2025020040,2,REG,11:35,BOS,ev,none,wrist,1441,8479987,M. Geekie,8478401,P. Zacha,,,3,4
2025-10-13,2025020041,2,REG,12:11,NSH,ev,none,wrist,1551,8476539,J. Marchessault,8478047,M. Bunting,8475287,E. Haula,0,1
2025-10-13,2025020041,3,REG,14:38,NSH,ev,none,snap,1551,8475158,R. O'Reilly,8474564,S. Stamkos,8476887,F. Forsberg,0,2
2025-10-13,2025020041,3,REG,17:57,OTT,pp,none,deflected,1460,8482092,R. Greig,8481528,D. Cozens,8482105,J. Sanderson,1,2
2025-10-13,2025020041,3,REG,19:06,NSH,ev,empty-net,wrist,1560,8476539,J. Marchessault,8474600,R. Josi,,,1,3
2025-10-13,2025020041,3,REG,19:48,NSH,ev,empty-net,wrist,1560,8482062,C. Smith,8482146,L. Evangelista,,,1,4
2025-10-13,2025020042,1,REG,07:35,WPG,ev,none,backhand,1551,8480289,M. Barron,8481043,C. Koepke,8479378,L. Stanley,0,1
2025-10-13,2025020042,1,REG,11:48,WPG,pp,none,wrist,1541,8475799,N. Niederreiter,8474679,G. Nyquist,8473604,J. Toews,0,2
2025-10-13,2025020042,2,REG,02:05,NYI,ev,none,tip-in,1551,8476419,J. Pageau,8477950,T. DeAngelo,,,1,2
2025-10-13,2025020042,2,REG,02:19,WPG,ev,none,wrist,1551,8479378,L. Stanley,8476871,T. Pearson,8480289,M. Barron,1,3
2025-10-13,2025020042,2,REG,12:39,WPG,ev,none,wrist,1551,8476871,T. Pearson,8475799,N. Niederreiter,,,1,4
2025-10-13,2025020042,2,REG,14:45,NYI,ev,none,snap,1551,8482476,E. Heineman,8477494,J. Drouin,8485366,M. Schaefer,2,4
2025-10-13,2025020042,3,REG,17:35,WPG,ev,empty-net,backhand,1560,8476460,M. Scheifele,8478398,K. Connor,,,2,5
2025-10-13,2025020043,1,REG,18:55,DET,pp,none,backhand,1541,8477946,D. Larkin,8479337,A. DeBrincat,8482078,L. Raymond,0,1
2025-10-13,2025020043,3,REG,04:25,DET,ev,none,wrist,1551,8474037,J. van Riemsdyk,8477429,A. Copp,,,0,2
2025-10-13,2025020043,3,REG,07:29,TOR,ev,none,tip-in,1551,8482720,M. Knies,8482259,B. McMann,,,1,2
2025-10-13,2025020043,3,REG,13:42,TOR,ev,none,wrist,1551,8475714,C. Jarnkrok,8479318,A. Matthews,8482720,M. Knies,2,2
2025-10-13,2025020043,3,REG,19:15,DET,ev,none,wrist,1551,8478891,M. Appleton,8475279,B. Chiarot,8484471,E. Finnie,2,3
2025-10-13,2025020044,1,REG,08:54,PHI,ev,none,wrist,1551,8482159,T. Foerster,8476461,S. Couturier,,,1,0
2025-10-13,2025020044,2,REG,15:47,PHI,ev,none,wrist,1551,8476461,S. Couturier,8478439,T. Konecny,8477948,T. Sanheim,2,0
2025-10-13,2025020044,2,REG,19:22,FLA,sh,none,backhand,1451,8477933,S. Reinhart,8482113,A. Lundell,,,2,1
2025-10-13,2025020044,3,REG,10:15,FLA,pp,none,wrist,1541,8477935,S. Bennett,8477933,S. Reinhart,8473419,B. Marchand,2,2
2025-10-13,2025020044,3,REG,15:50,PHI,ev,none,snap,1551,8476461,S. Couturier,8481533,T. Zegras,8482142,J. Drysdale,3,2
2025-10-13,2025020044,3,REG,17:43,PHI,ev,empty-net,wrist,0651,8481553,B. Brink,8480220,N. Cates,8476372,N. Seeler,4,2
2025-10-13,2025020044,3,REG,18:33,PHI,ev,empty-net,tip-in,0651,8477989,C. Dvorak,8477948,T. Sanheim,8476461,S. Couturier,5,2
2025-10-13,2025020045,1,REG,15:47,NJD,pp,none,wrist,1541,8478414,T. Meier,8481559,J. Hughes,8479407,J. Bratt,0,1
2025-10-13,2025020045,2,REG,08:49,CBJ,ev,none,wrist,1551,8480893,K. Marchenko,,,,,1,1
2025-10-13,2025020045,2,REG,11:09,NJD,pp,none,slap,1541,8482110,D. Mercer,8481721,A. Gritsyuk,8476292,O. Palat,1,2
2025-10-13,2025020045,3,REG,19:03,NJD,ev,empty-net,wrist,1560,8482110,D. Mercer,8480002,N. Hischier,8475455,B. Dillon,1,3
2025-10-13,2025020045,3,REG,19:39,CBJ,ev,none,poke,1560,8481716,D. Voronkov,8478500,I. Provorov,,,2,3
2025-10-13,2025020046,1,REG,08:48,STL,ev,none,wrist,1551,8483516,J. Snuggerud,8480459,P. Suter,8478472,M. Joseph,0,1
2025-10-13,2025020046,2,REG,02:10,STL,ev,none,snap,1551,8475170,B. Schenn,8479385,J. Kyrou,8481598,P. Broberg,0,2
2025-10-13,2025020046,2,REG,05:33,VAN,ev,none,backhand,1551,8480748,K. Sherwood,8482691,A. Räty,8483395,A. Bains,1,2
2025-10-13,2025020046,2,REG,08:13,STL,pp,none,snap,1541,8483516,J. Snuggerud,8477402,P. Buchnevich,8475170,B. Schenn,1,3
2025-10-13,2025020046,2,REG,12:12,VAN,sh,none,wrist,1541,8480748,K. Sherwood,,,,,2,3
2025-10-13,2025020046,2,REG,13:45,STL,ev,none,deflected,1551,8475760,N. Bjugstad,8477573,N. Walker,8480074,A. Texier,2,4
2025-10-13,2025020046,3,REG,17:47,STL,ev,empty-net,wrist,1560,8482089,J. Neighbours,,,,,2,5
2025-10-13,2025020047,1,REG,14:04,MIN,pp,none,wrist,1451,8474716,J. Spurgeon,8475149,M. Johansson,8482079,M. Rossi,1,0
2025-10-13,2025020047,1,REG,16:13,MIN,pp,none,wrist,1351,8478864,K. Kaprizov,8484798,Z. Buium,8475765,V. Tarasenko,2,0
2025-10-13,2025020047,1,REG,16:33,MIN,pp,none,wrist,1451,8481557,M. Boldy,8475765,V. Tarasenko,8478493,J. Eriksson Ek,3,0
2025-10-13,2025020047,3,REG,03:53,LAK,ev,none,wrist,1551,8477942,K. Fiala,8476469,J. Armia,8482730,B. Clarke,3,1
2025-10-13,2025020047,3,REG,06:22,LAK,pp,none,snap,1541,8482124,Q. Byfield,8477960,A. Kempe,8471685,A. Kopitar,3,2
2025-10-13,2025020047,3,REG,19:14,LAK,ev,none,snap,0651,8477960,A. Kempe,8482124,Q. Byfield,8474563,D. Doughty,3,3
2025-10-13,2025020047,5,SO,00:00,MIN,ev,none,wrist,1010,8482079,M. Rossi,,,,,4,3
2025-10-13,2025020048,2,REG,09:21,CHI,ev,none,wrist,1551,8481624,I. Mikheyev,8477450,J. Dickinson,8477987,R. Donato,1,0
2025-10-13,2025020048,3,REG,01:02,UTA,ev,none,wrist,1551,8482175,J. Peterka,8482699,D. Guenther,8478507,J. Marino,1,1
2025-10-13,2025020048,3,REG,08:55,CHI,pp,none,wrist,1451,8477444,A. Burakovsky,8473422,N. Foligno,8482703,C. Dach,2,1
2025-10-13,2025020048,3,REG,19:54,CHI,ev,empty-net,wrist,0651,8481624,I. Mikheyev,8476882,T. Teravainen,,,3,1
2025-10-14,2025020049,1,REG,08:42,TOR,ev,none,wrist,1551,8476931,J. McCabe,8478057,D. Joshua,8475166,J. Tavares,1,0
2025-10-14,2025020049,1,REG,13:34,TOR,ev,none,wrist,1551,8475171,O. Ekman-Larsson,8477939,W. Nylander,8481122,S. Benoit,2,0
2025-10-14,2025020049,2,REG,03:21,NSH,ev,none,wrist,1551,8477446,M. McCarron,8476869,B. Skjei,8480246,N. Perbix,2,1
2025-10-14,2025020049,2,REG,04:05,NSH,ev,none,wrist,1551,8475287,E. Haula,8482103,O. Wiesblatt,,,2,2
2025-10-14,2025020049,2,REG,08:49,TOR,ev,none,wrist,1551,8475166,J. Tavares,8477939,W. Nylander,8475171,O. Ekman-Larsson,3,2
2025-10-14,2025020049,2,REG,16:24,TOR,ev,none,wrist,1551,8482259,B. McMann,8481582,N. Robertson,8475171,O. Ekman-Larsson,4,2
2025-10-14,2025020049,3,REG,10:42,TOR,ev,none,wrist,1551,8479318,A. Matthews,8482720,M. Knies,8484158,E. Cowan,5,2
2025-10-14,2025020049,3,REG,16:06,NSH,ev,none,wrist,1551,8474600,R. Josi,8482482,A. Wilsby,8476539,J. Marchessault,5,3
2025-10-14,2025020049,3,REG,16:50,TOR,ev,empty-net,wrist,0651,8479318,A. Matthews,8475166,J. Tavares,8482720,M. Knies,6,3
2025-10-14,2025020049,3,REG,18:49,NSH,ev,none,wrist,1551,8480246,N. Perbix,8482482,A. Wilsby,8482103,O. Wiesblatt,6,4
2025-10-14,2025020049,3,REG,19:36,TOR,ev,empty-net,wrist,0651,8477939,W. Nylander,8482720,M. Knies,8476931,J. McCabe,7,4
2025-10-14,2025020050,1,REG,04:37,MTL,ev,none,tip-in,1551,8481618,A. Newhook,8484984,I. Demidov,8478851,A. Carrier,1,0
2025-10-14,2025020050,2,REG,03:33,SEA,pp,none,snap,1541,8475768,J. Schwartz,8483524,S. Wright,8478407,V. Dunn,1,1
2025-10-14,2025020050,2,REG,07:12,MTL,ev,none,snap,1551,8481540,C. Caufield,,,,,2,1
2025-10-14,2025020050,2,REG,17:52,SEA,ev,none,deflected,1551,8483497,J. Nyman,8481789,T. Kartye,8477919,F. Gaudreau,2,2
2025-10-14,2025020050,3,REG,01:12,MTL,ev,none,deflected,1551,8481523,K. Dach,8480865,N. Dobson,8476875,M. Matheson,3,2
2025-10-14,2025020050,3,REG,04:48,SEA,ev,none,snap,1551,8476467,J. Oleksiak,8477955,J. McCann,8479372,J. Mahura,3,3
2025-10-14,2025020050,3,REG,07:56,SEA,ev,none,wrist,1551,8477955,J. McCann,8477986,B. Montour,8479324,R. Lindgren,3,4
2025-10-14,2025020050,3,REG,17:19,MTL,ev,none,backhand,1551,8484984,I. Demidov,8479339,P. Laine,8475848,B. Gallagher,4,4
2025-10-14,2025020050,4,OT,03:25,MTL,ev,none,snap,1331,8481540,C. Caufield,8483457,L. Hutson,8480018,N. Suzuki,5,4
2025-10-14,2025020051,2,REG,10:22,EDM,ev,none,snap,1551,8479365,T. Frederic,8477953,K. Kapanen,,,0,1
2025-10-14,2025020051,3,REG,18:52,EDM,ev,empty-net,wrist,1560,8474641,A. Henrique,8478402,C. McDavid,8478233,A. Mangiapane,0,2
2025-10-14,2025020052,1,REG,07:06,TBL,ev,none,wrist,1551,8477404,J. Guentzel,8474151,R. McDonagh,8478519,A. Cirelli,0,1
2025-10-14,2025020052,2,REG,17:38,WSH,ev,none,snap,1551,8481656,A. Protas,8481580,C. McMichael,8476880,T. Wilson,1,1
2025-10-14,2025020052,3,REG,01:23,TBL,pp,none,tip-in,1541,8478010,B. Point,8475167,V. Hedman,8476453,N. Kucherov,1,2
2025-10-14,2025020052,3,REG,04:56,WSH,pp,none,tip-in,1451,8476880,T. Wilson,8478440,D. Strome,8474590,J. Carlson,2,2
2025-10-14,2025020052,4,OT,01:19,WSH,ev,none,snap,1331,8479345,J. Chychrun,8476880,T. Wilson,8478440,D. Strome,3,2
2025-10-14,2025020053,1,REG,07:32,CGY,ev,none,snap,1551,8474150,M. Backlund,8477346,M. Weegar,,,1,0
2025-10-14,2025020053,1,REG,12:10,CGY,ev,none,snap,1551,8476399,B. Coleman,,,,,2,0
2025-10-14,2025020053,2,REG,10:00,VGK,ev,none,backhand,1551,8478403,J. Eichel,8475913,M. Stone,,,2,1
2025-10-14,2025020053,3,REG,04:11,VGK,ev,none,snap,1551,8481527,K. Korczak,8476881,T. Hertl,8478483,M. Marner,2,2
2025-10-14,2025020053,3,REG,06:38,VGK,ev,none,wrist,1551,8478403,J. Eichel,8477964,I. Barbashev,8478468,J. Lauzon,2,3
2025-10-14,2025020053,3,REG,19:53,VGK,ev,empty-net,wrist,1560,8476881,T. Hertl,8478483,M. Marner,8476448,W. Karlsson,2,4
2025-10-14,2025020054,1,REG,05:37,DAL,ev,none,wrist,1551,8476902,E. Lindell,8478449,R. Hintz,8480036,M. Heiskanen,1,0
2025-10-14,2025020054,1,REG,16:18,DAL,pp,none,snap,1451,8482740,W. Johnston,8478449,R. Hintz,8478420,M. Rantanen,2,0
2025-10-14,2025020054,2,REG,01:31,DAL,pp,none,snap,1451,8475168,M. Duchene,8482145,M. Bourque,8481581,T. Harley,3,0
2025-10-14,2025020054,3,REG,03:50,MIN,pp,none,tip-in,1541,8481557,M. Boldy,8484798,Z. Buium,8478864,K. Kaprizov,3,1
2025-10-14,2025020054,3,REG,13:04,MIN,pp,none,snap,1541,8478864,K. Kaprizov,8484798,Z. Buium,8475765,V. Tarasenko,3,2
2025-10-14,2025020054,3,REG,18:18,DAL,ev,empty-net,backhand,0651,8476889,R. Faksa,8480027,J. Robertson,8475794,T. Seguin,4,2
2025-10-14,2025020054,3,REG,19:50,DAL,ev,empty-net,snap,0651,8478449,R. Hintz,8482740,W. Johnston,8476902,E. Lindell,5,2
2025-10-14,2025020055,2,REG,01:24,CAR,ev,none,slap,1551,8480336,S. Walker,8478427,S. Aho,8482093,S. Jarvis,0,1
2025-10-14,2025020055,2,REG,04:38,SJS,ev,none,wrist,1551,8482667,W. Eklund,8475726,T. Toffoli,8475181,N. Leddy,1,1
2025-10-14,2025020055,2,REG,14:14,CAR,ev,none,poke,1551,8477478,W. Carrier,8482100,A. Nikishin,8476921,J. Martinook,1,2
2025-10-14,2025020055,2,REG,18:39,CAR,ev,none,backhand,1551,8480762,E. Robinson,8476422,M. Reilly,,,1,3
2025-10-14,2025020055,3,REG,01:52,CAR,ev,none,wrist,1551,8476906,S. Gostisbehere,8482702,L. Stankoven,8475791,T. Hall,1,4
2025-10-14,2025020055,3,REG,07:25,CAR,ev,none,slap,1551,8482809,J. Blake,8478970,J. Chatfield,8482702,L. Stankoven,1,5
2025-10-14,2025020056,1,REG,01:03,PIT,ev,none,tip-in,1551,8479638,J. Brazeau,8478854,R. Shea,8471215,E. Malkin,0,1
2025-10-14,2025020056,1,REG,07:01,PIT,ev,none,tip-in,1551,8476483,R. Rakell,8478854,R. Shea,8471675,S. Crosby,0,2
2025-10-14,2025020056,1,REG,09:42,ANA,pp,none,tip-in,1451,8475184,C. Kreider,8484153,L. Carlsson,8475798,M. Granlund,1,2
2025-10-14,2025020056,1,REG,19:25,ANA,ev,none,slap,1551,8483445,C. Gauthier,8483490,P. Mintyukov,8484762,B. Sennecke,2,2
2025-10-14,2025020056,2,REG,09:48,ANA,ev,none,slap,1551,8481563,D. Helleson,8475184,C. Kreider,,,3,2
2025-10-14,2025020056,2,REG,17:01,PIT,ev,none,wrist,1551,8477511,A. Mantha,8471675,S. Crosby,8475810,B. Rust,3,3
2025-10-14,2025020056,3,REG,18:33,ANA,pp,none,snap,1451,8475184,C. Kreider,8478873,T. Terry,8484153,L. Carlsson,4,3
2025-10-15,2025020057,1,REG,08:01,BUF,pp,none,slap,1451,8482097,J. Quinn,8481524,B. Byram,8480839,R. Dahlin,1,0
2025-10-15,2025020057,1,REG,16:09,OTT,ev,none,tip-in,1551,8482116,T. Stützle,8480188,F. Zetterlund,8481606,J. Spence,1,1
2025-10-15,2025020057,2,REG,03:58,OTT,pp,none,poke,1541,8482105,J. Sanderson,8482092,R. Greig,8481528,D. Cozens,1,2
2025-10-15,2025020057,2,REG,06:46,BUF,sh,none,wrist,1541,8480802,R. McLeod,8484145,Z. Benson,8482671,O. Power,2,2
2025-10-15,2025020057,2,REG,10:17,BUF,ev,none,wrist,1551,8477949,A. Tuch,8480196,J. Bryson,8482659,J. Doan,3,2
2025-10-15,2025020057,2,REG,11:46,BUF,pp,none,wrist,1451,8475722,J. Zucker,8480839,R. Dahlin,8484145,Z. Benson,4,2
2025-10-15,2025020057,2,REG,13:43,BUF,pp,none,tip-in,1451,8475722,J. Zucker,8482659,J. Doan,8479420,T. Thompson,5,2
2025-10-15,2025020057,3,REG,00:40,OTT,ev,none,wrist,1551,8481596,S. Pinto,8481606,J. Spence,8482105,J. Sanderson,5,3
2025-10-15,2025020057,3,REG,02:15,OTT,ev,none,slap,1551,8474189,L. Eller,8476393,N. Cousins,8481606,J. Spence,5,4
2025-10-15,2025020057,3,REG,02:32,BUF,ev,none,wrist,1551,8480802,R. McLeod,8477949,A. Tuch,8482659,J. Doan,6,4
2025-10-15,2025020057,3,REG,03:17,BUF,ev,none,backhand,1551,8482097,J. Quinn,8481522,P. Krebs,8484145,Z. Benson,7,4
2025-10-15,2025020057,3,REG,16:44,BUF,ev,empty-net,wrist,0651,8483468,J.Kulich,8479420,T. Thompson,8484145,Z. Benson,8,4
2025-10-15,2025020058,2,REG,02:09,DET,ev,none,snap,1551,8478891,M. Appleton,8477946,D. Larkin,,,1,0
2025-10-15,2025020058,2,REG,09:36,DET,pp,none,wrist,1351,8474141,P. Kane,8481542,M. Seider,8477946,D. Larkin,2,0
2025-10-15,2025020058,2,REG,14:05,FLA,ev,none,wrap-around,1551,8473419,B. Marchand,8482113,A. Lundell,,,2,1
2025-10-15,2025020058,3,REG,18:02,DET,ev,empty-net,wrist,0651,8478891,M. Appleton,8479992,M. Rasmussen,8479337,A. DeBrincat,3,1
2025-10-15,2025020058,3,REG,19:42,DET,ev,empty-net,tip-in,0651,8479992,M. Rasmussen,8479337,A. DeBrincat,,,4,1
2025-10-15,2025020059,1,REG,03:02,CHI,ev,none,wrist,1551,8481624,I. Mikheyev,,,,,0,1
2025-10-15,2025020059,1,REG,04:29,STL,ev,none,wrist,1551,8482089,J. Neighbours,8476892,C. Parayko,8477402,P. Buchnevich,1,1
2025-10-15,2025020059,1,REG,05:23,CHI,ev,none,wrist,1551,8482117,L. Reichel,8476891,M. Grzelcyk,,,1,2
2025-10-15,2025020059,1,REG,14:54,STL,ev,none,wrist,1551,8482077,D. Holloway,8479385,J. Kyrou,,,2,2
2025-10-15,2025020059,2,REG,02:49,CHI,ev,none,tip-in,1551,8482117,L. Reichel,8481568,A. Vlasic,8484144,C. Bedard,2,3
2025-10-15,2025020059,2,REG,04:32,CHI,ev,none,snap,1551,8483493,F. Nazar,8477479,T. Bertuzzi,8482176,W. Kaiser,2,4
2025-10-15,2025020059,2,REG,08:52,CHI,ev,none,wrist,1551,8477450,J. Dickinson,8481568,A. Vlasic,,,2,5
2025-10-15,2025020059,3,REG,01:17,CHI,ev,none,poke,1551,8477987,R. Donato,8481806,L. Crevier,8481624,I. Mikheyev,2,6
2025-10-15,2025020059,3,REG,05:03,CHI,pp,none,tip-in,1541,8477479,T. Bertuzzi,8476882,T. Teravainen,8484144,C. Bedard,2,7
2025-10-15,2025020059,3,REG,11:28,STL,ev,none,wrist,1551,8481006,T. Tucker,8482089,J. Neighbours,,,3,7
2025-10-15,2025020059,3,REG,12:21,CHI,ev,none,wrist,1551,8483450,R. Greene,8482117,L. Reichel,8484144,C. Bedard,3,8
2025-10-15,2025020060,1,REG,08:37,CGY,pp,none,slap,1541,8478397,R. Andersson,8480028,M. Frost,8475172,N. Kadri,0,1
2025-10-15,2025020060,2,REG,01:16,UTA,ev,none,snap,1551,8480849,B. Hayton,8477951,N. Schmaltz,8478507,J. Marino,1,1
2025-10-15,2025020060,2,REG,04:24,UTA,ev,none,snap,1551,8482175,J. Peterka,,,,,2,1
2025-10-15,2025020060,3,REG,19:37,UTA,ev,empty-net,snap,0651,8478831,K. Stenlund,,,,,3,1
2025-10-16,2025020061,1,REG,11:48,TOR,pp,none,deflected,1451,8482720,M. Knies,8477939,W. Nylander,8475171,O. Ekman-Larsson,1,0
2025-10-16,2025020061,3,REG,04:51,NYR,ev,none,tip-in,1551,8481704,J. Parssinen,8482073,B. Schneider,,,1,1
2025-10-16,2025020061,4,OT,00:58,TOR,ev,none,tip-in,1331,8479318,A. Matthews,8477939,W. Nylander,8476853,M. Rielly,2,1
2025-10-16,2025020062,2,REG,11:36,NSH,pp,none,snap,1541,8474564,S. Stamkos,8474600,R. Josi,8482146,L. Evangelista,0,1
2025-10-16,2025020062,3,REG,06:02,MTL,ev,none,snap,1551,8482775,O. Kapanen,8483457,L. Hutson,8482087,K. Guhle,1,1
2025-10-16,2025020062,3,REG,11:21,NSH,ev,none,snap,1551,8480246,N. Perbix,8477446,M. McCarron,,,1,2
2025-10-16,2025020062,3,REG,19:40,MTL,ev,none,snap,1560,8481540,C. Caufield,8483457,L. Hutson,,,2,2
2025-10-16,2025020062,4,OT,04:57,MTL,ev,none,snap,1331,8481540,C. Caufield,8480018,N. Suzuki,8476875,M. Matheson,3,2
2025-10-16,2025020063,1,REG,04:57,SEA,ev,none,backhand,1551,8483524,S. Wright,8477986,B. Montour,8478975,M. Marchment,0,1
2025-10-16,2025020063,1,REG,07:42,OTT,ev,none,wrist,1551,8481596,S. Pinto,8474189,L. Eller,8473512,C. Giroux,1,1
2025-10-16,2025020063,1,REG,09:35,OTT,pp,none,snap,1451,8474102,D. Perron,8473512,C. Giroux,8478469,T. Chabot,2,1
2025-10-16,2025020063,2,REG,04:40,SEA,ev,none,wrist,1551,8476905,C. Stephenson,8475768,J. Schwartz,,,2,2
2025-10-16,2025020063,3,REG,02:15,SEA,pp,none,wrist,1541,8476905,C. Stephenson,8474586,J. Eberle,8477986,B. Montour,2,3
2025-10-16,2025020063,3,REG,18:14,OTT,ev,none,snap,1560,8481528,D. Cozens,8480208,D. Batherson,8481606,J. Spence,3,3
2025-10-16,2025020063,5,SO,00:00,OTT,ev,none,snap,1010,8482116,T. Stützle,,,,,4,3
2025-10-16,2025020064,1,REG,01:59,FLA,ev,none,snap,1551,8478542,E. Rodrigues,8473419,B. Marchand,8477495,S. Jones,0,1
2025-10-16,2025020064,2,REG,05:48,NJD,pp,none,snap,1451,8481559,J. Hughes,8479407,J. Bratt,8478414,T. Meier,1,1
2025-10-16,2025020064,3,REG,06:23,NJD,ev,none,tip-in,1551,8478414,T. Meier,8483495,S. Nemec,8475455,B. Dillon,2,1
2025-10-16,2025020064,3,REG,11:47,NJD,ev,none,wrist,1551,8480002,N. Hischier,8482110,D. Mercer,,,3,1
2025-10-16,2025020066,1,REG,05:45,WPG,ev,none,wrist,1551,8476480,V. Namestnikov,8475799,N. Niederreiter,8474679,G. Nyquist,0,1
2025-10-16,2025020066,2,REG,07:01,WPG,ev,none,wrist,1551,8476460,M. Scheifele,8480014,G. Vilardi,,,0,2
2025-10-16,2025020066,2,REG,16:22,PHI,ev,none,snap,1551,8480015,O. Tippett,8481533,T. Zegras,8477948,T. Sanheim,1,2
2025-10-16,2025020066,2,REG,17:43,WPG,ev,none,wrist,1551,8480289,M. Barron,8478398,K. Connor,,,1,3
2025-10-16,2025020066,3,REG,09:40,WPG,pp,none,slap,1541,8476460,M. Scheifele,8478398,K. Connor,8480113,A. Iafallo,1,4
2025-10-16,2025020066,3,REG,17:39,PHI,ev,none,snap,1560,8484387,M. Michkov,8478454,N. Juulsen,8476461,S. Couturier,2,4
2025-10-16,2025020066,3,REG,18:47,WPG,ev,empty-net,wrist,1560,8476871,T. Pearson,,,,,2,5
2025-10-16,2025020067,2,REG,01:36,CBJ,ev,none,wrist,1551,8478500,I. Provorov,8480893,K. Marchenko,,,1,0
2025-10-16,2025020067,2,REG,10:34,COL,ev,none,wrist,1551,8480069,C. Makar,8480039,M. Necas,8477476,A. Lehkonen,1,1
2025-10-16,2025020067,2,REG,11:46,COL,ev,none,tip-in,1551,8475754,B. Nelson,8470613,B. Burns,8476312,J. Manson,1,2
2025-10-16,2025020067,2,REG,19:56,COL,ev,none,tip-in,1551,8477501,V. Nichushkin,8484258,S. Malinski,8478109,V. Olofsson,1,3
2025-10-16,2025020067,3,REG,18:07,COL,ev,empty-net,wrist,1560,8477501,V. Nichushkin,8476455,G. Landeskog,8480069,C. Makar,1,4
2025-10-16,2025020065,1,REG,16:23,NYI,ev,none,wrist,1551,8478445,M. Barzal,,,,,1,0
2025-10-16,2025020065,1,REG,17:40,EDM,pp,none,snap,1541,8477934,L. Draisaitl,8478402,C. McDavid,8485493,D. Tomasek,1,1
2025-10-16,2025020065,2,REG,08:53,EDM,ev,none,snap,1551,8476454,R. Nugent-Hopkins,8480834,T. Emberson,,,1,2
2025-10-16,2025020065,2,REG,17:56,NYI,sh,none,snap,1541,8477500,B. Horvat,8476419,J. Pageau,8477506,R. Pulock,2,2
2025-10-16,2025020065,3,REG,15:14,NYI,pp,none,snap,1451,8477500,B. Horvat,8478445,M. Barzal,8485366,M. Schaefer,3,2
2025-10-16,2025020065,3,REG,19:51,NYI,ev,empty-net,wrist,0651,8477500,B. Horvat,8477494,J. Drouin,8482476,E. Heineman,4,2
2025-10-16,2025020068,1,REG,04:29,DAL,ev,none,snap,1551,8482145,M. Bourque,8481581,T. Harley,8476889,R. Faksa,1,0
2025-10-16,2025020068,1,REG,19:22,DAL,pp,none,snap,1451,8478420,M. Rantanen,8480027,J. Robertson,8478449,R. Hintz,2,0
2025-10-16,2025020068,2,REG,06:40,VAN,ev,none,snap,1551,8480078,F. Chytil,8475169,E. Kane,8479425,F. Hronek,2,1
2025-10-16,2025020068,2,REG,08:50,VAN,pp,none,tip-in,1541,8478444,B. Boeser,8480800,Q. Hughes,8480012,E. Pettersson,2,2
2025-10-16,2025020068,2,REG,10:06,VAN,ev,none,snap,1551,8484136,M. Sasson,8474574,T. Myers,,,2,3
2025-10-16,2025020068,2,REG,18:54,VAN,ev,none,backhand,1551,8478856,C. Garland,,,,,2,4
2025-10-16,2025020068,3,REG,17:52,DAL,pp,none,snap,1460,8482740,W. Johnston,8475794,T. Seguin,8480027,J. Robertson,3,4
2025-10-16,2025020068,3,REG,19:23,VAN,pp,none,wrist,1541,8480800,Q. Hughes,8478856,C. Garland,8479425,F. Hronek,3,5
2025-10-16,2025020069,1,REG,02:05,BOS,ev,none,wrist,1551,8479661,T. Jeannot,8479325,C. McAvoy,8479591,M. Eyssimont,0,1
2025-10-16,2025020069,1,REG,03:35,VGK,ev,none,snap,1551,8481604,P. Dorofeyev,8478483,M. Marner,8480727,Z. Whitecloud,1,1
2025-10-16,2025020069,1,REG,16:44,BOS,ev,none,wrist,1551,8477507,N. Zadorov,8480035,H. Jokiharju,8476374,S. Kuraly,1,2
2025-10-16,2025020069,1,REG,18:33,VGK,ev,none,wrist,1551,8481133,C. Reinhardt,8477018,B. Hutton,8476925,C. Sissons,2,2
2025-10-16,2025020069,2,REG,04:14,VGK,ev,none,wrist,1551,8478403,J. Eichel,8475913,M. Stone,8477964,I. Barbashev,3,2
2025-10-16,2025020069,2,REG,06:35,VGK,pp,none,deflected,1451,8476881,T. Hertl,8481604,P. Dorofeyev,8475913,M. Stone,4,2
2025-10-16,2025020069,2,REG,08:15,BOS,pp,none,wrist,1541,8477956,D. Pastrnak,8479987,M. Geekie,8477496,E. Lindholm,4,3
2025-10-16,2025020069,2,REG,18:24,VGK,sh,none,backhand,1541,8476448,W. Karlsson,8475913,M. Stone,,,5,3
2025-10-16,2025020069,3,REG,02:19,VGK,pp,none,wrist,1451,8476448,W. Karlsson,8478483,M. Marner,8478403,J. Eichel,6,3
2025-10-16,2025020069,3,REG,04:05,BOS,ev,none,snap,1551,8480355,M. Kastelic,8476374,S. Kuraly,,,6,4
2025-10-16,2025020069,3,REG,05:12,BOS,ev,none,wrist,1551,8479591,M. Eyssimont,8482511,M. Lohrei,,,6,5
2025-10-16,2025020070,1,REG,14:54,CAR,ev,none,snap,1551,8482093,S. Jarvis,8476906,S. Gostisbehere,,,0,1
2025-10-16,2025020070,2,REG,10:22,CAR,pp,none,slap,1541,8482093,S. Jarvis,8482809,J. Blake,8476906,S. Gostisbehere,0,2
2025-10-16,2025020070,2,REG,11:32,ANA,ev,none,wrist,1551,8484153,L. Carlsson,8473986,A. Killorn,8481563,D. Helleson,1,2
2025-10-16,2025020070,3,REG,02:38,CAR,ev,none,snap,1551,8482100,A. Nikishin,8478427,S. Aho,8476906,S. Gostisbehere,1,3
2025-10-16,2025020070,3,REG,15:48,CAR,ev,none,wrist,1551,8478427,S. Aho,8482093,S. Jarvis,,,1,4
2025-10-16,2025020071,1,REG,04:24,LAK,ev,none,wrist,1551,8477998,W. Foegele,8479675,T. Moore,8476879,C. Ceci,1,0
2025-10-16,2025020071,1,REG,09:04,LAK,ev,none,tip-in,1551,8477942,K. Fiala,8482124,Q. Byfield,8476469,J. Armia,2,0
2025-10-16,2025020071,2,REG,06:37,PIT,pp,none,snap,1541,8471215,E. Malkin,8475810,B. Rust,8474578,E. Karlsson,2,1
2025-10-16,2025020071,2,REG,07:18,PIT,ev,none,wrist,1551,8480980,C. Dewar,8478569,N. Acciari,8478854,R. Shea,2,2
2025-10-16,2025020071,3,REG,06:50,PIT,sh,none,snap,1451,8480842,F. Hallander,8476483,R. Rakell,8478450,P. Wotherspoon,2,3
2025-10-16,2025020071,3,REG,19:29,PIT,ev,empty-net,wrist,1560,8471675,S. Crosby,8478450,P. Wotherspoon,8474578,E. Karlsson,2,4
2025-10-17,2025020072,1,REG,13:02,DET,ev,none,wrist,1551,8484223,A. Sandin-Pellikka,8477946,D. Larkin,8478891,M. Appleton,1,0
2025-10-17,2025020072,3,REG,16:17,TBL,ev,none,slap,1551,8482655,J. Moser,8475167,V. Hedman,8483447,C. Geekie,1,1
2025-10-17,2025020072,4,OT,03:36,DET,ev,none,snap,1331,8477946,D. Larkin,8477456,J. Compher,,,2,1
2025-10-17,2025020073,1,REG,17:52,WSH,ev,none,deflected,1551,8478440,D. Strome,8471214,A. Ovechkin,8480796,M. Fehérváry,1,0
2025-10-17,2025020073,2,REG,16:47,MIN,ev,none,snap,1551,8475149,M. Johansson,8481557,M. Boldy,8478136,J. Middleton,1,1
2025-10-17,2025020073,2,REG,17:18,WSH,ev,none,wrist,1551,8481656,A. Protas,8476880,T. Wilson,8480873,R. Sandin,2,1
2025-10-17,2025020073,3,REG,01:19,WSH,ev,none,snap,1551,8471214,A. Ovechkin,8478440,D. Strome,,,3,1
2025-10-17,2025020073,3,REG,11:32,WSH,ev,none,snap,1551,8478440,D. Strome,8478463,A. Beauvillier,8480796,M. Fehérváry,4,1
2025-10-17,2025020073,3,REG,18:03,WSH,pp,none,deflected,1451,8476880,T. Wilson,8474590,J. Carlson,8478440,D. Strome,5,1
2025-10-17,2025020074,1,REG,12:41,CHI,pp,none,tip-in,1451,8477987,R. Donato,8477444,A. Burakovsky,8484783,A. Levshunov,1,0
2025-10-17,2025020074,1,REG,19:14,CHI,ev,none,wrist,1551,8477479,T. Bertuzzi,8483506,S. Rinzel,,,2,0
2025-10-17,2025020074,2,REG,06:49,VAN,pp,none,wrist,1541,8478498,J. DeBrusk,8478856,C. Garland,8480800,Q. Hughes,2,1
2025-10-17,2025020074,2,REG,13:42,VAN,ev,none,wrist,1551,8484136,M. Sasson,8479425,F. Hronek,8481024,L. Karlsson,2,2
2025-10-17,2025020074,5,SO,00:00,VAN,ev,none,wrist,0101,8478444,B. Boeser,,,,,2,3
2025-10-17,2025020075,1,REG,09:39,UTA,pp,none,snap,1351,8477951,N. Schmaltz,8483431,L. Cooley,8479343,C. Keller,1,0
2025-10-17,2025020075,1,REG,13:31,UTA,ev,none,snap,1551,8477951,N. Schmaltz,8479343,C. Keller,,,2,0
2025-10-17,2025020075,2,REG,05:23,SJS,pp,none,snap,1541,8475726,T. Toffoli,8475200,D. Orlov,8484227,W. Smith,2,1
2025-10-17,2025020075,2,REG,07:13,SJS,ev,none,backhand,1551,8475784,J. Skinner,8484801,M. Celebrini,8479576,V. Desharnais,2,2
2025-10-17,2025020075,2,REG,16:09,UTA,ev,none,backhand,1551,8477070,L. O'Brien,8479293,B. Tanev,8474013,I. Cole,3,2
2025-10-17,2025020075,3,REG,00:54,UTA,ev,none,snap,1551,8477951,N. Schmaltz,8479343,C. Keller,,,4,2
2025-10-17,2025020075,3,REG,03:25,UTA,ev,none,snap,1551,8479619,M. Carcone,8478474,L. Crouse,,,5,2
2025-10-17,2025020075,3,REG,11:32,UTA,ev,none,snap,1551,8479343,C. Keller,8477951,N. Schmaltz,8480849,B. Hayton,6,2
2025-10-17,2025020075,3,REG,16:51,SJS,pp,none,snap,1541,8484801,M. Celebrini,8475784,J. Skinner,8477505,A. Wennberg,6,3
2025-10-18,2025020076,1,REG,07:13,BUF,pp,none,deflected,1451,8482659,J. Doan,8479420,T. Thompson,8480839,R. Dahlin,1,0
2025-10-18,2025020076,2,REG,11:12,BUF,pp,none,tip-in,1451,8482659,J. Doan,8475722,J. Zucker,8484145,Z. Benson,2,0
2025-10-18,2025020076,2,REG,14:20,BUF,ev,none,tip-in,1551,8482671,O. Power,8477949,A. Tuch,8481522,P. Krebs,3,0
2025-10-18,2025020077,1,REG,17:01,OTT,pp,none,snap,1451,8474102,D. Perron,8478469,T. Chabot,8481560,A. Kaliyev,1,0
2025-10-18,2025020077,2,REG,05:32,OTT,ev,none,slap,1560,8481596,S. Pinto,8480208,D. Batherson,8478469,T. Chabot,2,0
2025-10-18,2025020077,2,REG,06:50,NYI,ev,none,snap,1551,8482476,E. Heineman,8477494,J. Drouin,8476429,S. Mayfield,2,1
2025-10-18,2025020077,2,REG,09:57,NYI,ev,none,snap,1551,8477500,B. Horvat,8477506,R. Pulock,8475314,A. Lee,2,2
2025-10-18,2025020077,2,REG,16:46,OTT,ev,none,wrist,1551,8482116,T. Stützle,8475324,N. Jensen,8480208,D. Batherson,3,2
2025-10-18,2025020077,2,REG,17:45,NYI,ev,none,deflected,1551,8475314,A. Lee,8485702,M. Shabanov,8485366,M. Schaefer,3,3
2025-10-18,2025020077,2,REG,18:47,OTT,ev,none,wrist,1551,8481528,D. Cozens,8482116,T. Stützle,,,4,3
2025-10-18,2025020077,3,REG,06:00,NYI,ev,none,snap,1551,8475151,K. Palmieri,8478445,M. Barzal,8476917,A. Pelech,4,4
2025-10-18,2025020077,3,REG,18:57,NYI,ev,none,wrist,1551,8475314,A. Lee,8476419,J. Pageau,,,4,5
2025-10-18,2025020078,2,REG,08:07,NJD,ev,none,wrist,1551,8481559,J. Hughes,8477488,B. Pesce,,,1,0
2025-10-18,2025020078,2,REG,16:02,NJD,pp,none,backhand,1451,8479407,J. Bratt,8481559,J. Hughes,8480002,N. Hischier,2,0
2025-10-18,2025020078,2,REG,18:16,EDM,ev,none,wrist,1551,8476454,R. Nugent-Hopkins,8478402,C. McDavid,8478458,J. Roslovic,2,1
2025-10-18,2025020078,3,REG,10:37,NJD,sh,none,wrist,1541,8477015,C. Brown,8476822,L. Glendening,,,3,1
2025-10-18,2025020078,3,REG,12:33,NJD,ev,none,wrist,1551,8481559,J. Hughes,8479407,J. Bratt,,,4,1
2025-10-18,2025020078,3,REG,16:30,EDM,ev,none,wrist,0651,8476454,R. Nugent-Hopkins,8478402,C. McDavid,8477498,D. Nurse,4,2
2025-10-18,2025020078,3,REG,18:53,NJD,ev,empty-net,wrist,0651,8482110,D. Mercer,8480002,N. Hischier,,,5,2
2025-10-18,2025020078,3,REG,19:57,EDM,ev,none,wrist,1551,8477508,C. Lazar,8474641,A. Henrique,8480834,T. Emberson,5,3
2025-10-18,2025020079,1,REG,07:29,SEA,pp,none,wrist,1541,8483524,S. Wright,8475768,J. Schwartz,8478975,M. Marchment,0,1
2025-10-18,2025020079,1,REG,14:56,TOR,ev,none,wrist,1551,8476853,M. Rielly,8479318,A. Matthews,8482720,M. Knies,1,1
2025-10-18,2025020079,2,REG,14:19,SEA,ev,none,wrist,1551,8483497,J. Nyman,8478975,M. Marchment,8483524,S. Wright,1,2
2025-10-18,2025020079,2,REG,16:01,TOR,ev,none,wrist,1551,8475166,J. Tavares,8477939,W. Nylander,,,2,2
2025-10-18,2025020079,2,REG,17:44,SEA,ev,none,wrist,1551,8478407,V. Dunn,8480009,E. Tolvanen,8476905,C. Stephenson,2,3
2025-10-18,2025020079,3,REG,01:21,TOR,pp,none,backhand,1451,8475166,J. Tavares,8477939,W. Nylander,,,3,3
2025-10-18,2025020079,4,OT,03:06,SEA,ev,none,wrist,1331,8479372,J. Mahura,8474586,J. Eberle,8476905,C. Stephenson,3,4
2025-10-18,2025020080,1,REG,01:33,MTL,ev,none,snap,1551,8483515,J. Slafkovský,8481540,C. Caufield,,,1,0
2025-10-18,2025020080,1,REG,03:42,MTL,pp,none,snap,1451,8480018,N. Suzuki,8484984,I. Demidov,8475848,B. Gallagher,2,0
2025-10-18,2025020080,1,REG,11:56,NYR,pp,none,slap,1541,8476459,M. Zibanejad,8479323,A. Fox,8478550,A. Panarin,2,1
2025-10-18,2025020080,3,REG,00:34,NYR,ev,none,deflected,1551,8476468,J. Miller,8479323,A. Fox,8478550,A. Panarin,2,2
2025-10-18,2025020080,3,REG,04:11,NYR,ev,none,slap,1551,8481525,M. Robertson,8478550,A. Panarin,8477839,C. Sheary,2,3
2025-10-18,2025020080,3,REG,05:51,NYR,ev,none,snap,1551,8478550,A. Panarin,8476459,M. Zibanejad,8478882,V. Gavrikov,2,4
2025-10-18,2025020080,3,REG,08:26,MTL,ev,none,snap,1551,8480865,N. Dobson,8481593,J. Struble,8476981,J. Anderson,3,4
2025-10-18,2025020081,2,REG,01:55,MIN,ev,none,snap,1551,8475765,V. Tarasenko,8482079,M. Rossi,8476463,J. Brodin,0,1
2025-10-18,2025020081,3,REG,07:10,PHI,ev,none,backhand,1551,8480015,O. Tippett,8481533,T. Zegras,8477989,C. Dvorak,1,1
2025-10-18,2025020081,4,OT,02:37,PHI,ev,none,wrist,1331,8480220,N. Cates,8482159,T. Foerster,8482142,J. Drysdale,2,1
2025-10-18,2025020082,1,REG,04:58,CBJ,ev,none,backhand,1551,8482660,K. Johnson,8476432,B. Jenner,8484166,A. Fantilli,1,0
2025-10-18,2025020082,1,REG,12:42,TBL,ev,none,wrist,1551,8474151,R. McDonagh,8480995,P. Holmberg,8478416,E. Cernak,1,1
2025-10-18,2025020082,1,REG,16:22,TBL,pp,none,backhand,1541,8478519,A. Cirelli,8477404,J. Guentzel,8475167,V. Hedman,1,2
2025-10-18,2025020082,2,REG,13:59,CBJ,ev,none,wrist,1551,8476923,D. Severson,8479671,M. Olivier,8475745,C. Coyle,2,2
2025-10-18,2025020082,3,REG,01:15,CBJ,ev,none,wrist,1551,8480893,K. Marchenko,8481716,D. Voronkov,8478460,Z. Werenski,3,2
2025-10-18,2025020083,2,REG,02:27,STL,ev,none,wrist,1551,8479385,J. Kyrou,8475170,B. Schenn,,,1,0
2025-10-18,2025020083,2,REG,13:52,STL,ev,none,poke,1551,8483516,J. Snuggerud,8477402,P. Buchnevich,8481006,T. Tucker,2,0
2025-10-18,2025020083,3,REG,17:42,DAL,ev,none,deflected,1551,8478420,M. Rantanen,8482740,W. Johnston,8483425,L. Bichsel,2,1
2025-10-18,2025020083,3,REG,18:59,STL,ev,empty-net,backhand,0651,8480459,P. Suter,,,,,3,1
2025-10-18,2025020084,1,REG,02:39,WPG,pp,none,slap,1451,8476460,M. Scheifele,8478398,K. Connor,8480113,A. Iafallo,1,0
2025-10-18,2025020084,1,REG,10:25,WPG,ev,none,backhand,1551,8475799,N. Niederreiter,8476480,V. Namestnikov,8476331,D. DeMelo,2,0
2025-10-18,2025020084,3,REG,05:26,WPG,ev,none,slap,1551,8479378,L. Stanley,8474679,G. Nyquist,8473604,J. Toews,3,0
2025-10-18,2025020084,3,REG,16:52,WPG,pp,none,wrist,1451,8476480,V. Namestnikov,8473604,J. Toews,8475799,N. Niederreiter,4,0
2025-10-18,2025020084,3,REG,18:56,NSH,ev,none,backhand,1551,8478047,M. Bunting,8475158,R. O'Reilly,8476869,B. Skjei,4,1
2025-10-18,2025020085,1,REG,03:11,BOS,ev,none,tip-in,1551,8481556,J. Beecher,8479325,C. McAvoy,8482511,M. Lohrei,0,1
2025-10-18,2025020085,1,REG,07:08,COL,ev,none,backhand,1551,8477492,N. MacKinnon,8477476,A. Lehkonen,,,1,1
2025-10-18,2025020085,1,REG,10:22,COL,ev,none,slap,1551,8476312,J. Manson,8470613,B. Burns,8476455,G. Landeskog,2,1
2025-10-18,2025020085,3,REG,04:14,COL,ev,none,slap,1551,8477492,N. MacKinnon,8477476,A. Lehkonen,,,3,1
2025-10-18,2025020085,3,REG,17:23,COL,ev,empty-net,wrist,0651,8480039,M. Necas,8477476,A. Lehkonen,,,4,1
2025-10-18,2025020086,1,REG,00:12,CAR,ev,none,snap,1551,8473533,J. Staal,8477478,W. Carrier,8476921,J. Martinook,0,1
2025-10-18,2025020086,1,REG,03:58,CAR,ev,none,slap,1551,8473533,J. Staal,8476422,M. Reilly,8478970,J. Chatfield,0,2
2025-10-18,2025020086,2,REG,03:43,CAR,ev,none,backhand,1551,8480829,J. Kotkaniemi,8480817,K. Miller,,,0,3
2025-10-18,2025020086,2,REG,04:35,LAK,ev,none,snap,1551,8479675,T. Moore,8476479,P. Danault,8476441,J. Edmundson,1,3
2025-10-18,2025020086,2,REG,16:04,LAK,pp,none,wrist,1451,8483808,A. Kuzmenko,8482124,Q. Byfield,8477960,A. Kempe,2,3
2025-10-18,2025020086,3,REG,11:02,LAK,ev,none,snap,1551,8477942,K. Fiala,8477960,A. Kempe,,,3,3
2025-10-18,2025020086,4,OT,01:45,CAR,ev,none,wrist,1331,8482093,S. Jarvis,8478427,S. Aho,8480817,K. Miller,3,4
2025-10-18,2025020087,1,REG,00:46,VGK,ev,none,wrist,1551,8478483,M. Marner,8477964,I. Barbashev,,,1,0
2025-10-18,2025020087,1,REG,03:42,CGY,pp,none,wrist,1541,8476456,J. Huberdeau,8475172,N. Kadri,8477346,M. Weegar,1,1
2025-10-18,2025020087,1,REG,05:39,VGK,pp,none,snap,1451,8476881,T. Hertl,8475913,M. Stone,8478403,J. Eichel,2,1
2025-10-18,2025020087,1,REG,15:03,VGK,ev,none,wrist,1551,8475913,M. Stone,8478403,J. Eichel,,,3,1
2025-10-18,2025020087,2,REG,03:57,VGK,ev,none,tip-in,1551,8477964,I. Barbashev,8481527,K. Korczak,8478468,J. Lauzon,4,1
2025-10-18,2025020087,2,REG,19:06,VGK,pp,none,backhand,1451,8478483,M. Marner,8475913,M. Stone,8478403,J. Eichel,5,1
2025-10-18,2025020087,3,REG,02:37,VGK,pp,none,wrist,1451,8475913,M. Stone,8476881,T. Hertl,8478403,J. Eichel,6,1
2025-10-18,2025020088,2,REG,07:35,PIT,ev,none,tip-in,1551,8471675,S. Crosby,8471724,K. Letang,8476483,R. Rakell,0,1
2025-10-18,2025020088,3,REG,07:02,PIT,ev,none,wrist,1551,8477511,A. Mantha,8479638,J. Brazeau,8471215,E. Malkin,0,2
2025-10-18,2025020088,3,REG,19:38,PIT,ev,empty-net,wrist,1560,8471215,E. Malkin,8471675,S. Crosby,8474578,E. Karlsson,0,3
2025-10-19,2025020089,1,REG,00:59,VAN,ev,none,wrist,1551,8480012,E. Pettersson,8478856,C. Garland,,,0,1
2025-10-19,2025020089,1,REG,17:11,VAN,ev,none,wrist,1551,8474574,T. Myers,,,,,0,2
2025-10-19,2025020089,1,REG,17:52,VAN,pp,none,snap,1541,8480748,K. Sherwood,8478856,C. Garland,8480800,Q. Hughes,0,3
2025-10-19,2025020089,2,REG,04:54,VAN,ev,none,snap,1551,8476927,T. Blueger,8475169,E. Kane,8474574,T. Myers,0,4
2025-10-19,2025020089,2,REG,13:42,WSH,pp,none,snap,1451,8484186,R. Leonard,8476880,T. Wilson,8478440,D. Strome,1,4
2025-10-19,2025020089,3,REG,09:01,WSH,ev,none,snap,1551,8479345,J. Chychrun,8482148,H. Lapierre,8480873,R. Sandin,2,4
2025-10-19,2025020089,3,REG,17:46,WSH,ev,none,snap,1560,8474590,J. Carlson,8478440,D. Strome,8476880,T. Wilson,3,4
2025-10-19,2025020090,2,REG,08:51,DET,ev,none,tip-in,1551,8477946,D. Larkin,8475279,B. Chiarot,8482078,L. Raymond,1,0
2025-10-19,2025020090,2,REG,11:54,DET,ev,none,wrist,1551,8484471,E. Finnie,8480879,J. Bernard-Docker,8477946,D. Larkin,2,0
2025-10-19,2025020090,2,REG,12:25,EDM,ev,none,tip-in,1551,8481491,N. Philp,8481617,V. Podkolzin,8476967,B. Kulak,2,1
2025-10-19,2025020090,2,REG,17:05,DET,ev,none,wrist,1551,8477946,D. Larkin,8484471,E. Finnie,8476434,J. Gibson,3,1
2025-10-19,2025020090,3,REG,07:33,EDM,ev,none,snap,1551,8477934,L. Draisaitl,8476967,B. Kulak,8475218,M. Ekholm,3,2
2025-10-19,2025020090,3,REG,18:38,DET,ev,empty-net,wrist,0651,8484471,E. Finnie,8482078,L. Raymond,8477946,D. Larkin,4,2
2025-10-19,2025020091,3,REG,09:43,CHI,ev,none,wrist,1551,8483493,F. Nazar,8482176,W. Kaiser,8477987,R. Donato,1,0
2025-10-19,2025020091,3,REG,19:24,ANA,pp,none,wrist,0641,8482745,M. McTavish,8478873,T. Terry,8481605,J. LaCombe,1,1
2025-10-19,2025020091,4,OT,02:58,CHI,ev,none,wrist,1331,8477987,R. Donato,8484144,C. Bedard,8483506,S. Rinzel,2,1
2025-10-19,2025020092,1,REG,04:20,UTA,pp,none,deflected,1451,8483431,L. Cooley,8477951,N. Schmaltz,8479343,C. Keller,1,0
2025-10-19,2025020092,1,REG,14:38,BOS,pp,none,snap,1541,8477956,D. Pastrnak,8478401,P. Zacha,8479325,C. McAvoy,1,1
2025-10-19,2025020092,2,REG,05:46,BOS,ev,none,wrist,1551,8477956,D. Pastrnak,8482177,M. Khusnutdinov,,,1,2
2025-10-19,2025020092,2,REG,15:57,UTA,ev,none,snap,1441,8479343,C. Keller,8477951,N. Schmaltz,8474013,I. Cole,2,2
2025-10-19,2025020092,3,REG,10:37,UTA,ev,none,slap,1551,8482699,D. Guenther,8482175,J. Peterka,,,3,2
2025-10-20,2025020093,1,REG,00:57,NYR,ev,none,wrist,1551,8478550,A. Panarin,8476459,M. Zibanejad,8478840,W. Borgen,1,0
2025-10-20,2025020093,1,REG,05:10,MIN,ev,none,wrist,1551,8476463,J. Brodin,8481557,M. Boldy,8478493,J. Eriksson Ek,1,1
2025-10-20,2025020093,3,REG,08:16,MIN,ev,none,wrist,1551,8483525,D. Yurov,8475149,M. Johansson,,,1,2
2025-10-20,2025020093,3,REG,18:24,MIN,ev,empty-net,wrist,1560,8478864,K. Kaprizov,8477451,R. Hartman,,,1,3
2025-10-20,2025020094,1,REG,07:16,SEA,ev,none,deflected,1551,8474586,J. Eberle,8479985,C. Fleury,8484800,B. Catton,0,1
2025-10-20,2025020094,1,REG,09:56,PHI,ev,none,wrist,1551,8480015,O. Tippett,8476372,N. Seeler,8476461,S. Couturier,1,1
2025-10-20,2025020094,1,REG,13:19,PHI,pp,none,snap,1451,8482159,T. Foerster,8481553,B. Brink,8481546,C. York,2,1
2025-10-20,2025020094,2,REG,04:59,PHI,ev,none,wrist,1551,8478439,T. Konecny,8481178,E. Zamula,8484387,M. Michkov,3,1
2025-10-20,2025020094,2,REG,05:32,PHI,pp,none,tip-in,1451,8480220,N. Cates,8481546,C. York,8481533,T. Zegras,4,1
2025-10-20,2025020094,2,REG,08:33,SEA,pp,none,wrist,1541,8483497,J. Nyman,8482665,M. Beniers,8476905,C. Stephenson,4,2
2025-10-20,2025020094,2,REG,15:40,PHI,ev,none,wrist,1551,8480015,O. Tippett,8476461,S. Couturier,8481546,C. York,5,2
2025-10-20,2025020095,1,REG,08:29,MTL,ev,none,backhand,1551,8482775,O. Kapanen,8484984,I. Demidov,8481618,A. Newhook,1,0
2025-10-20,2025020095,2,REG,06:51,BUF,ev,none,backhand,1551,8483468,J.Kulich,8484145,Z. Benson,,,1,1
2025-10-20,2025020095,3,REG,02:57,MTL,ev,none,snap,1551,8483515,J. Slafkovský,8480865,N. Dobson,8480018,N. Suzuki,2,1
2025-10-20,2025020095,3,REG,11:38,MTL,ev,none,wrist,1551,8483457,L. Hutson,8481618,A. Newhook,,,3,1
2025-10-20,2025020095,3,REG,12:30,BUF,ev,none,snap,1551,8482896,T. Kozak,8482097,J. Quinn,8480839,R. Dahlin,3,2
2025-10-20,2025020095,3,REG,19:29,MTL,ev,empty-net,snap,0651,8478133,J. Evans,8480018,N. Suzuki,,,4,2
2025-10-20,2025020096,2,REG,13:22,CGY,ev,none,slap,1551,8478397,R. Andersson,8483609,A. Klapka,8479066,R. Lomberg,1,0
2025-10-20,2025020096,3,REG,02:41,WPG,pp,none,tip-in,1541,8473604,J. Toews,8480145,N. Pionk,8475799,N. Niederreiter,1,1
2025-10-20,2025020096,3,REG,15:06,WPG,ev,none,wrist,1551,8476460,M. Scheifele,8478398,K. Connor,8477504,J. Morrissey,1,2
2025-10-20,2025020097,1,REG,08:42,VGK,ev,none,wrist,1551,8478403,J. Eichel,8476438,B. Saad,8477964,I. Barbashev,1,0
2025-10-20,2025020097,1,REG,10:28,VGK,ev,none,backhand,1551,8481604,P. Dorofeyev,8478483,M. Marner,8476881,T. Hertl,2,0
2025-10-20,2025020097,2,REG,04:18,CAR,ev,none,wrist,1551,8478427,S. Aho,8482093,S. Jarvis,8477940,N. Ehlers,2,1
2025-10-20,2025020097,3,REG,11:06,VGK,ev,none,wrist,1551,8477964,I. Barbashev,,,,,3,1
2025-10-20,2025020097,3,REG,18:23,VGK,ev,empty-net,wrist,0651,8476448,W. Karlsson,8478483,M. Marner,8477447,S. Theodore,4,1
2025-10-21,2025020098,1,REG,06:36,TOR,ev,none,bat,1551,8475166,J. Tavares,8475171,O. Ekman-Larsson,8477939,W. Nylander,1,0
2025-10-21,2025020098,2,REG,01:27,NJD,ev,none,wrist,1551,8481559,J. Hughes,8479407,J. Bratt,8477488,B. Pesce,1,1
2025-10-21,2025020098,2,REG,03:20,NJD,pp,none,wrist,1541,8479996,C. Glass,8478414,T. Meier,8482684,L. Hughes,1,2
2025-10-21,2025020098,2,REG,04:54,NJD,ev,none,wrist,1551,8475455,B. Dillon,8476822,L. Glendening,8481721,A. Gritsyuk,1,3
2025-10-21,2025020098,2,REG,07:03,TOR,ev,none,snap,1551,8481711,M. Maccelli,8477939,W. Nylander,8475166,J. Tavares,2,3
2025-10-21,2025020098,2,REG,16:17,NJD,ev,none,slap,1551,8481559,J. Hughes,8479407,J. Bratt,8483495,S. Nemec,2,4
2025-10-21,2025020098,3,REG,19:30,NJD,ev,empty-net,wrist,1560,8481559,J. Hughes,8479407,J. Bratt,,,2,5
2025-10-21,2025020099,1,REG,16:31,EDM,pp,none,snap,1541,8478402,C. McDavid,8476454,R. Nugent-Hopkins,8480803,E. Bouchard,0,1
2025-10-21,2025020099,2,REG,00:49,EDM,ev,none,wrist,1551,8483455,I. Howard,8477934,L. Draisaitl,,,0,2
2025-10-21,2025020099,3,REG,00:13,OTT,pp,none,wrist,1451,8481528,D. Cozens,8480208,D. Batherson,8482116,T. Stützle,1,2
2025-10-21,2025020099,3,REG,01:49,OTT,ev,none,slap,1551,8478469,T. Chabot,8474102,D. Perron,,,2,2
2025-10-21,2025020099,4,OT,02:24,EDM,pp,none,slap,1431,8478013,J. Walman,8475218,M. Ekholm,8483512,M. Savoie,2,3
2025-10-21,2025020100,1,REG,08:29,SJS,sh,none,snap,1451,8484911,C. Graf,8480848,T. Dellandrea,,,0,1
2025-10-21,2025020100,1,REG,09:26,NYI,pp,none,wrist,1451,8477500,B. Horvat,8478445,M. Barzal,8485366,M. Schaefer,1,1
2025-10-21,2025020100,1,REG,10:30,NYI,ev,none,wrist,1551,8475231,C. Cizikas,8481601,S. Holmstrom,,,2,1
2025-10-21,2025020100,1,REG,14:16,SJS,ev,none,snap,1551,8478874,A. Gaudette,8485402,M. Misa,8484911,C. Graf,2,2
2025-10-21,2025020100,1,REG,19:28,NYI,pp,none,wrist,1451,8482476,E. Heineman,8475314,A. Lee,8485702,M. Shabanov,3,2
2025-10-21,2025020100,2,REG,06:38,NYI,ev,none,wrist,1551,8485366,M. Schaefer,8477407,A. Duclair,8475151,K. Palmieri,4,2
2025-10-21,2025020100,3,REG,10:16,SJS,ev,none,wrist,1551,8484801,M. Celebrini,8475200,D. Orlov,8479983,M. Ferraro,4,3
2025-10-21,2025020101,1,REG,01:18,VAN,ev,none,slap,1551,8478856,C. Garland,8480012,E. Pettersson,8479425,F. Hronek,0,1
2025-10-21,2025020101,1,REG,11:39,PIT,ev,none,tip-in,1551,8480980,C. Dewar,8478450,P. Wotherspoon,8478569,N. Acciari,1,1
2025-10-21,2025020101,2,REG,14:21,PIT,pp,none,wrist,1451,8478438,T. Novak,8471724,K. Letang,8479638,J. Brazeau,2,1
2025-10-21,2025020101,2,REG,16:18,PIT,ev,none,wrist,1551,8471675,S. Crosby,8476483,R. Rakell,,,3,1
2025-10-21,2025020101,2,REG,17:29,PIT,ev,none,wrist,1551,8477511,A. Mantha,8471215,E. Malkin,8479638,J. Brazeau,4,1
2025-10-21,2025020101,3,REG,05:56,PIT,pp,none,wrist,1451,8479638,J. Brazeau,8477511,A. Mantha,8471724,K. Letang,5,1
2025-10-21,2025020102,1,REG,08:30,WSH,ev,none,tip-in,1551,8475343,N. Dowd,8474590,J. Carlson,8479520,B. Duhaime,1,0
2025-10-21,2025020102,2,REG,00:25,WSH,ev,none,snap,1551,8484186,R. Leonard,8481656,A. Protas,8480796,M. Fehérváry,2,0
2025-10-21,2025020102,2,REG,01:33,WSH,pp,none,snap,1451,8479345,J. Chychrun,8471214,A. Ovechkin,8478440,D. Strome,3,0
2025-10-21,2025020102,3,REG,03:50,SEA,ev,none,snap,1551,8475768,J. Schwartz,8483570,B. Meyers,,,3,1
2025-10-21,2025020102,3,REG,19:10,WSH,ev,empty-net,snap,0651,8476880,T. Wilson,8475343,N. Dowd,8481656,A. Protas,4,1
2025-10-21,2025020103,1,REG,01:01,FLA,pp,none,wrist,1541,8482713,M. Samoskevich,8473419,B. Marchand,8482113,A. Lundell,0,1
2025-10-21,2025020103,2,REG,02:01,FLA,ev,none,snap,1551,8478421,A. Greer,8479981,J. Gadjovich,,,0,2
2025-10-21,2025020103,3,REG,02:46,BOS,ev,none,wrist,1551,8478401,P. Zacha,8479999,C. Mittelstadt,8478042,V. Arvidsson,1,2
2025-10-21,2025020103,3,REG,04:46,BOS,pp,none,tip-in,1451,8477496,E. Lindholm,8477956,D. Pastrnak,8478401,P. Zacha,2,2
2025-10-21,2025020103,3,REG,09:58,FLA,ev,none,snap,1551,8480185,E. Luostarinen,8473419,B. Marchand,8477932,A. Ekblad,2,3
2025-10-21,2025020103,3,REG,18:29,BOS,ev,none,wrist,1560,8479987,M. Geekie,8479999,C. Mittelstadt,8477956,D. Pastrnak,3,3
2025-10-21,2025020103,3,REG,19:34,FLA,ev,none,wrist,1551,8477409,C. Verhaeghe,8477935,S. Bennett,8478055,G. Forsling,3,4
2025-10-21,2025020104,2,REG,01:47,LAK,ev,none,backhand,1551,8482155,A. Laferriere,8477960,A. Kempe,,,0,1
2025-10-21,2025020104,3,REG,02:18,STL,pp,none,wrist,1451,8475753,J. Faulk,8480023,R. Thomas,8479385,J. Kyrou,1,1
2025-10-21,2025020104,4,OT,01:50,LAK,pp,none,slap,1431,8477960,A. Kempe,8483808,A. Kuzmenko,8477942,K. Fiala,1,2
2025-10-21,2025020105,1,REG,08:52,ANA,ev,none,wrist,1551,8477527,R. Johnston,8475462,R. Gudas,8483490,P. Mintyukov,0,1
2025-10-21,2025020105,1,REG,14:29,NSH,ev,none,tip-in,1551,8479370,T. Jost,8481056,S. Stastney,8482111,J. Barron,1,1
2025-10-21,2025020105,2,REG,04:23,ANA,ev,none,wrist,1551,8484153,L. Carlsson,8476885,J. Trouba,8483445,C. Gauthier,1,2
2025-10-21,2025020105,2,REG,06:39,NSH,ev,none,tip-in,1551,8476887,F. Forsberg,8474600,R. Josi,8475158,R. O'Reilly,2,2
2025-10-21,2025020105,2,REG,15:07,ANA,ev,none,snap,1551,8483445,C. Gauthier,8476885,J. Trouba,,,2,3
2025-10-21,2025020105,2,REG,16:59,ANA,ev,none,snap,1551,8484762,B. Sennecke,8482745,M. McTavish,8477527,R. Johnston,2,4
2025-10-21,2025020105,3,REG,11:40,ANA,ev,none,wrist,1551,8478873,T. Terry,8480068,R. Poehling,8477527,R. Johnston,2,5
2025-10-21,2025020106,1,REG,04:33,CBJ,ev,none,snap,1551,8484166,A. Fantilli,8476432,B. Jenner,8482660,K. Johnson,0,1
2025-10-21,2025020106,1,REG,18:42,CBJ,pp,none,deflected,1541,8476432,B. Jenner,8475745,C. Coyle,8476923,D. Severson,0,2
2025-10-21,2025020106,2,REG,11:58,DAL,ev,none,deflected,1551,8475794,T. Seguin,8476278,C. Blackwell,8477454,A. Erne,1,2
2025-10-21,2025020106,3,REG,07:21,CBJ,ev,none,snap,1551,8483485,D. Mateychuk,8482475,E. Chinakhov,8479944,Z. Aston-Reese,1,3
2025-10-21,2025020106,3,REG,14:26,CBJ,pp,none,snap,1541,8481716,D. Voronkov,8477497,S. Monahan,8480893,K. Marchenko,1,4
2025-10-21,2025020106,3,REG,17:00,CBJ,ev,empty-net,wrist,1560,8482660,K. Johnson,8484166,A. Fantilli,,,1,5
2025-10-21,2025020107,1,REG,05:29,COL,ev,none,snap,1551,8480069,C. Makar,8480448,P. Kelly,8482947,Z. Bardakov,0,1
2025-10-21,2025020107,2,REG,09:17,UTA,pp,none,snap,1451,8477951,N. Schmaltz,8479343,C. Keller,8479410,M. Sergachev,1,1
2025-10-21,2025020107,2,REG,12:30,UTA,ev,none,slap,1551,8478474,L. Crouse,8478831,K. Stenlund,8479619,M. Carcone,2,1
2025-10-21,2025020107,3,REG,01:10,COL,ev,none,snap,1551,8480835,J. Drury,8479525,R. Colton,,,2,2
2025-10-21,2025020107,3,REG,05:20,UTA,ev,none,snap,1551,8479410,M. Sergachev,,,,,3,2
2025-10-21,2025020107,3,REG,17:44,COL,ev,none,snap,1551,8480039,M. Necas,,,,,3,3
2025-10-21,2025020107,4,OT,00:33,UTA,ev,none,backhand,1331,8482699,D. Guenther,8479343,C. Keller,8479410,M. Sergachev,4,3
2025-10-22,2025020108,1,REG,16:21,NJD,ev,none,wrist,1551,8481032,P. Cotter,8477015,C. Brown,8482110,D. Mercer,1,0
2025-10-22,2025020108,2,REG,06:08,NJD,ev,none,snap,1551,8475455,B. Dillon,8482110,D. Mercer,8483495,S. Nemec,2,0
2025-10-22,2025020108,3,REG,04:53,NJD,pp,none,snap,1451,8481721,A. Gritsyuk,8478414,T. Meier,,,3,0
2025-10-22,2025020108,3,REG,10:37,MIN,ev,none,wrist,1551,8481557,M. Boldy,8478493,J. Eriksson Ek,8484798,Z. Buium,3,1
2025-10-22,2025020108,3,REG,18:43,NJD,ev,empty-net,wrist,0651,8479407,J. Bratt,8478399,J. Siegenthaler,,,4,1
2025-10-22,2025020109,2,REG,03:00,DET,ev,none,wrist,1551,8477456,J. Compher,8481607,A. Johansson,8481013,J. Berggren,0,1
2025-10-22,2025020109,2,REG,11:37,BUF,ev,none,wrist,1551,8475722,J. Zucker,8482097,J. Quinn,8479982,C. Timmins,1,1
2025-10-22,2025020109,2,REG,16:28,BUF,ev,none,wrist,1551,8482896,T. Kozak,8482097,J. Quinn,8480807,M. Samuelsson,2,1
2025-10-22,2025020109,2,REG,18:20,DET,ev,none,tip-in,1551,8484471,E. Finnie,8477946,D. Larkin,8482078,L. Raymond,2,2
2025-10-22,2025020109,3,REG,04:15,BUF,pp,none,slap,1451,8482097,J. Quinn,8480802,R. McLeod,8481524,B. Byram,3,2
2025-10-22,2025020109,3,REG,08:10,BUF,ev,none,tip-in,1551,8477949,A. Tuch,8482659,J. Doan,8480802,R. McLeod,4,2
2025-10-22,2025020110,1,REG,17:09,MTL,pp,none,snap,1541,8482737,Z. Bolduc,8480018,N. Suzuki,8483457,L. Hutson,0,1
2025-10-22,2025020110,3,REG,05:56,CGY,ev,none,wrist,1551,8483609,A. Klapka,8480028,M. Frost,,,1,1
2025-10-22,2025020110,4,OT,01:00,MTL,ev,none,snap,1331,8476875,M. Matheson,8484984,I. Demidov,8481618,A. Newhook,1,2
2025-10-23,2025020113,1,REG,10:41,CHI,pp,none,snap,1541,8483493,F. Nazar,8477479,T. Bertuzzi,8476882,T. Teravainen,0,1
2025-10-23,2025020113,2,REG,06:57,TBL,ev,none,tip-in,1551,8477404,J. Guentzel,8474151,R. McDonagh,8476453,N. Kucherov,1,1
2025-10-23,2025020113,2,REG,10:16,CHI,ev,none,snap,1551,8477987,R. Donato,8482117,L. Reichel,,,1,2
2025-10-23,2025020113,2,REG,19:18,TBL,ev,none,snap,1551,8474151,R. McDonagh,8476453,N. Kucherov,8478010,B. Point,2,2
2025-10-23,2025020113,3,REG,19:06,CHI,ev,none,wrist,1551,8477987,R. Donato,8483493,F. Nazar,8476882,T. Teravainen,2,3
2025-10-23,2025020111,1,REG,02:10,BOS,ev,none,wrist,1551,8479999,C. Mittelstadt,8478401,P. Zacha,8478042,V. Arvidsson,1,0
2025-10-23,2025020111,1,REG,08:06,ANA,ev,none,wrist,1551,8481563,D. Helleson,8481754,N. Nesterenko,8475798,M. Granlund,1,1
2025-10-23,2025020111,2,REG,08:49,BOS,ev,none,wrist,1551,8479987,M. Geekie,8477956,D. Pastrnak,8479325,C. McAvoy,2,1
2025-10-23,2025020111,2,REG,11:29,ANA,ev,none,wrist,1551,8483445,C. Gauthier,8481605,J. LaCombe,8484153,L. Carlsson,2,2
2025-10-23,2025020111,2,REG,15:24,ANA,ev,none,snap,1551,8476885,J. Trouba,8481754,N. Nesterenko,8475798,M. Granlund,2,3
2025-10-23,2025020111,2,REG,17:10,BOS,pp,none,snap,1451,8482511,M. Lohrei,8480035,H. Jokiharju,8479591,M. Eyssimont,3,3
2025-10-23,2025020111,3,REG,02:52,ANA,pp,none,snap,1541,8475798,M. Granlund,8478873,T. Terry,8478366,F. Vatrano,3,4
2025-10-23,2025020111,3,REG,07:49,ANA,ev,none,snap,1551,8482118,S. Colangelo,8480068,R. Poehling,8476885,J. Trouba,3,5
2025-10-23,2025020111,3,REG,14:32,BOS,pp,none,wrist,1451,8477956,D. Pastrnak,8479325,C. McAvoy,8477496,E. Lindholm,4,5
2025-10-23,2025020111,3,REG,14:57,BOS,ev,none,wrist,1551,8479987,M. Geekie,8477507,N. Zadorov,,,5,5
2025-10-23,2025020111,3,REG,15:27,ANA,ev,none,wrist,1551,8478873,T. Terry,8481754,N. Nesterenko,8475798,M. Granlund,5,6
2025-10-23,2025020111,3,REG,17:52,ANA,ev,empty-net,wrist,1560,8475798,M. Granlund,8481754,N. Nesterenko,,,5,7
2025-10-23,2025020112,1,REG,00:29,PHI,ev,none,wrist,1551,8482159,T. Foerster,8478439,T. Konecny,8476461,S. Couturier,0,1
2025-10-23,2025020112,1,REG,07:57,OTT,ev,none,wrist,1551,8478020,M. Amadio,8473512,C. Giroux,8482245,A. Zub,1,1
2025-10-23,2025020112,2,REG,03:05,OTT,ev,none,wrist,1551,8480245,O. Lycksell,8474189,L. Eller,8475324,N. Jensen,2,1
2025-10-23,2025020114,1,REG,06:24,PIT,pp,none,snap,1541,8471675,S. Crosby,8475810,B. Rust,8471215,E. Malkin,0,1
2025-10-23,2025020114,2,REG,06:36,PIT,ev,none,backhand,1551,8476483,R. Rakell,8474578,E. Karlsson,8471675,S. Crosby,0,2
2025-10-23,2025020114,2,REG,08:26,FLA,pp,none,deflected,1451,8473419,B. Marchand,8482713,M. Samoskevich,8477495,S. Jones,1,2
2025-10-23,2025020114,2,REG,15:24,PIT,ev,none,snap,1551,8485414,B. Kindel,8478438,T. Novak,,,1,3
2025-10-23,2025020114,3,REG,02:24,FLA,pp,none,wrist,1451,8477933,S. Reinhart,8482713,M. Samoskevich,8477495,S. Jones,2,3
2025-10-23,2025020114,3,REG,04:49,PIT,ev,none,wrist,1551,8480980,C. Dewar,8474578,E. Karlsson,,,2,4
2025-10-23,2025020114,3,REG,11:06,FLA,ev,none,backhand,1551,8473419,B. Marchand,8480185,E. Luostarinen,8482113,A. Lundell,3,4
2025-10-23,2025020114,3,REG,11:49,PIT,pp,none,wrist,1541,8471675,S. Crosby,8476483,R. Rakell,8471215,E. Malkin,3,5
2025-10-23,2025020115,1,REG,02:05,NYI,ev,none,snap,1551,8477950,T. DeAngelo,8475314,A. Lee,8481601,S. Holmstrom,1,0
2025-10-23,2025020115,1,REG,14:56,NYI,ev,none,snap,1551,8482476,E. Heineman,8477500,B. Horvat,8477494,J. Drouin,2,0
2025-10-23,2025020115,2,REG,07:25,NYI,ev,none,wrist,1551,8476419,J. Pageau,8475314,A. Lee,8477950,T. DeAngelo,3,0
2025-10-23,2025020115,2,REG,13:09,NYI,ev,none,deflected,1551,8475151,K. Palmieri,8477506,R. Pulock,8478445,M. Barzal,4,0
2025-10-23,2025020115,2,REG,19:34,NYI,ev,none,wrist,1551,8478445,M. Barzal,8475231,C. Cizikas,,,5,0
2025-10-23,2025020115,3,REG,03:11,DET,pp,none,wrist,1541,8477946,D. Larkin,8484471,E. Finnie,8479337,A. DeBrincat,5,1
2025-10-23,2025020115,3,REG,07:19,NYI,ev,none,snap,1551,8482476,E. Heineman,8477500,B. Horvat,8477506,R. Pulock,6,1
2025-10-23,2025020115,3,REG,07:57,NYI,ev,none,snap,1551,8481601,S. Holmstrom,8475314,A. Lee,8476429,S. Mayfield,7,1
2025-10-23,2025020115,3,REG,17:20,DET,ev,none,wrist,1551,8481013,J. Berggren,8477456,J. Compher,8484794,M. Brandsegg-Nygård,7,2
2025-10-23,2025020116,1,REG,01:58,SJS,ev,none,snap,1551,8478874,A. Gaudette,8484911,C. Graf,8485402,M. Misa,0,1
2025-10-23,2025020116,1,REG,06:17,SJS,pp,none,wrist,1541,8484801,M. Celebrini,8482667,W. Eklund,8475200,D. Orlov,0,2
2025-10-23,2025020116,1,REG,14:19,NYR,ev,none,wrist,1551,8479390,T. Raddysh,8475842,S. Carrick,8477369,C. Soucy,1,2
2025-10-23,2025020116,1,REG,19:51,SJS,ev,none,wrist,1551,8484801,M. Celebrini,8484227,W. Smith,8482667,W. Eklund,1,3
2025-10-23,2025020116,2,REG,04:04,NYR,pp,none,snap,1451,8476459,M. Zibanejad,8482109,A. Lafrenière,8476468,J. Miller,2,3
2025-10-23,2025020116,2,REG,06:47,NYR,ev,none,wrist,1551,8481704,J. Parssinen,8477839,C. Sheary,,,3,3
2025-10-23,2025020116,2,REG,12:10,NYR,sh,none,wrist,1541,8479390,T. Raddysh,,,,,4,3
2025-10-23,2025020116,2,REG,19:54,SJS,ev,none,wrist,1551,8484801,M. Celebrini,8484227,W. Smith,8475200,D. Orlov,4,4
2025-10-23,2025020116,3,REG,06:31,SJS,ev,none,wrist,1551,8484227,W. Smith,8482667,W. Eklund,8484801,M. Celebrini,4,5
2025-10-23,2025020116,3,REG,11:50,NYR,ev,none,slap,1551,8479390,T. Raddysh,8476468,J. Miller,8479323,A. Fox,5,5
2025-10-23,2025020116,4,OT,01:38,SJS,ev,none,slap,1331,8484227,W. Smith,8484801,M. Celebrini,8477968,A. Nedeljkovic,5,6
2025-10-23,2025020117,1,REG,03:18,UTA,ev,none,wrist,1551,8474013,I. Cole,8482175,J. Peterka,8483431,L. Cooley,0,1
2025-10-23,2025020117,1,REG,06:07,UTA,ev,none,slap,1551,8483431,L. Cooley,8482699,D. Guenther,8482175,J. Peterka,0,2
2025-10-23,2025020117,1,REG,07:57,UTA,ev,none,backhand,1551,8483431,L. Cooley,8482699,D. Guenther,8476874,O. Maatta,0,3
2025-10-23,2025020117,1,REG,10:55,UTA,pp,none,wrist,1541,8483431,L. Cooley,8482699,D. Guenther,8479410,M. Sergachev,0,4
2025-10-23,2025020117,2,REG,05:58,STL,ev,none,wrist,1551,8480459,P. Suter,8476892,C. Parayko,8478472,M. Joseph,1,4
2025-10-23,2025020117,2,REG,07:13,STL,pp,none,wrist,1451,8477402,P. Buchnevich,8480023,R. Thomas,8479385,J. Kyrou,2,4
2025-10-23,2025020117,2,REG,19:24,UTA,ev,none,wrist,1551,8479343,C. Keller,8477951,N. Schmaltz,8482175,J. Peterka,2,5
2025-10-23,2025020117,3,REG,02:19,STL,ev,none,snap,1551,8477573,N. Walker,8476897,O. Sundqvist,8482077,D. Holloway,3,5
2025-10-23,2025020117,3,REG,05:43,STL,ev,none,wrap-around,1551,8481598,P. Broberg,8476897,O. Sundqvist,8476892,C. Parayko,4,5
2025-10-23,2025020117,3,REG,09:51,UTA,pp,none,tip-in,1541,8477951,N. Schmaltz,8479410,M. Sergachev,8479343,C. Keller,4,6
2025-10-23,2025020117,3,REG,18:20,UTA,ev,empty-net,wrist,1560,8479343,C. Keller,8477951,N. Schmaltz,8480849,B. Hayton,4,7
2025-10-23,2025020118,2,REG,09:01,NSH,sh,none,wrist,1541,8475158,R. O'Reilly,8481056,S. Stastney,,,1,0
2025-10-23,2025020118,2,REG,11:49,VAN,ev,none,wrist,1551,8484136,M. Sasson,8481024,L. Karlsson,,,1,1
2025-10-23,2025020118,3,REG,05:09,NSH,ev,none,tip-in,1551,8482062,C. Smith,8477446,M. McCarron,8482111,J. Barron,2,1
2025-10-23,2025020120,2,REG,02:28,SEA,ev,none,wrist,1551,8475768,J. Schwartz,8483524,S. Wright,8476457,A. Larsson,0,1
2025-10-23,2025020120,3,REG,18:20,SEA,ev,empty-net,wrist,1560,8475768,J. Schwartz,,,,,0,2
2025-10-23,2025020120,3,REG,18:43,SEA,ev,empty-net,wrist,1560,8474586,J. Eberle,8475768,J. Schwartz,8478916,J. Daccord,0,3
2025-10-23,2025020119,1,REG,18:48,LAK,pp,none,snap,1531,8470621,C. Perry,8477942,K. Fiala,8482124,Q. Byfield,0,1
2025-10-23,2025020119,2,REG,04:58,DAL,pp,none,snap,1451,8480027,J. Robertson,8478449,R. Hintz,8482740,W. Johnston,1,1
2025-10-23,2025020119,2,REG,06:27,LAK,ev,none,slap,1551,8476879,C. Ceci,8477960,A. Kempe,8482155,A. Laferriere,1,2
2025-10-23,2025020119,3,REG,02:32,DAL,pp,none,snap,1451,8482740,W. Johnston,8478449,R. Hintz,8478420,M. Rantanen,2,2
2025-10-23,2025020119,4,OT,00:37,LAK,ev,none,snap,1331,8477960,A. Kempe,8482124,Q. Byfield,,,2,3
2025-10-23,2025020121,1,REG,03:07,CAR,ev,none,snap,1551,8480762,E. Robinson,8480829,J. Kotkaniemi,8476422,M. Reilly,0,1
2025-10-23,2025020121,1,REG,04:04,COL,ev,none,backhand,1551,8477501,V. Nichushkin,,,,,1,1
2025-10-23,2025020121,1,REG,07:17,CAR,sh,none,backhand,1451,8482093,S. Jarvis,,,,,1,2
2025-10-23,2025020121,1,REG,12:41,CAR,ev,none,deflected,1551,8478427,S. Aho,8477940,N. Ehlers,8482093,S. Jarvis,1,3
2025-10-23,2025020121,1,REG,13:40,CAR,ev,none,wrist,1551,8482702,L. Stankoven,8482809,J. Blake,8475791,T. Hall,1,4
2025-10-23,2025020121,2,REG,04:46,COL,ev,none,deflected,1551,8480448,P. Kelly,8484258,S. Malinski,8479525,R. Colton,2,4
2025-10-23,2025020121,3,REG,04:45,COL,ev,none,snap,1551,8480039,M. Necas,8477476,A. Lehkonen,8477492,N. MacKinnon,3,4
2025-10-23,2025020121,3,REG,14:09,COL,pp,none,wrist,1451,8477501,V. Nichushkin,8478109,V. Olofsson,8480069,C. Makar,4,4
2025-10-23,2025020121,5,SO,00:00,CAR,ev,none,wrist,0101,8482093,S. Jarvis,,,,,4,5
2025-10-23,2025020122,1,REG,07:28,MTL,ev,none,wrist,1551,8481618,A. Newhook,8483457,L. Hutson,8482775,O. Kapanen,0,1
2025-10-23,2025020122,1,REG,16:12,EDM,ev,none,slap,1551,8485493,D. Tomasek,8481617,V. Podkolzin,8481491,N. Philp,1,1
2025-10-23,2025020122,2,REG,10:37,EDM,ev,none,tip-in,1551,8474641,A. Henrique,8478013,J. Walman,8475218,M. Ekholm,2,1
2025-10-23,2025020122,2,REG,13:28,EDM,ev,none,snap,1551,8478233,A. Mangiapane,8477498,D. Nurse,8478402,C. McDavid,3,1
2025-10-23,2025020122,2,REG,16:57,MTL,ev,none,snap,1551,8476981,J. Anderson,8475848,B. Gallagher,8478133,J. Evans,3,2
2025-10-23,2025020122,2,REG,18:00,MTL,ev,none,wrist,1551,8481540,C. Caufield,8480865,N. Dobson,8483457,L. Hutson,3,3
2025-10-23,2025020122,2,REG,18:49,MTL,ev,none,snap,1551,8481540,C. Caufield,8480018,N. Suzuki,8478851,A. Carrier,3,4
2025-10-23,2025020122,3,REG,02:10,MTL,ev,none,snap,1551,8481618,A. Newhook,8482775,O. Kapanen,8481593,J. Struble,3,5
2025-10-23,2025020122,3,REG,11:19,EDM,pp,none,snap,1451,8477934,L. Draisaitl,8478402,C. McDavid,8476454,R. Nugent-Hopkins,4,5
2025-10-23,2025020122,3,REG,12:17,EDM,pp,none,backhand,1451,8476454,R. Nugent-Hopkins,8478402,C. McDavid,8480803,E. Bouchard,5,5
2025-10-23,2025020122,3,REG,18:51,EDM,ev,none,backhand,1551,8481617,V. Podkolzin,8477498,D. Nurse,8478013,J. Walman,6,5
2025-10-24,2025020123,1,REG,04:38,BUF,ev,none,wrist,1551,8480807,M. Samuelsson,8480802,R. McLeod,8477949,A. Tuch,1,0
2025-10-24,2025020123,1,REG,05:01,TOR,ev,none,wrist,1551,8477939,W. Nylander,8475171,O. Ekman-Larsson,8478443,B. Carlo,1,1
2025-10-24,2025020123,1,REG,06:12,BUF,ev,none,snap,1551,8483468,J.Kulich,8484145,Z. Benson,8479420,T. Thompson,2,1
2025-10-24,2025020123,1,REG,12:45,TOR,pp,none,slap,1541,8479318,A. Matthews,8475166,J. Tavares,8475171,O. Ekman-Larsson,2,2
2025-10-24,2025020123,2,REG,07:20,BUF,ev,none,wrist,1551,8479420,T. Thompson,8481524,B. Byram,8483468,J.Kulich,3,2
2025-10-24,2025020123,2,REG,13:10,BUF,ev,none,slap,1551,8480807,M. Samuelsson,8480839,R. Dahlin,8481522,P. Krebs,4,2
2025-10-24,2025020123,3,REG,01:55,TOR,ev,none,wrist,1551,8478057,D. Joshua,8484158,E. Cowan,8478462,N. Roy,4,3
2025-10-24,2025020123,3,REG,16:59,BUF,sh,none,backhand,1541,8477949,A. Tuch,8482671,O. Power,,,5,3
2025-10-24,2025020124,1,REG,02:25,SJS,pp,none,snap,1541,8482667,W. Eklund,8484801,M. Celebrini,,,0,1
2025-10-24,2025020124,2,REG,00:40,NJD,pp,none,wrist,1451,8476462,D. Hamilton,8482110,D. Mercer,8480002,N. Hischier,1,1
2025-10-24,2025020124,2,REG,09:08,NJD,pp,none,slap,1451,8476462,D. Hamilton,8481559,J. Hughes,8480002,N. Hischier,2,1
2025-10-24,2025020124,3,REG,19:13,NJD,ev,empty-net,backhand,0651,8477015,C. Brown,8476462,D. Hamilton,8480002,N. Hischier,3,1
2025-10-24,2025020125,2,REG,18:19,WSH,ev,none,slap,1551,8474590,J. Carlson,8481580,C. McMichael,8482148,H. Lapierre,0,1
2025-10-24,2025020125,3,REG,01:36,WSH,ev,none,wrist,1551,8471214,A. Ovechkin,8478440,D. Strome,,,0,2
2025-10-24,2025020125,3,REG,02:40,WSH,ev,none,snap,1551,8482088,J. Sourdif,8484186,R. Leonard,8480313,L. Thompson,0,3
2025-10-24,2025020125,3,REG,10:20,CBJ,ev,none,wrist,1551,8483485,D. Mateychuk,8477497,S. Monahan,8481716,D. Voronkov,1,3
2025-10-24,2025020125,3,REG,15:39,WSH,pp,none,backhand,1541,8476880,T. Wilson,8483573,E. Frank,8474590,J. Carlson,1,4
2025-10-24,2025020125,3,REG,16:37,WSH,pp,none,bat,1541,8481580,C. McMichael,8471214,A. Ovechkin,8481656,A. Protas,1,5
2025-10-24,2025020126,1,REG,05:18,CGY,pp,none,snap,1541,8475172,N. Kadri,8480028,M. Frost,8484768,Z. Parekh,0,1
2025-10-24,2025020126,2,REG,05:19,WPG,ev,none,snap,1441,8478398,K. Connor,8477504,J. Morrissey,8476331,D. DeMelo,1,1
2025-10-24,2025020126,2,REG,06:24,WPG,ev,none,tip-in,1551,8473604,J. Toews,8477504,J. Morrissey,,,2,1
2025-10-24,2025020126,2,REG,09:50,WPG,pp,none,backhand,1451,8480014,G. Vilardi,8476460,M. Scheifele,8477504,J. Morrissey,3,1
2025-10-24,2025020126,2,REG,13:56,CGY,ev,none,wrist,1551,8474150,M. Backlund,8476399,B. Coleman,8484180,S. Honzek,3,2
2025-10-24,2025020126,2,REG,18:50,WPG,pp,none,wrist,1451,8480113,A. Iafallo,8480014,G. Vilardi,8476460,M. Scheifele,4,2
2025-10-24,2025020126,3,REG,08:27,CGY,ev,none,wrist,1551,8476399,B. Coleman,8474150,M. Backlund,8480860,K. Bahl,4,3
2025-10-24,2025020126,3,REG,19:52,WPG,ev,empty-net,wrist,0651,8476480,V. Namestnikov,8479378,L. Stanley,,,5,3
2025-10-25,2025020127,1,REG,09:51,NYI,sh,none,snap,1451,8481601,S. Holmstrom,8476419,J. Pageau,,,0,1
2025-10-25,2025020127,2,REG,06:15,NYI,ev,none,snap,1551,8477407,A. Duclair,8481569,M. Warren,8475314,A. Lee,0,2
2025-10-25,2025020127,2,REG,10:29,PHI,ev,none,backhand,1551,8477989,C. Dvorak,8481533,T. Zegras,8484387,M. Michkov,1,2
2025-10-25,2025020127,3,REG,01:54,PHI,ev,none,wrist,1551,8481533,T. Zegras,8477989,C. Dvorak,8482142,J. Drysdale,2,2
2025-10-25,2025020127,3,REG,04:21,NYI,ev,none,tip-in,1551,8484958,M. Tsyplakov,8481569,M. Warren,8477950,T. DeAngelo,2,3
2025-10-25,2025020127,3,REG,07:32,PHI,pp,none,wrist,1451,8481533,T. Zegras,8481553,B. Brink,8481546,C. York,3,3
2025-10-25,2025020127,5,SO,00:00,PHI,ev,none,snap,1010,8484387,M. Michkov,,,,,4,3
2025-10-25,2025020128,1,REG,04:26,COL,ev,none,snap,1551,8477476,A. Lehkonen,8477492,N. MacKinnon,8480069,C. Makar,0,1
2025-10-25,2025020128,1,REG,14:16,BOS,ev,none,wrist,1551,8478042,V. Arvidsson,8482511,M. Lohrei,8479999,C. Mittelstadt,1,1
2025-10-25,2025020128,1,REG,14:55,BOS,ev,none,wrist,1551,8479591,M. Eyssimont,8479661,T. Jeannot,8482511,M. Lohrei,2,1
2025-10-25,2025020128,2,REG,19:55,BOS,ev,none,wrist,1551,8479987,M. Geekie,8477956,D. Pastrnak,8482511,M. Lohrei,3,1
2025-10-25,2025020128,3,REG,19:40,COL,ev,none,tip-in,0651,8477476,A. Lehkonen,8477492,N. MacKinnon,8477501,V. Nichushkin,3,2
2025-10-25,2025020129,1,REG,09:10,TBL,ev,none,wrist,1551,8477404,J. Guentzel,8479542,B. Hagel,8478519,A. Cirelli,1,0
2025-10-25,2025020129,2,REG,04:42,ANA,ev,none,slap,1551,8476885,J. Trouba,8478873,T. Terry,8482745,M. McTavish,1,1
2025-10-25,2025020129,2,REG,12:19,TBL,ev,none,deflected,1551,8477404,J. Guentzel,8478010,B. Point,8476453,N. Kucherov,2,1
2025-10-25,2025020129,2,REG,14:20,TBL,ev,none,backhand,1551,8478519,A. Cirelli,8479542,B. Hagel,8475167,V. Hedman,3,1
2025-10-25,2025020129,3,REG,07:11,ANA,ev,none,tip-in,1551,8480068,R. Poehling,8477527,R. Johnston,8481563,D. Helleson,3,2
2025-10-25,2025020129,3,REG,08:10,ANA,ev,none,wrist,1551,8478873,T. Terry,8483445,C. Gauthier,8484153,L. Carlsson,3,3
2025-10-25,2025020129,3,REG,16:45,TBL,pp,none,wrist,1451,8478519,A. Cirelli,8476453,N. Kucherov,8475167,V. Hedman,4,3
2025-10-25,2025020132,1,REG,13:40,BUF,ev,none,wrist,1551,8479420,T. Thompson,8483468,J.Kulich,8480807,M. Samuelsson,0,1
2025-10-25,2025020132,1,REG,18:33,TOR,ev,none,wrist,1551,8481582,N. Robertson,8484158,E. Cowan,8479318,A. Matthews,1,1
2025-10-25,2025020132,2,REG,01:59,TOR,ev,none,tip-in,1551,8481711,M. Maccelli,8475166,J. Tavares,8482720,M. Knies,2,1
2025-10-25,2025020132,2,REG,14:23,BUF,ev,none,wrist,1551,8481524,B. Byram,8479982,C. Timmins,8480802,R. McLeod,2,2
2025-10-25,2025020132,3,REG,07:06,BUF,pp,none,wrist,1541,8479420,T. Thompson,8475722,J. Zucker,8480839,R. Dahlin,2,3
2025-10-25,2025020132,3,REG,13:10,TOR,ev,none,wrist,1551,8478057,D. Joshua,8476931,J. McCabe,8478443,B. Carlo,3,3
2025-10-25,2025020132,4,OT,01:28,TOR,ev,none,wrist,1331,8475166,J. Tavares,8482720,M. Knies,,,4,3
2025-10-25,2025020130,1,REG,17:19,FLA,ev,none,snap,1551,8477933,S. Reinhart,8477409,C. Verhaeghe,8478542,E. Rodrigues,1,0
2025-10-25,2025020130,3,REG,03:29,FLA,ev,none,wrist,1551,8481655,C. Schwindt,8479981,J. Gadjovich,8478421,A. Greer,2,0
2025-10-25,2025020130,3,REG,10:04,FLA,ev,none,wrap-around,1551,8478421,A. Greer,8473419,B. Marchand,,,3,0
2025-10-25,2025020131,1,REG,00:56,UTA,ev,none,bat,1551,8483431,L. Cooley,8478507,J. Marino,,,0,1
2025-10-25,2025020131,1,REG,03:29,UTA,pp,none,wrist,1541,8483431,L. Cooley,8482699,D. Guenther,8479410,M. Sergachev,0,2
2025-10-25,2025020131,1,REG,04:58,UTA,ev,none,tip-in,1551,8477951,N. Schmaltz,8477220,N. Schmidt,8478507,J. Marino,0,3
2025-10-25,2025020131,1,REG,15:39,MIN,ev,none,snap,1551,8475149,M. Johansson,8484798,Z. Buium,8478864,K. Kaprizov,1,3
2025-10-25,2025020131,2,REG,15:43,MIN,pp,none,snap,1451,8475149,M. Johansson,8476994,V. Hinostroza,8482079,M. Rossi,2,3
2025-10-25,2025020131,3,REG,13:37,UTA,ev,none,snap,1551,8482175,J. Peterka,8483431,L. Cooley,8479410,M. Sergachev,2,4
2025-10-25,2025020131,3,REG,15:13,UTA,ev,none,wrist,1551,8477951,N. Schmaltz,,,,,2,5
2025-10-25,2025020131,3,REG,19:54,UTA,ev,empty-net,wrist,1560,8478507,J. Marino,8474013,I. Cole,,,2,6
2025-10-25,2025020133,1,REG,07:43,STL,pp,none,snap,1541,8479385,J. Kyrou,8475764,C. Fowler,8483516,J. Snuggerud,0,1
2025-10-25,2025020133,1,REG,12:54,STL,ev,none,tip-in,1551,8482089,J. Neighbours,8475753,J. Faulk,8480023,R. Thomas,0,2
2025-10-25,2025020133,2,REG,00:59,STL,pp,none,tip-in,1541,8477402,P. Buchnevich,8482077,D. Holloway,8475753,J. Faulk,0,3
2025-10-25,2025020133,2,REG,03:12,STL,ev,none,wrist,1551,8482089,J. Neighbours,8480023,R. Thomas,8483516,J. Snuggerud,0,4
2025-10-25,2025020133,2,REG,07:52,DET,pp,none,snap,1451,8481013,J. Berggren,8477429,A. Copp,8484223,A. Sandin-Pellikka,1,4
2025-10-25,2025020133,2,REG,18:34,DET,ev,none,snap,1551,8484471,E. Finnie,,,,,2,4
2025-10-25,2025020133,2,REG,19:01,DET,ev,none,tip-in,1551,8477456,J. Compher,8474612,T. Hamonic,8477429,A. Copp,3,4
2025-10-25,2025020133,3,REG,10:01,DET,ev,none,snap,1551,8479337,A. DeBrincat,,,,,4,4
2025-10-25,2025020133,3,REG,10:48,DET,ev,none,wrist,1551,8482762,S. Edvinsson,8477456,J. Compher,8481013,J. Berggren,5,4
2025-10-25,2025020133,3,REG,18:47,DET,ev,empty-net,wrist,0651,8482762,S. Edvinsson,,,,,6,4
2025-10-25,2025020134,1,REG,00:59,PIT,ev,none,wrist,1551,8478854,R. Shea,8477511,A. Mantha,8478450,P. Wotherspoon,1,0
2025-10-25,2025020134,1,REG,15:44,CBJ,ev,none,backhand,1551,8475745,C. Coyle,8479371,D. Fabbro,8482705,C. Sillinger,1,1
2025-10-25,2025020134,1,REG,18:01,PIT,ev,none,snap,1551,8477511,A. Mantha,8471215,E. Malkin,8479638,J. Brazeau,2,1
2025-10-25,2025020134,2,REG,17:39,CBJ,ev,none,wrist,1551,8481716,D. Voronkov,8482660,K. Johnson,,,2,2
2025-10-25,2025020134,3,REG,01:55,CBJ,ev,none,snap,1551,8482475,E. Chinakhov,8479944,Z. Aston-Reese,8480806,I. Lundestrom,2,3
2025-10-25,2025020134,3,REG,04:54,CBJ,ev,none,deflected,1551,8481716,D. Voronkov,8477497,S. Monahan,8480893,K. Marchenko,2,4
2025-10-25,2025020134,3,REG,14:54,PIT,pp,none,slap,1451,8471724,K. Letang,8478438,T. Novak,8481668,A. Silovs,3,4
2025-10-25,2025020134,3,REG,16:54,PIT,ev,none,slap,1560,8475810,B. Rust,8471215,E. Malkin,8474578,E. Karlsson,4,4
2025-10-25,2025020134,5,SO,00:00,CBJ,ev,none,wrist,0101,8480893,K. Marchenko,,,,,4,5
2025-10-25,2025020135,1,REG,01:58,OTT,ev,none,tip-in,1551,8481528,D. Cozens,8482245,A. Zub,8474102,D. Perron,0,1
2025-10-25,2025020135,2,REG,03:27,OTT,ev,none,wrist,1551,8481596,S. Pinto,,,,,0,2
2025-10-25,2025020135,2,REG,04:27,OTT,pp,none,backhand,1541,8481528,D. Cozens,8480208,D. Batherson,8482116,T. Stützle,0,3
2025-10-25,2025020135,2,REG,06:22,OTT,ev,none,backhand,1551,8476393,N. Cousins,8482116,T. Stützle,,,0,4
2025-10-25,2025020135,3,REG,00:55,OTT,pp,none,wrist,1541,8480208,D. Batherson,8481528,D. Cozens,8473512,C. Giroux,0,5
2025-10-25,2025020135,3,REG,05:04,WSH,ev,none,backhand,1551,8477845,T. van Riemsdyk,8484186,R. Leonard,8475343,N. Dowd,1,5
2025-10-25,2025020135,3,REG,09:47,OTT,pp,none,snap,1541,8478469,T. Chabot,8473512,C. Giroux,8474102,D. Perron,1,6
2025-10-25,2025020135,3,REG,14:22,OTT,ev,none,snap,1551,8480208,D. Batherson,8482105,J. Sanderson,8482245,A. Zub,1,7
2025-10-25,2025020136,1,REG,04:42,VAN,ev,none,wrist,1551,8480012,E. Pettersson,8479425,F. Hronek,8478856,C. Garland,1,0
2025-10-25,2025020136,2,REG,06:43,VAN,pp,none,tip-in,1451,8478498,J. DeBrusk,8480800,Q. Hughes,8480012,E. Pettersson,2,0
2025-10-25,2025020136,2,REG,15:03,MTL,pp,none,wrist,1541,8480018,N. Suzuki,8484984,I. Demidov,8483515,J. Slafkovský,2,1
2025-10-25,2025020136,3,REG,01:50,MTL,pp,none,wrist,1541,8483515,J. Slafkovský,8484984,I. Demidov,8483457,L. Hutson,2,2
2025-10-25,2025020136,3,REG,08:19,MTL,ev,none,wrist,1551,8476875,M. Matheson,8478851,A. Carrier,8482737,Z. Bolduc,2,3
2025-10-25,2025020136,3,REG,11:09,MTL,ev,none,slap,1551,8484984,I. Demidov,8478851,A. Carrier,8482775,O. Kapanen,2,4
2025-10-25,2025020136,3,REG,16:13,VAN,ev,none,tip-in,1560,8478856,C. Garland,8480012,E. Pettersson,8480800,Q. Hughes,3,4
2025-10-25,2025020137,1,REG,07:27,LAK,ev,none,wrist,1551,8477960,A. Kempe,8482730,B. Clarke,8483808,A. Kuzmenko,0,1
2025-10-25,2025020137,1,REG,09:00,NSH,ev,none,backhand,1551,8475158,R. O'Reilly,8481056,S. Stastney,,,1,1
2025-10-25,2025020137,2,REG,00:36,NSH,ev,none,wrist,1551,8476887,F. Forsberg,8484241,M. Wood,8475158,R. O'Reilly,2,1
2025-10-25,2025020137,2,REG,01:35,LAK,ev,none,wrist,1551,8476469,J. Armia,8481532,A. Turcotte,,,2,2
2025-10-25,2025020137,2,REG,05:24,LAK,ev,none,wrist,1551,8470621,C. Perry,8476469,J. Armia,,,2,3
2025-10-25,2025020137,2,REG,07:12,NSH,ev,none,wrist,1551,8482062,C. Smith,,,,,3,3
2025-10-25,2025020137,3,REG,09:50,LAK,ev,none,wrist,1551,8479675,T. Moore,8482730,B. Clarke,8476441,J. Edmundson,3,4
2025-10-25,2025020137,3,REG,14:44,NSH,ev,none,wrist,1551,8475158,R. O'Reilly,8476887,F. Forsberg,8479980,N. Hague,4,4
2025-10-25,2025020137,5,SO,00:00,NSH,ev,none,wrist,1010,8482103,O. Wiesblatt,,,,,5,4
2025-10-25,2025020138,1,REG,04:14,CAR,ev,none,snap,1551,8482809,J. Blake,,,,,0,1
2025-10-25,2025020138,1,REG,19:49,CAR,ev,none,snap,1551,8478427,S. Aho,8477940,N. Ehlers,,,0,2
2025-10-25,2025020138,2,REG,01:04,DAL,ev,none,snap,1551,8480036,M. Heiskanen,8476902,E. Lindell,,,1,2
2025-10-25,2025020138,2,REG,05:41,DAL,pp,none,tip-in,1451,8479351,S. Steel,8481581,T. Harley,8478420,M. Rantanen,2,2
2025-10-25,2025020138,3,REG,11:18,DAL,pp,none,snap,1341,8480036,M. Heiskanen,8482740,W. Johnston,8478420,M. Rantanen,3,2
2025-10-25,2025020139,1,REG,01:23,SEA,ev,none,wrist,1551,8474586,J. Eberle,8482665,M. Beniers,8484800,B. Catton,1,0
2025-10-25,2025020139,2,REG,06:35,SEA,ev,none,wrist,1551,8481789,T. Kartye,8482751,R. Winterton,8483570,B. Meyers,2,0
2025-10-25,2025020139,2,REG,15:39,EDM,pp,none,slap,1541,8480803,E. Bouchard,8477934,L. Draisaitl,8476454,R. Nugent-Hopkins,2,1
2025-10-25,2025020139,3,REG,12:11,SEA,ev,none,wrist,1551,8474586,J. Eberle,8482665,M. Beniers,,,3,1
2025-10-25,2025020139,3,REG,14:35,EDM,ev,none,tip-in,1551,8477498,D. Nurse,8475218,M. Ekholm,8477934,L. Draisaitl,3,2
2025-10-26,2025020140,1,REG,09:09,NJD,ev,none,snap,1551,8481721,A. Gritsyuk,8478414,T. Meier,,,1,0
2025-10-26,2025020140,1,REG,09:48,NJD,ev,none,wrist,1551,8481559,J. Hughes,8483495,S. Nemec,8475455,B. Dillon,2,0
2025-10-26,2025020140,1,REG,12:55,COL,ev,none,snap,1551,8477501,V. Nichushkin,8480069,C. Makar,8478109,V. Olofsson,2,1
2025-10-26,2025020140,1,REG,17:03,COL,ev,none,snap,1551,8477492,N. MacKinnon,8477476,A. Lehkonen,8478038,D. Toews,2,2
2025-10-26,2025020140,2,REG,12:51,NJD,ev,none,wrist,1551,8477015,C. Brown,8483495,S. Nemec,,,3,2
2025-10-26,2025020140,3,REG,13:55,COL,ev,none,snap,1551,8475754,B. Nelson,8479525,R. Colton,8484258,S. Malinski,3,3
2025-10-26,2025020140,4,OT,01:53,NJD,ev,none,wrist,1331,8481559,J. Hughes,8483495,S. Nemec,,,4,3
2025-10-26,2025020141,1,REG,04:53,TBL,ev,none,snap,1551,8479542,B. Hagel,8475167,V. Hedman,8477404,J. Guentzel,1,0
2025-10-26,2025020141,1,REG,18:25,VGK,ev,none,snap,1551,8476448,W. Karlsson,8475191,R. Smith,8477447,S. Theodore,1,1
2025-10-26,2025020141,4,OT,00:32,TBL,ev,none,snap,1331,8476453,N. Kucherov,8479542,B. Hagel,,,2,1
2025-10-26,2025020142,1,REG,05:28,SJS,pp,none,wrist,1541,8482667,W. Eklund,8484801,M. Celebrini,8475200,D. Orlov,0,1
2025-10-26,2025020142,1,REG,13:35,SJS,ev,none,wrist,1551,8485402,M. Misa,8480043,T. Liljegren,,,0,2
2025-10-26,2025020142,1,REG,17:02,MIN,pp,none,tip-in,1451,8475149,M. Johansson,8482079,M. Rossi,8482122,B. Faber,1,2
2025-10-26,2025020142,1,REG,17:34,MIN,ev,none,wrist,1551,8482079,M. Rossi,8478864,K. Kaprizov,,,2,2
2025-10-26,2025020142,2,REG,11:15,SJS,ev,none,wrist,1551,8482667,W. Eklund,8480798,P. Kurashev,,,2,3
2025-10-26,2025020142,2,REG,11:34,SJS,ev,none,deflected,1551,8471817,R. Reaves,8476624,B. Goodrow,8480848,T. Dellandrea,2,4
2025-10-26,2025020142,3,REG,04:28,MIN,pp,none,wrist,1451,8477451,R. Hartman,8478864,K. Kaprizov,8482122,B. Faber,3,4
2025-10-26,2025020142,3,REG,07:52,SJS,pp,none,wrist,1541,8475726,T. Toffoli,8484801,M. Celebrini,8482667,W. Eklund,3,5
2025-10-26,2025020142,3,REG,08:28,MIN,ev,none,wrist,1551,8484798,Z. Buium,8477451,R. Hartman,8478508,Y. Trenin,4,5
2025-10-26,2025020142,3,REG,17:42,MIN,ev,none,tip-in,1551,8478493,J. Eriksson Ek,8478864,K. Kaprizov,8482122,B. Faber,5,5
2025-10-26,2025020142,4,OT,03:47,SJS,ev,none,wrist,1331,8484801,M. Celebrini,,,,,5,6
2025-10-26,2025020143,2,REG,00:45,WPG,ev,none,slap,1551,8476331,D. DeMelo,8477504,J. Morrissey,8478398,K. Connor,1,0
2025-10-26,2025020143,2,REG,10:03,UTA,pp,none,wrist,1541,8479410,M. Sergachev,8477951,N. Schmaltz,,,1,1
2025-10-26,2025020143,2,REG,11:07,UTA,ev,none,slap,1551,8479619,M. Carcone,8479977,K. Yamamoto,8477220,N. Schmidt,1,2
2025-10-26,2025020143,2,REG,15:09,WPG,pp,none,wrist,1451,8476460,M. Scheifele,8477504,J. Morrissey,8480014,G. Vilardi,2,2
2025-10-26,2025020143,3,REG,14:24,UTA,ev,none,wrist,1551,8482699,D. Guenther,8483431,L. Cooley,8482175,J. Peterka,2,3
2025-10-26,2025020144,1,REG,07:04,CHI,ev,none,tip-in,1551,8484144,C. Bedard,8481624,I. Mikheyev,,,1,0
2025-10-26,2025020144,2,REG,03:30,LAK,ev,none,wrist,1551,8482155,A. Laferriere,8470621,C. Perry,8476479,P. Danault,1,1
2025-10-26,2025020144,2,REG,04:54,LAK,ev,none,wrist,1551,8477942,K. Fiala,8482730,B. Clarke,,,1,2
2025-10-26,2025020144,3,REG,18:52,LAK,sh,empty-net,wrist,1460,8476469,J. Armia,8477960,A. Kempe,8476441,J. Edmundson,1,3
2025-10-26,2025020145,1,REG,08:02,NSH,pp,none,snap,1451,8476539,J. Marchessault,8475158,R. O'Reilly,8476887,F. Forsberg,1,0
2025-10-26,2025020145,2,REG,07:15,NSH,ev,none,snap,1551,8481056,S. Stastney,8482146,L. Evangelista,8482111,J. Barron,2,0
2025-10-26,2025020145,2,REG,09:36,DAL,ev,none,tip-in,1551,8480840,O. Bäck,8476889,R. Faksa,8481581,T. Harley,2,1
2025-10-26,2025020145,2,REG,16:29,DAL,ev,none,backhand,1551,8482740,W. Johnston,8480027,J. Robertson,,,2,2
2025-10-26,2025020145,3,REG,10:44,DAL,pp,none,wrist,1541,8478420,M. Rantanen,8482145,M. Bourque,8480027,J. Robertson,2,3
2025-10-26,2025020146,1,REG,01:42,CGY,ev,none,wrist,1551,8475172,N. Kadri,8476456,J. Huberdeau,8477810,J. Hanley,1,0
2025-10-26,2025020146,1,REG,09:21,CGY,ev,none,wrist,1551,8480860,K. Bahl,8480028,M. Frost,8475172,N. Kadri,2,0
2025-10-26,2025020146,1,REG,09:31,NYR,ev,none,snap,1551,8483690,N. Laba,8482157,W. Cuylle,8478882,V. Gavrikov,2,1
2025-10-26,2025020146,2,REG,12:28,CGY,ev,none,wrist,1551,8481068,Y. Sharangovich,8482074,C. Zary,8480797,J. Farabee,3,1
2025-10-26,2025020146,3,REG,06:42,CGY,sh,none,wrist,1541,8476399,B. Coleman,8474150,M. Backlund,,,4,1
2025-10-26,2025020146,3,REG,14:27,CGY,ev,none,snap,1551,8476399,B. Coleman,8474150,M. Backlund,,,5,1
2025-10-26,2025020147,1,REG,15:42,VAN,ev,none,backhand,1551,8478444,B. Boeser,8475169,E. Kane,8477969,M. Pettersson,1,0
2025-10-26,2025020147,2,REG,02:22,VAN,pp,none,slap,1451,8480012,E. Pettersson,8479425,F. Hronek,8478856,C. Garland,2,0
2025-10-26,2025020147,2,REG,16:32,EDM,ev,none,wrist,1551,8477934,L. Draisaitl,8480803,E. Bouchard,8478458,J. Roslovic,2,1
2025-10-26,2025020147,2,REG,19:19,VAN,ev,none,wrist,1551,8480748,K. Sherwood,8478444,B. Boeser,8483678,E. Pettersson,3,1
2025-10-26,2025020147,3,REG,01:21,EDM,ev,none,wrist,1551,8478458,J. Roslovic,8481617,V. Podkolzin,,,3,2
2025-10-26,2025020147,3,REG,14:57,EDM,pp,none,snap,1541,8477934,L. Draisaitl,8478402,C. McDavid,8476454,R. Nugent-Hopkins,3,3
2025-10-26,2025020147,4,OT,01:43,VAN,ev,none,tip-in,1331,8480748,K. Sherwood,8478444,B. Boeser,8478856,C. Garland,4,3
2025-10-27,2025020148,1,REG,00:39,PIT,ev,none,snap,1551,8475810,B. Rust,8474578,E. Karlsson,8480842,F. Hallander,1,0
2025-10-27,2025020148,1,REG,00:55,PIT,ev,none,wrist,1551,8477511,A. Mantha,8471215,E. Malkin,8479638,J. Brazeau,2,0
2025-10-27,2025020148,1,REG,04:15,STL,ev,none,wrist,1551,8475760,N. Bjugstad,8477573,N. Walker,8481006,T. Tucker,2,1
2025-10-27,2025020148,1,REG,15:43,STL,ev,none,wrist,1551,8479385,J. Kyrou,8475170,B. Schenn,8482077,D. Holloway,2,2
2025-10-27,2025020148,2,REG,06:37,PIT,ev,none,snap,1560,8478450,P. Wotherspoon,8471675,S. Crosby,8474578,E. Karlsson,3,2
2025-10-27,2025020148,3,REG,00:42,PIT,ev,none,tip-in,1551,8475810,B. Rust,8474578,E. Karlsson,8471675,S. Crosby,4,2
2025-10-27,2025020148,3,REG,04:35,STL,ev,none,snap,1551,8478472,M. Joseph,8475760,N. Bjugstad,,,4,3
2025-10-27,2025020148,3,REG,16:39,PIT,ev,none,wrist,1551,8471675,S. Crosby,8475810,B. Rust,,,5,3
2025-10-27,2025020148,3,REG,16:59,PIT,ev,empty-net,wrist,0651,8471215,E. Malkin,8479638,J. Brazeau,,,6,3
2025-10-27,2025020149,1,REG,03:06,BOS,ev,none,wrist,1551,8479987,M. Geekie,,,,,0,1
2025-10-27,2025020149,1,REG,10:25,OTT,pp,none,wrist,1451,8480208,D. Batherson,8482092,R. Greig,8482105,J. Sanderson,1,1
2025-10-27,2025020149,2,REG,01:08,OTT,ev,none,tip-in,1551,8473512,C. Giroux,8478020,M. Amadio,8481596,S. Pinto,2,1
2025-10-27,2025020149,2,REG,14:44,OTT,ev,none,wrist,1551,8480208,D. Batherson,8480188,F. Zetterlund,8474189,L. Eller,3,1
2025-10-27,2025020149,3,REG,00:13,OTT,pp,none,snap,1451,8482116,T. Stützle,8482105,J. Sanderson,8480208,D. Batherson,4,1
2025-10-27,2025020149,3,REG,09:33,OTT,pp,none,tip-in,1451,8482116,T. Stützle,8482105,J. Sanderson,8481528,D. Cozens,5,1
2025-10-27,2025020149,3,REG,12:22,OTT,ev,none,snap,1551,8476393,N. Cousins,8482116,T. Stützle,8475324,N. Jensen,6,1
2025-10-27,2025020149,3,REG,13:04,OTT,pp,none,slap,1451,8480188,F. Zetterlund,8478469,T. Chabot,8474102,D. Perron,7,1
2025-10-27,2025020149,3,REG,19:50,BOS,ev,none,slap,1551,8478042,V. Arvidsson,8483489,F. Minten,8479661,T. Jeannot,7,2
2025-10-28,2025020150,1,REG,10:19,PIT,ev,none,wrist,1551,8479638,J. Brazeau,8477511,A. Mantha,8476856,M. Dumba,0,1
2025-10-28,2025020150,1,REG,17:25,PHI,pp,none,wrist,1451,8481553,B. Brink,8480220,N. Cates,8481533,T. Zegras,1,1
2025-10-28,2025020150,2,REG,02:46,PHI,ev,none,snap,1551,8478439,T. Konecny,8476461,S. Couturier,8481553,B. Brink,2,1
2025-10-28,2025020150,3,REG,11:57,PIT,ev,none,backhand,1551,8471675,S. Crosby,8480842,F. Hallander,8475810,B. Rust,2,2
2025-10-28,2025020150,5,SO,00:00,PHI,ev,none,backhand,1010,8481553,B. Brink,,,,,3,2
2025-10-28,2025020151,1,REG,04:33,CGY,ev,none,wrist,1551,8480028,M. Frost,8476456,J. Huberdeau,8475172,N. Kadri,0,1
2025-10-28,2025020151,2,REG,03:13,TOR,ev,none,wrist,1551,8477503,M. Domi,8478904,S. Lorentz,8481711,M. Maccelli,1,1
2025-10-28,2025020151,2,REG,17:55,CGY,ev,none,wrist,1551,8480797,J. Farabee,8477993,J. Kirkland,8478397,R. Andersson,1,2
2025-10-28,2025020151,2,REG,19:25,TOR,ev,none,wrist,1551,8482720,M. Knies,8477939,W. Nylander,,,2,2
2025-10-28,2025020151,3,REG,03:45,TOR,pp,none,wrist,1451,8482720,M. Knies,,,,,3,2
2025-10-28,2025020151,3,REG,14:49,CGY,ev,none,wrist,1551,8484180,S. Honzek,8474150,M. Backlund,,,3,3
2025-10-28,2025020151,3,REG,17:56,TOR,ev,none,wrist,1551,8477503,M. Domi,8482720,M. Knies,8475166,J. Tavares,4,3
2025-10-28,2025020155,1,REG,03:46,CAR,pp,none,slap,1451,8480830,A. Svechnikov,8478427,S. Aho,,,1,0
2025-10-28,2025020155,1,REG,06:27,VGK,ev,none,backhand,1551,8481604,P. Dorofeyev,8478483,M. Marner,8476881,T. Hertl,1,1
2025-10-28,2025020155,1,REG,18:03,VGK,pp,none,slap,1541,8481604,P. Dorofeyev,8477447,S. Theodore,8478403,J. Eichel,1,2
2025-10-28,2025020155,2,REG,12:07,CAR,ev,none,snap,1551,8476921,J. Martinook,,,,,2,2
2025-10-28,2025020155,3,REG,02:31,CAR,ev,none,snap,1551,8482702,L. Stankoven,8478970,J. Chatfield,8482809,J. Blake,3,2
2025-10-28,2025020155,3,REG,06:10,VGK,ev,none,wrist,1551,8479353,B. Howden,8481133,C. Reinhardt,8478434,K. Kolesar,3,3
2025-10-28,2025020155,3,REG,15:01,VGK,ev,none,snap,1551,8478403,J. Eichel,8477964,I. Barbashev,,,3,4
2025-10-28,2025020155,3,REG,17:36,VGK,ev,none,snap,1551,8478403,J. Eichel,8477964,I. Barbashev,8478483,M. Marner,3,5
2025-10-28,2025020155,3,REG,19:38,VGK,ev,empty-net,wrist,1560,8476881,T. Hertl,8476448,W. Karlsson,,,3,6
2025-10-28,2025020152,1,REG,06:09,CBJ,ev,none,backhand,1551,8482475,E. Chinakhov,,,,,0,1
2025-10-28,2025020152,2,REG,11:39,BUF,ev,none,wrist,1551,8482659,J. Doan,8477949,A. Tuch,8479982,C. Timmins,1,1
2025-10-28,2025020152,2,REG,14:12,BUF,ev,none,wrist,1551,8480802,R. McLeod,8481524,B. Byram,8477949,A. Tuch,2,1
2025-10-28,2025020152,2,REG,19:44,CBJ,pp,none,slap,1541,8478460,Z. Werenski,8480893,K. Marchenko,8477497,S. Monahan,2,2
2025-10-28,2025020152,3,REG,02:40,BUF,ev,none,poke,1551,8482623,J. Dunne,8479359,B. Malenstyn,8480807,M. Samuelsson,3,2
2025-10-28,2025020152,3,REG,13:55,CBJ,ev,none,tip-in,1551,8477425,M. Wood,8482475,E. Chinakhov,8479371,D. Fabbro,3,3
2025-10-28,2025020152,4,OT,02:53,CBJ,ev,none,tip-in,1331,8477425,M. Wood,8478460,Z. Werenski,8480806,I. Lundestrom,3,4
2025-10-28,2025020153,2,REG,09:59,ANA,sh,none,snap,1451,8484153,L. Carlsson,8478873,T. Terry,8481563,D. Helleson,0,1
2025-10-28,2025020153,2,REG,12:27,ANA,pp,none,snap,1531,8483445,C. Gauthier,8481605,J. LaCombe,8484153,L. Carlsson,0,2
2025-10-28,2025020153,3,REG,11:12,FLA,ev,none,wrist,1551,8482113,A. Lundell,8482713,M. Samoskevich,8480185,E. Luostarinen,1,2
2025-10-28,2025020153,3,REG,16:54,FLA,ev,none,tip-in,1560,8477933,S. Reinhart,8477495,S. Jones,8477409,C. Verhaeghe,2,2
2025-10-28,2025020153,5,SO,00:00,ANA,ev,none,snap,0101,8482745,M. McTavish,,,,,2,3
2025-10-28,2025020154,1,REG,01:08,NYI,ev,none,snap,1551,8477500,B. Horvat,8477494,J. Drouin,,,0,1
2025-10-28,2025020154,1,REG,04:52,NYI,ev,none,snap,0651,8475151,K. Palmieri,8478445,M. Barzal,8477500,B. Horvat,0,2
2025-10-28,2025020154,2,REG,03:57,BOS,pp,none,snap,1451,8477496,E. Lindholm,8478401,P. Zacha,8477956,D. Pastrnak,1,2
2025-10-28,2025020154,2,REG,06:49,BOS,ev,none,wrist,1551,8477956,D. Pastrnak,8476854,H. Lindholm,8479369,A. Peeke,2,2
2025-10-28,2025020154,2,REG,07:48,BOS,ev,none,tip-in,1551,8479591,M. Eyssimont,8479325,C. McAvoy,8477507,N. Zadorov,3,2
2025-10-28,2025020154,3,REG,05:48,BOS,pp,none,slap,1451,8479987,M. Geekie,8479325,C. McAvoy,8477496,E. Lindholm,4,2
2025-10-28,2025020154,3,REG,16:37,BOS,ev,empty-net,wrist,0651,8483489,F. Minten,8479591,M. Eyssimont,,,5,2
2025-10-28,2025020156,1,REG,10:31,TBL,ev,none,snap,1551,8476878,Z. Girgensons,8480995,P. Holmberg,8476826,Y. Gourde,0,1
2025-10-28,2025020156,2,REG,15:37,TBL,ev,none,wrist,1551,8479542,B. Hagel,8478519,A. Cirelli,,,0,2
2025-10-28,2025020156,3,REG,05:05,NSH,pp,none,wrist,1451,8482146,L. Evangelista,8475287,E. Haula,8476869,B. Skjei,1,2
2025-10-28,2025020156,3,REG,07:58,TBL,ev,none,wrist,1551,8480426,C. D'Astous,8478010,B. Point,8476453,N. Kucherov,1,3
2025-10-28,2025020156,3,REG,17:54,NSH,ev,none,wrist,1560,8476887,F. Forsberg,8482146,L. Evangelista,8475287,E. Haula,2,3
2025-10-28,2025020156,3,REG,19:07,TBL,ev,empty-net,wrist,1560,8476453,N. Kucherov,8479542,B. Hagel,8478519,A. Cirelli,2,4
2025-10-28,2025020156,3,REG,19:33,TBL,ev,none,wrist,1551,8476878,Z. Girgensons,8480995,P. Holmberg,8478416,E. Cernak,2,5
2025-10-28,2025020157,1,REG,12:16,WPG,ev,none,bat,1551,8480014,G. Vilardi,8476460,M. Scheifele,8479378,L. Stanley,0,1
2025-10-28,2025020157,1,REG,12:38,WPG,ev,none,deflected,1551,8476480,V. Namestnikov,8480145,N. Pionk,8479378,L. Stanley,0,2
2025-10-28,2025020157,2,REG,06:03,MIN,ev,none,wrist,1551,8478864,K. Kaprizov,8474716,J. Spurgeon,8481557,M. Boldy,1,2
2025-10-28,2025020157,2,REG,13:12,MIN,ev,none,slap,1551,8482122,B. Faber,8482079,M. Rossi,8476994,V. Hinostroza,2,2
2025-10-28,2025020157,3,REG,03:48,MIN,pp,none,wrist,1451,8475149,M. Johansson,8482122,B. Faber,8482079,M. Rossi,3,2
2025-10-28,2025020157,3,REG,11:35,WPG,ev,none,wrist,1551,8475799,N. Niederreiter,8474679,G. Nyquist,8480289,M. Barron,3,3
2025-10-28,2025020157,4,OT,00:46,WPG,ev,none,wrist,1331,8478398,K. Connor,8476460,M. Scheifele,8477504,J. Morrissey,3,4
2025-10-28,2025020158,1,REG,00:47,STL,ev,none,snap,1551,8475170,B. Schenn,8476892,C. Parayko,8481598,P. Broberg,1,0
2025-10-28,2025020158,1,REG,12:01,DET,ev,none,wrist,1551,8475279,B. Chiarot,8478891,M. Appleton,8479337,A. DeBrincat,1,1
2025-10-28,2025020158,1,REG,19:24,DET,pp,none,tip-in,1541,8479337,A. DeBrincat,8481542,M. Seider,8477946,D. Larkin,1,2
2025-10-28,2025020158,2,REG,11:14,DET,ev,none,tip-in,1551,8477946,D. Larkin,8482762,S. Edvinsson,8482078,L. Raymond,1,3
2025-10-28,2025020158,2,REG,12:56,DET,ev,none,snap,1551,8481725,E. Soderblom,8479992,M. Rasmussen,8474037,J. van Riemsdyk,1,4
2025-10-28,2025020158,3,REG,15:36,STL,ev,none,wrist,1551,8479385,J. Kyrou,8480459,P. Suter,8481598,P. Broberg,2,4
2025-10-28,2025020158,3,REG,18:53,DET,ev,empty-net,wrist,1560,8477946,D. Larkin,8482078,L. Raymond,,,2,5
2025-10-28,2025020159,2,REG,00:43,DAL,pp,none,snap,1451,8475794,T. Seguin,8480036,M. Heiskanen,8478420,M. Rantanen,1,0
2025-10-28,2025020160,1,REG,06:47,CHI,ev,none,wrist,1551,8482703,C. Dach,8481806,L. Crevier,8473422,N. Foligno,1,0
2025-10-28,2025020160,1,REG,12:06,CHI,ev,none,wrist,1551,8481806,L. Crevier,8477450,J. Dickinson,8481568,A. Vlasic,2,0
2025-10-28,2025020160,1,REG,17:53,CHI,pp,none,wrist,1451,8484144,C. Bedard,8477444,A. Burakovsky,8483493,F. Nazar,3,0
2025-10-28,2025020160,2,REG,02:58,CHI,ev,none,snap,1551,8484144,C. Bedard,8476891,M. Grzelcyk,8484783,A. Levshunov,4,0
2025-10-28,2025020160,2,REG,04:58,OTT,ev,none,wrist,1551,8482105,J. Sanderson,8480208,D. Batherson,8482116,T. Stützle,4,1
2025-10-28,2025020160,2,REG,07:09,OTT,ev,none,wrist,1551,8478020,M. Amadio,8482245,A. Zub,,,4,2
2025-10-28,2025020160,2,REG,08:31,OTT,ev,none,wrist,1551,8482116,T. Stützle,8484321,N. Matinpalo,8480208,D. Batherson,4,3
2025-10-28,2025020160,3,REG,03:46,CHI,ev,none,snap,1551,8484144,C. Bedard,8483450,R. Greene,,,5,3
2025-10-28,2025020160,3,REG,08:24,CHI,ev,none,wrist,1551,8477987,R. Donato,8484144,C. Bedard,8477444,A. Burakovsky,6,3
2025-10-28,2025020160,3,REG,12:44,CHI,sh,empty-net,wrist,0641,8483493,F. Nazar,8473422,N. Foligno,,,7,3
2025-10-28,2025020161,1,REG,01:24,COL,pp,none,snap,1451,8480039,M. Necas,8480069,C. Makar,8477501,V. Nichushkin,1,0
2025-10-28,2025020161,1,REG,03:49,COL,ev,none,wrist,1551,8482947,Z. Bardakov,8480448,P. Kelly,8484149,G. Brindley,2,0
2025-10-28,2025020161,2,REG,02:31,COL,ev,none,wrist,1551,8478109,V. Olofsson,8482072,J. Ahcan,8476455,G. Landeskog,3,0
2025-10-28,2025020161,2,REG,07:11,COL,pp,none,slap,1351,8477492,N. MacKinnon,8480069,C. Makar,8478109,V. Olofsson,4,0
2025-10-28,2025020161,2,REG,08:39,COL,ev,none,backhand,1551,8480448,P. Kelly,8479525,R. Colton,8470613,B. Burns,5,0
2025-10-28,2025020161,2,REG,10:08,NJD,ev,none,snap,1551,8476474,S. Noesen,8481032,P. Cotter,,,5,1
2025-10-28,2025020161,2,REG,11:48,NJD,ev,none,backhand,1551,8476462,D. Hamilton,8481559,J. Hughes,8482684,L. Hughes,5,2
2025-10-28,2025020161,2,REG,13:42,NJD,ev,none,wrist,1551,8482110,D. Mercer,8480002,N. Hischier,8478414,T. Meier,5,3
2025-10-28,2025020161,2,REG,14:12,NJD,ev,none,snap,1551,8481559,J. Hughes,8479407,J. Bratt,,,5,4
2025-10-28,2025020161,2,REG,15:24,COL,pp,none,slap,1451,8477492,N. MacKinnon,8480069,C. Makar,8478109,V. Olofsson,6,4
2025-10-28,2025020161,3,REG,03:10,COL,pp,none,wrist,1451,8478109,V. Olofsson,8477492,N. MacKinnon,8480069,C. Makar,7,4
2025-10-28,2025020161,3,REG,17:38,COL,ev,none,wrist,1551,8478109,V. Olofsson,8480835,J. Drury,,,8,4
2025-10-28,2025020162,1,REG,09:25,UTA,ev,none,wrist,1551,8483431,L. Cooley,8482699,D. Guenther,,,0,1
2025-10-28,2025020162,1,REG,17:45,UTA,ev,none,wrist,1551,8482175,J. Peterka,,,,,0,2
2025-10-28,2025020162,2,REG,00:22,EDM,ev,none,slap,1551,8475218,M. Ekholm,8477934,L. Draisaitl,8480803,E. Bouchard,1,2
2025-10-28,2025020162,2,REG,03:13,EDM,ev,none,snap,1551,8483455,I. Howard,8474641,A. Henrique,,,2,2
2025-10-28,2025020162,2,REG,08:19,UTA,ev,none,snap,1551,8480849,B. Hayton,8477951,N. Schmaltz,8479410,M. Sergachev,2,3
2025-10-28,2025020162,2,REG,13:33,EDM,ev,none,snap,1551,8477934,L. Draisaitl,8478013,J. Walman,8480803,E. Bouchard,3,3
2025-10-28,2025020162,2,REG,14:10,EDM,ev,none,snap,1551,8480834,T. Emberson,8474641,A. Henrique,8475218,M. Ekholm,4,3
2025-10-28,2025020162,2,REG,17:56,EDM,ev,none,snap,1551,8478402,C. McDavid,8476454,R. Nugent-Hopkins,8478013,J. Walman,5,3
2025-10-28,2025020162,3,REG,17:34,EDM,ev,empty-net,wrist,0651,8478402,C. McDavid,8480803,E. Bouchard,,,6,3
2025-10-28,2025020163,1,REG,17:28,NYR,ev,none,wrist,1551,8476459,M. Zibanejad,8482157,W. Cuylle,8479323,A. Fox,0,1
2025-10-28,2025020163,3,REG,18:27,NYR,ev,empty-net,snap,1560,8475842,S. Carrick,8482109,A. Lafrenière,8479323,A. Fox,0,2
2025-10-28,2025020164,1,REG,10:25,MTL,ev,none,snap,1551,8481540,C. Caufield,8480018,N. Suzuki,8480865,N. Dobson,0,1
2025-10-28,2025020164,1,REG,17:28,MTL,pp,none,snap,1541,8483515,J. Slafkovský,8481540,C. Caufield,8480018,N. Suzuki,0,2
2025-10-28,2025020164,3,REG,05:55,MTL,pp,none,wrist,1541,8481618,A. Newhook,8481523,K. Dach,8480865,N. Dobson,0,3
2025-10-28,2025020164,3,REG,08:57,SEA,pp,none,slap,1451,8477986,B. Montour,8484800,B. Catton,8478975,M. Marchment,1,3
2025-10-28,2025020164,3,REG,15:17,SEA,ev,none,snap,1441,8483524,S. Wright,8477986,B. Montour,8480009,E. Tolvanen,2,3
2025-10-28,2025020164,3,REG,18:17,SEA,ev,none,slap,1560,8477986,B. Montour,8478407,V. Dunn,8475768,J. Schwartz,3,3
2025-10-28,2025020164,4,OT,00:44,MTL,ev,none,poke,1331,8481540,C. Caufield,8480018,N. Suzuki,8483457,L. Hutson,3,4
2025-10-28,2025020165,1,REG,10:54,LAK,ev,none,wrist,1551,8470621,C. Perry,8482730,B. Clarke,8482155,A. Laferriere,0,1
2025-10-28,2025020165,2,REG,03:21,LAK,ev,none,wrist,1551,8482408,J. Malott,8470621,C. Perry,8476441,J. Edmundson,0,2
2025-10-28,2025020165,2,REG,06:43,LAK,ev,none,wrist,1551,8474563,D. Doughty,8475208,B. Dumoulin,8481532,A. Turcotte,0,3
2025-10-28,2025020165,2,REG,15:33,SJS,ev,none,slap,1551,8484227,W. Smith,8484801,M. Celebrini,8475726,T. Toffoli,1,3
2025-10-28,2025020165,2,REG,17:16,SJS,ev,none,wrist,1551,8480798,P. Kurashev,8477505,A. Wennberg,8482667,W. Eklund,2,3
2025-10-28,2025020165,3,REG,04:48,SJS,ev,none,wrist,1551,8477505,A. Wennberg,8480798,P. Kurashev,8475784,J. Skinner,3,3
2025-10-28,2025020165,3,REG,13:20,LAK,ev,none,snap,1551,8482730,B. Clarke,8477960,A. Kempe,8476441,J. Edmundson,3,4
2025-10-29,2025020166,1,REG,06:56,CBJ,ev,none,wrist,1551,8482705,C. Sillinger,8475745,C. Coyle,8479671,M. Olivier,1,0
2025-10-29,2025020166,1,REG,11:16,CBJ,ev,none,wrist,1551,8478460,Z. Werenski,8475745,C. Coyle,8479671,M. Olivier,2,0
2025-10-29,2025020166,2,REG,02:43,TOR,ev,none,bat,1551,8478104,S. Blais,8476931,J. McCabe,8478904,S. Lorentz,2,1
2025-10-29,2025020166,2,REG,08:33,CBJ,ev,none,backhand,1551,8478500,I. Provorov,8481716,D. Voronkov,8480893,K. Marchenko,3,1
2025-10-29,2025020166,2,REG,13:24,CBJ,ev,none,wrist,1551,8482705,C. Sillinger,8475745,C. Coyle,8478460,Z. Werenski,4,1
2025-10-29,2025020166,2,REG,16:58,CBJ,ev,none,wrist,1551,8479371,D. Fabbro,8479671,M. Olivier,8482705,C. Sillinger,5,1
2025-10-29,2025020166,3,REG,07:50,CBJ,ev,none,wrist,1551,8479671,M. Olivier,8475745,C. Coyle,,,6,1
2025-10-29,2025020166,3,REG,15:45,TOR,ev,none,snap,1551,8475166,J. Tavares,8482720,M. Knies,8481582,N. Robertson,6,2
2025-10-29,2025020166,3,REG,18:10,TOR,ev,none,wrist,1551,8481582,N. Robertson,8477503,M. Domi,8478104,S. Blais,6,3
2025-10-30,2025020167,1,REG,13:07,BOS,pp,none,snap,1451,8479987,M. Geekie,8477956,D. Pastrnak,8478401,P. Zacha,1,0
2025-10-30,2025020167,1,REG,15:07,BOS,ev,none,wrist,1551,8477956,D. Pastrnak,,,,,2,0
2025-10-30,2025020167,2,REG,16:01,BUF,pp,none,slap,1541,8480839,R. Dahlin,8484145,Z. Benson,8479420,T. Thompson,2,1
2025-10-30,2025020167,2,REG,19:39,BOS,ev,none,poke,1551,8480355,M. Kastelic,8479661,T. Jeannot,8476374,S. Kuraly,3,1
2025-10-30,2025020167,3,REG,07:00,BUF,ev,none,bat,1551,8482659,J. Doan,8477949,A. Tuch,8482671,O. Power,3,2
2025-10-30,2025020167,3,REG,14:25,BUF,ev,none,wrist,1551,8477949,A. Tuch,8480839,R. Dahlin,,,3,3
2025-10-30,2025020167,4,OT,02:07,BOS,ev,none,snap,1331,8482177,M. Khusnutdinov,8483489,F. Minten,,,4,3
2025-10-30,2025020168,1,REG,05:51,CGY,pp,none,wrist,1541,8481068,Y. Sharangovich,8480797,J. Farabee,8477346,M. Weegar,0,1
2025-10-30,2025020168,1,REG,07:37,OTT,sh,none,wrist,1541,8474189,L. Eller,8481596,S. Pinto,8478469,T. Chabot,1,1
2025-10-30,2025020168,1,REG,15:53,CGY,pp,none,wrist,1541,8482679,M. Coronato,8480028,M. Frost,8478397,R. Andersson,1,2
2025-10-30,2025020168,3,REG,02:36,OTT,ev,none,wrist,1551,8482245,A. Zub,8474189,L. Eller,8480208,D. Batherson,2,2
2025-10-30,2025020168,3,REG,08:16,CGY,ev,none,snap,1551,8475172,N. Kadri,8476456,J. Huberdeau,,,2,3
2025-10-30,2025020168,3,REG,17:11,OTT,ev,none,wrist,1551,8482105,J. Sanderson,8482116,T. Stützle,8481606,J. Spence,3,3
2025-10-30,2025020168,5,SO,00:00,OTT,ev,none,snap,1010,8480208,D. Batherson,,,,,4,3
2025-10-30,2025020169,2,REG,15:02,TBL,pp,none,wrist,1451,8479542,B. Hagel,8482201,G. Goncalves,8480426,C. D'Astous,1,0
2025-10-30,2025020169,3,REG,02:03,DAL,ev,none,tip-in,1551,8477454,A. Erne,8475755,A. Petrovic,8476889,R. Faksa,1,1
2025-10-30,2025020169,4,OT,02:36,TBL,ev,none,backhand,1331,8478519,A. Cirelli,,,,,2,1
2025-10-30,2025020170,2,REG,12:45,PHI,ev,none,wrist,1551,8481533,T. Zegras,8484387,M. Michkov,8480015,O. Tippett,1,0
2025-10-30,2025020170,2,REG,15:41,PHI,ev,none,wrist,1551,8482142,J. Drysdale,8484387,M. Michkov,8481533,T. Zegras,2,0
2025-10-30,2025020170,2,REG,18:03,NSH,ev,none,snap,1551,8484241,M. Wood,8478047,M. Bunting,8475287,E. Haula,2,1
2025-10-30,2025020170,3,REG,07:00,PHI,pp,none,slap,1451,8481533,T. Zegras,8481546,C. York,8480220,N. Cates,3,1
2025-10-30,2025020170,3,REG,15:54,PHI,ev,empty-net,wrist,0541,8478439,T. Konecny,8477989,C. Dvorak,,,4,1
2025-10-30,2025020171,1,REG,02:33,CAR,ev,none,snap,1551,8484203,B. Nadeau,,,,,1,0
2025-10-30,2025020171,1,REG,05:21,CAR,sh,none,wrap-around,1541,8476422,M. Reilly,,,,,2,0
2025-10-30,2025020171,1,REG,10:21,CAR,ev,none,wrist,1551,8476921,J. Martinook,8473533,J. Staal,8480830,A. Svechnikov,3,0
2025-10-30,2025020171,1,REG,13:20,NYI,pp,none,snap,1541,8485366,M. Schaefer,8475151,K. Palmieri,8477494,J. Drouin,3,1
2025-10-30,2025020171,3,REG,01:51,CAR,ev,none,wrist,1551,8482809,J. Blake,8475791,T. Hall,8483548,B. Bussi,4,1
2025-10-30,2025020171,3,REG,10:48,NYI,ev,none,wrist,1441,8481601,S. Holmstrom,8477950,T. DeAngelo,,,4,2
2025-10-30,2025020171,3,REG,10:59,CAR,ev,none,snap,1441,8480830,A. Svechnikov,8482100,A. Nikishin,8482702,L. Stankoven,5,2
2025-10-30,2025020171,3,REG,19:49,CAR,ev,none,wrist,1551,8482702,L. Stankoven,8477940,N. Ehlers,,,6,2
2025-10-30,2025020172,1,REG,03:23,STL,ev,none,wrist,1551,8482077,D. Holloway,8476897,O. Sundqvist,8480459,P. Suter,1,0
2025-10-30,2025020172,1,REG,13:08,VAN,pp,none,wrist,1541,8480748,K. Sherwood,8475169,E. Kane,,,1,1
2025-10-30,2025020172,2,REG,00:58,STL,pp,none,wrist,1451,8483516,J. Snuggerud,8475764,C. Fowler,8476412,J. Binnington,2,1
2025-10-30,2025020172,2,REG,10:42,VAN,ev,none,backhand,1551,8480748,K. Sherwood,8482055,D. O'Connor,8477969,M. Pettersson,2,2
2025-10-30,2025020172,3,REG,07:04,VAN,ev,none,wrist,1551,8480748,K. Sherwood,8482691,A. Räty,8482055,D. O'Connor,2,3
2025-10-30,2025020172,3,REG,10:48,STL,pp,none,snap,1451,8480459,P. Suter,8475764,C. Fowler,8476897,O. Sundqvist,3,3
2025-10-30,2025020172,5,SO,00:00,VAN,ev,none,wrist,0101,8478498,J. DeBrusk,,,,,3,4
2025-10-30,2025020173,1,REG,10:16,MIN,ev,none,tip-in,1551,8478864,K. Kaprizov,8475149,M. Johansson,8482079,M. Rossi,1,0
2025-10-30,2025020173,2,REG,02:18,PIT,ev,none,slap,1551,8478854,R. Shea,8478438,T. Novak,8471724,K. Letang,1,1
2025-10-30,2025020173,3,REG,06:29,PIT,ev,none,tip-in,1551,8475810,B. Rust,8478854,R. Shea,8471724,K. Letang,1,2
2025-10-30,2025020173,3,REG,07:30,PIT,pp,none,wrist,1541,8485414,B. Kindel,8475810,B. Rust,8471215,E. Malkin,1,3
2025-10-30,2025020173,3,REG,17:18,PIT,ev,empty-net,wrist,1560,8477511,A. Mantha,,,,,1,4
2025-10-30,2025020174,1,REG,01:42,WPG,pp,none,snap,1451,8476480,V. Namestnikov,8474679,G. Nyquist,8475799,N. Niederreiter,1,0
2025-10-30,2025020174,1,REG,08:57,CHI,ev,none,slap,1551,8476882,T. Teravainen,8476473,C. Murphy,,,1,1
2025-10-30,2025020174,1,REG,16:56,WPG,ev,none,wrist,1551,8480014,G. Vilardi,8476460,M. Scheifele,8478398,K. Connor,2,1
2025-10-30,2025020174,2,REG,01:54,WPG,ev,none,wrist,1551,8476460,M. Scheifele,8478398,K. Connor,,,3,1
2025-10-30,2025020174,2,REG,11:19,WPG,ev,none,wrist,1551,8480014,G. Vilardi,8476331,D. DeMelo,8477504,J. Morrissey,4,1
2025-10-30,2025020174,3,REG,10:12,WPG,ev,none,slap,1551,8477504,J. Morrissey,8476331,D. DeMelo,8473604,J. Toews,5,1
2025-10-30,2025020174,3,REG,13:02,CHI,ev,none,wrist,1551,8481568,A. Vlasic,8484144,C. Bedard,8476473,C. Murphy,5,2
2025-10-30,2025020174,3,REG,15:03,CHI,ev,none,between-legs,1551,8477444,A. Burakovsky,8484144,C. Bedard,8484783,A. Levshunov,5,3
2025-10-30,2025020174,3,REG,17:19,WPG,ev,none,backhand,1551,8478398,K. Connor,8476460,M. Scheifele,8480014,G. Vilardi,6,3
2025-10-30,2025020175,1,REG,05:44,NYR,ev,none,backhand,1551,8477380,J. Brodzinski,,,,,0,1
2025-10-30,2025020175,1,REG,06:51,EDM,ev,none,snap,1551,8477498,D. Nurse,8478013,J. Walman,8478458,J. Roslovic,1,1
2025-10-30,2025020175,2,REG,08:48,EDM,pp,none,deflected,1451,8483512,M. Savoie,8474641,A. Henrique,8477934,L. Draisaitl,2,1
2025-10-30,2025020175,2,REG,10:24,EDM,ev,none,snap,1551,8477498,D. Nurse,8483455,I. Howard,8478013,J. Walman,3,1
2025-10-30,2025020175,3,REG,08:18,NYR,ev,none,wrist,1551,8482073,B. Schneider,8482157,W. Cuylle,8480001,U. Vaakanainen,3,2
2025-10-30,2025020175,3,REG,12:04,NYR,ev,none,wrist,1551,8479390,T. Raddysh,8477839,C. Sheary,,,3,3
2025-10-30,2025020175,4,OT,02:49,NYR,ev,none,wrist,1331,8476468,J. Miller,8482073,B. Schneider,8482109,A. Lafrenière,3,4
2025-10-30,2025020176,1,REG,00:42,SJS,ev,none,wrist,1551,8482667,W. Eklund,8480798,P. Kurashev,,,1,0
2025-10-30,2025020176,1,REG,12:12,SJS,ev,none,wrist,1551,8480798,P. Kurashev,8477505,A. Wennberg,,,2,0
2025-10-30,2025020176,1,REG,15:47,SJS,ev,none,tip-in,1551,8477505,A. Wennberg,8479983,M. Ferraro,8480043,T. Liljegren,3,0
2025-10-30,2025020176,1,REG,19:00,NJD,pp,none,tip-in,1541,8482110,D. Mercer,8481559,J. Hughes,8476462,D. Hamilton,3,1
2025-10-30,2025020176,2,REG,16:50,SJS,ev,none,wrist,1551,8484227,W. Smith,8484801,M. Celebrini,,,4,1
2025-10-30,2025020176,2,REG,18:30,SJS,ev,none,tip-in,1551,8475726,T. Toffoli,8475200,D. Orlov,8480043,T. Liljegren,5,1
2025-10-30,2025020176,3,REG,04:19,NJD,pp,none,tip-in,1541,8482110,D. Mercer,8476462,D. Hamilton,8479407,J. Bratt,5,2
2025-10-30,2025020177,2,REG,12:39,LAK,sh,none,backhand,1541,8482155,A. Laferriere,8482124,Q. Byfield,8476879,C. Ceci,1,0
2025-10-30,2025020177,2,REG,13:22,DET,pp,none,wrist,1541,8479337,A. DeBrincat,8482078,L. Raymond,8481542,M. Seider,1,1
2025-10-30,2025020177,2,REG,15:46,DET,pp,none,tip-in,1541,8483464,M. Kasper,8484223,A. Sandin-Pellikka,8477429,A. Copp,1,2
2025-10-30,2025020177,3,REG,14:45,DET,ev,none,tip-in,1551,8483464,M. Kasper,8478891,M. Appleton,8479337,A. DeBrincat,1,3
2025-10-30,2025020177,3,REG,17:47,LAK,ev,none,wrist,1560,8470621,C. Perry,8477960,A. Kempe,8477942,K. Fiala,2,3
2025-10-30,2025020177,3,REG,18:27,LAK,ev,none,tip-in,1560,8470621,C. Perry,8482124,Q. Byfield,8471685,A. Kopitar,3,3
2025-10-30,2025020177,5,SO,00:00,DET,ev,none,wrist,0101,8482078,L. Raymond,,,,,3,4
2025-10-31,2025020178,1,REG,00:41,COL,ev,none,slap,1551,8480039,M. Necas,8480069,C. Makar,8478038,D. Toews,0,1
2025-10-31,2025020178,2,REG,04:32,COL,ev,none,wrist,1551,8475754,B. Nelson,8480835,J. Drury,,,0,2
2025-10-31,2025020178,3,REG,02:51,VGK,pp,none,wrist,1341,8476881,T. Hertl,8477447,S. Theodore,8478483,M. Marner,1,2
2025-10-31,2025020178,3,REG,10:11,COL,ev,none,wrist,1551,8470613,B. Burns,8480039,M. Necas,,,1,3
2025-10-31,2025020178,3,REG,12:01,VGK,ev,none,wrist,1551,8478483,M. Marner,8476881,T. Hertl,8477018,B. Hutton,2,3
2025-10-31,2025020178,3,REG,18:22,COL,ev,empty-net,wrist,1560,8480069,C. Makar,8480039,M. Necas,8477492,N. MacKinnon,2,4
2025-10-31,2025020179,2,REG,04:48,WSH,ev,none,snap,1551,8476880,T. Wilson,8479345,J. Chychrun,8478911,M. Roy,1,0
2025-10-31,2025020179,2,REG,14:58,NYI,sh,none,tip-in,1451,8476419,J. Pageau,8481601,S. Holmstrom,,,1,1
2025-10-31,2025020179,3,REG,04:29,NYI,ev,none,snap,1551,8477500,B. Horvat,8482476,E. Heineman,8477506,R. Pulock,1,2
2025-10-31,2025020179,3,REG,18:44,NYI,ev,empty-net,snap,1560,8478445,M. Barzal,8476917,A. Pelech,,,1,3
2025-10-31,2025020180,1,REG,04:53,ANA,sh,none,wrist,1541,8478873,T. Terry,8481563,D. Helleson,8484153,L. Carlsson,1,0
2025-10-31,2025020180,1,REG,08:19,DET,ev,none,wrist,1551,8482078,L. Raymond,8477946,D. Larkin,8479337,A. DeBrincat,1,1
2025-10-31,2025020180,1,REG,12:24,ANA,ev,none,wrist,1551,8484153,L. Carlsson,8478873,T. Terry,8476885,J. Trouba,2,1
2025-10-31,2025020180,2,REG,06:35,ANA,ev,none,wrist,1551,8482745,M. McTavish,8482803,O. Zellweger,8483445,C. Gauthier,3,1
2025-10-31,2025020180,2,REG,15:25,DET,pp,none,wrist,1541,8479337,A. DeBrincat,8482078,L. Raymond,8481542,M. Seider,3,2
2025-10-31,2025020180,3,REG,00:55,ANA,pp,none,backhand,1451,8475184,C. Kreider,8483445,C. Gauthier,8484153,L. Carlsson,4,2
2025-10-31,2025020180,3,REG,17:28,ANA,ev,empty-net,wrist,0651,8478873,T. Terry,8484153,L. Carlsson,,,5,2
2025-11-01,2025020181,3,REG,01:27,BOS,ev,none,wrist,1551,8479999,C. Mittelstadt,8479325,C. McAvoy,8478401,P. Zacha,1,0
2025-11-01,2025020181,3,REG,05:05,BOS,ev,none,wrist,1551,8478042,V. Arvidsson,8479999,C. Mittelstadt,8479325,C. McAvoy,2,0
2025-11-01,2025020181,3,REG,17:11,CAR,ev,none,slap,0651,8482100,A. Nikishin,8476873,M. Jankowski,8476921,J. Martinook,2,1
2025-11-01,2025020182,1,REG,00:15,WPG,ev,none,wrist,1551,8480014,G. Vilardi,8477504,J. Morrissey,8476460,M. Scheifele,1,0
2025-11-01,2025020182,1,REG,02:43,WPG,ev,none,snap,1551,8483471,B. Lambert,8484135,P. Ford,8481043,C. Koepke,2,0
2025-11-01,2025020182,2,REG,01:17,WPG,ev,none,tip-in,1551,8476480,V. Namestnikov,8473604,J. Toews,8480113,A. Iafallo,3,0
2025-11-01,2025020182,2,REG,12:13,WPG,sh,penalty-shot,backhand,1010,8478398,K. Connor,,,,,4,0
2025-11-01,2025020182,2,REG,19:48,PIT,pp,none,deflected,1541,8471675,S. Crosby,8474578,E. Karlsson,8471215,E. Malkin,4,1
2025-11-01,2025020182,3,REG,10:27,PIT,ev,none,wrist,1551,8481481,B. Lizotte,8478569,N. Acciari,8480980,C. Dewar,4,2
2025-11-01,2025020182,3,REG,18:39,WPG,ev,empty-net,wrist,0651,8478398,K. Connor,8480014,G. Vilardi,8476460,M. Scheifele,5,2
2025-11-01,2025020183,1,REG,10:29,NSH,ev,none,tip-in,1551,8478047,M. Bunting,8481056,S. Stastney,8482111,J. Barron,1,0
2025-11-01,2025020183,1,REG,11:18,NSH,ev,none,wrist,1551,8484241,M. Wood,8478047,M. Bunting,8483565,N. Blankenburg,2,0
2025-11-01,2025020183,1,REG,14:17,NSH,pp,none,wrist,1451,8476539,J. Marchessault,8478047,M. Bunting,8484241,M. Wood,3,0
2025-11-01,2025020183,3,REG,04:39,CGY,ev,none,wrist,1551,8476456,J. Huberdeau,8479402,J. Bean,8482679,M. Coronato,3,1
2025-11-01,2025020183,3,REG,11:57,CGY,ev,none,wrist,1551,8480797,J. Farabee,8475172,N. Kadri,,,3,2
2025-11-01,2025020183,3,REG,19:36,NSH,ev,empty-net,backhand,0651,8476887,F. Forsberg,,,,,4,2
2025-11-01,2025020184,1,REG,00:30,COL,ev,none,wrist,1551,8480039,M. Necas,8480069,C. Makar,8478038,D. Toews,0,1
2025-11-01,2025020184,1,REG,18:21,SJS,ev,none,snap,1551,8484801,M. Celebrini,8475726,T. Toffoli,8482166,S. Mukhamadullin,1,1
2025-11-01,2025020184,2,REG,04:07,SJS,ev,none,wrist,1551,8480798,P. Kurashev,8480848,T. Dellandrea,8475906,J. Klingberg,2,1
2025-11-01,2025020184,2,REG,09:10,COL,ev,awarded,,1551,8477492,N. MacKinnon,8477476,A. Lehkonen,8477501,V. Nichushkin,2,2
2025-11-01,2025020184,4,OT,01:48,SJS,ev,none,wrist,1331,8480798,P. Kurashev,8477505,A. Wennberg,,,3,2
2025-11-01,2025020185,2,REG,01:48,FLA,ev,none,wrist,1551,8473419,B. Marchand,8480185,E. Luostarinen,8482113,A. Lundell,1,0
2025-11-01,2025020185,2,REG,04:02,FLA,ev,none,wrist,1551,8477933,S. Reinhart,8477409,C. Verhaeghe,8478542,E. Rodrigues,2,0
2025-11-01,2025020185,2,REG,14:47,DAL,pp,none,snap,1541,8482740,W. Johnston,8479351,S. Steel,8478420,M. Rantanen,2,1
2025-11-01,2025020185,2,REG,15:01,DAL,pp,none,tip-in,1541,8484829,J. Hryckowian,8481581,T. Harley,8479351,S. Steel,2,2
2025-11-01,2025020185,3,REG,12:26,FLA,ev,none,backhand,1551,8477935,S. Bennett,8478055,G. Forsling,8482713,M. Samoskevich,3,2
2025-11-01,2025020185,3,REG,17:19,DAL,ev,none,backhand,1551,8478420,M. Rantanen,8479351,S. Steel,8480027,J. Robertson,3,3
2025-11-01,2025020185,5,SO,00:00,FLA,ev,none,wrist,1010,8473419,B. Marchand,,,,,4,3
2025-11-01,2025020186,1,REG,01:07,WSH,ev,none,snap,1551,8478440,D. Strome,8484186,R. Leonard,,,0,1
2025-11-01,2025020186,1,REG,02:15,WSH,ev,none,snap,1551,8481656,A. Protas,8481580,C. McMichael,8476880,T. Wilson,0,2
2025-11-01,2025020186,1,REG,02:30,BUF,ev,none,snap,1551,8479420,T. Thompson,8475722,J. Zucker,8478413,J. Greenway,1,2
2025-11-01,2025020186,1,REG,10:02,BUF,ev,none,wrist,1551,8477949,A. Tuch,8482659,J. Doan,8482671,O. Power,2,2
2025-11-01,2025020186,1,REG,18:45,BUF,ev,none,wrist,1551,8482765,I. Rosen,8482097,J. Quinn,8479982,C. Timmins,3,2
2025-11-01,2025020186,2,REG,19:17,WSH,ev,none,tip-in,1551,8477947,S. Milano,8478911,M. Roy,8480796,M. Fehérváry,3,3
2025-11-01,2025020186,5,SO,00:00,BUF,ev,none,wrist,1010,8481524,B. Byram,,,,,4,3
2025-11-01,2025020187,1,REG,07:05,MTL,ev,none,snap,1551,8481540,C. Caufield,8480018,N. Suzuki,,,1,0
2025-11-01,2025020187,1,REG,09:25,MTL,pp,none,snap,1451,8483515,J. Slafkovský,8480018,N. Suzuki,8481540,C. Caufield,2,0
2025-11-01,2025020187,2,REG,11:53,OTT,ev,none,snap,1551,8480208,D. Batherson,,,,,2,1
2025-11-01,2025020187,2,REG,19:49,OTT,ev,none,deflected,1551,8478020,M. Amadio,8481596,S. Pinto,8482245,A. Zub,2,2
2025-11-01,2025020187,3,REG,12:27,OTT,ev,none,backhand,1551,8482116,T. Stützle,8480208,D. Batherson,8482095,T. Kleven,2,3
2025-11-01,2025020187,3,REG,17:37,MTL,ev,none,slap,1551,8484984,I. Demidov,8483457,L. Hutson,8476875,M. Matheson,3,3
2025-11-01,2025020187,4,OT,01:40,MTL,ev,none,snap,1331,8481618,A. Newhook,,,,,4,3
2025-11-01,2025020188,1,REG,01:09,PHI,ev,none,snap,1551,8477989,C. Dvorak,8483733,N. Grebenkin,8478439,T. Konecny,1,0
2025-11-01,2025020188,1,REG,06:16,TOR,ev,none,snap,1551,8479318,A. Matthews,8476853,M. Rielly,8481582,N. Robertson,1,1
2025-11-01,2025020188,2,REG,08:14,TOR,ev,none,snap,1551,8476931,J. McCabe,8475690,C. Tanev,8481711,M. Maccelli,1,2
2025-11-01,2025020188,2,REG,17:34,TOR,ev,none,snap,1551,8481582,N. Robertson,8482720,M. Knies,8475166,J. Tavares,1,3
2025-11-01,2025020188,3,REG,00:33,TOR,ev,none,snap,1551,8484158,E. Cowan,8475166,J. Tavares,,,1,4
2025-11-01,2025020188,3,REG,16:08,PHI,pp,none,slap,1460,8482159,T. Foerster,8481533,T. Zegras,8484387,M. Michkov,2,4
2025-11-01,2025020188,3,REG,19:42,TOR,ev,empty-net,wrist,1560,8475714,C. Jarnkrok,8478057,D. Joshua,8481122,S. Benoit,2,5
2025-11-01,2025020189,1,REG,03:37,STL,ev,none,wrist,1551,8475753,J. Faulk,8476897,O. Sundqvist,8482077,D. Holloway,0,1
2025-11-01,2025020189,1,REG,04:38,CBJ,ev,none,tip-in,1551,8475745,C. Coyle,8482705,C. Sillinger,8478500,I. Provorov,1,1
2025-11-01,2025020189,2,REG,11:55,CBJ,ev,none,snap,1551,8478460,Z. Werenski,8483485,D. Mateychuk,,,2,1
2025-11-01,2025020189,3,REG,05:07,CBJ,pp,none,backhand,1451,8477497,S. Monahan,8478460,Z. Werenski,8480893,K. Marchenko,3,1
2025-11-01,2025020189,3,REG,09:48,STL,ev,none,snap,1551,8475760,N. Bjugstad,,,,,3,2
2025-11-01,2025020190,1,REG,15:53,MIN,pp,none,backhand,1451,8475765,V. Tarasenko,8478493,J. Eriksson Ek,8481557,M. Boldy,1,0
2025-11-01,2025020190,2,REG,05:34,VAN,ev,none,wrist,1551,8482055,D. O'Connor,8476907,M. MacEachern,8482691,A. Räty,1,1
2025-11-01,2025020190,2,REG,13:49,MIN,ev,none,wrist,1551,8482079,M. Rossi,8475149,M. Johansson,8475765,V. Tarasenko,2,1
2025-11-01,2025020190,3,REG,04:07,MIN,ev,none,wrist,1551,8476994,V. Hinostroza,8476463,J. Brodin,,,3,1
2025-11-01,2025020190,3,REG,05:46,MIN,ev,none,wrist,1551,8476463,J. Brodin,8478493,J. Eriksson Ek,8475765,V. Tarasenko,4,1
2025-11-01,2025020190,3,REG,07:00,VAN,ev,none,wrist,1551,8482055,D. O'Connor,8482691,A. Räty,,,4,2
2025-11-01,2025020190,3,REG,16:43,MIN,ev,empty-net,slap,0651,8477451,R. Hartman,8476994,V. Hinostroza,,,5,2
2025-11-01,2025020191,1,REG,01:22,NJD,ev,none,tip-in,1551,8480002,N. Hischier,8482684,L. Hughes,,,0,1
2025-11-01,2025020191,2,REG,03:12,NJD,ev,none,wrist,1551,8483531,B. Halonen,8476822,L. Glendening,8479395,D. Cholowski,0,2
2025-11-01,2025020191,3,REG,03:09,NJD,sh,none,wrist,1451,8482110,D. Mercer,8478399,J. Siegenthaler,,,0,3
2025-11-01,2025020191,3,REG,09:49,LAK,ev,none,wrist,1551,8483808,A. Kuzmenko,8471685,A. Kopitar,8482155,A. Laferriere,1,3
2025-11-01,2025020191,3,REG,16:12,NJD,sh,empty-net,wrist,1460,8482110,D. Mercer,8474593,J. Markstrom,8475455,B. Dillon,1,4
2025-11-01,2025020192,2,REG,00:54,EDM,pp,none,snap,1451,8477934,L. Draisaitl,8476454,R. Nugent-Hopkins,8478402,C. McDavid,1,0
2025-11-01,2025020192,2,REG,08:32,CHI,pp,none,tip-in,1541,8477479,T. Bertuzzi,8484144,C. Bedard,8477444,A. Burakovsky,1,1
2025-11-01,2025020192,2,REG,17:17,EDM,pp,none,tip-in,1451,8478458,J. Roslovic,8478402,C. McDavid,8480803,E. Bouchard,2,1
2025-11-01,2025020192,3,REG,03:19,CHI,ev,none,snap,1551,8477444,A. Burakovsky,8484783,A. Levshunov,8483450,R. Greene,2,2
2025-11-01,2025020192,4,OT,02:43,EDM,ev,none,snap,1331,8480803,E. Bouchard,8477934,L. Draisaitl,8478402,C. McDavid,3,2
2025-11-01,2025020193,1,REG,10:16,NYR,ev,none,wrist,1551,8478882,V. Gavrikov,8479323,A. Fox,8477380,J. Brodzinski,0,1
2025-11-01,2025020193,1,REG,12:49,SEA,pp,none,wrist,1451,8476905,C. Stephenson,8478407,V. Dunn,8480009,E. Tolvanen,1,1
2025-11-01,2025020193,1,REG,13:50,NYR,ev,none,snap,1551,8483690,N. Laba,8482157,W. Cuylle,8482109,A. Lafrenière,1,2
2025-11-01,2025020193,2,REG,06:59,SEA,ev,none,slap,1551,8477986,B. Montour,8475768,J. Schwartz,8476905,C. Stephenson,2,2
2025-11-01,2025020193,4,OT,02:42,NYR,ev,none,snap,1331,8482157,W. Cuylle,8476468,J. Miller,8479323,A. Fox,2,3
2025-11-02,2025020194,1,REG,05:55,UTA,ev,none,snap,1551,8478474,L. Crouse,8474013,I. Cole,,,1,0
2025-11-02,2025020194,1,REG,15:17,TBL,ev,none,snap,1551,8476826,Y. Gourde,8482929,E. Lilleberg,8476878,Z. Girgensons,1,1
2025-11-02,2025020194,2,REG,02:47,TBL,ev,none,slap,1551,8478519,A. Cirelli,8477404,J. Guentzel,8475167,V. Hedman,1,2
2025-11-02,2025020194,3,REG,02:21,UTA,ev,none,snap,1551,8479977,K. Yamamoto,8474013,I. Cole,,,2,2
2025-11-02,2025020194,3,REG,12:06,TBL,ev,none,snap,1551,8477404,J. Guentzel,,,,,2,3
2025-11-02,2025020194,3,REG,19:44,TBL,ev,empty-net,wrist,1560,8479542,B. Hagel,8474151,R. McDonagh,,,2,4
2025-11-02,2025020195,1,REG,05:53,NYI,pp,none,snap,1451,8485366,M. Schaefer,8477500,B. Horvat,8475151,K. Palmieri,1,0
2025-11-02,2025020195,2,REG,15:21,CBJ,ev,none,tip-in,1551,8477425,M. Wood,8484166,A. Fantilli,8476432,B. Jenner,1,1
2025-11-02,2025020195,3,REG,12:10,CBJ,ev,none,backhand,1551,8483485,D. Mateychuk,8480893,K. Marchenko,8477497,S. Monahan,1,2
2025-11-02,2025020195,3,REG,18:53,NYI,ev,none,snap,1560,8485366,M. Schaefer,,,,,2,2
2025-11-02,2025020195,3,REG,19:22,NYI,ev,none,backhand,1551,8481601,S. Holmstrom,8475314,A. Lee,8476419,J. Pageau,3,2
2025-11-02,2025020196,2,REG,02:15,CGY,ev,none,wrist,1551,8476456,J. Huberdeau,8481068,Y. Sharangovich,8481167,B. Pachal,0,1
2025-11-02,2025020196,3,REG,07:06,CGY,ev,none,tip-in,1551,8476456,J. Huberdeau,8477346,M. Weegar,8477810,J. Hanley,0,2
2025-11-02,2025020196,3,REG,14:20,PHI,ev,none,wrist,1551,8478439,T. Konecny,8480220,N. Cates,,,1,2
2025-11-02,2025020197,1,REG,04:13,ANA,ev,none,wrist,1551,8484762,B. Sennecke,8483445,C. Gauthier,8480068,R. Poehling,1,0
2025-11-02,2025020197,1,REG,14:24,ANA,ev,none,snap,1551,8478366,F. Vatrano,8481605,J. LaCombe,,,2,0
2025-11-02,2025020197,2,REG,01:54,ANA,ev,none,snap,1551,8483445,C. Gauthier,8476885,J. Trouba,8484762,B. Sennecke,3,0
2025-11-02,2025020197,3,REG,07:43,NJD,ev,none,snap,1551,8481559,J. Hughes,8482110,D. Mercer,8478414,T. Meier,3,1
2025-11-02,2025020197,3,REG,18:06,ANA,ev,empty-net,wrist,0651,8475184,C. Kreider,8484153,L. Carlsson,8483490,P. Mintyukov,4,1
2025-11-02,2025020198,2,REG,18:05,DET,ev,none,wrist,1551,8482078,L. Raymond,8484223,A. Sandin-Pellikka,8477946,D. Larkin,0,1
2025-11-02,2025020198,3,REG,00:49,SJS,ev,none,tip-in,1551,8475784,J. Skinner,8480798,P. Kurashev,8475200,D. Orlov,1,1
2025-11-02,2025020198,3,REG,10:16,DET,ev,none,wrist,1551,8481542,M. Seider,8482762,S. Edvinsson,8479337,A. DeBrincat,1,2
2025-11-02,2025020198,3,REG,16:55,SJS,ev,none,wrist,1551,8484806,S. Dickinson,8484227,W. Smith,8480825,P. Giles,2,2
2025-11-02,2025020198,5,SO,00:00,DET,ev,none,wrist,0101,8474037,J. van Riemsdyk,,,,,2,3
2025-11-03,2025020199,1,REG,13:08,PIT,ev,none,wrist,1551,8474578,E. Karlsson,8471675,S. Crosby,8481577,P. Tomasino,0,1
2025-11-03,2025020199,1,REG,17:56,PIT,ev,none,deflected,1551,8485414,B. Kindel,8478854,R. Shea,8482758,V. Koivunen,0,2
2025-11-03,2025020199,2,REG,11:50,PIT,pp,none,wrist,1541,8485414,B. Kindel,8471215,E. Malkin,8475810,B. Rust,0,3
2025-11-03,2025020199,3,REG,03:31,TOR,ev,none,snap,1551,8479318,A. Matthews,8476931,J. McCabe,8477939,W. Nylander,1,3
2025-11-03,2025020199,3,REG,04:47,TOR,ev,none,backhand,1551,8477939,W. Nylander,8482720,M. Knies,8476853,M. Rielly,2,3
2025-11-03,2025020199,3,REG,06:55,TOR,ev,none,snap,1551,8477939,W. Nylander,8475171,O. Ekman-Larsson,8479318,A. Matthews,3,3
2025-11-03,2025020199,3,REG,13:43,TOR,ev,none,wrist,1551,8482259,B. McMann,8481582,N. Robertson,8476853,M. Rielly,4,3
2025-11-03,2025020200,1,REG,18:38,EDM,pp,none,snap,1541,8478458,J. Roslovic,8478402,C. McDavid,8476454,R. Nugent-Hopkins,0,1
2025-11-03,2025020200,2,REG,02:27,EDM,ev,none,wrist,1551,8478233,A. Mangiapane,8476454,R. Nugent-Hopkins,8478402,C. McDavid,0,2
2025-11-03,2025020200,2,REG,16:08,STL,pp,none,slap,1451,8484164,D. Dvorsky,8475753,J. Faulk,8480023,R. Thomas,1,2
2025-11-03,2025020200,2,REG,18:38,STL,ev,none,wrist,1551,8480023,R. Thomas,8481598,P. Broberg,8483516,J. Snuggerud,2,2
2025-11-03,2025020200,3,REG,18:37,STL,ev,none,wrist,1551,8480459,P. Suter,8476892,C. Parayko,8475170,B. Schenn,3,2
2025-11-03,2025020201,1,REG,06:47,NSH,ev,none,wrist,1551,8476887,F. Forsberg,8476869,B. Skjei,8482146,L. Evangelista,1,0
2025-11-03,2025020201,1,REG,14:45,VAN,pp,none,slap,1541,8475169,E. Kane,8479425,F. Hronek,8483395,A. Bains,1,1
2025-11-03,2025020201,2,REG,12:57,VAN,pp,none,tip-in,1541,8478498,J. DeBrusk,8478444,B. Boeser,8480012,E. Pettersson,1,2
2025-11-03,2025020201,2,REG,15:05,VAN,ev,none,snap,1551,8478444,B. Boeser,8484240,T. Willander,8483678,E. Pettersson,1,3
2025-11-03,2025020201,2,REG,18:45,NSH,pp,none,snap,1451,8475287,E. Haula,8476887,F. Forsberg,8482146,L. Evangelista,2,3
2025-11-03,2025020201,3,REG,03:02,VAN,ev,none,snap,0651,8475169,E. Kane,8481024,L. Karlsson,8477969,M. Pettersson,2,4
2025-11-03,2025020201,3,REG,11:52,NSH,ev,none,deflected,1551,8478047,M. Bunting,8481056,S. Stastney,8482768,F. Svechkov,3,4
2025-11-03,2025020201,3,REG,16:37,NSH,pp,none,slap,1451,8483565,N. Blankenburg,8484241,M. Wood,8478047,M. Bunting,4,4
2025-11-03,2025020201,4,OT,04:58,VAN,ev,none,backhand,1331,8478444,B. Boeser,8480012,E. Pettersson,,,4,5
2025-11-03,2025020202,2,REG,02:57,SEA,ev,none,snap,1551,8476467,J. Oleksiak,,,,,1,0
2025-11-03,2025020202,2,REG,07:36,SEA,pp,none,wrist,1451,8482665,M. Beniers,8474586,J. Eberle,8480009,E. Tolvanen,2,0
2025-11-03,2025020202,3,REG,11:33,CHI,ev,none,wrist,1551,8477444,A. Burakovsky,8484144,C. Bedard,,,2,1
2025-11-03,2025020202,3,REG,16:05,SEA,ev,none,wrist,1551,8474586,J. Eberle,8482665,M. Beniers,,,3,1
2025-11-04,2025020203,3,REG,03:58,UTA,ev,none,snap,1551,8477951,N. Schmaltz,8479343,C. Keller,8478507,J. Marino,0,1
2025-11-04,2025020203,3,REG,07:50,BUF,ev,none,snap,1551,8483500,N. Ostlund,8482765,I. Rosen,,,1,1
2025-11-04,2025020203,4,OT,00:47,UTA,ev,none,wrist,1331,8479343,C. Keller,8479410,M. Sergachev,8478872,K. Vejmelka,1,2
2025-11-04,2025020204,1,REG,01:56,PHI,ev,none,tip-in,1551,8481553,B. Brink,8477948,T. Sanheim,8481546,C. York,0,1
2025-11-04,2025020204,1,REG,07:07,PHI,pp,none,slap,1531,8481546,C. York,8481533,T. Zegras,8478439,T. Konecny,0,2
2025-11-04,2025020204,1,REG,07:50,PHI,pp,none,snap,1541,8481553,B. Brink,8480220,N. Cates,8481533,T. Zegras,0,3
2025-11-04,2025020204,2,REG,03:12,MTL,ev,none,snap,1551,8481523,K. Dach,8480865,N. Dobson,8475848,B. Gallagher,1,3
2025-11-04,2025020204,2,REG,04:15,MTL,pp,none,snap,1451,8480018,N. Suzuki,8484984,I. Demidov,8481540,C. Caufield,2,3
2025-11-04,2025020204,2,REG,13:28,MTL,ev,none,snap,1551,8481523,K. Dach,8483457,L. Hutson,8481593,J. Struble,3,3
2025-11-04,2025020204,2,REG,15:57,MTL,pp,none,snap,1451,8484984,I. Demidov,8483515,J. Slafkovský,8483457,L. Hutson,4,3
2025-11-04,2025020204,3,REG,10:51,PHI,ev,none,wrist,1551,8483733,N. Grebenkin,8478439,T. Konecny,8482142,J. Drysdale,4,4
2025-11-04,2025020204,5,SO,00:00,PHI,ev,none,snap,0101,8481533,T. Zegras,,,,,4,5
2025-11-04,2025020205,2,REG,05:11,NYI,ev,none,wrist,1551,8477407,A. Duclair,8475231,C. Cizikas,8481237,K. MacLean,1,0
2025-11-04,2025020205,2,REG,12:21,BOS,ev,none,wrist,1551,8478042,V. Arvidsson,8476854,H. Lindholm,8479999,C. Mittelstadt,1,1
2025-11-04,2025020205,2,REG,13:06,NYI,ev,none,wrist,1551,8477500,B. Horvat,8478445,M. Barzal,8482476,E. Heineman,2,1
2025-11-04,2025020205,2,REG,17:29,BOS,pp,none,wrist,1541,8478401,P. Zacha,8479325,C. McAvoy,8479987,M. Geekie,2,2
2025-11-04,2025020205,3,REG,05:05,NYI,ev,none,wrist,1551,8477500,B. Horvat,8485366,M. Schaefer,8475151,K. Palmieri,3,2
2025-11-04,2025020205,3,REG,15:06,BOS,ev,none,backhand,1551,8482177,M. Khusnutdinov,8483489,F. Minten,8477956,D. Pastrnak,3,3
2025-11-04,2025020205,5,SO,00:00,BOS,ev,none,snap,0101,8482177,M. Khusnutdinov,,,,,3,4
2025-11-04,2025020206,1,REG,13:30,CAR,pp,none,snap,1541,8477940,N. Ehlers,8480336,S. Walker,8478427,S. Aho,0,1
2025-11-04,2025020206,2,REG,17:07,CAR,ev,none,wrist,1551,8480336,S. Walker,8476422,M. Reilly,8476873,M. Jankowski,0,2
2025-11-04,2025020206,3,REG,18:21,CAR,ev,empty-net,wrist,1560,8482093,S. Jarvis,,,,,0,3
2025-11-04,2025020207,1,REG,03:40,EDM,ev,none,snap,1551,8481617,V. Podkolzin,8478458,J. Roslovic,8480803,E. Bouchard,0,1
2025-11-04,2025020207,1,REG,07:07,EDM,pp,none,snap,1541,8477934,L. Draisaitl,8478458,J. Roslovic,8478402,C. McDavid,0,2
2025-11-04,2025020207,2,REG,09:10,DAL,pp,none,backhand,1451,8478420,M. Rantanen,8482740,W. Johnston,8480027,J. Robertson,1,2
2025-11-04,2025020207,3,REG,07:51,EDM,ev,none,snap,1551,8478402,C. McDavid,8476454,R. Nugent-Hopkins,8478233,A. Mangiapane,1,3
2025-11-04,2025020207,3,REG,08:37,DAL,ev,none,snap,1551,8478420,M. Rantanen,8482740,W. Johnston,8475755,A. Petrovic,2,3
2025-11-04,2025020207,3,REG,12:20,DAL,ev,none,snap,1551,8480036,M. Heiskanen,8478420,M. Rantanen,8482740,W. Johnston,3,3
2025-11-04,2025020207,5,SO,00:00,DAL,ev,none,snap,1010,8482740,W. Johnston,,,,,4,3
2025-11-04,2025020208,1,REG,10:44,MIN,pp,none,wrist,1451,8478864,K. Kaprizov,8474716,J. Spurgeon,8475765,V. Tarasenko,1,0
2025-11-04,2025020208,2,REG,05:16,NSH,ev,none,tip-in,1551,8484241,M. Wood,8477446,M. McCarron,8479370,T. Jost,1,1
2025-11-04,2025020208,2,REG,16:01,MIN,pp,none,tip-in,1451,8484798,Z. Buium,8482122,B. Faber,8475149,M. Johansson,2,1
2025-11-04,2025020208,3,REG,19:59,NSH,ev,none,slap,0651,8474564,S. Stamkos,8483565,N. Blankenburg,,,2,2
2025-11-04,2025020208,4,OT,03:38,MIN,ev,awarded,,1331,8475149,M. Johansson,8478864,K. Kaprizov,8482122,B. Faber,3,2
2025-11-04,2025020209,1,REG,01:37,TBL,ev,none,wrap-around,1551,8476453,N. Kucherov,,,,,0,1
2025-11-04,2025020209,1,REG,13:51,COL,pp,none,wrist,1451,8478109,V. Olofsson,8477492,N. MacKinnon,8480039,M. Necas,1,1
2025-11-04,2025020209,2,REG,04:08,COL,ev,none,wrist,1551,8478109,V. Olofsson,8480835,J. Drury,8476455,G. Landeskog,2,1
2025-11-04,2025020209,2,REG,05:21,COL,ev,none,backhand,1551,8479525,R. Colton,8484258,S. Malinski,8475754,B. Nelson,3,1
2025-11-04,2025020209,3,REG,03:32,TBL,ev,none,backhand,1551,8478010,B. Point,8480426,C. D'Astous,8475167,V. Hedman,3,2
2025-11-04,2025020210,2,REG,13:45,VGK,ev,none,backhand,1551,8477964,I. Barbashev,8476438,B. Saad,8478468,J. Lauzon,1,0
2025-11-04,2025020211,1,REG,03:09,ANA,ev,none,snap,1551,8483445,C. Gauthier,8484153,L. Carlsson,,,1,0
2025-11-04,2025020211,1,REG,10:14,FLA,ev,none,wrist,1551,8473419,B. Marchand,8473507,J. Petry,,,1,1
2025-11-04,2025020211,1,REG,15:17,ANA,pp,none,slap,1451,8483445,C. Gauthier,8478873,T. Terry,,,2,1
2025-11-04,2025020211,2,REG,05:21,FLA,ev,none,wrist,1551,8478542,E. Rodrigues,8482713,M. Samoskevich,8478055,G. Forsling,2,2
2025-11-04,2025020211,2,REG,10:37,FLA,pp,none,wrist,1541,8480185,E. Luostarinen,8478542,E. Rodrigues,8477935,S. Bennett,2,3
2025-11-04,2025020211,2,REG,15:36,ANA,pp,none,snap,1451,8483445,C. Gauthier,8481605,J. LaCombe,8484153,L. Carlsson,3,3
2025-11-04,2025020211,2,REG,17:19,ANA,ev,none,wrist,1551,8481754,N. Nesterenko,8480068,R. Poehling,8473986,A. Killorn,4,3
2025-11-04,2025020211,3,REG,11:43,ANA,ev,none,wrist,1551,8476885,J. Trouba,8483445,C. Gauthier,8482745,M. McTavish,5,3
2025-11-04,2025020211,3,REG,13:21,ANA,ev,none,deflected,1551,8475184,C. Kreider,8481754,N. Nesterenko,8478873,T. Terry,6,3
2025-11-04,2025020211,3,REG,14:47,ANA,ev,none,wrist,1551,8478424,J. Harkins,,,,,7,3
2025-11-04,2025020212,1,REG,17:09,LAK,ev,none,wrist,1551,8477960,A. Kempe,8476469,J. Armia,8479998,M. Anderson,1,0
2025-11-04,2025020212,3,REG,15:00,LAK,pp,none,snap,1451,8477942,K. Fiala,8470621,C. Perry,8482124,Q. Byfield,2,0
2025-11-04,2025020212,3,REG,19:06,LAK,ev,empty-net,wrist,0651,8474563,D. Doughty,,,,,3,0
2025-11-05,2025020213,1,REG,18:49,UTA,ev,none,wrist,1551,8479619,M. Carcone,8478474,L. Crouse,,,0,1
2025-11-05,2025020213,2,REG,04:46,TOR,ev,none,wrist,1551,8477939,W. Nylander,8482720,M. Knies,8475166,J. Tavares,1,1
2025-11-05,2025020213,2,REG,08:56,TOR,ev,none,snap,1551,8479318,A. Matthews,8481711,M. Maccelli,8476931,J. McCabe,2,1
2025-11-05,2025020213,2,REG,16:27,UTA,ev,none,slap,1551,8479410,M. Sergachev,8484386,D. Simashev,,,2,2
2025-11-05,2025020213,3,REG,08:06,TOR,ev,none,backhand,1551,8475166,J. Tavares,8482259,B. McMann,8475171,O. Ekman-Larsson,3,2
2025-11-05,2025020213,3,REG,15:40,TOR,ev,none,wrist,1551,8481711,M. Maccelli,8478057,D. Joshua,8476853,M. Rielly,4,2
2025-11-05,2025020213,3,REG,17:01,TOR,ev,empty-net,wrist,0651,8482720,M. Knies,8477939,W. Nylander,8476931,J. McCabe,5,2
2025-11-05,2025020213,3,REG,18:53,UTA,ev,none,wrist,1551,8482699,D. Guenther,8477220,N. Schmidt,8478507,J. Marino,5,3
2025-11-05,2025020214,1,REG,09:50,WSH,pp,none,tip-in,1451,8476880,T. Wilson,8474590,J. Carlson,8479345,J. Chychrun,1,0
2025-11-05,2025020214,2,REG,02:39,WSH,ev,none,backhand,1551,8471214,A. Ovechkin,8479345,J. Chychrun,,,2,0
2025-11-05,2025020214,2,REG,04:33,WSH,ev,none,backhand,1551,8478463,A. Beauvillier,8479345,J. Chychrun,,,3,0
2025-11-05,2025020214,2,REG,09:28,WSH,ev,none,snap,1551,8474590,J. Carlson,8484186,R. Leonard,8480796,M. Fehérváry,4,0
2025-11-05,2025020214,2,REG,16:20,WSH,ev,none,snap,1551,8478463,A. Beauvillier,,,,,5,0
2025-11-05,2025020214,3,REG,00:37,STL,sh,none,backhand,1451,8480281,A. Toropchenko,8480459,P. Suter,8475764,C. Fowler,5,1
2025-11-05,2025020214,3,REG,09:00,WSH,ev,none,snap,1551,8476880,T. Wilson,8480873,R. Sandin,8477845,T. van Riemsdyk,6,1
2025-11-05,2025020215,1,REG,00:56,CGY,ev,none,tip-in,1551,8480028,M. Frost,8476456,J. Huberdeau,8482679,M. Coronato,1,0
2025-11-05,2025020215,1,REG,01:32,CGY,ev,none,wrist,1551,8476399,B. Coleman,8477810,J. Hanley,8484180,S. Honzek,2,0
2025-11-05,2025020215,1,REG,06:57,CBJ,sh,none,wrist,1451,8480893,K. Marchenko,8476432,B. Jenner,,,2,1
2025-11-05,2025020215,2,REG,07:47,CGY,ev,none,wrist,1551,8475172,N. Kadri,8480797,J. Farabee,8478397,R. Andersson,3,1
2025-11-05,2025020215,2,REG,08:24,CGY,ev,none,snap,1551,8483609,A. Klapka,8482165,Y. Kuznetsov,,,4,1
2025-11-05,2025020215,3,REG,19:11,CGY,ev,empty-net,wrist,0651,8474150,M. Backlund,,,,,5,1
2025-11-05,2025020216,3,REG,03:06,CHI,ev,none,deflected,1551,8477479,T. Bertuzzi,8476891,M. Grzelcyk,8476473,C. Murphy,0,1
2025-11-05,2025020216,3,REG,06:46,CHI,pp,none,wrist,1541,8477479,T. Bertuzzi,8484144,C. Bedard,8484783,A. Levshunov,0,2
2025-11-05,2025020216,3,REG,07:39,CHI,ev,none,wrist,1551,8481624,I. Mikheyev,8477987,R. Donato,8484197,O. Moore,0,3
2025-11-05,2025020216,3,REG,11:37,CHI,ev,none,wrist,1551,8477479,T. Bertuzzi,8481806,L. Crevier,8477987,R. Donato,0,4
2025-11-05,2025020216,3,REG,16:49,VAN,ev,none,snap,1551,8482691,A. Räty,8480058,P. Joseph,,,1,4
2025-11-05,2025020216,3,REG,18:00,VAN,ev,none,slap,1560,8475169,E. Kane,8480800,Q. Hughes,8484240,T. Willander,2,4
2025-11-05,2025020216,3,REG,19:00,CHI,ev,empty-net,backhand,1560,8484144,C. Bedard,8481519,S. Knight,,,2,5
2025-11-05,2025020217,1,REG,01:08,SJS,ev,none,wrist,1551,8484801,M. Celebrini,8475726,T. Toffoli,8475906,J. Klingberg,0,1
2025-11-05,2025020217,1,REG,16:30,SEA,ev,none,wrist,1551,8482751,R. Winterton,8479324,R. Lindgren,8483524,S. Wright,1,1
2025-11-05,2025020217,1,REG,18:42,SJS,ev,none,snap,1551,8482206,E. Cardwell,8477505,A. Wennberg,8475784,J. Skinner,1,2
2025-11-05,2025020217,2,REG,11:21,SJS,pp,none,slap,1541,8475906,J. Klingberg,8484227,W. Smith,8484801,M. Celebrini,1,3
2025-11-05,2025020217,3,REG,01:02,SJS,ev,none,wrist,1551,8484227,W. Smith,8479983,M. Ferraro,8484801,M. Celebrini,1,4
2025-11-05,2025020217,3,REG,03:24,SJS,sh,none,snap,1451,8480848,T. Dellandrea,8484911,C. Graf,,,1,5
2025-11-05,2025020217,3,REG,03:54,SJS,ev,none,wrist,1551,8475726,T. Toffoli,8482166,S. Mukhamadullin,,,1,6
2025-11-06,2025020218,1,REG,05:42,OTT,ev,none,snap,1551,8478020,M. Amadio,8481596,S. Pinto,8473512,C. Giroux,0,1
2025-11-06,2025020218,2,REG,01:22,BOS,ev,none,poke,1551,8479987,M. Geekie,8479369,A. Peeke,,,1,1
2025-11-06,2025020218,2,REG,16:03,BOS,ev,none,wrist,1551,8476374,S. Kuraly,8479661,T. Jeannot,8479369,A. Peeke,2,1
2025-11-06,2025020218,3,REG,11:52,OTT,ev,none,wrist,1551,8473512,C. Giroux,8474102,D. Perron,8478469,T. Chabot,2,2
2025-11-06,2025020218,4,OT,04:54,BOS,ev,none,poke,1331,8478401,P. Zacha,8479325,C. McAvoy,,,3,2
2025-11-06,2025020219,1,REG,12:38,STL,sh,none,wrist,1451,8478472,M. Joseph,,,,,0,1
2025-11-06,2025020219,2,REG,02:42,STL,ev,none,wrist,1551,8475760,N. Bjugstad,8475753,J. Faulk,8478472,M. Joseph,0,2
2025-11-06,2025020219,3,REG,18:58,STL,ev,empty-net,wrist,1560,8475753,J. Faulk,8478472,M. Joseph,,,0,3
2025-11-06,2025020220,1,REG,01:53,NJD,ev,none,snap,1551,8479996,C. Glass,,,,,1,0
2025-11-06,2025020220,1,REG,02:59,MTL,ev,none,tip-in,1551,8481523,K. Dach,8480865,N. Dobson,8476875,M. Matheson,1,1
2025-11-06,2025020220,2,REG,08:05,NJD,ev,none,wrist,1551,8476292,O. Palat,8481559,J. Hughes,8483495,S. Nemec,2,1
2025-11-06,2025020220,3,REG,00:59,MTL,ev,none,wrist,1551,8478133,J. Evans,8476981,J. Anderson,8480865,N. Dobson,2,2
2025-11-06,2025020220,3,REG,10:33,MTL,ev,none,backhand,1551,8482775,O. Kapanen,8481618,A. Newhook,,,2,3
2025-11-06,2025020220,3,REG,18:53,NJD,ev,none,wrist,1560,8478414,T. Meier,8482110,D. Mercer,8481559,J. Hughes,3,3
2025-11-06,2025020220,4,OT,01:33,NJD,ev,none,backhand,1331,8479407,J. Bratt,,,,,4,3
2025-11-06,2025020222,1,REG,05:34,MIN,ev,none,wrist,1551,8481557,M. Boldy,,,,,0,1
2025-11-06,2025020222,1,REG,12:53,CAR,ev,none,snap,1441,8482809,J. Blake,8480336,S. Walker,,,1,1
2025-11-06,2025020222,1,REG,13:24,MIN,ev,none,snap,1441,8482122,B. Faber,8478864,K. Kaprizov,8475149,M. Johansson,1,2
2025-11-06,2025020222,1,REG,13:45,CAR,ev,none,snap,1441,8480830,A. Svechnikov,8482100,A. Nikishin,8478427,S. Aho,2,2
2025-11-06,2025020222,1,REG,16:51,CAR,ev,none,snap,1551,8480336,S. Walker,8482093,S. Jarvis,8480817,K. Miller,3,2
2025-11-06,2025020222,2,REG,00:37,MIN,pp,none,tip-in,1541,8481557,M. Boldy,8475765,V. Tarasenko,8474716,J. Spurgeon,3,3
2025-11-06,2025020222,2,REG,00:46,CAR,ev,none,tip-in,1551,8477940,N. Ehlers,8482809,J. Blake,,,4,3
2025-11-06,2025020221,1,REG,02:22,PIT,pp,none,wrist,1451,8471675,S. Crosby,8485414,B. Kindel,8475810,B. Rust,1,0
2025-11-06,2025020221,1,REG,11:32,PIT,pp,none,wrist,1451,8471675,S. Crosby,8475810,B. Rust,8474578,E. Karlsson,2,0
2025-11-06,2025020221,2,REG,02:08,PIT,ev,none,backhand,1551,8477511,A. Mantha,8478438,T. Novak,8481481,B. Lizotte,3,0
2025-11-06,2025020221,2,REG,09:41,WSH,ev,none,wrist,1551,8478440,D. Strome,8471214,A. Ovechkin,,,3,1
2025-11-06,2025020221,2,REG,14:55,WSH,ev,none,wrist,1551,8480873,R. Sandin,8478440,D. Strome,8471214,A. Ovechkin,3,2
2025-11-06,2025020221,2,REG,19:55,WSH,ev,none,wrist,1551,8476880,T. Wilson,8478440,D. Strome,8474590,J. Carlson,3,3
2025-11-06,2025020221,3,REG,11:16,PIT,pp,none,wrist,1451,8475810,B. Rust,8471215,E. Malkin,8485414,B. Kindel,4,3
2025-11-06,2025020221,3,REG,17:56,PIT,ev,empty-net,wrist,0651,8480980,C. Dewar,8471724,K. Letang,,,5,3
2025-11-06,2025020223,1,REG,01:44,NSH,ev,none,deflected,1551,8475158,R. O'Reilly,8476887,F. Forsberg,8483565,N. Blankenburg,1,0
2025-11-06,2025020223,2,REG,04:43,PHI,ev,none,wrist,1551,8484387,M. Michkov,8481546,C. York,8476461,S. Couturier,1,1
2025-11-06,2025020223,2,REG,17:37,PHI,ev,none,wrist,1551,8480220,N. Cates,8482142,J. Drysdale,8478439,T. Konecny,1,2
2025-11-06,2025020223,3,REG,18:47,PHI,ev,empty-net,wrist,1560,8478439,T. Konecny,8477989,C. Dvorak,8481546,C. York,1,3
2025-11-06,2025020224,1,REG,05:49,DAL,pp,none,snap,1451,8482740,W. Johnston,8478420,M. Rantanen,8480036,M. Heiskanen,1,0
2025-11-06,2025020224,1,REG,16:18,DAL,pp,none,tip-in,1451,8482740,W. Johnston,8480036,M. Heiskanen,8480027,J. Robertson,2,0
2025-11-06,2025020224,2,REG,01:16,ANA,pp,none,snap,1541,8475184,C. Kreider,8484153,L. Carlsson,,,2,1
2025-11-06,2025020224,2,REG,02:48,ANA,ev,none,snap,1551,8482178,I. Moore,8480068,R. Poehling,8481754,N. Nesterenko,2,2
2025-11-06,2025020224,2,REG,08:19,DAL,ev,none,snap,1551,8475794,T. Seguin,8479351,S. Steel,8480036,M. Heiskanen,3,2
2025-11-06,2025020224,2,REG,14:07,ANA,ev,none,snap,1551,8483445,C. Gauthier,8473986,A. Killorn,,,3,3
2025-11-06,2025020224,2,REG,17:05,ANA,pp,none,snap,1541,8482803,O. Zellweger,8484762,B. Sennecke,8473986,A. Killorn,3,4
2025-11-06,2025020224,3,REG,00:16,ANA,ev,none,tip-in,1551,8475184,C. Kreider,8481563,D. Helleson,8478873,T. Terry,3,5
2025-11-06,2025020224,3,REG,01:50,DAL,pp,none,snap,1451,8478420,M. Rantanen,8482740,W. Johnston,8480027,J. Robertson,4,5
2025-11-06,2025020224,3,REG,09:22,ANA,sh,none,slap,1451,8484153,L. Carlsson,8478873,T. Terry,,,4,6
2025-11-06,2025020224,3,REG,16:39,DAL,ev,none,deflected,1560,8478449,R. Hintz,8478420,M. Rantanen,8480036,M. Heiskanen,5,6
2025-11-06,2025020224,3,REG,18:07,ANA,ev,empty-net,snap,1560,8482745,M. McTavish,8484762,B. Sennecke,8483445,C. Gauthier,5,7
2025-11-06,2025020225,1,REG,07:25,VGK,ev,none,backhand,1551,8477964,I. Barbashev,8478396,N. Hanifin,8478483,M. Marner,1,0
2025-11-06,2025020225,1,REG,15:53,VGK,ev,none,snap,1551,8477964,I. Barbashev,8478483,M. Marner,8478403,J. Eichel,2,0
2025-11-06,2025020225,2,REG,00:36,TBL,ev,none,wrist,1551,8482201,G. Goncalves,8483752,D. James,,,2,1
2025-11-06,2025020225,2,REG,03:28,TBL,ev,none,wrist,1551,8483752,D. James,8477416,O. Bjorkstrand,8482655,J. Moser,2,2
2025-11-06,2025020225,3,REG,02:47,TBL,pp,none,wrist,1541,8476453,N. Kucherov,8477416,O. Bjorkstrand,8477404,J. Guentzel,2,3
2025-11-06,2025020225,3,REG,03:37,VGK,ev,none,wrist,1551,8478483,M. Marner,8478403,J. Eichel,8477964,I. Barbashev,3,3
2025-11-06,2025020225,3,REG,04:12,TBL,ev,none,wrist,1551,8479542,B. Hagel,8483752,D. James,,,3,4
2025-11-06,2025020225,3,REG,14:13,TBL,pp,none,slap,1541,8476453,N. Kucherov,8475167,V. Hedman,8479542,B. Hagel,3,5
2025-11-06,2025020225,3,REG,19:13,TBL,ev,empty-net,wrist,1560,8479542,B. Hagel,8476453,N. Kucherov,,,3,6
2025-11-06,2025020226,1,REG,02:06,FLA,ev,none,wrist,1551,8477935,S. Bennett,8473507,J. Petry,8480003,J. Boqvist,0,1
2025-11-06,2025020226,1,REG,09:23,LAK,pp,none,tip-in,1451,8471685,A. Kopitar,8477960,A. Kempe,8482124,Q. Byfield,1,1
2025-11-06,2025020226,1,REG,11:00,LAK,ev,none,wrist,1551,8470621,C. Perry,8479998,M. Anderson,8476441,J. Edmundson,2,1
2025-11-06,2025020226,1,REG,17:30,FLA,ev,none,wrist,1551,8473419,B. Marchand,8477932,A. Ekblad,,,2,2
2025-11-06,2025020226,2,REG,11:45,FLA,ev,none,backhand,1551,8477933,S. Reinhart,8477409,C. Verhaeghe,8478859,N. Mikkola,2,3
2025-11-06,2025020226,3,REG,08:41,FLA,sh,none,wrist,1451,8482113,A. Lundell,8480185,E. Luostarinen,,,2,4
2025-11-06,2025020226,3,REG,12:36,FLA,ev,none,snap,1551,8473419,B. Marchand,8478859,N. Mikkola,,,2,5
2025-11-07,2025020227,1,REG,06:46,NYR,pp,none,wrist,1541,8482157,W. Cuylle,8476459,M. Zibanejad,8478550,A. Panarin,0,1
2025-11-07,2025020227,1,REG,11:06,DET,ev,none,wrist,1551,8477456,J. Compher,8478891,M. Appleton,8477429,A. Copp,1,1
2025-11-07,2025020227,2,REG,04:52,NYR,ev,none,bat,1551,8483690,N. Laba,8482109,A. Lafrenière,8478550,A. Panarin,1,2
2025-11-07,2025020227,3,REG,07:29,NYR,ev,none,wrist,1551,8478550,A. Panarin,8476459,M. Zibanejad,8479390,T. Raddysh,1,3
2025-11-07,2025020227,3,REG,08:27,NYR,ev,none,wrist,1551,8482109,A. Lafrenière,8477839,C. Sheary,,,1,4
2025-11-07,2025020228,1,REG,07:24,MIN,ev,none,tip-in,1551,8476994,V. Hinostroza,8476463,J. Brodin,8475149,M. Johansson,0,1
2025-11-07,2025020228,1,REG,12:32,MIN,ev,none,snap,1551,8483525,D. Yurov,8478508,Y. Trenin,8475220,M. Foligno,0,2
2025-11-07,2025020228,2,REG,04:38,NYI,ev,none,snap,1551,8482476,E. Heineman,8477500,B. Horvat,8478445,M. Barzal,1,2
2025-11-07,2025020228,2,REG,05:56,MIN,ev,none,snap,1551,8482122,B. Faber,,,,,1,3
2025-11-07,2025020228,2,REG,09:05,MIN,ev,none,snap,1551,8482079,M. Rossi,8478864,K. Kaprizov,8482094,D. Hunt,1,4
2025-11-07,2025020228,2,REG,18:51,NYI,ev,none,wrist,1551,8476419,J. Pageau,8475314,A. Lee,8477506,R. Pulock,2,4
2025-11-07,2025020228,3,REG,08:33,MIN,ev,none,slap,1551,8478864,K. Kaprizov,8475692,M. Zuccarello,,,2,5
2025-11-07,2025020229,1,REG,12:32,CHI,pp,none,tip-in,1541,8477479,T. Bertuzzi,8484144,C. Bedard,8484783,A. Levshunov,0,1
2025-11-07,2025020229,3,REG,01:11,CHI,ev,none,snap,1551,8477479,T. Bertuzzi,8484144,C. Bedard,8477444,A. Burakovsky,0,2
2025-11-07,2025020229,3,REG,07:56,CHI,ev,none,wrist,1551,8477444,A. Burakovsky,8484144,C. Bedard,,,0,3
2025-11-07,2025020229,3,REG,18:01,CHI,ev,none,wrist,1551,8484144,C. Bedard,,,,,0,4
2025-11-07,2025020230,1,REG,12:34,WPG,ev,none,slap,1551,8477504,J. Morrissey,8475799,N. Niederreiter,,,0,1
2025-11-07,2025020230,1,REG,13:46,SJS,ev,none,backhand,1551,8484801,M. Celebrini,8475726,T. Toffoli,,,1,1
2025-11-07,2025020230,3,REG,15:39,SJS,ev,none,backhand,1551,8484227,W. Smith,8484801,M. Celebrini,8480798,P. Kurashev,2,1
2025-11-08,2025020231,1,REG,19:12,NJD,ev,none,snap,1551,8481721,A. Gritsyuk,,,,,1,0
2025-11-08,2025020231,2,REG,12:33,PIT,ev,none,slap,1551,8477435,R. Graves,8475810,B. Rust,8471675,S. Crosby,1,1
2025-11-08,2025020231,5,SO,00:00,NJD,ev,none,wrist,1010,8481032,P. Cotter,,,,,2,1
2025-11-08,2025020232,1,REG,05:14,OTT,ev,none,slap,1551,8482116,T. Stützle,8474102,D. Perron,8482092,R. Greig,0,1
2025-11-08,2025020232,1,REG,06:19,OTT,ev,none,backhand,1551,8478020,M. Amadio,8473512,C. Giroux,8481596,S. Pinto,0,2
2025-11-08,2025020232,2,REG,11:23,PHI,ev,none,snap,1551,8484387,M. Michkov,8477989,C. Dvorak,8478439,T. Konecny,1,2
2025-11-08,2025020232,3,REG,09:55,PHI,ev,none,snap,1551,8482142,J. Drysdale,8477989,C. Dvorak,8481533,T. Zegras,2,2
2025-11-08,2025020232,4,OT,03:19,OTT,ev,none,snap,1331,8482116,T. Stützle,8480208,D. Batherson,8478469,T. Chabot,2,3
2025-11-08,2025020233,1,REG,06:26,DAL,ev,none,tip-in,1551,8482145,M. Bourque,8480036,M. Heiskanen,8480950,I. Lyubushkin,0,1
2025-11-08,2025020233,1,REG,17:46,NSH,ev,none,snap,1551,8482146,L. Evangelista,8481056,S. Stastney,8475158,R. O'Reilly,1,1
2025-11-08,2025020233,2,REG,00:13,DAL,pp,none,wrist,1541,8478449,R. Hintz,8482740,W. Johnston,8480036,M. Heiskanen,1,2
2025-11-08,2025020233,2,REG,04:43,NSH,ev,none,wrist,1551,8479980,N. Hague,8483565,N. Blankenburg,8475287,E. Haula,2,2
2025-11-08,2025020233,2,REG,05:10,NSH,ev,none,wrist,1551,8476887,F. Forsberg,8475158,R. O'Reilly,8479980,N. Hague,3,2
2025-11-08,2025020233,3,REG,02:20,DAL,ev,none,wrist,1551,8484829,J. Hryckowian,8480840,O. Bäck,8482145,M. Bourque,3,3
2025-11-08,2025020233,3,REG,05:11,NSH,pp,none,slap,1451,8474564,S. Stamkos,8483565,N. Blankenburg,8484241,M. Wood,4,3
2025-11-08,2025020233,3,REG,09:33,DAL,ev,none,wrist,1551,8477454,A. Erne,8476278,C. Blackwell,8475755,A. Petrovic,4,4
2025-11-08,2025020233,3,REG,10:20,DAL,ev,none,wrist,1551,8479351,S. Steel,8482740,W. Johnston,8478420,M. Rantanen,4,5
2025-11-08,2025020234,1,REG,03:12,TOR,pp,none,tip-in,1451,8481582,N. Robertson,8477503,M. Domi,8476853,M. Rielly,1,0
2025-11-08,2025020234,1,REG,03:30,BOS,ev,none,wrist,1551,8479987,M. Geekie,8482511,M. Lohrei,,,1,1
2025-11-08,2025020234,1,REG,03:50,BOS,ev,none,wrist,1551,8478042,V. Arvidsson,,,,,1,2
2025-11-08,2025020234,1,REG,13:03,TOR,ev,none,wrist,1551,8481711,M. Maccelli,8478462,N. Roy,8476853,M. Rielly,2,2
2025-11-08,2025020234,2,REG,02:15,BOS,pp,none,wrist,1541,8479591,M. Eyssimont,8482177,M. Khusnutdinov,8482511,M. Lohrei,2,3
2025-11-08,2025020234,2,REG,04:41,BOS,ev,none,wrist,1551,8477956,D. Pastrnak,8476854,H. Lindholm,8479987,M. Geekie,2,4
2025-11-08,2025020234,2,REG,16:51,TOR,pp,none,wrist,1451,8475166,J. Tavares,8477939,W. Nylander,8475171,O. Ekman-Larsson,3,4
2025-11-08,2025020234,3,REG,16:58,BOS,ev,none,wrist,1551,8483489,F. Minten,8480355,M. Kastelic,,,3,5
2025-11-08,2025020235,1,REG,03:03,UTA,ev,none,snap,1551,8479977,K. Yamamoto,8474013,I. Cole,8478831,K. Stenlund,0,1
2025-11-08,2025020235,1,REG,14:45,MTL,ev,none,snap,1551,8482775,O. Kapanen,8484984,I. Demidov,8478851,A. Carrier,1,1
2025-11-08,2025020235,2,REG,06:02,UTA,ev,none,snap,1551,8478474,L. Crouse,8479619,M. Carcone,8480855,J. McBain,1,2
2025-11-08,2025020235,2,REG,06:44,MTL,ev,none,wrist,1551,8481540,C. Caufield,8480865,N. Dobson,,,2,2
2025-11-08,2025020235,2,REG,13:13,MTL,ev,none,snap,1551,8481618,A. Newhook,8482775,O. Kapanen,,,3,2
2025-11-08,2025020235,3,REG,13:29,MTL,ev,none,snap,1551,8481540,C. Caufield,8483515,J. Slafkovský,8476875,M. Matheson,4,2
2025-11-08,2025020235,3,REG,18:00,MTL,ev,none,snap,1551,8480018,N. Suzuki,8481618,A. Newhook,,,5,2
2025-11-08,2025020235,3,REG,19:23,MTL,ev,none,backhand,1551,8481523,K. Dach,,,,,6,2
2025-11-08,2025020236,1,REG,04:06,WSH,ev,none,snap,1551,8479520,B. Duhaime,8483573,E. Frank,8475343,N. Dowd,0,1
2025-11-08,2025020236,1,REG,06:07,TBL,ev,none,snap,1551,8482929,E. Lilleberg,8477404,J. Guentzel,8480426,C. D'Astous,1,1
2025-11-08,2025020236,1,REG,15:09,TBL,pp,none,tip-in,1451,8477404,J. Guentzel,8475167,V. Hedman,8479542,B. Hagel,2,1
2025-11-08,2025020236,2,REG,17:08,WSH,ev,own-goal,,1441,8474590,J. Carlson,,,,,2,2
2025-11-08,2025020236,3,REG,08:42,TBL,ev,none,snap,1551,8479542,B. Hagel,8483752,D. James,8480426,C. D'Astous,3,2
2025-11-08,2025020237,1,REG,10:29,NYI,ev,none,snap,1551,8477500,B. Horvat,8482476,E. Heineman,8475151,K. Palmieri,0,1
2025-11-08,2025020237,1,REG,19:27,NYI,ev,none,backhand,1551,8477494,J. Drouin,8477407,A. Duclair,8476419,J. Pageau,0,2
2025-11-08,2025020237,2,REG,18:42,NYI,pp,none,snap,1541,8477500,B. Horvat,8477494,J. Drouin,8478445,M. Barzal,0,3
2025-11-08,2025020237,3,REG,17:59,NYI,ev,empty-net,wrist,1560,8476419,J. Pageau,8481601,S. Holmstrom,8477494,J. Drouin,0,4
2025-11-08,2025020237,3,REG,19:30,NYI,ev,none,snap,1551,8475314,A. Lee,8476419,J. Pageau,8477407,A. Duclair,0,5
2025-11-08,2025020238,1,REG,05:00,CAR,ev,none,snap,1551,8478427,S. Aho,8480830,A. Svechnikov,,,1,0
2025-11-08,2025020238,1,REG,08:18,BUF,ev,none,snap,1551,8482671,O. Power,8483500,N. Ostlund,,,1,1
2025-11-08,2025020238,2,REG,04:34,CAR,pp,none,slap,1451,8480830,A. Svechnikov,8480817,K. Miller,8477940,N. Ehlers,2,1
2025-11-08,2025020238,2,REG,11:39,CAR,ev,none,slap,1551,8480829,J. Kotkaniemi,8482911,J. Nystrom,8475791,T. Hall,3,1
2025-11-08,2025020238,3,REG,00:29,CAR,ev,none,snap,1551,8480762,E. Robinson,8480829,J. Kotkaniemi,8484428,C. Legault,4,1
2025-11-08,2025020238,3,REG,03:23,BUF,ev,none,snap,1551,8477949,A. Tuch,8479420,T. Thompson,,,4,2
2025-11-08,2025020238,3,REG,06:49,BUF,ev,none,snap,1551,8479420,T. Thompson,8480802,R. McLeod,8477949,A. Tuch,4,3
2025-11-08,2025020238,3,REG,17:56,CAR,ev,empty-net,snap,0651,8482093,S. Jarvis,8473533,J. Staal,,,5,3
2025-11-08,2025020238,3,REG,18:32,CAR,ev,empty-net,snap,0651,8484428,C. Legault,8478427,S. Aho,,,6,3
2025-11-08,2025020239,1,REG,05:30,STL,ev,none,wrist,1551,8482077,D. Holloway,,,,,1,0
2025-11-08,2025020239,1,REG,09:40,STL,pp,none,snap,1451,8484164,D. Dvorsky,8475764,C. Fowler,8477402,P. Buchnevich,2,0
2025-11-08,2025020239,2,REG,08:28,SEA,ev,none,slap,1551,8482858,R. Evans,8480009,E. Tolvanen,8481789,T. Kartye,2,1
2025-11-08,2025020239,2,REG,15:25,SEA,pp,none,snap,1541,8480009,E. Tolvanen,8478407,V. Dunn,8474586,J. Eberle,2,2
2025-11-08,2025020239,3,REG,05:10,STL,ev,none,wrist,1551,8479385,J. Kyrou,8481598,P. Broberg,8480023,R. Thomas,3,2
2025-11-08,2025020239,3,REG,19:58,SEA,ev,none,wrist,0651,8476905,C. Stephenson,8482665,M. Beniers,8477986,B. Montour,3,3
2025-11-08,2025020239,4,OT,01:57,SEA,ev,none,wrist,1331,8483524,S. Wright,8480009,E. Tolvanen,8482858,R. Evans,3,4
2025-11-08,2025020240,1,REG,13:29,COL,ev,none,snap,1551,8480069,C. Makar,8478038,D. Toews,8477492,N. MacKinnon,0,1
2025-11-08,2025020240,1,REG,14:35,COL,ev,none,snap,1551,8480069,C. Makar,8478038,D. Toews,8477492,N. MacKinnon,0,2
2025-11-08,2025020240,2,REG,02:38,COL,ev,none,backhand,1551,8484149,G. Brindley,8484258,S. Malinski,8482947,Z. Bardakov,0,3
2025-11-08,2025020240,2,REG,04:45,COL,ev,none,tip-in,1551,8480835,J. Drury,8470613,B. Burns,8478109,V. Olofsson,0,4
2025-11-08,2025020240,2,REG,09:34,COL,ev,none,backhand,1551,8480448,P. Kelly,8484149,G. Brindley,8482947,Z. Bardakov,0,5
2025-11-08,2025020240,2,REG,11:30,EDM,pp,none,snap,1451,8478402,C. McDavid,8477934,L. Draisaitl,,,1,5
2025-11-08,2025020240,2,REG,14:38,COL,sh,none,backhand,1451,8480448,P. Kelly,,,,,1,6
2025-11-08,2025020240,3,REG,00:24,COL,ev,none,snap,1551,8477492,N. MacKinnon,8477476,A. Lehkonen,8478038,D. Toews,1,7
2025-11-08,2025020240,3,REG,05:02,COL,ev,none,snap,1551,8477492,N. MacKinnon,8479525,R. Colton,,,1,8
2025-11-08,2025020240,3,REG,14:28,COL,ev,none,snap,1551,8480835,J. Drury,8479525,R. Colton,8480448,P. Kelly,1,9
2025-11-08,2025020241,2,REG,05:28,VAN,ev,none,wrist,1551,8478498,J. DeBrusk,8482055,D. O'Connor,8482691,A. Räty,1,0
2025-11-08,2025020241,2,REG,06:46,CBJ,ev,none,wrist,1551,8480893,K. Marchenko,8481716,D. Voronkov,8483485,D. Mateychuk,1,1
2025-11-08,2025020241,2,REG,13:02,CBJ,ev,none,poke,1551,8481716,D. Voronkov,8480893,K. Marchenko,8484166,A. Fantilli,1,2
2025-11-08,2025020241,2,REG,19:03,VAN,ev,none,snap,1551,8482055,D. O'Connor,8480800,Q. Hughes,8479425,F. Hronek,2,2
2025-11-08,2025020241,3,REG,06:17,VAN,ev,none,poke,1551,8478856,C. Garland,8474574,T. Myers,8480012,E. Pettersson,3,2
2025-11-08,2025020241,3,REG,09:47,CBJ,ev,none,slap,1551,8480893,K. Marchenko,8481716,D. Voronkov,8484166,A. Fantilli,3,3
2025-11-08,2025020241,3,REG,14:15,VAN,ev,none,wrist,1551,8478444,B. Boeser,8480748,K. Sherwood,8482117,L. Reichel,4,3
2025-11-08,2025020242,1,REG,05:47,VGK,ev,none,snap,1551,8479353,B. Howden,8476448,W. Karlsson,8478396,N. Hanifin,1,0
2025-11-08,2025020242,1,REG,15:49,ANA,ev,none,tip-in,1551,8478366,F. Vatrano,8482803,O. Zellweger,8476885,J. Trouba,1,1
2025-11-08,2025020242,2,REG,10:39,ANA,ev,none,backhand,1551,8484153,L. Carlsson,8478873,T. Terry,,,1,2
2025-11-08,2025020242,2,REG,16:50,ANA,ev,none,snap,1551,8484153,L. Carlsson,8482803,O. Zellweger,,,1,3
2025-11-08,2025020242,3,REG,03:56,VGK,pp,none,snap,1451,8481604,P. Dorofeyev,8478403,J. Eichel,,,2,3
2025-11-08,2025020242,3,REG,14:53,VGK,ev,none,snap,1551,8481527,K. Korczak,8477964,I. Barbashev,8478483,M. Marner,3,3
2025-11-08,2025020242,4,OT,04:28,ANA,ev,none,backhand,1331,8476885,J. Trouba,8484153,L. Carlsson,,,3,4
2025-11-08,2025020243,1,REG,17:25,SJS,ev,none,wrist,1551,8484801,M. Celebrini,8484227,W. Smith,8479576,V. Desharnais,1,0
2025-11-08,2025020243,2,REG,03:06,SJS,ev,none,tip-in,1551,8478874,A. Gaudette,8475200,D. Orlov,8480043,T. Liljegren,2,0
2025-11-08,2025020243,2,REG,03:34,FLA,ev,none,backhand,1551,8473419,B. Marchand,8482113,A. Lundell,8480185,E. Luostarinen,2,1
2025-11-08,2025020243,3,REG,19:09,SJS,ev,empty-net,wrist,0651,8477505,A. Wennberg,8484911,C. Graf,8484227,W. Smith,3,1
2025-11-09,2025020244,1,REG,00:59,CHI,pp,none,snap,1541,8484144,C. Bedard,8484783,A. Levshunov,8476882,T. Teravainen,0,1
2025-11-09,2025020244,1,REG,04:19,DET,ev,none,wrist,1551,8477946,D. Larkin,8482078,L. Raymond,8482762,S. Edvinsson,1,1
2025-11-09,2025020244,2,REG,03:22,CHI,pp,none,snap,1541,8476882,T. Teravainen,8477444,A. Burakovsky,8477479,T. Bertuzzi,1,2
2025-11-09,2025020244,3,REG,05:09,CHI,pp,none,wrist,1541,8477479,T. Bertuzzi,8484144,C. Bedard,8484783,A. Levshunov,1,3
2025-11-09,2025020244,3,REG,16:37,CHI,ev,empty-net,wrist,1560,8477444,A. Burakovsky,8484144,C. Bedard,8481806,L. Crevier,1,4
2025-11-09,2025020244,3,REG,19:44,CHI,ev,none,slap,1551,8484197,O. Moore,8477987,R. Donato,8476891,M. Grzelcyk,1,5
2025-11-09,2025020245,1,REG,08:48,PIT,ev,none,wrist,1551,8478438,T. Novak,8471215,E. Malkin,8478450,P. Wotherspoon,1,0
2025-11-09,2025020245,1,REG,14:58,LAK,pp,none,wrist,1541,8471685,A. Kopitar,8477942,K. Fiala,8470621,C. Perry,1,1
2025-11-09,2025020245,2,REG,07:48,PIT,pp,none,wrist,1451,8477511,A. Mantha,8471724,K. Letang,8482758,V. Koivunen,2,1
2025-11-09,2025020245,3,REG,04:49,LAK,ev,none,wrist,1551,8470621,C. Perry,8476879,C. Ceci,8479675,T. Moore,2,2
2025-11-09,2025020245,3,REG,11:52,LAK,ev,none,wrist,1551,8477942,K. Fiala,8474563,D. Doughty,8482155,A. Laferriere,2,3
2025-11-09,2025020246,1,REG,05:00,TOR,ev,none,backhand,1551,8477939,W. Nylander,8482720,M. Knies,8476853,M. Rielly,1,0
2025-11-09,2025020246,1,REG,08:34,CAR,pp,none,snap,1541,8478427,S. Aho,8477940,N. Ehlers,8480817,K. Miller,1,1
2025-11-09,2025020246,1,REG,14:31,CAR,ev,none,wrist,1551,8482093,S. Jarvis,8480830,A. Svechnikov,8482100,A. Nikishin,1,2
2025-11-09,2025020246,1,REG,15:31,TOR,ev,none,snap,1551,8475166,J. Tavares,8482259,B. McMann,8481582,N. Robertson,2,2
2025-11-09,2025020246,1,REG,19:01,TOR,pp,none,slap,1451,8477939,W. Nylander,8475166,J. Tavares,8479318,A. Matthews,3,2
2025-11-09,2025020246,2,REG,11:03,TOR,ev,none,wrist,1551,8479318,A. Matthews,8476931,J. McCabe,8482720,M. Knies,4,2
2025-11-09,2025020246,2,REG,16:51,CAR,ev,none,wrist,1551,8480336,S. Walker,8477478,W. Carrier,,,4,3
2025-11-09,2025020246,3,REG,03:20,CAR,ev,none,wrist,1551,8475791,T. Hall,8482809,J. Blake,8482702,L. Stankoven,4,4
2025-11-09,2025020246,3,REG,12:13,CAR,ev,none,wrist,1551,8482702,L. Stankoven,8480817,K. Miller,8477940,N. Ehlers,4,5
2025-11-09,2025020247,1,REG,13:59,OTT,ev,none,wrist,1551,8482092,R. Greig,8481528,D. Cozens,,,1,0
2025-11-09,2025020247,1,REG,17:33,UTA,ev,none,wrist,1551,8479343,C. Keller,8479410,M. Sergachev,8477970,V. Vanecek,1,1
2025-11-09,2025020247,2,REG,07:13,OTT,ev,none,slap,1551,8481606,J. Spence,8474102,D. Perron,,,2,1
2025-11-09,2025020247,2,REG,15:52,OTT,ev,none,wrap-around,1551,8476393,N. Cousins,8481528,D. Cozens,8482092,R. Greig,3,1
2025-11-09,2025020247,2,REG,18:56,UTA,ev,none,backhand,1551,8477951,N. Schmaltz,8483431,L. Cooley,8480084,N. DeSimone,3,2
2025-11-09,2025020247,3,REG,03:46,OTT,ev,none,tip-in,1551,8478020,M. Amadio,8478469,T. Chabot,8481606,J. Spence,4,2
2025-11-09,2025020248,1,REG,03:15,SEA,ev,none,tip-in,1551,8475768,J. Schwartz,8476457,A. Larsson,8478407,V. Dunn,0,1
2025-11-09,2025020248,1,REG,04:24,DAL,pp,none,snap,1451,8482740,W. Johnston,8480027,J. Robertson,8480036,M. Heiskanen,1,1
2025-11-09,2025020248,1,REG,19:26,DAL,ev,none,backhand,1551,8475794,T. Seguin,8478449,R. Hintz,8480036,M. Heiskanen,2,1
2025-11-09,2025020249,2,REG,13:47,MIN,ev,none,wrist,1551,8481557,M. Boldy,8475149,M. Johansson,8478493,J. Eriksson Ek,1,0
2025-11-09,2025020249,3,REG,19:10,MIN,ev,awarded-empty-net,wrist,0651,8478864,K. Kaprizov,8478493,J. Eriksson Ek,8481557,M. Boldy,2,0
2025-11-09,2025020250,1,REG,06:41,COL,ev,none,snap,1551,8477492,N. MacKinnon,8477501,V. Nichushkin,8480069,C. Makar,0,1
2025-11-09,2025020250,1,REG,08:10,COL,pp,none,wrist,1541,8477492,N. MacKinnon,8478109,V. Olofsson,8477501,V. Nichushkin,0,2
2025-11-09,2025020250,1,REG,11:47,VAN,ev,none,wrist,1551,8481024,L. Karlsson,8479425,F. Hronek,8475169,E. Kane,1,2
2025-11-09,2025020250,2,REG,01:44,VAN,ev,none,backhand,1551,8480748,K. Sherwood,,,,,2,2
2025-11-09,2025020250,3,REG,00:28,COL,ev,none,tip-in,1551,8477476,A. Lehkonen,8470613,B. Burns,8477492,N. MacKinnon,2,3
2025-11-09,2025020250,3,REG,07:26,VAN,sh,none,snap,1541,8482055,D. O'Connor,,,,,3,3
2025-11-09,2025020250,3,REG,09:47,COL,pp,none,snap,1541,8477476,A. Lehkonen,8480039,M. Necas,8477492,N. MacKinnon,3,4
2025-11-09,2025020250,3,REG,16:59,VAN,pp,none,tip-in,1451,8478498,J. DeBrusk,8478444,B. Boeser,8480800,Q. Hughes,4,4
2025-11-09,2025020250,4,OT,01:08,COL,ev,none,poke,1331,8484149,G. Brindley,8480069,C. Makar,8477492,N. MacKinnon,4,5
2025-11-09,2025020251,1,REG,07:18,ANA,ev,none,wrist,1551,8484762,B. Sennecke,8483445,C. Gauthier,8481563,D. Helleson,1,0
2025-11-09,2025020251,1,REG,19:03,ANA,pp,none,snap,1451,8484153,L. Carlsson,8478873,T. Terry,8475184,C. Kreider,2,0
2025-11-09,2025020251,2,REG,04:22,WPG,ev,none,snap,1551,8478398,K. Connor,8477504,J. Morrissey,8476460,M. Scheifele,2,1
2025-11-09,2025020251,2,REG,11:48,ANA,ev,none,wrist,1551,8484762,B. Sennecke,8483445,C. Gauthier,8482745,M. McTavish,3,1
2025-11-09,2025020251,3,REG,02:47,ANA,pp,none,snap,1451,8484153,L. Carlsson,8475184,C. Kreider,8481605,J. LaCombe,4,1
2025-11-10,2025020252,1,REG,02:12,NJD,pp,none,snap,1451,8478414,T. Meier,8479407,J. Bratt,8482684,L. Hughes,1,0
2025-11-10,2025020252,2,REG,06:55,NYI,ev,none,wrist,1551,8477500,B. Horvat,8475151,K. Palmieri,,,1,1
2025-11-10,2025020252,3,REG,17:07,NYI,pp,none,poke,1541,8475151,K. Palmieri,8485366,M. Schaefer,8477500,B. Horvat,1,2
2025-11-10,2025020252,3,REG,19:55,NJD,ev,none,slap,1560,8483495,S. Nemec,8479407,J. Bratt,8478414,T. Meier,2,2
2025-11-10,2025020252,4,OT,01:17,NYI,ev,none,snap,1331,8478445,M. Barzal,8477494,J. Drouin,8477506,R. Pulock,2,3
2025-11-10,2025020253,1,REG,10:39,NYR,ev,none,wrist,1551,8476459,M. Zibanejad,8479323,A. Fox,8478882,V. Gavrikov,1,0
2025-11-10,2025020253,1,REG,16:16,NSH,pp,none,wrist,1541,8484241,M. Wood,8478047,M. Bunting,8476869,B. Skjei,1,1
2025-11-10,2025020253,1,REG,18:07,NYR,ev,none,wrist,1551,8478882,V. Gavrikov,8476389,V. Trocheck,8479323,A. Fox,2,1
2025-11-10,2025020253,2,REG,01:23,NYR,pp,none,backhand,1451,8482109,A. Lafrenière,8484210,G. Perreault,8476389,V. Trocheck,3,1
2025-11-10,2025020253,2,REG,07:51,NYR,ev,none,slap,1551,8478550,A. Panarin,8482109,A. Lafrenière,8480001,U. Vaakanainen,4,1
2025-11-10,2025020253,2,REG,19:50,NYR,ev,none,snap,1551,8482157,W. Cuylle,8483690,N. Laba,8482109,A. Lafrenière,5,1
2025-11-10,2025020253,3,REG,12:48,NSH,pp,none,slap,1541,8484241,M. Wood,8482146,L. Evangelista,8475287,E. Haula,5,2
2025-11-10,2025020253,3,REG,13:30,NYR,ev,none,wrist,1551,8478550,A. Panarin,,,,,6,2
2025-11-10,2025020253,3,REG,19:15,NSH,ev,none,snap,1551,8484241,M. Wood,8476887,F. Forsberg,8475158,R. O'Reilly,6,3
2025-11-10,2025020254,1,REG,11:42,CBJ,ev,none,snap,1551,8478500,I. Provorov,8476923,D. Severson,8484166,A. Fantilli,0,1
2025-11-10,2025020254,1,REG,17:28,EDM,ev,none,snap,1551,8478013,J. Walman,8481617,V. Podkolzin,8478458,J. Roslovic,1,1
2025-11-10,2025020254,2,REG,01:39,CBJ,ev,none,backhand,1551,8477497,S. Monahan,8482660,K. Johnson,8476432,B. Jenner,1,2
2025-11-10,2025020254,2,REG,18:02,CBJ,ev,none,tip-in,1551,8476432,B. Jenner,8479371,D. Fabbro,8478460,Z. Werenski,1,3
2025-11-10,2025020254,3,REG,00:58,EDM,ev,none,backhand,1551,8478402,C. McDavid,8475218,M. Ekholm,,,2,3
2025-11-10,2025020254,3,REG,04:19,CBJ,ev,none,snap,1441,8484166,A. Fantilli,8480893,K. Marchenko,,,2,4
2025-11-10,2025020254,3,REG,13:39,EDM,ev,none,wrist,1551,8478402,C. McDavid,8480803,E. Bouchard,,,3,4
2025-11-10,2025020254,3,REG,19:02,EDM,sh,none,wrist,1541,8478013,J. Walman,,,,,4,4
2025-11-10,2025020254,4,OT,00:56,EDM,ev,none,backhand,1331,8478458,J. Roslovic,8478013,J. Walman,,,5,4
2025-11-10,2025020255,1,REG,14:47,FLA,ev,none,slap,1551,8480003,J. Boqvist,8482131,D. Sebrango,8473507,J. Petry,0,1
2025-11-10,2025020255,2,REG,10:54,FLA,ev,none,backhand,1551,8473419,B. Marchand,8478055,G. Forsling,8482131,D. Sebrango,0,2
2025-11-10,2025020255,3,REG,01:25,VGK,ev,none,wrist,1551,8476881,T. Hertl,8477447,S. Theodore,,,1,2
2025-11-10,2025020255,3,REG,04:54,FLA,pp,none,tip-in,1541,8477933,S. Reinhart,8477495,S. Jones,8473419,B. Marchand,1,3
2025-11-10,2025020255,3,REG,09:04,VGK,ev,none,snap,1551,8477964,I. Barbashev,8475188,B. McNabb,8478483,M. Marner,2,3
2025-11-11,2025020256,1,REG,04:27,BOS,pp,none,deflected,1451,8478401,P. Zacha,8477956,D. Pastrnak,8479325,C. McAvoy,1,0
2025-11-11,2025020256,1,REG,06:41,TOR,sh,none,wrist,1451,8478904,S. Lorentz,,,,,1,1
2025-11-11,2025020256,1,REG,09:32,BOS,pp,none,snap,1451,8476854,H. Lindholm,8482511,M. Lohrei,8479591,M. Eyssimont,2,1
2025-11-11,2025020256,1,REG,17:23,BOS,ev,none,snap,1551,8482634,A. Steeves,8476854,H. Lindholm,,,3,1
2025-11-11,2025020256,2,REG,00:49,BOS,ev,none,wrist,1551,8477956,D. Pastrnak,8479987,M. Geekie,8479325,C. McAvoy,4,1
2025-11-11,2025020256,2,REG,18:58,TOR,pp,none,backhand,1541,8482259,B. McMann,8477503,M. Domi,8476853,M. Rielly,4,2
2025-11-11,2025020256,3,REG,03:32,TOR,ev,none,snap,1551,8475171,O. Ekman-Larsson,8481582,N. Robertson,8477939,W. Nylander,4,3
2025-11-11,2025020256,3,REG,09:48,BOS,pp,none,wrist,1451,8477956,D. Pastrnak,8480355,M. Kastelic,8479661,T. Jeannot,5,3
2025-11-11,2025020257,1,REG,19:17,MTL,ev,none,snap,1551,8476981,J. Anderson,8483457,L. Hutson,8478133,J. Evans,1,0
2025-11-11,2025020257,2,REG,01:17,LAK,ev,none,slap,1551,8476441,J. Edmundson,8482730,B. Clarke,8471685,A. Kopitar,1,1
2025-11-11,2025020257,2,REG,04:17,LAK,ev,none,snap,0651,8482124,Q. Byfield,8476441,J. Edmundson,8477960,A. Kempe,1,2
2025-11-11,2025020257,2,REG,05:22,LAK,ev,none,snap,1551,8477942,K. Fiala,8482155,A. Laferriere,8482124,Q. Byfield,1,3
2025-11-11,2025020257,3,REG,11:08,LAK,ev,none,snap,1551,8476469,J. Armia,,,,,1,4
2025-11-11,2025020257,3,REG,15:32,LAK,ev,empty-net,snap,1560,8477998,W. Foegele,8476479,P. Danault,,,1,5
2025-11-11,2025020258,1,REG,00:49,OTT,ev,none,wrist,1551,8480208,D. Batherson,8482105,J. Sanderson,,,1,0
2025-11-11,2025020258,1,REG,08:53,OTT,ev,none,wrist,1551,8475324,N. Jensen,8478020,M. Amadio,8473512,C. Giroux,2,0
2025-11-11,2025020258,2,REG,16:22,DAL,ev,none,snap,1551,8478420,M. Rantanen,8480027,J. Robertson,,,2,1
2025-11-11,2025020258,3,REG,08:00,DAL,pp,none,wrist,1541,8480027,J. Robertson,8478420,M. Rantanen,8480036,M. Heiskanen,2,2
2025-11-11,2025020258,4,OT,03:04,DAL,ev,none,wrist,1331,8478449,R. Hintz,8480027,J. Robertson,8480036,M. Heiskanen,2,3
2025-11-11,2025020259,1,REG,05:42,WSH,ev,none,wrist,1551,8479520,B. Duhaime,8483573,E. Frank,8475343,N. Dowd,0,1
2025-11-11,2025020259,2,REG,05:59,WSH,ev,none,snap,1551,8478440,D. Strome,8471214,A. Ovechkin,8474590,J. Carlson,0,2
2025-11-11,2025020259,2,REG,13:56,CAR,ev,none,snap,1551,8477940,N. Ehlers,8482809,J. Blake,8476906,S. Gostisbehere,1,2
2025-11-11,2025020259,3,REG,05:46,WSH,pp,none,snap,1541,8479345,J. Chychrun,8484186,R. Leonard,8474590,J. Carlson,1,3
2025-11-11,2025020259,3,REG,19:29,WSH,ev,empty-net,wrist,1560,8471214,A. Ovechkin,8478463,A. Beauvillier,,,1,4
2025-11-11,2025020260,1,REG,10:59,STL,pp,none,tip-in,1451,8482077,D. Holloway,8475753,J. Faulk,8480459,P. Suter,1,0
2025-11-11,2025020260,1,REG,13:43,STL,ev,none,wrist,1551,8482516,M. Kessel,8476897,O. Sundqvist,,,2,0
2025-11-11,2025020260,2,REG,07:20,STL,ev,none,backhand,1551,8477573,N. Walker,8480281,A. Toropchenko,8476897,O. Sundqvist,3,0
2025-11-11,2025020260,2,REG,14:04,CGY,ev,none,snap,1551,8482679,M. Coronato,8481167,B. Pachal,,,3,1
2025-11-11,2025020260,2,REG,14:29,CGY,ev,none,wrist,1551,8478397,R. Andersson,8474150,M. Backlund,,,3,2
2025-11-11,2025020261,2,REG,05:02,MIN,pp,none,snap,1451,8481557,M. Boldy,8475692,M. Zuccarello,8484798,Z. Buium,1,0
2025-11-11,2025020261,3,REG,11:57,SJS,pp,none,snap,1541,8484227,W. Smith,8484801,M. Celebrini,8475726,T. Toffoli,1,1
2025-11-11,2025020261,4,OT,02:41,SJS,ev,none,backhand,1331,8484911,C. Graf,8484801,M. Celebrini,8484806,S. Dickinson,1,2
2025-11-11,2025020262,1,REG,00:28,COL,ev,none,snap,1551,8477476,A. Lehkonen,8477492,N. MacKinnon,8480069,C. Makar,1,0
2025-11-11,2025020262,1,REG,18:16,ANA,ev,none,wrist,1441,8484153,L. Carlsson,8476885,J. Trouba,8478873,T. Terry,1,1
2025-11-11,2025020262,2,REG,11:37,COL,ev,none,backhand,1551,8476455,G. Landeskog,8477501,V. Nichushkin,8484258,S. Malinski,2,1
2025-11-11,2025020262,3,REG,07:02,COL,pp,none,tip-in,1451,8480039,M. Necas,8477476,A. Lehkonen,8477492,N. MacKinnon,3,1
2025-11-11,2025020262,3,REG,17:39,COL,ev,empty-net,snap,0651,8480448,P. Kelly,8477492,N. MacKinnon,8475754,B. Nelson,4,1
2025-11-11,2025020263,1,REG,04:57,WPG,ev,none,deflected,1551,8473604,J. Toews,8477504,J. Morrissey,8482149,C. Perfetti,0,1
2025-11-11,2025020263,1,REG,10:21,VAN,ev,none,snap,1551,8480748,K. Sherwood,8480800,Q. Hughes,,,1,1
2025-11-11,2025020263,1,REG,11:58,VAN,pp,none,wrist,1451,8478498,J. DeBrusk,8480800,Q. Hughes,8480012,E. Pettersson,2,1
2025-11-11,2025020263,1,REG,14:38,WPG,pp,none,slap,1541,8477504,J. Morrissey,,,,,2,2
2025-11-11,2025020263,1,REG,14:53,WPG,ev,none,deflected,1551,8475799,N. Niederreiter,8476392,A. Lowry,8480113,A. Iafallo,2,3
2025-11-11,2025020263,3,REG,00:48,WPG,pp,none,backhand,1541,8480014,G. Vilardi,8478398,K. Connor,8477504,J. Morrissey,2,4
2025-11-11,2025020263,3,REG,18:30,VAN,ev,none,wrist,1560,8478444,B. Boeser,8480012,E. Pettersson,8480800,Q. Hughes,3,4
2025-11-11,2025020263,3,REG,19:12,WPG,ev,empty-net,wrist,1560,8480113,A. Iafallo,8475799,N. Niederreiter,8479378,L. Stanley,3,5
2025-11-11,2025020264,1,REG,16:43,SEA,ev,none,snap,1551,8482751,R. Winterton,8483570,B. Meyers,8476467,J. Oleksiak,1,0
2025-11-11,2025020264,2,REG,18:22,CBJ,pp,none,snap,1531,8484166,A. Fantilli,8480893,K. Marchenko,8477497,S. Monahan,1,1
2025-11-11,2025020264,5,SO,00:00,CBJ,ev,none,wrist,0101,8475745,C. Coyle,,,,,1,2
2025-11-12,2025020265,1,REG,01:09,NYR,pp,none,wrist,1541,8482157,W. Cuylle,8479323,A. Fox,8478550,A. Panarin,0,1
2025-11-12,2025020265,1,REG,03:31,NYR,ev,none,deflected,1551,8476468,J. Miller,8476459,M. Zibanejad,,,0,2
2025-11-12,2025020265,1,REG,06:04,TBL,ev,none,wrist,1551,8477149,S. Sabourin,8480876,C. Douglas,8482090,J. Finley,1,2
2025-11-12,2025020265,1,REG,07:08,NYR,ev,none,wrist,1551,8482109,A. Lafrenière,8478550,A. Panarin,8477369,C. Soucy,1,3
2025-11-12,2025020265,1,REG,13:59,TBL,ev,none,wrist,1551,8476878,Z. Girgensons,8476826,Y. Gourde,8477416,O. Bjorkstrand,2,3
2025-11-12,2025020265,1,REG,16:20,NYR,ev,none,wrist,1551,8478840,W. Borgen,,,,,2,4
2025-11-12,2025020265,1,REG,17:32,TBL,sh,none,backhand,1541,8477404,J. Guentzel,8482655,J. Moser,,,3,4
2025-11-12,2025020265,2,REG,18:19,NYR,ev,none,wrist,1551,8476389,V. Trocheck,8478550,A. Panarin,8478882,V. Gavrikov,3,5
2025-11-12,2025020265,3,REG,05:03,NYR,ev,none,wrist,1551,8476389,V. Trocheck,8480001,U. Vaakanainen,8478550,A. Panarin,3,6
2025-11-12,2025020265,3,REG,17:49,NYR,ev,empty-net,wrist,1560,8482157,W. Cuylle,8479323,A. Fox,,,3,7
2025-11-12,2025020266,1,REG,19:05,EDM,ev,none,slap,1551,8480803,E. Bouchard,8478402,C. McDavid,8483512,M. Savoie,0,1
2025-11-12,2025020266,2,REG,15:38,PHI,pp,none,snap,1451,8484387,M. Michkov,8481546,C. York,8478439,T. Konecny,1,1
2025-11-12,2025020266,4,OT,01:19,EDM,ev,none,wrist,1331,8478458,J. Roslovic,8483512,M. Savoie,,,1,2
2025-11-12,2025020267,1,REG,05:33,BUF,ev,none,deflected,1551,8482765,I. Rosen,8482097,J. Quinn,8481524,B. Byram,0,1
2025-11-12,2025020267,2,REG,06:42,BUF,ev,none,slap,1551,8482765,I. Rosen,8483500,N. Ostlund,,,0,2
2025-11-12,2025020267,2,REG,10:42,UTA,ev,none,slap,1551,8480084,N. DeSimone,8479619,M. Carcone,8477220,N. Schmidt,1,2
2025-11-12,2025020267,3,REG,00:52,UTA,ev,none,snap,1551,8482175,J. Peterka,8478507,J. Marino,8479410,M. Sergachev,2,2
2025-11-12,2025020267,3,REG,03:22,UTA,ev,none,snap,1551,8478474,L. Crouse,8482175,J. Peterka,8480855,J. McBain,3,2
2025-11-12,2025020267,3,REG,10:09,UTA,ev,none,snap,1551,8477951,N. Schmaltz,8479343,C. Keller,,,4,2
2025-11-12,2025020267,3,REG,19:33,UTA,ev,empty-net,snap,0651,8479343,C. Keller,8477951,N. Schmaltz,8483431,L. Cooley,5,2
2025-11-12,2025020268,1,REG,18:35,CHI,pp,none,snap,1351,8484144,C. Bedard,8476882,T. Teravainen,8477479,T. Bertuzzi,1,0
2025-11-12,2025020268,2,REG,19:45,NJD,ev,none,backhand,1551,8483495,S. Nemec,8480002,N. Hischier,8478414,T. Meier,1,1
2025-11-12,2025020268,3,REG,03:05,CHI,ev,none,tip-in,1551,8482172,L. Slaggert,8481806,L. Crevier,8473422,N. Foligno,2,1
2025-11-12,2025020268,3,REG,10:13,NJD,ev,none,slap,1551,8482110,D. Mercer,8481559,J. Hughes,8481721,A. Gritsyuk,2,2
2025-11-12,2025020268,3,REG,13:34,CHI,ev,none,backhand,1551,8478043,S. Lafferty,8473422,N. Foligno,8481806,L. Crevier,3,2
2025-11-12,2025020268,3,REG,16:14,NJD,ev,none,wrist,1551,8483495,S. Nemec,8476474,S. Noesen,8481559,J. Hughes,3,3
2025-11-12,2025020268,4,OT,03:28,NJD,ev,none,wrist,1331,8483495,S. Nemec,8474593,J. Markstrom,8482684,L. Hughes,3,4
2025-11-13,2025020269,1,REG,08:06,TOR,ev,none,wrist,1551,8482259,B. McMann,,,,,1,0
2025-11-13,2025020269,1,REG,16:39,TOR,ev,none,wrist,1551,8475166,J. Tavares,8475171,O. Ekman-Larsson,8482720,M. Knies,2,0
2025-11-13,2025020269,2,REG,06:51,LAK,ev,none,wrist,1551,8477998,W. Foegele,8474563,D. Doughty,8479998,M. Anderson,2,1
2025-11-13,2025020269,2,REG,15:41,LAK,ev,none,wrist,1551,8477942,K. Fiala,8482124,Q. Byfield,8476879,C. Ceci,2,2
2025-11-13,2025020269,2,REG,17:16,TOR,ev,none,backhand,1551,8475166,J. Tavares,8477939,W. Nylander,8482720,M. Knies,3,2
2025-11-13,2025020269,3,REG,13:10,LAK,ev,none,tip-in,1551,8482155,A. Laferriere,8482730,B. Clarke,8475208,B. Dumoulin,3,3
2025-11-13,2025020269,4,OT,00:35,LAK,ev,none,slap,1331,8482124,Q. Byfield,8474563,D. Doughty,8477960,A. Kempe,3,4
2025-11-13,2025020270,1,REG,14:21,DAL,pp,none,snap,1541,8482740,W. Johnston,8478449,R. Hintz,8478420,M. Rantanen,0,1
2025-11-13,2025020270,2,REG,03:50,DAL,ev,none,snap,1551,8476902,E. Lindell,8480036,M. Heiskanen,8476889,R. Faksa,0,2
2025-11-13,2025020270,2,REG,07:10,DAL,ev,none,snap,1551,8475794,T. Seguin,8480027,J. Robertson,8483425,L. Bichsel,0,3
2025-11-13,2025020270,2,REG,15:10,DAL,ev,none,backhand,1551,8480027,J. Robertson,8481581,T. Harley,8478420,M. Rantanen,0,4
2025-11-13,2025020270,2,REG,16:49,DAL,ev,none,snap,1551,8480027,J. Robertson,8484829,J. Hryckowian,8482145,M. Bourque,0,5
2025-11-13,2025020270,3,REG,02:01,DAL,ev,none,snap,1551,8475755,A. Petrovic,8476889,R. Faksa,8476278,C. Blackwell,0,6
2025-11-13,2025020270,3,REG,14:40,DAL,ev,none,bat,1551,8476278,C. Blackwell,8476889,R. Faksa,8480950,I. Lyubushkin,0,7
2025-11-13,2025020271,1,REG,01:28,OTT,pp,none,snap,1451,8473512,C. Giroux,8482116,T. Stützle,8481528,D. Cozens,1,0
2025-11-13,2025020271,1,REG,19:03,OTT,ev,none,snap,1551,8481528,D. Cozens,8480188,F. Zetterlund,8482092,R. Greig,2,0
2025-11-13,2025020271,2,REG,11:49,BOS,ev,none,slap,1551,8479987,M. Geekie,8477956,D. Pastrnak,8482177,M. Khusnutdinov,2,1
2025-11-13,2025020271,3,REG,01:06,OTT,ev,none,tip-in,1551,8481596,S. Pinto,8478020,M. Amadio,8482105,J. Sanderson,3,1
2025-11-13,2025020271,3,REG,03:49,BOS,pp,none,wrist,1541,8477956,D. Pastrnak,8479987,M. Geekie,8478042,V. Arvidsson,3,2
2025-11-13,2025020271,3,REG,05:15,BOS,ev,none,wrist,1551,8480355,M. Kastelic,8479661,T. Jeannot,,,3,3
2025-11-13,2025020271,3,REG,14:17,OTT,ev,none,wrist,1551,8482116,T. Stützle,8480208,D. Batherson,8482245,A. Zub,4,3
2025-11-13,2025020271,3,REG,19:42,OTT,ev,empty-net,wrist,0651,8482116,T. Stützle,8473512,C. Giroux,8484321,N. Matinpalo,5,3
2025-11-13,2025020272,2,REG,05:57,DET,pp,none,wrist,1451,8481542,M. Seider,8482078,L. Raymond,8474141,P. Kane,1,0
2025-11-13,2025020272,2,REG,07:35,ANA,ev,none,wrist,1551,8483445,C. Gauthier,8484762,B. Sennecke,8476885,J. Trouba,1,1
2025-11-13,2025020272,2,REG,12:42,DET,ev,none,snap,1551,8479992,M. Rasmussen,8477429,A. Copp,8481013,J. Berggren,2,1
2025-11-13,2025020272,2,REG,14:54,ANA,ev,none,snap,1551,8475184,C. Kreider,8481605,J. LaCombe,8481563,D. Helleson,2,2
2025-11-13,2025020272,2,REG,15:33,DET,ev,none,snap,1551,8484223,A. Sandin-Pellikka,8479992,M. Rasmussen,8481013,J. Berggren,3,2
2025-11-13,2025020272,3,REG,00:50,DET,pp,none,tip-in,1451,8479337,A. DeBrincat,8481542,M. Seider,8474141,P. Kane,4,2
2025-11-13,2025020272,3,REG,04:33,ANA,ev,none,tip-in,1551,8475798,M. Granlund,8482178,I. Moore,8476458,R. Strome,4,3
2025-11-13,2025020272,3,REG,05:06,DET,ev,none,backhand,1551,8477946,D. Larkin,8482078,L. Raymond,8479337,A. DeBrincat,5,3
2025-11-13,2025020272,3,REG,17:59,DET,ev,empty-net,wrist,0651,8479337,A. DeBrincat,8477946,D. Larkin,,,6,3
2025-11-13,2025020273,1,REG,08:25,WSH,ev,none,tip-in,1551,8479520,B. Duhaime,8480873,R. Sandin,,,0,1
2025-11-13,2025020273,1,REG,08:53,FLA,ev,none,snap,1551,8478542,E. Rodrigues,8478859,N. Mikkola,8477933,S. Reinhart,1,1
2025-11-13,2025020273,2,REG,03:05,FLA,ev,none,deflected,1551,8481655,C. Schwindt,8478055,G. Forsling,8480185,E. Luostarinen,2,1
2025-11-13,2025020273,2,REG,14:41,FLA,pp,none,backhand,1451,8477933,S. Reinhart,8477409,C. Verhaeghe,8477495,S. Jones,3,1
2025-11-13,2025020273,3,REG,00:52,WSH,ev,none,tip-in,1551,8482088,J. Sourdif,8479345,J. Chychrun,8476880,T. Wilson,3,2
2025-11-13,2025020273,3,REG,04:54,FLA,ev,none,wrist,1551,8477933,S. Reinhart,8482113,A. Lundell,8480185,E. Luostarinen,4,2
2025-11-13,2025020273,3,REG,09:47,FLA,pp,none,snap,1451,8477495,S. Jones,8473419,B. Marchand,8482113,A. Lundell,5,2
2025-11-13,2025020273,3,REG,12:40,WSH,ev,none,snap,1551,8480873,R. Sandin,8474590,J. Carlson,,,5,3
2025-11-13,2025020273,3,REG,18:30,FLA,ev,empty-net,wrist,0651,8480185,E. Luostarinen,8473419,B. Marchand,8482113,A. Lundell,6,3
2025-11-13,2025020274,1,REG,15:36,CBJ,ev,none,tip-in,1551,8479671,M. Olivier,8475745,C. Coyle,8478460,Z. Werenski,1,0
2025-11-13,2025020274,2,REG,00:44,CBJ,ev,none,snap,1551,8475745,C. Coyle,8479671,M. Olivier,,,2,0
2025-11-13,2025020274,2,REG,08:09,EDM,ev,none,tip-in,1551,8483512,M. Savoie,8480803,E. Bouchard,8478402,C. McDavid,2,1
2025-11-13,2025020274,2,REG,09:49,EDM,ev,none,slap,1551,8477934,L. Draisaitl,8480803,E. Bouchard,,,2,2
2025-11-13,2025020274,2,REG,10:19,CBJ,ev,none,snap,1551,8483485,D. Mateychuk,8477497,S. Monahan,8483432,L. Del Bel Belluz,3,2
2025-11-13,2025020274,2,REG,18:20,CBJ,ev,none,wrist,1551,8484166,A. Fantilli,8480893,K. Marchenko,8476923,D. Severson,4,2
2025-11-13,2025020274,3,REG,07:30,CBJ,ev,none,snap,1551,8479671,M. Olivier,8475745,C. Coyle,8482705,C. Sillinger,5,2
2025-11-13,2025020274,3,REG,07:57,EDM,ev,none,wrist,1551,8481617,V. Podkolzin,8478458,J. Roslovic,,,5,3
2025-11-13,2025020274,3,REG,11:27,EDM,ev,none,wrist,1551,8477934,L. Draisaitl,8480803,E. Bouchard,8478402,C. McDavid,5,4
2025-11-13,2025020275,1,REG,00:52,COL,ev,none,wrist,1551,8480039,M. Necas,8480069,C. Makar,8478038,D. Toews,1,0
2025-11-13,2025020275,1,REG,06:10,COL,ev,none,snap,1551,8477476,A. Lehkonen,8484258,S. Malinski,8480039,M. Necas,2,0
2025-11-13,2025020275,1,REG,07:47,BUF,ev,none,snap,1551,8481524,B. Byram,8479420,T. Thompson,8477949,A. Tuch,2,1
2025-11-13,2025020275,1,REG,09:46,COL,ev,none,snap,1551,8475754,B. Nelson,8479525,R. Colton,8484149,G. Brindley,3,1
2025-11-13,2025020275,1,REG,13:28,BUF,ev,none,slap,1551,8478413,J. Greenway,8482671,O. Power,8482659,J. Doan,3,2
2025-11-13,2025020275,2,REG,14:56,BUF,pp,none,slap,1541,8479420,T. Thompson,8482765,I. Rosen,8481522,P. Krebs,3,3
2025-11-13,2025020275,2,REG,16:22,COL,ev,none,wrist,1551,8484149,G. Brindley,8476312,J. Manson,8470613,B. Burns,4,3
2025-11-13,2025020275,3,REG,16:53,COL,ev,none,snap,1551,8480039,M. Necas,8477492,N. MacKinnon,8479398,S. Girard,5,3
2025-11-13,2025020275,3,REG,18:11,COL,ev,empty-net,snap,0651,8476455,G. Landeskog,8480039,M. Necas,,,6,3
2025-11-13,2025020276,2,REG,05:46,CGY,ev,none,wrist,1551,8476399,B. Coleman,,,,,1,0
2025-11-13,2025020276,3,REG,19:55,CGY,ev,empty-net,wrist,0651,8484180,S. Honzek,8474150,M. Backlund,,,2,0
2025-11-13,2025020277,1,REG,14:03,NYI,ev,none,snap,1551,8482476,E. Heineman,8477500,B. Horvat,8477950,T. DeAngelo,0,1
2025-11-13,2025020277,1,REG,17:59,NYI,pp,none,snap,1541,8485366,M. Schaefer,8477494,J. Drouin,8477500,B. Horvat,0,2
2025-11-13,2025020277,2,REG,18:56,VGK,ev,none,wrist,1551,8477447,S. Theodore,8478434,K. Kolesar,,,1,2
2025-11-13,2025020277,3,REG,08:23,VGK,ev,none,wrist,1560,8476881,T. Hertl,8478468,J. Lauzon,8478403,J. Eichel,2,2
2025-11-13,2025020277,3,REG,10:45,VGK,ev,none,snap,1551,8475191,R. Smith,8476438,B. Saad,8479353,B. Howden,3,2
2025-11-13,2025020277,3,REG,17:23,NYI,ev,none,slap,0651,8478445,M. Barzal,8485366,M. Schaefer,8477494,J. Drouin,3,3
2025-11-13,2025020277,4,OT,03:02,NYI,sh,none,snap,1341,8476419,J. Pageau,,,,,3,4
2025-11-13,2025020278,1,REG,10:17,WPG,ev,none,tip-in,1551,8480113,A. Iafallo,8476392,A. Lowry,8476331,D. DeMelo,0,1
2025-11-13,2025020278,1,REG,15:15,SEA,ev,none,tip-in,1551,8481554,K. Kakko,8475768,J. Schwartz,8478407,V. Dunn,1,1
2025-11-13,2025020278,2,REG,03:18,WPG,ev,none,wrist,1551,8476460,M. Scheifele,8480145,N. Pionk,,,1,2
2025-11-13,2025020278,2,REG,07:27,SEA,ev,none,wrist,1551,8478407,V. Dunn,8482751,R. Winterton,8476457,A. Larsson,2,2
2025-11-13,2025020278,2,REG,18:50,WPG,pp,none,slap,1541,8478398,K. Connor,8477504,J. Morrissey,8476460,M. Scheifele,2,3
2025-11-13,2025020278,3,REG,04:11,SEA,pp,none,slap,1451,8480009,E. Tolvanen,8478407,V. Dunn,8476905,C. Stephenson,3,3
2025-11-13,2025020278,3,REG,07:21,SEA,ev,none,deflected,1551,8474586,J. Eberle,8482665,M. Beniers,8478975,M. Marchment,4,3
2025-11-13,2025020278,3,REG,18:25,SEA,ev,empty-net,wrist,0651,8474586,J. Eberle,8482665,M. Beniers,8478975,M. Marchment,5,3
2025-11-14,2025020281,2,REG,13:49,PIT,ev,none,wrist,1551,8471215,E. Malkin,8476856,M. Dumba,,,0,1
2025-11-14,2025020281,3,REG,18:50,NSH,ev,none,backhand,1560,8476887,F. Forsberg,,,,,1,1
2025-11-14,2025020281,4,OT,00:44,NSH,ev,none,snap,1331,8474564,S. Stamkos,8476869,B. Skjei,,,2,1
2025-11-14,2025020279,1,REG,02:45,VAN,ev,none,snap,1551,8484136,M. Sasson,8476907,M. MacEachern,8481024,L. Karlsson,0,1
2025-11-14,2025020279,1,REG,04:20,CAR,ev,none,snap,1551,8480830,A. Svechnikov,8478427,S. Aho,8482093,S. Jarvis,1,1
2025-11-14,2025020279,1,REG,05:14,CAR,pp,none,slap,1451,8480830,A. Svechnikov,8476906,S. Gostisbehere,8477940,N. Ehlers,2,1
2025-11-14,2025020279,1,REG,09:14,VAN,sh,none,snap,1451,8480012,E. Pettersson,,,,,2,2
2025-11-14,2025020279,2,REG,03:13,VAN,pp,none,snap,1541,8478856,C. Garland,8478444,B. Boeser,8480012,E. Pettersson,2,3
2025-11-14,2025020279,3,REG,06:26,CAR,ev,none,snap,1551,8475791,T. Hall,8476906,S. Gostisbehere,8480830,A. Svechnikov,3,3
2025-11-14,2025020279,4,OT,04:29,CAR,ev,none,snap,1331,8478427,S. Aho,8476906,S. Gostisbehere,,,4,3
2025-11-14,2025020280,1,REG,01:19,STL,ev,none,wrist,1551,8479385,J. Kyrou,,,,,1,0
2025-11-14,2025020280,1,REG,08:18,PHI,ev,none,wrist,1551,8481533,T. Zegras,8477989,C. Dvorak,8477948,T. Sanheim,1,1
2025-11-14,2025020280,1,REG,09:42,STL,ev,none,wrist,1551,8483516,J. Snuggerud,8480023,R. Thomas,,,2,1
2025-11-14,2025020280,2,REG,06:54,STL,ev,none,slap,1551,8475753,J. Faulk,8475764,C. Fowler,8476897,O. Sundqvist,3,1
2025-11-14,2025020280,2,REG,07:17,PHI,ev,none,backhand,1551,8477989,C. Dvorak,8480015,O. Tippett,8482126,E. Andrae,3,2
2025-11-14,2025020280,2,REG,18:24,PHI,ev,none,tip-in,1551,8481533,T. Zegras,8482126,E. Andrae,8480015,O. Tippett,3,3
2025-11-14,2025020280,3,REG,00:40,STL,ev,none,wrist,1551,8482077,D. Holloway,8479385,J. Kyrou,8475764,C. Fowler,4,3
2025-11-14,2025020280,3,REG,04:56,STL,ev,none,snap,1551,8480023,R. Thomas,8483516,J. Snuggerud,,,5,3
2025-11-14,2025020280,3,REG,07:53,PHI,ev,none,wrist,1551,8477989,C. Dvorak,8480015,O. Tippett,,,5,4
2025-11-14,2025020280,3,REG,10:29,PHI,ev,none,snap,1551,8480015,O. Tippett,8481533,T. Zegras,8478454,N. Juulsen,5,5
2025-11-14,2025020280,5,SO,00:00,PHI,ev,none,backhand,0101,8481533,T. Zegras,,,,,5,6
2025-11-14,2025020282,1,REG,07:13,NYI,ev,none,snap,1441,8482476,E. Heineman,8477950,T. DeAngelo,8481014,A. Romanov,0,1
2025-11-14,2025020282,1,REG,13:02,UTA,ev,none,tip-in,1551,8482175,J. Peterka,8478474,L. Crouse,8478507,J. Marino,1,1
2025-11-14,2025020282,1,REG,18:35,UTA,pp,none,slap,1351,8482699,D. Guenther,8479410,M. Sergachev,8479343,C. Keller,2,1
2025-11-14,2025020282,3,REG,13:44,NYI,ev,own-goal,,1551,8477494,J. Drouin,,,,,2,2
2025-11-14,2025020282,4,OT,02:06,NYI,ev,none,slap,1331,8485366,M. Schaefer,8478445,M. Barzal,8477500,B. Horvat,2,3
2025-11-15,2025020283,1,REG,12:19,TBL,ev,none,snap,1551,8482929,E. Lilleberg,8476453,N. Kucherov,,,0,1
2025-11-15,2025020283,2,REG,11:31,FLA,pp,none,backhand,1451,8473419,B. Marchand,8477933,S. Reinhart,8482113,A. Lundell,1,1
2025-11-15,2025020283,3,REG,04:09,TBL,ev,none,backhand,1551,8482090,J. Finley,8480876,C. Douglas,8477149,S. Sabourin,1,2
2025-11-15,2025020283,3,REG,19:09,TBL,ev,empty-net,snap,1560,8476878,Z. Girgensons,8476826,Y. Gourde,,,1,3
2025-11-15,2025020284,2,REG,00:55,MIN,ev,none,backhand,1551,8475149,M. Johansson,8481557,M. Boldy,8477451,R. Hartman,1,0
2025-11-15,2025020284,3,REG,19:05,MIN,ev,empty-net,wrist,0651,8481557,M. Boldy,8478136,J. Middleton,8478493,J. Eriksson Ek,2,0
2025-11-15,2025020285,1,REG,08:38,BOS,ev,none,snap,1441,8482177,M. Khusnutdinov,8477956,D. Pastrnak,8477507,N. Zadorov,0,1
2025-11-15,2025020285,1,REG,12:12,MTL,sh,none,snap,1541,8478133,J. Evans,8476981,J. Anderson,,,1,1
2025-11-15,2025020285,2,REG,02:00,BOS,ev,none,snap,1551,8482511,M. Lohrei,8480355,M. Kastelic,8479661,T. Jeannot,1,2
2025-11-15,2025020285,2,REG,16:51,BOS,pp,none,snap,1541,8478042,V. Arvidsson,8478401,P. Zacha,8477956,D. Pastrnak,1,3
2025-11-15,2025020285,2,REG,18:44,MTL,ev,none,backhand,1441,8481540,C. Caufield,8480018,N. Suzuki,8481593,J. Struble,2,3
2025-11-15,2025020286,1,REG,09:19,LAK,ev,none,tip-in,1551,8482155,A. Laferriere,8479998,M. Anderson,8482124,Q. Byfield,0,1
2025-11-15,2025020287,1,REG,10:23,DET,ev,none,snap,1551,8474141,P. Kane,8475279,B. Chiarot,,,1,0
2025-11-15,2025020287,1,REG,10:52,BUF,ev,none,backhand,1551,8477949,A. Tuch,,,,,1,1
2025-11-15,2025020287,2,REG,03:52,DET,ev,none,wrist,1551,8479337,A. DeBrincat,8482078,L. Raymond,,,2,1
2025-11-15,2025020287,2,REG,05:56,DET,ev,none,wrist,1441,8477946,D. Larkin,8482078,L. Raymond,8481542,M. Seider,3,1
2025-11-15,2025020287,2,REG,08:50,DET,pp,none,snap,1451,8479337,A. DeBrincat,8482078,L. Raymond,8481542,M. Seider,4,1
2025-11-15,2025020287,2,REG,17:58,BUF,ev,none,tip-in,1551,8482659,J. Doan,8480839,R. Dahlin,8481524,B. Byram,4,2
2025-11-15,2025020287,3,REG,04:25,BUF,ev,none,wrist,1551,8479420,T. Thompson,8482659,J. Doan,8481551,C. Ellis,4,3
2025-11-15,2025020287,3,REG,09:28,BUF,sh,none,wrist,1451,8480802,R. McLeod,,,,,4,4
2025-11-15,2025020287,4,OT,01:05,BUF,ev,none,snap,1331,8480807,M. Samuelsson,8479420,T. Thompson,8480839,R. Dahlin,4,5
2025-11-15,2025020288,1,REG,05:05,NJD,pp,none,slap,1541,8481721,A. Gritsyuk,8482684,L. Hughes,8481032,P. Cotter,0,1
2025-11-15,2025020288,1,REG,17:46,NJD,ev,none,snap,1551,8482684,L. Hughes,8475455,B. Dillon,8479407,J. Bratt,0,2
2025-11-15,2025020288,3,REG,01:00,WSH,ev,none,snap,1551,8481580,C. McMichael,8471214,A. Ovechkin,8479345,J. Chychrun,1,2
2025-11-15,2025020288,3,REG,08:29,WSH,ev,none,snap,1551,8471214,A. Ovechkin,8481580,C. McMichael,8478440,D. Strome,2,2
2025-11-15,2025020288,5,SO,00:00,NJD,ev,none,snap,0101,8483495,S. Nemec,,,,,2,3
2025-11-15,2025020289,1,REG,03:47,EDM,ev,none,snap,1551,8478458,J. Roslovic,,,,,0,1
2025-11-15,2025020289,1,REG,06:30,EDM,pp,none,snap,1541,8478402,C. McDavid,8478458,J. Roslovic,8477934,L. Draisaitl,0,2
2025-11-15,2025020289,1,REG,15:39,CAR,ev,none,snap,1551,8480762,E. Robinson,8476906,S. Gostisbehere,8475791,T. Hall,1,2
2025-11-15,2025020289,2,REG,01:41,CAR,ev,none,snap,1551,8477940,N. Ehlers,8482809,J. Blake,8482702,L. Stankoven,2,2
2025-11-15,2025020289,3,REG,05:46,EDM,ev,none,snap,1551,8478402,C. McDavid,8477934,L. Draisaitl,8475786,Z. Hyman,2,3
2025-11-15,2025020289,3,REG,06:45,CAR,ev,none,snap,1551,8473533,J. Staal,,,,,3,3
2025-11-15,2025020289,4,OT,00:19,EDM,ev,none,snap,1331,8477934,L. Draisaitl,8478402,C. McDavid,8480803,E. Bouchard,3,4
2025-11-15,2025020290,2,REG,05:42,NYR,pp,none,wrist,1541,8476459,M. Zibanejad,8478550,A. Panarin,8479323,A. Fox,0,1
2025-11-15,2025020290,2,REG,15:20,CBJ,pp,none,tip-in,1451,8481716,D. Voronkov,8478460,Z. Werenski,8480893,K. Marchenko,1,1
2025-11-15,2025020290,5,SO,00:00,NYR,ev,none,snap,0101,8476468,J. Miller,,,,,1,2
2025-11-15,2025020291,1,REG,11:05,CHI,ev,none,snap,1551,8483450,R. Greene,8484783,A. Levshunov,8482176,W. Kaiser,1,0
2025-11-15,2025020291,1,REG,19:12,TOR,ev,none,wrist,1551,8481582,N. Robertson,8475166,J. Tavares,,,1,1
2025-11-15,2025020291,2,REG,09:37,TOR,ev,none,wrist,1551,8476853,M. Rielly,8475171,O. Ekman-Larsson,8477939,W. Nylander,1,2
2025-11-15,2025020291,3,REG,05:12,CHI,ev,none,wrist,1551,8476882,T. Teravainen,8483493,F. Nazar,8484197,O. Moore,2,2
2025-11-15,2025020291,3,REG,15:35,CHI,ev,none,tip-in,1551,8482703,C. Dach,8481806,L. Crevier,8481624,I. Mikheyev,3,2
2025-11-15,2025020292,1,REG,12:52,VGK,ev,none,wrist,1551,8476438,B. Saad,8475191,R. Smith,8479353,B. Howden,0,1
2025-11-15,2025020292,1,REG,14:58,VGK,pp,none,tip-in,1541,8483890,B. Bowman,8481604,P. Dorofeyev,8478403,J. Eichel,0,2
2025-11-15,2025020292,2,REG,00:36,VGK,ev,none,slap,1551,8478396,N. Hanifin,8480727,Z. Whitecloud,8475191,R. Smith,0,3
2025-11-15,2025020292,3,REG,11:20,VGK,ev,none,wrist,1551,8476881,T. Hertl,8481604,P. Dorofeyev,,,0,4
2025-11-15,2025020292,3,REG,15:57,STL,ev,none,wrist,1551,8481598,P. Broberg,8480023,R. Thomas,8483516,J. Snuggerud,1,4
2025-11-15,2025020293,1,REG,03:48,DAL,ev,none,wrist,1551,8483425,L. Bichsel,8475755,A. Petrovic,8484829,J. Hryckowian,1,0
2025-11-15,2025020293,2,REG,11:39,DAL,ev,none,backhand,1551,8480027,J. Robertson,8475794,T. Seguin,8478449,R. Hintz,2,0
2025-11-15,2025020293,2,REG,17:02,DAL,ev,none,wrist,1551,8480027,J. Robertson,8478449,R. Hintz,8476902,E. Lindell,3,0
2025-11-15,2025020293,3,REG,09:29,DAL,pp,none,wrist,1451,8480027,J. Robertson,8478449,R. Hintz,8478420,M. Rantanen,4,0
2025-11-15,2025020293,3,REG,10:57,PHI,ev,none,backhand,1551,8477989,C. Dvorak,8480015,O. Tippett,8482142,J. Drysdale,4,1
2025-11-15,2025020293,3,REG,13:51,DAL,ev,none,wrist,1551,8475794,T. Seguin,8480950,I. Lyubushkin,,,5,1
2025-11-15,2025020294,2,REG,07:19,WPG,ev,none,snap,1551,8476460,M. Scheifele,8478398,K. Connor,8477504,J. Morrissey,0,1
2025-11-15,2025020294,2,REG,07:52,CGY,ev,none,snap,1551,8479402,J. Bean,8481167,B. Pachal,8480028,M. Frost,1,1
2025-11-15,2025020294,2,REG,08:25,WPG,ev,none,snap,1551,8476871,T. Pearson,8474568,L. Schenn,8479378,L. Stanley,1,2
2025-11-15,2025020294,2,REG,13:29,CGY,ev,none,slap,1551,8480860,K. Bahl,8482679,M. Coronato,8480028,M. Frost,2,2
2025-11-15,2025020294,3,REG,01:20,WPG,pp,none,wrist,1541,8482149,C. Perfetti,8478398,K. Connor,8477504,J. Morrissey,2,3
2025-11-15,2025020294,3,REG,18:46,CGY,pp,none,snap,1460,8482679,M. Coronato,8478397,R. Andersson,8476456,J. Huberdeau,3,3
2025-11-15,2025020294,5,SO,00:00,WPG,ev,none,wrist,0101,8480014,G. Vilardi,,,,,3,4
2025-11-15,2025020295,1,REG,08:14,SEA,ev,none,deflected,1551,8475768,J. Schwartz,8476905,C. Stephenson,8476467,J. Oleksiak,1,0
2025-11-15,2025020295,1,REG,19:42,SJS,pp,none,tip-in,1541,8477505,A. Wennberg,8484801,M. Celebrini,8482667,W. Eklund,1,1
2025-11-15,2025020295,2,REG,16:05,SEA,ev,none,wrist,1551,8476457,A. Larsson,8478975,M. Marchment,8482665,M. Beniers,2,1
2025-11-15,2025020295,2,REG,16:43,SEA,ev,none,slap,1551,8480009,E. Tolvanen,8476905,C. Stephenson,8476467,J. Oleksiak,3,1
2025-11-15,2025020295,3,REG,16:31,SEA,sh,empty-net,wrist,0641,8475768,J. Schwartz,8479324,R. Lindgren,8476905,C. Stephenson,4,1
2025-11-16,2025020296,1,REG,02:19,PIT,ev,none,snap,1551,8478450,P. Wotherspoon,8474578,E. Karlsson,8479533,J. Koppanen,1,0
2025-11-16,2025020296,1,REG,08:08,PIT,ev,none,wrist,1551,8471215,E. Malkin,8475763,K. Hayes,8477511,A. Mantha,2,0
2025-11-16,2025020296,1,REG,10:13,PIT,ev,none,wrist,1551,8471675,S. Crosby,,,,,3,0
2025-11-16,2025020296,3,REG,17:12,PIT,ev,empty-net,wrist,0651,8481481,B. Lizotte,,,,,4,0
2025-11-16,2025020297,1,REG,19:25,TBL,ev,none,slap,1551,8476453,N. Kucherov,8478178,D. Raddysh,8478010,B. Point,1,0
2025-11-16,2025020297,2,REG,04:35,TBL,ev,none,tip-in,1551,8477404,J. Guentzel,8478416,E. Cernak,8479542,B. Hagel,2,0
2025-11-16,2025020297,2,REG,09:26,VAN,pp,none,snap,1541,8478498,J. DeBrusk,8480012,E. Pettersson,8480800,Q. Hughes,2,1
2025-11-16,2025020297,3,REG,04:11,VAN,pp,none,tip-in,1541,8480748,K. Sherwood,8478444,B. Boeser,8480800,Q. Hughes,2,2
2025-11-16,2025020297,3,REG,04:54,VAN,ev,none,tip-in,1551,8481024,L. Karlsson,8476907,M. MacEachern,,,2,3
2025-11-16,2025020297,3,REG,05:51,VAN,ev,none,tip-in,1551,8482055,D. O'Connor,8480800,Q. Hughes,8479425,F. Hronek,2,4
2025-11-16,2025020297,3,REG,13:52,VAN,ev,none,tip-in,1551,8476907,M. MacEachern,8479425,F. Hronek,8480800,Q. Hughes,2,5
2025-11-16,2025020297,3,REG,16:57,VAN,ev,empty-net,wrist,1560,8477969,M. Pettersson,8480012,E. Pettersson,8474574,T. Myers,2,6
2025-11-16,2025020298,1,REG,04:49,MIN,ev,none,wrist,1551,8478493,J. Eriksson Ek,8475692,M. Zuccarello,8475149,M. Johansson,1,0
2025-11-16,2025020298,1,REG,15:14,VGK,pp,none,wrist,1541,8481604,P. Dorofeyev,8478483,M. Marner,8476881,T. Hertl,1,1
2025-11-16,2025020298,2,REG,09:05,MIN,ev,none,wrist,1551,8478508,Y. Trenin,8483525,D. Yurov,8475220,M. Foligno,2,1
2025-11-16,2025020298,3,REG,06:35,VGK,pp,none,wrist,1541,8475191,R. Smith,8477447,S. Theodore,8477964,I. Barbashev,2,2
2025-11-16,2025020298,4,OT,04:50,MIN,pp,none,snap,1341,8478864,K. Kaprizov,8475692,M. Zuccarello,8481557,M. Boldy,3,2
2025-11-16,2025020299,2,REG,09:30,DET,pp,none,wrist,1541,8479337,A. DeBrincat,8482078,L. Raymond,8474141,P. Kane,0,1
2025-11-16,2025020299,2,REG,11:59,NYR,pp,none,wrist,1451,8476459,M. Zibanejad,8482157,W. Cuylle,8478550,A. Panarin,1,1
2025-11-16,2025020299,3,REG,16:13,DET,ev,none,wrist,1551,8482078,L. Raymond,8477946,D. Larkin,8481542,M. Seider,1,2
2025-11-16,2025020300,1,REG,02:05,NYI,ev,none,deflected,1551,8482476,E. Heineman,8477950,T. DeAngelo,8475151,K. Palmieri,0,1
2025-11-16,2025020300,2,REG,04:32,COL,ev,none,wrist,1551,8479525,R. Colton,8480069,C. Makar,8475754,B. Nelson,1,1
2025-11-16,2025020300,2,REG,05:51,COL,ev,none,tip-in,1551,8478109,V. Olofsson,8484258,S. Malinski,,,2,1
2025-11-16,2025020300,3,REG,19:25,COL,ev,empty-net,snap,0651,8480039,M. Necas,,,,,3,1
2025-11-16,2025020300,3,REG,19:44,COL,ev,none,tip-in,1551,8475754,B. Nelson,8470613,B. Burns,8480448,P. Kelly,4,1
2025-11-17,2025020301,2,REG,08:25,CAR,ev,none,backhand,1551,8473533,J. Staal,8482911,J. Nystrom,8477478,W. Carrier,0,1
2025-11-17,2025020301,2,REG,13:34,CAR,ev,none,snap,1551,8476873,M. Jankowski,8475791,T. Hall,8480336,S. Walker,0,2
2025-11-17,2025020301,3,REG,17:27,CAR,ev,none,wrist,1551,8475791,T. Hall,8482911,J. Nystrom,,,0,3
2025-11-17,2025020301,3,REG,19:50,BOS,pp,none,snap,1451,8479362,R. Tufte,8479591,M. Eyssimont,8480035,H. Jokiharju,1,3
2025-11-17,2025020302,1,REG,19:03,BUF,pp,none,wrist,1451,8483500,N. Ostlund,8482765,I. Rosen,8480839,R. Dahlin,1,0
2025-11-17,2025020302,2,REG,04:29,EDM,ev,none,snap,1551,8478458,J. Roslovic,8477934,L. Draisaitl,8478233,A. Mangiapane,1,1
2025-11-17,2025020302,2,REG,08:41,BUF,ev,none,wrist,1551,8481524,B. Byram,8482896,T. Kozak,8481522,P. Krebs,2,1
2025-11-17,2025020302,2,REG,09:43,BUF,ev,none,tip-in,1551,8479359,B. Malenstyn,8480839,R. Dahlin,8480807,M. Samuelsson,3,1
2025-11-17,2025020302,3,REG,07:55,BUF,ev,none,wrist,1551,8483500,N. Ostlund,8482623,J. Dunne,,,4,1
2025-11-17,2025020302,3,REG,17:37,BUF,ev,empty-net,wrist,0651,8479420,T. Thompson,,,,,5,1
2025-11-17,2025020303,1,REG,14:50,VAN,ev,none,wrist,1551,8482055,D. O'Connor,8474574,T. Myers,8480800,Q. Hughes,0,1
2025-11-17,2025020303,1,REG,15:14,VAN,pp,none,snap,1541,8478498,J. DeBrusk,8480748,K. Sherwood,8480800,Q. Hughes,0,2
2025-11-17,2025020303,1,REG,15:50,FLA,ev,none,snap,1551,8478421,A. Greer,8477409,C. Verhaeghe,8477935,S. Bennett,1,2
2025-11-17,2025020303,1,REG,19:52,FLA,pp,none,snap,1451,8477495,S. Jones,8477933,S. Reinhart,8475683,S. Bobrovsky,2,2
2025-11-17,2025020303,2,REG,02:23,FLA,ev,none,wrist,1551,8479316,L. Kunin,8479393,N. Gregor,8478055,G. Forsling,3,2
2025-11-17,2025020303,2,REG,06:10,FLA,ev,none,snap,1551,8478542,E. Rodrigues,8477933,S. Reinhart,8480003,J. Boqvist,4,2
2025-11-17,2025020303,2,REG,07:17,FLA,ev,none,snap,1551,8482113,A. Lundell,8473419,B. Marchand,8477932,A. Ekblad,5,2
2025-11-17,2025020303,2,REG,07:55,VAN,ev,none,wrist,1551,8480012,E. Pettersson,8475169,E. Kane,8480800,Q. Hughes,5,3
2025-11-17,2025020303,3,REG,01:24,VAN,ev,none,backhand,1551,8480012,E. Pettersson,8480748,K. Sherwood,8484240,T. Willander,5,4
2025-11-17,2025020303,3,REG,03:14,VAN,pp,none,snap,1541,8479425,F. Hronek,8484136,M. Sasson,8475169,E. Kane,5,5
2025-11-17,2025020303,3,REG,04:02,FLA,ev,none,tip-in,1551,8477935,S. Bennett,8478859,N. Mikkola,8484304,U. Balinskis,6,5
2025-11-17,2025020303,3,REG,08:19,FLA,pp,none,snap,1451,8477495,S. Jones,8477933,S. Reinhart,8477409,C. Verhaeghe,7,5
2025-11-17,2025020303,3,REG,18:14,FLA,ev,empty-net,wrist,0541,8473419,B. Marchand,,,,,8,5
2025-11-17,2025020304,1,REG,03:41,WSH,ev,none,tip-in,1551,8478911,M. Roy,8481656,A. Protas,8476880,T. Wilson,1,0
2025-11-17,2025020304,2,REG,01:51,WSH,ev,none,snap,1551,8471214,A. Ovechkin,8481580,C. McMichael,8479345,J. Chychrun,2,0
2025-11-17,2025020304,2,REG,13:27,LAK,pp,none,tip-in,1541,8471685,A. Kopitar,8470621,C. Perry,8477942,K. Fiala,2,1
2025-11-17,2025020305,1,REG,06:58,CBJ,ev,none,wrist,1551,8478460,Z. Werenski,8479671,M. Olivier,8475745,C. Coyle,1,0
2025-11-17,2025020305,2,REG,04:47,MTL,ev,none,wrist,1551,8482775,O. Kapanen,8476875,M. Matheson,8484984,I. Demidov,1,1
2025-11-17,2025020305,2,REG,09:47,CBJ,ev,none,wrist,1551,8484166,A. Fantilli,8480893,K. Marchenko,8481716,D. Voronkov,2,1
2025-11-17,2025020305,2,REG,13:32,CBJ,pp,none,tip-in,1451,8481716,D. Voronkov,8480893,K. Marchenko,8478460,Z. Werenski,3,1
2025-11-17,2025020305,3,REG,08:28,MTL,ev,none,backhand,1551,8476981,J. Anderson,8483457,L. Hutson,8478133,J. Evans,3,2
2025-11-17,2025020305,3,REG,18:41,MTL,ev,none,wrist,0651,8483457,L. Hutson,8480865,N. Dobson,8481540,C. Caufield,3,3
2025-11-17,2025020305,5,SO,00:00,CBJ,ev,none,wrist,1010,8480893,K. Marchenko,,,,,4,3
2025-11-17,2025020306,1,REG,15:52,ANA,ev,none,wrist,1551,8481605,J. LaCombe,8476458,R. Strome,8473986,A. Killorn,1,0
2025-11-17,2025020306,2,REG,18:14,UTA,ev,none,slap,1551,8482699,D. Guenther,8477220,N. Schmidt,8478507,J. Marino,1,1
2025-11-17,2025020306,3,REG,09:19,UTA,ev,none,slap,1551,8483431,L. Cooley,8479410,M. Sergachev,8477951,N. Schmaltz,1,2
2025-11-17,2025020306,3,REG,19:55,ANA,ev,none,backhand,1560,8478873,T. Terry,8475184,C. Kreider,8483445,C. Gauthier,2,2
2025-11-17,2025020306,4,OT,01:50,ANA,ev,none,wrist,1331,8482803,O. Zellweger,8484762,B. Sennecke,8473986,A. Killorn,3,2
2025-11-18,2025020307,1,REG,01:50,STL,ev,own-goal,,1551,8477573,N. Walker,,,,,0,1
2025-11-18,2025020307,1,REG,05:36,TOR,ev,none,wrist,1551,8476931,J. McCabe,,,,,1,1
2025-11-18,2025020307,2,REG,09:32,TOR,ev,none,wrist,1551,8478904,S. Lorentz,8478104,S. Blais,8475171,O. Ekman-Larsson,2,1
2025-11-18,2025020307,2,REG,13:18,STL,pp,none,snap,1541,8484164,D. Dvorsky,8480023,R. Thomas,8475764,C. Fowler,2,2
2025-11-18,2025020307,4,OT,04:06,TOR,ev,none,wrist,1331,8477939,W. Nylander,8476853,M. Rielly,8475166,J. Tavares,3,2
2025-11-18,2025020308,1,REG,19:02,SEA,pp,none,wrist,1541,8474586,J. Eberle,8482665,M. Beniers,8480009,E. Tolvanen,0,1
2025-11-18,2025020308,2,REG,01:19,DET,ev,none,snap,1551,8482078,L. Raymond,8479337,A. DeBrincat,8481542,M. Seider,1,1
2025-11-18,2025020308,2,REG,02:04,DET,ev,none,deflected,1551,8484160,N. Danielson,8478891,M. Appleton,8484223,A. Sandin-Pellikka,2,1
2025-11-18,2025020308,2,REG,07:26,SEA,ev,none,wrist,1551,8482858,R. Evans,8480009,E. Tolvanen,8483524,S. Wright,2,2
2025-11-18,2025020308,2,REG,10:56,DET,pp,none,snap,1451,8484471,E. Finnie,8484160,N. Danielson,8477429,A. Copp,3,2
2025-11-18,2025020308,3,REG,19:30,DET,ev,empty-net,wrist,0651,8477946,D. Larkin,8482078,L. Raymond,8479337,A. DeBrincat,4,2
2025-11-18,2025020309,1,REG,11:40,TBL,ev,none,slap,1551,8477404,J. Guentzel,,,,,1,0
2025-11-18,2025020309,1,REG,19:38,TBL,ev,none,wrist,1551,8476453,N. Kucherov,8478519,A. Cirelli,,,2,0
2025-11-18,2025020309,2,REG,10:38,TBL,pp,none,tip-in,1451,8477404,J. Guentzel,8478178,D. Raddysh,8477416,O. Bjorkstrand,3,0
2025-11-18,2025020309,2,REG,17:47,NJD,ev,none,deflected,1551,8480002,N. Hischier,8481721,A. Gritsyuk,8479407,J. Bratt,3,1
2025-11-18,2025020309,3,REG,04:49,TBL,ev,none,slap,1551,8478178,D. Raddysh,8478010,B. Point,8482655,J. Moser,4,1
2025-11-18,2025020309,3,REG,07:48,TBL,pp,none,tip-in,1451,8477404,J. Guentzel,8476453,N. Kucherov,8478178,D. Raddysh,5,1
2025-11-18,2025020310,2,REG,10:31,NYI,ev,none,slap,1551,8484221,C. Ritchie,8477407,A. Duclair,8477506,R. Pulock,0,1
2025-11-18,2025020310,2,REG,12:26,DAL,ev,none,snap,1551,8480027,J. Robertson,8475794,T. Seguin,8480036,M. Heiskanen,1,1
2025-11-18,2025020310,3,REG,03:12,NYI,ev,none,snap,1551,8477500,B. Horvat,8475151,K. Palmieri,8482476,E. Heineman,1,2
2025-11-18,2025020310,3,REG,07:38,NYI,sh,none,wrist,1451,8475151,K. Palmieri,,,,,1,3
2025-11-18,2025020310,3,REG,18:01,DAL,ev,none,backhand,1560,8480027,J. Robertson,8475794,T. Seguin,8478420,M. Rantanen,2,3
2025-11-18,2025020311,1,REG,07:35,WPG,ev,none,wrist,1551,8476392,A. Lowry,8475799,N. Niederreiter,8480145,N. Pionk,1,0
2025-11-18,2025020311,1,REG,18:27,CBJ,ev,none,backhand,1551,8477425,M. Wood,8476923,D. Severson,8478007,E. Merzlikins,1,1
2025-11-18,2025020311,2,REG,01:12,WPG,ev,none,tip-in,1551,8477504,J. Morrissey,8476460,M. Scheifele,8478398,K. Connor,2,1
2025-11-18,2025020311,2,REG,15:30,WPG,pp,none,slap,1451,8480145,N. Pionk,8474679,G. Nyquist,8475799,N. Niederreiter,3,1
2025-11-18,2025020311,3,REG,02:45,WPG,ev,none,wrist,1551,8478398,K. Connor,8476460,M. Scheifele,8477504,J. Morrissey,4,1
2025-11-18,2025020311,3,REG,04:04,CBJ,ev,none,wrist,1551,8478460,Z. Werenski,8482705,C. Sillinger,8475745,C. Coyle,4,2
2025-11-18,2025020311,3,REG,06:23,WPG,ev,none,slap,1551,8479378,L. Stanley,8476460,M. Scheifele,8474568,L. Schenn,5,2
2025-11-18,2025020312,1,REG,15:05,CHI,ev,none,wrist,1551,8477987,R. Donato,8481806,L. Crevier,8484197,O. Moore,1,0
2025-11-18,2025020312,2,REG,15:11,CHI,ev,none,backhand,1551,8484144,C. Bedard,8483506,S. Rinzel,,,2,0
2025-11-18,2025020312,2,REG,19:32,CGY,pp,none,wrist,1541,8482679,M. Coronato,8475172,N. Kadri,8478397,R. Andersson,2,1
2025-11-18,2025020312,3,REG,03:02,CGY,ev,none,wrist,1551,8478397,R. Andersson,8474150,M. Backlund,8483609,A. Klapka,2,2
2025-11-18,2025020312,3,REG,04:57,CHI,ev,none,snap,1551,8484144,C. Bedard,8483450,R. Greene,8477444,A. Burakovsky,3,2
2025-11-18,2025020312,3,REG,13:04,CHI,ev,none,poke,1551,8484197,O. Moore,8483493,F. Nazar,,,4,2
2025-11-18,2025020312,3,REG,19:19,CHI,ev,empty-net,wrist,0651,8484144,C. Bedard,,,,,5,2
2025-11-18,2025020313,1,REG,11:40,VGK,pp,none,wrist,1451,8483890,B. Bowman,8476881,T. Hertl,8478483,M. Marner,1,0
2025-11-18,2025020313,2,REG,03:23,VGK,ev,none,wrist,1551,8477018,B. Hutton,8481604,P. Dorofeyev,8476881,T. Hertl,2,0
2025-11-18,2025020313,2,REG,08:56,NYR,ev,none,snap,1551,8477380,J. Brodzinski,8482157,W. Cuylle,,,2,1
2025-11-18,2025020313,3,REG,07:18,VGK,pp,none,snap,1451,8477447,S. Theodore,8478396,N. Hanifin,8476925,C. Sissons,3,1
2025-11-18,2025020313,3,REG,17:17,NYR,ev,none,tip-in,0651,8476389,V. Trocheck,8478550,A. Panarin,8476468,J. Miller,3,2
2025-11-18,2025020314,1,REG,01:47,SJS,ev,none,wrist,1551,8484801,M. Celebrini,8484227,W. Smith,8480798,P. Kurashev,1,0
2025-11-18,2025020314,1,REG,05:58,SJS,ev,none,wrist,1551,8484801,M. Celebrini,8484911,C. Graf,,,2,0
2025-11-18,2025020314,3,REG,09:25,UTA,ev,none,wrist,1551,8482175,J. Peterka,8478474,L. Crouse,8483431,L. Cooley,2,1
2025-11-18,2025020314,3,REG,17:09,UTA,ev,none,snap,1551,8482175,J. Peterka,8477220,N. Schmidt,,,2,2
2025-11-18,2025020314,4,OT,02:52,SJS,pp,none,wrist,1341,8484801,M. Celebrini,8482667,W. Eklund,8484227,W. Smith,3,2
2025-11-19,2025020315,1,REG,02:17,WSH,ev,none,snap,1551,8481656,A. Protas,8474590,J. Carlson,8482088,J. Sourdif,1,0
2025-11-19,2025020315,1,REG,06:04,WSH,ev,none,tip-in,1551,8471214,A. Ovechkin,8479345,J. Chychrun,8478911,M. Roy,2,0
2025-11-19,2025020315,1,REG,07:05,EDM,ev,none,slap,1551,8477498,D. Nurse,8478402,C. McDavid,8477934,L. Draisaitl,2,1
2025-11-19,2025020315,1,REG,10:34,WSH,ev,none,snap,1551,8484186,R. Leonard,8481580,C. McMichael,8474590,J. Carlson,3,1
2025-11-19,2025020315,1,REG,12:17,EDM,ev,none,snap,1551,8477498,D. Nurse,8475786,Z. Hyman,,,3,2
2025-11-19,2025020315,2,REG,11:49,WSH,ev,none,backhand,1551,8484186,R. Leonard,8481580,C. McMichael,,,4,2
2025-11-19,2025020315,3,REG,02:41,EDM,ev,none,backhand,1551,8485493,D. Tomasek,8478233,A. Mangiapane,8477406,M. Janmark,4,3
2025-11-19,2025020315,3,REG,06:37,WSH,ev,none,snap,1551,8478463,A. Beauvillier,8478440,D. Strome,8479345,J. Chychrun,5,3
2025-11-19,2025020315,3,REG,07:47,EDM,pp,none,snap,1541,8477934,L. Draisaitl,8478402,C. McDavid,8480803,E. Bouchard,5,4
2025-11-19,2025020315,3,REG,18:59,WSH,ev,empty-net,snap,0651,8476880,T. Wilson,8481580,C. McMichael,8474590,J. Carlson,6,4
2025-11-19,2025020315,3,REG,19:27,WSH,ev,empty-net,snap,0651,8476880,T. Wilson,,,,,7,4
2025-11-19,2025020316,1,REG,05:58,CGY,ev,none,wrist,1551,8478397,R. Andersson,8481068,Y. Sharangovich,8480860,K. Bahl,0,1
2025-11-19,2025020316,1,REG,12:04,CGY,ev,none,tip-in,1551,8480797,J. Farabee,8475172,N. Kadri,8481068,Y. Sharangovich,0,2
2025-11-19,2025020316,2,REG,10:21,BUF,ev,none,snap,1551,8480807,M. Samuelsson,,,,,1,2
2025-11-19,2025020316,2,REG,15:57,BUF,ev,none,slap,1551,8479420,T. Thompson,8480807,M. Samuelsson,8480839,R. Dahlin,2,2
2025-11-19,2025020316,3,REG,02:02,CGY,ev,none,wrist,1551,8480028,M. Frost,8476456,J. Huberdeau,8482679,M. Coronato,2,3
2025-11-19,2025020316,3,REG,07:34,CGY,ev,none,snap,1551,8474150,M. Backlund,8478397,R. Andersson,,,2,4
2025-11-19,2025020316,3,REG,09:50,CGY,ev,none,wrist,1551,8480797,J. Farabee,8478397,R. Andersson,8475172,N. Kadri,2,5
2025-11-19,2025020316,3,REG,17:49,CGY,ev,none,slap,1551,8482679,M. Coronato,8476456,J. Huberdeau,8480028,M. Frost,2,6
2025-11-19,2025020317,1,REG,01:54,MIN,ev,none,tip-in,1551,8482122,B. Faber,8475692,M. Zuccarello,8483525,D. Yurov,1,0
2025-11-19,2025020317,1,REG,11:46,MIN,sh,none,wrist,1541,8481557,M. Boldy,,,,,2,0
2025-11-19,2025020317,2,REG,14:03,CAR,ev,none,tip-in,1551,8482809,J. Blake,8480336,S. Walker,8482702,L. Stankoven,2,1
2025-11-19,2025020317,3,REG,00:15,MIN,ev,none,wrist,1551,8475692,M. Zuccarello,8478864,K. Kaprizov,8483525,D. Yurov,3,1
2025-11-19,2025020317,3,REG,06:34,CAR,ev,none,wrist,1551,8478427,S. Aho,8480830,A. Svechnikov,8482093,S. Jarvis,3,2
2025-11-19,2025020317,3,REG,18:54,CAR,ev,none,tip-in,0651,8482809,J. Blake,8477940,N. Ehlers,8476906,S. Gostisbehere,3,3
2025-11-19,2025020317,5,SO,00:00,MIN,ev,none,backhand,1010,8481557,M. Boldy,,,,,4,3
2025-11-19,2025020318,1,REG,02:29,ANA,ev,none,wrist,1551,8478424,J. Harkins,8477527,R. Johnston,8481754,N. Nesterenko,1,0
2025-11-19,2025020318,1,REG,06:29,ANA,ev,none,slap,1551,8475462,R. Gudas,8482745,M. McTavish,8484762,B. Sennecke,2,0
2025-11-19,2025020318,1,REG,14:58,BOS,pp,none,tip-in,1541,8479987,M. Geekie,8476854,H. Lindholm,8478401,P. Zacha,2,1
2025-11-19,2025020318,2,REG,13:47,ANA,pp,none,tip-in,1451,8476458,R. Strome,8482745,M. McTavish,8483445,C. Gauthier,3,1
2025-11-19,2025020318,2,REG,18:27,BOS,ev,none,wrist,1551,8479591,M. Eyssimont,8477507,N. Zadorov,,,3,2
2025-11-19,2025020318,3,REG,07:39,BOS,pp,none,tip-in,1541,8479987,M. Geekie,8477956,D. Pastrnak,8476854,H. Lindholm,3,3
2025-11-19,2025020318,3,REG,16:25,ANA,ev,none,slap,1551,8482178,I. Moore,8484153,L. Carlsson,8478873,T. Terry,4,3
2025-11-20,2025020319,2,REG,03:17,CBJ,ev,none,deflected,1551,8481716,D. Voronkov,8484166,A. Fantilli,8478460,Z. Werenski,0,1
2025-11-20,2025020319,2,REG,12:01,CBJ,ev,none,wrist,1551,8484166,A. Fantilli,8481716,D. Voronkov,8478460,Z. Werenski,0,2
2025-11-20,2025020319,2,REG,14:12,TOR,ev,none,wrist,1551,8477541,D. Mermis,8475166,J. Tavares,,,1,2
2025-11-20,2025020319,3,REG,03:33,TOR,ev,none,wrist,1551,8475166,J. Tavares,8484158,E. Cowan,8475171,O. Ekman-Larsson,2,2
2025-11-20,2025020319,4,OT,04:21,CBJ,ev,none,wrist,1331,8484166,A. Fantilli,8478460,Z. Werenski,,,2,3
2025-11-20,2025020320,1,REG,01:00,WSH,pp,none,snap,1541,8471214,A. Ovechkin,8478440,D. Strome,,,0,1
2025-11-20,2025020320,1,REG,15:47,MTL,pp,none,snap,1451,8475848,B. Gallagher,8480865,N. Dobson,8484984,I. Demidov,1,1
2025-11-20,2025020320,2,REG,02:00,WSH,pp,none,snap,1541,8483573,E. Frank,8471214,A. Ovechkin,8478440,D. Strome,1,2
2025-11-20,2025020320,2,REG,03:38,WSH,ev,none,snap,1551,8483573,E. Frank,8481656,A. Protas,8482148,H. Lapierre,1,3
2025-11-20,2025020320,2,REG,07:53,MTL,ev,none,snap,1551,8480813,J. Veleno,8476875,M. Matheson,8475848,B. Gallagher,2,3
2025-11-20,2025020320,2,REG,14:26,WSH,ev,none,slap,1551,8479345,J. Chychrun,8474590,J. Carlson,,,2,4
2025-11-20,2025020320,2,REG,15:04,MTL,ev,none,snap,1551,8480018,N. Suzuki,8478851,A. Carrier,8482737,Z. Bolduc,3,4
2025-11-20,2025020320,2,REG,17:25,WSH,ev,none,snap,1551,8477947,S. Milano,8483573,E. Frank,8480873,R. Sandin,3,5
2025-11-20,2025020320,3,REG,05:37,MTL,ev,none,snap,1551,8476875,M. Matheson,8481540,C. Caufield,8483457,L. Hutson,4,5
2025-11-20,2025020320,3,REG,16:03,WSH,ev,none,snap,1551,8471214,A. Ovechkin,8478440,D. Strome,,,4,6
2025-11-20,2025020320,3,REG,17:56,WSH,ev,empty-net,snap,1560,8471214,A. Ovechkin,8474590,J. Carlson,,,4,7
2025-11-20,2025020320,3,REG,18:34,WSH,ev,none,snap,1551,8477947,S. Milano,8483573,E. Frank,8482148,H. Lapierre,4,8
2025-11-20,2025020321,1,REG,06:46,NYI,ev,none,snap,1551,8484221,C. Ritchie,8485702,M. Shabanov,8480871,A. Boqvist,0,1
2025-11-20,2025020321,1,REG,14:54,NYI,ev,none,snap,1551,8485702,M. Shabanov,8475231,C. Cizikas,8484221,C. Ritchie,0,2
2025-11-20,2025020321,2,REG,03:19,NYI,ev,none,snap,1551,8478445,M. Barzal,,,,,0,3
2025-11-20,2025020321,2,REG,05:04,NYI,ev,none,slap,1551,8477500,B. Horvat,8477506,R. Pulock,8482476,E. Heineman,0,4
2025-11-20,2025020321,3,REG,06:52,NYI,ev,none,backhand,1551,8485702,M. Shabanov,8475231,C. Cizikas,,,0,5
2025-11-20,2025020323,1,REG,12:58,FLA,ev,none,wrist,1551,8477933,S. Reinhart,8478055,G. Forsling,,,1,0
2025-11-20,2025020324,1,REG,05:31,STL,ev,none,slap,1551,8475753,J. Faulk,8476897,O. Sundqvist,8477573,N. Walker,0,1
2025-11-20,2025020324,1,REG,12:08,STL,pp,none,snap,1541,8475753,J. Faulk,8482089,J. Neighbours,8479385,J. Kyrou,0,2
2025-11-20,2025020324,2,REG,17:57,PHI,ev,none,snap,1551,8479022,R. Abols,8480015,O. Tippett,8481533,T. Zegras,1,2
2025-11-20,2025020324,3,REG,11:49,PHI,ev,none,slap,1551,8482159,T. Foerster,8482126,E. Andrae,8478439,T. Konecny,2,2
2025-11-20,2025020324,4,OT,03:51,PHI,ev,none,snap,1331,8477948,T. Sanheim,8478439,T. Konecny,8476461,S. Couturier,3,2
2025-11-20,2025020322,1,REG,01:32,EDM,ev,none,snap,1551,8479365,T. Frederic,8477934,L. Draisaitl,,,0,1
2025-11-20,2025020322,3,REG,17:28,TBL,ev,none,slap,1551,8477426,N. Paul,8482655,J. Moser,8482929,E. Lilleberg,1,1
2025-11-20,2025020322,4,OT,01:43,TBL,ev,none,wrist,1331,8477404,J. Guentzel,8478178,D. Raddysh,8476453,N. Kucherov,2,1
2025-11-20,2025020325,2,REG,00:43,CHI,ev,none,wrist,1551,8477479,T. Bertuzzi,8476882,T. Teravainen,8483493,F. Nazar,1,0
2025-11-20,2025020325,2,REG,10:07,CHI,pp,none,snap,1451,8476882,T. Teravainen,8477479,T. Bertuzzi,8484783,A. Levshunov,2,0
2025-11-20,2025020325,3,REG,05:09,SEA,ev,none,deflected,1551,8481789,T. Kartye,8484168,O. Fisker Molgaard,8477986,B. Montour,2,1
2025-11-20,2025020325,3,REG,07:13,SEA,ev,none,wrist,1551,8483524,S. Wright,8482858,R. Evans,8484800,B. Catton,2,2
2025-11-20,2025020325,3,REG,17:42,SEA,pp,none,wrist,1541,8475768,J. Schwartz,8477986,B. Montour,8478975,M. Marchment,2,3
2025-11-20,2025020326,1,REG,02:26,NYR,pp,none,tip-in,1541,8476468,J. Miller,8476459,M. Zibanejad,8479323,A. Fox,0,1
2025-11-20,2025020326,1,REG,19:33,COL,ev,none,tip-in,1551,8477492,N. MacKinnon,8480039,M. Necas,8479398,S. Girard,1,1
2025-11-20,2025020326,2,REG,03:58,NYR,ev,none,tip-in,1551,8481726,A. Edstrom,8475842,S. Carrick,8482073,B. Schneider,1,2
2025-11-20,2025020326,2,REG,17:15,COL,ev,none,wrap-around,1551,8480069,C. Makar,8480039,M. Necas,8477492,N. MacKinnon,2,2
2025-11-20,2025020326,3,REG,02:36,COL,pp,none,wrist,1451,8475754,B. Nelson,8484258,S. Malinski,8475809,S. Wedgewood,3,2
2025-11-20,2025020326,3,REG,10:18,NYR,pp,none,tip-in,1541,8476468,J. Miller,8479323,A. Fox,8476459,M. Zibanejad,3,3
2025-11-20,2025020326,3,REG,10:48,COL,ev,none,backhand,1551,8477492,N. MacKinnon,8480069,C. Makar,8480039,M. Necas,4,3
2025-11-20,2025020326,3,REG,18:35,COL,ev,empty-net,wrist,0651,8480069,C. Makar,8480835,J. Drury,,,5,3
2025-11-20,2025020326,3,REG,19:47,COL,ev,empty-net,wrist,0651,8479525,R. Colton,8475754,B. Nelson,,,6,3
2025-11-20,2025020327,2,REG,03:09,VGK,ev,none,snap,1551,8478403,J. Eichel,8481604,P. Dorofeyev,8477447,S. Theodore,0,1
2025-11-20,2025020327,2,REG,03:28,VGK,ev,none,snap,1551,8477018,B. Hutton,8481133,C. Reinhardt,,,0,2
2025-11-20,2025020327,2,REG,06:38,UTA,ev,none,snap,1441,8477220,N. Schmidt,8474013,I. Cole,8479343,C. Keller,1,2
2025-11-20,2025020327,2,REG,16:51,VGK,ev,none,backhand,1551,8478403,J. Eichel,8483890,B. Bowman,8477447,S. Theodore,1,3
2025-11-20,2025020327,3,REG,00:45,VGK,ev,none,tip-in,1551,8483890,B. Bowman,8478403,J. Eichel,8477447,S. Theodore,1,4
2025-11-20,2025020328,1,REG,00:55,DAL,ev,none,wrist,1551,8482145,M. Bourque,8484829,J. Hryckowian,,,0,1
2025-11-20,2025020328,1,REG,03:06,VAN,ev,none,wrist,1551,8481024,L. Karlsson,,,,,1,1
2025-11-20,2025020328,1,REG,07:44,DAL,ev,none,wrist,1551,8480027,J. Robertson,,,,,1,2
2025-11-20,2025020328,1,REG,14:25,VAN,pp,none,bat,1451,8480012,E. Pettersson,8478498,J. DeBrusk,8480748,K. Sherwood,2,2
2025-11-20,2025020328,3,REG,10:47,DAL,ev,none,wrist,1551,8476278,C. Blackwell,8476889,R. Faksa,8480840,O. Bäck,2,3
2025-11-20,2025020328,3,REG,18:29,DAL,ev,none,backhand,1551,8478420,M. Rantanen,8473994,J. Benn,8480036,M. Heiskanen,2,4
2025-11-20,2025020329,1,REG,16:39,OTT,ev,none,slap,1551,8476393,N. Cousins,8475324,N. Jensen,8481528,D. Cozens,0,1
2025-11-20,2025020329,2,REG,13:08,ANA,ev,none,wrist,1551,8484762,B. Sennecke,8483445,C. Gauthier,8484153,L. Carlsson,1,1
2025-11-20,2025020329,2,REG,14:34,ANA,ev,none,wrist,1551,8482745,M. McTavish,8475184,C. Kreider,8478873,T. Terry,2,1
2025-11-20,2025020329,2,REG,19:02,OTT,pp,none,wrist,1541,8481596,S. Pinto,8483676,S. Halliday,8474102,D. Perron,2,2
2025-11-20,2025020329,3,REG,18:02,OTT,ev,none,tip-in,1551,8480208,D. Batherson,8482105,J. Sanderson,8481606,J. Spence,2,3
2025-11-20,2025020330,1,REG,02:33,SJS,ev,none,wrist,1551,8478874,A. Gaudette,8480848,T. Dellandrea,8484911,C. Graf,1,0
2025-11-20,2025020330,1,REG,16:04,LAK,sh,none,wrist,1451,8476469,J. Armia,,,,,1,1
2025-11-20,2025020330,1,REG,19:50,SJS,ev,none,deflected,1551,8480848,T. Dellandrea,8484911,C. Graf,8475200,D. Orlov,2,1
2025-11-20,2025020330,2,REG,01:47,LAK,ev,none,backhand,1551,8471685,A. Kopitar,8479675,T. Moore,8476879,C. Ceci,2,2
2025-11-20,2025020330,2,REG,17:04,SJS,ev,none,wrist,1551,8480798,P. Kurashev,8484227,W. Smith,8484801,M. Celebrini,3,2
2025-11-20,2025020330,3,REG,19:01,LAK,ev,none,wrist,0651,8477960,A. Kempe,8477942,K. Fiala,8471685,A. Kopitar,3,3
2025-11-20,2025020330,5,SO,00:00,SJS,ev,none,wrist,1010,8480798,P. Kurashev,,,,,4,3
2025-11-21,2025020331,1,REG,13:57,BUF,ev,none,wrist,1551,8482659,J. Doan,8479420,T. Thompson,8477949,A. Tuch,1,0
2025-11-21,2025020331,1,REG,15:19,BUF,ev,none,snap,1551,8475722,J. Zucker,8482097,J. Quinn,8480839,R. Dahlin,2,0
2025-11-21,2025020331,1,REG,17:33,BUF,pp,none,tip-in,1451,8481524,B. Byram,8477949,A. Tuch,8480802,R. McLeod,3,0
2025-11-21,2025020331,1,REG,18:12,CHI,ev,none,backhand,1551,8477479,T. Bertuzzi,8483506,S. Rinzel,8484144,C. Bedard,3,1
2025-11-21,2025020331,2,REG,05:42,BUF,ev,none,wrist,1551,8480802,R. McLeod,8475722,J. Zucker,8479982,C. Timmins,4,1
2025-11-21,2025020331,2,REG,05:50,BUF,ev,none,wrist,1551,8480807,M. Samuelsson,8482765,I. Rosen,8480196,J. Bryson,5,1
2025-11-21,2025020331,2,REG,14:45,CHI,ev,none,wrist,1551,8481568,A. Vlasic,8483450,R. Greene,8483506,S. Rinzel,5,2
2025-11-21,2025020331,2,REG,17:31,BUF,ev,none,snap,1551,8482659,J. Doan,8480839,R. Dahlin,8477949,A. Tuch,6,2
2025-11-21,2025020331,3,REG,00:24,CHI,pp,none,tip-in,1541,8477479,T. Bertuzzi,8484144,C. Bedard,8483493,F. Nazar,6,3
2025-11-21,2025020331,3,REG,01:56,BUF,ev,none,wrist,1551,8479420,T. Thompson,8477949,A. Tuch,,,7,3
2025-11-21,2025020331,3,REG,07:07,BUF,ev,none,wrist,1551,8482097,J. Quinn,8481524,B. Byram,8475722,J. Zucker,8,3
2025-11-21,2025020331,3,REG,16:22,BUF,ev,none,wrist,1551,8480196,J. Bryson,8479359,B. Malenstyn,8478413,J. Greenway,9,3
2025-11-21,2025020332,1,REG,03:57,MIN,ev,none,backhand,1551,8481557,M. Boldy,8482122,B. Faber,8478493,J. Eriksson Ek,0,1
2025-11-21,2025020332,1,REG,09:39,MIN,pp,none,tip-in,1541,8478493,J. Eriksson Ek,8484798,Z. Buium,8481557,M. Boldy,0,2
2025-11-21,2025020332,1,REG,11:42,MIN,ev,none,slap,1551,8475149,M. Johansson,8476463,J. Brodin,8482122,B. Faber,0,3
2025-11-21,2025020332,2,REG,01:09,MIN,ev,none,tip-in,1551,8478864,K. Kaprizov,8478136,J. Middleton,8475692,M. Zuccarello,0,4
2025-11-21,2025020332,2,REG,17:46,MIN,ev,none,tip-in,1551,8481557,M. Boldy,8478864,K. Kaprizov,,,0,5
2025-11-21,2025020333,1,REG,00:16,CAR,ev,none,snap,1551,8473533,J. Staal,8476921,J. Martinook,,,0,1
2025-11-21,2025020333,1,REG,03:45,WPG,ev,none,wrist,1551,8477504,J. Morrissey,8476460,M. Scheifele,8476331,D. DeMelo,1,1
2025-11-21,2025020333,1,REG,09:28,WPG,pp,none,wrist,1451,8480014,G. Vilardi,8482149,C. Perfetti,,,2,1
2025-11-21,2025020333,2,REG,03:08,CAR,ev,none,tip-in,1551,8473533,J. Staal,8478970,J. Chatfield,8480817,K. Miller,2,2
2025-11-21,2025020333,2,REG,06:31,CAR,sh,none,wrist,1451,8482093,S. Jarvis,8478427,S. Aho,8480817,K. Miller,2,3
2025-11-21,2025020333,3,REG,03:19,CAR,pp,none,slap,1541,8480830,A. Svechnikov,8477940,N. Ehlers,8478427,S. Aho,2,4
2025-11-21,2025020333,3,REG,04:13,WPG,ev,none,wrist,1551,8480014,G. Vilardi,8478398,K. Connor,,,3,4
2025-11-21,2025020334,3,REG,08:01,BOS,ev,none,slap,1551,8479987,M. Geekie,8482634,A. Steeves,8477507,N. Zadorov,0,1
2025-11-21,2025020334,3,REG,13:03,LAK,sh,none,backhand,1541,8476469,J. Armia,8479675,T. Moore,8475208,B. Dumoulin,1,1
2025-11-21,2025020334,4,OT,02:27,BOS,ev,none,snap,1331,8479987,M. Geekie,8477956,D. Pastrnak,8477507,N. Zadorov,1,2
2025-11-22,2025020335,1,REG,13:18,CBJ,pp,none,snap,1531,8484166,A. Fantilli,8478460,Z. Werenski,8477497,S. Monahan,0,1
2025-11-22,2025020335,2,REG,00:36,DET,ev,none,backhand,1551,8482078,L. Raymond,,,,,1,1
2025-11-22,2025020335,2,REG,00:54,CBJ,ev,none,snap,1551,8477425,M. Wood,8483485,D. Mateychuk,8476923,D. Severson,1,2
2025-11-22,2025020335,3,REG,08:38,CBJ,ev,none,snap,1441,8478460,Z. Werenski,8478500,I. Provorov,8482705,C. Sillinger,1,3
2025-11-22,2025020335,3,REG,10:23,DET,ev,none,snap,1551,8475279,B. Chiarot,8474141,P. Kane,8481542,M. Seider,2,3
2025-11-22,2025020335,3,REG,13:25,DET,ev,none,wrist,1551,8481542,M. Seider,8484471,E. Finnie,8484160,N. Danielson,3,3
2025-11-22,2025020335,4,OT,01:50,DET,ev,none,snap,1331,8479337,A. DeBrincat,8475279,B. Chiarot,8474141,P. Kane,4,3
2025-11-22,2025020336,1,REG,00:42,STL,ev,none,snap,1551,8475170,B. Schenn,8477402,P. Buchnevich,8484164,D. Dvorsky,0,1
2025-11-22,2025020336,2,REG,17:51,STL,ev,none,backhand,1551,8480459,P. Suter,8482077,D. Holloway,8479385,J. Kyrou,0,2
2025-11-22,2025020336,3,REG,16:40,NYI,ev,none,backhand,1560,8475314,A. Lee,8475151,K. Palmieri,8478445,M. Barzal,1,2
2025-11-22,2025020337,1,REG,12:11,MTL,ev,none,snap,1551,8483457,L. Hutson,8480018,N. Suzuki,8481540,C. Caufield,1,0
2025-11-22,2025020337,1,REG,13:33,MTL,ev,none,slap,1551,8480865,N. Dobson,8476875,M. Matheson,8484984,I. Demidov,2,0
2025-11-22,2025020337,2,REG,04:09,MTL,ev,none,snap,1551,8480865,N. Dobson,8484984,I. Demidov,8483515,J. Slafkovský,3,0
2025-11-22,2025020337,2,REG,13:11,MTL,ev,none,snap,1551,8476981,J. Anderson,8484403,F. Xhekaj,,,4,0
2025-11-22,2025020337,2,REG,17:19,TOR,ev,none,snap,1551,8475171,O. Ekman-Larsson,8484158,E. Cowan,8477939,W. Nylander,4,1
2025-11-22,2025020337,3,REG,14:55,TOR,pp,none,snap,0641,8477939,W. Nylander,8476853,M. Rielly,8481711,M. Maccelli,4,2
2025-11-22,2025020337,3,REG,17:50,MTL,ev,empty-net,snap,0651,8476981,J. Anderson,8476875,M. Matheson,8478133,J. Evans,5,2
2025-11-22,2025020338,1,REG,00:25,EDM,ev,none,wrist,1551,8478458,J. Roslovic,8480803,E. Bouchard,,,0,1
2025-11-22,2025020338,1,REG,06:30,FLA,ev,none,slap,1551,8482113,A. Lundell,8482713,M. Samoskevich,8477495,S. Jones,1,1
2025-11-22,2025020338,1,REG,07:06,EDM,ev,none,wrist,1551,8478458,J. Roslovic,8480803,E. Bouchard,,,1,2
2025-11-22,2025020338,1,REG,13:58,EDM,ev,none,wrist,1551,8475218,M. Ekholm,8474641,A. Henrique,8477498,D. Nurse,1,3
2025-11-22,2025020338,2,REG,06:45,EDM,ev,none,snap,1551,8481617,V. Podkolzin,8477934,L. Draisaitl,8480803,E. Bouchard,1,4
2025-11-22,2025020338,2,REG,10:04,FLA,ev,none,slap,1551,8482713,M. Samoskevich,8484304,U. Balinskis,8477935,S. Bennett,2,4
2025-11-22,2025020338,2,REG,13:30,FLA,pp,none,backhand,1451,8477933,S. Reinhart,8482113,A. Lundell,8473419,B. Marchand,3,4
2025-11-22,2025020338,3,REG,17:20,EDM,ev,empty-net,wrist,1560,8478402,C. McDavid,8475218,M. Ekholm,,,3,5
2025-11-22,2025020338,3,REG,17:47,EDM,ev,empty-net,wrist,1560,8483512,M. Savoie,8477406,M. Janmark,8475218,M. Ekholm,3,6
2025-11-22,2025020339,1,REG,07:37,NJD,pp,none,wrist,1541,8478414,T. Meier,8479407,J. Bratt,8480002,N. Hischier,0,1
2025-11-22,2025020339,1,REG,09:00,PHI,ev,none,snap,1551,8480220,N. Cates,,,,,1,1
2025-11-22,2025020339,1,REG,12:06,PHI,ev,none,wrist,1551,8484387,M. Michkov,8476461,S. Couturier,,,2,1
2025-11-22,2025020339,1,REG,12:15,PHI,ev,none,snap,1551,8482159,T. Foerster,8480220,N. Cates,8478439,T. Konecny,3,1
2025-11-22,2025020339,1,REG,12:32,PHI,ev,none,wrist,1551,8482159,T. Foerster,8480220,N. Cates,8476372,N. Seeler,4,1
2025-11-22,2025020339,2,REG,11:42,PHI,ev,none,wrist,1551,8481553,B. Brink,8476461,S. Couturier,,,5,1
2025-11-22,2025020339,2,REG,16:16,NJD,ev,none,wrist,1551,8480002,N. Hischier,8482684,L. Hughes,8479407,J. Bratt,5,2
2025-11-22,2025020339,3,REG,13:27,NJD,ev,none,tip-in,0651,8480002,N. Hischier,8483495,S. Nemec,8479407,J. Bratt,5,3
2025-11-22,2025020339,3,REG,15:21,PHI,ev,none,wrist,1551,8481533,T. Zegras,8480015,O. Tippett,8477989,C. Dvorak,6,3
2025-11-22,2025020340,2,REG,01:24,SEA,ev,none,wrist,1551,8478975,M. Marchment,,,,,0,1
2025-11-22,2025020340,2,REG,16:16,PIT,ev,none,wrist,1551,8471675,S. Crosby,8480980,C. Dewar,,,1,1
2025-11-22,2025020340,3,REG,05:56,PIT,pp,none,wrist,1451,8471215,E. Malkin,8485414,B. Kindel,8471675,S. Crosby,2,1
2025-11-22,2025020340,3,REG,12:36,SEA,ev,none,wrist,1551,8482665,M. Beniers,8478975,M. Marchment,8482858,R. Evans,2,2
2025-11-22,2025020340,4,OT,04:10,SEA,ev,none,wrist,1331,8477986,B. Montour,8477919,F. Gaudreau,8482858,R. Evans,2,3
2025-11-22,2025020341,1,REG,01:06,WSH,ev,none,wrist,1551,8482088,J. Sourdif,8476880,T. Wilson,8480796,M. Fehérváry,1,0
2025-11-22,2025020341,1,REG,02:53,TBL,sh,none,snap,1451,8479542,B. Hagel,8478519,A. Cirelli,8478416,E. Cernak,1,1
2025-11-22,2025020341,1,REG,05:21,TBL,pp,none,snap,1541,8477416,O. Bjorkstrand,8476453,N. Kucherov,8478178,D. Raddysh,1,2
2025-11-22,2025020341,1,REG,11:36,TBL,ev,none,slap,1551,8479542,B. Hagel,8476453,N. Kucherov,8482655,J. Moser,1,3
2025-11-22,2025020341,1,REG,18:19,TBL,ev,none,snap,1551,8476453,N. Kucherov,8479542,B. Hagel,8480426,C. D'Astous,1,4
2025-11-22,2025020341,2,REG,05:26,WSH,ev,none,snap,1551,8479345,J. Chychrun,,,,,2,4
2025-11-22,2025020341,3,REG,05:24,WSH,ev,none,snap,1551,8483573,E. Frank,8477947,S. Milano,8479345,J. Chychrun,3,4
2025-11-22,2025020341,3,REG,15:51,TBL,ev,none,backhand,1551,8478519,A. Cirelli,8479542,B. Hagel,8477404,J. Guentzel,3,5
2025-11-22,2025020342,1,REG,07:50,OTT,pp,none,tip-in,1541,8481528,D. Cozens,8482116,T. Stützle,8482105,J. Sanderson,0,1
2025-11-22,2025020342,1,REG,16:06,SJS,pp,none,wrist,1451,8475906,J. Klingberg,8484801,M. Celebrini,8484227,W. Smith,1,1
2025-11-22,2025020342,2,REG,07:47,SJS,ev,none,deflected,1551,8476624,B. Goodrow,8477505,A. Wennberg,8479983,M. Ferraro,2,1
2025-11-22,2025020342,2,REG,18:38,OTT,ev,none,wrist,1551,8480188,F. Zetterlund,8482095,T. Kleven,,,2,2
2025-11-22,2025020342,3,REG,13:22,OTT,ev,none,wrist,1551,8482116,T. Stützle,8476393,N. Cousins,8480208,D. Batherson,2,3
2025-11-22,2025020343,1,REG,00:15,COL,ev,none,wrist,1551,8470613,B. Burns,,,,,0,1
2025-11-22,2025020343,3,REG,18:25,COL,ev,empty-net,wrist,1560,8477492,N. MacKinnon,8475754,B. Nelson,8476455,G. Landeskog,0,2
2025-11-22,2025020343,3,REG,19:09,COL,ev,empty-net,wrist,1560,8480835,J. Drury,8477476,A. Lehkonen,8480448,P. Kelly,0,3
2025-11-22,2025020344,1,REG,10:08,UTA,ev,none,poke,1551,8482175,J. Peterka,8477220,N. Schmidt,8480855,J. McBain,1,0
2025-11-22,2025020344,1,REG,15:19,NYR,ev,none,tip-in,1551,8478882,V. Gavrikov,8479323,A. Fox,8476459,M. Zibanejad,1,1
2025-11-22,2025020344,2,REG,08:07,NYR,ev,none,snap,1551,8478550,A. Panarin,8476389,V. Trocheck,8478882,V. Gavrikov,1,2
2025-11-22,2025020344,2,REG,11:15,UTA,ev,none,snap,1551,8479343,C. Keller,8479977,K. Yamamoto,,,2,2
2025-11-22,2025020344,3,REG,07:32,UTA,ev,none,slap,1551,8480084,N. DeSimone,,,,,3,2
2025-11-22,2025020345,1,REG,11:41,CGY,pp,none,wrist,1451,8482679,M. Coronato,8475172,N. Kadri,8476456,J. Huberdeau,1,0
2025-11-22,2025020345,3,REG,01:50,CGY,pp,none,deflected,1451,8480797,J. Farabee,8478397,R. Andersson,8475172,N. Kadri,2,0
2025-11-22,2025020345,3,REG,06:44,DAL,ev,none,snap,1551,8480027,J. Robertson,8475794,T. Seguin,8478476,K. Capobianco,2,1
2025-11-22,2025020345,3,REG,16:53,DAL,ev,none,wrist,1551,8478449,R. Hintz,8480027,J. Robertson,8476902,E. Lindell,2,2
2025-11-22,2025020345,5,SO,00:00,CGY,ev,none,backhand,1010,8475172,N. Kadri,,,,,3,2
2025-11-22,2025020346,1,REG,03:25,VGK,ev,none,snap,1551,8477447,S. Theodore,8478403,J. Eichel,,,0,1
2025-11-22,2025020346,1,REG,04:37,VGK,ev,none,wrist,1551,8483890,B. Bowman,8477964,I. Barbashev,8480727,Z. Whitecloud,0,2
2025-11-22,2025020346,1,REG,07:43,ANA,ev,none,slap,1551,8481605,J. LaCombe,8484762,B. Sennecke,8483445,C. Gauthier,1,2
2025-11-22,2025020346,1,REG,08:17,ANA,ev,none,snap,1551,8482803,O. Zellweger,8478873,T. Terry,8476885,J. Trouba,2,2
2025-11-22,2025020346,1,REG,17:59,VGK,pp,none,deflected,1541,8476881,T. Hertl,8478403,J. Eichel,,,2,3
2025-11-22,2025020346,2,REG,13:50,ANA,ev,none,snap,1551,8478873,T. Terry,8484153,L. Carlsson,8481605,J. LaCombe,3,3
2025-11-22,2025020346,4,OT,03:57,ANA,ev,none,wrist,1331,8483445,C. Gauthier,,,,,4,3
2025-11-23,2025020347,1,REG,05:51,BUF,pp,none,wrist,1451,8477949,A. Tuch,8480802,R. McLeod,8482659,J. Doan,1,0
2025-11-23,2025020347,1,REG,14:36,CAR,pp,none,wrist,1541,8476906,S. Gostisbehere,,,,,1,1
2025-11-23,2025020347,2,REG,03:55,BUF,ev,none,tip-in,1551,8482097,J. Quinn,8480802,R. McLeod,8475722,J. Zucker,2,1
2025-11-23,2025020347,2,REG,18:36,BUF,ev,none,wrist,1551,8479359,B. Malenstyn,8482896,T. Kozak,8481522,P. Krebs,3,1
2025-11-23,2025020347,3,REG,19:38,BUF,ev,empty-net,wrist,0651,8479420,T. Thompson,8484145,Z. Benson,,,4,1
2025-11-23,2025020348,2,REG,08:23,MIN,ev,none,snap,1551,8483525,D. Yurov,8478508,Y. Trenin,,,0,1
2025-11-23,2025020348,2,REG,18:12,MIN,sh,none,wrist,1451,8482122,B. Faber,8475149,M. Johansson,,,0,2
2025-11-23,2025020348,3,REG,06:29,MIN,ev,none,wrist,1551,8478864,K. Kaprizov,8478136,J. Middleton,8475692,M. Zuccarello,0,3
2025-11-23,2025020349,5,SO,00:00,NYI,ev,none,snap,1010,8475151,K. Palmieri,,,,,1,0
2025-11-23,2025020350,2,REG,18:21,COL,ev,none,wrist,1551,8480069,C. Makar,8483039,T. Nielsen,,,0,1
2025-11-23,2025020351,1,REG,15:53,SJS,ev,none,wrist,1551,8482166,S. Mukhamadullin,8479983,M. Ferraro,8476624,B. Goodrow,1,0
2025-11-23,2025020351,2,REG,11:45,SJS,pp,none,snap,1451,8484801,M. Celebrini,8475200,D. Orlov,8475726,T. Toffoli,2,0
2025-11-23,2025020351,3,REG,10:02,BOS,ev,none,wrist,1551,8479987,M. Geekie,8477956,D. Pastrnak,8480035,H. Jokiharju,2,1
2025-11-23,2025020351,3,REG,18:53,SJS,ev,empty-net,wrist,0651,8484911,C. Graf,8482667,W. Eklund,8484801,M. Celebrini,3,1
2025-11-23,2025020352,1,REG,01:05,VAN,ev,none,wrist,1551,8479425,F. Hronek,8478498,J. DeBrusk,,,1,0
2025-11-23,2025020352,1,REG,07:33,CGY,ev,none,tip-in,1551,8480028,M. Frost,8478397,R. Andersson,8482679,M. Coronato,1,1
2025-11-23,2025020352,1,REG,08:08,CGY,ev,none,snap,1551,8482074,C. Zary,8474150,M. Backlund,8476399,B. Coleman,1,2
2025-11-23,2025020352,2,REG,10:37,CGY,ev,none,wrist,1551,8480860,K. Bahl,8475172,N. Kadri,8478397,R. Andersson,1,3
2025-11-23,2025020352,2,REG,16:31,CGY,ev,none,bat,1551,8481068,Y. Sharangovich,8478397,R. Andersson,8475172,N. Kadri,1,4
2025-11-23,2025020352,3,REG,07:59,CGY,sh,none,tip-in,1451,8476399,B. Coleman,8474150,M. Backlund,,,1,5
2025-11-23,2025020352,3,REG,08:16,VAN,pp,none,backhand,1451,8480800,Q. Hughes,8480947,K. Lankinen,,,2,5
2025-11-24,2025020353,1,REG,15:34,TBL,ev,none,deflected,1551,8479542,B. Hagel,8482929,E. Lilleberg,8476453,N. Kucherov,1,0
2025-11-24,2025020353,2,REG,16:00,TBL,ev,none,tip-in,1551,8478519,A. Cirelli,8479542,B. Hagel,8476453,N. Kucherov,2,0
2025-11-24,2025020353,3,REG,19:45,TBL,ev,empty-net,wrist,0651,8479542,B. Hagel,8476453,N. Kucherov,8478519,A. Cirelli,3,0
2025-11-24,2025020354,1,REG,12:54,NJD,ev,none,tip-in,1551,8478414,T. Meier,8476474,S. Noesen,8480002,N. Hischier,1,0
2025-11-24,2025020354,1,REG,16:33,DET,ev,none,backhand,1551,8479337,A. DeBrincat,8474141,P. Kane,8481542,M. Seider,1,1
2025-11-24,2025020354,1,REG,17:58,NJD,ev,none,snap,1551,8480002,N. Hischier,8479407,J. Bratt,8478414,T. Meier,2,1
2025-11-24,2025020354,1,REG,19:04,NJD,ev,none,tip-in,1551,8479996,C. Glass,8482684,L. Hughes,8477015,C. Brown,3,1
2025-11-24,2025020354,2,REG,01:30,DET,pp,none,backhand,1541,8474037,J. van Riemsdyk,8477429,A. Copp,8484471,E. Finnie,3,2
2025-11-24,2025020354,2,REG,08:38,NJD,ev,none,wrist,1551,8477015,C. Brown,8482110,D. Mercer,,,4,2
2025-11-24,2025020354,3,REG,10:12,DET,ev,none,wrist,1551,8477946,D. Larkin,8482078,L. Raymond,8481542,M. Seider,4,3
2025-11-24,2025020355,1,REG,17:36,STL,ev,none,snap,1551,8482077,D. Holloway,8481598,P. Broberg,8476892,C. Parayko,0,1
2025-11-24,2025020355,2,REG,10:06,NYR,ev,none,wrist,1551,8476389,V. Trocheck,8477380,J. Brodzinski,8479323,A. Fox,1,1
2025-11-24,2025020355,3,REG,00:40,NYR,ev,none,deflected,1551,8482109,A. Lafrenière,8478882,V. Gavrikov,8482157,W. Cuylle,2,1
2025-11-24,2025020355,3,REG,08:56,NYR,ev,none,wrist,1551,8481726,A. Edstrom,8478882,V. Gavrikov,8479323,A. Fox,3,1
2025-11-24,2025020355,3,REG,18:45,STL,ev,none,wrist,0651,8475170,B. Schenn,8477402,P. Buchnevich,8475753,J. Faulk,3,2
2025-11-24,2025020356,1,REG,06:05,WSH,ev,none,wrist,1551,8479345,J. Chychrun,8484186,R. Leonard,8482148,H. Lapierre,1,0
2025-11-24,2025020356,2,REG,16:29,WSH,ev,none,snap,1551,8476880,T. Wilson,8481656,A. Protas,8482088,J. Sourdif,2,0
2025-11-24,2025020356,2,REG,19:45,WSH,pp,none,snap,1451,8479345,J. Chychrun,8476880,T. Wilson,,,3,0
2025-11-24,2025020356,2,REG,19:57,WSH,ev,none,slap,1551,8474590,J. Carlson,8471214,A. Ovechkin,8482088,J. Sourdif,4,0
2025-11-24,2025020356,3,REG,04:05,WSH,ev,none,slap,1551,8480796,M. Fehérváry,8481580,C. McMichael,8474590,J. Carlson,5,0
2025-11-24,2025020356,3,REG,05:50,CBJ,ev,none,snap,1551,8483485,D. Mateychuk,8476867,B. Gaunce,8481161,J. Christiansen,5,1
2025-11-24,2025020357,1,REG,00:11,FLA,ev,none,wrist,1551,8478421,A. Greer,8477409,C. Verhaeghe,8477495,S. Jones,0,1
2025-11-24,2025020357,1,REG,05:42,FLA,ev,none,wrist,1551,8478542,E. Rodrigues,8484304,U. Balinskis,8477933,S. Reinhart,0,2
2025-11-24,2025020357,1,REG,06:52,NSH,ev,none,wrist,1551,8476887,F. Forsberg,8482146,L. Evangelista,8474600,R. Josi,1,2
2025-11-24,2025020357,1,REG,10:32,NSH,ev,none,wrist,1551,8482768,F. Svechkov,8482103,O. Wiesblatt,8479370,T. Jost,2,2
2025-11-24,2025020357,1,REG,11:31,FLA,ev,none,wrist,1551,8480003,J. Boqvist,8478055,G. Forsling,8477933,S. Reinhart,2,3
2025-11-24,2025020357,1,REG,15:46,FLA,ev,none,deflected,1551,8477935,S. Bennett,,,,,2,4
2025-11-24,2025020357,2,REG,01:24,FLA,ev,none,deflected,1551,8478055,G. Forsling,8482713,M. Samoskevich,8473419,B. Marchand,2,5
2025-11-24,2025020357,3,REG,02:11,NSH,pp,none,deflected,1451,8483565,N. Blankenburg,8478047,M. Bunting,8475287,E. Haula,3,5
2025-11-24,2025020357,3,REG,04:52,FLA,ev,none,snap,1551,8478421,A. Greer,8477409,C. Verhaeghe,8484304,U. Balinskis,3,6
2025-11-24,2025020357,3,REG,08:33,FLA,ev,none,wrist,1441,8477933,S. Reinhart,8478542,E. Rodrigues,8477932,A. Ekblad,3,7
2025-11-24,2025020357,3,REG,12:49,FLA,ev,none,backhand,1551,8477409,C. Verhaeghe,8478421,A. Greer,,,3,8
2025-11-24,2025020358,1,REG,14:54,UTA,ev,none,snap,1551,8482699,D. Guenther,8483431,L. Cooley,8477220,N. Schmidt,1,0
2025-11-24,2025020358,1,REG,16:11,UTA,ev,none,wrist,1551,8483431,L. Cooley,8482699,D. Guenther,8477220,N. Schmidt,2,0
2025-11-24,2025020358,2,REG,05:24,VGK,ev,none,backhand,1551,8477964,I. Barbashev,8478403,J. Eichel,8483890,B. Bowman,2,1
2025-11-24,2025020358,3,REG,04:19,UTA,ev,none,deflected,1551,8483431,L. Cooley,,,,,3,1
2025-11-24,2025020358,3,REG,15:41,UTA,ev,empty-net,snap,0651,8483431,L. Cooley,8474013,I. Cole,,,4,1
2025-11-24,2025020358,3,REG,17:43,UTA,sh,empty-net,snap,0641,8483431,L. Cooley,,,,,5,1
2025-11-24,2025020359,3,REG,05:31,LAK,ev,none,tip-in,1551,8477998,W. Foegele,8476469,J. Armia,8476441,J. Edmundson,1,0
2025-11-24,2025020359,3,REG,10:49,OTT,ev,none,wrist,1551,8480188,F. Zetterlund,8484321,N. Matinpalo,8475324,N. Jensen,1,1
2025-11-24,2025020359,3,REG,13:50,LAK,pp,none,slap,1451,8482730,B. Clarke,8476441,J. Edmundson,8470621,C. Perry,2,1
2025-11-25,2025020360,1,REG,03:48,DAL,ev,none,wrist,1551,8473994,J. Benn,8482740,W. Johnston,8479351,S. Steel,0,1
2025-11-25,2025020360,1,REG,10:51,DAL,pp,none,snap,1541,8478449,R. Hintz,8480036,M. Heiskanen,8480027,J. Robertson,0,2
2025-11-25,2025020360,1,REG,15:24,DAL,ev,none,wrist,1551,8479414,N. Bastian,8476889,R. Faksa,8476278,C. Blackwell,0,3
2025-11-25,2025020360,1,REG,18:46,DAL,ev,none,wrist,1551,8479351,S. Steel,8473994,J. Benn,8482740,W. Johnston,0,4
2025-11-25,2025020360,2,REG,04:39,EDM,ev,none,wrist,1551,8484529,C. Clattenburg,8480834,T. Emberson,8477406,M. Janmark,1,4
2025-11-25,2025020360,2,REG,14:01,DAL,pp,none,deflected,1531,8480027,J. Robertson,8475794,T. Seguin,8482740,W. Johnston,1,5
2025-11-25,2025020360,2,REG,15:36,DAL,pp,none,backhand,1541,8482740,W. Johnston,8480027,J. Robertson,8475794,T. Seguin,1,6
2025-11-25,2025020360,3,REG,01:23,EDM,ev,none,slap,1551,8480803,E. Bouchard,8481617,V. Podkolzin,8477934,L. Draisaitl,2,6
2025-11-25,2025020360,3,REG,08:21,DAL,ev,none,wrist,1551,8484829,J. Hryckowian,8482145,M. Bourque,8481609,V. Kolyachonok,2,7
2025-11-25,2025020360,3,REG,09:31,EDM,ev,none,snap,1551,8478458,J. Roslovic,8478402,C. McDavid,8483512,M. Savoie,3,7
2025-11-25,2025020360,3,REG,15:39,DAL,ev,none,wrist,1551,8479414,N. Bastian,8476889,R. Faksa,,,3,8
2025-11-26,2025020361,1,REG,15:48,NSH,pp,none,tip-in,1541,8478047,M. Bunting,8483565,N. Blankenburg,8475287,E. Haula,0,1
2025-11-26,2025020361,2,REG,05:30,DET,pp,none,snap,1451,8479337,A. DeBrincat,8477946,D. Larkin,8482078,L. Raymond,1,1
2025-11-26,2025020361,2,REG,16:34,DET,pp,none,snap,1451,8474037,J. van Riemsdyk,8474141,P. Kane,8484160,N. Danielson,2,1
2025-11-26,2025020361,3,REG,02:05,NSH,ev,none,backhand,1551,8483565,N. Blankenburg,8475158,R. O'Reilly,,,2,2
2025-11-26,2025020361,3,REG,02:20,NSH,ev,none,snap,1551,8474600,R. Josi,8478047,M. Bunting,8477446,M. McCarron,2,3
2025-11-26,2025020361,3,REG,03:04,DET,ev,none,wrist,1551,8475279,B. Chiarot,8478891,M. Appleton,8477456,J. Compher,3,3
2025-11-26,2025020361,3,REG,14:14,NSH,ev,none,snap,1551,8475158,R. O'Reilly,8482146,L. Evangelista,8474564,S. Stamkos,3,4
2025-11-26,2025020361,3,REG,14:42,NSH,ev,none,snap,1551,8475287,E. Haula,8476887,F. Forsberg,8476539,J. Marchessault,3,5
2025-11-26,2025020361,3,REG,18:45,NSH,ev,empty-net,snap,1560,8474564,S. Stamkos,8475158,R. O'Reilly,8482146,L. Evangelista,3,6
2025-11-26,2025020362,1,REG,00:39,TBL,ev,none,wrist,1551,8479542,B. Hagel,8478519,A. Cirelli,8476453,N. Kucherov,1,0
2025-11-26,2025020362,1,REG,01:26,TBL,ev,none,slap,1551,8480426,C. D'Astous,8477426,N. Paul,8477404,J. Guentzel,2,0
2025-11-26,2025020362,1,REG,05:52,TBL,ev,none,wrist,1551,8476878,Z. Girgensons,8476826,Y. Gourde,8480995,P. Holmberg,3,0
2025-11-26,2025020362,1,REG,10:01,TBL,ev,none,snap,1551,8483398,D. Carlile,8477463,S. Santini,8477404,J. Guentzel,4,0
2025-11-26,2025020362,3,REG,01:04,CGY,sh,none,wrist,1451,8480797,J. Farabee,8481556,J. Beecher,8482165,Y. Kuznetsov,4,1
2025-11-26,2025020362,3,REG,14:23,TBL,ev,none,snap,1551,8476453,N. Kucherov,8479542,B. Hagel,8478178,D. Raddysh,5,1
2025-11-26,2025020363,1,REG,05:21,FLA,ev,none,wrist,1551,8473419,B. Marchand,8477935,S. Bennett,8477409,C. Verhaeghe,1,0
2025-11-26,2025020363,2,REG,05:16,FLA,ev,none,wrist,1551,8477409,C. Verhaeghe,8477935,S. Bennett,8477932,A. Ekblad,2,0
2025-11-26,2025020363,2,REG,07:57,PHI,ev,none,wrist,1551,8482126,E. Andrae,8482142,J. Drysdale,8480015,O. Tippett,2,1
2025-11-26,2025020363,2,REG,11:13,PHI,ev,none,tip-in,1551,8484387,M. Michkov,8482126,E. Andrae,8482142,J. Drysdale,2,2
2025-11-26,2025020363,3,REG,19:14,PHI,ev,none,wrist,1551,8482159,T. Foerster,8477948,T. Sanheim,8481546,C. York,2,3
2025-11-26,2025020363,3,REG,19:35,PHI,ev,none,tip-in,1551,8476461,S. Couturier,8477989,C. Dvorak,,,2,4
2025-11-26,2025020364,1,REG,02:16,STL,ev,none,wrist,1551,8475764,C. Fowler,8477573,N. Walker,8482733,L. Mailloux,0,1
2025-11-26,2025020364,1,REG,11:02,NJD,ev,none,tip-in,1551,8478414,T. Meier,8480002,N. Hischier,8476462,D. Hamilton,1,1
2025-11-26,2025020364,1,REG,14:37,STL,pp,none,wrist,1541,8480023,R. Thomas,8475764,C. Fowler,8477402,P. Buchnevich,1,2
2025-11-26,2025020364,2,REG,08:49,NJD,pp,none,wrist,1451,8480002,N. Hischier,8478414,T. Meier,8482684,L. Hughes,2,2
2025-11-26,2025020364,4,OT,02:58,NJD,ev,none,snap,1331,8483495,S. Nemec,8480002,N. Hischier,8481032,P. Cotter,3,2
2025-11-26,2025020365,1,REG,04:41,NYI,ev,none,wrist,1551,8478445,M. Barzal,8477950,T. DeAngelo,8485366,M. Schaefer,1,0
2025-11-26,2025020365,1,REG,06:23,BOS,ev,none,wrist,1551,8482634,A. Steeves,8476374,S. Kuraly,8479591,M. Eyssimont,1,1
2025-11-26,2025020365,2,REG,00:43,BOS,ev,none,snap,1551,8479661,T. Jeannot,8483489,F. Minten,,,1,2
2025-11-26,2025020365,3,REG,10:21,BOS,sh,none,wrist,1451,8482634,A. Steeves,8483489,F. Minten,,,1,3
2025-11-26,2025020366,1,REG,17:09,PIT,ev,none,wrist,1551,8476856,M. Dumba,,,,,1,0
2025-11-26,2025020366,3,REG,07:20,BUF,ev,none,tip-in,1551,8475722,J. Zucker,8482097,J. Quinn,8480802,R. McLeod,1,1
2025-11-26,2025020366,3,REG,07:51,PIT,ev,none,wrist,1551,8475810,B. Rust,8478854,R. Shea,,,2,1
2025-11-26,2025020366,3,REG,12:34,PIT,ev,none,tip-in,1551,8475763,K. Hayes,8474578,E. Karlsson,8478450,P. Wotherspoon,3,1
2025-11-26,2025020366,3,REG,15:42,BUF,ev,none,wrist,1551,8482097,J. Quinn,8475722,J. Zucker,8480807,M. Samuelsson,3,2
2025-11-26,2025020366,3,REG,19:02,PIT,ev,empty-net,wrist,0651,8480980,C. Dewar,8478046,D. Heinen,8478854,R. Shea,4,2
2025-11-26,2025020367,1,REG,06:38,WSH,ev,none,slap,1551,8474590,J. Carlson,8476880,T. Wilson,,,1,0
2025-11-26,2025020367,1,REG,14:21,WSH,ev,none,snap,1551,8479345,J. Chychrun,8477947,S. Milano,8483573,E. Frank,2,0
2025-11-26,2025020367,1,REG,19:38,WPG,ev,none,snap,1551,8480014,G. Vilardi,8478398,K. Connor,,,2,1
2025-11-26,2025020367,2,REG,01:24,WPG,pp,none,tip-in,1541,8480014,G. Vilardi,8477504,J. Morrissey,8478398,K. Connor,2,2
2025-11-26,2025020367,2,REG,05:22,WSH,ev,none,snap,1551,8471214,A. Ovechkin,8478911,M. Roy,8478463,A. Beauvillier,3,2
2025-11-26,2025020367,3,REG,05:25,WSH,ev,none,backhand,1551,8481580,C. McMichael,,,,,4,2
2025-11-26,2025020367,3,REG,15:11,WPG,ev,none,snap,1551,8476460,M. Scheifele,8478398,K. Connor,8476331,D. DeMelo,4,3
2025-11-26,2025020368,1,REG,16:53,NYR,ev,none,snap,1551,8483690,N. Laba,8479390,T. Raddysh,8481525,M. Robertson,0,1
2025-11-26,2025020368,2,REG,05:04,CAR,pp,none,snap,1451,8476906,S. Gostisbehere,8478427,S. Aho,8477940,N. Ehlers,1,1
2025-11-26,2025020368,2,REG,18:56,NYR,ev,none,snap,1551,8478550,A. Panarin,8479323,A. Fox,8476468,J. Miller,1,2
2025-11-26,2025020368,3,REG,00:45,NYR,ev,none,slap,1551,8476389,V. Trocheck,8478550,A. Panarin,8476459,M. Zibanejad,1,3
2025-11-26,2025020368,3,REG,10:53,CAR,ev,none,snap,1551,8482093,S. Jarvis,8476906,S. Gostisbehere,8478427,S. Aho,2,3
2025-11-26,2025020368,3,REG,18:17,NYR,ev,empty-net,wrist,1560,8482157,W. Cuylle,,,,,2,4
2025-11-26,2025020369,3,REG,13:30,CBJ,ev,none,snap,1551,8478460,Z. Werenski,8477425,M. Wood,,,1,0
2025-11-26,2025020369,3,REG,16:43,TOR,ev,none,snap,1551,8484158,E. Cowan,8477939,W. Nylander,8475166,J. Tavares,1,1
2025-11-26,2025020369,4,OT,04:40,TOR,ev,none,wrist,1331,8477939,W. Nylander,8475171,O. Ekman-Larsson,8482720,M. Knies,1,2
2025-11-26,2025020370,2,REG,05:41,CHI,ev,none,snap,1551,8477450,J. Dickinson,,,,,1,0
2025-11-26,2025020370,2,REG,12:08,CHI,ev,none,snap,1551,8484144,C. Bedard,8483506,S. Rinzel,8477479,T. Bertuzzi,2,0
2025-11-26,2025020370,2,REG,19:46,MIN,ev,none,wrist,1551,8482122,B. Faber,8475149,M. Johansson,8481557,M. Boldy,2,1
2025-11-26,2025020370,3,REG,02:17,MIN,ev,none,tip-in,1551,8481477,N. Sturm,8476463,J. Brodin,8478136,J. Middleton,2,2
2025-11-26,2025020370,3,REG,05:31,CHI,ev,none,backhand,1551,8484783,A. Levshunov,8484144,C. Bedard,8482703,C. Dach,3,2
2025-11-26,2025020370,3,REG,10:35,MIN,ev,none,wrist,1551,8481557,M. Boldy,8476463,J. Brodin,8482122,B. Faber,3,3
2025-11-26,2025020370,4,OT,01:38,MIN,pp,none,wrist,1431,8478864,K. Kaprizov,8481557,M. Boldy,8478493,J. Eriksson Ek,3,4
2025-11-26,2025020371,1,REG,03:39,COL,ev,none,snap,1551,8479525,R. Colton,,,,,1,0
2025-11-26,2025020371,1,REG,19:07,COL,pp,none,slap,1451,8477492,N. MacKinnon,8480069,C. Makar,8476455,G. Landeskog,2,0
2025-11-26,2025020371,2,REG,03:44,COL,ev,none,wrist,1551,8484258,S. Malinski,8477476,A. Lehkonen,8480039,M. Necas,3,0
2025-11-26,2025020371,2,REG,04:51,COL,ev,none,wrist,1551,8476312,J. Manson,8478109,V. Olofsson,8480448,P. Kelly,4,0
2025-11-26,2025020371,2,REG,05:00,COL,ev,none,snap,1551,8481641,J. Kiviranta,8483930,I. Ivan,8482947,Z. Bardakov,5,0
2025-11-26,2025020371,3,REG,16:15,COL,ev,none,snap,1551,8477476,A. Lehkonen,8477492,N. MacKinnon,8480039,M. Necas,6,0
2025-11-26,2025020372,1,REG,10:38,MTL,pp,none,slap,1541,8482737,Z. Bolduc,8483457,L. Hutson,8480018,N. Suzuki,0,1
2025-11-26,2025020372,1,REG,16:37,MTL,ev,none,slap,1551,8480018,N. Suzuki,8481540,C. Caufield,8482737,Z. Bolduc,0,2
2025-11-26,2025020372,2,REG,09:43,UTA,pp,none,snap,1451,8480849,B. Hayton,8479343,C. Keller,8479410,M. Sergachev,1,2
2025-11-26,2025020372,2,REG,11:58,UTA,ev,none,wrist,1551,8479977,K. Yamamoto,8482699,D. Guenther,8483431,L. Cooley,2,2
2025-11-26,2025020372,2,REG,13:52,UTA,ev,none,wrist,1551,8479619,M. Carcone,8478831,K. Stenlund,8478507,J. Marino,3,2
2025-11-26,2025020372,3,REG,03:20,MTL,pp,none,wrist,1541,8480018,N. Suzuki,8482737,Z. Bolduc,8475848,B. Gallagher,3,3
2025-11-26,2025020372,3,REG,04:47,MTL,ev,none,snap,1551,8484984,I. Demidov,8482775,O. Kapanen,8480865,N. Dobson,3,4
2025-11-26,2025020373,1,REG,00:51,OTT,ev,none,wrist,1551,8481596,S. Pinto,8482105,J. Sanderson,8473512,C. Giroux,0,1
2025-11-26,2025020373,1,REG,13:04,OTT,pp,none,slap,1541,8482105,J. Sanderson,8473512,C. Giroux,8482116,T. Stützle,0,2
2025-11-26,2025020373,1,REG,16:52,VGK,ev,none,backhand,1551,8479353,B. Howden,8478483,M. Marner,8477447,S. Theodore,1,2
2025-11-26,2025020373,1,REG,19:43,OTT,ev,none,snap,1551,8480208,D. Batherson,8482116,T. Stützle,8482105,J. Sanderson,1,3
2025-11-26,2025020373,2,REG,02:09,VGK,ev,none,backhand,1551,8478403,J. Eichel,8477964,I. Barbashev,8483890,B. Bowman,2,3
2025-11-26,2025020373,3,REG,06:40,VGK,pp,none,wrist,1451,8475913,M. Stone,,,,,3,3
2025-11-26,2025020373,5,SO,00:00,OTT,ev,none,wrist,0101,8481596,S. Pinto,,,,,3,4
2025-11-26,2025020374,1,REG,09:49,VAN,ev,none,snap,1551,8481024,L. Karlsson,8484136,M. Sasson,8477969,M. Pettersson,0,1
2025-11-26,2025020374,1,REG,11:47,VAN,pp,none,snap,1541,8475169,E. Kane,8484240,T. Willander,8479425,F. Hronek,0,2
2025-11-26,2025020374,2,REG,00:09,ANA,pp,none,snap,1451,8481605,J. LaCombe,8483445,C. Gauthier,,,1,2
2025-11-26,2025020374,2,REG,09:04,VAN,ev,none,backhand,1551,8478856,C. Garland,8478444,B. Boeser,8484240,T. Willander,1,3
2025-11-26,2025020374,2,REG,16:19,ANA,ev,none,backhand,1551,8484153,L. Carlsson,8478873,T. Terry,8482803,O. Zellweger,2,3
2025-11-26,2025020374,2,REG,18:34,ANA,ev,none,wrist,1551,8482745,M. McTavish,8484762,B. Sennecke,8481605,J. LaCombe,3,3
2025-11-26,2025020374,3,REG,15:58,VAN,ev,none,tip-in,1551,8484136,M. Sasson,8479425,F. Hronek,8480800,Q. Hughes,3,4
2025-11-26,2025020374,3,REG,18:08,VAN,ev,empty-net,wrist,1560,8482055,D. O'Connor,8480012,E. Pettersson,,,3,5
2025-11-26,2025020374,3,REG,19:53,ANA,ev,none,tip-in,1560,8483445,C. Gauthier,8481605,J. LaCombe,8475184,C. Kreider,4,5
2025-11-26,2025020375,1,REG,05:52,DAL,ev,none,deflected,1551,8478449,R. Hintz,8475755,A. Petrovic,8473994,J. Benn,0,1
2025-11-26,2025020375,1,REG,09:06,SEA,ev,none,wrist,1551,8477986,B. Montour,8483524,S. Wright,8484800,B. Catton,1,1
2025-11-26,2025020375,2,REG,06:13,DAL,ev,none,wrist,1551,8476902,E. Lindell,8484829,J. Hryckowian,8475794,T. Seguin,1,2
2025-11-26,2025020375,3,REG,00:18,SEA,ev,none,wrist,1551,8478407,V. Dunn,8477955,J. McCann,,,2,2
2025-11-26,2025020375,3,REG,14:16,DAL,ev,none,wrist,1551,8481609,V. Kolyachonok,8475794,T. Seguin,8478476,K. Capobianco,2,3
2025-11-28,2025020377,1,REG,11:29,DET,ev,none,snap,1551,8477456,J. Compher,8479992,M. Rasmussen,,,1,0
2025-11-28,2025020377,1,REG,17:07,TBL,pp,none,slap,1541,8478178,D. Raddysh,8476453,N. Kucherov,8477404,J. Guentzel,1,1
2025-11-28,2025020377,2,REG,00:34,TBL,ev,none,snap,1551,8482201,G. Goncalves,8477416,O. Bjorkstrand,8477426,N. Paul,1,2
2025-11-28,2025020377,2,REG,03:01,TBL,ev,none,snap,1551,8476826,Y. Gourde,,,,,1,3
2025-11-28,2025020377,2,REG,03:13,DET,ev,none,backhand,1551,8479992,M. Rasmussen,8477456,J. Compher,,,2,3
2025-11-28,2025020377,2,REG,16:09,TBL,ev,none,slap,1551,8476826,Y. Gourde,,,,,2,4
2025-11-28,2025020377,2,REG,18:26,DET,ev,none,snap,1551,8477946,D. Larkin,8482078,L. Raymond,8482762,S. Edvinsson,3,4
2025-11-28,2025020377,3,REG,12:37,TBL,ev,none,tip-in,1441,8477404,J. Guentzel,8478178,D. Raddysh,8476453,N. Kucherov,3,5
2025-11-28,2025020377,3,REG,17:13,TBL,ev,empty-net,wrist,1560,8479542,B. Hagel,8478178,D. Raddysh,,,3,6
2025-11-28,2025020376,1,REG,03:28,NYR,ev,none,snap,1551,8478550,A. Panarin,8482157,W. Cuylle,,,0,1
2025-11-28,2025020376,1,REG,12:02,NYR,ev,none,slap,1551,8477369,C. Soucy,8476389,V. Trocheck,8478550,A. Panarin,0,2
2025-11-28,2025020376,2,REG,14:22,NYR,pp,none,slap,1541,8476459,M. Zibanejad,8478550,A. Panarin,8479323,A. Fox,0,3
2025-11-28,2025020376,2,REG,15:07,NYR,pp,none,tip-in,1541,8476459,M. Zibanejad,8478550,A. Panarin,8479323,A. Fox,0,4
2025-11-28,2025020376,3,REG,04:07,BOS,ev,none,snap,1551,8479999,C. Mittelstadt,8477496,E. Lindholm,,,1,4
2025-11-28,2025020376,3,REG,05:49,BOS,ev,none,tip-in,1551,8479987,M. Geekie,8480035,H. Jokiharju,8477496,E. Lindholm,2,4
2025-11-28,2025020376,3,REG,16:36,NYR,ev,empty-net,wrist,1560,8482109,A. Lafrenière,8482666,S. Morrow,,,2,5
2025-11-28,2025020376,3,REG,17:02,NYR,ev,none,tip-in,1551,8478882,V. Gavrikov,8476389,V. Trocheck,8479323,A. Fox,2,6
2025-11-28,2025020378,1,REG,14:54,COL,ev,none,snap,1551,8477492,N. MacKinnon,8477476,A. Lehkonen,,,0,1
2025-11-28,2025020378,2,REG,12:00,MIN,ev,none,deflected,1551,8478864,K. Kaprizov,8484798,Z. Buium,8475692,M. Zuccarello,1,1
2025-11-28,2025020378,2,REG,18:03,MIN,ev,none,snap,1551,8478864,K. Kaprizov,8477451,R. Hartman,8478508,Y. Trenin,2,1
2025-11-28,2025020378,3,REG,11:08,COL,ev,none,wrist,1551,8476455,G. Landeskog,8477492,N. MacKinnon,8480069,C. Makar,2,2
2025-11-28,2025020378,5,SO,00:00,MIN,ev,none,wrist,1010,8481557,M. Boldy,,,,,3,2
2025-11-28,2025020379,1,REG,12:07,NJD,ev,none,snap,1551,8480002,N. Hischier,8478414,T. Meier,,,0,1
2025-11-28,2025020379,2,REG,07:45,NJD,ev,none,wrist,1551,8481721,A. Gritsyuk,8476292,O. Palat,8482110,D. Mercer,0,2
2025-11-28,2025020379,3,REG,01:39,NJD,ev,none,slap,1551,8475455,B. Dillon,8477015,C. Brown,8481032,P. Cotter,0,3
2025-11-28,2025020379,3,REG,05:22,NJD,ev,none,backhand,1551,8481032,P. Cotter,8475455,B. Dillon,,,0,4
2025-11-28,2025020379,3,REG,16:49,NJD,ev,none,wrist,1551,8481721,A. Gritsyuk,8476292,O. Palat,,,0,5
2025-11-28,2025020380,1,REG,00:54,FLA,ev,none,snap,1551,8478542,E. Rodrigues,8477933,S. Reinhart,8480003,J. Boqvist,1,0
2025-11-28,2025020380,1,REG,02:58,FLA,ev,none,snap,1551,8477935,S. Bennett,8478421,A. Greer,8477409,C. Verhaeghe,2,0
2025-11-28,2025020380,1,REG,05:35,CGY,ev,none,wrist,1551,8482165,Y. Kuznetsov,8476399,B. Coleman,,,2,1
2025-11-28,2025020380,1,REG,10:41,CGY,ev,none,slap,1551,8477346,M. Weegar,8474150,M. Backlund,8482074,C. Zary,2,2
2025-11-28,2025020380,2,REG,00:55,CGY,pp,none,backhand,1531,8480028,M. Frost,8478397,R. Andersson,8475172,N. Kadri,2,3
2025-11-28,2025020380,2,REG,18:44,CGY,ev,none,tip-in,1551,8475172,N. Kadri,8478397,R. Andersson,8480797,J. Farabee,2,4
2025-11-28,2025020380,3,REG,11:54,FLA,ev,none,wrist,1551,8473419,B. Marchand,8477933,S. Reinhart,8482113,A. Lundell,3,4
2025-11-28,2025020380,3,REG,18:57,CGY,ev,empty-net,snap,1560,8480797,J. Farabee,8475172,N. Kadri,,,3,5
2025-11-28,2025020381,1,REG,08:30,PHI,ev,none,wrist,1551,8482159,T. Foerster,,,,,0,1
2025-11-28,2025020381,1,REG,08:52,PHI,ev,none,snap,1551,8476461,S. Couturier,,,,,0,2
2025-11-28,2025020381,2,REG,01:55,PHI,pp,none,wrist,1541,8481533,T. Zegras,8482126,E. Andrae,8484387,M. Michkov,0,3
2025-11-28,2025020381,2,REG,05:42,NYI,ev,none,snap,1551,8482476,E. Heineman,8477494,J. Drouin,8475151,K. Palmieri,1,3
2025-11-28,2025020381,2,REG,08:11,NYI,ev,none,wrist,1551,8485366,M. Schaefer,8477407,A. Duclair,8477506,R. Pulock,2,3
2025-11-28,2025020381,2,REG,19:13,NYI,pp,none,deflected,1451,8475314,A. Lee,8485702,M. Shabanov,8485366,M. Schaefer,3,3
2025-11-28,2025020381,5,SO,00:00,PHI,ev,none,wrist,0101,8478439,T. Konecny,,,,,3,4
2025-11-28,2025020382,2,REG,07:59,STL,ev,none,wrist,1551,8476897,O. Sundqvist,8478472,M. Joseph,8477573,N. Walker,1,0
2025-11-28,2025020382,2,REG,10:11,OTT,ev,none,wrist,1551,8481596,S. Pinto,8484321,N. Matinpalo,8478020,M. Amadio,1,1
2025-11-28,2025020382,2,REG,18:26,OTT,ev,none,wrist,1551,8480188,F. Zetterlund,8482105,J. Sanderson,8480801,B. Tkachuk,1,2
2025-11-28,2025020382,3,REG,02:01,STL,ev,none,backhand,1551,8479385,J. Kyrou,8482089,J. Neighbours,8480023,R. Thomas,2,2
2025-11-28,2025020382,3,REG,05:33,STL,ev,none,snap,1551,8477402,P. Buchnevich,8475170,B. Schenn,8481598,P. Broberg,3,2
2025-11-28,2025020382,3,REG,07:31,OTT,ev,none,backhand,1551,8474102,D. Perron,,,,,3,3
2025-11-28,2025020382,3,REG,09:19,STL,ev,none,backhand,1551,8482516,M. Kessel,8482077,D. Holloway,8480459,P. Suter,4,3
2025-11-28,2025020383,1,REG,14:30,MTL,ev,none,wrist,0651,8482737,Z. Bolduc,8483515,J. Slafkovský,8481540,C. Caufield,0,1
2025-11-28,2025020383,2,REG,02:04,MTL,ev,none,snap,1551,8481540,C. Caufield,8482737,Z. Bolduc,8478851,A. Carrier,0,2
2025-11-28,2025020383,3,REG,03:36,MTL,ev,none,wrist,1551,8478133,J. Evans,8480074,A. Texier,8476875,M. Matheson,0,3
2025-11-28,2025020383,3,REG,15:16,VGK,ev,none,wrist,1551,8475913,M. Stone,8478483,M. Marner,8477018,B. Hutton,1,3
2025-11-28,2025020383,3,REG,18:03,MTL,ev,empty-net,wrist,1560,8483515,J. Slafkovský,8480018,N. Suzuki,,,1,4
2025-11-28,2025020384,1,REG,17:48,LAK,ev,none,tip-in,1551,8482155,A. Laferriere,8479675,T. Moore,8475208,B. Dumoulin,0,1
2025-11-28,2025020384,2,REG,09:00,ANA,pp,none,tip-in,1451,8475184,C. Kreider,8478873,T. Terry,8484153,L. Carlsson,1,1
2025-11-28,2025020384,2,REG,10:03,LAK,ev,none,snap,1551,8477942,K. Fiala,8482124,Q. Byfield,8482730,B. Clarke,1,2
2025-11-28,2025020384,2,REG,11:02,ANA,ev,none,wrist,1551,8482803,O. Zellweger,8473986,A. Killorn,8484153,L. Carlsson,2,2
2025-11-28,2025020384,3,REG,03:23,LAK,ev,none,tip-in,1551,8481532,A. Turcotte,8482730,B. Clarke,8475208,B. Dumoulin,2,3
2025-11-28,2025020384,3,REG,06:53,LAK,ev,none,slap,1551,8476441,J. Edmundson,8479998,M. Anderson,8479675,T. Moore,2,4
2025-11-28,2025020384,3,REG,10:42,ANA,ev,none,snap,1551,8483490,P. Mintyukov,8484762,B. Sennecke,8482745,M. McTavish,3,4
2025-11-28,2025020384,3,REG,18:29,ANA,ev,none,snap,1560,8484153,L. Carlsson,8481605,J. LaCombe,8482745,M. McTavish,4,4
2025-11-28,2025020384,5,SO,00:00,ANA,ev,none,wrist,1010,8478873,T. Terry,,,,,5,4
2025-11-28,2025020385,1,REG,04:28,VAN,ev,none,wrist,1551,8478444,B. Boeser,8478856,C. Garland,8484240,T. Willander,0,1
2025-11-28,2025020385,1,REG,09:25,SJS,pp,none,wrist,1451,8484227,W. Smith,8477505,A. Wennberg,8484801,M. Celebrini,1,1
2025-11-28,2025020385,2,REG,03:04,VAN,ev,none,wrist,1551,8480012,E. Pettersson,8475169,E. Kane,8479425,F. Hronek,1,2
2025-11-28,2025020385,2,REG,14:03,SJS,pp,none,slap,1351,8482667,W. Eklund,8484801,M. Celebrini,8475906,J. Klingberg,2,2
2025-11-28,2025020385,2,REG,15:17,SJS,ev,none,backhand,1551,8478874,A. Gaudette,8480798,P. Kurashev,8475726,T. Toffoli,3,2
2025-11-28,2025020386,1,REG,03:07,TOR,ev,none,snap,1551,8476853,M. Rielly,8475171,O. Ekman-Larsson,8478462,N. Roy,0,1
2025-11-28,2025020386,2,REG,02:49,TOR,ev,none,snap,1551,8482720,M. Knies,8479318,A. Matthews,8479442,T. Stecher,0,2
2025-11-28,2025020386,2,REG,13:18,WSH,ev,none,backhand,1551,8481580,C. McMichael,8481656,A. Protas,8476880,T. Wilson,1,2
2025-11-28,2025020386,3,REG,13:16,WSH,ev,none,snap,1551,8478463,A. Beauvillier,8471214,A. Ovechkin,8478440,D. Strome,2,2
2025-11-28,2025020386,3,REG,16:04,WSH,ev,none,slap,1551,8479345,J. Chychrun,8484186,R. Leonard,8481580,C. McMichael,3,2
2025-11-28,2025020386,3,REG,19:58,WSH,ev,empty-net,slap,0651,8476880,T. Wilson,,,,,4,2
2025-11-28,2025020387,1,REG,16:06,CAR,ev,none,snap,1551,8482093,S. Jarvis,8476906,S. Gostisbehere,8478427,S. Aho,1,0
2025-11-28,2025020387,2,REG,10:41,WPG,ev,none,wrist,1551,8476460,M. Scheifele,8480014,G. Vilardi,,,1,1
2025-11-28,2025020387,3,REG,11:52,CAR,ev,none,snap,1551,8476921,J. Martinook,8476873,M. Jankowski,8476906,S. Gostisbehere,2,1
2025-11-28,2025020387,3,REG,12:39,CAR,ev,none,snap,1551,8482093,S. Jarvis,8480817,K. Miller,8480830,A. Svechnikov,3,1
2025-11-28,2025020387,3,REG,18:57,CAR,ev,empty-net,backhand,0651,8482093,S. Jarvis,8480830,A. Svechnikov,,,4,1
2025-11-28,2025020387,3,REG,19:37,CAR,ev,none,slap,1551,8482100,A. Nikishin,8482785,J. Robidas,8480762,E. Robinson,5,1
2025-11-28,2025020388,1,REG,06:10,PIT,ev,none,tip-in,1551,8471675,S. Crosby,8471724,K. Letang,,,0,1
2025-11-28,2025020388,1,REG,13:40,CBJ,ev,none,wrist,1551,8477497,S. Monahan,8474090,B. Smith,8476923,D. Severson,1,1
2025-11-28,2025020388,2,REG,03:51,CBJ,sh,none,tip-in,1541,8476867,B. Gaunce,8477425,M. Wood,8478460,Z. Werenski,2,1
2025-11-28,2025020388,2,REG,19:56,CBJ,ev,none,slap,1551,8478460,Z. Werenski,8475745,C. Coyle,,,3,1
2025-11-28,2025020388,3,REG,00:13,PIT,ev,none,snap,1551,8475810,B. Rust,8474578,E. Karlsson,,,3,2
2025-11-28,2025020388,3,REG,08:28,PIT,ev,none,snap,1551,8471675,S. Crosby,8478438,T. Novak,8478450,P. Wotherspoon,3,3
2025-11-28,2025020388,4,OT,00:59,PIT,ev,none,snap,1331,8471724,K. Letang,8478438,T. Novak,,,3,4
2025-11-28,2025020389,1,REG,19:10,CHI,ev,none,snap,1551,8477987,R. Donato,8483506,S. Rinzel,8477444,A. Burakovsky,1,0
2025-11-28,2025020389,2,REG,01:46,NSH,ev,none,wrist,1551,8484241,M. Wood,8479980,N. Hague,,,1,1
2025-11-28,2025020389,2,REG,07:18,NSH,ev,none,backhand,1551,8474564,S. Stamkos,8483565,N. Blankenburg,8482768,F. Svechkov,1,2
2025-11-28,2025020389,2,REG,15:14,CHI,pp,none,snap,1451,8483450,R. Greene,8484197,O. Moore,,,2,2
2025-11-28,2025020389,2,REG,16:27,NSH,ev,none,wrist,1551,8482146,L. Evangelista,8474564,S. Stamkos,8475158,R. O'Reilly,2,3
2025-11-28,2025020389,3,REG,07:15,NSH,ev,none,wrist,1551,8475158,R. O'Reilly,8482146,L. Evangelista,8480246,N. Perbix,2,4
2025-11-28,2025020389,3,REG,10:28,CHI,ev,none,wrist,1551,8476882,T. Teravainen,8482176,W. Kaiser,8483493,F. Nazar,3,4
2025-11-28,2025020390,1,REG,00:57,UTA,ev,none,snap,1551,8483431,L. Cooley,8482699,D. Guenther,8479977,K. Yamamoto,0,1
2025-11-28,2025020390,1,REG,12:17,UTA,ev,none,snap,1551,8479291,K. Rooney,8478507,J. Marino,8479619,M. Carcone,0,2
2025-11-28,2025020390,1,REG,17:38,DAL,pp,none,tip-in,1451,8478449,R. Hintz,8478420,M. Rantanen,8480036,M. Heiskanen,1,2
2025-11-28,2025020390,2,REG,08:16,DAL,ev,none,snap,1551,8473994,J. Benn,8475755,A. Petrovic,,,2,2
2025-11-28,2025020390,2,REG,09:18,DAL,ev,none,backhand,1551,8480027,J. Robertson,8478476,K. Capobianco,8484829,J. Hryckowian,3,2
2025-11-28,2025020390,2,REG,16:14,UTA,ev,none,backhand,1551,8480855,J. McBain,8478474,L. Crouse,8478507,J. Marino,3,3
2025-11-28,2025020390,2,REG,18:33,DAL,pp,none,snap,1351,8482740,W. Johnston,8478420,M. Rantanen,8480036,M. Heiskanen,4,3
2025-11-29,2025020391,1,REG,10:53,TBL,ev,none,wrist,1551,8479542,B. Hagel,8478178,D. Raddysh,8476453,N. Kucherov,0,1
2025-11-29,2025020391,2,REG,08:57,TBL,ev,none,wrist,1551,8479542,B. Hagel,8476453,N. Kucherov,8478178,D. Raddysh,0,2
2025-11-29,2025020391,2,REG,17:31,NYR,ev,none,deflected,1551,8476468,J. Miller,8479323,A. Fox,8476459,M. Zibanejad,1,2
2025-11-29,2025020391,3,REG,02:02,TBL,ev,none,tip-in,1551,8477426,N. Paul,8476453,N. Kucherov,8480426,C. D'Astous,1,3
2025-11-29,2025020391,3,REG,19:42,TBL,ev,empty-net,wrist,1560,8477404,J. Guentzel,8476826,Y. Gourde,8478178,D. Raddysh,1,4
2025-11-29,2025020392,1,REG,07:32,COL,ev,none,wrist,1551,8475754,B. Nelson,8477476,A. Lehkonen,8481641,J. Kiviranta,1,0
2025-11-29,2025020392,1,REG,13:25,COL,ev,none,wrist,1551,8476455,G. Landeskog,8475754,B. Nelson,8479525,R. Colton,2,0
2025-11-29,2025020392,2,REG,00:50,COL,ev,none,snap,1551,8470613,B. Burns,8475754,B. Nelson,,,3,0
2025-11-29,2025020392,2,REG,03:55,COL,ev,none,snap,1551,8475754,B. Nelson,8480039,M. Necas,8477476,A. Lehkonen,4,0
2025-11-29,2025020392,2,REG,08:27,MTL,ev,none,snap,1551,8484984,I. Demidov,8483515,J. Slafkovský,8482775,O. Kapanen,4,1
2025-11-29,2025020392,2,REG,19:05,COL,ev,none,wrist,1441,8477492,N. MacKinnon,8476455,G. Landeskog,8480069,C. Makar,5,1
2025-11-29,2025020392,3,REG,02:51,COL,ev,none,wrist,1551,8478038,D. Toews,8480039,M. Necas,8477492,N. MacKinnon,6,1
2025-11-29,2025020392,3,REG,05:10,MTL,pp,none,slap,1541,8483457,L. Hutson,8481540,C. Caufield,8480018,N. Suzuki,6,2
2025-11-29,2025020392,3,REG,06:52,COL,pp,none,tip-in,1451,8476455,G. Landeskog,8477492,N. MacKinnon,8480039,M. Necas,7,2
2025-11-29,2025020393,1,REG,11:29,EDM,pp,none,wrist,1541,8476454,R. Nugent-Hopkins,8480803,E. Bouchard,8478402,C. McDavid,0,1
2025-11-29,2025020393,2,REG,12:30,EDM,ev,none,wrist,1551,8477934,L. Draisaitl,8478233,A. Mangiapane,8480834,T. Emberson,0,2
2025-11-29,2025020393,2,REG,18:51,EDM,pp,none,deflected,1541,8475786,Z. Hyman,8477934,L. Draisaitl,8476454,R. Nugent-Hopkins,0,3
2025-11-29,2025020393,3,REG,06:25,EDM,ev,none,wrist,1551,8478402,C. McDavid,8475786,Z. Hyman,8475218,M. Ekholm,0,4
2025-11-29,2025020394,2,REG,04:25,BOS,ev,none,tip-in,1551,8479987,M. Geekie,8477496,E. Lindholm,,,1,0
2025-11-29,2025020394,3,REG,06:38,DET,ev,none,tip-in,1551,8482078,L. Raymond,8477946,D. Larkin,8484471,E. Finnie,1,1
2025-11-29,2025020394,3,REG,13:39,BOS,pp,none,snap,1451,8479987,M. Geekie,8479999,C. Mittelstadt,8477496,E. Lindholm,2,1
2025-11-29,2025020394,3,REG,18:06,DET,ev,none,tip-in,0651,8479992,M. Rasmussen,8474141,P. Kane,8477946,D. Larkin,2,2
2025-11-29,2025020394,5,SO,00:00,BOS,ev,none,backhand,1010,8479999,C. Mittelstadt,,,,,3,2
2025-11-29,2025020395,1,REG,05:18,PHI,ev,none,backhand,1551,8480015,O. Tippett,8477989,C. Dvorak,8481533,T. Zegras,0,1
2025-11-29,2025020395,1,REG,12:09,NJD,ev,none,slap,1551,8483495,S. Nemec,8479407,J. Bratt,8480002,N. Hischier,1,1
2025-11-29,2025020395,2,REG,00:53,PHI,ev,none,backhand,1551,8484387,M. Michkov,8478439,T. Konecny,8477948,T. Sanheim,1,2
2025-11-29,2025020395,2,REG,03:16,PHI,ev,none,deflected,1551,8484387,M. Michkov,8478439,T. Konecny,8481546,C. York,1,3
2025-11-29,2025020395,2,REG,13:03,PHI,ev,none,slap,1551,8481533,T. Zegras,8480015,O. Tippett,,,1,4
2025-11-29,2025020395,2,REG,19:33,NJD,pp,none,wrist,1451,8478414,T. Meier,8482110,D. Mercer,8479407,J. Bratt,2,4
2025-11-29,2025020395,3,REG,06:28,NJD,ev,none,backhand,1551,8482110,D. Mercer,,,,,3,4
2025-11-29,2025020395,3,REG,19:11,PHI,ev,awarded-empty-net,,1560,8480015,O. Tippett,,,,,3,5
2025-11-29,2025020396,1,REG,06:46,TOR,ev,none,snap,1551,8475171,O. Ekman-Larsson,8482720,M. Knies,8479318,A. Matthews,0,1
2025-11-29,2025020396,1,REG,08:14,PIT,pp,none,bat,1451,8485414,B. Kindel,8471675,S. Crosby,8475810,B. Rust,1,1
2025-11-29,2025020396,1,REG,11:06,TOR,ev,none,slap,1551,8484158,E. Cowan,8477939,W. Nylander,8476853,M. Rielly,1,2
2025-11-29,2025020396,2,REG,02:24,TOR,ev,none,tip-in,1551,8482259,B. McMann,8476853,M. Rielly,8475171,O. Ekman-Larsson,1,3
2025-11-29,2025020396,2,REG,04:53,TOR,ev,none,wrist,1551,8478057,D. Joshua,8478462,N. Roy,8479442,T. Stecher,1,4
2025-11-29,2025020396,2,REG,13:58,TOR,pp,none,snap,1541,8478462,N. Roy,8477503,M. Domi,8482259,B. McMann,1,5
2025-11-29,2025020396,3,REG,04:37,PIT,ev,none,backhand,1551,8471675,S. Crosby,8475763,K. Hayes,,,2,5
2025-11-29,2025020396,3,REG,07:14,TOR,ev,none,snap,1551,8479318,A. Matthews,8477503,M. Domi,8482720,M. Knies,2,6
2025-11-29,2025020396,3,REG,13:16,TOR,ev,none,snap,1551,8481582,N. Robertson,,,,,2,7
2025-11-29,2025020397,1,REG,00:47,WPG,ev,none,snap,1551,8480014,G. Vilardi,8476460,M. Scheifele,8480049,D. Samberg,0,1
2025-11-29,2025020397,1,REG,19:06,WPG,ev,none,snap,1551,8475799,N. Niederreiter,8474568,L. Schenn,8480049,D. Samberg,0,2
2025-11-29,2025020397,2,REG,12:18,WPG,ev,none,wrist,1551,8482149,C. Perfetti,8476480,V. Namestnikov,8473604,J. Toews,0,3
2025-11-29,2025020397,2,REG,17:02,NSH,pp,none,slap,1451,8483565,N. Blankenburg,8482146,L. Evangelista,8475287,E. Haula,1,3
2025-11-29,2025020397,3,REG,02:45,NSH,ev,none,backhand,1551,8482146,L. Evangelista,8475287,E. Haula,8474600,R. Josi,2,3
2025-11-29,2025020397,3,REG,09:37,WPG,ev,none,tip-in,1551,8478398,K. Connor,8474568,L. Schenn,8480014,G. Vilardi,2,4
2025-11-29,2025020397,3,REG,19:39,WPG,ev,empty-net,backhand,1560,8475799,N. Niederreiter,8480113,A. Iafallo,8480049,D. Samberg,2,5
2025-11-29,2025020398,2,REG,18:10,STL,ev,none,wrist,1551,8482077,D. Holloway,8481598,P. Broberg,8480023,R. Thomas,1,0
2025-11-29,2025020399,1,REG,09:37,MIN,ev,none,snap,1551,8478864,K. Kaprizov,8475692,M. Zuccarello,8483525,D. Yurov,1,0
2025-11-29,2025020399,1,REG,12:42,BUF,ev,none,deflected,1551,8479359,B. Malenstyn,8481522,P. Krebs,8482623,J. Dunne,1,1
2025-11-29,2025020399,1,REG,14:05,MIN,ev,none,wrist,1551,8481557,M. Boldy,,,,,2,1
2025-11-29,2025020399,3,REG,06:01,BUF,ev,none,wrist,1551,8482659,J. Doan,8477949,A. Tuch,8483500,N. Ostlund,2,2
2025-11-29,2025020399,5,SO,00:00,BUF,ev,none,wrist,0101,8483500,N. Ostlund,,,,,2,3
2025-11-29,2025020400,1,REG,07:34,SJS,ev,none,snap,1551,8484227,W. Smith,8475726,T. Toffoli,8475200,D. Orlov,0,1
2025-11-29,2025020400,1,REG,16:13,VGK,ev,none,wrist,1551,8476881,T. Hertl,8481604,P. Dorofeyev,8477018,B. Hutton,1,1
2025-11-29,2025020400,2,REG,05:36,VGK,ev,none,poke,1551,8476925,C. Sissons,8478434,K. Kolesar,8481133,C. Reinhardt,2,1
2025-11-29,2025020400,2,REG,07:02,VGK,ev,none,wrap-around,1551,8478483,M. Marner,8479353,B. Howden,8475913,M. Stone,3,1
2025-11-29,2025020400,2,REG,12:38,VGK,pp,none,tip-in,1451,8476881,T. Hertl,8478483,M. Marner,8478403,J. Eichel,4,1
2025-11-29,2025020400,2,REG,14:40,SJS,pp,none,snap,1541,8484227,W. Smith,8484801,M. Celebrini,,,4,2
2025-11-29,2025020400,2,REG,19:35,SJS,ev,none,backhand,1551,8482667,W. Eklund,8478874,A. Gaudette,8479983,M. Ferraro,4,3
2025-11-29,2025020401,1,REG,17:19,LAK,ev,none,snap,1551,8471685,A. Kopitar,8477960,A. Kempe,8475208,B. Dumoulin,1,0
2025-11-29,2025020401,2,REG,02:52,VAN,ev,none,snap,1551,8475169,E. Kane,8482055,D. O'Connor,8474574,T. Myers,1,1
2025-11-29,2025020401,4,OT,03:58,LAK,ev,none,snap,1331,8477960,A. Kempe,8482124,Q. Byfield,8477942,K. Fiala,2,1
2025-11-30,2025020402,1,REG,07:37,WSH,pp,none,tip-in,1541,8476880,T. Wilson,8471214,A. Ovechkin,8484186,R. Leonard,0,1
2025-11-30,2025020402,2,REG,13:58,WSH,ev,none,backhand,1551,8476880,T. Wilson,,,,,0,2
2025-11-30,2025020402,3,REG,13:43,NYI,pp,none,snap,1451,8477500,B. Horvat,8477506,R. Pulock,8485366,M. Schaefer,1,2
2025-11-30,2025020402,3,REG,18:49,WSH,ev,empty-net,slap,1560,8481656,A. Protas,8478911,M. Roy,8476880,T. Wilson,1,3
2025-11-30,2025020402,3,REG,19:29,WSH,ev,empty-net,wrist,1560,8471214,A. Ovechkin,8478463,A. Beauvillier,,,1,4
2025-11-30,2025020403,1,REG,00:15,ANA,ev,none,snap,1551,8483445,C. Gauthier,8478873,T. Terry,8484153,L. Carlsson,0,1
2025-11-30,2025020403,1,REG,00:47,ANA,ev,none,snap,1551,8482803,O. Zellweger,8478873,T. Terry,8483445,C. Gauthier,0,2
2025-11-30,2025020403,1,REG,10:25,ANA,ev,none,deflected,1551,8475184,C. Kreider,8484762,B. Sennecke,8482745,M. McTavish,0,3
2025-11-30,2025020403,1,REG,17:57,CHI,pp,none,tip-in,1451,8477479,T. Bertuzzi,8483493,F. Nazar,8484144,C. Bedard,1,3
2025-11-30,2025020403,2,REG,06:43,CHI,ev,none,snap,1551,8483450,R. Greene,8484144,C. Bedard,8477444,A. Burakovsky,2,3
2025-11-30,2025020403,2,REG,12:34,CHI,pp,none,snap,1451,8482703,C. Dach,8476882,T. Teravainen,8484783,A. Levshunov,3,3
2025-11-30,2025020403,3,REG,09:55,CHI,ev,none,wrist,1551,8484144,C. Bedard,,,,,4,3
2025-11-30,2025020403,3,REG,18:05,CHI,ev,empty-net,wrist,0651,8484144,C. Bedard,,,,,5,3
2025-11-30,2025020404,4,OT,02:52,CAR,ev,none,snap,1331,8477940,N. Ehlers,8475791,T. Hall,8480336,S. Walker,1,0
2025-11-30,2025020405,2,REG,01:58,DAL,ev,none,tip-in,1551,8482145,M. Bourque,8480950,I. Lyubushkin,8480840,O. Bäck,1,0
2025-11-30,2025020405,2,REG,08:36,OTT,ev,none,wrist,1551,8482105,J. Sanderson,8474102,D. Perron,8476393,N. Cousins,1,1
2025-11-30,2025020405,2,REG,09:20,DAL,ev,none,wrist,1551,8480027,J. Robertson,,,,,2,1
2025-11-30,2025020405,2,REG,15:33,DAL,ev,none,snap,1551,8482740,W. Johnston,8478420,M. Rantanen,8480027,J. Robertson,3,1
2025-11-30,2025020405,3,REG,02:52,DAL,pp,none,snap,1451,8482740,W. Johnston,8478420,M. Rantanen,8478449,R. Hintz,4,1
2025-11-30,2025020405,3,REG,07:24,DAL,ev,none,snap,1551,8473994,J. Benn,8478420,M. Rantanen,8482740,W. Johnston,5,1
2025-11-30,2025020405,3,REG,15:41,DAL,pp,none,snap,1451,8482740,W. Johnston,8478449,R. Hintz,8480027,J. Robertson,6,1
2025-12-01,2025020406,1,REG,01:26,NJD,pp,none,wrist,1451,8480002,N. Hischier,8479407,J. Bratt,8482110,D. Mercer,1,0
2025-12-01,2025020406,1,REG,03:03,NJD,ev,none,wrist,1551,8476292,O. Palat,8481721,A. Gritsyuk,,,2,0
2025-12-01,2025020406,1,REG,09:54,CBJ,pp,none,tip-in,1541,8483485,D. Mateychuk,8475745,C. Coyle,8478500,I. Provorov,2,1
2025-12-01,2025020406,2,REG,01:28,CBJ,ev,none,wrist,1441,8477497,S. Monahan,8482705,C. Sillinger,8478460,Z. Werenski,2,2
2025-12-01,2025020406,3,REG,06:40,CBJ,ev,none,backhand,1551,8475745,C. Coyle,8478460,Z. Werenski,8477425,M. Wood,2,3
2025-12-01,2025020406,3,REG,07:14,CBJ,ev,none,snap,1551,8477497,S. Monahan,8480806,I. Lundestrom,,,2,4
2025-12-01,2025020406,3,REG,11:51,NJD,pp,none,snap,1451,8478414,T. Meier,8479407,J. Bratt,8480002,N. Hischier,3,4
2025-12-01,2025020406,3,REG,13:31,CBJ,ev,none,wrist,1551,8477425,M. Wood,8475745,C. Coyle,,,3,5
2025-12-01,2025020407,1,REG,09:18,PIT,ev,none,snap,1551,8471675,S. Crosby,8475810,B. Rust,8477511,A. Mantha,0,1
2025-12-01,2025020407,2,REG,05:36,PHI,pp,none,wrist,1351,8482159,T. Foerster,8478439,T. Konecny,8481533,T. Zegras,1,1
2025-12-01,2025020407,2,REG,08:08,PIT,pp,none,snap,1541,8471675,S. Crosby,8475810,B. Rust,8474578,E. Karlsson,1,2
2025-12-01,2025020407,2,REG,15:52,PIT,pp,none,wrist,1541,8475810,B. Rust,8471215,E. Malkin,8474578,E. Karlsson,1,3
2025-12-01,2025020407,3,REG,13:52,PIT,pp,none,snap,1541,8478438,T. Novak,8471724,K. Letang,8471215,E. Malkin,1,4
2025-12-01,2025020407,3,REG,15:33,PIT,ev,none,backhand,1551,8475763,K. Hayes,8478450,P. Wotherspoon,,,1,5
2025-12-01,2025020408,1,REG,02:46,BUF,pp,none,tip-in,1451,8475722,J. Zucker,8482659,J. Doan,8480064,J. Norris,1,0
2025-12-01,2025020408,1,REG,03:01,BUF,ev,none,wrist,1551,8481524,B. Byram,8482097,J. Quinn,8479982,C. Timmins,2,0
2025-12-01,2025020408,1,REG,14:54,BUF,ev,none,backhand,1551,8480064,J. Norris,8479420,T. Thompson,8484145,Z. Benson,3,0
2025-12-01,2025020408,2,REG,11:26,WPG,ev,none,slap,1551,8478398,K. Connor,8477504,J. Morrissey,8476460,M. Scheifele,3,1
2025-12-01,2025020408,2,REG,12:49,BUF,ev,none,wrist,1551,8477949,A. Tuch,8482659,J. Doan,,,4,1
2025-12-01,2025020408,3,REG,00:41,BUF,ev,none,backhand,1551,8480064,J. Norris,8484145,Z. Benson,8480839,R. Dahlin,5,1
2025-12-01,2025020409,1,REG,06:33,ANA,ev,none,wrist,1551,8482745,M. McTavish,8484762,B. Sennecke,,,0,1
2025-12-01,2025020409,1,REG,06:53,STL,ev,none,snap,1551,8479385,J. Kyrou,8480023,R. Thomas,8482089,J. Neighbours,1,1
2025-12-01,2025020409,1,REG,10:24,ANA,ev,none,snap,1551,8483490,P. Mintyukov,8482178,I. Moore,,,1,2
2025-12-01,2025020409,3,REG,05:58,ANA,ev,none,tip-in,1551,8484153,L. Carlsson,8475462,R. Gudas,8483490,P. Mintyukov,1,3
2025-12-01,2025020409,3,REG,17:23,ANA,ev,empty-net,wrist,1560,8475184,C. Kreider,8484153,L. Carlsson,,,1,4
2025-12-01,2025020410,1,REG,04:41,SJS,ev,none,wrist,1551,8475726,T. Toffoli,8484801,M. Celebrini,8484227,W. Smith,1,0
2025-12-01,2025020410,1,REG,07:58,SJS,pp,none,tip-in,1451,8483630,P. Regenda,8480798,P. Kurashev,8475200,D. Orlov,2,0
2025-12-01,2025020410,1,REG,09:06,UTA,ev,none,wrist,1551,8478474,L. Crouse,8479619,M. Carcone,,,2,1
2025-12-01,2025020410,1,REG,12:59,SJS,ev,none,wrist,1551,8475726,T. Toffoli,8484801,M. Celebrini,,,3,1
2025-12-01,2025020410,1,REG,16:00,UTA,ev,none,slap,1551,8482175,J. Peterka,8477220,N. Schmidt,8479343,C. Keller,3,2
2025-12-01,2025020410,2,REG,06:16,SJS,ev,none,wrist,1551,8484227,W. Smith,8484801,M. Celebrini,8475726,T. Toffoli,4,2
2025-12-01,2025020410,2,REG,07:25,SJS,ev,none,backhand,1551,8478874,A. Gaudette,8482667,W. Eklund,,,5,2
2025-12-01,2025020410,2,REG,09:09,SJS,ev,none,wrist,1551,8484227,W. Smith,8475726,T. Toffoli,,,6,2
2025-12-01,2025020410,3,REG,06:30,UTA,sh,none,wrist,1451,8478474,L. Crouse,8479410,M. Sergachev,,,6,3
2025-12-02,2025020411,1,REG,03:37,MTL,pp,none,snap,1451,8483515,J. Slafkovský,8481540,C. Caufield,8480018,N. Suzuki,1,0
2025-12-02,2025020411,1,REG,04:01,OTT,ev,none,slap,1551,8480188,F. Zetterlund,8482095,T. Kleven,8481606,J. Spence,1,1
2025-12-02,2025020411,1,REG,16:53,OTT,ev,none,snap,1551,8482245,A. Zub,8480801,B. Tkachuk,8480188,F. Zetterlund,1,2
2025-12-02,2025020411,2,REG,05:48,OTT,ev,none,backhand,1551,8482105,J. Sanderson,8478020,M. Amadio,,,1,3
2025-12-02,2025020411,2,REG,06:58,OTT,ev,none,snap,1551,8480208,D. Batherson,8482095,T. Kleven,8481606,J. Spence,1,4
2025-12-02,2025020411,2,REG,08:50,MTL,pp,none,snap,1451,8480018,N. Suzuki,8481540,C. Caufield,8483457,L. Hutson,2,4
2025-12-02,2025020411,3,REG,12:43,OTT,ev,none,snap,1551,8480801,B. Tkachuk,8482116,T. Stützle,8474102,D. Perron,2,5
2025-12-02,2025020412,1,REG,06:52,DET,ev,none,wrist,1551,8474037,J. van Riemsdyk,8481607,A. Johansson,8481542,M. Seider,1,0
2025-12-02,2025020412,1,REG,13:49,DET,ev,none,wrist,1551,8481542,M. Seider,8474141,P. Kane,8479337,A. DeBrincat,2,0
2025-12-02,2025020412,2,REG,01:35,DET,ev,none,snap,1551,8479337,A. DeBrincat,,,,,3,0
2025-12-02,2025020412,2,REG,11:09,BOS,ev,none,slap,1551,8481219,J. Aspirot,8477507,N. Zadorov,8479661,T. Jeannot,3,1
2025-12-02,2025020412,2,REG,15:38,BOS,ev,none,snap,1551,8482634,A. Steeves,8476854,H. Lindholm,8479987,M. Geekie,3,2
2025-12-02,2025020412,2,REG,16:15,DET,ev,none,snap,1551,8475279,B. Chiarot,8477946,D. Larkin,8482078,L. Raymond,4,2
2025-12-02,2025020412,3,REG,03:55,DET,pp,none,slap,1451,8482078,L. Raymond,8481542,M. Seider,8474141,P. Kane,5,2
2025-12-02,2025020412,3,REG,14:57,BOS,ev,none,tip-in,1441,8482177,M. Khusnutdinov,8476854,H. Lindholm,8479987,M. Geekie,5,3
2025-12-02,2025020412,3,REG,19:48,BOS,ev,none,slap,0651,8482634,A. Steeves,8478401,P. Zacha,8476854,H. Lindholm,5,4
2025-12-02,2025020414,2,REG,00:55,NYI,ev,none,wrist,1551,8477500,B. Horvat,8485702,M. Shabanov,,,1,0
2025-12-02,2025020414,3,REG,05:30,NYI,ev,none,snap,1551,8477407,A. Duclair,8484221,C. Ritchie,8477950,T. DeAngelo,2,0
2025-12-02,2025020414,3,REG,16:26,TBL,ev,none,wrist,1551,8483752,D. James,8482929,E. Lilleberg,8477426,N. Paul,2,1
2025-12-02,2025020415,1,REG,06:51,NYR,ev,none,wrist,1551,8477369,C. Soucy,8483690,N. Laba,8477839,C. Sheary,1,0
2025-12-02,2025020415,1,REG,09:04,DAL,ev,none,snap,1551,8478476,K. Capobianco,,,,,1,1
2025-12-02,2025020415,3,REG,09:32,DAL,ev,none,snap,1551,8478420,M. Rantanen,8482740,W. Johnston,,,1,2
2025-12-02,2025020415,3,REG,17:47,NYR,ev,none,wrist,1560,8482157,W. Cuylle,8476389,V. Trocheck,8478550,A. Panarin,2,2
2025-12-02,2025020415,4,OT,01:09,NYR,ev,none,backhand,1331,8478882,V. Gavrikov,8478550,A. Panarin,8476459,M. Zibanejad,3,2
2025-12-02,2025020413,1,REG,05:24,TOR,ev,none,wrist,1551,8479442,T. Stecher,8482259,B. McMann,8478057,D. Joshua,0,1
2025-12-02,2025020413,1,REG,07:54,TOR,ev,none,wrist,1551,8478057,D. Joshua,8482259,B. McMann,8479442,T. Stecher,0,2
2025-12-02,2025020413,2,REG,14:43,FLA,sh,none,wrist,1541,8477933,S. Reinhart,8482113,A. Lundell,,,1,2
2025-12-02,2025020413,3,REG,12:18,TOR,ev,none,wrist,1551,8476872,S. Laughton,8478904,S. Lorentz,,,1,3
2025-12-02,2025020413,3,REG,19:41,TOR,ev,empty-net,wrist,1560,8475166,J. Tavares,8479318,A. Matthews,8477503,M. Domi,1,4
2025-12-02,2025020416,1,REG,06:24,NSH,ev,none,wrist,1551,8483513,R. Schaefer,8482768,F. Svechkov,8479980,N. Hague,1,0
2025-12-02,2025020416,2,REG,05:04,NSH,ev,none,wrist,1551,8474564,S. Stamkos,8482146,L. Evangelista,8475158,R. O'Reilly,2,0
2025-12-02,2025020416,2,REG,14:25,NSH,ev,none,wrist,1551,8476539,J. Marchessault,8474600,R. Josi,8479980,N. Hague,3,0
2025-12-02,2025020416,2,REG,15:32,NSH,ev,none,wrist,1551,8482103,O. Wiesblatt,8478047,M. Bunting,8481056,S. Stastney,4,0
2025-12-02,2025020416,3,REG,02:59,NSH,ev,none,backhand,1551,8478047,M. Bunting,8482482,A. Wilsby,8479370,T. Jost,5,0
2025-12-02,2025020416,3,REG,13:39,CGY,pp,none,snap,1541,8480028,M. Frost,8475172,N. Kadri,8476456,J. Huberdeau,5,1
2025-12-02,2025020417,1,REG,02:55,VAN,ev,none,backhand,1551,8481024,L. Karlsson,8483395,A. Bains,8482691,A. Räty,0,1
2025-12-02,2025020417,1,REG,19:23,COL,ev,none,snap,1551,8477492,N. MacKinnon,8478038,D. Toews,8484258,S. Malinski,1,1
2025-12-02,2025020417,2,REG,13:52,COL,ev,none,snap,1551,8475754,B. Nelson,8476455,G. Landeskog,8479525,R. Colton,2,1
2025-12-02,2025020417,2,REG,19:26,COL,ev,none,slap,1551,8477492,N. MacKinnon,8476455,G. Landeskog,8476312,J. Manson,3,1
2025-12-02,2025020418,1,REG,13:11,MIN,ev,none,slap,1551,8476463,J. Brodin,8481477,N. Sturm,,,0,1
2025-12-02,2025020419,1,REG,00:27,VGK,ev,none,wrist,1551,8477964,I. Barbashev,8483890,B. Bowman,8477447,S. Theodore,1,0
2025-12-02,2025020419,1,REG,01:23,CHI,ev,none,wrist,1551,8484197,O. Moore,8477479,T. Bertuzzi,8483493,F. Nazar,1,1
2025-12-02,2025020419,2,REG,11:22,CHI,ev,none,wrist,1551,8477479,T. Bertuzzi,,,,,1,2
2025-12-02,2025020419,2,REG,17:19,VGK,ev,none,slap,1551,8477018,B. Hutton,8475913,M. Stone,,,2,2
2025-12-02,2025020419,3,REG,04:45,CHI,ev,none,snap,1551,8484144,C. Bedard,8477444,A. Burakovsky,8483450,R. Greene,2,3
2025-12-02,2025020419,3,REG,17:32,VGK,ev,none,backhand,1551,8483890,B. Bowman,8477447,S. Theodore,8477964,I. Barbashev,3,3
2025-12-02,2025020419,5,SO,00:00,VGK,ev,none,backhand,1010,8477447,S. Theodore,,,,,4,3
2025-12-02,2025020420,1,REG,14:50,WSH,pp,none,wrist,1541,8476880,T. Wilson,8484186,R. Leonard,8471214,A. Ovechkin,0,1
2025-12-02,2025020420,2,REG,05:28,LAK,ev,none,tip-in,1551,8477960,A. Kempe,8471685,A. Kopitar,8479675,T. Moore,1,1
2025-12-02,2025020420,3,REG,01:18,WSH,ev,none,tip-in,1551,8478463,A. Beauvillier,8481580,C. McMichael,8471214,A. Ovechkin,1,2
2025-12-02,2025020420,3,REG,18:18,WSH,ev,empty-net,wrist,1560,8481656,A. Protas,8480796,M. Fehérváry,8474590,J. Carlson,1,3
2025-12-03,2025020421,2,REG,11:34,DAL,ev,none,snap,1551,8480036,M. Heiskanen,8478449,R. Hintz,8473994,J. Benn,0,1
2025-12-03,2025020421,2,REG,17:36,DAL,ev,none,wrist,1551,8480027,J. Robertson,8476902,E. Lindell,8473994,J. Benn,0,2
2025-12-03,2025020421,3,REG,07:05,DAL,ev,none,wrist,1551,8478420,M. Rantanen,8476902,E. Lindell,8480036,M. Heiskanen,0,3
2025-12-03,2025020422,1,REG,18:35,WPG,ev,none,snap,1551,8476460,M. Scheifele,8478398,K. Connor,8476331,D. DeMelo,0,1
2025-12-03,2025020422,2,REG,09:59,MTL,pp,none,snap,1451,8483515,J. Slafkovský,8481540,C. Caufield,8480018,N. Suzuki,1,1
2025-12-03,2025020422,2,REG,11:53,WPG,ev,none,snap,1551,8478398,K. Connor,8480014,G. Vilardi,8476460,M. Scheifele,1,2
2025-12-03,2025020422,2,REG,14:03,MTL,ev,none,snap,1551,8482775,O. Kapanen,8484984,I. Demidov,8480074,A. Texier,2,2
2025-12-03,2025020422,5,SO,00:00,MTL,ev,none,snap,1010,8481540,C. Caufield,,,,,3,2
2025-12-03,2025020423,1,REG,04:08,BUF,pp,none,snap,1541,8475722,J. Zucker,8482659,J. Doan,8480064,J. Norris,0,1
2025-12-03,2025020423,1,REG,08:26,PHI,pp,none,snap,1451,8478439,T. Konecny,8484387,M. Michkov,8477948,T. Sanheim,1,1
2025-12-03,2025020423,1,REG,09:04,PHI,pp,none,snap,1451,8481533,T. Zegras,8477948,T. Sanheim,8478439,T. Konecny,2,1
2025-12-03,2025020423,1,REG,09:25,PHI,ev,none,wrist,1551,8481553,B. Brink,8480220,N. Cates,8483733,N. Grebenkin,3,1
2025-12-03,2025020423,2,REG,01:45,PHI,ev,none,snap,1551,8480220,N. Cates,8481553,B. Brink,8482142,J. Drysdale,4,1
2025-12-03,2025020423,2,REG,11:48,BUF,ev,none,wrist,1551,8481524,B. Byram,8477949,A. Tuch,8482097,J. Quinn,4,2
2025-12-03,2025020423,2,REG,12:43,PHI,ev,none,bat,1551,8480015,O. Tippett,8484387,M. Michkov,8476461,S. Couturier,5,2
2025-12-03,2025020424,1,REG,05:59,UTA,ev,none,backhand,1551,8478474,L. Crouse,8479619,M. Carcone,8480855,J. McBain,0,1
2025-12-03,2025020424,1,REG,10:30,UTA,ev,none,backhand,1551,8482699,D. Guenther,8474013,I. Cole,,,0,2
2025-12-03,2025020424,2,REG,05:43,UTA,ev,none,snap,1551,8474013,I. Cole,8483472,M. Lamoureux,8482175,J. Peterka,0,3
2025-12-03,2025020424,2,REG,14:34,UTA,ev,none,snap,1551,8482175,J. Peterka,8477951,N. Schmaltz,8479343,C. Keller,0,4
2025-12-03,2025020424,3,REG,01:41,UTA,ev,none,snap,1551,8477070,L. O'Brien,8480855,J. McBain,8480434,S. Durzi,0,5
2025-12-03,2025020424,3,REG,10:06,UTA,pp,none,snap,1541,8482175,J. Peterka,8482699,D. Guenther,8479343,C. Keller,0,6
2025-12-03,2025020424,3,REG,12:52,UTA,ev,none,snap,1551,8479343,C. Keller,8482175,J. Peterka,8477951,N. Schmaltz,0,7
2025-12-03,2025020425,1,REG,08:25,WSH,ev,none,wrist,1551,8471214,A. Ovechkin,8478911,M. Roy,,,0,1
2025-12-03,2025020425,1,REG,10:05,WSH,ev,none,wrist,1551,8477947,S. Milano,8480990,D. Chisholm,8477845,T. van Riemsdyk,0,2
2025-12-03,2025020425,1,REG,13:35,WSH,ev,none,wrist,1551,8484186,R. Leonard,8477845,T. van Riemsdyk,8479520,B. Duhaime,0,3
2025-12-03,2025020425,1,REG,17:07,WSH,sh,none,backhand,1451,8479520,B. Duhaime,8481656,A. Protas,,,0,4
2025-12-03,2025020425,2,REG,02:41,WSH,pp,none,slap,1541,8471214,A. Ovechkin,8484186,R. Leonard,8479345,J. Chychrun,0,5
2025-12-03,2025020425,2,REG,19:34,WSH,ev,none,tip-in,1551,8478440,D. Strome,8478911,M. Roy,8484186,R. Leonard,0,6
2025-12-03,2025020425,3,REG,01:03,WSH,ev,none,backhand,1551,8484186,R. Leonard,8478911,M. Roy,8479292,C. Lindgren,0,7
2025-12-03,2025020425,3,REG,12:58,SJS,pp,none,tip-in,1451,8483630,P. Regenda,8475200,D. Orlov,8478874,A. Gaudette,1,7
2025-12-04,2025020426,1,REG,06:30,BOS,ev,none,snap,1551,8482634,A. Steeves,8479987,M. Geekie,8477496,E. Lindholm,1,0
2025-12-04,2025020426,1,REG,11:25,BOS,ev,none,snap,1551,8479987,M. Geekie,8477496,E. Lindholm,8482634,A. Steeves,2,0
2025-12-04,2025020426,2,REG,01:59,STL,ev,none,snap,1551,8477402,P. Buchnevich,8476892,C. Parayko,,,2,1
2025-12-04,2025020426,2,REG,06:04,BOS,ev,none,slap,1551,8478042,V. Arvidsson,8482511,M. Lohrei,,,3,1
2025-12-04,2025020426,2,REG,12:26,BOS,ev,none,wrist,1551,8478401,P. Zacha,8478042,V. Arvidsson,8482511,M. Lohrei,4,1
2025-12-04,2025020426,2,REG,19:59,BOS,pp,none,wrist,1451,8478401,P. Zacha,8477496,E. Lindholm,8479987,M. Geekie,5,1
2025-12-04,2025020426,3,REG,09:07,STL,ev,none,wrist,1551,8480459,P. Suter,8482077,D. Holloway,8479385,J. Kyrou,5,2
2025-12-04,2025020427,1,REG,03:19,NYR,ev,none,wrist,1551,8476459,M. Zibanejad,8476468,J. Miller,8478550,A. Panarin,0,1
2025-12-04,2025020427,1,REG,09:45,NYR,ev,none,snap,1551,8478882,V. Gavrikov,8482073,B. Schneider,8476468,J. Miller,0,2
2025-12-04,2025020427,1,REG,18:30,OTT,pp,none,wrist,1451,8481528,D. Cozens,8480208,D. Batherson,8482105,J. Sanderson,1,2
2025-12-04,2025020427,2,REG,07:24,NYR,ev,none,wrist,1551,8478840,W. Borgen,8477369,C. Soucy,8477380,J. Brodzinski,1,3
2025-12-04,2025020427,3,REG,13:08,OTT,pp,none,deflected,1451,8480208,D. Batherson,8480801,B. Tkachuk,8482105,J. Sanderson,2,3
2025-12-04,2025020427,3,REG,19:16,NYR,ev,empty-net,snap,1560,8478550,A. Panarin,8476468,J. Miller,8476389,V. Trocheck,2,4
2025-12-04,2025020428,1,REG,06:12,PIT,pp,none,snap,1541,8482758,V. Koivunen,8471724,K. Letang,8478438,T. Novak,0,1
2025-12-04,2025020428,2,REG,07:53,PIT,ev,none,wrist,1551,8471215,E. Malkin,,,,,0,2
2025-12-04,2025020428,2,REG,09:49,PIT,pp,none,tip-in,1541,8485414,B. Kindel,8474578,E. Karlsson,8471215,E. Malkin,0,3
2025-12-04,2025020428,2,REG,18:46,TBL,ev,none,tip-in,1551,8476453,N. Kucherov,8478178,D. Raddysh,8477404,J. Guentzel,1,3
2025-12-04,2025020428,3,REG,01:17,TBL,pp,none,slap,1451,8479542,B. Hagel,8476453,N. Kucherov,8478178,D. Raddysh,2,3
2025-12-04,2025020428,3,REG,11:44,TBL,ev,none,snap,1551,8479542,B. Hagel,8477426,N. Paul,8482201,G. Goncalves,3,3
2025-12-04,2025020428,3,REG,17:17,PIT,ev,none,wrist,1551,8471215,E. Malkin,8478438,T. Novak,8477511,A. Mantha,3,4
2025-12-04,2025020429,1,REG,16:26,FLA,ev,none,wrist,1551,8477409,C. Verhaeghe,8477935,S. Bennett,8478421,A. Greer,1,0
2025-12-04,2025020429,3,REG,13:41,NSH,ev,none,backhand,1551,8475158,R. O'Reilly,8478047,M. Bunting,8479980,N. Hague,1,1
2025-12-04,2025020429,4,OT,04:03,NSH,ev,none,wrist,1331,8474564,S. Stamkos,8475158,R. O'Reilly,8474600,R. Josi,1,2
2025-12-04,2025020430,1,REG,05:56,NYI,ev,none,snap,1551,8481237,K. MacLean,8477506,R. Pulock,8483553,M. Gatcomb,1,0
2025-12-04,2025020430,1,REG,18:20,NYI,ev,none,snap,1551,8475314,A. Lee,8478445,M. Barzal,,,2,0
2025-12-04,2025020430,2,REG,06:58,NYI,ev,none,snap,1551,8477500,B. Horvat,8485366,M. Schaefer,8477506,R. Pulock,3,0
2025-12-04,2025020430,2,REG,07:59,NYI,ev,none,snap,1551,8476917,A. Pelech,8478445,M. Barzal,8475314,A. Lee,4,0
2025-12-04,2025020430,2,REG,08:39,COL,ev,none,deflected,1551,8477501,V. Nichushkin,8484258,S. Malinski,8475754,B. Nelson,4,1
2025-12-04,2025020430,2,REG,10:04,COL,ev,none,wrist,1551,8480039,M. Necas,8478109,V. Olofsson,8470613,B. Burns,4,2
2025-12-04,2025020430,2,REG,18:46,NYI,pp,none,backhand,1451,8478445,M. Barzal,8485702,M. Shabanov,8477500,B. Horvat,5,2
2025-12-04,2025020430,3,REG,01:27,COL,ev,none,slap,1551,8477476,A. Lehkonen,8480069,C. Makar,8480039,M. Necas,5,3
2025-12-04,2025020430,3,REG,18:45,NYI,ev,empty-net,snap,0651,8475231,C. Cizikas,,,,,6,3
2025-12-04,2025020431,1,REG,00:53,TOR,ev,none,snap,1551,8482259,B. McMann,8478462,N. Roy,8476931,J. McCabe,0,1
2025-12-04,2025020431,1,REG,11:45,TOR,ev,none,snap,1551,8476872,S. Laughton,8479026,P. Myers,8481122,S. Benoit,0,2
2025-12-04,2025020431,1,REG,15:45,CAR,ev,none,snap,1551,8482093,S. Jarvis,8476906,S. Gostisbehere,8478427,S. Aho,1,2
2025-12-04,2025020431,2,REG,04:44,TOR,ev,none,backhand,1551,8482720,M. Knies,8477503,M. Domi,8476853,M. Rielly,1,3
2025-12-04,2025020431,2,REG,10:39,TOR,ev,none,snap,1551,8479318,A. Matthews,8477503,M. Domi,8482720,M. Knies,1,4
2025-12-04,2025020431,3,REG,18:16,TOR,ev,empty-net,backhand,1560,8482259,B. McMann,8478462,N. Roy,,,1,5
2025-12-04,2025020432,1,REG,17:55,CBJ,ev,none,snap,1551,8478500,I. Provorov,8476867,B. Gaunce,,,1,0
2025-12-04,2025020432,2,REG,01:09,DET,pp,none,tip-in,1541,8477946,D. Larkin,8481542,M. Seider,8482078,L. Raymond,1,1
2025-12-04,2025020432,2,REG,05:18,CBJ,pp,none,snap,1451,8480893,K. Marchenko,8478460,Z. Werenski,8477497,S. Monahan,2,1
2025-12-04,2025020432,2,REG,07:11,CBJ,ev,none,snap,1551,8482660,K. Johnson,8482705,C. Sillinger,8483485,D. Mateychuk,3,1
2025-12-04,2025020432,2,REG,09:08,DET,pp,none,wrist,1541,8482078,L. Raymond,8484223,A. Sandin-Pellikka,8474141,P. Kane,3,2
2025-12-04,2025020432,2,REG,10:20,DET,pp,none,poke,1541,8474037,J. van Riemsdyk,8477429,A. Copp,8484471,E. Finnie,3,3
2025-12-04,2025020432,2,REG,13:50,CBJ,pp,none,slap,1451,8484166,A. Fantilli,8478460,Z. Werenski,8477497,S. Monahan,4,3
2025-12-04,2025020432,3,REG,09:35,DET,ev,none,wrist,1551,8474141,P. Kane,8481542,M. Seider,8477429,A. Copp,4,4
2025-12-04,2025020432,3,REG,11:38,DET,ev,none,wrist,1551,8479337,A. DeBrincat,,,,,4,5
2025-12-04,2025020432,3,REG,18:29,CBJ,ev,none,wrist,1560,8484166,A. Fantilli,8478460,Z. Werenski,8477497,S. Monahan,5,5
2025-12-04,2025020432,5,SO,00:00,CBJ,ev,none,backhand,1010,8482660,K. Johnson,,,,,6,5
2025-12-04,2025020433,2,REG,04:21,CGY,ev,none,backhand,1551,8476456,J. Huberdeau,8478397,R. Andersson,8482679,M. Coronato,1,0
2025-12-04,2025020433,2,REG,16:51,MIN,ev,none,tip-in,1551,8478508,Y. Trenin,8474567,Z. Bogosian,8484798,Z. Buium,1,1
2025-12-04,2025020433,3,REG,03:33,CGY,ev,none,wrist,1551,8482679,M. Coronato,8480028,M. Frost,8477810,J. Hanley,2,1
2025-12-04,2025020433,3,REG,06:18,CGY,ev,none,wrist,1551,8482074,C. Zary,8476399,B. Coleman,8474150,M. Backlund,3,1
2025-12-04,2025020433,3,REG,19:00,CGY,ev,empty-net,wrist,0651,8478397,R. Andersson,,,,,4,1
2025-12-04,2025020434,1,REG,07:17,EDM,ev,none,wrist,1551,8478402,C. McDavid,8476454,R. Nugent-Hopkins,,,1,0
2025-12-04,2025020434,1,REG,07:34,EDM,ev,none,snap,1551,8481617,V. Podkolzin,8477934,L. Draisaitl,8480803,E. Bouchard,2,0
2025-12-04,2025020434,1,REG,11:27,EDM,pp,none,snap,1451,8477934,L. Draisaitl,8478402,C. McDavid,8476454,R. Nugent-Hopkins,3,0
2025-12-04,2025020434,1,REG,16:07,SEA,pp,none,slap,1541,8480009,E. Tolvanen,8477986,B. Montour,8481554,K. Kakko,3,1
2025-12-04,2025020434,1,REG,19:33,SEA,ev,none,backhand,1551,8477919,F. Gaudreau,,,,,3,2
2025-12-04,2025020434,2,REG,02:28,EDM,sh,none,backhand,1541,8483512,M. Savoie,8480803,E. Bouchard,8474641,A. Henrique,4,2
2025-12-04,2025020434,2,REG,06:14,EDM,pp,none,wrist,1451,8478402,C. McDavid,8480803,E. Bouchard,8477934,L. Draisaitl,5,2
2025-12-04,2025020434,2,REG,08:53,EDM,ev,none,backhand,1551,8475786,Z. Hyman,8475218,M. Ekholm,,,6,2
2025-12-04,2025020434,2,REG,09:30,SEA,ev,none,wrist,1551,8477955,J. McCann,8474586,J. Eberle,8482665,M. Beniers,6,3
2025-12-04,2025020434,3,REG,02:03,EDM,ev,none,snap,1551,8477406,M. Janmark,8478233,A. Mangiapane,,,7,3
2025-12-04,2025020434,3,REG,06:59,EDM,pp,none,snap,1451,8478402,C. McDavid,8476454,R. Nugent-Hopkins,8477934,L. Draisaitl,8,3
2025-12-04,2025020434,3,REG,08:58,EDM,pp,none,snap,1351,8483512,M. Savoie,8474641,A. Henrique,8475218,M. Ekholm,9,3
2025-12-04,2025020434,3,REG,19:55,SEA,ev,none,wrist,1551,8483497,J. Nyman,8483524,S. Wright,8481554,K. Kakko,9,4
2025-12-04,2025020435,2,REG,06:17,CHI,pp,none,wrist,1541,8484144,C. Bedard,8477479,T. Bertuzzi,8483493,F. Nazar,0,1
2025-12-04,2025020435,2,REG,19:54,CHI,ev,none,wrist,1551,8482176,W. Kaiser,8483493,F. Nazar,8484197,O. Moore,0,2
2025-12-04,2025020435,3,REG,10:38,LAK,ev,none,wrist,1551,8479675,T. Moore,8477998,W. Foegele,,,1,2
2025-12-05,2025020436,1,REG,19:47,VGK,ev,none,snap,1551,8477447,S. Theodore,8478403,J. Eichel,8478396,N. Hanifin,0,1
2025-12-05,2025020436,3,REG,15:36,VGK,pp,none,wrist,1541,8476881,T. Hertl,8478483,M. Marner,8481604,P. Dorofeyev,0,2
2025-12-05,2025020436,3,REG,18:36,VGK,pp,none,wrist,1541,8477964,I. Barbashev,8475913,M. Stone,8478403,J. Eichel,0,3
2025-12-05,2025020437,1,REG,04:24,WPG,ev,none,wrist,1551,8478398,K. Connor,8480014,G. Vilardi,8480049,D. Samberg,1,0
2025-12-05,2025020437,1,REG,14:44,BUF,pp,none,wrist,1541,8475722,J. Zucker,8480064,J. Norris,8480839,R. Dahlin,1,1
2025-12-05,2025020437,2,REG,02:22,WPG,ev,none,wrist,1551,8476871,T. Pearson,8481043,C. Koepke,,,2,1
2025-12-05,2025020437,2,REG,18:42,WPG,ev,none,backhand,1551,8481043,C. Koepke,8480289,M. Barron,8476331,D. DeMelo,3,1
2025-12-05,2025020437,3,REG,19:26,WPG,ev,empty-net,wrist,0651,8480014,G. Vilardi,8478398,K. Connor,8476460,M. Scheifele,4,1
2025-12-05,2025020438,1,REG,14:20,DAL,pp,none,backhand,1451,8480027,J. Robertson,8482740,W. Johnston,8478420,M. Rantanen,1,0
2025-12-05,2025020438,2,REG,08:23,SJS,ev,none,wrist,1551,8484911,C. Graf,8480848,T. Dellandrea,8475181,N. Leddy,1,1
2025-12-05,2025020438,3,REG,10:56,DAL,ev,none,snap,1551,8479351,S. Steel,8475755,A. Petrovic,8478420,M. Rantanen,2,1
2025-12-05,2025020438,3,REG,16:39,DAL,ev,none,wrist,1551,8478420,M. Rantanen,8482740,W. Johnston,8481609,V. Kolyachonok,3,1
2025-12-05,2025020438,3,REG,17:41,DAL,ev,empty-net,wrist,0651,8480036,M. Heiskanen,8478449,R. Hintz,,,4,1
2025-12-05,2025020439,1,REG,16:00,UTA,pp,none,wrist,1541,8479410,M. Sergachev,8479343,C. Keller,8482699,D. Guenther,0,1
2025-12-05,2025020439,2,REG,14:05,UTA,ev,none,tip-in,1551,8477951,N. Schmaltz,8479410,M. Sergachev,8482175,J. Peterka,0,2
2025-12-05,2025020439,3,REG,04:17,VAN,ev,none,tip-in,1551,8483395,A. Bains,8482691,A. Räty,8483476,J. Lekkerimäki,1,2
2025-12-05,2025020439,3,REG,17:52,UTA,ev,none,backhand,1551,8478831,K. Stenlund,8479977,K. Yamamoto,8480855,J. McBain,1,3
2025-12-05,2025020439,3,REG,19:24,UTA,sh,empty-net,wrist,1460,8478507,J. Marino,8478831,K. Stenlund,,,1,4
2025-12-05,2025020440,1,REG,09:29,WSH,ev,none,snap,1551,8476880,T. Wilson,8482088,J. Sourdif,8477845,T. van Riemsdyk,0,1
2025-12-05,2025020440,1,REG,18:16,ANA,ev,none,wrist,1551,8483445,C. Gauthier,8484762,B. Sennecke,8481605,J. LaCombe,1,1
2025-12-05,2025020440,2,REG,06:06,WSH,ev,none,wrist,1551,8483573,E. Frank,,,,,1,2
2025-12-05,2025020440,2,REG,06:19,ANA,ev,none,tip-in,1551,8477527,R. Johnston,8475462,R. Gudas,8482803,O. Zellweger,2,2
2025-12-05,2025020440,2,REG,07:38,WSH,ev,none,wrist,1551,8481656,A. Protas,8478911,M. Roy,8478440,D. Strome,2,3
2025-12-05,2025020440,2,REG,17:59,ANA,ev,none,wrist,1551,8484762,B. Sennecke,8477527,R. Johnston,,,3,3
2025-12-05,2025020440,5,SO,00:00,ANA,ev,none,snap,1010,8482745,M. McTavish,,,,,4,3
2025-12-06,2025020441,2,REG,07:06,COL,ev,none,tip-in,1551,8480448,P. Kelly,8484258,S. Malinski,8480039,M. Necas,0,1
2025-12-06,2025020441,3,REG,04:23,NYR,ev,none,snap,1551,8477839,C. Sheary,8476389,V. Trocheck,8476468,J. Miller,1,1
2025-12-06,2025020441,3,REG,15:26,COL,ev,none,bat,1551,8477492,N. MacKinnon,8480039,M. Necas,8476312,J. Manson,1,2
2025-12-06,2025020441,3,REG,19:18,NYR,ev,none,slap,1560,8478550,A. Panarin,8476459,M. Zibanejad,8482109,A. Lafrenière,2,2
2025-12-06,2025020441,4,OT,02:46,COL,ev,none,backhand,1331,8477492,N. MacKinnon,8480069,C. Makar,8480039,M. Necas,2,3
2025-12-06,2025020442,1,REG,07:40,CBJ,pp,none,tip-in,1541,8476923,D. Severson,8478500,I. Provorov,8482705,C. Sillinger,0,1
2025-12-06,2025020442,1,REG,09:47,FLA,ev,none,wrist,1551,8478542,E. Rodrigues,8482713,M. Samoskevich,,,1,1
2025-12-06,2025020442,2,REG,05:26,CBJ,ev,none,tip-in,1551,8481716,D. Voronkov,8478500,I. Provorov,8478460,Z. Werenski,1,2
2025-12-06,2025020442,2,REG,05:57,CBJ,ev,none,backhand,1551,8477425,M. Wood,8475745,C. Coyle,8480806,I. Lundestrom,1,3
2025-12-06,2025020442,2,REG,10:24,CBJ,ev,none,backhand,1551,8480893,K. Marchenko,8484166,A. Fantilli,8481716,D. Voronkov,1,4
2025-12-06,2025020442,2,REG,11:15,FLA,ev,none,tip-in,1551,8477409,C. Verhaeghe,8477495,S. Jones,8473419,B. Marchand,2,4
2025-12-06,2025020442,2,REG,13:11,FLA,pp,none,wrist,1451,8477409,C. Verhaeghe,8473419,B. Marchand,8477935,S. Bennett,3,4
2025-12-06,2025020442,2,REG,16:12,FLA,pp,none,snap,1451,8477495,S. Jones,8477933,S. Reinhart,8477935,S. Bennett,4,4
2025-12-06,2025020442,2,REG,18:26,CBJ,ev,none,wrist,1551,8482705,C. Sillinger,8483485,D. Mateychuk,,,4,5
2025-12-06,2025020442,3,REG,02:27,CBJ,ev,none,snap,1551,8480806,I. Lundestrom,8477425,M. Wood,8474090,B. Smith,4,6
2025-12-06,2025020442,3,REG,04:21,FLA,ev,none,wrist,1551,8473419,B. Marchand,8477935,S. Bennett,8477409,C. Verhaeghe,5,6
2025-12-06,2025020442,3,REG,14:18,FLA,ev,none,wrist,1551,8482113,A. Lundell,8480185,E. Luostarinen,,,6,6
2025-12-06,2025020442,4,OT,04:56,FLA,ev,none,wrist,1331,8477935,S. Bennett,8473419,B. Marchand,8478055,G. Forsling,7,6
2025-12-06,2025020443,1,REG,17:42,BOS,ev,none,snap,1551,8483489,F. Minten,8480355,M. Kastelic,8479661,T. Jeannot,1,0
2025-12-06,2025020443,1,REG,18:39,NJD,ev,none,snap,1551,8478414,T. Meier,8480002,N. Hischier,8482684,L. Hughes,1,1
2025-12-06,2025020443,2,REG,01:12,BOS,ev,none,snap,1551,8479987,M. Geekie,8477496,E. Lindholm,,,2,1
2025-12-06,2025020443,3,REG,16:25,BOS,ev,none,snap,1551,8479999,C. Mittelstadt,8478401,P. Zacha,8478042,V. Arvidsson,3,1
2025-12-06,2025020443,3,REG,17:46,BOS,ev,empty-net,snap,0651,8479369,A. Peeke,,,,,4,1
2025-12-06,2025020444,2,REG,08:25,MTL,pp,none,wrist,1541,8481540,C. Caufield,8483515,J. Slafkovský,8484984,I. Demidov,0,1
2025-12-06,2025020444,3,REG,10:28,TOR,sh,none,slap,1541,8476872,S. Laughton,8478462,N. Roy,,,1,1
2025-12-06,2025020444,5,SO,00:00,MTL,ev,none,backhand,0101,8480074,A. Texier,,,,,1,2
2025-12-06,2025020445,2,REG,17:36,STL,ev,none,bat,1551,8482089,J. Neighbours,8475170,B. Schenn,8480459,P. Suter,0,1
2025-12-06,2025020445,3,REG,00:12,STL,ev,none,tip-in,1551,8482089,J. Neighbours,8477402,P. Buchnevich,,,0,2
2025-12-06,2025020445,3,REG,15:39,OTT,pp,none,wrist,1451,8480188,F. Zetterlund,8483676,S. Halliday,8473512,C. Giroux,1,2
2025-12-06,2025020446,3,REG,12:46,NYI,pp,none,between-legs,1541,8484221,C. Ritchie,8475314,A. Lee,8477950,T. DeAngelo,0,1
2025-12-06,2025020446,3,REG,19:58,NYI,ev,empty-net,backhand,1560,8475231,C. Cizikas,,,,,0,2
2025-12-06,2025020447,1,REG,08:01,CAR,pp,none,deflected,1451,8475791,T. Hall,8482809,J. Blake,8482702,L. Stankoven,1,0
2025-12-06,2025020447,1,REG,09:55,CAR,pp,none,snap,1351,8477940,N. Ehlers,8482093,S. Jarvis,8476906,S. Gostisbehere,2,0
2025-12-06,2025020447,1,REG,19:44,CAR,ev,none,snap,1551,8477478,W. Carrier,8476921,J. Martinook,8473533,J. Staal,3,0
2025-12-06,2025020447,2,REG,15:46,CAR,ev,none,backhand,1441,8482809,J. Blake,8477940,N. Ehlers,8480817,K. Miller,4,0
2025-12-06,2025020447,3,REG,04:45,CAR,ev,none,snap,1551,8478427,S. Aho,,,,,5,0
2025-12-06,2025020447,3,REG,06:26,NSH,pp,none,snap,1541,8478047,M. Bunting,8482146,L. Evangelista,8475287,E. Haula,5,1
2025-12-06,2025020447,3,REG,08:12,CAR,ev,none,wrist,1551,8482809,J. Blake,8477940,N. Ehlers,,,6,1
2025-12-06,2025020447,3,REG,09:09,NSH,ev,none,between-legs,1551,8484241,M. Wood,8476887,F. Forsberg,8476869,B. Skjei,6,2
2025-12-06,2025020447,3,REG,11:36,NSH,ev,none,tip-in,1551,8476887,F. Forsberg,8483565,N. Blankenburg,8481056,S. Stastney,6,3
2025-12-06,2025020448,1,REG,00:16,CGY,ev,none,snap,1551,8481068,Y. Sharangovich,8475172,N. Kadri,8480797,J. Farabee,1,0
2025-12-06,2025020448,3,REG,17:46,CGY,ev,empty-net,wrist,0651,8482074,C. Zary,,,,,2,0
2025-12-06,2025020449,2,REG,01:55,LAK,ev,none,slap,1551,8477998,W. Foegele,8479675,T. Moore,,,1,0
2025-12-06,2025020449,2,REG,16:38,LAK,pp,none,wrist,1451,8483808,A. Kuzmenko,8477942,K. Fiala,8474563,D. Doughty,2,0
2025-12-06,2025020449,2,REG,19:06,LAK,ev,none,wrist,1551,8482730,B. Clarke,8481532,A. Turcotte,8470621,C. Perry,3,0
2025-12-06,2025020449,3,REG,04:46,LAK,ev,none,wrist,1551,8482730,B. Clarke,8477960,A. Kempe,8482155,A. Laferriere,4,0
2025-12-06,2025020449,3,REG,06:18,LAK,ev,none,wrist,1441,8479998,M. Anderson,8476479,P. Danault,8474563,D. Doughty,5,0
2025-12-06,2025020449,3,REG,09:34,LAK,ev,none,deflected,1551,8481532,A. Turcotte,,,,,6,0
2025-12-06,2025020450,1,REG,03:00,EDM,ev,none,wrist,1551,8476454,R. Nugent-Hopkins,8478402,C. McDavid,8475786,Z. Hyman,1,0
2025-12-06,2025020450,1,REG,04:37,EDM,ev,none,backhand,1551,8477934,L. Draisaitl,8480803,E. Bouchard,,,2,0
2025-12-06,2025020450,1,REG,07:24,EDM,ev,none,backhand,1551,8483512,M. Savoie,8475218,M. Ekholm,8481617,V. Podkolzin,3,0
2025-12-06,2025020450,1,REG,13:31,EDM,pp,none,slap,1451,8480803,E. Bouchard,8477934,L. Draisaitl,8478402,C. McDavid,4,0
2025-12-06,2025020450,2,REG,02:42,EDM,ev,none,wrist,1551,8477508,C. Lazar,8477406,M. Janmark,8480834,T. Emberson,5,0
2025-12-06,2025020450,3,REG,04:12,WPG,ev,none,wrist,1551,8480014,G. Vilardi,8476460,M. Scheifele,8478398,K. Connor,5,1
2025-12-06,2025020450,3,REG,13:29,EDM,ev,none,snap,1551,8485493,D. Tomasek,8479365,T. Frederic,,,6,1
2025-12-06,2025020450,3,REG,15:25,WPG,ev,none,wrap-around,1551,8481043,C. Koepke,,,,,6,2
2025-12-06,2025020451,1,REG,03:11,MIN,ev,none,snap,1551,8481557,M. Boldy,8475692,M. Zuccarello,8478508,Y. Trenin,0,1
2025-12-06,2025020451,2,REG,09:29,VAN,ev,none,wrist,1551,8484240,T. Willander,8481024,L. Karlsson,8478498,J. DeBrusk,1,1
2025-12-06,2025020451,2,REG,11:46,VAN,ev,none,wrist,1551,8483678,E. Pettersson,8484240,T. Willander,8482691,A. Räty,2,1
2025-12-06,2025020451,2,REG,15:12,VAN,ev,none,wrist,1551,8482691,A. Räty,8475169,E. Kane,,,3,1
2025-12-06,2025020451,3,REG,05:09,VAN,ev,none,backhand,1551,8482691,A. Räty,,,,,4,1
2025-12-06,2025020451,3,REG,17:22,MIN,pp,none,wrist,0641,8475692,M. Zuccarello,8478864,K. Kaprizov,8481557,M. Boldy,4,2
2025-12-06,2025020452,1,REG,07:06,DET,pp,none,snap,1541,8484471,E. Finnie,8484160,N. Danielson,8484223,A. Sandin-Pellikka,0,1
2025-12-06,2025020452,1,REG,16:16,SEA,ev,none,wrist,1551,8477986,B. Montour,8474586,J. Eberle,8482665,M. Beniers,1,1
2025-12-06,2025020452,2,REG,05:10,DET,ev,none,poke,1551,8477429,A. Copp,8482762,S. Edvinsson,8481542,M. Seider,1,2
2025-12-06,2025020452,2,REG,06:44,SEA,ev,none,wrist,1551,8476457,A. Larsson,8478407,V. Dunn,8481789,T. Kartye,2,2
2025-12-06,2025020452,2,REG,12:44,SEA,ev,none,tip-in,1551,8476905,C. Stephenson,8476457,A. Larsson,8480009,E. Tolvanen,3,2
2025-12-06,2025020452,2,REG,19:32,DET,ev,none,wrist,1551,8474037,J. van Riemsdyk,8477456,J. Compher,8482762,S. Edvinsson,3,3
2025-12-06,2025020452,3,REG,17:31,DET,ev,none,wrist,1551,8474141,P. Kane,8479337,A. DeBrincat,,,3,4
2025-12-07,2025020453,1,REG,02:09,PHI,ev,none,tip-in,1551,8476461,S. Couturier,8478454,N. Juulsen,8480015,O. Tippett,1,0
2025-12-07,2025020453,1,REG,08:28,COL,ev,none,snap,1551,8470613,B. Burns,8480039,M. Necas,8480835,J. Drury,1,1
2025-12-07,2025020453,1,REG,19:08,COL,pp,none,wrist,1541,8475754,B. Nelson,8477492,N. MacKinnon,8480069,C. Makar,1,2
2025-12-07,2025020453,2,REG,01:47,COL,ev,none,snap,1551,8477501,V. Nichushkin,8478109,V. Olofsson,8478038,D. Toews,1,3
2025-12-07,2025020453,2,REG,05:58,PHI,ev,none,wrist,1551,8478439,T. Konecny,8482126,E. Andrae,8477989,C. Dvorak,2,3
2025-12-07,2025020454,1,REG,12:14,FLA,ev,none,wrist,1551,8484304,U. Balinskis,8482713,M. Samoskevich,8478421,A. Greer,1,0
2025-12-07,2025020454,2,REG,07:05,FLA,ev,none,wrist,1551,8477409,C. Verhaeghe,8473507,J. Petry,,,2,0
2025-12-07,2025020454,2,REG,09:03,NYI,ev,none,backhand,1551,8478445,M. Barzal,8485366,M. Schaefer,8477506,R. Pulock,2,1
2025-12-07,2025020454,3,REG,13:57,FLA,ev,none,wrist,1441,8477495,S. Jones,8482113,A. Lundell,8477933,S. Reinhart,3,1
2025-12-07,2025020454,3,REG,17:06,FLA,ev,empty-net,wrist,0651,8477933,S. Reinhart,8478055,G. Forsling,,,4,1
2025-12-07,2025020455,1,REG,00:33,SJS,ev,none,tip-in,1551,8484911,C. Graf,8484801,M. Celebrini,8484227,W. Smith,0,1
2025-12-07,2025020455,1,REG,13:18,CAR,pp,none,tip-in,1451,8473533,J. Staal,8476906,S. Gostisbehere,8480830,A. Svechnikov,1,1
2025-12-07,2025020455,2,REG,07:54,SJS,ev,none,snap,1551,8475906,J. Klingberg,8484801,M. Celebrini,8480798,P. Kurashev,1,2
2025-12-07,2025020455,2,REG,15:14,SJS,pp,none,snap,1541,8477505,A. Wennberg,8482667,W. Eklund,8475906,J. Klingberg,1,3
2025-12-07,2025020455,3,REG,18:40,SJS,ev,empty-net,wrist,1560,8484801,M. Celebrini,8477505,A. Wennberg,,,1,4
2025-12-07,2025020456,1,REG,18:18,PIT,ev,none,slap,1551,8480980,C. Dewar,8481481,B. Lizotte,8478569,N. Acciari,0,1
2025-12-07,2025020456,2,REG,01:27,DAL,ev,none,snap,1551,8473994,J. Benn,8478449,R. Hintz,8480027,J. Robertson,1,1
2025-12-07,2025020456,2,REG,05:56,PIT,ev,none,tip-in,1551,8478438,T. Novak,8471724,K. Letang,8471675,S. Crosby,1,2
2025-12-07,2025020456,3,REG,18:11,DAL,ev,none,slap,1560,8480036,M. Heiskanen,8482740,W. Johnston,8478420,M. Rantanen,2,2
2025-12-07,2025020456,5,SO,00:00,DAL,ev,none,snap,1010,8478420,M. Rantanen,,,,,3,2
2025-12-07,2025020457,1,REG,08:57,STL,pp,none,snap,1541,8475170,B. Schenn,8475764,C. Fowler,8482077,D. Holloway,0,1
2025-12-07,2025020457,1,REG,12:20,MTL,ev,none,backhand,1551,8483457,L. Hutson,8482737,Z. Bolduc,8483728,J. Davidson,1,1
2025-12-07,2025020457,1,REG,19:03,MTL,ev,none,snap,1551,8481540,C. Caufield,8480018,N. Suzuki,8480865,N. Dobson,2,1
2025-12-07,2025020457,2,REG,00:26,STL,ev,none,backhand,1551,8482077,D. Holloway,8475170,B. Schenn,8476892,C. Parayko,2,2
2025-12-07,2025020457,2,REG,01:05,STL,ev,none,snap,1551,8477402,P. Buchnevich,8480023,R. Thomas,8475753,J. Faulk,2,3
2025-12-07,2025020457,3,REG,10:24,STL,ev,none,snap,1551,8475170,B. Schenn,8482077,D. Holloway,8478472,M. Joseph,2,4
2025-12-07,2025020457,3,REG,16:15,MTL,ev,none,slap,1560,8480865,N. Dobson,8476875,M. Matheson,8484984,I. Demidov,3,4
2025-12-07,2025020458,1,REG,00:36,VGK,ev,none,wrist,1551,8479353,B. Howden,8478483,M. Marner,8475913,M. Stone,0,1
2025-12-07,2025020458,2,REG,09:08,NYR,ev,none,backhand,1551,8476459,M. Zibanejad,8482109,A. Lafrenière,8481525,M. Robertson,1,1
2025-12-07,2025020458,2,REG,13:01,NYR,ev,none,wrist,1551,8482109,A. Lafrenière,8476459,M. Zibanejad,8478550,A. Panarin,2,1
2025-12-07,2025020458,3,REG,19:08,VGK,ev,none,backhand,0541,8476881,T. Hertl,8475913,M. Stone,8478403,J. Eichel,2,2
2025-12-07,2025020458,4,OT,04:52,VGK,ev,none,wrist,1331,8478403,J. Eichel,8477447,S. Theodore,8479353,B. Howden,2,3
2025-12-07,2025020459,2,REG,00:50,WSH,ev,none,snap,1551,8479345,J. Chychrun,8476880,T. Wilson,8478463,A. Beauvillier,1,0
2025-12-07,2025020459,3,REG,18:34,WSH,ev,empty-net,wrist,0651,8481656,A. Protas,8480796,M. Fehérváry,,,2,0
2025-12-07,2025020460,1,REG,10:16,ANA,ev,none,slap,1551,8476885,J. Trouba,,,,,1,0
2025-12-07,2025020460,2,REG,06:40,ANA,pp,none,wrist,1451,8482745,M. McTavish,8484762,B. Sennecke,8483445,C. Gauthier,2,0
2025-12-07,2025020460,2,REG,09:26,ANA,ev,none,snap,1551,8484762,B. Sennecke,8483445,C. Gauthier,8475462,R. Gudas,3,0
2025-12-07,2025020460,2,REG,16:09,ANA,ev,none,wrist,1551,8473986,A. Killorn,8476458,R. Strome,8483490,P. Mintyukov,4,0
2025-12-07,2025020460,2,REG,17:23,ANA,ev,none,snap,1551,8484153,L. Carlsson,8475184,C. Kreider,8478873,T. Terry,5,0
2025-12-07,2025020460,3,REG,00:15,ANA,pp,none,snap,1451,8484153,L. Carlsson,8475184,C. Kreider,8481605,J. LaCombe,6,0
2025-12-07,2025020460,3,REG,01:40,CHI,pp,none,snap,1541,8477479,T. Bertuzzi,8484144,C. Bedard,8484783,A. Levshunov,6,1
2025-12-07,2025020460,3,REG,18:08,ANA,ev,none,snap,1551,8478366,F. Vatrano,8482803,O. Zellweger,8476458,R. Strome,7,1
2025-12-08,2025020461,1,REG,16:26,TOR,ev,none,backhand,1551,8476853,M. Rielly,8484158,E. Cowan,8475166,J. Tavares,1,0
2025-12-08,2025020461,3,REG,19:59,TOR,ev,empty-net,wrist,0651,8479318,A. Matthews,,,,,2,0
2025-12-08,2025020462,1,REG,07:50,LAK,ev,none,backhand,1551,8477960,A. Kempe,8477942,K. Fiala,,,0,1
2025-12-08,2025020462,1,REG,10:08,LAK,ev,none,snap,1551,8476469,J. Armia,8477942,K. Fiala,,,0,2
2025-12-08,2025020462,2,REG,00:34,UTA,pp,none,slap,1451,8482699,D. Guenther,8479343,C. Keller,8479410,M. Sergachev,1,2
2025-12-08,2025020462,3,REG,03:27,LAK,ev,none,backhand,1551,8471685,A. Kopitar,8477960,A. Kempe,8476441,J. Edmundson,1,3
2025-12-08,2025020462,3,REG,12:15,UTA,ev,none,backhand,1551,8479343,C. Keller,8477951,N. Schmaltz,8482175,J. Peterka,2,3
2025-12-08,2025020462,3,REG,18:22,LAK,ev,empty-net,snap,1560,8476469,J. Armia,,,,,2,4
2025-12-08,2025020463,1,REG,09:54,CGY,ev,none,deflected,1551,8481068,Y. Sharangovich,8477346,M. Weegar,8475172,N. Kadri,1,0
2025-12-08,2025020463,1,REG,13:22,CGY,pp,none,slap,1351,8478397,R. Andersson,8482679,M. Coronato,8475172,N. Kadri,2,0
2025-12-08,2025020463,2,REG,04:24,BUF,pp,none,wrist,1541,8479420,T. Thompson,8475722,J. Zucker,8480064,J. Norris,2,1
2025-12-08,2025020463,2,REG,07:05,CGY,pp,none,tip-in,1451,8476456,J. Huberdeau,8482679,M. Coronato,8480028,M. Frost,3,1
2025-12-08,2025020463,2,REG,13:43,BUF,ev,none,wrist,1551,8482671,O. Power,8481522,P. Krebs,8480196,J. Bryson,3,2
2025-12-08,2025020463,2,REG,14:14,CGY,ev,none,tip-in,1551,8475172,N. Kadri,8480797,J. Farabee,8481068,Y. Sharangovich,4,2
2025-12-08,2025020463,2,REG,16:32,BUF,ev,none,tip-in,1551,8480839,R. Dahlin,8482659,J. Doan,8480064,J. Norris,4,3
2025-12-08,2025020463,2,REG,17:27,CGY,ev,none,poke,1441,8482165,Y. Kuznetsov,8476399,B. Coleman,,,5,3
2025-12-08,2025020463,3,REG,17:29,BUF,pp,none,tip-in,0641,8477949,A. Tuch,8480839,R. Dahlin,8475722,J. Zucker,5,4
2025-12-08,2025020463,3,REG,18:12,CGY,ev,empty-net,wrist,0651,8474150,M. Backlund,,,,,6,4
2025-12-08,2025020463,3,REG,19:53,CGY,ev,empty-net,wrist,0651,8481068,Y. Sharangovich,8482165,Y. Kuznetsov,,,7,4
2025-12-08,2025020464,1,REG,14:14,DET,ev,none,backhand,1551,8474037,J. van Riemsdyk,8477456,J. Compher,8479992,M. Rasmussen,0,1
2025-12-08,2025020464,2,REG,15:15,DET,ev,none,tip-in,1551,8477429,A. Copp,8484223,A. Sandin-Pellikka,8479337,A. DeBrincat,0,2
2025-12-08,2025020464,2,REG,15:52,DET,ev,none,tip-in,1551,8484160,N. Danielson,8484223,A. Sandin-Pellikka,8483464,M. Kasper,0,3
2025-12-08,2025020464,3,REG,15:29,DET,ev,empty-net,wrist,1560,8477946,D. Larkin,8482078,L. Raymond,,,0,4
2025-12-08,2025020465,2,REG,01:18,MIN,ev,none,snap,1551,8478493,J. Eriksson Ek,8481557,M. Boldy,8478136,J. Middleton,0,1
2025-12-08,2025020465,2,REG,06:48,SEA,pp,none,tip-in,1451,8474586,J. Eberle,8476905,C. Stephenson,8477955,J. McCann,1,1
2025-12-08,2025020465,3,REG,08:12,MIN,ev,none,tip-in,1551,8475149,M. Johansson,8478493,J. Eriksson Ek,,,1,2
2025-12-08,2025020465,3,REG,18:45,MIN,ev,empty-net,backhand,1560,8478864,K. Kaprizov,8481477,N. Sturm,8474716,J. Spurgeon,1,3
2025-12-08,2025020465,3,REG,19:00,MIN,ev,empty-net,wrist,1560,8475765,V. Tarasenko,8478493,J. Eriksson Ek,,,1,4
2025-12-09,2025020466,1,REG,02:27,TBL,ev,none,snap,1551,8478010,B. Point,8477404,J. Guentzel,8477416,O. Bjorkstrand,0,1
2025-12-09,2025020466,1,REG,06:03,TBL,ev,none,snap,1551,8480995,P. Holmberg,,,,,0,2
2025-12-09,2025020466,1,REG,17:12,TBL,ev,none,slap,1551,8476453,N. Kucherov,8481719,M. Crozier,,,0,3
2025-12-09,2025020466,2,REG,02:43,TBL,ev,none,snap,1551,8480426,C. D'Astous,8476453,N. Kucherov,,,0,4
2025-12-09,2025020466,2,REG,19:06,MTL,pp,none,bat,1451,8482775,O. Kapanen,8480018,N. Suzuki,8484984,I. Demidov,1,4
2025-12-09,2025020466,3,REG,01:22,TBL,ev,none,snap,1551,8478178,D. Raddysh,8478519,A. Cirelli,,,1,5
2025-12-09,2025020466,3,REG,08:41,TBL,pp,none,snap,1541,8478178,D. Raddysh,8478010,B. Point,,,1,6
2025-12-09,2025020467,1,REG,01:36,OTT,pp,none,wrist,1451,8480208,D. Batherson,8480801,B. Tkachuk,8482105,J. Sanderson,1,0
2025-12-09,2025020467,1,REG,05:09,NJD,ev,none,slap,1551,8483495,S. Nemec,8477015,C. Brown,8481721,A. Gritsyuk,1,1
2025-12-09,2025020467,1,REG,12:59,OTT,pp,none,wrist,1451,8482116,T. Stützle,8480801,B. Tkachuk,8481528,D. Cozens,2,1
2025-12-09,2025020467,1,REG,17:59,NJD,ev,none,wrist,1551,8481721,A. Gritsyuk,8477015,C. Brown,8479996,C. Glass,2,2
2025-12-09,2025020467,2,REG,04:21,NJD,ev,none,backhand,1441,8481032,P. Cotter,,,,,2,3
2025-12-09,2025020467,2,REG,10:35,OTT,pp,none,wrist,1451,8480208,D. Batherson,8481528,D. Cozens,8482116,T. Stützle,3,3
2025-12-09,2025020467,3,REG,12:24,NJD,ev,none,wrist,1551,8479996,C. Glass,8481721,A. Gritsyuk,8477015,C. Brown,3,4
2025-12-09,2025020468,1,REG,12:02,VGK,ev,none,snap,1441,8478396,N. Hanifin,8478403,J. Eichel,8477447,S. Theodore,0,1
2025-12-09,2025020468,1,REG,16:01,VGK,ev,none,snap,1551,8478483,M. Marner,8481527,K. Korczak,8475913,M. Stone,0,2
2025-12-09,2025020468,1,REG,19:33,NYI,ev,none,slap,1441,8477500,B. Horvat,8477506,R. Pulock,8485366,M. Schaefer,1,2
2025-12-09,2025020468,2,REG,03:56,NYI,ev,none,snap,1551,8483553,M. Gatcomb,8475231,C. Cizikas,8481237,K. MacLean,2,2
2025-12-09,2025020468,2,REG,13:30,NYI,ev,none,wrist,1551,8481601,S. Holmstrom,8484221,C. Ritchie,8477407,A. Duclair,3,2
2025-12-09,2025020468,3,REG,01:27,VGK,ev,none,poke,1551,8477964,I. Barbashev,8483890,B. Bowman,8478403,J. Eichel,3,3
2025-12-09,2025020468,3,REG,10:15,NYI,pp,none,slap,1451,8477500,B. Horvat,8478445,M. Barzal,8485702,M. Shabanov,4,3
2025-12-09,2025020468,3,REG,19:46,VGK,ev,none,wrist,0651,8481604,P. Dorofeyev,8478483,M. Marner,8475913,M. Stone,4,4
2025-12-09,2025020468,5,SO,00:00,NYI,ev,none,wrist,1010,8482476,E. Heineman,,,,,5,4
2025-12-09,2025020469,1,REG,11:33,SJS,ev,none,snap,1551,8484911,C. Graf,8475906,J. Klingberg,8484227,W. Smith,0,1
2025-12-09,2025020469,1,REG,18:39,PHI,ev,none,backhand,1551,8477989,C. Dvorak,8481533,T. Zegras,8478439,T. Konecny,1,1
2025-12-09,2025020469,2,REG,03:20,PHI,ev,none,tip-in,1551,8479336,C. Grundstrom,8476372,N. Seeler,8477948,T. Sanheim,2,1
2025-12-09,2025020469,2,REG,19:48,PHI,ev,none,wrist,1551,8480220,N. Cates,8481553,B. Brink,8482142,J. Drysdale,3,1
2025-12-09,2025020469,3,REG,18:17,PHI,ev,empty-net,wrist,0651,8478439,T. Konecny,8477989,C. Dvorak,,,4,1
2025-12-09,2025020470,1,REG,09:49,PIT,ev,none,wrist,1551,8478569,N. Acciari,8480980,C. Dewar,,,1,0
2025-12-09,2025020470,2,REG,05:19,ANA,ev,none,wrist,1551,8481605,J. LaCombe,8484762,B. Sennecke,8483445,C. Gauthier,1,1
2025-12-09,2025020470,2,REG,14:10,ANA,ev,none,wrist,1551,8478873,T. Terry,,,,,1,2
2025-12-09,2025020470,2,REG,19:41,PIT,ev,none,wrist,1551,8478438,T. Novak,8474578,E. Karlsson,8478854,R. Shea,2,2
2025-12-09,2025020470,3,REG,16:05,PIT,pp,none,wrist,1451,8477511,A. Mantha,8471675,S. Crosby,8474578,E. Karlsson,3,2
2025-12-09,2025020470,3,REG,19:59,ANA,sh,own-goal,,0551,8484762,B. Sennecke,,,,,3,3
2025-12-09,2025020470,5,SO,00:00,ANA,ev,none,backhand,0101,8484153,L. Carlsson,,,,,3,4
2025-12-09,2025020471,1,REG,12:39,CBJ,pp,none,tip-in,1541,8481716,D. Voronkov,8477497,S. Monahan,8480893,K. Marchenko,0,1
2025-12-09,2025020471,2,REG,09:42,CAR,ev,none,snap,1551,8482093,S. Jarvis,8480830,A. Svechnikov,,,1,1
2025-12-09,2025020471,3,REG,07:53,CAR,ev,none,snap,1551,8480762,E. Robinson,8475791,T. Hall,8482911,J. Nystrom,2,1
2025-12-09,2025020471,3,REG,13:38,CAR,pp,none,tip-in,1451,8473533,J. Staal,8480830,A. Svechnikov,8476906,S. Gostisbehere,3,1
2025-12-09,2025020471,3,REG,18:45,CAR,sh,empty-net,snap,0641,8476921,J. Martinook,8480817,K. Miller,8480336,S. Walker,4,1
2025-12-09,2025020472,1,REG,05:27,STL,pp,none,slap,1451,8480023,R. Thomas,8477402,P. Buchnevich,8475753,J. Faulk,1,0
2025-12-09,2025020472,2,REG,12:48,BOS,ev,none,wrist,1551,8483489,F. Minten,8482177,M. Khusnutdinov,8477956,D. Pastrnak,1,1
2025-12-09,2025020472,2,REG,14:34,BOS,ev,none,deflected,1551,8480355,M. Kastelic,8476374,S. Kuraly,8481599,V. Soderstrom,1,2
2025-12-09,2025020472,3,REG,04:51,STL,ev,none,snap,1551,8480023,R. Thomas,8477402,P. Buchnevich,,,2,2
2025-12-09,2025020472,3,REG,08:01,BOS,ev,none,wrist,1551,8480355,M. Kastelic,8476374,S. Kuraly,8477507,N. Zadorov,2,3
2025-12-09,2025020472,3,REG,11:33,BOS,ev,none,slap,1551,8483489,F. Minten,8477956,D. Pastrnak,8479369,A. Peeke,2,4
2025-12-09,2025020472,3,REG,18:19,BOS,ev,empty-net,wrist,1560,8478401,P. Zacha,8477496,E. Lindholm,8477956,D. Pastrnak,2,5
2025-12-09,2025020473,1,REG,00:44,DAL,ev,none,wrist,1551,8476902,E. Lindell,8482740,W. Johnston,8478420,M. Rantanen,0,1
2025-12-09,2025020473,2,REG,01:16,DAL,pp,none,wrist,1541,8478449,R. Hintz,8478420,M. Rantanen,8482740,W. Johnston,0,2
2025-12-09,2025020473,2,REG,02:31,DAL,ev,none,slap,1551,8475755,A. Petrovic,8482145,M. Bourque,,,0,3
2025-12-09,2025020473,2,REG,11:04,WPG,ev,none,snap,1551,8476460,M. Scheifele,8478398,K. Connor,,,1,3
2025-12-09,2025020473,2,REG,18:52,WPG,ev,none,slap,1551,8476460,M. Scheifele,8477504,J. Morrissey,8478398,K. Connor,2,3
2025-12-09,2025020473,3,REG,04:46,DAL,pp,none,slap,1541,8480027,J. Robertson,8480036,M. Heiskanen,8478420,M. Rantanen,2,4
2025-12-09,2025020473,3,REG,05:54,WPG,ev,none,wrist,1551,8479378,L. Stanley,8482149,C. Perfetti,8480014,G. Vilardi,3,4
2025-12-09,2025020474,1,REG,19:01,BUF,pp,none,tip-in,1541,8482659,J. Doan,8480839,R. Dahlin,8479420,T. Thompson,0,1
2025-12-09,2025020474,2,REG,11:03,BUF,ev,none,snap,1551,8479420,T. Thompson,,,,,0,2
2025-12-09,2025020474,2,REG,11:59,BUF,pp,none,between-legs,1541,8482659,J. Doan,8479420,T. Thompson,8480839,R. Dahlin,0,3
2025-12-09,2025020474,3,REG,00:10,EDM,ev,none,wrist,1551,8478402,C. McDavid,8475218,M. Ekholm,,,1,3
2025-12-09,2025020474,3,REG,01:56,EDM,ev,none,wrist,1551,8481617,V. Podkolzin,8477934,L. Draisaitl,8480834,T. Emberson,2,3
2025-12-09,2025020474,3,REG,19:58,EDM,ev,none,snap,1560,8478402,C. McDavid,8476454,R. Nugent-Hopkins,8480803,E. Bouchard,3,3
2025-12-09,2025020474,4,OT,00:33,BUF,ev,none,wrist,1331,8477949,A. Tuch,8480802,R. McLeod,8480839,R. Dahlin,3,4
2025-12-09,2025020475,1,REG,01:12,COL,ev,none,backhand,1551,8475754,B. Nelson,8476312,J. Manson,8470613,B. Burns,0,1
2025-12-09,2025020475,1,REG,04:05,NSH,pp,none,snap,1451,8476539,J. Marchessault,8475158,R. O'Reilly,8476887,F. Forsberg,1,1
2025-12-09,2025020475,1,REG,05:30,NSH,ev,none,wrist,1551,8483513,R. Schaefer,8482768,F. Svechkov,,,2,1
2025-12-09,2025020475,1,REG,10:21,COL,ev,none,wrist,1551,8477476,A. Lehkonen,8480039,M. Necas,8477492,N. MacKinnon,2,2
2025-12-09,2025020475,3,REG,12:58,NSH,ev,none,wrist,1551,8476869,B. Skjei,8482482,A. Wilsby,8482146,L. Evangelista,3,2
2025-12-09,2025020475,3,REG,19:52,COL,pp,none,snap,0641,8480069,C. Makar,8480039,M. Necas,8477492,N. MacKinnon,3,3
2025-12-09,2025020475,5,SO,00:00,NSH,ev,none,snap,1010,8475158,R. O'Reilly,,,,,4,3
2025-12-10,2025020476,2,REG,07:08,CHI,sh,none,backhand,1541,8481806,L. Crevier,8476891,M. Grzelcyk,8477450,J. Dickinson,1,0
2025-12-10,2025020476,2,REG,14:27,CHI,ev,none,snap,1551,8484144,C. Bedard,8477444,A. Burakovsky,,,2,0
2025-12-10,2025020476,3,REG,03:52,CHI,ev,none,wrist,1551,8477479,T. Bertuzzi,8483450,R. Greene,8484144,C. Bedard,3,0
2025-12-10,2025020477,1,REG,01:02,DET,ev,none,snap,1551,8479337,A. DeBrincat,8474141,P. Kane,8477429,A. Copp,0,1
2025-12-10,2025020477,1,REG,04:33,DET,ev,none,slap,1551,8484223,A. Sandin-Pellikka,8479337,A. DeBrincat,8474141,P. Kane,0,2
2025-12-10,2025020477,2,REG,07:41,DET,ev,none,wrist,1551,8479337,A. DeBrincat,8477429,A. Copp,,,0,3
2025-12-10,2025020477,2,REG,09:09,DET,ev,none,wrist,1551,8477946,D. Larkin,8482078,L. Raymond,,,0,4
2025-12-10,2025020477,3,REG,08:02,CGY,sh,penalty-shot,wrist,1010,8480797,J. Farabee,,,,,1,4
2025-12-10,2025020477,3,REG,09:07,CGY,ev,none,wrist,1551,8482679,M. Coronato,8475172,N. Kadri,,,2,4
2025-12-10,2025020477,3,REG,14:40,CGY,ev,none,slap,1551,8477346,M. Weegar,8478397,R. Andersson,8475172,N. Kadri,3,4
2025-12-10,2025020478,1,REG,11:23,UTA,ev,none,snap,1551,8482699,D. Guenther,8478507,J. Marino,,,1,0
2025-12-10,2025020478,1,REG,19:17,FLA,ev,none,snap,1551,8477409,C. Verhaeghe,8477932,A. Ekblad,8477935,S. Bennett,1,1
2025-12-10,2025020478,2,REG,01:40,FLA,ev,none,snap,1551,8477935,S. Bennett,8478542,E. Rodrigues,8478859,N. Mikkola,1,2
2025-12-10,2025020478,2,REG,03:24,FLA,ev,none,wrist,1551,8477935,S. Bennett,8477409,C. Verhaeghe,,,1,3
2025-12-10,2025020478,2,REG,03:37,UTA,ev,none,backhand,1551,8482699,D. Guenther,8478474,L. Crouse,8478507,J. Marino,2,3
2025-12-10,2025020478,2,REG,14:37,UTA,ev,none,backhand,1551,8480855,J. McBain,8480434,S. Durzi,8474013,I. Cole,3,3
2025-12-10,2025020478,3,REG,19:08,FLA,ev,none,wrist,1551,8482113,A. Lundell,8480185,E. Luostarinen,8477933,S. Reinhart,3,4
2025-12-10,2025020479,2,REG,03:21,SEA,pp,none,slap,1451,8477955,J. McCann,8478407,V. Dunn,8476905,C. Stephenson,1,0
2025-12-10,2025020479,2,REG,08:16,LAK,sh,none,backhand,1451,8482155,A. Laferriere,8476469,J. Armia,,,1,1
2025-12-10,2025020479,3,REG,14:40,LAK,pp,none,backhand,1541,8477942,K. Fiala,8471685,A. Kopitar,8477960,A. Kempe,1,2
2025-12-10,2025020479,3,REG,19:34,SEA,pp,none,tip-in,1460,8482665,M. Beniers,8480009,E. Tolvanen,8478407,V. Dunn,2,2
2025-12-10,2025020479,4,OT,01:21,SEA,pp,none,slap,1341,8478407,V. Dunn,8480009,E. Tolvanen,8474586,J. Eberle,3,2
2025-12-11,2025020480,1,REG,14:33,TOR,ev,none,tip-in,1551,8478057,D. Joshua,8476931,J. McCabe,8477939,W. Nylander,1,0
2025-12-11,2025020480,2,REG,14:32,TOR,pp,none,snap,1451,8479318,A. Matthews,8477939,W. Nylander,8476853,M. Rielly,2,0
2025-12-11,2025020480,2,REG,15:31,SJS,ev,none,wrist,1551,8475200,D. Orlov,8475906,J. Klingberg,8477505,A. Wennberg,2,1
2025-12-11,2025020480,3,REG,18:35,SJS,ev,none,slap,0651,8475906,J. Klingberg,8484801,M. Celebrini,8477505,A. Wennberg,2,2
2025-12-11,2025020480,4,OT,02:49,SJS,ev,none,wrist,1331,8477505,A. Wennberg,8482667,W. Eklund,,,2,3
2025-12-11,2025020481,1,REG,02:57,TBL,ev,none,snap,1551,8477426,N. Paul,8477149,S. Sabourin,,,0,1
2025-12-11,2025020481,1,REG,03:48,TBL,ev,none,slap,1551,8478178,D. Raddysh,8476453,N. Kucherov,8479542,B. Hagel,0,2
2025-12-11,2025020481,1,REG,07:00,NJD,ev,none,snap,1551,8482684,L. Hughes,8475455,B. Dillon,8481032,P. Cotter,1,2
2025-12-11,2025020481,1,REG,07:56,TBL,ev,none,backhand,1551,8480995,P. Holmberg,8482655,J. Moser,8476826,Y. Gourde,1,3
2025-12-11,2025020481,1,REG,15:00,TBL,pp,none,wrist,1541,8477404,J. Guentzel,8477416,O. Bjorkstrand,8478178,D. Raddysh,1,4
2025-12-11,2025020481,2,REG,06:19,TBL,ev,none,wrist,1551,8477416,O. Bjorkstrand,8477404,J. Guentzel,8478010,B. Point,1,5
2025-12-11,2025020481,2,REG,13:12,NJD,pp,none,wrist,1451,8479407,J. Bratt,8483495,S. Nemec,8476474,S. Noesen,2,5
2025-12-11,2025020481,2,REG,16:35,TBL,ev,none,snap,0651,8479542,B. Hagel,8476453,N. Kucherov,8483398,D. Carlile,2,6
2025-12-11,2025020481,3,REG,03:13,NJD,ev,none,wrist,1560,8481065,A. Crookshank,8478841,C. White,8483495,S. Nemec,3,6
2025-12-11,2025020481,3,REG,07:55,TBL,ev,none,wrist,1551,8478010,B. Point,8476453,N. Kucherov,8482655,J. Moser,3,7
2025-12-11,2025020481,3,REG,15:28,NJD,ev,none,wrist,1441,8481032,P. Cotter,8479996,C. Glass,8482684,L. Hughes,4,7
2025-12-11,2025020481,3,REG,15:57,TBL,pp,none,wrist,1541,8477416,O. Bjorkstrand,8477404,J. Guentzel,8476453,N. Kucherov,4,8
2025-12-11,2025020482,1,REG,08:18,NYI,ev,none,wrist,1551,8484262,T. Mitchell,8481601,S. Holmstrom,8476429,S. Mayfield,1,0
2025-12-11,2025020482,1,REG,10:16,NYI,pp,none,tip-in,1451,8475314,A. Lee,8477950,T. DeAngelo,8481601,S. Holmstrom,2,0
2025-12-11,2025020482,1,REG,19:06,NYI,pp,none,backhand,1451,8475314,A. Lee,8477950,T. DeAngelo,8478445,M. Barzal,3,0
2025-12-11,2025020482,2,REG,05:34,ANA,ev,none,snap,1441,8484153,L. Carlsson,8478873,T. Terry,8482803,O. Zellweger,3,1
2025-12-11,2025020482,3,REG,02:37,ANA,sh,none,wrist,1451,8478873,T. Terry,8480068,R. Poehling,8481605,J. LaCombe,3,2
2025-12-11,2025020482,3,REG,06:06,NYI,ev,none,backhand,1551,8481601,S. Holmstrom,8475314,A. Lee,8476917,A. Pelech,4,2
2025-12-11,2025020482,3,REG,14:46,NYI,ev,none,snap,1551,8477506,R. Pulock,8476419,J. Pageau,8475314,A. Lee,5,2
2025-12-11,2025020483,1,REG,06:07,VGK,ev,none,backhand,1551,8480727,Z. Whitecloud,8477964,I. Barbashev,8483890,B. Bowman,0,1
2025-12-11,2025020483,1,REG,16:11,PHI,ev,none,snap,1551,8481533,T. Zegras,8477948,T. Sanheim,8477989,C. Dvorak,1,1
2025-12-11,2025020483,2,REG,12:53,VGK,pp,none,wrist,1541,8475913,M. Stone,8481604,P. Dorofeyev,8478403,J. Eichel,1,2
2025-12-11,2025020483,2,REG,16:08,PHI,ev,none,slap,1551,8478454,N. Juulsen,8477989,C. Dvorak,8479336,C. Grundstrom,2,2
2025-12-11,2025020483,4,OT,02:47,VGK,ev,none,wrist,1331,8475913,M. Stone,8478403,J. Eichel,,,2,3
2025-12-11,2025020484,1,REG,02:54,MTL,ev,none,snap,1551,8480074,A. Texier,,,,,0,1
2025-12-11,2025020484,2,REG,04:37,MTL,ev,none,wrist,1551,8475848,B. Gallagher,8483457,L. Hutson,8483515,J. Slafkovský,0,2
2025-12-11,2025020484,2,REG,10:18,MTL,pp,none,wrist,1541,8481540,C. Caufield,8480018,N. Suzuki,8483457,L. Hutson,0,3
2025-12-11,2025020484,3,REG,00:44,PIT,ev,none,wrist,1551,8475810,B. Rust,8471675,S. Crosby,8478438,T. Novak,1,3
2025-12-11,2025020484,3,REG,00:59,MTL,ev,none,wrist,1551,8482775,O. Kapanen,8483515,J. Slafkovský,8484984,I. Demidov,1,4
2025-12-11,2025020484,3,REG,15:07,PIT,pp,none,snap,1460,8474578,E. Karlsson,8471724,K. Letang,8475810,B. Rust,2,4
2025-12-11,2025020485,2,REG,05:00,WSH,ev,none,backhand,1551,8481580,C. McMichael,8471214,A. Ovechkin,8480873,R. Sandin,1,0
2025-12-11,2025020485,2,REG,13:43,CAR,ev,none,snap,1551,8477940,N. Ehlers,8482702,L. Stankoven,8482100,A. Nikishin,1,1
2025-12-11,2025020485,3,REG,11:32,WSH,ev,none,tip-in,1551,8475343,N. Dowd,8480873,R. Sandin,8481580,C. McMichael,2,1
2025-12-11,2025020485,3,REG,17:45,CAR,ev,none,snap,0651,8482702,L. Stankoven,8477940,N. Ehlers,8478970,J. Chatfield,2,2
2025-12-11,2025020485,5,SO,00:00,CAR,ev,none,snap,0101,8482093,S. Jarvis,,,,,2,3
2025-12-11,2025020486,1,REG,06:58,OTT,ev,none,backhand,1551,8474102,D. Perron,8481528,D. Cozens,8480208,D. Batherson,0,1
2025-12-11,2025020486,1,REG,08:11,OTT,ev,none,snap,1551,8480208,D. Batherson,8474102,D. Perron,8481528,D. Cozens,0,2
2025-12-11,2025020486,1,REG,14:55,OTT,pp,none,wrist,1541,8482116,T. Stützle,8480208,D. Batherson,8481528,D. Cozens,0,3
2025-12-11,2025020486,1,REG,18:04,CBJ,ev,none,tip-in,1551,8476432,B. Jenner,8484166,A. Fantilli,8478460,Z. Werenski,1,3
2025-12-11,2025020486,1,REG,19:26,OTT,ev,none,backhand,1551,8478020,M. Amadio,8473512,C. Giroux,8482092,R. Greig,1,4
2025-12-11,2025020486,2,REG,03:02,CBJ,ev,none,slap,1551,8479371,D. Fabbro,8476432,B. Jenner,8482660,K. Johnson,2,4
2025-12-11,2025020486,2,REG,08:10,CBJ,pp,none,tip-in,1451,8481716,D. Voronkov,8480893,K. Marchenko,8478460,Z. Werenski,3,4
2025-12-11,2025020486,2,REG,17:59,OTT,ev,none,tip-in,1551,8482116,T. Stützle,8478020,M. Amadio,8482245,A. Zub,3,5
2025-12-11,2025020486,3,REG,18:37,OTT,ev,empty-net,wrist,1560,8473512,C. Giroux,8478020,M. Amadio,,,3,6
2025-12-11,2025020487,1,REG,08:22,NSH,ev,none,bat,1551,8474564,S. Stamkos,8484241,M. Wood,8482768,F. Svechkov,1,0
2025-12-11,2025020487,1,REG,11:19,NSH,ev,none,wrist,1551,8474564,S. Stamkos,8474600,R. Josi,8480246,N. Perbix,2,0
2025-12-11,2025020487,2,REG,04:17,STL,ev,none,snap,1551,8481070,H. McGing,8477952,R. Fabbri,8481598,P. Broberg,2,1
2025-12-11,2025020487,2,REG,08:38,NSH,ev,none,wrist,1551,8475158,R. O'Reilly,8482146,L. Evangelista,,,3,1
2025-12-11,2025020487,2,REG,11:43,NSH,ev,none,wrist,1551,8476887,F. Forsberg,8482146,L. Evangelista,8476869,B. Skjei,4,1
2025-12-11,2025020487,2,REG,12:06,NSH,ev,none,wrist,1551,8474564,S. Stamkos,8483565,N. Blankenburg,8482768,F. Svechkov,5,1
2025-12-11,2025020487,2,REG,13:56,STL,ev,none,wrist,1551,8480023,R. Thomas,8481598,P. Broberg,8482089,J. Neighbours,5,2
2025-12-11,2025020487,2,REG,15:33,NSH,ev,none,backhand,1551,8474564,S. Stamkos,8484241,M. Wood,8474600,R. Josi,6,2
2025-12-11,2025020487,3,REG,07:36,NSH,pp,none,tip-in,1451,8478047,M. Bunting,8482146,L. Evangelista,8483565,N. Blankenburg,7,2
2025-12-11,2025020488,1,REG,09:32,DAL,pp,none,wrist,1541,8480027,J. Robertson,8480036,M. Heiskanen,8482740,W. Johnston,0,1
2025-12-11,2025020488,1,REG,16:10,MIN,ev,none,snap,1551,8478493,J. Eriksson Ek,8481557,M. Boldy,,,1,1
2025-12-11,2025020488,2,REG,10:19,DAL,sh,none,slap,1451,8480036,M. Heiskanen,8476902,E. Lindell,8476889,R. Faksa,1,2
2025-12-11,2025020488,2,REG,17:30,MIN,ev,none,slap,1551,8474567,Z. Bogosian,8484798,Z. Buium,8475765,V. Tarasenko,2,2
2025-12-11,2025020488,3,REG,08:40,MIN,ev,none,snap,1551,8475149,M. Johansson,8481557,M. Boldy,8478493,J. Eriksson Ek,3,2
2025-12-11,2025020488,3,REG,18:29,MIN,ev,empty-net,wrist,0651,8481557,M. Boldy,8478864,K. Kaprizov,,,4,2
2025-12-11,2025020488,3,REG,19:10,MIN,ev,empty-net,backhand,0651,8475149,M. Johansson,8475765,V. Tarasenko,8474716,J. Spurgeon,5,2
2025-12-11,2025020489,1,REG,05:59,WPG,ev,none,backhand,1551,8480289,M. Barron,8477504,J. Morrissey,8481043,C. Koepke,1,0
2025-12-11,2025020489,1,REG,08:24,BOS,pp,none,wrist,1541,8477956,D. Pastrnak,8479325,C. McAvoy,8479987,M. Geekie,1,1
2025-12-11,2025020489,1,REG,10:28,BOS,pp,none,wrist,1541,8479999,C. Mittelstadt,8482511,M. Lohrei,8478042,V. Arvidsson,1,2
2025-12-11,2025020489,1,REG,11:08,BOS,ev,none,backhand,1551,8476374,S. Kuraly,8479661,T. Jeannot,8480355,M. Kastelic,1,3
2025-12-11,2025020489,1,REG,13:37,WPG,ev,none,wrist,1551,8480113,A. Iafallo,8476331,D. DeMelo,8480049,D. Samberg,2,3
2025-12-11,2025020489,2,REG,14:36,BOS,ev,none,slap,1551,8476854,H. Lindholm,8477956,D. Pastrnak,8479987,M. Geekie,2,4
2025-12-11,2025020489,2,REG,17:46,WPG,pp,none,wrist,1451,8480014,G. Vilardi,8482149,C. Perfetti,8478398,K. Connor,3,4
2025-12-11,2025020489,3,REG,14:43,BOS,ev,none,snap,1551,8477496,E. Lindholm,8477956,D. Pastrnak,8477507,N. Zadorov,3,5
2025-12-11,2025020489,3,REG,18:04,BOS,ev,empty-net,wrist,1560,8477956,D. Pastrnak,8479987,M. Geekie,8477496,E. Lindholm,3,6
2025-12-11,2025020491,1,REG,14:25,EDM,pp,none,tip-in,1451,8475786,Z. Hyman,8478402,C. McDavid,8477934,L. Draisaitl,1,0
2025-12-11,2025020491,2,REG,02:46,EDM,ev,none,slap,1551,8475218,M. Ekholm,8478402,C. McDavid,8476454,R. Nugent-Hopkins,2,0
2025-12-11,2025020491,2,REG,05:41,DET,ev,none,wrist,1551,8482762,S. Edvinsson,8484160,N. Danielson,8481725,E. Soderblom,2,1
2025-12-11,2025020491,2,REG,17:48,EDM,ev,none,snap,1551,8475786,Z. Hyman,8478402,C. McDavid,8477498,D. Nurse,3,1
2025-12-11,2025020491,3,REG,18:43,EDM,ev,empty-net,wrist,0651,8475786,Z. Hyman,8478402,C. McDavid,8477934,L. Draisaitl,4,1
2025-12-11,2025020490,1,REG,01:14,COL,ev,none,wrist,1551,8484258,S. Malinski,8480039,M. Necas,8477492,N. MacKinnon,1,0
2025-12-11,2025020490,1,REG,07:21,FLA,ev,none,wrist,1551,8479393,N. Gregor,8477495,S. Jones,,,1,1
2025-12-11,2025020490,1,REG,18:30,COL,ev,none,backhand,1551,8475754,B. Nelson,8480069,C. Makar,8477501,V. Nichushkin,2,1
2025-12-11,2025020490,2,REG,05:05,COL,ev,none,backhand,1551,8484149,G. Brindley,8470613,B. Burns,8476312,J. Manson,3,1
2025-12-11,2025020490,2,REG,07:18,COL,ev,none,wrist,1551,8477492,N. MacKinnon,8479398,S. Girard,8484258,S. Malinski,4,1
2025-12-11,2025020490,2,REG,12:31,COL,ev,none,wrist,1551,8477476,A. Lehkonen,8484149,G. Brindley,8478038,D. Toews,5,1
2025-12-11,2025020490,3,REG,06:18,COL,ev,none,wrist,1551,8476455,G. Landeskog,8480039,M. Necas,8476312,J. Manson,6,1
2025-12-11,2025020490,3,REG,13:08,FLA,ev,none,snap,1551,8482713,M. Samoskevich,8478421,A. Greer,8478542,E. Rodrigues,6,2
2025-12-11,2025020492,1,REG,07:36,BUF,ev,none,slap,1551,8480839,R. Dahlin,8480802,R. McLeod,8482097,J. Quinn,0,1
2025-12-11,2025020492,1,REG,19:49,VAN,pp,none,backhand,1451,8480748,K. Sherwood,8478856,C. Garland,8480800,Q. Hughes,1,1
2025-12-11,2025020492,2,REG,06:15,VAN,ev,none,snap,1551,8484136,M. Sasson,8478498,J. DeBrusk,8483678,E. Pettersson,2,1
2025-12-11,2025020492,2,REG,09:12,BUF,ev,none,wrist,1551,8479420,T. Thompson,8480839,R. Dahlin,,,2,2
2025-12-11,2025020492,2,REG,14:46,BUF,pp,none,snap,1541,8484145,Z. Benson,8482659,J. Doan,8479420,T. Thompson,2,3
2025-12-12,2025020493,1,REG,03:41,STL,ev,none,wrist,1560,8482733,L. Mailloux,8480023,R. Thomas,8482089,J. Neighbours,1,0
2025-12-12,2025020493,1,REG,11:48,STL,ev,none,snap,1551,8479644,M. Luff,8477952,R. Fabbri,8476892,C. Parayko,2,0
2025-12-12,2025020493,1,REG,15:50,CHI,ev,none,wrist,1551,8482176,W. Kaiser,8477444,A. Burakovsky,8484144,C. Bedard,2,1
2025-12-12,2025020493,2,REG,08:57,STL,ev,none,wrist,1551,8475753,J. Faulk,8481006,T. Tucker,8480023,R. Thomas,3,1
2025-12-12,2025020493,3,REG,14:08,CHI,ev,none,backhand,1551,8477444,A. Burakovsky,8484144,C. Bedard,,,3,2
2025-12-12,2025020494,2,REG,03:35,SEA,ev,none,backhand,1551,8478975,M. Marchment,8477919,F. Gaudreau,8476905,C. Stephenson,0,1
2025-12-12,2025020494,2,REG,08:09,UTA,ev,none,wrist,1551,8477951,N. Schmaltz,,,,,1,1
2025-12-12,2025020494,2,REG,13:24,UTA,ev,none,snap,1551,8479977,K. Yamamoto,8477070,L. O'Brien,8478831,K. Stenlund,2,1
2025-12-12,2025020494,3,REG,07:50,SEA,ev,none,slap,1551,8478975,M. Marchment,8479324,R. Lindgren,8477986,B. Montour,2,2
2025-12-12,2025020494,3,REG,12:55,UTA,pp,none,slap,1451,8482699,D. Guenther,8477951,N. Schmaltz,8479410,M. Sergachev,3,2
2025-12-12,2025020494,3,REG,17:49,UTA,ev,empty-net,backhand,0651,8482175,J. Peterka,8478831,K. Stenlund,,,4,2
2025-12-12,2025020494,3,REG,18:58,UTA,ev,empty-net,snap,0651,8478474,L. Crouse,8477951,N. Schmaltz,8478831,K. Stenlund,5,2
2025-12-12,2025020494,3,REG,19:17,SEA,ev,none,wrist,1551,8483570,B. Meyers,8481789,T. Kartye,8482751,R. Winterton,5,3
2025-12-13,2025020495,1,REG,13:18,ANA,ev,none,snap,1551,8478873,T. Terry,8484153,L. Carlsson,,,0,1
2025-12-13,2025020495,1,REG,16:09,NJD,ev,none,wrist,1551,8476474,S. Noesen,8477996,J. Lammikko,8479407,J. Bratt,1,1
2025-12-13,2025020495,2,REG,05:52,NJD,ev,none,wrist,1551,8481032,P. Cotter,8477996,J. Lammikko,8478841,C. White,2,1
2025-12-13,2025020495,2,REG,17:04,NJD,ev,none,snap,1551,8479996,C. Glass,8476292,O. Palat,8478841,C. White,3,1
2025-12-13,2025020495,3,REG,18:00,NJD,ev,empty-net,backhand,0651,8477015,C. Brown,8476292,O. Palat,,,4,1
2025-12-13,2025020496,2,REG,03:54,MIN,ev,none,tip-in,1551,8475752,T. Pitlick,8474716,J. Spurgeon,8481477,N. Sturm,1,0
2025-12-13,2025020496,2,REG,16:02,MIN,pp,none,snap,1451,8477451,R. Hartman,8475149,M. Johansson,8483525,D. Yurov,2,0
2025-12-13,2025020496,2,REG,19:37,OTT,pp,none,poke,1541,8482116,T. Stützle,8481528,D. Cozens,8480208,D. Batherson,2,1
2025-12-13,2025020496,3,REG,05:45,OTT,pp,none,wrist,1541,8481528,D. Cozens,8480801,B. Tkachuk,8482116,T. Stützle,2,2
2025-12-13,2025020496,3,REG,19:36,MIN,ev,none,snap,1551,8478493,J. Eriksson Ek,8475149,M. Johansson,,,3,2
2025-12-13,2025020497,1,REG,10:27,SJS,ev,none,wrist,1551,8475726,T. Toffoli,8484806,S. Dickinson,8477505,A. Wennberg,0,1
2025-12-13,2025020497,1,REG,12:41,PIT,pp,none,wrist,1451,8471675,S. Crosby,8477511,A. Mantha,8475810,B. Rust,1,1
2025-12-13,2025020497,2,REG,00:19,PIT,ev,none,wrist,1551,8483487,R. McGroarty,8485414,B. Kindel,8471724,K. Letang,2,1
2025-12-13,2025020497,2,REG,09:42,PIT,ev,none,wrist,1551,8475763,K. Hayes,8478569,N. Acciari,8480980,C. Dewar,3,1
2025-12-13,2025020497,2,REG,19:53,PIT,pp,none,slap,1451,8475810,B. Rust,8471675,S. Crosby,8477511,A. Mantha,4,1
2025-12-13,2025020497,3,REG,05:25,PIT,pp,none,wrist,1451,8477511,A. Mantha,8475810,B. Rust,8474578,E. Karlsson,5,1
2025-12-13,2025020497,3,REG,07:33,SJS,pp,none,wrist,1531,8475906,J. Klingberg,8475726,T. Toffoli,8482667,W. Eklund,5,2
2025-12-13,2025020497,3,REG,14:19,SJS,ev,none,wrist,1551,8482667,W. Eklund,8477505,A. Wennberg,8478874,A. Gaudette,5,3
2025-12-13,2025020497,3,REG,17:33,SJS,ev,none,slap,0651,8484801,M. Celebrini,8475726,T. Toffoli,8484911,C. Graf,5,4
2025-12-13,2025020497,3,REG,18:22,SJS,ev,none,wrist,0651,8475726,T. Toffoli,8477505,A. Wennberg,8484801,M. Celebrini,5,5
2025-12-13,2025020497,4,OT,02:57,SJS,ev,none,wrist,1331,8475906,J. Klingberg,8484801,M. Celebrini,8484911,C. Graf,5,6
2025-12-13,2025020498,1,REG,03:05,NYI,pp,none,wrist,1341,8485366,M. Schaefer,8477407,A. Duclair,8478445,M. Barzal,1,0
2025-12-13,2025020498,1,REG,10:16,NYI,ev,none,wrist,1551,8484221,C. Ritchie,8477407,A. Duclair,,,2,0
2025-12-13,2025020498,2,REG,10:13,TBL,pp,none,slap,1531,8478178,D. Raddysh,8476453,N. Kucherov,8477404,J. Guentzel,2,1
2025-12-13,2025020498,3,REG,03:20,TBL,ev,none,wrist,1551,8482655,J. Moser,8476453,N. Kucherov,8478010,B. Point,2,2
2025-12-13,2025020498,5,SO,00:00,NYI,ev,none,wrist,1010,8482476,E. Heineman,,,,,3,2
2025-12-13,2025020499,1,REG,03:25,EDM,ev,none,wrist,1551,8478402,C. McDavid,8480803,E. Bouchard,,,0,1
2025-12-13,2025020499,1,REG,16:03,TOR,ev,none,backhand,1551,8484158,E. Cowan,8476872,S. Laughton,8478904,S. Lorentz,1,1
2025-12-13,2025020499,2,REG,04:54,TOR,ev,none,wrist,1551,8475171,O. Ekman-Larsson,8482720,M. Knies,8477503,M. Domi,2,1
2025-12-13,2025020499,2,REG,10:29,EDM,ev,own-goal,,1551,8478402,C. McDavid,,,,,2,2
2025-12-13,2025020499,2,REG,19:29,EDM,ev,none,snap,1551,8477498,D. Nurse,8477934,L. Draisaitl,8478402,C. McDavid,2,3
2025-12-13,2025020499,3,REG,01:21,EDM,ev,none,deflected,1551,8481617,V. Podkolzin,8477934,L. Draisaitl,8480831,A. Regula,2,4
2025-12-13,2025020499,3,REG,01:55,EDM,ev,none,tip-in,1551,8481617,V. Podkolzin,8477934,L. Draisaitl,8483512,M. Savoie,2,5
2025-12-13,2025020499,3,REG,09:28,EDM,ev,none,backhand,1551,8475786,Z. Hyman,8476454,R. Nugent-Hopkins,,,2,6
2025-12-13,2025020499,3,REG,19:12,TOR,ev,none,slap,1551,8478904,S. Lorentz,8476931,J. McCabe,8479442,T. Stecher,3,6
2025-12-13,2025020500,1,REG,12:41,MTL,ev,none,wrist,1551,8482737,Z. Bolduc,8480018,N. Suzuki,8481540,C. Caufield,0,1
2025-12-13,2025020500,1,REG,14:10,MTL,ev,none,wrist,1551,8482964,A. Xhekaj,8478851,A. Carrier,8480074,A. Texier,0,2
2025-12-13,2025020500,1,REG,16:18,MTL,ev,none,snap,1551,8478133,J. Evans,8483457,L. Hutson,8480813,J. Veleno,0,3
2025-12-13,2025020500,1,REG,18:49,NYR,pp,none,wrist,1451,8483690,N. Laba,8482157,W. Cuylle,8477839,C. Sheary,1,3
2025-12-13,2025020500,1,REG,19:08,NYR,ev,penalty-shot,wrist,1010,8478550,A. Panarin,,,,,2,3
2025-12-13,2025020500,2,REG,03:17,MTL,ev,none,slap,1551,8476981,J. Anderson,8483457,L. Hutson,8480018,N. Suzuki,2,4
2025-12-13,2025020500,2,REG,07:22,NYR,ev,none,wrist,1551,8482157,W. Cuylle,8481525,M. Robertson,8483690,N. Laba,3,4
2025-12-13,2025020500,2,REG,07:58,NYR,ev,none,backhand,1551,8476468,J. Miller,8481525,M. Robertson,8477839,C. Sheary,4,4
2025-12-13,2025020500,4,OT,02:56,NYR,pp,none,slap,1341,8476468,J. Miller,8476459,M. Zibanejad,8476389,V. Trocheck,5,4
2025-12-13,2025020501,1,REG,10:04,PHI,ev,none,wrist,1551,8481553,B. Brink,8481533,T. Zegras,8477948,T. Sanheim,1,0
2025-12-13,2025020501,1,REG,17:34,PHI,ev,none,snap,1551,8481533,T. Zegras,8478439,T. Konecny,8482142,J. Drysdale,2,0
2025-12-13,2025020501,2,REG,09:11,CAR,ev,none,snap,1551,8477940,N. Ehlers,8476906,S. Gostisbehere,,,2,1
2025-12-13,2025020501,2,REG,14:12,CAR,ev,none,slap,1551,8482100,A. Nikishin,8482911,J. Nystrom,8475791,T. Hall,2,2
2025-12-13,2025020501,3,REG,12:26,CAR,ev,none,wrist,1551,8482093,S. Jarvis,8480830,A. Svechnikov,8476906,S. Gostisbehere,2,3
2025-12-13,2025020501,3,REG,12:49,PHI,ev,none,snap,1551,8479336,C. Grundstrom,8479022,R. Abols,8478454,N. Juulsen,3,3
2025-12-13,2025020501,5,SO,00:00,CAR,ev,none,wrist,0101,8482809,J. Blake,,,,,3,4
2025-12-13,2025020502,1,REG,07:02,CBJ,ev,none,wrist,1551,8475745,C. Coyle,8478460,Z. Werenski,8482705,C. Sillinger,1,0
2025-12-13,2025020502,2,REG,00:41,VGK,pp,none,snap,1541,8481604,P. Dorofeyev,8478483,M. Marner,8478403,J. Eichel,1,1
2025-12-13,2025020502,3,REG,04:49,CBJ,ev,none,wrist,1551,8482475,E. Chinakhov,8479371,D. Fabbro,8482660,K. Johnson,2,1
2025-12-13,2025020502,3,REG,05:52,VGK,ev,none,snap,1551,8477018,B. Hutton,8478483,M. Marner,8481527,K. Korczak,2,2
2025-12-13,2025020502,3,REG,13:13,VGK,ev,none,snap,1551,8475188,B. McNabb,8478483,M. Marner,8477447,S. Theodore,2,3
2025-12-13,2025020503,1,REG,09:13,WPG,ev,none,bat,1551,8479378,L. Stanley,8477504,J. Morrissey,8476460,M. Scheifele,1,0
2025-12-13,2025020503,1,REG,18:43,WPG,ev,none,backhand,1551,8480289,M. Barron,8476392,A. Lowry,8480113,A. Iafallo,2,0
2025-12-13,2025020503,2,REG,03:39,WPG,ev,none,wrist,1551,8480113,A. Iafallo,8476392,A. Lowry,,,3,0
2025-12-13,2025020503,2,REG,19:53,WPG,pp,none,tip-in,1451,8480014,G. Vilardi,8478398,K. Connor,8477504,J. Morrissey,4,0
2025-12-13,2025020503,3,REG,11:55,WPG,ev,none,wrist,1551,8480014,G. Vilardi,8478398,K. Connor,8476460,M. Scheifele,5,0
2025-12-13,2025020503,3,REG,16:32,WSH,pp,none,slap,1531,8479345,J. Chychrun,8474590,J. Carlson,8471214,A. Ovechkin,5,1
2025-12-13,2025020504,1,REG,00:55,DET,ev,none,tip-in,1551,8479337,A. DeBrincat,8477429,A. Copp,8474141,P. Kane,0,1
2025-12-13,2025020504,1,REG,04:35,DET,ev,none,backhand,1551,8474141,P. Kane,8479337,A. DeBrincat,,,0,2
2025-12-13,2025020504,2,REG,14:23,DET,ev,none,wrist,1551,8484471,E. Finnie,8482078,L. Raymond,8484223,A. Sandin-Pellikka,0,3
2025-12-13,2025020504,3,REG,16:14,DET,ev,empty-net,wrist,1560,8479337,A. DeBrincat,,,,,0,4
2025-12-13,2025020505,2,REG,00:19,FLA,ev,none,snap,1551,8482113,A. Lundell,8480185,E. Luostarinen,8477933,S. Reinhart,0,1
2025-12-13,2025020505,2,REG,05:45,FLA,ev,none,deflected,1551,8477935,S. Bennett,8477409,C. Verhaeghe,8473419,B. Marchand,0,2
2025-12-13,2025020505,2,REG,19:45,FLA,pp,none,snap,1541,8473419,B. Marchand,8477933,S. Reinhart,8477495,S. Jones,0,3
2025-12-13,2025020505,3,REG,17:12,FLA,ev,empty-net,snap,1560,8473419,B. Marchand,8482113,A. Lundell,,,0,4
2025-12-13,2025020506,1,REG,01:26,COL,ev,none,wrist,1551,8477492,N. MacKinnon,8470613,B. Burns,,,1,0
2025-12-13,2025020506,1,REG,11:47,COL,ev,none,wrist,1441,8480835,J. Drury,8480069,C. Makar,8479398,S. Girard,2,0
2025-12-13,2025020506,1,REG,12:37,NSH,pp,none,wrist,1541,8476539,J. Marchessault,8475158,R. O'Reilly,8476887,F. Forsberg,2,1
2025-12-13,2025020506,2,REG,09:57,COL,ev,none,wrist,1560,8478109,V. Olofsson,8479398,S. Girard,8484258,S. Malinski,3,1
2025-12-13,2025020506,3,REG,16:26,COL,ev,empty-net,backhand,0651,8477501,V. Nichushkin,8477492,N. MacKinnon,,,4,1
2025-12-13,2025020506,3,REG,18:57,NSH,ev,none,wrist,1551,8479370,T. Jost,8482768,F. Svechkov,,,4,2
2025-12-13,2025020507,1,REG,11:10,LAK,ev,none,slap,1551,8477960,A. Kempe,8482155,A. Laferriere,8476441,J. Edmundson,1,0
2025-12-13,2025020507,2,REG,06:41,CGY,sh,none,snap,1451,8476399,B. Coleman,,,,,1,1
2025-12-13,2025020507,4,OT,01:06,CGY,ev,none,tip-in,1331,8480028,M. Frost,8476456,J. Huberdeau,,,1,2
2025-12-14,2025020508,1,REG,01:01,VAN,pp,none,wrist,1541,8478498,J. DeBrusk,8478856,C. Garland,8484798,Z. Buium,0,1
2025-12-14,2025020508,1,REG,06:48,VAN,pp,none,wrist,1541,8484798,Z. Buium,8478856,C. Garland,8477967,T. Demko,0,2
2025-12-14,2025020508,2,REG,04:02,NJD,ev,none,wrist,1551,8482684,L. Hughes,8479407,J. Bratt,8482110,D. Mercer,1,2
2025-12-14,2025020509,1,REG,00:48,PIT,ev,none,backhand,1551,8479638,J. Brazeau,8485414,B. Kindel,8483487,R. McGroarty,1,0
2025-12-14,2025020509,1,REG,15:21,PIT,ev,none,backhand,1551,8475810,B. Rust,8476483,R. Rakell,,,2,0
2025-12-14,2025020509,2,REG,05:40,PIT,ev,none,wrist,1551,8485414,B. Kindel,8478854,R. Shea,8471724,K. Letang,3,0
2025-12-14,2025020509,3,REG,01:07,UTA,ev,none,wrist,1551,8477220,N. Schmidt,8477951,N. Schmaltz,8482175,J. Peterka,3,1
2025-12-14,2025020509,3,REG,01:22,UTA,ev,none,wrist,1551,8479619,M. Carcone,,,,,3,2
2025-12-14,2025020509,3,REG,05:35,UTA,ev,none,wrist,1551,8480434,S. Durzi,8479977,K. Yamamoto,8479410,M. Sergachev,3,3
2025-12-14,2025020509,3,REG,07:06,UTA,pp,none,wrist,1541,8479619,M. Carcone,8480849,B. Hayton,8484388,D. But,3,4
2025-12-14,2025020509,3,REG,14:06,PIT,ev,none,tip-in,1551,8479638,J. Brazeau,8474578,E. Karlsson,8485414,B. Kindel,4,4
2025-12-14,2025020509,4,OT,00:42,UTA,ev,none,wrist,1331,8482699,D. Guenther,8478507,J. Marino,,,4,5
2025-12-14,2025020510,1,REG,05:44,CAR,ev,none,wrist,1551,8477478,W. Carrier,8480336,S. Walker,8473533,J. Staal,1,0
2025-12-14,2025020510,1,REG,15:53,CAR,pp,none,tip-in,1451,8475791,T. Hall,8482100,A. Nikishin,8482809,J. Blake,2,0
2025-12-14,2025020510,1,REG,19:07,PHI,ev,none,snap,0651,8482142,J. Drysdale,8481533,T. Zegras,8484387,M. Michkov,2,1
2025-12-14,2025020510,3,REG,18:08,PHI,ev,none,snap,0651,8481533,T. Zegras,8478439,T. Konecny,8477989,C. Dvorak,2,2
2025-12-14,2025020510,5,SO,00:00,CAR,ev,none,backhand,1010,8480830,A. Svechnikov,,,,,3,2
2025-12-14,2025020511,1,REG,10:11,MIN,pp,none,wrist,1451,8474716,J. Spurgeon,8482122,B. Faber,8475149,M. Johansson,1,0
2025-12-14,2025020511,2,REG,08:49,MIN,ev,none,backhand,1551,8478864,K. Kaprizov,8481557,M. Boldy,8478493,J. Eriksson Ek,2,0
2025-12-14,2025020511,2,REG,12:57,MIN,pp,none,wrist,1451,8477451,R. Hartman,8482122,B. Faber,,,3,0
2025-12-14,2025020511,3,REG,00:54,MIN,ev,none,wrist,1551,8480800,Q. Hughes,8477451,R. Hartman,8477979,N. Aube-Kubel,4,0
2025-12-14,2025020511,3,REG,08:08,MIN,ev,none,wrist,1551,8481557,M. Boldy,8478864,K. Kaprizov,,,5,0
2025-12-14,2025020511,3,REG,10:58,BOS,ev,none,wrist,1551,8482634,A. Steeves,8483489,F. Minten,8479591,M. Eyssimont,5,1
2025-12-14,2025020511,3,REG,14:55,MIN,ev,none,wrist,1560,8478864,K. Kaprizov,8477451,R. Hartman,8482094,D. Hunt,6,1
2025-12-14,2025020511,3,REG,19:59,BOS,ev,none,snap,1551,8479369,A. Peeke,8476374,S. Kuraly,8479661,T. Jeannot,6,2
2025-12-14,2025020512,2,REG,02:28,MTL,pp,none,snap,1451,8484984,I. Demidov,8483515,J. Slafkovský,8483457,L. Hutson,1,0
2025-12-14,2025020512,2,REG,11:58,MTL,ev,none,snap,1551,8480813,J. Veleno,,,,,2,0
2025-12-14,2025020512,3,REG,03:38,MTL,pp,none,deflected,1451,8480018,N. Suzuki,8483515,J. Slafkovský,8483457,L. Hutson,3,0
2025-12-14,2025020512,3,REG,12:29,EDM,pp,none,snap,1541,8475786,Z. Hyman,8480803,E. Bouchard,8478402,C. McDavid,3,1
2025-12-14,2025020512,3,REG,13:52,MTL,ev,none,snap,1551,8480074,A. Texier,8481593,J. Struble,,,4,1
2025-12-14,2025020513,1,REG,17:09,BUF,ev,none,wrist,1551,8483500,N. Ostlund,8480064,J. Norris,8477949,A. Tuch,0,1
2025-12-14,2025020513,2,REG,10:08,BUF,ev,none,wrist,1551,8479420,T. Thompson,8481522,P. Krebs,8477949,A. Tuch,0,2
2025-12-14,2025020513,2,REG,12:24,SEA,pp,none,wrist,1451,8476905,C. Stephenson,8478407,V. Dunn,8474586,J. Eberle,1,2
2025-12-14,2025020513,3,REG,19:14,BUF,ev,empty-net,wrist,1560,8484145,Z. Benson,8482097,J. Quinn,8480802,R. McLeod,1,3
2025-12-15,2025020514,1,REG,02:16,FLA,sh,none,wrist,1451,8477933,S. Reinhart,8477932,A. Ekblad,,,0,1
2025-12-15,2025020514,1,REG,03:48,FLA,ev,none,wrist,1551,8482113,A. Lundell,8484304,U. Balinskis,8477495,S. Jones,0,2
2025-12-15,2025020514,2,REG,11:48,FLA,ev,none,tip-in,1551,8473419,B. Marchand,8477409,C. Verhaeghe,8477932,A. Ekblad,0,3
2025-12-15,2025020514,2,REG,18:08,FLA,pp,none,snap,1541,8477933,S. Reinhart,8482713,M. Samoskevich,,,0,4
2025-12-15,2025020514,2,REG,19:27,TBL,ev,none,slap,1551,8481719,M. Crozier,8477416,O. Bjorkstrand,8478010,B. Point,1,4
2025-12-15,2025020514,3,REG,02:11,TBL,ev,none,snap,1551,8482655,J. Moser,8478010,B. Point,8478178,D. Raddysh,2,4
2025-12-15,2025020514,3,REG,06:37,FLA,ev,none,backhand,1551,8477409,C. Verhaeghe,8484304,U. Balinskis,,,2,5
2025-12-15,2025020515,2,REG,07:18,ANA,sh,none,wrist,1451,8481605,J. LaCombe,8480068,R. Poehling,8476885,J. Trouba,0,1
2025-12-15,2025020515,2,REG,16:18,NYR,ev,none,wrist,1551,8481525,M. Robertson,8478550,A. Panarin,8482109,A. Lafrenière,1,1
2025-12-15,2025020515,3,REG,05:51,ANA,pp,none,snap,1541,8483445,C. Gauthier,8484762,B. Sennecke,8482803,O. Zellweger,1,2
2025-12-15,2025020515,3,REG,19:38,ANA,ev,empty-net,wrist,1560,8483445,C. Gauthier,8484153,L. Carlsson,8473986,A. Killorn,1,3
2025-12-15,2025020515,3,REG,19:57,ANA,ev,none,snap,1551,8483490,P. Mintyukov,8480068,R. Poehling,8477527,R. Johnston,1,4
2025-12-15,2025020516,2,REG,10:47,OTT,ev,none,wrist,1551,8476393,N. Cousins,8477073,K. MacDermid,8482116,T. Stützle,0,1
2025-12-15,2025020516,2,REG,15:37,WPG,ev,none,slap,1551,8480145,N. Pionk,8478398,K. Connor,8482149,C. Perfetti,1,1
2025-12-15,2025020516,2,REG,18:35,WPG,ev,none,wrist,1551,8479378,L. Stanley,8480289,M. Barron,8480014,G. Vilardi,2,1
2025-12-15,2025020516,3,REG,18:06,OTT,ev,none,wrist,0651,8482105,J. Sanderson,8482116,T. Stützle,,,2,2
2025-12-15,2025020516,4,OT,02:11,OTT,ev,none,slap,1331,8480801,B. Tkachuk,8482116,T. Stützle,8482105,J. Sanderson,2,3
2025-12-15,2025020517,1,REG,00:27,NSH,ev,none,wrist,1551,8476887,F. Forsberg,8475158,R. O'Reilly,8476869,B. Skjei,0,1
2025-12-15,2025020517,1,REG,10:06,STL,ev,none,wrist,1551,8484164,D. Dvorsky,8481070,H. McGing,8475753,J. Faulk,1,1
2025-12-15,2025020517,2,REG,01:23,NSH,ev,none,wrap-around,1551,8478047,M. Bunting,8480246,N. Perbix,8475287,E. Haula,1,2
2025-12-15,2025020517,2,REG,05:31,NSH,pp,none,wrist,1541,8476887,F. Forsberg,8474564,S. Stamkos,8474600,R. Josi,1,3
2025-12-15,2025020517,2,REG,18:45,NSH,ev,none,wrist,1551,8483513,R. Schaefer,8474600,R. Josi,,,1,4
2025-12-15,2025020517,3,REG,08:29,STL,pp,none,snap,1451,8484164,D. Dvorsky,8482089,J. Neighbours,8477402,P. Buchnevich,2,4
2025-12-15,2025020517,3,REG,16:09,NSH,ev,empty-net,wrist,1560,8476887,F. Forsberg,8475158,R. O'Reilly,,,2,5
2025-12-15,2025020518,2,REG,11:03,LAK,pp,none,snap,1531,8483808,A. Kuzmenko,,,,,0,1
2025-12-15,2025020518,2,REG,15:42,DAL,ev,none,snap,1551,8475168,M. Duchene,8478420,M. Rantanen,8482740,W. Johnston,1,1
2025-12-15,2025020518,3,REG,06:12,DAL,ev,none,tip-in,1551,8480840,O. Bäck,8476889,R. Faksa,8476278,C. Blackwell,2,1
2025-12-15,2025020518,3,REG,16:11,DAL,ev,none,snap,1551,8478420,M. Rantanen,8481581,T. Harley,,,3,1
2025-12-15,2025020518,3,REG,19:28,DAL,ev,empty-net,snap,0651,8482740,W. Johnston,8475168,M. Duchene,,,4,1
2025-12-16,2025020519,1,REG,08:34,UTA,pp,none,tip-in,1541,8480849,B. Hayton,8480434,S. Durzi,8484388,D. But,0,1
2025-12-16,2025020519,1,REG,16:01,BOS,pp,none,wrist,1451,8479987,M. Geekie,8477956,D. Pastrnak,8477496,E. Lindholm,1,1
2025-12-16,2025020519,2,REG,00:23,BOS,ev,none,wrist,1551,8479987,M. Geekie,8477956,D. Pastrnak,8477507,N. Zadorov,2,1
2025-12-16,2025020519,3,REG,10:16,BOS,ev,none,wrist,1551,8479999,C. Mittelstadt,8478401,P. Zacha,8482177,M. Khusnutdinov,3,1
2025-12-16,2025020519,3,REG,16:02,BOS,ev,none,backhand,1551,8479591,M. Eyssimont,,,,,4,1
2025-12-16,2025020520,1,REG,10:21,CHI,ev,none,wrist,1551,8482176,W. Kaiser,8476952,D. Toninato,,,0,1
2025-12-16,2025020520,1,REG,14:58,CHI,sh,none,wrist,1451,8477450,J. Dickinson,8481624,I. Mikheyev,8481806,L. Crevier,0,2
2025-12-16,2025020520,3,REG,09:59,TOR,ev,none,wrist,1551,8475171,O. Ekman-Larsson,8479318,A. Matthews,8477939,W. Nylander,1,2
2025-12-16,2025020520,3,REG,16:51,TOR,pp,none,wrist,1451,8479318,A. Matthews,8477939,W. Nylander,,,2,2
2025-12-16,2025020520,3,REG,16:59,TOR,ev,none,wrist,1551,8478057,D. Joshua,8479442,T. Stecher,8476931,J. McCabe,3,2
2025-12-16,2025020521,1,REG,19:00,MTL,ev,none,snap,1551,8480074,A. Texier,8478133,J. Evans,8476981,J. Anderson,1,0
2025-12-16,2025020521,1,REG,19:39,PHI,ev,none,snap,1551,8479336,C. Grundstrom,8480015,O. Tippett,8476461,S. Couturier,1,1
2025-12-16,2025020521,2,REG,06:26,PHI,ev,none,snap,1551,8481533,T. Zegras,8478439,T. Konecny,8482126,E. Andrae,1,2
2025-12-16,2025020521,2,REG,19:10,PHI,ev,none,snap,1551,8481553,B. Brink,8484387,M. Michkov,,,1,3
2025-12-16,2025020521,3,REG,18:25,PHI,ev,empty-net,snap,1560,8478439,T. Konecny,8477989,C. Dvorak,8476461,S. Couturier,1,4
2025-12-16,2025020522,1,REG,04:27,NYI,ev,none,slap,1551,8482476,E. Heineman,8478445,M. Barzal,8477494,J. Drouin,0,1
2025-12-16,2025020522,3,REG,02:03,DET,ev,none,wrist,1551,8484223,A. Sandin-Pellikka,8482078,L. Raymond,,,1,1
2025-12-16,2025020522,3,REG,03:55,DET,pp,none,snap,1451,8479337,A. DeBrincat,8481542,M. Seider,8482078,L. Raymond,2,1
2025-12-16,2025020522,3,REG,11:26,NYI,ev,none,wrist,1551,8476429,S. Mayfield,8476419,J. Pageau,8475314,A. Lee,2,2
2025-12-16,2025020522,3,REG,17:43,DET,pp,none,snap,1451,8479337,A. DeBrincat,8481542,M. Seider,8482078,L. Raymond,3,2
2025-12-16,2025020523,1,REG,01:46,VAN,ev,none,wrist,1551,8475169,E. Kane,8478444,B. Boeser,8483678,E. Pettersson,0,1
2025-12-16,2025020523,2,REG,03:24,VAN,ev,none,snap,1551,8483499,L. Ohgren,8481024,L. Karlsson,,,0,2
2025-12-16,2025020523,3,REG,16:52,VAN,sh,empty-net,backhand,1460,8478856,C. Garland,8479425,F. Hronek,,,0,3
2025-12-16,2025020525,1,REG,08:21,CBJ,ev,none,wrist,1551,8478460,Z. Werenski,8476432,B. Jenner,8482475,E. Chinakhov,1,0
2025-12-16,2025020525,2,REG,03:35,ANA,ev,none,snap,1551,8476458,R. Strome,8480068,R. Poehling,8482178,I. Moore,1,1
2025-12-16,2025020525,2,REG,03:59,CBJ,ev,none,wrist,1551,8478460,Z. Werenski,8476867,B. Gaunce,8482660,K. Johnson,2,1
2025-12-16,2025020525,2,REG,04:18,CBJ,ev,none,backhand,1551,8476432,B. Jenner,8478500,I. Provorov,,,3,1
2025-12-16,2025020525,2,REG,05:29,ANA,ev,none,wrist,1551,8475798,M. Granlund,8478366,F. Vatrano,,,3,2
2025-12-16,2025020525,3,REG,16:44,ANA,ev,none,wrist,1551,8481605,J. LaCombe,8480068,R. Poehling,8475798,M. Granlund,3,3
2025-12-16,2025020525,4,OT,03:32,CBJ,ev,none,snap,1331,8484166,A. Fantilli,8482660,K. Johnson,8478460,Z. Werenski,4,3
2025-12-16,2025020524,1,REG,11:38,EDM,pp,none,backhand,1531,8475786,Z. Hyman,8478402,C. McDavid,8477934,L. Draisaitl,0,1
2025-12-16,2025020524,1,REG,11:52,EDM,pp,none,backhand,1541,8478402,C. McDavid,8477934,L. Draisaitl,8480803,E. Bouchard,0,2
2025-12-16,2025020524,1,REG,19:15,PIT,ev,none,wrist,1551,8478438,T. Novak,8477511,A. Mantha,,,1,2
2025-12-16,2025020524,2,REG,04:35,EDM,ev,none,wrist,1551,8483512,M. Savoie,8480831,A. Regula,8477406,M. Janmark,1,3
2025-12-16,2025020524,2,REG,06:24,PIT,pp,none,slap,1451,8474578,E. Karlsson,8471675,S. Crosby,8476483,R. Rakell,2,3
2025-12-16,2025020524,2,REG,09:36,EDM,pp,none,wrist,1541,8480803,E. Bouchard,8478402,C. McDavid,8477934,L. Draisaitl,2,4
2025-12-16,2025020524,3,REG,06:47,EDM,ev,none,wrist,1551,8481617,V. Podkolzin,8477934,L. Draisaitl,8475218,M. Ekholm,2,5
2025-12-16,2025020524,3,REG,16:51,PIT,ev,none,backhand,1560,8475810,B. Rust,8477511,A. Mantha,8474578,E. Karlsson,3,5
2025-12-16,2025020524,3,REG,18:41,EDM,ev,empty-net,wrist,1560,8478402,C. McDavid,8475786,Z. Hyman,,,3,6
2025-12-16,2025020524,3,REG,19:46,PIT,ev,none,wrist,1551,8478046,D. Heinen,8478438,T. Novak,8478854,R. Shea,4,6
2025-12-16,2025020526,1,REG,02:09,MIN,ev,none,wrist,1551,8475765,V. Tarasenko,8483525,D. Yurov,8482122,B. Faber,1,0
2025-12-16,2025020526,2,REG,12:51,MIN,pp,none,backhand,1451,8478864,K. Kaprizov,8478493,J. Eriksson Ek,8480800,Q. Hughes,2,0
2025-12-16,2025020526,3,REG,04:23,MIN,ev,none,wrist,1551,8475765,V. Tarasenko,8483525,D. Yurov,,,3,0
2025-12-16,2025020526,3,REG,08:53,MIN,ev,none,wrist,1551,8483525,D. Yurov,8475765,V. Tarasenko,,,4,0
2025-12-16,2025020526,3,REG,14:12,MIN,sh,none,wrist,1541,8481557,M. Boldy,8482641,M. Kiersted,,,5,0
2025-12-16,2025020527,1,REG,01:02,SJS,ev,none,wrist,1551,8475906,J. Klingberg,8484801,M. Celebrini,,,1,0
2025-12-16,2025020527,1,REG,06:00,SJS,ev,none,wrist,1551,8476624,B. Goodrow,8482859,Z. Ostapchuk,8482861,V. Iorio,2,0
2025-12-16,2025020527,1,REG,11:01,CGY,ev,none,slap,1551,8476399,B. Coleman,8477346,M. Weegar,8482074,C. Zary,2,1
2025-12-16,2025020527,1,REG,14:23,CGY,ev,none,snap,1551,8479066,R. Lomberg,8483609,A. Klapka,,,2,2
2025-12-16,2025020527,1,REG,19:41,SJS,ev,none,poke,1551,8476624,B. Goodrow,8484801,M. Celebrini,8480848,T. Dellandrea,3,2
2025-12-16,2025020527,3,REG,02:46,SJS,ev,none,deflected,1551,8484801,M. Celebrini,8484911,C. Graf,8484994,I. Chernyshov,4,2
2025-12-16,2025020527,3,REG,12:53,SJS,ev,none,wrist,1551,8475726,T. Toffoli,8482667,W. Eklund,8477505,A. Wennberg,5,2
2025-12-16,2025020527,3,REG,13:31,CGY,ev,none,wrist,1551,8475172,N. Kadri,8476456,J. Huberdeau,,,5,3
2025-12-16,2025020527,3,REG,18:50,SJS,ev,empty-net,wrist,0651,8484801,M. Celebrini,8475200,D. Orlov,8476624,B. Goodrow,6,3
2025-12-16,2025020528,1,REG,12:19,COL,ev,none,deflected,1551,8477476,A. Lehkonen,8480039,M. Necas,8476312,J. Manson,0,1
2025-12-16,2025020528,2,REG,03:03,SEA,ev,none,wrist,1551,8483524,S. Wright,8483497,J. Nyman,8481554,K. Kakko,1,1
2025-12-16,2025020528,2,REG,05:48,SEA,ev,none,backhand,1551,8474586,J. Eberle,8476457,A. Larsson,8482665,M. Beniers,2,1
2025-12-16,2025020528,2,REG,13:29,COL,ev,none,slap,1551,8479398,S. Girard,8477501,V. Nichushkin,8470613,B. Burns,2,2
2025-12-16,2025020528,2,REG,19:24,SEA,pp,none,wrist,1451,8476905,C. Stephenson,8480009,E. Tolvanen,8478407,V. Dunn,3,2
2025-12-16,2025020528,3,REG,02:40,COL,ev,none,slap,1551,8477492,N. MacKinnon,8480069,C. Makar,8480039,M. Necas,3,3
2025-12-16,2025020528,3,REG,08:25,COL,pp,none,snap,1541,8475754,B. Nelson,8477492,N. MacKinnon,8480069,C. Makar,3,4
2025-12-16,2025020528,3,REG,19:36,COL,ev,empty-net,backhand,1560,8477492,N. MacKinnon,8477501,V. Nichushkin,8476455,G. Landeskog,3,5
2025-12-17,2025020529,1,REG,13:39,LAK,pp,none,tip-in,1541,8476469,J. Armia,8482730,B. Clarke,8482155,A. Laferriere,0,1
2025-12-17,2025020529,2,REG,02:14,FLA,pp,none,tip-in,1451,8482113,A. Lundell,8477932,A. Ekblad,8482713,M. Samoskevich,1,1
2025-12-17,2025020529,2,REG,07:04,FLA,ev,none,wrist,1551,8477409,C. Verhaeghe,8473507,J. Petry,8473419,B. Marchand,2,1
2025-12-17,2025020529,3,REG,00:10,FLA,ev,none,deflected,1551,8477935,S. Bennett,8473419,B. Marchand,,,3,1
2025-12-17,2025020529,3,REG,04:48,LAK,ev,none,deflected,1551,8477942,K. Fiala,,,,,3,2
2025-12-17,2025020530,2,REG,01:44,UTA,ev,none,wrist,1551,8479343,C. Keller,8477951,N. Schmaltz,8482175,J. Peterka,0,1
2025-12-17,2025020530,2,REG,14:17,UTA,ev,none,wrist,1551,8480855,J. McBain,8479619,M. Carcone,8480434,S. Durzi,0,2
2025-12-17,2025020530,3,REG,09:55,DET,pp,none,snap,1451,8484471,E. Finnie,8481077,J. Leonard,,,1,2
2025-12-17,2025020530,3,REG,15:52,UTA,ev,none,snap,1551,8482699,D. Guenther,,,,,1,3
2025-12-17,2025020530,3,REG,16:23,UTA,ev,none,snap,1551,8478831,K. Stenlund,8479343,C. Keller,8479410,M. Sergachev,1,4
2025-12-17,2025020531,2,REG,13:17,STL,ev,none,wrist,1551,8475753,J. Faulk,8480023,R. Thomas,,,1,0
2025-12-17,2025020532,1,REG,13:00,CAR,ev,none,backhand,1551,8482809,J. Blake,8482702,L. Stankoven,8482100,A. Nikishin,0,1
2025-12-17,2025020532,3,REG,02:43,CAR,pp,none,wrist,1541,8478427,S. Aho,8482809,J. Blake,8480830,A. Svechnikov,0,2
2025-12-17,2025020532,3,REG,04:33,CAR,ev,none,slap,1551,8482093,S. Jarvis,8478427,S. Aho,8477940,N. Ehlers,0,3
2025-12-17,2025020532,3,REG,08:06,NSH,ev,none,wrist,1551,8476887,F. Forsberg,8475158,R. O'Reilly,8474564,S. Stamkos,1,3
2025-12-17,2025020532,3,REG,19:15,CAR,ev,empty-net,wrist,1560,8478427,S. Aho,8480830,A. Svechnikov,,,1,4
2025-12-17,2025020533,2,REG,04:50,NJD,ev,none,wrist,1551,8477015,C. Brown,,,,,0,1
2025-12-17,2025020533,3,REG,15:49,VGK,pp,none,snap,1451,8481604,P. Dorofeyev,8475913,M. Stone,8476881,T. Hertl,1,1
2025-12-17,2025020533,5,SO,00:00,NJD,ev,none,backhand,0101,8479407,J. Bratt,,,,,1,2
2025-12-18,2025020534,1,REG,13:38,EDM,pp,none,wrist,1541,8476454,R. Nugent-Hopkins,8478402,C. McDavid,8477934,L. Draisaitl,0,1
2025-12-18,2025020534,1,REG,16:27,BOS,pp,none,backhand,1451,8478401,P. Zacha,8477496,E. Lindholm,8479325,C. McAvoy,1,1
2025-12-18,2025020534,2,REG,14:38,EDM,ev,none,backhand,1551,8485511,Q. Hutson,8479368,M. Jones,,,1,2
2025-12-18,2025020534,3,REG,01:41,EDM,sh,none,backhand,1451,8478402,C. McDavid,8476454,R. Nugent-Hopkins,8477498,D. Nurse,1,3
2025-12-18,2025020536,1,REG,07:27,CHI,ev,none,tip-in,1551,8483493,F. Nazar,8476891,M. Grzelcyk,8477444,A. Burakovsky,0,1
2025-12-18,2025020536,1,REG,14:23,MTL,ev,none,snap,1551,8482737,Z. Bolduc,8481540,C. Caufield,8483457,L. Hutson,1,1
2025-12-18,2025020536,3,REG,00:20,MTL,ev,none,tip-in,1551,8482737,Z. Bolduc,8483457,L. Hutson,8480018,N. Suzuki,2,1
2025-12-18,2025020536,3,REG,10:00,MTL,ev,none,backhand,1551,8480865,N. Dobson,8484984,I. Demidov,8483457,L. Hutson,3,1
2025-12-18,2025020536,3,REG,16:29,MTL,ev,empty-net,snap,0651,8480018,N. Suzuki,,,,,4,1
2025-12-18,2025020537,1,REG,02:16,OTT,pp,none,wrist,1451,8480801,B. Tkachuk,8480208,D. Batherson,8482116,T. Stützle,1,0
2025-12-18,2025020537,2,REG,01:34,OTT,ev,none,deflected,1551,8474102,D. Perron,8481606,J. Spence,8480208,D. Batherson,2,0
2025-12-18,2025020537,2,REG,04:50,OTT,ev,none,wrist,1551,8473512,C. Giroux,8478020,M. Amadio,8482092,R. Greig,3,0
2025-12-18,2025020537,3,REG,13:55,OTT,ev,none,wrist,1551,8480801,B. Tkachuk,8480188,F. Zetterlund,8475324,N. Jensen,4,0
2025-12-18,2025020538,1,REG,12:54,TBL,pp,none,wrist,1451,8477416,O. Bjorkstrand,8478519,A. Cirelli,8477404,J. Guentzel,1,0
2025-12-18,2025020538,2,REG,05:21,LAK,ev,none,wrist,1551,8477960,A. Kempe,8471685,A. Kopitar,8470621,C. Perry,1,1
2025-12-18,2025020538,2,REG,15:58,LAK,ev,none,backhand,1551,8477960,A. Kempe,,,,,1,2
2025-12-18,2025020539,1,REG,13:53,WSH,ev,none,wrist,1551,8481656,A. Protas,8482088,J. Sourdif,8474590,J. Carlson,1,0
2025-12-18,2025020539,1,REG,16:16,WSH,ev,none,snap,1551,8479345,J. Chychrun,8483573,E. Frank,8481580,C. McMichael,2,0
2025-12-18,2025020539,3,REG,04:02,WSH,ev,none,snap,1551,8479345,J. Chychrun,8474590,J. Carlson,8475343,N. Dowd,3,0
2025-12-18,2025020539,3,REG,08:57,WSH,ev,none,slap,1551,8474590,J. Carlson,8482088,J. Sourdif,8476880,T. Wilson,4,0
2025-12-18,2025020540,1,REG,15:20,CBJ,ev,none,slap,1551,8478460,Z. Werenski,8475745,C. Coyle,8482705,C. Sillinger,1,0
2025-12-18,2025020540,2,REG,13:30,MIN,pp,none,tip-in,1541,8477451,R. Hartman,8478864,K. Kaprizov,8482122,B. Faber,1,1
2025-12-18,2025020540,2,REG,16:15,MIN,ev,none,wrist,1551,8475765,V. Tarasenko,8478508,Y. Trenin,8483525,D. Yurov,1,2
2025-12-18,2025020540,2,REG,17:39,CBJ,ev,none,wrist,1551,8478460,Z. Werenski,,,,,2,2
2025-12-18,2025020540,3,REG,11:50,MIN,ev,none,tip-in,1551,8478493,J. Eriksson Ek,8478508,Y. Trenin,8481557,M. Boldy,2,3
2025-12-18,2025020540,3,REG,18:08,MIN,ev,empty-net,wrist,1560,8478864,K. Kaprizov,8481557,M. Boldy,8478493,J. Eriksson Ek,2,4
2025-12-18,2025020540,3,REG,18:46,MIN,ev,empty-net,backhand,1560,8481557,M. Boldy,8478864,K. Kaprizov,,,2,5
2025-12-18,2025020535,1,REG,07:40,BUF,ev,none,tip-in,1551,8482097,J. Quinn,8480807,M. Samuelsson,8484145,Z. Benson,1,0
2025-12-18,2025020535,1,REG,08:38,PHI,ev,none,snap,1551,8480220,N. Cates,8481553,B. Brink,,,1,1
2025-12-18,2025020535,2,REG,11:01,PHI,ev,none,wrist,1551,8481546,C. York,8481533,T. Zegras,8481553,B. Brink,1,2
2025-12-18,2025020535,2,REG,16:54,BUF,ev,none,wrist,1551,8479420,T. Thompson,8480839,R. Dahlin,,,2,2
2025-12-18,2025020535,2,REG,19:30,BUF,ev,none,wrist,1551,8483500,N. Ostlund,8482671,O. Power,8477949,A. Tuch,3,2
2025-12-18,2025020535,3,REG,10:20,BUF,pp,none,wrist,1451,8480064,J. Norris,8484145,Z. Benson,,,4,2
2025-12-18,2025020535,3,REG,14:28,PHI,ev,none,wrist,1551,8478439,T. Konecny,8482126,E. Andrae,8482142,J. Drysdale,4,3
2025-12-18,2025020535,3,REG,19:52,BUF,ev,empty-net,wrist,0651,8480802,R. McLeod,8480807,M. Samuelsson,,,5,3
2025-12-18,2025020541,1,REG,18:58,STL,ev,none,wrist,1551,8481013,J. Berggren,8484164,D. Dvorsky,,,1,0
2025-12-18,2025020541,2,REG,06:02,NYR,pp,none,deflected,1541,8484210,G. Perreault,8482157,W. Cuylle,8483690,N. Laba,1,1
2025-12-18,2025020541,4,OT,02:21,NYR,ev,none,wrist,1331,8476468,J. Miller,8476389,V. Trocheck,8478882,V. Gavrikov,1,2
2025-12-18,2025020542,2,REG,07:52,SEA,ev,none,backhand,1551,8476905,C. Stephenson,8480009,E. Tolvanen,8477919,F. Gaudreau,0,1
2025-12-18,2025020542,2,REG,10:20,CGY,ev,none,deflected,1551,8474150,M. Backlund,8478397,R. Andersson,8477810,J. Hanley,1,1
2025-12-18,2025020542,2,REG,17:16,SEA,pp,none,tip-in,1541,8481554,K. Kakko,8482858,R. Evans,8483497,J. Nyman,1,2
2025-12-18,2025020542,3,REG,10:04,CGY,pp,none,slap,1451,8475172,N. Kadri,8478397,R. Andersson,8480028,M. Frost,2,2
2025-12-18,2025020542,3,REG,11:19,CGY,ev,none,wrist,1551,8482679,M. Coronato,8478397,R. Andersson,8476456,J. Huberdeau,3,2
2025-12-18,2025020542,3,REG,19:52,CGY,ev,empty-net,backhand,0651,8474150,M. Backlund,8475172,N. Kadri,8480797,J. Farabee,4,2
2025-12-18,2025020543,1,REG,12:25,DAL,ev,none,wrist,1551,8478449,R. Hintz,8478420,M. Rantanen,8476902,E. Lindell,0,1
2025-12-18,2025020543,1,REG,17:38,DAL,ev,none,wrist,1551,8482740,W. Johnston,8480036,M. Heiskanen,8476902,E. Lindell,0,2
2025-12-18,2025020543,2,REG,01:43,SJS,ev,none,slap,1551,8482166,S. Mukhamadullin,8480848,T. Dellandrea,,,1,2
2025-12-18,2025020543,2,REG,08:40,DAL,pp,none,wrist,1541,8482740,W. Johnston,8478420,M. Rantanen,8478449,R. Hintz,1,3
2025-12-18,2025020543,2,REG,16:44,SJS,ev,none,wrist,1551,8484911,C. Graf,8484801,M. Celebrini,,,2,3
2025-12-18,2025020543,2,REG,19:17,DAL,ev,none,wrist,1551,8484829,J. Hryckowian,,,,,2,4
2025-12-18,2025020543,3,REG,04:32,SJS,ev,none,wrist,1551,8484911,C. Graf,8484994,I. Chernyshov,8484801,M. Celebrini,3,4
2025-12-18,2025020543,3,REG,18:42,DAL,ev,empty-net,wrist,1560,8473994,J. Benn,,,,,3,5
2025-12-19,2025020544,1,REG,11:53,CAR,ev,none,backhand,1551,8473533,J. Staal,8480762,E. Robinson,8476906,S. Gostisbehere,0,1
2025-12-19,2025020544,3,REG,01:27,CAR,ev,none,wrist,1551,8478427,S. Aho,8480830,A. Svechnikov,8482093,S. Jarvis,0,2
2025-12-19,2025020544,3,REG,07:34,CAR,pp,none,snap,1541,8478427,S. Aho,8480830,A. Svechnikov,8482093,S. Jarvis,0,3
2025-12-19,2025020544,3,REG,10:16,FLA,ev,none,wrist,1551,8473419,B. Marchand,8477935,S. Bennett,8477409,C. Verhaeghe,1,3
2025-12-19,2025020544,3,REG,17:35,FLA,ev,none,bat,1560,8477935,S. Bennett,8478542,E. Rodrigues,8477933,S. Reinhart,2,3
2025-12-19,2025020544,3,REG,19:18,FLA,ev,none,wrist,1560,8477933,S. Reinhart,8473419,B. Marchand,8478542,E. Rodrigues,3,3
2025-12-19,2025020544,5,SO,00:00,FLA,ev,none,wrist,1010,8478542,E. Rodrigues,,,,,4,3
2025-12-19,2025020545,1,REG,08:57,VAN,ev,none,wrist,1551,8480144,D. Kampf,8478498,J. DeBrusk,,,0,1
2025-12-19,2025020545,1,REG,10:35,VAN,ev,none,wrist,1551,8480748,K. Sherwood,8475169,E. Kane,8477969,M. Pettersson,0,2
2025-12-19,2025020545,1,REG,15:47,VAN,pp,none,snap,1541,8480748,K. Sherwood,8479425,F. Hronek,8484240,T. Willander,0,3
2025-12-19,2025020545,3,REG,14:55,NYI,ev,none,wrist,1560,8475314,A. Lee,8484221,C. Ritchie,8478445,M. Barzal,1,3
2025-12-19,2025020545,3,REG,18:39,VAN,ev,empty-net,wrist,1560,8480748,K. Sherwood,8479425,F. Hronek,,,1,4
2025-12-19,2025020546,1,REG,09:45,COL,ev,none,wrist,1551,8470613,B. Burns,8476312,J. Manson,8481641,J. Kiviranta,1,0
2025-12-19,2025020546,1,REG,15:05,COL,ev,none,wrist,1551,8480039,M. Necas,8477492,N. MacKinnon,8477476,A. Lehkonen,2,0
2025-12-19,2025020546,2,REG,19:22,WPG,sh,none,backhand,1451,8480289,M. Barron,8480113,A. Iafallo,,,2,1
2025-12-19,2025020546,3,REG,01:58,COL,ev,none,snap,1551,8480448,P. Kelly,8476312,J. Manson,8477501,V. Nichushkin,3,1
2025-12-19,2025020546,3,REG,03:38,WPG,pp,none,snap,1541,8476460,M. Scheifele,8474679,G. Nyquist,,,3,2
2025-12-19,2025020547,1,REG,09:35,UTA,pp,none,backhand,1451,8484388,D. But,8480434,S. Durzi,,,1,0
2025-12-19,2025020547,2,REG,11:21,NJD,ev,none,snap,1551,8477015,C. Brown,8480002,N. Hischier,,,1,1
2025-12-19,2025020547,3,REG,04:20,NJD,pp,none,wrist,1541,8476474,S. Noesen,8480002,N. Hischier,8482684,L. Hughes,1,2
2025-12-19,2025020548,1,REG,02:37,DAL,sh,none,snap,1451,8480840,O. Bäck,8476889,R. Faksa,,,0,1
2025-12-19,2025020548,1,REG,03:32,ANA,ev,none,snap,1551,8480068,R. Poehling,8475462,R. Gudas,8477527,R. Johnston,1,1
2025-12-19,2025020548,1,REG,04:42,DAL,ev,none,snap,1551,8478449,R. Hintz,8480027,J. Robertson,8482145,M. Bourque,1,2
2025-12-19,2025020548,1,REG,12:41,DAL,ev,none,wrist,1551,8479351,S. Steel,8473994,J. Benn,8480036,M. Heiskanen,1,3
2025-12-19,2025020548,1,REG,14:19,DAL,ev,none,snap,1551,8481581,T. Harley,8478420,M. Rantanen,,,1,4
2025-12-19,2025020548,2,REG,11:10,DAL,pp,none,wrist,1541,8480027,J. Robertson,8478420,M. Rantanen,8480036,M. Heiskanen,1,5
2025-12-19,2025020548,2,REG,15:10,DAL,ev,none,backhand,1551,8480027,J. Robertson,8478449,R. Hintz,,,1,6
2025-12-19,2025020548,2,REG,18:30,DAL,ev,none,wrist,1551,8477454,A. Erne,8476889,R. Faksa,8481581,T. Harley,1,7
2025-12-19,2025020548,3,REG,01:01,ANA,ev,none,snap,1551,8484762,B. Sennecke,8482745,M. McTavish,8475184,C. Kreider,2,7
2025-12-19,2025020548,3,REG,01:42,DAL,ev,none,snap,1551,8480950,I. Lyubushkin,8484829,J. Hryckowian,8476902,E. Lindell,2,8
2025-12-19,2025020548,3,REG,14:22,ANA,ev,none,snap,1551,8475798,M. Granlund,8481605,J. LaCombe,8478873,T. Terry,3,8
2025-12-20,2025020549,1,REG,19:24,NYR,ev,none,wrist,1551,8478550,A. Panarin,8476459,M. Zibanejad,,,1,0
2025-12-20,2025020549,2,REG,06:42,PHI,pp,none,wrist,1541,8477948,T. Sanheim,8484142,D. Barkey,8484387,M. Michkov,1,1
2025-12-20,2025020549,2,REG,07:05,PHI,ev,none,wrist,1551,8480015,O. Tippett,8484142,D. Barkey,8481546,C. York,1,2
2025-12-20,2025020549,2,REG,10:18,PHI,pp,none,slap,1541,8481533,T. Zegras,8482142,J. Drysdale,8480220,N. Cates,1,3
2025-12-20,2025020549,2,REG,12:23,NYR,ev,none,snap,1551,8478550,A. Panarin,,,,,2,3
2025-12-20,2025020549,2,REG,14:36,PHI,sh,none,deflected,1451,8479022,R. Abols,8477948,T. Sanheim,,,2,4
2025-12-20,2025020549,3,REG,09:13,NYR,ev,none,backhand,1551,8476389,V. Trocheck,8476468,J. Miller,8484210,G. Perreault,3,4
2025-12-20,2025020549,3,REG,17:26,NYR,pp,none,slap,1451,8476459,M. Zibanejad,8482666,S. Morrow,8482157,W. Cuylle,4,4
2025-12-20,2025020549,5,SO,00:00,NYR,ev,none,backhand,1010,8478550,A. Panarin,,,,,5,4
2025-12-20,2025020550,1,REG,01:05,DET,ev,none,snap,1551,8481077,J. Leonard,8482762,S. Edvinsson,8477429,A. Copp,0,1
2025-12-20,2025020550,2,REG,01:37,DET,ev,none,snap,1551,8474037,J. van Riemsdyk,8481542,M. Seider,8477429,A. Copp,0,2
2025-12-20,2025020550,2,REG,05:55,DET,ev,none,backhand,1551,8481725,E. Soderblom,8483464,M. Kasper,8481607,A. Johansson,0,3
2025-12-20,2025020550,2,REG,10:05,DET,ev,none,snap,1551,8481542,M. Seider,,,,,0,4
2025-12-20,2025020550,2,REG,10:36,WSH,ev,none,snap,1551,8481656,A. Protas,8476880,T. Wilson,8480873,R. Sandin,1,4
2025-12-20,2025020550,3,REG,08:30,WSH,ev,none,snap,1551,8480796,M. Fehérváry,8480990,D. Chisholm,8478440,D. Strome,2,4
2025-12-20,2025020550,3,REG,17:10,DET,ev,empty-net,snap,1560,8477946,D. Larkin,8482762,S. Edvinsson,,,2,5
2025-12-20,2025020551,1,REG,06:36,OTT,ev,none,deflected,1551,8480801,B. Tkachuk,8482095,T. Kleven,8482116,T. Stützle,1,0
2025-12-20,2025020551,2,REG,01:53,CHI,ev,none,wrist,1551,8481624,I. Mikheyev,8482176,W. Kaiser,8483450,R. Greene,1,1
2025-12-20,2025020551,2,REG,08:02,OTT,sh,none,wrist,1541,8482116,T. Stützle,,,,,2,1
2025-12-20,2025020551,2,REG,09:55,CHI,pp,none,slap,1541,8477444,A. Burakovsky,8483450,R. Greene,8484783,A. Levshunov,2,2
2025-12-20,2025020551,2,REG,14:07,OTT,ev,none,wrist,1551,8480801,B. Tkachuk,8478469,T. Chabot,,,3,2
2025-12-20,2025020551,2,REG,18:32,CHI,ev,none,backhand,1551,8481624,I. Mikheyev,8477987,R. Donato,8484197,O. Moore,3,3
2025-12-20,2025020551,3,REG,01:45,OTT,pp,none,snap,1451,8474102,D. Perron,8473512,C. Giroux,8480188,F. Zetterlund,4,3
2025-12-20,2025020551,3,REG,05:31,OTT,ev,none,wrist,1551,8474102,D. Perron,8482116,T. Stützle,8480245,O. Lycksell,5,3
2025-12-20,2025020551,3,REG,07:17,CHI,ev,none,backhand,1551,8484185,N. Lardis,8481568,A. Vlasic,,,5,4
2025-12-20,2025020551,3,REG,16:10,OTT,ev,none,wrist,1551,8480188,F. Zetterlund,8482092,R. Greig,8473512,C. Giroux,6,4
2025-12-20,2025020552,1,REG,03:42,MIN,ev,none,backhand,1551,8481557,M. Boldy,,,,,1,0
2025-12-20,2025020552,1,REG,10:56,MIN,pp,none,slap,1451,8481557,M. Boldy,8480800,Q. Hughes,8475692,M. Zuccarello,2,0
2025-12-20,2025020552,1,REG,13:35,EDM,ev,none,tip-in,1551,8478233,A. Mangiapane,8480803,E. Bouchard,8477934,L. Draisaitl,2,1
2025-12-20,2025020552,1,REG,18:44,EDM,pp,none,wrist,1541,8478402,C. McDavid,8477934,L. Draisaitl,8475786,Z. Hyman,2,2
2025-12-20,2025020552,1,REG,19:52,MIN,ev,none,tip-in,1551,8477451,R. Hartman,8478136,J. Middleton,8475692,M. Zuccarello,3,2
2025-12-20,2025020552,3,REG,09:08,MIN,ev,none,backhand,1551,8475765,V. Tarasenko,8478508,Y. Trenin,,,4,2
2025-12-20,2025020552,3,REG,18:35,MIN,ev,empty-net,wrist,0651,8481477,N. Sturm,8475765,V. Tarasenko,8475149,M. Johansson,5,2
2025-12-20,2025020553,1,REG,01:47,BUF,pp,none,backhand,1451,8480839,R. Dahlin,8479312,A. Lyon,,,1,0
2025-12-20,2025020553,2,REG,08:55,BUF,ev,none,backhand,1551,8479420,T. Thompson,8482659,J. Doan,8481522,P. Krebs,2,0
2025-12-20,2025020553,2,REG,19:37,NYI,ev,none,snap,1551,8478445,M. Barzal,8475314,A. Lee,8481601,S. Holmstrom,2,1
2025-12-20,2025020553,3,REG,19:31,NYI,pp,none,wrist,0641,8482476,E. Heineman,8478445,M. Barzal,8485366,M. Schaefer,2,2
2025-12-20,2025020553,5,SO,00:00,BUF,ev,none,wrist,1010,8480064,J. Norris,,,,,3,2
2025-12-20,2025020554,1,REG,09:59,STL,ev,none,tip-in,1551,8482089,J. Neighbours,8475764,C. Fowler,8484230,O. Stenberg,0,1
2025-12-20,2025020554,2,REG,01:55,STL,pp,none,wrist,1541,8481013,J. Berggren,8477402,P. Buchnevich,8480023,R. Thomas,0,2
2025-12-20,2025020554,2,REG,07:35,FLA,ev,none,deflected,1551,8478421,A. Greer,8480003,J. Boqvist,8477495,S. Jones,1,2
2025-12-20,2025020554,2,REG,12:45,FLA,pp,none,wrist,1451,8477933,S. Reinhart,8473419,B. Marchand,8477935,S. Bennett,2,2
2025-12-20,2025020554,2,REG,19:59,STL,ev,none,slap,1551,8475753,J. Faulk,8481013,J. Berggren,,,2,3
2025-12-20,2025020554,3,REG,12:02,STL,ev,none,wrist,1551,8482089,J. Neighbours,8484230,O. Stenberg,8475170,B. Schenn,2,4
2025-12-20,2025020554,3,REG,12:53,STL,ev,none,snap,1551,8480023,R. Thomas,8477402,P. Buchnevich,8481013,J. Berggren,2,5
2025-12-20,2025020554,3,REG,16:28,STL,sh,empty-net,wrist,1460,8480023,R. Thomas,,,,,2,6
2025-12-20,2025020555,1,REG,08:23,BOS,pp,none,snap,1451,8479987,M. Geekie,8479325,C. McAvoy,8477496,E. Lindholm,1,0
2025-12-20,2025020555,1,REG,19:45,VAN,ev,none,wrist,1551,8484136,M. Sasson,8483499,L. Ohgren,8481024,L. Karlsson,1,1
2025-12-20,2025020555,2,REG,04:22,VAN,pp,none,wrist,1541,8481024,L. Karlsson,8475169,E. Kane,8479425,F. Hronek,1,2
2025-12-20,2025020555,2,REG,09:41,BOS,ev,none,wrist,1441,8478401,P. Zacha,8477507,N. Zadorov,8479999,C. Mittelstadt,2,2
2025-12-20,2025020555,2,REG,12:05,BOS,ev,none,wrist,1551,8479661,T. Jeannot,8480355,M. Kastelic,8483489,F. Minten,3,2
2025-12-20,2025020555,3,REG,03:53,VAN,ev,none,snap,1551,8481024,L. Karlsson,8482079,M. Rossi,,,3,3
2025-12-20,2025020555,3,REG,07:34,VAN,ev,none,tip-in,1551,8483499,L. Ohgren,8477969,M. Pettersson,8478498,J. DeBrusk,3,4
2025-12-20,2025020555,3,REG,16:16,BOS,ev,none,wrist,1551,8479369,A. Peeke,8482177,M. Khusnutdinov,8479987,M. Geekie,4,4
2025-12-20,2025020555,5,SO,00:00,VAN,ev,none,backhand,0101,8483499,L. Ohgren,,,,,4,5
2025-12-20,2025020556,1,REG,16:41,MTL,pp,none,snap,1451,8483515,J. Slafkovský,8481540,C. Caufield,8480018,N. Suzuki,1,0
2025-12-20,2025020556,1,REG,18:49,MTL,ev,none,snap,1551,8483424,O. Beck,8475848,B. Gallagher,8483457,L. Hutson,2,0
2025-12-20,2025020556,2,REG,12:14,MTL,sh,none,snap,1541,8476981,J. Anderson,8482775,O. Kapanen,,,3,0
2025-12-20,2025020556,3,REG,17:02,MTL,ev,empty-net,wrist,0651,8476981,J. Anderson,,,,,4,0
2025-12-20,2025020557,1,REG,02:42,CAR,ev,none,slap,1551,8480762,E. Robinson,8473533,J. Staal,,,0,1
2025-12-20,2025020557,1,REG,04:00,CAR,pp,none,tip-in,1541,8482809,J. Blake,8477940,N. Ehlers,8476906,S. Gostisbehere,0,2
2025-12-20,2025020557,1,REG,12:27,CAR,pp,none,wrist,1541,8484203,B. Nadeau,8482702,L. Stankoven,,,0,3
2025-12-20,2025020557,2,REG,00:30,TBL,ev,none,snap,1551,8482201,G. Goncalves,8483752,D. James,8481719,M. Crozier,1,3
2025-12-20,2025020557,2,REG,01:20,TBL,ev,none,tip-in,1551,8478010,B. Point,8480426,C. D'Astous,8476453,N. Kucherov,2,3
2025-12-20,2025020557,2,REG,16:36,TBL,ev,none,wrist,1551,8482090,J. Finley,8483752,D. James,8476826,Y. Gourde,3,3
2025-12-20,2025020557,3,REG,02:47,CAR,ev,none,backhand,1551,8480830,A. Svechnikov,8476873,M. Jankowski,8480829,J. Kotkaniemi,3,4
2025-12-20,2025020557,3,REG,03:13,TBL,ev,none,wrist,1551,8474151,R. McDonagh,8480995,P. Holmberg,8480426,C. D'Astous,4,4
2025-12-20,2025020557,3,REG,06:38,TBL,ev,none,backhand,1551,8477404,J. Guentzel,8482655,J. Moser,8477426,N. Paul,5,4
2025-12-20,2025020557,3,REG,19:33,TBL,ev,empty-net,wrist,0651,8477404,J. Guentzel,8474151,R. McDonagh,,,6,4
2025-12-20,2025020558,1,REG,01:32,TOR,ev,none,tip-in,1551,8478462,N. Roy,8482259,B. McMann,8481582,N. Robertson,0,1
2025-12-20,2025020558,2,REG,04:56,NSH,pp,none,tip-in,1451,8475287,E. Haula,8474600,R. Josi,8474564,S. Stamkos,1,1
2025-12-20,2025020558,2,REG,11:57,TOR,ev,none,deflected,1551,8475166,J. Tavares,8481711,M. Maccelli,8476931,J. McCabe,1,2
2025-12-20,2025020558,2,REG,19:26,NSH,ev,none,wrist,1441,8482482,A. Wilsby,8475158,R. O'Reilly,,,2,2
2025-12-20,2025020558,3,REG,09:18,NSH,ev,none,backhand,1551,8482146,L. Evangelista,8476869,B. Skjei,,,3,2
2025-12-20,2025020558,3,REG,18:25,NSH,ev,empty-net,wrist,0651,8474564,S. Stamkos,8476887,F. Forsberg,,,4,2
2025-12-20,2025020558,3,REG,19:06,TOR,ev,none,wrist,0651,8482259,B. McMann,8481582,N. Robertson,8484158,E. Cowan,4,3
2025-12-20,2025020558,3,REG,19:51,NSH,ev,empty-net,snap,0651,8482062,C. Smith,8476869,B. Skjei,8477446,M. McCarron,5,3
2025-12-20,2025020559,1,REG,03:54,CGY,ev,none,snap,1551,8474150,M. Backlund,8476399,B. Coleman,8482074,C. Zary,1,0
2025-12-20,2025020559,1,REG,08:42,CGY,ev,none,deflected,1551,8483609,A. Klapka,8482165,Y. Kuznetsov,8477346,M. Weegar,2,0
2025-12-20,2025020559,1,REG,10:03,VGK,ev,none,backhand,1551,8475191,R. Smith,8475913,M. Stone,8480727,Z. Whitecloud,2,1
2025-12-20,2025020559,1,REG,15:45,CGY,ev,none,wrist,1551,8479066,R. Lomberg,8482074,C. Zary,8481556,J. Beecher,3,1
2025-12-20,2025020559,2,REG,08:38,CGY,ev,none,backhand,1551,8474150,M. Backlund,8477346,M. Weegar,8482074,C. Zary,4,1
2025-12-20,2025020559,2,REG,12:21,CGY,sh,none,wrist,1541,8480797,J. Farabee,8477346,M. Weegar,,,5,1
2025-12-20,2025020559,2,REG,14:34,VGK,ev,none,snap,1551,8481527,K. Korczak,8478483,M. Marner,8476881,T. Hertl,5,2
2025-12-20,2025020559,3,REG,16:03,VGK,pp,none,bat,1541,8475913,M. Stone,8478396,N. Hanifin,8478483,M. Marner,5,3
2025-12-20,2025020559,3,REG,19:15,CGY,ev,empty-net,wrist,0651,8476456,J. Huberdeau,8474150,M. Backlund,8476399,B. Coleman,6,3
2025-12-20,2025020560,1,REG,02:14,ANA,ev,none,snap,1551,8475798,M. Granlund,8482803,O. Zellweger,8478366,F. Vatrano,1,0
2025-12-20,2025020560,1,REG,03:00,ANA,ev,none,slap,1551,8476885,J. Trouba,8480068,R. Poehling,8473986,A. Killorn,2,0
2025-12-20,2025020560,1,REG,05:54,CBJ,pp,none,tip-in,1541,8481716,D. Voronkov,8475745,C. Coyle,8478460,Z. Werenski,2,1
2025-12-20,2025020560,2,REG,03:39,CBJ,ev,none,tip-in,1551,8478975,M. Marchment,8476923,D. Severson,8478500,I. Provorov,2,2
2025-12-20,2025020560,2,REG,13:36,ANA,ev,none,snap,1551,8482745,M. McTavish,8477527,R. Johnston,,,3,2
2025-12-20,2025020560,3,REG,12:44,CBJ,ev,none,snap,1551,8478460,Z. Werenski,8483485,D. Mateychuk,8482660,K. Johnson,3,3
2025-12-20,2025020560,3,REG,16:31,ANA,ev,none,wrist,1551,8483490,P. Mintyukov,8475798,M. Granlund,8475462,R. Gudas,4,3
2025-12-20,2025020561,2,REG,06:52,SEA,ev,none,wrist,1551,8480009,E. Tolvanen,,,,,0,1
2025-12-20,2025020561,2,REG,11:22,SJS,pp,none,backhand,1451,8478874,A. Gaudette,8484994,I. Chernyshov,8484801,M. Celebrini,1,1
2025-12-20,2025020561,3,REG,00:36,SJS,ev,own-goal,,1551,8484911,C. Graf,,,,,2,1
2025-12-20,2025020561,3,REG,01:55,SEA,ev,none,wrist,1551,8482858,R. Evans,,,,,2,2
2025-12-20,2025020561,3,REG,04:27,SEA,ev,none,wrist,1551,8479324,R. Lindgren,8476905,C. Stephenson,8477919,F. Gaudreau,2,3
2025-12-20,2025020561,3,REG,18:36,SEA,ev,empty-net,backhand,1560,8476905,C. Stephenson,8480009,E. Tolvanen,8478916,J. Daccord,2,4
2025-12-21,2025020562,1,REG,14:17,WSH,ev,none,backhand,1551,8483573,E. Frank,8478440,D. Strome,,,0,1
2025-12-21,2025020562,2,REG,08:37,DET,pp,none,snap,1451,8482078,L. Raymond,8484223,A. Sandin-Pellikka,8484471,E. Finnie,1,1
2025-12-21,2025020562,2,REG,13:44,DET,ev,none,deflected,1551,8481077,J. Leonard,8479337,A. DeBrincat,8477429,A. Copp,2,1
2025-12-21,2025020562,3,REG,10:22,WSH,ev,none,wrist,1551,8483573,E. Frank,8474590,J. Carlson,8478440,D. Strome,2,2
2025-12-21,2025020562,4,OT,04:36,DET,ev,none,slap,1331,8481542,M. Seider,8477429,A. Copp,8484471,E. Finnie,3,2
2025-12-21,2025020563,1,REG,18:28,COL,ev,none,snap,1551,8480039,M. Necas,8480069,C. Makar,8476455,G. Landeskog,0,1
2025-12-21,2025020563,2,REG,13:37,COL,pp,none,slap,1541,8477492,N. MacKinnon,8475754,B. Nelson,8480069,C. Makar,0,2
2025-12-21,2025020563,2,REG,18:33,COL,pp,none,snap,1541,8480069,C. Makar,8475754,B. Nelson,8476455,G. Landeskog,0,3
2025-12-21,2025020563,3,REG,05:15,MIN,ev,none,wrist,1551,8477451,R. Hartman,8476463,J. Brodin,8478864,K. Kaprizov,1,3
2025-12-21,2025020563,3,REG,15:52,COL,ev,none,slap,1551,8475754,B. Nelson,8479398,S. Girard,8477501,V. Nichushkin,1,4
2025-12-21,2025020563,3,REG,17:35,COL,ev,empty-net,wrist,1560,8477492,N. MacKinnon,8478038,D. Toews,8477501,V. Nichushkin,1,5
2025-12-21,2025020564,1,REG,01:30,OTT,ev,none,snap,1551,8480208,D. Batherson,8475324,N. Jensen,8481528,D. Cozens,0,1
2025-12-21,2025020564,1,REG,13:44,OTT,ev,none,wrist,1551,8473512,C. Giroux,8480208,D. Batherson,8481528,D. Cozens,0,2
2025-12-21,2025020564,1,REG,16:47,OTT,pp,none,snap,1541,8480188,F. Zetterlund,8478469,T. Chabot,8474102,D. Perron,0,3
2025-12-21,2025020564,1,REG,19:07,BOS,pp,none,slap,1351,8477956,D. Pastrnak,8478401,P. Zacha,8479325,C. McAvoy,1,3
2025-12-21,2025020564,2,REG,06:44,OTT,ev,none,wrist,1551,8482116,T. Stützle,8480801,B. Tkachuk,8480188,F. Zetterlund,1,4
2025-12-21,2025020564,2,REG,07:03,OTT,ev,none,wrist,1551,8481528,D. Cozens,8480208,D. Batherson,8474102,D. Perron,1,5
2025-12-21,2025020564,2,REG,14:36,BOS,ev,none,tip-in,1551,8479325,C. McAvoy,8482177,M. Khusnutdinov,,,2,5
2025-12-21,2025020564,2,REG,17:26,OTT,pp,none,slap,1541,8480188,F. Zetterlund,8483676,S. Halliday,8473512,C. Giroux,2,6
2025-12-21,2025020565,1,REG,08:51,NJD,ev,none,snap,1551,8481559,J. Hughes,8482110,D. Mercer,8478841,C. White,1,0
2025-12-21,2025020565,2,REG,02:26,BUF,ev,none,snap,1551,8480064,J. Norris,8480839,R. Dahlin,8482671,O. Power,1,1
2025-12-21,2025020565,2,REG,16:05,BUF,ev,none,snap,1551,8484145,Z. Benson,8480802,R. McLeod,8482097,J. Quinn,1,2
2025-12-21,2025020565,3,REG,17:59,BUF,ev,empty-net,wrist,1560,8481522,P. Krebs,8479420,T. Thompson,8481524,B. Byram,1,3
2025-12-21,2025020566,1,REG,07:31,MTL,ev,none,wrist,1551,8482775,O. Kapanen,8483515,J. Slafkovský,8484984,I. Demidov,0,1
2025-12-21,2025020566,1,REG,07:58,PIT,ev,none,wrist,1551,8471675,S. Crosby,8474578,E. Karlsson,8476483,R. Rakell,1,1
2025-12-21,2025020566,1,REG,12:40,PIT,pp,none,wrist,1451,8476483,R. Rakell,8475810,B. Rust,8471675,S. Crosby,2,1
2025-12-21,2025020566,2,REG,03:54,MTL,ev,none,wrist,1551,8484984,I. Demidov,8483515,J. Slafkovský,8482775,O. Kapanen,2,2
2025-12-21,2025020566,2,REG,11:51,PIT,ev,none,wrist,1551,8478569,N. Acciari,8471724,K. Letang,8481668,A. Silovs,3,2
2025-12-21,2025020566,3,REG,04:04,MTL,ev,none,backhand,1551,8480865,N. Dobson,8478104,S. Blais,8476875,M. Matheson,3,3
2025-12-21,2025020566,5,SO,00:00,PIT,ev,none,backhand,1010,8476483,R. Rakell,,,,,4,3
2025-12-21,2025020567,2,REG,10:44,NSH,ev,none,wrist,1551,8476887,F. Forsberg,8475158,R. O'Reilly,8482482,A. Wilsby,1,0
2025-12-21,2025020567,3,REG,19:12,NSH,ev,empty-net,wrist,0651,8474564,S. Stamkos,8482062,C. Smith,8475158,R. O'Reilly,2,0
2025-12-21,2025020567,3,REG,19:23,NYR,ev,none,snap,1551,8477380,J. Brodzinski,8479390,T. Raddysh,,,2,1
2025-12-21,2025020568,1,REG,18:30,DAL,ev,none,snap,1551,8480027,J. Robertson,8480840,O. Bäck,8476889,R. Faksa,1,0
2025-12-21,2025020568,3,REG,05:03,DAL,ev,none,tip-in,1551,8479351,S. Steel,8480950,I. Lyubushkin,8478420,M. Rantanen,2,0
2025-12-21,2025020568,3,REG,08:39,TOR,ev,none,wrist,1551,8476872,S. Laughton,8476853,M. Rielly,,,2,1
2025-12-21,2025020568,3,REG,12:10,DAL,ev,none,tip-in,1551,8473994,J. Benn,8480036,M. Heiskanen,8476902,E. Lindell,3,1
2025-12-21,2025020568,3,REG,17:55,DAL,ev,empty-net,snap,0651,8482145,M. Bourque,8476902,E. Lindell,8479979,J. Oettinger,4,1
2025-12-21,2025020568,3,REG,19:43,DAL,ev,none,snap,1551,8484829,J. Hryckowian,8473994,J. Benn,8481581,T. Harley,5,1
2025-12-21,2025020569,1,REG,05:20,UTA,ev,none,slap,1551,8478474,L. Crouse,8482699,D. Guenther,8480849,B. Hayton,1,0
2025-12-21,2025020569,1,REG,09:31,UTA,ev,none,tip-in,1551,8482175,J. Peterka,8479343,C. Keller,8477951,N. Schmaltz,2,0
2025-12-21,2025020569,2,REG,03:01,UTA,ev,none,slap,1551,8477021,A. Kerfoot,8480434,S. Durzi,8479410,M. Sergachev,3,0
2025-12-21,2025020569,2,REG,11:18,WPG,pp,none,slap,1541,8478398,K. Connor,8476460,M. Scheifele,8480014,G. Vilardi,3,1
2025-12-21,2025020569,3,REG,15:23,WPG,ev,none,slap,1551,8478398,K. Connor,8477504,J. Morrissey,8476460,M. Scheifele,3,2
2025-12-21,2025020569,3,REG,15:48,WPG,ev,none,snap,1551,8480289,M. Barron,8476871,T. Pearson,,,3,3
2025-12-21,2025020569,4,OT,00:13,UTA,ev,none,snap,1331,8479343,C. Keller,8482699,D. Guenther,8479410,M. Sergachev,4,3
2025-12-21,2025020570,1,REG,09:11,EDM,ev,none,snap,1551,8478402,C. McDavid,8477934,L. Draisaitl,8480831,A. Regula,1,0
2025-12-21,2025020570,1,REG,14:37,EDM,pp,none,tip-in,1451,8476454,R. Nugent-Hopkins,8477934,L. Draisaitl,8478402,C. McDavid,2,0
2025-12-21,2025020570,2,REG,02:22,EDM,pp,none,snap,1451,8476454,R. Nugent-Hopkins,8478402,C. McDavid,8475786,Z. Hyman,3,0
2025-12-21,2025020570,2,REG,07:45,EDM,ev,none,backhand,1551,8475786,Z. Hyman,8477498,D. Nurse,8476454,R. Nugent-Hopkins,4,0
2025-12-21,2025020570,2,REG,12:59,VGK,pp,none,snap,1541,8476881,T. Hertl,8478483,M. Marner,8478396,N. Hanifin,4,1
2025-12-21,2025020570,3,REG,03:52,VGK,pp,none,snap,1541,8481604,P. Dorofeyev,8476881,T. Hertl,8478396,N. Hanifin,4,2
2025-12-21,2025020570,3,REG,05:49,VGK,ev,none,snap,1551,8478483,M. Marner,8476881,T. Hertl,8478396,N. Hanifin,4,3
2025-12-22,2025020571,1,REG,00:21,TBL,ev,none,tip-in,1551,8480995,P. Holmberg,8478178,D. Raddysh,8476878,Z. Girgensons,1,0
2025-12-22,2025020571,1,REG,09:12,TBL,pp,none,slap,1451,8478178,D. Raddysh,8476453,N. Kucherov,8477404,J. Guentzel,2,0
2025-12-22,2025020571,2,REG,06:43,STL,ev,none,slap,1551,8475753,J. Faulk,8481006,T. Tucker,8484230,O. Stenberg,2,1
2025-12-22,2025020571,2,REG,08:01,TBL,ev,none,tip-in,1551,8478519,A. Cirelli,8478178,D. Raddysh,,,3,1
2025-12-22,2025020571,3,REG,05:36,TBL,pp,none,wrist,1451,8477416,O. Bjorkstrand,8477404,J. Guentzel,8476453,N. Kucherov,4,1
2025-12-22,2025020572,2,REG,13:13,PHI,ev,none,tip-in,1551,8483733,N. Grebenkin,8482126,E. Andrae,8479022,R. Abols,1,0
2025-12-22,2025020572,3,REG,05:58,PHI,ev,none,snap,1551,8479336,C. Grundstrom,8483733,N. Grebenkin,8479022,R. Abols,2,0
2025-12-22,2025020572,3,REG,07:49,PHI,ev,none,bat,1551,8477989,C. Dvorak,8481533,T. Zegras,8478439,T. Konecny,3,0
2025-12-22,2025020572,3,REG,13:05,VAN,ev,none,wrist,1551,8484136,M. Sasson,8478856,C. Garland,8474574,T. Myers,3,1
2025-12-22,2025020572,3,REG,15:35,PHI,ev,none,snap,1551,8480015,O. Tippett,8481546,C. York,,,4,1
2025-12-22,2025020572,3,REG,18:49,PHI,ev,empty-net,wrist,0651,8484387,M. Michkov,8480220,N. Cates,,,5,1
2025-12-22,2025020572,3,REG,19:42,VAN,ev,none,snap,1551,8482055,D. O'Connor,8484798,Z. Buium,8483678,E. Pettersson,5,2
2025-12-22,2025020573,2,REG,04:49,SEA,pp,none,wrist,1541,8477919,F. Gaudreau,8483524,S. Wright,8481554,K. Kakko,0,1
2025-12-22,2025020573,2,REG,15:40,ANA,ev,none,tip-in,1551,8475798,M. Granlund,8476885,J. Trouba,8481605,J. LaCombe,1,1
2025-12-22,2025020573,3,REG,10:04,SEA,ev,none,snap,1551,8474586,J. Eberle,8482665,M. Beniers,8481554,K. Kakko,1,2
2025-12-22,2025020573,3,REG,19:24,SEA,ev,empty-net,backhand,1560,8474586,J. Eberle,8480009,E. Tolvanen,,,1,3
2025-12-22,2025020574,1,REG,04:07,CBJ,pp,none,wrist,1541,8478975,M. Marchment,8476923,D. Severson,8481716,D. Voronkov,0,1
2025-12-22,2025020574,1,REG,19:36,CBJ,pp,none,deflected,1541,8478975,M. Marchment,8476923,D. Severson,8476432,B. Jenner,0,2
2025-12-22,2025020574,2,REG,18:41,LAK,ev,none,wrist,1551,8483808,A. Kuzmenko,8479998,M. Anderson,8474563,D. Doughty,1,2
2025-12-22,2025020574,3,REG,14:16,CBJ,pp,none,snap,1541,8480893,K. Marchenko,8483485,D. Mateychuk,8484166,A. Fantilli,1,3
2025-12-23,2025020575,1,REG,09:07,TOR,ev,none,backhand,1551,8477939,W. Nylander,,,,,1,0
2025-12-23,2025020575,1,REG,09:51,PIT,ev,none,wrist,1551,8475810,B. Rust,8471675,S. Crosby,8471724,K. Letang,1,1
2025-12-23,2025020575,1,REG,13:34,TOR,ev,none,wrist,1551,8481711,M. Maccelli,8477939,W. Nylander,8479026,P. Myers,2,1
2025-12-23,2025020575,2,REG,07:38,TOR,ev,none,backhand,1551,8478904,S. Lorentz,,,,,3,1
2025-12-23,2025020575,2,REG,11:43,PIT,ev,none,wrist,1551,8483487,R. McGroarty,,,,,3,2
2025-12-23,2025020575,3,REG,01:00,PIT,ev,none,slap,1551,8477511,A. Mantha,8478450,P. Wotherspoon,8479638,J. Brazeau,3,3
2025-12-23,2025020575,3,REG,11:35,TOR,ev,none,wrist,1441,8477503,M. Domi,8475171,O. Ekman-Larsson,8477939,W. Nylander,4,3
2025-12-23,2025020575,3,REG,17:57,TOR,ev,empty-net,wrist,0651,8482259,B. McMann,8477503,M. Domi,,,5,3
2025-12-23,2025020575,3,REG,18:36,TOR,ev,empty-net,wrist,0651,8477939,W. Nylander,8475166,J. Tavares,8482720,M. Knies,6,3
2025-12-23,2025020579,1,REG,09:23,DET,ev,none,wrist,1551,8474037,J. van Riemsdyk,8479992,M. Rasmussen,8482762,S. Edvinsson,1,0
2025-12-23,2025020579,2,REG,10:47,DAL,pp,none,snap,1541,8478449,R. Hintz,8478420,M. Rantanen,8480027,J. Robertson,1,1
2025-12-23,2025020579,2,REG,19:16,DAL,ev,none,snap,1551,8473994,J. Benn,8475168,M. Duchene,8484829,J. Hryckowian,1,2
2025-12-23,2025020579,3,REG,03:02,DET,pp,none,wrist,1451,8484471,E. Finnie,8482078,L. Raymond,8481542,M. Seider,2,2
2025-12-23,2025020579,3,REG,11:18,DAL,pp,none,tip-in,1541,8482740,W. Johnston,8480036,M. Heiskanen,8478420,M. Rantanen,2,3
2025-12-23,2025020579,3,REG,15:57,DET,pp,none,wrist,1451,8477946,D. Larkin,8474037,J. van Riemsdyk,8482078,L. Raymond,3,3
2025-12-23,2025020579,4,OT,00:34,DET,ev,none,snap,1331,8477946,D. Larkin,8481542,M. Seider,8482078,L. Raymond,4,3
2025-12-23,2025020576,1,REG,14:57,NYR,ev,none,snap,1551,8479390,T. Raddysh,8477380,J. Brodzinski,8482073,B. Schneider,0,1
2025-12-23,2025020576,2,REG,00:23,WSH,ev,none,snap,1551,8474590,J. Carlson,8481656,A. Protas,8484186,R. Leonard,1,1
2025-12-23,2025020576,2,REG,08:40,WSH,pp,none,snap,1451,8478440,D. Strome,8481580,C. McMichael,8484186,R. Leonard,2,1
2025-12-23,2025020576,2,REG,11:14,NYR,pp,none,tip-in,1541,8482157,W. Cuylle,8476459,M. Zibanejad,8476389,V. Trocheck,2,2
2025-12-23,2025020576,2,REG,12:11,WSH,ev,none,snap,1551,8481656,A. Protas,8477947,S. Milano,8482148,H. Lapierre,3,2
2025-12-23,2025020576,3,REG,08:10,NYR,ev,none,backhand,1551,8479390,T. Raddysh,8482157,W. Cuylle,8483690,N. Laba,3,3
2025-12-23,2025020576,3,REG,09:18,NYR,ev,none,tip-in,1551,8482109,A. Lafrenière,8478550,A. Panarin,8482666,S. Morrow,3,4
2025-12-23,2025020576,3,REG,13:43,NYR,ev,none,wrist,1551,8476389,V. Trocheck,8477380,J. Brodzinski,8484210,G. Perreault,3,5
2025-12-23,2025020576,3,REG,17:44,NYR,ev,empty-net,snap,1560,8478550,A. Panarin,8476459,M. Zibanejad,8482109,A. Lafrenière,3,6
2025-12-23,2025020576,3,REG,18:09,NYR,ev,none,backhand,1551,8476389,V. Trocheck,8482157,W. Cuylle,8479390,T. Raddysh,3,7
2025-12-23,2025020577,1,REG,11:08,MTL,ev,none,wrist,1551,8478104,S. Blais,8483457,L. Hutson,8480865,N. Dobson,0,1
2025-12-23,2025020577,1,REG,12:25,BOS,ev,none,wrist,1551,8482177,M. Khusnutdinov,8482511,M. Lohrei,,,1,1
2025-12-23,2025020577,1,REG,19:42,BOS,pp,none,snap,1451,8482634,A. Steeves,8477956,D. Pastrnak,8478042,V. Arvidsson,2,1
2025-12-23,2025020577,2,REG,01:58,MTL,ev,none,wrist,1551,8484984,I. Demidov,,,,,2,2
2025-12-23,2025020577,3,REG,07:04,MTL,ev,none,wrist,1551,8482737,Z. Bolduc,8480018,N. Suzuki,8483457,L. Hutson,2,3
2025-12-23,2025020577,3,REG,08:43,MTL,pp,none,wrist,1531,8481540,C. Caufield,8480865,N. Dobson,8484984,I. Demidov,2,4
2025-12-23,2025020577,3,REG,10:09,MTL,pp,none,bat,1531,8480018,N. Suzuki,8483515,J. Slafkovský,8480865,N. Dobson,2,5
2025-12-23,2025020577,3,REG,12:22,MTL,ev,none,slap,1551,8483515,J. Slafkovský,8483457,L. Hutson,,,2,6
2025-12-23,2025020578,1,REG,15:22,BUF,ev,none,tip-in,1551,8481524,B. Byram,8478413,J. Greenway,8482623,J. Dunne,0,1
2025-12-23,2025020578,1,REG,17:13,OTT,ev,none,backhand,1551,8482092,R. Greig,8473512,C. Giroux,,,1,1
2025-12-23,2025020578,2,REG,06:11,BUF,ev,none,tip-in,1551,8483500,N. Ostlund,8481524,B. Byram,8477949,A. Tuch,1,2
2025-12-23,2025020578,2,REG,09:27,OTT,pp,none,wrist,1451,8482116,T. Stützle,8480208,D. Batherson,8481528,D. Cozens,2,2
2025-12-23,2025020578,4,OT,00:31,BUF,ev,none,snap,1441,8481524,B. Byram,8480802,R. McLeod,8480807,M. Samuelsson,2,3
2025-12-23,2025020580,1,REG,15:35,NJD,ev,none,wrist,1551,8477488,B. Pesce,8480002,N. Hischier,8482110,D. Mercer,0,1
2025-12-23,2025020580,2,REG,12:10,NYI,ev,none,wrist,1551,8481601,S. Holmstrom,,,,,1,1
2025-12-23,2025020580,3,REG,18:45,NYI,ev,none,slap,1551,8476917,A. Pelech,8475314,A. Lee,8481601,S. Holmstrom,2,1
2025-12-23,2025020581,1,REG,04:11,CAR,ev,none,snap,1551,8480762,E. Robinson,8478427,S. Aho,8482911,J. Nystrom,1,0
2025-12-23,2025020581,2,REG,01:58,CAR,ev,none,snap,1551,8480830,A. Svechnikov,8473533,J. Staal,,,2,0
2025-12-23,2025020581,3,REG,03:53,FLA,ev,none,slap,1551,8478859,N. Mikkola,8480185,E. Luostarinen,8477933,S. Reinhart,2,1
2025-12-23,2025020581,3,REG,06:17,FLA,ev,none,snap,1551,8479316,L. Kunin,8479393,N. Gregor,8477932,A. Ekblad,2,2
2025-12-23,2025020581,3,REG,07:00,FLA,ev,none,snap,1551,8482113,A. Lundell,8477933,S. Reinhart,8480185,E. Luostarinen,2,3
2025-12-23,2025020581,3,REG,09:57,FLA,ev,none,wrist,1551,8477935,S. Bennett,8478421,A. Greer,8477932,A. Ekblad,2,4
2025-12-23,2025020581,3,REG,15:21,FLA,pp,none,wrist,1541,8477495,S. Jones,8477933,S. Reinhart,8473419,B. Marchand,2,5
2025-12-23,2025020582,1,REG,07:00,MIN,ev,none,slap,1551,8482122,B. Faber,8480800,Q. Hughes,8481477,N. Sturm,1,0
2025-12-23,2025020582,1,REG,14:28,NSH,pp,none,backhand,1541,8475158,R. O'Reilly,8482146,L. Evangelista,8474564,S. Stamkos,1,1
2025-12-23,2025020582,1,REG,17:07,NSH,pp,none,wrist,1541,8474600,R. Josi,8475158,R. O'Reilly,8476887,F. Forsberg,1,2
2025-12-23,2025020582,2,REG,00:52,MIN,ev,none,wrist,1560,8478493,J. Eriksson Ek,8475149,M. Johansson,8478864,K. Kaprizov,2,2
2025-12-23,2025020582,4,OT,00:53,NSH,ev,none,tip-in,1331,8474564,S. Stamkos,8475287,E. Haula,8483565,N. Blankenburg,2,3
2025-12-23,2025020583,1,REG,10:17,PHI,ev,none,wrist,1551,8478439,T. Konecny,8481533,T. Zegras,8476461,S. Couturier,0,1
2025-12-23,2025020583,2,REG,11:13,PHI,pp,none,snap,1541,8480220,N. Cates,8478439,T. Konecny,8482142,J. Drysdale,0,2
2025-12-23,2025020583,2,REG,18:30,CHI,ev,none,wrist,1441,8477987,R. Donato,8476891,M. Grzelcyk,8484783,A. Levshunov,1,2
2025-12-23,2025020583,3,REG,17:52,PHI,ev,empty-net,wrist,1560,8479336,C. Grundstrom,8476461,S. Couturier,8477499,R. Ristolainen,1,3
2025-12-23,2025020584,2,REG,07:57,COL,ev,none,backhand,1551,8479398,S. Girard,,,,,1,0
2025-12-23,2025020585,1,REG,06:48,EDM,ev,none,wrist,1551,8476454,R. Nugent-Hopkins,8480803,E. Bouchard,8478402,C. McDavid,1,0
2025-12-23,2025020585,1,REG,15:58,CGY,ev,none,snap,1551,8477346,M. Weegar,8474150,M. Backlund,,,1,1
2025-12-23,2025020585,1,REG,19:43,EDM,pp,none,wrist,1451,8477934,L. Draisaitl,8475786,Z. Hyman,8478402,C. McDavid,2,1
2025-12-23,2025020585,2,REG,01:59,EDM,pp,none,wrist,1451,8477934,L. Draisaitl,8478402,C. McDavid,8480803,E. Bouchard,3,1
2025-12-23,2025020585,2,REG,11:56,EDM,ev,none,tip-in,1551,8475786,Z. Hyman,8478402,C. McDavid,,,4,1
2025-12-23,2025020585,3,REG,05:38,EDM,pp,none,wrist,1451,8477934,L. Draisaitl,8475786,Z. Hyman,8478402,C. McDavid,5,1
2025-12-23,2025020586,1,REG,01:46,VGK,ev,none,snap,1551,8479353,B. Howden,8483890,B. Bowman,8475191,R. Smith,1,0
2025-12-23,2025020586,1,REG,09:07,VGK,pp,none,wrist,1451,8478483,M. Marner,8478396,N. Hanifin,8481604,P. Dorofeyev,2,0
2025-12-23,2025020586,1,REG,11:37,VGK,ev,none,wrist,1551,8476925,C. Sissons,8478434,K. Kolesar,8476438,B. Saad,3,0
2025-12-23,2025020586,1,REG,14:57,VGK,ev,none,snap,1551,8476881,T. Hertl,8481604,P. Dorofeyev,,,4,0
2025-12-23,2025020586,1,REG,18:34,VGK,ev,none,backhand,1551,8475913,M. Stone,8477964,I. Barbashev,8481527,K. Korczak,5,0
2025-12-23,2025020586,2,REG,06:49,SJS,ev,none,snap,1551,8484801,M. Celebrini,8475726,T. Toffoli,,,5,1
2025-12-23,2025020586,2,REG,18:50,VGK,ev,none,slap,1551,8475191,R. Smith,8481527,K. Korczak,8483890,B. Bowman,6,1
2025-12-23,2025020586,3,REG,05:22,VGK,ev,none,wrist,1551,8478483,M. Marner,8475913,M. Stone,8477964,I. Barbashev,7,1
2025-12-23,2025020586,3,REG,08:04,SJS,ev,none,wrist,1551,8484911,C. Graf,8475726,T. Toffoli,8477505,A. Wennberg,7,2
2025-12-23,2025020587,2,REG,01:10,SEA,pp,none,wrist,1541,8474586,J. Eberle,8482665,M. Beniers,8476905,C. Stephenson,0,1
2025-12-23,2025020587,2,REG,07:26,SEA,ev,none,wrist,1551,8477919,F. Gaudreau,8480009,E. Tolvanen,8479372,J. Mahura,0,2
2025-12-23,2025020587,2,REG,16:02,SEA,ev,none,wrist,1551,8483570,B. Meyers,8476467,J. Oleksiak,8480009,E. Tolvanen,0,3
2025-12-23,2025020587,2,REG,16:13,LAK,ev,none,backhand,1551,8477942,K. Fiala,,,,,1,3
2025-12-23,2025020587,3,REG,08:45,LAK,ev,none,wrap-around,1551,8483808,A. Kuzmenko,8482730,B. Clarke,8474563,D. Doughty,2,3
2025-12-27,2025020588,1,REG,00:58,NYI,ev,none,wrist,1551,8475314,A. Lee,,,,,1,0
2025-12-27,2025020588,3,REG,19:43,NYI,ev,empty-net,wrist,0651,8481601,S. Holmstrom,,,,,2,0
2025-12-27,2025020589,1,REG,11:56,BOS,ev,none,wrist,1551,8477956,D. Pastrnak,8479987,M. Geekie,,,0,1
2025-12-27,2025020589,2,REG,01:39,BUF,ev,none,snap,1551,8480802,R. McLeod,8482097,J. Quinn,8480807,M. Samuelsson,1,1
2025-12-27,2025020589,2,REG,03:12,BUF,ev,none,wrist,1551,8481522,P. Krebs,8479420,T. Thompson,8480807,M. Samuelsson,2,1
2025-12-27,2025020589,2,REG,07:54,BUF,ev,none,wrist,1551,8480807,M. Samuelsson,8482097,J. Quinn,8481524,B. Byram,3,1
2025-12-27,2025020589,3,REG,19:46,BUF,ev,empty-net,wrist,0651,8480064,J. Norris,8481522,P. Krebs,8479420,T. Thompson,4,1
2025-12-27,2025020590,1,REG,00:40,TOR,pp,none,backhand,1451,8477939,W. Nylander,8479318,A. Matthews,8481711,M. Maccelli,1,0
2025-12-27,2025020590,1,REG,14:42,TOR,pp,none,snap,1451,8482720,M. Knies,8477503,M. Domi,8481582,N. Robertson,2,0
2025-12-27,2025020590,1,REG,17:50,OTT,ev,none,wrist,1551,8476393,N. Cousins,8481606,J. Spence,8483676,S. Halliday,2,1
2025-12-27,2025020590,2,REG,00:18,OTT,ev,none,wrist,1551,8482092,R. Greig,8473512,C. Giroux,,,2,2
2025-12-27,2025020590,2,REG,03:28,TOR,ev,none,wrist,1551,8482259,B. McMann,8479318,A. Matthews,8477503,M. Domi,3,2
2025-12-27,2025020590,2,REG,07:28,TOR,ev,none,wrist,1551,8479318,A. Matthews,8477503,M. Domi,8476931,J. McCabe,4,2
2025-12-27,2025020590,2,REG,08:32,TOR,ev,none,wrist,1551,8481582,N. Robertson,8482720,M. Knies,8478462,N. Roy,5,2
2025-12-27,2025020590,3,REG,00:14,OTT,ev,none,wrist,1551,8480208,D. Batherson,8481528,D. Cozens,8480801,B. Tkachuk,5,3
2025-12-27,2025020590,3,REG,05:07,OTT,ev,none,wrist,1551,8482116,T. Stützle,8480188,F. Zetterlund,,,5,4
2025-12-27,2025020590,3,REG,05:53,TOR,ev,none,backhand,1551,8482720,M. Knies,8481711,M. Maccelli,8476853,M. Rielly,6,4
2025-12-27,2025020590,3,REG,09:18,OTT,ev,none,wrist,1551,8481606,J. Spence,8473512,C. Giroux,8483676,S. Halliday,6,5
2025-12-27,2025020590,3,REG,18:44,TOR,ev,empty-net,wrist,0651,8475166,J. Tavares,,,,,7,5
2025-12-27,2025020591,1,REG,05:37,FLA,ev,none,backhand,1551,8480185,E. Luostarinen,8482713,M. Samoskevich,8478542,E. Rodrigues,1,0
2025-12-27,2025020591,1,REG,13:05,TBL,sh,none,snap,1451,8477404,J. Guentzel,8478519,A. Cirelli,8481719,M. Crozier,1,1
2025-12-27,2025020591,1,REG,19:52,TBL,ev,none,snap,1551,8480995,P. Holmberg,8476826,Y. Gourde,8483398,D. Carlile,1,2
2025-12-27,2025020591,2,REG,02:31,TBL,ev,none,backhand,1551,8476453,N. Kucherov,8478010,B. Point,8482201,G. Goncalves,1,3
2025-12-27,2025020591,2,REG,07:05,FLA,pp,none,snap,1451,8473419,B. Marchand,8477935,S. Bennett,8477933,S. Reinhart,2,3
2025-12-27,2025020591,3,REG,19:04,TBL,ev,empty-net,backhand,1560,8476453,N. Kucherov,8478519,A. Cirelli,,,2,4
2025-12-27,2025020592,1,REG,19:59,WSH,ev,none,snap,1551,8481656,A. Protas,8471214,A. Ovechkin,,,0,1
2025-12-27,2025020592,2,REG,04:56,NJD,pp,none,snap,1451,8479407,J. Bratt,8480002,N. Hischier,8476474,S. Noesen,1,1
2025-12-27,2025020592,2,REG,17:33,WSH,ev,none,snap,1551,8478463,A. Beauvillier,8481656,A. Protas,,,1,2
2025-12-27,2025020592,3,REG,07:00,NJD,ev,none,wrist,1551,8479407,J. Bratt,,,,,2,2
2025-12-27,2025020592,3,REG,07:32,NJD,ev,none,snap,1551,8479996,C. Glass,8477015,C. Brown,8475455,B. Dillon,3,2
2025-12-27,2025020592,3,REG,09:17,WSH,ev,none,wrist,1551,8471214,A. Ovechkin,8480873,R. Sandin,8481656,A. Protas,3,3
2025-12-27,2025020592,4,OT,04:06,WSH,ev,none,bat,1331,8479345,J. Chychrun,8475343,N. Dowd,8478440,D. Strome,3,4
2025-12-27,2025020593,1,REG,12:39,DET,ev,none,wrist,1551,8479992,M. Rasmussen,8477456,J. Compher,,,0,1
2025-12-27,2025020593,2,REG,03:22,CAR,ev,none,deflected,1551,8482809,J. Blake,8476906,S. Gostisbehere,,,1,1
2025-12-27,2025020593,2,REG,04:37,CAR,ev,none,wrist,1551,8480762,E. Robinson,8478427,S. Aho,8480830,A. Svechnikov,2,1
2025-12-27,2025020593,2,REG,15:22,CAR,ev,none,wrist,1551,8476906,S. Gostisbehere,8478970,J. Chatfield,8477478,W. Carrier,3,1
2025-12-27,2025020593,3,REG,03:11,DET,pp,none,tip-in,1541,8477429,A. Copp,8481077,J. Leonard,8484223,A. Sandin-Pellikka,3,2
2025-12-27,2025020593,3,REG,13:09,CAR,ev,none,snap,1551,8480830,A. Svechnikov,,,,,4,2
2025-12-27,2025020593,3,REG,18:39,CAR,ev,empty-net,wrist,0651,8476921,J. Martinook,8480830,A. Svechnikov,8476906,S. Gostisbehere,5,2
2025-12-27,2025020594,1,REG,11:36,WPG,ev,none,slap,1551,8477504,J. Morrissey,8478398,K. Connor,8480014,G. Vilardi,1,0
2025-12-27,2025020594,1,REG,18:29,MIN,ev,none,deflected,1551,8481557,M. Boldy,8474716,J. Spurgeon,8480800,Q. Hughes,1,1
2025-12-27,2025020594,2,REG,07:33,MIN,ev,none,backhand,1551,8478864,K. Kaprizov,8475692,M. Zuccarello,8483525,D. Yurov,1,2
2025-12-27,2025020594,2,REG,17:56,WPG,ev,none,snap,1551,8478398,K. Connor,8476460,M. Scheifele,8480014,G. Vilardi,2,2
2025-12-27,2025020594,2,REG,19:57,WPG,ev,none,wrist,1551,8476460,M. Scheifele,8473604,J. Toews,,,3,2
2025-12-27,2025020594,3,REG,19:38,MIN,pp,none,snap,0641,8475692,M. Zuccarello,8478864,K. Kaprizov,8480800,Q. Hughes,3,3
2025-12-27,2025020594,4,OT,00:39,MIN,ev,none,snap,1331,8481557,M. Boldy,8480800,Q. Hughes,8478864,K. Kaprizov,3,4
2025-12-27,2025020595,1,REG,08:45,STL,pp,none,tip-in,1451,8475170,B. Schenn,8475764,C. Fowler,8484164,D. Dvorsky,1,0
2025-12-27,2025020595,1,REG,11:41,NSH,ev,none,tip-in,1551,8479370,T. Jost,8479980,N. Hague,,,1,1
2025-12-27,2025020595,1,REG,18:14,STL,ev,none,backhand,1551,8477402,P. Buchnevich,8480023,R. Thomas,,,2,1
2025-12-27,2025020595,3,REG,04:40,STL,ev,none,wrist,1551,8477402,P. Buchnevich,8480023,R. Thomas,8481598,P. Broberg,3,1
2025-12-27,2025020595,3,REG,12:03,NSH,sh,none,wrist,1451,8482768,F. Svechkov,8475287,E. Haula,8479980,N. Hague,3,2
2025-12-27,2025020596,1,REG,03:20,CHI,ev,none,snap,1551,8477479,T. Bertuzzi,8481568,A. Vlasic,8482172,L. Slaggert,0,1
2025-12-27,2025020596,1,REG,11:31,DAL,ev,none,slap,1551,8480878,N. Lundkvist,8478420,M. Rantanen,8482740,W. Johnston,1,1
2025-12-27,2025020596,2,REG,10:37,CHI,ev,none,snap,1551,8477450,J. Dickinson,8484783,A. Levshunov,,,1,2
2025-12-27,2025020596,2,REG,11:32,DAL,ev,none,snap,1551,8484829,J. Hryckowian,8482740,W. Johnston,8478420,M. Rantanen,2,2
2025-12-27,2025020596,3,REG,11:18,DAL,ev,none,snap,1551,8478420,M. Rantanen,8482740,W. Johnston,8479351,S. Steel,3,2
2025-12-27,2025020596,3,REG,12:25,CHI,ev,none,snap,1551,8477479,T. Bertuzzi,8476473,C. Murphy,8481568,A. Vlasic,3,3
2025-12-27,2025020596,5,SO,00:00,CHI,ev,none,wrist,0101,8484185,N. Lardis,,,,,3,4
2025-12-27,2025020597,1,REG,03:03,LAK,ev,none,tip-in,1551,8474563,D. Doughty,8482124,Q. Byfield,8470621,C. Perry,1,0
2025-12-27,2025020597,1,REG,03:56,LAK,ev,none,deflected,1551,8479675,T. Moore,8475208,B. Dumoulin,8476879,C. Ceci,2,0
2025-12-27,2025020597,1,REG,10:21,LAK,ev,none,snap,1551,8482155,A. Laferriere,8477960,A. Kempe,8471685,A. Kopitar,3,0
2025-12-27,2025020597,1,REG,19:02,LAK,pp,none,tip-in,1451,8482124,Q. Byfield,8482730,B. Clarke,8483808,A. Kuzmenko,4,0
2025-12-27,2025020597,2,REG,10:02,ANA,pp,none,wrist,1541,8482745,M. McTavish,8484153,L. Carlsson,8484762,B. Sennecke,4,1
2025-12-27,2025020597,3,REG,04:24,LAK,ev,none,backhand,1551,8482155,A. Laferriere,8475208,B. Dumoulin,8471685,A. Kopitar,5,1
2025-12-27,2025020597,3,REG,13:15,LAK,ev,none,slap,1551,8482155,A. Laferriere,8482730,B. Clarke,8471685,A. Kopitar,6,1
2025-12-27,2025020598,1,REG,07:00,CGY,ev,none,wrist,1551,8481068,Y. Sharangovich,8483609,A. Klapka,,,1,0
2025-12-27,2025020598,1,REG,08:36,EDM,pp,none,slap,1541,8480803,E. Bouchard,8477934,L. Draisaitl,8476454,R. Nugent-Hopkins,1,1
2025-12-27,2025020598,2,REG,03:28,CGY,ev,none,snap,1551,8479066,R. Lomberg,,,,,2,1
2025-12-27,2025020598,3,REG,12:31,CGY,ev,none,wrist,1551,8476399,B. Coleman,8474150,M. Backlund,8480860,K. Bahl,3,1
2025-12-27,2025020598,3,REG,15:23,EDM,ev,none,poke,1551,8478402,C. McDavid,8475786,Z. Hyman,8480803,E. Bouchard,3,2
2025-12-27,2025020599,1,REG,06:11,SJS,ev,none,wrist,1551,8471817,R. Reaves,8476624,B. Goodrow,8482861,V. Iorio,0,1
2025-12-27,2025020599,1,REG,07:55,SJS,ev,none,wrist,1551,8475906,J. Klingberg,8484801,M. Celebrini,,,0,2
2025-12-27,2025020599,1,REG,10:04,VAN,pp,none,wrist,1451,8481024,L. Karlsson,8478856,C. Garland,8479425,F. Hronek,1,2
2025-12-27,2025020599,2,REG,12:38,SJS,ev,own-goal,,1551,8482667,W. Eklund,,,,,1,3
2025-12-27,2025020599,3,REG,00:36,VAN,ev,none,wrist,1551,8482079,M. Rossi,8479425,F. Hronek,8478856,C. Garland,2,3
2025-12-27,2025020599,3,REG,04:47,SJS,pp,none,wrist,1541,8484994,I. Chernyshov,8478874,A. Gaudette,8475200,D. Orlov,2,4
2025-12-27,2025020599,3,REG,10:43,VAN,sh,none,snap,1541,8482055,D. O'Connor,,,,,3,4
2025-12-27,2025020599,3,REG,16:20,SJS,ev,none,snap,1551,8484801,M. Celebrini,8484994,I. Chernyshov,8482667,W. Eklund,3,5
2025-12-27,2025020599,3,REG,16:55,SJS,ev,empty-net,wrist,1560,8484911,C. Graf,8477505,A. Wennberg,8479983,M. Ferraro,3,6
2025-12-27,2025020600,1,REG,02:43,VGK,ev,none,tip-in,1551,8482125,A. Holtz,8478396,N. Hanifin,8476881,T. Hertl,1,0
2025-12-27,2025020600,2,REG,00:34,VGK,ev,none,wrist,1551,8477964,I. Barbashev,8478483,M. Marner,,,2,0
2025-12-27,2025020600,2,REG,05:19,COL,ev,none,wrist,1551,8479398,S. Girard,8484258,S. Malinski,8477501,V. Nichushkin,2,1
2025-12-27,2025020600,2,REG,10:27,COL,ev,none,wrist,1551,8480039,M. Necas,8484258,S. Malinski,8479398,S. Girard,2,2
2025-12-27,2025020600,2,REG,11:36,VGK,ev,none,slap,1551,8477018,B. Hutton,8482125,A. Holtz,8478396,N. Hanifin,3,2
2025-12-27,2025020600,2,REG,12:05,VGK,ev,none,tip-in,1551,8479353,B. Howden,8475191,R. Smith,8478468,J. Lauzon,4,2
2025-12-27,2025020600,3,REG,03:52,COL,ev,none,wrist,1551,8480039,M. Necas,8477492,N. MacKinnon,,,4,3
2025-12-27,2025020600,3,REG,08:21,COL,ev,none,wrist,1551,8477492,N. MacKinnon,8484258,S. Malinski,8476455,G. Landeskog,4,4
2025-12-27,2025020600,3,REG,16:00,VGK,ev,none,backhand,1551,8476925,C. Sissons,8478434,K. Kolesar,8481527,K. Korczak,5,4
2025-12-27,2025020600,3,REG,18:03,COL,ev,none,snap,0651,8477476,A. Lehkonen,8477492,N. MacKinnon,8475754,B. Nelson,5,5
2025-12-27,2025020600,5,SO,00:00,COL,ev,none,wrist,0101,8477492,N. MacKinnon,,,,,5,6
2025-12-28,2025020602,2,REG,02:28,TBL,ev,none,snap,1551,8476453,N. Kucherov,8482201,G. Goncalves,,,1,0
2025-12-28,2025020602,2,REG,12:11,TBL,ev,none,snap,1551,8476453,N. Kucherov,8478010,B. Point,8482201,G. Goncalves,2,0
2025-12-28,2025020602,2,REG,14:49,TBL,ev,none,snap,1551,8477426,N. Paul,8477416,O. Bjorkstrand,8482168,M. Groshev,3,0
2025-12-28,2025020602,3,REG,01:06,MTL,ev,none,snap,1551,8484984,I. Demidov,8483515,J. Slafkovský,8480865,N. Dobson,3,1
2025-12-28,2025020602,3,REG,01:40,TBL,ev,none,tip-in,1551,8480995,P. Holmberg,8477416,O. Bjorkstrand,8480426,C. D'Astous,4,1
2025-12-28,2025020602,3,REG,09:16,MTL,ev,none,snap,1551,8483515,J. Slafkovský,8482775,O. Kapanen,,,4,2
2025-12-28,2025020602,3,REG,12:17,MTL,ev,none,snap,1551,8480865,N. Dobson,8481540,C. Caufield,8476875,M. Matheson,4,3
2025-12-28,2025020602,3,REG,19:56,MTL,ev,none,snap,0651,8483515,J. Slafkovský,8484984,I. Demidov,8483457,L. Hutson,4,4
2025-12-28,2025020602,5,SO,00:00,TBL,ev,none,wrist,1010,8482201,G. Goncalves,,,,,5,4
2025-12-28,2025020603,1,REG,08:09,CBJ,ev,none,snap,1551,8480893,K. Marchenko,8478975,M. Marchment,8483485,D. Mateychuk,1,0
2025-12-28,2025020603,1,REG,17:16,NYI,ev,none,wrist,1551,8485702,M. Shabanov,8476419,J. Pageau,8477407,A. Duclair,1,1
2025-12-28,2025020603,2,REG,13:24,NYI,ev,none,wrist,1551,8477500,B. Horvat,8477506,R. Pulock,,,1,2
2025-12-28,2025020603,3,REG,15:27,CBJ,ev,none,snap,1551,8478500,I. Provorov,8483485,D. Mateychuk,8477497,S. Monahan,2,2
2025-12-28,2025020603,3,REG,16:41,CBJ,ev,none,backhand,1551,8480893,K. Marchenko,8484166,A. Fantilli,8476923,D. Severson,3,2
2025-12-28,2025020603,3,REG,18:54,CBJ,ev,empty-net,wrist,0651,8482705,C. Sillinger,8477497,S. Monahan,,,4,2
2025-12-28,2025020601,2,REG,04:25,TOR,pp,none,snap,1541,8482720,M. Knies,8479318,A. Matthews,8475166,J. Tavares,0,1
2025-12-28,2025020601,2,REG,19:01,DET,ev,none,wrist,1551,8481542,M. Seider,8482078,L. Raymond,,,1,1
2025-12-28,2025020601,3,REG,04:53,TOR,ev,none,snap,1551,8481582,N. Robertson,8475166,J. Tavares,,,1,2
2025-12-28,2025020601,3,REG,05:16,DET,ev,none,wrist,1551,8478891,M. Appleton,8479992,M. Rasmussen,8481607,A. Johansson,2,2
2025-12-28,2025020601,4,OT,01:46,DET,ev,none,backhand,1331,8482762,S. Edvinsson,,,,,3,2
2025-12-28,2025020604,1,REG,01:38,PIT,ev,none,wrist,1551,8477511,A. Mantha,8481030,J. St. Ivany,8478854,R. Shea,0,1
2025-12-28,2025020604,1,REG,07:19,PIT,ev,none,wrist,1551,8475810,B. Rust,8471675,S. Crosby,8471724,K. Letang,0,2
2025-12-28,2025020604,1,REG,08:20,PIT,ev,none,snap,1551,8479638,J. Brazeau,8477511,A. Mantha,8478438,T. Novak,0,3
2025-12-28,2025020604,1,REG,12:03,PIT,ev,none,wrist,1551,8475810,B. Rust,8478854,R. Shea,8481481,B. Lizotte,0,4
2025-12-28,2025020604,2,REG,10:50,CHI,ev,none,backhand,1551,8473422,N. Foligno,8482703,C. Dach,8478043,S. Lafferty,1,4
2025-12-28,2025020604,2,REG,12:20,PIT,pp,none,backhand,1541,8479638,J. Brazeau,8485414,B. Kindel,8482758,V. Koivunen,1,5
2025-12-28,2025020604,2,REG,13:17,PIT,ev,none,tip-in,1551,8479638,J. Brazeau,8480980,C. Dewar,8478854,R. Shea,1,6
2025-12-28,2025020604,2,REG,13:30,CHI,ev,none,wrist,1551,8482176,W. Kaiser,8483450,R. Greene,8476473,C. Murphy,2,6
2025-12-28,2025020604,2,REG,18:48,PIT,ev,none,wrist,1551,8478569,N. Acciari,8481030,J. St. Ivany,8481481,B. Lizotte,2,7
2025-12-28,2025020604,3,REG,19:59,CHI,ev,none,wrist,1551,8477479,T. Bertuzzi,8477450,J. Dickinson,,,3,7
2025-12-28,2025020605,2,REG,03:48,SEA,ev,none,snap,1551,8474586,J. Eberle,8481554,K. Kakko,8482665,M. Beniers,1,0
2025-12-28,2025020605,3,REG,05:49,SEA,ev,none,snap,1551,8476905,C. Stephenson,8480009,E. Tolvanen,,,2,0
2025-12-28,2025020605,3,REG,17:31,SEA,ev,empty-net,deflected,0651,8480009,E. Tolvanen,8476905,C. Stephenson,,,3,0
2025-12-28,2025020605,3,REG,18:03,PHI,ev,none,wrist,1551,8479336,C. Grundstrom,8479022,R. Abols,8483733,N. Grebenkin,3,1
2025-12-28,2025020605,3,REG,18:24,SEA,ev,empty-net,wrist,0651,8480009,E. Tolvanen,,,,,4,1
2025-12-29,2025020607,1,REG,03:53,WSH,ev,none,snap,1551,8476880,T. Wilson,8480796,M. Fehérváry,8478440,D. Strome,0,1
2025-12-29,2025020607,1,REG,04:35,FLA,ev,none,tip-in,1551,8482113,A. Lundell,8473507,J. Petry,,,1,1
2025-12-29,2025020607,1,REG,12:45,FLA,pp,none,wrist,1451,8477933,S. Reinhart,8477495,S. Jones,8473419,B. Marchand,2,1
2025-12-29,2025020607,1,REG,19:17,WSH,pp,none,snap,1541,8476880,T. Wilson,8478440,D. Strome,8479345,J. Chychrun,2,2
2025-12-29,2025020607,3,REG,03:11,WSH,ev,none,wrist,0651,8478440,D. Strome,8476880,T. Wilson,8481656,A. Protas,2,3
2025-12-29,2025020607,3,REG,06:16,FLA,ev,none,bat,1551,8473419,B. Marchand,8477935,S. Bennett,8477495,S. Jones,3,3
2025-12-29,2025020607,3,REG,13:12,FLA,ev,none,slap,1551,8477932,A. Ekblad,8477933,S. Reinhart,8482113,A. Lundell,4,3
2025-12-29,2025020607,3,REG,19:25,FLA,ev,empty-net,backhand,0651,8477933,S. Reinhart,8480185,E. Luostarinen,8477932,A. Ekblad,5,3
2025-12-29,2025020608,1,REG,01:39,NYR,pp,none,slap,1541,8478882,V. Gavrikov,8478550,A. Panarin,8476389,V. Trocheck,0,1
2025-12-29,2025020608,1,REG,15:57,CAR,pp,none,snap,1351,8478427,S. Aho,8482100,A. Nikishin,8477940,N. Ehlers,1,1
2025-12-29,2025020608,2,REG,13:00,NYR,ev,none,snap,1551,8477380,J. Brodzinski,8475842,S. Carrick,8481525,M. Robertson,1,2
2025-12-29,2025020608,3,REG,09:11,CAR,ev,none,deflected,1551,8476921,J. Martinook,8478970,J. Chatfield,8480817,K. Miller,2,2
2025-12-29,2025020608,4,OT,04:47,CAR,pp,none,tip-in,1341,8482809,J. Blake,8478427,S. Aho,8477940,N. Ehlers,3,2
2025-12-29,2025020606,1,REG,15:58,CBJ,ev,none,tip-in,1551,8476432,B. Jenner,8482705,C. Sillinger,8475745,C. Coyle,0,1
2025-12-29,2025020606,2,REG,01:21,CBJ,ev,none,slap,1551,8476923,D. Severson,8481716,D. Voronkov,8482705,C. Sillinger,0,2
2025-12-29,2025020606,2,REG,08:16,OTT,ev,none,wrist,1551,8482105,J. Sanderson,8482116,T. Stützle,8480801,B. Tkachuk,1,2
2025-12-29,2025020606,3,REG,01:57,CBJ,ev,none,snap,1551,8483485,D. Mateychuk,8476923,D. Severson,8475745,C. Coyle,1,3
2025-12-29,2025020606,3,REG,15:54,CBJ,ev,none,snap,1551,8480893,K. Marchenko,8478975,M. Marchment,8484166,A. Fantilli,1,4
2025-12-29,2025020609,2,REG,08:00,EDM,ev,none,wrist,1551,8479368,M. Jones,,,,,0,1
2025-12-29,2025020609,2,REG,12:49,EDM,pp,none,wrist,1541,8478458,J. Roslovic,8474641,A. Henrique,8483512,M. Savoie,0,2
2025-12-29,2025020609,3,REG,05:46,WPG,ev,none,backhand,1551,8476392,A. Lowry,8480289,M. Barron,,,1,2
2025-12-29,2025020609,3,REG,18:37,EDM,ev,empty-net,wrist,1560,8475786,Z. Hyman,8478402,C. McDavid,,,1,3
2025-12-29,2025020610,1,REG,02:19,BUF,ev,none,wrist,1551,8483500,N. Ostlund,8480064,J. Norris,,,0,1
2025-12-29,2025020610,1,REG,05:08,STL,ev,none,wrist,1551,8475170,B. Schenn,8484230,O. Stenberg,8479385,J. Kyrou,1,1
2025-12-29,2025020610,1,REG,08:09,STL,ev,none,wrist,1551,8483516,J. Snuggerud,8477952,R. Fabbri,8476892,C. Parayko,2,1
2025-12-29,2025020610,2,REG,15:17,BUF,ev,none,snap,1551,8477949,A. Tuch,8480807,M. Samuelsson,,,2,2
2025-12-29,2025020610,3,REG,01:46,BUF,ev,none,bat,1551,8484145,Z. Benson,8482097,J. Quinn,8480802,R. McLeod,2,3
2025-12-29,2025020610,3,REG,18:44,BUF,ev,empty-net,wrist,1560,8481522,P. Krebs,8479359,B. Malenstyn,,,2,4
2025-12-29,2025020611,1,REG,09:24,COL,ev,none,wrist,1551,8480835,J. Drury,8479525,R. Colton,,,1,0
2025-12-29,2025020611,2,REG,05:15,LAK,pp,none,tip-in,1541,8470621,C. Perry,8477942,K. Fiala,8476441,J. Edmundson,1,1
2025-12-29,2025020611,2,REG,13:21,COL,ev,none,backhand,1551,8480039,M. Necas,8476455,G. Landeskog,8477492,N. MacKinnon,2,1
2025-12-29,2025020611,2,REG,17:30,COL,ev,none,wrist,1551,8475754,B. Nelson,8481641,J. Kiviranta,8479398,S. Girard,3,1
2025-12-29,2025020611,3,REG,04:58,LAK,sh,none,wrist,1451,8476469,J. Armia,8477960,A. Kempe,,,3,2
2025-12-29,2025020611,3,REG,18:23,COL,ev,empty-net,wrist,0651,8477492,N. MacKinnon,8477476,A. Lehkonen,,,4,2
2025-12-29,2025020611,3,REG,19:15,COL,ev,none,snap,1551,8480069,C. Makar,8477501,V. Nichushkin,8475754,B. Nelson,5,2
2025-12-29,2025020612,1,REG,05:48,UTA,pp,none,snap,1451,8482175,J. Peterka,8482699,D. Guenther,8479343,C. Keller,1,0
2025-12-29,2025020612,1,REG,09:51,NSH,ev,none,snap,1551,8474600,R. Josi,8476887,F. Forsberg,8474564,S. Stamkos,1,1
2025-12-29,2025020612,2,REG,03:41,UTA,ev,none,slap,1551,8479410,M. Sergachev,8477951,N. Schmaltz,8480434,S. Durzi,2,1
2025-12-29,2025020612,2,REG,07:51,NSH,ev,none,wrist,1551,8482146,L. Evangelista,8479370,T. Jost,8483565,N. Blankenburg,2,2
2025-12-29,2025020612,3,REG,04:02,UTA,ev,none,backhand,1551,8482699,D. Guenther,8478474,L. Crouse,8480849,B. Hayton,3,2
2025-12-29,2025020612,3,REG,11:39,NSH,pp,none,snap,1541,8474564,S. Stamkos,8475158,R. O'Reilly,8482146,L. Evangelista,3,3
2025-12-29,2025020612,3,REG,13:17,NSH,ev,none,wrist,1551,8474564,S. Stamkos,8475158,R. O'Reilly,8480246,N. Perbix,3,4
2025-12-29,2025020613,1,REG,18:06,BOS,ev,none,deflected,1551,8479369,A. Peeke,8482511,M. Lohrei,8476374,S. Kuraly,0,1
2025-12-29,2025020613,2,REG,13:32,CGY,ev,none,wrist,1551,8476399,B. Coleman,8474150,M. Backlund,8477810,J. Hanley,1,1
2025-12-29,2025020613,4,OT,01:53,CGY,pp,own-goal,,1341,8482074,C. Zary,,,,,2,1
2025-12-29,2025020614,1,REG,00:26,MIN,ev,none,snap,1551,8475149,M. Johansson,8476463,J. Brodin,8474716,J. Spurgeon,0,1
2025-12-29,2025020614,1,REG,14:06,MIN,ev,none,wrist,1551,8481557,M. Boldy,8478493,J. Eriksson Ek,8475149,M. Johansson,0,2
2025-12-29,2025020614,2,REG,00:26,MIN,ev,none,snap,1551,8474716,J. Spurgeon,8475149,M. Johansson,8476463,J. Brodin,0,3
2025-12-29,2025020614,2,REG,04:32,MIN,ev,none,wrist,1551,8482122,B. Faber,8478508,Y. Trenin,8478864,K. Kaprizov,0,4
2025-12-29,2025020614,2,REG,06:56,MIN,ev,none,tip-in,1551,8478493,J. Eriksson Ek,8481557,M. Boldy,8475149,M. Johansson,0,5
2025-12-29,2025020614,2,REG,16:50,VGK,ev,none,wrist,1551,8475188,B. McNabb,8477964,I. Barbashev,8481604,P. Dorofeyev,1,5
2025-12-29,2025020614,3,REG,02:14,VGK,ev,none,wrist,1551,8475913,M. Stone,8477964,I. Barbashev,8478483,M. Marner,2,5
2025-12-29,2025020615,1,REG,10:43,SJS,ev,none,tip-in,1551,8479983,M. Ferraro,8477505,A. Wennberg,8478874,A. Gaudette,0,1
2025-12-29,2025020615,1,REG,15:02,ANA,ev,none,backhand,1551,8478873,T. Terry,8481754,N. Nesterenko,,,1,1
2025-12-29,2025020615,1,REG,19:12,SJS,ev,none,snap,1551,8484801,M. Celebrini,8477505,A. Wennberg,8475726,T. Toffoli,1,2
2025-12-29,2025020615,2,REG,06:30,SJS,ev,none,backhand,1551,8484994,I. Chernyshov,8484801,M. Celebrini,8484806,S. Dickinson,1,3
2025-12-29,2025020615,2,REG,12:17,SJS,ev,none,snap,1551,8482667,W. Eklund,8484801,M. Celebrini,,,1,4
2025-12-29,2025020615,2,REG,16:26,ANA,ev,none,tip-in,1551,8483445,C. Gauthier,8478873,T. Terry,8480068,R. Poehling,2,4
2025-12-29,2025020615,3,REG,03:07,ANA,ev,none,snap,1551,8483490,P. Mintyukov,8483445,C. Gauthier,8482178,I. Moore,3,4
2025-12-29,2025020615,3,REG,13:47,SJS,ev,none,tip-in,1551,8482859,Z. Ostapchuk,8482861,V. Iorio,8476624,B. Goodrow,3,5
2025-12-29,2025020615,3,REG,15:58,ANA,ev,none,wrist,1560,8478873,T. Terry,8482745,M. McTavish,8481605,J. LaCombe,4,5
2025-12-29,2025020616,1,REG,08:50,SEA,pp,none,slap,1341,8477955,J. McCann,8478407,V. Dunn,8474586,J. Eberle,1,0
2025-12-29,2025020616,1,REG,15:20,VAN,ev,none,snap,1551,8481024,L. Karlsson,8483499,L. Ohgren,,,1,1
2025-12-29,2025020616,1,REG,19:40,SEA,ev,none,wrist,1551,8482751,R. Winterton,8482874,J. Melanson,8478916,J. Daccord,2,1
2025-12-29,2025020616,2,REG,05:23,VAN,ev,none,wrist,1551,8480012,E. Pettersson,8475169,E. Kane,8484240,T. Willander,2,2
2025-12-29,2025020616,5,SO,00:00,VAN,ev,none,wrist,0101,8483499,L. Ohgren,,,,,2,3
2025-12-30,2025020617,1,REG,14:21,TOR,pp,none,wrist,1451,8482259,B. McMann,8481582,N. Robertson,,,1,0
2025-12-30,2025020617,2,REG,14:24,TOR,ev,none,tip-in,1551,8478462,N. Roy,8482259,B. McMann,8481582,N. Robertson,2,0
2025-12-30,2025020617,3,REG,06:35,TOR,ev,none,wrist,1551,8475714,C. Jarnkrok,8478904,S. Lorentz,,,3,0
2025-12-30,2025020617,3,REG,17:01,TOR,ev,empty-net,wrist,0651,8482720,M. Knies,8475166,J. Tavares,8478462,N. Roy,4,0
2025-12-30,2025020618,3,REG,10:18,FLA,pp,none,snap,1451,8473419,B. Marchand,8477935,S. Bennett,8477495,S. Jones,1,0
2025-12-30,2025020618,3,REG,15:01,FLA,ev,none,wrist,1551,8477933,S. Reinhart,8480185,E. Luostarinen,8482113,A. Lundell,2,0
2025-12-30,2025020618,3,REG,15:33,MTL,ev,none,wrist,1551,8481540,C. Caufield,8483457,L. Hutson,8480865,N. Dobson,2,1
2025-12-30,2025020618,3,REG,18:38,MTL,ev,none,slap,0651,8480018,N. Suzuki,8484984,I. Demidov,8481540,C. Caufield,2,2
2025-12-30,2025020618,4,OT,03:24,MTL,pp,none,wrist,1431,8480018,N. Suzuki,8483457,L. Hutson,8480865,N. Dobson,2,3
2025-12-30,2025020619,1,REG,03:46,PIT,ev,none,snap,1551,8471675,S. Crosby,8476483,R. Rakell,8475810,B. Rust,1,0
2025-12-30,2025020619,1,REG,16:07,PIT,ev,none,backhand,1551,8479638,J. Brazeau,8476967,B. Kulak,,,2,0
2025-12-30,2025020619,1,REG,17:12,PIT,pp,none,wrist,1451,8477511,A. Mantha,8475810,B. Rust,8474578,E. Karlsson,3,0
2025-12-30,2025020619,2,REG,15:08,PIT,ev,none,wrist,1551,8478438,T. Novak,8478450,P. Wotherspoon,8474578,E. Karlsson,4,0
2025-12-30,2025020619,2,REG,18:08,PIT,ev,none,tip-in,1551,8477511,A. Mantha,8479638,J. Brazeau,8478438,T. Novak,5,0
2025-12-30,2025020619,2,REG,18:25,CAR,ev,none,wrist,1551,8476873,M. Jankowski,8482911,J. Nystrom,8476422,M. Reilly,5,1
2025-12-30,2025020620,1,REG,02:56,NYI,ev,none,wrist,1551,8484221,C. Ritchie,8481601,S. Holmstrom,8485702,M. Shabanov,0,1
2025-12-30,2025020620,1,REG,12:08,NYI,pp,none,snap,1541,8477500,B. Horvat,8478445,M. Barzal,8485366,M. Schaefer,0,2
2025-12-30,2025020620,2,REG,15:31,CHI,ev,none,snap,1551,8476882,T. Teravainen,8484197,O. Moore,8484783,A. Levshunov,1,2
2025-12-30,2025020620,2,REG,19:57,CHI,pp,none,snap,1451,8484185,N. Lardis,8484197,O. Moore,8483450,R. Greene,2,2
2025-12-30,2025020620,5,SO,00:00,NYI,ev,none,snap,0101,8477500,B. Horvat,,,,,2,3
2025-12-30,2025020621,1,REG,03:45,VAN,ev,none,wrist,1551,8480144,D. Kampf,8482055,D. O'Connor,8477969,M. Pettersson,1,0
2025-12-30,2025020621,1,REG,12:02,PHI,ev,none,wrist,1551,8480220,N. Cates,8484387,M. Michkov,8481553,B. Brink,1,1
2025-12-30,2025020621,2,REG,03:40,PHI,ev,none,wrist,1551,8479336,C. Grundstrom,8483733,N. Grebenkin,8477948,T. Sanheim,1,2
2025-12-30,2025020621,2,REG,16:20,PHI,ev,none,wrist,1551,8478439,T. Konecny,8482142,J. Drysdale,8481533,T. Zegras,1,3
2025-12-30,2025020621,3,REG,01:08,VAN,ev,none,wrist,1551,8482055,D. O'Connor,8480144,D. Kampf,,,2,3
2025-12-30,2025020621,3,REG,01:34,PHI,ev,none,deflected,1551,8481553,B. Brink,8484387,M. Michkov,8480220,N. Cates,2,4
2025-12-30,2025020621,3,REG,17:19,PHI,sh,empty-net,wrist,1460,8480015,O. Tippett,8479022,R. Abols,8477499,R. Ristolainen,2,5
2025-12-30,2025020621,3,REG,18:16,VAN,ev,none,wrist,1551,8484240,T. Willander,,,,,3,5
2025-12-30,2025020621,3,REG,19:23,PHI,ev,empty-net,poke,1560,8477989,C. Dvorak,8481533,T. Zegras,8478439,T. Konecny,3,6
2025-12-31,2025020622,1,REG,12:27,WSH,ev,none,snap,1551,8478463,A. Beauvillier,8484186,R. Leonard,8478911,M. Roy,1,0
2025-12-31,2025020622,1,REG,19:20,NYR,ev,none,snap,1551,8476389,V. Trocheck,8478550,A. Panarin,8479323,A. Fox,1,1
2025-12-31,2025020622,2,REG,07:33,WSH,ev,none,snap,1551,8476880,T. Wilson,8481580,C. McMichael,8480873,R. Sandin,2,1
2025-12-31,2025020622,2,REG,11:12,WSH,pp,none,backhand,1451,8482088,J. Sourdif,8471214,A. Ovechkin,,,3,1
2025-12-31,2025020622,2,REG,15:17,NYR,pp,none,slap,1541,8479323,A. Fox,8476459,M. Zibanejad,8478550,A. Panarin,3,2
2025-12-31,2025020622,3,REG,13:34,WSH,ev,none,tip-in,1551,8481656,A. Protas,8480873,R. Sandin,8475343,N. Dowd,4,2
2025-12-31,2025020622,3,REG,16:37,WSH,ev,none,snap,1551,8476880,T. Wilson,8481580,C. McMichael,,,5,2
2025-12-31,2025020622,3,REG,18:16,NYR,ev,none,snap,1551,8482073,B. Schneider,8484210,G. Perreault,,,5,3
2025-12-31,2025020622,3,REG,19:11,WSH,ev,empty-net,snap,0651,8482088,J. Sourdif,8476880,T. Wilson,8481656,A. Protas,6,3
2025-12-31,2025020623,1,REG,05:35,VGK,pp,none,tip-in,1451,8475913,M. Stone,8481604,P. Dorofeyev,8478396,N. Hanifin,1,0
2025-12-31,2025020623,1,REG,09:06,VGK,ev,none,tip-in,1551,8477018,B. Hutton,8476881,T. Hertl,8481604,P. Dorofeyev,2,0
2025-12-31,2025020623,1,REG,11:20,NSH,ev,none,wrist,1551,8480246,N. Perbix,8482146,L. Evangelista,,,2,1
2025-12-31,2025020623,1,REG,15:37,NSH,pp,none,wrist,1541,8474564,S. Stamkos,8476887,F. Forsberg,8482146,L. Evangelista,2,2
2025-12-31,2025020623,1,REG,16:21,NSH,ev,none,snap,1551,8483513,R. Schaefer,8476869,B. Skjei,8477446,M. McCarron,2,3
2025-12-31,2025020623,2,REG,11:52,NSH,pp,none,tip-in,1541,8478047,M. Bunting,8483565,N. Blankenburg,8475287,E. Haula,2,4
2025-12-31,2025020624,1,REG,13:30,TBL,ev,none,snap,1551,8482655,J. Moser,8478178,D. Raddysh,8479542,B. Hagel,0,1
2025-12-31,2025020624,2,REG,15:17,ANA,ev,none,wrist,1551,8478424,J. Harkins,8477527,R. Johnston,,,1,1
2025-12-31,2025020624,2,REG,19:11,TBL,ev,none,tip-in,1551,8478010,B. Point,8481719,M. Crozier,8476453,N. Kucherov,1,2
2025-12-31,2025020624,3,REG,03:57,ANA,ev,none,snap,1551,8484762,B. Sennecke,,,,,2,2
2025-12-31,2025020624,3,REG,08:00,TBL,pp,none,slap,1541,8476453,N. Kucherov,8479542,B. Hagel,8480426,C. D'Astous,2,3
2025-12-31,2025020624,3,REG,13:02,ANA,pp,none,snap,1451,8482745,M. McTavish,8483490,P. Mintyukov,,,3,3
2025-12-31,2025020624,4,OT,02:47,TBL,ev,none,wrist,1331,8478178,D. Raddysh,8479542,B. Hagel,8476883,A. Vasilevskiy,3,4
2025-12-31,2025020625,1,REG,10:38,MIN,ev,none,snap,1551,8475765,V. Tarasenko,8477451,R. Hartman,8476994,V. Hinostroza,0,1
2025-12-31,2025020625,2,REG,01:14,SJS,ev,none,wrist,1551,8484994,I. Chernyshov,8484801,M. Celebrini,8482667,W. Eklund,1,1
2025-12-31,2025020625,2,REG,16:47,SJS,pp,none,wrist,1451,8475784,J. Skinner,8475200,D. Orlov,,,2,1
2025-12-31,2025020625,3,REG,04:16,SJS,ev,none,wrist,1551,8484801,M. Celebrini,8484994,I. Chernyshov,,,3,1
2025-12-31,2025020625,3,REG,06:40,MIN,ev,none,wrist,1551,8475220,M. Foligno,8474567,Z. Bogosian,8478136,J. Middleton,3,2
2025-12-31,2025020625,3,REG,08:47,MIN,ev,none,snap,1551,8475692,M. Zuccarello,,,,,3,3
2025-12-31,2025020625,5,SO,00:00,SJS,ev,none,wrist,1010,8484801,M. Celebrini,,,,,4,3
2025-12-31,2025020626,1,REG,08:22,DET,pp,none,snap,1451,8477946,D. Larkin,8481542,M. Seider,8482078,L. Raymond,1,0
2025-12-31,2025020626,1,REG,14:48,DET,ev,none,snap,1551,8478891,M. Appleton,8477456,J. Compher,8479992,M. Rasmussen,2,0
2025-12-31,2025020626,3,REG,07:04,WPG,ev,none,wrist,1551,8479378,L. Stanley,8473604,J. Toews,,,2,1
2025-12-31,2025020627,1,REG,06:18,CBJ,ev,none,wrist,1551,8478975,M. Marchment,8480893,K. Marchenko,8478062,D. Mayo,1,0
2025-12-31,2025020627,2,REG,13:41,CBJ,ev,none,snap,1551,8475745,C. Coyle,8476432,B. Jenner,8482705,C. Sillinger,2,0
2025-12-31,2025020627,3,REG,02:49,NJD,pp,none,snap,1541,8480002,N. Hischier,8482684,L. Hughes,8481559,J. Hughes,2,1
2025-12-31,2025020627,3,REG,03:44,NJD,ev,none,snap,1551,8481721,A. Gritsyuk,8478414,T. Meier,8478399,J. Siegenthaler,2,2
2025-12-31,2025020627,3,REG,04:45,NJD,ev,none,snap,1551,8482684,L. Hughes,8477015,C. Brown,8476292,O. Palat,2,3
2025-12-31,2025020628,1,REG,00:15,DAL,ev,none,snap,1551,8482145,M. Bourque,8480027,J. Robertson,8480036,M. Heiskanen,1,0
2025-12-31,2025020628,2,REG,07:44,BUF,ev,none,snap,1551,8482659,J. Doan,8479420,T. Thompson,,,1,1
2025-12-31,2025020628,2,REG,17:05,BUF,ev,none,snap,1551,8481524,B. Byram,8483500,N. Ostlund,8477949,A. Tuch,1,2
2025-12-31,2025020628,3,REG,09:21,BUF,ev,none,snap,1551,8479420,T. Thompson,8482659,J. Doan,8481524,B. Byram,1,3
2025-12-31,2025020628,3,REG,11:35,BUF,ev,none,snap,1551,8479420,T. Thompson,8483500,N. Ostlund,8482671,O. Power,1,4
2025-12-31,2025020629,1,REG,01:00,COL,ev,none,wrist,1551,8477501,V. Nichushkin,8477476,A. Lehkonen,8475754,B. Nelson,1,0
2025-12-31,2025020629,1,REG,03:13,COL,ev,none,wrist,1551,8477492,N. MacKinnon,8476312,J. Manson,8478038,D. Toews,2,0
2025-12-31,2025020629,1,REG,03:26,COL,ev,none,snap,1551,8477501,V. Nichushkin,8476312,J. Manson,8470613,B. Burns,3,0
2025-12-31,2025020629,1,REG,04:39,COL,ev,none,slap,1551,8477492,N. MacKinnon,8480039,M. Necas,8476455,G. Landeskog,4,0
2025-12-31,2025020629,2,REG,09:41,COL,pp,none,slap,1451,8475754,B. Nelson,8480069,C. Makar,8477492,N. MacKinnon,5,0
2025-12-31,2025020629,3,REG,14:32,STL,ev,none,snap,1551,8484164,D. Dvorsky,8482516,M. Kessel,,,5,1
2025-12-31,2025020629,3,REG,16:06,COL,ev,none,wrist,1551,8477501,V. Nichushkin,8484258,S. Malinski,8477492,N. MacKinnon,6,1
2025-12-31,2025020630,1,REG,13:30,CGY,ev,none,slap,1551,8474150,M. Backlund,8482679,M. Coronato,8476399,B. Coleman,1,0
2025-12-31,2025020630,2,REG,03:08,CGY,ev,none,slap,1551,8476456,J. Huberdeau,8477346,M. Weegar,8482165,Y. Kuznetsov,2,0
2025-12-31,2025020630,2,REG,08:49,PHI,ev,own-goal,,1551,8478439,T. Konecny,,,,,2,1
2025-12-31,2025020630,2,REG,12:03,CGY,pp,none,slap,1351,8478397,R. Andersson,8482074,C. Zary,8475172,N. Kadri,3,1
2025-12-31,2025020630,2,REG,17:52,CGY,pp,none,snap,1451,8481068,Y. Sharangovich,8482679,M. Coronato,8477346,M. Weegar,4,1
2025-12-31,2025020630,3,REG,09:37,CGY,ev,none,snap,1551,8482074,C. Zary,8479066,R. Lomberg,,,5,1
2025-12-31,2025020631,1,REG,07:28,BOS,pp,none,wrist,1541,8477956,D. Pastrnak,8477496,E. Lindholm,8479325,C. McAvoy,0,1
2025-12-31,2025020631,1,REG,18:13,BOS,ev,none,wrist,1551,8479999,C. Mittelstadt,8478042,V. Arvidsson,8476854,H. Lindholm,0,2
2025-12-31,2025020631,1,REG,19:19,EDM,ev,none,wrist,1551,8475786,Z. Hyman,8478402,C. McDavid,8477934,L. Draisaitl,1,2
2025-12-31,2025020631,2,REG,07:05,BOS,ev,none,wrist,1551,8476854,H. Lindholm,8483489,F. Minten,8478042,V. Arvidsson,1,3
2025-12-31,2025020631,2,REG,18:19,BOS,ev,none,snap,1551,8481219,J. Aspirot,8477956,D. Pastrnak,,,1,4
2025-12-31,2025020631,3,REG,04:20,BOS,ev,none,wrist,1551,8477496,E. Lindholm,8479987,M. Geekie,8482634,A. Steeves,1,5
2025-12-31,2025020631,3,REG,07:22,EDM,ev,none,wrist,1551,8478458,J. Roslovic,8477498,D. Nurse,8478971,C. Ingram,2,5
2025-12-31,2025020631,3,REG,14:34,BOS,ev,none,slap,1551,8477956,D. Pastrnak,8483489,F. Minten,8482177,M. Khusnutdinov,2,6
2026-01-01,2025020632,1,REG,08:13,WSH,ev,none,wrist,1551,8476880,T. Wilson,8482088,J. Sourdif,,,0,1
2026-01-01,2025020632,1,REG,18:59,WSH,pp,none,wrist,1541,8478440,D. Strome,8484186,R. Leonard,8479345,J. Chychrun,0,2
2026-01-01,2025020632,2,REG,07:42,OTT,ev,none,wrist,1551,8475324,N. Jensen,8482105,J. Sanderson,8481596,S. Pinto,1,2
2026-01-01,2025020632,2,REG,19:31,OTT,ev,none,deflected,1551,8482092,R. Greig,8481596,S. Pinto,8478020,M. Amadio,2,2
2026-01-01,2025020632,3,REG,02:47,OTT,ev,none,snap,1551,8474102,D. Perron,8483676,S. Halliday,8476393,N. Cousins,3,2
2026-01-01,2025020632,3,REG,15:53,WSH,ev,none,wrist,1551,8481656,A. Protas,8482088,J. Sourdif,8476880,T. Wilson,3,3
2026-01-01,2025020632,3,REG,17:38,OTT,ev,none,snap,1551,8480188,F. Zetterlund,8478469,T. Chabot,8482116,T. Stützle,4,3
2026-01-01,2025020633,2,REG,00:36,UTA,ev,none,snap,1551,8482699,D. Guenther,8480849,B. Hayton,8479410,M. Sergachev,0,1
2026-01-01,2025020633,2,REG,02:35,NYI,ev,none,snap,1551,8484221,C. Ritchie,8485702,M. Shabanov,8481569,M. Warren,1,1
2026-01-01,2025020633,2,REG,10:20,UTA,ev,none,snap,1551,8482699,D. Guenther,8478474,L. Crouse,8480849,B. Hayton,1,2
2026-01-01,2025020633,2,REG,16:19,UTA,ev,none,wrist,1551,8477951,N. Schmaltz,,,,,1,3
2026-01-01,2025020633,3,REG,02:52,UTA,pp,none,wrist,1541,8479410,M. Sergachev,8479343,C. Keller,8482699,D. Guenther,1,4
2026-01-01,2025020633,3,REG,05:41,UTA,pp,none,snap,1541,8479343,C. Keller,8477951,N. Schmaltz,8479410,M. Sergachev,1,5
2026-01-01,2025020633,3,REG,11:48,NYI,pp,none,snap,1451,8485366,M. Schaefer,8477494,J. Drouin,8485702,M. Shabanov,2,5
2026-01-01,2025020633,3,REG,13:54,UTA,ev,none,wrist,1551,8482699,D. Guenther,8478474,L. Crouse,8480434,S. Durzi,2,6
2026-01-01,2025020633,3,REG,16:55,UTA,ev,none,snap,1551,8477951,N. Schmaltz,8482175,J. Peterka,8479343,C. Keller,2,7
2026-01-01,2025020634,1,REG,14:09,WPG,ev,none,wrist,1551,8480014,G. Vilardi,8476460,M. Scheifele,8478398,K. Connor,0,1
2026-01-01,2025020634,1,REG,17:38,WPG,ev,none,slap,1551,8476331,D. DeMelo,8476392,A. Lowry,8480289,M. Barron,0,2
2026-01-01,2025020634,2,REG,01:34,TOR,ev,none,tip-in,1551,8479318,A. Matthews,8477503,M. Domi,8475171,O. Ekman-Larsson,1,2
2026-01-01,2025020634,2,REG,02:11,WPG,ev,none,backhand,1551,8480113,A. Iafallo,8473604,J. Toews,8482149,C. Perfetti,1,3
2026-01-01,2025020634,2,REG,05:24,WPG,ev,none,wrist,1551,8476460,M. Scheifele,8480014,G. Vilardi,8480145,N. Pionk,1,4
2026-01-01,2025020634,2,REG,11:04,TOR,ev,none,wrist,1551,8475171,O. Ekman-Larsson,8476872,S. Laughton,,,2,4
2026-01-01,2025020634,2,REG,19:57,TOR,pp,none,wrist,1451,8479318,A. Matthews,8476853,M. Rielly,8481711,M. Maccelli,3,4
2026-01-01,2025020634,3,REG,06:30,TOR,ev,none,wrist,1551,8481711,M. Maccelli,8482720,M. Knies,8475166,J. Tavares,4,4
2026-01-01,2025020634,3,REG,08:50,WPG,pp,none,wrist,1541,8476460,M. Scheifele,8477504,J. Morrissey,8474679,G. Nyquist,4,5
2026-01-01,2025020634,3,REG,13:13,TOR,ev,none,snap,1551,8479442,T. Stecher,8482259,B. McMann,8479318,A. Matthews,5,5
2026-01-01,2025020634,3,REG,15:38,TOR,ev,none,backhand,1551,8479318,A. Matthews,,,,,6,5
2026-01-01,2025020635,1,REG,04:08,PIT,pp,none,slap,1451,8471675,S. Crosby,8477511,A. Mantha,8474578,E. Karlsson,1,0
2026-01-01,2025020635,1,REG,05:46,PIT,ev,none,wrist,1551,8471675,S. Crosby,,,,,2,0
2026-01-01,2025020635,1,REG,17:46,DET,pp,none,tip-in,1541,8474037,J. van Riemsdyk,8483464,M. Kasper,8482762,S. Edvinsson,2,1
2026-01-01,2025020635,2,REG,01:01,DET,ev,none,wrist,1551,8477429,A. Copp,8475279,B. Chiarot,8474141,P. Kane,2,2
2026-01-01,2025020635,3,REG,15:51,PIT,ev,none,wrist,1551,8481481,B. Lizotte,8474578,E. Karlsson,8478450,P. Wotherspoon,3,2
2026-01-01,2025020635,3,REG,17:02,DET,pp,none,backhand,1541,8479337,A. DeBrincat,8482078,L. Raymond,8477946,D. Larkin,3,3
2026-01-01,2025020635,4,OT,00:58,PIT,ev,none,slap,1331,8471724,K. Letang,8471675,S. Crosby,8475810,B. Rust,4,3
2026-01-01,2025020636,1,REG,03:10,MTL,ev,none,snap,1551,8480018,N. Suzuki,8480074,A. Texier,8478104,S. Blais,0,1
2026-01-01,2025020636,1,REG,04:06,MTL,ev,none,snap,1551,8482775,O. Kapanen,8484984,I. Demidov,8483515,J. Slafkovský,0,2
2026-01-01,2025020636,1,REG,10:47,CAR,pp,none,snap,1451,8477940,N. Ehlers,8482100,A. Nikishin,8478427,S. Aho,1,2
2026-01-01,2025020636,1,REG,12:19,CAR,ev,none,tip-in,1551,8478427,S. Aho,8482911,J. Nystrom,8480830,A. Svechnikov,2,2
2026-01-01,2025020636,1,REG,14:51,CAR,ev,none,snap,1551,8480830,A. Svechnikov,8478427,S. Aho,8477940,N. Ehlers,3,2
2026-01-01,2025020636,2,REG,00:54,CAR,pp,none,slap,1451,8482100,A. Nikishin,8478427,S. Aho,8480830,A. Svechnikov,4,2
2026-01-01,2025020636,2,REG,05:01,MTL,ev,none,wrist,1551,8478104,S. Blais,8483457,L. Hutson,8475848,B. Gallagher,4,3
2026-01-01,2025020636,2,REG,16:23,MTL,ev,none,snap,1551,8481540,C. Caufield,8480074,A. Texier,,,4,4
2026-01-01,2025020636,2,REG,16:46,MTL,ev,none,wrist,1551,8476981,J. Anderson,,,,,4,5
2026-01-01,2025020636,3,REG,11:20,MTL,ev,none,snap,1551,8483515,J. Slafkovský,8481593,J. Struble,8484984,I. Demidov,4,6
2026-01-01,2025020636,3,REG,16:58,CAR,ev,none,snap,1560,8478427,S. Aho,8477940,N. Ehlers,8480817,K. Miller,5,6
2026-01-01,2025020636,3,REG,18:00,MTL,ev,empty-net,wrist,1560,8483457,L. Hutson,,,,,5,7
2026-01-01,2025020639,1,REG,03:34,TBL,pp,none,wrist,1541,8478010,B. Point,8477404,J. Guentzel,8476453,N. Kucherov,0,1
2026-01-01,2025020639,1,REG,04:43,LAK,ev,none,snap,1551,8482408,J. Malott,8470621,C. Perry,,,1,1
2026-01-01,2025020639,1,REG,06:14,LAK,pp,none,snap,1451,8483808,A. Kuzmenko,8470621,C. Perry,8477942,K. Fiala,2,1
2026-01-01,2025020639,2,REG,18:07,TBL,ev,none,backhand,1551,8478010,B. Point,8478178,D. Raddysh,8482655,J. Moser,2,2
2026-01-01,2025020639,3,REG,01:37,LAK,pp,none,wrist,1451,8477942,K. Fiala,8470621,C. Perry,8483808,A. Kuzmenko,3,2
2026-01-01,2025020639,3,REG,16:41,TBL,ev,none,backhand,1551,8478519,A. Cirelli,8479542,B. Hagel,8476453,N. Kucherov,3,3
2026-01-01,2025020639,3,REG,18:19,TBL,ev,none,wrist,1551,8482201,G. Goncalves,8477404,J. Guentzel,8478519,A. Cirelli,3,4
2026-01-01,2025020639,3,REG,19:15,TBL,ev,empty-net,backhand,1560,8476453,N. Kucherov,8478178,D. Raddysh,,,3,5
2026-01-01,2025020637,1,REG,11:48,CHI,pp,none,wrist,1451,8484783,A. Levshunov,8477444,A. Burakovsky,8477987,R. Donato,1,0
2026-01-01,2025020637,1,REG,14:42,DAL,ev,none,backhand,1551,8478420,M. Rantanen,8479351,S. Steel,,,1,1
2026-01-01,2025020637,2,REG,00:13,CHI,pp,none,snap,1451,8476882,T. Teravainen,8477444,A. Burakovsky,8477479,T. Bertuzzi,2,1
2026-01-01,2025020637,2,REG,09:14,CHI,ev,none,wrist,1551,8481624,I. Mikheyev,8476891,M. Grzelcyk,,,3,1
2026-01-01,2025020637,3,REG,03:58,CHI,ev,none,wrist,1551,8481624,I. Mikheyev,8477987,R. Donato,8476473,C. Murphy,4,1
2026-01-01,2025020637,3,REG,16:03,DAL,ev,none,wrist,0651,8480027,J. Robertson,8478420,M. Rantanen,8475168,M. Duchene,4,2
2026-01-01,2025020637,3,REG,19:42,DAL,ev,none,wrist,0651,8475168,M. Duchene,8482740,W. Johnston,8480027,J. Robertson,4,3
2026-01-01,2025020638,1,REG,03:48,SEA,ev,none,tip-in,1551,8482665,M. Beniers,8482858,R. Evans,,,1,0
2026-01-01,2025020638,1,REG,10:41,SEA,ev,none,wrist,1551,8476467,J. Oleksiak,8482751,R. Winterton,8482874,J. Melanson,2,0
2026-01-01,2025020638,1,REG,10:51,SEA,ev,none,poke,1551,8482665,M. Beniers,8474586,J. Eberle,8481554,K. Kakko,3,0
2026-01-01,2025020638,2,REG,17:34,NSH,pp,none,wrist,1541,8474600,R. Josi,8475158,R. O'Reilly,8482146,L. Evangelista,3,1
2026-01-01,2025020638,3,REG,17:47,SEA,ev,empty-net,wrist,0651,8477955,J. McCann,8479324,R. Lindgren,,,4,1
2026-01-02,2025020640,1,REG,10:12,VGK,ev,none,wrist,1551,8478434,K. Kolesar,8476925,C. Sissons,8481527,K. Korczak,0,1
2026-01-02,2025020640,1,REG,10:39,STL,ev,none,wrist,1551,8480281,A. Toropchenko,8478472,M. Joseph,8476897,O. Sundqvist,1,1
2026-01-02,2025020640,2,REG,05:39,STL,ev,none,wrist,1551,8475753,J. Faulk,8477402,P. Buchnevich,8481006,T. Tucker,2,1
2026-01-02,2025020640,2,REG,06:37,STL,ev,none,snap,1551,8476897,O. Sundqvist,8480281,A. Toropchenko,8478472,M. Joseph,3,1
2026-01-02,2025020640,2,REG,09:10,VGK,ev,none,wrist,1551,8475913,M. Stone,8479353,B. Howden,,,3,2
2026-01-02,2025020640,3,REG,08:21,VGK,ev,none,wrist,1551,8481604,P. Dorofeyev,8483890,B. Bowman,,,3,3
2026-01-02,2025020640,3,REG,18:27,STL,ev,none,deflected,1551,8475170,B. Schenn,8483516,J. Snuggerud,8477402,P. Buchnevich,4,3
2026-01-02,2025020641,1,REG,15:09,NYR,pp,none,wrist,1541,8476459,M. Zibanejad,8482109,A. Lafrenière,8478550,A. Panarin,0,1
2026-01-02,2025020641,1,REG,16:13,NYR,ev,none,wrist,1551,8478550,A. Panarin,8476459,M. Zibanejad,8482109,A. Lafrenière,0,2
2026-01-02,2025020641,2,REG,00:58,NYR,ev,none,snap,1551,8476459,M. Zibanejad,8482109,A. Lafrenière,8476389,V. Trocheck,0,3
2026-01-02,2025020641,3,REG,02:20,FLA,pp,none,wrist,1451,8477933,S. Reinhart,8477935,S. Bennett,8473419,B. Marchand,1,3
2026-01-02,2025020641,3,REG,12:25,NYR,pp,none,wrist,1541,8478550,A. Panarin,8476389,V. Trocheck,8476459,M. Zibanejad,1,4
2026-01-02,2025020641,3,REG,18:32,NYR,sh,empty-net,wrist,1460,8476459,M. Zibanejad,,,,,1,5
2026-01-02,2025020642,1,REG,17:34,SEA,ev,none,slap,1551,8479985,C. Fleury,8476467,J. Oleksiak,8481554,K. Kakko,0,1
2026-01-02,2025020642,2,REG,08:53,SEA,pp,none,snap,1541,8476905,C. Stephenson,8474586,J. Eberle,8477955,J. McCann,0,2
2026-01-02,2025020642,2,REG,13:06,VAN,pp,none,snap,1451,8480748,K. Sherwood,8478498,J. DeBrusk,8484240,T. Willander,1,2
2026-01-02,2025020642,2,REG,18:13,SEA,ev,none,tip-in,1551,8483570,B. Meyers,8482751,R. Winterton,8482874,J. Melanson,1,3
2026-01-02,2025020642,2,REG,19:22,VAN,pp,none,deflected,1451,8478498,J. DeBrusk,8478444,B. Boeser,8480012,E. Pettersson,2,3
2026-01-02,2025020642,3,REG,06:15,VAN,ev,none,backhand,1551,8481024,L. Karlsson,8479425,F. Hronek,8478498,J. DeBrusk,3,3
2026-01-02,2025020642,5,SO,00:00,SEA,ev,none,wrist,0101,8482665,M. Beniers,,,,,3,4
2026-01-02,2025020643,1,REG,05:39,MIN,pp,none,snap,1541,8478864,K. Kaprizov,8478493,J. Eriksson Ek,8480800,Q. Hughes,0,1
2026-01-02,2025020643,2,REG,08:10,MIN,ev,none,deflected,1551,8483525,D. Yurov,8478508,Y. Trenin,8480800,Q. Hughes,0,2
2026-01-02,2025020643,2,REG,13:46,ANA,ev,none,snap,1551,8484762,B. Sennecke,8482745,M. McTavish,,,1,2
2026-01-02,2025020643,2,REG,14:45,MIN,ev,none,slap,1551,8478508,Y. Trenin,8480800,Q. Hughes,8478493,J. Eriksson Ek,1,3
2026-01-02,2025020643,3,REG,03:21,MIN,ev,none,tip-in,1551,8483525,D. Yurov,8480800,Q. Hughes,8475692,M. Zuccarello,1,4
2026-01-02,2025020643,3,REG,15:02,MIN,ev,none,snap,1551,8481477,N. Sturm,8475220,M. Foligno,8476463,J. Brodin,1,5
2026-01-02,2025020643,3,REG,17:27,ANA,ev,none,snap,1551,8478873,T. Terry,8475798,M. Granlund,,,2,5
2026-01-03,2025020644,1,REG,03:44,PIT,ev,none,wrist,1551,8475810,B. Rust,8471675,S. Crosby,8478450,P. Wotherspoon,0,1
2026-01-03,2025020644,1,REG,17:30,PIT,ev,none,wrist,1551,8482475,E. Chinakhov,8485414,B. Kindel,8478450,P. Wotherspoon,0,2
2026-01-03,2025020644,2,REG,15:06,DET,ev,none,snap,1551,8479337,A. DeBrincat,,,,,1,2
2026-01-03,2025020644,3,REG,19:00,PIT,ev,empty-net,wrist,1560,8476483,R. Rakell,8471675,S. Crosby,8476967,B. Kulak,1,3
2026-01-03,2025020644,3,REG,19:28,PIT,ev,empty-net,wrist,1560,8480980,C. Dewar,8481481,B. Lizotte,8471724,K. Letang,1,4
2026-01-03,2025020645,1,REG,12:27,NJD,ev,none,wrap-around,1551,8479407,J. Bratt,8477488,B. Pesce,8481559,J. Hughes,1,0
2026-01-03,2025020645,1,REG,14:18,NJD,ev,none,wrist,1551,8478414,T. Meier,8482110,D. Mercer,8477488,B. Pesce,2,0
2026-01-03,2025020645,2,REG,15:13,NJD,pp,none,tip-in,1451,8480002,N. Hischier,8481559,J. Hughes,8479407,J. Bratt,3,0
2026-01-03,2025020645,2,REG,16:43,NJD,ev,none,wrist,1551,8476462,D. Hamilton,8476822,L. Glendening,,,4,0
2026-01-03,2025020645,3,REG,12:35,UTA,ev,none,wrist,1551,8479619,M. Carcone,8480849,B. Hayton,8480434,S. Durzi,4,1
2026-01-03,2025020646,1,REG,03:00,CBJ,ev,none,wrist,1551,8483485,D. Mateychuk,8476432,B. Jenner,8478460,Z. Werenski,1,0
2026-01-03,2025020646,1,REG,11:26,BUF,ev,none,snap,1551,8482659,J. Doan,8480064,J. Norris,8482671,O. Power,1,1
2026-01-03,2025020646,1,REG,14:04,CBJ,sh,none,snap,1541,8476867,B. Gaunce,,,,,2,1
2026-01-03,2025020646,1,REG,17:12,CBJ,ev,none,tip-in,1551,8481716,D. Voronkov,8478500,I. Provorov,8476923,D. Severson,3,1
2026-01-03,2025020646,2,REG,08:04,CBJ,ev,none,backhand,1551,8479671,M. Olivier,8479944,Z. Aston-Reese,8476923,D. Severson,4,1
2026-01-03,2025020646,3,REG,11:46,CBJ,ev,empty-net,snap,0541,8482705,C. Sillinger,8483485,D. Mateychuk,8478460,Z. Werenski,5,1
2026-01-03,2025020647,1,REG,07:16,PHI,ev,none,snap,1551,8484142,D. Barkey,8480015,O. Tippett,8476461,S. Couturier,0,1
2026-01-03,2025020647,1,REG,10:31,PHI,ev,none,wrist,1551,8477948,T. Sanheim,,,,,0,2
2026-01-03,2025020647,1,REG,14:38,PHI,ev,none,deflected,1551,8481553,B. Brink,8481546,C. York,8484387,M. Michkov,0,3
2026-01-03,2025020647,1,REG,16:08,EDM,ev,none,snap,1551,8478402,C. McDavid,8475218,M. Ekholm,,,1,3
2026-01-03,2025020647,2,REG,09:54,EDM,pp,none,slap,1451,8480803,E. Bouchard,8478402,C. McDavid,8476454,R. Nugent-Hopkins,2,3
2026-01-03,2025020647,3,REG,09:09,PHI,ev,none,wrist,1551,8476372,N. Seeler,8479022,R. Abols,,,2,4
2026-01-03,2025020647,3,REG,18:50,PHI,ev,empty-net,wrist,1560,8480015,O. Tippett,8476461,S. Couturier,8476372,N. Seeler,2,5
2026-01-03,2025020648,1,REG,10:48,STL,ev,none,snap,1551,8481013,J. Berggren,8475764,C. Fowler,8484230,O. Stenberg,1,0
2026-01-03,2025020648,2,REG,10:13,STL,sh,none,backhand,1541,8480023,R. Thomas,8480281,A. Toropchenko,,,2,0
2026-01-03,2025020649,1,REG,02:37,TBL,ev,none,wrist,1551,8478010,B. Point,8481719,M. Crozier,8476453,N. Kucherov,0,1
2026-01-03,2025020649,1,REG,04:08,TBL,ev,none,slap,1551,8478178,D. Raddysh,8476453,N. Kucherov,8482201,G. Goncalves,0,2
2026-01-03,2025020649,1,REG,06:46,TBL,ev,none,snap,1551,8479542,B. Hagel,8477404,J. Guentzel,8480426,C. D'Astous,0,3
2026-01-03,2025020649,1,REG,10:50,SJS,pp,none,wrist,1451,8483630,P. Regenda,8480043,T. Liljegren,8484801,M. Celebrini,1,3
2026-01-03,2025020649,2,REG,02:49,TBL,pp,none,slap,1541,8478178,D. Raddysh,8476453,N. Kucherov,8477404,J. Guentzel,1,4
2026-01-03,2025020649,2,REG,03:55,TBL,ev,none,backhand,1551,8483752,D. James,8477416,O. Bjorkstrand,,,1,5
2026-01-03,2025020649,2,REG,09:50,SJS,ev,none,tip-in,1551,8483630,P. Regenda,8480043,T. Liljegren,8475784,J. Skinner,2,5
2026-01-03,2025020649,2,REG,14:08,TBL,pp,none,wrist,1541,8476453,N. Kucherov,8477416,O. Bjorkstrand,8478010,B. Point,2,6
2026-01-03,2025020649,2,REG,16:53,TBL,pp,none,slap,1541,8478178,D. Raddysh,8476453,N. Kucherov,8477426,N. Paul,2,7
2026-01-03,2025020649,3,REG,16:11,SJS,ev,none,wrist,1551,8483630,P. Regenda,8475784,J. Skinner,,,3,7
2026-01-03,2025020650,1,REG,12:08,WPG,sh,none,backhand,1451,8476392,A. Lowry,8478398,K. Connor,,,0,1
2026-01-03,2025020650,1,REG,15:03,OTT,pp,none,wrist,1451,8478469,T. Chabot,8480801,B. Tkachuk,,,1,1
2026-01-03,2025020650,2,REG,05:56,OTT,ev,none,wrist,1551,8478469,T. Chabot,8475324,N. Jensen,8482092,R. Greig,2,1
2026-01-03,2025020650,2,REG,15:50,OTT,pp,none,wrist,1451,8480208,D. Batherson,8482116,T. Stützle,8481528,D. Cozens,3,1
2026-01-03,2025020650,3,REG,10:10,WPG,ev,none,wrist,1551,8478398,K. Connor,8476331,D. DeMelo,8477504,J. Morrissey,3,2
2026-01-03,2025020650,3,REG,15:28,OTT,ev,none,wrist,1551,8473512,C. Giroux,8482105,J. Sanderson,8481596,S. Pinto,4,2
2026-01-03,2025020651,2,REG,01:10,NYI,ev,none,wrist,1551,8476917,A. Pelech,8477494,J. Drouin,,,1,0
2026-01-03,2025020651,2,REG,09:30,TOR,ev,none,wrist,1551,8479318,A. Matthews,,,,,1,1
2026-01-03,2025020651,2,REG,17:19,TOR,ev,none,snap,1551,8479318,A. Matthews,8482259,B. McMann,8477503,M. Domi,1,2
2026-01-03,2025020651,3,REG,11:10,NYI,ev,none,wrist,1551,8485366,M. Schaefer,8477494,J. Drouin,8476419,J. Pageau,2,2
2026-01-03,2025020651,3,REG,12:12,TOR,ev,none,snap,1551,8481582,N. Robertson,8478462,N. Roy,,,2,3
2026-01-03,2025020651,3,REG,17:15,NYI,ev,none,snap,1551,8482476,E. Heineman,8478445,M. Barzal,8477950,T. DeAngelo,3,3
2026-01-03,2025020651,4,OT,04:11,NYI,ev,none,snap,1331,8485366,M. Schaefer,8478445,M. Barzal,8482476,E. Heineman,4,3
2026-01-03,2025020652,1,REG,01:13,CHI,ev,none,tip-in,1551,8477987,R. Donato,8481624,I. Mikheyev,,,0,1
2026-01-03,2025020652,1,REG,04:46,WSH,ev,none,snap,1551,8478440,D. Strome,8483573,E. Frank,8477845,T. van Riemsdyk,1,1
2026-01-03,2025020652,2,REG,04:24,CHI,pp,none,snap,1541,8476882,T. Teravainen,8477479,T. Bertuzzi,8477444,A. Burakovsky,1,2
2026-01-03,2025020652,3,REG,11:18,WSH,ev,none,bat,1551,8484186,R. Leonard,8478911,M. Roy,8478463,A. Beauvillier,2,2
2026-01-03,2025020652,5,SO,00:00,CHI,ev,none,wrist,0101,8473422,N. Foligno,,,,,2,3
2026-01-03,2025020653,1,REG,18:09,CAR,sh,none,backhand,1541,8478427,S. Aho,8480762,E. Robinson,,,1,0
2026-01-03,2025020653,2,REG,01:47,COL,ev,none,wrap-around,1551,8476455,G. Landeskog,8477492,N. MacKinnon,8480039,M. Necas,1,1
2026-01-03,2025020653,2,REG,04:47,CAR,pp,none,snap,1451,8477940,N. Ehlers,8475791,T. Hall,8482702,L. Stankoven,2,1
2026-01-03,2025020653,2,REG,07:50,CAR,ev,none,backhand,1551,8480830,A. Svechnikov,8478427,S. Aho,8480817,K. Miller,3,1
2026-01-03,2025020653,3,REG,01:09,COL,pp,none,tip-in,1541,8475754,B. Nelson,8477492,N. MacKinnon,8480069,C. Makar,3,2
2026-01-03,2025020653,3,REG,01:42,COL,ev,none,snap,1551,8480835,J. Drury,8479525,R. Colton,,,3,3
2026-01-03,2025020653,3,REG,07:30,COL,pp,none,snap,1541,8475754,B. Nelson,8477492,N. MacKinnon,8480069,C. Makar,3,4
2026-01-03,2025020653,3,REG,19:42,COL,ev,awarded-empty-net,,1560,8477492,N. MacKinnon,8480039,M. Necas,8477476,A. Lehkonen,3,5
2026-01-03,2025020654,1,REG,01:56,CGY,ev,none,slap,1551,8482165,Y. Kuznetsov,8477346,M. Weegar,8476456,J. Huberdeau,1,0
2026-01-03,2025020654,1,REG,11:19,NSH,ev,none,wrist,1551,8475287,E. Haula,8478047,M. Bunting,8474564,S. Stamkos,1,1
2026-01-03,2025020654,1,REG,12:52,NSH,ev,none,wrist,1551,8475287,E. Haula,8474564,S. Stamkos,8478047,M. Bunting,1,2
2026-01-03,2025020654,1,REG,13:41,CGY,ev,none,wrist,1551,8478397,R. Andersson,8482679,M. Coronato,,,2,2
2026-01-03,2025020654,2,REG,04:08,NSH,ev,none,wrist,1551,8478047,M. Bunting,,,,,2,3
2026-01-03,2025020654,3,REG,12:49,CGY,ev,none,wrist,1551,8476399,B. Coleman,8474150,M. Backlund,8482679,M. Coronato,3,3
2026-01-03,2025020654,3,REG,19:31,NSH,ev,none,slap,1551,8479980,N. Hague,8478047,M. Bunting,8477446,M. McCarron,3,4
2026-01-03,2025020655,1,REG,06:08,LAK,ev,none,wrist,1551,8477960,A. Kempe,8471685,A. Kopitar,8482155,A. Laferriere,1,0
2026-01-03,2025020655,1,REG,08:28,MIN,ev,none,snap,1551,8478136,J. Middleton,8475692,M. Zuccarello,8474567,Z. Bogosian,1,1
2026-01-03,2025020655,2,REG,16:57,LAK,pp,none,deflected,1451,8470621,C. Perry,8482124,Q. Byfield,8482730,B. Clarke,2,1
2026-01-03,2025020655,2,REG,18:23,MIN,pp,none,wrist,1541,8478493,J. Eriksson Ek,8480800,Q. Hughes,,,2,2
2026-01-03,2025020655,3,REG,04:54,LAK,ev,own-goal,,1551,8482124,Q. Byfield,,,,,3,2
2026-01-03,2025020655,3,REG,07:33,MIN,ev,none,snap,1551,8482122,B. Faber,8483525,D. Yurov,8478864,K. Kaprizov,3,3
2026-01-03,2025020655,3,REG,12:09,LAK,ev,none,wrist,1551,8482726,S. Helenius,8477942,K. Fiala,8481532,A. Turcotte,4,3
2026-01-03,2025020655,3,REG,17:03,MIN,ev,none,deflected,1551,8481557,M. Boldy,8482122,B. Faber,8475220,M. Foligno,4,4
2026-01-03,2025020655,5,SO,00:00,LAK,ev,none,wrist,1010,8482730,B. Clarke,,,,,5,4
2026-01-03,2025020656,1,REG,16:24,BOS,pp,none,snap,1541,8483489,F. Minten,8482634,A. Steeves,8476854,H. Lindholm,0,1
2026-01-03,2025020656,2,REG,00:48,VAN,ev,none,deflected,1551,8480012,E. Pettersson,8479425,F. Hronek,8481024,L. Karlsson,1,1
2026-01-03,2025020656,2,REG,07:25,BOS,pp,none,tip-in,1541,8477496,E. Lindholm,8477956,D. Pastrnak,8479325,C. McAvoy,1,2
2026-01-03,2025020656,2,REG,18:44,VAN,pp,none,deflected,1451,8479425,F. Hronek,8484798,Z. Buium,8475169,E. Kane,2,2
2026-01-03,2025020656,4,OT,04:41,BOS,ev,none,backhand,1331,8483489,F. Minten,8477956,D. Pastrnak,8482511,M. Lohrei,2,3
2026-01-04,2025020657,1,REG,08:42,MTL,ev,none,deflected,1551,8475848,B. Gallagher,8476479,P. Danault,8478851,A. Carrier,0,1
2026-01-04,2025020657,1,REG,13:53,DAL,ev,none,wrap-around,1551,8482145,M. Bourque,8480027,J. Robertson,8478449,R. Hintz,1,1
2026-01-04,2025020657,2,REG,10:14,DAL,ev,none,snap,1551,8482740,W. Johnston,8478420,M. Rantanen,8481581,T. Harley,2,1
2026-01-04,2025020657,2,REG,11:59,MTL,ev,none,slap,1551,8482775,O. Kapanen,8484984,I. Demidov,8483515,J. Slafkovský,2,2
2026-01-04,2025020657,2,REG,18:39,MTL,pp,none,slap,1541,8483515,J. Slafkovský,8480018,N. Suzuki,8483457,L. Hutson,2,3
2026-01-04,2025020657,3,REG,11:07,DAL,ev,none,snap,1551,8482740,W. Johnston,8480036,M. Heiskanen,8475168,M. Duchene,3,3
2026-01-04,2025020657,4,OT,03:40,MTL,ev,none,snap,1331,8483457,L. Hutson,8476479,P. Danault,,,3,4
2026-01-04,2025020658,1,REG,01:50,PIT,ev,none,snap,1551,8482758,V. Koivunen,8485414,B. Kindel,8481030,J. St. Ivany,0,1
2026-01-04,2025020658,1,REG,08:21,CBJ,ev,none,tip-in,1551,8481716,D. Voronkov,8483485,D. Mateychuk,,,1,1
2026-01-04,2025020658,1,REG,08:48,CBJ,ev,none,backhand,1551,8478975,M. Marchment,8484166,A. Fantilli,8480893,K. Marchenko,2,1
2026-01-04,2025020658,1,REG,18:38,CBJ,ev,none,snap,1551,8480893,K. Marchenko,8478460,Z. Werenski,8483485,D. Mateychuk,3,1
2026-01-04,2025020658,2,REG,00:47,CBJ,ev,none,snap,1551,8478460,Z. Werenski,8476432,B. Jenner,8479671,M. Olivier,4,1
2026-01-04,2025020658,2,REG,16:51,PIT,ev,none,wrist,1551,8478569,N. Acciari,8480980,C. Dewar,,,4,2
2026-01-04,2025020658,3,REG,03:28,PIT,pp,none,slap,1541,8478438,T. Novak,8485414,B. Kindel,,,4,3
2026-01-04,2025020658,3,REG,19:46,PIT,ev,none,snap,0651,8476483,R. Rakell,8477511,A. Mantha,8471675,S. Crosby,4,4
2026-01-04,2025020658,4,OT,02:22,PIT,ev,none,backhand,1331,8471675,S. Crosby,8474578,E. Karlsson,8482475,E. Chinakhov,4,5
2026-01-04,2025020659,1,REG,06:27,FLA,ev,none,backhand,1551,8477935,S. Bennett,,,,,1,0
2026-01-04,2025020659,1,REG,11:51,COL,ev,none,tip-in,1551,8477476,A. Lehkonen,8476312,J. Manson,8475754,B. Nelson,1,1
2026-01-04,2025020659,2,REG,18:12,FLA,ev,none,slap,1551,8477932,A. Ekblad,,,,,2,1
2026-01-04,2025020660,1,REG,00:51,CAR,ev,own-goal,,1551,8477940,N. Ehlers,,,,,0,1
2026-01-04,2025020660,1,REG,07:34,NJD,ev,none,wrist,1551,8482110,D. Mercer,8481721,A. Gritsyuk,8478399,J. Siegenthaler,1,1
2026-01-04,2025020660,2,REG,07:47,CAR,ev,none,poke,1551,8475791,T. Hall,,,,,1,2
2026-01-04,2025020660,3,REG,12:16,CAR,ev,none,wrist,1551,8482702,L. Stankoven,8475791,T. Hall,,,1,3
2026-01-04,2025020661,1,REG,10:40,VGK,ev,none,wrist,1551,8476438,B. Saad,8479353,B. Howden,8482125,A. Holtz,0,1
2026-01-04,2025020661,1,REG,12:38,CHI,ev,none,wrist,1551,8477479,T. Bertuzzi,8481568,A. Vlasic,8477444,A. Burakovsky,1,1
2026-01-04,2025020661,2,REG,00:43,VGK,ev,none,wrist,1551,8475913,M. Stone,8478403,J. Eichel,8478396,N. Hanifin,1,2
2026-01-04,2025020661,3,REG,11:36,CHI,ev,none,wrist,1551,8477479,T. Bertuzzi,8483450,R. Greene,8477444,A. Burakovsky,2,2
2026-01-04,2025020661,4,OT,01:18,CHI,ev,none,snap,1331,8477479,T. Bertuzzi,8481624,I. Mikheyev,8484783,A. Levshunov,3,2
2026-01-05,2025020662,2,REG,08:29,NYR,pp,none,wrist,1451,8482109,A. Lafrenière,8476459,M. Zibanejad,8478550,A. Panarin,1,0
2026-01-05,2025020662,2,REG,12:38,UTA,ev,none,wrist,1551,8482699,D. Guenther,8474013,I. Cole,,,1,1
2026-01-05,2025020662,2,REG,16:36,NYR,pp,none,tip-in,1351,8476389,V. Trocheck,8478550,A. Panarin,8476459,M. Zibanejad,2,1
2026-01-05,2025020662,3,REG,06:15,UTA,ev,none,wrist,1551,8479619,M. Carcone,8478507,J. Marino,,,2,2
2026-01-05,2025020662,4,OT,01:06,UTA,ev,none,wrist,1331,8480434,S. Durzi,8477951,N. Schmaltz,8478474,L. Crouse,2,3
2026-01-05,2025020663,1,REG,06:33,ANA,ev,none,slap,1551,8475184,C. Kreider,8482803,O. Zellweger,,,0,1
2026-01-05,2025020663,1,REG,15:56,WSH,ev,none,snap,1551,8482088,J. Sourdif,8481580,C. McMichael,8478911,M. Roy,1,1
2026-01-05,2025020663,1,REG,18:58,WSH,ev,none,snap,1551,8482088,J. Sourdif,8481580,C. McMichael,,,2,1
2026-01-05,2025020663,2,REG,05:54,WSH,ev,none,snap,1551,8484186,R. Leonard,8482088,J. Sourdif,8481580,C. McMichael,3,1
2026-01-05,2025020663,2,REG,07:30,WSH,ev,none,tip-in,1551,8482088,J. Sourdif,8484186,R. Leonard,8481580,C. McMichael,4,1
2026-01-05,2025020663,2,REG,08:52,WSH,ev,none,snap,1551,8471214,A. Ovechkin,8480796,M. Fehérváry,8474590,J. Carlson,5,1
2026-01-05,2025020663,2,REG,12:56,ANA,ev,none,snap,1551,8473986,A. Killorn,8477527,R. Johnston,,,5,2
2026-01-05,2025020663,2,REG,14:12,ANA,ev,none,slap,1551,8476885,J. Trouba,8478873,T. Terry,,,5,3
2026-01-05,2025020663,3,REG,09:22,ANA,ev,none,snap,1551,8484762,B. Sennecke,8483445,C. Gauthier,8481605,J. LaCombe,5,4
2026-01-05,2025020663,3,REG,18:46,WSH,ev,empty-net,wrist,0651,8474590,J. Carlson,8475343,N. Dowd,8480796,M. Fehérváry,6,4
2026-01-05,2025020663,3,REG,19:18,WSH,ev,empty-net,snap,0651,8471214,A. Ovechkin,8482088,J. Sourdif,,,7,4
2026-01-05,2025020664,1,REG,07:06,DET,ev,none,snap,1551,8477429,A. Copp,,,,,0,1
2026-01-05,2025020664,1,REG,13:51,DET,pp,none,wrist,1541,8477946,D. Larkin,8474037,J. van Riemsdyk,8479337,A. DeBrincat,0,2
2026-01-05,2025020664,1,REG,19:43,DET,ev,none,snap,1551,8474037,J. van Riemsdyk,8480879,J. Bernard-Docker,8481607,A. Johansson,0,3
2026-01-05,2025020664,2,REG,07:33,OTT,ev,none,wrist,1551,8473512,C. Giroux,8480188,F. Zetterlund,8481606,J. Spence,1,3
2026-01-05,2025020664,2,REG,14:10,OTT,pp,none,wrist,1451,8481528,D. Cozens,8482105,J. Sanderson,8482116,T. Stützle,2,3
2026-01-05,2025020664,2,REG,15:42,DET,ev,none,wrist,1551,8482078,L. Raymond,8477456,J. Compher,8474037,J. van Riemsdyk,2,4
2026-01-05,2025020664,3,REG,06:55,OTT,ev,none,wrist,1551,8480801,B. Tkachuk,8482116,T. Stützle,8480208,D. Batherson,3,4
2026-01-05,2025020664,3,REG,12:53,DET,sh,none,snap,1451,8479992,M. Rasmussen,8482762,S. Edvinsson,,,3,5
2026-01-05,2025020665,1,REG,06:33,CGY,ev,none,bat,1551,8483609,A. Klapka,8479066,R. Lomberg,8477346,M. Weegar,1,0
2026-01-05,2025020665,2,REG,02:17,SEA,ev,none,wrist,1551,8482874,J. Melanson,8482751,R. Winterton,,,1,1
2026-01-05,2025020665,3,REG,01:57,SEA,ev,none,tip-in,1551,8483524,S. Wright,8483570,B. Meyers,,,1,2
2026-01-05,2025020665,3,REG,05:12,SEA,ev,none,wrist,1551,8478407,V. Dunn,8481554,K. Kakko,8476457,A. Larsson,1,3
2026-01-05,2025020665,3,REG,17:25,SEA,ev,empty-net,wrist,1560,8477919,F. Gaudreau,8476905,C. Stephenson,,,1,4
2026-01-05,2025020665,3,REG,17:39,SEA,ev,none,wrist,1551,8482665,M. Beniers,8477955,J. McCann,,,1,5
2026-01-05,2025020666,2,REG,15:34,LAK,ev,none,slap,1551,8477998,W. Foegele,8475208,B. Dumoulin,8482408,J. Malott,1,0
2026-01-05,2025020666,2,REG,17:52,LAK,ev,none,tip-in,1551,8477942,K. Fiala,8483808,A. Kuzmenko,8481532,A. Turcotte,2,0
2026-01-05,2025020666,3,REG,05:55,MIN,ev,none,slap,1551,8474716,J. Spurgeon,8476463,J. Brodin,8481477,N. Sturm,2,1
2026-01-05,2025020666,3,REG,09:20,LAK,ev,none,wrist,1551,8483808,A. Kuzmenko,8475208,B. Dumoulin,,,3,1
2026-01-05,2025020666,3,REG,15:21,MIN,pp,none,wrist,1541,8477451,R. Hartman,8474716,J. Spurgeon,8482122,B. Faber,3,2
2026-01-05,2025020666,3,REG,18:21,LAK,ev,empty-net,wrist,0651,8477960,A. Kempe,8482155,A. Laferriere,8482124,Q. Byfield,4,2
2026-01-06,2025020667,1,REG,02:01,BUF,ev,none,wrist,1551,8479420,T. Thompson,8481524,B. Byram,8482671,O. Power,1,0
2026-01-06,2025020667,1,REG,11:24,BUF,sh,none,wrist,1541,8480802,R. McLeod,8477949,A. Tuch,8480807,M. Samuelsson,2,0
2026-01-06,2025020667,2,REG,09:37,BUF,ev,none,wrist,1551,8477949,A. Tuch,8481524,B. Byram,8480064,J. Norris,3,0
2026-01-06,2025020667,3,REG,06:13,BUF,ev,none,wrist,1551,8484305,Z. Metsa,8479359,B. Malenstyn,8478413,J. Greenway,4,0
2026-01-06,2025020667,3,REG,10:17,VAN,pp,none,snap,1541,8478498,J. DeBrusk,8480748,K. Sherwood,8478444,B. Boeser,4,1
2026-01-06,2025020667,3,REG,15:16,VAN,ev,none,wrist,1551,8480012,E. Pettersson,8478444,B. Boeser,8479425,F. Hronek,4,2
2026-01-06,2025020667,3,REG,15:55,VAN,ev,none,wrist,1551,8483499,L. Ohgren,8477969,M. Pettersson,8481024,L. Karlsson,4,3
2026-01-06,2025020667,3,REG,18:36,BUF,ev,empty-net,wrist,0651,8482659,J. Doan,,,,,5,3
2026-01-06,2025020668,1,REG,19:48,TBL,pp,none,wrist,1451,8477404,J. Guentzel,8476453,N. Kucherov,8478178,D. Raddysh,1,0
2026-01-06,2025020668,2,REG,03:22,COL,ev,none,wrist,1551,8480448,P. Kelly,8482947,Z. Bardakov,8482470,I. Solovyov,1,1
2026-01-06,2025020668,2,REG,09:31,COL,ev,none,snap,1551,8475754,B. Nelson,8480069,C. Makar,,,1,2
2026-01-06,2025020668,2,REG,17:22,TBL,ev,none,tip-in,1551,8476878,Z. Girgensons,8476826,Y. Gourde,8480995,P. Holmberg,2,2
2026-01-06,2025020668,3,REG,08:31,TBL,ev,none,snap,1551,8479542,B. Hagel,8481719,M. Crozier,8476453,N. Kucherov,3,2
2026-01-06,2025020668,3,REG,18:35,TBL,ev,empty-net,snap,0651,8478519,A. Cirelli,8479542,B. Hagel,8478178,D. Raddysh,4,2
2026-01-06,2025020670,1,REG,04:15,ANA,pp,none,slap,1541,8483445,C. Gauthier,8481605,J. LaCombe,8478873,T. Terry,0,1
2026-01-06,2025020670,1,REG,10:22,PHI,ev,none,snap,1551,8481533,T. Zegras,8477989,C. Dvorak,8478439,T. Konecny,1,1
2026-01-06,2025020670,1,REG,14:23,PHI,pp,none,wrist,1451,8481533,T. Zegras,8481546,C. York,8476461,S. Couturier,2,1
2026-01-06,2025020670,2,REG,01:15,PHI,ev,none,snap,1551,8481546,C. York,8483733,N. Grebenkin,8480220,N. Cates,3,1
2026-01-06,2025020670,2,REG,14:40,PHI,ev,none,slap,1551,8477948,T. Sanheim,8480220,N. Cates,,,4,1
2026-01-06,2025020670,3,REG,01:25,ANA,pp,none,snap,1541,8473986,A. Killorn,8478873,T. Terry,8481605,J. LaCombe,4,2
2026-01-06,2025020670,3,REG,18:46,PHI,ev,empty-net,wrist,0651,8483733,N. Grebenkin,,,,,5,2
2026-01-06,2025020671,1,REG,07:19,CAR,ev,none,snap,1551,8480817,K. Miller,8480830,A. Svechnikov,8478427,S. Aho,1,0
2026-01-06,2025020671,1,REG,11:53,DAL,pp,own-goal,,1541,8480027,J. Robertson,,,,,1,1
2026-01-06,2025020671,1,REG,13:32,CAR,pp,none,slap,1451,8476906,S. Gostisbehere,8482093,S. Jarvis,8480830,A. Svechnikov,2,1
2026-01-06,2025020671,1,REG,18:56,CAR,ev,none,snap,1551,8482702,L. Stankoven,8480817,K. Miller,8478970,J. Chatfield,3,1
2026-01-06,2025020671,2,REG,05:17,CAR,ev,none,slap,1551,8480817,K. Miller,8480830,A. Svechnikov,8477940,N. Ehlers,4,1
2026-01-06,2025020671,2,REG,06:59,CAR,pp,none,snap,1451,8482093,S. Jarvis,8480830,A. Svechnikov,8477940,N. Ehlers,5,1
2026-01-06,2025020671,3,REG,00:36,DAL,ev,none,backhand,1551,8478420,M. Rantanen,8480027,J. Robertson,,,5,2
2026-01-06,2025020671,3,REG,08:18,CAR,ev,none,snap,1551,8477478,W. Carrier,8477940,N. Ehlers,,,6,2
2026-01-06,2025020671,3,REG,18:11,DAL,pp,none,bat,1541,8482740,W. Johnston,8478420,M. Rantanen,8480027,J. Robertson,6,3
2026-01-06,2025020669,1,REG,01:08,NYI,ev,none,snap,1551,8478445,M. Barzal,8477506,R. Pulock,8485366,M. Schaefer,1,0
2026-01-06,2025020669,1,REG,04:01,NYI,ev,none,wrist,1551,8477407,A. Duclair,8476917,A. Pelech,,,2,0
2026-01-06,2025020669,1,REG,13:31,NYI,ev,none,wrist,1551,8477407,A. Duclair,8475231,C. Cizikas,,,3,0
2026-01-06,2025020669,2,REG,03:29,NYI,ev,none,snap,1551,8477407,A. Duclair,8478445,M. Barzal,8477950,T. DeAngelo,4,0
2026-01-06,2025020669,2,REG,11:12,NYI,ev,none,wrist,1551,8481601,S. Holmstrom,8478445,M. Barzal,8477506,R. Pulock,5,0
2026-01-06,2025020669,3,REG,01:34,NYI,ev,none,backhand,1551,8475231,C. Cizikas,,,,,6,0
2026-01-06,2025020669,3,REG,11:28,NYI,ev,none,wrist,1551,8477950,T. DeAngelo,8477407,A. Duclair,8485702,M. Shabanov,7,0
2026-01-06,2025020669,3,REG,18:36,NYI,ev,none,wrist,1551,8484221,C. Ritchie,8477950,T. DeAngelo,,,8,0
2026-01-06,2025020669,3,REG,19:02,NYI,ev,none,snap,1551,8475231,C. Cizikas,8477407,A. Duclair,8476429,S. Mayfield,9,0
2026-01-06,2025020672,1,REG,19:36,TOR,ev,none,snap,1551,8484158,E. Cowan,8481582,N. Robertson,8478462,N. Roy,1,0
2026-01-06,2025020672,2,REG,00:42,TOR,ev,none,tip-in,1551,8482720,M. Knies,8479442,T. Stecher,8475166,J. Tavares,2,0
2026-01-06,2025020672,2,REG,04:01,TOR,ev,none,snap,1551,8479318,A. Matthews,8482720,M. Knies,8481711,M. Maccelli,3,0
2026-01-06,2025020672,3,REG,11:38,FLA,ev,none,snap,1551,8477409,C. Verhaeghe,,,,,3,1
2026-01-06,2025020672,3,REG,19:52,TOR,ev,empty-net,backhand,0651,8482259,B. McMann,8478462,N. Roy,,,4,1
2026-01-06,2025020673,1,REG,05:16,WPG,ev,none,backhand,1551,8482149,C. Perfetti,8473604,J. Toews,8477504,J. Morrissey,1,0
2026-01-06,2025020673,2,REG,12:04,WPG,ev,none,wrist,1551,8474568,L. Schenn,8480014,G. Vilardi,8476392,A. Lowry,2,0
2026-01-06,2025020673,2,REG,19:09,VGK,pp,none,wrist,1541,8475913,M. Stone,8481604,P. Dorofeyev,8478483,M. Marner,2,1
2026-01-06,2025020673,3,REG,08:13,VGK,ev,none,slap,1551,8479353,B. Howden,8478396,N. Hanifin,8476881,T. Hertl,2,2
2026-01-06,2025020673,3,REG,14:56,WPG,ev,none,wrist,1551,8478398,K. Connor,8480014,G. Vilardi,,,3,2
2026-01-06,2025020673,3,REG,15:55,VGK,ev,none,backhand,1551,8475191,R. Smith,8476438,B. Saad,8477018,B. Hutton,3,3
2026-01-06,2025020673,4,OT,04:47,VGK,pp,none,tip-in,1431,8476881,T. Hertl,8478483,M. Marner,8478403,J. Eichel,3,4
2026-01-06,2025020674,1,REG,08:53,EDM,pp,none,wrist,1451,8478402,C. McDavid,8480803,E. Bouchard,8477934,L. Draisaitl,1,0
2026-01-06,2025020674,2,REG,15:53,EDM,ev,penalty-shot,wrist,1010,8478402,C. McDavid,,,,,2,0
2026-01-06,2025020674,2,REG,16:15,EDM,ev,none,backhand,1551,8477508,C. Lazar,8483512,M. Savoie,8477406,M. Janmark,3,0
2026-01-06,2025020674,2,REG,18:52,EDM,ev,none,wrist,1551,8477953,K. Kapanen,8477934,L. Draisaitl,8481617,V. Podkolzin,4,0
2026-01-06,2025020674,3,REG,03:48,NSH,ev,none,snap,1551,8475158,R. O'Reilly,8479980,N. Hague,8482146,L. Evangelista,4,1
2026-01-06,2025020674,3,REG,04:03,NSH,ev,none,snap,1551,8483565,N. Blankenburg,8483513,R. Schaefer,8478047,M. Bunting,4,2
2026-01-06,2025020674,3,REG,13:46,EDM,ev,none,snap,1551,8477934,L. Draisaitl,8477953,K. Kapanen,8481617,V. Podkolzin,5,2
2026-01-06,2025020674,3,REG,19:03,EDM,ev,none,snap,1551,8478402,C. McDavid,8476454,R. Nugent-Hopkins,8475218,M. Ekholm,6,2
2026-01-06,2025020675,1,REG,19:11,SJS,ev,none,wrist,1551,8483630,P. Regenda,8477505,A. Wennberg,8475726,T. Toffoli,1,0
2026-01-06,2025020675,2,REG,04:14,SJS,pp,none,backhand,1451,8477505,A. Wennberg,8482667,W. Eklund,8475200,D. Orlov,2,0
2026-01-06,2025020675,2,REG,19:15,CBJ,ev,none,wrist,1551,8478460,Z. Werenski,8481716,D. Voronkov,8480893,K. Marchenko,2,1
2026-01-06,2025020675,3,REG,15:16,SJS,ev,none,backhand,1551,8482859,Z. Ostapchuk,,,,,3,1
2026-01-06,2025020675,3,REG,16:05,CBJ,ev,none,wrist,1551,8477497,S. Monahan,8478500,I. Provorov,,,3,2
2026-01-06,2025020675,3,REG,17:46,SJS,ev,empty-net,wrist,0651,8479983,M. Ferraro,8477505,A. Wennberg,,,4,2
2026-01-06,2025020675,3,REG,18:31,SJS,ev,empty-net,wrist,0651,8484801,M. Celebrini,8484911,C. Graf,8479983,M. Ferraro,5,2
2026-01-06,2025020676,1,REG,08:50,SEA,pp,none,wrist,1351,8474586,J. Eberle,8482665,M. Beniers,8478407,V. Dunn,1,0
2026-01-06,2025020676,1,REG,12:47,BOS,ev,none,wrist,1551,8477956,D. Pastrnak,8477507,N. Zadorov,8482177,M. Khusnutdinov,1,1
2026-01-06,2025020676,2,REG,02:48,SEA,ev,none,slap,1551,8484800,B. Catton,8477955,J. McCann,8482858,R. Evans,2,1
2026-01-06,2025020676,2,REG,06:28,BOS,ev,none,wrist,1551,8477956,D. Pastrnak,8479325,C. McAvoy,8477496,E. Lindholm,2,2
2026-01-06,2025020676,2,REG,18:23,SEA,ev,none,snap,1551,8483570,B. Meyers,8481789,T. Kartye,,,3,2
2026-01-06,2025020676,2,REG,19:59,SEA,pp,none,slap,1451,8477955,J. McCann,8478407,V. Dunn,8482665,M. Beniers,4,2
2026-01-06,2025020676,3,REG,10:21,SEA,ev,none,wrist,1551,8481554,K. Kakko,8477919,F. Gaudreau,8476905,C. Stephenson,5,2
2026-01-06,2025020676,3,REG,14:20,SEA,pp,none,backhand,1451,8484800,B. Catton,8477919,F. Gaudreau,8481554,K. Kakko,6,2
2026-01-06,2025020676,3,REG,14:50,BOS,ev,none,wrist,1551,8482511,M. Lohrei,8478401,P. Zacha,8478042,V. Arvidsson,6,3
2026-01-06,2025020676,3,REG,17:38,BOS,pp,none,wrist,1541,8478042,V. Arvidsson,8479999,C. Mittelstadt,8482634,A. Steeves,6,4
2026-01-06,2025020676,3,REG,19:48,SEA,ev,empty-net,wrist,0651,8481554,K. Kakko,,,,,7,4
2026-01-07,2025020677,1,REG,03:06,DAL,sh,none,wrist,1451,8476889,R. Faksa,8476902,E. Lindell,,,0,1
2026-01-07,2025020677,2,REG,02:37,DAL,ev,none,tip-in,1441,8479351,S. Steel,8481581,T. Harley,8475168,M. Duchene,0,2
2026-01-07,2025020677,3,REG,13:31,DAL,ev,none,snap,1551,8482740,W. Johnston,8479351,S. Steel,,,0,3
2026-01-07,2025020677,3,REG,17:41,WSH,ev,none,snap,1560,8471214,A. Ovechkin,8474590,J. Carlson,8479345,J. Chychrun,1,3
2026-01-07,2025020677,3,REG,19:41,DAL,ev,empty-net,snap,1560,8478449,R. Hintz,,,,,1,4
2026-01-07,2025020678,2,REG,03:10,MTL,ev,none,snap,1551,8480074,A. Texier,8478851,A. Carrier,8481540,C. Caufield,1,0
2026-01-07,2025020678,2,REG,07:05,MTL,ev,none,slap,1551,8483457,L. Hutson,8476479,P. Danault,8480074,A. Texier,2,0
2026-01-07,2025020678,2,REG,08:12,MTL,ev,none,snap,1551,8482775,O. Kapanen,8483515,J. Slafkovský,,,3,0
2026-01-07,2025020678,2,REG,17:39,CGY,ev,none,snap,1551,8480797,J. Farabee,8481068,Y. Sharangovich,8484150,H. Brzustewicz,3,1
2026-01-07,2025020678,3,REG,03:56,MTL,ev,none,snap,1551,8481540,C. Caufield,8480074,A. Texier,8480018,N. Suzuki,4,1
2026-01-07,2025020679,1,REG,00:27,STL,ev,none,snap,1551,8481006,T. Tucker,8475170,B. Schenn,,,0,1
2026-01-07,2025020679,1,REG,09:26,CHI,pp,none,slap,1451,8484185,N. Lardis,8484197,O. Moore,8476891,M. Grzelcyk,1,1
2026-01-07,2025020679,2,REG,07:41,CHI,pp,none,wrist,1451,8484197,O. Moore,8476891,M. Grzelcyk,8473422,N. Foligno,2,1
2026-01-07,2025020679,2,REG,08:22,STL,ev,none,snap,1551,8484230,O. Stenberg,,,,,2,2
2026-01-07,2025020679,2,REG,08:57,CHI,ev,none,slap,1551,8476473,C. Murphy,,,,,3,2
2026-01-07,2025020679,2,REG,12:27,CHI,ev,none,tip-in,1551,8482172,L. Slaggert,8482703,C. Dach,8476473,C. Murphy,4,2
2026-01-07,2025020679,2,REG,17:24,CHI,ev,none,tip-in,1551,8477450,J. Dickinson,8481806,L. Crevier,,,5,2
2026-01-07,2025020679,3,REG,05:11,CHI,pp,none,wrist,1351,8477444,A. Burakovsky,8483450,R. Greene,8476882,T. Teravainen,6,2
2026-01-07,2025020679,3,REG,12:56,CHI,ev,none,backhand,1551,8481806,L. Crevier,8482172,L. Slaggert,8481568,A. Vlasic,7,2
2026-01-07,2025020679,3,REG,13:19,STL,ev,none,bat,1551,8477573,N. Walker,8480281,A. Toropchenko,8481598,P. Broberg,7,3
2026-01-07,2025020680,1,REG,03:59,UTA,ev,none,wrist,1551,8478474,L. Crouse,8479343,C. Keller,8479410,M. Sergachev,1,0
2026-01-07,2025020680,1,REG,07:20,UTA,ev,none,slap,1551,8478507,J. Marino,8479343,C. Keller,8477220,N. Schmidt,2,0
2026-01-07,2025020680,1,REG,17:41,OTT,ev,none,wrist,1551,8482092,R. Greig,8482245,A. Zub,8482105,J. Sanderson,2,1
2026-01-07,2025020680,3,REG,05:41,UTA,ev,none,wrist,1551,8484388,D. But,8480855,J. McBain,8479293,B. Tanev,3,1
2026-01-07,2025020681,2,REG,04:10,SJS,pp,none,wrist,1541,8475726,T. Toffoli,8477505,A. Wennberg,8484801,M. Celebrini,0,1
2026-01-07,2025020681,2,REG,11:34,LAK,ev,none,wrist,1551,8481532,A. Turcotte,8477942,K. Fiala,,,1,1
2026-01-07,2025020681,3,REG,05:38,SJS,pp,none,tip-in,1541,8478874,A. Gaudette,8480043,T. Liljegren,8475784,J. Skinner,1,2
2026-01-07,2025020681,3,REG,06:40,LAK,ev,none,wrist,1551,8477942,K. Fiala,8481532,A. Turcotte,8476441,J. Edmundson,2,2
2026-01-07,2025020681,3,REG,17:50,LAK,ev,none,tip-in,1551,8482155,A. Laferriere,8476441,J. Edmundson,8476879,C. Ceci,3,2
2026-01-07,2025020681,3,REG,18:53,SJS,ev,none,wrist,0651,8484801,M. Celebrini,,,,,3,3
2026-01-07,2025020681,4,OT,03:08,SJS,ev,none,wrist,1331,8482667,W. Eklund,8484801,M. Celebrini,,,3,4
2026-01-08,2025020682,1,REG,09:48,BOS,ev,none,wrist,1551,8476374,S. Kuraly,8479661,T. Jeannot,8479325,C. McAvoy,1,0
2026-01-08,2025020682,1,REG,12:06,BOS,ev,none,snap,1551,8477496,E. Lindholm,8477956,D. Pastrnak,8482177,M. Khusnutdinov,2,0
2026-01-08,2025020682,2,REG,14:02,BOS,ev,none,wrist,1551,8482511,M. Lohrei,8476374,S. Kuraly,8479661,T. Jeannot,3,0
2026-01-08,2025020682,2,REG,17:59,BOS,ev,none,wrist,1551,8479999,C. Mittelstadt,8478042,V. Arvidsson,8478401,P. Zacha,4,0
2026-01-08,2025020682,2,REG,18:44,CGY,ev,none,snap,1551,8482074,C. Zary,8480028,M. Frost,8480860,K. Bahl,4,1
2026-01-08,2025020683,1,REG,02:59,MTL,ev,none,slap,1551,8480865,N. Dobson,8476875,M. Matheson,8482775,O. Kapanen,1,0
2026-01-08,2025020683,1,REG,17:35,MTL,ev,none,backhand,1551,8482775,O. Kapanen,8483515,J. Slafkovský,,,2,0
2026-01-08,2025020683,2,REG,05:33,FLA,ev,none,snap,1551,8477935,S. Bennett,,,,,2,1
2026-01-08,2025020683,2,REG,13:41,MTL,ev,none,tip-in,1551,8480074,A. Texier,8478851,A. Carrier,8480018,N. Suzuki,3,1
2026-01-08,2025020683,3,REG,07:26,MTL,ev,none,snap,1551,8480074,A. Texier,8476875,M. Matheson,,,4,1
2026-01-08,2025020683,3,REG,11:23,FLA,ev,none,snap,1551,8477935,S. Bennett,8478542,E. Rodrigues,8478859,N. Mikkola,4,2
2026-01-08,2025020683,3,REG,17:59,MTL,ev,awarded-empty-net,,0651,8483515,J. Slafkovský,8482775,O. Kapanen,8483457,L. Hutson,5,2
2026-01-08,2025020683,3,REG,19:10,MTL,ev,none,bat,1551,8480074,A. Texier,8478104,S. Blais,8480813,J. Veleno,6,2
2026-01-08,2025020684,1,REG,19:31,DET,pp,none,snap,1351,8474141,P. Kane,8482078,L. Raymond,8477946,D. Larkin,1,0
2026-01-08,2025020684,2,REG,05:09,DET,ev,none,wrist,1551,8484223,A. Sandin-Pellikka,8474037,J. van Riemsdyk,8477456,J. Compher,2,0
2026-01-08,2025020684,2,REG,07:03,VAN,pp,none,snap,1541,8478498,J. DeBrusk,8480748,K. Sherwood,8478444,B. Boeser,2,1
2026-01-08,2025020684,2,REG,10:10,DET,ev,none,snap,1551,8477456,J. Compher,8474037,J. van Riemsdyk,8484223,A. Sandin-Pellikka,3,1
2026-01-08,2025020684,3,REG,16:07,DET,ev,empty-net,wrist,0651,8474141,P. Kane,8477429,A. Copp,,,4,1
2026-01-08,2025020684,3,REG,18:10,DET,ev,none,snap,1551,8482078,L. Raymond,,,,,5,1
2026-01-08,2025020685,1,REG,04:07,BUF,ev,none,wrist,1551,8482659,J. Doan,8480807,M. Samuelsson,8475722,J. Zucker,0,1
2026-01-08,2025020685,2,REG,06:58,BUF,ev,none,snap,1551,8477949,A. Tuch,8481524,B. Byram,8480064,J. Norris,0,2
2026-01-08,2025020685,2,REG,09:34,NYR,ev,none,slap,1551,8476459,M. Zibanejad,8478550,A. Panarin,,,1,2
2026-01-08,2025020685,2,REG,12:34,BUF,pp,none,deflected,1541,8475722,J. Zucker,8480839,R. Dahlin,8479420,T. Thompson,1,3
2026-01-08,2025020685,3,REG,00:51,NYR,ev,none,wrist,1551,8476389,V. Trocheck,8476468,J. Miller,8478550,A. Panarin,2,3
2026-01-08,2025020685,3,REG,14:38,BUF,sh,none,snap,1451,8480807,M. Samuelsson,8480802,R. McLeod,,,2,4
2026-01-08,2025020685,3,REG,18:30,BUF,ev,empty-net,wrist,1560,8480802,R. McLeod,,,,,2,5
2026-01-08,2025020686,2,REG,00:55,PHI,ev,none,snap,1551,8478439,T. Konecny,8477989,C. Dvorak,8477499,R. Ristolainen,1,0
2026-01-08,2025020686,3,REG,14:04,TOR,sh,none,wrist,1451,8476872,S. Laughton,,,,,1,1
2026-01-08,2025020686,4,OT,02:48,TOR,ev,none,wrist,1331,8484158,E. Cowan,8475166,J. Tavares,,,1,2
2026-01-08,2025020687,1,REG,06:39,PIT,ev,none,wrist,1551,8474578,E. Karlsson,8476483,R. Rakell,8471675,S. Crosby,1,0
2026-01-08,2025020687,2,REG,05:23,PIT,ev,none,wrist,1551,8480980,C. Dewar,8476483,R. Rakell,8471724,K. Letang,2,0
2026-01-08,2025020687,2,REG,19:07,PIT,pp,none,slap,1351,8471215,E. Malkin,8471675,S. Crosby,8474578,E. Karlsson,3,0
2026-01-08,2025020687,3,REG,02:55,NJD,pp,none,slap,1541,8482684,L. Hughes,8476462,D. Hamilton,8481559,J. Hughes,3,1
2026-01-08,2025020687,3,REG,13:26,PIT,ev,none,tip-in,1551,8481481,B. Lizotte,8478569,N. Acciari,8480980,C. Dewar,4,1
2026-01-08,2025020688,1,REG,13:18,ANA,ev,none,snap,1551,8480068,R. Poehling,8481605,J. LaCombe,8475184,C. Kreider,0,1
2026-01-08,2025020688,2,REG,08:56,CAR,ev,none,wrist,1551,8476873,M. Jankowski,8480762,E. Robinson,,,1,1
2026-01-08,2025020688,2,REG,12:04,ANA,ev,none,tip-in,1551,8475798,M. Granlund,8482745,M. McTavish,8484762,B. Sennecke,1,2
2026-01-08,2025020688,2,REG,14:05,CAR,ev,none,snap,1551,8482702,L. Stankoven,8475791,T. Hall,8478970,J. Chatfield,2,2
2026-01-08,2025020688,2,REG,16:08,CAR,ev,none,slap,1551,8478970,J. Chatfield,8473533,J. Staal,8476906,S. Gostisbehere,3,2
2026-01-08,2025020688,3,REG,10:39,CAR,ev,none,backhand,1551,8482809,J. Blake,8482100,A. Nikishin,8482702,L. Stankoven,4,2
2026-01-08,2025020688,3,REG,17:11,CAR,ev,empty-net,snap,0651,8475791,T. Hall,8480336,S. Walker,8480817,K. Miller,5,2
2026-01-08,2025020689,2,REG,12:14,NYI,ev,none,wrist,1551,8481601,S. Holmstrom,8476429,S. Mayfield,8478445,M. Barzal,0,1
2026-01-08,2025020689,2,REG,19:19,NSH,sh,none,wrist,1541,8475158,R. O'Reilly,8482062,C. Smith,,,1,1
2026-01-08,2025020689,5,SO,00:00,NSH,ev,none,backhand,1010,8476887,F. Forsberg,,,,,2,1
2026-01-08,2025020690,1,REG,11:11,WPG,ev,none,snap,1551,8478398,K. Connor,8476460,M. Scheifele,8480113,A. Iafallo,1,0
2026-01-08,2025020690,1,REG,17:02,EDM,ev,none,wrist,1551,8481617,V. Podkolzin,8477953,K. Kapanen,8480834,T. Emberson,1,1
2026-01-08,2025020690,1,REG,18:16,WPG,ev,none,wrist,1551,8476871,T. Pearson,8481043,C. Koepke,,,2,1
2026-01-08,2025020690,1,REG,18:56,WPG,ev,none,snap,1551,8477504,J. Morrissey,8478398,K. Connor,8476460,M. Scheifele,3,1
2026-01-08,2025020690,2,REG,19:39,EDM,ev,none,wrist,1551,8478402,C. McDavid,8477934,L. Draisaitl,8480803,E. Bouchard,3,2
2026-01-08,2025020690,3,REG,08:19,EDM,ev,none,wrist,1551,8475786,Z. Hyman,8477498,D. Nurse,,,3,3
2026-01-08,2025020690,3,REG,10:37,EDM,pp,none,snap,1541,8480803,E. Bouchard,8476454,R. Nugent-Hopkins,8478402,C. McDavid,3,4
2026-01-08,2025020691,1,REG,10:11,COL,ev,none,wrist,1551,8476312,J. Manson,8479525,R. Colton,8475754,B. Nelson,1,0
2026-01-08,2025020691,1,REG,17:14,COL,ev,none,wrist,1551,8477492,N. MacKinnon,8480039,M. Necas,8484258,S. Malinski,2,0
2026-01-08,2025020691,2,REG,02:35,COL,ev,none,wrist,1551,8480069,C. Makar,8477492,N. MacKinnon,8476312,J. Manson,3,0
2026-01-08,2025020691,2,REG,05:08,OTT,ev,none,wrist,1551,8481596,S. Pinto,8473512,C. Giroux,8482105,J. Sanderson,3,1
2026-01-08,2025020691,2,REG,11:46,COL,pp,none,slap,1451,8480039,M. Necas,8477492,N. MacKinnon,8480069,C. Makar,4,1
2026-01-08,2025020691,2,REG,12:03,COL,ev,none,wrist,1551,8470613,B. Burns,8476312,J. Manson,8479525,R. Colton,5,1
2026-01-08,2025020691,2,REG,14:23,COL,pp,none,slap,1351,8475754,B. Nelson,8477492,N. MacKinnon,8480069,C. Makar,6,1
2026-01-08,2025020691,2,REG,16:48,COL,ev,none,slap,1551,8476312,J. Manson,8480835,J. Drury,8482947,Z. Bardakov,7,1
2026-01-08,2025020691,2,REG,18:04,COL,ev,none,slap,1551,8475754,B. Nelson,8482470,I. Solovyov,8479525,R. Colton,8,1
2026-01-08,2025020691,3,REG,07:03,OTT,sh,none,snap,1451,8480801,B. Tkachuk,8482095,T. Kleven,,,8,2
2026-01-08,2025020692,1,REG,08:24,CBJ,ev,none,tip-in,1551,8476432,B. Jenner,8478460,Z. Werenski,8477497,S. Monahan,0,1
2026-01-08,2025020692,1,REG,10:41,CBJ,ev,none,snap,1551,8482660,K. Johnson,8477497,S. Monahan,8476432,B. Jenner,0,2
2026-01-08,2025020692,1,REG,12:20,VGK,ev,none,tip-in,1551,8475191,R. Smith,8477018,B. Hutton,8478483,M. Marner,1,2
2026-01-08,2025020692,2,REG,05:19,VGK,ev,none,wrist,1560,8475191,R. Smith,8478483,M. Marner,8475913,M. Stone,2,2
2026-01-08,2025020692,2,REG,13:07,VGK,ev,none,wrist,1551,8478403,J. Eichel,8477964,I. Barbashev,8475913,M. Stone,3,2
2026-01-08,2025020692,2,REG,18:44,VGK,pp,none,snap,1451,8475913,M. Stone,8476881,T. Hertl,8478403,J. Eichel,4,2
2026-01-08,2025020692,3,REG,14:28,CBJ,ev,none,wrist,1551,8480893,K. Marchenko,8478500,I. Provorov,8484166,A. Fantilli,4,3
2026-01-08,2025020692,3,REG,16:14,VGK,ev,none,wrist,1551,8479353,B. Howden,8478434,K. Kolesar,8476881,T. Hertl,5,3
2026-01-08,2025020693,1,REG,05:00,MIN,ev,none,wrist,1551,8477451,R. Hartman,8478864,K. Kaprizov,,,0,1
2026-01-08,2025020693,1,REG,15:54,MIN,ev,none,wrist,1551,8482122,B. Faber,8480800,Q. Hughes,8481557,M. Boldy,0,2
2026-01-08,2025020693,3,REG,03:13,SEA,ev,none,slap,1551,8476457,A. Larsson,8478407,V. Dunn,,,1,2
2026-01-08,2025020693,3,REG,09:07,SEA,pp,none,wrist,1451,8482665,M. Beniers,8477955,J. McCann,8478407,V. Dunn,2,2
2026-01-08,2025020693,4,OT,02:09,MIN,ev,none,wrist,1331,8475692,M. Zuccarello,8478864,K. Kaprizov,8482122,B. Faber,2,3
2026-01-09,2025020694,1,REG,04:03,WSH,ev,none,backhand,1551,8478463,A. Beauvillier,8480796,M. Fehérváry,8474590,J. Carlson,0,1
2026-01-09,2025020694,1,REG,15:07,WSH,ev,none,wrist,1551,8481580,C. McMichael,8484186,R. Leonard,,,0,2
2026-01-09,2025020694,1,REG,18:54,WSH,ev,none,wrist,1551,8483573,E. Frank,8474590,J. Carlson,8475343,N. Dowd,0,3
2026-01-09,2025020694,2,REG,08:48,CHI,pp,none,snap,1451,8484197,O. Moore,8476891,M. Grzelcyk,8484185,N. Lardis,1,3
2026-01-09,2025020694,2,REG,12:38,WSH,ev,none,wrist,1551,8482088,J. Sourdif,8481580,C. McMichael,8484186,R. Leonard,1,4
2026-01-09,2025020694,3,REG,13:33,WSH,ev,none,snap,1551,8471214,A. Ovechkin,8480796,M. Fehérváry,,,1,5
2026-01-09,2025020695,1,REG,01:31,WPG,ev,none,tip-in,1551,8476480,V. Namestnikov,8479378,L. Stanley,8475799,N. Niederreiter,1,0
2026-01-09,2025020695,1,REG,18:05,WPG,ev,none,slap,1551,8481043,C. Koepke,8480049,D. Samberg,8476871,T. Pearson,2,0
2026-01-09,2025020695,2,REG,02:07,WPG,ev,none,wrist,1551,8473604,J. Toews,8476525,C. Miller,8482149,C. Perfetti,3,0
2026-01-09,2025020695,2,REG,09:32,LAK,ev,none,deflected,1551,8482124,Q. Byfield,8483406,T. Ward,8477998,W. Foegele,3,1
2026-01-09,2025020695,2,REG,12:35,WPG,pp,none,wrist,1451,8476460,M. Scheifele,8478398,K. Connor,8480014,G. Vilardi,4,1
2026-01-09,2025020695,2,REG,19:17,WPG,ev,none,slap,1551,8476460,M. Scheifele,8482149,C. Perfetti,8480014,G. Vilardi,5,1
2026-01-09,2025020696,1,REG,15:10,UTA,ev,none,snap,1551,8477951,N. Schmaltz,8479343,C. Keller,8479410,M. Sergachev,1,0
2026-01-09,2025020696,2,REG,07:45,UTA,ev,none,snap,1551,8478474,L. Crouse,8479343,C. Keller,8478507,J. Marino,2,0
2026-01-09,2025020696,2,REG,07:55,STL,ev,none,snap,1551,8476897,O. Sundqvist,8477573,N. Walker,,,2,1
2026-01-09,2025020696,2,REG,11:43,UTA,ev,none,snap,1551,8480434,S. Durzi,8477951,N. Schmaltz,8478474,L. Crouse,3,1
2026-01-09,2025020696,2,REG,16:27,STL,ev,none,wrist,0651,8477402,P. Buchnevich,8483516,J. Snuggerud,8480023,R. Thomas,3,2
2026-01-09,2025020696,3,REG,06:57,UTA,pp,none,snap,1451,8477951,N. Schmaltz,8482175,J. Peterka,8479343,C. Keller,4,2
2026-01-10,2025020697,1,REG,01:24,NYR,ev,none,slap,1551,8476459,M. Zibanejad,8478550,A. Panarin,8481525,M. Robertson,0,1
2026-01-10,2025020697,1,REG,02:31,BOS,ev,none,snap,1551,8482177,M. Khusnutdinov,8477956,D. Pastrnak,8480035,H. Jokiharju,1,1
2026-01-10,2025020697,1,REG,07:16,BOS,ev,none,snap,1551,8478401,P. Zacha,8479325,C. McAvoy,,,2,1
2026-01-10,2025020697,1,REG,19:27,BOS,pp,none,snap,1351,8478401,P. Zacha,8477496,E. Lindholm,8477956,D. Pastrnak,3,1
2026-01-10,2025020697,2,REG,02:12,BOS,ev,none,snap,1551,8483489,F. Minten,8478042,V. Arvidsson,8482634,A. Steeves,4,1
2026-01-10,2025020697,2,REG,06:41,BOS,ev,none,snap,1551,8482177,M. Khusnutdinov,8477956,D. Pastrnak,8477496,E. Lindholm,5,1
2026-01-10,2025020697,2,REG,11:26,BOS,ev,none,snap,1551,8478401,P. Zacha,8479999,C. Mittelstadt,,,6,1
2026-01-10,2025020697,2,REG,14:04,NYR,pp,none,wrist,1541,8476468,J. Miller,8476459,M. Zibanejad,8476389,V. Trocheck,6,2
2026-01-10,2025020697,2,REG,15:47,BOS,ev,none,snap,1551,8479325,C. McAvoy,8477956,D. Pastrnak,8481219,J. Aspirot,7,2
2026-01-10,2025020697,3,REG,03:51,BOS,ev,none,tip-in,1551,8482177,M. Khusnutdinov,8477956,D. Pastrnak,8477507,N. Zadorov,8,2
2026-01-10,2025020697,3,REG,11:26,BOS,ev,none,snap,1551,8483489,F. Minten,8477956,D. Pastrnak,8482177,M. Khusnutdinov,9,2
2026-01-10,2025020697,3,REG,18:31,BOS,ev,none,tip-in,1551,8482177,M. Khusnutdinov,8480035,H. Jokiharju,8483489,F. Minten,10,2
2026-01-10,2025020698,1,REG,02:33,CGY,ev,none,wrist,1551,8482074,C. Zary,,,,,0,1
2026-01-10,2025020698,2,REG,09:17,PIT,ev,none,wrist,1551,8482475,E. Chinakhov,8471215,E. Malkin,8485414,B. Kindel,1,1
2026-01-10,2025020698,3,REG,00:42,CGY,ev,none,wrist,1551,8482679,M. Coronato,8478397,R. Andersson,8474150,M. Backlund,1,2
2026-01-10,2025020699,1,REG,13:58,COL,ev,none,snap,1551,8470613,B. Burns,8479525,R. Colton,8484149,G. Brindley,1,0
2026-01-10,2025020699,1,REG,17:28,COL,ev,none,backhand,1551,8478109,V. Olofsson,8480835,J. Drury,8480448,P. Kelly,2,0
2026-01-10,2025020699,2,REG,10:30,COL,ev,none,wrist,1551,8482470,I. Solovyov,8480448,P. Kelly,8478109,V. Olofsson,3,0
2026-01-10,2025020699,3,REG,08:33,COL,ev,none,slap,1551,8470613,B. Burns,8482947,Z. Bardakov,8484149,G. Brindley,4,0
2026-01-10,2025020700,1,REG,07:33,DAL,ev,none,wrist,1551,8484829,J. Hryckowian,,,,,0,1
2026-01-10,2025020700,1,REG,19:03,DAL,ev,none,wrist,0651,8480027,J. Robertson,8478420,M. Rantanen,8478449,R. Hintz,0,2
2026-01-10,2025020700,2,REG,04:44,SJS,pp,none,wrist,1451,8477505,A. Wennberg,8484801,M. Celebrini,8475726,T. Toffoli,1,2
2026-01-10,2025020700,2,REG,14:49,SJS,pp,none,wrist,1451,8475784,J. Skinner,8484994,I. Chernyshov,8478874,A. Gaudette,2,2
2026-01-10,2025020700,2,REG,19:01,DAL,ev,none,wrist,1551,8478476,K. Capobianco,8482145,M. Bourque,8480027,J. Robertson,2,3
2026-01-10,2025020700,3,REG,07:53,DAL,ev,none,backhand,1551,8478420,M. Rantanen,8479351,S. Steel,8480878,N. Lundkvist,2,4
2026-01-10,2025020700,3,REG,09:28,SJS,pp,none,backhand,1451,8475726,T. Toffoli,8484801,M. Celebrini,8475200,D. Orlov,3,4
2026-01-10,2025020700,3,REG,15:01,SJS,ev,none,tip-in,1551,8478874,A. Gaudette,8484806,S. Dickinson,8484911,C. Graf,4,4
2026-01-10,2025020700,4,OT,01:58,SJS,pp,none,slap,1341,8475726,T. Toffoli,8482667,W. Eklund,8484801,M. Celebrini,5,4
2026-01-10,2025020701,1,REG,02:03,BUF,ev,none,wrist,1551,8482097,J. Quinn,8480802,R. McLeod,8484145,Z. Benson,1,0
2026-01-10,2025020701,2,REG,07:22,BUF,ev,none,tip-in,1551,8479420,T. Thompson,8481522,P. Krebs,8482659,J. Doan,2,0
2026-01-10,2025020701,3,REG,07:09,BUF,ev,none,snap,1551,8481524,B. Byram,8479420,T. Thompson,8481522,P. Krebs,3,0
2026-01-10,2025020701,3,REG,15:16,ANA,ev,none,backhand,1551,8482803,O. Zellweger,8481605,J. LaCombe,8475798,M. Granlund,3,1
2026-01-10,2025020701,3,REG,16:00,BUF,ev,none,snap,1551,8482097,J. Quinn,8484145,Z. Benson,8482671,O. Power,4,1
2026-01-10,2025020701,3,REG,18:02,ANA,ev,none,wrist,1551,8484153,L. Carlsson,8482178,I. Moore,,,4,2
2026-01-10,2025020701,3,REG,19:12,ANA,ev,none,wrist,0651,8482745,M. McTavish,8484153,L. Carlsson,8484762,B. Sennecke,4,3
2026-01-10,2025020701,3,REG,19:49,BUF,ev,empty-net,backhand,0651,8480064,J. Norris,8477949,A. Tuch,,,5,3
2026-01-10,2025020702,1,REG,08:03,TOR,pp,none,deflected,1451,8481711,M. Maccelli,8477939,W. Nylander,8479318,A. Matthews,1,0
2026-01-10,2025020702,1,REG,16:31,TOR,ev,none,wrist,1551,8477503,M. Domi,8479442,T. Stecher,,,2,0
2026-01-10,2025020702,1,REG,19:40,TOR,ev,none,backhand,1551,8477939,W. Nylander,8478904,S. Lorentz,8478443,B. Carlo,3,0
2026-01-10,2025020702,2,REG,13:07,TOR,ev,none,wrist,1551,8475166,J. Tavares,8477939,W. Nylander,,,4,0
2026-01-10,2025020702,3,REG,19:46,TOR,pp,none,snap,1451,8481582,N. Robertson,,,,,5,0
2026-01-10,2025020703,2,REG,04:52,DET,ev,none,snap,1551,8482078,L. Raymond,8474037,J. van Riemsdyk,8480879,J. Bernard-Docker,0,1
2026-01-10,2025020703,2,REG,11:43,DET,pp,none,snap,1541,8477946,D. Larkin,8479337,A. DeBrincat,8481542,M. Seider,0,2
2026-01-10,2025020703,3,REG,00:34,DET,ev,none,slap,1551,8479337,A. DeBrincat,8474141,P. Kane,8477429,A. Copp,0,3
2026-01-10,2025020703,3,REG,18:53,DET,ev,empty-net,tip-in,1560,8477429,A. Copp,8479337,A. DeBrincat,8477946,D. Larkin,0,4
2026-01-10,2025020704,1,REG,04:03,OTT,ev,none,wrist,1551,8480188,F. Zetterlund,8481596,S. Pinto,8473512,C. Giroux,1,0
2026-01-10,2025020704,1,REG,11:34,FLA,pp,none,wrist,1541,8478542,E. Rodrigues,8477932,A. Ekblad,,,1,1
2026-01-10,2025020704,2,REG,13:13,FLA,pp,none,wrist,1541,8477409,C. Verhaeghe,8478055,G. Forsling,8482113,A. Lundell,1,2
2026-01-10,2025020704,3,REG,03:48,FLA,ev,none,slap,1551,8478055,G. Forsling,8477932,A. Ekblad,8477409,C. Verhaeghe,1,3
2026-01-10,2025020704,3,REG,18:18,OTT,ev,none,tip-in,1560,8480208,D. Batherson,8473512,C. Giroux,8482105,J. Sanderson,2,3
2026-01-10,2025020705,1,REG,01:49,TBL,ev,none,snap,1551,8476453,N. Kucherov,8478010,B. Point,,,0,1
2026-01-10,2025020705,1,REG,04:15,PHI,ev,none,tip-in,1551,8477903,G. Hathaway,8478454,N. Juulsen,8479022,R. Abols,1,1
2026-01-10,2025020705,1,REG,06:05,TBL,ev,none,snap,1551,8476453,N. Kucherov,8478010,B. Point,8480426,C. D'Astous,1,2
2026-01-10,2025020705,2,REG,13:37,TBL,ev,none,snap,1551,8477426,N. Paul,8480426,C. D'Astous,8478519,A. Cirelli,1,3
2026-01-10,2025020705,3,REG,02:03,TBL,ev,none,snap,1551,8482201,G. Goncalves,8476453,N. Kucherov,8478178,D. Raddysh,1,4
2026-01-10,2025020705,3,REG,03:37,TBL,ev,none,snap,1551,8479542,B. Hagel,8477404,J. Guentzel,8478519,A. Cirelli,1,5
2026-01-10,2025020705,3,REG,04:45,PHI,pp,none,slap,1451,8480015,O. Tippett,8477989,C. Dvorak,,,2,5
2026-01-10,2025020705,3,REG,09:00,TBL,ev,none,snap,1551,8476826,Y. Gourde,8476878,Z. Girgensons,,,2,6
2026-01-10,2025020705,3,REG,11:00,TBL,ev,none,snap,1551,8482201,G. Goncalves,8476453,N. Kucherov,8478010,B. Point,2,7
2026-01-10,2025020706,1,REG,03:23,CAR,ev,none,snap,1551,8482702,L. Stankoven,8480817,K. Miller,,,1,0
2026-01-10,2025020706,1,REG,14:13,SEA,ev,none,wrist,1551,8482665,M. Beniers,,,,,1,1
2026-01-10,2025020706,3,REG,05:56,SEA,ev,none,snap,1551,8484800,B. Catton,8482751,R. Winterton,,,1,2
2026-01-10,2025020706,3,REG,10:37,CAR,ev,none,snap,1551,8476921,J. Martinook,8473533,J. Staal,8482093,S. Jarvis,2,2
2026-01-10,2025020706,3,REG,13:50,CAR,ev,none,deflected,1551,8477478,W. Carrier,8476958,J. Slavin,8473533,J. Staal,3,2
2026-01-10,2025020707,2,REG,06:41,CHI,pp,none,wrist,1541,8477479,T. Bertuzzi,8484144,C. Bedard,8484783,A. Levshunov,0,1
2026-01-10,2025020707,3,REG,11:01,CHI,ev,none,wrist,1551,8484185,N. Lardis,8484144,C. Bedard,8483466,K. Korchinski,0,2
2026-01-10,2025020707,3,REG,18:32,CHI,ev,empty-net,backhand,1560,8483450,R. Greene,8477479,T. Bertuzzi,,,0,3
2026-01-10,2025020708,1,REG,02:51,MIN,ev,none,tip-in,1551,8480259,B. Jones,8482122,B. Faber,8480800,Q. Hughes,1,0
2026-01-10,2025020708,1,REG,04:18,NYI,ev,own-goal,,1551,8476419,J. Pageau,,,,,1,1
2026-01-10,2025020708,1,REG,15:25,MIN,pp,none,slap,1351,8481557,M. Boldy,8480800,Q. Hughes,8475692,M. Zuccarello,2,1
2026-01-10,2025020708,2,REG,01:29,NYI,ev,none,snap,1551,8481601,S. Holmstrom,8477950,T. DeAngelo,,,2,2
2026-01-10,2025020708,2,REG,08:26,MIN,ev,none,snap,1551,8478864,K. Kaprizov,8482094,D. Hunt,8480800,Q. Hughes,3,2
2026-01-10,2025020708,2,REG,19:34,NYI,sh,none,backhand,1451,8475231,C. Cizikas,8481601,S. Holmstrom,,,3,3
2026-01-10,2025020708,4,OT,01:34,NYI,ev,none,backhand,1331,8481601,S. Holmstrom,8477950,T. DeAngelo,8477494,J. Drouin,3,4
2026-01-10,2025020709,1,REG,09:12,EDM,ev,none,wrist,1551,8477934,L. Draisaitl,8477953,K. Kapanen,,,1,0
2026-01-10,2025020709,1,REG,17:50,LAK,pp,none,wrist,1541,8470621,C. Perry,8482730,B. Clarke,8483808,A. Kuzmenko,1,1
2026-01-10,2025020709,2,REG,01:07,EDM,ev,none,slap,1551,8477934,L. Draisaitl,8480803,E. Bouchard,,,2,1
2026-01-10,2025020709,2,REG,03:42,LAK,ev,none,tip-in,1551,8481732,A. Lee,8482124,Q. Byfield,8483406,T. Ward,2,2
2026-01-10,2025020709,3,REG,06:21,LAK,ev,none,tip-in,1551,8482155,A. Laferriere,8482730,B. Clarke,8477960,A. Kempe,2,3
2026-01-10,2025020709,3,REG,09:20,EDM,pp,none,wrist,1351,8478402,C. McDavid,8476454,R. Nugent-Hopkins,8480803,E. Bouchard,3,3
2026-01-10,2025020709,5,SO,00:00,LAK,ev,none,snap,0101,8477960,A. Kempe,,,,,3,4
2026-01-10,2025020710,1,REG,00:53,STL,ev,none,wrist,1551,8480023,R. Thomas,8481598,P. Broberg,8476892,C. Parayko,0,1
2026-01-10,2025020710,1,REG,07:34,VGK,ev,none,wrist,1551,8478483,M. Marner,,,,,1,1
2026-01-10,2025020710,2,REG,01:27,VGK,ev,none,wrist,1551,8478403,J. Eichel,8481527,K. Korczak,,,2,1
2026-01-10,2025020710,2,REG,15:48,VGK,ev,none,wrist,1551,8477447,S. Theodore,8478468,J. Lauzon,8478483,M. Marner,3,1
2026-01-10,2025020710,3,REG,03:33,STL,pp,none,snap,1541,8482089,J. Neighbours,8480023,R. Thomas,8479385,J. Kyrou,3,2
2026-01-10,2025020710,3,REG,17:36,VGK,ev,empty-net,wrist,0651,8475913,M. Stone,,,,,4,2
2026-01-11,2025020711,1,REG,18:50,WPG,ev,none,wrist,1551,8480113,A. Iafallo,8475799,N. Niederreiter,8480049,D. Samberg,1,0
2026-01-11,2025020711,1,REG,19:27,NJD,ev,none,wrist,1551,8480002,N. Hischier,8482684,L. Hughes,8479407,J. Bratt,1,1
2026-01-11,2025020711,2,REG,01:05,NJD,ev,none,tip-in,1551,8479996,C. Glass,8482684,L. Hughes,8481559,J. Hughes,1,2
2026-01-11,2025020711,2,REG,02:36,WPG,ev,none,backhand,1551,8473604,J. Toews,8482149,C. Perfetti,,,2,2
2026-01-11,2025020711,2,REG,08:08,NJD,ev,none,wrist,1551,8479996,C. Glass,8481559,J. Hughes,8480192,J. Kovacevic,2,3
2026-01-11,2025020711,2,REG,17:57,WPG,ev,none,bat,1551,8480014,G. Vilardi,8482149,C. Perfetti,8477504,J. Morrissey,3,3
2026-01-11,2025020711,3,REG,06:17,WPG,ev,none,wrist,1551,8476871,T. Pearson,8477504,J. Morrissey,8481043,C. Koepke,4,3
2026-01-11,2025020712,1,REG,11:00,BOS,ev,none,backhand,1551,8478042,V. Arvidsson,8480035,H. Jokiharju,8479999,C. Mittelstadt,1,0
2026-01-11,2025020713,1,REG,05:56,WSH,pp,none,slap,1531,8471214,A. Ovechkin,8474590,J. Carlson,8484186,R. Leonard,0,1
2026-01-11,2025020713,1,REG,13:15,NSH,pp,none,slap,1451,8474564,S. Stamkos,8476887,F. Forsberg,8474600,R. Josi,1,1
2026-01-11,2025020713,3,REG,01:12,NSH,ev,none,wrist,1551,8482062,C. Smith,8474600,R. Josi,8483513,R. Schaefer,2,1
2026-01-11,2025020713,3,REG,03:29,NSH,pp,none,slap,1351,8474600,R. Josi,8474564,S. Stamkos,8475158,R. O'Reilly,3,1
2026-01-11,2025020713,3,REG,09:03,WSH,pp,none,wrist,1541,8483573,E. Frank,8471214,A. Ovechkin,8478440,D. Strome,3,2
2026-01-11,2025020714,1,REG,02:47,CBJ,ev,none,wrist,1551,8482451,M. Pyyhtia,8478046,D. Heinen,8478500,I. Provorov,0,1
2026-01-11,2025020714,1,REG,16:20,UTA,ev,none,deflected,1551,8480855,J. McBain,8479343,C. Keller,8480084,N. DeSimone,1,1
2026-01-11,2025020714,2,REG,01:02,UTA,ev,none,snap,1551,8479410,M. Sergachev,8479343,C. Keller,8477951,N. Schmaltz,2,1
2026-01-11,2025020714,2,REG,18:31,CBJ,pp,none,wrist,1541,8475745,C. Coyle,8484166,A. Fantilli,8480893,K. Marchenko,2,2
2026-01-11,2025020714,4,OT,01:01,CBJ,pp,none,tip-in,1431,8481716,D. Voronkov,8478460,Z. Werenski,8480893,K. Marchenko,2,3
2026-01-11,2025020715,1,REG,07:19,VGK,ev,none,wrist,1551,8478403,J. Eichel,8477964,I. Barbashev,8478468,J. Lauzon,0,1
2026-01-11,2025020715,1,REG,09:33,SJS,ev,none,wrist,1551,8484911,C. Graf,8475784,J. Skinner,,,1,1
2026-01-11,2025020715,1,REG,10:57,VGK,pp,none,wrist,1541,8481604,P. Dorofeyev,8476881,T. Hertl,8475913,M. Stone,1,2
2026-01-11,2025020715,2,REG,04:19,VGK,ev,none,snap,1551,8478403,J. Eichel,8475913,M. Stone,,,1,3
2026-01-11,2025020715,2,REG,11:00,VGK,pp,none,wrist,1541,8476881,T. Hertl,8475913,M. Stone,8481604,P. Dorofeyev,1,4
2026-01-11,2025020715,2,REG,12:25,VGK,ev,none,slap,1551,8480727,Z. Whitecloud,8476881,T. Hertl,8478396,N. Hanifin,1,5
2026-01-11,2025020715,2,REG,16:29,SJS,ev,none,wrist,1551,8477505,A. Wennberg,8480043,T. Liljegren,8475726,T. Toffoli,2,5
2026-01-11,2025020715,3,REG,17:03,VGK,ev,empty-net,wrist,1560,8477447,S. Theodore,8476881,T. Hertl,,,2,6
2026-01-11,2025020715,3,REG,18:59,VGK,ev,none,slap,1551,8476881,T. Hertl,8481604,P. Dorofeyev,8478396,N. Hanifin,2,7
2026-01-12,2025020716,1,REG,02:35,FLA,pp,none,tip-in,1541,8477933,S. Reinhart,8484304,U. Balinskis,8477409,C. Verhaeghe,0,1
2026-01-12,2025020716,1,REG,10:19,BUF,ev,none,snap,1551,8480196,J. Bryson,8480802,R. McLeod,8484305,Z. Metsa,1,1
2026-01-12,2025020716,1,REG,15:11,FLA,ev,none,snap,1551,8478421,A. Greer,8477935,S. Bennett,8477409,C. Verhaeghe,1,2
2026-01-12,2025020716,2,REG,17:57,BUF,ev,none,wrist,1551,8484145,Z. Benson,8479420,T. Thompson,,,2,2
2026-01-12,2025020716,3,REG,11:07,FLA,ev,none,wrist,1551,8482113,A. Lundell,8480185,E. Luostarinen,8478055,G. Forsling,2,3
2026-01-12,2025020716,3,REG,18:46,FLA,ev,empty-net,wrist,1560,8478421,A. Greer,8477409,C. Verhaeghe,8477935,S. Bennett,2,4
2026-01-12,2025020716,3,REG,19:46,BUF,ev,none,backhand,1560,8477949,A. Tuch,8481524,B. Byram,8480839,R. Dahlin,3,4
2026-01-12,2025020717,1,REG,01:32,DET,pp,none,backhand,1451,8474037,J. van Riemsdyk,8481542,M. Seider,8482078,L. Raymond,1,0
2026-01-12,2025020717,2,REG,01:28,DET,ev,none,snap,1551,8479337,A. DeBrincat,8477429,A. Copp,8475279,B. Chiarot,2,0
2026-01-12,2025020717,2,REG,04:54,DET,ev,none,snap,1551,8481607,A. Johansson,8474141,P. Kane,8479337,A. DeBrincat,3,0
2026-01-12,2025020717,3,REG,04:44,CAR,pp,none,wrist,1541,8482809,J. Blake,8475791,T. Hall,8482100,A. Nikishin,3,1
2026-01-12,2025020717,3,REG,07:56,CAR,sh,none,wrist,1451,8482093,S. Jarvis,8478427,S. Aho,,,3,2
2026-01-12,2025020717,3,REG,16:59,CAR,pp,none,slap,1531,8476906,S. Gostisbehere,8478427,S. Aho,,,3,3
2026-01-12,2025020717,4,OT,03:27,DET,ev,none,snap,1331,8477429,A. Copp,8479337,A. DeBrincat,,,4,3
2026-01-12,2025020718,1,REG,03:08,NYR,ev,none,wrist,1551,8476459,M. Zibanejad,8478550,A. Panarin,8477369,C. Soucy,1,0
2026-01-12,2025020718,1,REG,05:31,NYR,ev,none,wrist,1551,8475842,S. Carrick,,,,,2,0
2026-01-12,2025020718,2,REG,01:00,SEA,ev,none,wrist,1551,8480009,E. Tolvanen,8477919,F. Gaudreau,,,2,1
2026-01-12,2025020718,2,REG,04:27,SEA,ev,none,snap,1551,8474586,J. Eberle,8481554,K. Kakko,8482665,M. Beniers,2,2
2026-01-12,2025020718,3,REG,12:02,SEA,ev,none,wrist,1551,8484800,B. Catton,8483524,S. Wright,8479324,R. Lindgren,2,3
2026-01-12,2025020718,3,REG,19:50,SEA,ev,empty-net,wrist,1560,8477955,J. McCann,,,,,2,4
2026-01-12,2025020719,1,REG,01:10,TBL,ev,none,snap,1551,8480995,P. Holmberg,8476878,Z. Girgensons,8476826,Y. Gourde,0,1
2026-01-12,2025020719,2,REG,00:33,TBL,ev,none,deflected,1551,8477404,J. Guentzel,8478416,E. Cernak,8479542,B. Hagel,0,2
2026-01-12,2025020719,2,REG,04:29,TBL,pp,none,backhand,1541,8478010,B. Point,8477416,O. Bjorkstrand,8477404,J. Guentzel,0,3
2026-01-12,2025020719,2,REG,05:40,PHI,ev,none,wrist,1441,8477989,C. Dvorak,,,,,1,3
2026-01-12,2025020719,2,REG,19:29,TBL,pp,none,wrist,1541,8479542,B. Hagel,8478178,D. Raddysh,8476453,N. Kucherov,1,4
2026-01-12,2025020719,3,REG,16:39,TBL,ev,empty-net,wrist,1560,8476453,N. Kucherov,8478178,D. Raddysh,8478519,A. Cirelli,1,5
2026-01-12,2025020720,1,REG,11:53,VAN,ev,none,snap,1551,8480012,E. Pettersson,8481024,L. Karlsson,8479425,F. Hronek,0,1
2026-01-12,2025020720,1,REG,18:13,MTL,pp,none,snap,1451,8480865,N. Dobson,8480018,N. Suzuki,,,1,1
2026-01-12,2025020720,2,REG,01:50,VAN,ev,none,snap,1551,8475169,E. Kane,8482691,A. Räty,,,1,2
2026-01-12,2025020720,2,REG,04:31,MTL,ev,none,snap,1551,8478851,A. Carrier,8480018,N. Suzuki,8480074,A. Texier,2,2
2026-01-12,2025020720,2,REG,04:51,MTL,ev,none,snap,1551,8478851,A. Carrier,8483515,J. Slafkovský,8484984,I. Demidov,3,2
2026-01-12,2025020720,2,REG,09:42,VAN,ev,none,snap,1551,8484136,M. Sasson,8482055,D. O'Connor,8480058,P. Joseph,3,3
2026-01-12,2025020720,3,REG,00:29,MTL,ev,none,snap,1551,8476875,M. Matheson,8481540,C. Caufield,8480074,A. Texier,4,3
2026-01-12,2025020720,3,REG,01:07,MTL,ev,none,snap,1551,8483515,J. Slafkovský,8484984,I. Demidov,8483457,L. Hutson,5,3
2026-01-12,2025020720,3,REG,06:05,MTL,ev,none,snap,1551,8482775,O. Kapanen,8484984,I. Demidov,8483515,J. Slafkovský,6,3
2026-01-12,2025020721,1,REG,10:07,NJD,ev,none,snap,1551,8482110,D. Mercer,8480002,N. Hischier,,,0,1
2026-01-12,2025020721,2,REG,13:41,MIN,ev,none,deflected,1551,8477451,R. Hartman,8482122,B. Faber,8475149,M. Johansson,1,1
2026-01-12,2025020721,2,REG,19:52,NJD,ev,none,wrist,1551,8476292,O. Palat,8480002,N. Hischier,8478399,J. Siegenthaler,1,2
2026-01-12,2025020721,3,REG,07:28,NJD,ev,none,wrist,1551,8479407,J. Bratt,8476462,D. Hamilton,8481559,J. Hughes,1,3
2026-01-12,2025020721,3,REG,07:49,NJD,ev,none,tip-in,1551,8479407,J. Bratt,8476462,D. Hamilton,8475455,B. Dillon,1,4
2026-01-12,2025020721,3,REG,09:39,NJD,ev,none,wrist,1551,8476292,O. Palat,8482110,D. Mercer,,,1,5
2026-01-12,2025020721,3,REG,19:41,MIN,pp,none,wrist,1451,8475220,M. Foligno,8476463,J. Brodin,8476994,V. Hinostroza,2,5
2026-01-12,2025020722,1,REG,14:41,EDM,ev,none,tip-in,1551,8475786,Z. Hyman,8480803,E. Bouchard,8478402,C. McDavid,0,1
2026-01-12,2025020722,2,REG,00:16,EDM,ev,none,snap,1551,8480803,E. Bouchard,8476454,R. Nugent-Hopkins,8478402,C. McDavid,0,2
2026-01-12,2025020722,3,REG,14:46,CHI,ev,none,wrist,1551,8477479,T. Bertuzzi,8482176,W. Kaiser,,,1,2
2026-01-12,2025020722,3,REG,19:07,EDM,ev,empty-net,wrist,1560,8480803,E. Bouchard,8475786,Z. Hyman,,,1,3
2026-01-12,2025020722,3,REG,19:15,EDM,ev,none,wrist,1551,8477934,L. Draisaitl,,,,,1,4
2026-01-12,2025020723,1,REG,11:15,TOR,ev,own-goal,,1551,8484158,E. Cowan,,,,,0,1
2026-01-12,2025020723,1,REG,16:12,COL,ev,none,wrist,1551,8480069,C. Makar,8480039,M. Necas,8477492,N. MacKinnon,1,1
2026-01-12,2025020723,1,REG,17:53,COL,pp,none,slap,1451,8475754,B. Nelson,8477492,N. MacKinnon,8480069,C. Makar,2,1
2026-01-12,2025020723,2,REG,02:12,TOR,ev,none,wrist,1551,8482259,B. McMann,,,,,2,2
2026-01-12,2025020723,3,REG,10:24,TOR,ev,none,wrist,1441,8479318,A. Matthews,8477939,W. Nylander,8475171,O. Ekman-Larsson,2,3
2026-01-12,2025020723,3,REG,12:55,COL,ev,none,tip-in,1551,8480039,M. Necas,8477492,N. MacKinnon,,,3,3
2026-01-12,2025020723,4,OT,03:59,TOR,ev,none,wrist,1331,8477939,W. Nylander,8475171,O. Ekman-Larsson,8479318,A. Matthews,3,4
2026-01-12,2025020724,1,REG,03:44,DAL,ev,none,snap,1551,8482740,W. Johnston,8479351,S. Steel,8476902,E. Lindell,0,1
2026-01-12,2025020724,3,REG,08:42,LAK,pp,none,wrist,1451,8482124,Q. Byfield,8470621,C. Perry,8482730,B. Clarke,1,1
2026-01-12,2025020724,3,REG,16:14,DAL,ev,none,backhand,1551,8480027,J. Robertson,8478449,R. Hintz,8476902,E. Lindell,1,2
2026-01-12,2025020724,3,REG,19:42,DAL,ev,empty-net,wrist,1560,8475168,M. Duchene,8478420,M. Rantanen,8479351,S. Steel,1,3
2026-01-13,2025020725,1,REG,15:36,OTT,ev,none,wrist,1551,8482245,A. Zub,8481596,S. Pinto,8478020,M. Amadio,1,0
2026-01-13,2025020725,1,REG,15:51,OTT,ev,none,wrist,1551,8481606,J. Spence,8480208,D. Batherson,8482116,T. Stützle,2,0
2026-01-13,2025020725,3,REG,01:17,VAN,ev,none,snap,1551,8480012,E. Pettersson,8481024,L. Karlsson,,,2,1
2026-01-13,2025020726,3,REG,14:13,TBL,ev,none,backhand,1551,8482655,J. Moser,8476826,Y. Gourde,8476878,Z. Girgensons,0,1
2026-01-13,2025020726,3,REG,17:44,PIT,ev,none,wrist,1560,8471215,E. Malkin,8471724,K. Letang,,,1,1
2026-01-13,2025020726,5,SO,00:00,TBL,ev,none,wrist,0101,8476453,N. Kucherov,,,,,1,2
2026-01-13,2025020727,1,REG,08:14,MTL,sh,none,snap,1451,8476981,J. Anderson,,,,,0,1
2026-01-13,2025020727,2,REG,07:40,MTL,ev,none,wrist,1551,8475848,B. Gallagher,8476479,P. Danault,8482737,Z. Bolduc,0,2
2026-01-13,2025020727,3,REG,05:06,WSH,ev,none,deflected,1551,8483573,E. Frank,8478911,M. Roy,8480873,R. Sandin,1,2
2026-01-13,2025020727,3,REG,18:06,WSH,ev,none,tip-in,1560,8483573,E. Frank,8480873,R. Sandin,8478463,A. Beauvillier,2,2
2026-01-13,2025020727,4,OT,04:21,WSH,ev,none,wrist,1331,8481580,C. McMichael,8478440,D. Strome,8480873,R. Sandin,3,2
2026-01-13,2025020728,1,REG,03:57,CBJ,ev,none,snap,1551,8479371,D. Fabbro,8478460,Z. Werenski,8475745,C. Coyle,1,0
2026-01-13,2025020728,1,REG,13:24,CBJ,ev,none,snap,1551,8475745,C. Coyle,8481161,J. Christiansen,8481716,D. Voronkov,2,0
2026-01-13,2025020728,2,REG,12:00,CGY,pp,none,backhand,1541,8480028,M. Frost,8474150,M. Backlund,8481068,Y. Sharangovich,2,1
2026-01-13,2025020728,2,REG,19:18,CGY,pp,none,slap,1541,8478397,R. Andersson,8481068,Y. Sharangovich,8482074,C. Zary,2,2
2026-01-13,2025020728,3,REG,04:46,CBJ,pp,none,snap,1351,8478460,Z. Werenski,8484166,A. Fantilli,8480893,K. Marchenko,3,2
2026-01-13,2025020728,3,REG,10:05,CGY,pp,none,backhand,1541,8474150,M. Backlund,8480028,M. Frost,8482074,C. Zary,3,3
2026-01-13,2025020728,3,REG,18:26,CBJ,ev,none,snap,1551,8476432,B. Jenner,,,,,4,3
2026-01-13,2025020728,3,REG,19:57,CBJ,ev,empty-net,wrist,0651,8475745,C. Coyle,8476432,B. Jenner,8478460,Z. Werenski,5,3
2026-01-13,2025020729,2,REG,10:59,BOS,ev,none,wrist,1551,8478401,P. Zacha,8482511,M. Lohrei,8478042,V. Arvidsson,1,0
2026-01-13,2025020729,3,REG,03:49,BOS,ev,none,wrist,1551,8483489,F. Minten,8479325,C. McAvoy,8477956,D. Pastrnak,2,0
2026-01-13,2025020729,3,REG,16:01,BOS,ev,empty-net,backhand,0651,8480355,M. Kastelic,8479661,T. Jeannot,8476374,S. Kuraly,3,0
2026-01-13,2025020730,2,REG,03:09,STL,sh,none,wrist,1541,8475760,N. Bjugstad,8484230,O. Stenberg,8475753,J. Faulk,1,0
2026-01-13,2025020730,2,REG,09:45,STL,ev,none,snap,1551,8484164,D. Dvorsky,8482089,J. Neighbours,8481006,T. Tucker,2,0
2026-01-13,2025020730,2,REG,12:49,STL,pp,none,wrist,1451,8483516,J. Snuggerud,8479385,J. Kyrou,8475170,B. Schenn,3,0
2026-01-13,2025020731,1,REG,02:45,NSH,ev,none,wrist,1551,8474564,S. Stamkos,8478047,M. Bunting,,,1,0
2026-01-13,2025020731,1,REG,17:06,EDM,pp,none,wrist,1541,8475786,Z. Hyman,8477934,L. Draisaitl,8478402,C. McDavid,1,1
2026-01-13,2025020731,2,REG,03:03,NSH,ev,none,backhand,1551,8475287,E. Haula,8484241,M. Wood,8482482,A. Wilsby,2,1
2026-01-13,2025020731,2,REG,07:20,EDM,ev,none,snap,1551,8477934,L. Draisaitl,8477953,K. Kapanen,8481617,V. Podkolzin,2,2
2026-01-13,2025020731,2,REG,13:12,EDM,pp,none,poke,1541,8475786,Z. Hyman,8477934,L. Draisaitl,8478402,C. McDavid,2,3
2026-01-13,2025020731,2,REG,13:50,NSH,ev,none,slap,1551,8474600,R. Josi,8483565,N. Blankenburg,,,3,3
2026-01-13,2025020731,4,OT,03:43,NSH,ev,none,wrist,1331,8474600,R. Josi,8476869,B. Skjei,8475158,R. O'Reilly,4,3
2026-01-13,2025020732,1,REG,04:20,WPG,ev,none,tip-in,1551,8478398,K. Connor,8480113,A. Iafallo,8476460,M. Scheifele,1,0
2026-01-13,2025020732,2,REG,05:41,WPG,ev,none,wrist,1551,8477504,J. Morrissey,8482149,C. Perfetti,8476392,A. Lowry,2,0
2026-01-13,2025020732,2,REG,06:23,WPG,pp,none,slap,1451,8473604,J. Toews,8480014,G. Vilardi,8478398,K. Connor,3,0
2026-01-13,2025020732,2,REG,07:40,NYI,ev,none,wrist,1551,8477407,A. Duclair,8475314,A. Lee,8477506,R. Pulock,3,1
2026-01-13,2025020732,2,REG,08:58,NYI,ev,penalty-shot,backhand,0101,8482476,E. Heineman,,,,,3,2
2026-01-13,2025020732,2,REG,10:21,NYI,ev,none,snap,1551,8481237,K. MacLean,8475231,C. Cizikas,,,3,3
2026-01-13,2025020732,2,REG,12:23,WPG,ev,none,wrist,1551,8476331,D. DeMelo,8476460,M. Scheifele,8476480,V. Namestnikov,4,3
2026-01-13,2025020732,2,REG,19:40,WPG,ev,none,deflected,1551,8476392,A. Lowry,8480145,N. Pionk,8480049,D. Samberg,5,3
2026-01-13,2025020732,3,REG,19:14,NYI,ev,none,wrist,0651,8485366,M. Schaefer,8478445,M. Barzal,8482476,E. Heineman,5,4
2026-01-13,2025020733,1,REG,03:22,UTA,ev,none,slap,1551,8479619,M. Carcone,8477220,N. Schmidt,8478507,J. Marino,1,0
2026-01-13,2025020733,2,REG,05:26,UTA,ev,none,snap,1551,8482699,D. Guenther,8480855,J. McBain,8474013,I. Cole,2,0
2026-01-13,2025020733,2,REG,06:44,UTA,ev,none,snap,1551,8482699,D. Guenther,8480855,J. McBain,,,3,0
2026-01-13,2025020733,2,REG,15:25,UTA,ev,none,snap,1551,8482175,J. Peterka,8484388,D. But,8474013,I. Cole,4,0
2026-01-13,2025020733,3,REG,03:30,TOR,ev,none,snap,1551,8475714,C. Jarnkrok,8475171,O. Ekman-Larsson,,,4,1
2026-01-13,2025020733,3,REG,13:29,UTA,ev,none,tip-in,1551,8480855,J. McBain,8482699,D. Guenther,8479619,M. Carcone,5,1
2026-01-13,2025020733,3,REG,16:54,UTA,ev,none,snap,1551,8484388,D. But,8480849,B. Hayton,8482175,J. Peterka,6,1
2026-01-13,2025020734,2,REG,03:36,ANA,ev,none,snap,1450,8475184,C. Kreider,8475798,M. Granlund,8475462,R. Gudas,1,0
2026-01-13,2025020734,3,REG,12:03,ANA,ev,none,backhand,1551,8484762,B. Sennecke,,,,,2,0
2026-01-13,2025020734,3,REG,17:48,DAL,ev,none,snap,0651,8478449,R. Hintz,8475168,M. Duchene,8482740,W. Johnston,2,1
2026-01-13,2025020734,3,REG,19:39,ANA,ev,empty-net,wrist,0651,8476885,J. Trouba,8481605,J. LaCombe,,,3,1
2026-01-14,2025020735,1,REG,00:54,NJD,ev,none,wrist,1551,8479996,C. Glass,8476462,D. Hamilton,,,1,0
2026-01-14,2025020735,1,REG,08:55,SEA,ev,none,wrist,1551,8476457,A. Larsson,8477955,J. McCann,8478407,V. Dunn,1,1
2026-01-14,2025020735,2,REG,03:33,NJD,pp,none,slap,1451,8480002,N. Hischier,8481559,J. Hughes,8482684,L. Hughes,2,1
2026-01-14,2025020735,2,REG,05:06,SEA,pp,none,snap,1541,8477955,J. McCann,8478407,V. Dunn,8474586,J. Eberle,2,2
2026-01-14,2025020735,4,OT,03:42,NJD,ev,none,backhand,1331,8480002,N. Hischier,8481559,J. Hughes,8482684,L. Hughes,3,2
2026-01-14,2025020736,1,REG,09:30,BUF,pp,none,snap,1451,8480839,R. Dahlin,8482659,J. Doan,8479420,T. Thompson,1,0
2026-01-14,2025020736,1,REG,15:13,BUF,ev,none,snap,1551,8480807,M. Samuelsson,8483500,N. Ostlund,8482659,J. Doan,2,0
2026-01-14,2025020736,2,REG,04:22,BUF,ev,none,snap,1551,8482097,J. Quinn,8480802,R. McLeod,8484145,Z. Benson,3,0
2026-01-14,2025020736,2,REG,10:28,PHI,ev,none,snap,1551,8480015,O. Tippett,8480220,N. Cates,,,3,1
2026-01-14,2025020736,2,REG,13:51,BUF,pp,none,snap,1451,8480839,R. Dahlin,8480064,J. Norris,8479420,T. Thompson,4,1
2026-01-14,2025020736,3,REG,07:37,PHI,pp,none,deflected,1541,8481533,T. Zegras,8478439,T. Konecny,8480015,O. Tippett,4,2
2026-01-14,2025020736,3,REG,19:20,BUF,sh,empty-net,wrist,0641,8480802,R. McLeod,8477949,A. Tuch,,,5,2
2026-01-14,2025020737,1,REG,02:18,OTT,pp,none,wrist,1541,8480208,D. Batherson,8481528,D. Cozens,8480801,B. Tkachuk,0,1
2026-01-14,2025020737,1,REG,04:53,OTT,ev,none,slap,1551,8475324,N. Jensen,8482092,R. Greig,8481528,D. Cozens,0,2
2026-01-14,2025020737,1,REG,15:01,OTT,ev,none,snap,1551,8480801,B. Tkachuk,8482092,R. Greig,8475324,N. Jensen,0,3
2026-01-14,2025020737,1,REG,19:54,OTT,ev,none,wrist,1551,8481528,D. Cozens,8482092,R. Greig,8480801,B. Tkachuk,0,4
2026-01-14,2025020737,2,REG,05:57,OTT,ev,none,snap,1551,8482105,J. Sanderson,8482245,A. Zub,8476393,N. Cousins,0,5
2026-01-14,2025020737,2,REG,12:23,OTT,ev,none,slap,1551,8478469,T. Chabot,8476393,N. Cousins,8474102,D. Perron,0,6
2026-01-14,2025020737,2,REG,18:55,NYR,ev,none,backhand,1551,8484210,G. Perreault,8476468,J. Miller,8476459,M. Zibanejad,1,6
2026-01-14,2025020737,3,REG,05:26,NYR,ev,none,backhand,1551,8484210,G. Perreault,8476459,M. Zibanejad,8476468,J. Miller,2,6
2026-01-14,2025020737,3,REG,08:20,OTT,ev,none,wrist,1551,8474102,D. Perron,,,,,2,7
2026-01-14,2025020737,3,REG,10:44,NYR,pp,none,tip-in,1451,8483690,N. Laba,8482109,A. Lafrenière,8482666,S. Morrow,3,7
2026-01-14,2025020737,3,REG,15:58,NYR,ev,none,wrist,1551,8482109,A. Lafrenière,8478550,A. Panarin,8477369,C. Soucy,4,7
2026-01-14,2025020737,3,REG,19:11,OTT,ev,empty-net,wrist,1560,8482116,T. Stützle,8480801,B. Tkachuk,8482105,J. Sanderson,4,8
2026-01-14,2025020738,2,REG,03:56,VGK,ev,none,wrist,1551,8483890,B. Bowman,8478403,J. Eichel,8477447,S. Theodore,0,1
2026-01-14,2025020738,3,REG,06:24,LAK,ev,none,snap,1551,8477942,K. Fiala,8481532,A. Turcotte,8483808,A. Kuzmenko,1,1
2026-01-14,2025020738,3,REG,12:07,VGK,pp,none,wrist,1541,8478483,M. Marner,8475913,M. Stone,8478403,J. Eichel,1,2
2026-01-14,2025020738,3,REG,18:33,LAK,ev,none,wrist,1560,8482730,B. Clarke,8477960,A. Kempe,8477942,K. Fiala,2,2
2026-01-14,2025020738,4,OT,00:25,VGK,ev,none,wrist,1331,8475913,M. Stone,8478403,J. Eichel,,,2,3
2026-01-15,2025020740,1,REG,03:11,MTL,ev,none,wrist,1551,8481540,C. Caufield,8480865,N. Dobson,,,0,1
2026-01-15,2025020740,1,REG,04:05,BUF,pp,none,snap,1451,8479420,T. Thompson,8483500,N. Ostlund,8475722,J. Zucker,1,1
2026-01-15,2025020740,1,REG,10:30,BUF,pp,none,wrist,1451,8482659,J. Doan,8479420,T. Thompson,8483500,N. Ostlund,2,1
2026-01-15,2025020740,1,REG,14:20,MTL,pp,none,slap,1531,8484984,I. Demidov,8483457,L. Hutson,8480018,N. Suzuki,2,2
2026-01-15,2025020740,2,REG,03:05,MTL,pp,none,snap,1541,8480018,N. Suzuki,8483457,L. Hutson,8481540,C. Caufield,2,3
2026-01-15,2025020740,2,REG,08:55,BUF,ev,none,snap,1551,8477949,A. Tuch,8479420,T. Thompson,8480839,R. Dahlin,3,3
2026-01-15,2025020740,3,REG,05:12,BUF,ev,none,snap,1551,8479420,T. Thompson,8482659,J. Doan,,,4,3
2026-01-15,2025020740,3,REG,18:20,BUF,ev,empty-net,wrist,0651,8479420,T. Thompson,8484145,Z. Benson,,,5,3
2026-01-15,2025020741,1,REG,02:16,PIT,pp,none,tip-in,1451,8479638,J. Brazeau,8485414,B. Kindel,8477511,A. Mantha,1,0
2026-01-15,2025020741,1,REG,12:25,PIT,pp,none,wrist,1451,8475810,B. Rust,8471724,K. Letang,8471675,S. Crosby,2,0
2026-01-15,2025020741,2,REG,01:16,PIT,ev,none,wrist,1551,8482475,E. Chinakhov,8471215,E. Malkin,8478438,T. Novak,3,0
2026-01-15,2025020741,2,REG,02:17,PHI,ev,none,tip-in,1551,8479022,R. Abols,8481546,C. York,8479336,C. Grundstrom,3,1
2026-01-15,2025020741,2,REG,18:29,PIT,ev,none,backhand,1551,8481481,B. Lizotte,8478569,N. Acciari,,,4,1
2026-01-15,2025020741,3,REG,03:10,PIT,pp,none,wrist,1451,8471675,S. Crosby,8471215,E. Malkin,8476483,R. Rakell,5,1
2026-01-15,2025020741,3,REG,04:27,PIT,ev,none,wrist,1551,8480980,C. Dewar,8478438,T. Novak,,,6,1
2026-01-15,2025020741,3,REG,10:54,PHI,ev,none,wrist,1551,8476372,N. Seeler,8484142,D. Barkey,8478454,N. Juulsen,6,2
2026-01-15,2025020741,3,REG,17:25,PHI,ev,none,wrist,1551,8484387,M. Michkov,8484142,D. Barkey,8476461,S. Couturier,6,3
2026-01-15,2025020742,2,REG,10:58,WSH,pp,none,backhand,1451,8478440,D. Strome,8471214,A. Ovechkin,8479345,J. Chychrun,1,0
2026-01-15,2025020742,2,REG,13:27,SJS,ev,none,snap,1551,8482859,Z. Ostapchuk,8475200,D. Orlov,8482667,W. Eklund,1,1
2026-01-15,2025020742,2,REG,14:53,SJS,ev,none,tip-in,1551,8484911,C. Graf,8483630,P. Regenda,,,1,2
2026-01-15,2025020742,2,REG,16:13,SJS,ev,none,snap,1551,8483630,P. Regenda,8484801,M. Celebrini,8484911,C. Graf,1,3
2026-01-15,2025020742,3,REG,09:11,WSH,ev,none,snap,1551,8484186,R. Leonard,8474590,J. Carlson,8480796,M. Fehérváry,2,3
2026-01-15,2025020743,1,REG,17:25,CBJ,pp,none,backhand,1451,8475745,C. Coyle,8480893,K. Marchenko,8484166,A. Fantilli,1,0
2026-01-15,2025020743,2,REG,05:49,CBJ,ev,none,wrist,1551,8480893,K. Marchenko,,,,,2,0
2026-01-15,2025020743,2,REG,10:14,CBJ,pp,none,wrist,1451,8478460,Z. Werenski,8482660,K. Johnson,,,3,0
2026-01-15,2025020743,2,REG,14:09,VAN,pp,none,snap,1541,8478444,B. Boeser,8480012,E. Pettersson,8484798,Z. Buium,3,1
2026-01-15,2025020743,3,REG,10:13,CBJ,ev,none,wrist,1551,8482660,K. Johnson,8476432,B. Jenner,8476923,D. Severson,4,1
2026-01-15,2025020739,1,REG,00:54,BOS,ev,none,backhand,1551,8482177,M. Khusnutdinov,8479325,C. McAvoy,,,1,0
2026-01-15,2025020739,1,REG,03:45,BOS,ev,none,deflected,1551,8478042,V. Arvidsson,8478401,P. Zacha,8479999,C. Mittelstadt,2,0
2026-01-15,2025020739,1,REG,07:29,SEA,pp,none,tip-in,1541,8476905,C. Stephenson,8477955,J. McCann,8478407,V. Dunn,2,1
2026-01-15,2025020739,2,REG,04:40,BOS,sh,none,backhand,1541,8480355,M. Kastelic,,,,,3,1
2026-01-15,2025020739,2,REG,12:27,SEA,pp,none,wrist,1541,8480009,E. Tolvanen,8477986,B. Montour,8481554,K. Kakko,3,2
2026-01-15,2025020739,3,REG,19:45,BOS,pp,empty-net,wrist,0551,8477956,D. Pastrnak,8479987,M. Geekie,8479325,C. McAvoy,4,2
2026-01-15,2025020744,1,REG,14:08,WPG,pp,none,slap,1531,8473604,J. Toews,8480014,G. Vilardi,8476460,M. Scheifele,0,1
2026-01-15,2025020744,1,REG,19:49,WPG,ev,none,snap,1551,8476871,T. Pearson,8480289,M. Barron,8476331,D. DeMelo,0,2
2026-01-15,2025020744,1,REG,19:57,WPG,ev,none,slap,1551,8477504,J. Morrissey,8476460,M. Scheifele,8473604,J. Toews,0,3
2026-01-15,2025020744,2,REG,04:53,MIN,ev,none,wrist,1551,8483525,D. Yurov,8478136,J. Middleton,8475765,V. Tarasenko,1,3
2026-01-15,2025020744,2,REG,09:33,WPG,ev,none,slap,1551,8479378,L. Stanley,,,,,1,4
2026-01-15,2025020744,2,REG,12:51,WPG,pp,none,wrist,1541,8480014,G. Vilardi,8477504,J. Morrissey,8476460,M. Scheifele,1,5
2026-01-15,2025020744,2,REG,17:12,WPG,ev,none,wrist,1551,8476460,M. Scheifele,8480113,A. Iafallo,8478398,K. Connor,1,6
2026-01-15,2025020744,3,REG,17:18,MIN,ev,none,snap,1551,8475149,M. Johansson,8481557,M. Boldy,8477451,R. Hartman,2,6
2026-01-15,2025020745,1,REG,02:38,CHI,ev,none,wrist,1551,8473422,N. Foligno,8482703,C. Dach,8482172,L. Slaggert,1,0
2026-01-15,2025020745,1,REG,03:14,CGY,pp,none,snap,1541,8481068,Y. Sharangovich,8474150,M. Backlund,8482074,C. Zary,1,1
2026-01-15,2025020745,1,REG,06:05,CGY,sh,none,wrist,1451,8474150,M. Backlund,,,,,1,2
2026-01-15,2025020745,3,REG,18:59,CGY,ev,empty-net,wrist,1560,8482679,M. Coronato,8481068,Y. Sharangovich,,,1,3
2026-01-15,2025020746,2,REG,19:53,UTA,ev,none,tip-in,1551,8477951,N. Schmaltz,8478507,J. Marino,8479343,C. Keller,1,0
2026-01-15,2025020746,3,REG,02:04,DAL,pp,none,wrist,1541,8478420,M. Rantanen,8482740,W. Johnston,8480027,J. Robertson,1,1
2026-01-15,2025020746,3,REG,04:03,UTA,ev,none,snap,1551,8478507,J. Marino,8477951,N. Schmaltz,,,2,1
2026-01-15,2025020747,3,REG,13:42,NYI,pp,none,snap,1541,8477407,A. Duclair,8484221,C. Ritchie,8478445,M. Barzal,0,1
2026-01-15,2025020748,1,REG,02:05,TOR,ev,none,snap,1551,8476853,M. Rielly,8477939,W. Nylander,8475166,J. Tavares,0,1
2026-01-15,2025020748,1,REG,05:03,TOR,ev,none,backhand,1551,8477939,W. Nylander,8481711,M. Maccelli,8478443,B. Carlo,0,2
2026-01-15,2025020748,1,REG,08:12,VGK,pp,none,slap,1451,8481604,P. Dorofeyev,8478483,M. Marner,8478403,J. Eichel,1,2
2026-01-15,2025020748,1,REG,09:57,TOR,ev,none,tip-in,1551,8479318,A. Matthews,8476931,J. McCabe,8479442,T. Stecher,1,3
2026-01-15,2025020748,2,REG,05:51,VGK,ev,none,wrist,1551,8478434,K. Kolesar,8483890,B. Bowman,8478396,N. Hanifin,2,3
2026-01-15,2025020748,2,REG,12:46,TOR,pp,none,tip-in,1541,8475166,J. Tavares,8481711,M. Maccelli,8482720,M. Knies,2,4
2026-01-15,2025020748,3,REG,02:10,VGK,pp,none,backhand,1451,8481604,P. Dorofeyev,8478483,M. Marner,8476881,T. Hertl,3,4
2026-01-15,2025020748,3,REG,08:58,TOR,ev,none,snap,1551,8476872,S. Laughton,8482720,M. Knies,8478904,S. Lorentz,3,5
2026-01-15,2025020748,3,REG,10:14,VGK,ev,none,deflected,1551,8475913,M. Stone,8477964,I. Barbashev,8478403,J. Eichel,4,5
2026-01-15,2025020748,3,REG,19:53,VGK,ev,none,wrist,1560,8476881,T. Hertl,8478403,J. Eichel,8475913,M. Stone,5,5
2026-01-15,2025020748,4,OT,02:44,VGK,ev,none,backhand,1331,8478403,J. Eichel,8475913,M. Stone,,,6,5
2026-01-16,2025020749,1,REG,06:18,DET,pp,none,snap,1451,8479337,A. DeBrincat,8482078,L. Raymond,8474037,J. van Riemsdyk,1,0
2026-01-16,2025020749,1,REG,09:54,SJS,ev,none,backhand,1551,8484227,W. Smith,8484801,M. Celebrini,8475906,J. Klingberg,1,1
2026-01-16,2025020749,2,REG,01:58,SJS,ev,none,tip-in,1551,8484911,C. Graf,8475181,N. Leddy,8484806,S. Dickinson,1,2
2026-01-16,2025020749,2,REG,06:55,DET,ev,none,snap,1551,8477456,J. Compher,8483464,M. Kasper,,,2,2
2026-01-16,2025020749,3,REG,04:41,DET,ev,none,backhand,1551,8477946,D. Larkin,8482078,L. Raymond,8474037,J. van Riemsdyk,3,2
2026-01-16,2025020749,3,REG,18:28,DET,ev,empty-net,wrist,0651,8483464,M. Kasper,8482078,L. Raymond,,,4,2
2026-01-16,2025020750,1,REG,18:35,CAR,ev,none,slap,1551,8477940,N. Ehlers,8473533,J. Staal,8476921,J. Martinook,1,0
2026-01-16,2025020750,2,REG,01:19,FLA,ev,none,slap,1551,8484304,U. Balinskis,8482713,M. Samoskevich,8483771,S. Vilmanis,1,1
2026-01-16,2025020750,2,REG,13:10,CAR,ev,none,backhand,1551,8476873,M. Jankowski,8482100,A. Nikishin,8476422,M. Reilly,2,1
2026-01-16,2025020750,2,REG,16:28,CAR,pp,none,slap,1451,8482100,A. Nikishin,8478427,S. Aho,8477940,N. Ehlers,3,1
2026-01-16,2025020750,3,REG,04:08,CAR,pp,none,snap,1451,8480830,A. Svechnikov,8482093,S. Jarvis,8478427,S. Aho,4,1
2026-01-16,2025020750,3,REG,11:17,CAR,pp,none,snap,1351,8477940,N. Ehlers,8482093,S. Jarvis,8480830,A. Svechnikov,5,1
2026-01-16,2025020750,3,REG,11:38,CAR,pp,none,snap,1451,8475791,T. Hall,8482702,L. Stankoven,8476873,M. Jankowski,6,1
2026-01-16,2025020750,3,REG,13:03,CAR,ev,none,snap,1551,8477940,N. Ehlers,8482702,L. Stankoven,8482809,J. Blake,7,1
2026-01-16,2025020750,3,REG,18:23,CAR,ev,none,snap,1551,8475791,T. Hall,8482809,J. Blake,,,8,1
2026-01-16,2025020750,3,REG,18:35,CAR,ev,none,snap,1551,8480762,E. Robinson,8480829,J. Kotkaniemi,8476873,M. Jankowski,9,1
2026-01-16,2025020751,1,REG,17:03,STL,ev,none,wrist,1551,8482089,J. Neighbours,8479385,J. Kyrou,8475764,C. Fowler,1,0
2026-01-16,2025020751,1,REG,17:33,STL,ev,none,wrist,1551,8475760,N. Bjugstad,8477402,P. Buchnevich,,,2,0
2026-01-16,2025020751,2,REG,09:59,TBL,pp,none,slap,1531,8476453,N. Kucherov,8479542,B. Hagel,8478178,D. Raddysh,2,1
2026-01-16,2025020751,2,REG,11:01,TBL,pp,none,wrist,1541,8477416,O. Bjorkstrand,8476453,N. Kucherov,8478178,D. Raddysh,2,2
2026-01-16,2025020751,5,SO,00:00,STL,ev,none,backhand,1010,8479385,J. Kyrou,,,,,3,2
2026-01-16,2025020752,1,REG,00:30,NSH,ev,none,backhand,1551,8475158,R. O'Reilly,8476887,F. Forsberg,,,0,1
2026-01-16,2025020752,1,REG,01:24,COL,ev,none,backhand,1551,8475754,B. Nelson,8470613,B. Burns,8477501,V. Nichushkin,1,1
2026-01-16,2025020752,1,REG,07:32,NSH,ev,none,wrist,1551,8475158,R. O'Reilly,8482146,L. Evangelista,8476887,F. Forsberg,1,2
2026-01-16,2025020752,1,REG,11:16,COL,ev,none,wrist,1551,8475754,B. Nelson,8476312,J. Manson,8484258,S. Malinski,2,2
2026-01-16,2025020752,2,REG,13:01,NSH,ev,none,wrist,1551,8475158,R. O'Reilly,8482146,L. Evangelista,8474600,R. Josi,2,3
2026-01-16,2025020752,2,REG,18:04,NSH,ev,none,wrist,1551,8478047,M. Bunting,8474564,S. Stamkos,,,2,4
2026-01-16,2025020752,3,REG,01:09,COL,ev,none,snap,1551,8480039,M. Necas,8477492,N. MacKinnon,8477476,A. Lehkonen,3,4
2026-01-16,2025020752,3,REG,15:13,NSH,pp,none,wrist,1541,8476887,F. Forsberg,8475158,R. O'Reilly,8474600,R. Josi,3,5
2026-01-16,2025020752,3,REG,17:04,NSH,ev,empty-net,wrist,1560,8474564,S. Stamkos,8478047,M. Bunting,8474600,R. Josi,3,6
2026-01-16,2025020752,3,REG,17:41,NSH,sh,empty-net,wrist,1460,8477446,M. McCarron,,,,,3,7
2026-01-16,2025020753,1,REG,01:38,LAK,ev,none,wrist,1551,8482124,Q. Byfield,8476469,J. Armia,,,1,0
2026-01-16,2025020753,2,REG,11:33,LAK,ev,none,slap,1551,8476469,J. Armia,8481732,A. Lee,,,2,0
2026-01-16,2025020753,2,REG,12:12,ANA,ev,none,slap,1551,8476458,R. Strome,8481605,J. LaCombe,8484762,B. Sennecke,2,1
2026-01-16,2025020753,2,REG,14:56,ANA,ev,none,wrist,1551,8485512,T. Washe,8476885,J. Trouba,8484762,B. Sennecke,2,2
2026-01-16,2025020753,5,SO,00:00,ANA,ev,none,backhand,0101,8482745,M. McTavish,,,,,2,3
2026-01-17,2025020754,1,REG,09:19,MIN,ev,none,snap,1551,8475220,M. Foligno,8475765,V. Tarasenko,8480259,B. Jones,0,1
2026-01-17,2025020754,1,REG,10:05,BUF,ev,none,deflected,1551,8480802,R. McLeod,8482097,J. Quinn,8475722,J. Zucker,1,1
2026-01-17,2025020754,1,REG,19:52,MIN,ev,none,tip-in,1551,8477451,R. Hartman,8480800,Q. Hughes,8478864,K. Kaprizov,1,2
2026-01-17,2025020754,2,REG,01:08,MIN,ev,none,wrist,1551,8475765,V. Tarasenko,8474716,J. Spurgeon,8483525,D. Yurov,1,3
2026-01-17,2025020754,2,REG,10:07,BUF,ev,none,tip-in,1551,8481522,P. Krebs,8480807,M. Samuelsson,,,2,3
2026-01-17,2025020754,2,REG,11:34,BUF,ev,none,wrist,1551,8482097,J. Quinn,8480839,R. Dahlin,8475722,J. Zucker,3,3
2026-01-17,2025020754,2,REG,16:07,BUF,pp,none,wrist,1451,8477949,A. Tuch,8479420,T. Thompson,8480802,R. McLeod,4,3
2026-01-17,2025020754,2,REG,17:04,MIN,ev,none,slap,1551,8480800,Q. Hughes,8478864,K. Kaprizov,8475692,M. Zuccarello,4,4
2026-01-17,2025020754,4,OT,01:46,MIN,pp,none,snap,1431,8475692,M. Zuccarello,8478864,K. Kaprizov,8479406,F. Gustavsson,4,5
2026-01-17,2025020755,1,REG,06:22,PHI,ev,none,snap,1551,8478439,T. Konecny,8481533,T. Zegras,8477948,T. Sanheim,1,0
2026-01-17,2025020755,1,REG,07:05,NYR,ev,none,snap,1551,8478550,A. Panarin,8476389,V. Trocheck,8482109,A. Lafrenière,1,1
2026-01-17,2025020755,1,REG,07:26,NYR,ev,none,snap,1551,8476459,M. Zibanejad,8476468,J. Miller,8482073,B. Schneider,1,2
2026-01-17,2025020755,1,REG,08:25,NYR,ev,none,snap,1551,8482747,B. Othmann,8482157,W. Cuylle,,,1,3
2026-01-17,2025020755,2,REG,05:38,NYR,pp,none,snap,1541,8476459,M. Zibanejad,8478550,A. Panarin,8476389,V. Trocheck,1,4
2026-01-17,2025020755,2,REG,08:25,NYR,ev,none,snap,1551,8476459,M. Zibanejad,8476468,J. Miller,8482666,S. Morrow,1,5
2026-01-17,2025020755,2,REG,14:31,NYR,ev,none,wrist,1551,8478550,A. Panarin,8482109,A. Lafrenière,,,1,6
2026-01-17,2025020755,2,REG,16:48,PHI,sh,none,snap,1541,8477948,T. Sanheim,8478439,T. Konecny,,,2,6
2026-01-17,2025020755,3,REG,08:01,PHI,ev,none,wrist,1551,8481533,T. Zegras,8484142,D. Barkey,8480015,O. Tippett,3,6
2026-01-17,2025020756,1,REG,11:51,CGY,ev,none,wrist,1551,8481068,Y. Sharangovich,8478397,R. Andersson,8480860,K. Bahl,1,0
2026-01-17,2025020756,2,REG,03:04,CGY,ev,none,tip-in,1551,8483609,A. Klapka,8480860,K. Bahl,8480028,M. Frost,2,0
2026-01-17,2025020756,2,REG,09:50,CGY,ev,none,wrist,1551,8477993,J. Kirkland,8479066,R. Lomberg,8483609,A. Klapka,3,0
2026-01-17,2025020756,2,REG,11:49,CGY,ev,none,wrist,1551,8482165,Y. Kuznetsov,8475172,N. Kadri,8482074,C. Zary,4,0
2026-01-17,2025020756,2,REG,12:21,NYI,ev,none,wrist,1551,8476419,J. Pageau,8485366,M. Schaefer,8481601,S. Holmstrom,4,1
2026-01-17,2025020756,3,REG,17:04,NYI,ev,none,wrist,0651,8475314,A. Lee,8484221,C. Ritchie,8485366,M. Schaefer,4,2
2026-01-17,2025020757,1,REG,01:09,SEA,ev,none,backhand,1551,8474586,J. Eberle,8481554,K. Kakko,8482665,M. Beniers,0,1
2026-01-17,2025020757,1,REG,02:47,UTA,sh,none,snap,1541,8478831,K. Stenlund,8478474,L. Crouse,8474013,I. Cole,1,1
2026-01-17,2025020757,2,REG,00:28,UTA,ev,none,slap,1551,8477220,N. Schmidt,8480855,J. McBain,8482699,D. Guenther,2,1
2026-01-17,2025020757,2,REG,04:31,UTA,ev,none,snap,1551,8477951,N. Schmaltz,8478474,L. Crouse,8477220,N. Schmidt,3,1
2026-01-17,2025020757,2,REG,15:11,SEA,ev,none,wrist,1551,8482665,M. Beniers,8478407,V. Dunn,8484800,B. Catton,3,2
2026-01-17,2025020757,2,REG,17:43,SEA,ev,none,wrist,1551,8476905,C. Stephenson,8477919,F. Gaudreau,8480009,E. Tolvanen,3,3
2026-01-17,2025020757,3,REG,14:30,UTA,ev,none,snap,1551,8477220,N. Schmidt,8479343,C. Keller,,,4,3
2026-01-17,2025020757,3,REG,15:12,UTA,ev,none,snap,1551,8478474,L. Crouse,8479343,C. Keller,8477220,N. Schmidt,5,3
2026-01-17,2025020757,3,REG,19:09,UTA,ev,empty-net,snap,0651,8480849,B. Hayton,8478507,J. Marino,8478872,K. Vejmelka,6,3
2026-01-17,2025020758,1,REG,03:06,MTL,pp,none,snap,1541,8483515,J. Slafkovský,8481540,C. Caufield,8480018,N. Suzuki,0,1
2026-01-17,2025020758,1,REG,17:50,MTL,pp,none,wrist,1541,8481540,C. Caufield,8480018,N. Suzuki,8483457,L. Hutson,0,2
2026-01-17,2025020758,2,REG,00:42,OTT,pp,none,wrist,1351,8480801,B. Tkachuk,8473512,C. Giroux,8482105,J. Sanderson,1,2
2026-01-17,2025020758,2,REG,03:07,OTT,ev,none,between-legs,1551,8482116,T. Stützle,8476393,N. Cousins,8474189,L. Eller,2,2
2026-01-17,2025020758,2,REG,04:26,MTL,ev,none,wrist,1551,8476981,J. Anderson,8476875,M. Matheson,8480865,N. Dobson,2,3
2026-01-17,2025020758,2,REG,15:31,OTT,pp,none,wrist,1451,8481528,D. Cozens,8482116,T. Stützle,8482105,J. Sanderson,3,3
2026-01-17,2025020758,2,REG,18:24,OTT,ev,none,tip-in,1551,8474102,D. Perron,8482245,A. Zub,8482105,J. Sanderson,4,3
2026-01-17,2025020758,3,REG,07:55,OTT,ev,none,wrist,1551,8482105,J. Sanderson,8482092,R. Greig,,,5,3
2026-01-17,2025020758,3,REG,15:36,MTL,ev,none,tip-in,0651,8483515,J. Slafkovský,8483457,L. Hutson,8476479,P. Danault,5,4
2026-01-17,2025020758,3,REG,16:41,MTL,ev,none,slap,1551,8478851,A. Carrier,8484984,I. Demidov,8476981,J. Anderson,5,5
2026-01-17,2025020758,4,OT,00:33,MTL,ev,none,slap,1331,8481540,C. Caufield,8483457,L. Hutson,,,5,6
2026-01-17,2025020759,2,REG,13:12,CAR,ev,none,snap,1551,8480830,A. Svechnikov,8478427,S. Aho,,,0,1
2026-01-17,2025020759,2,REG,14:09,CAR,ev,none,snap,1551,8480830,A. Svechnikov,8478427,S. Aho,8480336,S. Walker,0,2
2026-01-17,2025020759,3,REG,04:27,NJD,pp,none,wrist,1451,8478414,T. Meier,8479996,C. Glass,8476462,D. Hamilton,1,2
2026-01-17,2025020759,3,REG,08:33,CAR,ev,none,backhand,0651,8482809,J. Blake,8477940,N. Ehlers,8480817,K. Miller,1,3
2026-01-17,2025020759,3,REG,15:52,CAR,ev,none,snap,1551,8480830,A. Svechnikov,8478427,S. Aho,8482093,S. Jarvis,1,4
2026-01-17,2025020760,1,REG,02:42,CBJ,ev,none,wrist,1551,8479944,Z. Aston-Reese,8478460,Z. Werenski,8476867,B. Gaunce,0,1
2026-01-17,2025020760,1,REG,09:59,PIT,ev,none,snap,1551,8477365,C. Clifton,8478438,T. Novak,,,1,1
2026-01-17,2025020760,1,REG,17:52,PIT,ev,none,snap,1551,8476483,R. Rakell,8471675,S. Crosby,,,2,1
2026-01-17,2025020760,2,REG,07:32,CBJ,ev,none,wrist,1551,8480893,K. Marchenko,,,,,2,2
2026-01-17,2025020760,2,REG,17:38,CBJ,ev,none,tip-in,1551,8478046,D. Heinen,8475790,E. Gudbranson,8481178,E. Zamula,2,3
2026-01-17,2025020760,3,REG,18:59,PIT,ev,none,tip-in,1560,8471675,S. Crosby,8471724,K. Letang,8471215,E. Malkin,3,3
2026-01-17,2025020760,5,SO,00:00,CBJ,ev,none,wrist,0101,8475745,C. Coyle,,,,,3,4
2026-01-17,2025020761,1,REG,13:23,FLA,ev,none,snap,1551,8478421,A. Greer,8477935,S. Bennett,8477932,A. Ekblad,0,1
2026-01-17,2025020761,2,REG,02:04,WSH,ev,none,snap,1441,8479345,J. Chychrun,8481656,A. Protas,8474590,J. Carlson,1,1
2026-01-17,2025020761,2,REG,10:04,WSH,ev,none,snap,1551,8479345,J. Chychrun,8474590,J. Carlson,8475343,N. Dowd,2,1
2026-01-17,2025020761,2,REG,11:40,FLA,ev,none,snap,1551,8477935,S. Bennett,8477409,C. Verhaeghe,8478859,N. Mikkola,2,2
2026-01-17,2025020761,2,REG,15:16,FLA,pp,none,slap,1541,8484304,U. Balinskis,8482113,A. Lundell,8477933,S. Reinhart,2,3
2026-01-17,2025020761,3,REG,18:40,FLA,ev,empty-net,snap,1560,8482113,A. Lundell,8477933,S. Reinhart,,,2,4
2026-01-17,2025020761,3,REG,19:26,FLA,ev,empty-net,snap,1560,8477409,C. Verhaeghe,8477935,S. Bennett,8478421,A. Greer,2,5
2026-01-17,2025020762,2,REG,02:23,WPG,ev,none,tip-in,1551,8480113,A. Iafallo,8479378,L. Stanley,8476480,V. Namestnikov,1,0
2026-01-17,2025020762,2,REG,08:59,WPG,ev,none,snap,1551,8478398,K. Connor,8480014,G. Vilardi,,,2,0
2026-01-17,2025020762,2,REG,09:22,TOR,ev,none,wrist,1551,8479318,A. Matthews,8477503,M. Domi,8476853,M. Rielly,2,1
2026-01-17,2025020762,3,REG,02:28,WPG,ev,none,tip-in,1551,8475799,N. Niederreiter,8476480,V. Namestnikov,8474568,L. Schenn,3,1
2026-01-17,2025020762,3,REG,05:58,TOR,ev,none,slap,1551,8475171,O. Ekman-Larsson,8481582,N. Robertson,8484158,E. Cowan,3,2
2026-01-17,2025020762,3,REG,15:33,TOR,ev,none,tip-in,1551,8482259,B. McMann,8475171,O. Ekman-Larsson,8476853,M. Rielly,3,3
2026-01-17,2025020762,4,OT,03:08,TOR,ev,none,wrist,1331,8477503,M. Domi,8479318,A. Matthews,8475171,O. Ekman-Larsson,3,4
2026-01-17,2025020763,1,REG,16:14,CHI,ev,none,wrist,1551,8483450,R. Greene,8477444,A. Burakovsky,8484144,C. Bedard,1,0
2026-01-17,2025020763,1,REG,18:14,CHI,ev,none,wrist,1551,8482176,W. Kaiser,8473422,N. Foligno,,,2,0
2026-01-17,2025020763,2,REG,01:55,BOS,ev,none,snap,1551,8479325,C. McAvoy,8477496,E. Lindholm,8477956,D. Pastrnak,2,1
2026-01-17,2025020763,2,REG,14:51,BOS,ev,none,wrist,1551,8482511,M. Lohrei,8476854,H. Lindholm,8478401,P. Zacha,2,2
2026-01-17,2025020763,2,REG,19:14,BOS,ev,none,wrist,1551,8478042,V. Arvidsson,8478401,P. Zacha,8479999,C. Mittelstadt,2,3
2026-01-17,2025020763,3,REG,09:01,BOS,pp,none,wrist,1541,8482511,M. Lohrei,8483489,F. Minten,8479999,C. Mittelstadt,2,4
2026-01-17,2025020763,3,REG,11:02,BOS,ev,none,snap,1551,8482177,M. Khusnutdinov,8477956,D. Pastrnak,8477496,E. Lindholm,2,5
2026-01-17,2025020764,2,REG,03:11,EDM,ev,none,backhand,1551,8478458,J. Roslovic,8477508,C. Lazar,8478013,J. Walman,0,1
2026-01-17,2025020764,2,REG,06:49,EDM,pp,none,backhand,1541,8475786,Z. Hyman,8480803,E. Bouchard,8478402,C. McDavid,0,2
2026-01-17,2025020764,2,REG,11:42,EDM,ev,none,snap,1551,8477953,K. Kapanen,8476454,R. Nugent-Hopkins,8480834,T. Emberson,0,3
2026-01-17,2025020764,2,REG,14:31,EDM,ev,none,tip-in,1551,8478458,J. Roslovic,8483455,I. Howard,8483512,M. Savoie,0,4
2026-01-17,2025020764,2,REG,15:08,EDM,ev,none,snap,1551,8477953,K. Kapanen,8476454,R. Nugent-Hopkins,,,0,5
2026-01-17,2025020764,2,REG,16:34,EDM,ev,none,snap,1551,8481617,V. Podkolzin,,,,,0,6
2026-01-17,2025020765,1,REG,14:10,NSH,ev,none,deflected,1551,8482146,L. Evangelista,8474600,R. Josi,,,0,1
2026-01-17,2025020765,2,REG,17:17,VGK,ev,none,slap,1551,8482125,A. Holtz,8477447,S. Theodore,8481133,C. Reinhardt,1,1
2026-01-17,2025020765,2,REG,18:22,VGK,ev,none,snap,1551,8477447,S. Theodore,8478468,J. Lauzon,8478434,K. Kolesar,2,1
2026-01-17,2025020765,3,REG,05:52,VGK,ev,none,snap,1551,8481604,P. Dorofeyev,8478483,M. Marner,,,3,1
2026-01-17,2025020765,3,REG,08:52,VGK,ev,none,wrist,1551,8475913,M. Stone,8478403,J. Eichel,8480727,Z. Whitecloud,4,1
2026-01-17,2025020765,3,REG,12:26,VGK,ev,none,wrist,1551,8481133,C. Reinhardt,8482125,A. Holtz,8479550,T. Laczynski,5,1
2026-01-17,2025020765,3,REG,13:16,VGK,ev,none,snap,1551,8478483,M. Marner,8475191,R. Smith,8481033,A. Schmid,6,1
2026-01-17,2025020765,3,REG,15:12,VGK,ev,none,backhand,1551,8478434,K. Kolesar,8476881,T. Hertl,8483890,B. Bowman,7,1
2026-01-17,2025020765,3,REG,19:38,NSH,pp,none,wrist,1541,8476887,F. Forsberg,8475158,R. O'Reilly,8474600,R. Josi,7,2
2026-01-17,2025020766,1,REG,06:11,ANA,ev,none,snap,1551,8482745,M. McTavish,8482803,O. Zellweger,8476458,R. Strome,1,0
2026-01-17,2025020766,2,REG,05:39,LAK,pp,none,snap,1531,8477960,A. Kempe,8477942,K. Fiala,8483808,A. Kuzmenko,1,1
2026-01-17,2025020766,4,OT,04:02,ANA,ev,none,snap,1331,8475798,M. Granlund,8484762,B. Sennecke,,,2,1
2026-01-18,2025020767,1,REG,04:00,DAL,ev,none,snap,1551,8480840,O. Bäck,8480878,N. Lundkvist,8482145,M. Bourque,1,0
2026-01-18,2025020767,1,REG,08:04,TBL,ev,none,snap,1551,8483752,D. James,8477404,J. Guentzel,8480426,C. D'Astous,1,1
2026-01-18,2025020767,2,REG,11:04,TBL,ev,none,wrist,1551,8479542,B. Hagel,8476453,N. Kucherov,8478178,D. Raddysh,1,2
2026-01-18,2025020767,2,REG,18:50,TBL,ev,none,backhand,1551,8477404,J. Guentzel,8483752,D. James,8477416,O. Bjorkstrand,1,3
2026-01-18,2025020767,3,REG,17:59,TBL,ev,empty-net,snap,1560,8480995,P. Holmberg,8476826,Y. Gourde,8482655,J. Moser,1,4
2026-01-18,2025020768,1,REG,04:26,OTT,ev,none,snap,1551,8480208,D. Batherson,8480188,F. Zetterlund,8478469,T. Chabot,0,1
2026-01-18,2025020768,1,REG,05:05,OTT,pp,none,backhand,1541,8481528,D. Cozens,8480801,B. Tkachuk,8480208,D. Batherson,0,2
2026-01-18,2025020768,1,REG,07:16,DET,pp,none,wrist,1451,8484223,A. Sandin-Pellikka,8474141,P. Kane,8477429,A. Copp,1,2
2026-01-18,2025020768,2,REG,06:06,DET,ev,none,snap,1551,8482078,L. Raymond,8483464,M. Kasper,8475279,B. Chiarot,2,2
2026-01-18,2025020768,2,REG,16:53,DET,pp,none,between-legs,1451,8474037,J. van Riemsdyk,8477946,D. Larkin,8479337,A. DeBrincat,3,2
2026-01-18,2025020768,2,REG,19:05,OTT,pp,none,tip-in,1541,8481596,S. Pinto,8473512,C. Giroux,8474102,D. Perron,3,3
2026-01-18,2025020768,4,OT,00:36,DET,ev,none,snap,1331,8479337,A. DeBrincat,8477429,A. Copp,,,4,3
2026-01-18,2025020769,1,REG,05:55,EDM,pp,none,wrist,1451,8476454,R. Nugent-Hopkins,8480803,E. Bouchard,8478013,J. Walman,1,0
2026-01-18,2025020769,1,REG,11:52,EDM,ev,none,wrist,1551,8478233,A. Mangiapane,8477508,C. Lazar,,,2,0
2026-01-18,2025020769,1,REG,18:43,EDM,ev,none,tip-in,1551,8475786,Z. Hyman,8475218,M. Ekholm,8481617,V. Podkolzin,3,0
2026-01-18,2025020769,2,REG,10:52,EDM,ev,none,wrist,1551,8475786,Z. Hyman,8478402,C. McDavid,8475218,M. Ekholm,4,0
2026-01-18,2025020769,3,REG,01:19,EDM,ev,none,snap,1551,8481617,V. Podkolzin,8478402,C. McDavid,8475786,Z. Hyman,5,0
2026-01-19,2025020770,1,REG,01:33,BUF,ev,none,snap,1551,8480839,R. Dahlin,8482097,J. Quinn,8475722,J. Zucker,0,1
2026-01-19,2025020770,1,REG,07:04,CAR,ev,none,tip-in,1551,8480830,A. Svechnikov,8478427,S. Aho,8480336,S. Walker,1,1
2026-01-19,2025020770,3,REG,02:10,CAR,pp,none,wrist,1451,8482093,S. Jarvis,8480830,A. Svechnikov,8478427,S. Aho,2,1
2026-01-19,2025020771,1,REG,05:54,COL,ev,none,tip-in,1551,8480448,P. Kelly,8480069,C. Makar,8479718,A. Barré-Boulet,1,0
2026-01-19,2025020771,1,REG,07:27,WSH,pp,none,wrist,1541,8479345,J. Chychrun,8478440,D. Strome,8483573,E. Frank,1,1
2026-01-19,2025020771,2,REG,07:03,COL,pp,none,wrist,1451,8477492,N. MacKinnon,8480039,M. Necas,8478109,V. Olofsson,2,1
2026-01-19,2025020771,2,REG,15:58,COL,ev,none,snap,1551,8478109,V. Olofsson,8476312,J. Manson,8475754,B. Nelson,3,1
2026-01-19,2025020771,2,REG,16:15,WSH,ev,none,backhand,1551,8483573,E. Frank,8471214,A. Ovechkin,8475343,N. Dowd,3,2
2026-01-19,2025020771,3,REG,12:32,COL,ev,none,snap,1551,8477476,A. Lehkonen,8477492,N. MacKinnon,,,4,2
2026-01-19,2025020771,3,REG,16:30,COL,ev,none,snap,1551,8477492,N. MacKinnon,8480039,M. Necas,,,5,2
2026-01-19,2025020772,1,REG,05:44,PIT,ev,none,slap,1551,8478450,P. Wotherspoon,8481481,B. Lizotte,8477511,A. Mantha,0,1
2026-01-19,2025020772,1,REG,07:50,PIT,sh,none,wrist,1451,8480980,C. Dewar,,,,,0,2
2026-01-19,2025020772,1,REG,16:12,SEA,ev,none,wrist,1551,8483570,B. Meyers,8475768,J. Schwartz,8482751,R. Winterton,1,2
2026-01-19,2025020772,2,REG,13:55,SEA,ev,none,snap,1551,8479324,R. Lindgren,8482751,R. Winterton,8483570,B. Meyers,2,2
2026-01-19,2025020772,2,REG,14:45,PIT,ev,none,wrist,1551,8476967,B. Kulak,8471675,S. Crosby,,,2,3
2026-01-19,2025020772,3,REG,02:21,PIT,ev,none,wrist,1551,8479638,J. Brazeau,8477511,A. Mantha,8477365,C. Clifton,2,4
2026-01-19,2025020772,3,REG,07:47,SEA,pp,none,slap,1451,8480009,E. Tolvanen,8477986,B. Montour,8483524,S. Wright,3,4
2026-01-19,2025020772,3,REG,16:48,PIT,ev,none,wrist,1551,8476483,R. Rakell,8471675,S. Crosby,,,3,5
2026-01-19,2025020772,3,REG,19:30,PIT,ev,empty-net,wrist,1560,8480980,C. Dewar,8481481,B. Lizotte,,,3,6
2026-01-19,2025020773,2,REG,00:50,SJS,ev,none,wrist,1551,8484227,W. Smith,8480043,T. Liljegren,8477505,A. Wennberg,0,1
2026-01-19,2025020773,2,REG,02:41,SJS,ev,none,wrist,1551,8479576,V. Desharnais,8484994,I. Chernyshov,8485402,M. Misa,0,2
2026-01-19,2025020773,2,REG,06:12,SJS,ev,none,wrist,1551,8479983,M. Ferraro,8484994,I. Chernyshov,8485402,M. Misa,0,3
2026-01-19,2025020773,3,REG,00:43,FLA,ev,none,wrist,1551,8480185,E. Luostarinen,8477932,A. Ekblad,,,1,3
2026-01-19,2025020773,3,REG,17:21,SJS,ev,empty-net,wrist,1560,8476624,B. Goodrow,,,,,1,4
2026-01-19,2025020774,1,REG,04:45,MIN,pp,none,wrist,1541,8475765,V. Tarasenko,8477451,R. Hartman,8478864,K. Kaprizov,0,1
2026-01-19,2025020774,1,REG,10:29,MIN,ev,none,wrist,1551,8477451,R. Hartman,8475692,M. Zuccarello,8478864,K. Kaprizov,0,2
2026-01-19,2025020774,1,REG,18:24,TOR,pp,none,wrist,1451,8475166,J. Tavares,8482720,M. Knies,8479318,A. Matthews,1,2
2026-01-19,2025020774,2,REG,06:53,MIN,ev,none,tip-in,1551,8475220,M. Foligno,8482122,B. Faber,8480800,Q. Hughes,1,3
2026-01-19,2025020774,2,REG,08:24,MIN,ev,none,wrist,1551,8475765,V. Tarasenko,8480800,Q. Hughes,,,1,4
2026-01-19,2025020774,2,REG,19:14,MIN,pp,none,tip-in,1541,8475220,M. Foligno,8482122,B. Faber,8483525,D. Yurov,1,5
2026-01-19,2025020774,3,REG,06:27,TOR,ev,none,deflected,1551,8481582,N. Robertson,8478462,N. Roy,8484158,E. Cowan,2,5
2026-01-19,2025020774,3,REG,15:02,TOR,ev,none,backhand,1551,8479318,A. Matthews,8477503,M. Domi,,,3,5
2026-01-19,2025020774,3,REG,17:22,MIN,ev,empty-net,backhand,1560,8475220,M. Foligno,8475765,V. Tarasenko,8481477,N. Sturm,3,6
2026-01-19,2025020775,1,REG,03:46,PHI,ev,none,wrist,1551,8478439,T. Konecny,,,,,0,1
2026-01-19,2025020775,2,REG,19:28,VGK,pp,none,tip-in,1451,8476881,T. Hertl,8478403,J. Eichel,8475913,M. Stone,1,1
2026-01-19,2025020775,3,REG,07:22,PHI,sh,none,wrist,1451,8478439,T. Konecny,,,,,1,2
2026-01-19,2025020776,2,REG,13:21,CHI,ev,none,wrist,1551,8477450,J. Dickinson,8477987,R. Donato,8481568,A. Vlasic,1,0
2026-01-19,2025020776,3,REG,18:40,CHI,ev,empty-net,wrist,0651,8484144,C. Bedard,8481624,I. Mikheyev,8481568,A. Vlasic,2,0
2026-01-19,2025020777,2,REG,07:51,NJD,ev,none,tip-in,1551,8482110,D. Mercer,8476462,D. Hamilton,8478399,J. Siegenthaler,0,1
2026-01-19,2025020777,2,REG,09:44,CGY,ev,none,slap,1551,8475172,N. Kadri,8480860,K. Bahl,8484860,M. Gridin,1,1
2026-01-19,2025020777,4,OT,01:18,NJD,ev,none,snap,1331,8483495,S. Nemec,8481559,J. Hughes,8479407,J. Bratt,1,2
2026-01-19,2025020778,1,REG,02:49,VAN,ev,none,snap,1551,8484136,M. Sasson,8481024,L. Karlsson,8481535,N. Hoglander,1,0
2026-01-19,2025020778,1,REG,10:11,NYI,ev,none,snap,1551,8477407,A. Duclair,8477950,T. DeAngelo,8485366,M. Schaefer,1,1
2026-01-19,2025020778,1,REG,14:48,VAN,ev,none,tip-in,1551,8475169,E. Kane,8483678,E. Pettersson,8480144,D. Kampf,2,1
2026-01-19,2025020778,2,REG,14:34,NYI,pp,none,snap,1541,8477407,A. Duclair,8484221,C. Ritchie,8478445,M. Barzal,2,2
2026-01-19,2025020778,2,REG,15:58,NYI,ev,none,snap,1551,8477506,R. Pulock,8485366,M. Schaefer,8476419,J. Pageau,2,3
2026-01-19,2025020778,3,REG,10:15,NYI,ev,none,wrist,1551,8477950,T. DeAngelo,8478445,M. Barzal,8475314,A. Lee,2,4
2026-01-19,2025020778,3,REG,18:09,VAN,ev,none,tip-in,1560,8482055,D. O'Connor,8479425,F. Hronek,,,3,4
2026-01-19,2025020779,1,REG,04:00,NYR,ev,none,slap,1551,8481525,M. Robertson,8476459,M. Zibanejad,8476468,J. Miller,0,1
2026-01-19,2025020779,1,REG,11:31,ANA,ev,none,snap,1551,8482745,M. McTavish,8483490,P. Mintyukov,,,1,1
2026-01-19,2025020779,2,REG,04:03,NYR,pp,none,snap,1541,8478550,A. Panarin,8476389,V. Trocheck,8476468,J. Miller,1,2
2026-01-19,2025020779,2,REG,08:29,ANA,ev,none,snap,1551,8479705,J. Viel,8480068,R. Poehling,,,2,2
2026-01-19,2025020779,2,REG,18:02,ANA,pp,none,backhand,1451,8473986,A. Killorn,8476885,J. Trouba,,,3,2
2026-01-19,2025020779,3,REG,01:01,ANA,ev,none,snap,1551,8483445,C. Gauthier,8481563,D. Helleson,,,4,2
2026-01-19,2025020779,3,REG,07:11,NYR,pp,none,slap,1541,8478882,V. Gavrikov,8478550,A. Panarin,8476389,V. Trocheck,4,3
2026-01-19,2025020779,3,REG,19:24,ANA,ev,empty-net,snap,0651,8483445,C. Gauthier,8481605,J. LaCombe,,,5,3
2026-01-20,2025020780,1,REG,10:44,MIN,pp,none,snap,1541,8475765,V. Tarasenko,8475692,M. Zuccarello,8480800,Q. Hughes,0,1
2026-01-20,2025020780,1,REG,15:22,MTL,ev,none,snap,1551,8476479,P. Danault,8476981,J. Anderson,8482087,K. Guhle,1,1
2026-01-20,2025020780,1,REG,19:08,MTL,ev,none,tip-in,1551,8478851,A. Carrier,8476875,M. Matheson,8484984,I. Demidov,2,1
2026-01-20,2025020780,2,REG,10:16,MIN,ev,none,snap,1551,8482122,B. Faber,8478864,K. Kaprizov,8476994,V. Hinostroza,2,2
2026-01-20,2025020780,2,REG,12:35,MTL,ev,none,slap,1551,8483457,L. Hutson,8484984,I. Demidov,8481593,J. Struble,3,2
2026-01-20,2025020780,3,REG,12:40,MIN,pp,none,snap,1541,8475765,V. Tarasenko,8478864,K. Kaprizov,8475692,M. Zuccarello,3,3
2026-01-20,2025020780,3,REG,19:45,MTL,ev,none,slap,1551,8481540,C. Caufield,8480018,N. Suzuki,8483457,L. Hutson,4,3
2026-01-20,2025020781,1,REG,14:37,SJS,ev,none,deflected,1551,8475726,T. Toffoli,8482667,W. Eklund,8477505,A. Wennberg,0,1
2026-01-20,2025020781,1,REG,15:10,TBL,ev,none,tip-in,1551,8479542,B. Hagel,8478519,A. Cirelli,8476453,N. Kucherov,1,1
2026-01-20,2025020781,2,REG,01:49,TBL,ev,none,poke,1551,8478519,A. Cirelli,8479542,B. Hagel,8476453,N. Kucherov,2,1
2026-01-20,2025020781,2,REG,03:17,TBL,ev,none,wrist,1551,8477404,J. Guentzel,8483752,D. James,8482201,G. Goncalves,3,1
2026-01-20,2025020781,3,REG,17:41,TBL,ev,empty-net,wrist,0651,8479542,B. Hagel,8477404,J. Guentzel,8476453,N. Kucherov,4,1
2026-01-20,2025020782,1,REG,03:34,OTT,ev,none,snap,1551,8482095,T. Kleven,8473512,C. Giroux,8478020,M. Amadio,0,1
2026-01-20,2025020782,1,REG,07:46,CBJ,ev,none,snap,1551,8477497,S. Monahan,8476432,B. Jenner,8482660,K. Johnson,1,1
2026-01-20,2025020782,1,REG,10:15,OTT,ev,none,wrist,1551,8482116,T. Stützle,8478469,T. Chabot,8475324,N. Jensen,1,2
2026-01-20,2025020782,3,REG,06:49,OTT,ev,none,backhand,1551,8482092,R. Greig,8481528,D. Cozens,8478469,T. Chabot,1,3
2026-01-20,2025020782,3,REG,16:54,OTT,ev,empty-net,wrist,1560,8480801,B. Tkachuk,8482116,T. Stützle,8482092,R. Greig,1,4
2026-01-20,2025020783,1,REG,16:08,DAL,pp,none,snap,1451,8482740,W. Johnston,8478449,R. Hintz,8480036,M. Heiskanen,1,0
2026-01-20,2025020783,1,REG,19:47,DAL,pp,none,snap,1451,8482145,M. Bourque,8481581,T. Harley,8484829,J. Hryckowian,2,0
2026-01-20,2025020783,2,REG,08:26,DAL,ev,none,slap,1551,8476902,E. Lindell,8480036,M. Heiskanen,8484829,J. Hryckowian,3,0
2026-01-20,2025020783,2,REG,19:29,DAL,ev,none,deflected,1551,8484829,J. Hryckowian,8481581,T. Harley,,,4,0
2026-01-20,2025020783,3,REG,03:15,DAL,ev,none,wrap-around,1551,8480027,J. Robertson,8480036,M. Heiskanen,8478449,R. Hintz,5,0
2026-01-20,2025020783,3,REG,06:37,DAL,ev,none,snap,1551,8480027,J. Robertson,8482145,M. Bourque,8476889,R. Faksa,6,0
2026-01-20,2025020783,3,REG,12:11,BOS,pp,none,tip-in,1541,8479987,M. Geekie,8477956,D. Pastrnak,8477496,E. Lindholm,6,1
2026-01-20,2025020783,3,REG,15:39,BOS,ev,none,backhand,1551,8483489,F. Minten,8477507,N. Zadorov,,,6,2
2026-01-20,2025020784,1,REG,08:11,BUF,ev,none,wrist,1551,8483500,N. Ostlund,8484797,K. Helenius,8480839,R. Dahlin,0,1
2026-01-20,2025020784,1,REG,11:45,BUF,ev,none,backhand,1551,8483500,N. Ostlund,8484797,K. Helenius,8482671,O. Power,0,2
2026-01-20,2025020784,1,REG,17:24,BUF,ev,none,wrist,1551,8484797,K. Helenius,8481522,P. Krebs,,,0,3
2026-01-20,2025020784,2,REG,04:20,BUF,ev,none,snap,1551,8479420,T. Thompson,8477949,A. Tuch,8482659,J. Doan,0,4
2026-01-20,2025020784,2,REG,10:09,NSH,ev,none,wrist,1560,8475158,R. O'Reilly,8476887,F. Forsberg,8476869,B. Skjei,1,4
2026-01-20,2025020784,2,REG,11:54,NSH,ev,none,wrist,1551,8476887,F. Forsberg,8475158,R. O'Reilly,,,2,4
2026-01-20,2025020784,3,REG,09:30,NSH,ev,none,wrist,1551,8475158,R. O'Reilly,8482146,L. Evangelista,8476887,F. Forsberg,3,4
2026-01-20,2025020784,3,REG,18:14,BUF,ev,empty-net,wrist,1560,8481522,P. Krebs,8480807,M. Samuelsson,,,3,5
2026-01-20,2025020785,1,REG,09:52,WPG,pp,none,slap,1451,8477504,J. Morrissey,8476460,M. Scheifele,8478398,K. Connor,1,0
2026-01-20,2025020785,1,REG,11:25,WPG,pp,none,snap,1451,8476460,M. Scheifele,8477504,J. Morrissey,,,2,0
2026-01-20,2025020785,2,REG,17:23,STL,pp,none,slap,1541,8479385,J. Kyrou,8475753,J. Faulk,8484164,D. Dvorsky,2,1
2026-01-20,2025020785,3,REG,17:37,WPG,ev,empty-net,wrist,0651,8476460,M. Scheifele,8478398,K. Connor,8477504,J. Morrissey,3,1
2026-01-20,2025020786,2,REG,05:23,NJD,ev,none,snap,1551,8481721,A. Gritsyuk,8479996,C. Glass,8476462,D. Hamilton,0,1
2026-01-20,2025020786,2,REG,07:02,EDM,ev,none,tip-in,1551,8483512,M. Savoie,8478013,J. Walman,8483455,I. Howard,1,1
2026-01-20,2025020786,2,REG,08:32,NJD,ev,none,snap,1551,8479996,C. Glass,8481721,A. Gritsyuk,8477015,C. Brown,1,2
2026-01-20,2025020787,1,REG,00:18,LAK,ev,none,slap,1551,8477960,A. Kempe,8482730,B. Clarke,8470621,C. Perry,1,0
2026-01-20,2025020787,1,REG,08:18,NYR,ev,none,deflected,1551,8482157,W. Cuylle,8482666,S. Morrow,8483690,N. Laba,1,1
2026-01-20,2025020787,1,REG,09:00,LAK,ev,none,wrist,1551,8477942,K. Fiala,,,,,2,1
2026-01-20,2025020787,1,REG,16:36,NYR,ev,none,tip-in,1551,8476468,J. Miller,8476459,M. Zibanejad,8482073,B. Schneider,2,2
2026-01-20,2025020787,2,REG,04:23,LAK,ev,none,snap,1551,8483406,T. Ward,8482408,J. Malott,8482726,S. Helenius,3,2
2026-01-20,2025020787,2,REG,12:37,LAK,ev,none,backhand,1551,8483808,A. Kuzmenko,8477942,K. Fiala,8481532,A. Turcotte,4,2
2026-01-20,2025020787,3,REG,19:33,NYR,ev,none,snap,0651,8476468,J. Miller,8478882,V. Gavrikov,8476389,V. Trocheck,4,3
2026-01-21,2025020788,1,REG,04:46,TOR,ev,none,snap,1551,8476872,S. Laughton,8475714,C. Jarnkrok,8478904,S. Lorentz,1,0
2026-01-21,2025020788,1,REG,19:42,DET,ev,none,snap,1551,8482762,S. Edvinsson,8482078,L. Raymond,8477946,D. Larkin,1,1
2026-01-21,2025020788,4,OT,03:08,DET,ev,none,wrist,1331,8477946,D. Larkin,8481542,M. Seider,,,1,2
2026-01-21,2025020789,2,REG,01:27,ANA,ev,none,wrist,1551,8479705,J. Viel,8483445,C. Gauthier,8475462,R. Gudas,0,1
2026-01-21,2025020789,3,REG,16:21,COL,ev,none,snap,1551,8477476,A. Lehkonen,8475754,B. Nelson,8470613,B. Burns,1,1
2026-01-21,2025020789,5,SO,00:00,ANA,ev,none,wrist,0101,8475798,M. Granlund,,,,,1,2
2026-01-21,2025020790,1,REG,00:30,PHI,ev,none,snap,1551,8481546,C. York,8477989,C. Dvorak,8477948,T. Sanheim,0,1
2026-01-21,2025020790,1,REG,04:36,PHI,ev,none,wrist,1551,8477989,C. Dvorak,8478439,T. Konecny,8478454,N. Juulsen,0,2
2026-01-21,2025020790,2,REG,00:58,PHI,pp,none,wrist,1541,8481553,B. Brink,8481533,T. Zegras,8482142,J. Drysdale,0,3
2026-01-21,2025020790,2,REG,05:35,UTA,ev,none,wrist,1551,8482175,J. Peterka,8484388,D. But,,,1,3
2026-01-21,2025020790,2,REG,06:11,UTA,ev,none,slap,1551,8478474,L. Crouse,8477951,N. Schmaltz,8479343,C. Keller,2,3
2026-01-21,2025020790,2,REG,10:28,PHI,pp,none,wrist,1541,8477989,C. Dvorak,8481533,T. Zegras,8482142,J. Drysdale,2,4
2026-01-21,2025020790,3,REG,12:47,UTA,pp,none,tip-in,1451,8482699,D. Guenther,8477951,N. Schmaltz,8479410,M. Sergachev,3,4
2026-01-21,2025020790,3,REG,19:25,UTA,ev,none,backhand,1560,8479343,C. Keller,,,,,4,4
2026-01-21,2025020790,4,OT,02:01,UTA,ev,none,snap,1331,8479343,C. Keller,8482699,D. Guenther,,,5,4
2026-01-21,2025020791,1,REG,07:49,PIT,ev,none,tip-in,1551,8471215,E. Malkin,8478854,R. Shea,8481030,J. St. Ivany,0,1
2026-01-21,2025020791,2,REG,12:32,PIT,ev,none,snap,1551,8482475,E. Chinakhov,8478438,T. Novak,8471215,E. Malkin,0,2
2026-01-21,2025020791,2,REG,19:57,CGY,ev,none,tip-in,1551,8481068,Y. Sharangovich,8480727,Z. Whitecloud,8480860,K. Bahl,1,2
2026-01-21,2025020791,3,REG,00:50,PIT,ev,none,wrap-around,1551,8475810,B. Rust,8471675,S. Crosby,8476483,R. Rakell,1,3
2026-01-21,2025020791,3,REG,09:19,PIT,ev,none,backhand,1551,8478438,T. Novak,8481030,J. St. Ivany,,,1,4
2026-01-21,2025020793,1,REG,02:38,NYI,pp,none,snap,1541,8477407,A. Duclair,8484221,C. Ritchie,8478445,M. Barzal,0,1
2026-01-21,2025020793,1,REG,10:40,SEA,pp,none,tip-in,1351,8482665,M. Beniers,8478407,V. Dunn,8477955,J. McCann,1,1
2026-01-21,2025020793,2,REG,13:37,SEA,ev,none,wrist,1551,8478407,V. Dunn,8482751,R. Winterton,8483570,B. Meyers,2,1
2026-01-21,2025020793,2,REG,16:28,SEA,ev,none,wrist,1551,8481554,K. Kakko,8475768,J. Schwartz,,,3,1
2026-01-21,2025020793,3,REG,16:32,SEA,ev,empty-net,wrist,0651,8477955,J. McCann,8477986,B. Montour,8475831,P. Grubauer,4,1
2026-01-21,2025020792,1,REG,08:25,WSH,pp,none,wrist,1531,8478440,D. Strome,8476880,T. Wilson,8474590,J. Carlson,0,1
2026-01-21,2025020792,1,REG,09:43,WSH,pp,none,wrist,1541,8482088,J. Sourdif,8478440,D. Strome,8471214,A. Ovechkin,0,2
2026-01-21,2025020792,1,REG,13:32,VAN,ev,none,wrist,1551,8478444,B. Boeser,8480144,D. Kampf,,,1,2
2026-01-21,2025020792,1,REG,18:22,VAN,ev,none,wrist,1551,8475169,E. Kane,8478498,J. DeBrusk,,,2,2
2026-01-21,2025020792,2,REG,08:58,VAN,ev,none,snap,1551,8482055,D. O'Connor,8480144,D. Kampf,8478444,B. Boeser,3,2
2026-01-21,2025020792,2,REG,11:43,VAN,ev,none,tip-in,1441,8479425,F. Hronek,8478498,J. DeBrusk,8484240,T. Willander,4,2
2026-01-21,2025020792,3,REG,16:37,WSH,ev,none,wrist,0651,8478440,D. Strome,8482088,J. Sourdif,8474590,J. Carlson,4,3
2026-01-22,2025020794,1,REG,09:12,BOS,pp,none,slap,1451,8479325,C. McAvoy,8477956,D. Pastrnak,8479987,M. Geekie,1,0
2026-01-22,2025020794,1,REG,09:42,BOS,pp,none,snap,1451,8477496,E. Lindholm,8477956,D. Pastrnak,8479987,M. Geekie,2,0
2026-01-22,2025020794,1,REG,10:06,BOS,ev,none,wrist,1551,8479661,T. Jeannot,8476374,S. Kuraly,,,3,0
2026-01-22,2025020794,2,REG,07:25,BOS,ev,none,wrist,1551,8477956,D. Pastrnak,8477507,N. Zadorov,8477496,E. Lindholm,4,0
2026-01-22,2025020794,3,REG,00:31,VGK,ev,none,wrist,1551,8478403,J. Eichel,8478396,N. Hanifin,8481527,K. Korczak,4,1
2026-01-22,2025020794,3,REG,03:01,VGK,pp,none,snap,1541,8476881,T. Hertl,8475913,M. Stone,8478403,J. Eichel,4,2
2026-01-22,2025020794,3,REG,17:25,VGK,ev,none,snap,0651,8481604,P. Dorofeyev,8477447,S. Theodore,8478483,M. Marner,4,3
2026-01-22,2025020795,1,REG,00:44,BUF,ev,none,snap,1551,8475722,J. Zucker,8482097,J. Quinn,8480802,R. McLeod,0,1
2026-01-22,2025020795,1,REG,14:58,BUF,sh,none,backhand,1451,8479359,B. Malenstyn,8480807,M. Samuelsson,,,0,2
2026-01-22,2025020795,2,REG,02:25,BUF,ev,none,snap,1551,8484145,Z. Benson,8484797,K. Helenius,8483500,N. Ostlund,0,3
2026-01-22,2025020795,2,REG,03:56,MTL,ev,none,snap,1551,8481540,C. Caufield,8480018,N. Suzuki,8476875,M. Matheson,1,3
2026-01-22,2025020795,2,REG,11:20,MTL,ev,none,snap,1551,8480018,N. Suzuki,8482737,Z. Bolduc,,,2,3
2026-01-22,2025020795,3,REG,19:16,BUF,ev,empty-net,snap,1560,8481522,P. Krebs,8479420,T. Thompson,,,2,4
2026-01-22,2025020796,1,REG,11:12,CHI,sh,none,backhand,1451,8481624,I. Mikheyev,,,,,0,1
2026-01-22,2025020796,1,REG,12:50,CAR,ev,none,snap,1551,8482911,J. Nystrom,8480829,J. Kotkaniemi,,,1,1
2026-01-22,2025020796,2,REG,04:35,CHI,ev,none,snap,1551,8484185,N. Lardis,8477987,R. Donato,8484197,O. Moore,1,2
2026-01-22,2025020796,2,REG,09:16,CAR,ev,none,wrist,1551,8473533,J. Staal,8476921,J. Martinook,8476958,J. Slavin,2,2
2026-01-22,2025020796,3,REG,13:38,CHI,ev,none,wrist,1551,8476473,C. Murphy,8477479,T. Bertuzzi,8481624,I. Mikheyev,2,3
2026-01-22,2025020796,3,REG,14:20,CAR,ev,none,snap,1551,8482809,J. Blake,8482702,L. Stankoven,8475791,T. Hall,3,3
2026-01-22,2025020796,5,SO,00:00,CHI,ev,none,snap,0101,8484197,O. Moore,,,,,3,4
2026-01-22,2025020797,1,REG,08:48,CBJ,ev,none,snap,1551,8478460,Z. Werenski,8476923,D. Severson,8480806,I. Lundestrom,1,0
2026-01-22,2025020798,1,REG,06:03,OTT,ev,none,backhand,1551,8483676,S. Halliday,8474189,L. Eller,8476393,N. Cousins,0,1
2026-01-22,2025020798,1,REG,14:19,OTT,ev,none,wrist,1551,8482092,R. Greig,8478020,M. Amadio,8482105,J. Sanderson,0,2
2026-01-22,2025020798,2,REG,10:46,OTT,ev,none,tip-in,1551,8480801,B. Tkachuk,8481528,D. Cozens,8482245,A. Zub,0,3
2026-01-22,2025020798,2,REG,18:34,NSH,pp,none,slap,1451,8474564,S. Stamkos,8482146,L. Evangelista,8476887,F. Forsberg,1,3
2026-01-22,2025020798,3,REG,08:19,NSH,ev,none,wrist,1551,8476539,J. Marchessault,8478047,M. Bunting,8482146,L. Evangelista,2,3
2026-01-22,2025020798,3,REG,10:07,NSH,pp,none,snap,1451,8474564,S. Stamkos,8475158,R. O'Reilly,8474600,R. Josi,3,3
2026-01-22,2025020798,3,REG,18:47,NSH,ev,none,bat,1551,8474564,S. Stamkos,8475158,R. O'Reilly,8483565,N. Blankenburg,4,3
2026-01-22,2025020798,3,REG,19:33,NSH,ev,empty-net,wrist,0651,8482062,C. Smith,8475287,E. Haula,8475158,R. O'Reilly,5,3
2026-01-22,2025020799,2,REG,18:49,FLA,ev,none,slap,1551,8477935,S. Bennett,8479314,M. Tkachuk,,,0,1
2026-01-22,2025020799,3,REG,05:24,WPG,ev,none,backhand,1441,8482149,C. Perfetti,8473604,J. Toews,,,1,1
2026-01-22,2025020799,5,SO,00:00,FLA,ev,none,wrist,0101,8482113,A. Lundell,,,,,1,2
2026-01-22,2025020800,1,REG,02:20,PIT,ev,none,tip-in,1551,8477511,A. Mantha,8479638,J. Brazeau,8477365,C. Clifton,0,1
2026-01-22,2025020800,1,REG,02:42,PIT,ev,none,wrist,1551,8477511,A. Mantha,8479638,J. Brazeau,8476967,B. Kulak,0,2
2026-01-22,2025020800,1,REG,02:57,PIT,ev,none,tip-in,1551,8471675,S. Crosby,8478854,R. Shea,8481030,J. St. Ivany,0,3
2026-01-22,2025020800,2,REG,05:19,EDM,sh,none,wrist,1541,8478013,J. Walman,8477406,M. Janmark,,,1,3
2026-01-22,2025020800,2,REG,12:29,PIT,ev,none,wrist,0651,8476483,R. Rakell,8471215,E. Malkin,8475810,B. Rust,1,4
2026-01-22,2025020800,2,REG,14:27,PIT,ev,none,backhand,1551,8471215,E. Malkin,,,,,1,5
2026-01-22,2025020800,3,REG,02:50,PIT,ev,none,wrist,1551,8482475,E. Chinakhov,8478438,T. Novak,8481030,J. St. Ivany,1,6
2026-01-22,2025020800,3,REG,13:57,EDM,ev,none,wrist,1551,8483512,M. Savoie,8480803,E. Bouchard,8475218,M. Ekholm,2,6
2026-01-22,2025020801,1,REG,04:39,DET,pp,none,wrist,1541,8482078,L. Raymond,8481542,M. Seider,8477946,D. Larkin,0,1
2026-01-22,2025020801,1,REG,17:19,MIN,pp,none,snap,1451,8478864,K. Kaprizov,8475692,M. Zuccarello,8480800,Q. Hughes,1,1
2026-01-22,2025020801,2,REG,16:22,DET,ev,none,snap,1551,8482078,L. Raymond,8483464,M. Kasper,,,1,2
2026-01-22,2025020801,3,REG,00:37,MIN,ev,none,backhand,1551,8475692,M. Zuccarello,8480800,Q. Hughes,8482122,B. Faber,2,2
2026-01-22,2025020801,3,REG,05:36,DET,ev,none,tip-in,1551,8474037,J. van Riemsdyk,8484471,E. Finnie,8474612,T. Hamonic,2,3
2026-01-22,2025020801,3,REG,06:11,MIN,ev,none,wrist,1551,8475692,M. Zuccarello,8477451,R. Hartman,8478864,K. Kaprizov,3,3
2026-01-22,2025020801,4,OT,00:45,MIN,ev,none,wrist,1331,8478864,K. Kaprizov,8480800,Q. Hughes,,,4,3
2026-01-23,2025020802,1,REG,01:06,VGK,ev,none,wrist,1551,8478403,J. Eichel,8475913,M. Stone,8477964,I. Barbashev,0,1
2026-01-23,2025020802,1,REG,04:31,VGK,ev,none,snap,1551,8478434,K. Kolesar,8480007,J. Rondbjerg,8475191,R. Smith,0,2
2026-01-23,2025020802,2,REG,00:13,TOR,ev,none,backhand,1551,8475166,J. Tavares,8482720,M. Knies,8481711,M. Maccelli,1,2
2026-01-23,2025020802,2,REG,03:32,VGK,ev,none,wrist,1551,8481604,P. Dorofeyev,,,,,1,3
2026-01-23,2025020802,2,REG,05:16,VGK,ev,none,wrist,1551,8483890,B. Bowman,8479550,T. Laczynski,8482125,A. Holtz,1,4
2026-01-23,2025020802,2,REG,10:04,TOR,ev,none,backhand,1551,8476872,S. Laughton,8482720,M. Knies,,,2,4
2026-01-23,2025020802,2,REG,18:19,TOR,ev,none,tip-in,1551,8482259,B. McMann,8477503,M. Domi,8476853,M. Rielly,3,4
2026-01-23,2025020802,3,REG,15:11,VGK,ev,none,wrist,1551,8475913,M. Stone,8477964,I. Barbashev,,,3,5
2026-01-23,2025020802,3,REG,19:01,VGK,ev,empty-net,wrist,1560,8475913,M. Stone,8478403,J. Eichel,8478397,R. Andersson,3,6
2026-01-23,2025020803,1,REG,17:42,CHI,ev,none,wrist,1551,8483450,R. Greene,8484185,N. Lardis,8484197,O. Moore,1,0
2026-01-23,2025020803,2,REG,18:42,TBL,ev,none,backhand,1551,8476453,N. Kucherov,8479542,B. Hagel,8478519,A. Cirelli,1,1
2026-01-23,2025020803,5,SO,00:00,TBL,ev,none,wrist,0101,8483752,D. James,,,,,1,2
2026-01-23,2025020804,1,REG,05:41,DAL,pp,none,snap,1451,8482740,W. Johnston,8480036,M. Heiskanen,8478449,R. Hintz,1,0
2026-01-23,2025020804,1,REG,11:30,STL,pp,none,slap,1541,8484164,D. Dvorsky,8477402,P. Buchnevich,8479385,J. Kyrou,1,1
2026-01-23,2025020804,2,REG,04:04,STL,ev,none,slap,1551,8477402,P. Buchnevich,8482089,J. Neighbours,8475764,C. Fowler,1,2
2026-01-23,2025020804,2,REG,07:44,DAL,pp,none,snap,1451,8475168,M. Duchene,8482740,W. Johnston,8480027,J. Robertson,2,2
2026-01-23,2025020804,3,REG,19:00,DAL,ev,none,snap,1551,8480027,J. Robertson,8478449,R. Hintz,,,3,2
2026-01-23,2025020805,1,REG,15:02,PHI,ev,none,wrist,1551,8480015,O. Tippett,8484142,D. Barkey,8481546,C. York,0,1
2026-01-23,2025020805,1,REG,18:57,PHI,pp,none,wrist,1541,8484142,D. Barkey,8484387,M. Michkov,8480015,O. Tippett,0,2
2026-01-23,2025020805,2,REG,07:17,COL,ev,none,backhand,1551,8480448,P. Kelly,8482947,Z. Bardakov,8482072,J. Ahcan,1,2
2026-01-23,2025020805,2,REG,10:29,COL,ev,none,wrist,1551,8478109,V. Olofsson,8477492,N. MacKinnon,8480039,M. Necas,2,2
2026-01-23,2025020805,2,REG,11:01,PHI,ev,none,wrist,1551,8481553,B. Brink,8480220,N. Cates,,,2,3
2026-01-23,2025020805,2,REG,12:12,COL,ev,none,wrist,1551,8480069,C. Makar,8477492,N. MacKinnon,8480039,M. Necas,3,3
2026-01-23,2025020805,3,REG,00:56,PHI,ev,none,wrist,1551,8480015,O. Tippett,8476461,S. Couturier,,,3,4
2026-01-23,2025020805,3,REG,02:00,PHI,ev,none,tip-in,1551,8484387,M. Michkov,8482126,E. Andrae,8477903,G. Hathaway,3,5
2026-01-23,2025020805,3,REG,10:24,PHI,sh,none,wrist,1451,8480015,O. Tippett,,,,,3,6
2026-01-23,2025020805,3,REG,16:53,PHI,ev,empty-net,wrist,1560,8484387,M. Michkov,8478439,T. Konecny,,,3,7
2026-01-23,2025020806,1,REG,06:09,CGY,pp,none,wrist,1451,8480028,M. Frost,8482074,C. Zary,,,1,0
2026-01-23,2025020806,2,REG,06:33,WSH,ev,none,wrist,1551,8482148,H. Lapierre,8474590,J. Carlson,8480796,M. Fehérváry,1,1
2026-01-23,2025020806,3,REG,07:35,WSH,ev,none,wrist,1551,8481656,A. Protas,8476880,T. Wilson,8482088,J. Sourdif,1,2
2026-01-23,2025020806,3,REG,19:07,WSH,ev,empty-net,wrist,1560,8471214,A. Ovechkin,8478440,D. Strome,8480796,M. Fehérváry,1,3
2026-01-23,2025020807,1,REG,01:41,NJD,ev,none,backhand,1551,8484177,L. Hameenaho,8483495,S. Nemec,8479996,C. Glass,0,1
2026-01-23,2025020807,2,REG,02:34,NJD,pp,none,slap,1541,8480002,N. Hischier,8481559,J. Hughes,8476462,D. Hamilton,0,2
2026-01-23,2025020807,2,REG,03:14,NJD,ev,none,tip-in,1551,8479996,C. Glass,8484177,L. Hameenaho,8478399,J. Siegenthaler,0,3
2026-01-23,2025020807,2,REG,09:47,VAN,ev,none,wrist,1551,8481024,L. Karlsson,8481535,N. Hoglander,8477969,M. Pettersson,1,3
2026-01-23,2025020807,2,REG,11:59,VAN,sh,none,snap,1541,8476927,T. Blueger,8482055,D. O'Connor,,,2,3
2026-01-23,2025020807,2,REG,15:12,NJD,pp,none,snap,1541,8477015,C. Brown,8481721,A. Gritsyuk,8480002,N. Hischier,2,4
2026-01-23,2025020807,2,REG,18:12,VAN,ev,none,wrist,1551,8484798,Z. Buium,8480012,E. Pettersson,,,3,4
2026-01-23,2025020807,3,REG,11:03,NJD,ev,none,wrist,1551,8479996,C. Glass,8478414,T. Meier,8480192,J. Kovacevic,3,5
2026-01-23,2025020807,3,REG,18:48,VAN,ev,none,wrist,1560,8478444,B. Boeser,8481024,L. Karlsson,8484240,T. Willander,4,5
2026-01-23,2025020808,1,REG,01:09,SJS,pp,none,wrist,1451,8484801,M. Celebrini,8475726,T. Toffoli,8484227,W. Smith,1,0
2026-01-23,2025020808,1,REG,03:08,SJS,pp,none,backhand,1451,8483630,P. Regenda,8485402,M. Misa,8484911,C. Graf,2,0
2026-01-23,2025020808,1,REG,07:37,SJS,ev,none,slap,1551,8484801,M. Celebrini,8484227,W. Smith,8484911,C. Graf,3,0
2026-01-23,2025020808,1,REG,12:50,NYR,ev,none,wrist,1551,8475842,S. Carrick,8479390,T. Raddysh,8477320,A. Blidh,3,1
2026-01-23,2025020809,1,REG,01:02,ANA,ev,none,snap,1551,8483445,C. Gauthier,8479705,J. Viel,8483490,P. Mintyukov,0,1
2026-01-23,2025020809,1,REG,15:24,ANA,sh,none,wrist,1451,8480068,R. Poehling,8482178,I. Moore,,,0,2
2026-01-23,2025020809,2,REG,01:55,SEA,ev,none,wrist,1551,8477955,J. McCann,8474586,J. Eberle,8482665,M. Beniers,1,2
2026-01-23,2025020809,2,REG,04:00,ANA,pp,none,wrist,1541,8475184,C. Kreider,8483445,C. Gauthier,8481605,J. LaCombe,1,3
2026-01-23,2025020809,3,REG,01:54,SEA,ev,none,poke,1551,8475768,J. Schwartz,8483524,S. Wright,8481554,K. Kakko,2,3
2026-01-23,2025020809,3,REG,18:48,ANA,ev,empty-net,wrist,1560,8483490,P. Mintyukov,8475798,M. Granlund,8481563,D. Helleson,2,4
2026-01-24,2025020810,2,REG,00:33,BUF,ev,none,snap,1551,8475722,J. Zucker,8482097,J. Quinn,8480802,R. McLeod,0,1
2026-01-24,2025020810,2,REG,19:47,BUF,ev,none,snap,1551,8479420,T. Thompson,8484145,Z. Benson,8480807,M. Samuelsson,0,2
2026-01-24,2025020810,3,REG,00:25,BUF,ev,none,snap,1551,8475722,J. Zucker,8480802,R. McLeod,,,0,3
2026-01-24,2025020810,3,REG,14:02,BUF,ev,empty-net,wrist,1560,8480839,R. Dahlin,8481522,P. Krebs,,,0,4
2026-01-24,2025020810,3,REG,14:38,BUF,ev,none,deflected,1551,8477949,A. Tuch,8480807,M. Samuelsson,8480891,M. Kesselring,0,5
2026-01-24,2025020811,1,REG,03:43,NSH,pp,none,slap,1451,8474564,S. Stamkos,8474600,R. Josi,,,1,0
2026-01-24,2025020811,2,REG,03:00,UTA,ev,none,wrist,1551,8479343,C. Keller,8479410,M. Sergachev,8480434,S. Durzi,1,1
2026-01-24,2025020811,2,REG,05:13,UTA,ev,none,wrist,1551,8479619,M. Carcone,8479977,K. Yamamoto,,,1,2
2026-01-24,2025020811,2,REG,08:10,UTA,ev,none,tip-in,1551,8479977,K. Yamamoto,8479410,M. Sergachev,8480434,S. Durzi,1,3
2026-01-24,2025020811,2,REG,16:39,NSH,ev,none,wrist,1551,8476539,J. Marchessault,8476869,B. Skjei,,,2,3
2026-01-24,2025020811,3,REG,11:02,UTA,pp,none,wrist,1541,8480849,B. Hayton,8482699,D. Guenther,8479410,M. Sergachev,2,4
2026-01-24,2025020811,3,REG,18:28,UTA,ev,awarded-empty-net,,1560,8482175,J. Peterka,8482699,D. Guenther,8480849,B. Hayton,2,5
2026-01-24,2025020812,1,REG,06:36,MTL,ev,none,snap,1551,8481540,C. Caufield,8476875,M. Matheson,8478133,J. Evans,0,1
2026-01-24,2025020812,2,REG,01:45,BOS,pp,none,snap,1451,8478042,V. Arvidsson,8483489,F. Minten,8479999,C. Mittelstadt,1,1
2026-01-24,2025020812,2,REG,07:37,MTL,pp,none,slap,1541,8481540,C. Caufield,8480018,N. Suzuki,8483515,J. Slafkovský,1,2
2026-01-24,2025020812,2,REG,09:46,BOS,pp,none,snap,1451,8479987,M. Geekie,8477956,D. Pastrnak,8479325,C. McAvoy,2,2
2026-01-24,2025020812,2,REG,13:29,MTL,pp,none,wrist,1541,8481540,C. Caufield,8480018,N. Suzuki,8483457,L. Hutson,2,3
2026-01-24,2025020812,3,REG,13:55,BOS,ev,none,backhand,1551,8483489,F. Minten,8476854,H. Lindholm,8479325,C. McAvoy,3,3
2026-01-24,2025020812,3,REG,14:07,BOS,pp,none,slap,1451,8479987,M. Geekie,8479325,C. McAvoy,8478401,P. Zacha,4,3
2026-01-24,2025020813,1,REG,03:53,CAR,ev,none,backhand,1551,8477478,W. Carrier,8476873,M. Jankowski,8478970,J. Chatfield,0,1
2026-01-24,2025020813,1,REG,05:36,CAR,ev,none,wrist,1551,8482093,S. Jarvis,8482100,A. Nikishin,,,0,2
2026-01-24,2025020813,1,REG,18:43,CAR,ev,none,wrist,1551,8475791,T. Hall,8482809,J. Blake,8478970,J. Chatfield,0,3
2026-01-24,2025020813,2,REG,09:29,CAR,pp,none,wrist,1531,8480830,A. Svechnikov,8477940,N. Ehlers,8482093,S. Jarvis,0,4
2026-01-24,2025020813,2,REG,12:11,OTT,ev,none,wrist,1551,8482116,T. Stützle,8482105,J. Sanderson,8473512,C. Giroux,1,4
2026-01-24,2025020814,1,REG,05:47,CBJ,ev,none,wrist,1551,8482705,C. Sillinger,8475745,C. Coyle,,,1,0
2026-01-24,2025020814,1,REG,07:48,TBL,ev,none,wrist,1551,8477404,J. Guentzel,,,,,1,1
2026-01-24,2025020814,1,REG,08:37,CBJ,ev,none,wrist,1551,8478975,M. Marchment,8475790,E. Gudbranson,,,2,1
2026-01-24,2025020814,1,REG,10:01,TBL,pp,none,slap,1541,8478178,D. Raddysh,8476453,N. Kucherov,8477404,J. Guentzel,2,2
2026-01-24,2025020814,1,REG,18:33,CBJ,ev,none,wrist,1551,8484166,A. Fantilli,8480893,K. Marchenko,8478975,M. Marchment,3,2
2026-01-24,2025020814,1,REG,19:47,CBJ,ev,none,snap,1551,8481716,D. Voronkov,,,,,4,2
2026-01-24,2025020814,2,REG,03:29,TBL,ev,none,backhand,1551,8476453,N. Kucherov,8479542,B. Hagel,8478519,A. Cirelli,4,3
2026-01-24,2025020814,2,REG,04:58,TBL,ev,none,snap,1551,8478519,A. Cirelli,8476453,N. Kucherov,8479542,B. Hagel,4,4
2026-01-24,2025020814,2,REG,09:05,CBJ,ev,none,wrist,1551,8478975,M. Marchment,8478460,Z. Werenski,8475745,C. Coyle,5,4
2026-01-24,2025020814,2,REG,18:57,CBJ,pp,none,wrist,1451,8475745,C. Coyle,8484166,A. Fantilli,8478460,Z. Werenski,6,4
2026-01-24,2025020814,3,REG,14:55,CBJ,ev,empty-net,wrist,0651,8477497,S. Monahan,,,,,7,4
2026-01-24,2025020814,3,REG,18:54,TBL,ev,none,wrist,0651,8477404,J. Guentzel,8476453,N. Kucherov,8478519,A. Cirelli,7,5
2026-01-24,2025020814,3,REG,19:35,CBJ,ev,empty-net,wrist,0651,8478975,M. Marchment,8484166,A. Fantilli,8480893,K. Marchenko,8,5
2026-01-24,2025020815,2,REG,10:08,WPG,ev,none,backhand,1551,8481043,C. Koepke,8479378,L. Stanley,8480289,M. Barron,1,0
2026-01-24,2025020815,2,REG,15:50,DET,ev,none,wrist,1551,8477456,J. Compher,8477429,A. Copp,,,1,1
2026-01-24,2025020815,3,REG,01:43,DET,ev,none,snap,1551,8477456,J. Compher,8484471,E. Finnie,8474037,J. van Riemsdyk,1,2
2026-01-24,2025020815,3,REG,08:11,DET,ev,none,bat,1551,8482078,L. Raymond,8483464,M. Kasper,8480879,J. Bernard-Docker,1,3
2026-01-24,2025020815,3,REG,18:11,DET,ev,empty-net,snap,1560,8479337,A. DeBrincat,8477429,A. Copp,8474141,P. Kane,1,4
2026-01-24,2025020815,3,REG,18:43,DET,ev,none,wrist,1551,8483464,M. Kasper,8482078,L. Raymond,,,1,5
2026-01-24,2025020816,1,REG,04:31,LAK,ev,none,wrist,1551,8483406,T. Ward,8482408,J. Malott,8482726,S. Helenius,0,1
2026-01-24,2025020816,2,REG,01:11,LAK,ev,none,slap,1551,8475208,B. Dumoulin,8482155,A. Laferriere,8477960,A. Kempe,0,2
2026-01-24,2025020816,2,REG,02:14,STL,ev,none,snap,1551,8484164,D. Dvorsky,8484230,O. Stenberg,8478472,M. Joseph,1,2
2026-01-24,2025020816,2,REG,06:30,STL,pp,none,snap,1451,8475170,B. Schenn,8477402,P. Buchnevich,8483516,J. Snuggerud,2,2
2026-01-24,2025020816,2,REG,08:10,STL,ev,none,wrap-around,1551,8479385,J. Kyrou,8482733,L. Mailloux,8475764,C. Fowler,3,2
2026-01-24,2025020816,2,REG,10:18,LAK,ev,none,wrist,1551,8482155,A. Laferriere,8470621,C. Perry,8479998,M. Anderson,3,3
2026-01-24,2025020816,3,REG,11:34,LAK,ev,none,wrist,1551,8479675,T. Moore,8482730,B. Clarke,8476469,J. Armia,3,4
2026-01-24,2025020816,3,REG,17:50,STL,ev,none,snap,1560,8479385,J. Kyrou,8475753,J. Faulk,,,4,4
2026-01-24,2025020816,5,SO,00:00,LAK,ev,none,snap,0101,8479675,T. Moore,,,,,4,5
2026-01-24,2025020817,1,REG,06:44,FLA,ev,none,wrist,1551,8477933,S. Reinhart,8477932,A. Ekblad,8477409,C. Verhaeghe,0,1
2026-01-24,2025020817,1,REG,09:17,MIN,pp,none,wrist,1451,8478864,K. Kaprizov,8481557,M. Boldy,8475692,M. Zuccarello,1,1
2026-01-24,2025020817,1,REG,18:20,FLA,pp,none,backhand,1541,8473419,B. Marchand,8477933,S. Reinhart,8479314,M. Tkachuk,1,2
2026-01-24,2025020817,2,REG,04:33,MIN,pp,none,wrist,1451,8478493,J. Eriksson Ek,8478864,K. Kaprizov,8480800,Q. Hughes,2,2
2026-01-24,2025020817,3,REG,12:09,MIN,sh,none,wrist,1541,8481557,M. Boldy,,,,,3,2
2026-01-24,2025020817,3,REG,13:11,FLA,pp,none,wrist,1541,8477935,S. Bennett,8479314,M. Tkachuk,8473419,B. Marchand,3,3
2026-01-24,2025020817,4,OT,03:00,FLA,ev,none,snap,1331,8473419,B. Marchand,8477409,C. Verhaeghe,,,3,4
2026-01-24,2025020818,1,REG,19:12,EDM,ev,none,snap,1551,8480803,E. Bouchard,8475218,M. Ekholm,8475786,Z. Hyman,1,0
2026-01-24,2025020818,1,REG,19:34,WSH,ev,none,tip-in,1551,8481656,A. Protas,8480873,R. Sandin,8476880,T. Wilson,1,1
2026-01-24,2025020818,2,REG,04:13,EDM,ev,none,snap,1551,8480803,E. Bouchard,8477934,L. Draisaitl,8478402,C. McDavid,2,1
2026-01-24,2025020818,2,REG,06:50,WSH,ev,none,wrist,1551,8482088,J. Sourdif,8482148,H. Lapierre,8481580,C. McMichael,2,2
2026-01-24,2025020818,2,REG,14:29,WSH,ev,none,snap,1551,8478463,A. Beauvillier,8474590,J. Carlson,8483573,E. Frank,2,3
2026-01-24,2025020818,3,REG,04:30,EDM,ev,none,wrist,1441,8480803,E. Bouchard,8478402,C. McDavid,8477934,L. Draisaitl,3,3
2026-01-24,2025020818,3,REG,06:40,WSH,pp,none,wrist,1541,8478440,D. Strome,8479345,J. Chychrun,8476880,T. Wilson,3,4
2026-01-24,2025020818,3,REG,08:24,EDM,pp,none,wrist,1451,8478402,C. McDavid,8480803,E. Bouchard,8476454,R. Nugent-Hopkins,4,4
2026-01-24,2025020818,3,REG,15:09,WSH,ev,none,bat,1551,8481580,C. McMichael,8474590,J. Carlson,8482088,J. Sourdif,4,5
2026-01-24,2025020818,3,REG,19:28,EDM,ev,none,tip-in,1560,8475786,Z. Hyman,8478402,C. McDavid,8480803,E. Bouchard,5,5
2026-01-24,2025020818,4,OT,00:47,EDM,ev,none,backhand,1331,8478402,C. McDavid,8480803,E. Bouchard,8477934,L. Draisaitl,6,5
2026-01-25,2025020819,1,REG,06:19,COL,ev,none,wrist,1551,8475754,B. Nelson,8480069,C. Makar,,,0,1
2026-01-25,2025020819,1,REG,07:31,COL,ev,none,wrist,1551,8475754,B. Nelson,8477476,A. Lehkonen,8477501,V. Nichushkin,0,2
2026-01-25,2025020819,2,REG,18:53,COL,ev,none,wrist,1551,8480835,J. Drury,8480448,P. Kelly,8481641,J. Kiviranta,0,3
2026-01-25,2025020819,3,REG,17:41,COL,ev,empty-net,wrist,1560,8475754,B. Nelson,8477492,N. MacKinnon,,,0,4
2026-01-25,2025020819,3,REG,18:58,TOR,pp,none,wrist,1451,8477503,M. Domi,8482259,B. McMann,8484158,E. Cowan,1,4
2026-01-25,2025020820,1,REG,08:11,NJD,pp,none,snap,1541,8476462,D. Hamilton,8481559,J. Hughes,8477015,C. Brown,0,1
2026-01-25,2025020820,2,REG,07:37,SEA,ev,none,wrist,1551,8482858,R. Evans,,,,,1,1
2026-01-25,2025020820,3,REG,07:04,SEA,ev,none,backhand,1551,8482665,M. Beniers,8474586,J. Eberle,,,2,1
2026-01-25,2025020820,3,REG,07:22,SEA,ev,none,wrist,1551,8484800,B. Catton,8476905,C. Stephenson,8480009,E. Tolvanen,3,1
2026-01-25,2025020820,3,REG,08:14,NJD,pp,none,wrist,1541,8481559,J. Hughes,8476462,D. Hamilton,8477015,C. Brown,3,2
2026-01-25,2025020820,3,REG,18:48,SEA,ev,empty-net,wrist,0651,8474586,J. Eberle,,,,,4,2
2026-01-25,2025020821,1,REG,09:25,OTT,ev,none,wrist,1551,8480188,F. Zetterlund,8483676,S. Halliday,,,1,0
2026-01-25,2025020821,2,REG,05:51,OTT,ev,none,backhand,1551,8481528,D. Cozens,8482092,R. Greig,8480801,B. Tkachuk,2,0
2026-01-25,2025020821,2,REG,06:07,OTT,ev,none,wrist,1551,8481606,J. Spence,8482095,T. Kleven,8480801,B. Tkachuk,3,0
2026-01-25,2025020821,2,REG,17:50,OTT,ev,none,wrist,1551,8483676,S. Halliday,8478469,T. Chabot,8482116,T. Stützle,4,0
2026-01-25,2025020821,3,REG,01:22,OTT,ev,none,wrist,1551,8481528,D. Cozens,8480801,B. Tkachuk,,,5,0
2026-01-25,2025020821,3,REG,02:05,OTT,ev,none,tip-in,1551,8483676,S. Halliday,8482095,T. Kleven,,,6,0
2026-01-25,2025020821,3,REG,03:56,OTT,ev,none,wrist,1551,8475324,N. Jensen,8478469,T. Chabot,8481596,S. Pinto,7,0
2026-01-25,2025020821,3,REG,15:05,VGK,ev,none,wrist,1551,8478397,R. Andersson,8476881,T. Hertl,,,7,1
2026-01-25,2025020822,2,REG,05:24,PIT,ev,none,wrist,1551,8471215,E. Malkin,8478438,T. Novak,8482475,E. Chinakhov,0,1
2026-01-25,2025020822,2,REG,08:41,PIT,ev,none,tip-in,1551,8485414,B. Kindel,8478854,R. Shea,8477511,A. Mantha,0,2
2026-01-25,2025020822,2,REG,17:22,PIT,ev,none,slap,1551,8485414,B. Kindel,8479638,J. Brazeau,8476967,B. Kulak,0,3
2026-01-25,2025020822,3,REG,06:29,VAN,ev,none,backhand,1551,8478498,J. DeBrusk,8480012,E. Pettersson,8475169,E. Kane,1,3
2026-01-25,2025020822,3,REG,14:00,VAN,ev,none,deflected,1551,8476927,T. Blueger,8483499,L. Ohgren,8479425,F. Hronek,2,3
2026-01-25,2025020823,2,REG,15:33,FLA,ev,none,wrap-around,1551,8481600,T. Bjornfot,8481655,C. Schwindt,,,0,1
2026-01-25,2025020823,2,REG,19:30,CHI,ev,none,wrist,1551,8477479,T. Bertuzzi,8481624,I. Mikheyev,8482176,W. Kaiser,1,1
2026-01-25,2025020823,3,REG,05:20,FLA,ev,none,wrist,1551,8482713,M. Samoskevich,8478055,G. Forsling,,,1,2
2026-01-25,2025020823,3,REG,07:24,FLA,ev,none,wrist,1551,8477409,C. Verhaeghe,8478542,E. Rodrigues,8478055,G. Forsling,1,3
2026-01-25,2025020823,3,REG,18:11,FLA,ev,empty-net,backhand,1560,8477933,S. Reinhart,8478542,E. Rodrigues,8480185,E. Luostarinen,1,4
2026-01-25,2025020823,3,REG,19:38,FLA,ev,none,wrist,1551,8481600,T. Bjornfot,8477409,C. Verhaeghe,8482113,A. Lundell,1,5
2026-01-25,2025020824,1,REG,06:17,CGY,ev,none,wrist,1551,8476456,J. Huberdeau,8474150,M. Backlund,8482679,M. Coronato,1,0
2026-01-25,2025020824,1,REG,07:56,CGY,ev,none,wrist,1551,8484150,H. Brzustewicz,8483609,A. Klapka,8480797,J. Farabee,2,0
2026-01-25,2025020824,2,REG,03:22,ANA,ev,none,snap,1551,8484762,B. Sennecke,8473986,A. Killorn,8475798,M. Granlund,2,1
2026-01-25,2025020824,2,REG,12:41,ANA,ev,none,wrist,1551,8484762,B. Sennecke,8475798,M. Granlund,8473986,A. Killorn,2,2
2026-01-25,2025020824,3,REG,04:50,CGY,pp,none,wrist,1451,8482679,M. Coronato,8484860,M. Gridin,8475172,N. Kadri,3,2
2026-01-25,2025020824,3,REG,13:08,ANA,ev,none,snap,1551,8475184,C. Kreider,8480068,R. Poehling,8483445,C. Gauthier,3,3
2026-01-25,2025020824,4,OT,02:54,ANA,ev,none,wrist,1331,8484762,B. Sennecke,8481605,J. LaCombe,,,3,4
2026-01-26,2025020825,2,REG,17:38,TBL,pp,none,slap,1451,8478178,D. Raddysh,8476453,N. Kucherov,8477404,J. Guentzel,1,0
2026-01-26,2025020825,3,REG,19:14,TBL,pp,none,wrist,1451,8478519,A. Cirelli,8482655,J. Moser,8476453,N. Kucherov,2,0
2026-01-26,2025020826,1,REG,09:45,NYR,ev,none,tip-in,1551,8482157,W. Cuylle,8480001,U. Vaakanainen,8483690,N. Laba,1,0
2026-01-26,2025020826,1,REG,12:09,BOS,ev,none,wrist,1551,8477496,E. Lindholm,8477956,D. Pastrnak,,,1,1
2026-01-26,2025020826,1,REG,12:35,NYR,ev,none,snap,1551,8476468,J. Miller,8484210,G. Perreault,8476459,M. Zibanejad,2,1
2026-01-26,2025020826,2,REG,03:18,BOS,ev,none,wrist,1551,8477496,E. Lindholm,8477956,D. Pastrnak,8479325,C. McAvoy,2,2
2026-01-26,2025020826,2,REG,08:52,BOS,ev,none,wrist,1551,8479987,M. Geekie,8477956,D. Pastrnak,8482511,M. Lohrei,2,3
2026-01-26,2025020826,3,REG,13:43,NYR,ev,none,wrist,1551,8478840,W. Borgen,8478550,A. Panarin,8482109,A. Lafrenière,3,3
2026-01-26,2025020826,4,OT,03:53,NYR,ev,none,wrist,1331,8481525,M. Robertson,8471734,J. Quick,8476389,V. Trocheck,4,3
2026-01-26,2025020827,1,REG,14:29,NYI,sh,none,wrist,1451,8476419,J. Pageau,8475231,C. Cizikas,8476917,A. Pelech,0,1
2026-01-26,2025020827,2,REG,05:41,NYI,ev,none,tip-in,1551,8478445,M. Barzal,8483448,I. George,8477407,A. Duclair,0,2
2026-01-26,2025020827,2,REG,12:50,NYI,pp,none,slap,1541,8477950,T. DeAngelo,8478445,M. Barzal,8477407,A. Duclair,0,3
2026-01-26,2025020827,3,REG,13:38,NYI,ev,none,wrist,1551,8476419,J. Pageau,8484958,M. Tsyplakov,8475314,A. Lee,0,4
2026-01-26,2025020829,1,REG,03:24,ANA,pp,none,snap,1541,8475798,M. Granlund,8475184,C. Kreider,8483445,C. Gauthier,0,1
2026-01-26,2025020829,1,REG,17:14,EDM,pp,none,wrist,1451,8475786,Z. Hyman,8476454,R. Nugent-Hopkins,8477934,L. Draisaitl,1,1
2026-01-26,2025020829,2,REG,00:55,ANA,ev,none,wrist,1551,8473986,A. Killorn,8480068,R. Poehling,8476885,J. Trouba,1,2
2026-01-26,2025020829,2,REG,04:36,EDM,ev,none,wrist,1551,8481056,S. Stastney,8480834,T. Emberson,8477934,L. Draisaitl,2,2
2026-01-26,2025020829,2,REG,06:28,EDM,ev,none,tip-in,1551,8475218,M. Ekholm,8475786,Z. Hyman,8478402,C. McDavid,3,2
2026-01-26,2025020829,2,REG,07:34,EDM,ev,none,snap,1551,8477498,D. Nurse,,,,,4,2
2026-01-26,2025020829,2,REG,08:25,EDM,ev,none,snap,1551,8475218,M. Ekholm,8483512,M. Savoie,,,5,2
2026-01-26,2025020829,2,REG,13:41,ANA,pp,none,snap,1541,8475798,M. Granlund,8484762,B. Sennecke,,,5,3
2026-01-26,2025020829,3,REG,13:38,ANA,pp,none,snap,1541,8475798,M. Granlund,8484762,B. Sennecke,8481605,J. LaCombe,5,4
2026-01-26,2025020829,3,REG,18:12,EDM,ev,empty-net,wrist,0651,8478402,C. McDavid,8477934,L. Draisaitl,8480803,E. Bouchard,6,4
2026-01-26,2025020829,3,REG,19:49,EDM,ev,empty-net,wrist,0651,8475218,M. Ekholm,8477934,L. Draisaitl,,,7,4
2026-01-27,2025020830,1,REG,13:16,BOS,ev,none,snap,1551,8476854,H. Lindholm,8482511,M. Lohrei,8483489,F. Minten,1,0
2026-01-27,2025020830,2,REG,02:48,BOS,ev,none,snap,1551,8479987,M. Geekie,8477956,D. Pastrnak,8481219,J. Aspirot,2,0
2026-01-27,2025020830,2,REG,19:25,NSH,pp,none,slap,1541,8474600,R. Josi,8475158,R. O'Reilly,8474564,S. Stamkos,2,1
2026-01-27,2025020830,3,REG,13:17,NSH,ev,none,snap,1441,8483565,N. Blankenburg,8482482,A. Wilsby,8482146,L. Evangelista,2,2
2026-01-27,2025020830,4,OT,00:15,BOS,ev,none,tip-in,1331,8477956,D. Pastrnak,8479325,C. McAvoy,8482177,M. Khusnutdinov,3,2
2026-01-27,2025020831,1,REG,07:44,TOR,ev,none,wrist,1551,8482720,M. Knies,8475166,J. Tavares,8481711,M. Maccelli,1,0
2026-01-27,2025020831,1,REG,09:29,BUF,ev,none,wrist,1551,8480839,R. Dahlin,8480802,R. McLeod,8480807,M. Samuelsson,1,1
2026-01-27,2025020831,1,REG,10:49,TOR,ev,none,backhand,1551,8479318,A. Matthews,8477503,M. Domi,8475171,O. Ekman-Larsson,2,1
2026-01-27,2025020831,1,REG,13:16,BUF,pp,none,wrist,1541,8482659,J. Doan,8480839,R. Dahlin,,,2,2
2026-01-27,2025020831,1,REG,18:05,BUF,ev,none,wrist,1551,8479420,T. Thompson,,,,,2,3
2026-01-27,2025020831,2,REG,11:17,TOR,ev,none,wrist,1551,8482259,B. McMann,8479318,A. Matthews,8477503,M. Domi,3,3
2026-01-27,2025020831,2,REG,18:17,BUF,ev,none,tip-in,1551,8480839,R. Dahlin,8480807,M. Samuelsson,8481522,P. Krebs,3,4
2026-01-27,2025020831,3,REG,00:16,BUF,ev,none,wrist,1551,8477949,A. Tuch,8479420,T. Thompson,8480807,M. Samuelsson,3,5
2026-01-27,2025020831,3,REG,11:33,BUF,ev,none,wrist,1551,8482097,J. Quinn,8480839,R. Dahlin,,,3,6
2026-01-27,2025020831,3,REG,14:59,TOR,ev,none,wrist,1551,8477503,M. Domi,8479318,A. Matthews,8482259,B. McMann,4,6
2026-01-27,2025020831,3,REG,19:16,BUF,ev,empty-net,wrist,1560,8480839,R. Dahlin,,,,,4,7
2026-01-27,2025020832,1,REG,08:38,VGK,ev,none,snap,1551,8481604,P. Dorofeyev,,,,,0,1
2026-01-27,2025020832,2,REG,04:24,MTL,ev,none,tip-in,1551,8476479,P. Danault,8482737,Z. Bolduc,,,1,1
2026-01-27,2025020832,2,REG,08:55,MTL,ev,none,backhand,1551,8481540,C. Caufield,8480865,N. Dobson,8476875,M. Matheson,2,1
2026-01-27,2025020832,3,REG,16:52,VGK,ev,none,tip-in,1551,8481604,P. Dorofeyev,8477018,B. Hutton,8483890,B. Bowman,2,2
2026-01-27,2025020832,4,OT,03:58,MTL,ev,none,backhand,1441,8478133,J. Evans,8480074,A. Texier,,,3,2
2026-01-27,2025020833,2,REG,10:00,LAK,ev,none,snap,1551,8482726,S. Helenius,8482408,J. Malott,,,0,1
2026-01-27,2025020833,3,REG,06:46,LAK,pp,none,snap,1541,8483808,A. Kuzmenko,8477960,A. Kempe,8477942,K. Fiala,0,2
2026-01-27,2025020833,3,REG,17:45,DET,ev,none,wrist,1560,8479337,A. DeBrincat,8481542,M. Seider,8474141,P. Kane,1,2
2026-01-27,2025020833,3,REG,18:47,LAK,ev,empty-net,wrist,1560,8470621,C. Perry,8482155,A. Laferriere,,,1,3
2026-01-27,2025020834,1,REG,15:46,UTA,sh,none,backhand,1451,8477951,N. Schmaltz,,,,,0,1
2026-01-27,2025020834,2,REG,02:52,FLA,ev,none,snap,1551,8483771,S. Vilmanis,,,,,1,1
2026-01-27,2025020834,2,REG,03:46,UTA,ev,none,wrist,1551,8480434,S. Durzi,8480855,J. McBain,8479619,M. Carcone,1,2
2026-01-27,2025020834,2,REG,09:55,FLA,ev,none,wrist,1551,8481655,C. Schwindt,,,,,2,2
2026-01-27,2025020834,3,REG,11:05,UTA,ev,none,tip-in,1551,8479410,M. Sergachev,8480434,S. Durzi,,,2,3
2026-01-27,2025020834,3,REG,19:04,UTA,ev,empty-net,wrist,1450,8480849,B. Hayton,8478831,K. Stenlund,,,2,4
2026-01-27,2025020834,3,REG,19:44,FLA,ev,none,snap,1450,8477409,C. Verhaeghe,8477935,S. Bennett,8473419,B. Marchand,3,4
2026-01-27,2025020835,1,REG,01:33,WPG,ev,none,wrist,1551,8476460,M. Scheifele,8478398,K. Connor,8480014,G. Vilardi,0,1
2026-01-27,2025020835,1,REG,08:02,NJD,ev,none,wrist,1551,8484177,L. Hameenaho,8481721,A. Gritsyuk,,,1,1
2026-01-27,2025020835,2,REG,03:23,WPG,ev,none,wrist,1551,8480014,G. Vilardi,8476460,M. Scheifele,8478398,K. Connor,1,2
2026-01-27,2025020835,2,REG,07:51,WPG,ev,none,wrist,1551,8481043,C. Koepke,8480113,A. Iafallo,8480289,M. Barron,1,3
2026-01-27,2025020835,2,REG,16:42,WPG,ev,none,snap,1551,8475799,N. Niederreiter,8476480,V. Namestnikov,8476392,A. Lowry,1,4
2026-01-27,2025020835,2,REG,19:24,NJD,pp,none,slap,1451,8479407,J. Bratt,8481559,J. Hughes,8476462,D. Hamilton,2,4
2026-01-27,2025020835,3,REG,18:14,NJD,ev,none,tip-in,1560,8480002,N. Hischier,8479407,J. Bratt,8481559,J. Hughes,3,4
2026-01-27,2025020836,2,REG,03:20,DAL,pp,none,tip-in,1541,8475168,M. Duchene,8478420,M. Rantanen,8480027,J. Robertson,0,1
2026-01-27,2025020836,2,REG,04:00,DAL,ev,none,backhand,1551,8475168,M. Duchene,8481581,T. Harley,8479351,S. Steel,0,2
2026-01-27,2025020836,2,REG,18:06,DAL,pp,none,slap,1541,8478449,R. Hintz,8480027,J. Robertson,8480036,M. Heiskanen,0,3
2026-01-27,2025020836,3,REG,03:15,STL,ev,none,wrist,1551,8477952,R. Fabbri,8475753,J. Faulk,8481006,T. Tucker,1,3
2026-01-27,2025020836,3,REG,06:22,STL,ev,none,wrist,1551,8475170,B. Schenn,8483516,J. Snuggerud,8484164,D. Dvorsky,2,3
2026-01-27,2025020836,3,REG,15:50,STL,ev,none,wrist,1551,8475170,B. Schenn,8483516,J. Snuggerud,,,3,3
2026-01-27,2025020836,3,REG,18:53,DAL,ev,none,wrist,1551,8481581,T. Harley,8482740,W. Johnston,,,3,4
2026-01-27,2025020837,1,REG,01:19,CHI,ev,none,backhand,1551,8476882,T. Teravainen,8484144,C. Bedard,8481806,L. Crevier,0,1
2026-01-27,2025020837,1,REG,15:14,CHI,ev,none,slap,1551,8477987,R. Donato,,,,,0,2
2026-01-27,2025020837,2,REG,05:54,CHI,ev,none,wrist,1551,8481624,I. Mikheyev,8481568,A. Vlasic,8477450,J. Dickinson,0,3
2026-01-27,2025020837,2,REG,12:33,MIN,ev,none,snap,1551,8478508,Y. Trenin,8482094,D. Hunt,,,1,3
2026-01-27,2025020837,3,REG,03:57,MIN,ev,none,wrist,1551,8478493,J. Eriksson Ek,8475149,M. Johansson,8480800,Q. Hughes,2,3
2026-01-27,2025020837,3,REG,17:58,MIN,ev,none,backhand,1560,8474716,J. Spurgeon,8478493,J. Eriksson Ek,8481557,M. Boldy,3,3
2026-01-27,2025020837,5,SO,00:00,MIN,ev,none,wrist,1010,8478864,K. Kaprizov,,,,,4,3
2026-01-27,2025020838,1,REG,01:15,VAN,ev,none,wrist,1441,8484240,T. Willander,8480012,E. Pettersson,8478498,J. DeBrusk,1,0
2026-01-27,2025020838,1,REG,01:51,SJS,ev,none,slap,1441,8484801,M. Celebrini,8484227,W. Smith,8484806,S. Dickinson,1,1
2026-01-27,2025020838,1,REG,04:43,SJS,ev,none,snap,1551,8478874,A. Gaudette,8482667,W. Eklund,8484801,M. Celebrini,1,2
2026-01-27,2025020838,1,REG,05:55,SJS,ev,none,snap,1551,8475726,T. Toffoli,8477505,A. Wennberg,8484806,S. Dickinson,1,3
2026-01-27,2025020838,2,REG,09:07,SJS,pp,none,snap,1541,8484227,W. Smith,8475906,J. Klingberg,8484801,M. Celebrini,1,4
2026-01-27,2025020838,3,REG,00:28,SJS,pp,none,wrist,1531,8475906,J. Klingberg,8484227,W. Smith,8484801,M. Celebrini,1,5
2026-01-27,2025020838,3,REG,09:15,VAN,pp,none,slap,1451,8479425,F. Hronek,8480012,E. Pettersson,8478498,J. DeBrusk,2,5
2026-01-27,2025020839,2,REG,01:15,SEA,pp,none,slap,1451,8477955,J. McCann,8474586,J. Eberle,8476905,C. Stephenson,1,0
2026-01-27,2025020839,2,REG,10:09,SEA,ev,none,wrist,1551,8477955,J. McCann,8482665,M. Beniers,8479324,R. Lindgren,2,0
2026-01-27,2025020839,2,REG,17:54,SEA,ev,none,wrist,1551,8474586,J. Eberle,8477955,J. McCann,8476457,A. Larsson,3,0
2026-01-27,2025020839,3,REG,02:30,WSH,pp,none,snap,1541,8471214,A. Ovechkin,8484186,R. Leonard,8479345,J. Chychrun,3,1
2026-01-27,2025020839,3,REG,13:12,SEA,ev,none,wrist,1551,8482858,R. Evans,8477919,F. Gaudreau,,,4,1
2026-01-27,2025020839,3,REG,16:27,SEA,ev,none,wrist,1551,8482665,M. Beniers,8477955,J. McCann,8477986,B. Montour,5,1
2026-01-28,2025020842,1,REG,14:59,NYI,pp,none,snap,1451,8476292,O. Palat,8481601,S. Holmstrom,8485366,M. Schaefer,1,0
2026-01-28,2025020842,1,REG,16:10,NYI,ev,none,tip-in,1551,8481601,S. Holmstrom,8477950,T. DeAngelo,8476419,J. Pageau,2,0
2026-01-28,2025020842,1,REG,18:04,NYR,pp,none,snap,1541,8476459,M. Zibanejad,8476468,J. Miller,8478882,V. Gavrikov,2,1
2026-01-28,2025020842,2,REG,13:12,NYI,pp,none,snap,1451,8478445,M. Barzal,8481601,S. Holmstrom,8477500,B. Horvat,3,1
2026-01-28,2025020842,2,REG,13:59,NYI,ev,none,backhand,1551,8476419,J. Pageau,8483553,M. Gatcomb,8481237,K. MacLean,4,1
2026-01-28,2025020842,2,REG,15:42,NYR,ev,none,wrist,1551,8479390,T. Raddysh,8483690,N. Laba,8478840,W. Borgen,4,2
2026-01-28,2025020842,2,REG,19:12,NYI,ev,none,snap,1551,8482476,E. Heineman,8476917,A. Pelech,8476292,O. Palat,5,2
2026-01-28,2025020840,1,REG,00:38,CBJ,ev,none,wrist,1551,8475745,C. Coyle,8479671,M. Olivier,8478460,Z. Werenski,1,0
2026-01-28,2025020840,1,REG,09:03,PHI,ev,none,snap,1551,8478439,T. Konecny,8481546,C. York,8478454,N. Juulsen,1,1
2026-01-28,2025020840,1,REG,19:40,CBJ,ev,none,snap,1441,8480893,K. Marchenko,8478460,Z. Werenski,8484166,A. Fantilli,2,1
2026-01-28,2025020840,2,REG,01:58,CBJ,ev,none,slap,1551,8475790,E. Gudbranson,8482705,C. Sillinger,8475745,C. Coyle,3,1
2026-01-28,2025020840,3,REG,04:08,PHI,ev,none,wrist,1551,8478439,T. Konecny,8477989,C. Dvorak,8482142,J. Drysdale,3,2
2026-01-28,2025020840,3,REG,15:14,PHI,ev,none,wrist,1551,8478439,T. Konecny,8477948,T. Sanheim,,,3,3
2026-01-28,2025020840,3,REG,16:32,CBJ,ev,none,wrist,1551,8477497,S. Monahan,8476923,D. Severson,8482660,K. Johnson,4,3
2026-01-28,2025020840,3,REG,18:54,CBJ,ev,empty-net,wrist,0651,8479671,M. Olivier,8482705,C. Sillinger,,,5,3
2026-01-28,2025020841,2,REG,03:21,OTT,ev,none,backhand,1551,8476393,N. Cousins,8482245,A. Zub,8482116,T. Stützle,1,0
2026-01-28,2025020841,2,REG,14:05,COL,ev,none,snap,1551,8480448,P. Kelly,8475754,B. Nelson,8479387,K. Middleton,1,1
2026-01-28,2025020841,2,REG,14:22,OTT,ev,none,wrist,1551,8482092,R. Greig,8482095,T. Kleven,8481606,J. Spence,2,1
2026-01-28,2025020841,3,REG,02:06,OTT,ev,none,wrist,1551,8473512,C. Giroux,8480208,D. Batherson,8475324,N. Jensen,3,1
2026-01-28,2025020841,3,REG,03:30,COL,ev,none,backhand,1551,8477501,V. Nichushkin,8480835,J. Drury,,,3,2
2026-01-28,2025020841,3,REG,17:44,OTT,ev,empty-net,wrist,0651,8480801,B. Tkachuk,8482105,J. Sanderson,,,4,2
2026-01-28,2025020841,3,REG,18:53,OTT,ev,empty-net,wrist,0651,8482116,T. Stützle,8478469,T. Chabot,8482245,A. Zub,5,2
2026-01-29,2025020843,1,REG,09:49,BOS,ev,none,snap,1551,8478042,V. Arvidsson,8479999,C. Mittelstadt,8483489,F. Minten,1,0
2026-01-29,2025020843,1,REG,10:30,BOS,ev,none,wrist,1551,8478401,P. Zacha,8479987,M. Geekie,8481219,J. Aspirot,2,0
2026-01-29,2025020843,2,REG,02:27,BOS,ev,none,wrist,1551,8483489,F. Minten,8479999,C. Mittelstadt,,,3,0
2026-01-29,2025020843,2,REG,03:16,PHI,ev,none,snap,1551,8478439,T. Konecny,8477989,C. Dvorak,,,3,1
2026-01-29,2025020843,2,REG,16:12,BOS,ev,none,backhand,1551,8479999,C. Mittelstadt,8479369,A. Peeke,8483489,F. Minten,4,1
2026-01-29,2025020843,2,REG,18:40,BOS,ev,none,tip-in,1551,8479661,T. Jeannot,8479369,A. Peeke,8476374,S. Kuraly,5,1
2026-01-29,2025020843,2,REG,19:05,PHI,ev,none,wrist,1551,8483733,N. Grebenkin,8478439,T. Konecny,,,5,2
2026-01-29,2025020843,3,REG,16:30,BOS,ev,empty-net,wrist,0651,8482177,M. Khusnutdinov,8479325,C. McAvoy,8481219,J. Aspirot,6,2
2026-01-29,2025020843,3,REG,18:19,PHI,pp,none,wrist,1541,8484387,M. Michkov,8484142,D. Barkey,8480015,O. Tippett,6,3
2026-01-29,2025020844,1,REG,07:14,BUF,pp,none,snap,1451,8477949,A. Tuch,8480802,R. McLeod,8482097,J. Quinn,1,0
2026-01-29,2025020844,1,REG,11:17,BUF,ev,none,slap,1551,8480807,M. Samuelsson,8480839,R. Dahlin,8482097,J. Quinn,2,0
2026-01-29,2025020844,2,REG,06:29,BUF,ev,none,tip-in,1551,8477949,A. Tuch,8481524,B. Byram,8484145,Z. Benson,3,0
2026-01-29,2025020844,2,REG,07:47,LAK,pp,none,tip-in,1541,8477960,A. Kempe,8477942,K. Fiala,8482730,B. Clarke,3,1
2026-01-29,2025020844,3,REG,19:00,BUF,ev,empty-net,snap,0651,8477949,A. Tuch,8482097,J. Quinn,8480802,R. McLeod,4,1
2026-01-29,2025020845,1,REG,00:56,MTL,ev,none,snap,1551,8480865,N. Dobson,8483457,L. Hutson,8483515,J. Slafkovský,1,0
2026-01-29,2025020845,1,REG,04:09,COL,ev,none,snap,1551,8475754,B. Nelson,8476312,J. Manson,8479398,S. Girard,1,1
2026-01-29,2025020845,1,REG,05:51,MTL,pp,none,snap,1451,8480018,N. Suzuki,8484984,I. Demidov,8483457,L. Hutson,2,1
2026-01-29,2025020845,1,REG,07:33,MTL,sh,none,backhand,1541,8480018,N. Suzuki,8482775,O. Kapanen,8476875,M. Matheson,3,1
2026-01-29,2025020845,2,REG,16:36,MTL,ev,none,snap,1551,8478133,J. Evans,8482087,K. Guhle,8482737,Z. Bolduc,4,1
2026-01-29,2025020845,2,REG,17:16,MTL,ev,none,snap,1551,8481523,K. Dach,8482737,Z. Bolduc,,,5,1
2026-01-29,2025020845,2,REG,18:06,COL,ev,none,snap,1551,8481641,J. Kiviranta,8484258,S. Malinski,8480835,J. Drury,5,2
2026-01-29,2025020845,3,REG,04:38,COL,ev,none,snap,1551,8479525,R. Colton,8477501,V. Nichushkin,,,5,3
2026-01-29,2025020845,3,REG,05:45,MTL,ev,none,snap,1551,8478851,A. Carrier,8480018,N. Suzuki,8481523,K. Dach,6,3
2026-01-29,2025020845,3,REG,09:55,MTL,ev,none,snap,1551,8483515,J. Slafkovský,8482775,O. Kapanen,8484984,I. Demidov,7,3
2026-01-29,2025020847,1,REG,14:58,TBL,ev,none,snap,1551,8483752,D. James,8478178,D. Raddysh,8482655,J. Moser,1,0
2026-01-29,2025020847,2,REG,01:37,TBL,ev,none,slap,1551,8478178,D. Raddysh,8476826,Y. Gourde,8476878,Z. Girgensons,2,0
2026-01-29,2025020847,2,REG,12:25,WPG,ev,none,tip-in,1551,8478398,K. Connor,8480049,D. Samberg,8476460,M. Scheifele,2,1
2026-01-29,2025020847,2,REG,15:17,TBL,ev,none,deflected,1560,8476826,Y. Gourde,8476453,N. Kucherov,8478178,D. Raddysh,3,1
2026-01-29,2025020847,3,REG,18:52,TBL,ev,empty-net,wrist,0651,8476453,N. Kucherov,8476826,Y. Gourde,8476878,Z. Girgensons,4,1
2026-01-29,2025020848,1,REG,05:07,NSH,ev,none,wrap-around,1551,8477446,M. McCarron,8476539,J. Marchessault,8482062,C. Smith,0,1
2026-01-29,2025020848,2,REG,10:01,NJD,ev,none,snap,1551,8476462,D. Hamilton,8484177,L. Hameenaho,8481721,A. Gritsyuk,1,1
2026-01-29,2025020848,3,REG,01:34,NSH,ev,none,snap,1551,8476887,F. Forsberg,8482482,A. Wilsby,,,1,2
2026-01-29,2025020848,3,REG,10:42,NJD,ev,none,wrist,1551,8479407,J. Bratt,,,,,2,2
2026-01-29,2025020848,4,OT,00:42,NJD,ev,none,slap,1331,8480002,N. Hischier,8482110,D. Mercer,,,3,2
2026-01-29,2025020849,2,REG,17:18,NYI,ev,none,snap,1551,8477369,C. Soucy,8485702,M. Shabanov,8476429,S. Mayfield,0,1
2026-01-29,2025020849,2,REG,18:53,NYI,ev,none,wrist,1551,8485366,M. Schaefer,8477500,B. Horvat,,,0,2
2026-01-29,2025020849,3,REG,02:48,NYR,pp,none,slap,1451,8476459,M. Zibanejad,8478882,V. Gavrikov,8476468,J. Miller,1,2
2026-01-29,2025020850,1,REG,09:32,CHI,ev,none,wrist,1551,8476473,C. Murphy,8483450,R. Greene,8483493,F. Nazar,0,1
2026-01-29,2025020850,1,REG,11:24,PIT,ev,none,wrist,1551,8480980,C. Dewar,8478569,N. Acciari,8481481,B. Lizotte,1,1
2026-01-29,2025020850,2,REG,05:54,PIT,ev,none,wrist,1551,8485414,B. Kindel,8477511,A. Mantha,8478450,P. Wotherspoon,2,1
2026-01-29,2025020850,2,REG,15:30,PIT,ev,none,wrist,1551,8482475,E. Chinakhov,8471215,E. Malkin,,,3,1
2026-01-29,2025020850,2,REG,16:01,PIT,ev,none,backhand,1551,8477511,A. Mantha,8485414,B. Kindel,8478854,R. Shea,4,1
2026-01-29,2025020850,2,REG,19:30,PIT,ev,none,slap,1551,8478854,R. Shea,8482470,I. Solovyov,8477511,A. Mantha,5,1
2026-01-29,2025020850,3,REG,13:59,PIT,ev,none,wrist,1551,8480980,C. Dewar,8478569,N. Acciari,8481481,B. Lizotte,6,1
2026-01-29,2025020850,3,REG,14:31,CHI,ev,none,wrist,1551,8484144,C. Bedard,8483493,F. Nazar,,,6,2
2026-01-29,2025020851,1,REG,03:04,CAR,ev,none,snap,1551,8480830,A. Svechnikov,,,,,1,0
2026-01-29,2025020851,2,REG,04:10,UTA,ev,none,snap,1551,8479977,K. Yamamoto,8480855,J. McBain,,,1,1
2026-01-29,2025020851,2,REG,08:24,UTA,ev,none,wrist,1551,8479977,K. Yamamoto,8480084,N. DeSimone,8479619,M. Carcone,1,2
2026-01-29,2025020851,2,REG,17:36,CAR,pp,none,slap,1451,8476906,S. Gostisbehere,8480830,A. Svechnikov,8482093,S. Jarvis,2,2
2026-01-29,2025020851,2,REG,17:55,UTA,ev,none,snap,1551,8482175,J. Peterka,8480849,B. Hayton,,,2,3
2026-01-29,2025020851,3,REG,07:11,UTA,ev,none,wrist,1551,8479619,M. Carcone,8480855,J. McBain,8479977,K. Yamamoto,2,4
2026-01-29,2025020851,3,REG,18:01,CAR,pp,none,snap,1460,8480830,A. Svechnikov,8476906,S. Gostisbehere,8477940,N. Ehlers,3,4
2026-01-29,2025020851,3,REG,18:33,CAR,ev,none,snap,1560,8476906,S. Gostisbehere,8482809,J. Blake,8476958,J. Slavin,4,4
2026-01-29,2025020851,3,REG,19:30,CAR,ev,none,tip-in,1551,8473533,J. Staal,8476921,J. Martinook,8478970,J. Chatfield,5,4
2026-01-29,2025020846,1,REG,06:27,WSH,ev,none,snap,1551,8475343,N. Dowd,8481580,C. McMichael,8479345,J. Chychrun,0,1
2026-01-29,2025020846,2,REG,09:52,DET,ev,none,slap,1551,8475279,B. Chiarot,8479337,A. DeBrincat,8474141,P. Kane,1,1
2026-01-29,2025020846,3,REG,09:36,WSH,ev,none,wrap-around,1551,8478440,D. Strome,8471214,A. Ovechkin,8479345,J. Chychrun,1,2
2026-01-29,2025020846,3,REG,14:44,WSH,ev,none,deflected,1551,8480990,D. Chisholm,8479345,J. Chychrun,8478440,D. Strome,1,3
2026-01-29,2025020846,3,REG,18:20,DET,ev,none,wrist,1560,8479337,A. DeBrincat,8477946,D. Larkin,8477429,A. Copp,2,3
2026-01-29,2025020846,3,REG,19:07,DET,ev,none,wrist,1560,8479337,A. DeBrincat,8481542,M. Seider,,,3,3
2026-01-29,2025020846,5,SO,00:00,WSH,ev,none,backhand,0101,8475343,N. Dowd,,,,,3,4
2026-01-29,2025020852,1,REG,03:12,FLA,ev,none,wrist,1551,8478421,A. Greer,8479316,L. Kunin,8483771,S. Vilmanis,0,1
2026-01-29,2025020852,1,REG,04:46,STL,ev,none,wrist,1551,8482089,J. Neighbours,8477402,P. Buchnevich,8479385,J. Kyrou,1,1
2026-01-29,2025020852,1,REG,07:51,STL,ev,none,wrist,1551,8479385,J. Kyrou,8481598,P. Broberg,,,2,1
2026-01-29,2025020852,1,REG,09:22,FLA,pp,none,wrist,1541,8477933,S. Reinhart,8479314,M. Tkachuk,8484304,U. Balinskis,2,2
2026-01-29,2025020852,1,REG,14:27,STL,ev,none,snap,1441,8481013,J. Berggren,8475753,J. Faulk,,,3,2
2026-01-29,2025020852,2,REG,00:41,STL,ev,none,slap,1551,8476897,O. Sundqvist,8475753,J. Faulk,,,4,2
2026-01-29,2025020852,2,REG,16:52,FLA,ev,none,backhand,1551,8479314,M. Tkachuk,8480185,E. Luostarinen,8477935,S. Bennett,4,3
2026-01-29,2025020852,2,REG,18:39,FLA,pp,none,wrist,1541,8479314,M. Tkachuk,8477933,S. Reinhart,8478055,G. Forsling,4,4
2026-01-29,2025020852,3,REG,19:51,STL,pp,none,snap,1451,8483516,J. Snuggerud,8477402,P. Buchnevich,8479385,J. Kyrou,5,4
2026-01-29,2025020853,1,REG,02:43,MIN,ev,none,snap,1551,8483525,D. Yurov,8475765,V. Tarasenko,8482094,D. Hunt,1,0
2026-01-29,2025020853,1,REG,10:37,MIN,ev,none,wrist,1551,8476994,V. Hinostroza,8478136,J. Middleton,8474716,J. Spurgeon,2,0
2026-01-29,2025020853,3,REG,05:49,CGY,ev,none,wrist,1551,8480028,M. Frost,8476456,J. Huberdeau,,,2,1
2026-01-29,2025020853,3,REG,17:17,MIN,pp,none,tip-in,1451,8481557,M. Boldy,8478864,K. Kaprizov,8480800,Q. Hughes,3,1
2026-01-29,2025020853,3,REG,17:45,MIN,ev,empty-net,wrist,0651,8478864,K. Kaprizov,8482122,B. Faber,8478493,J. Eriksson Ek,4,1
2026-01-29,2025020854,1,REG,00:26,SJS,ev,none,wrist,1551,8484911,C. Graf,8484227,W. Smith,8484801,M. Celebrini,0,1
2026-01-29,2025020854,1,REG,01:35,SJS,ev,none,backhand,1551,8478874,A. Gaudette,8482667,W. Eklund,,,0,2
2026-01-29,2025020854,1,REG,11:40,SJS,ev,none,snap,1551,8485402,M. Misa,8480043,T. Liljegren,8484806,S. Dickinson,0,3
2026-01-29,2025020854,3,REG,01:34,EDM,ev,none,wrist,1551,8477934,L. Draisaitl,8480803,E. Bouchard,8477953,K. Kapanen,1,3
2026-01-29,2025020854,3,REG,16:55,EDM,ev,none,snap,1560,8478402,C. McDavid,8477934,L. Draisaitl,8476454,R. Nugent-Hopkins,2,3
2026-01-29,2025020854,3,REG,19:01,EDM,ev,none,slap,1560,8480803,E. Bouchard,8477934,L. Draisaitl,8475218,M. Ekholm,3,3
2026-01-29,2025020854,4,OT,01:06,EDM,ev,none,wrist,1331,8475786,Z. Hyman,8478402,C. McDavid,8480803,E. Bouchard,4,3
2026-01-29,2025020855,3,REG,10:18,VAN,ev,none,slap,1551,8482055,D. O'Connor,8478498,J. DeBrusk,,,1,0
2026-01-29,2025020855,3,REG,19:32,VAN,sh,empty-net,wrist,0641,8476927,T. Blueger,8479425,F. Hronek,,,2,0
2026-01-29,2025020856,1,REG,01:37,DAL,ev,none,wrist,1551,8475168,M. Duchene,8479351,S. Steel,8473994,J. Benn,0,1
2026-01-29,2025020856,2,REG,04:07,VGK,ev,none,wrist,1551,8478434,K. Kolesar,8478483,M. Marner,,,1,1
2026-01-29,2025020856,2,REG,08:46,DAL,ev,none,snap,1551,8482145,M. Bourque,8478449,R. Hintz,8480027,J. Robertson,1,2
2026-01-29,2025020856,2,REG,14:16,DAL,ev,none,snap,1551,8482145,M. Bourque,8473994,J. Benn,8479351,S. Steel,1,3
2026-01-29,2025020856,2,REG,16:43,DAL,ev,none,snap,1551,8482740,W. Johnston,8478420,M. Rantanen,,,1,4
2026-01-29,2025020856,3,REG,04:04,VGK,sh,none,wrist,1541,8475191,R. Smith,8478434,K. Kolesar,,,2,4
2026-01-29,2025020856,3,REG,13:54,VGK,ev,none,wrist,1551,8477964,I. Barbashev,8478397,R. Andersson,8475913,M. Stone,3,4
2026-01-29,2025020856,3,REG,19:11,VGK,ev,none,snap,1560,8478483,M. Marner,8476881,T. Hertl,,,4,4
2026-01-29,2025020856,5,SO,00:00,DAL,ev,none,wrist,0101,8480027,J. Robertson,,,,,4,5
2026-01-29,2025020857,1,REG,01:21,SEA,ev,none,wrist,1551,8482665,M. Beniers,8477955,J. McCann,8474586,J. Eberle,1,0
2026-01-29,2025020857,1,REG,15:02,TOR,ev,none,slap,1551,8481582,N. Robertson,,,,,1,1
2026-01-29,2025020857,2,REG,06:23,SEA,ev,none,backhand,1551,8483524,S. Wright,8475768,J. Schwartz,8476457,A. Larsson,2,1
2026-01-29,2025020857,2,REG,06:54,SEA,ev,none,wrist,1551,8477986,B. Montour,8477919,F. Gaudreau,8476905,C. Stephenson,3,1
2026-01-29,2025020857,3,REG,06:04,TOR,pp,none,wrist,1541,8476853,M. Rielly,8477503,M. Domi,,,3,2
2026-01-29,2025020857,3,REG,08:32,SEA,ev,none,wrist,1551,8483524,S. Wright,8477986,B. Montour,,,4,2
2026-01-29,2025020857,3,REG,17:23,SEA,ev,empty-net,wrist,0651,8477955,J. McCann,8476467,J. Oleksiak,,,5,2
2026-01-30,2025020858,1,REG,19:13,CBJ,pp,none,wrist,1541,8475745,C. Coyle,8478460,Z. Werenski,8480893,K. Marchenko,0,1
2026-01-30,2025020858,1,REG,19:57,CHI,ev,none,wrist,1551,8484144,C. Bedard,8481568,A. Vlasic,8477479,T. Bertuzzi,1,1
2026-01-30,2025020858,2,REG,01:23,CBJ,ev,none,wrist,1551,8475745,C. Coyle,,,,,1,2
2026-01-30,2025020858,2,REG,06:47,CBJ,ev,none,snap,1551,8479671,M. Olivier,8475745,C. Coyle,8478460,Z. Werenski,1,3
2026-01-30,2025020858,2,REG,10:49,CHI,ev,none,wrist,1551,8483493,F. Nazar,8484144,C. Bedard,8477479,T. Bertuzzi,2,3
2026-01-30,2025020858,3,REG,18:57,CBJ,ev,empty-net,wrist,1560,8475745,C. Coyle,8482705,C. Sillinger,8479671,M. Olivier,2,4
2026-01-31,2025020859,1,REG,03:10,LAK,ev,none,snap,1551,8477960,A. Kempe,8482155,A. Laferriere,8470621,C. Perry,0,1
2026-01-31,2025020859,1,REG,07:08,LAK,ev,none,snap,1551,8477960,A. Kempe,8470621,C. Perry,,,0,2
2026-01-31,2025020859,2,REG,00:39,PHI,pp,none,wrist,1451,8481533,T. Zegras,8481553,B. Brink,8478439,T. Konecny,1,2
2026-01-31,2025020859,3,REG,00:25,PHI,ev,none,tip-in,1551,8478439,T. Konecny,8477499,R. Ristolainen,8483733,N. Grebenkin,2,2
2026-01-31,2025020859,4,OT,02:48,LAK,ev,none,snap,1331,8482124,Q. Byfield,8477960,A. Kempe,8474563,D. Doughty,2,3
2026-01-31,2025020860,1,REG,06:44,COL,ev,none,snap,1551,8470613,B. Burns,8477492,N. MacKinnon,8477501,V. Nichushkin,0,1
2026-01-31,2025020860,1,REG,10:03,COL,ev,none,wrist,1551,8477492,N. MacKinnon,8477476,A. Lehkonen,,,0,2
2026-01-31,2025020860,2,REG,01:24,COL,ev,none,snap,1551,8479525,R. Colton,8475754,B. Nelson,8476312,J. Manson,0,3
2026-01-31,2025020860,2,REG,13:33,COL,ev,none,slap,1551,8477492,N. MacKinnon,8477476,A. Lehkonen,,,0,4
2026-01-31,2025020860,3,REG,07:35,COL,ev,none,backhand,1551,8480448,P. Kelly,8481641,J. Kiviranta,8480835,J. Drury,0,5
2026-01-31,2025020861,1,REG,02:37,PIT,ev,none,tip-in,1551,8477511,A. Mantha,8483487,R. McGroarty,,,1,0
2026-01-31,2025020861,1,REG,06:05,PIT,ev,none,snap,1551,8478569,N. Acciari,8481481,B. Lizotte,8480980,C. Dewar,2,0
2026-01-31,2025020861,2,REG,12:59,PIT,ev,none,wrist,1551,8477511,A. Mantha,8476483,R. Rakell,8471215,E. Malkin,3,0
2026-01-31,2025020861,2,REG,18:28,NYR,pp,none,wrist,1431,8482109,A. Lafrenière,8476468,J. Miller,8476459,M. Zibanejad,3,1
2026-01-31,2025020861,3,REG,01:20,PIT,pp,none,wrist,1451,8476483,R. Rakell,8471675,S. Crosby,8474578,E. Karlsson,4,1
2026-01-31,2025020861,3,REG,01:40,PIT,ev,none,wrist,1551,8478569,N. Acciari,8481481,B. Lizotte,8476967,B. Kulak,5,1
2026-01-31,2025020861,3,REG,09:12,NYR,sh,none,wrist,1451,8476389,V. Trocheck,8478882,V. Gavrikov,,,5,2
2026-01-31,2025020861,3,REG,15:15,NYR,ev,none,slap,1551,8478882,V. Gavrikov,8482073,B. Schneider,8477380,J. Brodzinski,5,3
2026-01-31,2025020861,3,REG,17:28,PIT,ev,empty-net,wrist,0651,8485414,B. Kindel,8480980,C. Dewar,8479973,S. Skinner,6,3
2026-01-31,2025020861,3,REG,18:53,NYR,ev,none,wrist,1551,8482109,A. Lafrenière,8476389,V. Trocheck,8481525,M. Robertson,6,4
2026-01-31,2025020861,3,REG,19:49,NYR,ev,none,wrist,0651,8482157,W. Cuylle,8476389,V. Trocheck,8482109,A. Lafrenière,6,5
2026-01-31,2025020862,1,REG,14:40,FLA,ev,none,tip-in,1551,8480185,E. Luostarinen,8478542,E. Rodrigues,8478055,G. Forsling,1,0
2026-01-31,2025020862,3,REG,08:34,WPG,ev,none,wrist,1551,8482149,C. Perfetti,8480014,G. Vilardi,8476392,A. Lowry,1,1
2026-01-31,2025020862,3,REG,15:46,WPG,ev,none,wrist,1551,8476460,M. Scheifele,8478398,K. Connor,8474679,G. Nyquist,1,2
2026-01-31,2025020863,1,REG,03:11,SJS,pp,none,snap,1541,8484227,W. Smith,8477505,A. Wennberg,,,0,1
2026-01-31,2025020863,1,REG,14:44,CGY,pp,none,snap,1351,8480028,M. Frost,8482679,M. Coronato,8476456,J. Huberdeau,1,1
2026-01-31,2025020863,2,REG,01:21,SJS,ev,none,wrist,1551,8478874,A. Gaudette,8482667,W. Eklund,8485402,M. Misa,1,2
2026-01-31,2025020863,2,REG,06:59,CGY,ev,none,snap,1551,8484860,M. Gridin,8480028,M. Frost,8477346,M. Weegar,2,2
2026-01-31,2025020863,3,REG,06:53,CGY,sh,none,backhand,1541,8480797,J. Farabee,8474150,M. Backlund,8480860,K. Bahl,3,2
2026-01-31,2025020864,1,REG,13:27,CAR,ev,none,snap,1551,8476873,M. Jankowski,8477478,W. Carrier,8480829,J. Kotkaniemi,0,1
2026-01-31,2025020864,1,REG,17:51,CAR,ev,none,snap,1551,8478427,S. Aho,,,,,0,2
2026-01-31,2025020864,2,REG,04:16,CAR,ev,none,snap,1551,8476906,S. Gostisbehere,8476921,J. Martinook,8473533,J. Staal,0,3
2026-01-31,2025020864,2,REG,07:52,WSH,ev,none,snap,1551,8482148,H. Lapierre,8477947,S. Milano,,,1,3
2026-01-31,2025020864,2,REG,14:58,WSH,ev,none,tip-in,1551,8478440,D. Strome,8481656,A. Protas,8479345,J. Chychrun,2,3
2026-01-31,2025020864,3,REG,13:18,WSH,ev,none,snap,1551,8479345,J. Chychrun,8481656,A. Protas,8476880,T. Wilson,3,3
2026-01-31,2025020864,4,OT,01:42,WSH,ev,none,snap,1331,8482088,J. Sourdif,8474590,J. Carlson,8483573,E. Frank,4,3
2026-01-31,2025020865,1,REG,11:20,MTL,pp,none,wrist,1541,8483515,J. Slafkovský,8480018,N. Suzuki,8481540,C. Caufield,0,1
2026-01-31,2025020865,2,REG,07:36,BUF,ev,none,wrist,1560,8482671,O. Power,8479420,T. Thompson,8480839,R. Dahlin,1,1
2026-01-31,2025020865,2,REG,18:58,BUF,pp,none,slap,1451,8483500,N. Ostlund,8477949,A. Tuch,8481524,B. Byram,2,1
2026-01-31,2025020865,3,REG,04:14,MTL,ev,none,tip-in,1551,8481540,C. Caufield,8480865,N. Dobson,8483457,L. Hutson,2,2
2026-01-31,2025020865,3,REG,10:13,MTL,ev,none,snap,1551,8481540,C. Caufield,8480018,N. Suzuki,8481523,K. Dach,2,3
2026-01-31,2025020865,3,REG,19:12,MTL,ev,empty-net,wrist,1560,8482775,O. Kapanen,8480865,N. Dobson,,,2,4
2026-01-31,2025020866,1,REG,13:38,OTT,pp,none,wrist,1451,8480801,B. Tkachuk,8480208,D. Batherson,8482116,T. Stützle,1,0
2026-01-31,2025020866,1,REG,18:16,NJD,ev,none,wrist,1551,8478414,T. Meier,8479996,C. Glass,8477015,C. Brown,1,1
2026-01-31,2025020866,3,REG,00:37,OTT,pp,none,deflected,1451,8481528,D. Cozens,8480801,B. Tkachuk,8482105,J. Sanderson,2,1
2026-01-31,2025020866,3,REG,17:53,OTT,ev,none,wrist,1551,8482116,T. Stützle,8480801,B. Tkachuk,8473512,C. Giroux,3,1
2026-01-31,2025020866,3,REG,18:41,OTT,ev,empty-net,wrist,0651,8481596,S. Pinto,8478020,M. Amadio,8482105,J. Sanderson,4,1
2026-01-31,2025020867,1,REG,01:29,NYI,ev,none,wrist,1551,8478445,M. Barzal,8477407,A. Duclair,8477950,T. DeAngelo,1,0
2026-01-31,2025020867,1,REG,05:57,NYI,ev,none,snap,1551,8485366,M. Schaefer,8477506,R. Pulock,8478445,M. Barzal,2,0
2026-01-31,2025020867,1,REG,09:59,NSH,pp,none,wrist,1541,8476887,F. Forsberg,8474600,R. Josi,8474564,S. Stamkos,2,1
2026-01-31,2025020867,1,REG,12:53,NSH,ev,none,snap,1551,8484241,M. Wood,8476539,J. Marchessault,8479370,T. Jost,2,2
2026-01-31,2025020867,2,REG,07:21,NYI,ev,none,wrist,1551,8476419,J. Pageau,8475314,A. Lee,8481601,S. Holmstrom,3,2
2026-01-31,2025020867,2,REG,14:11,NSH,ev,none,wrist,1551,8476887,F. Forsberg,8484241,M. Wood,,,3,3
2026-01-31,2025020867,3,REG,18:46,NSH,ev,none,wrist,1441,8474600,R. Josi,8482482,A. Wilsby,8475287,E. Haula,3,4
2026-01-31,2025020868,1,REG,07:11,STL,ev,none,wrist,1551,8483516,J. Snuggerud,8475170,B. Schenn,8484164,D. Dvorsky,1,0
2026-01-31,2025020868,1,REG,07:48,CBJ,ev,none,wrist,1551,8480806,I. Lundestrom,8476432,B. Jenner,8477425,M. Wood,1,1
2026-01-31,2025020868,1,REG,12:54,CBJ,ev,none,wrist,1551,8483485,D. Mateychuk,8482660,K. Johnson,8477497,S. Monahan,1,2
2026-01-31,2025020868,2,REG,03:15,STL,pp,none,wrist,1451,8481013,J. Berggren,8480459,P. Suter,8475170,B. Schenn,2,2
2026-01-31,2025020868,2,REG,08:30,CBJ,pp,none,tip-in,1541,8482660,K. Johnson,8478500,I. Provorov,8481716,D. Voronkov,2,3
2026-01-31,2025020868,2,REG,13:35,STL,ev,none,wrist,1551,8481006,T. Tucker,8481013,J. Berggren,8483516,J. Snuggerud,3,3
2026-01-31,2025020868,2,REG,16:01,CBJ,ev,none,slap,1551,8476923,D. Severson,8478460,Z. Werenski,,,3,4
2026-01-31,2025020868,3,REG,19:30,CBJ,ev,empty-net,wrist,1560,8478975,M. Marchment,8480893,K. Marchenko,8484166,A. Fantilli,3,5
2026-01-31,2025020869,2,REG,01:55,VAN,ev,none,snap,1551,8483476,J. Lekkerimäki,8483499,L. Ohgren,8480058,P. Joseph,1,0
2026-01-31,2025020869,2,REG,13:34,TOR,ev,none,slap,1551,8478462,N. Roy,8481582,N. Robertson,8475171,O. Ekman-Larsson,1,1
2026-01-31,2025020869,2,REG,14:45,VAN,ev,none,snap,1551,8484240,T. Willander,8475169,E. Kane,8480012,E. Pettersson,2,1
2026-01-31,2025020869,3,REG,02:32,TOR,ev,none,snap,1551,8477503,M. Domi,8479318,A. Matthews,8482259,B. McMann,2,2
2026-01-31,2025020869,5,SO,00:00,TOR,ev,none,backhand,0101,8477939,W. Nylander,,,,,2,3
2026-01-31,2025020870,1,REG,02:11,DAL,pp,none,snap,1541,8481581,T. Harley,8482145,M. Bourque,8473994,J. Benn,0,1
2026-01-31,2025020870,1,REG,07:42,DAL,pp,none,tip-in,1541,8482740,W. Johnston,8478420,M. Rantanen,8480036,M. Heiskanen,0,2
2026-01-31,2025020870,1,REG,10:23,UTA,ev,none,snap,1551,8479977,K. Yamamoto,8482175,J. Peterka,8478507,J. Marino,1,2
2026-01-31,2025020870,1,REG,16:37,DAL,ev,none,snap,1551,8475168,M. Duchene,8473994,J. Benn,8479351,S. Steel,1,3
2026-01-31,2025020870,3,REG,06:41,UTA,ev,none,wrist,1551,8479977,K. Yamamoto,8482175,J. Peterka,8480849,B. Hayton,2,3
2026-01-31,2025020871,1,REG,03:16,EDM,ev,none,wrist,1551,8477934,L. Draisaitl,,,,,1,0
2026-01-31,2025020871,1,REG,06:15,MIN,pp,none,wrist,1541,8478493,J. Eriksson Ek,8480800,Q. Hughes,8482661,J. Wallstedt,1,1
2026-01-31,2025020871,1,REG,08:01,EDM,ev,none,deflected,1551,8476454,R. Nugent-Hopkins,8478402,C. McDavid,8480803,E. Bouchard,2,1
2026-01-31,2025020871,1,REG,19:24,MIN,pp,none,wrist,1541,8478864,K. Kaprizov,8478493,J. Eriksson Ek,8475692,M. Zuccarello,2,2
2026-01-31,2025020871,2,REG,00:35,MIN,ev,none,wrist,1551,8475692,M. Zuccarello,8477451,R. Hartman,,,2,3
2026-01-31,2025020871,2,REG,12:29,MIN,ev,none,slap,1551,8480800,Q. Hughes,8482122,B. Faber,,,2,4
2026-01-31,2025020871,2,REG,15:40,MIN,ev,none,wrist,1551,8475765,V. Tarasenko,8475220,M. Foligno,8483525,D. Yurov,2,5
2026-01-31,2025020871,3,REG,09:42,MIN,ev,none,wrist,1551,8475752,T. Pitlick,8478508,Y. Trenin,8476994,V. Hinostroza,2,6
2026-01-31,2025020871,3,REG,12:43,EDM,ev,none,snap,1551,8478458,J. Roslovic,8477498,D. Nurse,8484509,J. Samanski,3,6
2026-01-31,2025020871,3,REG,14:17,MIN,ev,none,wrist,1551,8482122,B. Faber,8481557,M. Boldy,8478136,J. Middleton,3,7
2026-01-31,2025020872,1,REG,06:50,SEA,ev,none,wrist,1551,8480009,E. Tolvanen,8482751,R. Winterton,8476905,C. Stephenson,0,1
2026-01-31,2025020872,1,REG,13:04,SEA,pp,none,snap,1541,8477955,J. McCann,8478407,V. Dunn,8476905,C. Stephenson,0,2
2026-01-31,2025020872,2,REG,08:52,VGK,ev,none,wrist,1551,8477964,I. Barbashev,8478403,J. Eichel,8477018,B. Hutton,1,2
2026-01-31,2025020872,2,REG,19:48,VGK,pp,none,wrist,1451,8478483,M. Marner,8478403,J. Eichel,8476881,T. Hertl,2,2
2026-01-31,2025020872,3,REG,03:18,SEA,ev,none,backhand,1551,8481554,K. Kakko,8476457,A. Larsson,,,2,3
2026-02-01,2025020874,1,REG,06:25,CAR,pp,none,tip-in,1451,8473533,J. Staal,8480830,A. Svechnikov,8476906,S. Gostisbehere,1,0
2026-02-01,2025020874,3,REG,12:57,CAR,ev,none,snap,1551,8482100,A. Nikishin,,,,,2,0
2026-02-01,2025020874,3,REG,13:21,LAK,ev,none,snap,1551,8482726,S. Helenius,8482408,J. Malott,8475208,B. Dumoulin,2,1
2026-02-01,2025020874,3,REG,16:49,LAK,ev,none,snap,1551,8482124,Q. Byfield,8477960,A. Kempe,,,2,2
2026-02-01,2025020874,4,OT,01:25,CAR,ev,none,snap,1331,8478427,S. Aho,8482093,S. Jarvis,8476906,S. Gostisbehere,3,2
2026-02-01,2025020873,1,REG,00:11,TBL,ev,none,snap,1551,8479542,B. Hagel,8476453,N. Kucherov,8478178,D. Raddysh,1,0
2026-02-01,2025020873,1,REG,11:24,BOS,ev,none,snap,1551,8482634,A. Steeves,8479591,M. Eyssimont,,,1,1
2026-02-01,2025020873,1,REG,15:36,BOS,ev,none,tip-in,1551,8479987,M. Geekie,8479325,C. McAvoy,8481219,J. Aspirot,1,2
2026-02-01,2025020873,1,REG,18:03,BOS,pp,none,tip-in,1541,8478042,V. Arvidsson,8479325,C. McAvoy,8479987,M. Geekie,1,3
2026-02-01,2025020873,2,REG,02:22,BOS,ev,none,backhand,1551,8483505,M. Poitras,8480355,M. Kastelic,,,1,4
2026-02-01,2025020873,2,REG,08:18,BOS,ev,none,slap,1551,8479987,M. Geekie,8477956,D. Pastrnak,8482177,M. Khusnutdinov,1,5
2026-02-01,2025020873,2,REG,10:28,TBL,pp,none,wrist,1451,8477416,O. Bjorkstrand,8479542,B. Hagel,8477404,J. Guentzel,2,5
2026-02-01,2025020873,2,REG,15:50,TBL,pp,none,slap,1351,8478178,D. Raddysh,8476453,N. Kucherov,8479542,B. Hagel,3,5
2026-02-01,2025020873,2,REG,16:13,TBL,pp,none,tip-in,1351,8477426,N. Paul,8477404,J. Guentzel,8476453,N. Kucherov,4,5
2026-02-01,2025020873,3,REG,11:50,TBL,ev,none,slap,1551,8476453,N. Kucherov,8474151,R. McDonagh,8478416,E. Cernak,5,5
2026-02-01,2025020873,5,SO,00:00,TBL,ev,none,snap,1010,8477404,J. Guentzel,,,,,6,5
2026-02-01,2025020875,1,REG,13:21,ANA,ev,none,deflected,1551,8475184,C. Kreider,8480068,R. Poehling,8483490,P. Mintyukov,1,0
2026-02-01,2025020875,2,REG,01:10,ANA,ev,none,tip-in,1551,8475184,C. Kreider,8476885,J. Trouba,8478873,T. Terry,2,0
2026-02-01,2025020875,2,REG,04:32,ANA,pp,none,snap,1451,8483445,C. Gauthier,8481605,J. LaCombe,8484762,B. Sennecke,3,0
2026-02-01,2025020875,2,REG,09:47,VGK,ev,none,snap,1551,8478483,M. Marner,8475913,M. Stone,8481604,P. Dorofeyev,3,1
2026-02-01,2025020875,3,REG,10:40,VGK,ev,none,snap,1551,8477964,I. Barbashev,8478403,J. Eichel,8482125,A. Holtz,3,2
2026-02-01,2025020875,3,REG,18:53,ANA,ev,empty-net,wrist,0651,8480068,R. Poehling,8478873,T. Terry,8476885,J. Trouba,4,2
2026-02-01,2025020875,3,REG,19:54,VGK,ev,none,snap,0651,8476881,T. Hertl,8475913,M. Stone,,,4,3
2026-02-02,2025020876,1,REG,00:37,FLA,ev,none,wrist,1551,8483771,S. Vilmanis,8478421,A. Greer,8478859,N. Mikkola,1,0
2026-02-02,2025020876,1,REG,05:54,FLA,ev,none,wrist,1551,8478542,E. Rodrigues,8477933,S. Reinhart,8481600,T. Bjornfot,2,0
2026-02-02,2025020876,1,REG,15:03,BUF,ev,none,snap,1551,8479420,T. Thompson,8481522,P. Krebs,8480839,R. Dahlin,2,1
2026-02-02,2025020876,1,REG,18:26,BUF,ev,none,backhand,1551,8481522,P. Krebs,8480839,R. Dahlin,8477949,A. Tuch,2,2
2026-02-02,2025020876,2,REG,05:44,BUF,ev,none,wrist,1551,8484145,Z. Benson,8480802,R. McLeod,8482671,O. Power,2,3
2026-02-02,2025020876,2,REG,18:59,FLA,pp,none,snap,1451,8484304,U. Balinskis,8477933,S. Reinhart,8477409,C. Verhaeghe,3,3
2026-02-02,2025020876,3,REG,05:31,BUF,pp,none,wrist,1541,8475722,J. Zucker,8482659,J. Doan,8482097,J. Quinn,3,4
2026-02-02,2025020876,3,REG,17:51,BUF,ev,none,wrist,1551,8482659,J. Doan,8481522,P. Krebs,8480802,R. McLeod,3,5
2026-02-02,2025020877,1,REG,07:57,PIT,ev,none,wrist,1551,8482475,E. Chinakhov,8471215,E. Malkin,8478450,P. Wotherspoon,1,0
2026-02-02,2025020877,2,REG,01:35,OTT,ev,none,wrist,1551,8478020,M. Amadio,8482095,T. Kleven,8481596,S. Pinto,1,1
2026-02-02,2025020877,3,REG,06:46,OTT,ev,none,backhand,1551,8482116,T. Stützle,8480208,D. Batherson,8481606,J. Spence,1,2
2026-02-02,2025020877,3,REG,08:48,PIT,ev,none,wrist,1551,8478438,T. Novak,8478854,R. Shea,8482475,E. Chinakhov,2,2
2026-02-02,2025020877,3,REG,14:52,OTT,ev,none,deflected,1551,8473512,C. Giroux,8482116,T. Stützle,8480208,D. Batherson,2,3
2026-02-02,2025020878,1,REG,16:38,NYI,ev,none,wrist,1551,8478445,M. Barzal,,,,,0,1
2026-02-02,2025020878,2,REG,05:29,WSH,ev,none,snap,1551,8480796,M. Fehérváry,8476880,T. Wilson,8475343,N. Dowd,1,1
2026-02-02,2025020878,2,REG,06:00,WSH,ev,none,wrap-around,1551,8478463,A. Beauvillier,8478911,M. Roy,8471214,A. Ovechkin,2,1
2026-02-02,2025020878,3,REG,08:46,WSH,ev,none,snap,1551,8475343,N. Dowd,8480873,R. Sandin,8483573,E. Frank,3,1
2026-02-02,2025020878,3,REG,17:35,WSH,ev,empty-net,snap,0651,8474590,J. Carlson,8481656,A. Protas,,,4,1
2026-02-02,2025020879,1,REG,00:38,MIN,ev,none,wrist,1551,8478493,J. Eriksson Ek,8475149,M. Johansson,8481557,M. Boldy,1,0
2026-02-02,2025020879,1,REG,15:48,MIN,ev,none,tip-in,1551,8478864,K. Kaprizov,8480800,Q. Hughes,8477451,R. Hartman,2,0
2026-02-02,2025020879,1,REG,19:08,MTL,ev,none,wrist,1551,8475848,B. Gallagher,8476479,P. Danault,8476875,M. Matheson,2,1
2026-02-02,2025020879,2,REG,19:43,MTL,ev,none,snap,1551,8484984,I. Demidov,8483457,L. Hutson,8478851,A. Carrier,2,2
2026-02-02,2025020879,3,REG,00:12,MTL,ev,none,tip-in,1551,8481523,K. Dach,8480018,N. Suzuki,8480865,N. Dobson,2,3
2026-02-02,2025020879,3,REG,07:05,MIN,ev,none,wrist,1551,8482122,B. Faber,8475149,M. Johansson,8480800,Q. Hughes,3,3
2026-02-02,2025020879,4,OT,03:38,MIN,pp,none,snap,1341,8478864,K. Kaprizov,8480800,Q. Hughes,8481557,M. Boldy,4,3
2026-02-02,2025020880,1,REG,04:53,STL,ev,none,tip-in,1551,8482089,J. Neighbours,8475753,J. Faulk,8481006,T. Tucker,0,1
2026-02-02,2025020880,1,REG,09:16,NSH,pp,none,tip-in,1451,8475158,R. O'Reilly,8476887,F. Forsberg,8474600,R. Josi,1,1
2026-02-02,2025020880,1,REG,14:24,STL,pp,none,wrist,1541,8477402,P. Buchnevich,8482089,J. Neighbours,8479385,J. Kyrou,1,2
2026-02-02,2025020880,2,REG,00:45,STL,ev,none,wrist,1551,8477402,P. Buchnevich,8479385,J. Kyrou,8482089,J. Neighbours,1,3
2026-02-02,2025020880,2,REG,03:23,STL,ev,none,slap,1551,8481598,P. Broberg,8479385,J. Kyrou,8477402,P. Buchnevich,1,4
2026-02-02,2025020880,2,REG,03:55,STL,ev,none,wrist,1551,8476892,C. Parayko,8483516,J. Snuggerud,8481598,P. Broberg,1,5
2026-02-02,2025020880,2,REG,11:35,NSH,ev,none,tip-in,1551,8477446,M. McCarron,8478047,M. Bunting,8474600,R. Josi,2,5
2026-02-02,2025020880,2,REG,13:49,NSH,ev,none,wrist,1551,8476887,F. Forsberg,8474600,R. Josi,8475287,E. Haula,3,5
2026-02-02,2025020880,3,REG,02:02,NSH,ev,none,wrist,1551,8475158,R. O'Reilly,8482111,J. Barron,8482146,L. Evangelista,4,5
2026-02-02,2025020880,3,REG,07:14,NSH,ev,none,wrap-around,1551,8474564,S. Stamkos,8482146,L. Evangelista,8474600,R. Josi,5,5
2026-02-02,2025020880,3,REG,10:23,NSH,ev,none,poke,1551,8474564,S. Stamkos,8476869,B. Skjei,8482146,L. Evangelista,6,5
2026-02-02,2025020881,1,REG,07:00,CHI,pp,none,snap,1451,8484144,C. Bedard,8476882,T. Teravainen,8477479,T. Bertuzzi,1,0
2026-02-02,2025020881,2,REG,02:14,CHI,ev,none,wrist,1551,8476473,C. Murphy,8476891,M. Grzelcyk,8477987,R. Donato,2,0
2026-02-02,2025020881,2,REG,09:35,CHI,ev,none,wrist,1551,8477987,R. Donato,8481624,I. Mikheyev,8477450,J. Dickinson,3,0
2026-02-02,2025020881,2,REG,10:36,CHI,ev,none,slap,1551,8483506,S. Rinzel,8481624,I. Mikheyev,,,4,0
2026-02-02,2025020881,2,REG,12:05,SJS,ev,none,snap,1551,8484227,W. Smith,8484801,M. Celebrini,8484911,C. Graf,4,1
2026-02-02,2025020881,2,REG,12:41,CHI,ev,none,tip-in,1551,8481624,I. Mikheyev,8477450,J. Dickinson,8477987,R. Donato,5,1
2026-02-02,2025020881,2,REG,15:11,SJS,ev,none,wrist,1551,8484801,M. Celebrini,8475726,T. Toffoli,8482667,W. Eklund,5,2
2026-02-02,2025020881,3,REG,02:13,SJS,ev,none,backhand,1551,8482166,S. Mukhamadullin,8480798,P. Kurashev,8479576,V. Desharnais,5,3
2026-02-02,2025020881,3,REG,14:41,CHI,ev,none,wrist,1551,8477987,R. Donato,8481624,I. Mikheyev,8476473,C. Murphy,6,3
2026-02-02,2025020882,2,REG,00:48,DAL,pp,none,tip-in,1451,8480027,J. Robertson,8478420,M. Rantanen,8478449,R. Hintz,1,0
2026-02-02,2025020882,2,REG,02:26,WPG,ev,none,snap,1551,8480014,G. Vilardi,8482149,C. Perfetti,8476392,A. Lowry,1,1
2026-02-02,2025020882,2,REG,03:58,WPG,pp,none,snap,1541,8482149,C. Perfetti,8480014,G. Vilardi,8476460,M. Scheifele,1,2
2026-02-02,2025020882,2,REG,15:13,DAL,ev,none,snap,1551,8480878,N. Lundkvist,8475168,M. Duchene,8473994,J. Benn,2,2
2026-02-02,2025020882,3,REG,12:17,DAL,ev,none,backhand,1551,8478420,M. Rantanen,8484829,J. Hryckowian,8480036,M. Heiskanen,3,2
2026-02-02,2025020882,3,REG,18:17,WPG,ev,none,slap,0651,8479378,L. Stanley,8476460,M. Scheifele,8478398,K. Connor,3,3
2026-02-02,2025020882,4,OT,02:05,DAL,ev,none,backhand,1331,8481581,T. Harley,8475168,M. Duchene,8480036,M. Heiskanen,4,3
2026-02-02,2025020883,1,REG,00:33,DET,ev,none,tip-in,1551,8483464,M. Kasper,8482078,L. Raymond,8477946,D. Larkin,0,1
2026-02-02,2025020883,3,REG,19:29,DET,ev,empty-net,wrist,1560,8482078,L. Raymond,8477946,D. Larkin,,,0,2
2026-02-02,2025020884,1,REG,03:34,UTA,ev,none,wrist,1551,8477951,N. Schmaltz,8478507,J. Marino,8480849,B. Hayton,1,0
2026-02-02,2025020884,1,REG,07:04,VAN,ev,none,snap,1551,8483499,L. Ohgren,8478856,C. Garland,8476927,T. Blueger,1,1
2026-02-02,2025020884,1,REG,07:37,UTA,ev,none,snap,1551,8477951,N. Schmaltz,8480434,S. Durzi,,,2,1
2026-02-02,2025020884,2,REG,08:45,UTA,pp,none,slap,1451,8479410,M. Sergachev,8477951,N. Schmaltz,8482699,D. Guenther,3,1
2026-02-02,2025020884,2,REG,12:16,UTA,ev,none,wrist,1551,8478474,L. Crouse,8478507,J. Marino,8479343,C. Keller,4,1
2026-02-02,2025020884,2,REG,16:05,UTA,ev,none,slap,1551,8482175,J. Peterka,8479977,K. Yamamoto,8478507,J. Marino,5,1
2026-02-02,2025020884,2,REG,18:49,VAN,ev,none,snap,1551,8476927,T. Blueger,8478856,C. Garland,8477969,M. Pettersson,5,2
2026-02-02,2025020884,3,REG,12:22,UTA,ev,none,wrist,1551,8477951,N. Schmaltz,8479343,C. Keller,8478474,L. Crouse,6,2
2026-02-02,2025020885,1,REG,00:35,TOR,ev,none,wrist,1551,8477939,W. Nylander,8475166,J. Tavares,,,0,1
2026-02-02,2025020885,2,REG,07:17,TOR,ev,none,snap,1551,8481711,M. Maccelli,8477939,W. Nylander,,,0,2
2026-02-02,2025020885,2,REG,09:10,TOR,ev,none,backhand,1441,8479442,T. Stecher,8477939,W. Nylander,8479318,A. Matthews,0,3
2026-02-02,2025020885,2,REG,13:15,CGY,ev,none,wrist,1551,8475172,N. Kadri,8480797,J. Farabee,8477810,J. Hanley,1,3
2026-02-02,2025020885,2,REG,15:46,CGY,ev,none,tip-in,1551,8480797,J. Farabee,8475172,N. Kadri,8477346,M. Weegar,2,3
2026-02-02,2025020885,3,REG,19:35,TOR,ev,empty-net,wrist,1560,8482259,B. McMann,8476872,S. Laughton,8478443,B. Carlo,2,4
2026-02-03,2025020887,3,REG,05:24,CBJ,ev,none,wrist,1551,8479371,D. Fabbro,,,,,0,1
2026-02-03,2025020887,3,REG,12:05,CBJ,ev,none,backhand,1551,8479671,M. Olivier,8482705,C. Sillinger,8476432,B. Jenner,0,2
2026-02-03,2025020887,3,REG,16:00,CBJ,ev,awarded-empty-net,,1560,8479671,M. Olivier,8475745,C. Coyle,8478460,Z. Werenski,0,3
2026-02-03,2025020889,1,REG,05:56,PHI,ev,none,backhand,1551,8480015,O. Tippett,8477948,T. Sanheim,8484387,M. Michkov,1,0
2026-02-03,2025020889,2,REG,04:45,PHI,ev,none,wrist,1551,8479336,C. Grundstrom,8475235,N. Deslauriers,8477499,R. Ristolainen,2,0
2026-02-03,2025020889,2,REG,08:12,WSH,sh,none,snap,1451,8481656,A. Protas,8478463,A. Beauvillier,,,2,1
2026-02-03,2025020889,3,REG,02:40,WSH,ev,none,wrist,1551,8478463,A. Beauvillier,8482088,J. Sourdif,8477845,T. van Riemsdyk,2,2
2026-02-03,2025020889,3,REG,14:37,PHI,pp,none,slap,1451,8482142,J. Drysdale,8481533,T. Zegras,8478439,T. Konecny,3,2
2026-02-03,2025020889,3,REG,19:43,PHI,ev,empty-net,wrist,0651,8477499,R. Ristolainen,8478439,T. Konecny,,,4,2
2026-02-03,2025020890,1,REG,02:46,OTT,ev,none,tip-in,1551,8483676,S. Halliday,8481606,J. Spence,8474189,L. Eller,0,1
2026-02-03,2025020890,1,REG,17:49,CAR,ev,none,wrist,1551,8478427,S. Aho,8480817,K. Miller,,,1,1
2026-02-03,2025020890,2,REG,12:39,CAR,pp,none,slap,1451,8482093,S. Jarvis,8480830,A. Svechnikov,8478427,S. Aho,2,1
2026-02-03,2025020890,2,REG,15:41,CAR,ev,none,wrist,1551,8482093,S. Jarvis,8478427,S. Aho,,,3,1
2026-02-03,2025020890,2,REG,16:21,OTT,pp,none,slap,1541,8482116,T. Stützle,8482105,J. Sanderson,8481528,D. Cozens,3,2
2026-02-03,2025020890,3,REG,04:57,OTT,pp,none,slap,1541,8482105,J. Sanderson,8480208,D. Batherson,8481528,D. Cozens,3,3
2026-02-03,2025020890,3,REG,14:53,CAR,ev,none,snap,1551,8473533,J. Staal,8477940,N. Ehlers,,,4,3
2026-02-03,2025020886,1,REG,10:24,TBL,ev,none,wrist,1551,8476453,N. Kucherov,8477404,J. Guentzel,,,1,0
2026-02-03,2025020886,1,REG,16:53,BUF,ev,none,wrist,1551,8480807,M. Samuelsson,,,,,1,1
2026-02-03,2025020886,3,REG,04:08,BUF,ev,none,wrist,1551,8480807,M. Samuelsson,8480802,R. McLeod,8482097,J. Quinn,1,2
2026-02-03,2025020886,3,REG,08:53,TBL,pp,none,snap,1451,8477416,O. Bjorkstrand,8478178,D. Raddysh,8476453,N. Kucherov,2,2
2026-02-03,2025020886,3,REG,14:53,BUF,pp,none,deflected,1541,8482659,J. Doan,8479420,T. Thompson,8480839,R. Dahlin,2,3
2026-02-03,2025020886,3,REG,19:34,TBL,ev,none,slap,1560,8478178,D. Raddysh,8476453,N. Kucherov,8479542,B. Hagel,3,3
2026-02-03,2025020886,4,OT,04:45,TBL,ev,none,snap,1331,8477404,J. Guentzel,8476453,N. Kucherov,8482655,J. Moser,4,3
2026-02-03,2025020888,1,REG,12:09,PIT,ev,none,snap,1551,8477511,A. Mantha,8479638,J. Brazeau,,,0,1
2026-02-03,2025020888,1,REG,18:41,NYI,ev,none,backhand,1551,8477500,B. Horvat,8475314,A. Lee,,,1,1
2026-02-03,2025020888,1,REG,19:56,NYI,ev,none,slap,1560,8485366,M. Schaefer,8476292,O. Palat,8477500,B. Horvat,2,1
2026-02-03,2025020888,2,REG,03:52,PIT,ev,none,snap,1551,8482475,E. Chinakhov,8478438,T. Novak,8474578,E. Karlsson,2,2
2026-02-03,2025020888,2,REG,14:09,PIT,ev,none,wrist,1551,8475810,B. Rust,8471675,S. Crosby,8482470,I. Solovyov,2,3
2026-02-03,2025020888,3,REG,08:37,NYI,ev,none,slap,1551,8478445,M. Barzal,8476917,A. Pelech,,,3,3
2026-02-03,2025020888,3,REG,10:40,PIT,ev,none,tip-in,1551,8479638,J. Brazeau,8476967,B. Kulak,,,3,4
2026-02-03,2025020888,3,REG,15:24,NYI,ev,none,snap,1551,8477506,R. Pulock,8478445,M. Barzal,8481601,S. Holmstrom,4,4
2026-02-03,2025020888,4,OT,00:52,NYI,ev,none,snap,1331,8477500,B. Horvat,8478445,M. Barzal,8485366,M. Schaefer,5,4
2026-02-03,2025020891,2,REG,07:12,TOR,ev,none,tip-in,1551,8481711,M. Maccelli,8476931,J. McCabe,,,0,1
2026-02-03,2025020891,2,REG,11:09,EDM,ev,none,slap,1551,8478013,J. Walman,8484509,J. Samanski,8478458,J. Roslovic,1,1
2026-02-03,2025020891,2,REG,11:18,TOR,ev,none,backhand,1551,8482720,M. Knies,8478462,N. Roy,,,1,2
2026-02-03,2025020891,3,REG,04:27,EDM,ev,none,snap,1551,8477953,K. Kapanen,8481617,V. Podkolzin,8480834,T. Emberson,2,2
2026-02-03,2025020891,3,REG,07:42,TOR,pp,none,tip-in,1531,8475166,J. Tavares,8477939,W. Nylander,8482720,M. Knies,2,3
2026-02-03,2025020891,3,REG,08:13,TOR,pp,none,snap,1541,8481711,M. Maccelli,8477503,M. Domi,8475171,O. Ekman-Larsson,2,4
2026-02-03,2025020891,3,REG,17:22,TOR,ev,empty-net,wrist,1560,8482259,B. McMann,8479318,A. Matthews,,,2,5
2026-02-03,2025020892,2,REG,04:01,ANA,ev,none,snap,1551,8483445,C. Gauthier,8481605,J. LaCombe,8475798,M. Granlund,1,0
2026-02-03,2025020892,2,REG,19:27,ANA,ev,none,slap,1551,8476885,J. Trouba,8478424,J. Harkins,8480068,R. Poehling,2,0
2026-02-03,2025020892,3,REG,00:24,ANA,ev,none,snap,1441,8473986,A. Killorn,8481605,J. LaCombe,8482178,I. Moore,3,0
2026-02-03,2025020892,3,REG,13:54,ANA,ev,none,snap,1551,8477527,R. Johnston,8478424,J. Harkins,8485512,T. Washe,4,0
2026-02-03,2025020892,3,REG,15:31,SEA,ev,none,tip-in,1551,8474586,J. Eberle,8477955,J. McCann,8478407,V. Dunn,4,1
2026-02-03,2025020892,3,REG,17:29,SEA,ev,none,wrist,0651,8481789,T. Kartye,,,,,4,2
2026-02-04,2025020893,1,REG,04:22,FLA,ev,none,wrist,1551,8480185,E. Luostarinen,,,,,1,0
2026-02-04,2025020893,1,REG,07:18,BOS,ev,none,wrist,1551,8479591,M. Eyssimont,8482634,A. Steeves,8476854,H. Lindholm,1,1
2026-02-04,2025020893,1,REG,12:43,BOS,ev,none,wrist,1551,8479591,M. Eyssimont,8482177,M. Khusnutdinov,8479369,A. Peeke,1,2
2026-02-04,2025020893,2,REG,00:30,FLA,pp,none,snap,1451,8484304,U. Balinskis,8479314,M. Tkachuk,8482113,A. Lundell,2,2
2026-02-04,2025020893,2,REG,02:47,FLA,pp,none,backhand,1451,8479314,M. Tkachuk,8482113,A. Lundell,8484304,U. Balinskis,3,2
2026-02-04,2025020893,2,REG,18:33,FLA,sh,none,tip-in,1541,8482113,A. Lundell,8477933,S. Reinhart,,,4,2
2026-02-04,2025020893,3,REG,07:52,BOS,ev,none,deflected,1551,8480355,M. Kastelic,8479325,C. McAvoy,8476854,H. Lindholm,4,3
2026-02-04,2025020893,3,REG,10:30,BOS,pp,none,wrist,1541,8479999,C. Mittelstadt,8477956,D. Pastrnak,8479987,M. Geekie,4,4
2026-02-04,2025020893,5,SO,00:00,FLA,ev,none,backhand,1010,8473419,B. Marchand,,,,,5,4
2026-02-04,2025020894,1,REG,04:46,CBJ,ev,none,snap,1551,8478460,Z. Werenski,8482705,C. Sillinger,8475745,C. Coyle,1,0
2026-02-04,2025020894,1,REG,12:50,CBJ,ev,none,wrist,1551,8478500,I. Provorov,8484166,A. Fantilli,8478975,M. Marchment,2,0
2026-02-04,2025020894,2,REG,05:17,CBJ,ev,none,wrist,1551,8478046,D. Heinen,8475745,C. Coyle,,,3,0
2026-02-04,2025020894,3,REG,15:33,CBJ,ev,empty-net,wrist,0651,8477497,S. Monahan,,,,,4,0
2026-02-04,2025020895,1,REG,06:07,WPG,pp,none,snap,1451,8478398,K. Connor,8480014,G. Vilardi,8476460,M. Scheifele,1,0
2026-02-04,2025020895,1,REG,16:26,MTL,ev,none,wrist,1551,8482775,O. Kapanen,8480865,N. Dobson,8483515,J. Slafkovský,1,1
2026-02-04,2025020895,2,REG,05:28,MTL,ev,none,tip-in,1551,8476981,J. Anderson,8481593,J. Struble,8475848,B. Gallagher,1,2
2026-02-04,2025020895,2,REG,06:44,MTL,ev,none,wrist,1551,8483457,L. Hutson,8476981,J. Anderson,8475848,B. Gallagher,1,3
2026-02-04,2025020895,3,REG,10:57,MTL,pp,none,snap,1541,8475848,B. Gallagher,8481523,K. Dach,8482737,Z. Bolduc,1,4
2026-02-04,2025020895,3,REG,19:46,MTL,sh,empty-net,wrist,1460,8476479,P. Danault,8476981,J. Anderson,8480865,N. Dobson,1,5
2026-02-04,2025020896,1,REG,01:49,MIN,ev,none,wrist,1551,8481557,M. Boldy,8474567,Z. Bogosian,8478493,J. Eriksson Ek,0,1
2026-02-04,2025020896,1,REG,03:39,MIN,pp,none,tip-in,1541,8481557,M. Boldy,8480800,Q. Hughes,8475692,M. Zuccarello,0,2
2026-02-04,2025020896,1,REG,09:26,NSH,pp,none,wrist,1451,8476887,F. Forsberg,8474600,R. Josi,8476539,J. Marchessault,1,2
2026-02-04,2025020896,1,REG,12:58,MIN,ev,none,backhand,1551,8481557,M. Boldy,8480800,Q. Hughes,8482122,B. Faber,1,3
2026-02-04,2025020896,1,REG,16:45,NSH,pp,none,slap,1451,8474564,S. Stamkos,8476887,F. Forsberg,8475158,R. O'Reilly,2,3
2026-02-04,2025020896,1,REG,18:21,NSH,ev,none,wrist,1551,8475287,E. Haula,8476539,J. Marchessault,8480246,N. Perbix,3,3
2026-02-04,2025020896,2,REG,00:41,NSH,ev,none,wrist,1551,8482146,L. Evangelista,8474564,S. Stamkos,8475158,R. O'Reilly,4,3
2026-02-04,2025020896,2,REG,16:06,MIN,ev,none,backhand,1551,8478508,Y. Trenin,,,,,4,4
2026-02-04,2025020896,3,REG,15:14,MIN,ev,none,wrist,1551,8475765,V. Tarasenko,8478136,J. Middleton,8483525,D. Yurov,4,5
2026-02-04,2025020896,3,REG,15:48,NSH,ev,none,wrist,1551,8474600,R. Josi,8475158,R. O'Reilly,8474564,S. Stamkos,5,5
2026-02-04,2025020896,4,OT,04:14,MIN,ev,none,wrist,1331,8474716,J. Spurgeon,8481557,M. Boldy,8478864,K. Kaprizov,5,6
2026-02-04,2025020897,2,REG,01:05,COL,ev,none,deflected,1551,8477476,A. Lehkonen,8477501,V. Nichushkin,8480069,C. Makar,1,0
2026-02-04,2025020897,2,REG,15:47,COL,ev,none,snap,1551,8477476,A. Lehkonen,8477492,N. MacKinnon,8477501,V. Nichushkin,2,0
2026-02-04,2025020897,3,REG,00:43,SJS,ev,none,slap,1551,8480043,T. Liljegren,8477505,A. Wennberg,8475906,J. Klingberg,2,1
2026-02-04,2025020897,3,REG,03:34,SJS,ev,none,wrist,1551,8480798,P. Kurashev,,,,,2,2
2026-02-04,2025020897,3,REG,12:44,COL,ev,none,slap,1441,8476312,J. Manson,8477501,V. Nichushkin,8477492,N. MacKinnon,3,2
2026-02-04,2025020897,3,REG,18:43,COL,ev,empty-net,backhand,0651,8475754,B. Nelson,,,,,4,2
2026-02-04,2025020898,1,REG,00:57,UTA,ev,none,snap,1551,8480434,S. Durzi,,,,,1,0
2026-02-04,2025020898,1,REG,08:11,UTA,pp,none,snap,1351,8477951,N. Schmaltz,8480849,B. Hayton,8479343,C. Keller,2,0
2026-02-04,2025020898,3,REG,04:40,UTA,ev,none,wrist,1551,8482699,D. Guenther,,,,,3,0
2026-02-04,2025020898,3,REG,15:52,DET,pp,none,wrist,0641,8477946,D. Larkin,8474037,J. van Riemsdyk,8481542,M. Seider,3,1
2026-02-04,2025020898,3,REG,17:42,UTA,ev,empty-net,snap,0651,8479343,C. Keller,8477951,N. Schmaltz,8478474,L. Crouse,4,1
2026-02-04,2025020899,1,REG,07:29,STL,pp,none,slap,1541,8477402,P. Buchnevich,8479385,J. Kyrou,8475753,J. Faulk,0,1
2026-02-04,2025020899,1,REG,11:37,DAL,ev,none,snap,1551,8480027,J. Robertson,8478420,M. Rantanen,8480036,M. Heiskanen,1,1
2026-02-04,2025020899,1,REG,18:33,STL,ev,none,snap,1551,8479385,J. Kyrou,8475753,J. Faulk,8481006,T. Tucker,1,2
2026-02-04,2025020899,2,REG,01:55,DAL,pp,none,snap,1451,8475168,M. Duchene,8481581,T. Harley,8473994,J. Benn,2,2
2026-02-04,2025020899,2,REG,03:58,DAL,ev,none,snap,1551,8482145,M. Bourque,8480027,J. Robertson,8478449,R. Hintz,3,2
2026-02-04,2025020899,2,REG,11:57,DAL,ev,none,snap,1551,8473994,J. Benn,8475168,M. Duchene,8476902,E. Lindell,4,2
2026-02-04,2025020899,3,REG,11:05,STL,ev,none,snap,1551,8483516,J. Snuggerud,,,,,4,3
2026-02-04,2025020899,3,REG,15:31,STL,ev,none,snap,1551,8480281,A. Toropchenko,8481598,P. Broberg,8483516,J. Snuggerud,4,4
2026-02-04,2025020899,3,REG,19:37,DAL,ev,none,snap,1551,8473994,J. Benn,8480036,M. Heiskanen,,,5,4
2026-02-04,2025020900,1,REG,03:12,CGY,pp,none,snap,1451,8476456,J. Huberdeau,8477346,M. Weegar,8484860,M. Gridin,1,0
2026-02-04,2025020900,1,REG,05:14,EDM,pp,none,wrist,1541,8477934,L. Draisaitl,8476454,R. Nugent-Hopkins,8480803,E. Bouchard,1,1
2026-02-04,2025020900,1,REG,14:44,CGY,pp,none,snap,1451,8484860,M. Gridin,8477346,M. Weegar,8482445,D. Cooley,2,1
2026-02-04,2025020900,2,REG,11:43,CGY,ev,none,deflected,1551,8482074,C. Zary,8480727,Z. Whitecloud,8475172,N. Kadri,3,1
2026-02-04,2025020900,2,REG,18:26,EDM,pp,none,snap,1541,8477934,L. Draisaitl,8480803,E. Bouchard,8478402,C. McDavid,3,2
2026-02-04,2025020900,3,REG,04:17,EDM,ev,none,wrist,1551,8477953,K. Kapanen,8481617,V. Podkolzin,8480803,E. Bouchard,3,3
2026-02-04,2025020900,3,REG,06:44,CGY,ev,none,snap,1551,8479066,R. Lomberg,8475172,N. Kadri,8480727,Z. Whitecloud,4,3
2026-02-04,2025020901,2,REG,05:09,VGK,ev,none,wrist,1551,8478403,J. Eichel,8478397,R. Andersson,8475913,M. Stone,1,0
2026-02-04,2025020901,2,REG,06:34,VGK,ev,none,wrist,1551,8481133,C. Reinhardt,8483890,B. Bowman,8477447,S. Theodore,2,0
2026-02-04,2025020901,2,REG,07:11,VAN,ev,none,wrist,1551,8483678,E. Pettersson,8483499,L. Ohgren,8476927,T. Blueger,2,1
2026-02-04,2025020901,2,REG,07:39,VGK,ev,none,wrist,1551,8477964,I. Barbashev,8475913,M. Stone,8478403,J. Eichel,3,1
2026-02-04,2025020901,2,REG,19:51,VAN,ev,none,wrist,1551,8480058,P. Joseph,8478856,C. Garland,8476927,T. Blueger,3,2
2026-02-04,2025020901,3,REG,02:31,VGK,ev,none,wrist,1551,8481604,P. Dorofeyev,8478483,M. Marner,,,4,2
2026-02-04,2025020901,3,REG,03:31,VGK,ev,none,snap,1551,8482125,A. Holtz,8478434,K. Kolesar,8478468,J. Lauzon,5,2
2026-02-04,2025020902,1,REG,07:42,LAK,pp,none,snap,1451,8483808,A. Kuzmenko,8482730,B. Clarke,8477942,K. Fiala,1,0
2026-02-04,2025020902,1,REG,09:16,SEA,ev,none,backhand,1551,8483524,S. Wright,8482751,R. Winterton,,,1,1
2026-02-04,2025020902,1,REG,10:14,SEA,ev,none,snap,1551,8476457,A. Larsson,8476905,C. Stephenson,8477919,F. Gaudreau,1,2
2026-02-04,2025020902,1,REG,15:21,SEA,pp,none,backhand,1541,8478407,V. Dunn,8477955,J. McCann,8476905,C. Stephenson,1,3
2026-02-04,2025020902,2,REG,10:27,LAK,pp,none,wrist,1451,8483808,A. Kuzmenko,8477960,A. Kempe,8477942,K. Fiala,2,3
2026-02-04,2025020902,3,REG,05:50,SEA,pp,none,wrist,1541,8483524,S. Wright,8477919,F. Gaudreau,8481554,K. Kakko,2,4
2026-02-05,2025020903,1,REG,01:46,BUF,ev,none,wrist,1551,8475722,J. Zucker,8480802,R. McLeod,8481524,B. Byram,1,0
2026-02-05,2025020903,1,REG,09:18,PIT,ev,none,snap,1551,8482993,A. Hayes,8482470,I. Solovyov,8483487,R. McGroarty,1,1
2026-02-05,2025020903,1,REG,18:47,PIT,ev,none,snap,1551,8482993,A. Hayes,8477511,A. Mantha,8478450,P. Wotherspoon,1,2
2026-02-05,2025020903,2,REG,07:44,PIT,ev,none,wrist,1551,8485414,B. Kindel,,,,,1,3
2026-02-05,2025020903,3,REG,01:55,BUF,pp,none,wrist,1451,8479420,T. Thompson,8482097,J. Quinn,8480839,R. Dahlin,2,3
2026-02-05,2025020903,3,REG,15:33,PIT,ev,none,backhand,1551,8478438,T. Novak,8482475,E. Chinakhov,8471215,E. Malkin,2,4
2026-02-05,2025020903,3,REG,19:46,PIT,sh,empty-net,snap,1460,8485414,B. Kindel,8480980,C. Dewar,,,2,5
2026-02-05,2025020905,2,REG,06:30,NYI,ev,none,wrist,1551,8475231,C. Cizikas,8481237,K. MacLean,8483553,M. Gatcomb,0,1
2026-02-05,2025020905,2,REG,18:26,NJD,ev,none,wrist,1551,8480002,N. Hischier,8479407,J. Bratt,8474596,J. Allen,1,1
2026-02-05,2025020905,3,REG,16:33,NYI,ev,none,backhand,1551,8477500,B. Horvat,,,,,1,2
2026-02-05,2025020905,3,REG,19:36,NYI,ev,empty-net,wrist,1560,8478445,M. Barzal,8477500,B. Horvat,,,1,3
2026-02-05,2025020906,1,REG,06:26,CAR,ev,none,snap,1551,8480830,A. Svechnikov,8476873,M. Jankowski,,,0,1
2026-02-05,2025020906,3,REG,19:06,CAR,ev,empty-net,wrist,1560,8473533,J. Staal,8477940,N. Ehlers,8482809,J. Blake,0,2
2026-02-05,2025020907,2,REG,09:55,OTT,ev,none,wrist,1551,8476393,N. Cousins,8481596,S. Pinto,8478020,M. Amadio,0,1
2026-02-05,2025020907,3,REG,18:46,PHI,ev,none,wrist,1560,8482142,J. Drysdale,8481553,B. Brink,8481533,T. Zegras,1,1
2026-02-05,2025020907,4,OT,00:47,OTT,ev,none,backhand,1331,8482116,T. Stützle,8480801,B. Tkachuk,,,1,2
2026-02-05,2025020908,1,REG,04:15,WSH,ev,none,snap,1551,8476880,T. Wilson,8479400,P. Dubois,8479345,J. Chychrun,1,0
2026-02-05,2025020908,1,REG,12:48,WSH,pp,none,snap,1451,8479400,P. Dubois,8478440,D. Strome,8474590,J. Carlson,2,0
2026-02-05,2025020908,2,REG,08:42,WSH,ev,none,snap,1551,8479345,J. Chychrun,,,,,3,0
2026-02-05,2025020908,2,REG,17:40,NSH,ev,none,deflected,1551,8476539,J. Marchessault,8475287,E. Haula,8482482,A. Wilsby,3,1
2026-02-05,2025020908,3,REG,01:17,NSH,ev,none,wrist,1551,8477446,M. McCarron,8482062,C. Smith,8482482,A. Wilsby,3,2
2026-02-05,2025020908,3,REG,13:11,WSH,pp,none,snap,1451,8479345,J. Chychrun,8478440,D. Strome,8471214,A. Ovechkin,4,2
2026-02-05,2025020904,1,REG,02:08,TBL,ev,none,tip-in,1551,8479542,B. Hagel,8475167,V. Hedman,,,1,0
2026-02-05,2025020904,1,REG,14:08,TBL,ev,none,backhand,1551,8476878,Z. Girgensons,8480995,P. Holmberg,8476826,Y. Gourde,2,0
2026-02-05,2025020904,2,REG,01:14,TBL,pp,none,wrist,1451,8477404,J. Guentzel,8478178,D. Raddysh,8476453,N. Kucherov,3,0
2026-02-05,2025020904,2,REG,17:50,TBL,ev,none,wrap-around,1551,8478416,E. Cernak,8474151,R. McDonagh,8483752,D. James,4,0
2026-02-05,2025020904,3,REG,06:09,TBL,ev,none,poke,1551,8480995,P. Holmberg,8482201,G. Goncalves,8477416,O. Bjorkstrand,5,0
2026-02-05,2025020904,3,REG,09:50,FLA,pp,none,snap,1541,8482713,M. Samoskevich,8480003,J. Boqvist,8482113,A. Lundell,5,1
2026-02-05,2025020904,3,REG,15:41,TBL,ev,none,wrist,1551,8477416,O. Bjorkstrand,,,,,6,1
2026-02-05,2025020909,1,REG,08:22,VGK,ev,none,wrist,1551,8478403,J. Eichel,8475913,M. Stone,8477964,I. Barbashev,1,0
2026-02-05,2025020909,1,REG,11:49,VGK,ev,none,backhand,1551,8475913,M. Stone,8477964,I. Barbashev,8478403,J. Eichel,2,0
2026-02-05,2025020909,1,REG,13:29,VGK,pp,none,wrist,1451,8481604,P. Dorofeyev,8475913,M. Stone,8476881,T. Hertl,3,0
2026-02-05,2025020909,1,REG,13:49,VGK,ev,none,slap,1551,8478483,M. Marner,8481604,P. Dorofeyev,,,4,0
2026-02-05,2025020909,1,REG,15:03,LAK,ev,none,wrist,1551,8479675,T. Moore,8476469,J. Armia,8471685,A. Kopitar,4,1
2026-02-25,2025020910,2,REG,08:10,BUF,ev,none,wrist,1551,8479420,T. Thompson,8481522,P. Krebs,8481524,B. Byram,0,1
2026-02-25,2025020910,3,REG,10:36,BUF,ev,none,wrist,1551,8481522,P. Krebs,8479420,T. Thompson,,,0,2
2026-02-25,2025020910,3,REG,17:30,NJD,ev,none,wrist,1560,8478414,T. Meier,8481559,J. Hughes,8479407,J. Bratt,1,2
2026-02-25,2025020911,2,REG,13:52,WSH,ev,none,snap,1551,8480873,R. Sandin,8482148,H. Lapierre,8479345,J. Chychrun,1,0
2026-02-25,2025020911,3,REG,00:29,PHI,ev,none,tip-in,1551,8480220,N. Cates,8477948,T. Sanheim,8481553,B. Brink,1,1
2026-02-25,2025020911,3,REG,14:08,WSH,ev,none,snap,1551,8477845,T. van Riemsdyk,8480990,D. Chisholm,8481656,A. Protas,2,1
2026-02-25,2025020911,3,REG,19:34,WSH,sh,empty-net,snap,0641,8481656,A. Protas,,,,,3,1
2026-02-25,2025020912,2,REG,07:07,TBL,ev,none,wrist,1551,8478010,B. Point,8480426,C. D'Astous,8480995,P. Holmberg,1,0
2026-02-25,2025020912,2,REG,07:58,TBL,ev,none,wrist,1551,8482201,G. Goncalves,8476453,N. Kucherov,8480426,C. D'Astous,2,0
2026-02-25,2025020912,3,REG,02:59,TBL,ev,none,slap,1551,8476453,N. Kucherov,8482201,G. Goncalves,8478010,B. Point,3,0
2026-02-25,2025020912,3,REG,16:19,TOR,pp,none,wrist,0641,8475166,J. Tavares,8477939,W. Nylander,8482720,M. Knies,3,1
2026-02-25,2025020912,3,REG,16:30,TBL,ev,none,wrist,1551,8478010,B. Point,8476453,N. Kucherov,8482201,G. Goncalves,4,1
2026-02-25,2025020912,3,REG,17:13,TOR,ev,none,snap,0651,8482720,M. Knies,8477939,W. Nylander,8479318,A. Matthews,4,2
2026-02-25,2025020913,1,REG,18:41,DAL,ev,none,tip-in,1551,8482740,W. Johnston,8476902,E. Lindell,8481581,T. Harley,1,0
2026-02-25,2025020913,2,REG,01:43,DAL,ev,none,wrist,1551,8475168,M. Duchene,8481581,T. Harley,,,2,0
2026-02-25,2025020913,2,REG,05:35,DAL,ev,none,poke,1551,8479351,S. Steel,8482145,M. Bourque,8484829,J. Hryckowian,3,0
2026-02-25,2025020913,2,REG,06:14,DAL,pp,none,deflected,1451,8482740,W. Johnston,8480036,M. Heiskanen,8475168,M. Duchene,4,0
2026-02-25,2025020913,3,REG,06:46,SEA,ev,none,slap,1551,8482858,R. Evans,,,,,4,1
2026-02-25,2025020914,2,REG,03:26,COL,ev,none,snap,1551,8480448,P. Kelly,8470613,B. Burns,8476312,J. Manson,0,1
2026-02-25,2025020914,2,REG,09:13,COL,ev,none,snap,1551,8478109,V. Olofsson,8484258,S. Malinski,8480448,P. Kelly,0,2
2026-02-25,2025020914,2,REG,10:49,UTA,pp,none,slap,1451,8482699,D. Guenther,8479410,M. Sergachev,8479343,C. Keller,1,2
2026-02-25,2025020914,2,REG,12:20,COL,ev,none,slap,1551,8475754,B. Nelson,8476455,G. Landeskog,8480039,M. Necas,1,3
2026-02-25,2025020914,2,REG,13:20,UTA,ev,none,slap,1551,8482699,D. Guenther,8480855,J. McBain,8483431,L. Cooley,2,3
2026-02-25,2025020914,2,REG,17:17,COL,pp,none,slap,1541,8480039,M. Necas,8480069,C. Makar,8477501,V. Nichushkin,2,4
2026-02-25,2025020915,1,REG,01:58,VAN,ev,none,wrist,1551,8482055,D. O'Connor,8478444,B. Boeser,,,1,0
2026-02-25,2025020915,1,REG,11:42,WPG,ev,none,wrist,1551,8478398,K. Connor,8476460,M. Scheifele,,,1,1
2026-02-25,2025020915,2,REG,00:38,VAN,ev,none,wrist,1551,8475169,E. Kane,8480012,E. Pettersson,,,2,1
2026-02-25,2025020915,2,REG,18:45,WPG,ev,none,tip-in,1551,8480014,G. Vilardi,8476460,M. Scheifele,8474568,L. Schenn,2,2
2026-02-25,2025020915,4,OT,01:37,WPG,ev,none,snap,1331,8482149,C. Perfetti,8476392,A. Lowry,8480049,D. Samberg,2,3
2026-02-25,2025020916,1,REG,10:59,VGK,ev,none,wrist,1551,8481604,P. Dorofeyev,8479550,T. Laczynski,8475191,R. Smith,0,1
2026-02-25,2025020916,1,REG,14:31,LAK,pp,none,deflected,1451,8482124,Q. Byfield,8478550,A. Panarin,8482730,B. Clarke,1,1
2026-02-25,2025020916,2,REG,14:44,LAK,ev,none,snap,1551,8477960,A. Kempe,8471685,A. Kopitar,8478550,A. Panarin,2,1
2026-02-25,2025020916,3,REG,08:07,VGK,ev,none,backhand,1551,8476925,C. Sissons,8483890,B. Bowman,8478499,A. Hill,2,2
2026-02-25,2025020916,3,REG,11:16,VGK,ev,none,snap,1551,8476438,B. Saad,8476925,C. Sissons,8482125,A. Holtz,2,3
2026-02-25,2025020916,3,REG,12:21,VGK,ev,none,backhand,1551,8475191,R. Smith,8479550,T. Laczynski,8475188,B. McNabb,2,4
2026-02-25,2025020916,3,REG,13:26,LAK,ev,none,wrist,1551,8482124,Q. Byfield,8483808,A. Kuzmenko,,,3,4
2026-02-25,2025020916,3,REG,15:59,VGK,pp,none,wrist,1541,8481604,P. Dorofeyev,8479550,T. Laczynski,8483890,B. Bowman,3,5
2026-02-25,2025020916,3,REG,18:54,LAK,ev,none,slap,1560,8482730,B. Clarke,8477960,A. Kempe,8483808,A. Kuzmenko,4,5
2026-02-25,2025020916,3,REG,19:32,VGK,ev,empty-net,wrist,1560,8477964,I. Barbashev,8476881,T. Hertl,8475188,B. McNabb,4,6
2026-02-25,2025020917,1,REG,00:13,EDM,ev,none,snap,1551,8478458,J. Roslovic,8483512,M. Savoie,8477498,D. Nurse,0,1
2026-02-25,2025020917,1,REG,09:03,EDM,ev,none,snap,1551,8476454,R. Nugent-Hopkins,8478402,C. McDavid,8483512,M. Savoie,0,2
2026-02-25,2025020917,1,REG,10:30,ANA,ev,none,slap,1551,8482178,I. Moore,8478424,J. Harkins,8477527,R. Johnston,1,2
2026-02-25,2025020917,2,REG,03:01,ANA,pp,none,wrist,1451,8473986,A. Killorn,8484153,L. Carlsson,8482745,M. McTavish,2,2
2026-02-25,2025020917,2,REG,18:45,EDM,ev,none,tip-in,1551,8475786,Z. Hyman,8475218,M. Ekholm,8480803,E. Bouchard,2,3
2026-02-25,2025020917,2,REG,19:20,EDM,ev,none,wrist,1551,8480803,E. Bouchard,8476454,R. Nugent-Hopkins,8478402,C. McDavid,2,4
2026-02-25,2025020917,3,REG,01:30,ANA,ev,none,wrist,1551,8484153,L. Carlsson,8476885,J. Trouba,8475184,C. Kreider,3,4
2026-02-25,2025020917,3,REG,02:55,ANA,ev,none,snap,1551,8482803,O. Zellweger,8475462,R. Gudas,8478873,T. Terry,4,4
2026-02-25,2025020917,3,REG,05:53,EDM,pp,none,wrist,1541,8483512,M. Savoie,8481617,V. Podkolzin,8475218,M. Ekholm,4,5
2026-02-25,2025020917,3,REG,06:39,ANA,ev,none,snap,1551,8484762,B. Sennecke,8481605,J. LaCombe,,,5,5
2026-02-25,2025020917,3,REG,18:46,ANA,ev,none,wrist,1551,8483445,C. Gauthier,8484153,L. Carlsson,8475184,C. Kreider,6,5
2026-02-26,2025020918,1,REG,04:32,CBJ,ev,none,snap,1551,8480893,K. Marchenko,8478975,M. Marchment,8484166,A. Fantilli,0,1
2026-02-26,2025020918,1,REG,15:51,BOS,ev,none,snap,1551,8478042,V. Arvidsson,8481219,J. Aspirot,,,1,1
2026-02-26,2025020918,2,REG,06:54,BOS,pp,none,slap,1451,8479987,M. Geekie,8477956,D. Pastrnak,8477496,E. Lindholm,2,1
2026-02-26,2025020918,3,REG,11:15,BOS,ev,none,slap,1551,8476374,S. Kuraly,8479661,T. Jeannot,,,3,1
2026-02-26,2025020918,3,REG,13:45,CBJ,ev,none,snap,1551,8484166,A. Fantilli,8478975,M. Marchment,8478460,Z. Werenski,3,2
2026-02-26,2025020918,3,REG,19:27,BOS,ev,empty-net,snap,0651,8478042,V. Arvidsson,8479325,C. McAvoy,8479999,C. Mittelstadt,4,2
2026-02-26,2025020919,1,REG,12:11,MTL,ev,none,snap,1551,8480865,N. Dobson,8483457,L. Hutson,,,1,0
2026-02-26,2025020919,2,REG,10:06,MTL,pp,none,slap,1451,8480865,N. Dobson,8480074,A. Texier,8481618,A. Newhook,2,0
2026-02-26,2025020919,2,REG,17:56,NYI,pp,none,snap,1531,8485366,M. Schaefer,8478445,M. Barzal,8484221,C. Ritchie,2,1
2026-02-26,2025020919,2,REG,18:51,NYI,ev,none,snap,1551,8485366,M. Schaefer,8477950,T. DeAngelo,8478009,I. Sorokin,2,2
2026-02-26,2025020919,3,REG,09:11,MTL,pp,none,snap,1451,8481540,C. Caufield,8484984,I. Demidov,8483515,J. Slafkovský,3,2
2026-02-26,2025020919,3,REG,18:19,NYI,ev,none,deflected,0651,8475314,A. Lee,8477500,B. Horvat,8481601,S. Holmstrom,3,3
2026-02-26,2025020919,4,OT,01:46,NYI,ev,none,backhand,1331,8476419,J. Pageau,8481601,S. Holmstrom,,,3,4
2026-02-26,2025020920,1,REG,18:44,OTT,pp,none,wrist,1451,8480801,B. Tkachuk,8482105,J. Sanderson,8482116,T. Stützle,1,0
2026-02-26,2025020920,2,REG,05:24,DET,pp,none,snap,1541,8477946,D. Larkin,8482078,L. Raymond,8481542,M. Seider,1,1
2026-02-26,2025020920,4,OT,01:50,DET,ev,none,backhand,1331,8477946,D. Larkin,8482078,L. Raymond,,,1,2
2026-02-26,2025020921,1,REG,03:18,FLA,ev,none,wrist,1551,8473419,B. Marchand,8482113,A. Lundell,,,1,0
2026-02-26,2025020921,1,REG,05:13,FLA,pp,none,wrist,1451,8477409,C. Verhaeghe,8478542,E. Rodrigues,8482113,A. Lundell,2,0
2026-02-26,2025020921,1,REG,16:40,FLA,sh,none,wrist,1541,8478542,E. Rodrigues,,,,,3,0
2026-02-26,2025020921,3,REG,00:47,TOR,pp,none,wrist,1541,8475166,J. Tavares,8479318,A. Matthews,8475171,O. Ekman-Larsson,3,1
2026-02-26,2025020921,3,REG,16:51,FLA,ev,empty-net,snap,0651,8473419,B. Marchand,,,,,4,1
2026-02-26,2025020921,3,REG,18:08,FLA,ev,empty-net,wrist,0651,8479314,M. Tkachuk,8477935,S. Bennett,8477933,S. Reinhart,5,1
2026-02-26,2025020922,1,REG,18:51,PIT,pp,none,tip-in,1451,8478438,T. Novak,8471724,K. Letang,8471215,E. Malkin,1,0
2026-02-26,2025020922,2,REG,04:56,NJD,ev,none,deflected,0651,8481032,P. Cotter,8476462,D. Hamilton,8481559,J. Hughes,1,1
2026-02-26,2025020922,3,REG,06:30,PIT,ev,none,slap,1551,8477365,C. Clifton,8478854,R. Shea,8477511,A. Mantha,2,1
2026-02-26,2025020922,3,REG,07:20,PIT,ev,none,wrist,1551,8482475,E. Chinakhov,8471215,E. Malkin,,,3,1
2026-02-26,2025020922,3,REG,18:01,PIT,sh,empty-net,wrist,0641,8481481,B. Lizotte,,,,,4,1
2026-02-26,2025020923,1,REG,01:43,CAR,ev,none,snap,1551,8477940,N. Ehlers,8480817,K. Miller,8476921,J. Martinook,1,0
2026-02-26,2025020923,1,REG,02:56,CAR,ev,none,snap,1551,8482702,L. Stankoven,8475791,T. Hall,8478970,J. Chatfield,2,0
2026-02-26,2025020923,1,REG,06:41,CAR,ev,none,wrist,1551,8475791,T. Hall,8482809,J. Blake,8482702,L. Stankoven,3,0
2026-02-26,2025020923,1,REG,16:30,TBL,ev,none,snap,1551,8479542,B. Hagel,8477149,S. Sabourin,8477404,J. Guentzel,3,1
2026-02-26,2025020923,1,REG,17:05,TBL,ev,none,snap,1551,8476453,N. Kucherov,8478010,B. Point,8482655,J. Moser,3,2
2026-02-26,2025020923,2,REG,01:58,TBL,ev,none,snap,1551,8483752,D. James,8477404,J. Guentzel,8474151,R. McDonagh,3,3
2026-02-26,2025020923,2,REG,07:21,CAR,ev,none,wrist,1551,8482093,S. Jarvis,8480830,A. Svechnikov,8476873,M. Jankowski,4,3
2026-02-26,2025020923,2,REG,14:02,TBL,pp,none,snap,1541,8478010,B. Point,8477404,J. Guentzel,8478178,D. Raddysh,4,4
2026-02-26,2025020923,3,REG,07:17,CAR,pp,none,slap,1451,8478427,S. Aho,8482093,S. Jarvis,8480830,A. Svechnikov,5,4
2026-02-26,2025020924,1,REG,09:56,NYR,ev,none,wrist,1551,8475842,S. Carrick,8479390,T. Raddysh,8478840,W. Borgen,1,0
2026-02-26,2025020924,2,REG,01:23,NYR,ev,none,wrist,1551,8482109,A. Lafrenière,8482157,W. Cuylle,8476389,V. Trocheck,2,0
2026-02-26,2025020924,2,REG,10:25,PHI,pp,none,snap,1541,8484387,M. Michkov,8480220,N. Cates,8480015,O. Tippett,2,1
2026-02-26,2025020924,3,REG,00:39,PHI,ev,none,wrist,1551,8481533,T. Zegras,8478439,T. Konecny,8477948,T. Sanheim,2,2
2026-02-26,2025020924,4,OT,02:10,PHI,ev,none,wrist,1441,8484387,M. Michkov,8476461,S. Couturier,8476372,N. Seeler,2,3
2026-02-26,2025020925,1,REG,07:58,STL,ev,none,snap,1551,8482077,D. Holloway,8481013,J. Berggren,8480459,P. Suter,1,0
2026-02-26,2025020925,1,REG,12:32,SEA,ev,none,wrist,1551,8481554,K. Kakko,8483524,S. Wright,8477986,B. Montour,1,1
2026-02-26,2025020925,2,REG,01:12,STL,ev,none,snap,1551,8479385,J. Kyrou,8477402,P. Buchnevich,8476892,C. Parayko,2,1
2026-02-26,2025020925,2,REG,01:35,STL,ev,none,poke,1551,8482077,D. Holloway,8481013,J. Berggren,8480459,P. Suter,3,1
2026-02-26,2025020925,3,REG,01:56,STL,ev,none,snap,1551,8480459,P. Suter,8482077,D. Holloway,8475753,J. Faulk,4,1
2026-02-26,2025020925,3,REG,16:59,STL,ev,empty-net,backhand,0651,8482077,D. Holloway,8475753,J. Faulk,8482090,J. Finley,5,1
2026-02-26,2025020926,1,REG,13:50,NSH,ev,none,wrist,1551,8476887,F. Forsberg,,,,,1,0
2026-02-26,2025020926,2,REG,04:13,CHI,ev,none,wrist,1551,8484144,C. Bedard,8483450,R. Greene,,,1,1
2026-02-26,2025020926,3,REG,03:16,CHI,pp,none,snap,1541,8477479,T. Bertuzzi,8476882,T. Teravainen,8483506,S. Rinzel,1,2
2026-02-26,2025020926,3,REG,07:12,NSH,pp,none,wrist,1451,8484241,M. Wood,8475287,E. Haula,,,2,2
2026-02-26,2025020926,3,REG,16:44,NSH,ev,none,wrist,1551,8475158,R. O'Reilly,8474600,R. Josi,,,3,2
2026-02-26,2025020926,3,REG,19:12,NSH,ev,empty-net,wrist,0651,8474564,S. Stamkos,,,,,4,2
2026-02-26,2025020927,2,REG,07:48,MIN,pp,none,snap,1541,8478493,J. Eriksson Ek,8481557,M. Boldy,8478864,K. Kaprizov,0,1
2026-02-26,2025020927,2,REG,13:30,COL,ev,none,wrist,1551,8480039,M. Necas,8477492,N. MacKinnon,8476312,J. Manson,1,1
2026-02-26,2025020927,2,REG,17:37,MIN,pp,none,wrist,1541,8478493,J. Eriksson Ek,8481557,M. Boldy,8480800,Q. Hughes,1,2
2026-02-26,2025020927,3,REG,15:08,MIN,ev,none,wrist,1551,8475692,M. Zuccarello,8477451,R. Hartman,8478864,K. Kaprizov,1,3
2026-02-26,2025020927,3,REG,16:38,MIN,sh,empty-net,wrist,1460,8481557,M. Boldy,,,,,1,4
2026-02-26,2025020927,3,REG,19:03,COL,ev,none,snap,1560,8480039,M. Necas,8477492,N. MacKinnon,8476455,G. Landeskog,2,4
2026-02-26,2025020927,3,REG,19:28,MIN,ev,empty-net,wrist,1560,8481557,M. Boldy,8482122,B. Faber,8478136,J. Middleton,2,5
2026-02-26,2025020928,2,REG,01:17,SJS,ev,none,tip-in,1551,8475726,T. Toffoli,8479983,M. Ferraro,8485402,M. Misa,1,0
2026-02-26,2025020928,2,REG,15:02,CGY,ev,none,wrist,1551,8475172,N. Kadri,8480797,J. Farabee,8477346,M. Weegar,1,1
2026-02-26,2025020928,3,REG,05:22,CGY,ev,none,wrist,1551,8482074,C. Zary,8474150,M. Backlund,8482165,Y. Kuznetsov,1,2
2026-02-26,2025020928,3,REG,11:56,CGY,ev,none,wrist,1551,8475172,N. Kadri,8482074,C. Zary,,,1,3
2026-02-26,2025020928,3,REG,17:30,CGY,ev,empty-net,wrist,1560,8474150,M. Backlund,8482679,M. Coronato,8480727,Z. Whitecloud,1,4
2026-02-26,2025020929,1,REG,07:25,EDM,ev,none,wrist,1551,8480834,T. Emberson,8478458,J. Roslovic,8483512,M. Savoie,0,1
2026-02-26,2025020929,1,REG,08:19,EDM,ev,none,wrist,1551,8481617,V. Podkolzin,8478233,A. Mangiapane,8477498,D. Nurse,0,2
2026-02-26,2025020929,1,REG,12:15,LAK,ev,none,tip-in,1551,8477998,W. Foegele,8476441,J. Edmundson,,,1,2
2026-02-26,2025020929,2,REG,02:59,EDM,ev,none,wrist,1551,8478233,A. Mangiapane,8475786,Z. Hyman,8475218,M. Ekholm,1,3
2026-02-26,2025020929,2,REG,04:58,EDM,ev,none,wrist,1551,8478402,C. McDavid,8475786,Z. Hyman,,,1,4
2026-02-26,2025020929,2,REG,08:44,EDM,pp,none,backhand,1541,8475786,Z. Hyman,8477934,L. Draisaitl,8480803,E. Bouchard,1,5
2026-02-26,2025020929,3,REG,00:31,EDM,pp,none,wrist,1541,8477934,L. Draisaitl,8478402,C. McDavid,,,1,6
2026-02-26,2025020929,3,REG,05:24,EDM,ev,none,slap,1551,8478013,J. Walman,8483512,M. Savoie,8477934,L. Draisaitl,1,7
2026-02-26,2025020929,3,REG,07:36,EDM,ev,none,backhand,1551,8478013,J. Walman,8477934,L. Draisaitl,,,1,8
2026-02-27,2025020930,1,REG,17:48,BUF,pp,none,snap,1541,8477949,A. Tuch,8480802,R. McLeod,8481524,B. Byram,0,1
2026-02-27,2025020930,2,REG,13:51,FLA,pp,none,snap,1451,8479314,M. Tkachuk,8473419,B. Marchand,8477935,S. Bennett,1,1
2026-02-27,2025020930,3,REG,11:38,BUF,ev,none,slap,1551,8479359,B. Malenstyn,8480064,J. Norris,8483500,N. Ostlund,1,2
2026-02-27,2025020930,3,REG,18:43,BUF,ev,empty-net,wrist,1560,8481522,P. Krebs,8479420,T. Thompson,8477949,A. Tuch,1,3
2026-02-27,2025020930,3,REG,19:25,FLA,ev,own-goal,,1560,8477935,S. Bennett,,,,,2,3
2026-02-27,2025020931,2,REG,00:49,WSH,ev,none,snap,1551,8479400,P. Dubois,8481656,A. Protas,8480873,R. Sandin,1,0
2026-02-27,2025020931,2,REG,03:23,WSH,ev,none,snap,1551,8479400,P. Dubois,8481656,A. Protas,,,2,0
2026-02-27,2025020931,2,REG,14:52,WSH,ev,none,snap,1551,8479345,J. Chychrun,8480873,R. Sandin,8479400,P. Dubois,3,0
2026-02-27,2025020931,3,REG,02:27,VGK,ev,none,wrist,1551,8483890,B. Bowman,8481527,K. Korczak,8475188,B. McNabb,3,1
2026-02-27,2025020931,3,REG,09:15,VGK,pp,none,tip-in,1541,8476881,T. Hertl,8481604,P. Dorofeyev,8478483,M. Marner,3,2
2026-02-27,2025020932,1,REG,13:23,UTA,sh,none,snap,1541,8483431,L. Cooley,8480855,J. McBain,8479410,M. Sergachev,1,0
2026-02-27,2025020932,2,REG,04:26,UTA,ev,none,wrist,1551,8479343,C. Keller,8477951,N. Schmaltz,,,2,0
2026-02-27,2025020932,2,REG,07:49,UTA,ev,none,backhand,1551,8478474,L. Crouse,8479343,C. Keller,8477951,N. Schmaltz,3,0
2026-02-27,2025020932,2,REG,14:03,MIN,pp,none,wrist,1541,8478864,K. Kaprizov,8481557,M. Boldy,8475692,M. Zuccarello,3,1
2026-02-27,2025020932,3,REG,01:19,UTA,pp,none,slap,1451,8480849,B. Hayton,8479410,M. Sergachev,8479343,C. Keller,4,1
2026-02-27,2025020932,3,REG,12:48,UTA,ev,none,tip-in,1551,8478474,L. Crouse,8480434,S. Durzi,8480855,J. McBain,5,1
2026-02-27,2025020932,3,REG,14:05,MIN,ev,none,wrist,1551,8481557,M. Boldy,8475765,V. Tarasenko,8475149,M. Johansson,5,2
2026-02-27,2025020933,1,REG,01:24,WPG,ev,none,snap,1551,8480113,A. Iafallo,8482149,C. Perfetti,8480049,D. Samberg,0,1
2026-02-27,2025020933,2,REG,02:25,WPG,pp,none,snap,1541,8480014,G. Vilardi,8478398,K. Connor,8479378,L. Stanley,0,2
2026-02-27,2025020933,2,REG,19:19,ANA,ev,none,slap,1551,8476885,J. Trouba,8485512,T. Washe,,,1,2
2026-02-27,2025020933,3,REG,01:27,WPG,ev,none,snap,1551,8483510,E. Salomonsson,8476392,A. Lowry,8480113,A. Iafallo,1,3
2026-02-27,2025020933,3,REG,06:32,ANA,pp,none,snap,1451,8484153,L. Carlsson,8481605,J. LaCombe,8484762,B. Sennecke,2,3
2026-02-27,2025020933,3,REG,09:59,ANA,ev,none,snap,1551,8483490,P. Mintyukov,8484762,B. Sennecke,8481563,D. Helleson,3,3
2026-02-27,2025020933,3,REG,16:50,ANA,ev,none,snap,1551,8480068,R. Poehling,8473986,A. Killorn,8483490,P. Mintyukov,4,3
2026-02-27,2025020933,3,REG,18:38,WPG,ev,none,wrist,0651,8478398,K. Connor,8482149,C. Perfetti,8479378,L. Stanley,4,4
2026-02-27,2025020933,4,OT,04:47,ANA,ev,none,backhand,1331,8475184,C. Kreider,8484762,B. Sennecke,,,5,4
2026-02-28,2025020934,1,REG,02:08,PIT,pp,none,tip-in,1541,8477511,A. Mantha,8474578,E. Karlsson,8475810,B. Rust,0,1
2026-02-28,2025020934,2,REG,01:59,PIT,ev,none,wrist,1551,8478854,R. Shea,8477365,C. Clifton,8481481,B. Lizotte,0,2
2026-02-28,2025020934,2,REG,10:00,NYR,pp,none,snap,1451,8476459,M. Zibanejad,8476389,V. Trocheck,8476468,J. Miller,1,2
2026-02-28,2025020934,3,REG,02:57,NYR,ev,none,tip-in,1551,8479390,T. Raddysh,8478882,V. Gavrikov,8482153,B. Brisson,2,2
2026-02-28,2025020934,5,SO,00:00,NYR,ev,none,wrist,1010,8476389,V. Trocheck,,,,,3,2
2026-02-28,2025020935,3,REG,03:41,PHI,ev,none,wrist,1551,8478439,T. Konecny,8477989,C. Dvorak,8482142,J. Drysdale,1,0
2026-02-28,2025020935,3,REG,11:55,PHI,ev,none,wrist,1551,8482142,J. Drysdale,8478439,T. Konecny,8477989,C. Dvorak,2,0
2026-02-28,2025020935,3,REG,13:03,BOS,ev,none,deflected,1551,8479325,C. McAvoy,8476854,H. Lindholm,8478401,P. Zacha,2,1
2026-02-28,2025020935,3,REG,19:07,PHI,ev,empty-net,wrist,0651,8476461,S. Couturier,8480220,N. Cates,,,3,1
2026-02-28,2025020936,1,REG,08:34,SJS,ev,none,wrist,1551,8484801,M. Celebrini,8484227,W. Smith,,,1,0
2026-02-28,2025020936,1,REG,11:07,SJS,pp,none,wrist,1451,8485402,M. Misa,8475726,T. Toffoli,,,2,0
2026-02-28,2025020936,1,REG,14:51,EDM,pp,none,wrist,1541,8477934,L. Draisaitl,8478402,C. McDavid,8480803,E. Bouchard,2,1
2026-02-28,2025020936,1,REG,17:05,SJS,ev,none,wrist,1551,8476624,B. Goodrow,8482859,Z. Ostapchuk,8475906,J. Klingberg,3,1
2026-02-28,2025020936,2,REG,15:49,EDM,ev,none,wrist,1551,8480803,E. Bouchard,8478402,C. McDavid,8475218,M. Ekholm,3,2
2026-02-28,2025020936,3,REG,02:54,EDM,ev,none,wrist,1551,8479365,T. Frederic,8483512,M. Savoie,,,3,3
2026-02-28,2025020936,3,REG,05:30,SJS,ev,none,wrist,1551,8477505,A. Wennberg,8480798,P. Kurashev,8479983,M. Ferraro,4,3
2026-02-28,2025020936,3,REG,07:13,EDM,ev,none,slap,1551,8478013,J. Walman,8478402,C. McDavid,8480803,E. Bouchard,4,4
2026-02-28,2025020936,3,REG,09:27,SJS,ev,none,slap,1551,8482166,S. Mukhamadullin,8482667,W. Eklund,8485402,M. Misa,5,4
2026-02-28,2025020943,2,REG,05:37,NJD,ev,none,wrist,1551,8478414,T. Meier,8477488,B. Pesce,8482684,L. Hughes,0,1
2026-02-28,2025020943,2,REG,19:44,NJD,pp,none,snap,1541,8476462,D. Hamilton,8481559,J. Hughes,8474593,J. Markstrom,0,2
2026-02-28,2025020943,3,REG,18:42,STL,ev,none,wrist,1560,8477402,P. Buchnevich,8480459,P. Suter,,,1,2
2026-02-28,2025020943,3,REG,19:55,NJD,ev,empty-net,wrist,1560,8480002,N. Hischier,8479407,J. Bratt,8477015,C. Brown,1,3
2026-02-28,2025020937,1,REG,02:30,CBJ,ev,none,tip-in,1551,8480806,I. Lundestrom,8479371,D. Fabbro,8477425,M. Wood,1,0
2026-02-28,2025020937,2,REG,03:58,CBJ,ev,none,wrist,1551,8478975,M. Marchment,8475745,C. Coyle,8478460,Z. Werenski,2,0
2026-02-28,2025020937,2,REG,11:37,NYI,ev,none,wrist,1551,8475314,A. Lee,8476429,S. Mayfield,8476419,J. Pageau,2,1
2026-02-28,2025020937,2,REG,11:59,NYI,ev,none,tip-in,1551,8476419,J. Pageau,,,,,2,2
2026-02-28,2025020937,2,REG,17:10,NYI,ev,none,snap,1551,8476429,S. Mayfield,8478445,M. Barzal,,,2,3
2026-02-28,2025020937,2,REG,18:58,CBJ,ev,none,tip-in,1551,8484166,A. Fantilli,8478460,Z. Werenski,,,3,3
2026-02-28,2025020937,4,OT,01:47,NYI,ev,none,wrist,1331,8481601,S. Holmstrom,8477950,T. DeAngelo,8478445,M. Barzal,3,4
2026-02-28,2025020938,1,REG,06:31,CHI,pp,none,snap,1541,8484144,C. Bedard,8477479,T. Bertuzzi,8476882,T. Teravainen,0,1
2026-02-28,2025020938,2,REG,19:51,COL,ev,none,snap,1551,8480069,C. Makar,8477492,N. MacKinnon,8480039,M. Necas,1,1
2026-02-28,2025020938,3,REG,07:31,COL,ev,none,wrist,1551,8484149,G. Brindley,8484258,S. Malinski,8478038,D. Toews,2,1
2026-02-28,2025020938,3,REG,18:33,COL,ev,empty-net,wrist,0651,8480069,C. Makar,8477492,N. MacKinnon,8480039,M. Necas,3,1
2026-02-28,2025020939,1,REG,02:52,TOR,ev,none,wrist,1551,8476853,M. Rielly,8479318,A. Matthews,8476931,J. McCabe,1,0
2026-02-28,2025020939,1,REG,10:59,OTT,ev,none,wrist,1551,8478469,T. Chabot,8480801,B. Tkachuk,8481528,D. Cozens,1,1
2026-02-28,2025020939,2,REG,03:03,OTT,ev,none,wrist,1551,8481528,D. Cozens,8478469,T. Chabot,8480188,F. Zetterlund,1,2
2026-02-28,2025020939,2,REG,13:05,OTT,ev,none,wrist,1551,8480208,D. Batherson,,,,,1,3
2026-02-28,2025020939,2,REG,13:56,TOR,ev,none,poke,1551,8477939,W. Nylander,8476872,S. Laughton,8481711,M. Maccelli,2,3
2026-02-28,2025020939,2,REG,15:15,OTT,ev,none,wrist,1551,8480208,D. Batherson,,,,,2,4
2026-02-28,2025020939,2,REG,16:06,OTT,pp,none,wrist,1541,8481528,D. Cozens,8482116,T. Stützle,8482105,J. Sanderson,2,5
2026-02-28,2025020940,1,REG,00:30,MTL,ev,none,snap,1551,8481540,C. Caufield,,,,,1,0
2026-02-28,2025020940,1,REG,13:16,WSH,ev,none,snap,1551,8471214,A. Ovechkin,8478463,A. Beauvillier,8480990,D. Chisholm,1,1
2026-02-28,2025020940,1,REG,14:19,MTL,ev,none,backhand,1551,8481540,C. Caufield,8480018,N. Suzuki,8481593,J. Struble,2,1
2026-02-28,2025020940,2,REG,12:22,MTL,ev,none,snap,1551,8476875,M. Matheson,8482737,Z. Bolduc,8481618,A. Newhook,3,1
2026-02-28,2025020940,2,REG,16:34,MTL,ev,none,snap,1551,8481523,K. Dach,8480018,N. Suzuki,,,4,1
2026-02-28,2025020940,3,REG,12:12,WSH,ev,none,snap,1551,8471214,A. Ovechkin,8478440,D. Strome,8478463,A. Beauvillier,4,2
2026-02-28,2025020940,3,REG,16:44,MTL,ev,empty-net,backhand,0651,8480018,N. Suzuki,,,,,5,2
2026-02-28,2025020940,3,REG,18:35,MTL,sh,empty-net,wrist,0641,8478133,J. Evans,,,,,6,2
2026-02-28,2025020941,1,REG,05:25,BUF,ev,none,wrist,1551,8480839,R. Dahlin,8482671,O. Power,,,0,1
2026-02-28,2025020941,1,REG,06:15,BUF,ev,none,wrist,1551,8480064,J. Norris,8482659,J. Doan,8484305,Z. Metsa,0,2
2026-02-28,2025020941,1,REG,08:18,BUF,ev,none,tip-in,1551,8480064,J. Norris,8481524,B. Byram,8484145,Z. Benson,0,3
2026-02-28,2025020941,1,REG,15:06,BUF,ev,none,wrist,1551,8479420,T. Thompson,8481522,P. Krebs,8480839,R. Dahlin,0,4
2026-02-28,2025020941,2,REG,01:54,BUF,ev,none,wrist,1551,8484305,Z. Metsa,,,,,0,5
2026-02-28,2025020941,2,REG,16:03,TBL,ev,none,wrist,1551,8483752,D. James,8477416,O. Bjorkstrand,8475167,V. Hedman,1,5
2026-02-28,2025020941,3,REG,03:43,BUF,pp,none,wrist,1541,8477949,A. Tuch,8480839,R. Dahlin,8482097,J. Quinn,1,6
2026-02-28,2025020941,3,REG,05:27,TBL,ev,none,slap,1551,8475167,V. Hedman,8478178,D. Raddysh,,,2,6
2026-02-28,2025020942,1,REG,14:05,CAR,ev,none,wrist,1551,8475791,T. Hall,,,,,1,0
2026-02-28,2025020942,1,REG,19:52,CAR,pp,none,snap,1451,8478427,S. Aho,8476906,S. Gostisbehere,8482093,S. Jarvis,2,0
2026-02-28,2025020942,2,REG,02:52,CAR,ev,none,wrist,1551,8480762,E. Robinson,8477478,W. Carrier,8480336,S. Walker,3,0
2026-02-28,2025020942,2,REG,18:26,DET,ev,none,snap,1441,8482762,S. Edvinsson,8479337,A. DeBrincat,8477946,D. Larkin,3,1
2026-02-28,2025020942,2,REG,19:13,DET,ev,none,snap,1551,8474141,P. Kane,8481542,M. Seider,8477456,J. Compher,3,2
2026-02-28,2025020942,3,REG,02:18,CAR,ev,none,snap,1551,8476906,S. Gostisbehere,8482809,J. Blake,8475791,T. Hall,4,2
2026-02-28,2025020942,3,REG,05:30,CAR,ev,none,wrist,1551,8482809,J. Blake,8475791,T. Hall,8476906,S. Gostisbehere,5,2
2026-02-28,2025020944,2,REG,15:36,LAK,ev,none,wrist,1551,8482155,A. Laferriere,8482124,Q. Byfield,8479675,T. Moore,1,0
2026-02-28,2025020944,3,REG,19:22,LAK,ev,empty-net,backhand,0651,8477960,A. Kempe,8478550,A. Panarin,,,2,0
2026-02-28,2025020945,1,REG,14:26,NSH,pp,none,snap,1541,8478047,M. Bunting,8484241,M. Wood,8482146,L. Evangelista,0,1
2026-02-28,2025020945,1,REG,15:35,NSH,ev,none,snap,1551,8474564,S. Stamkos,8482146,L. Evangelista,,,0,2
2026-02-28,2025020945,2,REG,16:18,DAL,pp,none,snap,1451,8482740,W. Johnston,8473994,J. Benn,8480027,J. Robertson,1,2
2026-02-28,2025020945,3,REG,05:31,DAL,ev,none,wrist,1551,8479414,N. Bastian,8481581,T. Harley,,,2,2
2026-02-28,2025020945,4,OT,01:47,DAL,ev,none,snap,1331,8480027,J. Robertson,8480036,M. Heiskanen,8482740,W. Johnston,3,2
2026-02-28,2025020946,1,REG,07:36,SEA,ev,none,wrist,1551,8478407,V. Dunn,8476905,C. Stephenson,,,1,0
2026-02-28,2025020946,1,REG,10:20,SEA,ev,none,wrist,1551,8476905,C. Stephenson,8476457,A. Larsson,8475768,J. Schwartz,2,0
2026-02-28,2025020946,2,REG,08:28,VAN,ev,none,slap,1551,8483499,L. Ohgren,8478856,C. Garland,8480058,P. Joseph,2,1
2026-02-28,2025020946,2,REG,13:47,SEA,ev,none,backhand,1551,8474586,J. Eberle,,,,,3,1
2026-02-28,2025020946,3,REG,11:56,SEA,pp,none,deflected,1451,8482665,M. Beniers,8474586,J. Eberle,8476905,C. Stephenson,4,1
2026-02-28,2025020946,3,REG,17:00,SEA,ev,empty-net,wrist,0651,8474586,J. Eberle,8477955,J. McCann,8476467,J. Oleksiak,5,1
2026-03-01,2025020947,1,REG,14:56,PIT,ev,none,wrist,1551,8485414,B. Kindel,8477511,A. Mantha,,,1,0
2026-03-01,2025020947,2,REG,05:47,PIT,ev,none,wrist,1551,8482475,E. Chinakhov,8478438,T. Novak,8479638,J. Brazeau,2,0
2026-03-01,2025020947,2,REG,09:34,PIT,pp,none,wrist,1451,8475810,B. Rust,8474578,E. Karlsson,8471215,E. Malkin,3,0
2026-03-01,2025020947,2,REG,15:06,PIT,pp,none,wrist,1451,8476483,R. Rakell,8474578,E. Karlsson,8475810,B. Rust,4,0
2026-03-01,2025020947,3,REG,14:59,PIT,ev,none,wrist,1551,8479638,J. Brazeau,8485414,B. Kindel,8471724,K. Letang,5,0
2026-03-01,2025020949,1,REG,19:05,CHI,pp,none,snap,1541,8476882,T. Teravainen,8477479,T. Bertuzzi,,,0,1
2026-03-01,2025020949,2,REG,11:38,CHI,ev,none,backhand,1551,8473422,N. Foligno,,,,,0,2
2026-03-01,2025020949,2,REG,13:07,CHI,ev,none,snap,1551,8482172,L. Slaggert,8484197,O. Moore,8484783,A. Levshunov,0,3
2026-03-01,2025020949,3,REG,01:25,CHI,sh,none,snap,1451,8476882,T. Teravainen,8481568,A. Vlasic,8476473,C. Murphy,0,4
2026-03-01,2025020950,1,REG,02:44,WPG,ev,none,wrist,1551,8480289,M. Barron,8476871,T. Pearson,8481043,C. Koepke,0,1
2026-03-01,2025020950,3,REG,01:47,SJS,ev,none,bat,1551,8484227,W. Smith,8484911,C. Graf,8484801,M. Celebrini,1,1
2026-03-01,2025020950,4,OT,01:40,SJS,ev,none,wrist,1331,8485402,M. Misa,8482667,W. Eklund,8484806,S. Dickinson,2,1
2026-03-01,2025020951,2,REG,16:09,MIN,pp,none,tip-in,1451,8478864,K. Kaprizov,8481557,M. Boldy,8480800,Q. Hughes,1,0
2026-03-01,2025020951,2,REG,18:05,STL,ev,none,snap,1551,8482733,L. Mailloux,8480023,R. Thomas,8475170,B. Schenn,1,1
2026-03-01,2025020951,3,REG,16:21,STL,ev,none,wrist,1551,8477402,P. Buchnevich,8483516,J. Snuggerud,,,1,2
2026-03-01,2025020951,3,REG,19:35,STL,ev,empty-net,wrist,1560,8480023,R. Thomas,8477402,P. Buchnevich,,,1,3
2026-03-01,2025020948,1,REG,03:44,FLA,ev,none,backhand,1551,8483771,S. Vilmanis,8478421,A. Greer,8475683,S. Bobrovsky,0,1
2026-03-01,2025020948,1,REG,14:54,FLA,pp,none,snap,1541,8477935,S. Bennett,8477932,A. Ekblad,8479314,M. Tkachuk,0,2
2026-03-01,2025020948,1,REG,18:01,NYI,ev,none,slap,1551,8485366,M. Schaefer,8477506,R. Pulock,8478445,M. Barzal,1,2
2026-03-01,2025020948,2,REG,07:28,NYI,ev,none,snap,1441,8477369,C. Soucy,8481601,S. Holmstrom,8477950,T. DeAngelo,2,2
2026-03-01,2025020948,2,REG,12:04,FLA,ev,none,backhand,1551,8477935,S. Bennett,8479314,M. Tkachuk,,,2,3
2026-03-01,2025020948,2,REG,17:14,NYI,ev,none,snap,1551,8477500,B. Horvat,8485366,M. Schaefer,,,3,3
2026-03-01,2025020948,3,REG,10:29,NYI,ev,none,snap,1551,8485366,M. Schaefer,8476292,O. Palat,,,4,3
2026-03-01,2025020948,3,REG,18:02,FLA,ev,none,snap,0651,8477933,S. Reinhart,8477932,A. Ekblad,8479314,M. Tkachuk,4,4
2026-03-01,2025020948,3,REG,19:28,NYI,ev,none,wrist,1551,8475314,A. Lee,8477950,T. DeAngelo,8476917,A. Pelech,5,4
2026-03-01,2025020952,1,REG,09:41,CGY,ev,none,tip-in,1551,8480797,J. Farabee,8479066,R. Lomberg,8481556,J. Beecher,0,1
2026-03-01,2025020952,2,REG,11:14,ANA,ev,none,bat,1551,8483445,C. Gauthier,8484153,L. Carlsson,,,1,1
2026-03-01,2025020952,2,REG,16:10,CGY,pp,none,snap,1541,8481068,Y. Sharangovich,8480860,K. Bahl,8480028,M. Frost,1,2
2026-03-01,2025020952,3,REG,10:41,ANA,pp,none,slap,1451,8483445,C. Gauthier,8481605,J. LaCombe,8484762,B. Sennecke,2,2
2026-03-01,2025020952,5,SO,00:00,ANA,ev,none,wrist,1010,8482745,M. McTavish,,,,,3,2
2026-03-02,2025020955,1,REG,04:51,DET,ev,none,wrist,1551,8484471,E. Finnie,8483464,M. Kasper,8478891,M. Appleton,0,1
2026-03-02,2025020955,1,REG,17:02,NSH,pp,none,slap,1451,8476887,F. Forsberg,8482146,L. Evangelista,8474600,R. Josi,1,1
2026-03-02,2025020955,2,REG,07:10,NSH,ev,none,wrist,1551,8476539,J. Marchessault,8475158,R. O'Reilly,,,2,1
2026-03-02,2025020955,2,REG,09:45,DET,ev,none,wrist,1551,8482078,L. Raymond,8479337,A. DeBrincat,8477429,A. Copp,2,2
2026-03-02,2025020955,2,REG,16:36,DET,sh,none,slap,1451,8481607,A. Johansson,8483464,M. Kasper,8478891,M. Appleton,2,3
2026-03-02,2025020955,3,REG,19:32,DET,ev,empty-net,backhand,1560,8479337,A. DeBrincat,8482078,L. Raymond,,,2,4
2026-03-02,2025020953,1,REG,05:50,CBJ,ev,none,tip-in,1551,8484166,A. Fantilli,8480893,K. Marchenko,8483485,D. Mateychuk,0,1
2026-03-02,2025020953,1,REG,15:32,CBJ,pp,none,slap,1541,8480893,K. Marchenko,8478500,I. Provorov,8475745,C. Coyle,0,2
2026-03-02,2025020953,2,REG,03:27,CBJ,sh,none,snap,1451,8477497,S. Monahan,,,,,0,3
2026-03-02,2025020953,2,REG,11:54,CBJ,ev,none,snap,1551,8479671,M. Olivier,8475745,C. Coyle,8476923,D. Severson,0,4
2026-03-02,2025020953,3,REG,00:30,NYR,ev,none,wrist,1551,8478882,V. Gavrikov,8482109,A. Lafrenière,8482157,W. Cuylle,1,4
2026-03-02,2025020953,3,REG,00:54,NYR,ev,none,wrist,1551,8484210,G. Perreault,,,,,2,4
2026-03-02,2025020953,3,REG,12:52,NYR,ev,none,wrist,1560,8478840,W. Borgen,8484210,G. Perreault,8476468,J. Miller,3,4
2026-03-02,2025020953,3,REG,15:14,NYR,ev,none,wrist,1551,8484210,G. Perreault,8478840,W. Borgen,8476389,V. Trocheck,4,4
2026-03-02,2025020953,4,OT,01:04,CBJ,ev,none,snap,1331,8480893,K. Marchenko,8476923,D. Severson,8484166,A. Fantilli,4,5
2026-03-02,2025020954,1,REG,15:22,TOR,ev,none,wrist,1551,8478057,D. Joshua,8481711,M. Maccelli,,,1,0
2026-03-02,2025020954,1,REG,18:38,PHI,pp,none,wrist,1541,8477989,C. Dvorak,8480220,N. Cates,8484142,D. Barkey,1,1
2026-03-02,2025020954,3,REG,14:42,PHI,ev,none,wrist,1551,8480220,N. Cates,8481553,B. Brink,,,1,2
2026-03-02,2025020954,3,REG,17:30,TOR,pp,none,snap,1451,8477939,W. Nylander,8475166,J. Tavares,8482720,M. Knies,2,2
2026-03-02,2025020954,5,SO,00:00,PHI,ev,none,wrist,0101,8481533,T. Zegras,,,,,2,3
2026-03-02,2025020956,1,REG,07:57,VAN,ev,none,deflected,1551,8475169,E. Kane,8478498,J. DeBrusk,8477969,M. Pettersson,1,0
2026-03-02,2025020956,1,REG,17:40,DAL,ev,none,snap,1551,8477454,A. Erne,8476278,C. Blackwell,,,1,1
2026-03-02,2025020956,2,REG,08:31,DAL,ev,none,snap,1551,8483425,L. Bichsel,8480950,I. Lyubushkin,8479351,S. Steel,1,2
2026-03-02,2025020956,2,REG,09:41,DAL,pp,none,slap,1541,8480027,J. Robertson,8475168,M. Duchene,8480036,M. Heiskanen,1,3
2026-03-02,2025020956,3,REG,01:33,DAL,ev,none,snap,1551,8475168,M. Duchene,8479351,S. Steel,8480036,M. Heiskanen,1,4
2026-03-02,2025020956,3,REG,05:40,DAL,ev,none,snap,1551,8476278,C. Blackwell,,,,,1,5
2026-03-02,2025020956,3,REG,15:41,DAL,ev,none,snap,1551,8483425,L. Bichsel,8482145,M. Bourque,8480027,J. Robertson,1,6
2026-03-02,2025020957,2,REG,03:22,SEA,ev,none,wrist,1551,8481554,K. Kakko,8476457,A. Larsson,,,1,0
2026-03-02,2025020957,2,REG,08:48,SEA,ev,none,backhand,1551,8483570,B. Meyers,8477919,F. Gaudreau,8476457,A. Larsson,2,0
2026-03-02,2025020957,2,REG,18:30,CAR,ev,none,wrist,1551,8477940,N. Ehlers,8476921,J. Martinook,8480336,S. Walker,2,1
2026-03-02,2025020958,1,REG,04:27,COL,ev,none,snap,1551,8477492,N. MacKinnon,8480039,M. Necas,8476455,G. Landeskog,0,1
2026-03-02,2025020958,1,REG,10:13,COL,ev,none,slap,1551,8476455,G. Landeskog,8470613,B. Burns,8480039,M. Necas,0,2
2026-03-02,2025020958,1,REG,17:20,LAK,pp,none,wrist,1451,8482730,B. Clarke,8471685,A. Kopitar,,,1,2
2026-03-02,2025020958,2,REG,08:32,LAK,ev,none,tip-in,1551,8483699,A. Booth,8475208,B. Dumoulin,8477960,A. Kempe,2,2
2026-03-02,2025020958,3,REG,15:05,COL,ev,none,wrist,1551,8478038,D. Toews,8477492,N. MacKinnon,8480069,C. Makar,2,3
2026-03-02,2025020958,3,REG,19:58,COL,pp,empty-net,wrist,1550,8480039,M. Necas,8476455,G. Landeskog,,,2,4
2026-03-03,2025020959,1,REG,00:42,PIT,ev,none,wrist,1551,8474578,E. Karlsson,8475810,B. Rust,,,0,1
2026-03-03,2025020959,1,REG,05:10,BOS,ev,none,wrist,1551,8482177,M. Khusnutdinov,8479591,M. Eyssimont,,,1,1
2026-03-03,2025020959,1,REG,06:00,BOS,ev,none,wrist,1551,8479999,C. Mittelstadt,8477507,N. Zadorov,8478401,P. Zacha,2,1
2026-03-03,2025020960,1,REG,04:02,BUF,ev,none,snap,1551,8475722,J. Zucker,8480802,R. McLeod,8480839,R. Dahlin,1,0
2026-03-03,2025020960,2,REG,00:46,BUF,ev,none,wrist,1551,8482671,O. Power,8483500,N. Ostlund,,,2,0
2026-03-03,2025020960,2,REG,05:44,BUF,ev,none,wrist,1551,8479420,T. Thompson,8477949,A. Tuch,8480839,R. Dahlin,3,0
2026-03-03,2025020960,2,REG,06:50,VGK,ev,none,wrap-around,1551,8477964,I. Barbashev,8477447,S. Theodore,8478403,J. Eichel,3,1
2026-03-03,2025020960,2,REG,08:27,VGK,ev,none,wrist,1551,8481604,P. Dorofeyev,8475191,R. Smith,,,3,2
2026-03-03,2025020961,1,REG,12:10,NJD,ev,none,snap,1551,8481721,A. Gritsyuk,8477015,C. Brown,,,1,0
2026-03-03,2025020961,1,REG,14:37,FLA,ev,none,backhand,1551,8482113,A. Lundell,8478542,E. Rodrigues,8484304,U. Balinskis,1,1
2026-03-03,2025020961,2,REG,01:35,NJD,ev,none,wrist,1441,8476462,D. Hamilton,8481559,J. Hughes,8479407,J. Bratt,2,1
2026-03-03,2025020961,2,REG,08:13,NJD,ev,none,tip-in,1551,8479996,C. Glass,8484177,L. Hameenaho,8476462,D. Hamilton,3,1
2026-03-03,2025020961,3,REG,16:23,NJD,ev,empty-net,wrist,0651,8482110,D. Mercer,,,,,4,1
2026-03-03,2025020961,3,REG,19:20,NJD,ev,empty-net,wrist,0651,8483495,S. Nemec,8477015,C. Brown,8481559,J. Hughes,5,1
2026-03-03,2025020962,1,REG,11:12,UTA,ev,none,snap,1551,8482699,D. Guenther,8479343,C. Keller,8477951,N. Schmaltz,0,1
2026-03-03,2025020962,1,REG,13:23,UTA,pp,none,snap,1541,8479410,M. Sergachev,8479343,C. Keller,8482699,D. Guenther,0,2
2026-03-03,2025020962,1,REG,19:27,WSH,pp,none,snap,1451,8479400,P. Dubois,8480873,R. Sandin,,,1,2
2026-03-03,2025020962,2,REG,18:24,UTA,pp,none,snap,1541,8482175,J. Peterka,8483431,L. Cooley,8480434,S. Durzi,1,3
2026-03-03,2025020962,3,REG,06:31,WSH,pp,none,snap,1451,8484186,R. Leonard,8478440,D. Strome,8479345,J. Chychrun,2,3
2026-03-03,2025020963,1,REG,14:23,CBJ,ev,none,wrist,1551,8484166,A. Fantilli,8480893,K. Marchenko,8478975,M. Marchment,1,0
2026-03-03,2025020963,1,REG,19:32,NSH,pp,none,wrist,1541,8476887,F. Forsberg,8474564,S. Stamkos,8482146,L. Evangelista,1,1
2026-03-03,2025020963,2,REG,14:39,NSH,ev,none,deflected,1551,8475158,R. O'Reilly,,,,,1,2
2026-03-03,2025020963,3,REG,01:52,CBJ,sh,none,snap,1541,8477497,S. Monahan,,,,,2,2
2026-03-03,2025020963,3,REG,06:07,CBJ,ev,none,deflected,1551,8475745,C. Coyle,8476923,D. Severson,8483485,D. Mateychuk,3,2
2026-03-03,2025020964,1,REG,03:59,WPG,ev,none,wrist,1441,8480049,D. Samberg,8476460,M. Scheifele,8478398,K. Connor,1,0
2026-03-03,2025020964,1,REG,18:48,CHI,pp,none,wrist,1541,8476882,T. Teravainen,8483493,F. Nazar,8484144,C. Bedard,1,1
2026-03-03,2025020964,3,REG,00:32,CHI,ev,none,wrist,1551,8483450,R. Greene,8484144,C. Bedard,8483506,S. Rinzel,1,2
2026-03-03,2025020964,3,REG,19:21,WPG,ev,none,wrist,1560,8482149,C. Perfetti,8476460,M. Scheifele,8479378,L. Stanley,2,2
2026-03-03,2025020964,4,OT,02:06,WPG,ev,none,wrist,1331,8476460,M. Scheifele,8480049,D. Samberg,,,3,2
2026-03-03,2025020965,1,REG,08:44,DAL,ev,none,tip-in,1551,8479351,S. Steel,8475168,M. Duchene,8473994,J. Benn,0,1
2026-03-03,2025020965,1,REG,09:52,CGY,ev,none,tip-in,1551,8480028,M. Frost,8476399,B. Coleman,8483609,A. Klapka,1,1
2026-03-03,2025020965,1,REG,11:54,DAL,ev,none,snap,1551,8473994,J. Benn,8475168,M. Duchene,8479351,S. Steel,1,2
2026-03-03,2025020965,2,REG,02:26,DAL,ev,none,deflected,1551,8482145,M. Bourque,8480027,J. Robertson,8482740,W. Johnston,1,3
2026-03-03,2025020965,2,REG,06:02,DAL,ev,none,snap,1441,8479351,S. Steel,8475168,M. Duchene,8476902,E. Lindell,1,4
2026-03-03,2025020965,2,REG,08:48,DAL,ev,none,tip-in,1551,8479414,N. Bastian,8480878,N. Lundkvist,8481581,T. Harley,1,5
2026-03-03,2025020965,2,REG,19:41,DAL,pp,none,backhand,1541,8482740,W. Johnston,8475168,M. Duchene,8480027,J. Robertson,1,6
2026-03-03,2025020966,1,REG,03:34,OTT,ev,none,snap,1551,8481528,D. Cozens,8476393,N. Cousins,8478469,T. Chabot,0,1
2026-03-03,2025020966,1,REG,05:03,EDM,ev,none,wrist,1551,8477934,L. Draisaitl,8475218,M. Ekholm,8483512,M. Savoie,1,1
2026-03-03,2025020966,1,REG,06:34,OTT,pp,none,wrist,1541,8480208,D. Batherson,8480801,B. Tkachuk,8482116,T. Stützle,1,2
2026-03-03,2025020966,1,REG,16:48,EDM,ev,none,wrist,1551,8477934,L. Draisaitl,,,,,2,2
2026-03-03,2025020966,2,REG,04:30,OTT,ev,none,wrist,1551,8480208,D. Batherson,8482116,T. Stützle,,,2,3
2026-03-03,2025020966,2,REG,05:11,OTT,ev,none,snap,1551,8478020,M. Amadio,8475324,N. Jensen,,,2,4
2026-03-03,2025020966,3,REG,01:52,EDM,pp,none,deflected,1451,8476454,R. Nugent-Hopkins,8477934,L. Draisaitl,8478402,C. McDavid,3,4
2026-03-03,2025020966,3,REG,18:35,EDM,ev,none,wrist,1560,8475786,Z. Hyman,8477934,L. Draisaitl,8480803,E. Bouchard,4,4
2026-03-03,2025020966,4,OT,01:50,EDM,pp,none,slap,1341,8480803,E. Bouchard,8478402,C. McDavid,8477934,L. Draisaitl,5,4
2026-03-03,2025020967,1,REG,03:46,MIN,ev,none,snap,1551,8482122,B. Faber,8475149,M. Johansson,8481557,M. Boldy,1,0
2026-03-03,2025020967,2,REG,04:59,MIN,pp,none,wrist,1341,8475692,M. Zuccarello,8480800,Q. Hughes,8481557,M. Boldy,2,0
2026-03-03,2025020967,2,REG,15:07,TBL,ev,none,wrist,1551,8476453,N. Kucherov,8478010,B. Point,8477404,J. Guentzel,2,1
2026-03-03,2025020967,2,REG,17:10,MIN,ev,none,wrist,1551,8478508,Y. Trenin,8475692,M. Zuccarello,,,3,1
2026-03-03,2025020967,3,REG,06:53,MIN,ev,none,wrist,1551,8480800,Q. Hughes,,,,,4,1
2026-03-03,2025020967,3,REG,16:41,MIN,ev,empty-net,backhand,0651,8478864,K. Kaprizov,8482122,B. Faber,8481557,M. Boldy,5,1
2026-03-03,2025020968,1,REG,11:33,COL,ev,none,snap,1551,8480069,C. Makar,8477501,V. Nichushkin,8475754,B. Nelson,0,1
2026-03-03,2025020968,1,REG,14:05,COL,pp,none,slap,1541,8480039,M. Necas,8475754,B. Nelson,8480069,C. Makar,0,2
2026-03-03,2025020968,2,REG,04:50,ANA,ev,none,snap,1551,8483445,C. Gauthier,8481605,J. LaCombe,,,1,2
2026-03-03,2025020968,2,REG,15:03,COL,ev,none,snap,1551,8480448,P. Kelly,8480069,C. Makar,8480835,J. Drury,1,3
2026-03-03,2025020968,3,REG,04:35,COL,ev,none,slap,1551,8476455,G. Landeskog,8477492,N. MacKinnon,,,1,4
2026-03-03,2025020968,3,REG,10:06,COL,ev,none,wrist,1551,8480448,P. Kelly,8480835,J. Drury,8476967,B. Kulak,1,5
2026-03-03,2025020969,1,REG,06:18,MTL,ev,none,wrist,1551,8482775,O. Kapanen,8483515,J. Slafkovský,8476875,M. Matheson,0,1
2026-03-03,2025020969,1,REG,15:32,SJS,ev,none,backhand,1551,8484911,C. Graf,8484227,W. Smith,8484801,M. Celebrini,1,1
2026-03-03,2025020969,2,REG,05:09,MTL,ev,none,tip-in,1551,8476479,P. Danault,8476875,M. Matheson,8478133,J. Evans,1,2
2026-03-03,2025020969,2,REG,10:28,SJS,ev,none,wrist,1551,8485402,M. Misa,,,,,2,2
2026-03-03,2025020969,2,REG,18:23,SJS,ev,none,wrist,1551,8484801,M. Celebrini,8484911,C. Graf,,,3,2
2026-03-03,2025020969,2,REG,18:48,SJS,ev,none,wrist,1551,8477505,A. Wennberg,8480748,K. Sherwood,,,4,2
2026-03-03,2025020969,3,REG,03:29,SJS,pp,none,wrist,1451,8484227,W. Smith,8484801,M. Celebrini,8475200,D. Orlov,5,2
2026-03-03,2025020969,3,REG,05:02,MTL,pp,none,slap,1541,8484984,I. Demidov,8483457,L. Hutson,8480018,N. Suzuki,5,3
2026-03-03,2025020969,3,REG,05:20,MTL,ev,none,wrist,1551,8481618,A. Newhook,8478133,J. Evans,8482087,K. Guhle,5,4
2026-03-03,2025020969,3,REG,10:56,MTL,pp,none,wrist,1541,8481618,A. Newhook,8475848,B. Gallagher,8476875,M. Matheson,5,5
2026-03-03,2025020969,3,REG,16:34,SJS,pp,none,wrist,1451,8480748,K. Sherwood,8480798,P. Kurashev,8482667,W. Eklund,6,5
2026-03-03,2025020969,3,REG,19:56,SJS,ev,empty-net,wrist,0651,8478874,A. Gaudette,8484801,M. Celebrini,,,7,5
2026-03-04,2025020970,1,REG,01:50,VGK,ev,none,snap,1551,8475191,R. Smith,8478483,M. Marner,8481604,P. Dorofeyev,0,1
2026-03-04,2025020970,1,REG,05:58,DET,ev,none,snap,1551,8484471,E. Finnie,8481542,M. Seider,8482762,S. Edvinsson,1,1
2026-03-04,2025020970,1,REG,15:15,DET,ev,none,snap,1551,8482762,S. Edvinsson,8477429,A. Copp,8479337,A. DeBrincat,2,1
2026-03-04,2025020970,1,REG,16:14,DET,ev,none,snap,1551,8479337,A. DeBrincat,8482078,L. Raymond,8484223,A. Sandin-Pellikka,3,1
2026-03-04,2025020970,3,REG,11:37,VGK,ev,none,wrist,1551,8477964,I. Barbashev,8478397,R. Andersson,8478396,N. Hanifin,3,2
2026-03-04,2025020970,3,REG,16:36,VGK,ev,none,wrist,1551,8478483,M. Marner,8476881,T. Hertl,8477447,S. Theodore,3,3
2026-03-04,2025020970,4,OT,02:11,VGK,pp,none,wrist,1431,8476881,T. Hertl,8478483,M. Marner,8478397,R. Andersson,3,4
2026-03-04,2025020971,1,REG,05:26,TOR,ev,none,wrist,1551,8481711,M. Maccelli,8478057,D. Joshua,8481122,S. Benoit,0,1
2026-03-04,2025020971,1,REG,07:55,NJD,ev,none,snap,1551,8478414,T. Meier,8480002,N. Hischier,8482110,D. Mercer,1,1
2026-03-04,2025020971,2,REG,03:20,TOR,pp,none,deflected,1541,8477939,W. Nylander,8484158,E. Cowan,8479318,A. Matthews,1,2
2026-03-04,2025020971,2,REG,06:06,NJD,ev,none,wrist,1551,8481721,A. Gritsyuk,8479407,J. Bratt,8480002,N. Hischier,2,2
2026-03-04,2025020971,3,REG,13:50,TOR,ev,none,bat,1551,8482720,M. Knies,8475166,J. Tavares,8479442,T. Stecher,2,3
2026-03-04,2025020971,3,REG,17:39,NJD,ev,none,wrist,1551,8477015,C. Brown,8481721,A. Gritsyuk,8482684,L. Hughes,3,3
2026-03-04,2025020971,5,SO,00:00,NJD,ev,none,backhand,1010,8481032,P. Cotter,,,,,4,3
2026-03-04,2025020972,1,REG,01:17,CAR,pp,none,snap,1541,8480830,A. Svechnikov,8482093,S. Jarvis,8476906,S. Gostisbehere,0,1
2026-03-04,2025020972,1,REG,16:31,VAN,pp,none,wrist,1451,8482079,M. Rossi,8480012,E. Pettersson,8478498,J. DeBrusk,1,1
2026-03-04,2025020972,1,REG,17:15,VAN,ev,none,slap,1551,8479425,F. Hronek,8482055,D. O'Connor,8481024,L. Karlsson,2,1
2026-03-04,2025020972,2,REG,02:30,CAR,ev,none,snap,1551,8480336,S. Walker,8475791,T. Hall,8482809,J. Blake,2,2
2026-03-04,2025020972,2,REG,04:19,CAR,ev,none,snap,1551,8477940,N. Ehlers,8473533,J. Staal,8478970,J. Chatfield,2,3
2026-03-04,2025020972,2,REG,11:53,CAR,ev,none,backhand,1551,8478427,S. Aho,8482093,S. Jarvis,8480817,K. Miller,2,4
2026-03-04,2025020972,2,REG,12:50,CAR,ev,none,slap,1551,8477940,N. Ehlers,8480336,S. Walker,,,2,5
2026-03-04,2025020972,2,REG,19:17,VAN,pp,none,wrist,1351,8478444,B. Boeser,8482079,M. Rossi,8479425,F. Hronek,3,5
2026-03-04,2025020972,3,REG,06:45,VAN,ev,none,snap,1551,8481535,N. Hoglander,8480012,E. Pettersson,8479425,F. Hronek,4,5
2026-03-04,2025020972,3,REG,19:46,CAR,pp,empty-net,wrist,1550,8477940,N. Ehlers,8478427,S. Aho,8480830,A. Svechnikov,4,6
2026-03-04,2025020973,1,REG,04:58,NYI,pp,none,snap,1541,8475314,A. Lee,8477950,T. DeAngelo,8477494,J. Drouin,0,1
2026-03-04,2025020973,1,REG,12:56,ANA,pp,none,snap,1451,8483445,C. Gauthier,8484762,B. Sennecke,8475184,C. Kreider,1,1
2026-03-04,2025020973,1,REG,16:05,ANA,ev,none,snap,1551,8483445,C. Gauthier,8484153,L. Carlsson,8475184,C. Kreider,2,1
2026-03-04,2025020973,1,REG,18:40,ANA,ev,none,snap,1551,8484762,B. Sennecke,8482745,M. McTavish,8482178,I. Moore,3,1
2026-03-04,2025020973,3,REG,02:11,ANA,ev,none,backhand,1551,8480068,R. Poehling,8476458,R. Strome,,,4,1
2026-03-04,2025020973,3,REG,15:49,ANA,ev,empty-net,wrist,0651,8478366,F. Vatrano,8476885,J. Trouba,,,5,1
2026-03-04,2025020974,1,REG,00:31,SEA,ev,none,snap,1551,8475768,J. Schwartz,8476457,A. Larsson,8478407,V. Dunn,1,0
2026-03-04,2025020974,1,REG,06:50,STL,ev,none,wrap-around,1551,8482733,L. Mailloux,8475170,B. Schenn,8480023,R. Thomas,1,1
2026-03-04,2025020974,2,REG,07:40,STL,ev,none,tip-in,1441,8482077,D. Holloway,8475764,C. Fowler,8475170,B. Schenn,1,2
2026-03-04,2025020974,3,REG,01:33,STL,ev,none,wrist,1551,8480023,R. Thomas,8475170,B. Schenn,8481598,P. Broberg,1,3
2026-03-04,2025020974,3,REG,13:34,SEA,ev,none,snap,1551,8478407,V. Dunn,8474586,J. Eberle,8477955,J. McCann,2,3
2026-03-05,2025020975,1,REG,00:13,TOR,ev,none,wrist,1551,8481711,M. Maccelli,8477939,W. Nylander,,,0,1
2026-03-05,2025020975,1,REG,06:45,NYR,ev,none,tip-in,1551,8482157,W. Cuylle,8482073,B. Schneider,,,1,1
2026-03-05,2025020975,2,REG,05:27,TOR,ev,none,wrist,1551,8484158,E. Cowan,8482720,M. Knies,8475166,J. Tavares,1,2
2026-03-05,2025020975,2,REG,07:29,NYR,pp,none,snap,1451,8478882,V. Gavrikov,8479390,T. Raddysh,8477380,J. Brodzinski,2,2
2026-03-05,2025020975,3,REG,05:38,NYR,ev,none,tip-in,1551,8482109,A. Lafrenière,8476459,M. Zibanejad,,,3,2
2026-03-05,2025020975,3,REG,10:27,NYR,ev,none,wrist,1551,8482877,J. Chmelar,,,,,4,2
2026-03-05,2025020975,3,REG,11:19,NYR,ev,none,slap,1551,8476459,M. Zibanejad,8482109,A. Lafrenière,8479323,A. Fox,5,2
2026-03-05,2025020975,3,REG,17:09,NYR,ev,empty-net,wrist,0651,8482157,W. Cuylle,8482109,A. Lafrenière,8476459,M. Zibanejad,6,2
2026-03-05,2025020976,2,REG,01:38,UTA,pp,none,snap,1541,8477951,N. Schmaltz,8482699,D. Guenther,8480434,S. Durzi,0,1
2026-03-05,2025020976,2,REG,08:03,UTA,ev,none,backhand,1551,8479343,C. Keller,8482699,D. Guenther,8477951,N. Schmaltz,0,2
2026-03-05,2025020976,3,REG,18:12,UTA,ev,empty-net,wrist,1560,8479619,M. Carcone,8478831,K. Stenlund,8478507,J. Marino,0,3
2026-03-05,2025020977,1,REG,12:00,BUF,sh,none,backhand,1451,8480802,R. McLeod,,,,,0,1
2026-03-05,2025020977,1,REG,14:48,PIT,sh,none,wrist,1541,8475810,B. Rust,8485414,B. Kindel,,,1,1
2026-03-05,2025020977,2,REG,04:10,BUF,pp,none,wrist,1541,8480064,J. Norris,8482659,J. Doan,8481524,B. Byram,1,2
2026-03-05,2025020977,2,REG,06:18,BUF,sh,none,tip-in,0551,8477949,A. Tuch,8482671,O. Power,8479420,T. Thompson,1,3
2026-03-05,2025020977,2,REG,10:30,BUF,ev,none,wrist,1551,8482671,O. Power,8480064,J. Norris,8483500,N. Ostlund,1,4
2026-03-05,2025020977,3,REG,16:53,BUF,ev,empty-net,wrist,1560,8480807,M. Samuelsson,,,,,1,5
2026-03-05,2025020978,1,REG,05:08,CBJ,pp,none,wrist,1451,8478500,I. Provorov,8477497,S. Monahan,8480893,K. Marchenko,1,0
2026-03-05,2025020978,2,REG,10:50,CBJ,ev,none,deflected,1551,8479671,M. Olivier,8481178,E. Zamula,8478500,I. Provorov,2,0
2026-03-05,2025020978,3,REG,01:41,CBJ,ev,none,wrist,1551,8476432,B. Jenner,8482660,K. Johnson,,,3,0
2026-03-05,2025020978,3,REG,09:08,FLA,ev,none,tip-in,1551,8478859,N. Mikkola,8477932,A. Ekblad,8477933,S. Reinhart,3,1
2026-03-05,2025020978,3,REG,14:44,FLA,pp,none,wrist,0641,8477935,S. Bennett,8477932,A. Ekblad,8479314,M. Tkachuk,3,2
2026-03-05,2025020978,3,REG,18:18,CBJ,ev,empty-net,wrist,0651,8479671,M. Olivier,8475745,C. Coyle,8478500,I. Provorov,4,2
2026-03-05,2025020979,1,REG,13:53,NSH,ev,none,slap,1551,8479980,N. Hague,8482103,O. Wiesblatt,8482768,F. Svechkov,1,0
2026-03-05,2025020979,2,REG,01:24,NSH,sh,none,wrist,1541,8484241,M. Wood,8480246,N. Perbix,,,2,0
2026-03-05,2025020979,2,REG,03:30,BOS,pp,none,slap,1541,8479987,M. Geekie,8479325,C. McAvoy,8477496,E. Lindholm,2,1
2026-03-05,2025020979,2,REG,10:18,NSH,ev,none,deflected,1551,8475287,E. Haula,8476869,B. Skjei,8474564,S. Stamkos,3,1
2026-03-05,2025020979,2,REG,12:37,NSH,pp,none,wrist,1451,8476887,F. Forsberg,8474564,S. Stamkos,8482715,R. Ufko,4,1
2026-03-05,2025020979,2,REG,14:44,NSH,ev,none,deflected,1551,8484241,M. Wood,8474600,R. Josi,8476887,F. Forsberg,5,1
2026-03-05,2025020979,3,REG,06:05,BOS,ev,none,wrist,1551,8479325,C. McAvoy,8478042,V. Arvidsson,8478401,P. Zacha,5,2
2026-03-05,2025020979,3,REG,15:32,BOS,ev,none,slap,1551,8478042,V. Arvidsson,8479999,C. Mittelstadt,8478401,P. Zacha,5,3
2026-03-05,2025020979,3,REG,17:33,NSH,ev,empty-net,wrist,0651,8482146,L. Evangelista,8476887,F. Forsberg,,,6,3
2026-03-05,2025020980,2,REG,15:31,WPG,ev,none,wrist,1551,8480289,M. Barron,8481043,C. Koepke,8476871,T. Pearson,1,0
2026-03-05,2025020980,2,REG,19:42,WPG,ev,none,slap,1551,8476460,M. Scheifele,8480113,A. Iafallo,8478398,K. Connor,2,0
2026-03-05,2025020980,3,REG,01:52,TBL,pp,none,wrist,1541,8478010,B. Point,8477404,J. Guentzel,8478178,D. Raddysh,2,1
2026-03-05,2025020980,3,REG,05:34,WPG,ev,none,wrist,1551,8474679,G. Nyquist,8473604,J. Toews,8476871,T. Pearson,3,1
2026-03-05,2025020980,3,REG,17:59,WPG,ev,empty-net,wrist,0651,8478398,K. Connor,8476460,M. Scheifele,8480113,A. Iafallo,4,1
2026-03-05,2025020981,1,REG,17:04,CGY,ev,none,wrist,1551,8481028,M. Pospisil,8484860,M. Gridin,8481068,Y. Sharangovich,1,0
2026-03-05,2025020981,2,REG,09:35,OTT,ev,none,snap,1551,8474189,L. Eller,8482092,R. Greig,8480188,F. Zetterlund,1,1
2026-03-05,2025020981,3,REG,06:33,OTT,pp,none,wrist,1541,8481528,D. Cozens,8480801,B. Tkachuk,8480208,D. Batherson,1,2
2026-03-05,2025020981,3,REG,17:59,OTT,sh,empty-net,wrist,1460,8482116,T. Stützle,,,,,1,3
2026-03-05,2025020981,3,REG,19:46,OTT,ev,empty-net,wrist,1560,8481596,S. Pinto,8478020,M. Amadio,8482245,A. Zub,1,4
2026-03-05,2025020982,1,REG,03:17,LAK,ev,none,wrist,1551,8478550,A. Panarin,8471685,A. Kopitar,8479998,M. Anderson,1,0
2026-03-05,2025020982,2,REG,14:20,LAK,ev,none,wrist,1551,8482726,S. Helenius,8482408,J. Malott,8483406,T. Ward,2,0
2026-03-05,2025020982,2,REG,15:51,LAK,ev,none,slap,1551,8479998,M. Anderson,8474563,D. Doughty,8477960,A. Kempe,3,0
2026-03-05,2025020982,2,REG,19:59,NYI,ev,none,wrist,1551,8477500,B. Horvat,8476419,J. Pageau,,,3,1
2026-03-05,2025020982,3,REG,02:30,LAK,pp,none,snap,1451,8482155,A. Laferriere,8482730,B. Clarke,8475311,D. Kuemper,4,1
2026-03-05,2025020982,3,REG,04:30,NYI,sh,none,snap,1451,8476917,A. Pelech,8476419,J. Pageau,,,4,2
2026-03-05,2025020982,3,REG,08:30,LAK,ev,none,tip-in,1551,8477960,A. Kempe,8482730,B. Clarke,8478550,A. Panarin,5,2
2026-03-05,2025020982,3,REG,18:01,NYI,ev,none,tip-in,0651,8482476,E. Heineman,8485366,M. Schaefer,8478445,M. Barzal,5,3
2026-03-06,2025020983,1,REG,11:06,FLA,ev,none,snap,1551,8479314,M. Tkachuk,8477409,C. Verhaeghe,,,0,1
2026-03-06,2025020983,2,REG,10:56,DET,pp,none,bat,1351,8479337,A. DeBrincat,8474141,P. Kane,8477946,D. Larkin,1,1
2026-03-06,2025020983,3,REG,00:35,FLA,pp,none,tip-in,1541,8479314,M. Tkachuk,8477933,S. Reinhart,8473419,B. Marchand,1,2
2026-03-06,2025020983,3,REG,18:08,FLA,ev,empty-net,wrist,1560,8479314,M. Tkachuk,,,,,1,3
2026-03-06,2025020984,1,REG,03:33,COL,pp,none,snap,1541,8480069,C. Makar,8477492,N. MacKinnon,8480039,M. Necas,0,1
2026-03-06,2025020984,1,REG,07:11,DAL,pp,none,snap,1451,8480036,M. Heiskanen,8480027,J. Robertson,8482740,W. Johnston,1,1
2026-03-06,2025020984,1,REG,10:39,DAL,ev,none,snap,1551,8482740,W. Johnston,8480036,M. Heiskanen,8480027,J. Robertson,2,1
2026-03-06,2025020984,1,REG,16:07,DAL,ev,none,snap,1551,8484829,J. Hryckowian,8482145,M. Bourque,,,3,1
2026-03-06,2025020984,1,REG,19:58,COL,pp,none,slap,1541,8477492,N. MacKinnon,8480039,M. Necas,8480069,C. Makar,3,2
2026-03-06,2025020984,2,REG,01:52,DAL,ev,none,snap,1551,8473994,J. Benn,8484829,J. Hryckowian,8482145,M. Bourque,4,2
2026-03-06,2025020984,2,REG,08:06,COL,ev,none,snap,1551,8480039,M. Necas,8477492,N. MacKinnon,8476455,G. Landeskog,4,3
2026-03-06,2025020984,3,REG,19:45,COL,ev,none,snap,0651,8477501,V. Nichushkin,8480039,M. Necas,8475754,B. Nelson,4,4
2026-03-06,2025020984,5,SO,00:00,COL,ev,none,snap,0101,8477501,V. Nichushkin,,,,,4,5
2026-03-06,2025020985,1,REG,01:08,CHI,ev,none,backhand,1551,8477987,R. Donato,8483493,F. Nazar,,,1,0
2026-03-06,2025020985,1,REG,02:08,VAN,ev,none,tip-in,1551,8482055,D. O'Connor,8484240,T. Willander,8477969,M. Pettersson,1,1
2026-03-06,2025020985,1,REG,02:32,VAN,ev,none,tip-in,1551,8478498,J. DeBrusk,8484798,Z. Buium,8480012,E. Pettersson,1,2
2026-03-06,2025020985,1,REG,06:32,VAN,ev,none,wrist,1551,8476927,T. Blueger,8477969,M. Pettersson,8484136,M. Sasson,1,3
2026-03-06,2025020985,1,REG,12:00,CHI,ev,none,snap,1551,8481624,I. Mikheyev,8484197,O. Moore,8477479,T. Bertuzzi,2,3
2026-03-06,2025020985,2,REG,19:17,CHI,ev,none,tip-in,1551,8483493,F. Nazar,8481568,A. Vlasic,8481624,I. Mikheyev,3,3
2026-03-06,2025020985,3,REG,02:40,VAN,pp,none,bat,1541,8478444,B. Boeser,8481024,L. Karlsson,8478498,J. DeBrusk,3,4
2026-03-06,2025020985,3,REG,18:34,VAN,ev,empty-net,wrist,1560,8484136,M. Sasson,,,,,3,5
2026-03-06,2025020985,3,REG,19:44,VAN,ev,empty-net,wrist,1560,8478444,B. Boeser,8482079,M. Rossi,8479425,F. Hronek,3,6
2026-03-06,2025020986,1,REG,10:43,EDM,ev,none,backhand,1551,8475786,Z. Hyman,8478402,C. McDavid,8475218,M. Ekholm,1,0
2026-03-06,2025020986,1,REG,11:20,CAR,ev,none,slap,1551,8476906,S. Gostisbehere,8482093,S. Jarvis,8478427,S. Aho,1,1
2026-03-06,2025020986,1,REG,12:06,CAR,ev,none,snap,1551,8477940,N. Ehlers,,,,,1,2
2026-03-06,2025020986,2,REG,01:37,CAR,ev,none,backhand,1551,8476921,J. Martinook,8477940,N. Ehlers,8480817,K. Miller,1,3
2026-03-06,2025020986,2,REG,03:20,EDM,ev,none,snap,1551,8481617,V. Podkolzin,,,,,2,3
2026-03-06,2025020986,3,REG,07:32,CAR,ev,none,slap,0651,8482809,J. Blake,8480817,K. Miller,8475791,T. Hall,2,4
2026-03-06,2025020986,3,REG,11:43,EDM,pp,none,snap,1451,8475786,Z. Hyman,8477934,L. Draisaitl,8480803,E. Bouchard,3,4
2026-03-06,2025020986,3,REG,18:39,CAR,ev,empty-net,backhand,1560,8473533,J. Staal,8480817,K. Miller,8475883,F. Andersen,3,5
2026-03-06,2025020986,3,REG,19:31,CAR,ev,none,snap,1551,8482809,J. Blake,8482702,L. Stankoven,8480336,S. Walker,3,6
2026-03-06,2025020987,1,REG,00:39,ANA,ev,none,snap,1551,8483445,C. Gauthier,8484153,L. Carlsson,8475184,C. Kreider,1,0
2026-03-06,2025020987,1,REG,01:01,MTL,ev,none,wrist,1551,8480018,N. Suzuki,8481540,C. Caufield,8483515,J. Slafkovský,1,1
2026-03-06,2025020987,1,REG,03:33,MTL,pp,none,snap,1541,8483457,L. Hutson,8483515,J. Slafkovský,8480018,N. Suzuki,1,2
2026-03-06,2025020987,1,REG,11:56,ANA,ev,none,slap,1551,8475462,R. Gudas,8478366,F. Vatrano,8480068,R. Poehling,2,2
2026-03-06,2025020987,2,REG,12:15,ANA,pp,none,slap,1451,8481605,J. LaCombe,8483445,C. Gauthier,8475184,C. Kreider,3,2
2026-03-06,2025020987,3,REG,00:35,ANA,ev,none,wrist,1551,8484153,L. Carlsson,8475184,C. Kreider,8476885,J. Trouba,4,2
2026-03-06,2025020987,3,REG,08:41,MTL,ev,none,slap,1551,8481540,C. Caufield,8480865,N. Dobson,8483457,L. Hutson,4,3
2026-03-06,2025020987,3,REG,11:47,MTL,ev,none,snap,1551,8478851,A. Carrier,8478133,J. Evans,8482737,Z. Bolduc,4,4
2026-03-06,2025020987,3,REG,13:04,MTL,ev,none,tip-in,1551,8481540,C. Caufield,8480865,N. Dobson,8483457,L. Hutson,4,5
2026-03-06,2025020987,3,REG,19:18,ANA,ev,none,tip-in,1560,8475184,C. Kreider,8476885,J. Trouba,8481605,J. LaCombe,5,5
2026-03-06,2025020987,5,SO,00:00,ANA,ev,none,snap,1010,8473986,A. Killorn,,,,,6,5
2026-03-06,2025020988,2,REG,05:18,MIN,ev,none,wrist,1551,8475692,M. Zuccarello,,,,,0,1
2026-03-06,2025020988,2,REG,08:07,MIN,ev,none,slap,1551,8474567,Z. Bogosian,8483525,D. Yurov,8478508,Y. Trenin,0,2
2026-03-06,2025020988,2,REG,08:25,MIN,ev,none,tip-in,1551,8477446,M. McCarron,8482122,B. Faber,8480800,Q. Hughes,0,3
2026-03-06,2025020988,3,REG,02:17,VGK,pp,none,wrist,1451,8481604,P. Dorofeyev,8478403,J. Eichel,8483890,B. Bowman,1,3
2026-03-06,2025020988,3,REG,15:42,MIN,ev,none,wrist,1551,8475765,V. Tarasenko,8474716,J. Spurgeon,8477446,M. McCarron,1,4
2026-03-06,2025020988,3,REG,16:55,VGK,ev,none,wrist,1551,8478483,M. Marner,8481604,P. Dorofeyev,8476881,T. Hertl,2,4
2026-03-06,2025020989,1,REG,06:55,STL,ev,none,wrist,1551,8483516,J. Snuggerud,8475764,C. Fowler,8482077,D. Holloway,0,1
2026-03-06,2025020989,2,REG,14:31,SJS,ev,none,wrist,1551,8484801,M. Celebrini,8475200,D. Orlov,8475726,T. Toffoli,1,1
2026-03-06,2025020989,2,REG,17:46,STL,ev,none,snap,1551,8480023,R. Thomas,8483516,J. Snuggerud,8482077,D. Holloway,1,2
2026-03-06,2025020989,3,REG,13:26,SJS,ev,none,slap,1551,8480748,K. Sherwood,8480798,P. Kurashev,8484911,C. Graf,2,2
2026-03-06,2025020989,4,OT,00:54,STL,ev,none,wrist,1331,8480023,R. Thomas,8481598,P. Broberg,8482077,D. Holloway,2,3
2026-03-07,2025020990,2,REG,04:07,BOS,pp,none,bat,1451,8478401,P. Zacha,8479325,C. McAvoy,8477956,D. Pastrnak,1,0
2026-03-07,2025020990,2,REG,07:21,WSH,ev,none,tip-in,1551,8481656,A. Protas,8479345,J. Chychrun,8484186,R. Leonard,1,1
2026-03-07,2025020990,3,REG,04:28,BOS,ev,none,snap,1551,8478042,V. Arvidsson,8479999,C. Mittelstadt,8476854,H. Lindholm,2,1
2026-03-07,2025020990,3,REG,19:36,BOS,ev,empty-net,snap,0651,8477496,E. Lindholm,8477956,D. Pastrnak,,,3,1
2026-03-07,2025020991,1,REG,01:06,NJD,ev,none,snap,1551,8479407,J. Bratt,8479996,C. Glass,8480192,J. Kovacevic,1,0
2026-03-07,2025020991,1,REG,06:26,NYR,ev,none,wrist,1551,8478840,W. Borgen,8476389,V. Trocheck,,,1,1
2026-03-07,2025020991,1,REG,08:36,NYR,ev,none,slap,1551,8478882,V. Gavrikov,8483690,N. Laba,8481789,T. Kartye,1,2
2026-03-07,2025020991,1,REG,19:47,NJD,pp,none,tip-in,1451,8482110,D. Mercer,8482684,L. Hughes,8481721,A. Gritsyuk,2,2
2026-03-07,2025020991,2,REG,15:52,NJD,pp,none,slap,1451,8481559,J. Hughes,8479407,J. Bratt,8476462,D. Hamilton,3,2
2026-03-07,2025020991,2,REG,16:53,NYR,ev,none,slap,1551,8482157,W. Cuylle,8482073,B. Schneider,8479390,T. Raddysh,3,3
2026-03-07,2025020991,3,REG,08:05,NJD,pp,none,wrist,1451,8480002,N. Hischier,8479407,J. Bratt,8481559,J. Hughes,4,3
2026-03-07,2025020991,3,REG,16:56,NJD,ev,none,wrist,1551,8481559,J. Hughes,8477015,C. Brown,,,5,3
2026-03-07,2025020991,3,REG,19:28,NJD,ev,empty-net,wrist,0651,8481559,J. Hughes,8477015,C. Brown,8480192,J. Kovacevic,6,3
2026-03-07,2025020992,2,REG,01:17,NSH,ev,none,wrist,1551,8482742,Z. L'Heureux,8476539,J. Marchessault,8475158,R. O'Reilly,0,1
2026-03-07,2025020992,2,REG,12:39,BUF,ev,none,slap,1551,8479420,T. Thompson,8477949,A. Tuch,,,1,1
2026-03-07,2025020992,2,REG,14:17,BUF,ev,none,wrist,1551,8475722,J. Zucker,8482097,J. Quinn,8480839,R. Dahlin,2,1
2026-03-07,2025020992,3,REG,00:16,BUF,ev,none,snap,1551,8482659,J. Doan,8480064,J. Norris,8483500,N. Ostlund,3,1
2026-03-07,2025020992,3,REG,16:08,NSH,pp,none,tip-in,0641,8484241,M. Wood,8474600,R. Josi,8474564,S. Stamkos,3,2
2026-03-07,2025020993,1,REG,03:00,PIT,pp,none,wrist,1451,8478438,T. Novak,8479638,J. Brazeau,8482758,V. Koivunen,1,0
2026-03-07,2025020993,1,REG,03:54,PHI,ev,none,wrist,1551,8480015,O. Tippett,8481533,T. Zegras,8481546,C. York,1,1
2026-03-07,2025020993,2,REG,03:38,PIT,ev,none,wrist,1551,8476483,R. Rakell,8482475,E. Chinakhov,8475810,B. Rust,2,1
2026-03-07,2025020993,2,REG,04:46,PHI,ev,none,wrist,1551,8483731,A. Bump,8483733,N. Grebenkin,,,2,2
2026-03-07,2025020993,2,REG,05:45,PIT,ev,none,slap,1551,8474578,E. Karlsson,8482475,E. Chinakhov,8476483,R. Rakell,3,2
2026-03-07,2025020993,2,REG,10:03,PHI,ev,none,backhand,1551,8484142,D. Barkey,8484387,M. Michkov,8480220,N. Cates,3,3
2026-03-07,2025020993,5,SO,00:00,PHI,ev,none,wrist,0101,8481533,T. Zegras,,,,,3,4
2026-03-07,2025020994,1,REG,04:50,TOR,ev,none,wrist,1551,8481711,M. Maccelli,8477939,W. Nylander,,,1,0
2026-03-07,2025020994,1,REG,05:36,TBL,ev,none,wrist,1551,8474151,R. McDonagh,8476453,N. Kucherov,8478010,B. Point,1,1
2026-03-07,2025020994,1,REG,12:30,TBL,ev,none,backhand,1551,8477404,J. Guentzel,8478010,B. Point,8476453,N. Kucherov,1,2
2026-03-07,2025020994,1,REG,13:48,TBL,ev,none,snap,1551,8470621,C. Perry,8479542,B. Hagel,8478519,A. Cirelli,1,3
2026-03-07,2025020994,1,REG,15:06,TBL,pp,none,slap,1541,8477416,O. Bjorkstrand,8476453,N. Kucherov,8477404,J. Guentzel,1,4
2026-03-07,2025020994,3,REG,15:41,TBL,ev,empty-net,wrist,1560,8479542,B. Hagel,8478519,A. Cirelli,8476453,N. Kucherov,1,5
2026-03-07,2025020994,3,REG,19:29,TOR,ev,none,wrap-around,1551,8481582,N. Robertson,,,,,2,5
2026-03-07,2025020995,1,REG,07:25,UTA,ev,none,snap,1551,8479619,M. Carcone,8478831,K. Stenlund,8477021,A. Kerfoot,0,1
2026-03-07,2025020995,1,REG,19:25,CBJ,ev,none,slap,1551,8476923,D. Severson,8475745,C. Coyle,8479671,M. Olivier,1,1
2026-03-07,2025020995,2,REG,12:12,UTA,ev,none,tip-in,1551,8482699,D. Guenther,8479343,C. Keller,8480084,N. DeSimone,1,2
2026-03-07,2025020995,2,REG,16:03,CBJ,ev,none,wrist,1551,8479671,M. Olivier,8475745,C. Coyle,8476923,D. Severson,2,2
2026-03-07,2025020995,3,REG,03:00,UTA,ev,none,wrist,1551,8477021,A. Kerfoot,8479619,M. Carcone,8477346,M. Weegar,2,3
2026-03-07,2025020995,3,REG,04:54,UTA,ev,none,backhand,1551,8483431,L. Cooley,8478474,L. Crouse,8474013,I. Cole,2,4
2026-03-07,2025020995,3,REG,13:38,CBJ,ev,none,backhand,1551,8484166,A. Fantilli,8478975,M. Marchment,8480893,K. Marchenko,3,4
2026-03-07,2025020995,3,REG,14:08,CBJ,ev,none,backhand,1551,8478975,M. Marchment,8480893,K. Marchenko,8484166,A. Fantilli,4,4
2026-03-07,2025020995,4,OT,02:08,UTA,ev,none,slap,1331,8483431,L. Cooley,8479343,C. Keller,8478507,J. Marino,4,5
2026-03-07,2025020996,1,REG,07:28,VAN,ev,none,wrist,1551,8481024,L. Karlsson,8484136,M. Sasson,8476927,T. Blueger,0,1
2026-03-07,2025020996,2,REG,19:48,WPG,ev,none,wrist,1551,8476460,M. Scheifele,8473604,J. Toews,,,1,1
2026-03-07,2025020996,3,REG,00:33,VAN,ev,none,snap,1551,8483499,L. Ohgren,8476927,T. Blueger,8481024,L. Karlsson,1,2
2026-03-07,2025020996,3,REG,15:12,WPG,pp,none,backhand,1451,8480014,G. Vilardi,8476460,M. Scheifele,8477504,J. Morrissey,2,2
2026-03-07,2025020996,4,OT,01:49,WPG,ev,none,slap,1331,8477504,J. Morrissey,8476460,M. Scheifele,8478398,K. Connor,3,2
2026-03-07,2025020997,1,REG,14:12,LAK,ev,none,tip-in,1551,8471685,A. Kopitar,8477960,A. Kempe,8478550,A. Panarin,1,0
2026-03-07,2025020997,2,REG,03:09,MTL,ev,none,slap,1551,8478133,J. Evans,8481523,K. Dach,8482737,Z. Bolduc,1,1
2026-03-07,2025020997,2,REG,15:41,MTL,ev,none,wrist,1551,8483515,J. Slafkovský,8480018,N. Suzuki,8478851,A. Carrier,1,2
2026-03-07,2025020997,2,REG,17:31,LAK,ev,none,wrist,1551,8476872,S. Laughton,8483756,J. Wright,8482730,B. Clarke,2,2
2026-03-07,2025020997,3,REG,06:44,LAK,ev,none,wrist,1551,8482155,A. Laferriere,8482730,B. Clarke,8479675,T. Moore,3,2
2026-03-07,2025020997,3,REG,14:38,MTL,pp,none,slap,1541,8483515,J. Slafkovský,8483457,L. Hutson,8480018,N. Suzuki,3,3
2026-03-07,2025020997,3,REG,15:27,MTL,ev,none,slap,1551,8480018,N. Suzuki,8483515,J. Slafkovský,8481540,C. Caufield,3,4
2026-03-07,2025020998,1,REG,00:44,CAR,ev,none,wrist,1551,8482093,S. Jarvis,8480830,A. Svechnikov,8478427,S. Aho,0,1
2026-03-07,2025020998,2,REG,00:19,CGY,ev,none,wrist,1551,8476458,R. Strome,8476874,O. Maatta,8481028,M. Pospisil,1,1
2026-03-07,2025020998,2,REG,04:11,CGY,ev,none,wrist,1551,8480797,J. Farabee,8480028,M. Frost,8476399,B. Coleman,2,1
2026-03-07,2025020998,2,REG,07:06,CGY,pp,none,wrist,1451,8480028,M. Frost,8484768,Z. Parekh,8476458,R. Strome,3,1
2026-03-07,2025020998,3,REG,02:24,CGY,ev,none,wrist,1551,8476399,B. Coleman,8480797,J. Farabee,,,4,1
2026-03-07,2025020998,3,REG,04:41,CAR,ev,none,wrist,1551,8480336,S. Walker,8475791,T. Hall,8478427,S. Aho,4,2
2026-03-07,2025020998,3,REG,05:43,CAR,pp,none,slap,1541,8482100,A. Nikishin,8478427,S. Aho,8482093,S. Jarvis,4,3
2026-03-07,2025020998,3,REG,17:42,CGY,ev,none,backhand,1551,8480797,J. Farabee,8480028,M. Frost,,,5,3
2026-03-07,2025020998,3,REG,19:48,CAR,ev,none,wrist,0651,8480830,A. Svechnikov,8480817,K. Miller,8482093,S. Jarvis,5,4
2026-03-07,2025020999,1,REG,11:37,NYI,ev,none,wrist,1551,8477950,T. DeAngelo,8484221,C. Ritchie,,,0,1
2026-03-07,2025020999,2,REG,00:33,SJS,ev,none,wrist,1551,8484801,M. Celebrini,8484227,W. Smith,8475906,J. Klingberg,1,1
2026-03-07,2025020999,4,OT,04:20,NYI,ev,none,backhand,1331,8477500,B. Horvat,8485366,M. Schaefer,8478445,M. Barzal,1,2
2026-03-07,2025021000,1,REG,08:45,SEA,ev,none,wrist,1551,8482874,J. Melanson,8483570,B. Meyers,8482751,R. Winterton,1,0
2026-03-07,2025021000,1,REG,09:19,OTT,ev,none,snap,1551,8482095,T. Kleven,8481596,S. Pinto,8478020,M. Amadio,1,1
2026-03-07,2025021000,1,REG,13:35,OTT,ev,none,wrist,1551,8481528,D. Cozens,8478469,T. Chabot,8475324,N. Jensen,1,2
2026-03-07,2025021000,2,REG,01:34,OTT,ev,none,deflected,1551,8481596,S. Pinto,8482245,A. Zub,8476393,N. Cousins,1,3
2026-03-07,2025021000,2,REG,10:09,OTT,ev,none,wrist,1551,8478020,M. Amadio,8481596,S. Pinto,8476393,N. Cousins,1,4
2026-03-07,2025021000,2,REG,15:00,SEA,ev,none,slap,1551,8480009,E. Tolvanen,,,,,2,4
2026-03-07,2025021000,3,REG,02:42,OTT,ev,none,wrist,1551,8477998,W. Foegele,8474189,L. Eller,,,2,5
2026-03-07,2025021000,3,REG,03:58,OTT,ev,none,wrist,1551,8482116,T. Stützle,8480208,D. Batherson,,,2,6
2026-03-07,2025021000,3,REG,07:24,OTT,ev,none,wrist,1551,8480801,B. Tkachuk,8478469,T. Chabot,,,2,7
2026-03-07,2025021000,3,REG,10:16,SEA,ev,none,tip-in,1551,8482665,M. Beniers,8479985,C. Fleury,8474586,J. Eberle,3,7
2026-03-07,2025021000,3,REG,17:45,SEA,pp,none,slap,1351,8477986,B. Montour,8478407,V. Dunn,8474586,J. Eberle,4,7
2026-03-08,2025021001,2,REG,12:19,COL,ev,none,snap,1551,8477492,N. MacKinnon,8475172,N. Kadri,,,1,0
2026-03-08,2025021001,3,REG,04:17,MIN,pp,none,wrist,1541,8478864,K. Kaprizov,8480800,Q. Hughes,8478493,J. Eriksson Ek,1,1
2026-03-08,2025021001,3,REG,07:01,MIN,sh,none,wrist,1451,8481477,N. Sturm,8482122,B. Faber,,,1,2
2026-03-08,2025021001,3,REG,12:39,COL,ev,none,tip-in,1551,8478462,N. Roy,8476967,B. Kulak,8481641,J. Kiviranta,2,2
2026-03-08,2025021001,5,SO,00:00,COL,ev,none,wrist,1010,8477492,N. MacKinnon,,,,,3,2
2026-03-08,2025021002,1,REG,09:27,BOS,pp,none,snap,1541,8478401,P. Zacha,8479987,M. Geekie,8479325,C. McAvoy,0,1
2026-03-08,2025021002,2,REG,08:47,BOS,ev,none,backhand,1551,8478401,P. Zacha,8478042,V. Arvidsson,8481219,J. Aspirot,0,2
2026-03-08,2025021002,2,REG,12:23,BOS,ev,none,backhand,1551,8477956,D. Pastrnak,,,,,0,3
2026-03-08,2025021002,2,REG,14:44,PIT,pp,none,wrist,1351,8482475,E. Chinakhov,8476483,R. Rakell,8474578,E. Karlsson,1,3
2026-03-08,2025021002,3,REG,06:02,PIT,ev,none,backhand,1551,8480980,C. Dewar,8478854,R. Shea,,,2,3
2026-03-08,2025021002,3,REG,06:35,PIT,ev,none,backhand,1551,8477511,A. Mantha,8478438,T. Novak,8482470,I. Solovyov,3,3
2026-03-08,2025021002,3,REG,08:34,BOS,ev,none,wrist,1551,8478401,P. Zacha,8478042,V. Arvidsson,8481219,J. Aspirot,3,4
2026-03-08,2025021002,3,REG,11:18,PIT,ev,none,backhand,1551,8477511,A. Mantha,8478450,P. Wotherspoon,8474578,E. Karlsson,4,4
2026-03-08,2025021002,4,OT,00:17,PIT,ev,none,snap,1331,8478438,T. Novak,,,,,5,4
2026-03-08,2025021003,1,REG,08:26,BUF,pp,none,wrist,1451,8482659,J. Doan,8479420,T. Thompson,8481524,B. Byram,1,0
2026-03-08,2025021003,2,REG,02:15,BUF,pp,none,snap,1451,8475722,J. Zucker,8480839,R. Dahlin,8479420,T. Thompson,2,0
2026-03-08,2025021003,2,REG,05:10,BUF,pp,none,tip-in,1451,8477949,A. Tuch,8479420,T. Thompson,8483500,N. Ostlund,3,0
2026-03-08,2025021003,2,REG,07:55,TBL,ev,none,backhand,1551,8470621,C. Perry,8476453,N. Kucherov,8478178,D. Raddysh,3,1
2026-03-08,2025021003,2,REG,11:07,BUF,sh,none,backhand,1541,8477949,A. Tuch,8481524,B. Byram,,,4,1
2026-03-08,2025021003,2,REG,12:26,TBL,pp,none,wrist,1541,8476453,N. Kucherov,8478178,D. Raddysh,,,4,2
2026-03-08,2025021003,2,REG,14:46,TBL,ev,none,snap,1551,8476878,Z. Girgensons,8476826,Y. Gourde,8482655,J. Moser,4,3
2026-03-08,2025021003,2,REG,17:37,TBL,ev,none,wrist,1551,8482655,J. Moser,8483447,C. Geekie,,,4,4
2026-03-08,2025021003,3,REG,00:59,TBL,ev,none,snap,1551,8476453,N. Kucherov,8479542,B. Hagel,8482655,J. Moser,4,5
2026-03-08,2025021003,3,REG,05:46,TBL,ev,own-goal,,1551,8478010,B. Point,,,,,4,6
2026-03-08,2025021003,3,REG,06:12,BUF,ev,none,wrist,1551,8475842,S. Carrick,8484145,Z. Benson,8480891,M. Kesselring,5,6
2026-03-08,2025021003,3,REG,09:48,TBL,ev,none,wrist,1551,8479542,B. Hagel,8478519,A. Cirelli,8478178,D. Raddysh,5,7
2026-03-08,2025021003,3,REG,11:03,BUF,ev,none,wrist,1551,8480839,R. Dahlin,8479420,T. Thompson,8481524,B. Byram,6,7
2026-03-08,2025021003,3,REG,14:29,BUF,ev,none,backhand,1551,8475722,J. Zucker,8480802,R. McLeod,,,7,7
2026-03-08,2025021003,3,REG,15:43,BUF,pp,none,wrist,1451,8482659,J. Doan,8475722,J. Zucker,8480839,R. Dahlin,8,7
2026-03-08,2025021004,1,REG,06:59,CHI,ev,none,tip-in,1551,8477479,T. Bertuzzi,8484783,A. Levshunov,8483493,F. Nazar,0,1
2026-03-08,2025021004,1,REG,08:41,CHI,ev,none,snap,1551,8483506,S. Rinzel,8476882,T. Teravainen,8484197,O. Moore,0,2
2026-03-08,2025021004,1,REG,16:40,DAL,ev,none,tip-in,1551,8479414,N. Bastian,8483425,L. Bichsel,8480840,O. Bäck,1,2
2026-03-08,2025021004,3,REG,00:42,DAL,ev,none,backhand,1551,8482145,M. Bourque,8478047,M. Bunting,,,2,2
2026-03-08,2025021004,3,REG,09:40,DAL,pp,none,backhand,1451,8484829,J. Hryckowian,8482145,M. Bourque,8476902,E. Lindell,3,2
2026-03-08,2025021004,3,REG,18:40,CHI,ev,none,snap,0651,8484144,C. Bedard,8476882,T. Teravainen,8483493,F. Nazar,3,3
2026-03-08,2025021004,4,OT,00:22,DAL,ev,none,backhand,1331,8480036,M. Heiskanen,8475168,M. Duchene,,,4,3
2026-03-08,2025021005,1,REG,03:20,DET,ev,none,wrist,1551,8481542,M. Seider,8474141,P. Kane,8477429,A. Copp,0,1
2026-03-08,2025021005,2,REG,06:37,DET,pp,none,tip-in,1541,8474037,J. van Riemsdyk,8481542,M. Seider,8474141,P. Kane,0,2
2026-03-08,2025021005,3,REG,10:24,DET,ev,none,snap,1551,8479942,D. Shine,8474037,J. van Riemsdyk,8481542,M. Seider,0,3
2026-03-08,2025021006,2,REG,04:22,STL,ev,none,snap,1551,8479385,J. Kyrou,8482089,J. Neighbours,8475764,C. Fowler,0,1
2026-03-08,2025021006,2,REG,10:07,STL,pp,none,slap,1541,8477494,J. Drouin,8481598,P. Broberg,8483516,J. Snuggerud,0,2
2026-03-08,2025021006,2,REG,12:11,STL,ev,none,snap,1551,8483516,J. Snuggerud,8480023,R. Thomas,8482077,D. Holloway,0,3
2026-03-08,2025021006,3,REG,15:58,STL,ev,empty-net,wrist,1560,8480459,P. Suter,8477402,P. Buchnevich,8475718,J. Holl,0,4
2026-03-08,2025021007,2,REG,03:21,EDM,ev,none,wrist,1551,8479365,T. Frederic,8480803,E. Bouchard,8482703,C. Dach,0,1
2026-03-08,2025021007,2,REG,13:09,VGK,ev,none,snap,1551,8478396,N. Hanifin,8478483,M. Marner,8477964,I. Barbashev,1,1
2026-03-08,2025021007,3,REG,02:34,EDM,ev,none,wrist,1551,8481617,V. Podkolzin,,,,,1,2
2026-03-08,2025021007,3,REG,11:53,EDM,ev,none,backhand,1441,8477934,L. Draisaitl,8478402,C. McDavid,,,1,3
2026-03-08,2025021007,3,REG,16:43,VGK,sh,none,wrist,1541,8478403,J. Eichel,8478483,M. Marner,,,2,3
2026-03-08,2025021007,3,REG,18:03,EDM,ev,empty-net,wrist,1560,8477953,K. Kapanen,8478402,C. McDavid,8475218,M. Ekholm,2,4
2026-03-09,2025020828,1,REG,06:46,LAK,ev,none,snap,1551,8476872,S. Laughton,8475208,B. Dumoulin,8481532,A. Turcotte,0,1
2026-03-09,2025020828,1,REG,14:48,LAK,ev,none,wrist,1551,8478550,A. Panarin,8482726,S. Helenius,,,0,2
2026-03-09,2025020828,1,REG,17:35,CBJ,ev,none,wrist,1551,8478856,C. Garland,8477497,S. Monahan,8478500,I. Provorov,1,2
2026-03-09,2025020828,2,REG,10:53,CBJ,ev,none,backhand,1551,8483485,D. Mateychuk,8480806,I. Lundestrom,8476432,B. Jenner,2,2
2026-03-09,2025020828,2,REG,12:13,CBJ,ev,none,snap,1551,8478856,C. Garland,8483485,D. Mateychuk,,,3,2
2026-03-09,2025020828,2,REG,14:09,LAK,ev,none,snap,1551,8477960,A. Kempe,8471685,A. Kopitar,8475208,B. Dumoulin,3,3
2026-03-09,2025020828,3,REG,10:07,LAK,ev,none,snap,1551,8475208,B. Dumoulin,8479998,M. Anderson,8476872,S. Laughton,3,4
2026-03-09,2025020828,3,REG,18:04,CBJ,pp,none,snap,1451,8480893,K. Marchenko,8478460,Z. Werenski,8475745,C. Coyle,4,4
2026-03-09,2025020828,4,OT,02:34,LAK,ev,none,slap,1331,8477960,A. Kempe,8478550,A. Panarin,8474563,D. Doughty,4,5
2026-03-09,2025021008,1,REG,01:04,NYR,ev,none,wrist,1551,8483690,N. Laba,8481525,M. Robertson,8481789,T. Kartye,0,1
2026-03-09,2025021008,1,REG,13:07,NYR,ev,none,snap,1551,8476459,M. Zibanejad,8482109,A. Lafrenière,8478882,V. Gavrikov,0,2
2026-03-09,2025021008,1,REG,19:23,NYR,pp,none,slap,1541,8482109,A. Lafrenière,8476459,M. Zibanejad,8476389,V. Trocheck,0,3
2026-03-09,2025021008,2,REG,03:54,PHI,pp,none,wrist,1451,8484387,M. Michkov,8482142,J. Drysdale,8481533,T. Zegras,1,3
2026-03-09,2025021008,2,REG,06:40,NYR,pp,none,wrist,1541,8484210,G. Perreault,8476389,V. Trocheck,8479323,A. Fox,1,4
2026-03-09,2025021008,2,REG,18:40,NYR,pp,none,wrist,1541,8476459,M. Zibanejad,8484210,G. Perreault,8476389,V. Trocheck,1,5
2026-03-09,2025021008,2,REG,19:00,NYR,ev,none,tip-in,1551,8481789,T. Kartye,8478882,V. Gavrikov,8483690,N. Laba,1,6
2026-03-09,2025021008,3,REG,15:28,PHI,ev,none,snap,1551,8476461,S. Couturier,8483733,N. Grebenkin,8476822,L. Glendening,2,6
2026-03-09,2025021009,1,REG,02:46,WSH,ev,none,snap,1551,8482148,H. Lapierre,8480796,M. Fehérváry,8480990,D. Chisholm,1,0
2026-03-09,2025021009,1,REG,09:13,WSH,ev,none,snap,1551,8476880,T. Wilson,8481656,A. Protas,8478440,D. Strome,2,0
2026-03-09,2025021009,1,REG,17:43,WSH,ev,none,snap,1551,8481580,C. McMichael,8482088,J. Sourdif,8478463,A. Beauvillier,3,0
2026-03-09,2025021009,2,REG,16:08,CGY,ev,none,snap,1551,8484860,M. Gridin,8476874,O. Maatta,8476458,R. Strome,3,1
2026-03-09,2025021009,2,REG,17:39,CGY,sh,none,snap,1451,8476399,B. Coleman,8474150,M. Backlund,8482165,Y. Kuznetsov,3,2
2026-03-09,2025021009,2,REG,18:55,CGY,sh,none,snap,1451,8481068,Y. Sharangovich,8480797,J. Farabee,,,3,3
2026-03-09,2025021009,3,REG,10:52,WSH,pp,none,snap,1451,8481580,C. McMichael,,,,,4,3
2026-03-09,2025021009,3,REG,11:15,WSH,ev,none,snap,1551,8482088,J. Sourdif,,,,,5,3
2026-03-09,2025021009,3,REG,17:14,WSH,ev,empty-net,snap,0651,8483573,E. Frank,8479520,B. Duhaime,8482148,H. Lapierre,6,3
2026-03-09,2025021009,3,REG,19:44,WSH,ev,none,backhand,1551,8484186,R. Leonard,8482088,J. Sourdif,,,7,3
2026-03-09,2025021010,1,REG,09:43,UTA,ev,none,tip-in,1551,8480849,B. Hayton,8480084,N. DeSimone,8474013,I. Cole,0,1
2026-03-09,2025021010,1,REG,13:46,CHI,ev,none,deflected,1551,8478233,A. Mangiapane,8477987,R. Donato,8481624,I. Mikheyev,1,1
2026-03-09,2025021010,1,REG,16:26,UTA,ev,none,wrist,1551,8482699,D. Guenther,8479343,C. Keller,8477951,N. Schmaltz,1,2
2026-03-09,2025021010,2,REG,15:35,CHI,ev,none,cradle,1551,8477444,A. Burakovsky,8484144,C. Bedard,8483450,R. Greene,2,2
2026-03-09,2025021010,4,OT,02:36,CHI,pp,none,wrist,1341,8483493,F. Nazar,8476882,T. Teravainen,8484144,C. Bedard,3,2
2026-03-09,2025021011,2,REG,10:11,OTT,ev,none,wrist,1551,8482092,R. Greig,8481596,S. Pinto,8482245,A. Zub,0,1
2026-03-09,2025021011,3,REG,18:40,OTT,ev,empty-net,wrist,1560,8480801,B. Tkachuk,8482116,T. Stützle,8478469,T. Chabot,0,2
2026-03-10,2025021012,3,REG,08:22,BOS,ev,none,snap,1551,8482511,M. Lohrei,8476854,H. Lindholm,8478042,V. Arvidsson,1,0
2026-03-10,2025021012,3,REG,14:00,LAK,ev,none,slap,1551,8474563,D. Doughty,8479675,T. Moore,8477960,A. Kempe,1,1
2026-03-10,2025021012,4,OT,00:39,BOS,ev,none,backhand,1331,8479325,C. McAvoy,8477956,D. Pastrnak,8480355,M. Kastelic,2,1
2026-03-10,2025021013,1,REG,04:12,BUF,ev,none,wrist,1551,8482097,J. Quinn,8475722,J. Zucker,8480802,R. McLeod,1,0
2026-03-10,2025021013,1,REG,05:39,BUF,ev,none,tip-in,1551,8477949,A. Tuch,8480839,R. Dahlin,8480807,M. Samuelsson,2,0
2026-03-10,2025021013,1,REG,12:54,SJS,ev,none,wrist,1551,8484801,M. Celebrini,8484227,W. Smith,,,2,1
2026-03-10,2025021013,2,REG,04:59,BUF,ev,none,wrist,1551,8479359,B. Malenstyn,8481522,P. Krebs,8480839,R. Dahlin,3,1
2026-03-10,2025021013,2,REG,08:51,BUF,ev,none,backhand,1551,8475722,J. Zucker,8482097,J. Quinn,8482671,O. Power,4,1
2026-03-10,2025021013,2,REG,19:29,SJS,ev,none,snap,1551,8480748,K. Sherwood,8479983,M. Ferraro,8477505,A. Wennberg,4,2
2026-03-10,2025021013,3,REG,00:42,BUF,ev,none,snap,1551,8482097,J. Quinn,8480802,R. McLeod,8480839,R. Dahlin,5,2
2026-03-10,2025021013,3,REG,06:56,SJS,pp,none,backhand,1541,8477505,A. Wennberg,8475726,T. Toffoli,,,5,3
2026-03-10,2025021013,3,REG,17:14,BUF,ev,empty-net,wrist,0651,8482097,J. Quinn,8480802,R. McLeod,,,6,3
2026-03-10,2025021014,1,REG,04:46,MTL,ev,none,snap,1551,8482775,O. Kapanen,8481618,A. Newhook,8484984,I. Demidov,1,0
2026-03-10,2025021014,1,REG,14:41,MTL,ev,none,snap,1551,8476479,P. Danault,8482087,K. Guhle,8483457,L. Hutson,2,0
2026-03-10,2025021014,2,REG,14:33,TOR,ev,none,snap,1551,8477939,W. Nylander,8484158,E. Cowan,,,2,1
2026-03-10,2025021014,3,REG,19:32,MTL,ev,empty-net,wrist,0651,8478133,J. Evans,8476875,M. Matheson,,,3,1
2026-03-10,2025021015,1,REG,13:38,TBL,ev,none,tip-in,1551,8482201,G. Goncalves,8475167,V. Hedman,8476453,N. Kucherov,1,0
2026-03-10,2025021015,2,REG,05:57,CBJ,ev,none,slap,1551,8478500,I. Provorov,8483485,D. Mateychuk,8475745,C. Coyle,1,1
2026-03-10,2025021015,2,REG,06:27,CBJ,ev,none,wrist,1551,8478856,C. Garland,8482660,K. Johnson,8477497,S. Monahan,1,2
2026-03-10,2025021015,2,REG,11:42,CBJ,pp,none,slap,1541,8480893,K. Marchenko,8484166,A. Fantilli,8478460,Z. Werenski,1,3
2026-03-10,2025021015,2,REG,16:23,TBL,ev,none,wrist,1551,8482655,J. Moser,8478519,A. Cirelli,,,2,3
2026-03-10,2025021015,3,REG,04:00,CBJ,pp,none,wrist,1541,8478856,C. Garland,8477497,S. Monahan,8478460,Z. Werenski,2,4
2026-03-10,2025021015,3,REG,15:28,CBJ,ev,empty-net,wrist,1560,8479371,D. Fabbro,8478007,E. Merzlikins,,,2,5
2026-03-10,2025021016,1,REG,09:48,FLA,ev,none,tip-in,1551,8476994,V. Hinostroza,8480003,J. Boqvist,8478055,G. Forsling,1,0
2026-03-10,2025021016,2,REG,03:54,DET,ev,none,snap,1551,8474141,P. Kane,8481542,M. Seider,8479337,A. DeBrincat,1,1
2026-03-10,2025021016,2,REG,12:59,DET,ev,none,backhand,1551,8475753,J. Faulk,8477429,A. Copp,,,1,2
2026-03-10,2025021016,3,REG,05:10,FLA,ev,none,slap,1551,8478859,N. Mikkola,8476994,V. Hinostroza,,,2,2
2026-03-10,2025021016,3,REG,06:32,DET,ev,none,snap,1551,8483464,M. Kasper,8484471,E. Finnie,8475753,J. Faulk,2,3
2026-03-10,2025021016,3,REG,18:30,FLA,ev,none,wrist,1560,8477409,C. Verhaeghe,8479314,M. Tkachuk,,,3,3
2026-03-10,2025021016,3,REG,19:45,FLA,ev,none,wrist,1551,8477409,C. Verhaeghe,8479314,M. Tkachuk,8477935,S. Bennett,4,3
2026-03-10,2025021017,1,REG,17:27,NYR,pp,none,tip-in,1351,8482109,A. Lafrenière,8476459,M. Zibanejad,8479323,A. Fox,1,0
2026-03-10,2025021017,2,REG,10:28,NYR,ev,none,wrist,1551,8477839,C. Sheary,8481789,T. Kartye,8478840,W. Borgen,2,0
2026-03-10,2025021017,2,REG,16:31,NYR,ev,none,wrist,1551,8482109,A. Lafrenière,8484210,G. Perreault,8476459,M. Zibanejad,3,0
2026-03-10,2025021017,3,REG,17:42,NYR,ev,none,slap,1551,8482109,A. Lafrenière,8484210,G. Perreault,8480001,U. Vaakanainen,4,0
2026-03-10,2025021018,1,REG,07:46,CAR,ev,none,snap,1551,8482702,L. Stankoven,8476422,M. Reilly,8482809,J. Blake,1,0
2026-03-10,2025021018,1,REG,19:04,PIT,ev,none,snap,1551,8477511,A. Mantha,8482758,V. Koivunen,,,1,1
2026-03-10,2025021018,2,REG,11:44,PIT,pp,none,snap,1541,8475810,B. Rust,8482475,E. Chinakhov,8474578,E. Karlsson,1,2
2026-03-10,2025021018,3,REG,02:49,CAR,ev,none,backhand,1551,8476873,M. Jankowski,8477478,W. Carrier,8482100,A. Nikishin,2,2
2026-03-10,2025021018,3,REG,03:48,CAR,ev,none,snap,1551,8482093,S. Jarvis,8480830,A. Svechnikov,,,3,2
2026-03-10,2025021018,3,REG,11:21,CAR,pp,none,snap,1351,8482100,A. Nikishin,8478427,S. Aho,8477940,N. Ehlers,4,2
2026-03-10,2025021018,3,REG,17:52,PIT,ev,none,wrist,0651,8478569,N. Acciari,8475810,B. Rust,8482475,E. Chinakhov,4,3
2026-03-10,2025021018,3,REG,19:24,PIT,ev,none,snap,0651,8475810,B. Rust,8476483,R. Rakell,8474578,E. Karlsson,4,4
2026-03-10,2025021018,5,SO,00:00,CAR,ev,none,snap,1010,8482809,J. Blake,,,,,5,4
2026-03-10,2025021019,1,REG,04:06,STL,ev,none,tip-in,1551,8481598,P. Broberg,8483516,J. Snuggerud,8480023,R. Thomas,1,0
2026-03-10,2025021019,2,REG,09:10,STL,ev,none,wrist,1551,8482077,D. Holloway,8475764,C. Fowler,8483516,J. Snuggerud,2,0
2026-03-10,2025021019,2,REG,10:37,STL,ev,none,snap,1551,8483516,J. Snuggerud,8480023,R. Thomas,8484188,T. Lindstein,3,0
2026-03-10,2025021019,2,REG,17:50,NYI,ev,none,wrist,1551,8476419,J. Pageau,8485366,M. Schaefer,8478445,M. Barzal,3,1
2026-03-10,2025021019,3,REG,05:52,NYI,pp,own-goal,,1541,8484221,C. Ritchie,,,,,3,2
2026-03-10,2025021019,3,REG,06:52,NYI,pp,none,snap,1541,8477500,B. Horvat,8484221,C. Ritchie,8478445,M. Barzal,3,3
2026-03-10,2025021019,4,OT,02:11,NYI,ev,none,wrist,1331,8478445,M. Barzal,8475170,B. Schenn,8477950,T. DeAngelo,3,4
2026-03-10,2025021020,2,REG,01:31,VGK,ev,none,snap,1551,8478403,J. Eichel,8477447,S. Theodore,8477964,I. Barbashev,0,1
2026-03-10,2025021020,2,REG,10:41,DAL,ev,none,backhand,1551,8480840,O. Bäck,8476278,C. Blackwell,8481581,T. Harley,1,1
2026-03-10,2025021020,2,REG,14:16,DAL,pp,none,bat,1451,8473994,J. Benn,8482740,W. Johnston,8475168,M. Duchene,2,1
2026-03-10,2025021021,1,REG,14:10,MIN,ev,none,wrist,1551,8478864,K. Kaprizov,8475765,V. Tarasenko,,,1,0
2026-03-10,2025021021,2,REG,08:43,MIN,ev,none,snap,1551,8481557,M. Boldy,8475149,M. Johansson,8478493,J. Eriksson Ek,2,0
2026-03-10,2025021021,3,REG,02:09,MIN,ev,none,wrist,1551,8481553,B. Brink,,,,,3,0
2026-03-10,2025021021,3,REG,06:09,MIN,ev,none,wrist,1551,8483525,D. Yurov,8475765,V. Tarasenko,8480800,Q. Hughes,4,0
2026-03-10,2025021021,3,REG,18:39,MIN,ev,none,backhand,1551,8477451,R. Hartman,8473422,N. Foligno,8478864,K. Kaprizov,5,0
2026-03-10,2025021022,2,REG,05:04,WPG,ev,none,tip-in,1551,8480289,M. Barron,8483510,E. Salomonsson,8482149,C. Perfetti,1,0
2026-03-10,2025021022,2,REG,06:24,ANA,ev,none,snap,1551,8485512,T. Washe,8478424,J. Harkins,8475462,R. Gudas,1,1
2026-03-10,2025021022,2,REG,06:38,ANA,ev,none,tip-in,1551,8480068,R. Poehling,8473986,A. Killorn,8481605,J. LaCombe,1,2
2026-03-10,2025021022,2,REG,08:08,ANA,ev,none,wrist,1551,8473986,A. Killorn,8480068,R. Poehling,,,1,3
2026-03-10,2025021022,3,REG,19:34,ANA,ev,empty-net,wrist,1560,8481605,J. LaCombe,8476885,J. Trouba,,,1,4
2026-03-10,2025021023,1,REG,00:32,COL,ev,none,wrist,1551,8479525,R. Colton,8475754,B. Nelson,,,1,0
2026-03-10,2025021023,1,REG,08:13,EDM,pp,none,snap,1541,8476454,R. Nugent-Hopkins,8478402,C. McDavid,8480803,E. Bouchard,1,1
2026-03-10,2025021023,1,REG,15:41,COL,pp,none,wrist,1451,8480039,M. Necas,,,,,2,1
2026-03-10,2025021023,1,REG,19:35,EDM,ev,none,wrist,1551,8478458,J. Roslovic,8477934,L. Draisaitl,,,2,2
2026-03-10,2025021023,2,REG,04:15,EDM,ev,none,tip-in,1551,8476454,R. Nugent-Hopkins,8477498,D. Nurse,8475786,Z. Hyman,2,3
2026-03-10,2025021023,3,REG,07:04,COL,ev,none,tip-in,1551,8477501,V. Nichushkin,8484258,S. Malinski,,,3,3
2026-03-10,2025021023,3,REG,09:03,EDM,pp,none,snap,1541,8478402,C. McDavid,8477934,L. Draisaitl,8480803,E. Bouchard,3,4
2026-03-10,2025021024,1,REG,02:14,SEA,ev,none,wrist,1551,8481554,K. Kakko,8483524,S. Wright,,,1,0
2026-03-10,2025021024,1,REG,09:46,SEA,ev,none,wrist,1551,8482665,M. Beniers,8477955,J. McCann,8478407,V. Dunn,2,0
2026-03-10,2025021024,2,REG,04:14,NSH,ev,none,wrist,1551,8479370,T. Jost,8482768,F. Svechkov,8476539,J. Marchessault,2,1
2026-03-10,2025021024,2,REG,10:19,NSH,ev,none,wrist,1551,8483513,R. Schaefer,8484241,M. Wood,8476869,B. Skjei,2,2
2026-03-10,2025021024,2,REG,14:25,NSH,ev,none,wrist,1551,8482715,R. Ufko,8476539,J. Marchessault,8475158,R. O'Reilly,2,3
2026-03-10,2025021024,3,REG,19:55,NSH,ev,empty-net,wrist,1560,8474564,S. Stamkos,8479980,N. Hague,,,2,4
2026-03-11,2025021025,1,REG,01:16,MTL,pp,none,wrist,1541,8483515,J. Slafkovský,8484984,I. Demidov,8480018,N. Suzuki,0,1
2026-03-11,2025021025,1,REG,16:42,OTT,pp,none,deflected,1451,8480208,D. Batherson,8480801,B. Tkachuk,8482116,T. Stützle,1,1
2026-03-11,2025021025,1,REG,18:41,OTT,ev,none,tip-in,1551,8480208,D. Batherson,8482116,T. Stützle,8473512,C. Giroux,2,1
2026-03-11,2025021025,2,REG,17:29,MTL,ev,none,wrap-around,1551,8480074,A. Texier,8483457,L. Hutson,8478133,J. Evans,2,2
2026-03-11,2025021025,3,REG,12:40,MTL,ev,none,wrist,1551,8484984,I. Demidov,8481618,A. Newhook,8482087,K. Guhle,2,3
2026-03-11,2025021026,1,REG,09:51,WSH,pp,none,snap,1541,8484186,R. Leonard,8471214,A. Ovechkin,8479400,P. Dubois,0,1
2026-03-11,2025021026,2,REG,04:23,PHI,ev,none,snap,1551,8478439,T. Konecny,8477948,T. Sanheim,8483731,A. Bump,1,1
2026-03-11,2025021026,2,REG,12:13,PHI,ev,none,wrist,1551,8481533,T. Zegras,8480015,O. Tippett,8479336,C. Grundstrom,2,1
2026-03-11,2025021026,3,REG,07:17,PHI,ev,none,wrist,1441,8482142,J. Drysdale,8480220,N. Cates,8481546,C. York,3,1
2026-03-11,2025021026,3,REG,18:57,PHI,ev,empty-net,wrist,0651,8480015,O. Tippett,8477989,C. Dvorak,8480220,N. Cates,4,1
2026-03-12,2025021027,1,REG,05:57,SJS,ev,none,wrist,1551,8485402,M. Misa,8482667,W. Eklund,8475726,T. Toffoli,0,1
2026-03-12,2025021027,2,REG,14:15,SJS,pp,none,deflected,1541,8475726,T. Toffoli,8484801,M. Celebrini,8475200,D. Orlov,0,2
2026-03-12,2025021027,3,REG,03:13,SJS,sh,none,wrist,1451,8484911,C. Graf,8477505,A. Wennberg,,,0,3
2026-03-12,2025021027,3,REG,08:20,SJS,ev,none,bat,1551,8482667,W. Eklund,8484806,S. Dickinson,8485402,M. Misa,0,4
2026-03-12,2025021027,3,REG,08:30,BOS,ev,none,wrist,1551,8483489,F. Minten,8477956,D. Pastrnak,8482177,M. Khusnutdinov,1,4
2026-03-12,2025021027,3,REG,19:07,BOS,ev,none,slap,1560,8477956,D. Pastrnak,8479325,C. McAvoy,8479999,C. Mittelstadt,2,4
2026-03-12,2025021028,1,REG,06:02,BUF,ev,none,tip-in,1551,8475842,S. Carrick,8479359,B. Malenstyn,8482671,O. Power,1,0
2026-03-12,2025021028,2,REG,02:14,WSH,ev,none,snap,1551,8484186,R. Leonard,,,,,1,1
2026-03-12,2025021028,3,REG,18:27,WSH,ev,none,snap,1551,8479345,J. Chychrun,8481656,A. Protas,8477845,T. van Riemsdyk,1,2
2026-03-12,2025021029,1,REG,07:19,TOR,ev,none,wrist,1551,8481711,M. Maccelli,,,,,1,0
2026-03-12,2025021029,1,REG,12:19,ANA,ev,none,wrist,1551,8483445,C. Gauthier,8475184,C. Kreider,8481605,J. LaCombe,1,1
2026-03-12,2025021029,1,REG,14:26,ANA,ev,none,snap,1551,8482178,I. Moore,8478424,J. Harkins,,,1,2
2026-03-12,2025021029,2,REG,02:55,ANA,ev,none,snap,1551,8483490,P. Mintyukov,8480068,R. Poehling,8479705,J. Viel,1,3
2026-03-12,2025021029,2,REG,10:47,TOR,pp,none,wrist,1451,8479318,A. Matthews,8482720,M. Knies,8477939,W. Nylander,2,3
2026-03-12,2025021029,2,REG,16:26,TOR,pp,none,wrist,1451,8475166,J. Tavares,8481711,M. Maccelli,8482720,M. Knies,3,3
2026-03-12,2025021029,3,REG,00:36,TOR,pp,none,wrist,1451,8477939,W. Nylander,8482720,M. Knies,8481711,M. Maccelli,4,3
2026-03-12,2025021029,3,REG,08:35,TOR,sh,none,wrist,1541,8480870,B. Groulx,8478443,B. Carlo,,,5,3
2026-03-12,2025021029,3,REG,18:12,TOR,ev,empty-net,wrist,0651,8482720,M. Knies,8476931,J. McCabe,8475166,J. Tavares,6,3
2026-03-12,2025021029,3,REG,19:34,ANA,ev,none,wrist,1551,8473986,A. Killorn,8479705,J. Viel,8476885,J. Trouba,6,4
2026-03-12,2025021030,2,REG,00:49,TBL,pp,none,snap,1451,8477404,J. Guentzel,8476453,N. Kucherov,8470621,C. Perry,1,0
2026-03-12,2025021030,3,REG,01:35,TBL,ev,none,deflected,1551,8482201,G. Goncalves,8478010,B. Point,,,2,0
2026-03-12,2025021030,3,REG,07:05,DET,ev,none,tip-in,1551,8477456,J. Compher,8479337,A. DeBrincat,8474141,P. Kane,2,1
2026-03-12,2025021030,3,REG,16:22,TBL,ev,none,deflected,1551,8482201,G. Goncalves,8478010,B. Point,8476453,N. Kucherov,3,1
2026-03-12,2025021030,3,REG,16:55,TBL,ev,empty-net,wrist,0651,8477404,J. Guentzel,8478519,A. Cirelli,,,4,1
2026-03-12,2025021031,2,REG,13:01,CBJ,ev,none,wrist,1551,8484166,A. Fantilli,8478975,M. Marchment,,,0,1
2026-03-12,2025021031,3,REG,01:28,FLA,pp,none,snap,1451,8477935,S. Bennett,8477933,S. Reinhart,8482713,M. Samoskevich,1,1
2026-03-12,2025021031,4,OT,02:20,FLA,pp,none,wrist,1341,8477933,S. Reinhart,8479314,M. Tkachuk,8482107,M. Benning,2,1
2026-03-12,2025021032,1,REG,05:04,CGY,ev,none,wrist,1551,8481556,J. Beecher,8484860,M. Gridin,,,0,1
2026-03-12,2025021032,1,REG,14:07,CGY,ev,none,slap,1551,8480860,K. Bahl,8476874,O. Maatta,8483609,A. Klapka,0,2
2026-03-12,2025021032,1,REG,16:14,NJD,ev,none,snap,1551,8484958,M. Tsyplakov,8475760,N. Bjugstad,,,1,2
2026-03-12,2025021032,2,REG,00:54,CGY,sh,none,wrist,1451,8481556,J. Beecher,,,,,1,3
2026-03-12,2025021032,2,REG,01:36,NJD,pp,none,wrist,1451,8483495,S. Nemec,8482684,L. Hughes,8474593,J. Markstrom,2,3
2026-03-12,2025021032,2,REG,16:48,CGY,ev,none,backhand,1551,8481068,Y. Sharangovich,8476458,R. Strome,8478109,V. Olofsson,2,4
2026-03-12,2025021032,3,REG,04:10,CGY,ev,none,wrist,1551,8474150,M. Backlund,8480797,J. Farabee,8481167,B. Pachal,2,5
2026-03-12,2025021032,3,REG,09:38,NJD,ev,none,snap,1551,8481559,J. Hughes,8479407,J. Bratt,8476462,D. Hamilton,3,5
2026-03-12,2025021032,3,REG,19:56,NJD,pp,none,wrist,1460,8482684,L. Hughes,8479407,J. Bratt,8481559,J. Hughes,4,5
2026-03-12,2025021033,1,REG,08:38,CAR,ev,none,snap,1551,8476873,M. Jankowski,,,,,1,0
2026-03-12,2025021033,2,REG,03:53,STL,ev,none,snap,1551,8483516,J. Snuggerud,8482077,D. Holloway,8475764,C. Fowler,1,1
2026-03-12,2025021033,3,REG,15:12,STL,ev,none,snap,1551,8483516,J. Snuggerud,8482077,D. Holloway,8480023,R. Thomas,1,2
2026-03-12,2025021033,3,REG,19:09,STL,ev,empty-net,wrist,1560,8477402,P. Buchnevich,8482090,J. Finley,8480281,A. Toropchenko,1,3
2026-03-12,2025021034,1,REG,01:23,DAL,ev,none,backhand,1551,8473994,J. Benn,8480036,M. Heiskanen,8479351,S. Steel,1,0
2026-03-12,2025021034,1,REG,13:09,DAL,ev,none,tip-in,1551,8479351,S. Steel,8475168,M. Duchene,8482145,M. Bourque,2,0
2026-03-12,2025021034,1,REG,15:11,DAL,ev,none,snap,1551,8480027,J. Robertson,,,,,3,0
2026-03-12,2025021034,2,REG,05:43,DAL,pp,none,snap,1451,8482740,W. Johnston,8480027,J. Robertson,8480036,M. Heiskanen,4,0
2026-03-12,2025021034,2,REG,06:15,DAL,ev,none,snap,1551,8480027,J. Robertson,8482740,W. Johnston,8480036,M. Heiskanen,5,0
2026-03-12,2025021034,2,REG,07:53,EDM,ev,none,snap,1551,8480803,E. Bouchard,8477953,K. Kapanen,8477934,L. Draisaitl,5,1
2026-03-12,2025021034,2,REG,11:59,EDM,ev,none,tip-in,1551,8477450,J. Dickinson,8475218,M. Ekholm,8478458,J. Roslovic,5,2
2026-03-12,2025021034,3,REG,01:32,DAL,pp,none,snap,1451,8473994,J. Benn,8480027,J. Robertson,8482740,W. Johnston,6,2
2026-03-12,2025021034,3,REG,18:57,DAL,ev,none,backhand,1441,8475168,M. Duchene,8476278,C. Blackwell,8476902,E. Lindell,7,2
2026-03-12,2025021035,1,REG,18:35,PHI,ev,none,wrist,1551,8482126,E. Andrae,8481533,T. Zegras,,,0,1
2026-03-12,2025021035,2,REG,08:39,MIN,pp,none,wrist,1451,8481557,M. Boldy,8475692,M. Zuccarello,8480800,Q. Hughes,1,1
2026-03-12,2025021035,2,REG,17:50,MIN,ev,none,wrist,1551,8478864,K. Kaprizov,8482122,B. Faber,8480800,Q. Hughes,2,1
2026-03-12,2025021035,3,REG,07:58,PHI,sh,none,slap,1451,8480015,O. Tippett,8479336,C. Grundstrom,8477948,T. Sanheim,2,2
2026-03-12,2025021035,5,SO,00:00,PHI,ev,none,snap,0101,8478439,T. Konecny,,,,,2,3
2026-03-12,2025021036,1,REG,01:08,NYR,pp,none,slap,1541,8479323,A. Fox,8476459,M. Zibanejad,,,0,1
2026-03-12,2025021036,2,REG,02:21,WPG,ev,none,wrist,1551,8482765,I. Rosen,8480196,J. Bryson,8474679,G. Nyquist,1,1
2026-03-12,2025021036,2,REG,07:36,NYR,ev,none,tip-in,1551,8482109,A. Lafrenière,8478840,W. Borgen,8484210,G. Perreault,1,2
2026-03-12,2025021036,2,REG,17:49,WPG,ev,none,wrist,1551,8478398,K. Connor,8476460,M. Scheifele,8483510,E. Salomonsson,2,2
2026-03-12,2025021036,3,REG,01:15,NYR,ev,none,tip-in,1551,8481789,T. Kartye,8481525,M. Robertson,8482073,B. Schneider,2,3
2026-03-12,2025021036,3,REG,04:19,WPG,ev,none,backhand,1551,8480014,G. Vilardi,8476392,A. Lowry,8482149,C. Perfetti,3,3
2026-03-12,2025021036,3,REG,06:57,NYR,ev,none,tip-in,1551,8484210,G. Perreault,8482073,B. Schneider,8482109,A. Lafrenière,3,4
2026-03-12,2025021036,3,REG,11:08,NYR,ev,none,snap,1551,8481726,A. Edstrom,8476389,V. Trocheck,8477839,C. Sheary,3,5
2026-03-12,2025021036,3,REG,19:09,NYR,ev,empty-net,wrist,1560,8483690,N. Laba,8481789,T. Kartye,8476389,V. Trocheck,3,6
2026-03-12,2025021037,2,REG,05:47,UTA,ev,none,snap,1551,8482699,D. Guenther,8483431,L. Cooley,8479410,M. Sergachev,1,0
2026-03-12,2025021037,3,REG,02:18,CHI,pp,none,snap,1431,8477479,T. Bertuzzi,8484144,C. Bedard,8483493,F. Nazar,1,1
2026-03-12,2025021037,3,REG,09:17,CHI,ev,none,snap,1551,8483493,F. Nazar,8476882,T. Teravainen,8477479,T. Bertuzzi,1,2
2026-03-12,2025021037,3,REG,13:45,UTA,ev,none,snap,1551,8482175,J. Peterka,8479619,M. Carcone,,,2,2
2026-03-12,2025021037,4,OT,03:57,CHI,ev,none,snap,1331,8484144,C. Bedard,8481568,A. Vlasic,8484185,N. Lardis,2,3
2026-03-12,2025021038,1,REG,08:40,VAN,ev,none,tip-in,1551,8478444,B. Boeser,8482079,M. Rossi,8479425,F. Hronek,1,0
2026-03-12,2025021038,1,REG,18:28,NSH,ev,none,wrist,1551,8479370,T. Jost,8482111,J. Barron,8482768,F. Svechkov,1,1
2026-03-12,2025021038,2,REG,05:20,NSH,ev,none,wrist,1551,8479370,T. Jost,8474600,R. Josi,8482715,R. Ufko,1,2
2026-03-12,2025021038,2,REG,14:06,NSH,ev,none,snap,1551,8484241,M. Wood,,,,,1,3
2026-03-12,2025021038,3,REG,15:55,VAN,ev,none,wrist,1551,8482079,M. Rossi,8483499,L. Ohgren,,,2,3
2026-03-12,2025021038,3,REG,18:59,VAN,ev,none,snap,1560,8479425,F. Hronek,8478444,B. Boeser,8482079,M. Rossi,3,3
2026-03-12,2025021038,5,SO,00:00,VAN,ev,none,wrist,1010,8478498,J. DeBrusk,,,,,4,3
2026-03-12,2025021039,1,REG,08:41,VGK,ev,none,wrist,1551,8476925,C. Sissons,8483890,B. Bowman,,,1,0
2026-03-12,2025021039,2,REG,05:02,VGK,ev,none,wrist,1551,8481604,P. Dorofeyev,8481527,K. Korczak,8483890,B. Bowman,2,0
2026-03-12,2025021039,2,REG,08:26,PIT,ev,none,tip-in,1551,8476483,R. Rakell,8475810,B. Rust,8478854,R. Shea,2,1
2026-03-12,2025021039,2,REG,09:20,VGK,ev,none,wrist,1551,8478483,M. Marner,8481604,P. Dorofeyev,,,3,1
2026-03-12,2025021039,2,REG,16:22,PIT,ev,none,tip-in,1551,8485414,B. Kindel,8477511,A. Mantha,8478854,R. Shea,3,2
2026-03-12,2025021039,3,REG,04:35,VGK,ev,none,snap,1551,8481604,P. Dorofeyev,8478483,M. Marner,,,4,2
2026-03-12,2025021039,3,REG,06:20,VGK,ev,none,wrist,1551,8478403,J. Eichel,8477964,I. Barbashev,8477447,S. Theodore,5,2
2026-03-12,2025021039,3,REG,19:01,VGK,ev,empty-net,wrist,0651,8475188,B. McNabb,8478403,J. Eichel,,,6,2
2026-03-12,2025021040,1,REG,03:45,COL,ev,none,wrist,1551,8480039,M. Necas,8478038,D. Toews,8477492,N. MacKinnon,0,1
2026-03-12,2025021040,1,REG,12:54,COL,ev,none,wrist,1551,8477492,N. MacKinnon,8480039,M. Necas,8478038,D. Toews,0,2
2026-03-12,2025021040,1,REG,18:48,COL,pp,none,wrist,1541,8478462,N. Roy,8475754,B. Nelson,8477492,N. MacKinnon,0,3
2026-03-12,2025021040,2,REG,13:36,SEA,sh,none,wrist,1541,8482858,R. Evans,8476905,C. Stephenson,,,1,3
2026-03-12,2025021040,2,REG,17:11,COL,ev,none,tip-in,1551,8475172,N. Kadri,8484258,S. Malinski,8477492,N. MacKinnon,1,4
2026-03-12,2025021040,3,REG,12:41,COL,ev,none,deflected,1551,8481641,J. Kiviranta,8476312,J. Manson,8480448,P. Kelly,1,5
2026-03-13,2025021041,1,REG,03:33,LAK,ev,none,wrist,1551,8479675,T. Moore,,,,,0,1
2026-03-13,2025021041,1,REG,13:07,LAK,ev,none,wrist,1551,8471685,A. Kopitar,8479998,M. Anderson,8481532,A. Turcotte,0,2
2026-03-13,2025021041,1,REG,18:28,LAK,ev,none,wrist,1551,8477960,A. Kempe,8478550,A. Panarin,,,0,3
2026-03-13,2025021041,2,REG,10:46,NYI,ev,none,tip-in,1551,8482476,E. Heineman,8476917,A. Pelech,8477500,B. Horvat,1,3
2026-03-13,2025021041,3,REG,03:38,NYI,ev,none,deflected,1551,8482476,E. Heineman,8485366,M. Schaefer,8477500,B. Horvat,2,3
2026-03-13,2025021042,2,REG,15:41,EDM,ev,none,wrist,1551,8477953,K. Kapanen,8477934,L. Draisaitl,8481617,V. Podkolzin,0,1
2026-03-13,2025021042,3,REG,09:56,EDM,ev,none,wrist,1551,8478402,C. McDavid,8483512,M. Savoie,8478971,C. Ingram,0,2
2026-03-13,2025021042,3,REG,12:22,STL,ev,none,wrist,1551,8480459,P. Suter,8481013,J. Berggren,,,1,2
2026-03-13,2025021042,3,REG,16:14,STL,ev,none,wrist,1551,8475764,C. Fowler,8476897,O. Sundqvist,,,2,2
2026-03-13,2025021042,4,OT,04:51,STL,ev,none,wrist,1331,8480023,R. Thomas,8475764,C. Fowler,8479385,J. Kyrou,3,2
2026-03-14,2025021043,2,REG,03:54,OTT,ev,none,wrist,1551,8478020,M. Amadio,8481596,S. Pinto,8476393,N. Cousins,1,0
2026-03-14,2025021043,2,REG,09:21,OTT,sh,none,wrist,1541,8478469,T. Chabot,8481596,S. Pinto,,,2,0
2026-03-14,2025021044,2,REG,01:15,WSH,ev,none,slap,1551,8478911,M. Roy,8480873,R. Sandin,8482148,H. Lapierre,1,0
2026-03-14,2025021044,2,REG,11:57,BOS,ev,none,slap,1551,8479325,C. McAvoy,8477956,D. Pastrnak,,,1,1
2026-03-14,2025021044,3,REG,03:12,WSH,ev,none,slap,1551,8480873,R. Sandin,,,,,2,1
2026-03-14,2025021044,3,REG,10:09,BOS,ev,none,tip-in,1551,8479325,C. McAvoy,8478401,P. Zacha,8478042,V. Arvidsson,2,2
2026-03-14,2025021044,5,SO,00:00,BOS,ev,none,backhand,0101,8483489,F. Minten,,,,,2,3
2026-03-14,2025021045,2,REG,02:05,WPG,ev,none,wrist,1551,8478398,K. Connor,8476460,M. Scheifele,,,1,0
2026-03-14,2025021045,2,REG,11:52,WPG,ev,none,wrist,1551,8480113,A. Iafallo,8476460,M. Scheifele,8478398,K. Connor,2,0
2026-03-14,2025021045,3,REG,18:44,COL,ev,none,snap,0651,8480039,M. Necas,8477492,N. MacKinnon,8480069,C. Makar,2,1
2026-03-14,2025021045,3,REG,19:18,WPG,ev,empty-net,wrist,0651,8482149,C. Perfetti,,,,,3,1
2026-03-14,2025021046,1,REG,02:41,NYR,pp,none,wrist,1541,8483690,N. Laba,8484210,G. Perreault,8478882,V. Gavrikov,0,1
2026-03-14,2025021046,1,REG,15:00,NYR,ev,none,backhand,1551,8478882,V. Gavrikov,8481789,T. Kartye,8479323,A. Fox,0,2
2026-03-14,2025021046,2,REG,00:35,MIN,pp,none,wrist,1451,8481557,M. Boldy,8480800,Q. Hughes,8479406,F. Gustavsson,1,2
2026-03-14,2025021046,2,REG,08:41,NYR,ev,none,backhand,1551,8482877,J. Chmelar,8479390,T. Raddysh,8480001,U. Vaakanainen,1,3
2026-03-14,2025021046,2,REG,09:03,NYR,ev,none,deflected,1551,8476389,V. Trocheck,8478882,V. Gavrikov,8479323,A. Fox,1,4
2026-03-14,2025021046,3,REG,07:19,MIN,ev,none,wrist,1551,8483525,D. Yurov,8475765,V. Tarasenko,8478508,Y. Trenin,2,4
2026-03-14,2025021047,1,REG,02:01,BUF,ev,none,wrist,1551,8482671,O. Power,8484145,Z. Benson,8475842,S. Carrick,1,0
2026-03-14,2025021047,1,REG,06:09,TOR,ev,none,snap,1551,8478057,D. Joshua,8481582,N. Robertson,,,1,1
2026-03-14,2025021047,2,REG,00:53,TOR,ev,none,wrist,1551,8477503,M. Domi,8477939,W. Nylander,8482720,M. Knies,1,2
2026-03-14,2025021047,2,REG,11:21,BUF,pp,none,wrist,1451,8482097,J. Quinn,8483500,N. Ostlund,8480802,R. McLeod,2,2
2026-03-14,2025021047,5,SO,00:00,BUF,ev,none,wrist,1010,8482097,J. Quinn,,,,,3,2
2026-03-14,2025021048,1,REG,07:21,MTL,ev,none,snap,1551,8481540,C. Caufield,8483515,J. Slafkovský,8480865,N. Dobson,1,0
2026-03-14,2025021048,1,REG,13:12,SJS,ev,none,snap,1551,8484801,M. Celebrini,8484911,C. Graf,8475906,J. Klingberg,1,1
2026-03-14,2025021048,2,REG,11:56,SJS,ev,none,snap,1551,8479983,M. Ferraro,8477505,A. Wennberg,8482667,W. Eklund,1,2
2026-03-14,2025021048,2,REG,16:20,SJS,ev,none,snap,1551,8484911,C. Graf,8484801,M. Celebrini,8475906,J. Klingberg,1,3
2026-03-14,2025021048,2,REG,17:38,MTL,ev,none,snap,1551,8480018,N. Suzuki,8484984,I. Demidov,8480865,N. Dobson,2,3
2026-03-14,2025021048,3,REG,17:57,SJS,ev,empty-net,snap,1560,8484801,M. Celebrini,8484911,C. Graf,8476624,B. Goodrow,2,4
2026-03-14,2025021049,1,REG,00:36,CAR,ev,none,snap,1551,8480830,A. Svechnikov,8478427,S. Aho,8480336,S. Walker,0,1
2026-03-14,2025021049,1,REG,17:28,CAR,ev,none,wrist,1551,8478427,S. Aho,8480830,A. Svechnikov,8480817,K. Miller,0,2
2026-03-14,2025021049,2,REG,14:10,TBL,ev,none,snap,1551,8476826,Y. Gourde,8475167,V. Hedman,8480995,P. Holmberg,1,2
2026-03-14,2025021049,2,REG,15:31,TBL,ev,none,tip-in,1551,8480426,C. D'Astous,8478010,B. Point,8482201,G. Goncalves,2,2
2026-03-14,2025021049,3,REG,09:18,CAR,ev,none,wrist,1551,8476921,J. Martinook,8477940,N. Ehlers,8476422,M. Reilly,2,3
2026-03-14,2025021049,3,REG,18:29,CAR,ev,empty-net,snap,1560,8482702,L. Stankoven,8475791,T. Hall,,,2,4
2026-03-14,2025021050,1,REG,07:58,NJD,ev,none,wrist,1551,8479996,C. Glass,8481721,A. Gritsyuk,,,1,0
2026-03-14,2025021050,1,REG,11:04,NJD,ev,none,snap,1551,8480002,N. Hischier,8478414,T. Meier,8482684,L. Hughes,2,0
2026-03-14,2025021050,2,REG,04:15,LAK,pp,none,tip-in,1541,8471685,A. Kopitar,8482730,B. Clarke,8478550,A. Panarin,2,1
2026-03-14,2025021050,2,REG,06:03,LAK,ev,none,wrist,1551,8478550,A. Panarin,8476441,J. Edmundson,8477960,A. Kempe,2,2
2026-03-14,2025021050,2,REG,11:43,LAK,ev,none,slap,1551,8483406,T. Ward,8482730,B. Clarke,8482726,S. Helenius,2,3
2026-03-14,2025021050,3,REG,00:25,NJD,ev,none,tip-in,1551,8481721,A. Gritsyuk,8484177,L. Hameenaho,8476462,D. Hamilton,3,3
2026-03-14,2025021050,3,REG,12:42,NJD,pp,none,snap,1451,8480002,N. Hischier,8477015,C. Brown,8479407,J. Bratt,4,3
2026-03-14,2025021050,3,REG,13:42,LAK,pp,none,snap,1541,8471685,A. Kopitar,8478550,A. Panarin,8482730,B. Clarke,4,4
2026-03-14,2025021050,3,REG,17:31,NJD,pp,none,snap,1451,8481559,J. Hughes,8480002,N. Hischier,8476462,D. Hamilton,5,4
2026-03-14,2025021050,3,REG,19:52,NJD,ev,empty-net,snap,0651,8478414,T. Meier,8480002,N. Hischier,,,6,4
2026-03-14,2025021051,1,REG,10:06,NYI,ev,none,snap,1551,8475231,C. Cizikas,8481237,K. MacLean,,,1,0
2026-03-14,2025021051,1,REG,16:35,NYI,ev,none,snap,1551,8481601,S. Holmstrom,8475170,B. Schenn,8477407,A. Duclair,2,0
2026-03-14,2025021051,1,REG,19:35,NYI,sh,none,snap,1541,8481601,S. Holmstrom,8476419,J. Pageau,,,3,0
2026-03-14,2025021051,3,REG,02:17,CGY,ev,none,tip-in,1551,8474150,M. Backlund,8476874,O. Maatta,8480860,K. Bahl,3,1
2026-03-14,2025021051,3,REG,08:28,CGY,ev,none,snap,1551,8476399,B. Coleman,8482165,Y. Kuznetsov,,,3,2
2026-03-14,2025021052,1,REG,04:21,CBJ,ev,none,wrist,1551,8480893,K. Marchenko,8484166,A. Fantilli,8476923,D. Severson,0,1
2026-03-14,2025021052,1,REG,10:24,PHI,ev,none,tip-in,1551,8483731,A. Bump,8482126,E. Andrae,8477989,C. Dvorak,1,1
2026-03-14,2025021052,5,SO,00:00,CBJ,ev,none,backhand,0101,8480893,K. Marchenko,,,,,1,2
2026-03-14,2025021053,1,REG,08:57,DAL,ev,none,tip-in,1551,8482740,W. Johnston,8482145,M. Bourque,8480878,N. Lundkvist,1,0
2026-03-14,2025021053,2,REG,02:19,DAL,pp,none,snap,1451,8478047,M. Bunting,8484829,J. Hryckowian,8480027,J. Robertson,2,0
2026-03-14,2025021053,3,REG,06:51,DET,ev,none,snap,1551,8482762,S. Edvinsson,8481542,M. Seider,8474037,J. van Riemsdyk,2,1
2026-03-14,2025021053,3,REG,16:34,DET,ev,none,bat,1551,8482078,L. Raymond,8484471,E. Finnie,8479337,A. DeBrincat,2,2
2026-03-14,2025021053,4,OT,02:06,DAL,ev,none,snap,1331,8481581,T. Harley,8482740,W. Johnston,,,3,2
2026-03-14,2025021054,1,REG,05:06,UTA,ev,none,snap,1551,8482699,D. Guenther,,,,,1,0
2026-03-14,2025021054,1,REG,06:37,UTA,pp,none,deflected,1451,8482699,D. Guenther,,,,,2,0
2026-03-14,2025021054,2,REG,14:48,PIT,pp,none,snap,1531,8477511,A. Mantha,8474578,E. Karlsson,8482475,E. Chinakhov,2,1
2026-03-14,2025021054,2,REG,17:26,PIT,ev,none,wrist,1551,8478438,T. Novak,8478450,P. Wotherspoon,8477511,A. Mantha,2,2
2026-03-14,2025021054,3,REG,01:24,PIT,pp,none,snap,1541,8475810,B. Rust,8476483,R. Rakell,8482475,E. Chinakhov,2,3
2026-03-14,2025021054,3,REG,04:17,UTA,ev,none,wrist,1551,8474013,I. Cole,8477021,A. Kerfoot,8478831,K. Stenlund,3,3
2026-03-14,2025021054,3,REG,08:03,PIT,ev,none,snap,1551,8478569,N. Acciari,8478450,P. Wotherspoon,8474578,E. Karlsson,3,4
2026-03-14,2025021055,1,REG,04:12,SEA,ev,none,wrist,1551,8477955,J. McCann,8477986,B. Montour,8474586,J. Eberle,0,1
2026-03-14,2025021055,1,REG,11:42,VAN,ev,none,backhand,1551,8475169,E. Kane,8482055,D. O'Connor,8484798,Z. Buium,1,1
2026-03-14,2025021055,1,REG,19:10,SEA,pp,none,wrist,1541,8482259,B. McMann,8480009,E. Tolvanen,8483524,S. Wright,1,2
2026-03-14,2025021055,2,REG,05:06,SEA,ev,none,wrist,1551,8476467,J. Oleksiak,8482665,M. Beniers,8477986,B. Montour,1,3
2026-03-14,2025021055,3,REG,04:14,SEA,ev,none,tip-in,1551,8482259,B. McMann,8474586,J. Eberle,8482665,M. Beniers,1,4
2026-03-14,2025021055,3,REG,09:58,SEA,ev,none,wrist,1551,8482665,M. Beniers,8474586,J. Eberle,8482259,B. McMann,1,5
2026-03-14,2025021055,3,REG,19:40,VAN,ev,none,wrist,1551,8482079,M. Rossi,8478444,B. Boeser,,,2,5
2026-03-14,2025021056,1,REG,08:33,VGK,pp,none,slap,1451,8481604,P. Dorofeyev,8478483,M. Marner,8475913,M. Stone,1,0
2026-03-14,2025021056,1,REG,11:35,VGK,ev,none,wrist,1551,8478397,R. Andersson,8478396,N. Hanifin,8481604,P. Dorofeyev,2,0
2026-03-14,2025021056,1,REG,12:00,VGK,ev,none,tip-in,1551,8478434,K. Kolesar,8478468,J. Lauzon,8475343,N. Dowd,3,0
2026-03-14,2025021056,2,REG,12:51,VGK,pp,none,wrist,1451,8481604,P. Dorofeyev,8475913,M. Stone,8478483,M. Marner,4,0
2026-03-15,2025021057,1,REG,02:31,WPG,ev,none,snap,1551,8477938,H. Fleury,8483471,B. Lambert,8480289,M. Barron,1,0
2026-03-15,2025021057,1,REG,07:51,WPG,ev,none,backhand,1551,8476460,M. Scheifele,8477504,J. Morrissey,,,2,0
2026-03-15,2025021057,3,REG,05:17,STL,ev,none,tip-in,1551,8484164,D. Dvorsky,8481013,J. Berggren,8480459,P. Suter,2,1
2026-03-15,2025021057,3,REG,11:53,WPG,ev,none,snap,1560,8478398,K. Connor,8480289,M. Barron,8477938,H. Fleury,3,1
2026-03-15,2025021057,3,REG,19:09,STL,ev,none,wrist,0651,8482077,D. Holloway,8482733,L. Mailloux,8483516,J. Snuggerud,3,2
2026-03-15,2025021058,1,REG,04:05,SJS,ev,none,slap,1551,8479983,M. Ferraro,8482166,S. Mukhamadullin,,,0,1
2026-03-15,2025021058,1,REG,07:33,OTT,pp,own-goal,,1451,8480208,D. Batherson,,,,,1,1
2026-03-15,2025021058,1,REG,14:43,SJS,ev,none,tip-in,1551,8475726,T. Toffoli,8479983,M. Ferraro,8482166,S. Mukhamadullin,1,2
2026-03-15,2025021058,2,REG,04:31,OTT,ev,none,wrist,1551,8477998,W. Foegele,8478020,M. Amadio,,,2,2
2026-03-15,2025021058,2,REG,10:46,SJS,ev,none,wrist,1551,8484911,C. Graf,8484801,M. Celebrini,8484806,S. Dickinson,2,3
2026-03-15,2025021058,2,REG,13:40,OTT,pp,none,slap,1451,8480188,F. Zetterlund,8481606,J. Spence,,,3,3
2026-03-15,2025021058,2,REG,14:45,OTT,ev,none,wrist,1551,8482095,T. Kleven,8480188,F. Zetterlund,8477998,W. Foegele,4,3
2026-03-15,2025021058,3,REG,03:28,SJS,ev,none,snap,1551,8485402,M. Misa,8475726,T. Toffoli,8479576,V. Desharnais,4,4
2026-03-15,2025021058,3,REG,13:08,OTT,ev,none,deflected,1551,8480208,D. Batherson,8482245,A. Zub,8473512,C. Giroux,5,4
2026-03-15,2025021058,3,REG,14:50,OTT,ev,none,wrist,1551,8481528,D. Cozens,8480801,B. Tkachuk,,,6,4
2026-03-15,2025021058,3,REG,17:43,OTT,ev,empty-net,wrist,0651,8480801,B. Tkachuk,8478020,M. Amadio,8482245,A. Zub,7,4
2026-03-15,2025021059,1,REG,07:46,ANA,ev,none,snap,1551,8484153,L. Carlsson,8475184,C. Kreider,8478873,T. Terry,0,1
2026-03-15,2025021059,2,REG,00:27,ANA,ev,none,slap,1551,8484153,L. Carlsson,8481605,J. LaCombe,8478873,T. Terry,0,2
2026-03-15,2025021059,2,REG,01:33,MTL,ev,none,snap,1551,8481618,A. Newhook,8483457,L. Hutson,,,1,2
2026-03-15,2025021059,2,REG,02:33,MTL,ev,none,snap,1551,8481540,C. Caufield,8480865,N. Dobson,8480018,N. Suzuki,2,2
2026-03-15,2025021059,2,REG,13:06,MTL,ev,none,snap,1551,8480018,N. Suzuki,8483515,J. Slafkovský,8476981,J. Anderson,3,2
2026-03-15,2025021059,2,REG,15:39,ANA,ev,none,backhand,1551,8478873,T. Terry,8475184,C. Kreider,8484153,L. Carlsson,3,3
2026-03-15,2025021059,3,REG,17:30,ANA,ev,none,snap,1551,8483445,C. Gauthier,8479705,J. Viel,8480068,R. Poehling,3,4
2026-03-15,2025021060,2,REG,01:07,TOR,ev,none,wrist,1551,8476853,M. Rielly,8481711,M. Maccelli,8475166,J. Tavares,0,1
2026-03-15,2025021060,2,REG,02:19,TOR,ev,none,deflected,1551,8480870,B. Groulx,8479442,T. Stecher,8481582,N. Robertson,0,2
2026-03-15,2025021060,2,REG,08:18,TOR,ev,none,wrist,1551,8480870,B. Groulx,,,,,0,3
2026-03-15,2025021060,3,REG,04:51,MIN,ev,none,snap,1551,8475765,V. Tarasenko,8475692,M. Zuccarello,8477451,R. Hartman,1,3
2026-03-15,2025021060,3,REG,05:14,MIN,ev,none,wrist,1551,8475765,V. Tarasenko,8477451,R. Hartman,8475692,M. Zuccarello,2,3
2026-03-15,2025021060,3,REG,19:23,TOR,ev,empty-net,wrist,1560,8482720,M. Knies,,,,,2,4
2026-03-15,2025021061,1,REG,03:12,EDM,pp,none,wrist,1451,8477934,L. Draisaitl,8478402,C. McDavid,8480803,E. Bouchard,1,0
2026-03-15,2025021061,2,REG,02:32,EDM,ev,none,wrist,1551,8483512,M. Savoie,8478402,C. McDavid,8475218,M. Ekholm,2,0
2026-03-15,2025021061,3,REG,04:52,NSH,ev,none,wrist,1551,8482768,F. Svechkov,8479980,N. Hague,8482111,J. Barron,2,1
2026-03-15,2025021061,3,REG,18:53,EDM,ev,empty-net,wrist,0651,8475786,Z. Hyman,8478402,C. McDavid,,,3,1
2026-03-15,2025021062,1,REG,05:28,SEA,ev,none,deflected,1551,8483570,B. Meyers,8482751,R. Winterton,8477919,F. Gaudreau,1,0
2026-03-15,2025021062,1,REG,11:52,SEA,ev,none,wrist,1551,8484800,B. Catton,8481554,K. Kakko,8476467,J. Oleksiak,2,0
2026-03-15,2025021062,1,REG,12:07,FLA,ev,none,wrist,1551,8476994,V. Hinostroza,8479316,L. Kunin,8480003,J. Boqvist,2,1
2026-03-15,2025021062,1,REG,18:24,SEA,ev,none,bat,1551,8482751,R. Winterton,8483570,B. Meyers,8477986,B. Montour,3,1
2026-03-15,2025021062,2,REG,03:20,SEA,ev,none,wrist,1551,8481554,K. Kakko,8478407,V. Dunn,8484800,B. Catton,4,1
2026-03-15,2025021062,3,REG,10:07,SEA,pp,none,wrist,1451,8482259,B. McMann,8481554,K. Kakko,8480009,E. Tolvanen,5,1
2026-03-15,2025021062,3,REG,14:37,SEA,ev,none,wrist,1551,8476467,J. Oleksiak,8482259,B. McMann,8474586,J. Eberle,6,1
2026-03-15,2025021062,3,REG,19:58,FLA,ev,none,backhand,1551,8480185,E. Luostarinen,8478055,G. Forsling,8482713,M. Samoskevich,6,2
2026-03-16,2025021063,1,REG,17:35,CGY,ev,none,tip-in,1551,8480028,M. Frost,8484860,M. Gridin,8482679,M. Coronato,0,1
2026-03-16,2025021063,2,REG,01:03,DET,ev,none,snap,1551,8474141,P. Kane,8479337,A. DeBrincat,,,1,1
2026-03-16,2025021063,2,REG,05:06,DET,ev,none,backhand,1551,8484471,E. Finnie,8481607,A. Johansson,8482078,L. Raymond,2,1
2026-03-16,2025021063,2,REG,06:37,DET,ev,none,tip-in,1551,8474141,P. Kane,8479337,A. DeBrincat,8477456,J. Compher,3,1
2026-03-16,2025021063,2,REG,07:23,CGY,ev,none,wrist,1551,8482679,M. Coronato,,,,,3,2
2026-03-16,2025021063,2,REG,11:45,DET,pp,none,snap,1451,8481542,M. Seider,8479337,A. DeBrincat,8477456,J. Compher,4,2
2026-03-16,2025021063,3,REG,18:55,DET,ev,empty-net,wrist,0651,8479942,D. Shine,,,,,5,2
2026-03-16,2025021064,1,REG,04:02,BOS,ev,none,wrist,1551,8477956,D. Pastrnak,8480035,H. Jokiharju,8482177,M. Khusnutdinov,0,1
2026-03-16,2025021064,1,REG,14:29,BOS,ev,none,wrist,1551,8478401,P. Zacha,8478042,V. Arvidsson,8479325,C. McAvoy,0,2
2026-03-16,2025021064,2,REG,00:32,NJD,ev,none,snap,1551,8477015,C. Brown,8481559,J. Hughes,,,1,2
2026-03-16,2025021064,2,REG,08:08,NJD,ev,none,slap,1551,8479407,J. Bratt,8477015,C. Brown,8481559,J. Hughes,2,2
2026-03-16,2025021064,3,REG,02:50,NJD,ev,none,wrist,1551,8481032,P. Cotter,8484958,M. Tsyplakov,8475455,B. Dillon,3,2
2026-03-16,2025021064,3,REG,04:32,BOS,ev,none,backhand,1551,8477956,D. Pastrnak,,,,,3,3
2026-03-16,2025021064,4,OT,04:53,NJD,ev,none,wrist,1331,8481032,P. Cotter,8481559,J. Hughes,8476462,D. Hamilton,4,3
2026-03-16,2025021065,1,REG,13:29,LAK,ev,none,wrist,1551,8474563,D. Doughty,8479998,M. Anderson,8478550,A. Panarin,0,1
2026-03-16,2025021065,2,REG,04:31,LAK,ev,none,wrist,1551,8479998,M. Anderson,8482155,A. Laferriere,8482124,Q. Byfield,0,2
2026-03-16,2025021065,2,REG,04:59,LAK,pp,none,wrist,1541,8482155,A. Laferriere,8471685,A. Kopitar,8482124,Q. Byfield,0,3
2026-03-16,2025021065,3,REG,02:29,NYR,pp,none,tip-in,1451,8476389,V. Trocheck,8479323,A. Fox,8476459,M. Zibanejad,1,3
2026-03-16,2025021065,3,REG,18:12,LAK,ev,empty-net,wrist,1560,8479675,T. Moore,8482155,A. Laferriere,,,1,4
2026-03-16,2025021066,1,REG,06:17,DAL,ev,none,snap,1551,8479351,S. Steel,8473994,J. Benn,8476902,E. Lindell,1,0
2026-03-16,2025021066,1,REG,12:11,UTA,ev,none,snap,1551,8479343,C. Keller,8479410,M. Sergachev,,,1,1
2026-03-16,2025021066,2,REG,07:20,UTA,ev,none,snap,1551,8477220,N. Schmidt,8483431,L. Cooley,,,1,2
2026-03-16,2025021066,2,REG,15:34,DAL,ev,none,tip-in,1551,8482740,W. Johnston,8480036,M. Heiskanen,8480027,J. Robertson,2,2
2026-03-16,2025021066,3,REG,04:16,UTA,sh,none,backhand,1451,8480855,J. McBain,,,,,2,3
2026-03-16,2025021066,3,REG,08:05,UTA,ev,none,backhand,1551,8479977,K. Yamamoto,8477021,A. Kerfoot,,,2,4
2026-03-16,2025021066,3,REG,16:06,UTA,pp,none,snap,1541,8479619,M. Carcone,8482175,J. Peterka,,,2,5
2026-03-16,2025021066,3,REG,19:20,UTA,ev,empty-net,snap,1560,8478474,L. Crouse,8477951,N. Schmaltz,,,2,6
2026-03-16,2025021066,3,REG,19:56,DAL,ev,none,snap,1551,8477454,A. Erne,8484938,A. Hyry,8474574,T. Myers,3,6
2026-03-16,2025021067,1,REG,03:01,PIT,ev,none,backhand,1551,8471215,E. Malkin,8475810,B. Rust,8478569,N. Acciari,0,1
2026-03-16,2025021067,1,REG,04:08,COL,ev,none,wrist,1551,8477492,N. MacKinnon,8480039,M. Necas,8480069,C. Makar,1,1
2026-03-16,2025021067,1,REG,04:23,PIT,ev,none,backhand,1551,8477511,A. Mantha,8474578,E. Karlsson,,,1,2
2026-03-16,2025021067,1,REG,13:00,PIT,ev,none,wrist,1551,8471215,E. Malkin,8482475,E. Chinakhov,8478450,P. Wotherspoon,1,3
2026-03-16,2025021067,1,REG,13:43,PIT,ev,none,snap,1551,8481725,E. Soderblom,8480980,C. Dewar,8474578,E. Karlsson,1,4
2026-03-16,2025021067,1,REG,14:21,COL,ev,none,snap,1551,8470613,B. Burns,8484149,G. Brindley,8476312,J. Manson,2,4
2026-03-16,2025021067,2,REG,10:36,PIT,ev,none,wrist,1551,8474578,E. Karlsson,8478854,R. Shea,,,2,5
2026-03-16,2025021067,2,REG,16:20,PIT,pp,none,wrist,1541,8475810,B. Rust,8471215,E. Malkin,8476483,R. Rakell,2,6
2026-03-16,2025021067,3,REG,09:06,PIT,ev,none,wrist,1551,8478569,N. Acciari,8481725,E. Soderblom,8480980,C. Dewar,2,7
2026-03-17,2025021068,1,REG,04:15,NYI,pp,none,wrist,1541,8475170,B. Schenn,8484221,C. Ritchie,8478445,M. Barzal,0,1
2026-03-17,2025021068,1,REG,09:43,NYI,pp,none,wrist,1541,8484221,C. Ritchie,8478445,M. Barzal,8485366,M. Schaefer,0,2
2026-03-17,2025021068,2,REG,04:40,TOR,ev,none,wrist,1551,8478904,S. Lorentz,8480870,B. Groulx,,,1,2
2026-03-17,2025021068,2,REG,11:57,NYI,ev,none,slap,1551,8482476,E. Heineman,8477950,T. DeAngelo,8478445,M. Barzal,1,3
2026-03-17,2025021069,1,REG,02:22,BOS,pp,none,backhand,1541,8478401,P. Zacha,8477956,D. Pastrnak,8479325,C. McAvoy,0,1
2026-03-17,2025021069,1,REG,10:31,MTL,ev,none,backhand,1551,8480018,N. Suzuki,8483515,J. Slafkovský,8481540,C. Caufield,1,1
2026-03-17,2025021069,2,REG,05:41,BOS,ev,none,tip-in,1551,8478401,P. Zacha,8478042,V. Arvidsson,8479999,C. Mittelstadt,1,2
2026-03-17,2025021069,2,REG,13:15,MTL,ev,none,tip-in,1551,8476981,J. Anderson,8483457,L. Hutson,8475848,B. Gallagher,2,2
2026-03-17,2025021069,4,OT,04:38,MTL,ev,none,tip-in,1331,8481540,C. Caufield,8480018,N. Suzuki,8483457,L. Hutson,3,2
2026-03-17,2025021070,1,REG,05:25,CBJ,pp,none,wrist,1451,8478975,M. Marchment,8475745,C. Coyle,8484166,A. Fantilli,1,0
2026-03-17,2025021070,1,REG,19:05,CBJ,pp,none,wrist,1451,8475745,C. Coyle,8484166,A. Fantilli,8478460,Z. Werenski,2,0
2026-03-17,2025021070,2,REG,14:05,CAR,ev,none,backhand,1441,8480830,A. Svechnikov,8477940,N. Ehlers,8482100,A. Nikishin,2,1
2026-03-17,2025021070,2,REG,17:29,CBJ,ev,none,wrist,1551,8478046,D. Heinen,8475745,C. Coyle,8482705,C. Sillinger,3,1
2026-03-17,2025021070,2,REG,18:03,CBJ,ev,none,snap,1551,8483485,D. Mateychuk,8477497,S. Monahan,,,4,1
2026-03-17,2025021070,3,REG,07:38,CBJ,ev,none,wrist,1551,8479671,M. Olivier,8475745,C. Coyle,8482705,C. Sillinger,5,1
2026-03-17,2025021072,1,REG,06:17,MIN,ev,none,snap,1551,8477451,R. Hartman,8478864,K. Kaprizov,8482122,B. Faber,0,1
2026-03-17,2025021072,1,REG,07:58,MIN,ev,none,snap,1551,8475149,M. Johansson,8477446,M. McCarron,8476463,J. Brodin,0,2
2026-03-17,2025021072,1,REG,10:47,CHI,ev,none,slap,1551,8481806,L. Crevier,8483493,F. Nazar,8482176,W. Kaiser,1,2
2026-03-17,2025021072,1,REG,18:30,MIN,pp,none,wrist,1541,8475765,V. Tarasenko,8475149,M. Johansson,8482122,B. Faber,1,3
2026-03-17,2025021072,2,REG,14:35,CHI,ev,none,wrist,1551,8483450,R. Greene,8484144,C. Bedard,8481806,L. Crevier,2,3
2026-03-17,2025021072,3,REG,18:20,CHI,ev,none,snap,1551,8483493,F. Nazar,8484144,C. Bedard,8484783,A. Levshunov,3,3
2026-03-17,2025021072,4,OT,03:09,MIN,ev,none,snap,1331,8475692,M. Zuccarello,8475149,M. Johansson,8482122,B. Faber,3,4
2026-03-17,2025021071,1,REG,13:02,NSH,pp,none,tip-in,1541,8475287,E. Haula,8474600,R. Josi,8482146,L. Evangelista,0,1
2026-03-17,2025021071,1,REG,19:20,WPG,ev,none,wrist,1551,8477504,J. Morrissey,8480014,G. Vilardi,8478398,K. Connor,1,1
2026-03-17,2025021071,2,REG,05:09,WPG,pp,none,wrist,1451,8480014,G. Vilardi,8482149,C. Perfetti,8478398,K. Connor,2,1
2026-03-17,2025021071,2,REG,10:48,NSH,ev,none,slap,1551,8476887,F. Forsberg,8476539,J. Marchessault,8482715,R. Ufko,2,2
2026-03-17,2025021071,3,REG,14:01,NSH,ev,none,snap,1551,8484241,M. Wood,8476539,J. Marchessault,8476887,F. Forsberg,2,3
2026-03-17,2025021071,3,REG,18:59,WPG,ev,none,snap,1560,8473604,J. Toews,8476460,M. Scheifele,8478398,K. Connor,3,3
2026-03-17,2025021071,5,SO,00:00,NSH,ev,none,snap,0101,8475158,R. O'Reilly,,,,,3,4
2026-03-17,2025021073,1,REG,07:24,SJS,ev,none,wrist,1551,8475200,D. Orlov,8477505,A. Wennberg,8480748,K. Sherwood,0,1
2026-03-17,2025021073,1,REG,10:00,EDM,pp,none,snap,1451,8476454,R. Nugent-Hopkins,8478402,C. McDavid,8480803,E. Bouchard,1,1
2026-03-17,2025021073,1,REG,11:15,EDM,ev,none,wrist,1551,8476473,C. Murphy,8477450,J. Dickinson,8478458,J. Roslovic,2,1
2026-03-17,2025021073,1,REG,14:18,EDM,ev,none,snap,1551,8481617,V. Podkolzin,8474641,A. Henrique,,,3,1
2026-03-17,2025021073,2,REG,08:17,SJS,ev,none,tip-in,1551,8483630,P. Regenda,8479983,M. Ferraro,8478874,A. Gaudette,3,2
2026-03-17,2025021073,2,REG,14:36,SJS,ev,none,wrist,1551,8480748,K. Sherwood,8475200,D. Orlov,,,3,3
2026-03-17,2025021073,3,REG,04:49,EDM,ev,none,wrist,1551,8479368,M. Jones,8474641,A. Henrique,8479365,T. Frederic,4,3
2026-03-17,2025021073,3,REG,08:12,EDM,ev,none,backhand,1551,8475786,Z. Hyman,8483512,M. Savoie,8475218,M. Ekholm,5,3
2026-03-17,2025021074,1,REG,03:49,VAN,pp,none,slap,1451,8480012,E. Pettersson,8482079,M. Rossi,8478444,B. Boeser,1,0
2026-03-17,2025021074,1,REG,11:41,FLA,ev,none,wrist,1551,8479314,M. Tkachuk,8477409,C. Verhaeghe,,,1,1
2026-03-17,2025021074,1,REG,13:40,VAN,pp,none,wrist,1451,8480012,E. Pettersson,8478444,B. Boeser,8482079,M. Rossi,2,1
2026-03-17,2025021074,1,REG,17:46,VAN,ev,none,snap,1551,8482079,M. Rossi,8478444,B. Boeser,8483499,L. Ohgren,3,1
2026-03-17,2025021074,2,REG,11:28,FLA,ev,none,wrist,1551,8477935,S. Bennett,8479314,M. Tkachuk,8477409,C. Verhaeghe,3,2
2026-03-17,2025021074,2,REG,14:27,VAN,ev,none,snap,1551,8482691,A. Räty,8475169,E. Kane,8483678,E. Pettersson,4,2
2026-03-17,2025021074,3,REG,14:25,VAN,ev,none,snap,1551,8482055,D. O'Connor,8481024,L. Karlsson,8484240,T. Willander,5,2
2026-03-17,2025021075,1,REG,18:02,BUF,ev,none,backhand,1551,8482659,J. Doan,,,,,0,1
2026-03-17,2025021075,3,REG,19:02,BUF,ev,empty-net,wrist,1560,8480064,J. Norris,8481522,P. Krebs,8480807,M. Samuelsson,0,2
2026-03-17,2025021076,1,REG,05:45,TBL,ev,none,tip-in,1551,8482201,G. Goncalves,8478010,B. Point,8477404,J. Guentzel,0,1
2026-03-17,2025021076,1,REG,18:49,TBL,ev,none,wrist,1551,8476453,N. Kucherov,8479542,B. Hagel,,,0,2
2026-03-17,2025021076,2,REG,00:57,TBL,ev,none,wrist,1551,8476453,N. Kucherov,8478519,A. Cirelli,8479542,B. Hagel,0,3
2026-03-17,2025021076,2,REG,01:07,SEA,ev,none,wrist,1551,8482259,B. McMann,8482665,M. Beniers,,,1,3
2026-03-17,2025021076,2,REG,09:46,SEA,ev,none,wrist,1551,8477955,J. McCann,8474586,J. Eberle,8475831,P. Grubauer,2,3
2026-03-17,2025021076,3,REG,04:35,TBL,ev,none,snap,1551,8478519,A. Cirelli,8476453,N. Kucherov,8479542,B. Hagel,2,4
2026-03-17,2025021076,3,REG,16:54,TBL,pp,none,wrist,1541,8479542,B. Hagel,8482201,G. Goncalves,8476453,N. Kucherov,2,5
2026-03-17,2025021076,3,REG,17:16,TBL,ev,empty-net,wrist,1560,8476453,N. Kucherov,8478519,A. Cirelli,,,2,6
2026-03-18,2025021077,1,REG,15:20,NYR,ev,none,snap,1551,8478882,V. Gavrikov,8482109,A. Lafrenière,,,1,0
2026-03-18,2025021077,1,REG,16:14,NJD,pp,none,wrist,1541,8480002,N. Hischier,8477015,C. Brown,8479407,J. Bratt,1,1
2026-03-18,2025021077,1,REG,19:16,NJD,ev,none,snap,1551,8481721,A. Gritsyuk,,,,,1,2
2026-03-18,2025021077,2,REG,00:19,NYR,ev,none,snap,1551,8476459,M. Zibanejad,8484210,G. Perreault,,,2,2
2026-03-18,2025021077,2,REG,11:36,NJD,pp,none,wrist,1541,8477015,C. Brown,8481559,J. Hughes,8480002,N. Hischier,2,3
2026-03-18,2025021077,3,REG,06:29,NJD,ev,none,wrist,1551,8478414,T. Meier,8481032,P. Cotter,,,2,4
2026-03-18,2025021077,3,REG,09:41,NYR,ev,none,snap,1551,8477839,C. Sheary,8481525,M. Robertson,8476468,J. Miller,3,4
2026-03-18,2025021077,3,REG,13:05,NJD,ev,none,wrist,1551,8481559,J. Hughes,8483495,S. Nemec,8477015,C. Brown,3,5
2026-03-18,2025021077,3,REG,16:22,NJD,ev,none,snap,1551,8479407,J. Bratt,8475455,B. Dillon,8481559,J. Hughes,3,6
2026-03-18,2025021078,1,REG,09:34,CAR,sh,none,wrist,1541,8476921,J. Martinook,8473533,J. Staal,8476958,J. Slavin,1,0
2026-03-18,2025021078,2,REG,09:57,PIT,ev,none,backhand,1551,8471675,S. Crosby,8476483,R. Rakell,8474578,E. Karlsson,1,1
2026-03-18,2025021078,2,REG,16:51,CAR,ev,none,backhand,1551,8482809,J. Blake,8475791,T. Hall,8477940,N. Ehlers,2,1
2026-03-18,2025021078,3,REG,00:59,PIT,pp,none,slap,1531,8474578,E. Karlsson,8476483,R. Rakell,8471215,E. Malkin,2,2
2026-03-18,2025021078,3,REG,03:27,CAR,ev,none,backhand,1551,8475791,T. Hall,8482809,J. Blake,8482702,L. Stankoven,3,2
2026-03-18,2025021078,3,REG,07:16,PIT,ev,none,backhand,1551,8475810,B. Rust,,,,,3,3
2026-03-18,2025021078,3,REG,12:59,CAR,pp,none,snap,1451,8482702,L. Stankoven,8477940,N. Ehlers,8482809,J. Blake,4,3
2026-03-18,2025021078,3,REG,14:46,PIT,ev,none,snap,1551,8474578,E. Karlsson,8478450,P. Wotherspoon,8471675,S. Crosby,4,4
2026-03-18,2025021078,3,REG,15:09,PIT,ev,none,snap,1551,8485414,B. Kindel,8477511,A. Mantha,8482470,I. Solovyov,4,5
2026-03-18,2025021078,3,REG,17:09,CAR,ev,none,snap,1551,8480817,K. Miller,8480336,S. Walker,8477940,N. Ehlers,5,5
2026-03-18,2025021078,4,OT,04:31,CAR,ev,none,slap,1331,8480336,S. Walker,8478427,S. Aho,8482093,S. Jarvis,6,5
2026-03-18,2025021079,2,REG,08:09,WSH,ev,none,tip-in,1551,8471214,A. Ovechkin,8480873,R. Sandin,,,1,0
2026-03-18,2025021079,2,REG,18:13,WSH,ev,none,snap,1551,8476880,T. Wilson,8477845,T. van Riemsdyk,8479400,P. Dubois,2,0
2026-03-18,2025021079,3,REG,17:19,OTT,ev,none,tip-in,0651,8482116,T. Stützle,8473512,C. Giroux,8478469,T. Chabot,2,1
2026-03-18,2025021079,3,REG,18:28,WSH,ev,empty-net,wrist,0651,8481656,A. Protas,8481580,C. McMichael,,,3,1
2026-03-18,2025021079,3,REG,19:34,WSH,pp,empty-net,snap,0551,8484873,C. Hutson,,,,,4,1
2026-03-18,2025021080,1,REG,18:33,COL,pp,none,snap,1451,8480069,C. Makar,8475172,N. Kadri,8477492,N. MacKinnon,1,0
2026-03-18,2025021080,2,REG,06:18,DAL,ev,none,wrist,1551,8480027,J. Robertson,8479414,N. Bastian,8481581,T. Harley,1,1
2026-03-18,2025021080,5,SO,00:00,DAL,ev,none,wrist,0101,8482740,W. Johnston,,,,,1,2
2026-03-18,2025021081,1,REG,02:34,CGY,ev,none,backhand,1551,8482074,C. Zary,8476458,R. Strome,,,1,0
2026-03-18,2025021081,2,REG,03:47,STL,ev,none,snap,1551,8482077,D. Holloway,8483516,J. Snuggerud,8480023,R. Thomas,1,1
2026-03-18,2025021081,5,SO,00:00,CGY,ev,none,wrist,1010,8480797,J. Farabee,,,,,2,1
2026-03-18,2025021082,1,REG,02:51,PHI,ev,none,snap,1551,8476822,L. Glendening,8481546,C. York,8477903,G. Hathaway,0,1
2026-03-18,2025021082,2,REG,07:53,PHI,ev,none,tip-in,1551,8480015,O. Tippett,8477948,T. Sanheim,,,0,2
2026-03-18,2025021082,2,REG,19:22,ANA,pp,none,backhand,1451,8483445,C. Gauthier,8483490,P. Mintyukov,,,1,2
2026-03-18,2025021082,3,REG,18:06,ANA,ev,none,wrist,1560,8484153,L. Carlsson,8478873,T. Terry,8483445,C. Gauthier,2,2
2026-03-18,2025021082,4,OT,02:17,PHI,ev,none,wrist,1331,8480220,N. Cates,8484387,M. Michkov,,,2,3
2026-03-19,2025021083,1,REG,14:52,BOS,ev,none,wrist,1551,8477956,D. Pastrnak,,,,,1,0
2026-03-19,2025021083,2,REG,06:23,BOS,ev,none,wrist,1551,8482117,L. Reichel,,,,,2,0
2026-03-19,2025021083,2,REG,18:16,BOS,ev,none,wrist,1551,8478042,V. Arvidsson,8479999,C. Mittelstadt,8478401,P. Zacha,3,0
2026-03-19,2025021083,3,REG,03:15,BOS,ev,none,wrist,1551,8478401,P. Zacha,8479999,C. Mittelstadt,8478042,V. Arvidsson,4,0
2026-03-19,2025021083,3,REG,05:38,WPG,pp,none,tip-in,1541,8473604,J. Toews,8483510,E. Salomonsson,8483471,B. Lambert,4,1
2026-03-19,2025021083,3,REG,15:52,BOS,ev,none,tip-in,1551,8483489,F. Minten,8477956,D. Pastrnak,8479369,A. Peeke,5,1
2026-03-19,2025021083,3,REG,18:18,BOS,ev,none,wrist,1551,8481219,J. Aspirot,8479987,M. Geekie,8482117,L. Reichel,6,1
2026-03-19,2025021084,2,REG,04:45,NYI,ev,none,tip-in,1551,8485366,M. Schaefer,8477506,R. Pulock,8477500,B. Horvat,0,1
2026-03-19,2025021084,2,REG,10:27,OTT,sh,none,wrist,1541,8481596,S. Pinto,8482095,T. Kleven,8484321,N. Matinpalo,1,1
2026-03-19,2025021084,3,REG,02:02,NYI,ev,none,slap,1551,8475170,B. Schenn,8481601,S. Holmstrom,8476429,S. Mayfield,1,2
2026-03-19,2025021084,3,REG,05:12,OTT,ev,none,backhand,1551,8477998,W. Foegele,8480188,F. Zetterlund,8478502,D. Gilbert,2,2
2026-03-19,2025021084,3,REG,19:47,OTT,ev,none,wrist,1551,8480801,B. Tkachuk,8481606,J. Spence,8480208,D. Batherson,3,2
2026-03-19,2025021085,2,REG,17:45,MTL,pp,none,snap,1541,8483515,J. Slafkovský,8481540,C. Caufield,8480018,N. Suzuki,0,1
2026-03-19,2025021085,3,REG,02:14,DET,ev,none,deflected,1551,8477456,J. Compher,8474141,P. Kane,8479337,A. DeBrincat,1,1
2026-03-19,2025021085,3,REG,16:35,DET,ev,none,backhand,1551,8479337,A. DeBrincat,,,,,2,1
2026-03-19,2025021085,3,REG,19:43,DET,ev,empty-net,wrist,0651,8477429,A. Copp,8479337,A. DeBrincat,,,3,1
2026-03-19,2025021086,1,REG,05:41,NYR,sh,none,wrist,1451,8476389,V. Trocheck,,,,,0,1
2026-03-19,2025021086,1,REG,14:33,CBJ,ev,none,wrist,1551,8480806,I. Lundestrom,8476432,B. Jenner,,,1,1
2026-03-19,2025021086,1,REG,19:01,CBJ,ev,none,wrist,1551,8478856,C. Garland,8478460,Z. Werenski,,,2,1
2026-03-19,2025021086,2,REG,04:44,NYR,ev,none,snap,1551,8476459,M. Zibanejad,8482109,A. Lafrenière,8484210,G. Perreault,2,2
2026-03-19,2025021086,2,REG,07:04,CBJ,ev,none,snap,1551,8476432,B. Jenner,8478046,D. Heinen,8478500,I. Provorov,3,2
2026-03-19,2025021086,2,REG,15:25,CBJ,pp,none,tip-in,1451,8484166,A. Fantilli,8478460,Z. Werenski,8480893,K. Marchenko,4,2
2026-03-19,2025021086,3,REG,00:50,NYR,pp,none,tip-in,1541,8482109,A. Lafrenière,8479323,A. Fox,8476459,M. Zibanejad,4,3
2026-03-19,2025021086,3,REG,06:12,CBJ,ev,none,snap,1441,8476923,D. Severson,8482705,C. Sillinger,8478460,Z. Werenski,5,3
2026-03-19,2025021086,3,REG,17:06,CBJ,ev,empty-net,wrist,0651,8484166,A. Fantilli,8477497,S. Monahan,,,6,3
2026-03-19,2025021088,1,REG,16:22,CHI,ev,none,wrist,1551,8481624,I. Mikheyev,8478233,A. Mangiapane,,,0,1
2026-03-19,2025021088,2,REG,11:47,CHI,ev,none,backhand,1551,8484144,C. Bedard,,,,,0,2
2026-03-19,2025021088,2,REG,15:47,MIN,ev,none,snap,1551,8481477,N. Sturm,8483452,H. Haight,8482122,B. Faber,1,2
2026-03-19,2025021087,1,REG,06:14,NSH,ev,none,slap,1551,8482715,R. Ufko,8476869,B. Skjei,8476887,F. Forsberg,1,0
2026-03-19,2025021087,1,REG,18:40,SEA,ev,none,tip-in,1551,8477919,F. Gaudreau,8476905,C. Stephenson,8481554,K. Kakko,1,1
2026-03-19,2025021087,2,REG,07:11,NSH,pp,none,snap,1451,8475158,R. O'Reilly,8476887,F. Forsberg,8474564,S. Stamkos,2,1
2026-03-19,2025021087,3,REG,18:10,NSH,ev,empty-net,wrist,0651,8476887,F. Forsberg,,,,,3,1
2026-03-19,2025021089,1,REG,11:12,FLA,ev,none,wrist,1551,8481133,C. Reinhardt,8482107,M. Benning,,,0,1
2026-03-19,2025021089,1,REG,19:02,FLA,ev,none,tip-in,1551,8478421,A. Greer,8482107,M. Benning,8478542,E. Rodrigues,0,2
2026-03-19,2025021089,2,REG,14:21,FLA,pp,none,snap,1541,8482113,A. Lundell,8477935,S. Bennett,8478542,E. Rodrigues,0,3
2026-03-19,2025021089,3,REG,15:23,FLA,ev,none,snap,1551,8477409,C. Verhaeghe,8479314,M. Tkachuk,8477935,S. Bennett,0,4
2026-03-19,2025021090,1,REG,17:37,TBL,ev,none,tip-in,1551,8477404,J. Guentzel,8480426,C. D'Astous,8474151,R. McDonagh,0,1
2026-03-19,2025021090,2,REG,00:49,TBL,ev,none,slap,1551,8478178,D. Raddysh,8476453,N. Kucherov,8478519,A. Cirelli,0,2
2026-03-19,2025021090,2,REG,04:16,TBL,ev,none,tip-in,1551,8476826,Y. Gourde,8478178,D. Raddysh,8480995,P. Holmberg,0,3
2026-03-19,2025021090,2,REG,05:31,TBL,ev,none,wrist,1551,8476453,N. Kucherov,8478416,E. Cernak,8478519,A. Cirelli,0,4
2026-03-19,2025021090,2,REG,12:06,VAN,ev,none,wrist,1551,8483499,L. Ohgren,8478444,B. Boeser,8482079,M. Rossi,1,4
2026-03-19,2025021090,3,REG,07:04,VAN,ev,none,bat,1551,8481024,L. Karlsson,8482079,M. Rossi,,,2,4
2026-03-19,2025021090,3,REG,07:36,TBL,ev,none,deflected,1551,8478519,A. Cirelli,8479542,B. Hagel,8478416,E. Cernak,2,5
2026-03-19,2025021090,3,REG,10:35,TBL,ev,none,snap,1551,8479542,B. Hagel,8476453,N. Kucherov,8482655,J. Moser,2,6
2026-03-19,2025021091,1,REG,02:52,UTA,ev,none,wrist,1551,8479343,C. Keller,8478507,J. Marino,8477220,N. Schmidt,0,1
2026-03-19,2025021091,1,REG,06:05,UTA,ev,none,snap,1551,8479343,C. Keller,8478474,L. Crouse,8477951,N. Schmaltz,0,2
2026-03-19,2025021091,1,REG,08:12,UTA,ev,none,wrist,1551,8480855,J. McBain,8480849,B. Hayton,8479410,M. Sergachev,0,3
2026-03-19,2025021091,3,REG,19:12,UTA,ev,empty-net,wrist,1560,8480849,B. Hayton,8478831,K. Stenlund,,,0,4
2026-03-19,2025021092,2,REG,09:05,BUF,ev,none,wrist,1551,8483500,N. Ostlund,8482659,J. Doan,8479378,L. Stanley,0,1
2026-03-19,2025021092,2,REG,09:41,BUF,ev,none,wrist,1551,8475842,S. Carrick,8480839,R. Dahlin,8484145,Z. Benson,0,2
2026-03-19,2025021092,2,REG,10:48,BUF,ev,none,wrist,1551,8480839,R. Dahlin,8475722,J. Zucker,8480807,M. Samuelsson,0,3
2026-03-19,2025021092,3,REG,00:40,BUF,ev,none,wrist,1551,8479420,T. Thompson,8481522,P. Krebs,8477949,A. Tuch,0,4
2026-03-19,2025021092,3,REG,16:54,BUF,ev,none,deflected,1551,8475842,S. Carrick,8479378,L. Stanley,8484305,Z. Metsa,0,5
2026-03-19,2025021093,1,REG,19:31,LAK,ev,none,wrist,1551,8482124,Q. Byfield,8479675,T. Moore,8482155,A. Laferriere,1,0
2026-03-19,2025021093,2,REG,00:26,PHI,ev,none,wrist,1551,8478439,T. Konecny,8477499,R. Ristolainen,8483731,A. Bump,1,1
2026-03-19,2025021093,2,REG,00:47,LAK,ev,none,wrist,1551,8471685,A. Kopitar,8482730,B. Clarke,8478550,A. Panarin,2,1
2026-03-19,2025021093,2,REG,04:12,PHI,ev,none,backhand,1551,8480220,N. Cates,8484387,M. Michkov,8477499,R. Ristolainen,2,2
2026-03-19,2025021093,2,REG,06:59,PHI,ev,none,wrist,1551,8477948,T. Sanheim,8480220,N. Cates,8484387,M. Michkov,2,3
2026-03-19,2025021093,3,REG,10:28,LAK,pp,none,snap,1451,8478550,A. Panarin,8476872,S. Laughton,,,3,3
2026-03-19,2025021093,5,SO,00:00,PHI,ev,none,wrist,0101,8481533,T. Zegras,,,,,3,4
2026-03-20,2025021094,1,REG,11:48,TOR,ev,none,wrist,1551,8478057,D. Joshua,8480870,B. Groulx,8481711,M. Maccelli,1,0
2026-03-20,2025021094,2,REG,05:57,CAR,pp,none,tip-in,1541,8473533,J. Staal,8482093,S. Jarvis,8478427,S. Aho,1,1
2026-03-20,2025021094,2,REG,12:35,CAR,ev,penalty-shot,wrist,0101,8480762,E. Robinson,,,,,1,2
2026-03-20,2025021094,2,REG,13:47,TOR,ev,none,wrist,1551,8475166,J. Tavares,8475714,C. Jarnkrok,8476931,J. McCabe,2,2
2026-03-20,2025021094,2,REG,17:40,CAR,sh,none,backhand,1451,8480817,K. Miller,,,,,2,3
2026-03-20,2025021094,3,REG,13:50,TOR,ev,none,wrist,1551,8477939,W. Nylander,8481711,M. Maccelli,,,3,3
2026-03-20,2025021094,4,OT,00:41,CAR,ev,none,wrist,1331,8482100,A. Nikishin,8482093,S. Jarvis,8478427,S. Aho,3,4
2026-03-20,2025021095,1,REG,09:36,WSH,ev,none,snap,1551,8484186,R. Leonard,8479520,B. Duhaime,8477845,T. van Riemsdyk,1,0
2026-03-20,2025021095,3,REG,18:17,WSH,ev,empty-net,wrist,0651,8481656,A. Protas,8479400,P. Dubois,8476880,T. Wilson,2,0
2026-03-20,2025021095,3,REG,19:17,NJD,ev,none,snap,0651,8479407,J. Bratt,8481559,J. Hughes,,,2,1
2026-03-20,2025021096,1,REG,13:19,COL,ev,none,snap,1551,8480039,M. Necas,8477501,V. Nichushkin,8477492,N. MacKinnon,0,1
2026-03-20,2025021096,1,REG,15:22,COL,pp,none,tip-in,1541,8475754,B. Nelson,8480069,C. Makar,8480039,M. Necas,0,2
2026-03-20,2025021096,2,REG,06:48,CHI,ev,none,wrist,1551,8482176,W. Kaiser,8483450,R. Greene,8483506,S. Rinzel,1,2
2026-03-20,2025021096,3,REG,00:36,COL,pp,none,wrist,1541,8475172,N. Kadri,8477492,N. MacKinnon,8480039,M. Necas,1,3
2026-03-20,2025021096,3,REG,08:34,COL,ev,none,snap,1551,8477501,V. Nichushkin,8477492,N. MacKinnon,,,1,4
2026-03-20,2025021097,2,REG,07:44,CGY,ev,none,wrist,1551,8480797,J. Farabee,8476399,B. Coleman,,,1,0
2026-03-20,2025021097,2,REG,10:10,CGY,ev,none,slap,1551,8478109,V. Olofsson,8483609,A. Klapka,8476874,O. Maatta,2,0
2026-03-20,2025021097,3,REG,04:17,FLA,ev,none,wrist,1551,8478421,A. Greer,8482131,D. Sebrango,8477931,T. Nosek,2,1
2026-03-20,2025021097,3,REG,16:59,CGY,pp,none,backhand,1351,8480028,M. Frost,8481068,Y. Sharangovich,8484768,Z. Parekh,3,1
2026-03-20,2025021097,3,REG,17:30,CGY,pp,none,wrist,1451,8482679,M. Coronato,8484860,M. Gridin,8476399,B. Coleman,4,1
2026-03-20,2025021098,1,REG,01:48,UTA,ev,none,slap,1551,8482699,D. Guenther,8480434,S. Durzi,8482175,J. Peterka,1,0
2026-03-20,2025021098,1,REG,13:37,ANA,sh,none,wrist,1451,8480068,R. Poehling,8473986,A. Killorn,8483490,P. Mintyukov,1,1
2026-03-20,2025021098,2,REG,09:09,ANA,ev,none,snap,1551,8473986,A. Killorn,8484762,B. Sennecke,,,1,2
2026-03-20,2025021098,3,REG,18:24,ANA,ev,empty-net,snap,1560,8483445,C. Gauthier,8479705,J. Viel,8474590,J. Carlson,1,3
2026-03-20,2025021098,3,REG,19:05,ANA,ev,empty-net,wrist,1560,8475798,M. Granlund,8480068,R. Poehling,8473986,A. Killorn,1,4
2026-03-21,2025021099,1,REG,01:06,PIT,ev,none,wrist,1551,8482475,E. Chinakhov,8471215,E. Malkin,8478450,P. Wotherspoon,1,0
2026-03-21,2025021099,1,REG,02:02,PIT,ev,none,wrist,1551,8476483,R. Rakell,8475810,B. Rust,8479398,S. Girard,2,0
2026-03-21,2025021099,1,REG,03:50,WPG,ev,none,wrist,1551,8480289,M. Barron,8483471,B. Lambert,,,2,1
2026-03-21,2025021099,2,REG,06:10,WPG,sh,none,backhand,1451,8481043,C. Koepke,8476392,A. Lowry,8476331,D. DeMelo,2,2
2026-03-21,2025021099,2,REG,15:22,PIT,ev,none,wrist,1551,8474578,E. Karlsson,8478450,P. Wotherspoon,8482475,E. Chinakhov,3,2
2026-03-21,2025021099,3,REG,04:04,WPG,ev,none,wrist,1551,8480145,N. Pionk,8473604,J. Toews,8474679,G. Nyquist,3,3
2026-03-21,2025021099,3,REG,08:36,WPG,ev,none,wrist,1551,8483471,B. Lambert,,,,,3,4
2026-03-21,2025021099,3,REG,12:45,PIT,ev,none,wrist,1551,8474578,E. Karlsson,8475810,B. Rust,8471675,S. Crosby,4,4
2026-03-21,2025021099,5,SO,00:00,PIT,ev,none,wrist,1010,8471675,S. Crosby,,,,,5,4
2026-03-21,2025021100,1,REG,00:40,NSH,ev,none,snap,1551,8474564,S. Stamkos,8475158,R. O'Reilly,,,1,0
2026-03-21,2025021100,2,REG,01:24,NSH,pp,none,snap,1451,8474564,S. Stamkos,8476887,F. Forsberg,8476539,J. Marchessault,2,0
2026-03-21,2025021100,2,REG,11:56,NSH,sh,none,wrist,1541,8479370,T. Jost,8476869,B. Skjei,,,3,0
2026-03-21,2025021100,2,REG,13:10,VGK,pp,none,wrist,1541,8477447,S. Theodore,8477964,I. Barbashev,8479353,B. Howden,3,1
2026-03-21,2025021100,2,REG,14:53,NSH,pp,none,deflected,1451,8475158,R. O'Reilly,8474564,S. Stamkos,8474600,R. Josi,4,1
2026-03-21,2025021101,1,REG,14:21,DAL,pp,none,wrist,1541,8480027,J. Robertson,8480036,M. Heiskanen,8475168,M. Duchene,0,1
2026-03-21,2025021101,2,REG,10:45,MIN,ev,none,backhand,1551,8481553,B. Brink,8480800,Q. Hughes,8474716,J. Spurgeon,1,1
2026-03-21,2025021101,4,OT,03:06,MIN,ev,none,snap,1331,8475765,V. Tarasenko,8481553,B. Brink,8480800,Q. Hughes,2,1
2026-03-21,2025021102,1,REG,10:48,LAK,pp,none,slap,1451,8478550,A. Panarin,8471685,A. Kopitar,8477960,A. Kempe,1,0
2026-03-21,2025021102,2,REG,04:05,BUF,ev,none,wrist,1551,8479420,T. Thompson,8481522,P. Krebs,8480807,M. Samuelsson,1,1
2026-03-21,2025021102,3,REG,11:12,BUF,ev,none,backhand,1551,8475842,S. Carrick,8484145,Z. Benson,8484305,Z. Metsa,1,2
2026-03-21,2025021102,3,REG,12:11,BUF,pp,own-goal,,1541,8480839,R. Dahlin,,,,,1,3
2026-03-21,2025021102,3,REG,17:35,BUF,ev,empty-net,wrist,1560,8484145,Z. Benson,8480064,J. Norris,8479359,B. Malenstyn,1,4
2026-03-21,2025021103,2,REG,02:26,PHI,ev,none,wrist,1551,8480015,O. Tippett,8481533,T. Zegras,8478454,N. Juulsen,0,1
2026-03-21,2025021103,2,REG,13:12,SJS,pp,none,wrist,1451,8475200,D. Orlov,8482667,W. Eklund,8484801,M. Celebrini,1,1
2026-03-21,2025021103,3,REG,01:47,PHI,pp,none,wrist,1541,8477989,C. Dvorak,8478439,T. Konecny,8484387,M. Michkov,1,2
2026-03-21,2025021103,3,REG,18:48,PHI,ev,empty-net,wrist,1560,8477948,T. Sanheim,,,,,1,3
2026-03-21,2025021103,3,REG,19:24,PHI,ev,empty-net,wrist,1560,8480220,N. Cates,8477989,C. Dvorak,,,1,4
2026-03-21,2025021104,1,REG,02:48,CBJ,ev,none,wrist,1551,8478046,D. Heinen,8476432,B. Jenner,8478460,Z. Werenski,1,0
2026-03-21,2025021104,1,REG,08:58,CBJ,ev,none,slap,1551,8476923,D. Severson,8482705,C. Sillinger,8478460,Z. Werenski,2,0
2026-03-21,2025021104,1,REG,15:16,CBJ,ev,none,wrist,1551,8479671,M. Olivier,8482705,C. Sillinger,8478460,Z. Werenski,3,0
2026-03-21,2025021104,1,REG,16:17,SEA,ev,none,slap,1551,8478407,V. Dunn,8481554,K. Kakko,8477919,F. Gaudreau,3,1
2026-03-21,2025021104,2,REG,08:31,SEA,pp,none,wrist,1541,8481554,K. Kakko,8480009,E. Tolvanen,8477986,B. Montour,3,2
2026-03-21,2025021104,2,REG,09:33,CBJ,ev,none,snap,1551,8482660,K. Johnson,8478856,C. Garland,8484166,A. Fantilli,4,2
2026-03-21,2025021104,3,REG,17:34,CBJ,ev,empty-net,wrist,0651,8482705,C. Sillinger,8479671,M. Olivier,,,5,2
2026-03-21,2025021105,1,REG,04:10,MTL,pp,none,slap,1451,8483515,J. Slafkovský,8480018,N. Suzuki,8481540,C. Caufield,1,0
2026-03-21,2025021105,1,REG,06:46,NYI,pp,none,snap,1541,8482476,E. Heineman,8475314,A. Lee,8477950,T. DeAngelo,1,1
2026-03-21,2025021105,1,REG,13:19,NYI,ev,none,wrist,1551,8481601,S. Holmstrom,8476917,A. Pelech,,,1,2
2026-03-21,2025021105,2,REG,17:49,MTL,ev,none,snap,1551,8481618,A. Newhook,8482087,K. Guhle,8482775,O. Kapanen,2,2
2026-03-21,2025021105,2,REG,19:08,MTL,pp,none,snap,1451,8481540,C. Caufield,8480018,N. Suzuki,8483515,J. Slafkovský,3,2
2026-03-21,2025021105,3,REG,00:45,NYI,pp,none,slap,1541,8485366,M. Schaefer,8478445,M. Barzal,8477500,B. Horvat,3,3
2026-03-21,2025021105,3,REG,03:17,MTL,ev,none,slap,1551,8482087,K. Guhle,8478851,A. Carrier,8475848,B. Gallagher,4,3
2026-03-21,2025021105,3,REG,08:08,MTL,ev,none,snap,1551,8483515,J. Slafkovský,8481540,C. Caufield,8480018,N. Suzuki,5,3
2026-03-21,2025021105,3,REG,11:20,MTL,ev,none,snap,1551,8481540,C. Caufield,8483515,J. Slafkovský,8482087,K. Guhle,6,3
2026-03-21,2025021105,3,REG,14:59,MTL,pp,none,snap,1451,8481540,C. Caufield,8480018,N. Suzuki,,,7,3
2026-03-21,2025021106,1,REG,14:58,OTT,pp,none,wrist,1451,8482116,T. Stützle,8478469,T. Chabot,8480208,D. Batherson,1,0
2026-03-21,2025021106,2,REG,09:09,OTT,ev,none,backhand,1551,8473512,C. Giroux,8482095,T. Kleven,8481606,J. Spence,2,0
2026-03-21,2025021106,2,REG,17:53,OTT,ev,none,wrist,1551,8477998,W. Foegele,,,,,3,0
2026-03-21,2025021106,2,REG,18:14,TOR,ev,none,wrist,1551,8475166,J. Tavares,8484158,E. Cowan,8478443,B. Carlo,3,1
2026-03-21,2025021106,3,REG,04:52,TOR,ev,none,wrist,1551,8484158,E. Cowan,8481122,S. Benoit,8477939,W. Nylander,3,2
2026-03-21,2025021106,3,REG,09:41,OTT,ev,none,wrist,1551,8478020,M. Amadio,8481606,J. Spence,8481596,S. Pinto,4,2
2026-03-21,2025021106,3,REG,13:11,OTT,ev,none,backhand,1551,8482092,R. Greig,8481528,D. Cozens,8482095,T. Kleven,5,2
2026-03-21,2025021107,2,REG,10:17,STL,ev,none,deflected,1551,8480459,P. Suter,8480023,R. Thomas,8482077,D. Holloway,0,1
2026-03-21,2025021107,2,REG,11:36,STL,ev,none,snap,1551,8477402,P. Buchnevich,8481598,P. Broberg,8482733,L. Mailloux,0,2
2026-03-21,2025021107,3,REG,08:32,VAN,pp,none,snap,1451,8479425,F. Hronek,8480012,E. Pettersson,8482079,M. Rossi,1,2
2026-03-21,2025021107,3,REG,19:12,STL,pp,empty-net,backhand,1550,8479385,J. Kyrou,8477402,P. Buchnevich,8482733,L. Mailloux,1,3
2026-03-21,2025021108,2,REG,03:35,DET,pp,none,snap,1451,8482078,L. Raymond,8477429,A. Copp,8474141,P. Kane,1,0
2026-03-21,2025021108,2,REG,05:07,BOS,pp,none,slap,1531,8477956,D. Pastrnak,8479325,C. McAvoy,8479987,M. Geekie,1,1
2026-03-21,2025021108,3,REG,04:06,DET,ev,none,snap,1551,8479337,A. DeBrincat,8481542,M. Seider,,,2,1
2026-03-21,2025021108,3,REG,06:22,BOS,ev,none,wrist,1551,8477496,E. Lindholm,8479987,M. Geekie,8482511,M. Lohrei,2,2
2026-03-21,2025021108,3,REG,09:42,BOS,ev,none,wrist,1551,8477507,N. Zadorov,8479987,M. Geekie,8479325,C. McAvoy,2,3
2026-03-21,2025021108,3,REG,18:08,BOS,ev,empty-net,wrist,1560,8482177,M. Khusnutdinov,8477956,D. Pastrnak,8477496,E. Lindholm,2,4
2026-03-21,2025021109,1,REG,19:37,EDM,ev,none,tip-in,1551,8478402,C. McDavid,8480803,E. Bouchard,,,1,0
2026-03-21,2025021109,2,REG,01:37,TBL,ev,none,backhand,1551,8478519,A. Cirelli,8476453,N. Kucherov,8479542,B. Hagel,1,1
2026-03-21,2025021109,2,REG,12:13,TBL,pp,none,wrist,1541,8477404,J. Guentzel,8476453,N. Kucherov,8478010,B. Point,1,2
2026-03-21,2025021109,2,REG,16:58,TBL,sh,none,wrist,1451,8476453,N. Kucherov,8482655,J. Moser,,,1,3
2026-03-21,2025021109,3,REG,07:16,EDM,ev,own-goal,,1551,8484509,J. Samanski,,,,,2,3
2026-03-21,2025021109,3,REG,15:32,TBL,ev,none,snap,1551,8476453,N. Kucherov,8479542,B. Hagel,,,2,4
2026-03-21,2025021109,3,REG,19:28,TBL,sh,empty-net,wrist,1460,8478519,A. Cirelli,,,,,2,5
2026-03-22,2025021110,1,REG,13:06,WPG,ev,none,wrist,1551,8476392,A. Lowry,8480014,G. Vilardi,8482149,C. Perfetti,0,1
2026-03-22,2025021110,2,REG,00:41,NYR,ev,none,snap,1551,8481789,T. Kartye,8476468,J. Miller,,,1,1
2026-03-22,2025021110,2,REG,06:43,WPG,pp,none,snap,1541,8480014,G. Vilardi,8478398,K. Connor,8477504,J. Morrissey,1,2
2026-03-22,2025021110,2,REG,14:03,NYR,pp,none,slap,1451,8476459,M. Zibanejad,8479323,A. Fox,8476468,J. Miller,2,2
2026-03-22,2025021110,5,SO,00:00,WPG,ev,none,snap,0101,8478398,K. Connor,,,,,2,3
2026-03-22,2025021111,1,REG,11:53,WSH,ev,none,snap,1551,8482088,J. Sourdif,8481580,C. McMichael,8478911,M. Roy,1,0
2026-03-22,2025021111,3,REG,01:05,COL,ev,none,snap,1551,8476455,G. Landeskog,8480039,M. Necas,,,1,1
2026-03-22,2025021111,3,REG,06:03,COL,ev,none,snap,1551,8478462,N. Roy,8482947,Z. Bardakov,,,1,2
2026-03-22,2025021111,3,REG,14:17,WSH,pp,none,slap,1451,8471214,A. Ovechkin,8478440,D. Strome,8484873,C. Hutson,2,2
2026-03-22,2025021111,4,OT,01:22,COL,ev,none,tip-in,1331,8475754,B. Nelson,8480039,M. Necas,8478038,D. Toews,2,3
2026-03-22,2025021112,1,REG,00:47,CAR,pp,none,wrist,1541,8478427,S. Aho,8482093,S. Jarvis,,,0,1
2026-03-22,2025021112,2,REG,06:24,CAR,pp,none,slap,1541,8477940,N. Ehlers,8482093,S. Jarvis,8482100,A. Nikishin,0,2
2026-03-22,2025021112,2,REG,09:15,CAR,ev,none,slap,1551,8478970,J. Chatfield,8480762,E. Robinson,,,0,3
2026-03-22,2025021112,2,REG,17:20,CAR,pp,none,snap,1541,8482093,S. Jarvis,8477940,N. Ehlers,8480830,A. Svechnikov,0,4
2026-03-22,2025021112,3,REG,14:56,PIT,ev,none,snap,1551,8482475,E. Chinakhov,8475810,B. Rust,8471675,S. Crosby,1,4
2026-03-22,2025021112,3,REG,18:56,CAR,ev,empty-net,wrist,1560,8476873,M. Jankowski,8482809,J. Blake,8482702,L. Stankoven,1,5
2026-03-22,2025021113,2,REG,04:34,CHI,ev,none,wrist,1551,8484185,N. Lardis,8477479,T. Bertuzzi,8481568,A. Vlasic,1,0
2026-03-22,2025021113,2,REG,06:31,NSH,ev,none,snap,1551,8476887,F. Forsberg,8476539,J. Marchessault,,,1,1
2026-03-22,2025021113,2,REG,13:57,CHI,ev,none,wrist,1551,8484144,C. Bedard,8483450,R. Greene,,,2,1
2026-03-22,2025021113,3,REG,09:43,NSH,ev,none,wrist,1551,8474564,S. Stamkos,8476887,F. Forsberg,8474600,R. Josi,2,2
2026-03-22,2025021113,4,OT,01:05,NSH,ev,none,wrist,1331,8476887,F. Forsberg,,,,,2,3
2026-03-22,2025021114,1,REG,01:25,NYI,ev,none,snap,1551,8477500,B. Horvat,8475314,A. Lee,8480871,A. Boqvist,1,0
2026-03-22,2025021115,1,REG,04:01,VGK,ev,none,snap,1551,8475188,B. McNabb,8478434,K. Kolesar,8477447,S. Theodore,0,1
2026-03-22,2025021115,1,REG,10:55,DAL,pp,none,snap,1451,8482740,W. Johnston,8475168,M. Duchene,8480036,M. Heiskanen,1,1
2026-03-22,2025021115,1,REG,16:48,DAL,ev,none,wrist,1551,8484829,J. Hryckowian,8476278,C. Blackwell,8479351,S. Steel,2,1
2026-03-22,2025021115,2,REG,09:10,VGK,pp,none,snap,1541,8477964,I. Barbashev,8479353,B. Howden,8476925,C. Sissons,2,2
2026-03-22,2025021115,3,REG,16:22,VGK,ev,none,snap,1551,8475191,R. Smith,8478483,M. Marner,8481604,P. Dorofeyev,2,3
2026-03-22,2025021116,1,REG,07:25,TBL,ev,none,wrist,1551,8474151,R. McDonagh,8482201,G. Goncalves,,,0,1
2026-03-22,2025021116,1,REG,16:25,CGY,ev,none,wrist,1551,8478109,V. Olofsson,8481068,Y. Sharangovich,8480727,Z. Whitecloud,1,1
2026-03-22,2025021116,1,REG,16:52,CGY,ev,none,snap,1551,8480028,M. Frost,8482679,M. Coronato,,,2,1
2026-03-22,2025021116,2,REG,08:28,CGY,ev,none,slap,1551,8474150,M. Backlund,8476399,B. Coleman,8484150,H. Brzustewicz,3,1
2026-03-22,2025021116,2,REG,11:47,TBL,ev,none,slap,1551,8478178,D. Raddysh,8476453,N. Kucherov,8482655,J. Moser,3,2
2026-03-22,2025021116,3,REG,15:40,TBL,ev,none,snap,1551,8480995,P. Holmberg,8476826,Y. Gourde,,,3,3
2026-03-22,2025021116,4,OT,00:26,CGY,ev,none,snap,1331,8476458,R. Strome,8484860,M. Gridin,8480860,K. Bahl,4,3
2026-03-22,2025021117,1,REG,03:36,BUF,ev,none,snap,1551,8477949,A. Tuch,8482671,O. Power,,,0,1
2026-03-22,2025021117,1,REG,09:27,ANA,pp,none,snap,1451,8475184,C. Kreider,8484153,L. Carlsson,,,1,1
2026-03-22,2025021117,1,REG,12:23,ANA,pp,none,wrist,1451,8481605,J. LaCombe,8482745,M. McTavish,8484762,B. Sennecke,2,1
2026-03-22,2025021117,1,REG,17:14,BUF,ev,none,wrist,1551,8482659,J. Doan,8483500,N. Ostlund,8481524,B. Byram,2,2
2026-03-22,2025021117,2,REG,02:35,ANA,ev,none,wrist,1551,8484762,B. Sennecke,8481605,J. LaCombe,,,3,2
2026-03-22,2025021117,2,REG,15:40,ANA,ev,none,backhand,1551,8478873,T. Terry,8485512,T. Washe,8482803,O. Zellweger,4,2
2026-03-22,2025021117,3,REG,04:40,BUF,ev,none,snap,1551,8482097,J. Quinn,8480839,R. Dahlin,8484145,Z. Benson,4,3
2026-03-22,2025021117,3,REG,10:05,BUF,ev,none,snap,1551,8482671,O. Power,8480802,R. McLeod,,,4,4
2026-03-22,2025021117,3,REG,11:37,BUF,ev,none,snap,1551,8484145,Z. Benson,8480839,R. Dahlin,8479359,B. Malenstyn,4,5
2026-03-22,2025021117,3,REG,18:16,ANA,pp,none,snap,1460,8475798,M. Granlund,8475184,C. Kreider,8484153,L. Carlsson,5,5
2026-03-22,2025021117,4,OT,01:29,ANA,ev,none,backhand,1331,8478873,T. Terry,,,,,6,5
2026-03-22,2025021118,1,REG,07:04,UTA,ev,none,snap,1551,8478474,L. Crouse,8478507,J. Marino,,,1,0
2026-03-22,2025021118,1,REG,07:40,LAK,ev,none,snap,1551,8482155,A. Laferriere,8482124,Q. Byfield,,,1,1
2026-03-22,2025021118,1,REG,09:19,UTA,ev,none,snap,1551,8478474,L. Crouse,8477021,A. Kerfoot,8478831,K. Stenlund,2,1
2026-03-22,2025021118,1,REG,09:47,LAK,ev,none,snap,1551,8482124,Q. Byfield,,,,,2,2
2026-03-22,2025021118,2,REG,16:11,UTA,ev,none,bat,1551,8477951,N. Schmaltz,8479343,C. Keller,8478474,L. Crouse,3,2
2026-03-22,2025021118,3,REG,16:30,LAK,ev,none,wrist,1551,8478550,A. Panarin,8474563,D. Doughty,,,3,3
2026-03-22,2025021118,4,OT,01:46,UTA,ev,none,snap,1331,8477951,N. Schmaltz,8479410,M. Sergachev,8478831,K. Stenlund,4,3
2026-03-23,2025021119,1,REG,06:30,OTT,pp,none,wrist,1541,8481596,S. Pinto,8473512,C. Giroux,8481606,J. Spence,0,1
2026-03-23,2025021119,2,REG,06:46,OTT,ev,none,snap,1551,8477998,W. Foegele,8474189,L. Eller,,,0,2
2026-03-23,2025021119,3,REG,07:03,NYR,ev,none,wrist,1551,8477839,C. Sheary,8481789,T. Kartye,8481525,M. Robertson,1,2
2026-03-24,2025021120,1,REG,05:04,BOS,ev,none,wrist,1551,8477496,E. Lindholm,8479987,M. Geekie,8480035,H. Jokiharju,1,0
2026-03-24,2025021120,2,REG,07:27,TOR,sh,none,wrist,1451,8482720,M. Knies,,,,,1,1
2026-03-24,2025021120,2,REG,18:08,TOR,pp,none,backhand,1431,8477503,M. Domi,8475166,J. Tavares,8475171,O. Ekman-Larsson,1,2
2026-03-24,2025021120,3,REG,03:00,TOR,ev,none,snap,1551,8477939,W. Nylander,8475166,J. Tavares,8476931,J. McCabe,1,3
2026-03-24,2025021120,3,REG,05:08,BOS,pp,none,deflected,1451,8479325,C. McAvoy,8477956,D. Pastrnak,8478401,P. Zacha,2,3
2026-03-24,2025021120,3,REG,19:38,TOR,pp,empty-net,poke,1550,8482720,M. Knies,8477939,W. Nylander,8475166,J. Tavares,2,4
2026-03-24,2025021121,1,REG,02:36,CAR,pp,none,snap,1541,8477940,N. Ehlers,8480830,A. Svechnikov,8482093,S. Jarvis,0,1
2026-03-24,2025021121,1,REG,07:09,CAR,ev,none,wrist,1551,8473533,J. Staal,,,,,0,2
2026-03-24,2025021121,1,REG,12:11,MTL,ev,none,tip-in,1551,8482775,O. Kapanen,8481593,J. Struble,8484984,I. Demidov,1,2
2026-03-24,2025021121,2,REG,05:49,MTL,ev,none,snap,1551,8481540,C. Caufield,8480018,N. Suzuki,8483515,J. Slafkovský,2,2
2026-03-24,2025021121,2,REG,09:19,MTL,ev,none,deflected,1551,8483515,J. Slafkovský,8481540,C. Caufield,8480865,N. Dobson,3,2
2026-03-24,2025021121,3,REG,13:53,MTL,ev,none,wrist,1551,8484984,I. Demidov,,,,,4,2
2026-03-24,2025021121,3,REG,19:00,MTL,ev,empty-net,snap,0651,8478133,J. Evans,8478851,A. Carrier,,,5,2
2026-03-24,2025021122,1,REG,17:15,OTT,pp,none,tip-in,1541,8480801,B. Tkachuk,8482116,T. Stützle,8484759,C. Yakemchuk,0,1
2026-03-24,2025021122,2,REG,09:28,OTT,ev,none,snap,1551,8484759,C. Yakemchuk,8482245,A. Zub,,,0,2
2026-03-24,2025021122,2,REG,11:05,OTT,ev,none,snap,1551,8474189,L. Eller,8480801,B. Tkachuk,,,0,3
2026-03-24,2025021122,2,REG,14:50,DET,ev,none,tip-in,1551,8479942,D. Shine,8482762,S. Edvinsson,8481542,M. Seider,1,3
2026-03-24,2025021122,3,REG,04:13,DET,pp,none,snap,1451,8477946,D. Larkin,8479337,A. DeBrincat,8482078,L. Raymond,2,3
2026-03-24,2025021123,2,REG,02:32,FLA,ev,none,snap,1551,8481518,N. Foote,8479393,N. Gregor,8478055,G. Forsling,1,0
2026-03-24,2025021123,3,REG,05:16,FLA,ev,none,deflected,1551,8480185,E. Luostarinen,8476994,V. Hinostroza,8478542,E. Rodrigues,2,0
2026-03-24,2025021123,3,REG,07:37,FLA,ev,none,wrist,1551,8477409,C. Verhaeghe,,,,,3,0
2026-03-24,2025021123,3,REG,08:10,SEA,ev,none,slap,1551,8482858,R. Evans,8474586,J. Eberle,8484800,B. Catton,3,1
2026-03-24,2025021123,3,REG,12:21,FLA,ev,own-goal,,1551,8479393,N. Gregor,,,,,4,1
2026-03-24,2025021123,3,REG,14:17,SEA,ev,none,wrist,1551,8482665,M. Beniers,8477986,B. Montour,8476457,A. Larsson,4,2
2026-03-24,2025021123,3,REG,16:24,SEA,ev,none,snap,1551,8474586,J. Eberle,,,,,4,3
2026-03-24,2025021123,3,REG,16:38,SEA,ev,none,snap,1551,8482259,B. McMann,,,,,4,4
2026-03-24,2025021123,5,SO,00:00,FLA,ev,none,backhand,1010,8476994,V. Hinostroza,,,,,5,4
2026-03-24,2025021124,1,REG,00:49,NYI,ev,none,tip-in,1551,8475314,A. Lee,8485366,M. Schaefer,8477500,B. Horvat,1,0
2026-03-24,2025021124,1,REG,12:46,CHI,ev,none,snap,1551,8484185,N. Lardis,8483493,F. Nazar,8477479,T. Bertuzzi,1,1
2026-03-24,2025021124,1,REG,18:06,CHI,ev,none,snap,1551,8481624,I. Mikheyev,8485391,A. Frondell,,,1,2
2026-03-24,2025021124,1,REG,19:31,CHI,ev,none,snap,1551,8477479,T. Bertuzzi,8481568,A. Vlasic,8484185,N. Lardis,1,3
2026-03-24,2025021124,2,REG,06:02,CHI,ev,none,snap,1551,8483493,F. Nazar,8484185,N. Lardis,,,1,4
2026-03-24,2025021124,3,REG,08:45,NYI,ev,none,snap,1551,8481601,S. Holmstrom,8476429,S. Mayfield,,,2,4
2026-03-24,2025021124,3,REG,16:37,NYI,ev,none,snap,1551,8484221,C. Ritchie,8477369,C. Soucy,8478445,M. Barzal,3,4
2026-03-24,2025021125,1,REG,17:07,PHI,ev,none,wrist,1551,8476461,S. Couturier,8476822,L. Glendening,8477499,R. Ristolainen,1,0
2026-03-24,2025021125,2,REG,00:44,CBJ,ev,none,wrist,1551,8479671,M. Olivier,8478460,Z. Werenski,8476923,D. Severson,1,1
2026-03-24,2025021125,2,REG,02:28,CBJ,ev,none,wrist,1551,8478460,Z. Werenski,8476923,D. Severson,8478975,M. Marchment,1,2
2026-03-24,2025021125,3,REG,04:38,CBJ,ev,none,snap,1551,8478975,M. Marchment,8480893,K. Marchenko,8484166,A. Fantilli,1,3
2026-03-24,2025021125,3,REG,17:56,PHI,ev,none,slap,1560,8482142,J. Drysdale,8481533,T. Zegras,8477989,C. Dvorak,2,3
2026-03-24,2025021126,1,REG,04:57,COL,ev,none,wrist,1551,8477492,N. MacKinnon,,,,,0,1
2026-03-24,2025021126,1,REG,08:09,PIT,ev,none,slap,1551,8482475,E. Chinakhov,8479398,S. Girard,8471724,K. Letang,1,1
2026-03-24,2025021126,1,REG,15:24,COL,ev,none,wrist,1551,8484258,S. Malinski,,,,,1,2
2026-03-24,2025021126,1,REG,16:44,COL,pp,none,slap,1541,8480039,M. Necas,8480069,C. Makar,8475754,B. Nelson,1,3
2026-03-24,2025021126,1,REG,17:19,COL,ev,none,snap,1551,8480448,P. Kelly,8481186,L. O'Connor,8475172,N. Kadri,1,4
2026-03-24,2025021126,2,REG,17:29,COL,ev,none,wrist,1551,8480039,M. Necas,8478038,D. Toews,8484258,S. Malinski,1,5
2026-03-24,2025021126,3,REG,11:47,PIT,ev,none,wrist,1551,8476483,R. Rakell,8471675,S. Crosby,8475810,B. Rust,2,5
2026-03-24,2025021126,3,REG,16:20,COL,ev,empty-net,wrist,1560,8479525,R. Colton,8477501,V. Nichushkin,8480835,J. Drury,2,6
2026-03-24,2025021127,1,REG,02:28,MIN,pp,none,wrist,1541,8475692,M. Zuccarello,8480800,Q. Hughes,8481557,M. Boldy,0,1
2026-03-24,2025021127,1,REG,18:49,MIN,pp,none,wrist,1541,8482122,B. Faber,8475765,V. Tarasenko,8481553,B. Brink,0,2
2026-03-24,2025021127,2,REG,05:45,TBL,pp,none,snap,1451,8478010,B. Point,8479542,B. Hagel,8478178,D. Raddysh,1,2
2026-03-24,2025021127,2,REG,09:51,MIN,ev,none,wrist,1551,8475765,V. Tarasenko,8475149,M. Johansson,8477451,R. Hartman,1,3
2026-03-24,2025021127,2,REG,12:27,TBL,ev,none,snap,1551,8477404,J. Guentzel,8478178,D. Raddysh,8482201,G. Goncalves,2,3
2026-03-24,2025021127,2,REG,15:19,TBL,pp,none,slap,1451,8478178,D. Raddysh,8476453,N. Kucherov,8477404,J. Guentzel,3,3
2026-03-24,2025021127,3,REG,17:07,TBL,ev,none,snap,1551,8478416,E. Cernak,8480426,C. D'Astous,8476883,A. Vasilevskiy,4,3
2026-03-24,2025021127,3,REG,18:42,TBL,pp,empty-net,wrist,0551,8479542,B. Hagel,8477426,N. Paul,,,5,3
2026-03-24,2025021127,3,REG,19:36,TBL,ev,awarded-empty-net,,0651,8480995,P. Holmberg,8474151,R. McDonagh,,,6,3
2026-03-24,2025021128,2,REG,02:39,STL,ev,none,slap,1551,8483516,J. Snuggerud,8482733,L. Mailloux,8481598,P. Broberg,1,0
2026-03-24,2025021128,3,REG,14:52,STL,ev,none,snap,1551,8484230,O. Stenberg,8484164,D. Dvorsky,8481013,J. Berggren,2,0
2026-03-24,2025021128,3,REG,19:19,STL,ev,empty-net,backhand,0651,8479385,J. Kyrou,,,,,3,0
2026-03-24,2025021129,1,REG,02:34,NSH,ev,none,tip-in,1551,8476887,F. Forsberg,8482768,F. Svechkov,8476539,J. Marchessault,1,0
2026-03-24,2025021129,1,REG,06:25,SJS,ev,none,tip-in,1551,8478874,A. Gaudette,8482166,S. Mukhamadullin,8479983,M. Ferraro,1,1
2026-03-24,2025021129,1,REG,07:49,NSH,ev,none,wrist,1551,8484241,M. Wood,8476539,J. Marchessault,,,2,1
2026-03-24,2025021129,1,REG,11:40,NSH,ev,none,wrist,1551,8474600,R. Josi,8476887,F. Forsberg,,,3,1
2026-03-24,2025021129,1,REG,12:26,NSH,ev,none,deflected,1551,8482146,L. Evangelista,8475158,R. O'Reilly,8476869,B. Skjei,4,1
2026-03-24,2025021129,1,REG,16:36,NSH,ev,none,slap,1551,8476869,B. Skjei,8475158,R. O'Reilly,,,5,1
2026-03-24,2025021129,2,REG,12:38,NSH,pp,none,wrist,1451,8474564,S. Stamkos,8476887,F. Forsberg,8476539,J. Marchessault,6,1
2026-03-24,2025021129,2,REG,17:26,SJS,pp,none,wrist,1531,8484227,W. Smith,,,,,6,2
2026-03-24,2025021129,3,REG,01:40,SJS,ev,none,backhand,1551,8484227,W. Smith,8484994,I. Chernyshov,8479576,V. Desharnais,6,3
2026-03-24,2025021130,1,REG,04:12,NJD,ev,none,snap,1551,8481559,J. Hughes,8483495,S. Nemec,,,0,1
2026-03-24,2025021130,1,REG,08:16,DAL,ev,none,snap,1441,8482740,W. Johnston,8481581,T. Harley,8480027,J. Robertson,1,1
2026-03-24,2025021130,1,REG,09:11,NJD,ev,none,wrist,1441,8479407,J. Bratt,8478399,J. Siegenthaler,8476462,D. Hamilton,1,2
2026-03-24,2025021130,1,REG,12:52,NJD,ev,none,snap,1551,8477015,C. Brown,8481721,A. Gritsyuk,8478399,J. Siegenthaler,1,3
2026-03-24,2025021130,1,REG,17:19,NJD,ev,none,snap,1551,8481559,J. Hughes,8482684,L. Hughes,8479407,J. Bratt,1,4
2026-03-24,2025021130,2,REG,01:11,DAL,pp,none,snap,1451,8482740,W. Johnston,8475168,M. Duchene,8480027,J. Robertson,2,4
2026-03-24,2025021130,2,REG,12:31,DAL,ev,none,snap,1551,8480027,J. Robertson,8480878,N. Lundkvist,8482740,W. Johnston,3,4
2026-03-24,2025021130,3,REG,06:46,NJD,ev,none,snap,1551,8478414,T. Meier,8480002,N. Hischier,8482110,D. Mercer,3,5
2026-03-24,2025021130,3,REG,13:08,DAL,ev,none,tip-in,1551,8482145,M. Bourque,8484829,J. Hryckowian,8481581,T. Harley,4,5
2026-03-24,2025021130,3,REG,19:00,NJD,ev,empty-net,snap,1560,8476462,D. Hamilton,,,,,4,6
2026-03-24,2025021131,1,REG,17:25,WPG,ev,none,slap,1551,8478398,K. Connor,8477504,J. Morrissey,8476460,M. Scheifele,1,0
2026-03-24,2025021131,2,REG,02:08,WPG,ev,none,wrist,1551,8480113,A. Iafallo,8476460,M. Scheifele,,,2,0
2026-03-24,2025021131,2,REG,04:06,WPG,ev,none,wrist,1551,8482149,C. Perfetti,8480014,G. Vilardi,8476331,D. DeMelo,3,0
2026-03-24,2025021131,2,REG,10:29,VGK,pp,none,tip-in,1541,8478397,R. Andersson,8477964,I. Barbashev,8479353,B. Howden,3,1
2026-03-24,2025021131,3,REG,18:42,WPG,ev,empty-net,wrist,0651,8476460,M. Scheifele,8478398,K. Connor,,,4,1
2026-03-24,2025021133,1,REG,02:35,LAK,ev,none,backhand,1551,8482124,Q. Byfield,8476469,J. Armia,8474563,D. Doughty,0,1
2026-03-24,2025021133,2,REG,14:50,CGY,ev,none,wrist,1551,8476874,O. Maatta,8478109,V. Olofsson,8476458,R. Strome,1,1
2026-03-24,2025021133,3,REG,00:17,LAK,ev,none,snap,1551,8482124,Q. Byfield,8479675,T. Moore,8482155,A. Laferriere,1,2
2026-03-24,2025021133,3,REG,13:02,CGY,pp,none,wrist,1351,8484768,Z. Parekh,8482679,M. Coronato,8484860,M. Gridin,2,2
2026-03-24,2025021133,5,SO,00:00,CGY,ev,none,wrist,1010,8481068,Y. Sharangovich,,,,,3,2
2026-03-24,2025021132,1,REG,11:12,UTA,ev,none,snap,1551,8477021,A. Kerfoot,8480434,S. Durzi,8474013,I. Cole,1,0
2026-03-24,2025021132,1,REG,14:27,EDM,ev,none,wrist,1551,8478458,J. Roslovic,8478013,J. Walman,8476454,R. Nugent-Hopkins,1,1
2026-03-24,2025021132,2,REG,11:24,EDM,sh,none,wrist,1451,8483512,M. Savoie,8480803,E. Bouchard,8474641,A. Henrique,1,2
2026-03-24,2025021132,2,REG,11:59,UTA,pp,none,snap,1451,8478474,L. Crouse,8479619,M. Carcone,8477346,M. Weegar,2,2
2026-03-24,2025021132,2,REG,12:07,EDM,ev,none,wrist,1551,8478402,C. McDavid,8475218,M. Ekholm,8480803,E. Bouchard,2,3
2026-03-24,2025021132,2,REG,15:04,EDM,ev,none,wrist,1551,8478458,J. Roslovic,8475786,Z. Hyman,8480803,E. Bouchard,2,4
2026-03-24,2025021132,3,REG,19:52,EDM,ev,empty-net,wrist,1560,8478402,C. McDavid,,,,,2,5
2026-03-24,2025021134,1,REG,05:45,VAN,pp,none,wrist,1451,8478498,J. DeBrusk,8480012,E. Pettersson,8479425,F. Hronek,1,0
2026-03-24,2025021134,2,REG,05:26,ANA,ev,none,backhand,1551,8473986,A. Killorn,8474590,J. Carlson,8484762,B. Sennecke,1,1
2026-03-24,2025021134,2,REG,07:50,ANA,ev,none,bat,1551,8475798,M. Granlund,8484153,L. Carlsson,8474590,J. Carlson,1,2
2026-03-24,2025021134,2,REG,13:13,VAN,pp,none,snap,1451,8478444,B. Boeser,8479425,F. Hronek,8480012,E. Pettersson,2,2
2026-03-24,2025021134,3,REG,01:01,ANA,pp,none,snap,1541,8475798,M. Granlund,8475184,C. Kreider,8474590,J. Carlson,2,3
2026-03-24,2025021134,3,REG,02:22,VAN,ev,none,snap,1551,8482055,D. O'Connor,8475169,E. Kane,,,3,3
2026-03-24,2025021134,3,REG,05:45,ANA,ev,none,snap,1551,8482745,M. McTavish,8481605,J. LaCombe,8473986,A. Killorn,3,4
2026-03-24,2025021134,3,REG,19:55,ANA,ev,empty-net,wrist,1560,8478873,T. Terry,8475184,C. Kreider,8484153,L. Carlsson,3,5
2026-03-25,2025021135,1,REG,11:07,BOS,ev,none,snap,1551,8477956,D. Pastrnak,8483489,F. Minten,8482177,M. Khusnutdinov,0,1
2026-03-25,2025021135,1,REG,15:18,BUF,pp,none,snap,1451,8475722,J. Zucker,8479420,T. Thompson,8482097,J. Quinn,1,1
2026-03-25,2025021135,2,REG,09:45,BOS,ev,none,backhand,1551,8478042,V. Arvidsson,8477956,D. Pastrnak,8477507,N. Zadorov,1,2
2026-03-25,2025021135,3,REG,05:21,BUF,ev,none,wrist,1551,8484145,Z. Benson,,,,,2,2
2026-03-25,2025021135,3,REG,05:54,BUF,pp,none,wrist,1451,8475722,J. Zucker,8479420,T. Thompson,,,3,2
2026-03-25,2025021135,3,REG,14:00,BOS,ev,none,wrist,1551,8479999,C. Mittelstadt,8481219,J. Aspirot,8478401,P. Zacha,3,3
2026-03-25,2025021135,4,OT,00:38,BOS,ev,none,wrist,1331,8478401,P. Zacha,8477956,D. Pastrnak,8479325,C. McAvoy,3,4
2026-03-25,2025021136,1,REG,05:15,TOR,ev,none,wrist,1551,8476931,J. McCabe,8481711,M. Maccelli,8478057,D. Joshua,1,0
2026-03-25,2025021136,1,REG,12:08,TOR,ev,none,snap,1551,8481582,N. Robertson,8477503,M. Domi,,,2,0
2026-03-25,2025021136,2,REG,05:41,TOR,ev,none,wrist,1551,8478057,D. Joshua,8481711,M. Maccelli,8479361,J. Woll,3,0
2026-03-25,2025021136,2,REG,10:16,NYR,pp,none,wrist,1541,8482109,A. Lafrenière,8476468,J. Miller,8479323,A. Fox,3,1
2026-03-25,2025021136,2,REG,18:01,NYR,pp,none,snap,1541,8476459,M. Zibanejad,8482109,A. Lafrenière,8479323,A. Fox,3,2
2026-03-25,2025021136,3,REG,11:57,TOR,ev,none,wrist,1551,8475166,J. Tavares,,,,,4,2
2026-03-25,2025021136,3,REG,13:04,NYR,ev,none,backhand,1551,8476459,M. Zibanejad,8484210,G. Perreault,8482109,A. Lafrenière,4,3
2026-03-26,2025021137,1,REG,09:54,MTL,ev,none,snap,1551,8481593,J. Struble,8482737,Z. Bolduc,8483457,L. Hutson,1,0
2026-03-26,2025021137,1,REG,12:17,CBJ,ev,none,slap,1551,8476923,D. Severson,8476432,B. Jenner,8480806,I. Lundestrom,1,1
2026-03-26,2025021137,3,REG,04:36,MTL,ev,none,snap,1551,8482737,Z. Bolduc,8478133,J. Evans,8476875,M. Matheson,2,1
2026-03-26,2025021138,1,REG,04:28,OTT,pp,none,wrist,1451,8480208,D. Batherson,8480801,B. Tkachuk,8482116,T. Stützle,1,0
2026-03-26,2025021138,1,REG,13:46,PIT,ev,none,snap,1551,8476483,R. Rakell,8474578,E. Karlsson,,,1,1
2026-03-26,2025021138,2,REG,01:50,OTT,ev,none,backhand,1551,8476393,N. Cousins,8482095,T. Kleven,8476999,L. Ullmark,2,1
2026-03-26,2025021138,2,REG,03:45,PIT,ev,none,wrist,1551,8474578,E. Karlsson,8476483,R. Rakell,8485414,B. Kindel,2,2
2026-03-26,2025021138,3,REG,01:43,PIT,pp,none,slap,1531,8476483,R. Rakell,8474578,E. Karlsson,8475810,B. Rust,2,3
2026-03-26,2025021138,3,REG,03:58,OTT,ev,none,wrist,1551,8480208,D. Batherson,8482116,T. Stützle,8481606,J. Spence,3,3
2026-03-26,2025021138,5,SO,00:00,PIT,ev,none,snap,0101,8485414,B. Kindel,,,,,3,4
2026-03-26,2025021139,1,REG,15:18,SEA,ev,none,backhand,1551,8477986,B. Montour,8477919,F. Gaudreau,8484168,O. Fisker Molgaard,0,1
2026-03-26,2025021139,1,REG,17:01,TBL,ev,none,snap,1551,8478519,A. Cirelli,8479542,B. Hagel,8480426,C. D'Astous,1,1
2026-03-26,2025021139,1,REG,18:12,SEA,ev,none,wrist,1551,8481554,K. Kakko,8476905,C. Stephenson,8482259,B. McMann,1,2
2026-03-26,2025021139,2,REG,03:35,SEA,ev,none,snap,1551,8482259,B. McMann,8481554,K. Kakko,8476457,A. Larsson,1,3
2026-03-26,2025021139,2,REG,05:56,TBL,ev,none,snap,1551,8477404,J. Guentzel,8478178,D. Raddysh,8480426,C. D'Astous,2,3
2026-03-26,2025021139,2,REG,10:18,TBL,pp,none,snap,1451,8470621,C. Perry,8477404,J. Guentzel,8476453,N. Kucherov,3,3
2026-03-26,2025021139,4,OT,02:47,SEA,ev,none,wrist,1331,8477986,B. Montour,8483524,S. Wright,8484800,B. Catton,3,4
2026-03-26,2025021140,2,REG,02:47,MIN,ev,none,snap,1551,8475220,M. Foligno,8478508,Y. Trenin,8473507,J. Petry,0,1
2026-03-26,2025021140,2,REG,18:25,MIN,ev,none,wrist,1551,8477451,R. Hartman,,,,,0,2
2026-03-26,2025021140,3,REG,00:42,FLA,ev,none,tip-in,1551,8479314,M. Tkachuk,8478055,G. Forsling,8477935,S. Bennett,1,2
2026-03-26,2025021140,3,REG,18:47,FLA,ev,none,slap,1560,8477932,A. Ekblad,8477495,S. Jones,8479314,M. Tkachuk,2,2
2026-03-26,2025021140,3,REG,19:55,MIN,ev,none,wrist,1551,8478493,J. Eriksson Ek,8482122,B. Faber,,,2,3
2026-03-26,2025021141,1,REG,04:48,NYI,ev,none,wrist,1551,8477500,B. Horvat,8482476,E. Heineman,8485366,M. Schaefer,1,0
2026-03-26,2025021141,3,REG,02:19,NYI,ev,none,tip-in,1551,8484221,C. Ritchie,8485366,M. Schaefer,8477506,R. Pulock,2,0
2026-03-26,2025021141,3,REG,17:01,DAL,ev,none,wrist,0651,8475168,M. Duchene,8473994,J. Benn,8481581,T. Harley,2,1
2026-03-26,2025021142,1,REG,00:48,PHI,ev,none,snap,1551,8483731,A. Bump,8477989,C. Dvorak,,,1,0
2026-03-26,2025021142,1,REG,02:33,PHI,ev,none,snap,1551,8476461,S. Couturier,8476822,L. Glendening,,,2,0
2026-03-26,2025021142,2,REG,05:14,PHI,ev,none,snap,1551,8484142,D. Barkey,8481533,T. Zegras,8480015,O. Tippett,3,0
2026-03-26,2025021142,2,REG,11:11,CHI,ev,none,snap,1551,8484144,C. Bedard,8485391,A. Frondell,8481806,L. Crevier,3,1
2026-03-26,2025021142,2,REG,12:41,PHI,ev,none,backhand,1551,8480220,N. Cates,8484387,M. Michkov,8483731,A. Bump,4,1
2026-03-26,2025021142,2,REG,19:35,PHI,ev,none,tip-in,1551,8477989,C. Dvorak,8480015,O. Tippett,8480220,N. Cates,5,1
2026-03-26,2025021143,2,REG,17:19,STL,ev,none,snap,1551,8484164,D. Dvorsky,8482077,D. Holloway,8483516,J. Snuggerud,1,0
2026-03-26,2025021143,3,REG,05:04,SJS,ev,none,wrist,1551,8477505,A. Wennberg,8482667,W. Eklund,8480748,K. Sherwood,1,1
2026-03-26,2025021143,4,OT,04:57,STL,ev,none,backhand,1331,8482077,D. Holloway,8481598,P. Broberg,,,2,1
2026-03-26,2025021144,1,REG,18:02,NJD,ev,none,tip-in,1551,8479407,J. Bratt,8481559,J. Hughes,8478399,J. Siegenthaler,0,1
2026-03-26,2025021144,2,REG,09:13,NJD,ev,none,deflected,1551,8480002,N. Hischier,8479407,J. Bratt,8483495,S. Nemec,0,2
2026-03-26,2025021144,2,REG,11:09,NSH,ev,none,wrist,1551,8483513,R. Schaefer,8482768,F. Svechkov,8479980,N. Hague,1,2
2026-03-26,2025021144,2,REG,13:00,NSH,ev,none,backhand,1551,8474564,S. Stamkos,8482146,L. Evangelista,,,2,2
2026-03-26,2025021144,3,REG,14:07,NJD,pp,none,deflected,1541,8480002,N. Hischier,8481559,J. Hughes,8479407,J. Bratt,2,3
2026-03-26,2025021144,3,REG,19:27,NJD,ev,empty-net,wrist,1560,8478414,T. Meier,8477015,C. Brown,8478399,J. Siegenthaler,2,4
2026-03-26,2025021145,1,REG,09:55,WPG,ev,none,slap,1551,8476460,M. Scheifele,8478398,K. Connor,8477504,J. Morrissey,1,0
2026-03-26,2025021145,1,REG,17:40,COL,ev,none,wrist,1551,8480835,J. Drury,8484258,S. Malinski,8480448,P. Kelly,1,1
2026-03-26,2025021145,3,REG,00:13,COL,pp,none,wrist,1541,8477492,N. MacKinnon,8475172,N. Kadri,8480039,M. Necas,1,2
2026-03-26,2025021145,3,REG,03:55,COL,ev,none,tip-in,1551,8477492,N. MacKinnon,8477476,A. Lehkonen,8476455,G. Landeskog,1,3
2026-03-26,2025021145,3,REG,09:39,WPG,ev,none,tip-in,1551,8476460,M. Scheifele,8482149,C. Perfetti,8480014,G. Vilardi,2,3
2026-03-26,2025021146,1,REG,02:07,WSH,ev,none,slap,1551,8483491,I. Miroshnichenko,8482148,H. Lapierre,8479345,J. Chychrun,0,1
2026-03-26,2025021146,1,REG,13:04,UTA,pp,none,slap,1451,8482699,D. Guenther,8479343,C. Keller,8479410,M. Sergachev,1,1
2026-03-26,2025021146,1,REG,16:59,UTA,ev,none,backhand,1551,8482699,D. Guenther,8479343,C. Keller,8479410,M. Sergachev,2,1
2026-03-26,2025021146,1,REG,19:53,UTA,pp,none,wrist,1451,8483431,L. Cooley,8477951,N. Schmaltz,8479410,M. Sergachev,3,1
2026-03-26,2025021146,2,REG,05:01,WSH,ev,none,tip-in,1551,8471214,A. Ovechkin,8480873,R. Sandin,8480796,M. Fehérváry,3,2
2026-03-26,2025021146,2,REG,11:28,WSH,ev,none,snap,1551,8471214,A. Ovechkin,8478440,D. Strome,8477845,T. van Riemsdyk,3,3
2026-03-26,2025021146,3,REG,02:43,WSH,pp,none,tip-in,1541,8478463,A. Beauvillier,8484873,C. Hutson,8481580,C. McMichael,3,4
2026-03-26,2025021146,3,REG,06:02,WSH,ev,none,snap,1551,8480873,R. Sandin,8478463,A. Beauvillier,,,3,5
2026-03-26,2025021146,3,REG,08:06,UTA,ev,none,snap,1551,8477346,M. Weegar,8479343,C. Keller,8477021,A. Kerfoot,4,5
2026-03-26,2025021146,3,REG,09:54,WSH,ev,none,backhand,1551,8483491,I. Miroshnichenko,8479345,J. Chychrun,,,4,6
2026-03-26,2025021146,3,REG,19:54,WSH,ev,empty-net,wrist,1560,8471214,A. Ovechkin,8478440,D. Strome,,,4,7
2026-03-26,2025021147,2,REG,01:06,CGY,ev,none,tip-in,1551,8476399,B. Coleman,8480797,J. Farabee,8476874,O. Maatta,1,0
2026-03-26,2025021147,2,REG,03:07,ANA,ev,none,snap,1551,8475798,M. Granlund,,,,,1,1
2026-03-26,2025021147,3,REG,07:46,CGY,ev,none,wrist,1551,8484860,M. Gridin,8476874,O. Maatta,8482679,M. Coronato,2,1
2026-03-26,2025021147,3,REG,16:27,ANA,pp,none,snap,1541,8475798,M. Granlund,8484153,L. Carlsson,8474590,J. Carlson,2,2
2026-03-26,2025021147,4,OT,04:59,ANA,pp,none,slap,1431,8475798,M. Granlund,8474590,J. Carlson,8483445,C. Gauthier,2,3
2026-03-26,2025021148,1,REG,11:52,EDM,ev,none,wrist,1551,8483512,M. Savoie,8478402,C. McDavid,8480803,E. Bouchard,0,1
2026-03-26,2025021148,2,REG,04:09,VGK,ev,none,backhand,1551,8475913,M. Stone,8478403,J. Eichel,8477964,I. Barbashev,1,1
2026-03-26,2025021148,2,REG,07:27,EDM,ev,none,wrist,1551,8478402,C. McDavid,8481617,V. Podkolzin,8475218,M. Ekholm,1,2
2026-03-26,2025021148,2,REG,14:51,VGK,ev,none,backhand,1551,8475913,M. Stone,,,,,2,2
2026-03-26,2025021148,2,REG,16:42,EDM,ev,none,wrist,1551,8475786,Z. Hyman,,,,,2,3
2026-03-26,2025021148,3,REG,06:21,VGK,ev,none,wrist,1551,8477964,I. Barbashev,8481604,P. Dorofeyev,8477447,S. Theodore,3,3
2026-03-26,2025021148,4,OT,03:10,EDM,ev,none,snap,1331,8480803,E. Bouchard,8478402,C. McDavid,,,3,4
2026-03-26,2025021149,1,REG,17:34,LAK,pp,none,deflected,1541,8476872,S. Laughton,8482124,Q. Byfield,8479675,T. Moore,0,1
2026-03-26,2025021149,2,REG,01:21,LAK,ev,none,tip-in,1551,8479675,T. Moore,8479998,M. Anderson,8482155,A. Laferriere,0,2
2026-03-26,2025021149,2,REG,19:21,LAK,ev,none,backhand,1551,8478550,A. Panarin,8477960,A. Kempe,,,0,3
2026-03-26,2025021149,3,REG,17:36,LAK,ev,empty-net,wrist,1560,8482124,Q. Byfield,8479998,M. Anderson,8474563,D. Doughty,0,4
2026-03-27,2025021150,1,REG,04:02,DET,pp,none,wrist,1541,8479337,A. DeBrincat,8481542,M. Seider,8477946,D. Larkin,0,1
2026-03-27,2025021150,1,REG,09:11,DET,pp,none,snap,1541,8482078,L. Raymond,8481542,M. Seider,,,0,2
2026-03-27,2025021150,1,REG,16:06,DET,ev,none,wrist,1551,8483464,M. Kasper,8484471,E. Finnie,8474037,J. van Riemsdyk,0,3
2026-03-27,2025021150,2,REG,05:35,BUF,ev,none,slap,1551,8479420,T. Thompson,8481522,P. Krebs,8479982,C. Timmins,1,3
2026-03-27,2025021150,3,REG,15:46,DET,ev,none,snap,1551,8480879,J. Bernard-Docker,8474141,P. Kane,8479337,A. DeBrincat,1,4
2026-03-27,2025021150,3,REG,16:25,BUF,ev,none,wrist,1551,8480839,R. Dahlin,8476871,T. Pearson,8481524,B. Byram,2,4
2026-03-27,2025021150,3,REG,18:17,DET,ev,empty-net,wrist,1560,8474141,P. Kane,8479337,A. DeBrincat,,,2,5
2026-03-27,2025021151,1,REG,17:34,CHI,ev,none,wrist,1551,8484185,N. Lardis,8477479,T. Bertuzzi,8481568,A. Vlasic,0,1
2026-03-27,2025021151,1,REG,18:32,NYR,ev,none,deflected,1551,8476468,J. Miller,8477839,C. Sheary,8482073,B. Schneider,1,1
2026-03-27,2025021151,2,REG,05:24,NYR,ev,none,wrist,1551,8481525,M. Robertson,8476468,J. Miller,,,2,1
2026-03-27,2025021151,2,REG,08:20,NYR,ev,none,snap,1551,8483669,A. Sykora,8482157,W. Cuylle,8476389,V. Trocheck,3,1
2026-03-27,2025021151,2,REG,16:07,NYR,ev,none,snap,1551,8477380,J. Brodzinski,8478840,W. Borgen,8482877,J. Chmelar,4,1
2026-03-27,2025021151,3,REG,13:17,NYR,pp,none,tip-in,1451,8482109,A. Lafrenière,8479323,A. Fox,8476468,J. Miller,5,1
2026-03-27,2025021151,3,REG,16:00,NYR,ev,none,snap,1551,8477380,J. Brodzinski,8479390,T. Raddysh,8484169,D. Fortescue,6,1
2026-03-28,2025021152,1,REG,00:18,OTT,ev,none,wrist,1551,8481528,D. Cozens,8482095,T. Kleven,8480801,B. Tkachuk,0,1
2026-03-28,2025021152,1,REG,04:25,OTT,ev,none,wrist,1551,8481606,J. Spence,8476393,N. Cousins,8482245,A. Zub,0,2
2026-03-28,2025021152,2,REG,03:37,TBL,ev,none,wrist,1551,8479542,B. Hagel,8480426,C. D'Astous,8482929,E. Lilleberg,1,2
2026-03-28,2025021152,2,REG,05:14,TBL,ev,none,wrist,1551,8480426,C. D'Astous,8476826,Y. Gourde,8476878,Z. Girgensons,2,2
2026-03-28,2025021152,3,REG,08:51,TBL,ev,none,backhand,1551,8482929,E. Lilleberg,8479542,B. Hagel,8482201,G. Goncalves,3,2
2026-03-28,2025021152,3,REG,17:48,TBL,ev,none,wrist,1551,8477404,J. Guentzel,8470621,C. Perry,8482929,E. Lilleberg,4,2
2026-03-28,2025021153,1,REG,08:06,FLA,ev,none,backhand,1551,8479314,M. Tkachuk,8477495,S. Jones,,,0,1
2026-03-28,2025021153,1,REG,14:03,FLA,ev,none,between-legs,1551,8479314,M. Tkachuk,,,,,0,2
2026-03-28,2025021153,2,REG,05:28,NYI,ev,none,wrist,1551,8483553,M. Gatcomb,8476917,A. Pelech,8476429,S. Mayfield,1,2
2026-03-28,2025021153,2,REG,12:09,NYI,ev,none,snap,1551,8475170,B. Schenn,8484221,C. Ritchie,8485366,M. Schaefer,2,2
2026-03-28,2025021153,2,REG,14:52,NYI,pp,none,snap,1451,8481601,S. Holmstrom,8485366,M. Schaefer,8475170,B. Schenn,3,2
2026-03-28,2025021153,2,REG,17:00,NYI,ev,none,snap,1551,8482476,E. Heineman,8475314,A. Lee,8475170,B. Schenn,4,2
2026-03-28,2025021153,2,REG,17:57,NYI,ev,none,wrist,1551,8475231,C. Cizikas,8477369,C. Soucy,8483553,M. Gatcomb,5,2
2026-03-28,2025021154,2,REG,07:36,EDM,ev,none,backhand,1551,8478402,C. McDavid,8479368,M. Jones,8480803,E. Bouchard,1,0
2026-03-28,2025021154,3,REG,04:59,EDM,ev,none,wrist,1551,8478458,J. Roslovic,8475786,Z. Hyman,8480803,E. Bouchard,2,0
2026-03-28,2025021154,3,REG,06:10,EDM,ev,none,tip-in,1551,8483512,M. Savoie,8481617,V. Podkolzin,8478402,C. McDavid,3,0
2026-03-28,2025021154,3,REG,06:53,ANA,ev,none,tip-in,1551,8484762,B. Sennecke,8474590,J. Carlson,8481605,J. LaCombe,3,1
2026-03-28,2025021154,3,REG,09:41,ANA,ev,none,snap,1551,8483445,C. Gauthier,8479705,J. Viel,8474590,J. Carlson,3,2
2026-03-28,2025021154,3,REG,19:43,EDM,ev,empty-net,wrist,0651,8475786,Z. Hyman,8478402,C. McDavid,8476473,C. Murphy,4,2
2026-03-28,2025021155,1,REG,01:01,BOS,ev,none,wrist,1551,8479369,A. Peeke,8477956,D. Pastrnak,8483489,F. Minten,1,0
2026-03-28,2025021155,1,REG,14:00,BOS,ev,none,snap,1551,8478401,P. Zacha,8478042,V. Arvidsson,8479999,C. Mittelstadt,2,0
2026-03-28,2025021155,2,REG,10:27,BOS,ev,none,snap,1551,8478042,V. Arvidsson,8477956,D. Pastrnak,8476854,H. Lindholm,3,0
2026-03-28,2025021155,2,REG,14:46,MIN,ev,none,wrist,1551,8478864,K. Kaprizov,8477451,R. Hartman,8482122,B. Faber,3,1
2026-03-28,2025021155,3,REG,03:48,BOS,ev,none,wrist,1551,8477496,E. Lindholm,8482117,L. Reichel,8476854,H. Lindholm,4,1
2026-03-28,2025021155,3,REG,07:57,MIN,pp,none,wrist,1531,8475692,M. Zuccarello,8480800,Q. Hughes,,,4,2
2026-03-28,2025021155,3,REG,13:44,MIN,ev,none,bat,1551,8477451,R. Hartman,8480800,Q. Hughes,8475692,M. Zuccarello,4,3
2026-03-28,2025021155,3,REG,16:50,BOS,ev,none,tip-in,1551,8478401,P. Zacha,8479999,C. Mittelstadt,,,5,3
2026-03-28,2025021155,3,REG,19:26,BOS,ev,empty-net,wrist,0651,8477496,E. Lindholm,8479999,C. Mittelstadt,,,6,3
2026-03-28,2025021156,1,REG,02:12,PIT,pp,none,tip-in,1451,8477511,A. Mantha,8474578,E. Karlsson,8476483,R. Rakell,1,0
2026-03-28,2025021156,2,REG,02:10,DAL,ev,none,wrist,1551,8484829,J. Hryckowian,8476278,C. Blackwell,8473994,J. Benn,1,1
2026-03-28,2025021156,2,REG,02:58,PIT,ev,none,wrist,1551,8474578,E. Karlsson,8478450,P. Wotherspoon,,,2,1
2026-03-28,2025021156,2,REG,07:12,DAL,pp,none,wrist,1541,8480027,J. Robertson,8478420,M. Rantanen,8475168,M. Duchene,2,2
2026-03-28,2025021156,2,REG,10:12,DAL,pp,none,slap,1541,8478420,M. Rantanen,8480027,J. Robertson,8480036,M. Heiskanen,2,3
2026-03-28,2025021156,2,REG,11:38,DAL,ev,none,slap,1551,8483425,L. Bichsel,8482145,M. Bourque,8480840,O. Bäck,2,4
2026-03-28,2025021156,3,REG,08:54,PIT,ev,none,deflected,1551,8478569,N. Acciari,8481725,E. Soderblom,8474578,E. Karlsson,3,4
2026-03-28,2025021156,3,REG,16:52,DAL,ev,empty-net,wrist,1560,8482145,M. Bourque,8474574,T. Myers,,,3,5
2026-03-28,2025021156,3,REG,18:50,DAL,ev,empty-net,wrist,1560,8482145,M. Bourque,8473994,J. Benn,8476902,E. Lindell,3,6
2026-03-28,2025021157,1,REG,17:06,NJD,ev,none,wrist,1551,8478414,T. Meier,8482110,D. Mercer,8480002,N. Hischier,0,1
2026-03-28,2025021157,2,REG,10:10,CAR,pp,none,snap,1451,8477940,N. Ehlers,8482100,A. Nikishin,8475791,T. Hall,1,1
2026-03-28,2025021157,2,REG,13:48,CAR,ev,none,wrist,1551,8482809,J. Blake,8475791,T. Hall,8476906,S. Gostisbehere,2,1
2026-03-28,2025021157,2,REG,15:13,CAR,ev,none,tip-in,1551,8473533,J. Staal,8477940,N. Ehlers,8476921,J. Martinook,3,1
2026-03-28,2025021157,3,REG,15:25,CAR,ev,none,snap,1551,8476906,S. Gostisbehere,,,,,4,1
2026-03-28,2025021157,3,REG,17:40,CAR,sh,empty-net,wrist,0641,8482093,S. Jarvis,8480336,S. Walker,8478427,S. Aho,5,1
2026-03-28,2025021157,3,REG,19:36,NJD,ev,none,wrist,1551,8474149,E. Dadonov,8480192,J. Kovacevic,8475455,B. Dillon,5,2
2026-03-28,2025021158,1,REG,00:31,CBJ,ev,none,wrist,1551,8483485,D. Mateychuk,8484166,A. Fantilli,,,1,0
2026-03-28,2025021158,1,REG,17:17,SJS,ev,none,snap,1551,8484994,I. Chernyshov,8484227,W. Smith,,,1,1
2026-03-28,2025021158,2,REG,12:09,CBJ,ev,none,snap,1551,8482705,C. Sillinger,8478500,I. Provorov,,,2,1
2026-03-28,2025021158,3,REG,00:57,SJS,pp,none,slap,1541,8484801,M. Celebrini,8475200,D. Orlov,8477505,A. Wennberg,2,2
2026-03-28,2025021158,3,REG,18:35,SJS,ev,none,snap,1551,8484994,I. Chernyshov,8484227,W. Smith,8484801,M. Celebrini,2,3
2026-03-28,2025021159,1,REG,12:42,SEA,ev,none,snap,1551,8476905,C. Stephenson,8481554,K. Kakko,8482259,B. McMann,0,1
2026-03-28,2025021159,2,REG,13:18,SEA,ev,none,snap,1551,8482259,B. McMann,8481554,K. Kakko,8476905,C. Stephenson,0,2
2026-03-28,2025021159,2,REG,15:55,BUF,pp,none,wrist,1451,8480839,R. Dahlin,8479420,T. Thompson,8482097,J. Quinn,1,2
2026-03-28,2025021159,3,REG,11:39,BUF,ev,none,wrist,1551,8481522,P. Krebs,8484145,Z. Benson,,,2,2
2026-03-28,2025021159,5,SO,00:00,BUF,ev,none,snap,1010,8479420,T. Thompson,,,,,3,2
2026-03-28,2025021160,2,REG,05:21,STL,ev,none,snap,1551,8483516,J. Snuggerud,8475764,C. Fowler,8482077,D. Holloway,1,0
2026-03-28,2025021160,2,REG,10:35,STL,ev,none,wrist,1551,8475718,J. Holl,8479385,J. Kyrou,8477402,P. Buchnevich,2,0
2026-03-28,2025021160,3,REG,05:07,TOR,ev,none,wrist,1551,8476931,J. McCabe,8478057,D. Joshua,8484901,J. Quillan,2,1
2026-03-28,2025021160,3,REG,06:46,STL,sh,none,snap,1541,8480459,P. Suter,8480023,R. Thomas,,,3,1
2026-03-28,2025021160,3,REG,09:10,STL,ev,none,snap,1551,8482077,D. Holloway,8479385,J. Kyrou,8482089,J. Neighbours,4,1
2026-03-28,2025021160,3,REG,18:24,STL,pp,none,wrist,1451,8481598,P. Broberg,8482089,J. Neighbours,8480023,R. Thomas,5,1
2026-03-28,2025021161,1,REG,11:34,MTL,ev,none,wrist,1551,8484984,I. Demidov,8480018,N. Suzuki,,,0,1
2026-03-28,2025021161,2,REG,03:12,MTL,ev,none,wrist,1551,8482775,O. Kapanen,8481618,A. Newhook,8483457,L. Hutson,0,2
2026-03-28,2025021161,2,REG,14:45,MTL,ev,none,wrist,1551,8481540,C. Caufield,8480018,N. Suzuki,,,0,3
2026-03-28,2025021161,2,REG,16:23,MTL,ev,none,wrist,1551,8481618,A. Newhook,8484984,I. Demidov,8482775,O. Kapanen,0,4
2026-03-28,2025021161,3,REG,16:26,NSH,ev,none,wrist,1551,8482742,Z. L'Heureux,8482715,R. Ufko,8484241,M. Wood,1,4
2026-03-28,2025021162,1,REG,03:51,WPG,ev,none,tip-in,1551,8480014,G. Vilardi,8477504,J. Morrissey,8476392,A. Lowry,0,1
2026-03-28,2025021162,1,REG,08:59,COL,pp,none,tip-in,1451,8475754,B. Nelson,8475172,N. Kadri,8480069,C. Makar,1,1
2026-03-28,2025021162,2,REG,02:14,WPG,ev,none,wrist,1551,8481043,C. Koepke,8473604,J. Toews,8483510,E. Salomonsson,1,2
2026-03-28,2025021162,2,REG,18:05,COL,ev,none,tip-in,1551,8480448,P. Kelly,8476312,J. Manson,8477501,V. Nichushkin,2,2
2026-03-28,2025021162,3,REG,14:49,WPG,ev,none,tip-in,1551,8482149,C. Perfetti,8480196,J. Bryson,8480014,G. Vilardi,2,3
2026-03-28,2025021162,3,REG,17:51,WPG,ev,empty-net,wrist,1560,8478398,K. Connor,8476460,M. Scheifele,8480049,D. Samberg,2,4
2026-03-28,2025021163,1,REG,04:07,PHI,ev,none,wrist,1551,8480015,O. Tippett,8481533,T. Zegras,,,0,1
2026-03-28,2025021163,2,REG,12:22,PHI,ev,none,wrist,1551,8480015,O. Tippett,8484142,D. Barkey,8482142,J. Drysdale,0,2
2026-03-28,2025021163,2,REG,16:08,PHI,pp,none,wrist,1541,8480220,N. Cates,8484387,M. Michkov,8478439,T. Konecny,0,3
2026-03-28,2025021163,3,REG,07:19,PHI,pp,none,snap,1541,8480015,O. Tippett,8482142,J. Drysdale,8478439,T. Konecny,0,4
2026-03-28,2025021163,3,REG,13:43,DET,ev,none,snap,1551,8478891,M. Appleton,8475753,J. Faulk,,,1,4
2026-03-28,2025021163,3,REG,15:10,DET,ev,none,wrist,1551,8479337,A. DeBrincat,8474141,P. Kane,8481542,M. Seider,2,4
2026-03-28,2025021163,3,REG,16:14,DET,ev,none,snap,1560,8482078,L. Raymond,8481542,M. Seider,8474141,P. Kane,3,4
2026-03-28,2025021163,3,REG,17:56,PHI,ev,empty-net,wrist,1560,8476461,S. Couturier,8480015,O. Tippett,,,3,5
2026-03-28,2025021164,1,REG,02:31,UTA,ev,none,tip-in,1551,8477021,A. Kerfoot,8478507,J. Marino,,,0,1
2026-03-28,2025021164,1,REG,16:33,UTA,ev,none,snap,1551,8483431,L. Cooley,8479410,M. Sergachev,8482699,D. Guenther,0,2
2026-03-28,2025021164,1,REG,17:51,LAK,ev,none,tip-in,1551,8471685,A. Kopitar,8477960,A. Kempe,8476441,J. Edmundson,1,2
2026-03-28,2025021164,1,REG,19:51,UTA,pp,none,wrist,1541,8483431,L. Cooley,8479343,C. Keller,8479410,M. Sergachev,1,3
2026-03-28,2025021164,2,REG,12:37,UTA,ev,none,wrist,1551,8477021,A. Kerfoot,8474013,I. Cole,,,1,4
2026-03-28,2025021164,2,REG,16:17,UTA,pp,none,wrist,1541,8477951,N. Schmaltz,8479343,C. Keller,8479410,M. Sergachev,1,5
2026-03-28,2025021164,3,REG,04:34,LAK,ev,none,wrist,1551,8477960,A. Kempe,,,,,2,5
2026-03-28,2025021164,3,REG,13:53,UTA,ev,empty-net,wrist,1560,8480855,J. McBain,8482175,J. Peterka,8479410,M. Sergachev,2,6
2026-03-28,2025021165,1,REG,03:04,CGY,ev,none,wrist,1551,8482679,M. Coronato,8484768,Z. Parekh,8480028,M. Frost,1,0
2026-03-28,2025021165,1,REG,04:59,CGY,ev,none,tip-in,1551,8480797,J. Farabee,8480727,Z. Whitecloud,8474150,M. Backlund,2,0
2026-03-28,2025021165,1,REG,18:53,VAN,ev,none,snap,1551,8483499,L. Ohgren,8481024,L. Karlsson,8480012,E. Pettersson,2,1
2026-03-28,2025021165,2,REG,01:32,CGY,ev,none,tip-in,1551,8476458,R. Strome,8476874,O. Maatta,8481068,Y. Sharangovich,3,1
2026-03-28,2025021165,2,REG,04:36,CGY,ev,none,poke,1551,8476874,O. Maatta,8476458,R. Strome,8484150,H. Brzustewicz,4,1
2026-03-28,2025021165,2,REG,04:47,CGY,ev,none,backhand,1551,8480028,M. Frost,8482679,M. Coronato,8484860,M. Gridin,5,1
2026-03-28,2025021165,2,REG,13:36,VAN,pp,none,tip-in,1541,8478498,J. DeBrusk,8478444,B. Boeser,8480012,E. Pettersson,5,2
2026-03-28,2025021165,2,REG,19:23,CGY,pp,none,wrist,1451,8484768,Z. Parekh,8482679,M. Coronato,8480028,M. Frost,6,2
2026-03-28,2025021165,3,REG,12:40,VAN,ev,none,tip-in,1551,8481535,N. Hoglander,8483768,V. Mancini,8484798,Z. Buium,6,3
2026-03-28,2025021165,3,REG,19:52,CGY,pp,none,wrist,1451,8483609,A. Klapka,8482747,B. Othmann,8484150,H. Brzustewicz,7,3
2026-03-28,2025021166,1,REG,06:06,WSH,ev,none,wrist,1551,8482148,H. Lapierre,8483491,I. Miroshnichenko,8479520,B. Duhaime,0,1
2026-03-28,2025021166,2,REG,01:55,WSH,pp,none,snap,1541,8482088,J. Sourdif,8481580,C. McMichael,8484873,C. Hutson,0,2
2026-03-28,2025021166,2,REG,06:49,WSH,ev,none,tip-in,1551,8478463,A. Beauvillier,8484186,R. Leonard,8482088,J. Sourdif,0,3
2026-03-28,2025021166,2,REG,10:38,VGK,sh,none,snap,1541,8475343,N. Dowd,,,,,1,3
2026-03-28,2025021166,2,REG,11:03,VGK,sh,none,wrist,1541,8478397,R. Andersson,8478403,J. Eichel,,,2,3
2026-03-28,2025021166,2,REG,13:18,VGK,ev,none,wrist,1551,8478403,J. Eichel,8478397,R. Andersson,,,3,3
2026-03-28,2025021166,3,REG,00:31,VGK,pp,none,snap,1451,8478483,M. Marner,8481604,P. Dorofeyev,8478403,J. Eichel,4,3
2026-03-28,2025021166,3,REG,08:54,WSH,pp,none,snap,1541,8478440,D. Strome,8484873,C. Hutson,8471214,A. Ovechkin,4,4
2026-03-28,2025021166,5,SO,00:00,WSH,ev,none,backhand,0101,8478440,D. Strome,,,,,4,5
2026-03-29,2025021167,3,REG,05:10,NYR,ev,none,tip-in,1551,8483669,A. Sykora,8479323,A. Fox,8483690,N. Laba,1,0
2026-03-29,2025021167,3,REG,11:14,NYR,sh,none,snap,1541,8477839,C. Sheary,8476468,J. Miller,,,2,0
2026-03-29,2025021167,3,REG,16:06,NYR,ev,empty-net,wrist,0651,8479323,A. Fox,8478840,W. Borgen,,,3,0
2026-03-29,2025021167,3,REG,19:19,FLA,ev,none,wrist,1551,8482713,M. Samoskevich,8480003,J. Boqvist,8482107,M. Benning,3,1
2026-03-29,2025021168,2,REG,08:31,NSH,ev,none,deflected,1551,8483465,J. Kemell,8476887,F. Forsberg,8482111,J. Barron,0,1
2026-03-29,2025021168,2,REG,13:32,TBL,ev,none,wrist,1551,8477404,J. Guentzel,8478178,D. Raddysh,8480426,C. D'Astous,1,1
2026-03-29,2025021168,3,REG,04:33,TBL,ev,none,snap,1551,8479542,B. Hagel,8477404,J. Guentzel,,,2,1
2026-03-29,2025021168,3,REG,04:53,NSH,ev,none,tip-in,1551,8476887,F. Forsberg,8482768,F. Svechkov,8482482,A. Wilsby,2,2
2026-03-29,2025021168,3,REG,06:52,TBL,ev,none,snap,1551,8470621,C. Perry,8477404,J. Guentzel,8482929,E. Lilleberg,3,2
2026-03-29,2025021169,1,REG,08:37,CAR,pp,none,slap,1451,8480830,A. Svechnikov,8482093,S. Jarvis,8478427,S. Aho,1,0
2026-03-29,2025021169,2,REG,06:18,MTL,ev,none,snap,1551,8480018,N. Suzuki,8481540,C. Caufield,8483457,L. Hutson,1,1
2026-03-29,2025021169,2,REG,17:32,MTL,ev,none,snap,1551,8481540,C. Caufield,8480018,N. Suzuki,8483457,L. Hutson,1,2
2026-03-29,2025021169,2,REG,19:53,MTL,pp,none,wrist,1541,8480018,N. Suzuki,8483515,J. Slafkovský,8484984,I. Demidov,1,3
2026-03-29,2025021170,1,REG,06:17,CBJ,ev,none,snap,1551,8476432,B. Jenner,8478856,C. Garland,,,1,0
2026-03-29,2025021170,1,REG,07:45,CBJ,ev,none,tip-in,1551,8478975,M. Marchment,8478500,I. Provorov,8480893,K. Marchenko,2,0
2026-03-29,2025021170,1,REG,19:32,CBJ,pp,none,snap,1451,8475745,C. Coyle,8480893,K. Marchenko,8478975,M. Marchment,3,0
2026-03-29,2025021170,3,REG,06:29,BOS,ev,none,wrist,1551,8479325,C. McAvoy,8478401,P. Zacha,8478042,V. Arvidsson,3,1
2026-03-29,2025021170,3,REG,08:43,BOS,pp,none,tip-in,1541,8478401,P. Zacha,8479325,C. McAvoy,8478042,V. Arvidsson,3,2
2026-03-29,2025021170,3,REG,19:49,BOS,pp,none,snap,0641,8478401,P. Zacha,8478042,V. Arvidsson,,,3,3
2026-03-29,2025021170,5,SO,00:00,BOS,ev,none,backhand,0101,8478042,V. Arvidsson,,,,,3,4
2026-03-29,2025021171,1,REG,04:19,CHI,ev,none,wrist,1551,8481624,I. Mikheyev,8485391,A. Frondell,8481806,L. Crevier,0,1
2026-03-29,2025021171,1,REG,11:15,NJD,pp,none,deflected,1451,8477015,C. Brown,8482684,L. Hughes,8481559,J. Hughes,1,1
2026-03-29,2025021171,1,REG,13:11,CHI,ev,none,wrist,1551,8483493,F. Nazar,8477987,R. Donato,8477444,A. Burakovsky,1,2
2026-03-29,2025021171,2,REG,15:48,NJD,ev,none,snap,1551,8483495,S. Nemec,8482110,D. Mercer,8480002,N. Hischier,2,2
2026-03-29,2025021171,3,REG,10:51,CHI,pp,none,slap,1531,8483493,F. Nazar,8484144,C. Bedard,8485391,A. Frondell,2,3
2026-03-29,2025021171,3,REG,14:32,NJD,ev,none,snap,1551,8476462,D. Hamilton,8481559,J. Hughes,8478414,T. Meier,3,3
2026-03-29,2025021171,3,REG,14:51,NJD,ev,none,wrist,1551,8481559,J. Hughes,8479407,J. Bratt,8478399,J. Siegenthaler,4,3
2026-03-29,2025021171,3,REG,19:29,NJD,ev,empty-net,wrist,0651,8481559,J. Hughes,8480002,N. Hischier,8480192,J. Kovacevic,5,3
2026-03-29,2025021172,2,REG,09:48,PHI,pp,none,wrist,1451,8478439,T. Konecny,8484387,M. Michkov,8477499,R. Ristolainen,1,0
2026-03-29,2025021172,2,REG,17:53,DAL,sh,none,snap,1451,8484938,A. Hyry,,,,,1,1
2026-03-29,2025021172,4,OT,03:27,PHI,ev,none,snap,1331,8481533,T. Zegras,8481546,C. York,8481035,S. Ersson,2,1
2026-03-30,2025021173,2,REG,01:27,NYI,pp,none,backhand,1451,8475314,A. Lee,8480871,A. Boqvist,8476419,J. Pageau,1,0
2026-03-30,2025021173,2,REG,02:56,NYI,ev,none,snap,1551,8478445,M. Barzal,8484221,C. Ritchie,8480871,A. Boqvist,2,0
2026-03-30,2025021173,2,REG,06:41,PIT,ev,none,snap,1551,8481725,E. Soderblom,8480980,C. Dewar,8478569,N. Acciari,2,1
2026-03-30,2025021173,2,REG,09:17,NYI,ev,none,snap,1551,8475170,B. Schenn,8478445,M. Barzal,8484221,C. Ritchie,3,1
2026-03-30,2025021173,2,REG,11:01,PIT,sh,none,deflected,1451,8476483,R. Rakell,8475810,B. Rust,8478450,P. Wotherspoon,3,2
2026-03-30,2025021173,2,REG,13:29,PIT,ev,none,slap,1551,8478854,R. Shea,8477511,A. Mantha,8471675,S. Crosby,3,3
2026-03-30,2025021173,2,REG,14:35,PIT,ev,none,backhand,1551,8477511,A. Mantha,8479638,J. Brazeau,8478450,P. Wotherspoon,3,4
2026-03-30,2025021173,2,REG,17:18,PIT,ev,none,backhand,1551,8477511,A. Mantha,8479638,J. Brazeau,8471724,K. Letang,3,5
2026-03-30,2025021173,3,REG,06:06,PIT,ev,none,snap,1551,8482993,A. Hayes,8485414,B. Kindel,8478438,T. Novak,3,6
2026-03-30,2025021173,3,REG,07:54,PIT,ev,none,deflected,1551,8476483,R. Rakell,8479638,J. Brazeau,8479398,S. Girard,3,7
2026-03-30,2025021173,3,REG,16:16,PIT,ev,none,wrist,1551,8475810,B. Rust,8471675,S. Crosby,8471724,K. Letang,3,8
2026-03-30,2025021174,1,REG,02:31,COL,ev,none,snap,1551,8480835,J. Drury,8480448,P. Kelly,8484258,S. Malinski,1,0
2026-03-30,2025021174,1,REG,06:31,COL,pp,none,snap,1351,8475172,N. Kadri,8480039,M. Necas,8480069,C. Makar,2,0
2026-03-30,2025021174,1,REG,07:37,COL,pp,none,snap,1451,8475172,N. Kadri,,,,,3,0
2026-03-30,2025021174,1,REG,09:19,COL,ev,none,snap,1551,8476455,G. Landeskog,8475754,B. Nelson,8477501,V. Nichushkin,4,0
2026-03-30,2025021174,1,REG,15:50,COL,ev,none,tip-in,1551,8480448,P. Kelly,8480069,C. Makar,8480835,J. Drury,5,0
2026-03-30,2025021174,2,REG,03:37,CGY,ev,none,slap,1551,8482747,B. Othmann,8481556,J. Beecher,,,5,1
2026-03-30,2025021174,2,REG,19:25,COL,pp,none,slap,1451,8477492,N. MacKinnon,8480069,C. Makar,8475754,B. Nelson,6,1
2026-03-30,2025021174,3,REG,06:24,COL,ev,none,wrist,1551,8480039,M. Necas,8477492,N. MacKinnon,8477476,A. Lehkonen,7,1
2026-03-30,2025021174,3,REG,08:10,COL,ev,none,backhand,1551,8484258,S. Malinski,8480448,P. Kelly,8480835,J. Drury,8,1
2026-03-30,2025021174,3,REG,12:53,CGY,ev,none,wrist,1551,8476458,R. Strome,8481068,Y. Sharangovich,8478109,V. Olofsson,8,2
2026-03-30,2025021174,3,REG,16:48,COL,ev,none,snap,1551,8477476,A. Lehkonen,8477492,N. MacKinnon,8480039,M. Necas,9,2
2026-03-30,2025021175,1,REG,12:19,VAN,ev,none,backhand,1551,8475169,E. Kane,8478498,J. DeBrusk,,,0,1
2026-03-30,2025021175,2,REG,07:48,VGK,ev,none,wrist,1551,8478397,R. Andersson,8476881,T. Hertl,8478396,N. Hanifin,1,1
2026-03-30,2025021175,2,REG,12:17,VAN,pp,none,tip-in,1541,8478444,B. Boeser,8479425,F. Hronek,8480012,E. Pettersson,1,2
2026-03-30,2025021175,2,REG,17:17,VGK,ev,none,snap,1551,8477447,S. Theodore,8477964,I. Barbashev,8475913,M. Stone,2,2
2026-03-30,2025021175,2,REG,18:34,VGK,ev,none,wrist,1551,8475191,R. Smith,8475188,B. McNabb,,,3,2
2026-03-30,2025021175,3,REG,18:50,VGK,ev,empty-net,backhand,0651,8482062,C. Smith,8478468,J. Lauzon,8475343,N. Dowd,4,2
2026-03-30,2025021176,1,REG,06:43,ANA,ev,none,snap,1551,8484153,L. Carlsson,8478873,T. Terry,8482803,O. Zellweger,1,0
2026-03-30,2025021176,1,REG,09:46,ANA,pp,none,snap,1451,8483445,C. Gauthier,8475798,M. Granlund,8475184,C. Kreider,2,0
2026-03-30,2025021176,1,REG,14:18,TOR,pp,none,snap,1541,8475166,J. Tavares,8477939,W. Nylander,8475171,O. Ekman-Larsson,2,1
2026-03-30,2025021176,2,REG,11:33,ANA,ev,none,snap,1441,8474590,J. Carlson,8481605,J. LaCombe,8484762,B. Sennecke,3,1
2026-03-30,2025021176,3,REG,06:55,TOR,pp,none,snap,1541,8482720,M. Knies,8477939,W. Nylander,8475171,O. Ekman-Larsson,3,2
2026-03-30,2025021176,3,REG,10:14,TOR,ev,none,snap,1551,8477939,W. Nylander,8484158,E. Cowan,,,3,3
2026-03-30,2025021176,3,REG,17:00,TOR,ev,none,snap,1551,8476853,M. Rielly,8477939,W. Nylander,8475166,J. Tavares,3,4
2026-03-30,2025021176,3,REG,18:21,ANA,ev,none,wrist,1551,8484153,L. Carlsson,8476885,J. Trouba,8481605,J. LaCombe,4,4
2026-03-30,2025021176,4,OT,04:55,TOR,ev,none,tip-in,1331,8475166,J. Tavares,8476853,M. Rielly,8484158,E. Cowan,4,5
2026-03-30,2025021177,1,REG,05:28,STL,ev,none,wrist,1551,8484188,T. Lindstein,8482089,J. Neighbours,,,0,1
2026-03-30,2025021177,1,REG,08:30,SJS,pp,none,wrist,1451,8477505,A. Wennberg,8484801,M. Celebrini,8475726,T. Toffoli,1,1
2026-03-30,2025021177,1,REG,13:25,SJS,pp,none,slap,1451,8484801,M. Celebrini,8475200,D. Orlov,8477505,A. Wennberg,2,1
2026-03-30,2025021177,1,REG,16:39,STL,ev,none,tip-in,1551,8477402,P. Buchnevich,8482089,J. Neighbours,,,2,2
2026-03-30,2025021177,1,REG,19:04,SJS,ev,none,wrist,1551,8484801,M. Celebrini,8475181,N. Leddy,8484227,W. Smith,3,2
2026-03-30,2025021177,2,REG,10:13,SJS,pp,none,wrist,1451,8477505,A. Wennberg,8475726,T. Toffoli,8484227,W. Smith,4,2
2026-03-30,2025021177,2,REG,19:34,STL,pp,none,wrist,1541,8481598,P. Broberg,8482077,D. Holloway,8480023,R. Thomas,4,3
2026-03-30,2025021177,3,REG,12:53,STL,pp,none,wrist,1541,8475764,C. Fowler,8479385,J. Kyrou,8480459,P. Suter,4,4
2026-03-30,2025021177,3,REG,19:38,SJS,ev,none,wrist,1551,8478874,A. Gaudette,8479983,M. Ferraro,8479576,V. Desharnais,5,4
2026-03-31,2025021178,1,REG,09:58,BOS,ev,none,wrist,1551,8482177,M. Khusnutdinov,8480035,H. Jokiharju,8477956,D. Pastrnak,1,0
2026-03-31,2025021178,1,REG,18:51,BOS,ev,none,wrist,1551,8478042,V. Arvidsson,8477956,D. Pastrnak,8478401,P. Zacha,2,0
2026-03-31,2025021178,2,REG,04:49,DAL,ev,none,wrist,1551,8473994,J. Benn,8482740,W. Johnston,8478420,M. Rantanen,2,1
2026-03-31,2025021178,2,REG,16:53,DAL,ev,none,slap,1551,8475168,M. Duchene,8480027,J. Robertson,,,2,2
2026-03-31,2025021178,3,REG,00:13,BOS,pp,none,wrist,1451,8477496,E. Lindholm,8477956,D. Pastrnak,8481219,J. Aspirot,3,2
2026-03-31,2025021178,3,REG,05:51,BOS,ev,none,snap,1551,8480035,H. Jokiharju,8477496,E. Lindholm,8479987,M. Geekie,4,2
2026-03-31,2025021178,3,REG,16:23,BOS,ev,empty-net,wrist,0651,8478042,V. Arvidsson,,,,,5,2
2026-03-31,2025021178,3,REG,19:02,DAL,pp,none,backhand,0641,8482740,W. Johnston,8480027,J. Robertson,8480036,M. Heiskanen,5,3
2026-03-31,2025021178,3,REG,19:47,BOS,ev,empty-net,wrist,0651,8478042,V. Arvidsson,8479325,C. McAvoy,,,6,3
2026-03-31,2025021179,1,REG,14:19,BUF,pp,none,wrist,1451,8482097,J. Quinn,8480064,J. Norris,,,1,0
2026-03-31,2025021179,2,REG,17:57,NYI,pp,none,wrist,1541,8484221,C. Ritchie,8475170,B. Schenn,8477500,B. Horvat,1,1
2026-03-31,2025021179,3,REG,02:40,BUF,pp,none,wrist,1451,8479420,T. Thompson,8480064,J. Norris,8482097,J. Quinn,2,1
2026-03-31,2025021179,3,REG,13:39,NYI,ev,none,wrist,1551,8475314,A. Lee,8477500,B. Horvat,8485366,M. Schaefer,2,2
2026-03-31,2025021179,3,REG,16:59,BUF,ev,none,snap,1551,8481522,P. Krebs,8477949,A. Tuch,8479420,T. Thompson,3,2
2026-03-31,2025021179,3,REG,18:17,BUF,ev,empty-net,wrist,0651,8481524,B. Byram,8480807,M. Samuelsson,,,4,2
2026-03-31,2025021179,3,REG,19:59,NYI,ev,none,wrist,0651,8475170,B. Schenn,8478445,M. Barzal,8477500,B. Horvat,4,3
2026-03-31,2025021180,1,REG,12:25,MTL,pp,none,snap,1531,8483515,J. Slafkovský,8484984,I. Demidov,8481540,C. Caufield,0,1
2026-03-31,2025021180,1,REG,13:41,TBL,ev,none,wrist,1551,8477404,J. Guentzel,8476878,Z. Girgensons,8474151,R. McDonagh,1,1
2026-03-31,2025021180,2,REG,12:49,MTL,ev,none,wrist,1551,8481540,C. Caufield,8483515,J. Slafkovský,8476875,M. Matheson,1,2
2026-03-31,2025021180,3,REG,17:54,MTL,sh,empty-net,slap,1460,8476875,M. Matheson,,,,,1,3
2026-03-31,2025021180,3,REG,18:54,MTL,ev,empty-net,wrist,1560,8480018,N. Suzuki,,,,,1,4
2026-03-31,2025021181,1,REG,00:08,FLA,ev,none,snap,1551,8479393,N. Gregor,8477495,S. Jones,8477931,T. Nosek,1,0
2026-03-31,2025021181,1,REG,01:06,FLA,pp,none,snap,1451,8482713,M. Samoskevich,8477495,S. Jones,8479314,M. Tkachuk,2,0
2026-03-31,2025021181,1,REG,09:09,FLA,pp,none,snap,1451,8477409,C. Verhaeghe,8479314,M. Tkachuk,8477495,S. Jones,3,0
2026-03-31,2025021181,1,REG,14:02,FLA,ev,none,wrist,1551,8478421,A. Greer,8480185,E. Luostarinen,8482131,D. Sebrango,4,0
2026-03-31,2025021181,1,REG,14:36,FLA,ev,none,snap,1551,8477409,C. Verhaeghe,8477935,S. Bennett,8479314,M. Tkachuk,5,0
2026-03-31,2025021181,2,REG,01:40,OTT,ev,none,wrist,1551,8480208,D. Batherson,,,,,5,1
2026-03-31,2025021181,2,REG,12:41,FLA,ev,none,snap,1551,8479314,M. Tkachuk,8477935,S. Bennett,8477409,C. Verhaeghe,6,1
2026-03-31,2025021181,2,REG,15:14,OTT,ev,none,wrist,1551,8481606,J. Spence,8482116,T. Stützle,8478020,M. Amadio,6,2
2026-03-31,2025021181,3,REG,04:29,OTT,ev,none,snap,1551,8478020,M. Amadio,8482092,R. Greig,8481575,L. Thomson,6,3
2026-03-31,2025021182,1,REG,08:14,NYR,ev,none,tip-in,1551,8477839,C. Sheary,8481789,T. Kartye,8478840,W. Borgen,1,0
2026-03-31,2025021182,1,REG,13:39,NYR,pp,none,wrist,1451,8476468,J. Miller,8482109,A. Lafrenière,8479323,A. Fox,2,0
2026-03-31,2025021182,2,REG,00:51,NJD,pp,none,backhand,1541,8477015,C. Brown,8480002,N. Hischier,8482684,L. Hughes,2,1
2026-03-31,2025021182,2,REG,11:12,NYR,ev,none,backhand,1551,8482877,J. Chmelar,8482073,B. Schneider,,,3,1
2026-03-31,2025021182,3,REG,03:49,NYR,ev,none,wrist,1551,8476459,M. Zibanejad,8484210,G. Perreault,8479323,A. Fox,4,1
2026-03-31,2025021183,1,REG,04:10,PIT,ev,none,wrist,1551,8476483,R. Rakell,8471675,S. Crosby,8482475,E. Chinakhov,1,0
2026-03-31,2025021183,1,REG,08:34,PIT,ev,none,wrist,1551,8477511,A. Mantha,8471215,E. Malkin,8480980,C. Dewar,2,0
2026-03-31,2025021183,1,REG,18:02,PIT,ev,none,wrist,1551,8482475,E. Chinakhov,8471724,K. Letang,,,3,0
2026-03-31,2025021183,2,REG,03:17,DET,pp,none,wrist,1541,8477946,D. Larkin,8474141,P. Kane,,,3,1
2026-03-31,2025021183,2,REG,12:23,PIT,ev,none,tip-in,1551,8479638,J. Brazeau,8477365,C. Clifton,,,4,1
2026-03-31,2025021183,3,REG,12:09,PIT,ev,none,wrist,1551,8478569,N. Acciari,8478854,R. Shea,8481725,E. Soderblom,5,1
2026-03-31,2025021184,1,REG,14:59,WSH,ev,none,snap,1551,8476880,T. Wilson,8479400,P. Dubois,8480873,R. Sandin,1,0
2026-03-31,2025021184,1,REG,18:35,WSH,ev,none,snap,1551,8471214,A. Ovechkin,8478911,M. Roy,8481580,C. McMichael,2,0
2026-03-31,2025021184,2,REG,00:39,PHI,ev,none,snap,1441,8477948,T. Sanheim,8478439,T. Konecny,8477989,C. Dvorak,2,1
2026-03-31,2025021184,2,REG,04:36,PHI,ev,none,wrist,1551,8479336,C. Grundstrom,8481533,T. Zegras,,,2,2
2026-03-31,2025021184,2,REG,06:58,WSH,pp,none,slap,1451,8479345,J. Chychrun,8484186,R. Leonard,8479400,P. Dubois,3,2
2026-03-31,2025021184,2,REG,17:37,WSH,pp,none,snap,1451,8484186,R. Leonard,8479400,P. Dubois,8479345,J. Chychrun,4,2
2026-03-31,2025021184,3,REG,00:33,PHI,ev,none,snap,1551,8477989,C. Dvorak,8478439,T. Konecny,8477948,T. Sanheim,4,3
2026-03-31,2025021184,3,REG,03:47,WSH,ev,none,snap,1551,8471214,A. Ovechkin,8481580,C. McMichael,8479345,J. Chychrun,5,3
2026-03-31,2025021184,3,REG,07:52,PHI,ev,none,tip-in,1551,8484142,D. Barkey,8477499,R. Ristolainen,8480220,N. Cates,5,4
2026-03-31,2025021184,3,REG,18:56,WSH,ev,empty-net,snap,0651,8476880,T. Wilson,8479400,P. Dubois,8478911,M. Roy,6,4
2026-03-31,2025021185,1,REG,13:29,CAR,pp,none,slap,1541,8476906,S. Gostisbehere,8477940,N. Ehlers,8480830,A. Svechnikov,0,1
2026-03-31,2025021185,1,REG,16:12,CAR,pp,none,snap,1541,8482702,L. Stankoven,8476873,M. Jankowski,,,0,2
2026-03-31,2025021185,2,REG,15:14,CBJ,ev,none,wrist,1551,8480893,K. Marchenko,8478460,Z. Werenski,8478975,M. Marchment,1,2
2026-03-31,2025021185,3,REG,02:07,CBJ,ev,none,snap,1551,8484166,A. Fantilli,8478975,M. Marchment,8480893,K. Marchenko,2,2
2026-03-31,2025021185,3,REG,12:42,CAR,ev,none,wrist,1551,8477940,N. Ehlers,8478970,J. Chatfield,8476958,J. Slavin,2,3
2026-03-31,2025021185,3,REG,13:55,CAR,pp,none,slap,1541,8480830,A. Svechnikov,8477940,N. Ehlers,8478427,S. Aho,2,4
2026-03-31,2025021185,3,REG,19:13,CAR,sh,empty-net,wrist,1460,8476921,J. Martinook,,,,,2,5
2026-03-31,2025021186,1,REG,04:42,CHI,ev,none,snap,1551,8485391,A. Frondell,8481624,I. Mikheyev,8481806,L. Crevier,1,0
2026-03-31,2025021186,2,REG,01:06,WPG,ev,none,backhand,1551,8477504,J. Morrissey,8478398,K. Connor,8476460,M. Scheifele,1,1
2026-03-31,2025021186,2,REG,11:19,WPG,pp,none,snap,1541,8482149,C. Perfetti,8480113,A. Iafallo,8476460,M. Scheifele,1,2
2026-03-31,2025021186,2,REG,11:57,WPG,ev,none,wrist,1551,8482765,I. Rosen,8483526,D. Zhilkin,8480145,N. Pionk,1,3
2026-03-31,2025021186,2,REG,13:26,CHI,ev,none,backhand,1551,8477479,T. Bertuzzi,,,,,2,3
2026-03-31,2025021186,3,REG,09:46,CHI,ev,none,wrist,1551,8477479,T. Bertuzzi,8481624,I. Mikheyev,8481806,L. Crevier,3,3
2026-03-31,2025021186,4,OT,00:33,WPG,ev,none,wrist,1331,8478398,K. Connor,8476460,M. Scheifele,8477504,J. Morrissey,3,4
2026-03-31,2025021187,1,REG,05:28,EDM,ev,none,deflected,1551,8479368,M. Jones,8478013,J. Walman,,,1,0
2026-03-31,2025021187,1,REG,12:43,EDM,ev,none,wrist,1551,8477953,K. Kapanen,,,,,2,0
2026-03-31,2025021187,3,REG,17:34,EDM,ev,empty-net,wrist,0651,8478402,C. McDavid,8476454,R. Nugent-Hopkins,8475786,Z. Hyman,3,0
2026-04-01,2025021188,1,REG,00:29,VAN,ev,none,snap,1551,8484136,M. Sasson,8479425,F. Hronek,8484798,Z. Buium,0,1
2026-04-01,2025021188,1,REG,01:22,COL,ev,none,wrist,1551,8477492,N. MacKinnon,8478038,D. Toews,8484258,S. Malinski,1,1
2026-04-01,2025021188,1,REG,05:21,VAN,sh,none,wrist,1451,8476927,T. Blueger,8483499,L. Ohgren,,,1,2
2026-04-01,2025021188,1,REG,11:38,VAN,pp,none,tip-in,1541,8478498,J. DeBrusk,8480012,E. Pettersson,8482079,M. Rossi,1,3
2026-04-01,2025021188,1,REG,16:05,COL,ev,none,tip-in,1551,8476455,G. Landeskog,8470613,B. Burns,8477501,V. Nichushkin,2,3
2026-04-01,2025021188,2,REG,05:02,VAN,ev,none,wrist,1551,8476927,T. Blueger,8484136,M. Sasson,8477969,M. Pettersson,2,4
2026-04-01,2025021188,2,REG,09:42,VAN,ev,none,snap,1551,8478444,B. Boeser,8484240,T. Willander,8482079,M. Rossi,2,5
2026-04-01,2025021188,2,REG,15:21,VAN,ev,none,wrist,1551,8478444,B. Boeser,8482055,D. O'Connor,,,2,6
2026-04-01,2025021188,2,REG,15:43,COL,ev,none,wrist,1551,8484258,S. Malinski,8478038,D. Toews,,,3,6
2026-04-01,2025021188,3,REG,00:14,COL,ev,none,wrist,1551,8480448,P. Kelly,8480835,J. Drury,8476312,J. Manson,4,6
2026-04-01,2025021188,3,REG,13:21,COL,ev,none,snap,1551,8470613,B. Burns,8475754,B. Nelson,8477501,V. Nichushkin,5,6
2026-04-01,2025021188,3,REG,13:58,COL,ev,none,wrist,1551,8484258,S. Malinski,,,,,6,6
2026-04-01,2025021188,3,REG,14:21,VAN,ev,none,slap,1551,8477969,M. Pettersson,8478444,B. Boeser,8482055,D. O'Connor,6,7
2026-04-01,2025021188,3,REG,18:31,VAN,ev,empty-net,wrist,1560,8478444,B. Boeser,8477969,M. Pettersson,,,6,8
2026-04-01,2025021189,2,REG,16:59,LAK,pp,none,wrist,1451,8477960,A. Kempe,8482155,A. Laferriere,8478550,A. Panarin,1,0
2026-04-01,2025021189,3,REG,16:07,STL,ev,none,deflected,1551,8480023,R. Thomas,8481598,P. Broberg,8482077,D. Holloway,1,1
2026-04-01,2025021189,4,OT,01:56,LAK,ev,none,snap,1331,8479675,T. Moore,8471685,A. Kopitar,8474563,D. Doughty,2,1
2026-04-01,2025021190,1,REG,04:37,SJS,pp,none,slap,1451,8484227,W. Smith,8484801,M. Celebrini,,,1,0
2026-04-01,2025021190,1,REG,17:47,ANA,ev,none,wrist,1551,8480068,R. Poehling,8481563,D. Helleson,8480843,L. Dostal,1,1
2026-04-01,2025021190,2,REG,14:59,ANA,ev,none,wrist,1551,8473986,A. Killorn,8481563,D. Helleson,8481605,J. LaCombe,1,2
2026-04-01,2025021190,3,REG,00:27,SJS,ev,none,snap,1551,8484801,M. Celebrini,8484227,W. Smith,8484911,C. Graf,2,2
2026-04-01,2025021190,3,REG,04:04,ANA,ev,none,wrist,1551,8478873,T. Terry,,,,,2,3
2026-04-01,2025021190,3,REG,18:21,SJS,ev,none,wrist,1560,8484801,M. Celebrini,8475200,D. Orlov,8484227,W. Smith,3,3
2026-04-01,2025021190,3,REG,19:29,SJS,ev,none,snap,1551,8477505,A. Wennberg,8484801,M. Celebrini,8484806,S. Dickinson,4,3
2026-04-02,2025021191,2,REG,08:49,BUF,ev,none,wrist,1551,8480807,M. Samuelsson,8481524,B. Byram,8481522,P. Krebs,0,1
2026-04-02,2025021191,2,REG,15:18,OTT,ev,none,tip-in,1551,8481528,D. Cozens,8480801,B. Tkachuk,8482092,R. Greig,1,1
2026-04-02,2025021191,3,REG,05:55,OTT,ev,none,slap,1551,8474189,L. Eller,8482245,A. Zub,8477998,W. Foegele,2,1
2026-04-02,2025021191,3,REG,17:42,OTT,ev,empty-net,wrist,0651,8482092,R. Greig,8481606,J. Spence,,,3,1
2026-04-02,2025021191,3,REG,18:42,OTT,ev,empty-net,wrist,0651,8481596,S. Pinto,,,,,4,1
2026-04-02,2025021192,1,REG,05:06,TBL,ev,none,snap,1551,8478519,A. Cirelli,8482201,G. Goncalves,,,1,0
2026-04-02,2025021192,1,REG,07:01,PIT,ev,none,snap,1551,8476483,R. Rakell,8479398,S. Girard,8471724,K. Letang,1,1
2026-04-02,2025021192,1,REG,16:10,PIT,ev,none,backhand,1551,8482475,E. Chinakhov,8475810,B. Rust,8479398,S. Girard,1,2
2026-04-02,2025021192,2,REG,00:11,TBL,sh,none,backhand,1541,8478519,A. Cirelli,,,,,2,2
2026-04-02,2025021192,2,REG,14:08,TBL,ev,none,wrist,1551,8478010,B. Point,8477404,J. Guentzel,8476453,N. Kucherov,3,2
2026-04-02,2025021192,2,REG,19:05,TBL,ev,none,backhand,1551,8476878,Z. Girgensons,8476826,Y. Gourde,8474151,R. McDonagh,4,2
2026-04-02,2025021192,3,REG,13:50,TBL,ev,none,wrist,1551,8476453,N. Kucherov,8480426,C. D'Astous,8477404,J. Guentzel,5,2
2026-04-02,2025021192,3,REG,15:33,TBL,ev,empty-net,wrist,0651,8478519,A. Cirelli,8482201,G. Goncalves,8476453,N. Kucherov,6,2
2026-04-02,2025021192,3,REG,19:58,PIT,pp,none,snap,1541,8482475,E. Chinakhov,8471724,K. Letang,8477511,A. Mantha,6,3
2026-04-02,2025021193,1,REG,04:20,FLA,ev,none,snap,1551,8482713,M. Samoskevich,,,,,1,0
2026-04-02,2025021193,1,REG,07:39,FLA,ev,none,snap,1551,8477935,S. Bennett,8478421,A. Greer,,,2,0
2026-04-02,2025021193,1,REG,19:33,BOS,ev,none,snap,1551,8483489,F. Minten,8482177,M. Khusnutdinov,8477956,D. Pastrnak,2,1
2026-04-02,2025021195,2,REG,04:36,MTL,ev,none,slap,1551,8481618,A. Newhook,8484984,I. Demidov,,,0,1
2026-04-02,2025021195,2,REG,06:20,MTL,ev,none,snap,1551,8481540,C. Caufield,8483515,J. Slafkovský,8480018,N. Suzuki,0,2
2026-04-02,2025021195,3,REG,09:23,NYR,ev,none,snap,1551,8479323,A. Fox,8476459,M. Zibanejad,8478882,V. Gavrikov,1,2
2026-04-02,2025021195,3,REG,14:08,NYR,ev,none,deflected,1551,8482157,W. Cuylle,8477380,J. Brodzinski,8476389,V. Trocheck,2,2
2026-04-02,2025021195,3,REG,14:55,MTL,ev,none,wrist,1551,8481540,C. Caufield,8476875,M. Matheson,8480018,N. Suzuki,2,3
2026-04-02,2025021196,1,REG,18:49,DET,pp,none,snap,1541,8479337,A. DeBrincat,8474141,P. Kane,8481542,M. Seider,0,1
2026-04-02,2025021196,2,REG,00:31,PHI,ev,none,snap,1551,8482159,T. Foerster,8480015,O. Tippett,8481533,T. Zegras,1,1
2026-04-02,2025021196,2,REG,18:29,DET,ev,none,snap,1551,8482078,L. Raymond,8477456,J. Compher,8482762,S. Edvinsson,1,2
2026-04-02,2025021196,3,REG,09:37,DET,ev,none,wrist,1551,8474141,P. Kane,8477429,A. Copp,,,1,3
2026-04-02,2025021196,3,REG,10:29,PHI,ev,none,deflected,1551,8478439,T. Konecny,8485406,P. Martone,8477989,C. Dvorak,2,3
2026-04-02,2025021196,3,REG,10:44,DET,ev,none,wrist,1551,8479337,A. DeBrincat,8477429,A. Copp,8474141,P. Kane,2,4
2026-04-02,2025021197,1,REG,02:27,CAR,ev,none,tip-in,1551,8482702,L. Stankoven,8480817,K. Miller,8475791,T. Hall,1,0
2026-04-02,2025021197,1,REG,08:52,CAR,ev,none,snap,1551,8482702,L. Stankoven,8475791,T. Hall,8482809,J. Blake,2,0
2026-04-02,2025021197,1,REG,12:50,CAR,sh,none,snap,1541,8482100,A. Nikishin,8482093,S. Jarvis,8478427,S. Aho,3,0
2026-04-02,2025021197,2,REG,11:24,CBJ,ev,none,snap,1551,8483485,D. Mateychuk,8476432,B. Jenner,8480806,I. Lundestrom,3,1
2026-04-02,2025021197,2,REG,11:37,CAR,ev,none,snap,1551,8476921,J. Martinook,8473533,J. Staal,,,4,1
2026-04-02,2025021197,3,REG,06:44,CAR,pp,none,snap,1451,8480830,A. Svechnikov,8476906,S. Gostisbehere,8478427,S. Aho,5,1
2026-04-02,2025021194,1,REG,05:22,NJD,ev,none,wrist,1551,8479996,C. Glass,8484177,L. Hameenaho,8475760,N. Bjugstad,1,0
2026-04-02,2025021194,1,REG,07:37,NJD,ev,none,backhand,1551,8482110,D. Mercer,8478414,T. Meier,8480002,N. Hischier,2,0
2026-04-02,2025021194,1,REG,08:15,WSH,ev,none,wrist,1551,8484873,C. Hutson,8482148,H. Lapierre,8476880,T. Wilson,2,1
2026-04-02,2025021194,1,REG,09:47,WSH,pp,none,wrist,1541,8479400,P. Dubois,8484186,R. Leonard,8479345,J. Chychrun,2,2
2026-04-02,2025021194,1,REG,18:19,NJD,ev,none,slap,1551,8476462,D. Hamilton,8481559,J. Hughes,8479407,J. Bratt,3,2
2026-04-02,2025021194,2,REG,09:10,NJD,ev,none,wrist,1551,8481559,J. Hughes,8479407,J. Bratt,8480192,J. Kovacevic,4,2
2026-04-02,2025021194,3,REG,08:10,NJD,ev,none,wrist,1551,8481559,J. Hughes,8479407,J. Bratt,8477015,C. Brown,5,2
2026-04-02,2025021194,3,REG,09:33,WSH,ev,none,wrist,1551,8476880,T. Wilson,8480873,R. Sandin,8479400,P. Dubois,5,3
2026-04-02,2025021194,3,REG,12:16,NJD,pp,none,snap,1451,8479407,J. Bratt,8480002,N. Hischier,8481559,J. Hughes,6,3
2026-04-02,2025021194,3,REG,17:54,NJD,ev,empty-net,wrist,0651,8482110,D. Mercer,8479407,J. Bratt,8481559,J. Hughes,7,3
2026-04-02,2025021198,1,REG,09:43,DAL,pp,none,snap,1451,8475168,M. Duchene,8478420,M. Rantanen,8480036,M. Heiskanen,1,0
2026-04-02,2025021198,1,REG,11:12,DAL,ev,none,snap,1551,8484938,A. Hyry,8473994,J. Benn,8477454,A. Erne,2,0
2026-04-02,2025021198,2,REG,02:15,DAL,ev,none,tip-in,1551,8477454,A. Erne,8483425,L. Bichsel,8484938,A. Hyry,3,0
2026-04-02,2025021199,1,REG,08:32,MIN,ev,none,wrist,1551,8481557,M. Boldy,8475149,M. Johansson,8478493,J. Eriksson Ek,1,0
2026-04-02,2025021199,1,REG,16:00,VAN,ev,none,wrist,1441,8484240,T. Willander,8476927,T. Blueger,8484136,M. Sasson,1,1
2026-04-02,2025021199,1,REG,16:42,VAN,pp,none,wrist,1541,8478498,J. DeBrusk,8479425,F. Hronek,8480012,E. Pettersson,1,2
2026-04-02,2025021199,2,REG,00:23,MIN,ev,none,wrist,1551,8481557,M. Boldy,,,,,2,2
2026-04-02,2025021199,2,REG,06:08,MIN,ev,none,snap,1551,8478864,K. Kaprizov,8475692,M. Zuccarello,,,3,2
2026-04-02,2025021199,3,REG,06:03,MIN,ev,none,tip-in,1551,8477451,R. Hartman,8475692,M. Zuccarello,8480800,Q. Hughes,4,2
2026-04-02,2025021199,3,REG,18:52,MIN,ev,empty-net,wrist,0651,8477451,R. Hartman,8478864,K. Kaprizov,8481557,M. Boldy,5,2
2026-04-02,2025021200,2,REG,05:32,EDM,ev,none,backhand,1551,8474641,A. Henrique,8478458,J. Roslovic,8477498,D. Nurse,1,0
2026-04-02,2025021200,2,REG,12:13,EDM,pp,none,snap,1451,8483512,M. Savoie,8478402,C. McDavid,8480803,E. Bouchard,2,0
2026-04-02,2025021200,3,REG,05:06,CHI,ev,none,snap,1551,8484185,N. Lardis,8484144,C. Bedard,8476882,T. Teravainen,2,1
2026-04-02,2025021200,3,REG,18:59,EDM,ev,empty-net,snap,0651,8481617,V. Podkolzin,8477450,J. Dickinson,8476473,C. Murphy,3,1
2026-04-02,2025021201,1,REG,07:41,CGY,ev,none,wrist,1551,8480028,M. Frost,,,,,0,1
2026-04-02,2025021201,2,REG,01:47,VGK,ev,none,tip-in,1551,8478483,M. Marner,8477447,S. Theodore,8475188,B. McNabb,1,1
2026-04-02,2025021201,2,REG,04:38,CGY,ev,none,wrist,1551,8476399,B. Coleman,8474150,M. Backlund,8480797,J. Farabee,1,2
2026-04-02,2025021201,2,REG,06:42,VGK,ev,none,wrist,1551,8478483,M. Marner,8478397,R. Andersson,8478403,J. Eichel,2,2
2026-04-02,2025021201,2,REG,12:11,CGY,ev,none,snap,1551,8476399,B. Coleman,,,,,2,3
2026-04-02,2025021201,2,REG,16:21,VGK,pp,none,slap,1451,8481604,P. Dorofeyev,8478483,M. Marner,,,3,3
2026-04-02,2025021201,3,REG,12:20,VGK,ev,none,wrist,1551,8479353,B. Howden,8477447,S. Theodore,8477964,I. Barbashev,4,3
2026-04-02,2025021201,3,REG,14:59,VGK,ev,none,wrist,1551,8477964,I. Barbashev,8478483,M. Marner,,,5,3
2026-04-02,2025021201,3,REG,18:31,VGK,ev,none,wrap-around,1551,8478483,M. Marner,8475913,M. Stone,8477964,I. Barbashev,6,3
2026-04-02,2025021202,1,REG,03:27,SJS,ev,none,wrist,1551,8482859,Z. Ostapchuk,8476624,B. Goodrow,8475200,D. Orlov,1,0
2026-04-02,2025021202,1,REG,17:43,SJS,ev,none,wrist,1551,8484911,C. Graf,8485402,M. Misa,8475726,T. Toffoli,2,0
2026-04-02,2025021202,2,REG,01:42,SJS,ev,none,wrist,1551,8482667,W. Eklund,8477505,A. Wennberg,8480748,K. Sherwood,3,0
2026-04-02,2025021202,2,REG,06:43,TOR,pp,none,snap,1541,8475166,J. Tavares,8484158,E. Cowan,8477939,W. Nylander,3,1
2026-04-02,2025021202,3,REG,19:03,SJS,ev,empty-net,wrist,0651,8478874,A. Gaudette,8482667,W. Eklund,8482859,Z. Ostapchuk,4,1
2026-04-02,2025021203,1,REG,00:41,SEA,ev,none,snap,1551,8474586,J. Eberle,8476457,A. Larsson,8477955,J. McCann,1,0
2026-04-02,2025021203,1,REG,13:45,SEA,ev,none,backhand,1551,8482259,B. McMann,8476905,C. Stephenson,8481554,K. Kakko,2,0
2026-04-02,2025021203,1,REG,16:27,UTA,pp,none,snap,1541,8483431,L. Cooley,8477951,N. Schmaltz,8482699,D. Guenther,2,1
2026-04-02,2025021203,2,REG,10:05,UTA,ev,none,snap,1551,8483431,L. Cooley,8477346,M. Weegar,8479410,M. Sergachev,2,2
2026-04-02,2025021203,2,REG,14:56,UTA,pp,none,snap,1541,8477951,N. Schmaltz,8479343,C. Keller,8482699,D. Guenther,2,3
2026-04-02,2025021203,3,REG,04:39,UTA,ev,none,wrist,1551,8482175,J. Peterka,8479977,K. Yamamoto,8480434,S. Durzi,2,4
2026-04-02,2025021203,3,REG,07:27,UTA,ev,none,wrist,1551,8482699,D. Guenther,8483431,L. Cooley,8479977,K. Yamamoto,2,5
2026-04-02,2025021203,3,REG,16:37,UTA,pp,none,deflected,1541,8479619,M. Carcone,,,,,2,6
2026-04-02,2025021204,1,REG,00:52,NSH,ev,none,wrist,1551,8476887,F. Forsberg,8476539,J. Marchessault,8475287,E. Haula,0,1
2026-04-02,2025021204,1,REG,03:47,NSH,ev,none,backhand,1551,8482742,Z. L'Heureux,8476869,B. Skjei,,,0,2
2026-04-02,2025021204,2,REG,02:02,NSH,ev,none,wrist,1551,8476539,J. Marchessault,8484241,M. Wood,8482111,J. Barron,0,3
2026-04-02,2025021204,2,REG,06:09,LAK,ev,none,deflected,1551,8477960,A. Kempe,8478550,A. Panarin,,,1,3
2026-04-02,2025021204,2,REG,08:19,NSH,ev,none,wrist,1551,8474564,S. Stamkos,8475158,R. O'Reilly,8474600,R. Josi,1,4
2026-04-02,2025021204,2,REG,13:29,LAK,ev,none,snap,1551,8477960,A. Kempe,8476441,J. Edmundson,8471685,A. Kopitar,2,4
2026-04-02,2025021204,2,REG,15:45,LAK,ev,none,wrist,1551,8476872,S. Laughton,8476469,J. Armia,8479998,M. Anderson,3,4
2026-04-02,2025021204,3,REG,09:57,LAK,ev,none,wrist,1551,8476469,J. Armia,8483756,J. Wright,8475208,B. Dumoulin,4,4
2026-04-02,2025021204,5,SO,00:00,NSH,ev,none,backhand,0101,8482146,L. Evangelista,,,,,4,5
2026-04-03,2025021205,1,REG,13:54,PHI,ev,none,backhand,1551,8480015,O. Tippett,8477948,T. Sanheim,,,0,1
2026-04-03,2025021205,1,REG,15:01,PHI,ev,none,wrist,1551,8483731,A. Bump,8484387,M. Michkov,8480220,N. Cates,0,2
2026-04-03,2025021205,2,REG,02:52,PHI,ev,none,backhand,1551,8484387,M. Michkov,,,,,0,3
2026-04-03,2025021205,2,REG,15:37,NYI,ev,none,wrist,1551,8476419,J. Pageau,8478445,M. Barzal,8481601,S. Holmstrom,1,3
2026-04-03,2025021205,3,REG,09:16,PHI,ev,none,snap,1551,8477948,T. Sanheim,8484387,M. Michkov,8483731,A. Bump,1,4
2026-04-03,2025021206,1,REG,01:51,ANA,ev,none,slap,1551,8480068,R. Poehling,8482745,M. McTavish,8482803,O. Zellweger,1,0
2026-04-03,2025021206,1,REG,05:24,STL,ev,none,snap,1551,8480023,R. Thomas,8481598,P. Broberg,8476892,C. Parayko,1,1
2026-04-03,2025021206,1,REG,11:18,STL,pp,none,snap,1541,8482077,D. Holloway,8482089,J. Neighbours,8480023,R. Thomas,1,2
2026-04-03,2025021206,1,REG,16:01,ANA,ev,none,wrist,1551,8479705,J. Viel,8480068,R. Poehling,8481563,D. Helleson,2,2
2026-04-03,2025021206,1,REG,18:44,STL,ev,none,snap,1551,8481013,J. Berggren,8480459,P. Suter,,,2,3
2026-04-03,2025021206,2,REG,03:08,STL,ev,none,wrist,1551,8480459,P. Suter,8481006,T. Tucker,8482089,J. Neighbours,2,4
2026-04-03,2025021206,2,REG,16:50,STL,ev,none,snap,1551,8476892,C. Parayko,8484164,D. Dvorsky,8479385,J. Kyrou,2,5
2026-04-03,2025021206,3,REG,01:22,STL,pp,none,snap,1541,8482077,D. Holloway,8480023,R. Thomas,8481598,P. Broberg,2,6
2026-04-04,2025021207,1,REG,13:19,NYR,ev,none,tip-in,1551,8482877,J. Chmelar,8478882,V. Gavrikov,8483669,A. Sykora,1,0
2026-04-04,2025021207,2,REG,15:59,NYR,ev,none,wrist,1551,8484210,G. Perreault,8476459,M. Zibanejad,8481525,M. Robertson,2,0
2026-04-04,2025021207,3,REG,07:13,NYR,pp,none,wrist,1451,8484210,G. Perreault,8477380,J. Brodzinski,8479323,A. Fox,3,0
2026-04-04,2025021207,3,REG,18:16,NYR,ev,empty-net,wrist,0651,8484210,G. Perreault,8476468,J. Miller,8479323,A. Fox,4,0
2026-04-04,2025021207,3,REG,19:27,DET,ev,none,wrist,1551,8474102,D. Perron,8484471,E. Finnie,8474037,J. van Riemsdyk,4,1
2026-04-04,2025021208,1,REG,09:45,MIN,ev,none,wrist,1551,8476463,J. Brodin,8475765,V. Tarasenko,8474716,J. Spurgeon,0,1
2026-04-04,2025021208,1,REG,15:35,MIN,ev,none,wrist,1551,8477451,R. Hartman,8475692,M. Zuccarello,,,0,2
2026-04-04,2025021208,2,REG,15:31,MIN,ev,none,wrist,1551,8477451,R. Hartman,8475692,M. Zuccarello,8478864,K. Kaprizov,0,3
2026-04-04,2025021208,3,REG,12:46,MIN,ev,none,snap,1551,8478136,J. Middleton,8480800,Q. Hughes,8478493,J. Eriksson Ek,0,4
2026-04-04,2025021208,3,REG,16:43,OTT,ev,none,wrist,1551,8480208,D. Batherson,8481575,L. Thomson,8482116,T. Stützle,1,4
2026-04-04,2025021209,3,REG,10:39,COL,ev,none,tip-in,1551,8480039,M. Necas,8477476,A. Lehkonen,8478038,D. Toews,0,1
2026-04-04,2025021209,3,REG,19:02,COL,ev,empty-net,snap,1560,8477492,N. MacKinnon,8480039,M. Necas,8476312,J. Manson,0,2
2026-04-04,2025021210,2,REG,06:47,BOS,ev,none,snap,1551,8479999,C. Mittelstadt,8478042,V. Arvidsson,8478401,P. Zacha,0,1
2026-04-04,2025021210,3,REG,02:13,TBL,ev,none,snap,1551,8480426,C. D'Astous,8477416,O. Bjorkstrand,,,1,1
2026-04-04,2025021210,3,REG,14:29,TBL,ev,none,snap,1551,8478178,D. Raddysh,8482655,J. Moser,,,2,1
2026-04-04,2025021210,3,REG,18:27,TBL,ev,empty-net,snap,0651,8476453,N. Kucherov,8477404,J. Guentzel,8474151,R. McDonagh,3,1
2026-04-04,2025021211,1,REG,00:20,PIT,ev,none,backhand,1551,8478569,N. Acciari,8481725,E. Soderblom,8474578,E. Karlsson,1,0
2026-04-04,2025021211,1,REG,05:06,PIT,pp,none,slap,1451,8474578,E. Karlsson,8471675,S. Crosby,8482475,E. Chinakhov,2,0
2026-04-04,2025021211,1,REG,07:10,FLA,ev,none,wrist,1551,8478421,A. Greer,8481133,C. Reinhardt,8478055,G. Forsling,2,1
2026-04-04,2025021211,1,REG,14:31,FLA,ev,none,slap,1551,8477495,S. Jones,8481655,C. Schwindt,,,2,2
2026-04-04,2025021211,2,REG,01:51,PIT,ev,none,wrist,1551,8477511,A. Mantha,,,,,3,2
2026-04-04,2025021211,2,REG,05:51,PIT,pp,none,tip-in,1451,8471215,E. Malkin,8474578,E. Karlsson,8471675,S. Crosby,4,2
2026-04-04,2025021211,2,REG,08:27,PIT,ev,none,tip-in,1551,8471215,E. Malkin,8478438,T. Novak,8476483,R. Rakell,5,2
2026-04-04,2025021211,2,REG,09:53,PIT,ev,none,tip-in,1551,8481725,E. Soderblom,8480980,C. Dewar,,,6,2
2026-04-04,2025021211,2,REG,17:48,PIT,pp,none,backhand,1451,8476483,R. Rakell,8471215,E. Malkin,8474578,E. Karlsson,7,2
2026-04-04,2025021211,2,REG,18:07,PIT,ev,none,wrist,1551,8478854,R. Shea,8479398,S. Girard,8477511,A. Mantha,8,2
2026-04-04,2025021211,3,REG,03:30,PIT,ev,none,wrist,1551,8471215,E. Malkin,,,,,9,2
2026-04-04,2025021211,3,REG,08:02,FLA,ev,none,backhand,1551,8479393,N. Gregor,8477935,S. Bennett,8479314,M. Tkachuk,9,3
2026-04-04,2025021211,3,REG,10:46,FLA,ev,none,snap,1551,8482713,M. Samoskevich,8478421,A. Greer,,,9,4
2026-04-04,2025021212,1,REG,15:58,MTL,ev,none,wrist,1551,8481593,J. Struble,8481540,C. Caufield,8482964,A. Xhekaj,0,1
2026-04-04,2025021212,2,REG,08:12,MTL,pp,none,snap,1541,8484984,I. Demidov,8481540,C. Caufield,8480018,N. Suzuki,0,2
2026-04-04,2025021212,2,REG,09:28,MTL,ev,none,wrist,1551,8483457,L. Hutson,,,,,0,3
2026-04-04,2025021212,2,REG,13:08,NJD,ev,none,wrist,1551,8482110,D. Mercer,8478414,T. Meier,8480002,N. Hischier,1,3
2026-04-04,2025021212,2,REG,17:40,NJD,sh,none,wrist,1541,8481559,J. Hughes,8479407,J. Bratt,8478399,J. Siegenthaler,2,3
2026-04-04,2025021212,3,REG,17:45,NJD,ev,none,snap,1560,8478414,T. Meier,8481559,J. Hughes,8476462,D. Hamilton,3,3
2026-04-04,2025021212,5,SO,00:00,MTL,ev,none,wrist,0101,8482775,O. Kapanen,,,,,3,4
2026-04-04,2025021213,1,REG,03:15,WSH,ev,none,snap,1551,8479345,J. Chychrun,8471214,A. Ovechkin,8479400,P. Dubois,1,0
2026-04-04,2025021213,1,REG,03:35,WSH,ev,none,tip-in,1551,8478440,D. Strome,8481656,A. Protas,8471214,A. Ovechkin,2,0
2026-04-04,2025021213,1,REG,05:52,WSH,ev,none,snap,1551,8481580,C. McMichael,8479345,J. Chychrun,8479400,P. Dubois,3,0
2026-04-04,2025021213,1,REG,06:30,BUF,ev,none,snap,1551,8480839,R. Dahlin,8480064,J. Norris,8477949,A. Tuch,3,1
2026-04-04,2025021213,1,REG,12:15,BUF,ev,none,snap,1551,8479359,B. Malenstyn,8478413,J. Greenway,8480839,R. Dahlin,3,2
2026-04-04,2025021213,2,REG,06:06,WSH,ev,none,snap,1441,8481656,A. Protas,,,,,4,2
2026-04-04,2025021213,3,REG,06:26,WSH,ev,none,snap,1551,8484186,R. Leonard,8484873,C. Hutson,8482088,J. Sourdif,5,2
2026-04-04,2025021213,3,REG,08:55,WSH,sh,none,backhand,1541,8476880,T. Wilson,8481580,C. McMichael,,,6,2
2026-04-04,2025021214,1,REG,05:17,NYI,ev,none,deflected,1551,8483553,M. Gatcomb,8481601,S. Holmstrom,8476419,J. Pageau,0,1
2026-04-04,2025021214,1,REG,11:07,CAR,ev,none,snap,1551,8482093,S. Jarvis,8480336,S. Walker,8480817,K. Miller,1,1
2026-04-04,2025021214,2,REG,02:15,NYI,ev,none,wrist,1551,8485702,M. Shabanov,8484221,C. Ritchie,8476429,S. Mayfield,1,2
2026-04-04,2025021214,2,REG,11:15,CAR,ev,none,wrist,1551,8482809,J. Blake,8482702,L. Stankoven,8475791,T. Hall,2,2
2026-04-04,2025021214,2,REG,16:17,CAR,sh,none,wrist,1541,8478427,S. Aho,8482093,S. Jarvis,8476958,J. Slavin,3,2
2026-04-04,2025021214,3,REG,00:24,CAR,ev,none,wrist,1551,8482093,S. Jarvis,8480830,A. Svechnikov,8480817,K. Miller,4,2
2026-04-04,2025021214,3,REG,18:23,NYI,ev,none,tip-in,0651,8475314,A. Lee,8485366,M. Schaefer,8478445,M. Barzal,4,3
2026-04-04,2025021215,1,REG,01:17,CBJ,ev,none,snap,1551,8478500,I. Provorov,8478975,M. Marchment,8480893,K. Marchenko,1,0
2026-04-04,2025021215,2,REG,18:14,WPG,ev,none,wrist,1551,8478398,K. Connor,8476460,M. Scheifele,8480145,N. Pionk,1,1
2026-04-04,2025021215,3,REG,10:58,WPG,ev,none,wrist,1551,8478398,K. Connor,8476460,M. Scheifele,,,1,2
2026-04-04,2025021216,1,REG,02:28,VAN,ev,none,backhand,1551,8481024,L. Karlsson,8480058,P. Joseph,8483499,L. Ohgren,1,0
2026-04-04,2025021216,1,REG,13:34,UTA,ev,none,tip-in,1551,8479977,K. Yamamoto,8483431,L. Cooley,,,1,1
2026-04-04,2025021216,1,REG,18:30,UTA,ev,none,wrist,1551,8479343,C. Keller,8478474,L. Crouse,8480084,N. DeSimone,1,2
2026-04-04,2025021216,2,REG,02:05,VAN,ev,none,tip-in,1551,8481024,L. Karlsson,8483768,V. Mancini,8476927,T. Blueger,2,2
2026-04-04,2025021216,2,REG,07:04,UTA,pp,none,tip-in,1541,8479343,C. Keller,8482699,D. Guenther,8479410,M. Sergachev,2,3
2026-04-04,2025021216,2,REG,11:55,UTA,ev,none,wrist,1551,8482699,D. Guenther,8478507,J. Marino,8483431,L. Cooley,2,4
2026-04-04,2025021216,3,REG,00:20,VAN,pp,none,tip-in,1451,8478498,J. DeBrusk,8479425,F. Hronek,,,3,4
2026-04-04,2025021216,3,REG,01:32,UTA,ev,none,snap,1551,8478474,L. Crouse,8479343,C. Keller,,,3,5
2026-04-04,2025021216,3,REG,04:40,VAN,pp,none,wrist,1451,8482079,M. Rossi,8479425,F. Hronek,8478444,B. Boeser,4,5
2026-04-04,2025021216,3,REG,11:45,UTA,ev,none,backhand,1551,8477070,L. O'Brien,8479293,B. Tanev,8477220,N. Schmidt,4,6
2026-04-04,2025021216,3,REG,19:07,UTA,ev,empty-net,wrist,1560,8479343,C. Keller,8477951,N. Schmaltz,8474013,I. Cole,4,7
2026-04-04,2025021217,1,REG,04:19,TOR,ev,none,snap,1441,8482720,M. Knies,8477503,M. Domi,,,0,1
2026-04-04,2025021217,1,REG,13:42,TOR,sh,none,snap,1451,8478904,S. Lorentz,,,,,0,2
2026-04-04,2025021217,2,REG,01:11,LAK,ev,none,tip-in,1551,8482124,Q. Byfield,8483756,J. Wright,8479675,T. Moore,1,2
2026-04-04,2025021217,2,REG,03:55,LAK,ev,none,snap,1551,8477960,A. Kempe,8479998,M. Anderson,,,2,2
2026-04-04,2025021217,2,REG,09:18,TOR,pp,none,wrist,1541,8475166,J. Tavares,8477939,W. Nylander,8482720,M. Knies,2,3
2026-04-04,2025021217,2,REG,14:53,LAK,ev,none,tip-in,1551,8478550,A. Panarin,8482730,B. Clarke,8477960,A. Kempe,3,3
2026-04-04,2025021217,2,REG,19:47,TOR,pp,none,wrist,1541,8484158,E. Cowan,8475166,J. Tavares,8482720,M. Knies,3,4
2026-04-04,2025021217,3,REG,05:46,LAK,ev,none,wrist,1551,8477960,A. Kempe,8478550,A. Panarin,8476441,J. Edmundson,4,4
2026-04-04,2025021217,3,REG,06:14,LAK,ev,none,wrist,1551,8482726,S. Helenius,8483406,T. Ward,8476879,C. Ceci,5,4
2026-04-04,2025021217,3,REG,07:22,LAK,ev,none,wrist,1551,8482155,A. Laferriere,8479675,T. Moore,,,6,4
2026-04-04,2025021217,3,REG,09:37,TOR,ev,none,wrist,1551,8481582,N. Robertson,8478057,D. Joshua,,,6,5
2026-04-04,2025021217,3,REG,13:29,TOR,ev,none,wrist,1551,8482720,M. Knies,8475166,J. Tavares,8481711,M. Maccelli,6,6
2026-04-04,2025021217,4,OT,02:33,LAK,ev,none,wrist,1331,8482124,Q. Byfield,8478550,A. Panarin,8477960,A. Kempe,7,6
2026-04-04,2025021218,1,REG,11:43,VGK,ev,none,wrist,1551,8479353,B. Howden,8478403,J. Eichel,,,0,1
2026-04-04,2025021218,2,REG,05:44,VGK,ev,none,backhand,1551,8476925,C. Sissons,8478483,M. Marner,8478468,J. Lauzon,0,2
2026-04-04,2025021218,2,REG,08:05,VGK,ev,none,snap,1551,8478468,J. Lauzon,8478403,J. Eichel,8479353,B. Howden,0,3
2026-04-04,2025021218,2,REG,19:26,EDM,ev,none,snap,1551,8480803,E. Bouchard,8478458,J. Roslovic,8483512,M. Savoie,1,3
2026-04-04,2025021218,3,REG,04:04,VGK,ev,none,tip-in,1551,8475913,M. Stone,8477964,I. Barbashev,8478403,J. Eichel,1,4
2026-04-04,2025021218,3,REG,16:13,VGK,pp,none,slap,1541,8478397,R. Andersson,8477964,I. Barbashev,8478396,N. Hanifin,1,5
2026-04-04,2025021219,1,REG,10:11,ANA,ev,none,backhand,1551,8484762,B. Sennecke,8481605,J. LaCombe,8476885,J. Trouba,1,0
2026-04-04,2025021219,1,REG,13:24,CGY,ev,none,backhand,1551,8480797,J. Farabee,8484860,M. Gridin,8480860,K. Bahl,1,1
2026-04-04,2025021219,2,REG,01:20,CGY,ev,none,snap,1551,8476458,R. Strome,8481028,M. Pospisil,8478109,V. Olofsson,1,2
2026-04-04,2025021219,2,REG,07:49,CGY,ev,none,wrist,1551,8484860,M. Gridin,8480797,J. Farabee,8484150,H. Brzustewicz,1,3
2026-04-04,2025021219,2,REG,18:44,CGY,ev,none,wrist,1551,8480028,M. Frost,8476874,O. Maatta,8476399,B. Coleman,1,4
2026-04-04,2025021219,3,REG,07:49,ANA,ev,none,wrist,1551,8484153,L. Carlsson,,,,,2,4
2026-04-04,2025021219,3,REG,09:51,ANA,pp,none,snap,1451,8482745,M. McTavish,8473986,A. Killorn,,,3,4
2026-04-04,2025021219,3,REG,18:49,CGY,ev,empty-net,wrist,1560,8480028,M. Frost,8482679,M. Coronato,,,3,5
2026-04-04,2025021220,1,REG,08:38,NSH,pp,none,slap,1541,8476887,F. Forsberg,8476539,J. Marchessault,8474600,R. Josi,0,1
2026-04-04,2025021220,1,REG,09:54,NSH,ev,none,backhand,1551,8476887,F. Forsberg,8484241,M. Wood,8482482,A. Wilsby,0,2
2026-04-04,2025021220,1,REG,16:55,NSH,pp,none,snap,1541,8474564,S. Stamkos,8476887,F. Forsberg,8474600,R. Josi,0,3
2026-04-04,2025021220,2,REG,15:49,SJS,ev,none,wrist,1441,8475181,N. Leddy,8482667,W. Eklund,,,1,3
2026-04-04,2025021220,2,REG,19:41,SJS,ev,none,wrist,1441,8484801,M. Celebrini,8484911,C. Graf,8475181,N. Leddy,2,3
2026-04-04,2025021220,3,REG,01:06,SJS,ev,none,backhand,1551,8477505,A. Wennberg,8475200,D. Orlov,,,3,3
2026-04-04,2025021220,3,REG,08:28,NSH,ev,none,snap,1551,8475158,R. O'Reilly,8482146,L. Evangelista,8479370,T. Jost,3,4
2026-04-04,2025021220,3,REG,17:26,NSH,sh,none,snap,1451,8475287,E. Haula,8479370,T. Jost,,,3,5
2026-04-04,2025021220,3,REG,18:45,NSH,ev,empty-net,wrist,1560,8479370,T. Jost,8475158,R. O'Reilly,8482482,A. Wilsby,3,6
2026-04-04,2025021221,2,REG,09:15,CHI,pp,none,wrist,1541,8476882,T. Teravainen,8484144,C. Bedard,8483493,F. Nazar,0,1
2026-04-04,2025021221,2,REG,19:37,CHI,ev,none,wrist,1551,8477479,T. Bertuzzi,8481624,I. Mikheyev,8482176,W. Kaiser,0,2
2026-04-04,2025021221,3,REG,10:48,SEA,ev,none,wrist,1551,8475768,J. Schwartz,8480009,E. Tolvanen,8482665,M. Beniers,1,2
2026-04-04,2025021221,3,REG,13:08,CHI,ev,none,snap,1551,8484793,S. Boisvert,8483466,K. Korchinski,8482172,L. Slaggert,1,3
2026-04-04,2025021221,3,REG,14:18,SEA,ev,none,snap,1551,8481554,K. Kakko,8484800,B. Catton,8475768,J. Schwartz,2,3
2026-04-04,2025021221,3,REG,18:48,CHI,ev,empty-net,wrist,1560,8481624,I. Mikheyev,8482176,W. Kaiser,8484144,C. Bedard,2,4
2026-04-05,2025021222,1,REG,01:40,DET,ev,none,snap,1551,8481607,A. Johansson,8484223,A. Sandin-Pellikka,8474141,P. Kane,1,0
2026-04-05,2025021222,2,REG,00:18,MIN,ev,none,wrist,1551,8481557,M. Boldy,8478493,J. Eriksson Ek,,,1,1
2026-04-05,2025021222,2,REG,01:25,MIN,ev,none,deflected,1551,8478864,K. Kaprizov,8477451,R. Hartman,8475692,M. Zuccarello,1,2
2026-04-05,2025021222,2,REG,07:03,MIN,ev,none,snap,1551,8475765,V. Tarasenko,8478136,J. Middleton,8477451,R. Hartman,1,3
2026-04-05,2025021222,2,REG,12:32,MIN,ev,none,snap,1551,8478864,K. Kaprizov,8482122,B. Faber,,,1,4
2026-04-05,2025021222,3,REG,07:18,DET,ev,none,snap,1551,8484223,A. Sandin-Pellikka,8477946,D. Larkin,8482078,L. Raymond,2,4
2026-04-05,2025021222,3,REG,11:14,DET,ev,none,tip-in,1551,8477456,J. Compher,8482762,S. Edvinsson,8483464,M. Kasper,3,4
2026-04-05,2025021222,3,REG,14:36,DET,ev,none,backhand,1551,8474141,P. Kane,8479337,A. DeBrincat,8477429,A. Copp,4,4
2026-04-05,2025021222,3,REG,18:09,MIN,pp,none,slap,1541,8478864,K. Kaprizov,8481557,M. Boldy,8475692,M. Zuccarello,4,5
2026-04-05,2025021223,1,REG,11:00,PIT,ev,none,wrist,1551,8481725,E. Soderblom,,,,,1,0
2026-04-05,2025021223,1,REG,16:15,FLA,ev,none,wrist,1551,8481655,C. Schwindt,8476994,V. Hinostroza,8478055,G. Forsling,1,1
2026-04-05,2025021223,1,REG,16:50,PIT,ev,none,snap,1551,8471675,S. Crosby,8482475,E. Chinakhov,8475810,B. Rust,2,1
2026-04-05,2025021223,1,REG,19:12,PIT,pp,none,snap,1451,8476483,R. Rakell,8471675,S. Crosby,8471215,E. Malkin,3,1
2026-04-05,2025021223,2,REG,18:08,PIT,ev,none,wrist,1551,8476483,R. Rakell,8471215,E. Malkin,8478438,T. Novak,4,1
2026-04-05,2025021223,3,REG,03:48,PIT,ev,none,backhand,1551,8475810,B. Rust,8471675,S. Crosby,8482475,E. Chinakhov,5,1
2026-04-05,2025021223,3,REG,14:15,FLA,pp,none,wrist,1541,8477409,C. Verhaeghe,8477495,S. Jones,,,5,2
2026-04-05,2025021224,1,REG,04:19,PHI,ev,none,snap,1551,8477989,C. Dvorak,8485406,P. Martone,8477499,R. Ristolainen,1,0
2026-04-05,2025021224,3,REG,00:35,BOS,pp,none,wrist,1541,8478401,P. Zacha,8479999,C. Mittelstadt,8477956,D. Pastrnak,1,1
2026-04-05,2025021224,4,OT,02:31,PHI,pp,none,wrist,1351,8485406,P. Martone,8477989,C. Dvorak,8481533,T. Zegras,2,1
2026-04-05,2025021225,1,REG,05:22,CAR,pp,none,snap,1541,8482702,L. Stankoven,8477940,N. Ehlers,8482809,J. Blake,0,1
2026-04-05,2025021225,1,REG,07:17,OTT,pp,none,backhand,1451,8481528,D. Cozens,8482116,T. Stützle,8480208,D. Batherson,1,1
2026-04-05,2025021225,1,REG,08:51,OTT,ev,none,backhand,1551,8482116,T. Stützle,,,,,2,1
2026-04-05,2025021225,1,REG,19:40,CAR,ev,none,poke,1551,8480830,A. Svechnikov,,,,,2,2
2026-04-05,2025021225,2,REG,08:33,OTT,ev,none,tip-in,1551,8480801,B. Tkachuk,8482245,A. Zub,8482092,R. Greig,3,2
2026-04-05,2025021225,3,REG,02:50,OTT,pp,none,wrist,1451,8481596,S. Pinto,8480188,F. Zetterlund,,,4,2
2026-04-05,2025021225,3,REG,06:32,OTT,ev,none,wrist,1551,8480801,B. Tkachuk,8482092,R. Greig,8481528,D. Cozens,5,2
2026-04-05,2025021225,3,REG,17:30,CAR,ev,none,backhand,1551,8475791,T. Hall,8480336,S. Walker,8482809,J. Blake,5,3
2026-04-05,2025021225,3,REG,19:03,OTT,ev,empty-net,wrist,0651,8473512,C. Giroux,8481596,S. Pinto,8482105,J. Sanderson,6,3
2026-04-05,2025021226,1,REG,10:47,NJD,ev,none,snap,1551,8478414,T. Meier,8481559,J. Hughes,,,0,1
2026-04-05,2025021226,2,REG,18:12,NJD,ev,none,snap,1551,8479996,C. Glass,,,,,0,2
2026-04-05,2025021226,3,REG,16:35,NJD,ev,empty-net,snap,1560,8477015,C. Brown,8481559,J. Hughes,8479407,J. Bratt,0,3
2026-04-05,2025021227,1,REG,00:23,NYR,ev,none,snap,1551,8477839,C. Sheary,8481789,T. Kartye,8479323,A. Fox,1,0
2026-04-05,2025021227,1,REG,13:45,WSH,ev,none,snap,1551,8481580,C. McMichael,8476880,T. Wilson,8480796,M. Fehérváry,1,1
2026-04-05,2025021227,2,REG,03:07,NYR,pp,none,deflected,1451,8476468,J. Miller,8476459,M. Zibanejad,8479323,A. Fox,2,1
2026-04-05,2025021227,2,REG,05:53,NYR,ev,none,tip-in,1551,8482157,W. Cuylle,8482073,B. Schneider,8477380,J. Brodzinski,3,1
2026-04-05,2025021227,2,REG,08:33,NYR,ev,none,wrist,1551,8482157,W. Cuylle,8476389,V. Trocheck,8478882,V. Gavrikov,4,1
2026-04-05,2025021227,2,REG,13:22,NYR,ev,none,snap,1551,8483669,A. Sykora,8483690,N. Laba,8482877,J. Chmelar,5,1
2026-04-05,2025021227,2,REG,18:27,NYR,pp,none,snap,1451,8479323,A. Fox,8476459,M. Zibanejad,8476468,J. Miller,6,1
2026-04-05,2025021227,3,REG,02:27,NYR,ev,none,wrist,1551,8476389,V. Trocheck,,,,,7,1
2026-04-05,2025021227,3,REG,19:28,NYR,ev,none,snap,1551,8482157,W. Cuylle,8476459,M. Zibanejad,8482109,A. Lafrenière,8,1
2026-04-05,2025021228,1,REG,12:01,STL,ev,none,slap,1551,8480023,R. Thomas,8483516,J. Snuggerud,8482077,D. Holloway,0,1
2026-04-05,2025021228,1,REG,15:10,COL,ev,none,tip-in,1551,8480448,P. Kelly,8470613,B. Burns,8481186,L. O'Connor,1,1
2026-04-05,2025021228,2,REG,03:40,COL,ev,none,wrist,1551,8470613,B. Burns,8483565,N. Blankenburg,8475754,B. Nelson,2,1
2026-04-05,2025021228,2,REG,04:09,STL,ev,none,snap,1551,8480023,R. Thomas,8482077,D. Holloway,8483516,J. Snuggerud,2,2
2026-04-05,2025021228,3,REG,17:10,STL,ev,none,snap,1551,8480023,R. Thomas,8483516,J. Snuggerud,8482077,D. Holloway,2,3
2026-04-06,2025021229,1,REG,05:42,BUF,ev,none,snap,1551,8477949,A. Tuch,8481524,B. Byram,8480802,R. McLeod,1,0
2026-04-06,2025021229,1,REG,11:45,TBL,pp,none,snap,1541,8476453,N. Kucherov,8477404,J. Guentzel,8478178,D. Raddysh,1,1
2026-04-06,2025021229,1,REG,14:04,BUF,ev,none,wrist,1551,8480064,J. Norris,8482659,J. Doan,8484145,Z. Benson,2,1
2026-04-06,2025021229,2,REG,03:56,TBL,ev,none,wrist,1551,8477404,J. Guentzel,8478010,B. Point,8478178,D. Raddysh,2,2
2026-04-06,2025021229,2,REG,07:38,BUF,ev,none,tip-in,1551,8475722,J. Zucker,8481524,B. Byram,8480839,R. Dahlin,3,2
2026-04-06,2025021229,3,REG,18:06,BUF,ev,empty-net,wrist,0651,8482097,J. Quinn,8475722,J. Zucker,8480045,U. Luukkonen,4,2
2026-04-06,2025021230,1,REG,09:17,SEA,ev,none,backhand,1551,8474586,J. Eberle,8482665,M. Beniers,,,0,1
2026-04-06,2025021230,1,REG,12:39,WPG,pp,none,wrist,1451,8473604,J. Toews,8480014,G. Vilardi,8477504,J. Morrissey,1,1
2026-04-06,2025021230,2,REG,09:55,WPG,pp,none,snap,1451,8480014,G. Vilardi,8473604,J. Toews,8476460,M. Scheifele,2,1
2026-04-06,2025021230,2,REG,12:09,WPG,pp,none,slap,1451,8478398,K. Connor,8476460,M. Scheifele,8477504,J. Morrissey,3,1
2026-04-06,2025021230,3,REG,02:28,SEA,ev,none,wrist,1551,8477955,J. McCann,8481554,K. Kakko,,,3,2
2026-04-06,2025021230,3,REG,05:59,WPG,ev,none,wrist,1551,8483471,B. Lambert,8476392,A. Lowry,8480145,N. Pionk,4,2
2026-04-06,2025021230,3,REG,15:19,WPG,ev,none,snap,1551,8478398,K. Connor,8476460,M. Scheifele,8480113,A. Iafallo,5,2
2026-04-06,2025021230,3,REG,17:56,WPG,ev,empty-net,wrist,0651,8476480,V. Namestnikov,,,,,6,2
2026-04-06,2025021231,1,REG,09:01,CHI,ev,none,wrist,1551,8477987,R. Donato,8483493,F. Nazar,8484144,C. Bedard,0,1
2026-04-06,2025021231,2,REG,06:57,SJS,ev,none,wrist,1551,8482667,W. Eklund,,,,,1,1
2026-04-06,2025021231,2,REG,14:55,SJS,ev,none,slap,1551,8480748,K. Sherwood,8482667,W. Eklund,8477505,A. Wennberg,2,1
2026-04-06,2025021231,3,REG,03:28,SJS,ev,none,snap,1551,8484227,W. Smith,8484911,C. Graf,8484801,M. Celebrini,3,1
2026-04-06,2025021231,3,REG,06:09,CHI,pp,none,slap,1541,8483493,F. Nazar,8476882,T. Teravainen,8485391,A. Frondell,3,2
2026-04-06,2025021232,1,REG,05:36,LAK,ev,none,wrist,1551,8476469,J. Armia,,,,,1,0
2026-04-06,2025021232,2,REG,04:29,NSH,pp,none,slap,1531,8474564,S. Stamkos,8475158,R. O'Reilly,8474600,R. Josi,1,1
2026-04-06,2025021232,2,REG,13:57,LAK,ev,none,wrist,1551,8476872,S. Laughton,8483756,J. Wright,,,2,1
2026-04-06,2025021232,3,REG,04:18,NSH,ev,none,slap,1551,8474600,R. Josi,8476887,F. Forsberg,8475287,E. Haula,2,2
2026-04-06,2025021232,5,SO,00:00,LAK,ev,none,snap,1010,8477960,A. Kempe,,,,,3,2
2026-04-07,2025021233,1,REG,09:23,FLA,ev,none,snap,1551,8477409,C. Verhaeghe,8482131,D. Sebrango,,,0,1
2026-04-07,2025021233,2,REG,00:54,MTL,pp,none,slap,1451,8484984,I. Demidov,8481540,C. Caufield,8483515,J. Slafkovský,1,1
2026-04-07,2025021233,2,REG,13:43,FLA,ev,none,wrist,1551,8481133,C. Reinhardt,8479316,L. Kunin,8477495,S. Jones,1,2
2026-04-07,2025021233,3,REG,06:22,MTL,ev,none,snap,1560,8476479,P. Danault,8480865,N. Dobson,8483686,A. Engstrom,2,2
2026-04-07,2025021233,3,REG,07:49,FLA,ev,none,tip-in,1551,8480185,E. Luostarinen,8478055,G. Forsling,8480003,J. Boqvist,2,3
2026-04-07,2025021233,3,REG,19:39,MTL,ev,none,snap,1560,8480018,N. Suzuki,8483457,L. Hutson,8483515,J. Slafkovský,3,3
2026-04-07,2025021233,5,SO,00:00,MTL,ev,none,snap,1010,8481540,C. Caufield,,,,,4,3
2026-04-07,2025021234,2,REG,15:46,OTT,ev,none,wrist,1551,8481606,J. Spence,8480801,B. Tkachuk,8482116,T. Stützle,1,0
2026-04-07,2025021234,2,REG,18:23,TBL,ev,none,backhand,1551,8477426,N. Paul,8470621,C. Perry,8476453,N. Kucherov,1,1
2026-04-07,2025021234,3,REG,02:45,OTT,ev,none,wrist,1551,8480188,F. Zetterlund,8480801,B. Tkachuk,8480075,C. Crotty,2,1
2026-04-07,2025021234,3,REG,04:39,OTT,ev,none,backhand,1551,8482105,J. Sanderson,8482116,T. Stützle,8480801,B. Tkachuk,3,1
2026-04-07,2025021234,3,REG,10:35,TBL,ev,none,tip-in,1551,8470621,C. Perry,8474151,R. McDonagh,8477426,N. Paul,3,2
2026-04-07,2025021234,3,REG,12:51,OTT,pp,none,wrist,1451,8482116,T. Stützle,8481528,D. Cozens,8480208,D. Batherson,4,2
2026-04-07,2025021234,3,REG,13:04,OTT,pp,none,backhand,1451,8482105,J. Sanderson,8480801,B. Tkachuk,8480208,D. Batherson,5,2
2026-04-07,2025021234,3,REG,16:41,OTT,sh,empty-net,wrist,0641,8481596,S. Pinto,,,,,6,2
2026-04-07,2025021235,1,REG,02:06,CBJ,ev,none,snap,1551,8478046,D. Heinen,8478975,M. Marchment,,,0,1
2026-04-07,2025021235,1,REG,10:27,DET,pp,none,wrist,1451,8477946,D. Larkin,8474141,P. Kane,8481542,M. Seider,1,1
2026-04-07,2025021235,2,REG,06:27,DET,ev,none,wrist,1551,8475753,J. Faulk,8477946,D. Larkin,8475279,B. Chiarot,2,1
2026-04-07,2025021235,2,REG,10:59,CBJ,pp,none,wrist,1541,8478460,Z. Werenski,8483485,D. Mateychuk,8482982,J. Greaves,2,2
2026-04-07,2025021235,3,REG,15:14,DET,ev,none,slap,1551,8475753,J. Faulk,8479337,A. DeBrincat,8477429,A. Copp,3,2
2026-04-07,2025021235,3,REG,19:43,CBJ,ev,none,slap,0651,8484166,A. Fantilli,8478460,Z. Werenski,8480893,K. Marchenko,3,3
2026-04-07,2025021235,5,SO,00:00,CBJ,ev,none,wrist,0101,8478460,Z. Werenski,,,,,3,4
2026-04-07,2025021236,1,REG,01:56,PHI,ev,none,wrist,1551,8481533,T. Zegras,8477948,T. Sanheim,8480015,O. Tippett,0,1
2026-04-07,2025021236,1,REG,03:38,PHI,pp,none,tip-in,1541,8481533,T. Zegras,8485406,P. Martone,8482142,J. Drysdale,0,2
2026-04-07,2025021236,1,REG,12:12,NJD,ev,none,deflected,1551,8479996,C. Glass,8478399,J. Siegenthaler,8484177,L. Hameenaho,1,2
2026-04-07,2025021236,2,REG,02:46,PHI,ev,none,snap,1551,8482159,T. Foerster,8484387,M. Michkov,,,1,3
2026-04-07,2025021236,2,REG,04:58,PHI,ev,none,wrist,1551,8482159,T. Foerster,8481533,T. Zegras,8484387,M. Michkov,1,4
2026-04-07,2025021236,3,REG,17:09,PHI,ev,empty-net,wrist,1560,8476372,N. Seeler,,,,,1,5
2026-04-07,2025021237,1,REG,04:40,BOS,ev,none,snap,1551,8476854,H. Lindholm,8478401,P. Zacha,8478042,V. Arvidsson,0,1
2026-04-07,2025021237,1,REG,10:04,CAR,ev,none,wrist,1551,8480830,A. Svechnikov,8482100,A. Nikishin,8480336,S. Walker,1,1
2026-04-07,2025021237,1,REG,11:38,CAR,ev,none,snap,1551,8480817,K. Miller,8473533,J. Staal,,,2,1
2026-04-07,2025021237,1,REG,13:36,BOS,ev,none,snap,1551,8479987,M. Geekie,8477956,D. Pastrnak,8477496,E. Lindholm,2,2
2026-04-07,2025021237,1,REG,17:25,BOS,ev,none,wrist,1551,8479987,M. Geekie,8477956,D. Pastrnak,8477507,N. Zadorov,2,3
2026-04-07,2025021237,2,REG,05:17,CAR,pp,none,slap,1451,8482702,L. Stankoven,8475791,T. Hall,8482809,J. Blake,3,3
2026-04-07,2025021237,2,REG,07:20,CAR,ev,none,snap,1551,8477478,W. Carrier,8476921,J. Martinook,,,4,3
2026-04-07,2025021237,2,REG,08:33,CAR,ev,none,snap,1551,8475791,T. Hall,8482809,J. Blake,8480336,S. Walker,5,3
2026-04-07,2025021237,2,REG,18:50,BOS,ev,none,tip-in,1551,8479987,M. Geekie,8477507,N. Zadorov,8479325,C. McAvoy,5,4
2026-04-07,2025021237,3,REG,12:33,BOS,ev,none,snap,1551,8478401,P. Zacha,8479325,C. McAvoy,8478042,V. Arvidsson,5,5
2026-04-07,2025021237,4,OT,01:13,CAR,ev,none,snap,1331,8476958,J. Slavin,8478427,S. Aho,8480830,A. Svechnikov,6,5
2026-04-07,2025021238,1,REG,16:11,COL,ev,none,tip-in,1551,8477501,V. Nichushkin,8478038,D. Toews,8484258,S. Malinski,0,1
2026-04-07,2025021238,1,REG,19:32,COL,ev,none,wrist,1551,8480039,M. Necas,8477492,N. MacKinnon,8477476,A. Lehkonen,0,2
2026-04-07,2025021238,2,REG,01:40,COL,sh,none,between-legs,1451,8477501,V. Nichushkin,8475754,B. Nelson,,,0,3
2026-04-07,2025021238,2,REG,15:38,STL,ev,none,wrist,1551,8480023,R. Thomas,8484188,T. Lindstein,8483516,J. Snuggerud,1,3
2026-04-07,2025021239,2,REG,04:30,DAL,ev,none,snap,1551,8484829,J. Hryckowian,8481581,T. Harley,8480878,N. Lundkvist,1,0
2026-04-07,2025021239,2,REG,12:38,CGY,ev,none,backhand,1551,8480797,J. Farabee,8483609,A. Klapka,8476874,O. Maatta,1,1
2026-04-07,2025021239,2,REG,18:52,CGY,ev,none,snap,1551,8481068,Y. Sharangovich,8483609,A. Klapka,8480727,Z. Whitecloud,1,2
2026-04-07,2025021239,3,REG,00:26,CGY,pp,none,snap,1541,8484768,Z. Parekh,8482679,M. Coronato,8484860,M. Gridin,1,3
2026-04-07,2025021239,3,REG,01:16,DAL,ev,none,snap,1551,8482740,W. Johnston,8478420,M. Rantanen,,,2,3
2026-04-07,2025021239,3,REG,04:51,DAL,ev,none,snap,1551,8480027,J. Robertson,8475168,M. Duchene,8474574,T. Myers,3,3
2026-04-07,2025021239,4,OT,03:39,DAL,pp,none,backhand,1341,8482740,W. Johnston,8480027,J. Robertson,8480036,M. Heiskanen,4,3
2026-04-07,2025021240,1,REG,10:23,SEA,ev,none,slap,1551,8477986,B. Montour,8481554,K. Kakko,8475768,J. Schwartz,0,1
2026-04-07,2025021240,1,REG,11:57,MIN,ev,none,tip-in,1551,8481557,M. Boldy,8478493,J. Eriksson Ek,8475149,M. Johansson,1,1
2026-04-07,2025021240,1,REG,13:10,SEA,ev,none,snap,1551,8476457,A. Larsson,8476905,C. Stephenson,,,1,2
2026-04-07,2025021240,2,REG,00:38,MIN,ev,none,wrist,1551,8475220,M. Foligno,8478508,Y. Trenin,,,2,2
2026-04-07,2025021240,2,REG,12:46,MIN,ev,none,wrist,1551,8475765,V. Tarasenko,8477451,R. Hartman,8474716,J. Spurgeon,3,2
2026-04-07,2025021240,3,REG,06:49,MIN,ev,none,wrist,1551,8475149,M. Johansson,8481557,M. Boldy,8478493,J. Eriksson Ek,4,2
2026-04-07,2025021240,3,REG,17:17,MIN,ev,empty-net,wrist,0651,8478493,J. Eriksson Ek,,,,,5,2
2026-04-07,2025021241,1,REG,01:53,UTA,ev,none,slap,1551,8482175,J. Peterka,8474013,I. Cole,8479619,M. Carcone,1,0
2026-04-07,2025021241,1,REG,02:04,EDM,ev,none,backhand,1551,8477508,C. Lazar,8474641,A. Henrique,8475218,M. Ekholm,1,1
2026-04-07,2025021241,1,REG,08:56,EDM,pp,none,wrist,1541,8478402,C. McDavid,8480803,E. Bouchard,8477465,T. Jarry,1,2
2026-04-07,2025021241,1,REG,14:43,EDM,ev,none,snap,1551,8476454,R. Nugent-Hopkins,8477953,K. Kapanen,,,1,3
2026-04-07,2025021241,2,REG,10:28,UTA,ev,none,slap,1551,8477951,N. Schmaltz,8479343,C. Keller,8478474,L. Crouse,2,3
2026-04-07,2025021241,2,REG,15:19,UTA,ev,none,slap,1551,8483431,L. Cooley,8482699,D. Guenther,8480434,S. Durzi,3,3
2026-04-07,2025021241,2,REG,16:06,EDM,ev,none,backhand,1551,8481617,V. Podkolzin,8477498,D. Nurse,8478402,C. McDavid,3,4
2026-04-07,2025021241,2,REG,19:24,UTA,sh,none,snap,1541,8477951,N. Schmaltz,8478507,J. Marino,8477021,A. Kerfoot,4,4
2026-04-07,2025021241,3,REG,02:09,EDM,ev,none,snap,1551,8482703,C. Dach,8479365,T. Frederic,8477450,J. Dickinson,4,5
2026-04-07,2025021241,3,REG,12:56,UTA,ev,none,tip-in,1551,8477021,A. Kerfoot,8480434,S. Durzi,8479619,M. Carcone,5,5
2026-04-07,2025021241,4,OT,00:33,UTA,pp,none,snap,1341,8479343,C. Keller,8479410,M. Sergachev,8482699,D. Guenther,6,5
2026-04-07,2025021242,2,REG,12:50,VAN,ev,none,snap,1551,8484136,M. Sasson,8476927,T. Blueger,8481024,L. Karlsson,1,0
2026-04-07,2025021242,2,REG,15:46,VGK,ev,none,snap,1551,8475188,B. McNabb,8477447,S. Theodore,8476438,B. Saad,1,1
2026-04-07,2025021242,3,REG,12:13,VGK,ev,none,snap,1551,8482062,C. Smith,8475343,N. Dowd,,,1,2
2026-04-07,2025021243,2,REG,07:07,NSH,ev,none,snap,1551,8475287,E. Haula,8483465,J. Kemell,8482482,A. Wilsby,0,1
2026-04-07,2025021243,2,REG,11:26,NSH,pp,none,snap,1541,8476887,F. Forsberg,8474600,R. Josi,8475158,R. O'Reilly,0,2
2026-04-07,2025021243,2,REG,19:00,NSH,sh,none,snap,1451,8476869,B. Skjei,8480246,N. Perbix,8475158,R. O'Reilly,0,3
2026-04-07,2025021243,3,REG,09:51,NSH,ev,none,snap,1551,8482742,Z. L'Heureux,8483465,J. Kemell,8475287,E. Haula,0,4
2026-04-07,2025021243,3,REG,15:07,NSH,ev,none,snap,1551,8482768,F. Svechkov,8479370,T. Jost,8482715,R. Ufko,0,5
2026-04-08,2025021244,1,REG,04:40,BUF,ev,none,snap,1551,8480802,R. McLeod,8475722,J. Zucker,8479982,C. Timmins,0,1
2026-04-08,2025021244,1,REG,08:58,BUF,ev,none,deflected,1551,8484145,Z. Benson,8480839,R. Dahlin,8481524,B. Byram,0,2
2026-04-08,2025021244,1,REG,19:21,NYR,pp,none,tip-in,1451,8482109,A. Lafrenière,8479323,A. Fox,8476468,J. Miller,1,2
2026-04-08,2025021244,2,REG,02:57,NYR,ev,none,snap,1551,8482109,A. Lafrenière,8484169,D. Fortescue,,,2,2
2026-04-08,2025021244,2,REG,14:44,NYR,pp,none,wrist,1451,8479323,A. Fox,8476389,V. Trocheck,8476459,M. Zibanejad,3,2
2026-04-08,2025021244,3,REG,05:51,BUF,ev,none,deflected,1551,8477949,A. Tuch,8481522,P. Krebs,8479420,T. Thompson,3,3
2026-04-08,2025021244,3,REG,07:14,BUF,ev,none,wrist,1551,8475722,J. Zucker,8480802,R. McLeod,,,3,4
2026-04-08,2025021244,3,REG,18:45,BUF,ev,empty-net,wrist,1560,8484145,Z. Benson,8482659,J. Doan,8480064,J. Norris,3,5
2026-04-08,2025021245,1,REG,13:22,WSH,ev,none,snap,1551,8478440,D. Strome,8478463,A. Beauvillier,8480796,M. Fehérváry,0,1
2026-04-08,2025021245,2,REG,00:40,WSH,ev,none,wrist,1551,8484186,R. Leonard,8476880,T. Wilson,,,0,2
2026-04-08,2025021245,2,REG,02:53,WSH,ev,none,wrist,1551,8480796,M. Fehérváry,8478440,D. Strome,8482088,J. Sourdif,0,3
2026-04-08,2025021245,3,REG,16:10,WSH,ev,empty-net,wrist,1560,8484873,C. Hutson,8481656,A. Protas,8484999,I. Protas,0,4
2026-04-08,2025021246,1,REG,04:27,SJS,pp,none,wrist,1451,8484801,M. Celebrini,8475200,D. Orlov,8484227,W. Smith,1,0
2026-04-08,2025021246,1,REG,06:18,EDM,pp,none,poke,1541,8478402,C. McDavid,8480803,E. Bouchard,8481617,V. Podkolzin,1,1
2026-04-08,2025021246,1,REG,18:38,EDM,pp,none,tip-in,1541,8481617,V. Podkolzin,8476454,R. Nugent-Hopkins,8478402,C. McDavid,1,2
2026-04-08,2025021246,2,REG,03:33,EDM,pp,none,backhand,1541,8478458,J. Roslovic,8478402,C. McDavid,,,1,3
2026-04-08,2025021246,2,REG,04:37,SJS,ev,none,tip-in,1551,8480748,K. Sherwood,8477505,A. Wennberg,8482667,W. Eklund,2,3
2026-04-08,2025021246,2,REG,05:53,EDM,ev,none,wrist,1551,8478402,C. McDavid,8480803,E. Bouchard,8475218,M. Ekholm,2,4
2026-04-08,2025021246,2,REG,14:13,EDM,ev,none,wrist,1551,8478402,C. McDavid,8478458,J. Roslovic,,,2,5
2026-04-09,2025021252,1,REG,02:08,NYI,ev,none,snap,1560,8475170,B. Schenn,8484221,C. Ritchie,8477500,B. Horvat,1,0
2026-04-09,2025021252,1,REG,04:55,NYI,ev,none,snap,1551,8476419,J. Pageau,8485702,M. Shabanov,8476917,A. Pelech,2,0
2026-04-09,2025021252,1,REG,05:11,TOR,ev,none,wrist,1551,8478904,S. Lorentz,,,,,2,1
2026-04-09,2025021252,2,REG,01:57,TOR,pp,none,wrist,1541,8484158,E. Cowan,8475166,J. Tavares,8475171,O. Ekman-Larsson,2,2
2026-04-09,2025021252,2,REG,09:39,NYI,ev,none,wrist,1551,8485366,M. Schaefer,8477950,T. DeAngelo,8476292,O. Palat,3,2
2026-04-09,2025021252,2,REG,16:44,NYI,pp,none,snap,1451,8482476,E. Heineman,8478445,M. Barzal,8477950,T. DeAngelo,4,2
2026-04-09,2025021252,3,REG,10:20,NYI,pp,none,snap,1351,8484221,C. Ritchie,,,,,5,2
2026-04-09,2025021252,3,REG,14:04,TOR,ev,none,wrist,1551,8476853,M. Rielly,8481711,M. Maccelli,8485467,L. Haymes,5,3
2026-04-09,2025021247,1,REG,13:41,BUF,ev,none,snap,1551,8481522,P. Krebs,8480064,J. Norris,,,1,0
2026-04-09,2025021247,3,REG,07:19,BUF,ev,none,snap,1551,8482659,J. Doan,,,,,2,0
2026-04-09,2025021247,3,REG,13:21,BUF,ev,none,wrist,1551,8482097,J. Quinn,8479378,L. Stanley,8475722,J. Zucker,3,0
2026-04-09,2025021247,3,REG,13:46,BUF,ev,none,wrist,1551,8482659,J. Doan,8484145,Z. Benson,8480064,J. Norris,4,0
2026-04-09,2025021247,3,REG,16:55,BUF,ev,empty-net,wrist,0651,8480839,R. Dahlin,8479378,L. Stanley,8482896,T. Kozak,5,0
2026-04-09,2025021248,2,REG,06:30,MTL,ev,none,snap,1551,8481540,C. Caufield,8480018,N. Suzuki,8483515,J. Slafkovský,1,0
2026-04-09,2025021248,3,REG,18:09,TBL,ev,none,snap,0651,8478178,D. Raddysh,8476453,N. Kucherov,8482201,G. Goncalves,1,1
2026-04-09,2025021248,3,REG,18:56,MTL,ev,none,snap,1551,8483515,J. Slafkovský,8480018,N. Suzuki,,,2,1
2026-04-09,2025021249,1,REG,06:49,OTT,pp,none,deflected,1451,8480208,D. Batherson,8482105,J. Sanderson,8480801,B. Tkachuk,1,0
2026-04-09,2025021249,1,REG,17:00,OTT,ev,none,wrist,1551,8480188,F. Zetterlund,8474189,L. Eller,8481606,J. Spence,2,0
2026-04-09,2025021249,3,REG,03:03,OTT,ev,none,snap,1551,8482245,A. Zub,8482105,J. Sanderson,8481528,D. Cozens,3,0
2026-04-09,2025021249,3,REG,14:17,FLA,ev,none,wrist,1551,8480003,J. Boqvist,8478421,A. Greer,8480185,E. Luostarinen,3,1
2026-04-09,2025021249,3,REG,16:43,OTT,ev,empty-net,wrist,0651,8473512,C. Giroux,,,,,4,1
2026-04-09,2025021249,3,REG,17:02,OTT,ev,none,wrist,1551,8480188,F. Zetterlund,,,,,5,1
2026-04-09,2025021250,1,REG,02:28,DET,pp,none,backhand,1451,8479337,A. DeBrincat,8482078,L. Raymond,8481542,M. Seider,1,0
2026-04-09,2025021250,1,REG,13:24,PHI,ev,none,tip-in,1551,8477989,C. Dvorak,8485406,P. Martone,8478439,T. Konecny,1,1
2026-04-09,2025021250,2,REG,00:32,DET,pp,none,slap,1351,8481542,M. Seider,8474141,P. Kane,8477946,D. Larkin,2,1
2026-04-09,2025021250,2,REG,01:50,DET,pp,none,wrist,1451,8477946,D. Larkin,8474141,P. Kane,8481542,M. Seider,3,1
2026-04-09,2025021250,2,REG,04:56,DET,sh,none,wrist,1541,8477946,D. Larkin,8481607,A. Johansson,,,4,1
2026-04-09,2025021250,2,REG,09:25,PHI,pp,none,wrist,1541,8485406,P. Martone,8481533,T. Zegras,8482142,J. Drysdale,4,2
2026-04-09,2025021250,3,REG,07:01,DET,ev,none,snap,1551,8474141,P. Kane,8482762,S. Edvinsson,8481542,M. Seider,5,2
2026-04-09,2025021250,3,REG,11:39,DET,ev,none,snap,1441,8477946,D. Larkin,8481542,M. Seider,8482078,L. Raymond,6,2
2026-04-09,2025021250,3,REG,18:09,PHI,ev,none,tip-in,1551,8476822,L. Glendening,8484142,D. Barkey,8476461,S. Couturier,6,3
2026-04-09,2025021251,1,REG,04:53,PIT,ev,none,snap,1551,8475810,B. Rust,8482475,E. Chinakhov,8471724,K. Letang,0,1
2026-04-09,2025021251,2,REG,09:51,NJD,ev,none,backhand,1551,8481032,P. Cotter,8476462,D. Hamilton,8483531,B. Halonen,1,1
2026-04-09,2025021251,2,REG,11:43,PIT,ev,none,wrist,1551,8478438,T. Novak,8471215,E. Malkin,8474578,E. Karlsson,1,2
2026-04-09,2025021251,2,REG,11:52,PIT,ev,none,wrist,1551,8482475,E. Chinakhov,8478854,R. Shea,8471675,S. Crosby,1,3
2026-04-09,2025021251,2,REG,15:07,NJD,ev,none,wrist,1551,8481559,J. Hughes,8478399,J. Siegenthaler,8477015,C. Brown,2,3
2026-04-09,2025021251,3,REG,06:50,PIT,ev,none,tip-in,1551,8471215,E. Malkin,8471675,S. Crosby,8482475,E. Chinakhov,2,4
2026-04-09,2025021251,3,REG,17:00,PIT,ev,empty-net,wrist,1560,8474578,E. Karlsson,8478450,P. Wotherspoon,8478569,N. Acciari,2,5
2026-04-09,2025021253,1,REG,04:56,STL,pp,none,wrist,1451,8482077,D. Holloway,8480023,R. Thomas,8481598,P. Broberg,1,0
2026-04-09,2025021253,1,REG,09:24,WPG,ev,none,wrist,1551,8480113,A. Iafallo,8476460,M. Scheifele,8477938,H. Fleury,1,1
2026-04-09,2025021253,2,REG,14:11,WPG,ev,none,wrist,1551,8477504,J. Morrissey,8480196,J. Bryson,8476460,M. Scheifele,1,2
2026-04-09,2025021253,2,REG,15:51,WPG,ev,none,snap,1551,8473604,J. Toews,8482149,C. Perfetti,8480014,G. Vilardi,1,3
2026-04-09,2025021253,3,REG,13:00,STL,ev,none,wrist,1551,8476892,C. Parayko,8479385,J. Kyrou,8482077,D. Holloway,2,3
2026-04-09,2025021255,1,REG,00:19,CAR,ev,none,wrist,1551,8480336,S. Walker,8477940,N. Ehlers,,,0,1
2026-04-09,2025021255,1,REG,10:48,CHI,ev,none,wrist,1551,8485391,A. Frondell,8481806,L. Crevier,,,1,1
2026-04-09,2025021255,1,REG,17:10,CAR,ev,none,wrist,1551,8482702,L. Stankoven,,,,,1,2
2026-04-09,2025021255,2,REG,04:08,CAR,ev,none,backhand,1551,8482702,L. Stankoven,8475791,T. Hall,8482809,J. Blake,1,3
2026-04-09,2025021255,2,REG,14:50,CAR,ev,none,tip-in,1551,8476873,M. Jankowski,8482100,A. Nikishin,8477478,W. Carrier,1,4
2026-04-09,2025021255,3,REG,05:47,CAR,ev,none,snap,1551,8480817,K. Miller,8477478,W. Carrier,,,1,5
2026-04-09,2025021255,3,REG,06:09,CHI,ev,none,tip-in,1551,8485391,A. Frondell,8481806,L. Crevier,8481568,A. Vlasic,2,5
2026-04-09,2025021255,3,REG,08:13,CAR,ev,none,wrist,1551,8475791,T. Hall,8476906,S. Gostisbehere,8482702,L. Stankoven,2,6
2026-04-09,2025021255,3,REG,12:51,CAR,ev,none,snap,1551,8476873,M. Jankowski,8477478,W. Carrier,8475235,N. Deslauriers,2,7
2026-04-09,2025021254,1,REG,04:26,DAL,ev,none,snap,1551,8482740,W. Johnston,8484829,J. Hryckowian,8478420,M. Rantanen,1,0
2026-04-09,2025021254,1,REG,13:02,MIN,ev,none,snap,1551,8480800,Q. Hughes,8475692,M. Zuccarello,,,1,1
2026-04-09,2025021254,1,REG,19:44,MIN,pp,none,tip-in,1541,8478864,K. Kaprizov,8481557,M. Boldy,8475692,M. Zuccarello,1,2
2026-04-09,2025021254,2,REG,06:39,MIN,pp,none,snap,1541,8478864,K. Kaprizov,8481557,M. Boldy,8475692,M. Zuccarello,1,3
2026-04-09,2025021254,2,REG,08:03,DAL,ev,none,snap,1551,8476278,C. Blackwell,8476902,E. Lindell,,,2,3
2026-04-09,2025021254,2,REG,16:16,DAL,ev,none,snap,1551,8478888,C. Hughes,8476278,C. Blackwell,8480840,O. Bäck,3,3
2026-04-09,2025021254,2,REG,19:49,MIN,pp,none,tip-in,1541,8477451,R. Hartman,8474716,J. Spurgeon,8480800,Q. Hughes,3,4
2026-04-09,2025021254,3,REG,04:28,DAL,ev,none,deflected,1551,8478420,M. Rantanen,8481581,T. Harley,8482740,W. Johnston,4,4
2026-04-09,2025021254,3,REG,10:35,DAL,ev,none,wrist,1551,8480027,J. Robertson,8476902,E. Lindell,,,5,4
2026-04-09,2025021256,1,REG,18:44,COL,pp,none,snap,1451,8476455,G. Landeskog,8477492,N. MacKinnon,8480039,M. Necas,1,0
2026-04-09,2025021256,2,REG,15:01,COL,ev,none,wrist,1551,8480039,M. Necas,8477492,N. MacKinnon,8470613,B. Burns,2,0
2026-04-09,2025021256,3,REG,17:08,CGY,ev,none,backhand,0651,8486056,T. Gross,8484860,M. Gridin,8482679,M. Coronato,2,1
2026-04-09,2025021256,3,REG,19:05,COL,ev,empty-net,backhand,0651,8477492,N. MacKinnon,8480039,M. Necas,,,3,1
2026-04-09,2025021257,1,REG,14:26,UTA,ev,none,wrist,1551,8479977,K. Yamamoto,8482699,D. Guenther,8483431,L. Cooley,1,0
2026-04-09,2025021257,2,REG,05:35,UTA,pp,none,wrist,1451,8477951,N. Schmaltz,8479343,C. Keller,8483431,L. Cooley,2,0
2026-04-09,2025021257,3,REG,03:03,UTA,ev,none,snap,1551,8478474,L. Crouse,8479343,C. Keller,8479410,M. Sergachev,3,0
2026-04-09,2025021257,3,REG,06:05,UTA,ev,none,snap,1551,8482699,D. Guenther,8479343,C. Keller,8477951,N. Schmaltz,4,0
2026-04-09,2025021257,3,REG,10:22,NSH,pp,none,backhand,1541,8475287,E. Haula,8482742,Z. L'Heureux,8476869,B. Skjei,4,1
2026-04-09,2025021258,1,REG,02:59,ANA,ev,none,wrist,1551,8484153,L. Carlsson,8475184,C. Kreider,8483490,P. Mintyukov,1,0
2026-04-09,2025021258,1,REG,06:20,ANA,ev,none,slap,1551,8474590,J. Carlson,8475798,M. Granlund,8483490,P. Mintyukov,2,0
2026-04-09,2025021258,2,REG,05:15,ANA,ev,none,wrist,1551,8473986,A. Killorn,8484762,B. Sennecke,,,3,0
2026-04-09,2025021258,3,REG,10:31,ANA,pp,none,slap,1451,8474590,J. Carlson,8478873,T. Terry,8484762,B. Sennecke,4,0
2026-04-09,2025021258,3,REG,12:40,SJS,ev,none,snap,1551,8482166,S. Mukhamadullin,8475726,T. Toffoli,,,4,1
2026-04-09,2025021258,3,REG,14:03,ANA,pp,none,slap,1351,8474590,J. Carlson,8478873,T. Terry,8475798,M. Granlund,5,1
2026-04-09,2025021258,3,REG,17:32,ANA,ev,none,backhand,1551,8478366,F. Vatrano,8482745,M. McTavish,,,6,1
2026-04-09,2025021259,1,REG,10:04,VGK,ev,none,wrist,1551,8475913,M. Stone,8478397,R. Andersson,8478396,N. Hanifin,0,1
2026-04-09,2025021259,2,REG,00:55,VGK,pp,none,backhand,1541,8475913,M. Stone,8478403,J. Eichel,8476881,T. Hertl,0,2
2026-04-09,2025021259,2,REG,17:54,SEA,pp,none,slap,1451,8477955,J. McCann,8478407,V. Dunn,8476905,C. Stephenson,1,2
2026-04-09,2025021259,3,REG,01:11,VGK,ev,none,deflected,1551,8479353,B. Howden,8481604,P. Dorofeyev,8478483,M. Marner,1,3
2026-04-09,2025021259,3,REG,06:11,SEA,ev,none,wrist,1551,8484800,B. Catton,8476457,A. Larsson,8478407,V. Dunn,2,3
2026-04-09,2025021259,3,REG,09:16,SEA,ev,none,wrist,1551,8482259,B. McMann,8474586,J. Eberle,,,3,3
2026-04-09,2025021259,5,SO,00:00,SEA,ev,none,wrist,1010,8484800,B. Catton,,,,,4,3
2026-04-09,2025021260,1,REG,01:29,LAK,ev,none,wrist,1551,8477960,A. Kempe,8482730,B. Clarke,8478550,A. Panarin,1,0
2026-04-09,2025021260,1,REG,14:17,VAN,ev,none,slap,1551,8477969,M. Pettersson,8478444,B. Boeser,8483499,L. Ohgren,1,1
2026-04-09,2025021260,1,REG,15:48,LAK,ev,none,wrist,1551,8476469,J. Armia,8476872,S. Laughton,,,2,1
2026-04-09,2025021260,2,REG,19:31,LAK,ev,none,tip-in,1551,8477960,A. Kempe,8476441,J. Edmundson,8478550,A. Panarin,3,1
2026-04-09,2025021260,3,REG,09:17,LAK,ev,none,deflected,1551,8479675,T. Moore,8482155,A. Laferriere,8479998,M. Anderson,4,1
2026-04-11,2025021261,2,REG,10:47,BOS,ev,none,wrist,1551,8479987,M. Geekie,8479325,C. McAvoy,,,1,0
2026-04-11,2025021261,3,REG,06:37,TBL,ev,none,wrist,1551,8479542,B. Hagel,8482201,G. Goncalves,8474151,R. McDonagh,1,1
2026-04-11,2025021261,3,REG,18:25,TBL,ev,none,wrist,1551,8482929,E. Lilleberg,8477404,J. Guentzel,8478010,B. Point,1,2
2026-04-11,2025021262,1,REG,13:06,OTT,sh,none,backhand,1451,8482092,R. Greig,8478020,M. Amadio,,,0,1
2026-04-11,2025021262,3,REG,12:36,OTT,pp,none,wrist,1531,8482105,J. Sanderson,8481528,D. Cozens,8482116,T. Stützle,0,2
2026-04-11,2025021262,3,REG,17:29,OTT,ev,empty-net,wrist,1560,8478020,M. Amadio,8481596,S. Pinto,8482092,R. Greig,0,3
2026-04-11,2025021263,2,REG,01:39,WSH,ev,none,wrist,1551,8481656,A. Protas,8484999,I. Protas,,,0,1
2026-04-11,2025021263,2,REG,02:05,PIT,ev,none,wrist,1551,8477511,A. Mantha,8478854,R. Shea,8478438,T. Novak,1,1
2026-04-11,2025021263,2,REG,06:02,WSH,ev,none,tip-in,1551,8484186,R. Leonard,8479400,P. Dubois,8481580,C. McMichael,1,2
2026-04-11,2025021263,2,REG,08:08,WSH,ev,none,wrist,1551,8476880,T. Wilson,8484999,I. Protas,8481656,A. Protas,1,3
2026-04-11,2025021263,2,REG,11:47,PIT,ev,none,wrist,1551,8478569,N. Acciari,8481725,E. Soderblom,8479398,S. Girard,2,3
2026-04-11,2025021263,2,REG,11:58,WSH,ev,none,wrist,1551,8484186,R. Leonard,8484873,C. Hutson,8482088,J. Sourdif,2,4
2026-04-11,2025021263,2,REG,16:50,PIT,ev,none,wrist,1551,8475763,K. Hayes,8478854,R. Shea,,,3,4
2026-04-11,2025021263,3,REG,05:56,WSH,pp,none,wrist,1541,8484999,I. Protas,8484873,C. Hutson,8478440,D. Strome,3,5
2026-04-11,2025021263,3,REG,16:22,WSH,ev,empty-net,wrist,1560,8471214,A. Ovechkin,8476880,T. Wilson,,,3,6
2026-04-11,2025021264,1,REG,07:34,LAK,ev,none,wrist,1551,8478550,A. Panarin,,,,,1,0
2026-04-11,2025021265,1,REG,09:41,DET,ev,none,snap,1551,8475753,J. Faulk,8477946,D. Larkin,8484471,E. Finnie,1,0
2026-04-11,2025021265,1,REG,10:40,NJD,ev,none,wrist,1551,8481559,J. Hughes,8479407,J. Bratt,8476462,D. Hamilton,1,1
2026-04-11,2025021265,2,REG,11:59,DET,ev,none,snap,1551,8474102,D. Perron,8477456,J. Compher,,,2,1
2026-04-11,2025021265,2,REG,15:16,NJD,ev,none,wrist,1551,8479407,J. Bratt,8480192,J. Kovacevic,8479395,D. Cholowski,2,2
2026-04-11,2025021265,3,REG,07:00,DET,ev,none,backhand,1551,8484471,E. Finnie,8482078,L. Raymond,8477946,D. Larkin,3,2
2026-04-11,2025021265,3,REG,11:18,NJD,ev,none,snap,1551,8479996,C. Glass,8478414,T. Meier,8478399,J. Siegenthaler,3,3
2026-04-11,2025021265,3,REG,16:26,NJD,ev,none,wrist,1551,8479407,J. Bratt,8481559,J. Hughes,8477015,C. Brown,3,4
2026-04-11,2025021265,3,REG,19:00,NJD,ev,empty-net,wrist,1560,8482110,D. Mercer,8480002,N. Hischier,8476462,D. Hamilton,3,5
2026-04-11,2025021266,1,REG,09:26,STL,ev,none,tip-in,1551,8483516,J. Snuggerud,8481006,T. Tucker,8482077,D. Holloway,0,1
2026-04-11,2025021266,1,REG,15:07,CHI,ev,none,snap,1551,8483450,R. Greene,8484144,C. Bedard,,,1,1
2026-04-11,2025021266,2,REG,03:04,CHI,ev,none,wrist,1551,8481624,I. Mikheyev,8484793,S. Boisvert,,,2,1
2026-04-11,2025021266,2,REG,04:10,STL,ev,none,backhand,1551,8480281,A. Toropchenko,8480459,P. Suter,8476897,O. Sundqvist,2,2
2026-04-11,2025021266,2,REG,12:06,STL,pp,none,wrist,1541,8479385,J. Kyrou,8482733,L. Mailloux,8477402,P. Buchnevich,2,3
2026-04-11,2025021266,2,REG,17:20,STL,ev,none,wrist,1551,8475764,C. Fowler,8481013,J. Berggren,8481006,T. Tucker,2,4
2026-04-11,2025021266,3,REG,07:04,STL,ev,none,snap,1551,8484164,D. Dvorsky,8482089,J. Neighbours,8481013,J. Berggren,2,5
2026-04-11,2025021266,3,REG,13:35,CHI,ev,none,wrist,1551,8481624,I. Mikheyev,8477479,T. Bertuzzi,8485391,A. Frondell,3,5
2026-04-11,2025021267,1,REG,15:01,NSH,ev,none,wrap-around,1551,8474564,S. Stamkos,8482146,L. Evangelista,8475158,R. O'Reilly,1,0
2026-04-11,2025021267,2,REG,06:34,NSH,ev,none,wrist,1551,8484241,M. Wood,8474564,S. Stamkos,8480246,N. Perbix,2,0
2026-04-11,2025021267,3,REG,06:54,MIN,ev,none,snap,1551,8477446,M. McCarron,8476463,J. Brodin,,,2,1
2026-04-11,2025021268,3,REG,12:49,DAL,pp,none,backhand,1451,8480027,J. Robertson,8475168,M. Duchene,8482740,W. Johnston,1,0
2026-04-11,2025021268,3,REG,19:01,DAL,ev,empty-net,backhand,0651,8480027,J. Robertson,8475168,M. Duchene,8482145,M. Bourque,2,0
2026-04-11,2025021269,1,REG,04:25,CAR,pp,none,backhand,1541,8480830,A. Svechnikov,8477940,N. Ehlers,8476906,S. Gostisbehere,0,1
2026-04-11,2025021269,1,REG,13:23,CAR,ev,none,wrist,1551,8473533,J. Staal,8477940,N. Ehlers,8476921,J. Martinook,0,2
2026-04-11,2025021269,3,REG,02:42,UTA,pp,none,slap,1451,8482699,D. Guenther,8479343,C. Keller,8479410,M. Sergachev,1,2
2026-04-11,2025021269,3,REG,15:31,CAR,ev,none,tip-in,1551,8478427,S. Aho,8476906,S. Gostisbehere,8476958,J. Slavin,1,3
2026-04-11,2025021269,3,REG,19:37,CAR,ev,empty-net,wrist,1560,8480336,S. Walker,8476921,J. Martinook,8473533,J. Staal,1,4
2026-04-11,2025021270,1,REG,00:23,FLA,ev,none,wrist,1551,8480185,E. Luostarinen,8482713,M. Samoskevich,,,0,1
2026-04-11,2025021270,1,REG,05:32,FLA,ev,none,backhand,1551,8481133,C. Reinhardt,8482131,D. Sebrango,8476994,V. Hinostroza,0,2
2026-04-11,2025021270,2,REG,01:32,FLA,ev,none,wrist,1551,8477931,T. Nosek,8483687,M. Alscher,,,0,3
2026-04-11,2025021270,2,REG,10:55,TOR,pp,none,wrist,1451,8477939,W. Nylander,8475166,J. Tavares,8484158,E. Cowan,1,3
2026-04-11,2025021270,2,REG,13:16,TOR,ev,none,snap,1551,8477939,W. Nylander,,,,,2,3
2026-04-11,2025021270,3,REG,04:13,FLA,ev,none,snap,1551,8482713,M. Samoskevich,8478421,A. Greer,8480185,E. Luostarinen,2,4
2026-04-11,2025021270,3,REG,15:56,FLA,ev,empty-net,wrist,1560,8478421,A. Greer,8480185,E. Luostarinen,8482713,M. Samoskevich,2,5
2026-04-11,2025021270,3,REG,18:07,FLA,ev,empty-net,backhand,1560,8477931,T. Nosek,8479393,N. Gregor,,,2,6
2026-04-11,2025021271,1,REG,01:13,CBJ,ev,none,backhand,1551,8476432,B. Jenner,8478460,Z. Werenski,8478046,D. Heinen,0,1
2026-04-11,2025021271,1,REG,05:42,CBJ,ev,none,snap,1551,8475745,C. Coyle,8481161,J. Christiansen,8478975,M. Marchment,0,2
2026-04-11,2025021271,1,REG,11:48,MTL,ev,none,snap,1551,8476981,J. Anderson,8478133,J. Evans,8483457,L. Hutson,1,2
2026-04-11,2025021271,2,REG,01:24,CBJ,ev,none,snap,1441,8480893,K. Marchenko,8478500,I. Provorov,8484166,A. Fantilli,1,3
2026-04-11,2025021271,2,REG,10:36,CBJ,ev,none,snap,1551,8477497,S. Monahan,8482660,K. Johnson,,,1,4
2026-04-11,2025021271,3,REG,03:58,MTL,pp,none,snap,1451,8481540,C. Caufield,8480018,N. Suzuki,8483515,J. Slafkovský,2,4
2026-04-11,2025021271,3,REG,09:59,CBJ,pp,none,snap,1541,8475745,C. Coyle,8480893,K. Marchenko,8484166,A. Fantilli,2,5
2026-04-11,2025021272,1,REG,01:17,PHI,ev,none,snap,1551,8485406,P. Martone,8478439,T. Konecny,,,0,1
2026-04-11,2025021272,1,REG,06:57,WPG,ev,none,snap,1551,8477938,H. Fleury,8481043,C. Koepke,8473604,J. Toews,1,1
2026-04-11,2025021272,1,REG,08:24,PHI,ev,none,wrist,1551,8484387,M. Michkov,8480220,N. Cates,8484142,D. Barkey,1,2
2026-04-11,2025021272,1,REG,08:49,PHI,ev,none,snap,1551,8476461,S. Couturier,,,,,1,3
2026-04-11,2025021272,2,REG,11:41,PHI,ev,none,slap,1551,8477948,T. Sanheim,8477499,R. Ristolainen,8476461,S. Couturier,1,4
2026-04-11,2025021272,2,REG,19:28,PHI,sh,none,snap,1451,8480220,N. Cates,8477989,C. Dvorak,8477499,R. Ristolainen,1,5
2026-04-11,2025021272,3,REG,06:23,PHI,ev,none,backhand,1551,8476461,S. Couturier,,,,,1,6
2026-04-11,2025021272,3,REG,13:32,PHI,ev,none,snap,1551,8476372,N. Seeler,8480220,N. Cates,8484387,M. Michkov,1,7
2026-04-11,2025021273,2,REG,01:11,CGY,ev,none,wrist,1551,8484150,H. Brzustewicz,8482679,M. Coronato,8476874,O. Maatta,0,1
2026-04-11,2025021273,2,REG,02:05,SEA,ev,none,wrist,1551,8477919,F. Gaudreau,8481554,K. Kakko,8477955,J. McCann,1,1
2026-04-11,2025021273,2,REG,13:16,SEA,ev,none,wrist,1551,8476905,C. Stephenson,8478407,V. Dunn,8475768,J. Schwartz,2,1
2026-04-11,2025021273,2,REG,19:55,SEA,ev,none,wrist,1551,8482665,M. Beniers,8482858,R. Evans,8476467,J. Oleksiak,3,1
2026-04-11,2025021273,3,REG,18:31,SEA,ev,empty-net,wrist,0651,8474586,J. Eberle,8482858,R. Evans,,,4,1
2026-04-11,2025021274,1,REG,09:17,COL,pp,none,wrist,1451,8478038,D. Toews,8475754,B. Nelson,8480039,M. Necas,1,0
2026-04-11,2025021274,1,REG,13:47,VGK,pp,none,backhand,1541,8475913,M. Stone,8476881,T. Hertl,8478483,M. Marner,1,1
2026-04-11,2025021274,2,REG,02:09,VGK,ev,none,snap,1551,8481604,P. Dorofeyev,8477964,I. Barbashev,8481527,K. Korczak,1,2
2026-04-11,2025021274,2,REG,10:56,COL,ev,none,wrist,1551,8483565,N. Blankenburg,8478462,N. Roy,,,2,2
2026-04-11,2025021274,4,OT,01:19,VGK,ev,none,wrist,1331,8478403,J. Eichel,,,,,2,3
2026-04-11,2025021275,1,REG,16:19,SJS,ev,none,backhand,1551,8484994,I. Chernyshov,8484801,M. Celebrini,,,1,0
2026-04-11,2025021275,2,REG,05:56,VAN,ev,none,wrist,1551,8482079,M. Rossi,8483768,V. Mancini,,,1,1
2026-04-11,2025021275,2,REG,09:02,SJS,ev,none,wrist,1551,8475726,T. Toffoli,8484806,S. Dickinson,8485402,M. Misa,2,1
2026-04-11,2025021275,2,REG,17:37,VAN,pp,none,wrist,1541,8478498,J. DeBrusk,8479425,F. Hronek,8480012,E. Pettersson,2,2
2026-04-11,2025021275,3,REG,12:44,SJS,ev,none,wrist,1551,8484994,I. Chernyshov,8484801,M. Celebrini,8475200,D. Orlov,3,2
2026-04-11,2025021275,3,REG,17:00,VAN,pp,none,wrist,1541,8476927,T. Blueger,8481024,L. Karlsson,,,3,3
2026-04-11,2025021275,5,SO,00:00,VAN,ev,none,wrist,0101,8481024,L. Karlsson,,,,,3,4
2026-04-12,2025021276,2,REG,12:22,WSH,ev,none,wrist,1551,8477845,T. van Riemsdyk,8479400,P. Dubois,8481580,C. McMichael,1,0
2026-04-12,2025021276,3,REG,15:50,WSH,ev,none,backhand,1551,8481580,C. McMichael,8484186,R. Leonard,8480796,M. Fehérváry,2,0
2026-04-12,2025021276,3,REG,17:16,WSH,ev,empty-net,snap,0651,8481580,C. McMichael,8471214,A. Ovechkin,8480796,M. Fehérváry,3,0
2026-04-12,2025021277,2,REG,15:56,MTL,ev,none,snap,1551,8480018,N. Suzuki,8483515,J. Slafkovský,8483457,L. Hutson,0,1
2026-04-12,2025021277,2,REG,16:24,MTL,pp,none,snap,1541,8484984,I. Demidov,8480018,N. Suzuki,8483457,L. Hutson,0,2
2026-04-12,2025021277,2,REG,16:51,MTL,ev,none,snap,1551,8481618,A. Newhook,8482737,Z. Bolduc,8484220,D. Reinbacher,0,3
2026-04-12,2025021277,3,REG,08:45,NYI,ev,none,wrist,1551,8475231,C. Cizikas,8476429,S. Mayfield,8477506,R. Pulock,1,3
2026-04-12,2025021277,3,REG,19:45,MTL,ev,none,snap,1551,8482737,Z. Bolduc,8481618,A. Newhook,8481523,K. Dach,1,4
2026-04-12,2025021278,1,REG,03:59,CBJ,ev,none,tip-in,1551,8478975,M. Marchment,8479371,D. Fabbro,8476432,B. Jenner,1,0
2026-04-12,2025021278,1,REG,10:31,BOS,ev,none,deflected,1551,8476374,S. Kuraly,8480355,M. Kastelic,8480035,H. Jokiharju,1,1
2026-04-12,2025021278,2,REG,19:41,BOS,ev,none,wrist,1551,8480035,H. Jokiharju,8476374,S. Kuraly,8485395,J. Hagens,1,2
2026-04-12,2025021278,3,REG,01:27,CBJ,ev,none,snap,1551,8484166,A. Fantilli,8478046,D. Heinen,,,2,2
2026-04-12,2025021278,3,REG,10:22,BOS,ev,none,snap,1551,8480355,M. Kastelic,8476374,S. Kuraly,8480887,J. Harris,2,3
2026-04-12,2025021279,1,REG,05:12,NJD,ev,none,wrist,1551,8480002,N. Hischier,8482110,D. Mercer,8478414,T. Meier,1,0
2026-04-12,2025021279,1,REG,14:51,NJD,sh,none,wrist,1541,8477015,C. Brown,8481559,J. Hughes,,,2,0
2026-04-12,2025021279,2,REG,07:42,OTT,ev,none,tip-in,1551,8478020,M. Amadio,8482245,A. Zub,8476393,N. Cousins,2,1
2026-04-12,2025021279,2,REG,10:25,OTT,pp,none,slap,1541,8481596,S. Pinto,8473512,C. Giroux,8480208,D. Batherson,2,2
2026-04-12,2025021279,2,REG,14:14,OTT,ev,none,wrist,1551,8480188,F. Zetterlund,,,,,2,3
2026-04-12,2025021279,3,REG,12:28,NJD,sh,none,backhand,1541,8482110,D. Mercer,8480002,N. Hischier,,,3,3
2026-04-12,2025021279,4,OT,03:18,NJD,pp,none,backhand,1341,8480002,N. Hischier,8481559,J. Hughes,8476462,D. Hamilton,4,3
2026-04-12,2025021280,1,REG,03:41,ANA,ev,none,snap,1551,8483445,C. Gauthier,8475184,C. Kreider,8473986,A. Killorn,1,0
2026-04-12,2025021280,1,REG,10:49,VAN,ev,none,wrist,1551,8480876,C. Douglas,8482691,A. Räty,8483467,K. Kudryavtsev,1,1
2026-04-12,2025021280,1,REG,14:37,VAN,pp,none,tip-in,1541,8478498,J. DeBrusk,8482079,M. Rossi,8479425,F. Hronek,1,2
2026-04-12,2025021280,3,REG,04:28,VAN,sh,none,snap,1451,8478444,B. Boeser,,,,,1,3
2026-04-12,2025021280,3,REG,05:05,ANA,pp,none,slap,1451,8483445,C. Gauthier,8481605,J. LaCombe,8482745,M. McTavish,2,3
2026-04-12,2025021280,3,REG,06:56,ANA,ev,none,backhand,1551,8484153,L. Carlsson,8475184,C. Kreider,,,3,3
2026-04-12,2025021280,4,OT,04:50,VAN,pp,none,slap,1431,8482079,M. Rossi,8484798,Z. Buium,8478444,B. Boeser,3,4
2026-04-12,2025021281,1,REG,07:06,CGY,ev,none,wrap-around,1551,8482679,M. Coronato,8480028,M. Frost,8481167,B. Pachal,1,0
2026-04-12,2025021281,1,REG,08:27,CGY,ev,none,deflected,1551,8482074,C. Zary,8484768,Z. Parekh,8480727,Z. Whitecloud,2,0
2026-04-12,2025021281,3,REG,06:01,CGY,ev,none,poke,1551,8474150,M. Backlund,8476399,B. Coleman,8481167,B. Pachal,3,0
2026-04-12,2025021281,3,REG,09:10,CGY,ev,none,slap,1551,8481167,B. Pachal,8484234,A. Suniev,8476874,O. Maatta,4,0
2026-04-12,2025021281,3,REG,11:20,UTA,ev,none,wrist,1551,8478474,L. Crouse,8479343,C. Keller,8477346,M. Weegar,4,1
2026-04-13,2025021282,1,REG,05:31,DET,ev,none,snap,1551,8474102,D. Perron,8477456,J. Compher,8475279,B. Chiarot,0,1
2026-04-13,2025021282,1,REG,17:05,TBL,ev,none,snap,1551,8483447,C. Geekie,8477416,O. Bjorkstrand,,,1,1
2026-04-13,2025021282,2,REG,15:53,TBL,ev,none,wrist,1551,8478416,E. Cernak,8474151,R. McDonagh,8476878,Z. Girgensons,2,1
2026-04-13,2025021282,2,REG,18:03,TBL,ev,none,wrist,1551,8477404,J. Guentzel,8476453,N. Kucherov,8482655,J. Moser,3,1
2026-04-13,2025021282,3,REG,02:56,DET,ev,none,backhand,1551,8483464,M. Kasper,8474037,J. van Riemsdyk,8475753,J. Faulk,3,2
2026-04-13,2025021282,3,REG,15:16,DET,ev,none,wrist,1551,8479337,A. DeBrincat,8474141,P. Kane,,,3,3
2026-04-13,2025021282,4,OT,00:27,TBL,ev,none,wrist,1331,8476453,N. Kucherov,8478010,B. Point,,,4,3
2026-04-13,2025021283,1,REG,09:35,FLA,ev,none,wrist,1551,8481133,C. Reinhardt,8481600,T. Bjornfot,8476994,V. Hinostroza,1,0
2026-04-13,2025021283,1,REG,11:31,FLA,ev,none,snap,1551,8482713,M. Samoskevich,,,,,2,0
2026-04-13,2025021283,1,REG,15:19,NYR,ev,none,snap,1551,8481525,M. Robertson,8483690,N. Laba,,,2,1
2026-04-13,2025021283,2,REG,17:20,NYR,ev,none,deflected,1551,8484210,G. Perreault,8479323,A. Fox,8482109,A. Lafrenière,2,2
2026-04-13,2025021283,3,REG,18:10,FLA,ev,none,snap,1551,8481133,C. Reinhardt,8479316,L. Kunin,8482131,D. Sebrango,3,2
2026-04-13,2025021284,1,REG,08:41,CAR,ev,none,wrist,1551,8484203,B. Nadeau,8477940,N. Ehlers,8480336,S. Walker,0,1
2026-04-13,2025021284,1,REG,15:30,CAR,pp,none,wrist,1541,8477940,N. Ehlers,8482702,L. Stankoven,8482809,J. Blake,0,2
2026-04-13,2025021284,2,REG,07:57,PHI,ev,none,snap,1551,8484387,M. Michkov,8484142,D. Barkey,8480220,N. Cates,1,2
2026-04-13,2025021284,2,REG,10:30,PHI,pp,none,snap,1451,8481533,T. Zegras,8485406,P. Martone,8482159,T. Foerster,2,2
2026-04-13,2025021284,5,SO,00:00,PHI,ev,none,snap,1010,8482159,T. Foerster,,,,,3,2
2026-04-13,2025021285,1,REG,02:14,TOR,pp,none,wrist,1451,8475166,J. Tavares,8477939,W. Nylander,,,1,0
2026-04-13,2025021285,1,REG,14:35,TOR,ev,none,deflected,1551,8484901,J. Quillan,8478904,S. Lorentz,,,2,0
2026-04-13,2025021285,1,REG,15:51,TOR,ev,none,bat,1551,8477939,W. Nylander,8476931,J. McCabe,8481122,S. Benoit,3,0
2026-04-13,2025021285,2,REG,00:52,DAL,ev,none,snap,1551,8482145,M. Bourque,,,,,3,1
2026-04-13,2025021285,2,REG,05:31,DAL,ev,none,wrist,1551,8482145,M. Bourque,8480027,J. Robertson,8475168,M. Duchene,3,2
2026-04-13,2025021285,2,REG,09:29,DAL,ev,none,wrist,1551,8480027,J. Robertson,8475168,M. Duchene,8482145,M. Bourque,3,3
2026-04-13,2025021285,3,REG,01:40,TOR,ev,none,wrist,1551,8477503,M. Domi,8477939,W. Nylander,8482720,M. Knies,4,3
2026-04-13,2025021285,3,REG,04:19,TOR,ev,none,wrist,1551,8481582,N. Robertson,8479442,T. Stecher,8482720,M. Knies,5,3
2026-04-13,2025021285,3,REG,08:18,DAL,pp,none,snap,1541,8482740,W. Johnston,8478420,M. Rantanen,8481581,T. Harley,5,4
2026-04-13,2025021285,3,REG,09:38,DAL,ev,own-goal,,1551,8484938,A. Hyry,,,,,5,5
2026-04-13,2025021285,3,REG,14:52,DAL,ev,none,wrist,1551,8482145,M. Bourque,8475168,M. Duchene,8475755,A. Petrovic,5,6
2026-04-13,2025021286,1,REG,01:22,STL,ev,none,slap,1551,8476892,C. Parayko,8480023,R. Thomas,8483516,J. Snuggerud,1,0
2026-04-13,2025021286,1,REG,14:46,MIN,ev,none,backhand,1551,8473422,N. Foligno,8478508,Y. Trenin,8482094,D. Hunt,1,1
2026-04-13,2025021286,1,REG,19:13,MIN,pp,none,wrist,1541,8483525,D. Yurov,8475765,V. Tarasenko,8475149,M. Johansson,1,2
2026-04-13,2025021286,2,REG,01:59,MIN,sh,none,wrist,1451,8477446,M. McCarron,8473422,N. Foligno,,,1,3
2026-04-13,2025021286,2,REG,04:04,STL,ev,none,snap,1551,8484230,O. Stenberg,8481006,T. Tucker,8480281,A. Toropchenko,2,3
2026-04-13,2025021286,2,REG,04:31,STL,ev,none,snap,1551,8477402,P. Buchnevich,8479385,J. Kyrou,8475764,C. Fowler,3,3
2026-04-13,2025021286,2,REG,16:41,STL,ev,none,backhand,1551,8484188,T. Lindstein,8477494,J. Drouin,8484164,D. Dvorsky,4,3
2026-04-13,2025021286,3,REG,03:05,STL,ev,none,snap,1551,8482089,J. Neighbours,,,,,5,3
2026-04-13,2025021286,3,REG,16:56,STL,ev,empty-net,wrist,0651,8483516,J. Snuggerud,,,,,6,3
2026-04-13,2025021287,2,REG,09:53,SJS,pp,none,wrist,1541,8484994,I. Chernyshov,8482667,W. Eklund,8485402,M. Misa,0,1
2026-04-13,2025021287,3,REG,03:04,SJS,ev,none,snap,1551,8484801,M. Celebrini,8484994,I. Chernyshov,8484227,W. Smith,0,2
2026-04-13,2025021287,3,REG,15:39,NSH,ev,none,wrist,1551,8482146,L. Evangelista,8480246,N. Perbix,8482715,R. Ufko,1,2
2026-04-13,2025021287,3,REG,18:15,SJS,ev,empty-net,wrist,1560,8484801,M. Celebrini,8484911,C. Graf,8477505,A. Wennberg,1,3
2026-04-13,2025021287,3,REG,18:50,NSH,ev,none,deflected,1560,8482146,L. Evangelista,8482715,R. Ufko,8474600,R. Josi,2,3
2026-04-13,2025021288,1,REG,03:58,CHI,sh,none,wrist,1541,8483450,R. Greene,8481624,I. Mikheyev,,,1,0
2026-04-13,2025021288,1,REG,19:02,BUF,ev,none,wrist,1551,8480064,J. Norris,8482659,J. Doan,,,1,1
2026-04-13,2025021288,2,REG,13:00,BUF,ev,none,wrist,1551,8479420,T. Thompson,8477949,A. Tuch,,,1,2
2026-04-13,2025021288,3,REG,05:38,BUF,ev,none,wrist,1551,8477949,A. Tuch,8480839,R. Dahlin,8479378,L. Stanley,1,3
2026-04-13,2025021288,3,REG,11:13,BUF,ev,none,slap,1551,8479420,T. Thompson,8480839,R. Dahlin,8475722,J. Zucker,1,4
2026-04-13,2025021288,3,REG,18:35,BUF,ev,none,wrist,1551,8480802,R. McLeod,8484145,Z. Benson,8482671,O. Power,1,5
2026-04-13,2025021289,2,REG,09:05,COL,ev,none,wrist,1551,8484258,S. Malinski,8478462,N. Roy,,,0,1
2026-04-13,2025021289,2,REG,15:49,EDM,ev,none,wrist,1551,8478402,C. McDavid,8483512,M. Savoie,8480803,E. Bouchard,1,1
2026-04-13,2025021289,5,SO,00:00,COL,ev,none,wrist,0101,8477492,N. MacKinnon,,,,,1,2
2026-04-13,2025021291,1,REG,02:43,LAK,ev,none,wrist,1551,8482124,Q. Byfield,,,,,0,1
2026-04-13,2025021291,1,REG,13:19,LAK,ev,none,wrist,1551,8482124,Q. Byfield,,,,,0,2
2026-04-13,2025021291,2,REG,07:13,LAK,ev,none,wrist,1551,8479675,T. Moore,8482155,A. Laferriere,,,0,3
2026-04-13,2025021291,3,REG,01:53,SEA,ev,none,wrist,1551,8476457,A. Larsson,8482665,M. Beniers,8475768,J. Schwartz,1,3
2026-04-13,2025021291,3,REG,08:08,SEA,ev,none,snap,1551,8477919,F. Gaudreau,8481554,K. Kakko,,,2,3
2026-04-13,2025021291,3,REG,12:29,LAK,ev,none,snap,1551,8477960,A. Kempe,8471685,A. Kopitar,8479675,T. Moore,2,4
2026-04-13,2025021291,3,REG,17:33,SEA,ev,none,snap,1560,8482259,B. McMann,8482665,M. Beniers,8476905,C. Stephenson,3,4
2026-04-13,2025021291,3,REG,19:58,LAK,pp,empty-net,backhand,1550,8482155,A. Laferriere,8476441,J. Edmundson,,,3,5
2026-04-13,2025021290,2,REG,07:38,VGK,sh,none,snap,1541,8475913,M. Stone,8478403,J. Eichel,,,1,0
2026-04-13,2025021290,2,REG,18:54,VGK,ev,none,tip-in,1551,8475191,R. Smith,8478396,N. Hanifin,8478397,R. Andersson,2,0
2026-04-13,2025021290,3,REG,00:31,VGK,ev,none,snap,1551,8477964,I. Barbashev,8478403,J. Eichel,8478396,N. Hanifin,3,0
2026-04-13,2025021290,3,REG,02:34,WPG,pp,none,tip-in,1541,8480014,G. Vilardi,8476525,C. Miller,8476460,M. Scheifele,3,1
2026-04-13,2025021290,3,REG,03:37,VGK,ev,none,wrist,1551,8478397,R. Andersson,8475913,M. Stone,8477964,I. Barbashev,4,1
2026-04-13,2025021290,3,REG,04:41,WPG,ev,none,wrist,1551,8476460,M. Scheifele,8478398,K. Connor,8480014,G. Vilardi,4,2
2026-04-13,2025021290,3,REG,05:42,VGK,pp,none,wrist,1451,8481604,P. Dorofeyev,8475913,M. Stone,8478403,J. Eichel,5,2
2026-04-13,2025021290,3,REG,07:38,VGK,pp,none,snap,1451,8478403,J. Eichel,,,,,6,2
2026-04-14,2025021292,1,REG,00:53,BOS,ev,none,wrist,1551,8479987,M. Geekie,8477956,D. Pastrnak,8483489,F. Minten,1,0
2026-04-14,2025021292,1,REG,06:14,BOS,ev,none,snap,1551,8480355,M. Kastelic,8479661,T. Jeannot,8476374,S. Kuraly,2,0
2026-04-14,2025021292,1,REG,17:42,BOS,ev,none,wrist,1551,8480355,M. Kastelic,8476374,S. Kuraly,8482511,M. Lohrei,3,0
2026-04-14,2025021292,1,REG,19:52,BOS,ev,none,snap,1551,8478042,V. Arvidsson,8478401,P. Zacha,8476854,H. Lindholm,4,0
2026-04-14,2025021293,1,REG,03:05,CAR,ev,none,snap,1551,8477940,N. Ehlers,8484392,F. Unger Sorum,8482702,L. Stankoven,0,1
2026-04-14,2025021293,2,REG,13:14,NYI,ev,none,snap,1560,8477500,B. Horvat,8478445,M. Barzal,8485388,V. Eklund,1,1
2026-04-14,2025021293,3,REG,14:38,CAR,ev,none,snap,1551,8476873,M. Jankowski,8482911,J. Nystrom,8482100,A. Nikishin,1,2
2026-04-14,2025021294,1,REG,08:08,PHI,ev,none,tip-in,1560,8485406,P. Martone,8484387,M. Michkov,8484148,O. Bonk,1,0
2026-04-14,2025021294,1,REG,14:42,PHI,ev,none,wrist,1551,8484148,O. Bonk,8484387,M. Michkov,8483760,H. McDonald,2,0
2026-04-14,2025021294,2,REG,06:50,MTL,ev,none,tip-in,1551,8475848,B. Gallagher,8482087,K. Guhle,8480074,A. Texier,2,1
2026-04-14,2025021294,2,REG,13:52,PHI,ev,none,wrist,1551,8484387,M. Michkov,,,,,3,1
2026-04-14,2025021294,2,REG,19:49,MTL,ev,none,backhand,1551,8478133,J. Evans,8482964,A. Xhekaj,8480813,J. Veleno,3,2
2026-04-14,2025021294,3,REG,12:00,PHI,ev,none,snap,1441,8483731,A. Bump,8485406,P. Martone,,,4,2
2026-04-14,2025021295,2,REG,00:27,CBJ,ev,none,snap,1551,8476432,B. Jenner,8478975,M. Marchment,8478046,D. Heinen,1,0
2026-04-14,2025021295,2,REG,10:46,WSH,ev,none,wrist,1551,8478463,A. Beauvillier,8477845,T. van Riemsdyk,,,1,1
2026-04-14,2025021295,3,REG,15:53,WSH,pp,none,snap,1541,8479345,J. Chychrun,8476880,T. Wilson,8471214,A. Ovechkin,1,2
2026-04-14,2025021296,1,REG,10:27,ANA,pp,none,wrist,1541,8482745,M. McTavish,8481605,J. LaCombe,8480068,R. Poehling,0,1
2026-04-14,2025021296,1,REG,16:42,MIN,ev,none,wrist,1551,8483525,D. Yurov,8475765,V. Tarasenko,,,1,1
2026-04-14,2025021296,2,REG,11:24,MIN,ev,none,wrist,1551,8483452,H. Haight,8473422,N. Foligno,8475149,M. Johansson,2,1
2026-04-14,2025021296,3,REG,13:03,MIN,ev,none,wrist,1551,8477952,R. Fabbri,8477979,N. Aube-Kubel,8480259,B. Jones,3,1
2026-04-14,2025021296,3,REG,19:14,ANA,ev,none,tip-in,0651,8482745,M. McTavish,8475798,M. Granlund,8483445,C. Gauthier,3,2
2026-04-14,2025021297,1,REG,08:05,UTA,ev,none,backhand,1551,8483431,L. Cooley,8477220,N. Schmidt,,,1,0
2026-04-14,2025021297,2,REG,04:54,UTA,pp,none,wrist,1451,8477951,N. Schmaltz,8479410,M. Sergachev,8482699,D. Guenther,2,0
2026-04-14,2025021297,2,REG,17:09,WPG,pp,none,wrist,1541,8478398,K. Connor,8480014,G. Vilardi,8476460,M. Scheifele,2,1
2026-04-14,2025021297,3,REG,07:16,UTA,pp,none,wrist,1451,8477951,N. Schmaltz,8483431,L. Cooley,8479343,C. Keller,3,1
2026-04-14,2025021297,3,REG,07:42,UTA,ev,none,wrist,1551,8482175,J. Peterka,,,,,4,1
2026-04-14,2025021297,3,REG,12:36,WPG,ev,none,snap,1551,8476460,M. Scheifele,8478398,K. Connor,8480014,G. Vilardi,4,2
2026-04-14,2025021297,3,REG,14:23,WPG,pp,none,snap,1541,8482765,I. Rosen,,,,,4,3
2026-04-14,2025021297,3,REG,19:36,UTA,ev,empty-net,wrist,0651,8477021,A. Kerfoot,,,,,5,3
2026-04-14,2025021298,2,REG,07:22,CGY,ev,none,tip-in,1551,8476399,B. Coleman,8474150,M. Backlund,,,1,0
2026-04-14,2025021298,2,REG,11:25,COL,ev,none,snap,1551,8477476,A. Lehkonen,8480069,C. Makar,8484258,S. Malinski,1,1
2026-04-14,2025021298,3,REG,15:07,COL,ev,none,tip-in,1551,8476455,G. Landeskog,8476967,B. Kulak,8480069,C. Makar,1,2
2026-04-14,2025021298,3,REG,19:43,COL,ev,empty-net,wrist,1560,8477492,N. MacKinnon,8480069,C. Makar,8480039,M. Necas,1,3
2026-04-14,2025021299,1,REG,10:14,PIT,ev,none,wrist,1551,8483487,R. McGroarty,8475763,K. Hayes,,,0,1
2026-04-14,2025021299,1,REG,16:40,PIT,ev,none,wrist,1551,8482993,A. Hayes,,,,,0,2
2026-04-14,2025021299,1,REG,17:23,PIT,ev,none,wrist,1551,8477511,A. Mantha,8475763,K. Hayes,,,0,3
2026-04-14,2025021299,1,REG,18:44,STL,ev,none,snap,1551,8483516,J. Snuggerud,8480023,R. Thomas,,,1,3
2026-04-14,2025021299,2,REG,02:58,PIT,ev,none,wrist,1551,8481725,E. Soderblom,8485414,B. Kindel,8477511,A. Mantha,1,4
2026-04-14,2025021299,2,REG,04:51,STL,ev,none,snap,1551,8476897,O. Sundqvist,8480281,A. Toropchenko,8481598,P. Broberg,2,4
2026-04-14,2025021299,2,REG,10:37,STL,ev,none,wrist,1551,8482733,L. Mailloux,8477494,J. Drouin,8482089,J. Neighbours,3,4
2026-04-14,2025021299,2,REG,15:49,STL,pp,none,snap,1451,8483516,J. Snuggerud,8482089,J. Neighbours,8482077,D. Holloway,4,4
2026-04-14,2025021299,3,REG,04:11,STL,ev,none,wrist,1551,8482077,D. Holloway,8483516,J. Snuggerud,8480023,R. Thomas,5,4
2026-04-14,2025021299,3,REG,04:55,STL,ev,none,wrist,1551,8477402,P. Buchnevich,8479385,J. Kyrou,8476412,J. Binnington,6,4
2026-04-14,2025021299,3,REG,12:20,PIT,ev,none,wrist,1551,8482993,A. Hayes,8478854,R. Shea,8481668,A. Silovs,6,5
2026-04-14,2025021299,3,REG,18:17,STL,ev,empty-net,wrist,0651,8482077,D. Holloway,8483516,J. Snuggerud,8482733,L. Mailloux,7,5
2026-04-14,2025021300,1,REG,09:21,VAN,ev,none,wrist,1551,8483678,E. Pettersson,8483467,K. Kudryavtsev,8482079,M. Rossi,1,0
2026-04-14,2025021300,1,REG,17:15,LAK,ev,none,snap,1551,8482124,Q. Byfield,8482155,A. Laferriere,8479675,T. Moore,1,1
2026-04-14,2025021300,2,REG,00:52,VAN,pp,none,backhand,1451,8478498,J. DeBrusk,8478444,B. Boeser,8479425,F. Hronek,2,1
2026-04-14,2025021300,2,REG,01:04,LAK,ev,none,snap,1551,8477960,A. Kempe,8471685,A. Kopitar,8478550,A. Panarin,2,2
2026-04-14,2025021300,2,REG,02:17,LAK,ev,none,backhand,1551,8482155,A. Laferriere,8474563,D. Doughty,8482124,Q. Byfield,2,3
2026-04-14,2025021300,2,REG,09:20,VAN,ev,none,snap,1551,8484798,Z. Buium,8481535,N. Hoglander,8480012,E. Pettersson,3,3
2026-04-14,2025021300,4,OT,02:58,VAN,ev,none,wrist,1331,8478498,J. DeBrusk,8480012,E. Pettersson,8484240,T. Willander,4,3
2026-04-15,2025021301,1,REG,02:19,DAL,ev,none,snap,1551,8482145,M. Bourque,8476902,E. Lindell,8480950,I. Lyubushkin,0,1
2026-04-15,2025021301,1,REG,12:48,BUF,ev,none,wrist,1551,8480064,J. Norris,8484145,Z. Benson,8482671,O. Power,1,1
2026-04-15,2025021301,2,REG,03:32,BUF,sh,none,snap,1541,8484145,Z. Benson,8482896,T. Kozak,,,2,1
2026-04-15,2025021301,2,REG,04:24,DAL,pp,none,wrist,1541,8476902,E. Lindell,8473994,J. Benn,8484829,J. Hryckowian,2,2
2026-04-15,2025021301,2,REG,11:09,BUF,ev,none,snap,1551,8477949,A. Tuch,8476871,T. Pearson,8482671,O. Power,3,2
2026-04-15,2025021301,2,REG,16:00,DAL,ev,none,wrist,1551,8484829,J. Hryckowian,,,,,3,3
2026-04-15,2025021301,5,SO,00:00,DAL,ev,none,wrist,0101,8482740,W. Johnston,,,,,3,4
2026-04-15,2025021302,1,REG,04:02,NYR,ev,none,snap,1551,8481789,T. Kartye,8476459,M. Zibanejad,8478882,V. Gavrikov,0,1
2026-04-15,2025021302,2,REG,01:29,NYR,ev,none,snap,1551,8481789,T. Kartye,8476468,J. Miller,8477839,C. Sheary,0,2
2026-04-15,2025021302,2,REG,04:49,NYR,ev,none,wrist,1551,8484210,G. Perreault,8482157,W. Cuylle,8481789,T. Kartye,0,3
2026-04-15,2025021302,2,REG,11:15,TBL,ev,none,backhand,1551,8477416,O. Bjorkstrand,8477149,S. Sabourin,8482070,M. Chaffee,1,3
2026-04-15,2025021302,2,REG,12:46,NYR,pp,none,wrist,1541,8476459,M. Zibanejad,8482109,A. Lafrenière,8476468,J. Miller,1,4
2026-04-15,2025021302,3,REG,00:51,TBL,ev,none,backhand,1551,8470621,C. Perry,8476878,Z. Girgensons,8482929,E. Lilleberg,2,4
2026-04-15,2025021303,1,REG,04:57,FLA,ev,none,snap,1551,8476994,V. Hinostroza,8484380,W. Skoog,,,1,0
2026-04-15,2025021303,2,REG,05:37,FLA,ev,none,snap,1551,8479316,L. Kunin,8479314,M. Tkachuk,8483687,M. Alscher,2,0
2026-04-15,2025021303,2,REG,08:56,FLA,pp,none,wrap-around,1451,8478421,A. Greer,8479393,N. Gregor,8483712,L. Jansson,3,0
2026-04-15,2025021303,2,REG,09:39,FLA,ev,none,wrist,1551,8482107,M. Benning,8484380,W. Skoog,8480185,E. Luostarinen,4,0
2026-04-15,2025021303,2,REG,12:41,FLA,ev,none,snap,1551,8482107,M. Benning,8482131,D. Sebrango,8482713,M. Samoskevich,5,0
2026-04-15,2025021303,2,REG,16:12,DET,ev,none,wrist,1551,8475753,J. Faulk,8479337,A. DeBrincat,8475279,B. Chiarot,5,1
2026-04-15,2025021303,3,REG,08:56,FLA,ev,none,deflected,1551,8481655,C. Schwindt,8483687,M. Alscher,8484933,M. Hovorka,6,1
2026-04-15,2025021303,3,REG,09:37,FLA,ev,none,snap,1551,8481133,C. Reinhardt,8479316,L. Kunin,8479314,M. Tkachuk,7,1
2026-04-15,2025021303,3,REG,18:12,FLA,ev,none,wrist,1551,8479316,L. Kunin,8481133,C. Reinhardt,,,8,1
2026-04-15,2025021304,1,REG,06:04,OTT,pp,none,wrist,1451,8480208,D. Batherson,8473512,C. Giroux,8481606,J. Spence,1,0
2026-04-15,2025021304,2,REG,18:32,OTT,pp,none,snap,1451,8477998,W. Foegele,8481575,L. Thomson,8480188,F. Zetterlund,2,0
2026-04-15,2025021304,3,REG,08:11,TOR,ev,none,backhand,1551,8477939,W. Nylander,8484901,J. Quillan,8484158,E. Cowan,2,1
2026-04-15,2025021304,3,REG,19:54,OTT,ev,empty-net,wrist,0651,8481528,D. Cozens,8481596,S. Pinto,8473512,C. Giroux,3,1
2026-04-15,2025021305,1,REG,08:09,SJS,ev,none,wrist,1551,8479983,M. Ferraro,8480748,K. Sherwood,,,0,1
2026-04-15,2025021305,2,REG,05:17,SJS,pp,none,wrist,1541,8485402,M. Misa,8475200,D. Orlov,8480748,K. Sherwood,0,2
2026-04-15,2025021305,2,REG,19:30,CHI,ev,none,wrist,1551,8483506,S. Rinzel,8477987,R. Donato,,,1,2
2026-04-15,2025021305,3,REG,03:51,CHI,ev,none,snap,1551,8481806,L. Crevier,8484144,C. Bedard,,,2,2
2026-04-15,2025021305,3,REG,08:35,CHI,ev,none,snap,1551,8483450,R. Greene,8482807,E. Del Mastro,8477444,A. Burakovsky,3,2
2026-04-15,2025021305,3,REG,10:32,CHI,ev,none,slap,1551,8481806,L. Crevier,8477479,T. Bertuzzi,,,4,2
2026-04-15,2025021305,3,REG,14:44,CHI,ev,none,wrist,1551,8484185,N. Lardis,8484144,C. Bedard,8482176,W. Kaiser,5,2
2026-04-15,2025021306,2,REG,02:24,SEA,ev,none,snap,1551,8483524,S. Wright,8483497,J. Nyman,8476467,J. Oleksiak,0,1
2026-04-15,2025021306,2,REG,17:35,VGK,ev,none,wrist,1551,8477447,S. Theodore,8475191,R. Smith,8475343,N. Dowd,1,1
2026-04-15,2025021306,3,REG,01:23,VGK,ev,none,tip-in,1551,8478483,M. Marner,8475188,B. McNabb,8478403,J. Eichel,2,1
2026-04-15,2025021306,3,REG,12:01,VGK,ev,none,snap,1551,8475191,R. Smith,8478397,R. Andersson,8478403,J. Eichel,3,1
2026-04-15,2025021306,3,REG,16:36,VGK,ev,none,wrist,1560,8475191,R. Smith,8481527,K. Korczak,8476881,T. Hertl,4,1
2026-04-16,2025021309,1,REG,03:45,STL,ev,none,wrist,1551,8477402,P. Buchnevich,8479385,J. Kyrou,8480459,P. Suter,0,1
2026-04-16,2025021309,1,REG,16:55,UTA,ev,none,snap,1551,8479619,M. Carcone,8482175,J. Peterka,8478507,J. Marino,1,1
2026-04-16,2025021309,2,REG,00:45,UTA,ev,none,tip-in,1551,8478474,L. Crouse,8477346,M. Weegar,8479343,C. Keller,2,1
2026-04-16,2025021309,2,REG,08:14,STL,ev,none,wrist,1551,8480023,R. Thomas,8482077,D. Holloway,,,2,2
2026-04-16,2025021309,2,REG,11:07,STL,ev,none,tip-in,1551,8480023,R. Thomas,8475764,C. Fowler,8482077,D. Holloway,2,3
2026-04-16,2025021309,2,REG,18:52,UTA,ev,none,wrist,1551,8479977,K. Yamamoto,8477346,M. Weegar,8479343,C. Keller,3,3
2026-04-16,2025021309,3,REG,17:03,STL,ev,none,backhand,1551,8482733,L. Mailloux,,,,,3,4
2026-04-16,2025021309,3,REG,19:22,STL,ev,empty-net,wrist,1560,8480023,R. Thomas,8483516,J. Snuggerud,8481598,P. Broberg,3,5
2026-04-16,2025021307,1,REG,01:36,ANA,ev,none,snap,1551,8483445,C. Gauthier,8480068,R. Poehling,8474590,J. Carlson,0,1
2026-04-16,2025021307,1,REG,10:09,NSH,ev,none,snap,1551,8474564,S. Stamkos,8483696,C. O'Hara,,,1,1
2026-04-16,2025021307,1,REG,15:55,NSH,pp,none,tip-in,1451,8476887,F. Forsberg,8482715,R. Ufko,8474564,S. Stamkos,2,1
2026-04-16,2025021307,1,REG,19:39,ANA,ev,none,snap,1551,8481605,J. LaCombe,8476885,J. Trouba,8482745,M. McTavish,2,2
2026-04-16,2025021307,2,REG,04:33,ANA,ev,none,slap,1551,8473986,A. Killorn,8474590,J. Carlson,8475798,M. Granlund,2,3
2026-04-16,2025021307,2,REG,14:37,NSH,ev,none,snap,1551,8476887,F. Forsberg,8482146,L. Evangelista,8482715,R. Ufko,3,3
2026-04-16,2025021307,2,REG,15:23,NSH,pp,none,wrist,1451,8474564,S. Stamkos,8475158,R. O'Reilly,8482146,L. Evangelista,4,3
2026-04-16,2025021307,3,REG,04:17,ANA,ev,none,wrist,1551,8483482,T. Luneau,8475798,M. Granlund,8479705,J. Viel,4,4
2026-04-16,2025021307,3,REG,17:06,ANA,pp,none,wrist,1541,8478873,T. Terry,8475798,M. Granlund,8484153,L. Carlsson,4,5
2026-04-16,2025021308,1,REG,03:28,WPG,ev,none,snap,1551,8481043,C. Koepke,,,,,1,0
2026-04-16,2025021308,1,REG,06:26,SJS,pp,none,wrist,1541,8484994,I. Chernyshov,8482667,W. Eklund,8484801,M. Celebrini,1,1
2026-04-16,2025021308,1,REG,16:54,SJS,ev,none,snap,1551,8484227,W. Smith,8484801,M. Celebrini,8475906,J. Klingberg,1,2
2026-04-16,2025021308,2,REG,05:51,SJS,ev,none,wrist,1551,8484911,C. Graf,,,,,1,3
2026-04-16,2025021308,2,REG,18:01,SJS,ev,none,snap,1551,8485402,M. Misa,8482667,W. Eklund,8475906,J. Klingberg,1,4
2026-04-16,2025021308,2,REG,19:55,SJS,ev,none,wrist,1551,8482667,W. Eklund,8479983,M. Ferraro,8480748,K. Sherwood,1,5
2026-04-16,2025021308,3,REG,01:14,SJS,ev,none,snap,1551,8484801,M. Celebrini,8475906,J. Klingberg,8484227,W. Smith,1,6
2026-04-16,2025021310,2,REG,05:21,CGY,pp,none,tip-in,1451,8480028,M. Frost,8484860,M. Gridin,8482679,M. Coronato,1,0
2026-04-16,2025021310,2,REG,06:43,LAK,ev,none,wrist,1551,8482124,Q. Byfield,8479675,T. Moore,8482155,A. Laferriere,1,1
2026-04-16,2025021310,3,REG,06:08,CGY,ev,none,snap,1551,8484768,Z. Parekh,8480727,Z. Whitecloud,8476458,R. Strome,2,1
2026-04-16,2025021310,3,REG,19:20,CGY,ev,empty-net,backhand,0651,8480797,J. Farabee,8480727,Z. Whitecloud,,,3,1
2026-04-16,2025021311,1,REG,01:58,EDM,ev,none,wrist,1551,8484509,J. Samanski,8482703,C. Dach,8480803,E. Bouchard,1,0
2026-04-16,2025021311,1,REG,06:48,EDM,ev,none,snap,1551,8483512,M. Savoie,8480803,E. Bouchard,8478402,C. McDavid,2,0
2026-04-16,2025021311,1,REG,12:10,VAN,ev,none,wrist,1551,8484406,T. Mueller,8480876,C. Douglas,8480947,K. Lankinen,2,1
2026-04-16,2025021311,1,REG,14:35,EDM,pp,none,snap,1451,8483512,M. Savoie,8478402,C. McDavid,,,3,1
2026-04-16,2025021311,1,REG,19:02,EDM,ev,none,snap,1560,8483512,M. Savoie,8478402,C. McDavid,8480803,E. Bouchard,4,1
2026-04-16,2025021311,2,REG,16:46,EDM,pp,none,bat,1451,8476454,R. Nugent-Hopkins,8475786,Z. Hyman,8478402,C. McDavid,5,1
2026-04-16,2025021311,3,REG,08:20,EDM,ev,none,wrist,1551,8482703,C. Dach,8476473,C. Murphy,8477498,D. Nurse,6,1
2026-04-16,2025021312,2,REG,17:38,COL,ev,none,snap,1551,8483565,N. Blankenburg,8470613,B. Burns,8477501,V. Nichushkin,1,0
2026-04-16,2025021312,3,REG,12:19,COL,ev,none,snap,1551,8480448,P. Kelly,8480069,C. Makar,8477501,V. Nichushkin,2,0
2026-04-18,2025030131,2,REG,02:11,CAR,ev,none,wrist,1551,8482702,L. Stankoven,8482809,J. Blake,8475791,T. Hall,1,0
2026-04-18,2025030131,3,REG,07:15,CAR,ev,none,deflected,1551,8475791,T. Hall,8482702,L. Stankoven,8482809,J. Blake,2,0
2026-04-18,2025030161,1,REG,05:35,MIN,pp,none,snap,1541,8478493,J. Eriksson Ek,8481557,M. Boldy,8475692,M. Zuccarello,0,1
2026-04-18,2025030161,2,REG,00:56,MIN,ev,none,snap,1551,8478864,K. Kaprizov,8477451,R. Hartman,8475692,M. Zuccarello,0,2
2026-04-18,2025030161,2,REG,03:28,MIN,ev,none,deflected,1551,8477451,R. Hartman,8482122,B. Faber,8480800,Q. Hughes,0,3
2026-04-18,2025030161,2,REG,06:30,MIN,ev,none,snap,1551,8481557,M. Boldy,8478864,K. Kaprizov,8478493,J. Eriksson Ek,0,4
2026-04-18,2025030161,2,REG,15:10,DAL,pp,none,backhand,1451,8480027,J. Robertson,8482740,W. Johnston,8480036,M. Heiskanen,1,4
2026-04-18,2025030161,3,REG,08:13,MIN,pp,none,snap,1541,8478493,J. Eriksson Ek,8478864,K. Kaprizov,8475692,M. Zuccarello,1,5
2026-04-18,2025030161,3,REG,16:52,MIN,ev,empty-net,wrist,1560,8481557,M. Boldy,,,,,1,6
2026-04-18,2025030141,2,REG,09:19,PHI,ev,none,wrist,1551,8482142,J. Drysdale,8481533,T. Zegras,8484142,D. Barkey,0,1
2026-04-18,2025030141,2,REG,15:51,PIT,ev,none,wrist,1551,8471215,E. Malkin,8478438,T. Novak,8476483,R. Rakell,1,1
2026-04-18,2025030141,3,REG,10:00,PHI,ev,none,wrist,1551,8477948,T. Sanheim,8477499,R. Ristolainen,8477989,C. Dvorak,1,2
2026-04-18,2025030141,3,REG,17:23,PHI,ev,none,wrist,1551,8485406,P. Martone,8478439,T. Konecny,8477499,R. Ristolainen,1,3
2026-04-18,2025030141,3,REG,18:59,PIT,ev,none,snap,1450,8475810,B. Rust,8471215,E. Malkin,8474578,E. Karlsson,2,3
2026-04-19,2025030151,2,REG,15:29,COL,ev,none,wrist,1551,8477476,A. Lehkonen,8477492,N. MacKinnon,,,1,0
2026-04-19,2025030151,3,REG,05:50,COL,ev,none,wrist,1551,8481186,L. O'Connor,8480835,J. Drury,,,2,0
2026-04-19,2025030151,3,REG,17:38,LAK,pp,none,wrist,0641,8478550,A. Panarin,8482155,A. Laferriere,8482730,B. Clarke,2,1
2026-04-19,2025030121,1,REG,13:24,MTL,ev,none,wrist,1551,8476981,J. Anderson,8478851,A. Carrier,8476875,M. Matheson,0,1
2026-04-19,2025030121,2,REG,12:15,TBL,pp,none,slap,1451,8478178,D. Raddysh,8476453,N. Kucherov,8477404,J. Guentzel,1,1
2026-04-19,2025030121,2,REG,12:44,TBL,ev,none,backhand,1551,8479542,B. Hagel,8477404,J. Guentzel,8474151,R. McDonagh,2,1
2026-04-19,2025030121,2,REG,19:36,MTL,pp,none,snap,1541,8483515,J. Slafkovský,8484984,I. Demidov,8481540,C. Caufield,2,2
2026-04-19,2025030121,3,REG,05:56,MTL,pp,none,snap,1541,8483515,J. Slafkovský,8481540,C. Caufield,8480018,N. Suzuki,2,3
2026-04-19,2025030121,3,REG,08:58,TBL,pp,none,tip-in,1451,8479542,B. Hagel,8477404,J. Guentzel,8476453,N. Kucherov,3,3
2026-04-19,2025030121,4,OT,01:22,MTL,pp,none,snap,1541,8483515,J. Slafkovský,8483457,L. Hutson,8480018,N. Suzuki,3,4
2026-04-19,2025030111,1,REG,10:52,BOS,ev,none,snap,1551,8479987,M. Geekie,8477956,D. Pastrnak,8477507,N. Zadorov,0,1
2026-04-19,2025030111,3,REG,01:08,BOS,ev,none,snap,1551,8477496,E. Lindholm,8479987,M. Geekie,8477956,D. Pastrnak,0,2
2026-04-19,2025030111,3,REG,12:02,BUF,ev,none,wrap-around,1551,8479420,T. Thompson,8481522,P. Krebs,,,1,2
2026-04-19,2025030111,3,REG,15:44,BUF,ev,none,wrist,1551,8479420,T. Thompson,8477949,A. Tuch,,,2,2
2026-04-19,2025030111,3,REG,16:36,BUF,ev,none,wrist,1551,8480807,M. Samuelsson,8482097,J. Quinn,,,3,2
2026-04-19,2025030111,3,REG,18:48,BUF,ev,empty-net,wrist,0651,8477949,A. Tuch,8479420,T. Thompson,8482671,O. Power,4,2
2026-04-19,2025030111,3,REG,19:52,BOS,pp,none,backhand,0641,8477956,D. Pastrnak,8478401,P. Zacha,8479987,M. Geekie,4,3
2026-04-19,2025030171,1,REG,19:49,UTA,ev,none,slap,1551,8483431,L. Cooley,8477220,N. Schmidt,8478474,L. Crouse,0,1
2026-04-19,2025030171,2,REG,03:44,VGK,ev,none,poke,1551,8476925,C. Sissons,8482062,C. Smith,8475188,B. McNabb,1,1
2026-04-19,2025030171,2,REG,05:07,UTA,ev,none,wrist,1551,8478831,K. Stenlund,8480434,S. Durzi,8474013,I. Cole,1,2
2026-04-19,2025030171,3,REG,05:33,VGK,pp,none,snap,1451,8475913,M. Stone,8476881,T. Hertl,8478483,M. Marner,2,2
2026-04-19,2025030171,3,REG,07:20,VGK,ev,none,tip-in,1551,8475343,N. Dowd,8478396,N. Hanifin,8476925,C. Sissons,3,2
2026-04-19,2025030171,3,REG,18:21,VGK,ev,empty-net,wrist,0651,8477964,I. Barbashev,8478396,N. Hanifin,,,4,2
2026-04-20,2025030142,2,REG,13:39,PHI,ev,none,backhand,1551,8485406,P. Martone,8478439,T. Konecny,8477989,C. Dvorak,0,1
2026-04-20,2025030142,2,REG,17:43,PHI,sh,none,snap,1451,8477903,G. Hathaway,8480015,O. Tippett,,,0,2
2026-04-20,2025030142,3,REG,17:55,PHI,ev,empty-net,wrist,1560,8476822,L. Glendening,8476461,S. Couturier,8477903,G. Hathaway,0,3
2026-04-20,2025030132,1,REG,06:31,CAR,pp,none,snap,1451,8482702,L. Stankoven,8475791,T. Hall,8482809,J. Blake,1,0
2026-04-20,2025030132,2,REG,07:50,CAR,ev,none,tip-in,1551,8478427,S. Aho,8473533,J. Staal,,,2,0
2026-04-20,2025030132,2,REG,10:47,OTT,ev,none,snap,1551,8480208,D. Batherson,8482105,J. Sanderson,,,2,1
2026-04-20,2025030132,2,REG,16:40,OTT,ev,none,snap,1551,8481528,D. Cozens,8482092,R. Greig,8482105,J. Sanderson,2,2
2026-04-20,2025030132,5,OT,13:53,CAR,ev,none,snap,1551,8476921,J. Martinook,8477940,N. Ehlers,8480817,K. Miller,3,2
2026-04-20,2025030162,1,REG,08:58,DAL,ev,none,slap,1551,8482740,W. Johnston,8480878,N. Lundkvist,8480840,O. Bäck,1,0
2026-04-20,2025030162,1,REG,11:33,MIN,ev,none,wrist,1441,8482122,B. Faber,8480800,Q. Hughes,8478864,K. Kaprizov,1,1
2026-04-20,2025030162,2,REG,04:02,DAL,pp,none,snap,1451,8475168,M. Duchene,8478420,M. Rantanen,8480036,M. Heiskanen,2,1
2026-04-20,2025030162,3,REG,07:09,DAL,ev,none,tip-in,1551,8480027,J. Robertson,8480878,N. Lundkvist,8475168,M. Duchene,3,1
2026-04-20,2025030162,3,REG,09:47,MIN,ev,none,snap,1551,8482122,B. Faber,8478493,J. Eriksson Ek,8480800,Q. Hughes,3,2
2026-04-20,2025030162,3,REG,19:10,DAL,pp,empty-net,backhand,0551,8482740,W. Johnston,8484829,J. Hryckowian,8476902,E. Lindell,4,2
2026-04-20,2025030181,1,REG,17:21,EDM,ev,none,wrist,1551,8477450,J. Dickinson,8478013,J. Walman,8480834,T. Emberson,1,0
2026-04-20,2025030181,1,REG,18:21,EDM,ev,none,wrist,1551,8477953,K. Kapanen,8477934,L. Draisaitl,8481617,V. Podkolzin,2,0
2026-04-20,2025030181,2,REG,00:19,ANA,ev,none,wrist,1551,8478873,T. Terry,8484153,L. Carlsson,8481605,J. LaCombe,2,1
2026-04-20,2025030181,2,REG,04:38,ANA,ev,none,wrist,1551,8484153,L. Carlsson,8478873,T. Terry,8475184,C. Kreider,2,2
2026-04-20,2025030181,2,REG,14:29,ANA,pp,none,wrist,1541,8478873,T. Terry,8474590,J. Carlson,8475798,M. Granlund,2,3
2026-04-20,2025030181,3,REG,11:30,EDM,ev,none,snap,1551,8477450,J. Dickinson,8475218,M. Ekholm,8478013,J. Walman,3,3
2026-04-20,2025030181,3,REG,18:06,EDM,ev,none,wrist,1551,8477953,K. Kapanen,8481617,V. Podkolzin,8477934,L. Draisaitl,4,3
2026-04-21,2025030122,1,REG,08:40,TBL,ev,none,slap,1551,8479542,B. Hagel,8477404,J. Guentzel,8478416,E. Cernak,1,0
2026-04-21,2025030122,1,REG,16:11,MTL,pp,none,slap,1541,8483457,L. Hutson,8480018,N. Suzuki,8481540,C. Caufield,1,1
2026-04-21,2025030122,2,REG,18:36,MTL,ev,none,wrist,1551,8476981,J. Anderson,8476479,P. Danault,8478133,J. Evans,1,2
2026-04-21,2025030122,3,REG,12:33,TBL,ev,none,wrap-around,1551,8476453,N. Kucherov,8478519,A. Cirelli,8479542,B. Hagel,2,2
2026-04-21,2025030122,4,OT,12:48,TBL,ev,none,wrist,1551,8482655,J. Moser,8478519,A. Cirelli,,,3,2
2026-04-21,2025030112,2,REG,04:54,BOS,ev,none,backhand,1551,8478042,V. Arvidsson,8481219,J. Aspirot,8479999,C. Mittelstadt,0,1
2026-04-21,2025030112,2,REG,16:29,BOS,ev,none,backhand,1551,8479987,M. Geekie,8477956,D. Pastrnak,8476374,S. Kuraly,0,2
2026-04-21,2025030112,2,REG,18:10,BOS,pp,none,tip-in,1541,8478401,P. Zacha,8477956,D. Pastrnak,8479325,C. McAvoy,0,3
2026-04-21,2025030112,3,REG,00:16,BOS,ev,none,snap,1551,8478042,V. Arvidsson,8479999,C. Mittelstadt,8481219,J. Aspirot,0,4
2026-04-21,2025030112,3,REG,13:54,BUF,ev,none,wrist,1551,8481524,B. Byram,8479359,B. Malenstyn,8482671,O. Power,1,4
2026-04-21,2025030112,3,REG,15:08,BUF,ev,none,backhand,1560,8481522,P. Krebs,8480839,R. Dahlin,8477949,A. Tuch,2,4
2026-04-21,2025030172,1,REG,11:42,VGK,pp,none,wrist,1451,8475913,M. Stone,8478403,J. Eichel,8478483,M. Marner,1,0
2026-04-21,2025030172,1,REG,16:59,UTA,ev,own-goal,,1551,8477346,M. Weegar,,,,,1,1
2026-04-21,2025030172,2,REG,14:56,UTA,ev,none,slap,1551,8482699,D. Guenther,8479977,K. Yamamoto,,,1,2
2026-04-21,2025030172,2,REG,15:58,VGK,ev,none,backhand,1551,8477964,I. Barbashev,8478403,J. Eichel,,,2,2
2026-04-21,2025030172,3,REG,14:00,UTA,ev,none,wrist,1551,8483431,L. Cooley,8482699,D. Guenther,8479977,K. Yamamoto,2,3
2026-04-21,2025030152,3,REG,13:04,LAK,pp,none,wrist,1541,8478550,A. Panarin,8479675,T. Moore,8482124,Q. Byfield,0,1
2026-04-21,2025030152,3,REG,16:25,COL,ev,none,snap,1551,8476455,G. Landeskog,8480039,M. Necas,8478038,D. Toews,1,1
2026-04-21,2025030152,4,OT,07:44,COL,ev,none,backhand,1551,8478462,N. Roy,8476312,J. Manson,8475172,N. Kadri,2,1
2026-04-22,2025030143,1,REG,04:18,PIT,pp,none,wrist,1541,8471215,E. Malkin,8475810,B. Rust,8471675,S. Crosby,0,1
2026-04-22,2025030143,2,REG,05:18,PHI,pp,none,slap,1451,8481533,T. Zegras,8482142,J. Drysdale,8485406,P. Martone,1,1
2026-04-22,2025030143,2,REG,09:06,PHI,ev,none,snap,1551,8477499,R. Ristolainen,8478454,N. Juulsen,8476461,S. Couturier,2,1
2026-04-22,2025030143,2,REG,11:18,PHI,ev,none,snap,1551,8476372,N. Seeler,8478454,N. Juulsen,8476461,S. Couturier,3,1
2026-04-22,2025030143,3,REG,09:39,PIT,pp,none,slap,1541,8474578,E. Karlsson,8476483,R. Rakell,8478438,T. Novak,3,2
2026-04-22,2025030143,3,REG,12:30,PHI,pp,none,snap,1451,8480220,N. Cates,8481533,T. Zegras,8482142,J. Drysdale,4,2
2026-04-22,2025030143,3,REG,18:48,PHI,ev,empty-net,wrist,0651,8480015,O. Tippett,8480220,N. Cates,,,5,2
2026-04-22,2025030163,1,REG,01:25,DAL,pp,none,tip-in,1541,8478420,M. Rantanen,8480027,J. Robertson,8475168,M. Duchene,0,1
2026-04-22,2025030163,1,REG,13:48,DAL,ev,none,wrist,1551,8480027,J. Robertson,8475168,M. Duchene,,,0,2
2026-04-22,2025030163,1,REG,18:20,MIN,pp,none,wrist,1451,8475149,M. Johansson,8481553,B. Brink,,,1,2
2026-04-22,2025030163,2,REG,05:00,MIN,ev,none,snap,1551,8478493,J. Eriksson Ek,8481557,M. Boldy,8480800,Q. Hughes,2,2
2026-04-22,2025030163,2,REG,17:25,MIN,ev,none,wrist,1551,8477446,M. McCarron,8473422,N. Foligno,8476463,J. Brodin,3,2
2026-04-22,2025030163,3,REG,10:18,DAL,pp,none,snap,1541,8475168,M. Duchene,8478420,M. Rantanen,8482740,W. Johnston,3,3
2026-04-22,2025030163,5,OT,12:10,DAL,pp,none,tip-in,1541,8482740,W. Johnston,8480036,M. Heiskanen,8480027,J. Robertson,3,4
2026-04-22,2025030182,1,REG,08:58,EDM,ev,none,snap,1551,8477934,L. Draisaitl,8481617,V. Podkolzin,8478013,J. Walman,1,0
2026-04-22,2025030182,1,REG,12:48,ANA,pp,none,snap,1541,8483445,C. Gauthier,8473986,A. Killorn,,,1,1
2026-04-22,2025030182,2,REG,02:44,ANA,ev,none,wrist,1551,8476885,J. Trouba,8481605,J. LaCombe,8478873,T. Terry,1,2
2026-04-22,2025030182,2,REG,05:35,ANA,pp,none,snap,1541,8473986,A. Killorn,8483445,C. Gauthier,8481605,J. LaCombe,1,3
2026-04-22,2025030182,2,REG,11:46,EDM,ev,none,slap,1551,8476473,C. Murphy,8477934,L. Draisaitl,8477953,K. Kapanen,2,3
2026-04-22,2025030182,2,REG,15:50,ANA,sh,none,tip-in,1451,8480068,R. Poehling,8473986,A. Killorn,,,2,4
2026-04-22,2025030182,2,REG,17:48,EDM,ev,none,tip-in,1551,8475786,Z. Hyman,8475218,M. Ekholm,8476454,R. Nugent-Hopkins,3,4
2026-04-22,2025030182,3,REG,13:51,EDM,ev,none,snap,1551,8484509,J. Samanski,8478458,J. Roslovic,8483512,M. Savoie,4,4
2026-04-22,2025030182,3,REG,15:08,ANA,ev,none,wrist,1551,8483445,C. Gauthier,,,,,4,5
2026-04-22,2025030182,3,REG,18:50,ANA,ev,empty-net,wrist,1560,8480068,R. Poehling,8481605,J. LaCombe,,,4,6
2026-04-23,2025030113,2,REG,03:26,BOS,ev,none,snap,1551,8479661,T. Jeannot,8479325,C. McAvoy,,,1,0
2026-04-23,2025030113,2,REG,10:58,BUF,ev,none,wrist,1551,8481524,B. Byram,8483500,N. Ostlund,8482671,O. Power,1,1
2026-04-23,2025030113,3,REG,04:03,BUF,ev,none,snap,1551,8477949,A. Tuch,8481522,P. Krebs,8481524,B. Byram,1,2
2026-04-23,2025030113,3,REG,18:36,BUF,ev,empty-net,wrist,1560,8483500,N. Ostlund,8482097,J. Quinn,,,1,3
2026-04-23,2025030133,1,REG,05:13,CAR,ev,none,snap,1551,8482702,L. Stankoven,8475791,T. Hall,8480762,E. Robinson,0,1
2026-04-23,2025030133,2,REG,16:06,OTT,ev,none,backhand,1551,8480208,D. Batherson,8476393,N. Cousins,,,1,1
2026-04-23,2025030133,2,REG,17:29,CAR,ev,none,wrist,1551,8482809,J. Blake,8480817,K. Miller,8475791,T. Hall,1,2
2026-04-23,2025030153,1,REG,05:29,COL,ev,none,wrist,1551,8476455,G. Landeskog,8478462,N. Roy,8476312,J. Manson,0,1
2026-04-23,2025030153,2,REG,05:55,LAK,ev,none,deflected,1551,8479675,T. Moore,8482124,Q. Byfield,8482155,A. Laferriere,1,1
2026-04-23,2025030153,2,REG,12:12,COL,ev,none,wrist,1551,8480069,C. Makar,8478038,D. Toews,8477476,A. Lehkonen,1,2
2026-04-23,2025030153,3,REG,07:39,COL,sh,none,wrist,1451,8477476,A. Lehkonen,,,,,1,3
2026-04-23,2025030153,3,REG,15:57,LAK,pp,none,tip-in,1460,8477960,A. Kempe,8478550,A. Panarin,8482155,A. Laferriere,2,3
2026-04-23,2025030153,3,REG,17:42,COL,ev,empty-net,wrist,1560,8475754,B. Nelson,,,,,2,4
2026-04-24,2025030123,1,REG,04:53,MTL,ev,none,snap,1551,8480074,A. Texier,8482737,Z. Bolduc,8481523,K. Dach,1,0
2026-04-24,2025030123,1,REG,07:42,TBL,pp,none,snap,1541,8478010,B. Point,8477404,J. Guentzel,8476453,N. Kucherov,1,1
2026-04-24,2025030123,2,REG,04:47,TBL,ev,none,snap,1551,8479542,B. Hagel,,,,,1,2
2026-04-24,2025030123,2,REG,12:43,MTL,ev,none,snap,1551,8481523,K. Dach,8482964,A. Xhekaj,,,2,2
2026-04-24,2025030123,4,OT,02:09,MTL,ev,none,slap,1551,8483457,L. Hutson,8480074,A. Texier,8482737,Z. Bolduc,3,2
2026-04-24,2025030173,1,REG,12:59,UTA,ev,none,slap,1551,8477346,M. Weegar,8477070,L. O'Brien,8479977,K. Yamamoto,1,0
2026-04-24,2025030173,1,REG,17:45,UTA,pp,none,slap,1451,8482699,D. Guenther,8483431,L. Cooley,8479343,C. Keller,2,0
2026-04-24,2025030173,2,REG,04:06,UTA,ev,none,tip-in,1551,8478474,L. Crouse,8477951,N. Schmaltz,8477346,M. Weegar,3,0
2026-04-24,2025030173,2,REG,09:48,UTA,ev,none,snap,1551,8478474,L. Crouse,8479343,C. Keller,,,4,0
2026-04-24,2025030173,2,REG,13:20,VGK,ev,none,backhand,1551,8478403,J. Eichel,8477964,I. Barbashev,8475913,M. Stone,4,1
2026-04-24,2025030173,3,REG,16:52,VGK,ev,none,wrist,1551,8475343,N. Dowd,8475191,R. Smith,8482062,C. Smith,4,2
2026-04-24,2025030183,1,REG,13:12,EDM,ev,none,snap,1551,8481617,V. Podkolzin,,,,,0,1
2026-04-24,2025030183,1,REG,16:18,ANA,ev,none,tip-in,1551,8482745,M. McTavish,8481563,D. Helleson,8482731,T. Hinds,1,1
2026-04-24,2025030183,1,REG,17:45,ANA,pp,none,snap,1451,8475798,M. Granlund,8475184,C. Kreider,8484153,L. Carlsson,2,1
2026-04-24,2025030183,2,REG,03:57,EDM,ev,none,snap,1551,8477953,K. Kapanen,8477934,L. Draisaitl,8476473,C. Murphy,2,2
2026-04-24,2025030183,2,REG,05:39,EDM,ev,none,wrist,1551,8476454,R. Nugent-Hopkins,8480803,E. Bouchard,8478402,C. McDavid,2,3
2026-04-24,2025030183,2,REG,12:37,ANA,ev,none,snap,1551,8473986,A. Killorn,8475798,M. Granlund,8474590,J. Carlson,3,3
2026-04-24,2025030183,3,REG,02:53,ANA,ev,none,snap,1551,8484762,B. Sennecke,8475798,M. Granlund,,,4,3
2026-04-24,2025030183,3,REG,03:35,ANA,ev,none,backhand,1551,8484153,L. Carlsson,8478873,T. Terry,,,5,3
2026-04-24,2025030183,3,REG,08:36,EDM,pp,none,snap,1541,8478402,C. McDavid,8477934,L. Draisaitl,8480803,E. Bouchard,5,4
2026-04-24,2025030183,3,REG,16:57,ANA,ev,none,backhand,1551,8479705,J. Viel,8485512,T. Washe,8481605,J. LaCombe,6,4
2026-04-24,2025030183,3,REG,18:27,ANA,ev,empty-net,wrist,0651,8481605,J. LaCombe,8475798,M. Granlund,,,7,4
2026-04-25,2025030134,2,REG,15:15,CAR,ev,none,snap,1551,8475791,T. Hall,8476873,M. Jankowski,8480762,E. Robinson,0,1
2026-04-25,2025030134,2,REG,17:08,OTT,pp,none,tip-in,1451,8480208,D. Batherson,8482116,T. Stützle,8484759,C. Yakemchuk,1,1
2026-04-25,2025030134,3,REG,09:10,CAR,pp,none,snap,1541,8482702,L. Stankoven,8480817,K. Miller,8475791,T. Hall,1,2
2026-04-25,2025030134,3,REG,17:38,CAR,ev,empty-net,wrist,1560,8478427,S. Aho,8482093,S. Jarvis,8480336,S. Walker,1,3
2026-04-25,2025030134,3,REG,18:11,OTT,ev,none,slap,1560,8481528,D. Cozens,8480208,D. Batherson,8484759,C. Yakemchuk,2,3
2026-04-25,2025030134,3,REG,18:45,CAR,ev,empty-net,backhand,1560,8478427,S. Aho,8482093,S. Jarvis,8478970,J. Chatfield,2,4
2026-04-25,2025030164,1,REG,05:35,DAL,pp,none,snap,1541,8480027,J. Robertson,8475168,M. Duchene,8478420,M. Rantanen,0,1
2026-04-25,2025030164,1,REG,13:52,MIN,ev,none,wrist,1551,8482122,B. Faber,8478864,K. Kaprizov,8477451,R. Hartman,1,1
2026-04-25,2025030164,2,REG,19:25,DAL,pp,none,wrist,1541,8480036,M. Heiskanen,8475168,M. Duchene,8478420,M. Rantanen,1,2
2026-04-25,2025030164,3,REG,14:40,MIN,ev,none,backhand,1551,8475220,M. Foligno,8481477,N. Sturm,8482122,B. Faber,2,2
2026-04-25,2025030164,4,OT,19:31,MIN,ev,none,tip-in,1551,8481557,M. Boldy,8474716,J. Spurgeon,8478864,K. Kaprizov,3,2
2026-04-25,2025030144,1,REG,14:24,PIT,pp,none,slap,1541,8471675,S. Crosby,8474578,E. Karlsson,,,0,1
2026-04-25,2025030144,2,REG,01:03,PIT,ev,none,backhand,1551,8476483,R. Rakell,,,,,0,2
2026-04-25,2025030144,2,REG,15:40,PHI,ev,none,tip-in,1551,8484142,D. Barkey,8481533,T. Zegras,8481546,C. York,1,2
2026-04-25,2025030144,3,REG,04:27,PIT,ev,none,slap,1441,8471724,K. Letang,8471675,S. Crosby,8476483,R. Rakell,1,3
2026-04-25,2025030144,3,REG,07:03,PHI,ev,none,snap,1551,8478439,T. Konecny,8477989,C. Dvorak,8477948,T. Sanheim,2,3
2026-04-25,2025030144,3,REG,19:03,PIT,ev,empty-net,wrist,1560,8480980,C. Dewar,8481481,B. Lizotte,8478569,N. Acciari,2,4
2026-04-26,2025030114,1,REG,04:17,BUF,ev,none,wrist,1551,8481522,P. Krebs,8477949,A. Tuch,,,0,1
2026-04-26,2025030114,1,REG,07:10,BUF,ev,none,tip-in,1551,8482659,J. Doan,8480802,R. McLeod,8481524,B. Byram,0,2
2026-04-26,2025030114,1,REG,09:15,BUF,ev,none,deflected,1551,8484145,Z. Benson,8482659,J. Doan,,,0,3
2026-04-26,2025030114,1,REG,14:24,BUF,ev,none,wrist,1551,8481524,B. Byram,8482671,O. Power,8482097,J. Quinn,0,4
2026-04-26,2025030114,3,REG,05:08,BUF,ev,none,tip-in,1551,8479359,B. Malenstyn,8478413,J. Greenway,8482896,T. Kozak,0,5
2026-04-26,2025030114,3,REG,06:32,BUF,ev,none,wrist,1551,8477949,A. Tuch,8479420,T. Thompson,8481522,P. Krebs,0,6
2026-04-26,2025030114,3,REG,19:20,BOS,sh,none,wrist,1541,8476374,S. Kuraly,8480355,M. Kastelic,8479369,A. Peeke,1,6
2026-04-26,2025030154,1,REG,13:13,COL,pp,none,slap,1541,8477492,N. MacKinnon,8475172,N. Kadri,8476455,G. Landeskog,0,1
2026-04-26,2025030154,2,REG,05:48,COL,ev,none,wrist,1551,8480069,C. Makar,,,,,0,2
2026-04-26,2025030154,2,REG,13:43,LAK,ev,none,wrist,1551,8476441,J. Edmundson,8477960,A. Kempe,8482155,A. Laferriere,1,2
2026-04-26,2025030154,3,REG,03:13,COL,ev,none,wrist,1551,8478462,N. Roy,8477476,A. Lehkonen,8484258,S. Malinski,1,3
2026-04-26,2025030154,3,REG,06:01,COL,ev,none,wrist,1551,8478038,D. Toews,8477492,N. MacKinnon,8476455,G. Landeskog,1,4
2026-04-26,2025030154,3,REG,14:22,COL,ev,empty-net,wrist,1560,8477492,N. MacKinnon,8480039,M. Necas,8476967,B. Kulak,1,5
2026-04-26,2025030124,2,REG,10:06,MTL,ev,none,deflected,1551,8482737,Z. Bolduc,8482087,K. Guhle,8480074,A. Texier,1,0
2026-04-26,2025030124,2,REG,13:29,MTL,pp,none,snap,1451,8481540,C. Caufield,8480018,N. Suzuki,8483457,L. Hutson,2,0
2026-04-26,2025030124,2,REG,19:06,TBL,ev,none,snap,1441,8477404,J. Guentzel,8482655,J. Moser,8478178,D. Raddysh,2,1
2026-04-26,2025030124,3,REG,01:40,TBL,pp,none,snap,1541,8479542,B. Hagel,8476453,N. Kucherov,8477404,J. Guentzel,2,2
2026-04-26,2025030124,3,REG,15:07,TBL,ev,none,deflected,1551,8479542,B. Hagel,8476453,N. Kucherov,8482655,J. Moser,2,3
2026-04-26,2025030184,1,REG,00:38,EDM,ev,none,snap,1551,8477953,K. Kapanen,8478013,J. Walman,8477450,J. Dickinson,0,1
2026-04-26,2025030184,1,REG,06:32,EDM,pp,none,snap,1541,8476454,R. Nugent-Hopkins,8480803,E. Bouchard,8478402,C. McDavid,0,2
2026-04-26,2025030184,2,REG,07:36,ANA,pp,none,snap,1451,8483445,C. Gauthier,8481605,J. LaCombe,8473986,A. Killorn,1,2
2026-04-26,2025030184,2,REG,18:43,ANA,pp,none,snap,1451,8475798,M. Granlund,8484153,L. Carlsson,8474590,J. Carlson,2,2
2026-04-26,2025030184,3,REG,03:27,EDM,pp,none,snap,1541,8480803,E. Bouchard,8478402,C. McDavid,8477934,L. Draisaitl,2,3
2026-04-26,2025030184,3,REG,13:31,ANA,ev,none,slap,1551,8479705,J. Viel,8474590,J. Carlson,8481605,J. LaCombe,3,3
2026-04-26,2025030184,4,OT,02:29,ANA,ev,none,wrist,1551,8480068,R. Poehling,8482745,M. McTavish,,,4,3
2026-04-27,2025030145,1,REG,02:45,PIT,ev,none,wrist,1551,8481725,E. Soderblom,8477511,A. Mantha,8478450,P. Wotherspoon,1,0
2026-04-27,2025030145,2,REG,03:17,PIT,ev,none,snap,1551,8480980,C. Dewar,8471675,S. Crosby,8481481,B. Lizotte,2,0
2026-04-27,2025030145,2,REG,03:29,PHI,ev,none,wrist,1551,8483731,A. Bump,8477499,R. Ristolainen,8480220,N. Cates,2,1
2026-04-27,2025030145,2,REG,15:06,PHI,ev,none,wrist,1551,8477948,T. Sanheim,8477499,R. Ristolainen,8478439,T. Konecny,2,2
2026-04-27,2025030145,2,REG,17:12,PIT,ev,none,wrist,1551,8471724,K. Letang,8471675,S. Crosby,8478854,R. Shea,3,2
2026-04-27,2025030174,1,REG,01:12,VGK,ev,none,wrist,1551,8481604,P. Dorofeyev,8477964,I. Barbashev,8478403,J. Eichel,0,1
2026-04-27,2025030174,1,REG,18:38,VGK,sh,none,wrist,1451,8479353,B. Howden,8478483,M. Marner,,,0,2
2026-04-27,2025030174,2,REG,03:26,VGK,ev,none,tip-in,1551,8482062,C. Smith,8478396,N. Hanifin,8476925,C. Sissons,0,3
2026-04-27,2025030174,2,REG,08:04,UTA,ev,none,snap,1551,8477951,N. Schmaltz,8478474,L. Crouse,8479410,M. Sergachev,1,3
2026-04-27,2025030174,2,REG,08:33,UTA,ev,none,slap,1551,8474013,I. Cole,8480434,S. Durzi,,,2,3
2026-04-27,2025030174,3,REG,01:45,UTA,ev,none,slap,1551,8479619,M. Carcone,8482699,D. Guenther,8479410,M. Sergachev,3,3
2026-04-27,2025030174,3,REG,05:10,UTA,ev,none,wrist,1551,8479343,C. Keller,8477951,N. Schmaltz,8479410,M. Sergachev,4,3
2026-04-27,2025030174,3,REG,10:25,VGK,ev,none,tip-in,1551,8479353,B. Howden,8478396,N. Hanifin,8478403,J. Eichel,4,4
2026-04-27,2025030174,4,OT,19:08,VGK,ev,none,snap,1551,8477447,S. Theodore,8478403,J. Eichel,8479353,B. Howden,4,5
2026-04-28,2025030115,1,REG,03:35,BUF,pp,none,snap,1451,8480839,R. Dahlin,8475722,J. Zucker,8479420,T. Thompson,1,0
2026-04-28,2025030115,2,REG,09:24,BOS,ev,none,wrist,1551,8477496,E. Lindholm,,,,,1,1
2026-04-28,2025030115,4,OT,09:14,BOS,ev,none,wrist,1551,8477956,D. Pastrnak,8476854,H. Lindholm,,,1,2
2026-04-28,2025030165,1,REG,03:51,MIN,ev,none,snap,1551,8475692,M. Zuccarello,8478864,K. Kaprizov,8477451,R. Hartman,0,1
2026-04-28,2025030165,1,REG,08:58,DAL,pp,none,slap,1451,8480036,M. Heiskanen,8480027,J. Robertson,8475168,M. Duchene,1,1
2026-04-28,2025030165,2,REG,19:28,MIN,pp,none,snap,1541,8481557,M. Boldy,8480800,Q. Hughes,8478864,K. Kaprizov,1,2
2026-04-28,2025030165,3,REG,07:47,MIN,ev,none,snap,1551,8477446,M. McCarron,8478508,Y. Trenin,8475765,V. Tarasenko,1,3
2026-04-28,2025030165,3,REG,16:39,DAL,ev,none,snap,1450,8480027,J. Robertson,8480036,M. Heiskanen,8478420,M. Rantanen,2,3
2026-04-28,2025030165,3,REG,18:00,MIN,ev,empty-net,backhand,1560,8478864,K. Kaprizov,8481557,M. Boldy,8478136,J. Middleton,2,4
2026-04-28,2025030185,1,REG,02:22,EDM,ev,none,snap,1551,8481617,V. Podkolzin,8480803,E. Bouchard,8476454,R. Nugent-Hopkins,1,0
2026-04-28,2025030185,1,REG,08:33,EDM,ev,none,tip-in,1551,8475786,Z. Hyman,8476454,R. Nugent-Hopkins,,,2,0
2026-04-28,2025030185,1,REG,10:13,EDM,ev,none,tip-in,1551,8477934,L. Draisaitl,8480803,E. Bouchard,8478402,C. McDavid,3,0
2026-04-28,2025030185,2,REG,08:26,ANA,pp,none,snap,1541,8473986,A. Killorn,8482745,M. McTavish,8483445,C. Gauthier,3,1
2026-04-28,2025030185,2,REG,10:24,EDM,pp,none,snap,1451,8477934,L. Draisaitl,8478402,C. McDavid,8480803,E. Bouchard,4,1
2026-04-29,2025030125,1,REG,03:00,MTL,ev,none,wrist,1551,8475848,B. Gallagher,8481618,A. Newhook,,,0,1
2026-04-29,2025030125,2,REG,06:49,TBL,ev,none,snap,1551,8483752,D. James,8482201,G. Goncalves,8476826,Y. Gourde,1,1
2026-04-29,2025030125,2,REG,07:00,MTL,ev,none,wrist,1551,8481523,K. Dach,8482737,Z. Bolduc,8482087,K. Guhle,1,2
2026-04-29,2025030125,2,REG,17:23,TBL,ev,none,snap,1551,8477404,J. Guentzel,,,,,2,2
2026-04-29,2025030125,3,REG,01:06,MTL,ev,none,snap,1551,8480074,A. Texier,8483457,L. Hutson,8480018,N. Suzuki,2,3
2026-04-29,2025030146,4,OT,17:32,PHI,ev,none,snap,1551,8481546,C. York,8484387,M. Michkov,8480220,N. Cates,1,0
2026-04-29,2025030175,1,REG,17:11,UTA,ev,none,wrist,1551,8478507,J. Marino,8479343,C. Keller,8477951,N. Schmaltz,0,1
2026-04-29,2025030175,1,REG,19:19,VGK,pp,none,snap,1451,8481604,P. Dorofeyev,8476881,T. Hertl,8478403,J. Eichel,1,1
2026-04-29,2025030175,2,REG,10:40,UTA,ev,none,snap,1551,8478474,L. Crouse,8479343,C. Keller,8479410,M. Sergachev,1,2
2026-04-29,2025030175,2,REG,15:37,VGK,ev,none,wrist,1551,8481604,P. Dorofeyev,8477447,S. Theodore,8477964,I. Barbashev,2,2
2026-04-29,2025030175,2,REG,17:17,VGK,ev,none,wrist,1551,8477447,S. Theodore,8475913,M. Stone,,,3,2
2026-04-29,2025030175,3,REG,05:54,UTA,ev,none,snap,1551,8482699,D. Guenther,8479977,K. Yamamoto,8477346,M. Weegar,3,3
2026-04-29,2025030175,3,REG,12:42,UTA,ev,none,slap,1551,8479619,M. Carcone,8477021,A. Kerfoot,,,3,4
2026-04-29,2025030175,3,REG,19:07,VGK,ev,none,snap,1560,8481604,P. Dorofeyev,8475191,R. Smith,8478403,J. Eichel,4,4
2026-04-29,2025030175,5,OT,05:28,VGK,sh,none,snap,1541,8479353,B. Howden,8478483,M. Marner,,,5,4
2026-04-30,2025030166,1,REG,06:23,MIN,ev,none,wrist,1551,8480800,Q. Hughes,8475220,M. Foligno,8481477,N. Sturm,1,0
2026-04-30,2025030166,2,REG,07:01,DAL,pp,none,snap,1541,8482740,W. Johnston,8478420,M. Rantanen,8475168,M. Duchene,1,1
2026-04-30,2025030166,2,REG,16:08,DAL,ev,none,wrist,1551,8482145,M. Bourque,8478047,M. Bunting,8480950,I. Lyubushkin,1,2
2026-04-30,2025030166,2,REG,17:02,MIN,ev,none,backhand,1551,8475765,V. Tarasenko,8480800,Q. Hughes,,,2,2
2026-04-30,2025030166,3,REG,10:38,MIN,ev,none,wrist,1551,8480800,Q. Hughes,8482122,B. Faber,8475692,M. Zuccarello,3,2
2026-04-30,2025030166,3,REG,18:29,MIN,ev,empty-net,wrist,0651,8481557,M. Boldy,,,,,4,2
2026-04-30,2025030166,3,REG,19:45,MIN,ev,empty-net,wrist,0651,8481557,M. Boldy,,,,,5,2
2026-04-30,2025030186,1,REG,09:56,ANA,ev,none,deflected,1551,8480068,R. Poehling,8474590,J. Carlson,8483445,C. Gauthier,1,0
2026-04-30,2025030186,1,REG,13:43,ANA,ev,none,snap,1551,8475184,C. Kreider,8484153,L. Carlsson,8478873,T. Terry,2,0
2026-04-30,2025030186,1,REG,15:14,EDM,ev,none,backhand,1551,8476473,C. Murphy,8484509,J. Samanski,8482703,C. Dach,2,1
2026-04-30,2025030186,1,REG,16:50,ANA,pp,none,slap,1451,8483445,C. Gauthier,8481605,J. LaCombe,8482745,M. McTavish,3,1
2026-04-30,2025030186,2,REG,19:13,ANA,ev,none,snap,1551,8478873,T. Terry,8484153,L. Carlsson,8475184,C. Kreider,4,1
2026-04-30,2025030186,3,REG,01:13,EDM,ev,none,deflected,1551,8481617,V. Podkolzin,8477953,K. Kapanen,8477934,L. Draisaitl,4,2
2026-04-30,2025030186,3,REG,17:26,ANA,ev,empty-net,wrist,0651,8484153,L. Carlsson,8475184,C. Kreider,8478873,T. Terry,5,2
2026-05-01,2025030126,4,OT,09:03,TBL,ev,none,snap,1551,8482201,G. Goncalves,8483752,D. James,8479542,B. Hagel,0,1
2026-05-01,2025030116,1,REG,03:25,BUF,ev,none,snap,1551,8477949,A. Tuch,8480839,R. Dahlin,8479420,T. Thompson,0,1
2026-05-01,2025030116,1,REG,12:26,BUF,ev,none,snap,1551,8480807,M. Samuelsson,8481522,P. Krebs,8479420,T. Thompson,0,2
2026-05-01,2025030116,2,REG,01:54,BOS,ev,none,slap,1551,8477956,D. Pastrnak,8478401,P. Zacha,8476854,H. Lindholm,1,2
2026-05-01,2025030116,3,REG,05:58,BUF,ev,none,snap,1551,8484145,Z. Benson,8482659,J. Doan,,,1,3
2026-05-01,2025030116,3,REG,16:40,BUF,ev,empty-net,snap,1560,8480064,J. Norris,8480839,R. Dahlin,8484145,Z. Benson,1,4
2026-05-01,2025030176,1,REG,15:02,VGK,ev,none,wrist,1551,8479353,B. Howden,8478483,M. Marner,8475913,M. Stone,0,1
2026-05-01,2025030176,2,REG,19:15,VGK,ev,none,slap,1551,8478483,M. Marner,8477964,I. Barbashev,8478396,N. Hanifin,0,2
2026-05-01,2025030176,3,REG,07:41,UTA,ev,none,snap,1551,8479977,K. Yamamoto,8479410,M. Sergachev,8477346,M. Weegar,1,2
2026-05-01,2025030176,3,REG,09:39,VGK,ev,none,wrist,1551,8476925,C. Sissons,8475188,B. McNabb,8481527,K. Korczak,1,3
2026-05-01,2025030176,3,REG,12:09,VGK,pp,none,snap,1541,8478483,M. Marner,8477447,S. Theodore,8478403,J. Eichel,1,4
2026-05-01,2025030176,3,REG,16:24,VGK,ev,empty-net,snap,1560,8482062,C. Smith,,,,,1,5
2026-05-02,2025030221,1,REG,01:31,CAR,ev,none,tip-in,1551,8482702,L. Stankoven,8476422,M. Reilly,8482809,J. Blake,1,0
2026-05-02,2025030221,1,REG,07:30,CAR,ev,none,backhand,1551,8482809,J. Blake,8475791,T. Hall,8476422,M. Reilly,2,0
2026-05-02,2025030221,2,REG,16:16,CAR,ev,none,snap,1551,8482702,L. Stankoven,8482093,S. Jarvis,8480830,A. Svechnikov,3,0
2026-05-03,2025030127,1,REG,18:39,MTL,ev,none,tip-in,1551,8480018,N. Suzuki,8482087,K. Guhle,8476981,J. Anderson,0,1
2026-05-03,2025030127,2,REG,13:27,TBL,pp,none,tip-in,1451,8483752,D. James,8480426,C. D'Astous,8482201,G. Goncalves,1,1
2026-05-03,2025030127,3,REG,11:07,MTL,ev,none,bat,1551,8481618,A. Newhook,8483457,L. Hutson,8482087,K. Guhle,1,2
2026-05-03,2025030231,1,REG,11:12,COL,ev,none,wrist,1551,8484258,S. Malinski,8480039,M. Necas,8478038,D. Toews,1,0
2026-05-03,2025030231,1,REG,12:04,COL,ev,none,wrist,1551,8480835,J. Drury,8481186,L. O'Connor,,,2,0
2026-05-03,2025030231,1,REG,13:13,COL,pp,none,snap,1451,8477476,A. Lehkonen,8477492,N. MacKinnon,8480039,M. Necas,3,0
2026-05-03,2025030231,1,REG,15:02,MIN,ev,none,slap,1551,8475149,M. Johansson,,,,,3,1
2026-05-03,2025030231,1,REG,16:04,MIN,ev,none,wrist,1551,8477451,R. Hartman,8480800,Q. Hughes,8478864,K. Kaprizov,3,2
2026-05-03,2025030231,2,REG,04:16,COL,ev,none,wrist,1551,8483565,N. Blankenburg,8477501,V. Nichushkin,8480069,C. Makar,4,2
2026-05-03,2025030231,2,REG,06:45,MIN,ev,none,backhand,1551,8475765,V. Tarasenko,8478508,Y. Trenin,8477446,M. McCarron,4,3
2026-05-03,2025030231,2,REG,12:43,MIN,ev,none,wrist,1551,8480800,Q. Hughes,8483525,D. Yurov,,,4,4
2026-05-03,2025030231,2,REG,16:55,MIN,sh,none,backhand,1451,8475220,M. Foligno,,,,,4,5
2026-05-03,2025030231,2,REG,18:04,COL,ev,none,wrist,1551,8478038,D. Toews,8477501,V. Nichushkin,8484258,S. Malinski,5,5
2026-05-03,2025030231,3,REG,03:21,COL,ev,none,wrist,1551,8480069,C. Makar,8477492,N. MacKinnon,8476455,G. Landeskog,6,5
2026-05-03,2025030231,3,REG,05:43,COL,ev,none,wrist,1551,8475172,N. Kadri,8479525,R. Colton,8478038,D. Toews,7,5
2026-05-03,2025030231,3,REG,16:01,MIN,ev,none,tip-in,1551,8475692,M. Zuccarello,8481557,M. Boldy,8480800,Q. Hughes,7,6
2026-05-03,2025030231,3,REG,17:06,COL,ev,none,wrist,1551,8480069,C. Makar,8478038,D. Toews,8480039,M. Necas,8,6
2026-05-03,2025030231,3,REG,17:52,COL,ev,empty-net,wrist,0651,8477492,N. MacKinnon,8477476,A. Lehkonen,,,9,6
2026-05-04,2025030222,1,REG,04:02,PHI,pp,none,wrist,1541,8482142,J. Drysdale,,,,,0,1
2026-05-04,2025030222,1,REG,04:41,PHI,ev,none,snap,1551,8476461,S. Couturier,8479336,C. Grundstrom,,,0,2
2026-05-04,2025030222,1,REG,10:21,CAR,pp,none,slap,1451,8477940,N. Ehlers,8482809,J. Blake,8480817,K. Miller,1,2
2026-05-04,2025030222,3,REG,11:21,CAR,ev,none,snap,1551,8482093,S. Jarvis,8477940,N. Ehlers,8473533,J. Staal,2,2
2026-05-04,2025030222,4,OT,18:54,CAR,ev,none,snap,1551,8475791,T. Hall,8482809,J. Blake,8480336,S. Walker,3,2
2026-05-04,2025030241,2,REG,03:14,VGK,ev,none,deflected,1551,8479353,B. Howden,8478483,M. Marner,8478397,R. Andersson,1,0
2026-05-04,2025030241,3,REG,13:57,ANA,ev,none,snap,1551,8475798,M. Granlund,8481605,J. LaCombe,8474590,J. Carlson,1,1
2026-05-04,2025030241,3,REG,15:02,VGK,ev,none,snap,1551,8477964,I. Barbashev,8481604,P. Dorofeyev,,,2,1
2026-05-04,2025030241,3,REG,19:54,VGK,ev,empty-net,wrist,0651,8478483,M. Marner,,,,,3,1
2026-05-05,2025030232,1,REG,02:51,COL,ev,none,backhand,1551,8480039,M. Necas,8477492,N. MacKinnon,8476967,B. Kulak,1,0
2026-05-05,2025030232,1,REG,02:57,MIN,ev,none,wrist,1551,8478864,K. Kaprizov,8477451,R. Hartman,8475692,M. Zuccarello,1,1
2026-05-05,2025030232,1,REG,08:24,COL,pp,none,snap,1451,8476455,G. Landeskog,8477492,N. MacKinnon,8480039,M. Necas,2,1
2026-05-05,2025030232,2,REG,01:24,COL,ev,none,snap,1551,8478462,N. Roy,8479525,R. Colton,8475754,B. Nelson,3,1
2026-05-05,2025030232,3,REG,13:18,COL,pp,none,slap,1451,8477492,N. MacKinnon,8475172,N. Kadri,8476455,G. Landeskog,4,1
2026-05-05,2025030232,3,REG,14:33,MIN,ev,none,slap,1551,8475149,M. Johansson,8483525,D. Yurov,8482094,D. Hunt,4,2
2026-05-05,2025030232,3,REG,19:55,COL,ev,empty-net,wrist,0651,8477501,V. Nichushkin,8476967,B. Kulak,8470613,B. Burns,5,2
2026-05-06,2025030211,1,REG,04:31,BUF,ev,none,snap,1551,8482659,J. Doan,8484145,Z. Benson,,,1,0
2026-05-06,2025030211,1,REG,13:26,BUF,pp,none,snap,1451,8480802,R. McLeod,8484145,Z. Benson,8482659,J. Doan,2,0
2026-05-06,2025030211,1,REG,19:16,MTL,pp,none,snap,1541,8480018,N. Suzuki,8483515,J. Slafkovský,8484984,I. Demidov,2,1
2026-05-06,2025030211,2,REG,03:32,BUF,ev,none,wrist,1551,8478413,J. Greenway,8480807,M. Samuelsson,,,3,1
2026-05-06,2025030211,2,REG,09:01,BUF,pp,none,snap,1451,8481524,B. Byram,8480802,R. McLeod,,,4,1
2026-05-06,2025030211,2,REG,16:31,MTL,ev,none,wrist,1551,8481523,K. Dach,8482737,Z. Bolduc,,,4,2
2026-05-06,2025030242,2,REG,11:23,ANA,ev,none,wrist,1551,8484762,B. Sennecke,8479705,J. Viel,8480068,R. Poehling,0,1
2026-05-06,2025030242,3,REG,06:36,ANA,ev,none,wrist,1551,8484153,L. Carlsson,8478873,T. Terry,8475184,C. Kreider,0,2
2026-05-06,2025030242,3,REG,16:30,ANA,ev,empty-net,wrist,1560,8478424,J. Harkins,,,,,0,3
2026-05-06,2025030242,3,REG,19:54,VGK,pp,none,wrist,1451,8475913,M. Stone,8478403,J. Eichel,8477447,S. Theodore,1,3
2026-05-07,2025030223,1,REG,17:27,CAR,pp,none,backhand,1541,8473533,J. Staal,8480830,A. Svechnikov,8476906,S. Gostisbehere,0,1
2026-05-07,2025030223,2,REG,02:31,PHI,ev,none,snap,1560,8481533,T. Zegras,8482126,E. Andrae,8485406,P. Martone,1,1
2026-05-07,2025030223,2,REG,15:59,CAR,sh,none,snap,1451,8478970,J. Chatfield,8473533,J. Staal,8476921,J. Martinook,1,2
2026-05-07,2025030223,3,REG,03:52,CAR,pp,none,slap,1431,8480830,A. Svechnikov,8478427,S. Aho,8476906,S. Gostisbehere,1,3
2026-05-07,2025030223,3,REG,07:08,CAR,ev,none,wrist,1551,8477940,N. Ehlers,8476921,J. Martinook,8480817,K. Miller,1,4
2026-05-08,2025030212,1,REG,01:36,MTL,ev,none,tip-in,1551,8481618,A. Newhook,8482087,K. Guhle,8483457,L. Hutson,0,1
2026-05-08,2025030212,1,REG,04:27,MTL,ev,none,snap,1551,8476875,M. Matheson,8476479,P. Danault,,,0,2
2026-05-08,2025030212,2,REG,04:47,MTL,ev,none,snap,1551,8481618,A. Newhook,8478133,J. Evans,8480865,N. Dobson,0,3
2026-05-08,2025030212,2,REG,19:22,BUF,ev,none,tip-in,1551,8484145,Z. Benson,8479982,C. Timmins,8482659,J. Doan,1,3
2026-05-08,2025030212,3,REG,03:54,MTL,ev,none,snap,1551,8478851,A. Carrier,,,,,1,4
2026-05-08,2025030212,3,REG,15:59,MTL,ev,empty-net,snap,1560,8480018,N. Suzuki,8476981,J. Anderson,,,1,5
2026-05-08,2025030243,1,REG,01:06,VGK,ev,none,snap,1551,8477447,S. Theodore,8478403,J. Eichel,8475913,M. Stone,0,1
2026-05-08,2025030243,1,REG,12:13,VGK,sh,none,snap,1451,8475188,B. McNabb,8478483,M. Marner,,,0,2
2026-05-08,2025030243,1,REG,19:55,VGK,pp,none,wrist,1541,8478483,M. Marner,8481604,P. Dorofeyev,8476925,C. Sissons,0,3
2026-05-08,2025030243,2,REG,09:19,VGK,ev,none,backhand,1551,8478483,M. Marner,8477447,S. Theodore,8479353,B. Howden,0,4
2026-05-08,2025030243,2,REG,17:56,VGK,ev,none,snap,1551,8478483,M. Marner,8476448,W. Karlsson,8477964,I. Barbashev,0,5
2026-05-08,2025030243,3,REG,06:30,ANA,ev,none,poke,1551,8484762,B. Sennecke,8473986,A. Killorn,8475798,M. Granlund,1,5
2026-05-08,2025030243,3,REG,15:09,ANA,ev,none,snap,1551,8475184,C. Kreider,8478873,T. Terry,8484153,L. Carlsson,2,5
2026-05-08,2025030243,3,REG,18:04,VGK,ev,empty-net,backhand,1560,8479353,B. Howden,,,,,2,6
2026-05-09,2025030224,1,REG,07:50,PHI,ev,none,snap,1551,8482159,T. Foerster,8481533,T. Zegras,8485406,P. Martone,1,0
2026-05-09,2025030224,2,REG,12:35,CAR,ev,none,wrist,1551,8482809,J. Blake,8480817,K. Miller,8475791,T. Hall,1,1
2026-05-09,2025030224,3,REG,04:13,CAR,ev,none,wrist,1551,8482702,L. Stankoven,8475791,T. Hall,8482809,J. Blake,1,2
2026-05-09,2025030224,3,REG,05:52,PHI,ev,none,snap,1551,8483731,A. Bump,8478439,T. Konecny,8477989,C. Dvorak,2,2
2026-05-09,2025030224,4,OT,05:31,CAR,ev,none,wrist,1551,8482809,J. Blake,8475791,T. Hall,8476958,J. Slavin,2,3
2026-05-09,2025030233,1,REG,15:11,MIN,ev,none,wrist,1441,8478864,K. Kaprizov,8482122,B. Faber,8480800,Q. Hughes,1,0
2026-05-09,2025030233,1,REG,16:44,MIN,pp,none,wrist,1341,8480800,Q. Hughes,8475692,M. Zuccarello,8478864,K. Kaprizov,2,0
2026-05-09,2025030233,2,REG,04:23,MIN,pp,none,bat,1451,8477451,R. Hartman,8475692,M. Zuccarello,8478864,K. Kaprizov,3,0
2026-05-09,2025030233,2,REG,13:11,COL,pp,none,backhand,1541,8477492,N. MacKinnon,8476455,G. Landeskog,8475172,N. Kadri,3,1
2026-05-09,2025030233,2,REG,13:31,MIN,ev,none,deflected,1560,8482122,B. Faber,8475765,V. Tarasenko,8477446,M. McCarron,4,1
2026-05-09,2025030233,3,REG,19:56,MIN,ev,empty-net,wrist,0651,8481557,M. Boldy,8482122,B. Faber,,,5,1
2026-05-10,2025030213,1,REG,00:53,BUF,ev,none,slap,1551,8479420,T. Thompson,8480839,R. Dahlin,,,0,1
2026-05-10,2025030213,1,REG,15:31,MTL,ev,none,snap,1551,8481618,A. Newhook,8478133,J. Evans,,,1,1
2026-05-10,2025030213,2,REG,06:05,MTL,pp,none,slap,1451,8481540,C. Caufield,8483457,L. Hutson,8484984,I. Demidov,2,1
2026-05-10,2025030213,2,REG,10:43,MTL,ev,none,snap,1551,8482737,Z. Bolduc,8480813,J. Veleno,8478851,A. Carrier,3,1
2026-05-10,2025030213,2,REG,12:17,MTL,pp,none,slap,1451,8483515,J. Slafkovský,8483457,L. Hutson,8481540,C. Caufield,4,1
2026-05-10,2025030213,2,REG,14:46,BUF,pp,none,snap,1541,8480839,R. Dahlin,8479420,T. Thompson,8482659,J. Doan,4,2
2026-05-10,2025030213,3,REG,08:46,MTL,ev,none,slap,1551,8481523,K. Dach,8480074,A. Texier,8476479,P. Danault,5,2
2026-05-10,2025030213,3,REG,15:14,MTL,ev,awarded-empty-net,,0651,8481618,A. Newhook,8480018,N. Suzuki,8478133,J. Evans,6,2
2026-05-10,2025030244,1,REG,08:43,ANA,pp,none,slap,1451,8484762,B. Sennecke,8473986,A. Killorn,8483445,C. Gauthier,1,0
2026-05-10,2025030244,1,REG,10:22,VGK,pp,none,tip-in,1541,8481604,P. Dorofeyev,8478483,M. Marner,8478403,J. Eichel,1,1
2026-05-10,2025030244,1,REG,15:25,ANA,ev,none,snap,1551,8475798,M. Granlund,8479705,J. Viel,,,2,1
2026-05-10,2025030244,2,REG,04:04,VGK,ev,none,wrist,1551,8479353,B. Howden,8476448,W. Karlsson,8478483,M. Marner,2,2
2026-05-10,2025030244,2,REG,17:58,ANA,pp,none,snap,1451,8473986,A. Killorn,8483445,C. Gauthier,8484762,B. Sennecke,3,2
2026-05-10,2025030244,3,REG,03:43,ANA,ev,none,snap,1551,8482178,I. Moore,8483445,C. Gauthier,8482803,O. Zellweger,4,2
2026-05-10,2025030244,3,REG,18:56,VGK,ev,none,wrist,0651,8476881,T. Hertl,8478483,M. Marner,8478403,J. Eichel,4,3
2026-05-11,2025030234,1,REG,09:46,MIN,pp,none,tip-in,1451,8483525,D. Yurov,8482122,B. Faber,8475765,V. Tarasenko,1,0
2026-05-11,2025030234,2,REG,06:08,COL,pp,none,wrist,1541,8475172,N. Kadri,8480039,M. Necas,,,1,1
2026-05-11,2025030234,3,REG,06:56,COL,ev,none,wrist,1551,8479525,R. Colton,8478462,N. Roy,,,1,2
2026-05-11,2025030234,3,REG,09:15,MIN,ev,none,snap,1551,8481477,N. Sturm,8480800,Q. Hughes,,,2,2
2026-05-11,2025030234,3,REG,11:32,COL,ev,none,slap,1551,8480448,P. Kelly,8480835,J. Drury,,,2,3
2026-05-11,2025030234,3,REG,19:27,COL,ev,empty-net,wrist,1560,8477492,N. MacKinnon,8480039,M. Necas,,,2,4
2026-05-11,2025030234,3,REG,19:52,COL,ev,empty-net,wrist,1560,8475754,B. Nelson,,,,,2,5
2026-05-12,2025030214,1,REG,06:32,BUF,ev,none,snap,1551,8480807,M. Samuelsson,8480064,J. Norris,8482659,J. Doan,0,1
2026-05-12,2025030214,1,REG,10:08,MTL,ev,none,snap,1551,8481618,A. Newhook,8478133,J. Evans,8484984,I. Demidov,1,1
2026-05-12,2025030214,1,REG,19:47,MTL,pp,none,wrist,1451,8481540,C. Caufield,8483515,J. Slafkovský,8483457,L. Hutson,2,1
2026-05-12,2025030214,2,REG,07:00,BUF,pp,none,snap,1541,8479420,T. Thompson,8480839,R. Dahlin,,,2,2
2026-05-12,2025030214,3,REG,04:41,BUF,pp,none,backhand,1541,8484145,Z. Benson,8482659,J. Doan,8479420,T. Thompson,2,3
2026-05-12,2025030245,1,REG,12:36,ANA,pp,none,wrist,1541,8484762,B. Sennecke,8483445,C. Gauthier,8482745,M. McTavish,0,1
2026-05-12,2025030245,1,REG,16:13,VGK,pp,none,wrist,1451,8481604,P. Dorofeyev,8476881,T. Hertl,8478403,J. Eichel,1,1
2026-05-12,2025030245,3,REG,04:48,VGK,ev,none,backhand,1551,8476881,T. Hertl,8476438,B. Saad,8478397,R. Andersson,2,1
2026-05-12,2025030245,3,REG,16:55,ANA,ev,none,wrist,1551,8482803,O. Zellweger,8483445,C. Gauthier,8482745,M. McTavish,2,2
2026-05-12,2025030245,4,OT,04:10,VGK,ev,none,snap,1551,8481604,P. Dorofeyev,8478403,J. Eichel,,,3,2
2026-05-13,2025030235,1,REG,00:34,MIN,ev,none,snap,1551,8475149,M. Johansson,8481557,M. Boldy,8480800,Q. Hughes,0,1
2026-05-13,2025030235,1,REG,11:03,MIN,ev,none,tip-in,1551,8473422,N. Foligno,8481477,N. Sturm,8478864,K. Kaprizov,0,2
2026-05-13,2025030235,1,REG,15:56,MIN,ev,none,snap,1551,8473422,N. Foligno,8481477,N. Sturm,8481557,M. Boldy,0,3
2026-05-13,2025030235,2,REG,11:00,COL,ev,none,tip-in,1551,8480448,P. Kelly,8470613,B. Burns,8476967,B. Kulak,1,3
2026-05-13,2025030235,3,REG,16:27,COL,ev,none,tip-in,1551,8480835,J. Drury,8478038,D. Toews,8478462,N. Roy,2,3
2026-05-13,2025030235,3,REG,18:37,COL,ev,none,wrist,1560,8477492,N. MacKinnon,8480039,M. Necas,8470613,B. Burns,3,3
2026-05-13,2025030235,4,OT,03:52,COL,ev,none,snap,1551,8476967,B. Kulak,8480039,M. Necas,8480448,P. Kelly,4,3
2026-05-14,2025030215,1,REG,02:00,BUF,ev,none,deflected,1551,8475722,J. Zucker,8482097,J. Quinn,8479982,C. Timmins,1,0
2026-05-14,2025030215,1,REG,06:31,MTL,ev,none,snap,1551,8481540,C. Caufield,8480018,N. Suzuki,8483515,J. Slafkovský,1,1
2026-05-14,2025030215,1,REG,07:45,BUF,ev,none,slap,1551,8482659,J. Doan,8482671,O. Power,,,2,1
2026-05-14,2025030215,1,REG,07:54,MTL,ev,none,deflected,1551,8480074,A. Texier,8478851,A. Carrier,8476479,P. Danault,2,2
2026-05-14,2025030215,1,REG,10:15,BUF,ev,none,wrist,1551,8484797,K. Helenius,8480807,M. Samuelsson,8480839,R. Dahlin,3,2
2026-05-14,2025030215,2,REG,08:01,MTL,ev,none,snap,1551,8476981,J. Anderson,8483457,L. Hutson,8476479,P. Danault,3,3
2026-05-14,2025030215,2,REG,16:15,MTL,ev,none,poke,1551,8478133,J. Evans,8484984,I. Demidov,8481618,A. Newhook,3,4
2026-05-14,2025030215,2,REG,17:33,MTL,pp,none,snap,1541,8480018,N. Suzuki,8483515,J. Slafkovský,8483457,L. Hutson,3,5
2026-05-14,2025030215,3,REG,03:32,MTL,pp,none,wrist,1541,8484984,I. Demidov,8483515,J. Slafkovský,8480018,N. Suzuki,3,6
2026-05-14,2025030246,1,REG,01:02,VGK,ev,none,between-legs,1551,8478483,M. Marner,8476448,W. Karlsson,8477447,S. Theodore,0,1
2026-05-14,2025030246,1,REG,08:30,VGK,sh,none,slap,1451,8479353,B. Howden,8478483,M. Marner,,,0,2
2026-05-14,2025030246,1,REG,17:19,VGK,pp,none,wrist,1541,8477447,S. Theodore,8476881,T. Hertl,,,0,3
2026-05-14,2025030246,2,REG,12:46,ANA,pp,none,snap,1451,8475798,M. Granlund,8478873,T. Terry,8484153,L. Carlsson,1,3
2026-05-14,2025030246,3,REG,02:52,VGK,ev,none,wrist,1551,8481604,P. Dorofeyev,8477964,I. Barbashev,,,1,4
2026-05-14,2025030246,3,REG,13:32,VGK,ev,none,wrist,1551,8481604,P. Dorofeyev,8478397,R. Andersson,8478396,N. Hanifin,1,5
2026-05-16,2025030216,1,REG,00:32,BUF,ev,none,backhand,1551,8480839,R. Dahlin,8480807,M. Samuelsson,8484145,Z. Benson,0,1
2026-05-16,2025030216,1,REG,01:40,MTL,ev,none,snap,1551,8482964,A. Xhekaj,8478133,J. Evans,,,1,1
2026-05-16,2025030216,1,REG,08:12,MTL,pp,none,slap,1451,8484984,I. Demidov,8483457,L. Hutson,8481540,C. Caufield,2,1
2026-05-16,2025030216,1,REG,10:14,MTL,sh,none,snap,1541,8478133,J. Evans,8476875,M. Matheson,,,3,1
2026-05-16,2025030216,1,REG,13:56,BUF,pp,none,snap,1541,8475722,J. Zucker,8480064,J. Norris,8482097,J. Quinn,3,2
2026-05-16,2025030216,2,REG,01:00,BUF,ev,none,backhand,1551,8484145,Z. Benson,8479420,T. Thompson,8481524,B. Byram,3,3
2026-05-16,2025030216,2,REG,10:54,BUF,pp,none,slap,1541,8482097,J. Quinn,8480839,R. Dahlin,8479420,T. Thompson,3,4
2026-05-16,2025030216,2,REG,12:59,BUF,ev,none,snap,1551,8484797,K. Helenius,8475722,J. Zucker,8480839,R. Dahlin,3,5
2026-05-16,2025030216,3,REG,09:58,BUF,pp,none,slap,1541,8482097,J. Quinn,8479420,T. Thompson,8480839,R. Dahlin,3,6
2026-05-16,2025030216,3,REG,14:12,BUF,ev,empty-net,snap,1560,8479420,T. Thompson,,,,,3,7
2026-05-16,2025030216,3,REG,17:49,BUF,pp,none,snap,1541,8484305,Z. Metsa,8480802,R. McLeod,8480839,R. Dahlin,3,8
2026-05-18,2025030217,1,REG,04:30,MTL,ev,none,deflected,1551,8476479,P. Danault,8482087,K. Guhle,8480074,A. Texier,0,1
2026-05-18,2025030217,1,REG,14:29,MTL,pp,none,snap,1541,8482737,Z. Bolduc,8480018,N. Suzuki,8483457,L. Hutson,0,2
2026-05-18,2025030217,2,REG,13:19,BUF,ev,none,deflected,1551,8478413,J. Greenway,8480807,M. Samuelsson,8479359,B. Malenstyn,1,2
2026-05-18,2025030217,3,REG,06:27,BUF,ev,none,snap,1551,8480839,R. Dahlin,8482671,O. Power,8480802,R. McLeod,2,2
2026-05-18,2025030217,4,OT,11:22,MTL,ev,none,wrist,1551,8481618,A. Newhook,8478851,A. Carrier,,,2,3
2026-05-20,2025030321,2,REG,12:29,VGK,ev,none,wrist,1551,8479639,D. Coghlan,8476438,B. Saad,8476925,C. Sissons,0,1
2026-05-20,2025030321,2,REG,15:02,VGK,pp,none,wrist,1541,8481604,P. Dorofeyev,8478483,M. Marner,8476881,T. Hertl,0,2
2026-05-20,2025030321,3,REG,01:34,VGK,ev,none,backhand,1551,8479353,B. Howden,8477018,B. Hutton,,,0,3
2026-05-20,2025030321,3,REG,05:53,COL,ev,none,between-legs,1551,8477501,V. Nichushkin,8479525,R. Colton,,,1,3
2026-05-20,2025030321,3,REG,17:39,COL,pp,none,snap,1460,8476455,G. Landeskog,8477492,N. MacKinnon,8478038,D. Toews,2,3
2026-05-20,2025030321,3,REG,19:15,VGK,ev,empty-net,wrist,1560,8475343,N. Dowd,8478403,J. Eichel,8478397,R. Andersson,2,4
2026-05-21,2025030311,1,REG,00:33,CAR,ev,none,snap,1551,8482093,S. Jarvis,8480830,A. Svechnikov,8478427,S. Aho,1,0
2026-05-21,2025030311,1,REG,01:00,MTL,ev,none,wrist,1551,8481540,C. Caufield,8483515,J. Slafkovský,8480018,N. Suzuki,1,1
2026-05-21,2025030311,1,REG,04:04,MTL,ev,none,snap,1441,8476479,P. Danault,8478851,A. Carrier,,,1,2
2026-05-21,2025030311,1,REG,08:11,MTL,ev,none,snap,1551,8480074,A. Texier,8476479,P. Danault,8482087,K. Guhle,1,3
2026-05-21,2025030311,1,REG,11:32,MTL,ev,none,wrist,1551,8484984,I. Demidov,8481618,A. Newhook,8478133,J. Evans,1,4
2026-05-21,2025030311,2,REG,02:46,CAR,ev,none,snap,1551,8480762,E. Robinson,8477478,W. Carrier,,,2,4
2026-05-21,2025030311,3,REG,07:05,MTL,ev,none,wrist,1551,8483515,J. Slafkovský,8480018,N. Suzuki,8481540,C. Caufield,2,5
2026-05-21,2025030311,3,REG,17:32,MTL,ev,empty-net,wrist,1560,8483515,J. Slafkovský,8480018,N. Suzuki,,,2,6
2026-05-22,2025030322,1,REG,16:59,COL,ev,none,wrist,1551,8479525,R. Colton,8470613,B. Burns,8475172,N. Kadri,1,0
2026-05-22,2025030322,3,REG,09:15,VGK,ev,none,wrist,1551,8478403,J. Eichel,8481604,P. Dorofeyev,8477964,I. Barbashev,1,1
2026-05-22,2025030322,3,REG,11:22,VGK,ev,none,wrist,1551,8477964,I. Barbashev,8478403,J. Eichel,8481604,P. Dorofeyev,1,2
2026-05-22,2025030322,3,REG,18:57,VGK,ev,empty-net,wrist,1560,8477964,I. Barbashev,8478397,R. Andersson,,,1,3
2026-05-23,2025030312,1,REG,02:33,CAR,ev,none,tip-in,1551,8480762,E. Robinson,8477478,W. Carrier,8476873,M. Jankowski,1,0
2026-05-23,2025030312,1,REG,11:11,MTL,ev,none,snap,1551,8476981,J. Anderson,8476479,P. Danault,8482087,K. Guhle,1,1
2026-05-23,2025030312,2,REG,17:03,CAR,ev,none,wrist,1551,8477940,N. Ehlers,8476958,J. Slavin,8478970,J. Chatfield,2,1
2026-05-23,2025030312,3,REG,12:51,MTL,ev,none,snap,1551,8476981,J. Anderson,8478851,A. Carrier,8476479,P. Danault,2,2
2026-05-23,2025030312,4,OT,03:29,CAR,ev,none,snap,1551,8477940,N. Ehlers,8476873,M. Jankowski,8478970,J. Chatfield,3,2
2026-05-24,2025030323,1,REG,03:21,COL,ev,none,wrist,1551,8476455,G. Landeskog,8478038,D. Toews,8477492,N. MacKinnon,0,1
2026-05-24,2025030323,1,REG,07:03,COL,ev,none,wrist,1551,8475172,N. Kadri,8480039,M. Necas,8476312,J. Manson,0,2
2026-05-24,2025030323,1,REG,13:15,COL,sh,none,backhand,1451,8480835,J. Drury,8480448,P. Kelly,8478038,D. Toews,0,3
2026-05-24,2025030323,2,REG,00:19,VGK,pp,none,wrist,1451,8475913,M. Stone,8478483,M. Marner,8476881,T. Hertl,1,3
2026-05-24,2025030323,2,REG,04:05,VGK,ev,none,snap,1551,8476448,W. Karlsson,8478483,M. Marner,,,2,3
2026-05-24,2025030323,2,REG,12:46,VGK,ev,none,backhand,1551,8478434,K. Kolesar,8479639,D. Coghlan,8481527,K. Korczak,3,3
2026-05-24,2025030323,3,REG,08:21,VGK,ev,none,backhand,1551,8476881,T. Hertl,8475913,M. Stone,8481527,K. Korczak,4,3
2026-05-24,2025030323,3,REG,19:01,VGK,ev,empty-net,wrist,0651,8479353,B. Howden,8476448,W. Karlsson,8477447,S. Theodore,5,3
2026-05-25,2025030313,1,REG,08:24,CAR,ev,none,snap,1551,8476906,S. Gostisbehere,8476873,M. Jankowski,8480762,E. Robinson,0,1
2026-05-25,2025030313,1,REG,15:28,MTL,ev,none,snap,1551,8476875,M. Matheson,8484984,I. Demidov,8478133,J. Evans,1,1
2026-05-25,2025030313,1,REG,16:22,CAR,ev,none,snap,1551,8475791,T. Hall,8480817,K. Miller,8482809,J. Blake,1,2
2026-05-25,2025030313,2,REG,04:43,MTL,pp,none,snap,1451,8483457,L. Hutson,8481540,C. Caufield,8482487,J. Dobes,2,2
2026-05-25,2025030313,4,OT,14:06,CAR,ev,none,snap,1551,8480830,A. Svechnikov,8482093,S. Jarvis,,,2,3
2026-05-26,2025030324,1,REG,04:42,VGK,ev,none,wrist,1551,8475913,M. Stone,8475188,B. McNabb,8477447,S. Theodore,1,0
2026-05-26,2025030324,3,REG,14:15,VGK,ev,none,tip-in,1551,8482062,C. Smith,8479639,D. Coghlan,8475343,N. Dowd,2,0
2026-05-26,2025030324,3,REG,17:57,COL,ev,none,tip-in,0651,8476455,G. Landeskog,8480039,M. Necas,8475172,N. Kadri,2,1
2026-05-27,2025030314,1,REG,14:59,CAR,pp,none,snap,1541,8478427,S. Aho,8477940,N. Ehlers,8476906,S. Gostisbehere,0,1
2026-05-27,2025030314,1,REG,16:07,CAR,ev,none,tip-in,1551,8473533,J. Staal,8480817,K. Miller,8477940,N. Ehlers,0,2
2026-05-27,2025030314,1,REG,17:46,CAR,ev,none,snap,1551,8482702,L. Stankoven,8482809,J. Blake,8476906,S. Gostisbehere,0,3
2026-05-27,2025030314,3,REG,18:06,CAR,ev,empty-net,snap,1560,8480830,A. Svechnikov,8478970,J. Chatfield,,,0,4
2026-05-29,2025030315,1,REG,09:17,CAR,ev,none,snap,1551,8475791,T. Hall,8482702,L. Stankoven,8482809,J. Blake,1,0
2026-05-29,2025030315,1,REG,15:12,CAR,ev,none,snap,1551,8482702,L. Stankoven,8475791,T. Hall,8482100,A. Nikishin,2,0
2026-05-29,2025030315,1,REG,16:52,CAR,ev,none,snap,1551,8480762,E. Robinson,8477478,W. Carrier,,,3,0
2026-05-29,2025030315,2,REG,07:19,CAR,ev,none,snap,1551,8482809,J. Blake,8475791,T. Hall,8482702,L. Stankoven,4,0
2026-05-29,2025030315,2,REG,18:02,CAR,pp,none,wrist,1451,8476906,S. Gostisbehere,8482093,S. Jarvis,8477940,N. Ehlers,5,0
2026-05-29,2025030315,3,REG,10:50,MTL,pp,none,wrist,1541,8481540,C. Caufield,8483457,L. Hutson,,,5,1
2026-05-29,2025030315,3,REG,16:19,CAR,ev,empty-net,snap,0651,8482093,S. Jarvis,8478427,S. Aho,8480830,A. Svechnikov,6,1
2026-06-02,2025030411,1,REG,00:25,CAR,ev,none,snap,1551,8477940,N. Ehlers,8476958,J. Slavin,8478970,J. Chatfield,1,0
2026-06-02,2025030411,1,REG,12:08,CAR,ev,none,backhand,1551,8477940,N. Ehlers,8478970,J. Chatfield,,,2,0
2026-06-02,2025030411,1,REG,13:28,VGK,ev,none,slap,1551,8477447,S. Theodore,8475188,B. McNabb,8482062,C. Smith,2,1
2026-06-02,2025030411,2,REG,00:30,VGK,ev,none,snap,1551,8477964,I. Barbashev,8478403,J. Eichel,8475188,B. McNabb,2,2
2026-06-02,2025030411,2,REG,04:35,VGK,ev,none,snap,1551,8476448,W. Karlsson,8478483,M. Marner,8479353,B. Howden,2,3
2026-06-02,2025030411,2,REG,12:42,CAR,ev,none,snap,1551,8473533,J. Staal,8480817,K. Miller,,,3,3
2026-06-02,2025030411,3,REG,01:21,VGK,ev,none,tip-in,1551,8479353,B. Howden,8477447,S. Theodore,8475188,B. McNabb,3,4
2026-06-02,2025030411,3,REG,11:19,CAR,ev,none,snap,1551,8476906,S. Gostisbehere,,,,,4,4
2026-06-02,2025030411,3,REG,16:36,VGK,ev,none,snap,1551,8476881,T. Hertl,8476925,C. Sissons,8477447,S. Theodore,4,5
2026-06-04,2025030412,1,REG,13:33,VGK,ev,none,snap,1551,8479353,B. Howden,8478483,M. Marner,,,0,1
2026-06-04,2025030412,2,REG,07:23,VGK,ev,none,wrist,1551,8479353,B. Howden,8477964,I. Barbashev,8478396,N. Hanifin,0,2
2026-06-04,2025030412,3,REG,10:20,CAR,ev,none,backhand,1551,8482702,L. Stankoven,,,,,1,2
2026-06-04,2025030412,3,REG,12:46,CAR,ev,none,snap,1551,8476873,M. Jankowski,8477478,W. Carrier,8480762,E. Robinson,2,2
2026-06-04,2025030412,3,REG,15:25,CAR,pp,none,tip-in,1451,8473533,J. Staal,8476906,S. Gostisbehere,8480830,A. Svechnikov,3,2
2026-06-04,2025030412,3,REG,18:39,VGK,ev,none,backhand,0651,8475913,M. Stone,8478483,M. Marner,8476881,T. Hertl,3,3
2026-06-04,2025030412,4,OT,03:56,CAR,pp,none,slap,1451,8482093,S. Jarvis,8476906,S. Gostisbehere,8478427,S. Aho,4,3
2026-06-06,2025030413,2,REG,10:26,VGK,pp,none,wrist,1451,8476881,T. Hertl,8478403,J. Eichel,8478483,M. Marner,1,0
2026-06-06,2025030413,2,REG,10:42,VGK,ev,none,backhand,1551,8478483,M. Marner,8476448,W. Karlsson,8477447,S. Theodore,2,0
2026-06-06,2025030413,2,REG,14:32,VGK,ev,none,backhand,1551,8478483,M. Marner,8475188,B. McNabb,,,3,0
2026-06-06,2025030413,2,REG,16:52,VGK,ev,none,slap,1551,8478483,M. Marner,8476881,T. Hertl,,,4,0
2026-06-06,2025030413,3,REG,07:03,CAR,ev,none,wrist,1551,8476921,J. Martinook,8482093,S. Jarvis,8482702,L. Stankoven,4,1
2026-06-06,2025030413,3,REG,07:29,CAR,ev,none,wrist,1551,8475791,T. Hall,8478427,S. Aho,8482809,J. Blake,4,2
2026-06-06,2025030413,3,REG,07:42,CAR,ev,none,tip-in,1551,8473533,J. Staal,8476958,J. Slavin,8480762,E. Robinson,4,3
2026-06-06,2025030413,3,REG,18:18,CAR,pp,none,wrist,0641,8480830,A. Svechnikov,8473533,J. Staal,8478427,S. Aho,4,4
2026-06-06,2025030413,5,OT,05:38,VGK,ev,none,slap,1551,8477447,S. Theodore,8475188,B. McNabb,8479353,B. Howden,5,4
2026-06-09,2025030414,1,REG,01:06,CAR,ev,none,backhand,1551,8482702,L. Stankoven,8478970,J. Chatfield,8482809,J. Blake,0,1
2026-06-09,2025030414,1,REG,03:28,CAR,ev,none,wrist,1551,8482809,J. Blake,8475791,T. Hall,8477940,N. Ehlers,0,2
2026-06-09,2025030414,1,REG,07:22,VGK,ev,none,wrist,1551,8475913,M. Stone,8477447,S. Theodore,8475188,B. McNabb,1,2
2026-06-09,2025030414,1,REG,12:48,CAR,pp,none,wrist,1541,8473533,J. Staal,8476906,S. Gostisbehere,8478427,S. Aho,1,3
2026-06-09,2025030414,2,REG,04:22,VGK,ev,none,snap,1551,8476448,W. Karlsson,8478397,R. Andersson,8478483,M. Marner,2,3
2026-06-09,2025030414,2,REG,17:08,VGK,ev,none,wrist,1551,8479353,B. Howden,8476925,C. Sissons,8476448,W. Karlsson,3,3
2026-06-09,2025030414,3,REG,06:32,CAR,ev,none,backhand,1551,8473533,J. Staal,8477940,N. Ehlers,,,3,4
2026-06-09,2025030414,3,REG,19:05,CAR,ev,empty-net,wrist,1560,8477940,N. Ehlers,,,,,3,5
2026-06-11,2025030415,1,REG,06:52,VGK,pp,none,snap,1541,8481604,P. Dorofeyev,8478403,J. Eichel,8476881,T. Hertl,0,1
2026-06-11,2025030415,1,REG,11:46,CAR,ev,none,tip-in,1551,8473533,J. Staal,8477940,N. Ehlers,8482093,S. Jarvis,1,1
2026-06-11,2025030415,2,REG,11:58,CAR,pp,none,snap,1451,8480830,A. Svechnikov,8476906,S. Gostisbehere,8477940,N. Ehlers,2,1
2026-06-11,2025030415,2,REG,17:51,CAR,ev,none,snap,1551,8478427,S. Aho,8480336,S. Walker,8476921,J. Martinook,3,1
2026-06-11,2025030415,3,REG,11:08,CAR,pp,none,wrist,1451,8480830,A. Svechnikov,8477940,N. Ehlers,8476906,S. Gostisbehere,4,1
2026-06-11,2025030415,3,REG,13:49,VGK,ev,none,snap,1551,8481604,P. Dorofeyev,8477447,S. Theodore,8478403,J. Eichel,4,2
2026-06-14,2025030416,1,REG,03:47,CAR,ev,none,wrist,1551,8475791,T. Hall,8476958,J. Slavin,8482809,J. Blake,0,1
2026-06-14,2025030416,2,REG,13:31,CAR,ev,none,snap,1551,8482809,J. Blake,8482702,L. Stankoven,,,0,2
2026-06-14,2025030416,3,REG,18:52,CAR,ev,empty-net,snap,1560,8477940,N. Ehlers,,,,,0,3
