datums,game_id,team,home_away,playerId,vards,numurs,pozicija,starter,decision,toi,shotsAgainst,saves,goalsAgainst,savePctg,evenStrengthShotsAgainst,powerPlayShotsAgainst,shorthandedShotsAgainst,saveShotsAgainst,evenStrengthGoalsAgainst,powerPlayGoalsAgainst,shorthandedGoalsAgainst,pim
2024-10-04,2024020001,BUF,home,8480045,Ukko-Pekka Luukkonen,1,G,True,L,59:05,22,19,3,0.863636,16/19,2/2,1/1,19/22,3,0,0,0
2024-10-04,2024020001,BUF,home,8482221,Devon Levi,27,G,False,,00:00,0,0,0,,0/0,0/0,0/0,0/0,0,0,0,0
2024-10-04,2024020001,NJD,away,8474593,Jacob Markstrom,25,G,True,W,59:38,31,30,1,0.967742,25/26,5/5,0/0,30/31,1,0,0,0
2024-10-04,2024020001,NJD,away,8474596,Jake Allen,34,G,False,,00:00,0,0,0,,0/0,0/0,0/0,0/0,0,0,0,0
2024-10-05,2024020002,NJD,home,8474593,Jacob Markstrom,25,G,False,,00:00,0,0,0,,0/0,0/0,0/0,0/0,0,0,0,0
2024-10-05,2024020002,NJD,home,8474596,Jake Allen,34,G,True,W,60:00,18,17,1,0.944444,16/17,0/0,1/1,17/18,1,0,0,0
2024-10-05,2024020002,BUF,away,8480045,Ukko-Pekka Luukkonen,1,G,False,,00:00,0,0,0,,0/0,0/0,0/0,0/0,0,0,0,0
2024-10-05,2024020002,BUF,away,8482221,Devon Levi,27,G,True,L,56:46,37,34,3,0.918919,24/26,8/9,2/2,34/37,2,1,0,0
2024-10-08,2024020003,SEA,home,8475831,Philipp Grubauer,31,G,True,L,58:18,25,22,3,0.88,21/23,1/2,0/0,22/25,2,1,0,0
2024-10-08,2024020003,SEA,home,8478916,Joey Daccord,35,G,False,,00:00,0,0,0,,0/0,0/0,0/0,0/0,0,0,0,0
2024-10-08,2024020003,STL,away,8480981,Joel Hofer,30,G,False,,00:00,0,0,0,,0/0,0/0,0/0,0/0,0,0,0,0
2024-10-08,2024020003,STL,away,8476412,Jordan Binnington,50,G,True,W,60:00,32,30,2,0.9375,28/30,2/2,0/0,30/32,2,0,0,0
2024-10-08,2024020004,FLA,home,8476904,Chris Driedger,60,G,False,,00:00,0,0,0,,0/0,0/0,0/0,0/0,0,0,0,0
2024-10-08,2024020004,FLA,home,8475683,Sergei Bobrovsky,72,G,True,W,60:00,28,24,4,0.857143,15/17,8/9,1/2,24/28,2,1,1,0
2024-10-08,2024020004,BOS,away,8480280,Jeremy Swayman,1,G,False,,00:00,0,0,0,,0/0,0/0,0/0,0/0,0,0,0,0
2024-10-08,2024020004,BOS,away,8476914,Joonas Korpisalo,70,G,True,L,58:11,35,29,6,0.828571,22/27,6/6,1/2,29/35,5,0,1,0
2024-10-08,2024020005,UTA,home,8478971,Connor Ingram,39,G,True,W,60:00,26,24,2,0.923077,22/24,2/2,0/0,24/26,2,0,0,0
2024-10-08,2024020005,UTA,home,8478872,Karel Vejmelka,70,G,False,,00:00,0,0,0,,0/0,0/0,0/0,0/0,0,0,0,0
2024-10-08,2024020005,CHI,away,8475852,Petr Mrazek,34,G,True,L,58:42,26,22,4,0.846154,20/24,2/2,0/0,22/26,4,0,0,0
2024-10-08,2024020005,CHI,away,8482821,Arvid Soderblom,40,G,False,,00:00,0,0,0,,0/0,0/0,0/0,0/0,0,0,0,0
2024-10-09,2024020006,MTL,home,8480051,Cayden Primeau,30,G,False,,00:00,0,0,0,,0/0,0/0,0/0,0/0,0,0,0,0
2024-10-09,2024020006,MTL,home,8478470,Samuel Montembeault,35,G,True,W,60:00,48,48,0,1.0,42/42,5/5,1/1,48/48,0,0,0,0
2024-10-09,2024020006,TOR,away,8483710,Dennis Hildeby,35,G,False,,00:00,0,0,0,,0/0,0/0,0/0,0/0,0,0,0,0
2024-10-09,2024020006,TOR,away,8476932,Anthony Stolarz,41,G,True,L,57:14,27,26,1,0.962963,18/18,7/8,1/1,26/27,0,1,0,0
2024-10-09,2024020007,PIT,home,8482446,Joel Blomqvist,30,G,False,,00:00,0,0,0,,0/0,0/0,0/0,0/0,0,0,0,0
2024-10-09,2024020007,PIT,home,8477465,Tristan Jarry,35,G,True,L,60:00,40,34,6,0.85,29/34,3/3,2/3,34/40,5,0,1,0
2024-10-09,2024020007,NYR,away,8478048,Igor Shesterkin,31,G,True,W,60:00,31,31,0,1.0,28/28,3/3,0/0,31/31,0,0,0,0
2024-10-09,2024020007,NYR,away,8471734,Jonathan Quick,32,G,False,,00:00,0,0,0,,0/0,0/0,0/0,0/0,0,0,0,0
2024-10-09,2024020008,EDM,home,8475717,Calvin Pickard,30,G,False,,28:52,7,6,1,0.857143,6/6,0/1,0/0,6/7,0,1,0,0
2024-10-09,2024020008,EDM,home,8479973,Stuart Skinner,74,G,True,L,31:08,13,8,5,0.615385,8/12,0/1,0/0,8/13,4,1,0,0
2024-10-09,2024020008,WPG,away,8477480,Eric Comrie,1,G,False,,00:00,0,0,0,,0/0,0/0,0/0,0/0,0,0,0,0
2024-10-09,2024020008,WPG,away,8476945,Connor Hellebuyck,37,G,True,W,60:00,30,30,0,1.0,27/27,1/1,2/2,30/30,0,0,0,0
2024-10-09,2024020009,VAN,home,8481668,Arturs Silovs,31,G,True,O,60:37,26,20,6,0.769231,19/23,1/2,0/1,20/26,4,1,1,0
2024-10-09,2024020009,VAN,home,8480947,Kevin Lankinen,32,G,False,,00:00,0,0,0,,0/0,0/0,0/0,0/0,0,0,0,0
2024-10-09,2024020009,CGY,away,8481692,Dustin Wolf,32,G,False,,00:00,0,0,0,,0/0,0/0,0/0,0/0,0,0,0,0
2024-10-09,2024020009,CGY,away,8478435,Dan Vladar,80,G,True,W,61:33,24,19,5,0.791667,16/19,3/5,0/0,19/24,3,2,0,0
2024-10-09,2024020010,VGK,home,8478499,Adin Hill,33,G,True,W,60:00,32,28,4,0.875,28/31,0/1,0/0,28/32,3,1,0,0
2024-10-09,2024020010,VGK,home,8478492,Ilya Samsonov,35,G,False,,00:00,0,0,0,,0/0,0/0,0/0,0/0,0,0,0,0
2024-10-09,2024020010,COL,away,8480382,Alexandar Georgiev,40,G,True,L,40:00,16,11,5,0.6875,10/14,1/2,0/0,11/16,4,1,0,0
2024-10-09,2024020010,COL,away,8481020,Justus Annunen,60,G,False,,15:16,4,2,2,0.5,2/3,0/1,0/0,2/4,1,1,0,0
2024-10-10,2024020011,BOS,home,8480280,Jeremy Swayman,1,G,True,W,60:00,24,20,4,0.833333,16/19,4/5,0/0,20/24,3,1,0,0
2024-10-10,2024020011,BOS,home,8476914,Joonas Korpisalo,70,G,False,,00:00,0,0,0,,0/0,0/0,0/0,0/0,0,0,0,0
2024-10-10,2024020011,MTL,away,8480051,Cayden Primeau,30,G,True,L,57:11,29,23,6,0.793103,17/22,5/6,1/1,23/29,5,1,0,2
2024-10-10,2024020011,MTL,away,8478470,Samuel Montembeault,35,G,False,,00:00,0,0,0,,0/0,0/0,0/0,0/0,0,0,0,0
2024-10-10,2024020012,BUF,home,8480045,Ukko-Pekka Luukkonen,1,G,True,L,58:17,22,20,2,0.909091,15/16,3/4,2/2,20/22,1,1,0,0
2024-10-10,2024020012,BUF,home,8482221,Devon Levi,27,G,False,,00:00,0,0,0,,0/0,0/0,0/0,0/0,0,0,0,0
2024-10-10,2024020012,LAK,away,8479496,David Rittich,31,G,False,,00:00,0,0,0,,0/0,0/0,0/0,0/0,0,0,0,0
2024-10-10,2024020012,LAK,away,8475311,Darcy Kuemper,35,G,True,W,59:36,33,32,1,0.969697,15/15,12/12,5/6,32/33,0,0,1,0
2024-10-10,2024020013,OTT,home,8476341,Anton Forsberg,31,G,False,,00:00,0,0,0,,0/0,0/0,0/0,0/0,0,0,0,0
2024-10-10,2024020013,OTT,home,8476999,Linus Ullmark,35,G,True,W,60:00,32,31,1,0.96875,26/27,5/5,0/0,31/32,1,0,0,0
2024-10-10,2024020013,FLA,away,8481519,Spencer Knight,30,G,False,,00:00,0,0,0,,0/0,0/0,0/0,0/0,0,0,0,0
2024-10-10,2024020013,FLA,away,8475683,Sergei Bobrovsky,72,G,True,L,58:34,30,28,2,0.933333,22/23,5/6,1/1,28/30,1,1,0,0
2024-10-10,2024020015,NJD,home,8474593,Jacob Markstrom,25,G,True,L,58:06,22,18,4,0.818182,16/20,1/1,1/1,18/22,4,0,0,0
2024-10-10,2024020015,NJD,home,8474596,Jake Allen,34,G,False,,00:00,0,0,0,,0/0,0/0,0/0,0/0,0,0,0,0
2024-10-10,2024020015,TOR,away,8483710,Dennis Hildeby,35,G,True,W,59:29,23,21,2,0.913043,15/16,6/7,0/0,21/23,1,1,0,0
2024-10-10,2024020015,TOR,away,8476932,Anthony Stolarz,41,G,False,,00:00,0,0,0,,0/0,0/0,0/0,0/0,0,0,0,0
2024-10-10,2024020016,NYI,home,8478009,Ilya Sorokin,30,G,False,,00:00,0,0,0,,0/0,0/0,0/0,0/0,0,0,0,0
2024-10-10,2024020016,NYI,home,8473575,Semyon Varlamov,40,G,True,O,62:18,26,21,5,0.807692,21/24,0/2,0/0,21/26,3,2,0,0
2024-10-10,2024020016,UTA,away,8478971,Connor Ingram,39,G,True,W,62:18,27,23,4,0.851852,14/16,8/9,1/2,23/27,2,1,1,0
2024-10-10,2024020016,UTA,away,8478872,Karel Vejmelka,70,G,False,,00:00,0,0,0,,0/0,0/0,0/0,0/0,0,0,0,0
2024-10-10,2024020014,DET,home,8478024,Ville Husso,35,G,True,L,25:28,14,10,4,0.714286,10/14,0/0,0/0,10/14,4,0,0,0
2024-10-10,2024020014,DET,home,8475660,Cam Talbot,39,G,False,,34:32,14,12,2,0.857143,10/11,2/3,0/0,12/14,1,1,0,0
2024-10-10,2024020014,PIT,away,8482446,Joel Blomqvist,30,G,True,W,59:46,32,29,3,0.90625,21/23,8/9,0/0,29/32,2,1,0,0
2024-10-10,2024020014,PIT,away,8477465,Tristan Jarry,35,G,False,,00:00,0,0,0,,0/0,0/0,0/0,0/0,0,0,0,0
2024-10-10,2024020017,NSH,home,8483575,Matt Murray,32,G,False,,00:00,0,0,0,,0/0,0/0,0/0,0/0,0,0,0,0
2024-10-10,2024020017,NSH,home,8475809,Scott Wedgewood,41,G,True,L,57:04,20,16,4,0.8,14/17,1/2,1/1,16/20,3,1,0,0
2024-10-10,2024020017,DAL,away,8479193,Casey DeSmith,1,G,False,,00:00,0,0,0,,0/0,0/0,0/0,0/0,0,0,0,0
2024-10-10,2024020017,DAL,away,8479979,Jake Oettinger,29,G,True,W,59:19,36,33,3,0.916667,19/21,13/14,1/1,33/36,2,1,0,0
2024-10-10,2024020018,MIN,home,8470594,Marc-Andre Fleury,29,G,False,,00:00,0,0,0,,0/0,0/0,0/0,0/0,0,0,0,0
2024-10-10,2024020018,MIN,home,8479406,Filip Gustavsson,32,G,True,W,60:00,33,31,2,0.939394,25/26,5/6,1/1,31/33,1,1,0,0
2024-10-10,2024020018,CBJ,away,8480193,Daniil Tarasov,40,G,False,,00:00,0,0,0,,0/0,0/0,0/0,0/0,0,0,0,0
2024-10-10,2024020018,CBJ,away,8478007,Elvis Merzlikins,90,G,True,L,58:38,26,23,3,0.884615,18/20,5/6,0/0,23/26,2,1,0,0
2024-10-10,2024020019,SJS,home,8478406,Mackenzie Blackwood,29,G,True,O,60:45,40,35,5,0.875,31/36,3/3,1/1,35/40,5,0,0,0
2024-10-10,2024020019,SJS,home,8477970,Vitek Vanecek,41,G,False,,00:00,0,0,0,,0/0,0/0,0/0,0/0,0,0,0,0
2024-10-10,2024020019,STL,away,8480981,Joel Hofer,30,G,True,W,59:02,29,25,4,0.862069,19/21,4/5,2/3,25/29,2,1,1,0
2024-10-10,2024020019,STL,away,8476412,Jordan Binnington,50,G,False,,00:00,0,0,0,,0/0,0/0,0/0,0/0,0,0,0,0
2024-10-11,2024020020,CAR,home,8475883,Frederik Andersen,31,G,True,L,58:08,21,19,2,0.904762,15/15,4/6,0/0,19/21,0,2,0,0
2024-10-11,2024020020,CAR,home,8481611,Pyotr Kochetkov,52,G,False,,00:00,0,0,0,,0/0,0/0,0/0,0/0,0,0,0,0
2024-10-11,2024020020,TBL,away,8477992,Jonas Johansson,31,G,False,,00:00,0,0,0,,0/0,0/0,0/0,0/0,0,0,0,0
2024-10-11,2024020020,TBL,away,8476883,Andrei Vasilevskiy,88,G,True,W,60:00,21,20,1,0.952381,19/20,1/1,0/0,20/21,1,0,0,0
2024-10-11,2024020021,WPG,home,8477480,Eric Comrie,1,G,False,,00:00,0,0,0,,0/0,0/0,0/0,0/0,0,0,0,0
2024-10-11,2024020021,WPG,home,8476945,Connor Hellebuyck,37,G,True,W,60:04,26,25,1,0.961538,22/23,3/3,0/0,25/26,1,0,0,0
2024-10-11,2024020021,CHI,away,8475852,Petr Mrazek,34,G,False,,00:00,0,0,0,,0/0,0/0,0/0,0/0,0,0,0,0
2024-10-11,2024020021,CHI,away,8482821,Arvid Soderblom,40,G,True,O,60:38,35,33,2,0.942857,29/31,4/4,0/0,33/35,2,0,0,0
2024-10-11,2024020022,VAN,home,8481668,Arturs Silovs,31,G,False,,00:00,0,0,0,,0/0,0/0,0/0,0/0,0,0,0,0
2024-10-11,2024020022,VAN,home,8480947,Kevin Lankinen,32,G,True,O,65:00,31,29,2,0.935484,20/21,7/8,2/2,29/31,1,1,0,0
2024-10-11,2024020022,PHI,away,8481035,Samuel Ersson,33,G,True,W,65:00,26,24,2,0.923077,15/17,8/8,1/1,24/26,2,0,0,0
2024-10-11,2024020022,PHI,away,8478905,Ivan Fedotov,82,G,False,,00:00,0,0,0,,0/0,0/0,0/0,0/0,0,0,0,0
2024-10-11,2024020023,VGK,home,8478499,Adin Hill,33,G,True,W,60:00,22,19,3,0.863636,19/21,0/1,0/0,19/22,2,1,0,0
2024-10-11,2024020023,VGK,home,8478492,Ilya Samsonov,35,G,False,,00:00,0,0,0,,0/0,0/0,0/0,0/0,0,0,0,0
2024-10-11,2024020023,STL,away,8480981,Joel Hofer,30,G,False,,00:00,0,0,0,,0/0,0/0,0/0,0/0,0,0,0,0
2024-10-11,2024020023,STL,away,8476412,Jordan Binnington,50,G,True,L,59:22,28,24,4,0.857143,21/25,3/3,0/0,24/28,4,0,0,0
2024-10-12,2024020024,BOS,home,8480280,Jeremy Swayman,1,G,True,W,62:42,34,33,1,0.970588,19/20,10/10,4/4,33/34,1,0,0,0
2024-10-12,2024020024,BOS,home,8476914,Joonas Korpisalo,70,G,False,,00:00,0,0,0,,0/0,0/0,0/0,0/0,0,0,0,0
2024-10-12,2024020024,LAK,away,8479496,David Rittich,31,G,False,,00:00,0,0,0,,0/0,0/0,0/0,0/0,0,0,0,0
2024-10-12,2024020024,LAK,away,8475311,Darcy Kuemper,35,G,True,O,63:07,26,24,2,0.923077,18/20,4/4,2/2,24/26,2,0,0,0
2024-10-12,2024020025,BUF,home,8480045,Ukko-Pekka Luukkonen,1,G,False,,00:00,0,0,0,,0/0,0/0,0/0,0/0,0,0,0,0
2024-10-12,2024020025,BUF,home,8482221,Devon Levi,27,G,True,W,60:00,25,23,2,0.92,17/18,4/5,2/2,23/25,1,1,0,0
2024-10-12,2024020025,FLA,away,8481519,Spencer Knight,30,G,True,L,58:09,26,22,4,0.846154,20/24,1/1,1/1,22/26,4,0,0,0
2024-10-12,2024020025,FLA,away,8475683,Sergei Bobrovsky,72,G,False,,00:00,0,0,0,,0/0,0/0,0/0,0/0,0,0,0,0
2024-10-12,2024020026,TOR,home,8483710,Dennis Hildeby,35,G,False,,00:00,0,0,0,,0/0,0/0,0/0,0/0,0,0,0,0
2024-10-12,2024020026,TOR,home,8476932,Anthony Stolarz,41,G,True,W,59:33,23,21,2,0.913043,16/17,4/5,1/1,21/23,1,1,0,0
2024-10-12,2024020026,PIT,away,8482446,Joel Blomqvist,30,G,True,L,58:51,32,29,3,0.90625,23/26,6/6,0/0,29/32,3,0,0,0
2024-10-12,2024020026,PIT,away,8477465,Tristan Jarry,35,G,False,,00:00,0,0,0,,0/0,0/0,0/0,0/0,0,0,0,0
2024-10-12,2024020027,MTL,home,8480051,Cayden Primeau,30,G,False,,00:00,0,0,0,,0/0,0/0,0/0,0/0,0,0,0,0
2024-10-12,2024020027,MTL,home,8478470,Samuel Montembeault,35,G,True,W,60:00,25,24,1,0.96,21/22,3/3,0/0,24/25,1,0,0,0
2024-10-12,2024020027,OTT,away,8476341,Anton Forsberg,31,G,False,,00:00,0,0,0,,0/0,0/0,0/0,0/0,0,0,0,0
2024-10-12,2024020027,OTT,away,8476999,Linus Ullmark,35,G,True,L,56:21,26,22,4,0.846154,15/18,7/8,0/0,22/26,3,1,0,0
2024-10-12,2024020028,DET,home,8479312,Alex Lyon,34,G,False,,00:00,0,0,0,,0/0,0/0,0/0,0/0,0,0,0,0
2024-10-12,2024020028,DET,home,8475660,Cam Talbot,39,G,True,W,60:00,42,42,0,1.0,33/33,8/8,1/1,42/42,0,0,0,0
2024-10-12,2024020028,NSH,away,8475809,Scott Wedgewood,41,G,False,,00:00,0,0,0,,0/0,0/0,0/0,0/0,0,0,0,0
2024-10-12,2024020028,NSH,away,8477424,Juuse Saros,74,G,True,L,57:21,21,19,2,0.904762,14/16,4/4,1/1,19/21,2,0,0,0
2024-10-12,2024020030,NYR,home,8478048,Igor Shesterkin,31,G,True,O,64:02,26,20,6,0.769231,16/21,4/5,0/0,20/26,5,1,0,0
2024-10-12,2024020030,NYR,home,8471734,Jonathan Quick,32,G,False,,00:00,0,0,0,,0/0,0/0,0/0,0/0,0,0,0,0
2024-10-12,2024020030,UTA,away,8478971,Connor Ingram,39,G,True,W,64:05,34,29,5,0.852941,25/29,3/4,1/1,29/34,4,1,0,2
2024-10-12,2024020030,UTA,away,8478872,Karel Vejmelka,70,G,False,,00:00,0,0,0,,0/0,0/0,0/0,0/0,0,0,0,0
2024-10-12,2024020031,WSH,home,8480313,Logan Thompson,48,G,False,,00:00,0,0,0,,0/0,0/0,0/0,0/0,0,0,0,0
2024-10-12,2024020031,WSH,home,8479292,Charlie Lindgren,79,G,True,L,57:40,32,28,4,0.875,22/26,6/6,0/0,28/32,4,0,0,0
2024-10-12,2024020031,NJD,away,8474593,Jacob Markstrom,25,G,True,W,59:31,32,29,3,0.90625,26/28,1/2,2/2,29/32,2,1,0,0
2024-10-12,2024020031,NJD,away,8474596,Jake Allen,34,G,False,,00:00,0,0,0,,0/0,0/0,0/0,0/0,0,0,0,0
2024-10-12,2024020032,DAL,home,8479193,Casey DeSmith,1,G,False,,00:00,0,0,0,,0/0,0/0,0/0,0/0,0,0,0,0
2024-10-12,2024020032,DAL,home,8479979,Jake Oettinger,29,G,True,W,60:00,34,34,0,1.0,31/31,2/2,1/1,34/34,0,0,0,0
2024-10-12,2024020032,NYI,away,8478009,Ilya Sorokin,30,G,False,,00:00,0,0,0,,0/0,0/0,0/0,0/0,0,0,0,0
2024-10-12,2024020032,NYI,away,8473575,Semyon Varlamov,40,G,True,L,57:03,26,24,2,0.923077,21/23,3/3,0/0,24/26,2,0,0,0
2024-10-12,2024020033,MIN,home,8470594,Marc-Andre Fleury,29,G,True,O,64:34,34,30,4,0.882353,26/29,4/5,0/0,30/34,3,1,0,0
2024-10-12,2024020033,MIN,home,8482661,Jesper Wallstedt,30,G,False,,00:00,0,0,0,,0/0,0/0,0/0,0/0,0,0,0,0
2024-10-12,2024020033,SEA,away,8475831,Philipp Grubauer,31,G,False,,00:00,0,0,0,,0/0,0/0,0/0,0/0,0,0,0,0
2024-10-12,2024020033,SEA,away,8478916,Joey Daccord,35,G,True,W,64:45,38,34,4,0.894737,30/33,4/5,0/0,34/38,3,1,0,0
2024-10-12,2024020034,COL,home,8480382,Alexandar Georgiev,40,G,True,,21:56,9,6,3,0.666667,5/8,0/0,1/1,6/9,3,0,0,0
2024-10-12,2024020034,COL,home,8481020,Justus Annunen,60,G,False,L,35:53,13,11,2,0.846154,10/12,1/1,0/0,11/13,2,0,0,0
2024-10-12,2024020034,CBJ,away,8480193,Daniil Tarasov,40,G,True,W,60:00,30,26,4,0.866667,24/26,2/4,0/0,26/30,2,2,0,0
2024-10-12,2024020034,CBJ,away,8478007,Elvis Merzlikins,90,G,False,,00:00,0,0,0,,0/0,0/0,0/0,0/0,0,0,0,0
2024-10-12,2024020035,CGY,home,8481692,Dustin Wolf,32,G,True,W,59:03,40,37,3,0.925,29/30,7/8,1/2,37/40,1,1,1,0
2024-10-12,2024020035,CGY,home,8478435,Dan Vladar,80,G,False,,00:00,0,0,0,,0/0,0/0,0/0,0/0,0,0,0,0
2024-10-12,2024020035,PHI,away,8481035,Samuel Ersson,33,G,False,,00:00,0,0,0,,0/0,0/0,0/0,0/0,0,0,0,0
2024-10-12,2024020035,PHI,away,8478905,Ivan Fedotov,82,G,True,L,58:36,31,26,5,0.83871,22/25,3/5,1/1,26/31,3,2,0,0
2024-10-12,2024020036,EDM,home,8475717,Calvin Pickard,30,G,True,L,57:32,20,15,5,0.75,15/17,0/3,0/0,15/20,2,3,0,0
2024-10-12,2024020036,EDM,home,8479973,Stuart Skinner,74,G,False,,00:00,0,0,0,,0/0,0/0,0/0,0/0,0,0,0,0
2024-10-12,2024020036,CHI,away,8475852,Petr Mrazek,34,G,True,W,60:00,38,36,2,0.947368,34/35,2/3,0/0,36/38,1,1,0,0
2024-10-12,2024020036,CHI,away,8482821,Arvid Soderblom,40,G,False,,00:00,0,0,0,,0/0,0/0,0/0,0/0,0,0,0,0
2024-10-12,2024020037,SJS,home,8478406,Mackenzie Blackwood,29,G,False,,00:00,0,0,0,,0/0,0/0,0/0,0/0,0,0,0,0
2024-10-12,2024020037,SJS,home,8477970,Vitek Vanecek,41,G,True,L,57:59,29,28,1,0.965517,22/23,6/6,0/0,28/29,1,0,0,0
2024-10-12,2024020037,ANA,away,8480843,Lukas Dostal,1,G,True,W,59:50,30,30,0,1.0,26/26,4/4,0/0,30/30,0,0,0,0
2024-10-12,2024020037,ANA,away,8473503,James Reimer,47,G,False,,00:00,0,0,0,,0/0,0/0,0/0,0/0,0,0,0,0
2024-10-13,2024020038,WPG,home,8477480,Eric Comrie,1,G,False,,00:00,0,0,0,,0/0,0/0,0/0,0/0,0,0,0,0
2024-10-13,2024020038,WPG,home,8476945,Connor Hellebuyck,37,G,True,W,60:50,27,26,1,0.962963,23/24,2/2,1/1,26/27,1,0,0,0
2024-10-13,2024020038,MIN,away,8470594,Marc-Andre Fleury,29,G,False,,00:00,0,0,0,,0/0,0/0,0/0,0/0,0,0,0,0
2024-10-13,2024020038,MIN,away,8479406,Filip Gustavsson,32,G,True,O,60:51,35,33,2,0.942857,30/31,3/4,0/0,33/35,1,1,0,0
2024-10-13,2024020039,DAL,home,8479193,Casey DeSmith,1,G,True,W,59:39,25,25,0,1.0,23/23,2/2,0/0,25/25,0,0,0,0
2024-10-13,2024020039,DAL,home,8479979,Jake Oettinger,29,G,False,,00:00,0,0,0,,0/0,0/0,0/0,0/0,0,0,0,0
2024-10-13,2024020039,SEA,away,8475831,Philipp Grubauer,31,G,True,L,57:40,23,21,2,0.913043,18/20,3/3,0/0,21/23,2,0,0,0
2024-10-13,2024020039,SEA,away,8478916,Joey Daccord,35,G,False,,00:00,0,0,0,,0/0,0/0,0/0,0/0,0,0,0,0
2024-10-13,2024020040,EDM,home,8475717,Calvin Pickard,30,G,False,,00:00,0,0,0,,0/0,0/0,0/0,0/0,0,0,0,0
2024-10-13,2024020040,EDM,home,8479973,Stuart Skinner,74,G,True,L,57:49,28,25,3,0.892857,21/24,3/3,1/1,25/28,3,0,0,0
2024-10-13,2024020040,CGY,away,8481692,Dustin Wolf,32,G,False,,00:00,0,0,0,,0/0,0/0,0/0,0/0,0,0,0,0
2024-10-13,2024020040,CGY,away,8478435,Dan Vladar,80,G,True,W,60:00,26,25,1,0.961538,25/26,0/0,0/0,25/26,1,0,0,0
2024-10-13,2024020041,VGK,home,8478499,Adin Hill,33,G,False,,00:00,0,0,0,,0/0,0/0,0/0,0/0,0,0,0,0
2024-10-13,2024020041,VGK,home,8478492,Ilya Samsonov,35,G,True,W,60:00,23,22,1,0.956522,20/21,2/2,0/0,22/23,1,0,0,0
2024-10-13,2024020041,ANA,away,8480843,Lukas Dostal,1,G,False,,00:00,0,0,0,,0/0,0/0,0/0,0/0,0,0,0,0
2024-10-13,2024020041,ANA,away,8473503,James Reimer,47,G,True,L,60:00,32,29,3,0.90625,22/24,7/8,0/0,29/32,2,1,0,0
2024-10-14,2024020042,BOS,home,8480280,Jeremy Swayman,1,G,True,L,58:19,26,22,4,0.846154,19/21,3/4,0/1,22/26,2,1,1,0
2024-10-14,2024020042,BOS,home,8476914,Joonas Korpisalo,70,G,False,,00:00,0,0,0,,0/0,0/0,0/0,0/0,0,0,0,0
2024-10-14,2024020042,FLA,away,8481519,Spencer Knight,30,G,False,,00:00,0,0,0,,0/0,0/0,0/0,0/0,0,0,0,0
2024-10-14,2024020042,FLA,away,8475683,Sergei Bobrovsky,72,G,True,W,59:58,27,24,3,0.888889,21/24,3/3,0/0,24/27,3,0,0,0
2024-10-14,2024020043,OTT,home,8476341,Anton Forsberg,31,G,True,,26:15,9,6,3,0.666667,4/5,2/4,0/0,6/9,1,2,0,0
2024-10-14,2024020043,OTT,home,8481544,Mads Sogaard,40,G,False,W,34:29,17,13,4,0.764706,11/14,1/2,1/1,13/17,3,1,0,0
2024-10-14,2024020043,LAK,away,8479496,David Rittich,31,G,False,,00:00,0,0,0,,0/0,0/0,0/0,0/0,0,0,0,0
2024-10-14,2024020043,LAK,away,8475311,Darcy Kuemper,35,G,True,O,60:55,41,33,8,0.804878,30/34,2/6,1/1,33/41,4,4,0,0
2024-10-14,2024020044,NJD,home,8474593,Jacob Markstrom,25,G,False,,00:00,0,0,0,,0/0,0/0,0/0,0/0,0,0,0,0
2024-10-14,2024020044,NJD,home,8474596,Jake Allen,34,G,True,W,60:00,20,20,0,1.0,16/16,2/2,2/2,20/20,0,0,0,0
2024-10-14,2024020044,UTA,away,8478971,Connor Ingram,39,G,False,,00:00,0,0,0,,0/0,0/0,0/0,0/0,0,0,0,0
2024-10-14,2024020044,UTA,away,8478872,Karel Vejmelka,70,G,True,L,58:11,32,29,3,0.90625,14/15,14/16,1/1,29/32,1,2,0,0
2024-10-14,2024020045,NYR,home,8478048,Igor Shesterkin,31,G,True,W,59:48,32,31,1,0.96875,22/23,8/8,1/1,31/32,1,0,0,0
2024-10-14,2024020045,NYR,home,8471734,Jonathan Quick,32,G,False,,00:00,0,0,0,,0/0,0/0,0/0,0/0,0,0,0,0
2024-10-14,2024020045,DET,away,8479312,Alex Lyon,34,G,True,L,57:47,27,24,3,0.888889,17/19,7/8,0/0,24/27,2,1,0,2
2024-10-14,2024020045,DET,away,8475660,Cam Talbot,39,G,False,,00:00,0,0,0,,0/0,0/0,0/0,0/0,0,0,0,0
2024-10-14,2024020046,MTL,home,8480051,Cayden Primeau,30,G,False,,00:00,0,0,0,,0/0,0/0,0/0,0/0,0,0,0,0
2024-10-14,2024020046,MTL,home,8478470,Samuel Montembeault,35,G,True,L,57:18,29,24,5,0.827586,24/29,0/0,0/0,24/29,5,0,0,0
2024-10-14,2024020046,PIT,away,8482446,Joel Blomqvist,30,G,False,,00:00,0,0,0,,0/0,0/0,0/0,0/0,0,0,0,0
2024-10-14,2024020046,PIT,away,8477465,Tristan Jarry,35,G,True,W,60:00,28,25,3,0.892857,20/22,3/4,2/2,25/28,2,1,0,0
2024-10-14,2024020047,COL,home,8480382,Alexandar Georgiev,40,G,True,L,56:38,36,31,5,0.861111,29/33,0/0,2/3,31/36,4,0,1,0
2024-10-14,2024020047,COL,home,8481020,Justus Annunen,60,G,False,,00:00,0,0,0,,0/0,0/0,0/0,0/0,0,0,0,0
2024-10-14,2024020047,NYI,away,8478009,Ilya Sorokin,30,G,True,W,59:52,34,32,2,0.941176,30/32,0/0,2/2,32/34,2,0,0,0
2024-10-14,2024020047,NYI,away,8473575,Semyon Varlamov,40,G,False,,00:00,0,0,0,,0/0,0/0,0/0,0/0,0,0,0,0
2024-10-15,2024020048,TBL,home,8477992,Jonas Johansson,31,G,False,,00:00,0,0,0,,0/0,0/0,0/0,0/0,0,0,0,0
2024-10-15,2024020048,TBL,home,8476883,Andrei Vasilevskiy,88,G,True,W,60:00,27,26,1,0.962963,22/22,2/3,2/2,26/27,0,1,0,0
2024-10-15,2024020048,VAN,away,8481668,Arturs Silovs,31,G,True,L,59:21,26,23,3,0.884615,21/24,2/2,0/0,23/26,3,0,0,0
2024-10-15,2024020048,VAN,away,8480947,Kevin Lankinen,32,G,False,,00:00,0,0,0,,0/0,0/0,0/0,0/0,0,0,0,0
2024-10-15,2024020049,WSH,home,8480313,Logan Thompson,48,G,True,W,59:34,26,24,2,0.923077,21/22,2/3,1/1,24/26,1,1,0,0
2024-10-15,2024020049,WSH,home,8479292,Charlie Lindgren,79,G,False,,00:00,0,0,0,,0/0,0/0,0/0,0/0,0,0,0,0
2024-10-15,2024020049,VGK,away,8478499,Adin Hill,33,G,True,L,57:26,22,18,4,0.818182,12/15,6/7,0/0,18/22,3,1,0,0
2024-10-15,2024020049,VGK,away,8478492,Ilya Samsonov,35,G,False,,00:00,0,0,0,,0/0,0/0,0/0,0/0,0,0,0,0
2024-10-15,2024020050,CAR,home,8475883,Frederik Andersen,31,G,False,,00:00,0,0,0,,0/0,0/0,0/0,0/0,0,0,0,0
2024-10-15,2024020050,CAR,home,8481611,Pyotr Kochetkov,52,G,True,W,60:00,26,24,2,0.923077,24/25,0/1,0/0,24/26,1,1,0,0
2024-10-15,2024020050,NJD,away,8474593,Jacob Markstrom,25,G,True,L,59:28,30,27,3,0.9,26/29,1/1,0/0,27/30,3,0,0,0
2024-10-15,2024020050,NJD,away,8474596,Jake Allen,34,G,False,,00:00,0,0,0,,0/0,0/0,0/0,0/0,0,0,0,0
2024-10-15,2024020051,CBJ,home,8480193,Daniil Tarasov,40,G,False,,00:00,0,0,0,,0/0,0/0,0/0,0/0,0,0,0,0
2024-10-15,2024020051,CBJ,home,8478007,Elvis Merzlikins,90,G,True,L,55:34,22,18,4,0.818182,14/18,4/4,0/0,18/22,4,0,0,0
2024-10-15,2024020051,FLA,away,8481519,Spencer Knight,30,G,True,W,60:00,38,35,3,0.921053,34/36,1/1,0/1,35/38,2,0,1,0
2024-10-15,2024020051,FLA,away,8475683,Sergei Bobrovsky,72,G,False,,00:00,0,0,0,,0/0,0/0,0/0,0/0,0,0,0,0
2024-10-15,2024020052,STL,home,8480981,Joel Hofer,30,G,False,,00:00,0,0,0,,0/0,0/0,0/0,0/0,0,0,0,0
2024-10-15,2024020052,STL,home,8476412,Jordan Binnington,50,G,True,L,59:16,26,23,3,0.884615,20/21,3/4,0/1,23/26,1,1,1,0
2024-10-15,2024020052,MIN,away,8470594,Marc-Andre Fleury,29,G,False,,00:00,0,0,0,,0/0,0/0,0/0,0/0,0,0,0,0
2024-10-15,2024020052,MIN,away,8479406,Filip Gustavsson,32,G,True,W,60:00,28,27,1,0.964286,18/19,4/4,5/5,27/28,1,0,0,0
2024-10-15,2024020053,NSH,home,8475809,Scott Wedgewood,41,G,False,,00:00,0,0,0,,0/0,0/0,0/0,0/0,0,0,0,0
2024-10-15,2024020053,NSH,home,8477424,Juuse Saros,74,G,True,L,57:05,34,28,6,0.823529,21/27,5/5,2/2,28/34,6,0,0,0
2024-10-15,2024020053,SEA,away,8475831,Philipp Grubauer,31,G,False,,00:00,0,0,0,,0/0,0/0,0/0,0/0,0,0,0,0
2024-10-15,2024020053,SEA,away,8478916,Joey Daccord,35,G,True,W,59:46,33,30,3,0.909091,21/24,8/8,1/1,30/33,3,0,0,0
2024-10-15,2024020054,DAL,home,8479193,Casey DeSmith,1,G,False,,00:00,0,0,0,,0/0,0/0,0/0,0/0,0,0,0,0
2024-10-15,2024020054,DAL,home,8479979,Jake Oettinger,29,G,True,W,64:32,27,25,2,0.925926,20/22,4/4,1/1,25/27,2,0,0,0
2024-10-15,2024020054,SJS,away,8478406,Mackenzie Blackwood,29,G,True,O,65:00,38,36,2,0.947368,30/32,6/6,0/0,36/38,2,0,0,0
2024-10-15,2024020054,SJS,away,8477970,Vitek Vanecek,41,G,False,,00:00,0,0,0,,0/0,0/0,0/0,0/0,0,0,0,0
2024-10-15,2024020055,CGY,home,8481692,Dustin Wolf,32,G,True,W,59:32,32,31,1,0.96875,27/28,3/3,1/1,31/32,1,0,0,0
2024-10-15,2024020055,CGY,home,8478435,Dan Vladar,80,G,False,,00:00,0,0,0,,0/0,0/0,0/0,0/0,0,0,0,0
2024-10-15,2024020055,CHI,away,8475852,Petr Mrazek,34,G,True,L,58:19,26,24,2,0.923077,20/21,3/4,1/1,24/26,1,1,0,0
2024-10-15,2024020055,CHI,away,8482821,Arvid Soderblom,40,G,False,,00:00,0,0,0,,0/0,0/0,0/0,0/0,0,0,0,0
2024-10-15,2024020056,EDM,home,8475717,Calvin Pickard,30,G,False,,00:00,0,0,0,,0/0,0/0,0/0,0/0,0,0,0,0
2024-10-15,2024020056,EDM,home,8479973,Stuart Skinner,74,G,True,W,60:32,30,27,3,0.9,19/20,8/10,0/0,27/30,1,2,0,0
2024-10-15,2024020056,PHI,away,8481035,Samuel Ersson,33,G,True,O,60:56,31,27,4,0.870968,22/26,4/4,1/1,27/31,4,0,0,0
2024-10-15,2024020056,PHI,away,8478905,Ivan Fedotov,82,G,False,,00:00,0,0,0,,0/0,0/0,0/0,0/0,0,0,0,0
2024-10-16,2024020057,PIT,home,8482446,Joel Blomqvist,30,G,False,W,49:00,28,26,2,0.928571,22/24,0/0,4/4,26/28,2,0,0,0
2024-10-16,2024020057,PIT,home,8477465,Tristan Jarry,35,G,True,,11:33,5,2,3,0.4,2/5,0/0,0/0,2/5,3,0,0,0
2024-10-16,2024020057,BUF,away,8480045,Ukko-Pekka Luukkonen,1,G,True,O,61:38,43,37,6,0.860465,31/34,6/8,0/1,37/43,3,2,1,0
2024-10-16,2024020057,BUF,away,8482221,Devon Levi,27,G,False,,00:00,0,0,0,,0/0,0/0,0/0,0/0,0,0,0,0
2024-10-16,2024020058,TOR,home,8483710,Dennis Hildeby,35,G,False,,00:00,0,0,0,,0/0,0/0,0/0,0/0,0,0,0,0
2024-10-16,2024020058,TOR,home,8476932,Anthony Stolarz,41,G,True,W,60:00,34,32,2,0.941176,28/30,4/4,0/0,32/34,2,0,0,0
2024-10-16,2024020058,LAK,away,8477831,Pheonix Copley,29,G,False,,27:29,12,10,2,0.833333,6/6,2/4,2/2,10/12,0,2,0,0
2024-10-16,2024020058,LAK,away,8479496,David Rittich,31,G,True,L,32:22,14,10,4,0.714286,7/11,2/2,1/1,10/14,4,0,0,0
2024-10-16,2024020059,COL,home,8480382,Alexandar Georgiev,40,G,True,L,57:43,25,21,4,0.84,17/19,4/6,0/0,21/25,2,2,0,0
2024-10-16,2024020059,COL,home,8481020,Justus Annunen,60,G,False,,00:00,0,0,0,,0/0,0/0,0/0,0/0,0,0,0,0
2024-10-16,2024020059,BOS,away,8480280,Jeremy Swayman,1,G,False,,00:00,0,0,0,,0/0,0/0,0/0,0/0,0,0,0,0
2024-10-16,2024020059,BOS,away,8476914,Joonas Korpisalo,70,G,True,W,60:00,25,22,3,0.88,21/21,0/3,1/1,22/25,0,3,0,0
2024-10-16,2024020060,ANA,home,8480843,Lukas Dostal,1,G,True,W,60:50,30,26,4,0.866667,20/23,6/7,0/0,26/30,3,1,0,0
2024-10-16,2024020060,ANA,home,8473503,James Reimer,47,G,False,,00:00,0,0,0,,0/0,0/0,0/0,0/0,0,0,0,0
2024-10-16,2024020060,UTA,away,8478971,Connor Ingram,39,G,True,O,60:54,34,29,5,0.852941,25/30,3/3,1/1,29/34,5,0,0,0
2024-10-16,2024020060,UTA,away,8478872,Karel Vejmelka,70,G,False,,00:00,0,0,0,,0/0,0/0,0/0,0/0,0,0,0,0
2024-10-17,2024020061,MTL,home,8480051,Cayden Primeau,30,G,False,,00:00,0,0,0,,0/0,0/0,0/0,0/0,0,0,0,0
2024-10-17,2024020061,MTL,home,8478470,Samuel Montembeault,35,G,True,L,58:05,31,28,3,0.903226,25/28,1/1,2/2,28/31,3,0,0,0
2024-10-17,2024020061,LAK,away,8477831,Pheonix Copley,29,G,False,,00:00,0,0,0,,0/0,0/0,0/0,0/0,0,0,0,0
2024-10-17,2024020061,LAK,away,8479496,David Rittich,31,G,True,W,60:00,27,26,1,0.962963,22/23,4/4,0/0,26/27,1,0,0,0
2024-10-17,2024020062,OTT,home,8476341,Anton Forsberg,31,G,True,L,57:50,35,32,3,0.914286,24/26,6/6,2/3,32/35,2,0,1,0
2024-10-17,2024020062,OTT,home,8481544,Mads Sogaard,40,G,False,,00:00,0,0,0,,0/0,0/0,0/0,0/0,0,0,0,0
2024-10-17,2024020062,NJD,away,8474593,Jacob Markstrom,25,G,True,W,60:00,31,30,1,0.967742,29/29,1/2,0/0,30/31,0,1,0,0
2024-10-17,2024020062,NJD,away,8474596,Jake Allen,34,G,False,,00:00,0,0,0,,0/0,0/0,0/0,0/0,0,0,0,0
2024-10-17,2024020064,TBL,home,8477992,Jonas Johansson,31,G,False,,00:00,0,0,0,,0/0,0/0,0/0,0/0,0,0,0,0
2024-10-17,2024020064,TBL,home,8476883,Andrei Vasilevskiy,88,G,True,W,60:00,25,22,3,0.88,18/20,3/4,1/1,22/25,2,1,0,0
2024-10-17,2024020064,VGK,away,8478499,Adin Hill,33,G,True,L,58:43,25,21,4,0.84,17/21,4/4,0/0,21/25,4,0,0,0
2024-10-17,2024020064,VGK,away,8478492,Ilya Samsonov,35,G,False,,00:00,0,0,0,,0/0,0/0,0/0,0/0,0,0,0,0
2024-10-17,2024020065,FLA,home,8481519,Spencer Knight,30,G,False,,00:00,0,0,0,,0/0,0/0,0/0,0/0,0,0,0,0
2024-10-17,2024020065,FLA,home,8475683,Sergei Bobrovsky,72,G,True,O,62:09,33,30,3,0.909091,29/32,1/1,0/0,30/33,3,0,0,0
2024-10-17,2024020065,VAN,away,8481668,Arturs Silovs,31,G,False,,00:00,0,0,0,,0/0,0/0,0/0,0/0,0,0,0,0
2024-10-17,2024020065,VAN,away,8480947,Kevin Lankinen,32,G,True,W,62:09,28,26,2,0.928571,26/27,0/1,0/0,26/28,1,1,0,0
2024-10-17,2024020066,WSH,home,8480313,Logan Thompson,48,G,False,,00:00,0,0,0,,0/0,0/0,0/0,0/0,0,0,0,0
2024-10-17,2024020066,WSH,home,8479292,Charlie Lindgren,79,G,True,W,60:00,24,22,2,0.916667,17/18,4/4,1/2,22/24,1,0,1,0
2024-10-17,2024020066,DAL,away,8479193,Casey DeSmith,1,G,True,L,57:57,26,23,3,0.884615,16/19,4/4,3/3,23/26,3,0,0,2
2024-10-17,2024020066,DAL,away,8479979,Jake Oettinger,29,G,False,,00:00,0,0,0,,0/0,0/0,0/0,0/0,0,0,0,0
2024-10-17,2024020067,CBJ,home,8480193,Daniil Tarasov,40,G,True,W,59:51,24,20,4,0.833333,15/19,5/5,0/0,20/24,4,0,0,0
2024-10-17,2024020067,CBJ,home,8482982,Jet Greaves,73,G,False,,00:00,0,0,0,,0/0,0/0,0/0,0/0,0,0,0,0
2024-10-17,2024020067,BUF,away,8480045,Ukko-Pekka Luukkonen,1,G,False,,00:00,0,0,0,,0/0,0/0,0/0,0/0,0,0,0,0
2024-10-17,2024020067,BUF,away,8482221,Devon Levi,27,G,True,L,57:20,25,19,6,0.76,16/21,3/4,0/0,19/25,5,1,0,0
2024-10-17,2024020063,DET,home,8479312,Alex Lyon,34,G,False,,27:32,15,15,0,1.0,14/14,1/1,0/0,15/15,0,0,0,0
2024-10-17,2024020063,DET,home,8475660,Cam Talbot,39,G,True,L,32:20,19,14,5,0.736842,13/15,1/4,0/0,14/19,2,3,0,0
2024-10-17,2024020063,NYR,away,8478048,Igor Shesterkin,31,G,False,,00:00,0,0,0,,0/0,0/0,0/0,0/0,0,0,0,0
2024-10-17,2024020063,NYR,away,8471734,Jonathan Quick,32,G,True,W,59:13,31,29,2,0.935484,25/26,4/5,0/0,29/31,1,1,0,0
2024-10-17,2024020068,STL,home,8480981,Joel Hofer,30,G,True,W,62:04,34,34,0,1.0,30/30,3/3,1/1,34/34,0,0,0,0
2024-10-17,2024020068,STL,home,8476412,Jordan Binnington,50,G,False,,00:00,0,0,0,,0/0,0/0,0/0,0/0,0,0,0,0
2024-10-17,2024020068,NYI,away,8478009,Ilya Sorokin,30,G,True,O,62:04,30,29,1,0.966667,27/28,1/1,1/1,29/30,1,0,0,0
2024-10-17,2024020068,NYI,away,8473575,Semyon Varlamov,40,G,False,,00:00,0,0,0,,0/0,0/0,0/0,0/0,0,0,0,0
2024-10-17,2024020069,NSH,home,8475809,Scott Wedgewood,41,G,False,,00:00,0,0,0,,0/0,0/0,0/0,0/0,0,0,0,0
2024-10-17,2024020069,NSH,home,8477424,Juuse Saros,74,G,True,L,57:59,35,32,3,0.914286,27/30,5/5,0/0,32/35,3,0,0,0
2024-10-17,2024020069,EDM,away,8475717,Calvin Pickard,30,G,True,W,59:54,27,25,2,0.925926,19/20,4/5,2/2,25/27,1,1,0,0
2024-10-17,2024020069,EDM,away,8479973,Stuart Skinner,74,G,False,,00:00,0,0,0,,0/0,0/0,0/0,0/0,0,0,0,0
2024-10-17,2024020070,CHI,home,8475852,Petr Mrazek,34,G,True,W,59:56,22,20,2,0.909091,16/18,2/2,2/2,20/22,2,0,0,0
2024-10-17,2024020070,CHI,home,8482821,Arvid Soderblom,40,G,False,,00:00,0,0,0,,0/0,0/0,0/0,0/0,0,0,0,0
2024-10-17,2024020070,SJS,away,8478406,Mackenzie Blackwood,29,G,False,,00:00,0,0,0,,0/0,0/0,0/0,0/0,0,0,0,0
2024-10-17,2024020070,SJS,away,8477970,Vitek Vanecek,41,G,True,L,56:11,27,23,4,0.851852,13/15,10/12,0/0,23/27,2,2,0,0
2024-10-17,2024020071,SEA,home,8475831,Philipp Grubauer,31,G,True,W,59:45,25,21,4,0.84,18/21,3/4,0/0,21/25,3,1,0,0
2024-10-17,2024020071,SEA,home,8478916,Joey Daccord,35,G,False,,00:00,0,0,0,,0/0,0/0,0/0,0/0,0,0,0,0
2024-10-17,2024020071,PHI,away,8481035,Samuel Ersson,33,G,False,,15:18,5,4,1,0.8,2/3,2/2,0/0,4/5,1,0,0,0
2024-10-17,2024020071,PHI,away,8478905,Ivan Fedotov,82,G,True,L,40:00,24,19,5,0.791667,14/18,5/6,0/0,19/24,4,1,0,0
2024-10-18,2024020072,PIT,home,8482446,Joel Blomqvist,30,G,True,L,60:00,38,34,4,0.894737,27/29,4/6,3/3,34/38,2,2,0,0
2024-10-18,2024020072,PIT,home,8477465,Tristan Jarry,35,G,False,,00:00,0,0,0,,0/0,0/0,0/0,0/0,0,0,0,0
2024-10-18,2024020072,CAR,away,8475883,Frederik Andersen,31,G,True,W,59:29,26,25,1,0.961538,14/15,11/11,0/0,25/26,1,0,0,0
2024-10-18,2024020072,CAR,away,8481611,Pyotr Kochetkov,52,G,False,,00:00,0,0,0,,0/0,0/0,0/0,0/0,0,0,0,0
2024-10-18,2024020073,WPG,home,8477480,Eric Comrie,1,G,False,,00:00,0,0,0,,0/0,0/0,0/0,0/0,0,0,0,0
2024-10-18,2024020073,WPG,home,8476945,Connor Hellebuyck,37,G,True,W,59:16,22,19,3,0.863636,15/17,2/3,2/2,19/22,2,1,0,0
2024-10-18,2024020073,SJS,away,8478406,Mackenzie Blackwood,29,G,True,L,21:46,18,13,5,0.722222,10/13,3/5,0/0,13/18,3,2,0,0
2024-10-18,2024020073,SJS,away,8477970,Vitek Vanecek,41,G,False,,38:14,18,15,3,0.833333,11/12,4/6,0/0,15/18,1,2,0,0
2024-10-18,2024020074,COL,home,8480382,Alexandar Georgiev,40,G,True,W,64:19,19,16,3,0.842105,15/18,1/1,0/0,16/19,3,0,0,0
2024-10-18,2024020074,COL,home,8481020,Justus Annunen,60,G,False,,00:00,0,0,0,,0/0,0/0,0/0,0/0,0,0,0,0
2024-10-18,2024020074,ANA,away,8480843,Lukas Dostal,1,G,True,O,61:25,49,45,4,0.918367,36/39,8/9,1/1,45/49,3,1,0,0
2024-10-18,2024020074,ANA,away,8473503,James Reimer,47,G,False,,00:00,0,0,0,,0/0,0/0,0/0,0/0,0,0,0,0
2024-10-19,2024020075,OTT,home,8476341,Anton Forsberg,31,G,True,W,60:00,29,25,4,0.862069,20/24,4/4,1/1,25/29,4,0,0,0
2024-10-19,2024020075,OTT,home,8481544,Mads Sogaard,40,G,False,,00:00,0,0,0,,0/0,0/0,0/0,0/0,0,0,0,0
2024-10-19,2024020075,TBL,away,8477992,Jonas Johansson,31,G,False,,00:00,0,0,0,,0/0,0/0,0/0,0/0,0,0,0,0
2024-10-19,2024020075,TBL,away,8476883,Andrei Vasilevskiy,88,G,True,L,57:56,28,23,5,0.821429,18/20,5/7,0/1,23/28,2,2,1,0
2024-10-19,2024020076,NSH,home,8475809,Scott Wedgewood,41,G,False,,00:00,0,0,0,,0/0,0/0,0/0,0/0,0,0,0,0
2024-10-19,2024020076,NSH,home,8477424,Juuse Saros,74,G,True,L,58:30,22,19,3,0.863636,16/18,3/4,0/0,19/22,2,1,0,0
2024-10-19,2024020076,DET,away,8479312,Alex Lyon,34,G,True,W,60:00,39,37,2,0.948718,31/32,4/5,2/2,37/39,1,1,0,0
2024-10-19,2024020076,DET,away,8475660,Cam Talbot,39,G,False,,00:00,0,0,0,,0/0,0/0,0/0,0/0,0,0,0,0
2024-10-19,2024020077,DAL,home,8479193,Casey DeSmith,1,G,False,,00:00,0,0,0,,0/0,0/0,0/0,0/0,0,0,0,0
2024-10-19,2024020077,DAL,home,8479979,Jake Oettinger,29,G,True,W,60:00,31,30,1,0.967742,26/27,4/4,0/0,30/31,1,0,0,0
2024-10-19,2024020077,EDM,away,8475717,Calvin Pickard,30,G,False,,00:00,0,0,0,,0/0,0/0,0/0,0/0,0,0,0,0
2024-10-19,2024020077,EDM,away,8479973,Stuart Skinner,74,G,True,L,58:51,23,20,3,0.869565,20/22,0/1,0/0,20/23,2,1,0,0
2024-10-19,2024020078,FLA,home,8481519,Spencer Knight,30,G,False,,00:00,0,0,0,,0/0,0/0,0/0,0/0,0,0,0,0
2024-10-19,2024020078,FLA,home,8475683,Sergei Bobrovsky,72,G,True,W,64:43,26,23,3,0.884615,21/24,2/2,0/0,23/26,3,0,0,0
2024-10-19,2024020078,VGK,away,8478499,Adin Hill,33,G,False,,00:00,0,0,0,,0/0,0/0,0/0,0/0,0,0,0,0
2024-10-19,2024020078,VGK,away,8478492,Ilya Samsonov,35,G,True,O,64:43,49,45,4,0.918367,42/45,3/4,0/0,45/49,3,1,0,0
2024-10-19,2024020079,TOR,home,8483710,Dennis Hildeby,35,G,False,,00:00,0,0,0,,0/0,0/0,0/0,0/0,0,0,0,0
2024-10-19,2024020079,TOR,home,8476932,Anthony Stolarz,41,G,True,L,58:30,27,25,2,0.925926,22/24,2/2,1/1,25/27,2,0,0,0
2024-10-19,2024020079,NYR,away,8478048,Igor Shesterkin,31,G,True,W,59:48,35,34,1,0.971429,28/29,6/6,0/0,34/35,1,0,0,0
2024-10-19,2024020079,NYR,away,8471734,Jonathan Quick,32,G,False,,00:00,0,0,0,,0/0,0/0,0/0,0/0,0,0,0,0
2024-10-19,2024020080,NJD,home,8474593,Jacob Markstrom,25,G,True,O,64:00,37,31,6,0.837838,27/33,3/3,1/1,31/37,6,0,0,0
2024-10-19,2024020080,NJD,home,8474596,Jake Allen,34,G,False,,00:00,0,0,0,,0/0,0/0,0/0,0/0,0,0,0,0
2024-10-19,2024020080,WSH,away,8480313,Logan Thompson,48,G,True,W,63:38,31,26,5,0.83871,23/27,3/4,0/0,26/31,4,1,0,0
2024-10-19,2024020080,WSH,away,8479292,Charlie Lindgren,79,G,False,,00:00,0,0,0,,0/0,0/0,0/0,0/0,0,0,0,0
2024-10-19,2024020081,NYI,home,8478009,Ilya Sorokin,30,G,False,,00:00,0,0,0,,0/0,0/0,0/0,0/0,0,0,0,0
2024-10-19,2024020081,NYI,home,8473575,Semyon Varlamov,40,G,True,W,64:16,24,21,3,0.875,19/21,0/1,2/2,21/24,2,1,0,0
2024-10-19,2024020081,MTL,away,8480051,Cayden Primeau,30,G,True,O,65:00,36,33,3,0.916667,26/28,7/8,0/0,33/36,2,1,0,0
2024-10-19,2024020081,MTL,away,8478470,Samuel Montembeault,35,G,False,,00:00,0,0,0,,0/0,0/0,0/0,0/0,0,0,0,0
2024-10-19,2024020082,PHI,home,8481035,Samuel Ersson,33,G,True,L,59:38,32,29,3,0.90625,28/31,0/0,1/1,29/32,3,0,0,0
2024-10-19,2024020082,PHI,home,8478905,Ivan Fedotov,82,G,False,,00:00,0,0,0,,0/0,0/0,0/0,0/0,0,0,0,0
2024-10-19,2024020082,VAN,away,8481668,Arturs Silovs,31,G,False,,00:00,0,0,0,,0/0,0/0,0/0,0/0,0,0,0,0
2024-10-19,2024020082,VAN,away,8480947,Kevin Lankinen,32,G,True,W,59:53,26,26,0,1.0,21/21,3/3,2/2,26/26,0,0,0,0
2024-10-19,2024020083,CBJ,home,8480193,Daniil Tarasov,40,G,True,L,58:30,34,31,3,0.911765,23/25,7/8,1/1,31/34,2,1,0,0
2024-10-19,2024020083,CBJ,home,8482982,Jet Greaves,73,G,False,,00:00,0,0,0,,0/0,0/0,0/0,0/0,0,0,0,0
2024-10-19,2024020083,MIN,away,8470594,Marc-Andre Fleury,29,G,False,,00:00,0,0,0,,0/0,0/0,0/0,0/0,0,0,0,0
2024-10-19,2024020083,MIN,away,8479406,Filip Gustavsson,32,G,True,W,60:00,24,23,1,0.958333,12/13,10/10,1/1,23/24,1,0,0,0
2024-10-19,2024020084,STL,home,8480981,Joel Hofer,30,G,True,W,60:00,40,37,3,0.925,33/35,4/5,0/0,37/40,2,1,0,0
2024-10-19,2024020084,STL,home,8476412,Jordan Binnington,50,G,False,,00:00,0,0,0,,0/0,0/0,0/0,0/0,0,0,0,0
2024-10-19,2024020084,CAR,away,8475883,Frederik Andersen,31,G,False,,00:00,0,0,0,,0/0,0/0,0/0,0/0,0,0,0,0
2024-10-19,2024020084,CAR,away,8481611,Pyotr Kochetkov,52,G,True,L,57:56,19,15,4,0.789474,13/17,1/1,1/1,15/19,4,0,0,0
2024-10-19,2024020085,CHI,home,8475852,Petr Mrazek,34,G,False,,00:00,0,0,0,,0/0,0/0,0/0,0/0,0,0,0,0
2024-10-19,2024020085,CHI,home,8482821,Arvid Soderblom,40,G,True,L,58:15,21,18,3,0.857143,12/15,6/6,0/0,18/21,3,0,0,0
2024-10-19,2024020085,BUF,away,8480045,Ukko-Pekka Luukkonen,1,G,True,W,60:00,37,35,2,0.945946,33/35,1/1,1/1,35/37,2,0,0,0
2024-10-19,2024020085,BUF,away,8482221,Devon Levi,27,G,False,,00:00,0,0,0,,0/0,0/0,0/0,0/0,0,0,0,0
2024-10-19,2024020086,UTA,home,8478971,Connor Ingram,39,G,True,W,62:23,22,21,1,0.954545,14/15,6/6,1/1,21/22,1,0,0,0
2024-10-19,2024020086,UTA,home,8478872,Karel Vejmelka,70,G,False,,00:00,0,0,0,,0/0,0/0,0/0,0/0,0,0,0,0
2024-10-19,2024020086,BOS,away,8480280,Jeremy Swayman,1,G,True,O,62:37,32,30,2,0.9375,23/25,5/5,2/2,30/32,2,0,0,0
2024-10-19,2024020086,BOS,away,8476914,Joonas Korpisalo,70,G,False,,00:00,0,0,0,,0/0,0/0,0/0,0/0,0,0,0,0
2024-10-19,2024020087,SEA,home,8475831,Philipp Grubauer,31,G,False,,00:00,0,0,0,,0/0,0/0,0/0,0/0,0,0,0,0
2024-10-19,2024020087,SEA,home,8478916,Joey Daccord,35,G,True,W,60:21,22,21,1,0.954545,18/18,3/4,0/0,21/22,0,1,0,0
2024-10-19,2024020087,CGY,away,8481692,Dustin Wolf,32,G,False,,00:00,0,0,0,,0/0,0/0,0/0,0/0,0,0,0,0
2024-10-19,2024020087,CGY,away,8478435,Dan Vladar,80,G,True,O,60:48,23,21,2,0.913043,18/19,3/4,0/0,21/23,1,1,0,0
2024-10-20,2024020088,WPG,home,8477480,Eric Comrie,1,G,True,W,59:53,42,39,3,0.928571,36/38,3/4,0/0,39/42,2,1,0,0
2024-10-20,2024020088,WPG,home,8476945,Connor Hellebuyck,37,G,False,,00:00,0,0,0,,0/0,0/0,0/0,0/0,0,0,0,0
2024-10-20,2024020088,PIT,away,8482446,Joel Blomqvist,30,G,False,,00:00,0,0,0,,0/0,0/0,0/0,0/0,0,0,0,0
2024-10-20,2024020088,PIT,away,8477968,Alex Nedeljkovic,39,G,True,L,59:21,36,31,5,0.861111,31/36,0/0,0/0,31/36,5,0,0,0
2024-10-20,2024020089,SJS,home,8478406,Mackenzie Blackwood,29,G,False,,00:00,0,0,0,,0/0,0/0,0/0,0/0,0,0,0,0
2024-10-20,2024020089,SJS,home,8477970,Vitek Vanecek,41,G,True,L,57:36,21,18,3,0.857143,13/15,5/6,0/0,18/21,2,1,0,0
2024-10-20,2024020089,COL,away,8480382,Alexandar Georgiev,40,G,False,,00:00,0,0,0,,0/0,0/0,0/0,0/0,0,0,0,0
2024-10-20,2024020089,COL,away,8481020,Justus Annunen,60,G,True,W,60:00,26,25,1,0.961538,18/18,7/8,0/0,25/26,0,1,0,0
2024-10-20,2024020090,ANA,home,8480843,Lukas Dostal,1,G,True,L,59:23,34,32,2,0.941176,27/29,4/4,1/1,32/34,2,0,0,0
2024-10-20,2024020090,ANA,home,8473503,James Reimer,47,G,False,,00:00,0,0,0,,0/0,0/0,0/0,0/0,0,0,0,0
2024-10-20,2024020090,LAK,away,8477831,Pheonix Copley,29,G,False,,00:00,0,0,0,,0/0,0/0,0/0,0/0,0,0,0,0
2024-10-20,2024020090,LAK,away,8479496,David Rittich,31,G,True,W,60:00,14,13,1,0.928571,11/12,2/2,0/0,13/14,1,0,0,0
2024-10-21,2024020091,TOR,home,8483710,Dennis Hildeby,35,G,False,,00:00,0,0,0,,0/0,0/0,0/0,0/0,0,0,0,0
2024-10-21,2024020091,TOR,home,8476932,Anthony Stolarz,41,G,True,W,59:35,34,32,2,0.941176,19/20,11/12,2/2,32/34,1,1,0,0
2024-10-21,2024020091,TBL,away,8477992,Jonas Johansson,31,G,False,,28:22,15,14,1,0.933333,9/10,4/4,1/1,14/15,1,0,0,0
2024-10-21,2024020091,TBL,away,8476883,Andrei Vasilevskiy,88,G,True,L,29:31,14,10,4,0.714286,8/11,2/3,0/0,10/14,3,1,0,0
2024-10-22,2024020092,PHI,home,8481035,Samuel Ersson,33,G,True,L,60:00,29,25,4,0.862069,18/20,4/4,3/5,25/29,2,0,2,0
2024-10-22,2024020092,PHI,home,8478905,Ivan Fedotov,82,G,False,,00:00,0,0,0,,0/0,0/0,0/0,0/0,0,0,0,0
2024-10-22,2024020092,WSH,away,8480313,Logan Thompson,48,G,False,,00:00,0,0,0,,0/0,0/0,0/0,0/0,0,0,0,0
2024-10-22,2024020092,WSH,away,8479292,Charlie Lindgren,79,G,True,W,60:00,18,17,1,0.944444,14/15,1/1,2/2,17/18,1,0,0,0
2024-10-22,2024020093,FLA,home,8481519,Spencer Knight,30,G,False,,20:00,6,6,0,1.0,6/6,0/0,0/0,6/6,0,0,0,0
2024-10-22,2024020093,FLA,home,8475683,Sergei Bobrovsky,72,G,True,L,40:00,16,11,5,0.6875,11/15,0/1,0/0,11/16,4,1,0,0
2024-10-22,2024020093,MIN,away,8470594,Marc-Andre Fleury,29,G,False,,00:00,0,0,0,,0/0,0/0,0/0,0/0,0,0,0,0
2024-10-22,2024020093,MIN,away,8479406,Filip Gustavsson,32,G,True,W,60:00,25,24,1,0.96,24/25,0/0,0/0,24/25,1,0,0,0
2024-10-22,2024020094,NJD,home,8474593,Jacob Markstrom,25,G,False,,00:00,0,0,0,,0/0,0/0,0/0,0/0,0,0,0,0
2024-10-22,2024020094,NJD,home,8474596,Jake Allen,34,G,True,L,59:31,37,29,8,0.783784,24/29,5/7,0/1,29/37,5,2,1,0
2024-10-22,2024020094,TBL,away,8477992,Jonas Johansson,31,G,True,W,59:57,35,30,5,0.857143,26/29,4/6,0/0,30/35,3,2,0,0
2024-10-22,2024020094,TBL,away,8476883,Andrei Vasilevskiy,88,G,False,,00:00,0,0,0,,0/0,0/0,0/0,0/0,0,0,0,0
2024-10-22,2024020095,BUF,home,8480045,Ukko-Pekka Luukkonen,1,G,True,W,60:00,30,28,2,0.933333,27/29,1/1,0/0,28/30,2,0,0,0
2024-10-22,2024020095,BUF,home,8482221,Devon Levi,27,G,False,,00:00,0,0,0,,0/0,0/0,0/0,0/0,0,0,0,0
2024-10-22,2024020095,DAL,away,8479193,Casey DeSmith,1,G,False,,00:00,0,0,0,,0/0,0/0,0/0,0/0,0,0,0,0
2024-10-22,2024020095,DAL,away,8479979,Jake Oettinger,29,G,True,L,54:30,24,21,3,0.875,18/21,2/2,1/1,21/24,3,0,0,0
2024-10-22,2024020096,MTL,home,8480051,Cayden Primeau,30,G,False,,48:55,35,32,3,0.914286,25/28,4/4,3/3,32/35,3,0,0,0
2024-10-22,2024020096,MTL,home,8478470,Samuel Montembeault,35,G,True,L,11:05,10,6,4,0.6,5/8,1/2,0/0,6/10,3,1,0,0
2024-10-22,2024020096,NYR,away,8478048,Igor Shesterkin,31,G,True,W,60:00,23,21,2,0.913043,21/22,0/1,0/0,21/23,1,1,0,0
2024-10-22,2024020096,NYR,away,8471734,Jonathan Quick,32,G,False,,00:00,0,0,0,,0/0,0/0,0/0,0/0,0,0,0,0
2024-10-22,2024020097,CBJ,home,8480193,Daniil Tarasov,40,G,True,W,58:55,28,26,2,0.928571,19/21,5/5,2/2,26/28,2,0,0,0
2024-10-22,2024020097,CBJ,home,8478007,Elvis Merzlikins,90,G,False,,00:00,0,0,0,,0/0,0/0,0/0,0/0,0,0,0,0
2024-10-22,2024020097,TOR,away,8483710,Dennis Hildeby,35,G,True,L,59:41,38,32,6,0.842105,23/29,5/5,4/4,32/38,6,0,0,0
2024-10-22,2024020097,TOR,away,8476932,Anthony Stolarz,41,G,False,,00:00,0,0,0,,0/0,0/0,0/0,0/0,0,0,0,0
2024-10-22,2024020098,NYI,home,8478009,Ilya Sorokin,30,G,True,L,57:44,11,10,1,0.909091,9/10,1/1,0/0,10/11,1,0,0,0
2024-10-22,2024020098,NYI,home,8473575,Semyon Varlamov,40,G,False,,00:00,0,0,0,,0/0,0/0,0/0,0/0,0,0,0,0
2024-10-22,2024020098,DET,away,8479312,Alex Lyon,34,G,True,W,60:00,30,30,0,1.0,23/23,7/7,0/0,30/30,0,0,0,0
2024-10-22,2024020098,DET,away,8475660,Cam Talbot,39,G,False,,00:00,0,0,0,,0/0,0/0,0/0,0/0,0,0,0,0
2024-10-22,2024020099,STL,home,8480981,Joel Hofer,30,G,False,,00:00,0,0,0,,0/0,0/0,0/0,0/0,0,0,0,0
2024-10-22,2024020099,STL,home,8476412,Jordan Binnington,50,G,True,L,58:27,24,21,3,0.875,18/20,2/3,1/1,21/24,2,1,0,0
2024-10-22,2024020099,WPG,away,8477480,Eric Comrie,1,G,False,,00:00,0,0,0,,0/0,0/0,0/0,0/0,0,0,0,0
2024-10-22,2024020099,WPG,away,8476945,Connor Hellebuyck,37,G,True,W,59:25,29,27,2,0.931034,24/26,1/1,2/2,27/29,2,0,0,0
2024-10-22,2024020100,CHI,home,8475852,Petr Mrazek,34,G,True,L,59:43,30,24,6,0.8,21/25,2/4,1/1,24/30,4,2,0,0
2024-10-22,2024020100,CHI,home,8482821,Arvid Soderblom,40,G,False,,00:00,0,0,0,,0/0,0/0,0/0,0/0,0,0,0,0
2024-10-22,2024020100,VAN,away,8481668,Arturs Silovs,31,G,False,,00:00,0,0,0,,0/0,0/0,0/0,0/0,0,0,0,0
2024-10-22,2024020100,VAN,away,8480947,Kevin Lankinen,32,G,True,W,60:00,34,31,3,0.911765,24/26,7/8,0/0,31/34,2,1,0,0
2024-10-22,2024020106,SEA,home,8475831,Philipp Grubauer,31,G,True,L,56:39,28,25,3,0.892857,22/24,3/4,0/0,25/28,2,1,0,0
2024-10-22,2024020106,SEA,home,8478916,Joey Daccord,35,G,False,,00:00,0,0,0,,0/0,0/0,0/0,0/0,0,0,0,0
2024-10-22,2024020106,COL,away,8480382,Alexandar Georgiev,40,G,False,,00:00,0,0,0,,0/0,0/0,0/0,0/0,0,0,0,0
2024-10-22,2024020106,COL,away,8481020,Justus Annunen,60,G,True,W,60:00,27,25,2,0.925926,19/20,5/6,1/1,25/27,1,1,0,0
2024-10-22,2024020101,NSH,home,8475809,Scott Wedgewood,41,G,False,,00:00,0,0,0,,0/0,0/0,0/0,0/0,0,0,0,0
2024-10-22,2024020101,NSH,home,8477424,Juuse Saros,74,G,True,W,59:56,33,33,0,1.0,24/24,6/6,3/3,33/33,0,0,0,0
2024-10-22,2024020101,BOS,away,8480280,Jeremy Swayman,1,G,True,L,59:41,41,38,3,0.926829,30/32,8/9,0/0,38/41,2,1,0,0
2024-10-22,2024020101,BOS,away,8476914,Joonas Korpisalo,70,G,False,,00:00,0,0,0,,0/0,0/0,0/0,0/0,0,0,0,0
2024-10-22,2024020103,EDM,home,8475717,Calvin Pickard,30,G,False,,00:00,0,0,0,,0/0,0/0,0/0,0/0,0,0,0,0
2024-10-22,2024020103,EDM,home,8479973,Stuart Skinner,74,G,True,O,64:44,33,30,3,0.909091,26/28,3/4,1/1,30/33,2,1,0,0
2024-10-22,2024020103,CAR,away,8475883,Frederik Andersen,31,G,True,W,64:49,35,33,2,0.942857,29/30,4/5,0/0,33/35,1,1,0,0
2024-10-22,2024020103,CAR,away,8481611,Pyotr Kochetkov,52,G,False,,00:00,0,0,0,,0/0,0/0,0/0,0/0,0,0,0,0
2024-10-22,2024020104,UTA,home,8478971,Connor Ingram,39,G,True,L,20:00,8,4,4,0.5,4/7,0/1,0/0,4/8,3,1,0,0
2024-10-22,2024020104,UTA,home,8478872,Karel Vejmelka,70,G,False,,39:58,14,14,0,1.0,13/13,0/0,1/1,14/14,0,0,0,0
2024-10-22,2024020104,OTT,away,8482447,Leevi Meriläinen,1,G,False,,00:00,0,0,0,,0/0,0/0,0/0,0/0,0,0,0,0
2024-10-22,2024020104,OTT,away,8476341,Anton Forsberg,31,G,True,W,60:00,31,31,0,1.0,27/27,4/4,0/0,31/31,0,0,0,0
2024-10-22,2024020102,CGY,home,8481692,Dustin Wolf,32,G,True,W,63:55,38,35,3,0.921053,31/33,3/4,1/1,35/38,2,1,0,0
2024-10-22,2024020102,CGY,home,8478435,Dan Vladar,80,G,False,,00:00,0,0,0,,0/0,0/0,0/0,0/0,0,0,0,0
2024-10-22,2024020102,PIT,away,8482446,Joel Blomqvist,30,G,False,,00:00,0,0,0,,0/0,0/0,0/0,0/0,0,0,0,0
2024-10-22,2024020102,PIT,away,8477968,Alex Nedeljkovic,39,G,True,O,65:00,25,22,3,0.88,12/15,8/8,2/2,22/25,3,0,0,0
2024-10-22,2024020105,ANA,home,8480843,Lukas Dostal,1,G,True,W,60:00,28,27,1,0.964286,23/23,3/4,1/1,27/28,0,1,0,0
2024-10-22,2024020105,ANA,home,8473503,James Reimer,47,G,False,,00:00,0,0,0,,0/0,0/0,0/0,0/0,0,0,0,0
2024-10-22,2024020105,SJS,away,8478406,Mackenzie Blackwood,29,G,True,L,57:50,39,37,2,0.948718,31/31,6/8,0/0,37/39,0,2,0,0
2024-10-22,2024020105,SJS,away,8477970,Vitek Vanecek,41,G,False,,00:00,0,0,0,,0/0,0/0,0/0,0/0,0,0,0,0
2024-10-22,2024020107,VGK,home,8478499,Adin Hill,33,G,False,,00:00,0,0,0,,0/0,0/0,0/0,0/0,0,0,0,0
2024-10-22,2024020107,VGK,home,8478492,Ilya Samsonov,35,G,True,W,60:00,35,34,1,0.971429,29/30,5/5,0/0,34/35,1,0,0,0
2024-10-22,2024020107,LAK,away,8477831,Pheonix Copley,29,G,False,,00:00,0,0,0,,0/0,0/0,0/0,0/0,0,0,0,0
2024-10-22,2024020107,LAK,away,8479496,David Rittich,31,G,True,L,59:47,30,24,6,0.8,21/25,3/5,0/0,24/30,4,2,0,0
2024-10-23,2024020108,WSH,home,8480313,Logan Thompson,48,G,True,W,60:00,29,26,3,0.896552,23/24,2/4,1/1,26/29,1,2,0,0
2024-10-23,2024020108,WSH,home,8479292,Charlie Lindgren,79,G,False,,00:00,0,0,0,,0/0,0/0,0/0,0/0,0,0,0,0
2024-10-23,2024020108,PHI,away,8481035,Samuel Ersson,33,G,False,,00:00,0,0,0,,0/0,0/0,0/0,0/0,0,0,0,0
2024-10-23,2024020108,PHI,away,8478905,Ivan Fedotov,82,G,True,L,58:24,23,19,4,0.826087,14/18,5/5,0/0,19/23,4,0,0,0
2024-10-24,2024020109,BOS,home,8480280,Jeremy Swayman,1,G,True,L,58:06,31,27,4,0.870968,20/21,3/6,4/4,27/31,1,3,0,0
2024-10-24,2024020109,BOS,home,8476914,Joonas Korpisalo,70,G,False,,00:00,0,0,0,,0/0,0/0,0/0,0/0,0,0,0,0
2024-10-24,2024020109,DAL,away,8479193,Casey DeSmith,1,G,True,W,59:56,27,25,2,0.925926,20/21,4/5,1/1,25/27,1,1,0,0
2024-10-24,2024020109,DAL,away,8479979,Jake Oettinger,29,G,False,,00:00,0,0,0,,0/0,0/0,0/0,0/0,0,0,0,0
2024-10-24,2024020110,TOR,home,8476932,Anthony Stolarz,41,G,False,,00:00,0,0,0,,0/0,0/0,0/0,0/0,0,0,0,0
2024-10-24,2024020110,TOR,home,8479361,Joseph Woll,60,G,True,L,58:48,26,22,4,0.846154,21/24,1/2,0/0,22/26,3,1,0,0
2024-10-24,2024020110,STL,away,8480981,Joel Hofer,30,G,False,,00:00,0,0,0,,0/0,0/0,0/0,0/0,0,0,0,0
2024-10-24,2024020110,STL,away,8476412,Jordan Binnington,50,G,True,W,60:00,41,40,1,0.97561,29/30,11/11,0/0,40/41,1,0,0,0
2024-10-24,2024020111,DET,home,8479312,Alex Lyon,34,G,False,,00:00,0,0,0,,0/0,0/0,0/0,0/0,0,0,0,0
2024-10-24,2024020111,DET,home,8475660,Cam Talbot,39,G,True,W,60:00,40,37,3,0.925,34/34,3/6,0/0,37/40,0,3,0,0
2024-10-24,2024020111,NJD,away,8474593,Jacob Markstrom,25,G,True,L,58:22,19,15,4,0.789474,12/14,3/5,0/0,15/19,2,2,0,0
2024-10-24,2024020111,NJD,away,8474596,Jake Allen,34,G,False,,00:00,0,0,0,,0/0,0/0,0/0,0/0,0,0,0,0
2024-10-24,2024020112,TBL,home,8477992,Jonas Johansson,31,G,False,,00:00,0,0,0,,0/0,0/0,0/0,0/0,0,0,0,0
2024-10-24,2024020112,TBL,home,8476883,Andrei Vasilevskiy,88,G,True,L,58:56,17,14,3,0.823529,12/14,2/3,0/0,14/17,2,1,0,0
2024-10-24,2024020112,MIN,away,8470594,Marc-Andre Fleury,29,G,True,W,60:00,26,24,2,0.923077,22/23,0/0,2/3,24/26,1,0,1,0
2024-10-24,2024020112,MIN,away,8479406,Filip Gustavsson,32,G,False,,00:00,0,0,0,,0/0,0/0,0/0,0/0,0,0,0,0
2024-10-24,2024020113,NYR,home,8478048,Igor Shesterkin,31,G,True,L,56:57,29,26,3,0.896552,21/24,3/3,2/2,26/29,3,0,0,0
2024-10-24,2024020113,NYR,home,8471734,Jonathan Quick,32,G,False,,00:00,0,0,0,,0/0,0/0,0/0,0/0,0,0,0,0
2024-10-24,2024020113,FLA,away,8481519,Spencer Knight,30,G,False,,00:00,0,0,0,,0/0,0/0,0/0,0/0,0,0,0,0
2024-10-24,2024020113,FLA,away,8475683,Sergei Bobrovsky,72,G,True,W,60:00,25,24,1,0.96,18/19,5/5,1/1,24/25,1,0,0,0
2024-10-24,2024020114,CGY,home,8481692,Dustin Wolf,32,G,False,,00:00,0,0,0,,0/0,0/0,0/0,0/0,0,0,0,0
2024-10-24,2024020114,CGY,home,8478435,Dan Vladar,80,G,True,L,59:34,42,39,3,0.928571,34/36,5/6,0/0,39/42,2,1,0,0
2024-10-24,2024020114,CAR,away,8475883,Frederik Andersen,31,G,False,,00:00,0,0,0,,0/0,0/0,0/0,0/0,0,0,0,0
2024-10-24,2024020114,CAR,away,8481611,Pyotr Kochetkov,52,G,True,W,60:00,32,30,2,0.9375,25/27,5/5,0/0,30/32,2,0,0,0
2024-10-24,2024020115,UTA,home,8478971,Connor Ingram,39,G,False,,00:00,0,0,0,,0/0,0/0,0/0,0/0,0,0,0,0
2024-10-24,2024020115,UTA,home,8478872,Karel Vejmelka,70,G,True,L,60:00,26,21,5,0.807692,17/20,3/5,1/1,21/26,3,2,0,0
2024-10-24,2024020115,COL,away,8480382,Alexandar Georgiev,40,G,False,,00:00,0,0,0,,0/0,0/0,0/0,0/0,0,0,0,0
2024-10-24,2024020115,COL,away,8481020,Justus Annunen,60,G,True,W,59:49,26,25,1,0.961538,20/21,4/4,1/1,25/26,1,0,0,0
2024-10-24,2024020116,SEA,home,8475831,Philipp Grubauer,31,G,False,,00:00,0,0,0,,0/0,0/0,0/0,0/0,0,0,0,0
2024-10-24,2024020116,SEA,home,8478916,Joey Daccord,35,G,True,O,61:06,36,32,4,0.888889,29/33,3/3,0/0,32/36,4,0,0,0
2024-10-24,2024020116,WPG,away,8477480,Eric Comrie,1,G,False,,00:00,0,0,0,,0/0,0/0,0/0,0/0,0,0,0,0
2024-10-24,2024020116,WPG,away,8476945,Connor Hellebuyck,37,G,True,W,61:19,32,29,3,0.90625,27/30,2/2,0/0,29/32,3,0,0,0
2024-10-24,2024020117,LAK,home,8479496,David Rittich,31,G,True,W,60:00,26,24,2,0.923077,20/20,4/6,0/0,24/26,0,2,0,0
2024-10-24,2024020117,LAK,home,8475311,Darcy Kuemper,35,G,False,,00:00,0,0,0,,0/0,0/0,0/0,0/0,0,0,0,0
2024-10-24,2024020117,SJS,away,8478406,Mackenzie Blackwood,29,G,True,L,57:44,30,27,3,0.9,22/25,1/1,4/4,27/30,3,0,0,0
2024-10-24,2024020117,SJS,away,8477970,Vitek Vanecek,41,G,False,,00:00,0,0,0,,0/0,0/0,0/0,0/0,0,0,0,0
2024-10-25,2024020118,VGK,home,8478499,Adin Hill,33,G,True,W,60:00,39,35,4,0.897436,30/33,4/5,1/1,35/39,3,1,0,0
2024-10-25,2024020118,VGK,home,8478492,Ilya Samsonov,35,G,False,,00:00,0,0,0,,0/0,0/0,0/0,0/0,0,0,0,0
2024-10-25,2024020118,OTT,away,8476341,Anton Forsberg,31,G,False,,00:00,0,0,0,,0/0,0/0,0/0,0/0,0,0,0,0
2024-10-25,2024020118,OTT,away,8476999,Linus Ullmark,35,G,True,L,58:14,27,22,5,0.814815,18/22,3/4,1/1,22/27,4,1,0,0
2024-10-25,2024020119,NJD,home,8474593,Jacob Markstrom,25,G,False,,00:00,0,0,0,,0/0,0/0,0/0,0/0,0,0,0,0
2024-10-25,2024020119,NJD,home,8474596,Jake Allen,34,G,True,O,60:46,30,26,4,0.866667,17/20,7/8,2/2,26/30,3,1,0,0
2024-10-25,2024020119,NYI,away,8478009,Ilya Sorokin,30,G,True,W,61:09,36,33,3,0.916667,27/30,5/5,1/1,33/36,3,0,0,0
2024-10-25,2024020119,NYI,away,8473575,Semyon Varlamov,40,G,False,,00:00,0,0,0,,0/0,0/0,0/0,0/0,0,0,0,0
2024-10-25,2024020120,CHI,home,8482123,Drew Commesso,33,G,False,,00:00,0,0,0,,0/0,0/0,0/0,0/0,0,0,0,0
2024-10-25,2024020120,CHI,home,8475852,Petr Mrazek,34,G,True,L,57:59,34,31,3,0.911765,24/25,6/7,1/2,31/34,1,1,1,0
2024-10-25,2024020120,NSH,away,8475809,Scott Wedgewood,41,G,False,,00:00,0,0,0,,0/0,0/0,0/0,0/0,0,0,0,0
2024-10-25,2024020120,NSH,away,8477424,Juuse Saros,74,G,True,W,59:58,29,27,2,0.931034,18/20,9/9,0/0,27/29,2,0,0,0
2024-10-25,2024020121,EDM,home,8475717,Calvin Pickard,30,G,False,,00:00,0,0,0,,0/0,0/0,0/0,0/0,0,0,0,0
2024-10-25,2024020121,EDM,home,8479973,Stuart Skinner,74,G,True,W,60:00,27,27,0,1.0,22/22,3/3,2/2,27/27,0,0,0,0
2024-10-25,2024020121,PIT,away,8482446,Joel Blomqvist,30,G,True,L,59:56,50,46,4,0.92,44/47,2/3,0/0,46/50,3,1,0,0
2024-10-25,2024020121,PIT,away,8477968,Alex Nedeljkovic,39,G,False,,00:00,0,0,0,,0/0,0/0,0/0,0/0,0,0,0,0
2024-10-26,2024020122,BUF,home,8480045,Ukko-Pekka Luukkonen,1,G,True,W,60:00,25,22,3,0.88,19/21,2/2,1/2,22/25,2,0,1,0
2024-10-26,2024020122,BUF,home,8482221,Devon Levi,27,G,False,,00:00,0,0,0,,0/0,0/0,0/0,0/0,0,0,0,0
2024-10-26,2024020122,DET,away,8479312,Alex Lyon,34,G,True,L,58:40,38,34,4,0.894737,29/32,5/6,0/0,34/38,3,1,0,0
2024-10-26,2024020122,DET,away,8475660,Cam Talbot,39,G,False,,00:00,0,0,0,,0/0,0/0,0/0,0/0,0,0,0,0
2024-10-26,2024020123,PHI,home,8481035,Samuel Ersson,33,G,True,W,59:44,26,21,5,0.807692,11/15,10/11,0/0,21/26,4,1,0,0
2024-10-26,2024020123,PHI,home,8478905,Ivan Fedotov,82,G,False,,00:00,0,0,0,,0/0,0/0,0/0,0/0,0,0,0,0
2024-10-26,2024020123,MIN,away,8470594,Marc-Andre Fleury,29,G,False,,00:00,0,0,0,,0/0,0/0,0/0,0/0,0,0,0,0
2024-10-26,2024020123,MIN,away,8479406,Filip Gustavsson,32,G,True,L,58:16,22,16,6,0.727273,16/21,0/1,0/0,16/22,5,1,0,0
2024-10-26,2024020124,LAK,home,8479496,David Rittich,31,G,False,,00:00,0,0,0,,0/0,0/0,0/0,0/0,0,0,0,0
2024-10-26,2024020124,LAK,home,8475311,Darcy Kuemper,35,G,True,W,60:00,26,24,2,0.923077,24/26,0/0,0/0,24/26,2,0,0,0
2024-10-26,2024020124,UTA,away,8478971,Connor Ingram,39,G,True,L,58:06,23,20,3,0.869565,19/21,1/2,0/0,20/23,2,1,0,0
2024-10-26,2024020124,UTA,away,8478872,Karel Vejmelka,70,G,False,,00:00,0,0,0,,0/0,0/0,0/0,0/0,0,0,0,0
2024-10-26,2024020125,BOS,home,8480280,Jeremy Swayman,1,G,True,W,62:26,23,20,3,0.869565,17/20,3/3,0/0,20/23,3,0,0,0
2024-10-26,2024020125,BOS,home,8476914,Joonas Korpisalo,70,G,False,,00:00,0,0,0,,0/0,0/0,0/0,0/0,0,0,0,0
2024-10-26,2024020125,TOR,away,8476932,Anthony Stolarz,41,G,True,O,61:49,34,30,4,0.882353,25/28,4/5,1/1,30/34,3,1,0,0
2024-10-26,2024020125,TOR,away,8479361,Joseph Woll,60,G,False,,00:00,0,0,0,,0/0,0/0,0/0,0/0,0,0,0,0
2024-10-26,2024020126,MTL,home,8480051,Cayden Primeau,30,G,False,,00:00,0,0,0,,0/0,0/0,0/0,0/0,0,0,0,0
2024-10-26,2024020126,MTL,home,8478470,Samuel Montembeault,35,G,True,W,59:33,31,29,2,0.935484,22/24,6/6,1/1,29/31,2,0,0,0
2024-10-26,2024020126,STL,away,8480981,Joel Hofer,30,G,False,,00:00,0,0,0,,0/0,0/0,0/0,0/0,0,0,0,0
2024-10-26,2024020126,STL,away,8476412,Jordan Binnington,50,G,True,L,59:15,25,21,4,0.84,21/24,0/1,0/0,21/25,3,1,0,0
2024-10-26,2024020127,TBL,home,8477992,Jonas Johansson,31,G,False,,00:00,0,0,0,,0/0,0/0,0/0,0/0,0,0,0,0
2024-10-26,2024020127,TBL,home,8476883,Andrei Vasilevskiy,88,G,True,W,60:00,32,32,0,1.0,31/31,1/1,0/0,32/32,0,0,0,0
2024-10-26,2024020127,WSH,away,8480313,Logan Thompson,48,G,False,,00:00,0,0,0,,0/0,0/0,0/0,0/0,0,0,0,0
2024-10-26,2024020127,WSH,away,8479292,Charlie Lindgren,79,G,True,L,60:00,21,18,3,0.857143,15/18,3/3,0/0,18/21,3,0,0,0
2024-10-26,2024020128,NYR,home,8478048,Igor Shesterkin,31,G,False,,00:00,0,0,0,,0/0,0/0,0/0,0/0,0,0,0,0
2024-10-26,2024020128,NYR,home,8471734,Jonathan Quick,32,G,True,W,60:00,33,32,1,0.969697,28/29,4/4,0/0,32/33,1,0,0,0
2024-10-26,2024020128,ANA,away,8480843,Lukas Dostal,1,G,True,L,57:57,32,30,2,0.9375,26/28,4/4,0/0,30/32,2,0,0,0
2024-10-26,2024020128,ANA,away,8473503,James Reimer,47,G,False,,00:00,0,0,0,,0/0,0/0,0/0,0/0,0,0,0,0
2024-10-26,2024020129,CGY,home,8481692,Dustin Wolf,32,G,True,L,58:27,34,30,4,0.882353,23/24,6/8,1/2,30/34,1,2,1,0
2024-10-26,2024020129,CGY,home,8478435,Dan Vladar,80,G,False,,00:00,0,0,0,,0/0,0/0,0/0,0/0,0,0,0,0
2024-10-26,2024020129,WPG,away,8477480,Eric Comrie,1,G,True,W,60:00,29,26,3,0.896552,25/28,1/1,0/0,26/29,3,0,0,0
2024-10-26,2024020129,WPG,away,8476945,Connor Hellebuyck,37,G,False,,00:00,0,0,0,,0/0,0/0,0/0,0/0,0,0,0,0
2024-10-26,2024020130,NYI,home,8478009,Ilya Sorokin,30,G,False,,00:00,0,0,0,,0/0,0/0,0/0,0/0,0,0,0,0
2024-10-26,2024020130,NYI,home,8473575,Semyon Varlamov,40,G,True,L,58:14,28,23,5,0.821429,21/25,1/2,1/1,23/28,4,1,0,0
2024-10-26,2024020130,FLA,away,8481519,Spencer Knight,30,G,True,W,60:00,28,25,3,0.892857,21/24,4/4,0/0,25/28,3,0,0,0
2024-10-26,2024020130,FLA,away,8475683,Sergei Bobrovsky,72,G,False,,00:00,0,0,0,,0/0,0/0,0/0,0/0,0,0,0,0
2024-10-26,2024020131,NSH,home,8475809,Scott Wedgewood,41,G,True,W,61:43,28,25,3,0.892857,22/25,2/2,1/1,25/28,3,0,0,0
2024-10-26,2024020131,NSH,home,8477424,Juuse Saros,74,G,False,,00:00,0,0,0,,0/0,0/0,0/0,0/0,0,0,0,0
2024-10-26,2024020131,CBJ,away,8480193,Daniil Tarasov,40,G,True,O,61:07,33,29,4,0.878788,24/28,5/5,0/0,29/33,4,0,0,0
2024-10-26,2024020131,CBJ,away,8478007,Elvis Merzlikins,90,G,False,,00:00,0,0,0,,0/0,0/0,0/0,0/0,0,0,0,0
2024-10-26,2024020132,DAL,home,8479193,Casey DeSmith,1,G,False,,00:00,0,0,0,,0/0,0/0,0/0,0/0,0,0,0,0
2024-10-26,2024020132,DAL,home,8479979,Jake Oettinger,29,G,True,W,59:55,24,22,2,0.916667,18/20,3/3,1/1,22/24,2,0,0,0
2024-10-26,2024020132,CHI,away,8482123,Drew Commesso,33,G,False,,00:00,0,0,0,,0/0,0/0,0/0,0/0,0,0,0,0
2024-10-26,2024020132,CHI,away,8475852,Petr Mrazek,34,G,True,L,58:23,29,26,3,0.896552,20/22,5/6,1/1,26/29,2,1,0,0
2024-10-26,2024020133,VAN,home,8481668,Arturs Silovs,31,G,False,,00:00,0,0,0,,0/0,0/0,0/0,0/0,0,0,0,0
2024-10-26,2024020133,VAN,home,8480947,Kevin Lankinen,32,G,True,W,60:00,24,21,3,0.875,18/21,1/1,2/2,21/24,3,0,0,0
2024-10-26,2024020133,PIT,away,8482446,Joel Blomqvist,30,G,False,,00:00,0,0,0,,0/0,0/0,0/0,0/0,0,0,0,0
2024-10-26,2024020133,PIT,away,8477968,Alex Nedeljkovic,39,G,True,L,58:20,34,30,4,0.882353,26/30,4/4,0/0,30/34,4,0,0,0
2024-10-26,2024020134,VGK,home,8478499,Adin Hill,33,G,False,,00:00,0,0,0,,0/0,0/0,0/0,0/0,0,0,0,0
2024-10-26,2024020134,VGK,home,8478492,Ilya Samsonov,35,G,True,W,60:00,26,23,3,0.884615,21/24,2/2,0/0,23/26,3,0,0,0
2024-10-26,2024020134,SJS,away,8478406,Mackenzie Blackwood,29,G,False,,00:00,0,0,0,,0/0,0/0,0/0,0/0,0,0,0,0
2024-10-26,2024020134,SJS,away,8477970,Vitek Vanecek,41,G,True,L,60:00,42,35,7,0.833333,26/31,9/10,0/1,35/42,5,1,1,0
2024-10-26,2024020135,SEA,home,8475831,Philipp Grubauer,31,G,False,,00:00,0,0,0,,0/0,0/0,0/0,0/0,0,0,0,0
2024-10-26,2024020135,SEA,home,8478916,Joey Daccord,35,G,True,L,59:11,38,35,3,0.921053,19/21,16/17,0/0,35/38,2,1,0,0
2024-10-26,2024020135,CAR,away,8475883,Frederik Andersen,31,G,True,W,60:00,19,18,1,0.947368,10/11,5/5,3/3,18/19,1,0,0,0
2024-10-26,2024020135,CAR,away,8481611,Pyotr Kochetkov,52,G,False,,00:00,0,0,0,,0/0,0/0,0/0,0/0,0,0,0,0
2024-10-27,2024020136,DET,home,8479312,Alex Lyon,34,G,False,,00:00,0,0,0,,0/0,0/0,0/0,0/0,0,0,0,0
2024-10-27,2024020136,DET,home,8475660,Cam Talbot,39,G,True,O,60:18,34,31,3,0.911765,30/33,1/1,0/0,31/34,3,0,0,0
2024-10-27,2024020136,EDM,away,8475717,Calvin Pickard,30,G,True,W,60:14,26,24,2,0.923077,22/24,1/1,1/1,24/26,2,0,0,0
2024-10-27,2024020136,EDM,away,8479973,Stuart Skinner,74,G,False,,00:00,0,0,0,,0/0,0/0,0/0,0/0,0,0,0,0
2024-10-27,2024020137,NJD,home,8474593,Jacob Markstrom,25,G,True,W,59:24,26,24,2,0.923077,18/20,6/6,0/0,24/26,2,0,0,0
2024-10-27,2024020137,NJD,home,8474596,Jake Allen,34,G,False,,00:00,0,0,0,,0/0,0/0,0/0,0/0,0,0,0,0
2024-10-27,2024020137,ANA,away,8480843,Lukas Dostal,1,G,False,,00:00,0,0,0,,0/0,0/0,0/0,0/0,0,0,0,0
2024-10-27,2024020137,ANA,away,8473503,James Reimer,47,G,True,L,60:00,34,28,6,0.823529,27/32,1/2,0/0,28/34,5,1,0,0
2024-10-27,2024020138,PHI,home,8481035,Samuel Ersson,33,G,False,,00:00,0,0,0,,0/0,0/0,0/0,0/0,0,0,0,0
2024-10-27,2024020138,PHI,home,8482783,Aleksei Kolosov,35,G,True,L,58:10,24,20,4,0.833333,17/20,3/4,0/0,20/24,3,1,0,0
2024-10-27,2024020138,MTL,away,8480051,Cayden Primeau,30,G,True,W,60:00,26,23,3,0.884615,18/21,5/5,0/0,23/26,3,0,0,0
2024-10-27,2024020138,MTL,away,8478470,Samuel Montembeault,35,G,False,,00:00,0,0,0,,0/0,0/0,0/0,0/0,0,0,0,0
2024-10-27,2024020139,COL,home,8480382,Alexandar Georgiev,40,G,False,,00:00,0,0,0,,0/0,0/0,0/0,0/0,0,0,0,0
2024-10-27,2024020139,COL,home,8481020,Justus Annunen,60,G,True,W,59:34,30,26,4,0.866667,25/29,0/0,1/1,26/30,4,0,0,0
2024-10-27,2024020139,OTT,away,8476341,Anton Forsberg,31,G,True,L,53:08,29,25,4,0.862069,23/27,2/2,0/0,25/29,4,0,0,0
2024-10-27,2024020139,OTT,away,8476999,Linus Ullmark,35,G,False,,04:46,2,2,0,1.0,2/2,0/0,0/0,2/2,0,0,0,0
2024-10-28,2024020140,BUF,home,8480045,Ukko-Pekka Luukkonen,1,G,True,L,58:10,31,26,5,0.83871,22/25,4/6,0/0,26/31,3,2,0,0
2024-10-28,2024020140,BUF,home,8482221,Devon Levi,27,G,False,,00:00,0,0,0,,0/0,0/0,0/0,0/0,0,0,0,0
2024-10-28,2024020140,FLA,away,8481519,Spencer Knight,30,G,False,,00:00,0,0,0,,0/0,0/0,0/0,0/0,0,0,0,0
2024-10-28,2024020140,FLA,away,8475683,Sergei Bobrovsky,72,G,True,W,60:00,28,26,2,0.928571,21/22,5/6,0/0,26/28,1,1,0,0
2024-10-28,2024020142,CBJ,home,8480193,Daniil Tarasov,40,G,False,,00:00,0,0,0,,0/0,0/0,0/0,0/0,0,0,0,0
2024-10-28,2024020142,CBJ,home,8478007,Elvis Merzlikins,90,G,True,W,60:00,32,31,1,0.96875,21/21,7/8,3/3,31/32,0,1,0,0
2024-10-28,2024020142,EDM,away,8475717,Calvin Pickard,30,G,False,,00:00,0,0,0,,0/0,0/0,0/0,0/0,0,0,0,0
2024-10-28,2024020142,EDM,away,8479973,Stuart Skinner,74,G,True,L,60:00,25,19,6,0.76,15/20,2/3,2/2,19/25,5,1,0,0
2024-10-28,2024020141,TBL,home,8477992,Jonas Johansson,31,G,False,,00:00,0,0,0,,0/0,0/0,0/0,0/0,0,0,0,0
2024-10-28,2024020141,TBL,home,8476883,Andrei Vasilevskiy,88,G,True,W,63:22,37,35,2,0.945946,24/25,9/10,2/2,35/37,1,1,0,0
2024-10-28,2024020141,NSH,away,8475809,Scott Wedgewood,41,G,False,,00:00,0,0,0,,0/0,0/0,0/0,0/0,0,0,0,0
2024-10-28,2024020141,NSH,away,8477424,Juuse Saros,74,G,True,O,63:22,27,24,3,0.888889,19/22,4/4,1/1,24/27,3,0,0,0
2024-10-28,2024020143,WPG,home,8477480,Eric Comrie,1,G,False,,00:00,0,0,0,,0/0,0/0,0/0,0/0,0,0,0,0
2024-10-28,2024020143,WPG,home,8476945,Connor Hellebuyck,37,G,True,L,59:21,35,30,5,0.857143,24/29,4/4,2/2,30/35,5,0,0,0
2024-10-28,2024020143,TOR,away,8476932,Anthony Stolarz,41,G,True,W,60:00,23,19,4,0.826087,14/16,4/6,1/1,19/23,2,2,0,0
2024-10-28,2024020143,TOR,away,8479361,Joseph Woll,60,G,False,,00:00,0,0,0,,0/0,0/0,0/0,0/0,0,0,0,0
2024-10-28,2024020144,COL,home,8480382,Alexandar Georgiev,40,G,True,L,58:07,24,21,3,0.875,18/20,2/3,1/1,21/24,2,1,0,0
2024-10-28,2024020144,COL,home,8481020,Justus Annunen,60,G,False,,00:00,0,0,0,,0/0,0/0,0/0,0/0,0,0,0,0
2024-10-28,2024020144,CHI,away,8475852,Petr Mrazek,34,G,True,W,60:00,26,24,2,0.923077,15/16,8/9,1/1,24/26,1,1,0,0
2024-10-28,2024020144,CHI,away,8482821,Arvid Soderblom,40,G,False,,00:00,0,0,0,,0/0,0/0,0/0,0/0,0,0,0,0
2024-10-28,2024020145,UTA,home,8478971,Connor Ingram,39,G,True,O,61:26,46,41,5,0.891304,34/38,6/7,1/1,41/46,4,1,0,0
2024-10-28,2024020145,UTA,home,8478872,Karel Vejmelka,70,G,False,,00:00,0,0,0,,0/0,0/0,0/0,0/0,0,0,0,0
2024-10-28,2024020145,SJS,away,8478406,Mackenzie Blackwood,29,G,True,W,60:45,23,19,4,0.826087,17/21,1/1,1/1,19/23,4,0,0,0
2024-10-28,2024020145,SJS,away,8477970,Vitek Vanecek,41,G,False,,00:00,0,0,0,,0/0,0/0,0/0,0/0,0,0,0,0
2024-10-28,2024020146,VAN,home,8481668,Arturs Silovs,31,G,False,,00:00,0,0,0,,0/0,0/0,0/0,0/0,0,0,0,0
2024-10-28,2024020146,VAN,home,8480947,Kevin Lankinen,32,G,True,O,60:19,32,28,4,0.875,22/26,5/5,1/1,28/32,4,0,0,0
2024-10-28,2024020146,CAR,away,8477484,Spencer Martin,41,G,False,,00:00,0,0,0,,0/0,0/0,0/0,0/0,0,0,0,0
2024-10-28,2024020146,CAR,away,8481611,Pyotr Kochetkov,52,G,True,W,60:42,27,24,3,0.888889,21/24,3/3,0/0,24/27,3,0,0,0
2024-10-28,2024020147,VGK,home,8478499,Adin Hill,33,G,True,W,60:00,16,16,0,1.0,13/13,3/3,0/0,16/16,0,0,0,0
2024-10-28,2024020147,VGK,home,8478492,Ilya Samsonov,35,G,False,,00:00,0,0,0,,0/0,0/0,0/0,0/0,0,0,0,0
2024-10-28,2024020147,CGY,away,8481692,Dustin Wolf,32,G,False,,00:00,0,0,0,,0/0,0/0,0/0,0/0,0,0,0,0
2024-10-28,2024020147,CGY,away,8478435,Dan Vladar,80,G,True,L,60:00,38,33,5,0.868421,28/33,5/5,0/0,33/38,5,0,0,0
2024-10-29,2024020148,BOS,home,8480280,Jeremy Swayman,1,G,False,,00:00,0,0,0,,0/0,0/0,0/0,0/0,0,0,0,0
2024-10-29,2024020148,BOS,home,8476914,Joonas Korpisalo,70,G,True,L,58:24,18,17,1,0.944444,15/16,1/1,1/1,17/18,1,0,0,0
2024-10-29,2024020148,PHI,away,8481035,Samuel Ersson,33,G,True,W,60:00,25,25,0,1.0,20/20,2/2,3/3,25/25,0,0,0,0
2024-10-29,2024020148,PHI,away,8482783,Aleksei Kolosov,35,G,False,,00:00,0,0,0,,0/0,0/0,0/0,0/0,0,0,0,0
2024-10-29,2024020149,MTL,home,8480051,Cayden Primeau,30,G,False,,37:23,13,10,3,0.769231,6/8,3/4,1/1,10/13,2,1,0,0
2024-10-29,2024020149,MTL,home,8478470,Samuel Montembeault,35,G,True,L,21:00,10,5,5,0.5,4/7,1/3,0/0,5/10,3,2,0,0
2024-10-29,2024020149,SEA,away,8475831,Philipp Grubauer,31,G,False,,00:00,0,0,0,,0/0,0/0,0/0,0/0,0,0,0,0
2024-10-29,2024020149,SEA,away,8478916,Joey Daccord,35,G,True,W,59:40,30,28,2,0.933333,21/23,7/7,0/0,28/30,2,0,0,0
2024-10-29,2024020150,OTT,home,8476341,Anton Forsberg,31,G,False,,00:00,0,0,0,,0/0,0/0,0/0,0/0,0,0,0,0
2024-10-29,2024020150,OTT,home,8476999,Linus Ullmark,35,G,True,W,60:00,27,26,1,0.962963,20/20,6/7,0/0,26/27,0,1,0,0
2024-10-29,2024020150,STL,away,8480981,Joel Hofer,30,G,True,L,31:08,21,16,5,0.761905,15/18,1/3,0/0,16/21,3,2,0,0
2024-10-29,2024020150,STL,away,8476412,Jordan Binnington,50,G,False,,28:41,14,11,3,0.785714,10/13,1/1,0/0,11/14,3,0,0,0
2024-10-29,2024020152,NYI,home,8478009,Ilya Sorokin,30,G,True,L,59:05,21,19,2,0.904762,17/17,2/4,0/0,19/21,0,2,0,0
2024-10-29,2024020152,NYI,home,8473575,Semyon Varlamov,40,G,False,,00:00,0,0,0,,0/0,0/0,0/0,0/0,0,0,0,0
2024-10-29,2024020152,ANA,away,8480843,Lukas Dostal,1,G,True,W,60:00,41,40,1,0.97561,31/31,7/8,2/2,40/41,0,1,0,0
2024-10-29,2024020152,ANA,away,8473503,James Reimer,47,G,False,,00:00,0,0,0,,0/0,0/0,0/0,0/0,0,0,0,0
2024-10-29,2024020153,PIT,home,8482446,Joel Blomqvist,30,G,True,L,58:49,39,35,4,0.897436,27/31,8/8,0/0,35/39,4,0,0,0
2024-10-29,2024020153,PIT,home,8477968,Alex Nedeljkovic,39,G,False,,00:00,0,0,0,,0/0,0/0,0/0,0/0,0,0,0,0
2024-10-29,2024020153,MIN,away,8470594,Marc-Andre Fleury,29,G,True,W,59:59,29,26,3,0.896552,24/26,1/2,1/1,26/29,2,1,0,0
2024-10-29,2024020153,MIN,away,8479406,Filip Gustavsson,32,G,False,,00:00,0,0,0,,0/0,0/0,0/0,0/0,0,0,0,0
2024-10-29,2024020151,WSH,home,8480313,Logan Thompson,48,G,True,W,60:00,19,16,3,0.842105,14/16,1/2,1/1,16/19,2,1,0,0
2024-10-29,2024020151,WSH,home,8479292,Charlie Lindgren,79,G,False,,00:00,0,0,0,,0/0,0/0,0/0,0/0,0,0,0,0
2024-10-29,2024020151,NYR,away,8478048,Igor Shesterkin,31,G,True,L,58:54,45,41,4,0.911111,34/38,6/6,1/1,41/45,4,0,0,0
2024-10-29,2024020151,NYR,away,8471734,Jonathan Quick,32,G,False,,00:00,0,0,0,,0/0,0/0,0/0,0/0,0,0,0,0
2024-10-29,2024020154,SJS,home,8478406,Mackenzie Blackwood,29,G,False,,00:00,0,0,0,,0/0,0/0,0/0,0/0,0,0,0,0
2024-10-29,2024020154,SJS,home,8477970,Vitek Vanecek,41,G,True,W,59:08,28,26,2,0.928571,20/22,5/5,1/1,26/28,2,0,0,0
2024-10-29,2024020154,LAK,away,8479496,David Rittich,31,G,True,L,58:08,20,17,3,0.85,13/16,2/2,2/2,17/20,3,0,0,0
2024-10-29,2024020154,LAK,away,8475311,Darcy Kuemper,35,G,False,,00:00,0,0,0,,0/0,0/0,0/0,0/0,0,0,0,0
2024-10-30,2024020155,CBJ,home,8480193,Daniil Tarasov,40,G,False,,00:00,0,0,0,,0/0,0/0,0/0,0/0,0,0,0,0
2024-10-30,2024020155,CBJ,home,8478007,Elvis Merzlikins,90,G,True,W,60:00,26,26,0,1.0,24/24,2/2,0/0,26/26,0,0,0,0
2024-10-30,2024020155,NYI,away,8478009,Ilya Sorokin,30,G,False,,00:00,0,0,0,,0/0,0/0,0/0,0/0,0,0,0,0
2024-10-30,2024020155,NYI,away,8473575,Semyon Varlamov,40,G,True,L,57:23,25,24,1,0.96,24/25,0/0,0/0,24/25,1,0,0,0
2024-10-30,2024020156,DET,home,8479312,Alex Lyon,34,G,True,L,60:00,29,23,6,0.793103,21/26,2/3,0/0,23/29,5,1,0,0
2024-10-30,2024020156,DET,home,8475660,Cam Talbot,39,G,False,,00:00,0,0,0,,0/0,0/0,0/0,0/0,0,0,0,0
2024-10-30,2024020156,WPG,away,8477480,Eric Comrie,1,G,False,,00:00,0,0,0,,0/0,0/0,0/0,0/0,0,0,0,0
2024-10-30,2024020156,WPG,away,8476945,Connor Hellebuyck,37,G,True,W,60:00,21,19,2,0.904762,18/18,1/3,0/0,19/21,0,2,0,0
2024-10-30,2024020157,COL,home,8478039,Kaapo Kahkonen,34,G,True,L,58:16,20,16,4,0.8,13/17,2/2,1/1,16/20,4,0,0,0
2024-10-30,2024020157,COL,home,8480382,Alexandar Georgiev,40,G,False,,00:00,0,0,0,,0/0,0/0,0/0,0/0,0,0,0,0
2024-10-30,2024020157,TBL,away,8477992,Jonas Johansson,31,G,False,,00:00,0,0,0,,0/0,0/0,0/0,0/0,0,0,0,0
2024-10-30,2024020157,TBL,away,8476883,Andrei Vasilevskiy,88,G,True,W,60:00,35,33,2,0.942857,26/27,6/7,1/1,33/35,1,1,0,2
2024-10-30,2024020158,UTA,home,8478971,Connor Ingram,39,G,True,W,60:00,31,30,1,0.967742,24/25,6/6,0/0,30/31,1,0,0,0
2024-10-30,2024020158,UTA,home,8478872,Karel Vejmelka,70,G,False,,00:00,0,0,0,,0/0,0/0,0/0,0/0,0,0,0,0
2024-10-30,2024020158,CGY,away,8481692,Dustin Wolf,32,G,True,L,60:00,28,23,5,0.821429,16/19,7/9,0/0,23/28,3,2,0,0
2024-10-30,2024020158,CGY,away,8478435,Dan Vladar,80,G,False,,00:00,0,0,0,,0/0,0/0,0/0,0/0,0,0,0,0
2024-10-30,2024020160,LAK,home,8479496,David Rittich,31,G,False,,00:00,0,0,0,,0/0,0/0,0/0,0/0,0,0,0,0
2024-10-30,2024020160,LAK,home,8475311,Darcy Kuemper,35,G,True,W,60:00,26,23,3,0.884615,22/24,1/2,0/0,23/26,2,1,0,0
2024-10-30,2024020160,VGK,away,8478499,Adin Hill,33,G,False,,00:00,0,0,0,,0/0,0/0,0/0,0/0,0,0,0,0
2024-10-30,2024020160,VGK,away,8478492,Ilya Samsonov,35,G,True,L,60:00,27,21,6,0.777778,19/24,2/3,0/0,21/27,5,1,0,0
2024-10-30,2024020159,VAN,home,8481668,Arturs Silovs,31,G,True,L,59:58,22,16,6,0.727273,14/18,1/2,1/2,16/22,4,1,1,0
2024-10-30,2024020159,VAN,home,8480947,Kevin Lankinen,32,G,False,,00:00,0,0,0,,0/0,0/0,0/0,0/0,0,0,0,0
2024-10-30,2024020159,NJD,away,8474593,Jacob Markstrom,25,G,True,W,59:35,20,20,0,1.0,17/17,3/3,0/0,20/20,0,0,0,0
2024-10-30,2024020159,NJD,away,8474596,Jake Allen,34,G,False,,00:00,0,0,0,,0/0,0/0,0/0,0/0,0,0,0,0
2024-10-31,2024020161,TOR,home,8476932,Anthony Stolarz,41,G,False,,00:00,0,0,0,,0/0,0/0,0/0,0/0,0,0,0,0
2024-10-31,2024020161,TOR,home,8479361,Joseph Woll,60,G,True,W,59:42,25,24,1,0.96,21/22,3/3,0/0,24/25,1,0,0,0
2024-10-31,2024020161,SEA,away,8475831,Philipp Grubauer,31,G,False,,00:00,0,0,0,,0/0,0/0,0/0,0/0,0,0,0,0
2024-10-31,2024020161,SEA,away,8478916,Joey Daccord,35,G,True,L,56:27,29,26,3,0.896552,22/25,4/4,0/0,26/29,3,0,0,0
2024-10-31,2024020162,PHI,home,8481035,Samuel Ersson,33,G,True,W,59:53,21,20,1,0.952381,16/17,2/2,2/2,20/21,1,0,0,0
2024-10-31,2024020162,PHI,home,8482783,Aleksei Kolosov,35,G,False,,00:00,0,0,0,,0/0,0/0,0/0,0/0,0,0,0,0
2024-10-31,2024020162,STL,away,8480981,Joel Hofer,30,G,False,,00:00,0,0,0,,0/0,0/0,0/0,0/0,0,0,0,0
2024-10-31,2024020162,STL,away,8476412,Jordan Binnington,50,G,True,L,57:36,21,19,2,0.904762,15/17,3/3,1/1,19/21,2,0,0,0
2024-10-31,2024020163,PIT,home,8482446,Joel Blomqvist,30,G,False,,00:00,0,0,0,,0/0,0/0,0/0,0/0,0,0,0,0
2024-10-31,2024020163,PIT,home,8477968,Alex Nedeljkovic,39,G,True,W,62:35,23,22,1,0.956522,20/21,1/1,1/1,22/23,1,0,0,0
2024-10-31,2024020163,ANA,away,8480843,Lukas Dostal,1,G,True,O,62:35,45,43,2,0.955556,37/39,5/5,1/1,43/45,2,0,0,0
2024-10-31,2024020163,ANA,away,8473503,James Reimer,47,G,False,,00:00,0,0,0,,0/0,0/0,0/0,0/0,0,0,0,0
2024-10-31,2024020164,WSH,home,8480313,Logan Thompson,48,G,False,,00:00,0,0,0,,0/0,0/0,0/0,0/0,0,0,0,0
2024-10-31,2024020164,WSH,home,8479292,Charlie Lindgren,79,G,True,W,59:46,15,12,3,0.8,8/10,2/3,2/2,12/15,2,1,0,0
2024-10-31,2024020164,MTL,away,8480051,Cayden Primeau,30,G,True,L,60:00,34,28,6,0.823529,19/24,8/9,1/1,28/34,5,1,0,0
2024-10-31,2024020164,MTL,away,8478470,Samuel Montembeault,35,G,False,,00:00,0,0,0,,0/0,0/0,0/0,0/0,0,0,0,0
2024-10-31,2024020165,CAR,home,8477484,Spencer Martin,41,G,False,,00:00,0,0,0,,0/0,0/0,0/0,0/0,0,0,0,0
2024-10-31,2024020165,CAR,home,8481611,Pyotr Kochetkov,52,G,True,W,59:53,15,13,2,0.866667,8/9,4/5,1/1,13/15,1,1,0,0
2024-10-31,2024020165,BOS,away,8480280,Jeremy Swayman,1,G,True,L,29:32,22,16,6,0.727273,10/13,4/7,2/2,16/22,3,3,0,0
2024-10-31,2024020165,BOS,away,8476914,Joonas Korpisalo,70,G,False,,30:28,15,13,2,0.866667,12/14,1/1,0/0,13/15,2,0,0,0
2024-10-31,2024020166,NSH,home,8475809,Scott Wedgewood,41,G,False,,00:00,0,0,0,,0/0,0/0,0/0,0/0,0,0,0,0
2024-10-31,2024020166,NSH,home,8477424,Juuse Saros,74,G,True,L,59:56,29,24,5,0.827586,23/28,0/0,1/1,24/29,5,0,0,0
2024-10-31,2024020166,EDM,away,8475717,Calvin Pickard,30,G,True,W,60:00,27,26,1,0.962963,22/22,4/5,0/0,26/27,0,1,0,0
2024-10-31,2024020166,EDM,away,8479973,Stuart Skinner,74,G,False,,00:00,0,0,0,,0/0,0/0,0/0,0/0,0,0,0,0
2024-10-31,2024020167,SJS,home,8478406,Mackenzie Blackwood,29,G,True,W,60:00,29,27,2,0.931034,25/27,2/2,0/0,27/29,2,0,0,0
2024-10-31,2024020167,SJS,home,8477970,Vitek Vanecek,41,G,False,,00:00,0,0,0,,0/0,0/0,0/0,0/0,0,0,0,0
2024-10-31,2024020167,CHI,away,8475852,Petr Mrazek,34,G,True,L,58:41,29,26,3,0.896552,26/28,0/1,0/0,26/29,2,1,0,0
2024-10-31,2024020167,CHI,away,8482821,Arvid Soderblom,40,G,False,,00:00,0,0,0,,0/0,0/0,0/0,0/0,0,0,0,0
2024-11-01,2024020168,DAL,home,8479193,Casey DeSmith,1,G,False,,00:00,0,0,0,,0/0,0/0,0/0,0/0,0,0,0,0
2024-11-01,2024020168,DAL,home,8479979,Jake Oettinger,29,G,True,L,60:00,28,22,6,0.785714,20/24,2/3,0/1,22/28,4,1,1,0
2024-11-01,2024020168,FLA,away,8481519,Spencer Knight,30,G,False,,00:00,0,0,0,,0/0,0/0,0/0,0/0,0,0,0,0
2024-11-01,2024020168,FLA,away,8475683,Sergei Bobrovsky,72,G,True,W,60:00,36,32,4,0.888889,23/27,9/9,0/0,32/36,4,0,0,0
2024-11-01,2024020169,BUF,home,8480045,Ukko-Pekka Luukkonen,1,G,False,,00:00,0,0,0,,0/0,0/0,0/0,0/0,0,0,0,0
2024-11-01,2024020169,BUF,home,8482221,Devon Levi,27,G,True,L,56:06,36,32,4,0.888889,20/23,12/13,0/0,32/36,3,1,0,0
2024-11-01,2024020169,NYI,away,8478009,Ilya Sorokin,30,G,True,W,60:00,35,32,3,0.914286,28/30,4/5,0/0,32/35,2,1,0,0
2024-11-01,2024020169,NYI,away,8473575,Semyon Varlamov,40,G,False,,00:00,0,0,0,,0/0,0/0,0/0,0/0,0,0,0,0
2024-11-01,2024020170,NYR,home,8478048,Igor Shesterkin,31,G,True,W,60:00,41,40,1,0.97561,34/35,5/5,1/1,40/41,1,0,0,0
2024-11-01,2024020170,NYR,home,8471734,Jonathan Quick,32,G,False,,00:00,0,0,0,,0/0,0/0,0/0,0/0,0,0,0,0
2024-11-01,2024020170,OTT,away,8476341,Anton Forsberg,31,G,False,,00:00,0,0,0,,0/0,0/0,0/0,0/0,0,0,0,0
2024-11-01,2024020170,OTT,away,8476999,Linus Ullmark,35,G,True,L,58:33,18,16,2,0.888889,12/13,3/4,1/1,16/18,1,1,0,0
2024-11-01,2024020171,CBJ,home,8480193,Daniil Tarasov,40,G,False,,00:00,0,0,0,,0/0,0/0,0/0,0/0,0,0,0,0
2024-11-01,2024020171,CBJ,home,8478007,Elvis Merzlikins,90,G,True,L,59:38,44,38,6,0.863636,35/40,3/4,0/0,38/44,5,1,0,0
2024-11-01,2024020171,WPG,away,8477480,Eric Comrie,1,G,True,W,60:00,22,20,2,0.909091,17/18,2/3,1/1,20/22,1,1,0,0
2024-11-01,2024020171,WPG,away,8476945,Connor Hellebuyck,37,G,False,,00:00,0,0,0,,0/0,0/0,0/0,0/0,0,0,0,0
2024-11-01,2024020172,MIN,home,8470594,Marc-Andre Fleury,29,G,False,,00:00,0,0,0,,0/0,0/0,0/0,0/0,0,0,0,0
2024-11-01,2024020172,MIN,home,8479406,Filip Gustavsson,32,G,True,W,60:00,30,27,3,0.9,20/21,7/9,0/0,27/30,1,2,0,0
2024-11-01,2024020172,TBL,away,8477992,Jonas Johansson,31,G,False,,00:00,0,0,0,,0/0,0/0,0/0,0/0,0,0,0,0
2024-11-01,2024020172,TBL,away,8476883,Andrei Vasilevskiy,88,G,True,L,57:03,20,17,3,0.85,13/16,2/2,2/2,17/20,3,0,0,0
2024-11-01,2024020173,CGY,home,8481692,Dustin Wolf,32,G,False,,00:00,0,0,0,,0/0,0/0,0/0,0/0,0,0,0,0
2024-11-01,2024020173,CGY,home,8478435,Dan Vladar,80,G,True,W,59:59,22,22,0,1.0,16/16,6/6,0/0,22/22,0,0,0,0
2024-11-01,2024020173,NJD,away,8474593,Jacob Markstrom,25,G,True,L,58:24,31,29,2,0.935484,24/26,4/4,1/1,29/31,2,0,0,0
2024-11-01,2024020173,NJD,away,8474596,Jake Allen,34,G,False,,00:00,0,0,0,,0/0,0/0,0/0,0/0,0,0,0,0
2024-11-02,2024020174,FLA,home,8481519,Spencer Knight,30,G,True,W,59:34,25,23,2,0.92,18/19,4/5,1/1,23/25,1,1,0,0
2024-11-02,2024020174,FLA,home,8475683,Sergei Bobrovsky,72,G,False,,00:00,0,0,0,,0/0,0/0,0/0,0/0,0,0,0,0
2024-11-02,2024020174,DAL,away,8479193,Casey DeSmith,1,G,True,L,59:19,24,21,3,0.875,12/14,8/9,1/1,21/24,2,1,0,0
2024-11-02,2024020174,DAL,away,8479979,Jake Oettinger,29,G,False,,00:00,0,0,0,,0/0,0/0,0/0,0/0,0,0,0,0
2024-11-02,2024020175,PHI,home,8481035,Samuel Ersson,33,G,True,,07:36,8,8,0,1.0,5/5,1/1,2/2,8/8,0,0,0,0
2024-11-02,2024020175,PHI,home,8482783,Aleksei Kolosov,35,G,False,L,51:25,22,20,2,0.909091,16/18,4/4,0/0,20/22,2,0,0,0
2024-11-02,2024020175,BOS,away,8480280,Jeremy Swayman,1,G,False,,00:00,0,0,0,,0/0,0/0,0/0,0/0,0,0,0,0
2024-11-02,2024020175,BOS,away,8476914,Joonas Korpisalo,70,G,True,W,59:49,20,20,0,1.0,18/18,2/2,0/0,20/20,0,0,0,0
2024-11-02,2024020176,LAK,home,8479496,David Rittich,31,G,False,,00:00,0,0,0,,0/0,0/0,0/0,0/0,0,0,0,0
2024-11-02,2024020176,LAK,home,8475311,Darcy Kuemper,35,G,True,O,63:30,21,18,3,0.857143,18/21,0/0,0/0,18/21,3,0,0,0
2024-11-02,2024020176,CHI,away,8475852,Petr Mrazek,34,G,True,W,63:28,40,37,3,0.925,30/32,4/5,3/3,37/40,2,1,0,0
2024-11-02,2024020176,CHI,away,8482821,Arvid Soderblom,40,G,False,,00:00,0,0,0,,0/0,0/0,0/0,0/0,0,0,0,0
2024-11-02,2024020177,WSH,home,8480313,Logan Thompson,48,G,True,W,60:00,36,34,2,0.944444,26/28,8/8,0/0,34/36,2,0,0,0
2024-11-02,2024020177,WSH,home,8479292,Charlie Lindgren,79,G,False,,00:00,0,0,0,,0/0,0/0,0/0,0/0,0,0,0,0
2024-11-02,2024020177,CBJ,away,8480193,Daniil Tarasov,40,G,True,L,60:00,22,15,7,0.681818,15/22,0/0,0/0,15/22,7,0,0,0
2024-11-02,2024020177,CBJ,away,8478007,Elvis Merzlikins,90,G,False,,00:00,0,0,0,,0/0,0/0,0/0,0/0,0,0,0,0
2024-11-02,2024020178,OTT,home,8476341,Anton Forsberg,31,G,True,W,59:28,22,22,0,1.0,17/17,5/5,0/0,22/22,0,0,0,0
2024-11-02,2024020178,OTT,home,8476999,Linus Ullmark,35,G,False,,00:00,0,0,0,,0/0,0/0,0/0,0/0,0,0,0,0
2024-11-02,2024020178,SEA,away,8475831,Philipp Grubauer,31,G,True,L,58:06,22,20,2,0.909091,13/15,6/6,1/1,20/22,2,0,0,0
2024-11-02,2024020178,SEA,away,8478916,Joey Daccord,35,G,False,,00:00,0,0,0,,0/0,0/0,0/0,0/0,0,0,0,0
2024-11-02,2024020179,DET,home,8479312,Alex Lyon,34,G,False,,00:00,0,0,0,,0/0,0/0,0/0,0/0,0,0,0,0
2024-11-02,2024020179,DET,home,8475660,Cam Talbot,39,G,True,W,60:00,32,31,1,0.96875,27/27,3/3,1/2,31/32,0,0,1,0
2024-11-02,2024020179,BUF,away,8480045,Ukko-Pekka Luukkonen,1,G,True,L,57:20,23,21,2,0.913043,19/19,2/4,0/0,21/23,0,2,0,0
2024-11-02,2024020179,BUF,away,8482221,Devon Levi,27,G,False,,00:00,0,0,0,,0/0,0/0,0/0,0/0,0,0,0,0
2024-11-02,2024020180,PIT,home,8482446,Joel Blomqvist,30,G,False,,00:00,0,0,0,,0/0,0/0,0/0,0/0,0,0,0,0
2024-11-02,2024020180,PIT,home,8477968,Alex Nedeljkovic,39,G,True,W,60:00,26,25,1,0.961538,23/24,2/2,0/0,25/26,1,0,0,0
2024-11-02,2024020180,MTL,away,8480051,Cayden Primeau,30,G,False,,00:00,0,0,0,,0/0,0/0,0/0,0/0,0,0,0,0
2024-11-02,2024020180,MTL,away,8478470,Samuel Montembeault,35,G,True,L,58:15,23,21,2,0.913043,18/19,3/4,0/0,21/23,1,1,0,0
2024-11-02,2024020181,STL,home,8480981,Joel Hofer,30,G,False,,00:00,0,0,0,,0/0,0/0,0/0,0/0,0,0,0,0
2024-11-02,2024020181,STL,home,8476412,Jordan Binnington,50,G,True,W,59:39,37,35,2,0.945946,31/33,3/3,1/1,35/37,2,0,0,0
2024-11-02,2024020181,TOR,away,8476932,Anthony Stolarz,41,G,False,,00:00,0,0,0,,0/0,0/0,0/0,0/0,0,0,0,0
2024-11-02,2024020181,TOR,away,8479361,Joseph Woll,60,G,True,L,59:04,23,20,3,0.869565,17/20,3/3,0/0,20/23,3,0,0,0
2024-11-02,2024020182,NSH,home,8475809,Scott Wedgewood,41,G,False,,00:00,0,0,0,,0/0,0/0,0/0,0/0,0,0,0,0
2024-11-02,2024020182,NSH,home,8477424,Juuse Saros,74,G,True,W,60:00,31,29,2,0.935484,26/27,3/4,0/0,29/31,1,1,0,0
2024-11-02,2024020182,COL,away,8480382,Alexandar Georgiev,40,G,False,,00:00,0,0,0,,0/0,0/0,0/0,0/0,0,0,0,0
2024-11-02,2024020182,COL,away,8481020,Justus Annunen,60,G,True,L,58:22,24,21,3,0.875,21/22,0/2,0/0,21/24,1,2,0,0
2024-11-02,2024020183,VGK,home,8478499,Adin Hill,33,G,True,W,62:15,19,16,3,0.842105,16/19,0/0,0/0,16/19,3,0,0,0
2024-11-02,2024020183,VGK,home,8481033,Akira Schmid,40,G,False,,00:00,0,0,0,,0/0,0/0,0/0,0/0,0,0,0,0
2024-11-02,2024020183,UTA,away,8478971,Connor Ingram,39,G,True,O,62:15,35,31,4,0.885714,30/34,1/1,0/0,31/35,4,0,0,0
2024-11-02,2024020183,UTA,away,8478872,Karel Vejmelka,70,G,False,,00:00,0,0,0,,0/0,0/0,0/0,0/0,0,0,0,0
2024-11-02,2024020184,SJS,home,8478406,Mackenzie Blackwood,29,G,True,L,58:52,28,25,3,0.892857,22/25,2/2,1/1,25/28,3,0,0,0
2024-11-02,2024020184,SJS,home,8477970,Vitek Vanecek,41,G,False,,00:00,0,0,0,,0/0,0/0,0/0,0/0,0,0,0,0
2024-11-02,2024020184,VAN,away,8481668,Arturs Silovs,31,G,False,,00:00,0,0,0,,0/0,0/0,0/0,0/0,0,0,0,0
2024-11-02,2024020184,VAN,away,8480947,Kevin Lankinen,32,G,True,W,59:59,23,21,2,0.913043,21/23,0/0,0/0,21/23,2,0,0,0
2024-11-03,2024020185,NYR,home,8478048,Igor Shesterkin,31,G,True,W,60:00,37,35,2,0.945946,29/31,5/5,1/1,35/37,2,0,0,0
2024-11-03,2024020185,NYR,home,8471734,Jonathan Quick,32,G,False,,00:00,0,0,0,,0/0,0/0,0/0,0/0,0,0,0,0
2024-11-03,2024020185,NYI,away,8478009,Ilya Sorokin,30,G,True,L,59:31,39,35,4,0.897436,28/30,4/5,3/4,35/39,2,1,1,0
2024-11-03,2024020185,NYI,away,8473575,Semyon Varlamov,40,G,False,,00:00,0,0,0,,0/0,0/0,0/0,0/0,0,0,0,0
2024-11-03,2024020186,WPG,home,8477480,Eric Comrie,1,G,False,,00:00,0,0,0,,0/0,0/0,0/0,0/0,0,0,0,0
2024-11-03,2024020186,WPG,home,8476945,Connor Hellebuyck,37,G,True,W,60:00,30,26,4,0.866667,21/24,3/4,2/2,26/30,3,1,0,0
2024-11-03,2024020186,TBL,away,8477992,Jonas Johansson,31,G,True,L,58:06,32,27,5,0.84375,23/27,4/5,0/0,27/32,4,1,0,0
2024-11-03,2024020186,TBL,away,8476883,Andrei Vasilevskiy,88,G,False,,00:00,0,0,0,,0/0,0/0,0/0,0/0,0,0,0,0
2024-11-03,2024020187,BOS,home,8480280,Jeremy Swayman,1,G,True,W,59:37,23,23,0,1.0,18/18,2/2,3/3,23/23,0,0,0,0
2024-11-03,2024020187,BOS,home,8476914,Joonas Korpisalo,70,G,False,,00:00,0,0,0,,0/0,0/0,0/0,0/0,0,0,0,0
2024-11-03,2024020187,SEA,away,8475831,Philipp Grubauer,31,G,False,,00:00,0,0,0,,0/0,0/0,0/0,0/0,0,0,0,0
2024-11-03,2024020187,SEA,away,8478916,Joey Daccord,35,G,True,L,56:31,33,31,2,0.939394,23/24,8/9,0/0,31/33,1,1,0,0
2024-11-03,2024020188,CAR,home,8477484,Spencer Martin,41,G,False,,00:00,0,0,0,,0/0,0/0,0/0,0/0,0,0,0,0
2024-11-03,2024020188,CAR,home,8481611,Pyotr Kochetkov,52,G,True,W,60:00,21,19,2,0.904762,15/16,3/4,1/1,19/21,1,1,0,0
2024-11-03,2024020188,WSH,away,8480313,Logan Thompson,48,G,False,,00:00,0,0,0,,0/0,0/0,0/0,0/0,0,0,0,0
2024-11-03,2024020188,WSH,away,8479292,Charlie Lindgren,79,G,True,L,58:41,44,41,3,0.931818,33/36,7/7,1/1,41/44,3,0,0,0
2024-11-03,2024020189,MIN,home,8470594,Marc-Andre Fleury,29,G,False,,00:00,0,0,0,,0/0,0/0,0/0,0/0,0,0,0,0
2024-11-03,2024020189,MIN,home,8479406,Filip Gustavsson,32,G,True,W,61:50,28,27,1,0.964286,20/20,5/6,2/2,27/28,0,1,0,0
2024-11-03,2024020189,TOR,away,8476932,Anthony Stolarz,41,G,True,O,62:14,33,31,2,0.939394,28/30,3/3,0/0,31/33,2,0,0,0
2024-11-03,2024020189,TOR,away,8479361,Joseph Woll,60,G,False,,00:00,0,0,0,,0/0,0/0,0/0,0/0,0,0,0,0
2024-11-03,2024020190,CGY,home,8481692,Dustin Wolf,32,G,False,,00:00,0,0,0,,0/0,0/0,0/0,0/0,0,0,0,0
2024-11-03,2024020190,CGY,home,8478435,Dan Vladar,80,G,True,L,58:21,30,27,3,0.9,26/28,1/2,0/0,27/30,2,1,0,0
2024-11-03,2024020190,EDM,away,8475717,Calvin Pickard,30,G,False,,00:00,0,0,0,,0/0,0/0,0/0,0/0,0,0,0,0
2024-11-03,2024020190,EDM,away,8479973,Stuart Skinner,74,G,True,W,60:00,31,29,2,0.935484,25/26,1/2,3/3,29/31,1,1,0,0
2024-11-03,2024020191,ANA,home,8480843,Lukas Dostal,1,G,True,L,58:32,29,25,4,0.862069,20/22,5/7,0/0,25/29,2,2,0,0
2024-11-03,2024020191,ANA,home,8473503,James Reimer,47,G,False,,00:00,0,0,0,,0/0,0/0,0/0,0/0,0,0,0,0
2024-11-03,2024020191,CHI,away,8475852,Petr Mrazek,34,G,False,,00:00,0,0,0,,0/0,0/0,0/0,0/0,0,0,0,0
2024-11-03,2024020191,CHI,away,8482821,Arvid Soderblom,40,G,True,W,59:56,40,38,2,0.95,31/32,7/8,0/0,38/40,1,1,0,0
2024-11-04,2024020192,NSH,home,8475809,Scott Wedgewood,41,G,False,,00:00,0,0,0,,0/0,0/0,0/0,0/0,0,0,0,0
2024-11-04,2024020192,NSH,home,8477424,Juuse Saros,74,G,True,L,58:57,26,24,2,0.923077,18/20,5/5,1/1,24/26,2,0,0,0
2024-11-04,2024020192,LAK,away,8479496,David Rittich,31,G,False,,00:00,0,0,0,,0/0,0/0,0/0,0/0,0,0,0,0
2024-11-04,2024020192,LAK,away,8475311,Darcy Kuemper,35,G,True,W,60:00,16,16,0,1.0,16/16,0/0,0/0,16/16,0,0,0,0
2024-11-04,2024020193,EDM,home,8475717,Calvin Pickard,30,G,True,L,56:56,16,13,3,0.8125,12/14,0/1,1/1,13/16,2,1,0,0
2024-11-04,2024020193,EDM,home,8479973,Stuart Skinner,74,G,False,,00:00,0,0,0,,0/0,0/0,0/0,0/0,0,0,0,0
2024-11-04,2024020193,NJD,away,8474593,Jacob Markstrom,25,G,False,,00:00,0,0,0,,0/0,0/0,0/0,0/0,0,0,0,0
2024-11-04,2024020193,NJD,away,8474596,Jake Allen,34,G,True,W,60:00,31,31,0,1.0,28/28,3/3,0/0,31/31,0,0,0,0
2024-11-05,2024020194,BUF,home,8480045,Ukko-Pekka Luukkonen,1,G,True,W,60:00,38,37,1,0.973684,29/30,6/6,2/2,37/38,1,0,0,0
2024-11-05,2024020194,BUF,home,8482221,Devon Levi,27,G,False,,00:00,0,0,0,,0/0,0/0,0/0,0/0,0,0,0,0
2024-11-05,2024020194,OTT,away,8476341,Anton Forsberg,31,G,False,,00:00,0,0,0,,0/0,0/0,0/0,0/0,0,0,0,0
2024-11-05,2024020194,OTT,away,8476999,Linus Ullmark,35,G,True,L,60:00,34,29,5,0.852941,25/28,4/6,0/0,29/34,3,2,0,0
2024-11-05,2024020195,TOR,home,8476932,Anthony Stolarz,41,G,True,W,59:45,29,29,0,1.0,14/14,12/12,3/3,29/29,0,0,0,0
2024-11-05,2024020195,TOR,home,8479361,Joseph Woll,60,G,False,,00:00,0,0,0,,0/0,0/0,0/0,0/0,0,0,0,0
2024-11-05,2024020195,BOS,away,8480280,Jeremy Swayman,1,G,True,L,59:31,26,23,3,0.884615,18/18,3/6,2/2,23/26,0,3,0,0
2024-11-05,2024020195,BOS,away,8476914,Joonas Korpisalo,70,G,False,,00:00,0,0,0,,0/0,0/0,0/0,0/0,0,0,0,0
2024-11-05,2024020196,MTL,home,8480051,Cayden Primeau,30,G,False,,00:00,0,0,0,,0/0,0/0,0/0,0/0,0,0,0,0
2024-11-05,2024020196,MTL,home,8478470,Samuel Montembeault,35,G,True,O,60:00,35,32,3,0.914286,30/33,1/1,1/1,32/35,3,0,0,0
2024-11-05,2024020196,CGY,away,8481692,Dustin Wolf,32,G,True,W,60:07,24,22,2,0.916667,19/19,3/4,0/1,22/24,0,1,1,0
2024-11-05,2024020196,CGY,away,8478435,Dan Vladar,80,G,False,,00:00,0,0,0,,0/0,0/0,0/0,0/0,0,0,0,0
2024-11-05,2024020197,CAR,home,8477484,Spencer Martin,41,G,False,,00:00,0,0,0,,0/0,0/0,0/0,0/0,0,0,0,0
2024-11-05,2024020197,CAR,home,8481611,Pyotr Kochetkov,52,G,True,W,60:00,16,12,4,0.75,11/14,1/2,0/0,12/16,3,1,0,0
2024-11-05,2024020197,PHI,away,8482783,Aleksei Kolosov,35,G,True,L,58:54,34,29,5,0.852941,24/29,4/4,1/1,29/34,5,0,0,0
2024-11-05,2024020197,PHI,away,8478905,Ivan Fedotov,82,G,False,,00:00,0,0,0,,0/0,0/0,0/0,0/0,0,0,0,0
2024-11-05,2024020198,NYI,home,8478009,Ilya Sorokin,30,G,True,W,65:00,35,32,3,0.914286,28/30,4/5,0/0,32/35,2,1,0,0
2024-11-05,2024020198,NYI,home,8473575,Semyon Varlamov,40,G,False,,00:00,0,0,0,,0/0,0/0,0/0,0/0,0,0,0,0
2024-11-05,2024020198,PIT,away,8482446,Joel Blomqvist,30,G,False,,00:00,0,0,0,,0/0,0/0,0/0,0/0,0,0,0,0
2024-11-05,2024020198,PIT,away,8477968,Alex Nedeljkovic,39,G,True,O,64:54,26,23,3,0.884615,18/20,4/5,1/1,23/26,2,1,0,0
2024-11-05,2024020199,STL,home,8480981,Joel Hofer,30,G,False,,00:00,0,0,0,,0/0,0/0,0/0,0/0,0,0,0,0
2024-11-05,2024020199,STL,home,8476412,Jordan Binnington,50,G,True,W,60:00,23,21,2,0.913043,16/18,5/5,0/0,21/23,2,0,0,0
2024-11-05,2024020199,TBL,away,8477992,Jonas Johansson,31,G,False,,00:00,0,0,0,,0/0,0/0,0/0,0/0,0,0,0,0
2024-11-05,2024020199,TBL,away,8476883,Andrei Vasilevskiy,88,G,True,L,58:22,23,20,3,0.869565,20/23,0/0,0/0,20/23,3,0,0,0
2024-11-05,2024020200,MIN,home,8470594,Marc-Andre Fleury,29,G,False,,00:00,0,0,0,,0/0,0/0,0/0,0/0,0,0,0,0
2024-11-05,2024020200,MIN,home,8479406,Filip Gustavsson,32,G,True,L,59:32,27,23,4,0.851852,19/22,3/4,1/1,23/27,3,1,0,0
2024-11-05,2024020200,LAK,away,8479496,David Rittich,31,G,True,W,60:00,24,23,1,0.958333,19/20,4/4,0/0,23/24,1,0,0,0
2024-11-05,2024020200,LAK,away,8475311,Darcy Kuemper,35,G,False,,00:00,0,0,0,,0/0,0/0,0/0,0/0,0,0,0,0
2024-11-05,2024020201,WPG,home,8477480,Eric Comrie,1,G,False,,00:00,0,0,0,,0/0,0/0,0/0,0/0,0,0,0,0
2024-11-05,2024020201,WPG,home,8476945,Connor Hellebuyck,37,G,True,W,60:00,21,21,0,1.0,16/16,5/5,0/0,21/21,0,0,0,0
2024-11-05,2024020201,UTA,away,8478971,Connor Ingram,39,G,False,,00:00,0,0,0,,0/0,0/0,0/0,0/0,0,0,0,0
2024-11-05,2024020201,UTA,away,8478872,Karel Vejmelka,70,G,True,L,59:50,27,25,2,0.925926,25/26,0/1,0/0,25/27,1,1,0,0
2024-11-05,2024020202,COL,home,8480382,Alexandar Georgiev,40,G,False,,00:00,0,0,0,,0/0,0/0,0/0,0/0,0,0,0,0
2024-11-05,2024020202,COL,home,8481020,Justus Annunen,60,G,True,W,60:00,20,17,3,0.85,14/16,2/3,1/1,17/20,2,1,0,0
2024-11-05,2024020202,SEA,away,8475831,Philipp Grubauer,31,G,True,L,58:03,31,26,5,0.83871,16/18,9/12,1/1,26/31,2,3,0,0
2024-11-05,2024020202,SEA,away,8478916,Joey Daccord,35,G,False,,00:00,0,0,0,,0/0,0/0,0/0,0/0,0,0,0,0
2024-11-05,2024020203,ANA,home,8480843,Lukas Dostal,1,G,True,L,60:00,37,32,5,0.864865,22/26,7/8,3/3,32/37,4,1,0,0
2024-11-05,2024020203,ANA,home,8473503,James Reimer,47,G,False,,00:00,0,0,0,,0/0,0/0,0/0,0/0,0,0,0,0
2024-11-05,2024020203,VAN,away,8481668,Arturs Silovs,31,G,False,,00:00,0,0,0,,0/0,0/0,0/0,0/0,0,0,0,0
2024-11-05,2024020203,VAN,away,8480947,Kevin Lankinen,32,G,True,W,60:00,22,21,1,0.954545,12/12,9/10,0/0,21/22,0,1,0,0
2024-11-05,2024020204,SJS,home,8478406,Mackenzie Blackwood,29,G,False,,00:00,0,0,0,,0/0,0/0,0/0,0/0,0,0,0,0
2024-11-05,2024020204,SJS,home,8477970,Vitek Vanecek,41,G,True,W,63:03,50,49,1,0.98,42/43,5/5,2/2,49/50,1,0,0,0
2024-11-05,2024020204,CBJ,away,8480193,Daniil Tarasov,40,G,False,,00:00,0,0,0,,0/0,0/0,0/0,0/0,0,0,0,0
2024-11-05,2024020204,CBJ,away,8478007,Elvis Merzlikins,90,G,True,O,62:51,27,25,2,0.925926,23/25,2/2,0/0,25/27,2,0,0,0
2024-11-06,2024020205,WSH,home,8480313,Logan Thompson,48,G,True,W,60:00,35,33,2,0.942857,27/29,2/2,4/4,33/35,2,0,0,0
2024-11-06,2024020205,WSH,home,8479292,Charlie Lindgren,79,G,False,,00:00,0,0,0,,0/0,0/0,0/0,0/0,0,0,0,0
2024-11-06,2024020205,NSH,away,8475809,Scott Wedgewood,41,G,False,,00:00,0,0,0,,0/0,0/0,0/0,0/0,0,0,0,0
2024-11-06,2024020205,NSH,away,8477424,Juuse Saros,74,G,True,L,58:30,36,33,3,0.916667,28/31,4/4,1/1,33/36,3,0,0,0
2024-11-06,2024020206,CHI,home,8475852,Petr Mrazek,34,G,True,L,59:42,24,21,3,0.875,16/19,2/2,3/3,21/24,3,0,0,0
2024-11-06,2024020206,CHI,home,8482821,Arvid Soderblom,40,G,False,,00:00,0,0,0,,0/0,0/0,0/0,0/0,0,0,0,0
2024-11-06,2024020206,DET,away,8479312,Alex Lyon,34,G,False,,00:00,0,0,0,,0/0,0/0,0/0,0/0,0,0,0,0
2024-11-06,2024020206,DET,away,8475660,Cam Talbot,39,G,True,W,59:39,29,28,1,0.965517,24/25,1/1,3/3,28/29,1,0,0,0
2024-11-06,2024020207,EDM,home,8475717,Calvin Pickard,30,G,False,,00:00,0,0,0,,0/0,0/0,0/0,0/0,0,0,0,0
2024-11-06,2024020207,EDM,home,8479973,Stuart Skinner,74,G,True,L,59:20,34,31,3,0.911765,26/28,5/6,0/0,31/34,2,1,0,0
2024-11-06,2024020207,VGK,away,8478499,Adin Hill,33,G,True,W,60:00,29,27,2,0.931034,27/29,0/0,0/0,27/29,2,0,0,0
2024-11-06,2024020207,VGK,away,8481033,Akira Schmid,40,G,False,,00:00,0,0,0,,0/0,0/0,0/0,0/0,0,0,0,0
2024-11-07,2024020208,BOS,home,8480280,Jeremy Swayman,1,G,False,,00:00,0,0,0,,0/0,0/0,0/0,0/0,0,0,0,0
2024-11-07,2024020208,BOS,home,8476914,Joonas Korpisalo,70,G,True,W,64:35,37,34,3,0.918919,32/34,2/3,0/0,34/37,2,1,0,0
2024-11-07,2024020208,CGY,away,8481692,Dustin Wolf,32,G,True,O,64:36,38,34,4,0.894737,28/32,5/5,1/1,34/38,4,0,0,2
2024-11-07,2024020208,CGY,away,8478435,Dan Vladar,80,G,False,,00:00,0,0,0,,0/0,0/0,0/0,0/0,0,0,0,0
2024-11-07,2024020209,OTT,home,8476341,Anton Forsberg,31,G,True,L,58:30,24,21,3,0.875,21/24,0/0,0/0,21/24,3,0,0,0
2024-11-07,2024020209,OTT,home,8476999,Linus Ullmark,35,G,False,,00:00,0,0,0,,0/0,0/0,0/0,0/0,0,0,0,0
2024-11-07,2024020209,NYI,away,8478009,Ilya Sorokin,30,G,False,,00:00,0,0,0,,0/0,0/0,0/0,0/0,0,0,0,0
2024-11-07,2024020209,NYI,away,8473575,Semyon Varlamov,40,G,True,W,60:00,30,28,2,0.933333,25/26,3/4,0/0,28/30,1,1,0,0
2024-11-07,2024020211,FLA,home,8481519,Spencer Knight,30,G,False,,00:00,0,0,0,,0/0,0/0,0/0,0/0,0,0,0,0
2024-11-07,2024020211,FLA,home,8475683,Sergei Bobrovsky,72,G,True,W,59:42,18,16,2,0.888889,9/10,7/8,0/0,16/18,1,1,0,0
2024-11-07,2024020211,NSH,away,8475809,Scott Wedgewood,41,G,True,L,59:45,34,28,6,0.823529,22/26,6/8,0/0,28/34,4,2,0,0
2024-11-07,2024020211,NSH,away,8477424,Juuse Saros,74,G,False,,00:00,0,0,0,,0/0,0/0,0/0,0/0,0,0,0,0
2024-11-07,2024020212,NJD,home,8474593,Jacob Markstrom,25,G,True,W,59:51,24,21,3,0.875,20/23,0/0,1/1,21/24,3,0,0,0
2024-11-07,2024020212,NJD,home,8474596,Jake Allen,34,G,False,,00:00,0,0,0,,0/0,0/0,0/0,0/0,0,0,0,0
2024-11-07,2024020212,MTL,away,8480051,Cayden Primeau,30,G,False,,00:00,0,0,0,,0/0,0/0,0/0,0/0,0,0,0,0
2024-11-07,2024020212,MTL,away,8478470,Samuel Montembeault,35,G,True,L,58:11,26,22,4,0.846154,17/21,5/5,0/0,22/26,4,0,0,0
2024-11-07,2024020213,NYR,home,8478048,Igor Shesterkin,31,G,True,L,33:11,12,7,5,0.583333,4/9,3/3,0/0,7/12,5,0,0,0
2024-11-07,2024020213,NYR,home,8471734,Jonathan Quick,32,G,False,,25:57,10,9,1,0.9,5/5,4/5,0/0,9/10,0,1,0,0
2024-11-07,2024020213,BUF,away,8480045,Ukko-Pekka Luukkonen,1,G,True,W,60:00,26,25,1,0.961538,16/17,8/8,1/1,25/26,1,0,0,0
2024-11-07,2024020213,BUF,away,8482221,Devon Levi,27,G,False,,00:00,0,0,0,,0/0,0/0,0/0,0/0,0,0,0,0
2024-11-07,2024020214,CAR,home,8477484,Spencer Martin,41,G,False,,00:00,0,0,0,,0/0,0/0,0/0,0/0,0,0,0,0
2024-11-07,2024020214,CAR,home,8481611,Pyotr Kochetkov,52,G,True,W,60:00,36,35,1,0.972222,24/25,10/10,1/1,35/36,1,0,0,0
2024-11-07,2024020214,PIT,away,8482446,Joel Blomqvist,30,G,False,,00:00,0,0,0,,0/0,0/0,0/0,0/0,0,0,0,0
2024-11-07,2024020214,PIT,away,8477968,Alex Nedeljkovic,39,G,True,L,59:56,18,13,5,0.722222,10/15,3/3,0/0,13/18,5,0,0,0
2024-11-07,2024020210,TBL,home,8477992,Jonas Johansson,31,G,False,,00:00,0,0,0,,0/0,0/0,0/0,0/0,0,0,0,0
2024-11-07,2024020210,TBL,home,8476883,Andrei Vasilevskiy,88,G,True,O,65:00,31,30,1,0.967742,25/26,3/3,2/2,30/31,1,0,0,0
2024-11-07,2024020210,PHI,away,8483182,Kyle Konin,72,G,False,,00:00,0,0,0,,0/0,0/0,0/0,0/0,0,0,0,0
2024-11-07,2024020210,PHI,away,8478905,Ivan Fedotov,82,G,True,W,65:00,23,22,1,0.956522,21/22,1/1,0/0,22/23,1,0,0,0
2024-11-07,2024020215,STL,home,8480981,Joel Hofer,30,G,True,L,58:09,30,27,3,0.9,25/28,1/1,1/1,27/30,3,0,0,0
2024-11-07,2024020215,STL,home,8476412,Jordan Binnington,50,G,False,,00:00,0,0,0,,0/0,0/0,0/0,0/0,0,0,0,0
2024-11-07,2024020215,UTA,away,8478971,Connor Ingram,39,G,True,W,60:00,15,13,2,0.866667,10/12,2/2,1/1,13/15,2,0,0,0
2024-11-07,2024020215,UTA,away,8478872,Karel Vejmelka,70,G,False,,00:00,0,0,0,,0/0,0/0,0/0,0/0,0,0,0,0
2024-11-07,2024020216,DAL,home,8479193,Casey DeSmith,1,G,False,,00:00,0,0,0,,0/0,0/0,0/0,0/0,0,0,0,0
2024-11-07,2024020216,DAL,home,8479979,Jake Oettinger,29,G,True,W,59:28,26,25,1,0.961538,22/22,3/4,0/0,25/26,0,1,0,0
2024-11-07,2024020216,CHI,away,8475852,Petr Mrazek,34,G,False,,00:00,0,0,0,,0/0,0/0,0/0,0/0,0,0,0,0
2024-11-07,2024020216,CHI,away,8482821,Arvid Soderblom,40,G,True,L,59:27,39,37,2,0.948718,32/34,5/5,0/0,37/39,2,0,0,0
2024-11-07,2024020217,WPG,home,8477480,Eric Comrie,1,G,False,,00:00,0,0,0,,0/0,0/0,0/0,0/0,0,0,0,0
2024-11-07,2024020217,WPG,home,8476945,Connor Hellebuyck,37,G,True,W,59:45,35,35,0,1.0,33/33,2/2,0/0,35/35,0,0,0,0
2024-11-07,2024020217,COL,away,8480382,Alexandar Georgiev,40,G,True,L,57:09,28,27,1,0.964286,23/24,4/4,0/0,27/28,1,0,0,0
2024-11-07,2024020217,COL,away,8481020,Justus Annunen,60,G,False,,00:00,0,0,0,,0/0,0/0,0/0,0/0,0,0,0,0
2024-11-07,2024020218,LAK,home,8479496,David Rittich,31,G,False,,00:00,0,0,0,,0/0,0/0,0/0,0/0,0,0,0,0
2024-11-07,2024020218,LAK,home,8475311,Darcy Kuemper,35,G,True,L,58:01,22,20,3,0.909091,14/16,5/5,1/1,20/22,2,1,0,0
2024-11-07,2024020218,VAN,away,8481668,Arturs Silovs,31,G,False,,00:00,0,0,0,,0/0,0/0,0/0,0/0,0,0,0,0
2024-11-07,2024020218,VAN,away,8480947,Kevin Lankinen,32,G,True,W,60:00,28,26,2,0.928571,17/19,9/9,0/0,26/28,2,0,0,0
2024-11-07,2024020219,SJS,home,8478406,Mackenzie Blackwood,29,G,False,,00:00,0,0,0,,0/0,0/0,0/0,0/0,0,0,0,0
2024-11-07,2024020219,SJS,home,8477970,Vitek Vanecek,41,G,True,L,59:17,30,26,4,0.866667,20/23,5/6,1/1,26/30,3,1,0,0
2024-11-07,2024020219,MIN,away,8470594,Marc-Andre Fleury,29,G,True,W,59:48,26,24,2,0.923077,17/19,6/6,1/1,24/26,2,0,0,0
2024-11-07,2024020219,MIN,away,8479406,Filip Gustavsson,32,G,False,,00:00,0,0,0,,0/0,0/0,0/0,0/0,0,0,0,0
2024-11-08,2024020220,TOR,home,8476932,Anthony Stolarz,41,G,True,W,60:00,22,21,1,0.954545,19/19,2/3,0/0,21/22,0,1,0,0
2024-11-08,2024020220,TOR,home,8479361,Joseph Woll,60,G,False,,00:00,0,0,0,,0/0,0/0,0/0,0/0,0,0,0,0
2024-11-08,2024020220,DET,away,8478024,Ville Husso,35,G,False,,00:00,0,0,0,,0/0,0/0,0/0,0/0,0,0,0,0
2024-11-08,2024020220,DET,away,8475660,Cam Talbot,39,G,True,L,58:45,19,17,2,0.894737,15/15,2/4,0/0,17/19,0,2,0,0
2024-11-08,2024020221,WSH,home,8480313,Logan Thompson,48,G,False,,00:00,0,0,0,,0/0,0/0,0/0,0/0,0,0,0,0
2024-11-08,2024020221,WSH,home,8479292,Charlie Lindgren,79,G,True,L,57:16,31,28,3,0.903226,26/29,2/2,0/0,28/31,3,0,0,0
2024-11-08,2024020221,PIT,away,8482446,Joel Blomqvist,30,G,True,W,59:35,34,32,2,0.941176,25/27,7/7,0/0,32/34,2,0,0,0
2024-11-08,2024020221,PIT,away,8477968,Alex Nedeljkovic,39,G,False,,00:00,0,0,0,,0/0,0/0,0/0,0/0,0,0,0,0
2024-11-08,2024020222,ANA,home,8480843,Lukas Dostal,1,G,True,L,59:51,31,26,5,0.83871,20/24,4/5,2/2,26/31,4,1,0,0
2024-11-08,2024020222,ANA,home,8476434,John Gibson,36,G,False,,00:00,0,0,0,,0/0,0/0,0/0,0/0,0,0,0,0
2024-11-08,2024020222,MIN,away,8470594,Marc-Andre Fleury,29,G,False,,00:00,0,0,0,,0/0,0/0,0/0,0/0,0,0,0,0
2024-11-08,2024020222,MIN,away,8479406,Filip Gustavsson,32,G,True,W,59:46,35,33,2,0.942857,25/27,7/7,1/1,33/35,2,0,0,0
2024-11-08,2024020223,SEA,home,8478848,Ales Stezka,30,G,False,,00:00,0,0,0,,0/0,0/0,0/0,0/0,0,0,0,0
2024-11-08,2024020223,SEA,home,8478916,Joey Daccord,35,G,True,W,60:29,24,21,3,0.875,18/20,3/4,0/0,21/24,2,1,0,0
2024-11-08,2024020223,VGK,away,8478499,Adin Hill,33,G,True,O,58:25,32,28,4,0.875,24/28,2/2,2/2,28/32,4,0,0,0
2024-11-08,2024020223,VGK,away,8481033,Akira Schmid,40,G,False,,00:00,0,0,0,,0/0,0/0,0/0,0/0,0,0,0,0
2024-11-09,2024020224,BUF,home,8480045,Ukko-Pekka Luukkonen,1,G,True,W,65:00,26,24,2,0.923077,22/24,2/2,0/0,24/26,2,0,0,0
2024-11-09,2024020224,BUF,home,8482221,Devon Levi,27,G,False,,00:00,0,0,0,,0/0,0/0,0/0,0/0,0,0,0,0
2024-11-09,2024020224,CGY,away,8481692,Dustin Wolf,32,G,False,,00:00,0,0,0,,0/0,0/0,0/0,0/0,0,0,0,0
2024-11-09,2024020224,CGY,away,8478435,Dan Vladar,80,G,True,O,65:00,19,17,2,0.894737,15/16,2/3,0/0,17/19,1,1,0,0
2024-11-09,2024020230,WPG,home,8477480,Eric Comrie,1,G,False,,00:00,0,0,0,,0/0,0/0,0/0,0/0,0,0,0,0
2024-11-09,2024020230,WPG,home,8476945,Connor Hellebuyck,37,G,True,W,60:00,33,32,1,0.969697,21/22,9/9,2/2,32/33,1,0,0,0
2024-11-09,2024020230,DAL,away,8479193,Casey DeSmith,1,G,False,,30:39,10,10,0,1.0,9/9,1/1,0/0,10/10,0,0,0,0
2024-11-09,2024020230,DAL,away,8479979,Jake Oettinger,29,G,True,L,29:21,15,11,4,0.733333,5/7,6/8,0/0,11/15,2,2,0,0
2024-11-09,2024020225,FLA,home,8481519,Spencer Knight,30,G,False,,00:00,0,0,0,,0/0,0/0,0/0,0/0,0,0,0,0
2024-11-09,2024020225,FLA,home,8475683,Sergei Bobrovsky,72,G,True,W,65:00,37,34,3,0.918919,30/33,4/4,0/0,34/37,3,0,0,0
2024-11-09,2024020225,PHI,away,8481035,Samuel Ersson,33,G,True,O,64:47,31,28,3,0.903226,26/29,1/1,1/1,28/31,3,0,0,0
2024-11-09,2024020225,PHI,away,8478905,Ivan Fedotov,82,G,False,,00:00,0,0,0,,0/0,0/0,0/0,0/0,0,0,0,0
2024-11-09,2024020226,BOS,home,8480280,Jeremy Swayman,1,G,True,O,60:21,34,31,3,0.911765,25/27,5/6,1/1,31/34,2,1,0,0
2024-11-09,2024020226,BOS,home,8476914,Joonas Korpisalo,70,G,False,,00:00,0,0,0,,0/0,0/0,0/0,0/0,0,0,0,0
2024-11-09,2024020226,OTT,away,8476341,Anton Forsberg,31,G,False,,00:00,0,0,0,,0/0,0/0,0/0,0/0,0,0,0,0
2024-11-09,2024020226,OTT,away,8476999,Linus Ullmark,35,G,True,W,60:21,16,14,2,0.875,10/12,4/4,0/0,14/16,2,0,0,0
2024-11-09,2024020227,TOR,home,8476932,Anthony Stolarz,41,G,False,,00:00,0,0,0,,0/0,0/0,0/0,0/0,0,0,0,0
2024-11-09,2024020227,TOR,home,8479361,Joseph Woll,60,G,True,W,60:00,21,20,1,0.952381,18/18,2/3,0/0,20/21,0,1,0,0
2024-11-09,2024020227,MTL,away,8480051,Cayden Primeau,30,G,False,,00:00,0,0,0,,0/0,0/0,0/0,0/0,0,0,0,0
2024-11-09,2024020227,MTL,away,8478470,Samuel Montembeault,35,G,True,L,60:00,27,23,4,0.851852,16/17,6/8,1/2,23/27,1,2,1,0
2024-11-09,2024020228,DET,home,8478024,Ville Husso,35,G,True,L,59:33,23,20,3,0.869565,20/22,0/1,0/0,20/23,2,1,0,0
2024-11-09,2024020228,DET,home,8475660,Cam Talbot,39,G,False,,00:00,0,0,0,,0/0,0/0,0/0,0/0,0,0,0,0
2024-11-09,2024020228,NYR,away,8478048,Igor Shesterkin,31,G,False,,00:00,0,0,0,,0/0,0/0,0/0,0/0,0,0,0,0
2024-11-09,2024020228,NYR,away,8471734,Jonathan Quick,32,G,True,W,60:00,37,37,0,1.0,33/33,4/4,0/0,37/37,0,0,0,0
2024-11-09,2024020229,STL,home,8480981,Joel Hofer,30,G,False,,00:00,0,0,0,,0/0,0/0,0/0,0/0,0,0,0,0
2024-11-09,2024020229,STL,home,8476412,Jordan Binnington,50,G,True,L,60:00,27,19,8,0.703704,14/20,3/5,2/2,19/27,6,2,0,0
2024-11-09,2024020229,WSH,away,8480313,Logan Thompson,48,G,True,W,60:00,25,24,1,0.96,16/17,8/8,0/0,24/25,1,0,0,0
2024-11-09,2024020229,WSH,away,8479292,Charlie Lindgren,79,G,False,,00:00,0,0,0,,0/0,0/0,0/0,0/0,0,0,0,0
2024-11-09,2024020231,NYI,home,8478009,Ilya Sorokin,30,G,True,O,62:35,33,29,4,0.878788,24/27,5/6,0/0,29/33,3,1,0,0
2024-11-09,2024020231,NYI,home,8473575,Semyon Varlamov,40,G,False,,00:00,0,0,0,,0/0,0/0,0/0,0/0,0,0,0,0
2024-11-09,2024020231,NJD,away,8474593,Jacob Markstrom,25,G,True,W,62:07,22,19,3,0.863636,19/22,0/0,0/0,19/22,3,0,0,0
2024-11-09,2024020231,NJD,away,8474596,Jake Allen,34,G,False,,00:00,0,0,0,,0/0,0/0,0/0,0/0,0,0,0,0
2024-11-09,2024020232,NSH,home,8475809,Scott Wedgewood,41,G,False,,00:00,0,0,0,,0/0,0/0,0/0,0/0,0,0,0,0
2024-11-09,2024020232,NSH,home,8477424,Juuse Saros,74,G,True,W,59:48,27,27,0,1.0,25/25,2/2,0/0,27/27,0,0,0,0
2024-11-09,2024020232,UTA,away,8478971,Connor Ingram,39,G,True,L,57:24,20,17,3,0.85,13/14,4/6,0/0,17/20,1,2,0,0
2024-11-09,2024020232,UTA,away,8478872,Karel Vejmelka,70,G,False,,00:00,0,0,0,,0/0,0/0,0/0,0/0,0,0,0,0
2024-11-09,2024020233,COL,home,8480382,Alexandar Georgiev,40,G,True,W,60:00,31,27,4,0.870968,20/23,6/7,1/1,27/31,3,1,0,0
2024-11-09,2024020233,COL,home,8481020,Justus Annunen,60,G,False,,00:00,0,0,0,,0/0,0/0,0/0,0/0,0,0,0,0
2024-11-09,2024020233,CAR,away,8477484,Spencer Martin,41,G,True,L,58:23,28,23,5,0.821429,17/20,6/7,0/1,23/28,3,1,1,0
2024-11-09,2024020233,CAR,away,8481611,Pyotr Kochetkov,52,G,False,,00:00,0,0,0,,0/0,0/0,0/0,0/0,0,0,0,0
2024-11-09,2024020234,LAK,home,8479496,David Rittich,31,G,True,W,59:40,26,24,2,0.923077,19/20,5/6,0/0,24/26,1,1,0,0
2024-11-09,2024020234,LAK,home,8475311,Darcy Kuemper,35,G,False,,00:00,0,0,0,,0/0,0/0,0/0,0/0,0,0,0,0
2024-11-09,2024020234,CBJ,away,8480193,Daniil Tarasov,40,G,False,,00:00,0,0,0,,0/0,0/0,0/0,0/0,0,0,0,0
2024-11-09,2024020234,CBJ,away,8478007,Elvis Merzlikins,90,G,True,L,58:36,22,18,4,0.818182,13/16,5/5,0/1,18/22,3,0,1,0
2024-11-09,2024020235,VAN,home,8481668,Arturs Silovs,31,G,False,,08:55,4,4,0,1.0,4/4,0/0,0/0,4/4,0,0,0,0
2024-11-09,2024020235,VAN,home,8480947,Kevin Lankinen,32,G,True,L,51:05,27,20,7,0.740741,14/20,5/6,1/1,20/27,6,1,0,0
2024-11-09,2024020235,EDM,away,8475717,Calvin Pickard,30,G,False,,00:00,0,0,0,,0/0,0/0,0/0,0/0,0,0,0,0
2024-11-09,2024020235,EDM,away,8479973,Stuart Skinner,74,G,True,W,60:00,20,17,3,0.85,16/18,1/2,0/0,17/20,2,1,0,0
2024-11-10,2024020236,NJD,home,8474593,Jacob Markstrom,25,G,False,,00:00,0,0,0,,0/0,0/0,0/0,0/0,0,0,0,0
2024-11-10,2024020236,NJD,home,8474596,Jake Allen,34,G,True,L,57:00,27,26,1,0.962963,23/24,2/2,1/1,26/27,1,0,0,0
2024-11-10,2024020236,SJS,away,8478406,Mackenzie Blackwood,29,G,True,W,59:57,44,44,0,1.0,34/34,7/7,3/3,44/44,0,0,0,0
2024-11-10,2024020236,SJS,away,8477970,Vitek Vanecek,41,G,False,,00:00,0,0,0,,0/0,0/0,0/0,0/0,0,0,0,0
2024-11-10,2024020237,CHI,home,8475852,Petr Mrazek,34,G,True,W,61:50,33,32,1,0.969697,22/23,9/9,1/1,32/33,1,0,0,0
2024-11-10,2024020237,CHI,home,8482821,Arvid Soderblom,40,G,False,,00:00,0,0,0,,0/0,0/0,0/0,0/0,0,0,0,0
2024-11-10,2024020237,MIN,away,8470594,Marc-Andre Fleury,29,G,False,,00:00,0,0,0,,0/0,0/0,0/0,0/0,0,0,0,0
2024-11-10,2024020237,MIN,away,8479406,Filip Gustavsson,32,G,True,O,61:38,22,20,2,0.909091,17/19,2/2,1/1,20/22,2,0,0,0
2024-11-10,2024020238,ANA,home,8480843,Lukas Dostal,1,G,False,,00:00,0,0,0,,0/0,0/0,0/0,0/0,0,0,0,0
2024-11-10,2024020238,ANA,home,8476434,John Gibson,36,G,True,W,60:00,40,38,2,0.95,34/35,3/4,1/1,38/40,1,1,0,0
2024-11-10,2024020238,CBJ,away,8480193,Daniil Tarasov,40,G,True,L,58:07,29,26,3,0.896552,19/22,7/7,0/0,26/29,3,0,0,0
2024-11-10,2024020238,CBJ,away,8478007,Elvis Merzlikins,90,G,False,,00:00,0,0,0,,0/0,0/0,0/0,0/0,0,0,0,0
2024-11-11,2024020239,BUF,home,8480045,Ukko-Pekka Luukkonen,1,G,True,,39:46,18,14,4,0.777778,9/12,4/5,1/1,14/18,3,1,0,0
2024-11-11,2024020239,BUF,home,8482221,Devon Levi,27,G,False,L,18:50,4,2,2,0.5,1/2,1/2,0/0,2/4,1,1,0,0
2024-11-11,2024020239,MTL,away,8480051,Cayden Primeau,30,G,True,,43:43,14,9,5,0.642857,4/8,4/5,1/1,9/14,4,1,0,0
2024-11-11,2024020239,MTL,away,8478470,Samuel Montembeault,35,G,False,W,16:09,4,4,0,1.0,2/2,2/2,0/0,4/4,0,0,0,0
2024-11-11,2024020240,PHI,home,8481035,Samuel Ersson,33,G,True,W,65:00,31,28,3,0.903226,19/22,8/8,1/1,28/31,3,0,0,0
2024-11-11,2024020240,PHI,home,8478905,Ivan Fedotov,82,G,False,,00:00,0,0,0,,0/0,0/0,0/0,0/0,0,0,0,0
2024-11-11,2024020240,SJS,away,8478406,Mackenzie Blackwood,29,G,False,,00:00,0,0,0,,0/0,0/0,0/0,0/0,0,0,0,0
2024-11-11,2024020240,SJS,away,8477970,Vitek Vanecek,41,G,True,O,65:00,43,40,3,0.930233,38/40,1/2,1/1,40/43,2,1,0,0
2024-11-11,2024020241,PIT,home,8482446,Joel Blomqvist,30,G,True,L,10:16,8,5,3,0.625,5/8,0/0,0/0,5/8,3,0,0,0
2024-11-11,2024020241,PIT,home,8477968,Alex Nedeljkovic,39,G,False,,49:44,32,28,4,0.875,18/20,7/9,3/3,28/32,2,2,0,0
2024-11-11,2024020241,DAL,away,8479193,Casey DeSmith,1,G,False,,00:00,0,0,0,,0/0,0/0,0/0,0/0,0,0,0,0
2024-11-11,2024020241,DAL,away,8479979,Jake Oettinger,29,G,True,W,59:30,21,20,1,0.952381,20/21,0/0,0/0,20/21,1,0,0,0
2024-11-11,2024020242,CGY,home,8481692,Dustin Wolf,32,G,True,W,59:57,29,28,1,0.965517,27/28,1/1,0/0,28/29,1,0,0,0
2024-11-11,2024020242,CGY,home,8478435,Dan Vladar,80,G,False,,00:00,0,0,0,,0/0,0/0,0/0,0/0,0,0,0,0
2024-11-11,2024020242,LAK,away,8479496,David Rittich,31,G,False,,00:00,0,0,0,,0/0,0/0,0/0,0/0,0,0,0,0
2024-11-11,2024020242,LAK,away,8475311,Darcy Kuemper,35,G,True,L,57:59,27,25,2,0.925926,20/22,5/5,0/0,25/27,2,0,0,0
2024-11-11,2024020243,COL,home,8480382,Alexandar Georgiev,40,G,True,W,62:47,30,28,2,0.933333,25/27,3/3,0/0,28/30,2,0,0,0
2024-11-11,2024020243,COL,home,8481020,Justus Annunen,60,G,False,,00:00,0,0,0,,0/0,0/0,0/0,0/0,0,0,0,0
2024-11-11,2024020243,NSH,away,8475809,Scott Wedgewood,41,G,False,,00:00,0,0,0,,0/0,0/0,0/0,0/0,0,0,0,0
2024-11-11,2024020243,NSH,away,8477424,Juuse Saros,74,G,True,O,62:44,32,29,3,0.90625,24/27,5/5,0/0,29/32,3,0,0,0
2024-11-11,2024020244,VGK,home,8478499,Adin Hill,33,G,True,L,26:13,21,17,4,0.809524,16/19,1/1,0/1,17/21,3,0,1,0
2024-11-11,2024020244,VGK,home,8481033,Akira Schmid,40,G,False,,33:25,12,12,0,1.0,7/7,5/5,0/0,12/12,0,0,0,0
2024-11-11,2024020244,CAR,away,8477484,Spencer Martin,41,G,False,,00:00,0,0,0,,0/0,0/0,0/0,0/0,0,0,0,0
2024-11-11,2024020244,CAR,away,8481611,Pyotr Kochetkov,52,G,True,W,60:00,32,30,2,0.9375,29/30,1/2,0/0,30/32,1,1,0,0
2024-11-12,2024020245,TOR,home,8476932,Anthony Stolarz,41,G,True,L,56:27,41,38,3,0.926829,34/37,4/4,0/0,38/41,3,0,0,0
2024-11-12,2024020245,TOR,home,8479361,Joseph Woll,60,G,False,,00:00,0,0,0,,0/0,0/0,0/0,0/0,0,0,0,0
2024-11-12,2024020245,OTT,away,8476341,Anton Forsberg,31,G,False,,00:00,0,0,0,,0/0,0/0,0/0,0/0,0,0,0,0
2024-11-12,2024020245,OTT,away,8476999,Linus Ullmark,35,G,True,W,60:00,27,27,0,1.0,20/20,7/7,0/0,27/27,0,0,0,0
2024-11-12,2024020247,NYR,home,8478048,Igor Shesterkin,31,G,True,L,58:14,32,27,5,0.84375,25/29,1/2,1/1,27/32,4,1,0,0
2024-11-12,2024020247,NYR,home,8471734,Jonathan Quick,32,G,False,,00:00,0,0,0,,0/0,0/0,0/0,0/0,0,0,0,0
2024-11-12,2024020247,WPG,away,8477480,Eric Comrie,1,G,False,,00:00,0,0,0,,0/0,0/0,0/0,0/0,0,0,0,0
2024-11-12,2024020247,WPG,away,8476945,Connor Hellebuyck,37,G,True,W,59:59,36,33,3,0.916667,28/30,4/5,1/1,33/36,2,1,0,0
2024-11-12,2024020246,FLA,home,8481519,Spencer Knight,30,G,True,L,58:02,23,20,3,0.869565,20/23,0/0,0/0,20/23,3,0,0,0
2024-11-12,2024020246,FLA,home,8475683,Sergei Bobrovsky,72,G,False,,00:00,0,0,0,,0/0,0/0,0/0,0/0,0,0,0,0
2024-11-12,2024020246,NJD,away,8474593,Jacob Markstrom,25,G,True,W,60:00,35,34,1,0.971429,31/31,2/3,1/1,34/35,0,1,0,0
2024-11-12,2024020246,NJD,away,8474596,Jake Allen,34,G,False,,00:00,0,0,0,,0/0,0/0,0/0,0/0,0,0,0,0
2024-11-12,2024020248,STL,home,8480981,Joel Hofer,30,G,False,,00:00,0,0,0,,0/0,0/0,0/0,0/0,0,0,0,0
2024-11-12,2024020248,STL,home,8476412,Jordan Binnington,50,G,True,L,58:27,30,27,3,0.9,19/22,8/8,0/0,27/30,3,0,0,0
2024-11-12,2024020248,BOS,away,8480280,Jeremy Swayman,1,G,True,W,60:00,22,20,2,0.909091,16/16,2/4,2/2,20/22,0,2,0,0
2024-11-12,2024020248,BOS,away,8476914,Joonas Korpisalo,70,G,False,,00:00,0,0,0,,0/0,0/0,0/0,0/0,0,0,0,0
2024-11-12,2024020249,EDM,home,8475717,Calvin Pickard,30,G,False,,00:00,0,0,0,,0/0,0/0,0/0,0/0,0,0,0,0
2024-11-12,2024020249,EDM,home,8479973,Stuart Skinner,74,G,True,W,61:51,22,19,3,0.863636,17/20,1/1,1/1,19/22,3,0,0,0
2024-11-12,2024020249,NYI,away,8478009,Ilya Sorokin,30,G,True,O,61:45,42,38,4,0.904762,35/38,3/4,0/0,38/42,3,1,0,0
2024-11-12,2024020249,NYI,away,8473575,Semyon Varlamov,40,G,False,,00:00,0,0,0,,0/0,0/0,0/0,0/0,0,0,0,0
2024-11-12,2024020250,VAN,home,8481668,Arturs Silovs,31,G,False,,00:00,0,0,0,,0/0,0/0,0/0,0/0,0,0,0,0
2024-11-12,2024020250,VAN,home,8480947,Kevin Lankinen,32,G,True,W,59:32,29,28,1,0.965517,24/25,2/2,2/2,28/29,1,0,0,0
2024-11-12,2024020250,CGY,away,8481692,Dustin Wolf,32,G,False,,00:00,0,0,0,,0/0,0/0,0/0,0/0,0,0,0,0
2024-11-12,2024020250,CGY,away,8478435,Dan Vladar,80,G,True,L,57:36,32,29,3,0.90625,26/28,2/3,1/1,29/32,2,1,0,0
2024-11-12,2024020251,SEA,home,8478848,Ales Stezka,30,G,False,,00:00,0,0,0,,0/0,0/0,0/0,0/0,0,0,0,0
2024-11-12,2024020251,SEA,home,8478916,Joey Daccord,35,G,True,W,60:00,40,38,2,0.95,35/37,0/0,3/3,38/40,2,0,0,0
2024-11-12,2024020251,CBJ,away,8480193,Daniil Tarasov,40,G,False,,00:00,0,0,0,,0/0,0/0,0/0,0/0,0,0,0,0
2024-11-12,2024020251,CBJ,away,8478007,Elvis Merzlikins,90,G,True,L,59:31,32,28,4,0.875,25/28,0/1,3/3,28/32,3,1,0,0
2024-11-13,2024020252,PIT,home,8477465,Tristan Jarry,35,G,False,,00:00,0,0,0,,0/0,0/0,0/0,0/0,0,0,0,0
2024-11-13,2024020252,PIT,home,8477968,Alex Nedeljkovic,39,G,True,O,61:30,31,28,3,0.903226,25/27,3/4,0/0,28/31,2,1,0,0
2024-11-13,2024020252,DET,away,8478024,Ville Husso,35,G,False,,00:00,0,0,0,,0/0,0/0,0/0,0/0,0,0,0,0
2024-11-13,2024020252,DET,away,8475660,Cam Talbot,39,G,True,W,61:30,33,31,2,0.939394,27/29,4/4,0/0,31/33,2,0,0,0
2024-11-13,2024020253,WSH,home,8480313,Logan Thompson,48,G,True,O,64:13,34,30,4,0.882353,30/33,0/1,0/0,30/34,3,1,0,0
2024-11-13,2024020253,WSH,home,8479292,Charlie Lindgren,79,G,False,,00:00,0,0,0,,0/0,0/0,0/0,0/0,0,0,0,0
2024-11-13,2024020253,TOR,away,8476932,Anthony Stolarz,41,G,False,,00:00,0,0,0,,0/0,0/0,0/0,0/0,0,0,0,0
2024-11-13,2024020253,TOR,away,8479361,Joseph Woll,60,G,True,W,62:54,27,24,3,0.888889,21/24,1/1,2/2,24/27,3,0,0,0
2024-11-13,2024020254,UTA,home,8478971,Connor Ingram,39,G,False,,00:00,0,0,0,,0/0,0/0,0/0,0/0,0,0,0,0
2024-11-13,2024020254,UTA,home,8478872,Karel Vejmelka,70,G,True,W,60:00,50,49,1,0.98,31/31,18/19,0/0,49/50,0,1,0,0
2024-11-13,2024020254,CAR,away,8477484,Spencer Martin,41,G,False,,10:55,3,2,1,0.666667,2/3,0/0,0/0,2/3,1,0,0,0
2024-11-13,2024020254,CAR,away,8481611,Pyotr Kochetkov,52,G,True,L,46:45,18,15,3,0.833333,14/17,1/1,0/0,15/18,3,0,0,0
2024-11-13,2024020255,COL,home,8480382,Alexandar Georgiev,40,G,True,W,60:00,15,13,2,0.866667,11/13,2/2,0/0,13/15,2,0,0,0
2024-11-13,2024020255,COL,home,8481020,Justus Annunen,60,G,False,,00:00,0,0,0,,0/0,0/0,0/0,0/0,0,0,0,0
2024-11-13,2024020255,LAK,away,8479496,David Rittich,31,G,False,L,14:41,5,4,1,0.8,4/5,0/0,0/0,4/5,1,0,0,0
2024-11-13,2024020255,LAK,away,8475311,Darcy Kuemper,35,G,True,,44:32,20,18,2,0.9,17/19,1/1,0/0,18/20,2,0,0,0
2024-11-13,2024020256,ANA,home,8480843,Lukas Dostal,1,G,True,L,59:46,39,36,3,0.923077,28/30,7/8,1/1,36/39,2,1,0,0
2024-11-13,2024020256,ANA,home,8476434,John Gibson,36,G,False,,00:00,0,0,0,,0/0,0/0,0/0,0/0,0,0,0,0
2024-11-13,2024020256,VGK,away,8478499,Adin Hill,33,G,True,W,60:00,24,22,2,0.916667,18/20,4/4,0/0,22/24,2,0,0,0
2024-11-13,2024020256,VGK,away,8481033,Akira Schmid,40,G,False,,00:00,0,0,0,,0/0,0/0,0/0,0/0,0,0,0,0
2024-11-14,2024020258,OTT,home,8476341,Anton Forsberg,31,G,False,,00:00,0,0,0,,0/0,0/0,0/0,0/0,0,0,0,0
2024-11-14,2024020258,OTT,home,8476999,Linus Ullmark,35,G,True,O,63:44,19,14,5,0.736842,13/18,1/1,0/0,14/19,5,0,0,0
2024-11-14,2024020258,PHI,away,8482783,Aleksei Kolosov,35,G,False,,00:00,0,0,0,,0/0,0/0,0/0,0/0,0,0,0,0
2024-11-14,2024020258,PHI,away,8478905,Ivan Fedotov,82,G,True,W,64:05,37,33,4,0.891892,27/29,4/6,2/2,33/37,2,2,0,0
2024-11-14,2024020259,TBL,home,8477992,Jonas Johansson,31,G,False,,00:00,0,0,0,,0/0,0/0,0/0,0/0,0,0,0,0
2024-11-14,2024020259,TBL,home,8476883,Andrei Vasilevskiy,88,G,True,W,60:00,24,23,1,0.958333,20/21,1/1,2/2,23/24,1,0,0,2
2024-11-14,2024020259,WPG,away,8477480,Eric Comrie,1,G,True,L,57:58,28,25,3,0.892857,22/24,2/3,1/1,25/28,2,1,0,0
2024-11-14,2024020259,WPG,away,8476945,Connor Hellebuyck,37,G,False,,00:00,0,0,0,,0/0,0/0,0/0,0/0,0,0,0,0
2024-11-14,2024020260,FLA,home,8481519,Spencer Knight,30,G,False,,00:00,0,0,0,,0/0,0/0,0/0,0/0,0,0,0,0
2024-11-14,2024020260,FLA,home,8475683,Sergei Bobrovsky,72,G,True,L,57:57,28,23,5,0.821429,22/24,1/4,0/0,23/28,2,3,0,0
2024-11-14,2024020260,NJD,away,8474593,Jacob Markstrom,25,G,False,,00:00,0,0,0,,0/0,0/0,0/0,0/0,0,0,0,0
2024-11-14,2024020260,NJD,away,8474596,Jake Allen,34,G,True,W,60:00,27,25,2,0.925926,19/21,6/6,0/0,25/27,2,0,0,0
2024-11-14,2024020261,NYR,home,8478048,Igor Shesterkin,31,G,True,W,59:31,27,25,2,0.925926,24/25,1/2,0/0,25/27,1,1,0,0
2024-11-14,2024020261,NYR,home,8471734,Jonathan Quick,32,G,False,,00:00,0,0,0,,0/0,0/0,0/0,0/0,0,0,0,0
2024-11-14,2024020261,SJS,away,8478406,Mackenzie Blackwood,29,G,True,L,56:58,35,32,3,0.914286,29/32,2/2,1/1,32/35,3,0,0,0
2024-11-14,2024020261,SJS,away,8477970,Vitek Vanecek,41,G,False,,00:00,0,0,0,,0/0,0/0,0/0,0/0,0,0,0,0
2024-11-14,2024020257,BUF,home,8482221,Devon Levi,27,G,True,W,60:42,27,24,3,0.888889,22/25,2/2,0/0,24/27,3,0,0,0
2024-11-14,2024020257,BUF,home,8473503,James Reimer,47,G,False,,00:00,0,0,0,,0/0,0/0,0/0,0/0,0,0,0,0
2024-11-14,2024020257,STL,away,8480981,Joel Hofer,30,G,False,,00:00,0,0,0,,0/0,0/0,0/0,0/0,0,0,0,0
2024-11-14,2024020257,STL,away,8476412,Jordan Binnington,50,G,True,O,61:33,33,29,4,0.878788,28/31,0/1,1/1,29/33,3,1,0,0
2024-11-14,2024020262,DAL,home,8479193,Casey DeSmith,1,G,False,,00:00,0,0,0,,0/0,0/0,0/0,0/0,0,0,0,0
2024-11-14,2024020262,DAL,home,8479979,Jake Oettinger,29,G,True,W,60:00,25,23,2,0.92,19/21,4/4,0/0,23/25,2,0,0,0
2024-11-14,2024020262,BOS,away,8480280,Jeremy Swayman,1,G,True,L,60:00,38,31,7,0.815789,28/35,3/3,0/0,31/38,7,0,0,0
2024-11-14,2024020262,BOS,away,8476914,Joonas Korpisalo,70,G,False,,00:00,0,0,0,,0/0,0/0,0/0,0/0,0,0,0,0
2024-11-14,2024020263,MIN,home,8470594,Marc-Andre Fleury,29,G,False,,00:00,0,0,0,,0/0,0/0,0/0,0/0,0,0,0,0
2024-11-14,2024020263,MIN,home,8479406,Filip Gustavsson,32,G,True,W,59:49,19,19,0,1.0,13/13,4/4,2/2,19/19,0,0,0,0
2024-11-14,2024020263,MTL,away,8480051,Cayden Primeau,30,G,False,,00:00,0,0,0,,0/0,0/0,0/0,0/0,0,0,0,0
2024-11-14,2024020263,MTL,away,8478470,Samuel Montembeault,35,G,True,L,58:21,27,25,2,0.925926,19/20,6/7,0/0,25/27,1,1,0,0
2024-11-14,2024020264,EDM,home,8475717,Calvin Pickard,30,G,True,W,61:29,22,20,2,0.909091,20/22,0/0,0/0,20/22,2,0,0,0
2024-11-14,2024020264,EDM,home,8479973,Stuart Skinner,74,G,False,,00:00,0,0,0,,0/0,0/0,0/0,0/0,0,0,0,0
2024-11-14,2024020264,NSH,away,8475809,Scott Wedgewood,41,G,True,O,62:33,34,31,3,0.911765,27/30,3/3,1/1,31/34,3,0,0,0
2024-11-14,2024020264,NSH,away,8477424,Juuse Saros,74,G,False,,00:00,0,0,0,,0/0,0/0,0/0,0/0,0,0,0,0
2024-11-14,2024020265,VAN,home,8481668,Arturs Silovs,31,G,False,,00:00,0,0,0,,0/0,0/0,0/0,0/0,0,0,0,0
2024-11-14,2024020265,VAN,home,8480947,Kevin Lankinen,32,G,True,L,57:12,31,27,4,0.870968,24/27,3/4,0/0,27/31,3,1,0,0
2024-11-14,2024020265,NYI,away,8478009,Ilya Sorokin,30,G,False,,00:00,0,0,0,,0/0,0/0,0/0,0/0,0,0,0,0
2024-11-14,2024020265,NYI,away,8473575,Semyon Varlamov,40,G,True,W,59:49,26,24,2,0.923077,16/18,6/6,2/2,24/26,2,0,0,0
2024-11-14,2024020266,SEA,home,8475831,Philipp Grubauer,31,G,False,,00:00,0,0,0,,0/0,0/0,0/0,0/0,0,0,0,0
2024-11-14,2024020266,SEA,home,8478916,Joey Daccord,35,G,True,W,60:00,19,18,1,0.947368,17/18,0/0,1/1,18/19,1,0,0,0
2024-11-14,2024020266,CHI,away,8475852,Petr Mrazek,34,G,True,L,58:41,25,23,2,0.92,20/21,3/4,0/0,23/25,1,1,0,0
2024-11-14,2024020266,CHI,away,8482821,Arvid Soderblom,40,G,False,,00:00,0,0,0,,0/0,0/0,0/0,0/0,0,0,0,0
2024-11-15,2024020267,CBJ,home,8480193,Daniil Tarasov,40,G,False,,00:00,0,0,0,,0/0,0/0,0/0,0/0,0,0,0,0
2024-11-15,2024020267,CBJ,home,8478007,Elvis Merzlikins,90,G,True,W,59:45,23,21,2,0.913043,16/17,5/6,0/0,21/23,1,1,0,0
2024-11-15,2024020267,PIT,away,8477465,Tristan Jarry,35,G,True,L,58:38,38,33,5,0.868421,26/30,6/7,1/1,33/38,4,1,0,0
2024-11-15,2024020267,PIT,away,8477968,Alex Nedeljkovic,39,G,False,,00:00,0,0,0,,0/0,0/0,0/0,0/0,0,0,0,0
2024-11-15,2024020268,COL,home,8481529,Trent Miner,50,G,False,,34:58,13,12,1,0.923077,12/13,0/0,0/0,12/13,1,0,0,0
2024-11-15,2024020268,COL,home,8481020,Justus Annunen,60,G,True,L,21:53,6,3,3,0.5,2/4,1/2,0/0,3/6,2,1,0,0
2024-11-15,2024020268,WSH,away,8480313,Logan Thompson,48,G,False,,00:00,0,0,0,,0/0,0/0,0/0,0/0,0,0,0,0
2024-11-15,2024020268,WSH,away,8479292,Charlie Lindgren,79,G,True,W,60:00,19,17,2,0.894737,16/18,1/1,0/0,17/19,2,0,0,0
2024-11-15,2024020269,CGY,home,8481692,Dustin Wolf,32,G,True,W,60:00,29,29,0,1.0,25/25,2/2,2/2,29/29,0,0,0,0
2024-11-15,2024020269,CGY,home,8478435,Dan Vladar,80,G,False,,00:00,0,0,0,,0/0,0/0,0/0,0/0,0,0,0,0
2024-11-15,2024020269,NSH,away,8475809,Scott Wedgewood,41,G,False,,00:00,0,0,0,,0/0,0/0,0/0,0/0,0,0,0,0
2024-11-15,2024020269,NSH,away,8477424,Juuse Saros,74,G,True,L,59:08,32,31,1,0.96875,21/22,8/8,2/2,31/32,1,0,0,0
2024-11-15,2024020270,UTA,home,8478971,Connor Ingram,39,G,False,,00:00,0,0,0,,0/0,0/0,0/0,0/0,0,0,0,0
2024-11-15,2024020270,UTA,home,8478872,Karel Vejmelka,70,G,True,L,59:21,28,25,3,0.892857,23/24,2/4,0/0,25/28,1,2,0,0
2024-11-15,2024020270,VGK,away,8478499,Adin Hill,33,G,True,W,59:46,32,30,2,0.9375,28/29,1/2,1/1,30/32,1,1,0,0
2024-11-15,2024020270,VGK,away,8478492,Ilya Samsonov,35,G,False,,00:00,0,0,0,,0/0,0/0,0/0,0/0,0,0,0,0
2024-11-15,2024020271,ANA,home,8480843,Lukas Dostal,1,G,False,,00:00,0,0,0,,0/0,0/0,0/0,0/0,0,0,0,0
2024-11-15,2024020271,ANA,home,8476434,John Gibson,36,G,True,W,59:42,25,21,4,0.84,19/20,2/5,0/0,21/25,1,3,0,0
2024-11-15,2024020271,DET,away,8479312,Alex Lyon,34,G,True,L,58:47,28,23,5,0.821429,13/16,10/12,0/0,23/28,3,2,0,0
2024-11-15,2024020271,DET,away,8475660,Cam Talbot,39,G,False,,00:00,0,0,0,,0/0,0/0,0/0,0/0,0,0,0,0
2024-11-16,2024020272,BOS,home,8480280,Jeremy Swayman,1,G,False,,00:00,0,0,0,,0/0,0/0,0/0,0/0,0,0,0,0
2024-11-16,2024020272,BOS,home,8476914,Joonas Korpisalo,70,G,True,O,62:53,31,28,3,0.903226,27/30,1/1,0/0,28/31,3,0,0,0
2024-11-16,2024020272,STL,away,8480981,Joel Hofer,30,G,False,,00:00,0,0,0,,0/0,0/0,0/0,0/0,0,0,0,0
2024-11-16,2024020272,STL,away,8476412,Jordan Binnington,50,G,True,W,62:53,18,16,2,0.888889,14/16,1/1,1/1,16/18,2,0,0,0
2024-11-16,2024020273,SEA,home,8475831,Philipp Grubauer,31,G,False,,00:00,0,0,0,,0/0,0/0,0/0,0/0,0,0,0,0
2024-11-16,2024020273,SEA,home,8478916,Joey Daccord,35,G,True,W,60:00,24,22,2,0.916667,19/20,2/2,1/2,22/24,1,0,1,0
2024-11-16,2024020273,NYI,away,8478009,Ilya Sorokin,30,G,True,L,58:38,27,24,3,0.888889,18/21,6/6,0/0,24/27,3,0,0,0
2024-11-16,2024020273,NYI,away,8473575,Semyon Varlamov,40,G,False,,00:00,0,0,0,,0/0,0/0,0/0,0/0,0,0,0,0
2024-11-16,2024020274,TOR,home,8476932,Anthony Stolarz,41,G,True,W,60:40,30,27,3,0.9,24/26,2/3,1/1,27/30,2,1,0,0
2024-11-16,2024020274,TOR,home,8479361,Joseph Woll,60,G,False,,00:00,0,0,0,,0/0,0/0,0/0,0/0,0,0,0,0
2024-11-16,2024020274,EDM,away,8475717,Calvin Pickard,30,G,False,,00:00,0,0,0,,0/0,0/0,0/0,0/0,0,0,0,0
2024-11-16,2024020274,EDM,away,8479973,Stuart Skinner,74,G,True,O,60:04,22,18,4,0.818182,12/16,4/4,2/2,18/22,4,0,0,0
2024-11-16,2024020275,MTL,home,8480051,Cayden Primeau,30,G,False,,00:00,0,0,0,,0/0,0/0,0/0,0/0,0,0,0,0
2024-11-16,2024020275,MTL,home,8478470,Samuel Montembeault,35,G,True,W,60:00,26,25,1,0.961538,20/21,3/3,2/2,25/26,1,0,0,0
2024-11-16,2024020275,CBJ,away,8480193,Daniil Tarasov,40,G,True,L,59:08,30,25,5,0.833333,20/24,3/4,2/2,25/30,4,1,0,0
2024-11-16,2024020275,CBJ,away,8478007,Elvis Merzlikins,90,G,False,,00:00,0,0,0,,0/0,0/0,0/0,0/0,0,0,0,0
2024-11-16,2024020276,TBL,home,8477992,Jonas Johansson,31,G,False,,00:00,0,0,0,,0/0,0/0,0/0,0/0,0,0,0,0
2024-11-16,2024020276,TBL,home,8476883,Andrei Vasilevskiy,88,G,True,W,59:34,29,29,0,1.0,19/19,10/10,0/0,29/29,0,0,0,0
2024-11-16,2024020276,NJD,away,8474593,Jacob Markstrom,25,G,True,L,57:58,26,23,3,0.884615,17/19,4/5,2/2,23/26,2,1,0,0
2024-11-16,2024020276,NJD,away,8474596,Jake Allen,34,G,False,,00:00,0,0,0,,0/0,0/0,0/0,0/0,0,0,0,0
2024-11-16,2024020277,FLA,home,8481519,Spencer Knight,30,G,False,,00:00,0,0,0,,0/0,0/0,0/0,0/0,0,0,0,0
2024-11-16,2024020277,FLA,home,8475683,Sergei Bobrovsky,72,G,True,W,59:42,27,27,0,1.0,26/26,1/1,0/0,27/27,0,0,0,0
2024-11-16,2024020277,WPG,away,8477480,Eric Comrie,1,G,False,,00:00,0,0,0,,0/0,0/0,0/0,0/0,0,0,0,0
2024-11-16,2024020277,WPG,away,8476945,Connor Hellebuyck,37,G,True,L,60:00,31,26,5,0.83871,22/26,3/3,1/2,26/31,4,0,1,0
2024-11-16,2024020278,PHI,home,8482783,Aleksei Kolosov,35,G,False,,00:00,0,0,0,,0/0,0/0,0/0,0/0,0,0,0,0
2024-11-16,2024020278,PHI,home,8478905,Ivan Fedotov,82,G,True,W,60:00,25,23,2,0.92,23/24,0/1,0/0,23/25,1,1,0,0
2024-11-16,2024020278,BUF,away,8482221,Devon Levi,27,G,True,L,55:04,31,27,4,0.870968,20/23,5/6,2/2,27/31,3,1,0,0
2024-11-16,2024020278,BUF,away,8473503,James Reimer,47,G,False,,00:00,0,0,0,,0/0,0/0,0/0,0/0,0,0,0,0
2024-11-16,2024020279,PIT,home,8477465,Tristan Jarry,35,G,False,,00:00,0,0,0,,0/0,0/0,0/0,0/0,0,0,0,0
2024-11-16,2024020279,PIT,home,8477968,Alex Nedeljkovic,39,G,True,W,65:00,29,26,3,0.896552,25/27,1/2,0/0,26/29,2,1,0,0
2024-11-16,2024020279,SJS,away,8478406,Mackenzie Blackwood,29,G,False,O,45:00,26,25,1,0.961538,21/22,4/4,0/0,25/26,1,0,0,0
2024-11-16,2024020279,SJS,away,8477970,Vitek Vanecek,41,G,True,,20:00,10,8,2,0.8,8/10,0/0,0/0,8/10,2,0,0,0
2024-11-16,2024020280,CAR,home,8477484,Spencer Martin,41,G,True,W,59:14,24,24,0,1.0,16/16,5/5,3/3,24/24,0,0,0,0
2024-11-16,2024020280,CAR,home,8484293,Yaniv Perets,60,G,False,,00:00,0,0,0,,0/0,0/0,0/0,0/0,0,0,0,0
2024-11-16,2024020280,OTT,away,8476341,Anton Forsberg,31,G,True,L,59:41,27,24,3,0.888889,18/19,6/8,0/0,24/27,1,2,0,0
2024-11-16,2024020280,OTT,away,8476999,Linus Ullmark,35,G,False,,00:00,0,0,0,,0/0,0/0,0/0,0/0,0,0,0,0
2024-11-16,2024020281,MIN,home,8470594,Marc-Andre Fleury,29,G,False,,00:00,0,0,0,,0/0,0/0,0/0,0/0,0,0,0,0
2024-11-16,2024020281,MIN,home,8479406,Filip Gustavsson,32,G,True,L,57:43,40,38,2,0.95,37/39,0/0,1/1,38/40,2,0,0,0
2024-11-16,2024020281,DAL,away,8479193,Casey DeSmith,1,G,False,,00:00,0,0,0,,0/0,0/0,0/0,0/0,0,0,0,0
2024-11-16,2024020281,DAL,away,8479979,Jake Oettinger,29,G,True,W,60:00,23,22,1,0.956522,20/21,1/1,1/1,22/23,1,0,0,0
2024-11-16,2024020282,LAK,home,8481707,Erik Portillo,1,G,False,,00:00,0,0,0,,0/0,0/0,0/0,0/0,0,0,0,0
2024-11-16,2024020282,LAK,home,8479496,David Rittich,31,G,True,W,60:00,18,17,1,0.944444,17/18,0/0,0/0,17/18,1,0,0,0
2024-11-16,2024020282,DET,away,8479312,Alex Lyon,34,G,False,,00:00,0,0,0,,0/0,0/0,0/0,0/0,0,0,0,0
2024-11-16,2024020282,DET,away,8475660,Cam Talbot,39,G,True,L,58:37,40,37,3,0.925,34/37,3/3,0/0,37/40,3,0,0,0
2024-11-16,2024020283,VAN,home,8481668,Arturs Silovs,31,G,True,W,60:00,29,28,1,0.965517,25/26,2/2,1/1,28/29,1,0,0,0
2024-11-16,2024020283,VAN,home,8480947,Kevin Lankinen,32,G,False,,00:00,0,0,0,,0/0,0/0,0/0,0/0,0,0,0,0
2024-11-16,2024020283,CHI,away,8475852,Petr Mrazek,34,G,False,,00:00,0,0,0,,0/0,0/0,0/0,0/0,0,0,0,0
2024-11-16,2024020283,CHI,away,8482821,Arvid Soderblom,40,G,True,L,58:56,31,29,2,0.935484,25/26,3/4,1/1,29/31,1,1,0,0
2024-11-17,2024020284,CAR,home,8477484,Spencer Martin,41,G,False,,00:00,0,0,0,,0/0,0/0,0/0,0/0,0,0,0,0
2024-11-17,2024020284,CAR,home,8481611,Pyotr Kochetkov,52,G,True,W,59:58,30,29,1,0.966667,29/30,0/0,0/0,29/30,1,0,0,0
2024-11-17,2024020284,STL,away,8480981,Joel Hofer,30,G,True,L,60:00,24,20,4,0.833333,16/19,4/5,0/0,20/24,3,1,0,0
2024-11-17,2024020284,STL,away,8476412,Jordan Binnington,50,G,False,,00:00,0,0,0,,0/0,0/0,0/0,0/0,0,0,0,0
2024-11-17,2024020286,VGK,home,8478499,Adin Hill,33,G,False,,00:00,0,0,0,,0/0,0/0,0/0,0/0,0,0,0,0
2024-11-17,2024020286,VGK,home,8478492,Ilya Samsonov,35,G,True,L,57:25,24,20,4,0.833333,20/23,0/1,0/0,20/24,3,1,0,0
2024-11-17,2024020286,WSH,away,8480313,Logan Thompson,48,G,True,W,60:00,42,40,2,0.952381,37/39,3/3,0/0,40/42,2,0,0,0
2024-11-17,2024020286,WSH,away,8479292,Charlie Lindgren,79,G,False,,00:00,0,0,0,,0/0,0/0,0/0,0/0,0,0,0,0
2024-11-17,2024020287,SEA,home,8475831,Philipp Grubauer,31,G,True,L,56:28,23,21,2,0.913043,20/22,0/0,1/1,21/23,2,0,0,0
2024-11-17,2024020287,SEA,home,8478916,Joey Daccord,35,G,False,,00:00,0,0,0,,0/0,0/0,0/0,0/0,0,0,0,0
2024-11-17,2024020287,NYR,away,8478048,Igor Shesterkin,31,G,False,,00:00,0,0,0,,0/0,0/0,0/0,0/0,0,0,0,0
2024-11-17,2024020287,NYR,away,8471734,Jonathan Quick,32,G,True,W,60:00,24,24,0,1.0,24/24,0/0,0/0,24/24,0,0,0,0
2024-11-17,2024020285,VAN,home,8481668,Arturs Silovs,31,G,False,,00:00,0,0,0,,0/0,0/0,0/0,0/0,0,0,0,0
2024-11-17,2024020285,VAN,home,8480947,Kevin Lankinen,32,G,True,L,58:51,21,17,4,0.809524,16/18,1/3,0/0,17/21,2,2,0,0
2024-11-17,2024020285,NSH,away,8475809,Scott Wedgewood,41,G,False,,00:00,0,0,0,,0/0,0/0,0/0,0/0,0,0,0,0
2024-11-17,2024020285,NSH,away,8477424,Juuse Saros,74,G,True,W,60:00,27,24,3,0.888889,24/26,0/1,0/0,24/27,2,1,0,0
2024-11-18,2024020288,BOS,home,8480280,Jeremy Swayman,1,G,True,L,59:24,28,23,5,0.821429,20/23,1/1,2/4,23/28,3,0,2,0
2024-11-18,2024020288,BOS,home,8476914,Joonas Korpisalo,70,G,False,,00:00,0,0,0,,0/0,0/0,0/0,0/0,0,0,0,0
2024-11-18,2024020288,CBJ,away,8480193,Daniil Tarasov,40,G,False,,00:00,0,0,0,,0/0,0/0,0/0,0/0,0,0,0,0
2024-11-18,2024020288,CBJ,away,8478007,Elvis Merzlikins,90,G,True,W,60:00,29,28,1,0.965517,24/24,4/5,0/0,28/29,0,1,0,0
2024-11-18,2024020289,PHI,home,8482783,Aleksei Kolosov,35,G,True,L,57:55,29,26,3,0.896552,24/26,2/3,0/0,26/29,2,1,0,0
2024-11-18,2024020289,PHI,home,8478905,Ivan Fedotov,82,G,False,,00:00,0,0,0,,0/0,0/0,0/0,0/0,0,0,0,0
2024-11-18,2024020289,COL,away,8480867,Kevin Mandolese,31,G,False,,00:00,0,0,0,,0/0,0/0,0/0,0/0,0,0,0,0
2024-11-18,2024020289,COL,away,8481020,Justus Annunen,60,G,True,W,60:00,26,24,2,0.923077,21/23,2/2,1/1,24/26,2,0,0,0
2024-11-18,2024020290,MTL,home,8480051,Cayden Primeau,30,G,False,,00:00,0,0,0,,0/0,0/0,0/0,0/0,0,0,0,0
2024-11-18,2024020290,MTL,home,8478470,Samuel Montembeault,35,G,True,W,60:00,30,30,0,1.0,25/25,5/5,0/0,30/30,0,0,0,0
2024-11-18,2024020290,EDM,away,8475717,Calvin Pickard,30,G,True,L,57:28,24,22,2,0.916667,20/22,2/2,0/0,22/24,2,0,0,0
2024-11-18,2024020290,EDM,away,8479973,Stuart Skinner,74,G,False,,00:00,0,0,0,,0/0,0/0,0/0,0/0,0,0,0,0
2024-11-18,2024020291,DAL,home,8479193,Casey DeSmith,1,G,True,L,57:22,27,23,4,0.851852,22/25,1/2,0/0,23/27,3,1,0,0
2024-11-18,2024020291,DAL,home,8479979,Jake Oettinger,29,G,False,,00:00,0,0,0,,0/0,0/0,0/0,0/0,0,0,0,0
2024-11-18,2024020291,ANA,away,8480843,Lukas Dostal,1,G,True,W,60:00,36,34,2,0.944444,30/32,4/4,0/0,34/36,2,0,0,0
2024-11-18,2024020291,ANA,away,8476434,John Gibson,36,G,False,,00:00,0,0,0,,0/0,0/0,0/0,0/0,0,0,0,0
2024-11-18,2024020292,UTA,home,8478971,Connor Ingram,39,G,True,L,25:38,13,9,4,0.692308,2/5,4/5,3/3,9/13,3,1,0,0
2024-11-18,2024020292,UTA,home,8478872,Karel Vejmelka,70,G,False,,34:22,11,9,2,0.818182,9/11,0/0,0/0,9/11,2,0,0,0
2024-11-18,2024020292,WSH,away,8480313,Logan Thompson,48,G,False,,00:00,0,0,0,,0/0,0/0,0/0,0/0,0,0,0,0
2024-11-18,2024020292,WSH,away,8479292,Charlie Lindgren,79,G,True,W,60:00,26,24,2,0.923077,16/18,7/7,1/1,24/26,2,0,0,0
2024-11-18,2024020293,SJS,home,8478406,Mackenzie Blackwood,29,G,True,W,60:34,20,17,4,0.85,13/14,3/5,1/1,17/20,2,2,0,0
2024-11-18,2024020293,SJS,home,8482137,Yaroslav Askarov,30,G,False,,00:00,0,0,0,,0/0,0/0,0/0,0/0,0,0,0,0
2024-11-18,2024020293,DET,away,8479312,Alex Lyon,34,G,False,,00:00,0,0,0,,0/0,0/0,0/0,0/0,0,0,0,0
2024-11-18,2024020293,DET,away,8475660,Cam Talbot,39,G,True,O,60:46,34,29,5,0.852941,25/29,4/5,0/0,29/34,4,1,0,0
2024-11-19,2024020294,OTT,home,8476341,Anton Forsberg,31,G,False,,00:00,0,0,0,,0/0,0/0,0/0,0/0,0,0,0,0
2024-11-19,2024020294,OTT,home,8476999,Linus Ullmark,35,G,True,L,60:00,31,26,5,0.83871,23/27,3/4,0/0,26/31,4,1,0,0
2024-11-19,2024020294,EDM,away,8475717,Calvin Pickard,30,G,False,,00:00,0,0,0,,0/0,0/0,0/0,0/0,0,0,0,0
2024-11-19,2024020294,EDM,away,8479973,Stuart Skinner,74,G,True,W,60:00,29,27,2,0.931034,26/28,1/1,0/0,27/29,2,0,0,0
2024-11-19,2024020295,PIT,home,8477465,Tristan Jarry,35,G,True,O,63:58,35,32,3,0.914286,23/26,8/8,1/1,32/35,3,0,0,0
2024-11-19,2024020295,PIT,home,8477968,Alex Nedeljkovic,39,G,False,,00:00,0,0,0,,0/0,0/0,0/0,0/0,0,0,0,0
2024-11-19,2024020295,TBL,away,8477992,Jonas Johansson,31,G,False,,00:00,0,0,0,,0/0,0/0,0/0,0/0,0,0,0,0
2024-11-19,2024020295,TBL,away,8476883,Andrei Vasilevskiy,88,G,True,W,63:58,19,17,2,0.894737,15/16,2/3,0/0,17/19,1,1,0,0
2024-11-19,2024020296,STL,home,8480981,Joel Hofer,30,G,False,,00:00,0,0,0,,0/0,0/0,0/0,0/0,0,0,0,0
2024-11-19,2024020296,STL,home,8476412,Jordan Binnington,50,G,True,L,59:30,27,24,3,0.888889,22/25,2/2,0/0,24/27,3,0,0,0
2024-11-19,2024020296,MIN,away,8470594,Marc-Andre Fleury,29,G,False,,00:00,0,0,0,,0/0,0/0,0/0,0/0,0,0,0,0
2024-11-19,2024020296,MIN,away,8479406,Filip Gustavsson,32,G,True,W,60:00,24,22,2,0.916667,20/21,1/2,1/1,22/24,1,1,0,0
2024-11-19,2024020297,WPG,home,8477480,Eric Comrie,1,G,False,,00:00,0,0,0,,0/0,0/0,0/0,0/0,0,0,0,0
2024-11-19,2024020297,WPG,home,8476945,Connor Hellebuyck,37,G,True,W,59:54,23,20,3,0.869565,18/19,2/4,0/0,20/23,1,2,0,0
2024-11-19,2024020297,FLA,away,8481519,Spencer Knight,30,G,False,,00:00,0,0,0,,0/0,0/0,0/0,0/0,0,0,0,0
2024-11-19,2024020297,FLA,away,8475683,Sergei Bobrovsky,72,G,True,L,58:08,25,21,4,0.84,14/17,7/8,0/0,21/25,3,1,0,0
2024-11-19,2024020298,CHI,home,8482123,Drew Commesso,33,G,False,,00:00,0,0,0,,0/0,0/0,0/0,0/0,0,0,0,0
2024-11-19,2024020298,CHI,home,8482821,Arvid Soderblom,40,G,True,L,58:11,24,21,3,0.875,17/20,3/3,1/1,21/24,3,0,0,0
2024-11-19,2024020298,ANA,away,8480843,Lukas Dostal,1,G,False,,00:00,0,0,0,,0/0,0/0,0/0,0/0,0,0,0,0
2024-11-19,2024020298,ANA,away,8476434,John Gibson,36,G,True,W,60:00,20,18,2,0.9,18/20,0/0,0/0,18/20,2,0,0,0
2024-11-19,2024020299,CGY,home,8481692,Dustin Wolf,32,G,True,W,65:00,29,28,1,0.965517,26/27,2/2,0/0,28/29,1,0,0,0
2024-11-19,2024020299,CGY,home,8478435,Dan Vladar,80,G,False,,00:00,0,0,0,,0/0,0/0,0/0,0/0,0,0,0,0
2024-11-19,2024020299,NYI,away,8478009,Ilya Sorokin,30,G,False,,00:00,0,0,0,,0/0,0/0,0/0,0/0,0,0,0,0
2024-11-19,2024020299,NYI,away,8473575,Semyon Varlamov,40,G,True,O,64:47,31,30,1,0.967742,24/24,3/4,3/3,30/31,0,1,0,0
2024-11-19,2024020300,VAN,home,8481668,Arturs Silovs,31,G,True,L,58:21,33,29,4,0.878788,24/28,5/5,0/0,29/33,4,0,0,0
2024-11-19,2024020300,VAN,home,8480947,Kevin Lankinen,32,G,False,,00:00,0,0,0,,0/0,0/0,0/0,0/0,0,0,0,0
2024-11-19,2024020300,NYR,away,8478048,Igor Shesterkin,31,G,True,W,59:38,24,21,3,0.875,17/20,4/4,0/0,21/24,3,0,0,0
2024-11-19,2024020300,NYR,away,8471734,Jonathan Quick,32,G,False,,00:00,0,0,0,,0/0,0/0,0/0,0/0,0,0,0,0
2024-11-20,2024020301,TOR,home,8476932,Anthony Stolarz,41,G,False,,00:00,0,0,0,,0/0,0/0,0/0,0/0,0,0,0,0
2024-11-20,2024020301,TOR,home,8479361,Joseph Woll,60,G,True,W,59:50,31,31,0,1.0,24/24,7/7,0/0,31/31,0,0,0,0
2024-11-20,2024020301,VGK,away,8478499,Adin Hill,33,G,True,L,59:47,25,23,2,0.92,17/18,3/4,3/3,23/25,1,1,0,0
2024-11-20,2024020301,VGK,away,8478492,Ilya Samsonov,35,G,False,,00:00,0,0,0,,0/0,0/0,0/0,0/0,0,0,0,0
2024-11-20,2024020302,PHI,home,8482783,Aleksei Kolosov,35,G,False,,00:00,0,0,0,,0/0,0/0,0/0,0/0,0,0,0,0
2024-11-20,2024020302,PHI,home,8478905,Ivan Fedotov,82,G,True,L,59:57,37,33,4,0.891892,32/36,1/1,0/0,33/37,4,0,0,0
2024-11-20,2024020302,CAR,away,8477484,Spencer Martin,41,G,False,,00:00,0,0,0,,0/0,0/0,0/0,0/0,0,0,0,0
2024-11-20,2024020302,CAR,away,8481611,Pyotr Kochetkov,52,G,True,W,60:00,19,18,1,0.947368,12/13,5/5,1/1,18/19,1,0,0,0
2024-11-20,2024020303,DAL,home,8479193,Casey DeSmith,1,G,False,,00:00,0,0,0,,0/0,0/0,0/0,0/0,0,0,0,0
2024-11-20,2024020303,DAL,home,8479979,Jake Oettinger,29,G,True,W,59:56,23,21,2,0.913043,15/16,4/4,2/3,21/23,1,0,1,0
2024-11-20,2024020303,SJS,away,8478406,Mackenzie Blackwood,29,G,True,L,58:35,29,26,3,0.896552,16/19,10/10,0/0,26/29,3,0,0,0
2024-11-20,2024020303,SJS,away,8482137,Yaroslav Askarov,30,G,False,,00:00,0,0,0,,0/0,0/0,0/0,0/0,0,0,0,0
2024-11-20,2024020304,SEA,home,8475831,Philipp Grubauer,31,G,False,,00:00,0,0,0,,0/0,0/0,0/0,0/0,0,0,0,0
2024-11-20,2024020304,SEA,home,8478916,Joey Daccord,35,G,True,W,60:00,24,24,0,1.0,19/19,4/4,1/1,24/24,0,0,0,0
2024-11-20,2024020304,NSH,away,8475809,Scott Wedgewood,41,G,False,,00:00,0,0,0,,0/0,0/0,0/0,0/0,0,0,0,0
2024-11-20,2024020304,NSH,away,8477424,Juuse Saros,74,G,True,L,58:35,36,34,2,0.944444,23/25,11/11,0/0,34/36,2,0,0,0
2024-11-20,2024020305,LAK,home,8481707,Erik Portillo,1,G,False,,00:00,0,0,0,,0/0,0/0,0/0,0/0,0,0,0,0
2024-11-20,2024020305,LAK,home,8479496,David Rittich,31,G,True,L,57:23,19,18,1,0.947368,15/15,1/2,2/2,18/19,0,1,0,0
2024-11-20,2024020305,BUF,away,8480045,Ukko-Pekka Luukkonen,1,G,True,W,59:48,23,23,0,1.0,19/19,4/4,0/0,23/23,0,0,0,0
2024-11-20,2024020305,BUF,away,8473503,James Reimer,47,G,False,,00:00,0,0,0,,0/0,0/0,0/0,0/0,0,0,0,0
2024-11-21,2024020306,BOS,home,8480280,Jeremy Swayman,1,G,False,,00:00,0,0,0,,0/0,0/0,0/0,0/0,0,0,0,0
2024-11-21,2024020306,BOS,home,8476914,Joonas Korpisalo,70,G,True,W,60:00,22,22,0,1.0,16/16,3/3,3/3,22/22,0,0,0,0
2024-11-21,2024020306,UTA,away,8483530,Jaxson Stauber,33,G,False,,00:00,0,0,0,,0/0,0/0,0/0,0/0,0,0,0,0
2024-11-21,2024020306,UTA,away,8478872,Karel Vejmelka,70,G,True,L,58:17,31,30,1,0.967742,13/13,17/18,0/0,30/31,0,1,0,0
2024-11-21,2024020307,OTT,home,8476341,Anton Forsberg,31,G,False,,00:00,0,0,0,,0/0,0/0,0/0,0/0,0,0,0,0
2024-11-21,2024020307,OTT,home,8476999,Linus Ullmark,35,G,True,L,58:20,32,29,3,0.90625,24/27,5/5,0/0,29/32,3,0,0,0
2024-11-21,2024020307,VGK,away,8478499,Adin Hill,33,G,False,,00:00,0,0,0,,0/0,0/0,0/0,0/0,0,0,0,0
2024-11-21,2024020307,VGK,away,8478492,Ilya Samsonov,35,G,True,W,59:52,40,38,2,0.95,33/34,5/6,0/0,38/40,1,1,0,2
2024-11-21,2024020308,DET,home,8479312,Alex Lyon,34,G,True,W,60:00,23,22,1,0.956522,20/21,2/2,0/0,22/23,1,0,0,0
2024-11-21,2024020308,DET,home,8475660,Cam Talbot,39,G,False,,00:00,0,0,0,,0/0,0/0,0/0,0/0,0,0,0,0
2024-11-21,2024020308,NYI,away,8478009,Ilya Sorokin,30,G,True,L,59:17,31,29,2,0.935484,23/25,6/6,0/0,29/31,2,0,0,0
2024-11-21,2024020308,NYI,away,8473575,Semyon Varlamov,40,G,False,,00:00,0,0,0,,0/0,0/0,0/0,0/0,0,0,0,0
2024-11-21,2024020309,NJD,home,8474593,Jacob Markstrom,25,G,True,W,59:39,22,20,2,0.909091,18/19,2/3,0/0,20/22,1,1,0,0
2024-11-21,2024020309,NJD,home,8474596,Jake Allen,34,G,False,,00:00,0,0,0,,0/0,0/0,0/0,0/0,0,0,0,0
2024-11-21,2024020309,CAR,away,8477484,Spencer Martin,41,G,True,L,56:21,21,17,4,0.809524,14/16,3/5,0/0,17/21,2,2,0,0
2024-11-21,2024020309,CAR,away,8481611,Pyotr Kochetkov,52,G,False,,00:00,0,0,0,,0/0,0/0,0/0,0/0,0,0,0,0
2024-11-21,2024020310,WSH,home,8480313,Logan Thompson,48,G,True,L,57:33,27,25,2,0.925926,23/24,2/3,0/0,25/27,1,1,0,0
2024-11-21,2024020310,WSH,home,8479292,Charlie Lindgren,79,G,False,,00:00,0,0,0,,0/0,0/0,0/0,0/0,0,0,0,0
2024-11-21,2024020310,COL,away,8480382,Alexandar Georgiev,40,G,True,W,60:00,29,28,1,0.965517,19/20,9/9,0/0,28/29,1,0,0,0
2024-11-21,2024020310,COL,away,8481020,Justus Annunen,60,G,False,,00:00,0,0,0,,0/0,0/0,0/0,0/0,0,0,0,0
2024-11-21,2024020311,CBJ,home,8480193,Daniil Tarasov,40,G,False,,00:00,0,0,0,,0/0,0/0,0/0,0/0,0,0,0,0
2024-11-21,2024020311,CBJ,home,8478007,Elvis Merzlikins,90,G,True,W,61:26,30,24,6,0.8,21/25,3/5,0/0,24/30,4,2,0,0
2024-11-21,2024020311,TBL,away,8477992,Jonas Johansson,31,G,True,O,60:33,43,36,7,0.837209,35/40,1/2,0/1,36/43,5,1,1,0
2024-11-21,2024020311,TBL,away,8476883,Andrei Vasilevskiy,88,G,False,,00:00,0,0,0,,0/0,0/0,0/0,0/0,0,0,0,0
2024-11-21,2024020312,STL,home,8480981,Joel Hofer,30,G,False,,00:00,0,0,0,,0/0,0/0,0/0,0/0,0,0,0,0
2024-11-21,2024020312,STL,home,8476412,Jordan Binnington,50,G,True,W,65:00,24,22,2,0.916667,20/21,1/2,1/1,22/24,1,1,0,0
2024-11-21,2024020312,SJS,away,8478406,Mackenzie Blackwood,29,G,False,,00:00,0,0,0,,0/0,0/0,0/0,0/0,0,0,0,0
2024-11-21,2024020312,SJS,away,8482137,Yaroslav Askarov,30,G,True,O,62:21,31,29,2,0.935484,29/31,0/0,0/0,29/31,2,0,0,0
2024-11-21,2024020313,CHI,home,8475852,Petr Mrazek,34,G,True,W,60:00,33,32,1,0.969697,29/30,3/3,0/0,32/33,1,0,0,0
2024-11-21,2024020313,CHI,home,8482821,Arvid Soderblom,40,G,False,,00:00,0,0,0,,0/0,0/0,0/0,0/0,0,0,0,0
2024-11-21,2024020313,FLA,away,8481519,Spencer Knight,30,G,True,L,58:41,19,17,2,0.894737,15/16,1/2,1/1,17/19,1,1,0,0
2024-11-21,2024020313,FLA,away,8475683,Sergei Bobrovsky,72,G,False,,00:00,0,0,0,,0/0,0/0,0/0,0/0,0,0,0,0
2024-11-21,2024020314,CGY,home,8481692,Dustin Wolf,32,G,True,W,60:00,29,27,2,0.931034,24/26,3/3,0/0,27/29,2,0,0,0
2024-11-21,2024020314,CGY,home,8478435,Dan Vladar,80,G,False,,00:00,0,0,0,,0/0,0/0,0/0,0/0,0,0,0,0
2024-11-21,2024020314,NYR,away,8478048,Igor Shesterkin,31,G,True,L,57:51,49,46,3,0.938776,37/39,8/9,1/1,46/49,2,1,0,2
2024-11-21,2024020314,NYR,away,8471734,Jonathan Quick,32,G,False,,00:00,0,0,0,,0/0,0/0,0/0,0/0,0,0,0,0
2024-11-21,2024020315,EDM,home,8475717,Calvin Pickard,30,G,False,,00:00,0,0,0,,0/0,0/0,0/0,0/0,0,0,0,0
2024-11-21,2024020315,EDM,home,8479973,Stuart Skinner,74,G,True,L,57:32,26,21,5,0.807692,20/25,0/0,1/1,21/26,5,0,0,0
2024-11-21,2024020315,MIN,away,8470594,Marc-Andre Fleury,29,G,True,W,59:47,31,28,3,0.903226,28/31,0/0,0/0,28/31,3,0,0,0
2024-11-21,2024020315,MIN,away,8479406,Filip Gustavsson,32,G,False,,00:00,0,0,0,,0/0,0/0,0/0,0/0,0,0,0,0
2024-11-22,2024020316,PIT,home,8477465,Tristan Jarry,35,G,True,L,59:03,29,26,3,0.896552,23/25,2/3,1/1,26/29,2,1,0,0
2024-11-22,2024020316,PIT,home,8477968,Alex Nedeljkovic,39,G,False,,00:00,0,0,0,,0/0,0/0,0/0,0/0,0,0,0,0
2024-11-22,2024020316,WPG,away,8477480,Eric Comrie,1,G,False,,00:00,0,0,0,,0/0,0/0,0/0,0/0,0,0,0,0
2024-11-22,2024020316,WPG,away,8476945,Connor Hellebuyck,37,G,True,W,60:00,18,17,1,0.944444,12/12,3/4,2/2,17/18,0,1,0,0
2024-11-22,2024020317,ANA,home,8480843,Lukas Dostal,1,G,False,,00:00,0,0,0,,0/0,0/0,0/0,0/0,0,0,0,0
2024-11-22,2024020317,ANA,home,8476434,John Gibson,36,G,True,O,64:00,32,30,3,0.9375,29/31,1/1,0/0,30/32,3,0,0,0
2024-11-22,2024020317,BUF,away,8480045,Ukko-Pekka Luukkonen,1,G,True,W,64:00,24,22,2,0.916667,16/18,5/5,1/1,22/24,2,0,0,0
2024-11-22,2024020317,BUF,away,8473503,James Reimer,47,G,False,,00:00,0,0,0,,0/0,0/0,0/0,0/0,0,0,0,0
2024-11-23,2024020318,PHI,home,8482783,Aleksei Kolosov,35,G,True,W,61:06,21,19,2,0.904762,16/18,1/1,2/2,19/21,2,0,0,0
2024-11-23,2024020318,PHI,home,8478905,Ivan Fedotov,82,G,False,,00:00,0,0,0,,0/0,0/0,0/0,0/0,0,0,0,0
2024-11-23,2024020318,CHI,away,8475852,Petr Mrazek,34,G,True,O,61:02,37,34,3,0.918919,32/34,1/2,1/1,34/37,2,1,0,0
2024-11-23,2024020318,CHI,away,8482821,Arvid Soderblom,40,G,False,,00:00,0,0,0,,0/0,0/0,0/0,0/0,0,0,0,0
2024-11-23,2024020319,CGY,home,8481692,Dustin Wolf,32,G,False,,00:00,0,0,0,,0/0,0/0,0/0,0/0,0,0,0,0
2024-11-23,2024020319,CGY,home,8478435,Dan Vladar,80,G,True,W,64:38,23,20,3,0.869565,19/21,1/2,0/0,20/23,2,1,0,0
2024-11-23,2024020319,MIN,away,8470594,Marc-Andre Fleury,29,G,False,,00:00,0,0,0,,0/0,0/0,0/0,0/0,0,0,0,0
2024-11-23,2024020319,MIN,away,8479406,Filip Gustavsson,32,G,True,O,63:22,31,28,3,0.903226,23/24,4/6,1/1,28/31,1,2,0,0
2024-11-23,2024020320,LAK,home,8477831,Pheonix Copley,29,G,False,,00:00,0,0,0,,0/0,0/0,0/0,0/0,0,0,0,0
2024-11-23,2024020320,LAK,home,8479496,David Rittich,31,G,True,W,60:00,20,19,1,0.95,15/16,4/4,0/0,19/20,1,0,0,0
2024-11-23,2024020320,SEA,away,8475831,Philipp Grubauer,31,G,False,,00:00,0,0,0,,0/0,0/0,0/0,0/0,0,0,0,0
2024-11-23,2024020320,SEA,away,8478916,Joey Daccord,35,G,True,L,56:38,21,19,2,0.904762,17/18,1/2,1/1,19/21,1,1,0,0
2024-11-23,2024020321,FLA,home,8481519,Spencer Knight,30,G,False,,00:00,0,0,0,,0/0,0/0,0/0,0/0,0,0,0,0
2024-11-23,2024020321,FLA,home,8475683,Sergei Bobrovsky,72,G,True,L,59:33,24,18,6,0.75,18/24,0/0,0/0,18/24,6,0,0,0
2024-11-23,2024020321,COL,away,8480382,Alexandar Georgiev,40,G,True,W,60:00,31,27,4,0.870968,23/26,4/5,0/0,27/31,3,1,0,0
2024-11-23,2024020321,COL,away,8481020,Justus Annunen,60,G,False,,00:00,0,0,0,,0/0,0/0,0/0,0/0,0,0,0,0
2024-11-23,2024020322,MTL,home,8480051,Cayden Primeau,30,G,False,,20:00,3,2,1,0.666667,1/2,1/1,0/0,2/3,1,0,0,0
2024-11-23,2024020322,MTL,home,8478470,Samuel Montembeault,35,G,True,L,39:42,25,20,5,0.8,18/23,2/2,0/0,20/25,5,0,0,0
2024-11-23,2024020322,VGK,away,8478499,Adin Hill,33,G,True,W,60:00,17,15,2,0.882353,15/16,0/1,0/0,15/17,1,1,0,0
2024-11-23,2024020322,VGK,away,8478492,Ilya Samsonov,35,G,False,,00:00,0,0,0,,0/0,0/0,0/0,0/0,0,0,0,0
2024-11-23,2024020323,OTT,home,8476341,Anton Forsberg,31,G,False,,00:00,0,0,0,,0/0,0/0,0/0,0/0,0,0,0,0
2024-11-23,2024020323,OTT,home,8476999,Linus Ullmark,35,G,True,L,56:37,21,17,4,0.809524,14/17,3/4,0/0,17/21,3,1,0,0
2024-11-23,2024020323,VAN,away,8481668,Arturs Silovs,31,G,False,,00:00,0,0,0,,0/0,0/0,0/0,0/0,0,0,0,0
2024-11-23,2024020323,VAN,away,8480947,Kevin Lankinen,32,G,True,W,58:20,29,26,3,0.896552,16/17,8/10,2/2,26/29,1,2,0,0
2024-11-23,2024020324,DET,home,8479312,Alex Lyon,34,G,False,,00:00,0,0,0,,0/0,0/0,0/0,0/0,0,0,0,0
2024-11-23,2024020324,DET,home,8475660,Cam Talbot,39,G,True,L,58:03,29,27,2,0.931034,24/25,1/2,2/2,27/29,1,1,0,0
2024-11-23,2024020324,BOS,away,8480280,Jeremy Swayman,1,G,True,W,60:00,20,19,1,0.95,13/14,6/6,0/0,19/20,1,0,0,0
2024-11-23,2024020324,BOS,away,8476914,Joonas Korpisalo,70,G,False,,00:00,0,0,0,,0/0,0/0,0/0,0/0,0,0,0,0
2024-11-23,2024020325,TBL,home,8477992,Jonas Johansson,31,G,False,,00:00,0,0,0,,0/0,0/0,0/0,0/0,0,0,0,0
2024-11-23,2024020325,TBL,home,8476883,Andrei Vasilevskiy,88,G,True,L,57:14,28,24,4,0.857143,21/24,3/4,0/0,24/28,3,1,0,0
2024-11-23,2024020325,DAL,away,8479193,Casey DeSmith,1,G,False,,00:00,0,0,0,,0/0,0/0,0/0,0/0,0,0,0,0
2024-11-23,2024020325,DAL,away,8479979,Jake Oettinger,29,G,True,W,60:00,29,27,2,0.931034,24/26,3/3,0/0,27/29,2,0,0,0
2024-11-23,2024020326,PIT,home,8477465,Tristan Jarry,35,G,False,,00:00,0,0,0,,0/0,0/0,0/0,0/0,0,0,0,0
2024-11-23,2024020326,PIT,home,8477968,Alex Nedeljkovic,39,G,True,L,59:55,30,24,6,0.8,20/23,3/6,1/1,24/30,3,3,0,0
2024-11-23,2024020326,UTA,away,8483530,Jaxson Stauber,33,G,False,,00:00,0,0,0,,0/0,0/0,0/0,0/0,0,0,0,0
2024-11-23,2024020326,UTA,away,8478872,Karel Vejmelka,70,G,True,W,59:48,28,27,1,0.964286,21/21,6/7,0/0,27/28,0,1,0,0
2024-11-23,2024020327,WSH,home,8480313,Logan Thompson,48,G,False,,00:00,0,0,0,,0/0,0/0,0/0,0/0,0,0,0,0
2024-11-23,2024020327,WSH,home,8479292,Charlie Lindgren,79,G,True,L,58:16,33,30,3,0.909091,19/20,11/13,0/0,30/33,1,2,0,0
2024-11-23,2024020327,NJD,away,8474593,Jacob Markstrom,25,G,False,,00:00,0,0,0,,0/0,0/0,0/0,0/0,0,0,0,0
2024-11-23,2024020327,NJD,away,8474596,Jake Allen,34,G,True,W,60:00,25,24,2,0.96,24/25,0/0,0/0,24/25,1,1,0,0
2024-11-23,2024020328,CBJ,home,8480193,Daniil Tarasov,40,G,False,,00:00,0,0,0,,0/0,0/0,0/0,0/0,0,0,0,0
2024-11-23,2024020328,CBJ,home,8478007,Elvis Merzlikins,90,G,True,W,64:32,36,32,4,0.888889,26/29,4/5,2/2,32/36,3,1,0,0
2024-11-23,2024020328,CAR,away,8477484,Spencer Martin,41,G,False,O,02:08,1,1,0,1.0,1/1,0/0,0/0,1/1,0,0,0,0
2024-11-23,2024020328,CAR,away,8481611,Pyotr Kochetkov,52,G,True,,62:10,31,27,4,0.870968,22/25,5/6,0/0,27/31,3,1,0,0
2024-11-23,2024020329,NSH,home,8475809,Scott Wedgewood,41,G,False,,00:00,0,0,0,,0/0,0/0,0/0,0/0,0,0,0,0
2024-11-23,2024020329,NSH,home,8477424,Juuse Saros,74,G,True,W,60:00,24,23,1,0.958333,17/18,6/6,0/0,23/24,1,0,0,0
2024-11-23,2024020329,WPG,away,8477480,Eric Comrie,1,G,True,L,58:56,35,32,3,0.914286,28/30,4/5,0/0,32/35,2,1,0,0
2024-11-23,2024020329,WPG,away,8476945,Connor Hellebuyck,37,G,False,,00:00,0,0,0,,0/0,0/0,0/0,0/0,0,0,0,0
2024-11-23,2024020330,NYI,home,8478009,Ilya Sorokin,30,G,True,W,60:00,25,24,1,0.96,24/24,0/1,0/0,24/25,0,1,0,0
2024-11-23,2024020330,NYI,home,8473575,Semyon Varlamov,40,G,False,,00:00,0,0,0,,0/0,0/0,0/0,0/0,0,0,0,0
2024-11-23,2024020330,STL,away,8480981,Joel Hofer,30,G,False,,00:00,0,0,0,,0/0,0/0,0/0,0/0,0,0,0,0
2024-11-23,2024020330,STL,away,8476412,Jordan Binnington,50,G,True,L,58:43,30,28,2,0.933333,25/26,3/4,0/0,28/30,1,1,0,0
2024-11-23,2024020331,SJS,home,8478406,Mackenzie Blackwood,29,G,True,L,59:10,30,27,3,0.9,22/24,4/4,1/2,27/30,2,0,1,0
2024-11-23,2024020331,SJS,home,8477970,Vitek Vanecek,41,G,False,,00:00,0,0,0,,0/0,0/0,0/0,0/0,0,0,0,0
2024-11-23,2024020331,BUF,away,8480045,Ukko-Pekka Luukkonen,1,G,False,,00:00,0,0,0,,0/0,0/0,0/0,0/0,0,0,0,0
2024-11-23,2024020331,BUF,away,8473503,James Reimer,47,G,True,W,59:57,33,31,2,0.939394,21/23,10/10,0/0,31/33,2,0,0,0
2024-11-23,2024020332,EDM,home,8475717,Calvin Pickard,30,G,False,,00:00,0,0,0,,0/0,0/0,0/0,0/0,0,0,0,0
2024-11-23,2024020332,EDM,home,8479973,Stuart Skinner,74,G,True,W,60:00,34,32,2,0.941176,27/29,4/4,1/1,32/34,2,0,0,0
2024-11-23,2024020332,NYR,away,8478048,Igor Shesterkin,31,G,False,,00:00,0,0,0,,0/0,0/0,0/0,0/0,0,0,0,0
2024-11-23,2024020332,NYR,away,8471734,Jonathan Quick,32,G,True,L,59:07,40,34,6,0.85,30/35,2/2,2/3,34/40,5,0,1,0
2024-11-24,2024020333,TOR,home,8476932,Anthony Stolarz,41,G,False,,00:00,0,0,0,,0/0,0/0,0/0,0/0,0,0,0,0
2024-11-24,2024020333,TOR,home,8479361,Joseph Woll,60,G,True,W,59:49,26,24,2,0.923077,19/20,2/3,3/3,24/26,1,1,0,0
2024-11-24,2024020333,UTA,away,8483530,Jaxson Stauber,33,G,False,,00:00,0,0,0,,0/0,0/0,0/0,0/0,0,0,0,0
2024-11-24,2024020333,UTA,away,8478872,Karel Vejmelka,70,G,True,L,58:24,35,32,3,0.914286,24/26,8/9,0/0,32/35,2,1,0,0
2024-11-25,2024020334,TBL,home,8477992,Jonas Johansson,31,G,False,,00:00,0,0,0,,0/0,0/0,0/0,0/0,0,0,0,0
2024-11-25,2024020334,TBL,home,8476883,Andrei Vasilevskiy,88,G,True,W,60:00,25,23,2,0.92,20/22,3/3,0/0,23/25,2,0,0,0
2024-11-25,2024020334,COL,away,8480382,Alexandar Georgiev,40,G,False,,29:57,17,14,3,0.823529,11/12,2/3,1/2,14/17,1,1,1,0
2024-11-25,2024020334,COL,away,8481020,Justus Annunen,60,G,True,L,30:03,16,11,5,0.6875,11/15,0/1,0/0,11/16,4,1,0,0
2024-11-25,2024020335,FLA,home,8481519,Spencer Knight,30,G,True,L,58:30,29,27,2,0.931034,23/24,3/4,1/1,27/29,1,1,0,0
2024-11-25,2024020335,FLA,home,8475683,Sergei Bobrovsky,72,G,False,,00:00,0,0,0,,0/0,0/0,0/0,0/0,0,0,0,0
2024-11-25,2024020335,WSH,away,8480313,Logan Thompson,48,G,True,W,60:00,21,20,1,0.952381,16/17,2/2,2/2,20/21,1,0,0,0
2024-11-25,2024020335,WSH,away,8479292,Charlie Lindgren,79,G,False,,00:00,0,0,0,,0/0,0/0,0/0,0/0,0,0,0,0
2024-11-25,2024020336,NJD,home,8474593,Jacob Markstrom,25,G,True,W,60:00,22,20,2,0.909091,13/15,7/7,0/0,20/22,2,0,0,0
2024-11-25,2024020336,NJD,home,8474596,Jake Allen,34,G,False,,00:00,0,0,0,,0/0,0/0,0/0,0/0,0,0,0,0
2024-11-25,2024020336,NSH,away,8475809,Scott Wedgewood,41,G,False,,18:56,15,15,0,1.0,13/13,0/0,2/2,15/15,0,0,0,0
2024-11-25,2024020336,NSH,away,8477424,Juuse Saros,74,G,True,L,39:53,30,26,4,0.866667,17/20,8/9,1/1,26/30,3,1,0,0
2024-11-25,2024020337,NYR,home,8478048,Igor Shesterkin,31,G,True,L,59:32,43,39,4,0.906977,29/33,9/9,1/1,39/43,4,0,0,0
2024-11-25,2024020337,NYR,home,8471734,Jonathan Quick,32,G,False,,00:00,0,0,0,,0/0,0/0,0/0,0/0,0,0,0,0
2024-11-25,2024020337,STL,away,8480981,Joel Hofer,30,G,True,W,60:00,29,27,2,0.931034,23/25,4/4,0/0,27/29,2,0,0,0
2024-11-25,2024020337,STL,away,8476412,Jordan Binnington,50,G,False,,00:00,0,0,0,,0/0,0/0,0/0,0/0,0,0,0,0
2024-11-25,2024020338,PHI,home,8482783,Aleksei Kolosov,35,G,False,,00:00,0,0,0,,0/0,0/0,0/0,0/0,0,0,0,0
2024-11-25,2024020338,PHI,home,8478905,Ivan Fedotov,82,G,True,O,64:55,30,26,4,0.866667,25/28,0/1,1/1,26/30,3,1,0,0
2024-11-25,2024020338,VGK,away,8478499,Adin Hill,33,G,False,,00:00,0,0,0,,0/0,0/0,0/0,0/0,0,0,0,0
2024-11-25,2024020338,VGK,away,8478492,Ilya Samsonov,35,G,True,W,64:56,36,32,4,0.888889,27/31,5/5,0/0,32/36,4,0,0,0
2024-11-25,2024020339,CAR,home,8477484,Spencer Martin,41,G,True,W,60:00,19,15,4,0.789474,12/16,3/3,0/0,15/19,4,0,0,0
2024-11-25,2024020339,CAR,home,8484293,Yaniv Perets,60,G,False,,00:00,0,0,0,,0/0,0/0,0/0,0/0,0,0,0,0
2024-11-25,2024020339,DAL,away,8479193,Casey DeSmith,1,G,False,,00:00,0,0,0,,0/0,0/0,0/0,0/0,0,0,0,0
2024-11-25,2024020339,DAL,away,8479979,Jake Oettinger,29,G,True,L,58:31,33,28,5,0.848485,26/28,1/3,1/2,28/33,2,2,1,0
2024-11-25,2024020340,OTT,home,8476341,Anton Forsberg,31,G,True,W,59:45,27,24,3,0.888889,19/21,3/4,2/2,24/27,2,1,0,0
2024-11-25,2024020340,OTT,home,8476999,Linus Ullmark,35,G,False,,00:00,0,0,0,,0/0,0/0,0/0,0/0,0,0,0,0
2024-11-25,2024020340,CGY,away,8481692,Dustin Wolf,32,G,True,L,56:58,30,26,4,0.866667,17/19,9/11,0/0,26/30,2,2,0,0
2024-11-25,2024020340,CGY,away,8478435,Dan Vladar,80,G,False,,00:00,0,0,0,,0/0,0/0,0/0,0/0,0,0,0,0
2024-11-25,2024020341,NYI,home,8478009,Ilya Sorokin,30,G,False,,00:00,0,0,0,,0/0,0/0,0/0,0/0,0,0,0,0
2024-11-25,2024020341,NYI,home,8473575,Semyon Varlamov,40,G,True,L,57:14,20,17,3,0.85,15/18,2/2,0/0,17/20,3,0,0,0
2024-11-25,2024020341,DET,away,8479312,Alex Lyon,34,G,True,W,60:00,29,27,2,0.931034,24/26,2/2,1/1,27/29,2,0,0,0
2024-11-25,2024020341,DET,away,8475660,Cam Talbot,39,G,False,,00:00,0,0,0,,0/0,0/0,0/0,0/0,0,0,0,0
2024-11-25,2024020342,MIN,home,8470594,Marc-Andre Fleury,29,G,False,,00:00,0,0,0,,0/0,0/0,0/0,0/0,0,0,0,0
2024-11-25,2024020342,MIN,home,8479406,Filip Gustavsson,32,G,True,L,58:44,31,28,3,0.903226,24/26,3/4,1/1,28/31,2,1,0,0
2024-11-25,2024020342,WPG,away,8477480,Eric Comrie,1,G,False,,00:00,0,0,0,,0/0,0/0,0/0,0/0,0,0,0,0
2024-11-25,2024020342,WPG,away,8476945,Connor Hellebuyck,37,G,True,W,60:00,44,43,1,0.977273,31/32,10/10,2/2,43/44,1,0,0,0
2024-11-25,2024020343,ANA,home,8480843,Lukas Dostal,1,G,True,L,57:26,28,25,3,0.892857,19/22,4/4,2/2,25/28,3,0,0,0
2024-11-25,2024020343,ANA,home,8476434,John Gibson,36,G,False,,00:00,0,0,0,,0/0,0/0,0/0,0/0,0,0,0,0
2024-11-25,2024020343,SEA,away,8475831,Philipp Grubauer,31,G,False,,00:00,0,0,0,,0/0,0/0,0/0,0/0,0,0,0,0
2024-11-25,2024020343,SEA,away,8478916,Joey Daccord,35,G,True,W,59:28,23,21,2,0.913043,16/18,2/2,3/3,21/23,2,0,0,0
2024-11-25,2024020344,SJS,home,8478406,Mackenzie Blackwood,29,G,False,,00:00,0,0,0,,0/0,0/0,0/0,0/0,0,0,0,0
2024-11-25,2024020344,SJS,home,8482137,Yaroslav Askarov,30,G,True,W,60:00,24,22,2,0.916667,20/22,0/0,2/2,22/24,2,0,0,0
2024-11-25,2024020344,LAK,away,8481707,Erik Portillo,1,G,False,,00:00,0,0,0,,0/0,0/0,0/0,0/0,0,0,0,0
2024-11-25,2024020344,LAK,away,8479496,David Rittich,31,G,True,L,60:00,21,14,7,0.666667,13/18,0/2,1/1,14/21,5,2,0,0
2024-11-26,2024020345,BOS,home,8480280,Jeremy Swayman,1,G,True,L,58:37,14,13,1,0.928571,12/12,1/2,0/0,13/14,0,1,0,0
2024-11-26,2024020345,BOS,home,8476914,Joonas Korpisalo,70,G,False,,00:00,0,0,0,,0/0,0/0,0/0,0/0,0,0,0,0
2024-11-26,2024020345,VAN,away,8481668,Arturs Silovs,31,G,False,,00:00,0,0,0,,0/0,0/0,0/0,0/0,0,0,0,0
2024-11-26,2024020345,VAN,away,8480947,Kevin Lankinen,32,G,True,W,60:00,33,33,0,1.0,27/27,6/6,0/0,33/33,0,0,0,0
2024-11-26,2024020346,MTL,home,8480051,Cayden Primeau,30,G,False,,00:00,0,0,0,,0/0,0/0,0/0,0/0,0,0,0,0
2024-11-26,2024020346,MTL,home,8478470,Samuel Montembeault,35,G,True,O,64:33,29,26,3,0.896552,22/25,4/4,0/0,26/29,3,0,0,0
2024-11-26,2024020346,UTA,away,8483530,Jaxson Stauber,33,G,False,,00:00,0,0,0,,0/0,0/0,0/0,0/0,0,0,0,0
2024-11-26,2024020346,UTA,away,8478872,Karel Vejmelka,70,G,True,W,64:06,13,11,2,0.846154,11/13,0/0,0/0,11/13,2,0,0,0
2024-11-27,2024020347,BUF,home,8480045,Ukko-Pekka Luukkonen,1,G,True,L,57:27,30,29,1,0.966667,29/30,0/0,0/0,29/30,1,0,0,0
2024-11-27,2024020347,BUF,home,8473503,James Reimer,47,G,False,,00:00,0,0,0,,0/0,0/0,0/0,0/0,0,0,0,0
2024-11-27,2024020347,MIN,away,8470594,Marc-Andre Fleury,29,G,False,,00:00,0,0,0,,0/0,0/0,0/0,0/0,0,0,0,0
2024-11-27,2024020347,MIN,away,8479406,Filip Gustavsson,32,G,True,W,60:00,39,39,0,1.0,33/33,6/6,0/0,39/39,0,0,0,0
2024-11-27,2024020348,NJD,home,8474593,Jacob Markstrom,25,G,True,L,59:53,20,17,3,0.85,9/12,7/7,1/1,17/20,3,0,0,0
2024-11-27,2024020348,NJD,home,8474596,Jake Allen,34,G,False,,00:00,0,0,0,,0/0,0/0,0/0,0/0,0,0,0,0
2024-11-27,2024020348,STL,away,8480981,Joel Hofer,30,G,False,,00:00,0,0,0,,0/0,0/0,0/0,0/0,0,0,0,0
2024-11-27,2024020348,STL,away,8476412,Jordan Binnington,50,G,True,W,60:00,32,32,0,1.0,24/24,7/7,1/1,32/32,0,0,0,0
2024-11-27,2024020349,CAR,home,8477484,Spencer Martin,41,G,True,W,59:26,22,19,3,0.863636,15/18,4/4,0/0,19/22,3,0,0,0
2024-11-27,2024020349,CAR,home,8484293,Yaniv Perets,60,G,False,,00:00,0,0,0,,0/0,0/0,0/0,0/0,0,0,0,0
2024-11-27,2024020349,NYR,away,8478048,Igor Shesterkin,31,G,True,L,57:42,31,27,4,0.870968,22/24,4/6,1/1,27/31,2,2,0,0
2024-11-27,2024020349,NYR,away,8471734,Jonathan Quick,32,G,False,,00:00,0,0,0,,0/0,0/0,0/0,0/0,0,0,0,0
2024-11-27,2024020350,DET,home,8478024,Ville Husso,35,G,False,,00:00,0,0,0,,0/0,0/0,0/0,0/0,0,0,0,0
2024-11-27,2024020350,DET,home,8475660,Cam Talbot,39,G,True,W,63:35,25,24,1,0.96,18/18,5/6,1/1,24/25,0,1,0,0
2024-11-27,2024020350,CGY,away,8481692,Dustin Wolf,32,G,False,,00:00,0,0,0,,0/0,0/0,0/0,0/0,0,0,0,0
2024-11-27,2024020350,CGY,away,8478435,Dan Vladar,80,G,True,O,63:35,27,25,2,0.925926,21/21,2/4,2/2,25/27,0,2,0,0
2024-11-27,2024020351,TBL,home,8477992,Jonas Johansson,31,G,False,,00:00,0,0,0,,0/0,0/0,0/0,0/0,0,0,0,0
2024-11-27,2024020351,TBL,home,8476883,Andrei Vasilevskiy,88,G,True,L,58:47,32,27,5,0.84375,23/26,4/5,0/1,27/32,3,1,1,0
2024-11-27,2024020351,WSH,away,8480313,Logan Thompson,48,G,False,,00:00,0,0,0,,0/0,0/0,0/0,0/0,0,0,0,0
2024-11-27,2024020351,WSH,away,8479292,Charlie Lindgren,79,G,True,W,59:47,28,25,4,0.892857,19/21,3/4,3/3,25/28,3,1,0,0
2024-11-27,2024020352,FLA,home,8481519,Spencer Knight,30,G,False,,00:00,0,0,0,,0/0,0/0,0/0,0/0,0,0,0,0
2024-11-27,2024020352,FLA,home,8475683,Sergei Bobrovsky,72,G,True,W,60:00,24,23,1,0.958333,19/19,4/5,0/0,23/24,0,1,0,0
2024-11-27,2024020352,TOR,away,8476932,Anthony Stolarz,41,G,True,L,58:15,23,19,4,0.826087,14/15,4/6,1/2,19/23,1,2,1,0
2024-11-27,2024020352,TOR,away,8479361,Joseph Woll,60,G,False,,00:00,0,0,0,,0/0,0/0,0/0,0/0,0,0,0,0
2024-11-27,2024020353,NYI,home,8478009,Ilya Sorokin,30,G,True,L,57:32,20,15,5,0.75,15/20,0/0,0/0,15/20,5,0,0,0
2024-11-27,2024020353,NYI,home,8473575,Semyon Varlamov,40,G,False,,00:00,0,0,0,,0/0,0/0,0/0,0/0,0,0,0,0
2024-11-27,2024020353,BOS,away,8480280,Jeremy Swayman,1,G,False,,00:00,0,0,0,,0/0,0/0,0/0,0/0,0,0,0,0
2024-11-27,2024020353,BOS,away,8476914,Joonas Korpisalo,70,G,True,W,60:00,24,21,3,0.875,19/22,2/2,0/0,21/24,3,0,0,0
2024-11-27,2024020354,PIT,home,8477465,Tristan Jarry,35,G,True,W,60:00,29,25,4,0.862069,21/25,1/1,3/3,25/29,4,0,0,0
2024-11-27,2024020354,PIT,home,8477968,Alex Nedeljkovic,39,G,False,,00:00,0,0,0,,0/0,0/0,0/0,0/0,0,0,0,0
2024-11-27,2024020354,VAN,away,8481668,Arturs Silovs,31,G,True,L,57:48,23,18,5,0.782609,12/16,5/6,1/1,18/23,4,1,0,0
2024-11-27,2024020354,VAN,away,8480947,Kevin Lankinen,32,G,False,,00:00,0,0,0,,0/0,0/0,0/0,0/0,0,0,0,0
2024-11-27,2024020355,CBJ,home,8480193,Daniil Tarasov,40,G,False,,00:00,0,0,0,,0/0,0/0,0/0,0/0,0,0,0,0
2024-11-27,2024020355,CBJ,home,8478007,Elvis Merzlikins,90,G,True,O,59:16,23,19,4,0.826087,17/20,1/2,1/1,19/23,3,1,0,0
2024-11-27,2024020355,MTL,away,8480051,Cayden Primeau,30,G,True,W,60:43,24,21,3,0.875,20/23,1/1,0/0,21/24,3,0,0,0
2024-11-27,2024020355,MTL,away,8478470,Samuel Montembeault,35,G,False,,00:00,0,0,0,,0/0,0/0,0/0,0/0,0,0,0,0
2024-11-27,2024020356,NSH,home,8475809,Scott Wedgewood,41,G,False,,00:00,0,0,0,,0/0,0/0,0/0,0/0,0,0,0,0
2024-11-27,2024020356,NSH,home,8477424,Juuse Saros,74,G,True,O,62:31,23,20,3,0.869565,20/23,0/0,0/0,20/23,3,0,0,0
2024-11-27,2024020356,PHI,away,8482783,Aleksei Kolosov,35,G,True,W,60:04,27,25,2,0.925926,21/23,4/4,0/0,25/27,2,0,0,0
2024-11-27,2024020356,PHI,away,8478905,Ivan Fedotov,82,G,False,,00:00,0,0,0,,0/0,0/0,0/0,0/0,0,0,0,0
2024-11-27,2024020357,CHI,home,8475852,Petr Mrazek,34,G,True,W,60:00,27,25,2,0.925926,21/22,3/4,1/1,25/27,1,1,0,0
2024-11-27,2024020357,CHI,home,8482821,Arvid Soderblom,40,G,False,,00:00,0,0,0,,0/0,0/0,0/0,0/0,0,0,0,0
2024-11-27,2024020357,DAL,away,8479193,Casey DeSmith,1,G,True,L,59:24,26,20,6,0.769231,17/22,1/2,2/2,20/26,5,1,0,0
2024-11-27,2024020357,DAL,away,8479979,Jake Oettinger,29,G,False,,00:00,0,0,0,,0/0,0/0,0/0,0/0,0,0,0,0
2024-11-27,2024020358,COL,home,8480382,Alexandar Georgiev,40,G,True,W,64:53,19,18,1,0.947368,15/16,3/3,0/0,18/19,1,0,0,0
2024-11-27,2024020358,COL,home,8481020,Justus Annunen,60,G,False,,00:00,0,0,0,,0/0,0/0,0/0,0/0,0,0,0,0
2024-11-27,2024020358,VGK,away,8478499,Adin Hill,33,G,True,O,65:00,34,33,1,0.970588,28/29,5/5,0/0,33/34,1,0,0,0
2024-11-27,2024020358,VGK,away,8478492,Ilya Samsonov,35,G,False,,00:00,0,0,0,,0/0,0/0,0/0,0/0,0,0,0,0
2024-11-27,2024020359,LAK,home,8481707,Erik Portillo,1,G,False,,00:00,0,0,0,,0/0,0/0,0/0,0/0,0,0,0,0
2024-11-27,2024020359,LAK,home,8479496,David Rittich,31,G,True,W,60:00,14,13,1,0.928571,13/13,0/1,0/0,13/14,0,1,0,0
2024-11-27,2024020359,WPG,away,8477480,Eric Comrie,1,G,False,,00:00,0,0,0,,0/0,0/0,0/0,0/0,0,0,0,0
2024-11-27,2024020359,WPG,away,8476945,Connor Hellebuyck,37,G,True,L,59:34,32,29,3,0.90625,28/30,1/2,0/0,29/32,2,1,0,0
2024-11-27,2024020360,SEA,home,8475831,Philipp Grubauer,31,G,False,,00:00,0,0,0,,0/0,0/0,0/0,0/0,0,0,0,0
2024-11-27,2024020360,SEA,home,8478916,Joey Daccord,35,G,True,L,55:03,33,28,5,0.848485,22/26,6/7,0/0,28/33,4,1,0,0
2024-11-27,2024020360,ANA,away,8480843,Lukas Dostal,1,G,False,,00:00,0,0,0,,0/0,0/0,0/0,0/0,0,0,0,0
2024-11-27,2024020360,ANA,away,8476434,John Gibson,36,G,True,W,60:00,44,42,2,0.954545,25/27,16/16,1/1,42/44,2,0,0,0
2024-11-27,2024020361,SJS,home,8478406,Mackenzie Blackwood,29,G,True,L,57:54,11,7,4,0.636364,7/10,0/1,0/0,7/11,3,1,0,0
2024-11-27,2024020361,SJS,home,8477970,Vitek Vanecek,41,G,False,,00:00,0,0,0,,0/0,0/0,0/0,0/0,0,0,0,0
2024-11-27,2024020361,OTT,away,8476341,Anton Forsberg,31,G,False,,00:00,0,0,0,,0/0,0/0,0/0,0/0,0,0,0,0
2024-11-27,2024020361,OTT,away,8476999,Linus Ullmark,35,G,True,W,60:00,39,36,3,0.923077,34/36,2/3,0/0,36/39,2,1,0,0
2024-11-29,2024020362,PHI,home,8482783,Aleksei Kolosov,35,G,False,,00:00,0,0,0,,0/0,0/0,0/0,0/0,0,0,0,0
2024-11-29,2024020362,PHI,home,8478905,Ivan Fedotov,82,G,True,W,60:00,23,22,1,0.956522,22/23,0/0,0/0,22/23,1,0,0,0
2024-11-29,2024020362,NYR,away,8478048,Igor Shesterkin,31,G,True,L,57:52,34,32,2,0.941176,31/33,1/1,0/0,32/34,2,0,0,0
2024-11-29,2024020362,NYR,away,8471734,Jonathan Quick,32,G,False,,00:00,0,0,0,,0/0,0/0,0/0,0/0,0,0,0,0
2024-11-29,2024020363,MIN,home,8470594,Marc-Andre Fleury,29,G,True,W,60:00,23,21,2,0.913043,18/19,3/4,0/0,21/23,1,1,0,0
2024-11-29,2024020363,MIN,home,8479406,Filip Gustavsson,32,G,False,,00:00,0,0,0,,0/0,0/0,0/0,0/0,0,0,0,0
2024-11-29,2024020363,CHI,away,8475852,Petr Mrazek,34,G,True,L,58:31,29,26,3,0.896552,25/28,1/1,0/0,26/29,3,0,0,0
2024-11-29,2024020363,CHI,away,8482821,Arvid Soderblom,40,G,False,,00:00,0,0,0,,0/0,0/0,0/0,0/0,0,0,0,0
2024-11-29,2024020364,BUF,home,8480045,Ukko-Pekka Luukkonen,1,G,True,O,63:40,22,18,4,0.818182,14/17,2/3,2/2,18/22,3,1,0,0
2024-11-29,2024020364,BUF,home,8473503,James Reimer,47,G,False,,00:00,0,0,0,,0/0,0/0,0/0,0/0,0,0,0,0
2024-11-29,2024020364,VAN,away,8481668,Arturs Silovs,31,G,False,,00:00,0,0,0,,0/0,0/0,0/0,0/0,0,0,0,0
2024-11-29,2024020364,VAN,away,8480947,Kevin Lankinen,32,G,True,W,63:06,34,31,3,0.911765,22/25,8/8,1/1,31/34,3,0,0,0
2024-11-29,2024020365,DET,home,8478024,Ville Husso,35,G,False,,00:00,0,0,0,,0/0,0/0,0/0,0/0,0,0,0,0
2024-11-29,2024020365,DET,home,8475660,Cam Talbot,39,G,True,L,57:45,29,24,5,0.827586,24/26,0/3,0/0,24/29,2,3,0,0
2024-11-29,2024020365,NJD,away,8474593,Jacob Markstrom,25,G,True,W,60:00,28,24,4,0.857143,19/22,2/3,3/3,24/28,3,1,0,0
2024-11-29,2024020365,NJD,away,8474596,Jake Allen,34,G,False,,00:00,0,0,0,,0/0,0/0,0/0,0/0,0,0,0,0
2024-11-29,2024020366,WSH,home,8480313,Logan Thompson,48,G,True,W,61:10,24,20,4,0.833333,11/15,5/5,4/4,20/24,4,0,0,0
2024-11-29,2024020366,WSH,home,8479292,Charlie Lindgren,79,G,False,,00:00,0,0,0,,0/0,0/0,0/0,0/0,0,0,0,0
2024-11-29,2024020366,NYI,away,8478009,Ilya Sorokin,30,G,False,,00:00,0,0,0,,0/0,0/0,0/0,0/0,0,0,0,0
2024-11-29,2024020366,NYI,away,8473575,Semyon Varlamov,40,G,True,O,61:20,26,21,5,0.807692,17/20,4/6,0/0,21/26,3,2,0,0
2024-11-29,2024020367,CAR,home,8477484,Spencer Martin,41,G,True,L,57:44,29,24,5,0.827586,19/23,3/3,2/3,24/29,4,0,1,0
2024-11-29,2024020367,CAR,home,8484293,Yaniv Perets,60,G,False,,00:00,0,0,0,,0/0,0/0,0/0,0/0,0,0,0,0
2024-11-29,2024020367,FLA,away,8481519,Spencer Knight,30,G,False,,00:00,0,0,0,,0/0,0/0,0/0,0/0,0,0,0,0
2024-11-29,2024020367,FLA,away,8475683,Sergei Bobrovsky,72,G,True,W,60:00,31,28,3,0.903226,25/27,3/4,0/0,28/31,2,1,0,0
2024-11-29,2024020368,CBJ,home,8482982,Jet Greaves,73,G,False,,00:00,0,0,0,,0/0,0/0,0/0,0/0,0,0,0,0
2024-11-29,2024020368,CBJ,home,8478007,Elvis Merzlikins,90,G,True,W,60:00,29,27,2,0.931034,26/27,1/2,0/0,27/29,1,1,0,2
2024-11-29,2024020368,CGY,away,8481692,Dustin Wolf,32,G,True,L,58:33,33,29,4,0.878788,24/27,3/4,2/2,29/33,3,1,0,0
2024-11-29,2024020368,CGY,away,8478435,Dan Vladar,80,G,False,,00:00,0,0,0,,0/0,0/0,0/0,0/0,0,0,0,0
2024-11-29,2024020369,NSH,home,8475809,Scott Wedgewood,41,G,False,,00:00,0,0,0,,0/0,0/0,0/0,0/0,0,0,0,0
2024-11-29,2024020369,NSH,home,8477424,Juuse Saros,74,G,True,O,61:01,28,25,3,0.892857,22/23,2/3,1/2,25/28,1,1,1,2
2024-11-29,2024020369,TBL,away,8477992,Jonas Johansson,31,G,True,W,61:01,31,29,2,0.935484,24/26,2/2,3/3,29/31,2,0,0,0
2024-11-29,2024020369,TBL,away,8477035,Matt Tomkins,70,G,False,,00:00,0,0,0,,0/0,0/0,0/0,0/0,0,0,0,0
2024-11-29,2024020370,ANA,home,8480843,Lukas Dostal,1,G,False,,00:00,0,0,0,,0/0,0/0,0/0,0/0,0,0,0,0
2024-11-29,2024020370,ANA,home,8476434,John Gibson,36,G,True,L,58:29,18,16,2,0.888889,13/15,3/3,0/0,16/18,2,0,0,0
2024-11-29,2024020370,LAK,away,8481707,Erik Portillo,1,G,True,W,58:37,29,28,1,0.965517,21/22,7/7,0/0,28/29,1,0,0,0
2024-11-29,2024020370,LAK,away,8479496,David Rittich,31,G,False,,01:23,2,2,0,1.0,2/2,0/0,0/0,2/2,0,0,0,0
2024-11-29,2024020371,SJS,home,8478406,Mackenzie Blackwood,29,G,False,,00:00,0,0,0,,0/0,0/0,0/0,0/0,0,0,0,0
2024-11-29,2024020371,SJS,home,8477970,Vitek Vanecek,41,G,True,W,60:00,31,26,5,0.83871,20/23,6/8,0/0,26/31,3,2,0,0
2024-11-29,2024020371,SEA,away,8475831,Philipp Grubauer,31,G,True,L,59:29,26,19,7,0.730769,15/22,3/3,1/1,19/26,7,0,0,0
2024-11-29,2024020371,SEA,away,8478916,Joey Daccord,35,G,False,,00:00,0,0,0,,0/0,0/0,0/0,0/0,0,0,0,0
2024-11-29,2024020372,BOS,home,8480280,Jeremy Swayman,1,G,True,L,57:59,36,34,2,0.944444,32/34,1/1,1/1,34/36,2,0,0,0
2024-11-29,2024020372,BOS,home,8476914,Joonas Korpisalo,70,G,False,,00:00,0,0,0,,0/0,0/0,0/0,0/0,0,0,0,0
2024-11-29,2024020372,PIT,away,8477465,Tristan Jarry,35,G,True,W,59:55,31,30,1,0.967742,25/26,4/4,1/1,30/31,1,0,0,0
2024-11-29,2024020372,PIT,away,8477968,Alex Nedeljkovic,39,G,False,,00:00,0,0,0,,0/0,0/0,0/0,0/0,0,0,0,0
2024-11-29,2024020374,VGK,home,8478499,Adin Hill,33,G,True,W,60:00,25,22,3,0.88,19/22,3/3,0/0,22/25,3,0,0,0
2024-11-29,2024020374,VGK,home,8478492,Ilya Samsonov,35,G,False,,00:00,0,0,0,,0/0,0/0,0/0,0/0,0,0,0,0
2024-11-29,2024020374,WPG,away,8477480,Eric Comrie,1,G,True,L,58:19,30,26,4,0.866667,20/24,5/5,1/1,26/30,4,0,0,0
2024-11-29,2024020374,WPG,away,8476945,Connor Hellebuyck,37,G,False,,00:00,0,0,0,,0/0,0/0,0/0,0/0,0,0,0,0
2024-11-29,2024020373,DAL,home,8479193,Casey DeSmith,1,G,False,,00:00,0,0,0,,0/0,0/0,0/0,0/0,0,0,0,0
2024-11-29,2024020373,DAL,home,8479979,Jake Oettinger,29,G,True,W,60:00,32,29,3,0.90625,23/25,4/5,2/2,29/32,2,1,0,0
2024-11-29,2024020373,COL,away,8480382,Alexandar Georgiev,40,G,True,L,57:12,23,19,4,0.826087,14/16,4/6,1/1,19/23,2,2,0,0
2024-11-29,2024020373,COL,away,8481020,Justus Annunen,60,G,False,,00:00,0,0,0,,0/0,0/0,0/0,0/0,0,0,0,0
2024-11-29,2024020375,UTA,home,8483530,Jaxson Stauber,33,G,False,,00:00,0,0,0,,0/0,0/0,0/0,0/0,0,0,0,0
2024-11-29,2024020375,UTA,home,8478872,Karel Vejmelka,70,G,True,O,61:18,32,28,4,0.875,23/25,5/7,0/0,28/32,2,2,0,0
2024-11-29,2024020375,EDM,away,8475717,Calvin Pickard,30,G,True,W,61:18,31,28,3,0.903226,26/29,2/2,0/0,28/31,3,0,0,0
2024-11-29,2024020375,EDM,away,8479973,Stuart Skinner,74,G,False,,00:00,0,0,0,,0/0,0/0,0/0,0/0,0,0,0,0
2024-11-30,2024020376,NYR,home,8478048,Igor Shesterkin,31,G,False,,00:00,0,0,0,,0/0,0/0,0/0,0/0,0,0,0,0
2024-11-30,2024020376,NYR,home,8471734,Jonathan Quick,32,G,True,W,60:00,28,25,3,0.892857,21/24,4/4,0/0,25/28,3,0,0,2
2024-11-30,2024020376,MTL,away,8480051,Cayden Primeau,30,G,False,,00:00,0,0,0,,0/0,0/0,0/0,0/0,0,0,0,0
2024-11-30,2024020376,MTL,away,8478470,Samuel Montembeault,35,G,True,L,59:39,28,24,4,0.857143,18/19,6/9,0/0,24/28,1,3,0,0
2024-11-30,2024020377,FLA,home,8481519,Spencer Knight,30,G,True,W,60:00,20,20,0,1.0,14/14,4/4,2/2,20/20,0,0,0,0
2024-11-30,2024020377,FLA,home,8475683,Sergei Bobrovsky,72,G,False,,00:00,0,0,0,,0/0,0/0,0/0,0/0,0,0,0,0
2024-11-30,2024020377,CAR,away,8477484,Spencer Martin,41,G,True,L,51:48,28,23,5,0.821429,23/26,0/2,0/0,23/28,3,2,0,0
2024-11-30,2024020377,CAR,away,8484293,Yaniv Perets,60,G,False,,08:12,7,6,1,0.857143,4/4,2/3,0/0,6/7,0,1,0,0
2024-11-30,2024020378,TBL,home,8477992,Jonas Johansson,31,G,False,,00:00,0,0,0,,0/0,0/0,0/0,0/0,0,0,0,0
2024-11-30,2024020378,TBL,home,8476883,Andrei Vasilevskiy,88,G,True,L,56:00,28,24,4,0.857143,24/28,0/0,0/0,24/28,4,0,0,0
2024-11-30,2024020378,TOR,away,8476932,Anthony Stolarz,41,G,False,,00:00,0,0,0,,0/0,0/0,0/0,0/0,0,0,0,0
2024-11-30,2024020378,TOR,away,8479361,Joseph Woll,60,G,True,W,59:42,41,38,3,0.926829,28/30,10/11,0/0,38/41,2,1,0,0
2024-11-30,2024020379,NJD,home,8474593,Jacob Markstrom,25,G,False,,00:00,0,0,0,,0/0,0/0,0/0,0/0,0,0,0,0
2024-11-30,2024020379,NJD,home,8474596,Jake Allen,34,G,True,L,56:36,32,26,6,0.8125,22/25,4/7,0/0,26/32,3,3,0,0
2024-11-30,2024020379,WSH,away,8480313,Logan Thompson,48,G,False,,00:00,0,0,0,,0/0,0/0,0/0,0/0,0,0,0,0
2024-11-30,2024020379,WSH,away,8479292,Charlie Lindgren,79,G,True,W,60:00,27,22,5,0.814815,16/19,5/7,1/1,22/27,3,2,0,0
2024-11-30,2024020380,PIT,home,8477465,Tristan Jarry,35,G,False,,00:00,0,0,0,,0/0,0/0,0/0,0/0,0,0,0,0
2024-11-30,2024020380,PIT,home,8477968,Alex Nedeljkovic,39,G,True,W,59:18,32,30,2,0.9375,22/24,6/6,2/2,30/32,2,0,0,0
2024-11-30,2024020380,CGY,away,8481692,Dustin Wolf,32,G,False,,00:00,0,0,0,,0/0,0/0,0/0,0/0,0,0,0,0
2024-11-30,2024020380,CGY,away,8478435,Dan Vladar,80,G,True,L,60:00,43,37,6,0.860465,28/31,8/11,1/1,37/43,3,3,0,0
2024-11-30,2024020381,STL,home,8480981,Joel Hofer,30,G,False,,00:00,0,0,0,,0/0,0/0,0/0,0/0,0,0,0,0
2024-11-30,2024020381,STL,home,8476412,Jordan Binnington,50,G,True,O,59:39,31,28,3,0.903226,26/29,1/1,1/1,28/31,3,0,0,0
2024-11-30,2024020381,PHI,away,8482783,Aleksei Kolosov,35,G,True,W,60:28,27,25,2,0.925926,20/21,4/5,1/1,25/27,1,1,0,0
2024-11-30,2024020381,PHI,away,8478905,Ivan Fedotov,82,G,False,,00:00,0,0,0,,0/0,0/0,0/0,0/0,0,0,0,0
2024-11-30,2024020382,LAK,home,8481707,Erik Portillo,1,G,False,,00:00,0,0,0,,0/0,0/0,0/0,0/0,0,0,0,0
2024-11-30,2024020382,LAK,home,8479496,David Rittich,31,G,True,W,60:00,22,20,2,0.909091,20/22,0/0,0/0,20/22,2,0,0,0
2024-11-30,2024020382,OTT,away,8476341,Anton Forsberg,31,G,True,L,58:25,26,22,4,0.846154,20/23,2/3,0/0,22/26,3,1,0,0
2024-11-30,2024020382,OTT,away,8476999,Linus Ullmark,35,G,False,,00:00,0,0,0,,0/0,0/0,0/0,0/0,0,0,0,0
2024-11-30,2024020383,NYI,home,8478009,Ilya Sorokin,30,G,True,W,60:00,29,29,0,1.0,26/26,1/1,2/2,29/29,0,0,0,0
2024-11-30,2024020383,NYI,home,8473575,Semyon Varlamov,40,G,False,,00:00,0,0,0,,0/0,0/0,0/0,0/0,0,0,0,0
2024-11-30,2024020383,BUF,away,8480045,Ukko-Pekka Luukkonen,1,G,False,,00:00,0,0,0,,0/0,0/0,0/0,0/0,0,0,0,0
2024-11-30,2024020383,BUF,away,8473503,James Reimer,47,G,True,L,57:17,19,17,2,0.894737,12/13,3/4,2/2,17/19,1,1,0,0
2024-11-30,2024020384,MIN,home,8470594,Marc-Andre Fleury,29,G,False,,00:00,0,0,0,,0/0,0/0,0/0,0/0,0,0,0,0
2024-11-30,2024020384,MIN,home,8479406,Filip Gustavsson,32,G,True,W,61:00,27,25,2,0.925926,22/23,3/4,0/0,25/27,1,1,0,0
2024-11-30,2024020384,NSH,away,8481020,Justus Annunen,29,G,False,,00:00,0,0,0,,0/0,0/0,0/0,0/0,0,0,0,0
2024-11-30,2024020384,NSH,away,8477424,Juuse Saros,74,G,True,O,60:46,28,25,3,0.892857,22/24,3/4,0/0,25/28,2,1,0,0
2024-11-30,2024020385,COL,home,8480382,Alexandar Georgiev,40,G,True,L,58:23,31,28,3,0.903226,23/26,4/4,1/1,28/31,3,0,0,0
2024-11-30,2024020385,COL,home,8475809,Scott Wedgewood,41,G,False,,00:00,0,0,0,,0/0,0/0,0/0,0/0,0,0,0,0
2024-11-30,2024020385,EDM,away,8475717,Calvin Pickard,30,G,False,,00:00,0,0,0,,0/0,0/0,0/0,0/0,0,0,0,0
2024-11-30,2024020385,EDM,away,8479973,Stuart Skinner,74,G,True,W,60:00,28,27,1,0.964286,25/25,2/3,0/0,27/28,0,1,0,0
2024-11-30,2024020386,VGK,home,8478499,Adin Hill,33,G,False,,00:00,0,0,0,,0/0,0/0,0/0,0/0,0,0,0,0
2024-11-30,2024020386,VGK,home,8478492,Ilya Samsonov,35,G,True,L,60:00,28,22,6,0.785714,19/23,1/2,2/3,22/28,4,1,1,0
2024-11-30,2024020386,UTA,away,8483530,Jaxson Stauber,33,G,True,W,59:45,29,29,0,1.0,22/22,7/7,0/0,29/29,0,0,0,0
2024-11-30,2024020386,UTA,away,8478872,Karel Vejmelka,70,G,False,,00:00,0,0,0,,0/0,0/0,0/0,0/0,0,0,0,0
2024-11-30,2024020387,SEA,home,8475831,Philipp Grubauer,31,G,False,,00:00,0,0,0,,0/0,0/0,0/0,0/0,0,0,0,0
2024-11-30,2024020387,SEA,home,8478916,Joey Daccord,35,G,True,L,56:40,23,19,4,0.826087,17/21,2/2,0/0,19/23,4,0,0,0
2024-11-30,2024020387,SJS,away,8478406,Mackenzie Blackwood,29,G,True,W,60:00,38,36,2,0.947368,35/37,1/1,0/0,36/38,2,0,0,0
2024-11-30,2024020387,SJS,away,8477970,Vitek Vanecek,41,G,False,,00:00,0,0,0,,0/0,0/0,0/0,0/0,0,0,0,0
2024-12-01,2024020388,DET,home,8478024,Ville Husso,35,G,False,O,37:22,18,15,3,0.833333,13/16,2/2,0/0,15/18,3,0,0,0
2024-12-01,2024020388,DET,home,8475660,Cam Talbot,39,G,True,,26:05,14,12,2,0.857143,8/8,3/5,1/1,12/14,0,2,0,0
2024-12-01,2024020388,VAN,away,8481668,Arturs Silovs,31,G,False,,00:00,0,0,0,,0/0,0/0,0/0,0/0,0,0,0,0
2024-12-01,2024020388,VAN,away,8480947,Kevin Lankinen,32,G,True,W,64:00,31,27,4,0.870968,15/18,12/13,0/0,27/31,3,1,0,0
2024-12-01,2024020389,BOS,home,8480280,Jeremy Swayman,1,G,True,W,60:00,28,25,3,0.892857,20/23,2/2,3/3,25/28,3,0,0,0
2024-12-01,2024020389,BOS,home,8476914,Joonas Korpisalo,70,G,False,,00:00,0,0,0,,0/0,0/0,0/0,0/0,0,0,0,0
2024-12-01,2024020389,MTL,away,8480051,Cayden Primeau,30,G,True,L,59:28,29,24,5,0.827586,21/25,3/3,0/1,24/29,4,0,1,0
2024-12-01,2024020389,MTL,away,8478470,Samuel Montembeault,35,G,False,,00:00,0,0,0,,0/0,0/0,0/0,0/0,0,0,0,0
2024-12-01,2024020390,CHI,home,8475852,Petr Mrazek,34,G,True,L,59:10,35,30,5,0.857143,26/31,3/3,1/1,30/35,5,0,0,0
2024-12-01,2024020390,CHI,home,8482821,Arvid Soderblom,40,G,False,,00:00,0,0,0,,0/0,0/0,0/0,0/0,0,0,0,0
2024-12-01,2024020390,CBJ,away,8480193,Daniil Tarasov,40,G,False,,00:00,0,0,0,,0/0,0/0,0/0,0/0,0,0,0,0
2024-12-01,2024020390,CBJ,away,8478007,Elvis Merzlikins,90,G,True,W,60:00,31,28,3,0.903226,19/19,9/12,0/0,28/31,0,3,0,0
2024-12-01,2024020391,DAL,home,8479193,Casey DeSmith,1,G,False,,00:00,0,0,0,,0/0,0/0,0/0,0/0,0,0,0,0
2024-12-01,2024020391,DAL,home,8479979,Jake Oettinger,29,G,True,W,60:00,27,26,1,0.962963,24/25,1/1,1/1,26/27,1,0,0,0
2024-12-01,2024020391,WPG,away,8477480,Eric Comrie,1,G,False,,00:00,0,0,0,,0/0,0/0,0/0,0/0,0,0,0,0
2024-12-01,2024020391,WPG,away,8476945,Connor Hellebuyck,37,G,True,L,58:22,30,28,2,0.933333,18/20,8/8,2/2,28/30,2,0,0,0
2024-12-01,2024020392,ANA,home,8480843,Lukas Dostal,1,G,True,W,64:41,31,28,3,0.903226,18/20,10/11,0/0,28/31,2,1,0,0
2024-12-01,2024020392,ANA,home,8476434,John Gibson,36,G,False,,00:00,0,0,0,,0/0,0/0,0/0,0/0,0,0,0,0
2024-12-01,2024020392,OTT,away,8476341,Anton Forsberg,31,G,False,,00:00,0,0,0,,0/0,0/0,0/0,0/0,0,0,0,0
2024-12-01,2024020392,OTT,away,8476999,Linus Ullmark,35,G,True,O,64:44,34,31,3,0.911765,27/29,4/5,0/0,31/34,2,1,0,0
2024-12-02,2024020393,NYR,home,8478048,Igor Shesterkin,31,G,True,L,59:58,28,23,5,0.821429,18/21,5/7,0/0,23/28,3,2,0,0
2024-12-02,2024020393,NYR,home,8471734,Jonathan Quick,32,G,False,,00:00,0,0,0,,0/0,0/0,0/0,0/0,0,0,0,0
2024-12-02,2024020393,NJD,away,8474593,Jacob Markstrom,25,G,True,W,60:00,39,38,1,0.974359,25/25,8/9,5/5,38/39,0,1,0,0
2024-12-02,2024020393,NJD,away,8474596,Jake Allen,34,G,False,,00:00,0,0,0,,0/0,0/0,0/0,0/0,0,0,0,0
2024-12-02,2024020394,TOR,home,8476932,Anthony Stolarz,41,G,True,W,60:00,28,27,1,0.964286,25/26,2/2,0/0,27/28,1,0,0,0
2024-12-02,2024020394,TOR,home,8479361,Joseph Woll,60,G,False,,00:00,0,0,0,,0/0,0/0,0/0,0/0,0,0,0,0
2024-12-02,2024020394,CHI,away,8475852,Petr Mrazek,34,G,False,,00:00,0,0,0,,0/0,0/0,0/0,0/0,0,0,0,0
2024-12-02,2024020394,CHI,away,8482821,Arvid Soderblom,40,G,True,L,59:17,21,18,3,0.857143,14/17,3/3,1/1,18/21,3,0,0,0
2024-12-02,2024020395,UTA,home,8483530,Jaxson Stauber,33,G,False,,00:00,0,0,0,,0/0,0/0,0/0,0/0,0,0,0,0
2024-12-02,2024020395,UTA,home,8478872,Karel Vejmelka,70,G,True,L,57:48,21,19,2,0.904762,19/20,0/1,0/0,19/21,1,1,0,0
2024-12-02,2024020395,DAL,away,8479193,Casey DeSmith,1,G,True,W,60:00,37,36,1,0.972973,33/34,2/2,1/1,36/37,1,0,0,0
2024-12-02,2024020395,DAL,away,8479979,Jake Oettinger,29,G,False,,00:00,0,0,0,,0/0,0/0,0/0,0/0,0,0,0,0
2024-12-03,2024020396,BOS,home,8480280,Jeremy Swayman,1,G,False,,00:00,0,0,0,,0/0,0/0,0/0,0/0,0,0,0,0
2024-12-03,2024020396,BOS,home,8476914,Joonas Korpisalo,70,G,True,W,61:48,25,23,2,0.92,18/20,5/5,0/0,23/25,2,0,0,0
2024-12-03,2024020396,DET,away,8482657,Sebastian Cossa,33,G,False,,00:00,0,0,0,,0/0,0/0,0/0,0/0,0,0,0,0
2024-12-03,2024020396,DET,away,8478024,Ville Husso,35,G,True,O,62:15,35,32,3,0.914286,30/32,2/3,0/0,32/35,2,1,0,0
2024-12-03,2024020397,BUF,home,8480045,Ukko-Pekka Luukkonen,1,G,True,L,58:44,41,36,5,0.878049,35/40,0/0,1/1,36/41,5,0,0,0
2024-12-03,2024020397,BUF,home,8473503,James Reimer,47,G,False,,00:00,0,0,0,,0/0,0/0,0/0,0/0,0,0,0,0
2024-12-03,2024020397,COL,away,8480382,Alexandar Georgiev,40,G,True,,11:49,8,4,4,0.5,4/8,0/0,0/0,4/8,4,0,0,0
2024-12-03,2024020397,COL,away,8475809,Scott Wedgewood,41,G,False,W,48:11,22,22,0,1.0,20/20,1/1,1/1,22/22,0,0,0,0
2024-12-03,2024020398,MTL,home,8480051,Cayden Primeau,30,G,False,,00:00,0,0,0,,0/0,0/0,0/0,0/0,0,0,0,0
2024-12-03,2024020398,MTL,home,8478470,Samuel Montembeault,35,G,True,W,62:26,31,30,1,0.967742,20/21,10/10,0/0,30/31,1,0,0,0
2024-12-03,2024020398,NYI,away,8478009,Ilya Sorokin,30,G,True,O,62:39,27,25,2,0.925926,21/22,2/3,2/2,25/27,1,1,0,0
2024-12-03,2024020398,NYI,away,8473575,Semyon Varlamov,40,G,False,,00:00,0,0,0,,0/0,0/0,0/0,0/0,0,0,0,0
2024-12-03,2024020399,PIT,home,8477465,Tristan Jarry,35,G,True,W,61:31,41,37,4,0.902439,35/38,2/3,0/0,37/41,3,1,0,0
2024-12-03,2024020399,PIT,home,8477968,Alex Nedeljkovic,39,G,False,,00:00,0,0,0,,0/0,0/0,0/0,0/0,0,0,0,0
2024-12-03,2024020399,FLA,away,8481519,Spencer Knight,30,G,True,O,61:31,16,11,5,0.6875,10/15,1/1,0/0,11/16,5,0,0,0
2024-12-03,2024020399,FLA,away,8476904,Chris Driedger,60,G,False,,00:00,0,0,0,,0/0,0/0,0/0,0/0,0,0,0,0
2024-12-03,2024020400,WSH,home,8480313,Logan Thompson,48,G,True,O,60:39,31,29,2,0.935484,26/27,3/4,0/0,29/31,1,1,0,0
2024-12-03,2024020400,WSH,home,8479292,Charlie Lindgren,79,G,False,,00:00,0,0,0,,0/0,0/0,0/0,0/0,0,0,0,0
2024-12-03,2024020400,SJS,away,8478406,Mackenzie Blackwood,29,G,True,W,59:58,28,27,1,0.964286,24/25,3/3,0/0,27/28,1,0,0,0
2024-12-03,2024020400,SJS,away,8477970,Vitek Vanecek,41,G,False,,00:00,0,0,0,,0/0,0/0,0/0,0/0,0,0,0,0
2024-12-03,2024020401,CAR,home,8477484,Spencer Martin,41,G,False,,00:00,0,0,0,,0/0,0/0,0/0,0/0,0,0,0,0
2024-12-03,2024020401,CAR,home,8481611,Pyotr Kochetkov,52,G,True,L,57:15,28,24,4,0.857143,20/24,4/4,0/0,24/28,4,0,0,0
2024-12-03,2024020401,SEA,away,8475831,Philipp Grubauer,31,G,False,,00:00,0,0,0,,0/0,0/0,0/0,0/0,0,0,0,0
2024-12-03,2024020401,SEA,away,8478916,Joey Daccord,35,G,True,W,60:00,19,17,2,0.894737,17/18,0/1,0/0,17/19,1,1,0,0
2024-12-03,2024020402,MIN,home,8470594,Marc-Andre Fleury,29,G,False,,00:00,0,0,0,,0/0,0/0,0/0,0/0,0,0,0,0
2024-12-03,2024020402,MIN,home,8479406,Filip Gustavsson,32,G,True,W,64:36,32,30,2,0.9375,22/23,8/9,0/0,30/32,1,1,0,0
2024-12-03,2024020402,VAN,away,8481668,Arturs Silovs,31,G,False,,00:00,0,0,0,,0/0,0/0,0/0,0/0,0,0,0,0
2024-12-03,2024020402,VAN,away,8480947,Kevin Lankinen,32,G,True,O,63:54,29,26,3,0.896552,24/27,2/2,0/0,26/29,3,0,0,0
2024-12-03,2024020403,WPG,home,8477480,Eric Comrie,1,G,False,,00:00,0,0,0,,0/0,0/0,0/0,0/0,0,0,0,0
2024-12-03,2024020403,WPG,home,8476945,Connor Hellebuyck,37,G,True,L,59:07,31,28,3,0.903226,22/25,5/5,1/1,28/31,3,0,0,0
2024-12-03,2024020403,STL,away,8480981,Joel Hofer,30,G,True,W,60:00,23,22,1,0.956522,21/22,0/0,1/1,22/23,1,0,0,0
2024-12-03,2024020403,STL,away,8476412,Jordan Binnington,50,G,False,,00:00,0,0,0,,0/0,0/0,0/0,0/0,0,0,0,0
2024-12-03,2024020404,CGY,home,8481692,Dustin Wolf,32,G,False,,00:00,0,0,0,,0/0,0/0,0/0,0/0,0,0,0,0
2024-12-03,2024020404,CGY,home,8478435,Dan Vladar,80,G,True,W,60:00,16,16,0,1.0,12/12,3/3,1/1,16/16,0,0,0,0
2024-12-03,2024020404,CBJ,away,8480193,Daniil Tarasov,40,G,False,,00:00,0,0,0,,0/0,0/0,0/0,0/0,0,0,0,0
2024-12-03,2024020404,CBJ,away,8478007,Elvis Merzlikins,90,G,True,L,58:56,21,19,2,0.904762,16/16,3/5,0/0,19/21,0,2,0,0
2024-12-03,2024020405,VGK,home,8478499,Adin Hill,33,G,True,W,60:00,28,28,0,1.0,28/28,0/0,0/0,28/28,0,0,0,0
2024-12-03,2024020405,VGK,home,8478492,Ilya Samsonov,35,G,False,,00:00,0,0,0,,0/0,0/0,0/0,0/0,0,0,0,0
2024-12-03,2024020405,EDM,away,8475717,Calvin Pickard,30,G,False,,00:00,0,0,0,,0/0,0/0,0/0,0/0,0,0,0,0
2024-12-03,2024020405,EDM,away,8479973,Stuart Skinner,74,G,True,L,57:16,16,15,1,0.9375,15/16,0/0,0/0,15/16,1,0,0,0
2024-12-04,2024020406,TOR,home,8476932,Anthony Stolarz,41,G,False,,00:00,0,0,0,,0/0,0/0,0/0,0/0,0,0,0,0
2024-12-04,2024020406,TOR,home,8479361,Joseph Woll,60,G,True,W,60:00,24,22,2,0.916667,17/19,1/1,4/4,22/24,2,0,0,0
2024-12-04,2024020406,NSH,away,8481020,Justus Annunen,29,G,False,,00:00,0,0,0,,0/0,0/0,0/0,0/0,0,0,0,0
2024-12-04,2024020406,NSH,away,8477424,Juuse Saros,74,G,True,L,58:26,28,25,3,0.892857,23/25,2/3,0/0,25/28,2,1,0,0
2024-12-04,2024020407,CHI,home,8475852,Petr Mrazek,34,G,True,L,60:00,27,23,4,0.851852,13/17,10/10,0/0,23/27,4,0,0,0
2024-12-04,2024020407,CHI,home,8482821,Arvid Soderblom,40,G,False,,00:00,0,0,0,,0/0,0/0,0/0,0/0,0,0,0,0
2024-12-04,2024020407,BOS,away,8480280,Jeremy Swayman,1,G,True,W,60:00,22,20,2,0.909091,14/16,3/3,3/3,20/22,2,0,0,0
2024-12-04,2024020407,BOS,away,8476914,Joonas Korpisalo,70,G,False,,00:00,0,0,0,,0/0,0/0,0/0,0/0,0,0,0,0
2024-12-04,2024020408,ANA,home,8480843,Lukas Dostal,1,G,False,,00:00,0,0,0,,0/0,0/0,0/0,0/0,0,0,0,0
2024-12-04,2024020408,ANA,home,8476434,John Gibson,36,G,True,L,58:38,32,29,3,0.90625,23/26,5/5,1/1,29/32,3,0,0,0
2024-12-04,2024020408,VGK,away,8478499,Adin Hill,33,G,False,,00:00,0,0,0,,0/0,0/0,0/0,0/0,0,0,0,0
2024-12-04,2024020408,VGK,away,8478492,Ilya Samsonov,35,G,True,W,60:00,20,19,1,0.95,18/19,0/0,1/1,19/20,1,0,0,0
2024-12-04,2024020409,LAK,home,8479496,David Rittich,31,G,True,W,60:00,28,26,2,0.928571,24/25,2/3,0/0,26/28,1,1,0,2
2024-12-04,2024020409,LAK,home,8475311,Darcy Kuemper,35,G,False,,00:00,0,0,0,,0/0,0/0,0/0,0/0,0,0,0,0
2024-12-04,2024020409,DAL,away,8479193,Casey DeSmith,1,G,False,,00:00,0,0,0,,0/0,0/0,0/0,0/0,0,0,0,0
2024-12-04,2024020409,DAL,away,8479979,Jake Oettinger,29,G,True,L,58:37,17,14,3,0.823529,13/16,1/1,0/0,14/17,3,0,0,0
2024-12-05,2024020410,BUF,home,8480045,Ukko-Pekka Luukkonen,1,G,True,O,63:59,31,28,3,0.903226,21/23,6/7,1/1,28/31,2,1,0,0
2024-12-05,2024020410,BUF,home,8473503,James Reimer,47,G,False,,00:00,0,0,0,,0/0,0/0,0/0,0/0,0,0,0,0
2024-12-05,2024020410,WPG,away,8477480,Eric Comrie,1,G,False,,00:00,0,0,0,,0/0,0/0,0/0,0/0,0,0,0,0
2024-12-05,2024020410,WPG,away,8476945,Connor Hellebuyck,37,G,True,W,63:49,30,28,2,0.933333,24/25,4/5,0/0,28/30,1,1,0,0
2024-12-05,2024020411,MTL,home,8480051,Cayden Primeau,30,G,False,,00:00,0,0,0,,0/0,0/0,0/0,0/0,0,0,0,0
2024-12-05,2024020411,MTL,home,8478470,Samuel Montembeault,35,G,True,W,59:56,29,29,0,1.0,20/20,9/9,0/0,29/29,0,0,0,0
2024-12-05,2024020411,NSH,away,8481020,Justus Annunen,29,G,True,L,58:04,29,27,2,0.931034,20/20,5/6,2/3,27/29,0,1,1,0
2024-12-05,2024020411,NSH,away,8477424,Juuse Saros,74,G,False,,00:00,0,0,0,,0/0,0/0,0/0,0/0,0,0,0,0
2024-12-05,2024020412,OTT,home,8476341,Anton Forsberg,31,G,False,,00:00,0,0,0,,0/0,0/0,0/0,0/0,0,0,0,0
2024-12-05,2024020412,OTT,home,8476999,Linus Ullmark,35,G,True,W,60:00,20,19,1,0.95,18/18,1/2,0/0,19/20,0,1,0,0
2024-12-05,2024020412,DET,away,8482657,Sebastian Cossa,33,G,False,,00:00,0,0,0,,0/0,0/0,0/0,0/0,0,0,0,0
2024-12-05,2024020412,DET,away,8478024,Ville Husso,35,G,True,L,59:22,32,30,2,0.9375,26/28,3/3,1/1,30/32,2,0,0,0
2024-12-05,2024020413,TBL,home,8477992,Jonas Johansson,31,G,False,,00:00,0,0,0,,0/0,0/0,0/0,0/0,0,0,0,0
2024-12-05,2024020413,TBL,home,8476883,Andrei Vasilevskiy,88,G,True,W,60:00,21,20,1,0.952381,17/18,3/3,0/0,20/21,1,0,0,0
2024-12-05,2024020413,SJS,away,8478406,Mackenzie Blackwood,29,G,False,,40:00,23,20,3,0.869565,18/21,1/1,1/1,20/23,3,0,0,0
2024-12-05,2024020413,SJS,away,8477970,Vitek Vanecek,41,G,True,L,19:46,12,7,5,0.583333,6/10,0/1,1/1,7/12,4,1,0,0
2024-12-05,2024020414,PHI,home,8482783,Aleksei Kolosov,35,G,False,L,39:27,20,16,4,0.8,10/11,4/7,2/2,16/20,1,3,0,0
2024-12-05,2024020414,PHI,home,8478905,Ivan Fedotov,82,G,True,,20:00,7,5,2,0.714286,5/7,0/0,0/0,5/7,2,0,0,0
2024-12-05,2024020414,FLA,away,8481519,Spencer Knight,30,G,True,W,59:16,34,29,5,0.852941,26/30,3/4,0/0,29/34,4,1,0,0
2024-12-05,2024020414,FLA,away,8476904,Chris Driedger,60,G,False,,00:00,0,0,0,,0/0,0/0,0/0,0/0,0,0,0,0
2024-12-05,2024020415,CAR,home,8474682,Dustin Tokarski,34,G,False,,00:00,0,0,0,,0/0,0/0,0/0,0/0,0,0,0,0
2024-12-05,2024020415,CAR,home,8481611,Pyotr Kochetkov,52,G,True,W,59:19,19,16,3,0.842105,13/16,2/2,1/1,16/19,3,0,0,0
2024-12-05,2024020415,COL,away,8480382,Alexandar Georgiev,40,G,False,,00:00,0,0,0,,0/0,0/0,0/0,0/0,0,0,0,0
2024-12-05,2024020415,COL,away,8475809,Scott Wedgewood,41,G,True,L,58:00,34,30,4,0.882353,25/27,4/6,1/1,30/34,2,2,0,0
2024-12-05,2024020416,NYI,home,8478009,Ilya Sorokin,30,G,True,L,40:00,13,9,4,0.692308,7/9,1/3,1/1,9/13,2,2,0,0
2024-12-05,2024020416,NYI,home,8477405,Marcus Hogberg,50,G,False,,16:24,11,11,0,1.0,11/11,0/0,0/0,11/11,0,0,0,0
2024-12-05,2024020416,SEA,away,8475831,Philipp Grubauer,31,G,False,,00:00,0,0,0,,0/0,0/0,0/0,0/0,0,0,0,0
2024-12-05,2024020416,SEA,away,8478916,Joey Daccord,35,G,True,W,60:00,29,27,2,0.931034,22/24,5/5,0/0,27/29,2,0,0,0
2024-12-05,2024020417,CGY,home,8481692,Dustin Wolf,32,G,False,,00:00,0,0,0,,0/0,0/0,0/0,0/0,0,0,0,0
2024-12-05,2024020417,CGY,home,8478435,Dan Vladar,80,G,True,O,62:25,24,20,4,0.833333,18/21,2/3,0/0,20/24,3,1,0,0
2024-12-05,2024020417,STL,away,8480981,Joel Hofer,30,G,False,,00:00,0,0,0,,0/0,0/0,0/0,0/0,0,0,0,0
2024-12-05,2024020417,STL,away,8476412,Jordan Binnington,50,G,True,W,62:25,39,36,3,0.923077,29/31,5/6,2/2,36/39,2,1,0,2
2024-12-05,2024020418,EDM,home,8475717,Calvin Pickard,30,G,True,W,59:53,22,19,3,0.863636,14/17,3/3,2/2,19/22,3,0,0,0
2024-12-05,2024020418,EDM,home,8479973,Stuart Skinner,74,G,False,,00:00,0,0,0,,0/0,0/0,0/0,0/0,0,0,0,0
2024-12-05,2024020418,CBJ,away,8480193,Daniil Tarasov,40,G,True,L,60:00,36,30,6,0.833333,24/28,6/8,0/0,30/36,4,2,0,0
2024-12-05,2024020418,CBJ,away,8478007,Elvis Merzlikins,90,G,False,,00:00,0,0,0,,0/0,0/0,0/0,0/0,0,0,0,0
2024-12-06,2024020419,TOR,home,8476932,Anthony Stolarz,41,G,True,L,59:26,25,23,2,0.92,22/24,1/1,0/0,23/25,2,0,0,0
2024-12-06,2024020419,TOR,home,8479361,Joseph Woll,60,G,False,,00:00,0,0,0,,0/0,0/0,0/0,0/0,0,0,0,0
2024-12-06,2024020419,WSH,away,8480313,Logan Thompson,48,G,False,,00:00,0,0,0,,0/0,0/0,0/0,0/0,0,0,0,0
2024-12-06,2024020419,WSH,away,8479292,Charlie Lindgren,79,G,True,W,60:00,21,20,1,0.952381,16/17,2/2,2/2,20/21,1,0,0,0
2024-12-06,2024020420,NJD,home,8474593,Jacob Markstrom,25,G,True,W,60:00,19,17,2,0.894737,16/17,1/2,0/0,17/19,1,1,0,0
2024-12-06,2024020420,NJD,home,8474596,Jake Allen,34,G,False,,00:00,0,0,0,,0/0,0/0,0/0,0/0,0,0,0,0
2024-12-06,2024020420,SEA,away,8475831,Philipp Grubauer,31,G,True,L,57:54,36,33,3,0.916667,26/29,7/7,0/0,33/36,3,0,0,0
2024-12-06,2024020420,SEA,away,8478916,Joey Daccord,35,G,False,,00:00,0,0,0,,0/0,0/0,0/0,0/0,0,0,0,0
2024-12-06,2024020421,NYR,home,8478048,Igor Shesterkin,31,G,True,W,60:00,22,20,2,0.909091,12/14,8/8,0/0,20/22,2,0,0,0
2024-12-06,2024020421,NYR,home,8471734,Jonathan Quick,32,G,False,,00:00,0,0,0,,0/0,0/0,0/0,0/0,0,0,0,0
2024-12-06,2024020421,PIT,away,8477465,Tristan Jarry,35,G,False,,00:00,0,0,0,,0/0,0/0,0/0,0/0,0,0,0,0
2024-12-06,2024020421,PIT,away,8477968,Alex Nedeljkovic,39,G,True,L,58:29,32,28,4,0.875,22/26,3/3,3/3,28/32,4,0,0,0
2024-12-06,2024020422,VAN,home,8480947,Kevin Lankinen,32,G,True,W,60:00,32,30,2,0.9375,27/29,2/2,1/1,30/32,2,0,0,0
2024-12-06,2024020422,VAN,home,8477967,Thatcher Demko,35,G,False,,00:00,0,0,0,,0/0,0/0,0/0,0/0,0,0,0,0
2024-12-06,2024020422,CBJ,away,8480193,Daniil Tarasov,40,G,False,,00:00,0,0,0,,0/0,0/0,0/0,0/0,0,0,0,0
2024-12-06,2024020422,CBJ,away,8478007,Elvis Merzlikins,90,G,True,L,58:43,16,12,4,0.75,10/13,1/2,1/1,12/16,3,1,0,0
2024-12-06,2024020423,VGK,home,8478499,Adin Hill,33,G,True,W,60:00,40,38,2,0.95,30/32,6/6,2/2,38/40,2,0,0,0
2024-12-06,2024020423,VGK,home,8478492,Ilya Samsonov,35,G,False,,00:00,0,0,0,,0/0,0/0,0/0,0/0,0,0,0,0
2024-12-06,2024020423,DAL,away,8479193,Casey DeSmith,1,G,False,,00:00,0,0,0,,0/0,0/0,0/0,0/0,0,0,0,0
2024-12-06,2024020423,DAL,away,8479979,Jake Oettinger,29,G,True,L,56:56,28,25,3,0.892857,20/21,5/7,0/0,25/28,1,2,0,0
2024-12-06,2024020424,ANA,home,8480843,Lukas Dostal,1,G,False,,00:00,0,0,0,,0/0,0/0,0/0,0/0,0,0,0,0
2024-12-06,2024020424,ANA,home,8476434,John Gibson,36,G,True,L,58:01,32,28,4,0.875,25/28,3/4,0/0,28/32,3,1,0,0
2024-12-06,2024020424,MIN,away,8470594,Marc-Andre Fleury,29,G,False,,00:00,0,0,0,,0/0,0/0,0/0,0/0,0,0,0,0
2024-12-06,2024020424,MIN,away,8479406,Filip Gustavsson,32,G,True,W,60:00,27,26,1,0.962963,17/18,8/8,1/1,26/27,1,0,0,0
2024-12-07,2024020425,BOS,home,8480280,Jeremy Swayman,1,G,True,W,62:12,26,23,3,0.884615,21/23,2/3,0/0,23/26,2,1,0,0
2024-12-07,2024020425,BOS,home,8476914,Joonas Korpisalo,70,G,False,,00:00,0,0,0,,0/0,0/0,0/0,0/0,0,0,0,0
2024-12-07,2024020425,PHI,away,8482783,Aleksei Kolosov,35,G,True,O,62:49,31,27,4,0.870968,13/16,13/14,1/1,27/31,3,1,0,0
2024-12-07,2024020425,PHI,away,8478905,Ivan Fedotov,82,G,False,,00:00,0,0,0,,0/0,0/0,0/0,0/0,0,0,0,0
2024-12-07,2024020426,BUF,home,8480045,Ukko-Pekka Luukkonen,1,G,True,L,60:00,28,23,5,0.821429,22/27,0/0,1/1,23/28,5,0,0,0
2024-12-07,2024020426,BUF,home,8473503,James Reimer,47,G,False,,00:00,0,0,0,,0/0,0/0,0/0,0/0,0,0,0,0
2024-12-07,2024020426,UTA,away,8483530,Jaxson Stauber,33,G,False,,00:00,0,0,0,,0/0,0/0,0/0,0/0,0,0,0,0
2024-12-07,2024020426,UTA,away,8478872,Karel Vejmelka,70,G,True,W,59:33,25,23,2,0.92,20/22,3/3,0/0,23/25,2,0,0,0
2024-12-07,2024020427,CHI,home,8475852,Petr Mrazek,34,G,True,,10:46,4,4,0,1.0,4/4,0/0,0/0,4/4,0,0,0,0
2024-12-07,2024020427,CHI,home,8482821,Arvid Soderblom,40,G,False,L,47:26,24,21,3,0.875,21/24,0/0,0/0,21/24,3,0,0,0
2024-12-07,2024020427,WPG,away,8477480,Eric Comrie,1,G,False,,00:00,0,0,0,,0/0,0/0,0/0,0/0,0,0,0,0
2024-12-07,2024020427,WPG,away,8476945,Connor Hellebuyck,37,G,True,W,60:00,14,12,2,0.857143,11/12,0/1,1/1,12/14,1,1,0,0
2024-12-07,2024020428,NYI,home,8478009,Ilya Sorokin,30,G,True,W,60:00,31,28,3,0.903226,26/27,1/3,1/1,28/31,1,2,0,0
2024-12-07,2024020428,NYI,home,8477405,Marcus Hogberg,50,G,False,,00:00,0,0,0,,0/0,0/0,0/0,0/0,0,0,0,0
2024-12-07,2024020428,CAR,away,8474682,Dustin Tokarski,34,G,False,,00:00,0,0,0,,0/0,0/0,0/0,0/0,0,0,0,0
2024-12-07,2024020428,CAR,away,8481611,Pyotr Kochetkov,52,G,True,L,56:06,25,21,4,0.84,16/20,5/5,0/0,21/25,4,0,0,2
2024-12-07,2024020429,FLA,home,8481519,Spencer Knight,30,G,False,,00:00,0,0,0,,0/0,0/0,0/0,0/0,0,0,0,0
2024-12-07,2024020429,FLA,home,8475683,Sergei Bobrovsky,72,G,True,W,60:00,29,28,1,0.965517,13/13,12/13,3/3,28/29,0,1,0,0
2024-12-07,2024020429,SJS,away,8478406,Mackenzie Blackwood,29,G,True,L,57:45,54,51,3,0.944444,33/35,15/16,3/3,51/54,2,1,0,0
2024-12-07,2024020429,SJS,away,8477970,Vitek Vanecek,41,G,False,,00:00,0,0,0,,0/0,0/0,0/0,0/0,0,0,0,0
2024-12-07,2024020430,MTL,home,8480051,Cayden Primeau,30,G,False,,00:00,0,0,0,,0/0,0/0,0/0,0/0,0,0,0,0
2024-12-07,2024020430,MTL,home,8478470,Samuel Montembeault,35,G,True,L,57:33,35,31,4,0.885714,26/29,4/5,1/1,31/35,3,1,0,0
2024-12-07,2024020430,WSH,away,8480313,Logan Thompson,48,G,True,W,60:00,24,22,2,0.916667,16/18,6/6,0/0,22/24,2,0,0,0
2024-12-07,2024020430,WSH,away,8479292,Charlie Lindgren,79,G,False,,00:00,0,0,0,,0/0,0/0,0/0,0/0,0,0,0,0
2024-12-07,2024020431,OTT,home,8476341,Anton Forsberg,31,G,False,,00:00,0,0,0,,0/0,0/0,0/0,0/0,0,0,0,0
2024-12-07,2024020431,OTT,home,8476999,Linus Ullmark,35,G,True,W,59:55,37,36,1,0.972973,35/36,1/1,0/0,36/37,1,0,0,0
2024-12-07,2024020431,NSH,away,8481020,Justus Annunen,29,G,False,,00:00,0,0,0,,0/0,0/0,0/0,0/0,0,0,0,0
2024-12-07,2024020431,NSH,away,8477424,Juuse Saros,74,G,True,L,57:53,30,27,3,0.9,26/29,1/1,0/0,27/30,3,0,0,0
2024-12-07,2024020432,DET,home,8482657,Sebastian Cossa,33,G,False,,00:00,0,0,0,,0/0,0/0,0/0,0/0,0,0,0,0
2024-12-07,2024020432,DET,home,8478024,Ville Husso,35,G,True,L,56:34,25,23,2,0.92,23/24,0/1,0/0,23/25,1,1,0,0
2024-12-07,2024020432,COL,away,8480382,Alexandar Georgiev,40,G,True,W,60:00,30,29,1,0.966667,28/29,1/1,0/0,29/30,1,0,0,0
2024-12-07,2024020432,COL,away,8475809,Scott Wedgewood,41,G,False,,00:00,0,0,0,,0/0,0/0,0/0,0/0,0,0,0,0
2024-12-07,2024020433,PIT,home,8477465,Tristan Jarry,35,G,True,W,59:31,27,25,2,0.925926,19/20,6/7,0/0,25/27,1,1,0,0
2024-12-07,2024020433,PIT,home,8477968,Alex Nedeljkovic,39,G,False,,00:00,0,0,0,,0/0,0/0,0/0,0/0,0,0,0,0
2024-12-07,2024020433,TOR,away,8476932,Anthony Stolarz,41,G,False,,00:00,0,0,0,,0/0,0/0,0/0,0/0,0,0,0,0
2024-12-07,2024020433,TOR,away,8479361,Joseph Woll,60,G,True,L,58:53,27,24,3,0.888889,18/19,6/8,0/0,24/27,1,2,0,0
2024-12-07,2024020434,LAK,home,8479496,David Rittich,31,G,False,,00:00,0,0,0,,0/0,0/0,0/0,0/0,0,0,0,0
2024-12-07,2024020434,LAK,home,8475311,Darcy Kuemper,35,G,True,W,60:00,23,22,1,0.956522,20/21,2/2,0/0,22/23,1,0,0,0
2024-12-07,2024020434,MIN,away,8470594,Marc-Andre Fleury,29,G,True,L,57:55,32,30,2,0.9375,29/30,0/1,1/1,30/32,1,1,0,0
2024-12-07,2024020434,MIN,away,8479406,Filip Gustavsson,32,G,False,,00:00,0,0,0,,0/0,0/0,0/0,0/0,0,0,0,0
2024-12-07,2024020435,EDM,home,8475717,Calvin Pickard,30,G,False,,00:00,0,0,0,,0/0,0/0,0/0,0/0,0,0,0,0
2024-12-07,2024020435,EDM,home,8479973,Stuart Skinner,74,G,True,W,60:00,31,29,2,0.935484,28/29,1/2,0/0,29/31,1,1,0,0
2024-12-07,2024020435,STL,away,8480981,Joel Hofer,30,G,False,,00:00,0,0,0,,0/0,0/0,0/0,0/0,0,0,0,0
2024-12-07,2024020435,STL,away,8476412,Jordan Binnington,50,G,True,L,57:29,21,17,4,0.809524,17/20,0/1,0/0,17/21,3,1,0,0
2024-12-08,2024020436,NYR,home,8471734,Jonathan Quick,32,G,True,L,57:57,21,15,6,0.714286,13/18,1/2,1/1,15/21,5,1,0,0
2024-12-08,2024020436,NYR,home,8482193,Dylan Garand,33,G,False,,00:00,0,0,0,,0/0,0/0,0/0,0/0,0,0,0,0
2024-12-08,2024020436,SEA,away,8475831,Philipp Grubauer,31,G,True,W,60:00,37,32,5,0.864865,30/34,2/3,0/0,32/37,4,1,0,0
2024-12-08,2024020436,SEA,away,8481320,Michael Matyas,35,G,False,,00:00,0,0,0,,0/0,0/0,0/0,0/0,0,0,0,0
2024-12-08,2024020437,VAN,home,8480947,Kevin Lankinen,32,G,True,L,58:12,32,29,3,0.90625,18/19,9/11,2/2,29/32,1,2,0,0
2024-12-08,2024020437,VAN,home,8477967,Thatcher Demko,35,G,False,,00:00,0,0,0,,0/0,0/0,0/0,0/0,0,0,0,0
2024-12-08,2024020437,TBL,away,8477992,Jonas Johansson,31,G,False,,00:00,0,0,0,,0/0,0/0,0/0,0/0,0,0,0,0
2024-12-08,2024020437,TBL,away,8476883,Andrei Vasilevskiy,88,G,True,W,59:50,25,23,2,0.92,21/23,2/2,0/0,23/25,2,0,0,0
2024-12-08,2024020438,OTT,home,8476341,Anton Forsberg,31,G,True,L,57:46,12,9,3,0.75,6/7,2/4,1/1,9/12,1,2,0,0
2024-12-08,2024020438,OTT,home,8476999,Linus Ullmark,35,G,False,,00:00,0,0,0,,0/0,0/0,0/0,0/0,0,0,0,0
2024-12-08,2024020438,NYI,away,8478009,Ilya Sorokin,30,G,True,W,60:00,31,29,2,0.935484,26/27,3/4,0/0,29/31,1,1,0,0
2024-12-08,2024020438,NYI,away,8477405,Marcus Hogberg,50,G,False,,00:00,0,0,0,,0/0,0/0,0/0,0/0,0,0,0,0
2024-12-08,2024020439,WPG,home,8477480,Eric Comrie,1,G,True,L,57:42,27,24,3,0.888889,20/22,2/3,2/2,24/27,2,1,0,0
2024-12-08,2024020439,WPG,home,8476945,Connor Hellebuyck,37,G,False,,00:00,0,0,0,,0/0,0/0,0/0,0/0,0,0,0,0
2024-12-08,2024020439,CBJ,away,8480193,Daniil Tarasov,40,G,False,,00:00,0,0,0,,0/0,0/0,0/0,0/0,0,0,0,0
2024-12-08,2024020439,CBJ,away,8478007,Elvis Merzlikins,90,G,True,W,60:00,25,24,1,0.96,18/18,6/7,0/0,24/25,0,1,0,0
2024-12-08,2024020440,NJD,home,8474593,Jacob Markstrom,25,G,False,,00:00,0,0,0,,0/0,0/0,0/0,0/0,0,0,0,0
2024-12-08,2024020440,NJD,home,8474596,Jake Allen,34,G,True,L,57:04,23,20,3,0.869565,16/19,3/3,1/1,20/23,3,0,0,0
2024-12-08,2024020440,COL,away,8480382,Alexandar Georgiev,40,G,False,,00:00,0,0,0,,0/0,0/0,0/0,0/0,0,0,0,0
2024-12-08,2024020440,COL,away,8475809,Scott Wedgewood,41,G,True,W,60:00,25,25,0,1.0,22/22,3/3,0/0,25/25,0,0,0,0
2024-12-08,2024020441,PHI,home,8481035,Samuel Ersson,33,G,True,L,57:16,25,21,4,0.84,19/21,2/3,0/1,21/25,2,1,1,0
2024-12-08,2024020441,PHI,home,8482783,Aleksei Kolosov,35,G,False,,00:00,0,0,0,,0/0,0/0,0/0,0/0,0,0,0,0
2024-12-08,2024020441,UTA,away,8483530,Jaxson Stauber,33,G,True,W,59:41,24,22,2,0.916667,20/22,0/0,2/2,22/24,2,0,0,0
2024-12-08,2024020441,UTA,away,8478872,Karel Vejmelka,70,G,False,,00:00,0,0,0,,0/0,0/0,0/0,0/0,0,0,0,0
2024-12-08,2024020442,DAL,home,8479193,Casey DeSmith,1,G,False,,00:00,0,0,0,,0/0,0/0,0/0,0/0,0,0,0,0
2024-12-08,2024020442,DAL,home,8479979,Jake Oettinger,29,G,True,W,59:47,31,29,2,0.935484,27/29,1/1,1/1,29/31,2,0,0,0
2024-12-08,2024020442,CGY,away,8481692,Dustin Wolf,32,G,True,L,60:00,28,22,6,0.785714,18/23,3/3,1/2,22/28,5,0,1,0
2024-12-08,2024020442,CGY,away,8478435,Dan Vladar,80,G,False,,00:00,0,0,0,,0/0,0/0,0/0,0/0,0,0,0,0
2024-12-09,2024020443,BUF,home,8480045,Ukko-Pekka Luukkonen,1,G,False,,00:00,0,0,0,,0/0,0/0,0/0,0/0,0,0,0,0
2024-12-09,2024020443,BUF,home,8473503,James Reimer,47,G,True,O,64:47,31,26,5,0.83871,20/25,5/5,1/1,26/31,5,0,0,0
2024-12-09,2024020443,DET,away,8482657,Sebastian Cossa,33,G,False,W,45:00,14,12,2,0.857143,10/12,1/1,1/1,12/14,2,0,0,0
2024-12-09,2024020443,DET,away,8478024,Ville Husso,35,G,True,,20:00,7,4,3,0.571429,3/6,0/0,1/1,4/7,3,0,0,0
2024-12-09,2024020444,NYR,home,8478048,Igor Shesterkin,31,G,True,L,58:13,32,30,2,0.9375,26/28,4/4,0/0,30/32,2,0,0,0
2024-12-09,2024020444,NYR,home,8471734,Jonathan Quick,32,G,False,,00:00,0,0,0,,0/0,0/0,0/0,0/0,0,0,0,0
2024-12-09,2024020444,CHI,away,8482123,Drew Commesso,33,G,False,,00:00,0,0,0,,0/0,0/0,0/0,0/0,0,0,0,0
2024-12-09,2024020444,CHI,away,8482821,Arvid Soderblom,40,G,True,W,60:00,30,29,1,0.966667,26/26,3/3,0/1,29/30,0,0,1,0
2024-12-09,2024020445,MTL,home,8480051,Cayden Primeau,30,G,False,,00:00,0,0,0,,0/0,0/0,0/0,0/0,0,0,0,0
2024-12-09,2024020445,MTL,home,8478470,Samuel Montembeault,35,G,True,W,65:00,29,27,2,0.931034,22/23,4/5,1/1,27/29,1,1,0,0
2024-12-09,2024020445,ANA,away,8480843,Lukas Dostal,1,G,True,O,65:00,21,19,2,0.904762,19/20,0/1,0/0,19/21,1,1,0,0
2024-12-09,2024020445,ANA,away,8476434,John Gibson,36,G,False,,00:00,0,0,0,,0/0,0/0,0/0,0/0,0,0,0,0
2024-12-10,2024020446,NJD,home,8474593,Jacob Markstrom,25,G,True,O,62:51,17,15,2,0.882353,12/13,2/2,1/2,15/17,1,0,1,0
2024-12-10,2024020446,NJD,home,8483659,Isaac Poulter,65,G,False,,00:00,0,0,0,,0/0,0/0,0/0,0/0,0,0,0,0
2024-12-10,2024020446,TOR,away,8476932,Anthony Stolarz,41,G,True,W,62:51,39,38,1,0.974359,27/28,8/8,3/3,38/39,1,0,0,0
2024-12-10,2024020446,TOR,away,8479361,Joseph Woll,60,G,False,,00:00,0,0,0,,0/0,0/0,0/0,0/0,0,0,0,0
2024-12-10,2024020447,PIT,home,8477465,Tristan Jarry,35,G,True,L,59:21,26,21,5,0.807692,15/20,5/5,1/1,21/26,5,0,0,2
2024-12-10,2024020447,PIT,home,8477968,Alex Nedeljkovic,39,G,False,,00:00,0,0,0,,0/0,0/0,0/0,0/0,0,0,0,0
2024-12-10,2024020447,COL,away,8475809,Scott Wedgewood,41,G,True,W,60:00,27,25,2,0.925926,21/23,4/4,0/0,25/27,2,0,0,0
2024-12-10,2024020447,COL,away,8481529,Trent Miner,50,G,False,,00:00,0,0,0,,0/0,0/0,0/0,0/0,0,0,0,0
2024-12-10,2024020448,CAR,home,8474682,Dustin Tokarski,34,G,False,,00:00,0,0,0,,0/0,0/0,0/0,0/0,0,0,0,0
2024-12-10,2024020448,CAR,home,8481611,Pyotr Kochetkov,52,G,True,W,59:32,23,21,2,0.913043,20/22,1/1,0/0,21/23,2,0,0,0
2024-12-10,2024020448,SJS,away,8480382,Alexandar Georgiev,40,G,False,,00:00,0,0,0,,0/0,0/0,0/0,0/0,0,0,0,0
2024-12-10,2024020448,SJS,away,8477970,Vitek Vanecek,41,G,True,L,58:15,28,25,3,0.892857,23/26,2/2,0/0,25/28,3,0,0,0
2024-12-10,2024020449,CBJ,home,8480193,Daniil Tarasov,40,G,False,,00:00,0,0,0,,0/0,0/0,0/0,0/0,0,0,0,0
2024-12-10,2024020449,CBJ,home,8478007,Elvis Merzlikins,90,G,True,L,60:00,25,20,5,0.8,19/23,1/2,0/0,20/25,4,1,0,0
2024-12-10,2024020449,PHI,away,8481035,Samuel Ersson,33,G,True,W,60:00,18,15,3,0.833333,11/13,3/4,1/1,15/18,2,1,0,0
2024-12-10,2024020449,PHI,away,8482783,Aleksei Kolosov,35,G,False,,00:00,0,0,0,,0/0,0/0,0/0,0/0,0,0,0,0
2024-12-10,2024020450,NYI,home,8478009,Ilya Sorokin,30,G,True,L,58:40,29,27,2,0.931034,26/28,1/1,0/0,27/29,2,0,0,0
2024-12-10,2024020450,NYI,home,8477405,Marcus Hogberg,50,G,False,,00:00,0,0,0,,0/0,0/0,0/0,0/0,0,0,0,0
2024-12-10,2024020450,LAK,away,8479496,David Rittich,31,G,False,,00:00,0,0,0,,0/0,0/0,0/0,0/0,0,0,0,0
2024-12-10,2024020450,LAK,away,8475311,Darcy Kuemper,35,G,True,W,59:45,20,19,1,0.95,13/14,6/6,0/0,19/20,1,0,0,0
2024-12-10,2024020451,NSH,home,8481020,Justus Annunen,29,G,False,,00:00,0,0,0,,0/0,0/0,0/0,0/0,0,0,0,0
2024-12-10,2024020451,NSH,home,8477424,Juuse Saros,74,G,True,L,58:38,28,24,4,0.857143,20/23,3/4,1/1,24/28,3,1,0,0
2024-12-10,2024020451,CGY,away,8481692,Dustin Wolf,32,G,False,,00:00,0,0,0,,0/0,0/0,0/0,0/0,0,0,0,0
2024-12-10,2024020451,CGY,away,8478435,Dan Vladar,80,G,True,W,60:00,20,17,3,0.85,17/20,0/0,0/0,17/20,3,0,0,0
2024-12-10,2024020452,WPG,home,8477480,Eric Comrie,1,G,False,,00:00,0,0,0,,0/0,0/0,0/0,0/0,0,0,0,0
2024-12-10,2024020452,WPG,home,8476945,Connor Hellebuyck,37,G,True,W,59:46,24,23,1,0.958333,20/20,1/2,2/2,23/24,0,1,0,0
2024-12-10,2024020452,BOS,away,8480280,Jeremy Swayman,1,G,True,L,60:00,35,27,8,0.771429,20/25,7/10,0/0,27/35,5,3,0,0
2024-12-10,2024020452,BOS,away,8476914,Joonas Korpisalo,70,G,False,,00:00,0,0,0,,0/0,0/0,0/0,0/0,0,0,0,0
2024-12-10,2024020453,EDM,home,8475717,Calvin Pickard,30,G,False,,00:00,0,0,0,,0/0,0/0,0/0,0/0,0,0,0,0
2024-12-10,2024020453,EDM,home,8479973,Stuart Skinner,74,G,True,W,60:00,22,21,1,0.954545,18/19,3/3,0/0,21/22,1,0,0,0
2024-12-10,2024020453,TBL,away,8477992,Jonas Johansson,31,G,False,,00:00,0,0,0,,0/0,0/0,0/0,0/0,0,0,0,0
2024-12-10,2024020453,TBL,away,8476883,Andrei Vasilevskiy,88,G,True,L,57:46,25,24,2,0.96,21/22,3/3,0/0,24/25,2,0,0,0
2024-12-10,2024020454,UTA,home,8483530,Jaxson Stauber,33,G,False,,00:00,0,0,0,,0/0,0/0,0/0,0/0,0,0,0,0
2024-12-10,2024020454,UTA,home,8478872,Karel Vejmelka,70,G,True,O,64:41,38,34,4,0.894737,29/33,4/4,1/1,34/38,4,0,0,0
2024-12-10,2024020454,MIN,away,8470594,Marc-Andre Fleury,29,G,False,,00:00,0,0,0,,0/0,0/0,0/0,0/0,0,0,0,0
2024-12-10,2024020454,MIN,away,8479406,Filip Gustavsson,32,G,True,W,63:51,25,21,4,0.84,20/22,1/3,0/0,21/25,2,2,0,0
2024-12-10,2024020455,VAN,home,8480947,Kevin Lankinen,32,G,False,,00:00,0,0,0,,0/0,0/0,0/0,0/0,0,0,0,0
2024-12-10,2024020455,VAN,home,8477967,Thatcher Demko,35,G,True,O,60:47,25,21,4,0.84,18/20,3/4,0/1,21/25,2,1,1,0
2024-12-10,2024020455,STL,away,8480981,Joel Hofer,30,G,True,W,61:40,25,22,3,0.88,15/17,7/8,0/0,22/25,2,1,0,0
2024-12-10,2024020455,STL,away,8476412,Jordan Binnington,50,G,False,,00:00,0,0,0,,0/0,0/0,0/0,0/0,0,0,0,0
2024-12-10,2024020456,SEA,home,8475831,Philipp Grubauer,31,G,False,,00:00,0,0,0,,0/0,0/0,0/0,0/0,0,0,0,0
2024-12-10,2024020456,SEA,home,8478916,Joey Daccord,35,G,True,O,64:46,33,32,1,0.969697,29/30,2/2,1/1,32/33,1,0,0,0
2024-12-10,2024020456,FLA,away,8481519,Spencer Knight,30,G,False,,00:00,0,0,0,,0/0,0/0,0/0,0/0,0,0,0,0
2024-12-10,2024020456,FLA,away,8475683,Sergei Bobrovsky,72,G,True,W,65:00,18,17,1,0.944444,15/16,2/2,0/0,17/18,1,0,0,0
2024-12-11,2024020457,BUF,home,8480045,Ukko-Pekka Luukkonen,1,G,True,L,57:35,27,25,2,0.925926,18/19,7/8,0/0,25/27,1,1,0,0
2024-12-11,2024020457,BUF,home,8473503,James Reimer,47,G,False,,00:00,0,0,0,,0/0,0/0,0/0,0/0,0,0,0,0
2024-12-11,2024020457,NYR,away,8478048,Igor Shesterkin,31,G,True,W,59:58,31,29,2,0.935484,27/29,1/1,1/1,29/31,2,0,0,0
2024-12-11,2024020457,NYR,away,8471734,Jonathan Quick,32,G,False,,00:00,0,0,0,,0/0,0/0,0/0,0/0,0,0,0,0
2024-12-11,2024020458,OTT,home,8476341,Anton Forsberg,31,G,False,,00:00,0,0,0,,0/0,0/0,0/0,0/0,0,0,0,0
2024-12-11,2024020458,OTT,home,8476999,Linus Ullmark,35,G,True,W,60:00,32,31,1,0.96875,21/22,10/10,0/0,31/32,1,0,0,0
2024-12-11,2024020458,ANA,away,8480843,Lukas Dostal,1,G,False,,00:00,0,0,0,,0/0,0/0,0/0,0/0,0,0,0,0
2024-12-11,2024020458,ANA,away,8476434,John Gibson,36,G,True,L,59:22,34,29,5,0.852941,20/22,7/10,2/2,29/34,2,3,0,0
2024-12-12,2024020459,TOR,home,8476932,Anthony Stolarz,41,G,True,,20:00,8,7,1,0.875,7/7,0/1,0/0,7/8,0,1,0,0
2024-12-12,2024020459,TOR,home,8479361,Joseph Woll,60,G,False,W,40:00,20,19,1,0.95,15/16,0/0,4/4,19/20,1,0,0,0
2024-12-12,2024020459,ANA,away,8480843,Lukas Dostal,1,G,True,L,59:01,33,30,3,0.909091,28/31,2/2,0/0,30/33,3,0,0,0
2024-12-12,2024020459,ANA,away,8476434,John Gibson,36,G,False,,00:00,0,0,0,,0/0,0/0,0/0,0/0,0,0,0,0
2024-12-12,2024020460,MTL,home,8480051,Cayden Primeau,30,G,False,,11:19,7,4,3,0.571429,4/7,0/0,0/0,4/7,3,0,0,0
2024-12-12,2024020460,MTL,home,8478470,Samuel Montembeault,35,G,True,L,48:41,26,20,6,0.769231,18/22,2/4,0/0,20/26,4,2,0,0
2024-12-12,2024020460,PIT,away,8477465,Tristan Jarry,35,G,True,W,60:00,23,21,2,0.913043,15/17,4/4,2/2,21/23,2,0,0,0
2024-12-12,2024020460,PIT,away,8477968,Alex Nedeljkovic,39,G,False,,00:00,0,0,0,,0/0,0/0,0/0,0/0,0,0,0,0
2024-12-12,2024020461,NJD,home,8474593,Jacob Markstrom,25,G,True,W,60:00,14,13,1,0.928571,10/11,3/3,0/0,13/14,1,0,0,0
2024-12-12,2024020461,NJD,home,8483659,Isaac Poulter,65,G,False,,00:00,0,0,0,,0/0,0/0,0/0,0/0,0,0,0,0
2024-12-12,2024020461,LAK,away,8479496,David Rittich,31,G,True,L,57:12,26,23,3,0.884615,20/22,3/3,0/1,23/26,2,0,1,0
2024-12-12,2024020461,LAK,away,8475311,Darcy Kuemper,35,G,False,,00:00,0,0,0,,0/0,0/0,0/0,0/0,0,0,0,0
2024-12-12,2024020462,PHI,home,8481035,Samuel Ersson,33,G,False,,00:00,0,0,0,,0/0,0/0,0/0,0/0,0,0,0,0
2024-12-12,2024020462,PHI,home,8482783,Aleksei Kolosov,35,G,True,W,60:00,26,25,1,0.961538,25/26,0/0,0/0,25/26,1,0,0,0
2024-12-12,2024020462,DET,away,8478024,Ville Husso,35,G,False,,00:00,0,0,0,,0/0,0/0,0/0,0/0,0,0,0,0
2024-12-12,2024020462,DET,away,8475660,Cam Talbot,39,G,True,L,58:35,34,32,2,0.941176,31/32,1/1,0/1,32/34,1,0,1,0
2024-12-12,2024020463,CBJ,home,8482982,Jet Greaves,73,G,True,O,62:23,37,35,2,0.945946,33/35,1/1,1/1,35/37,2,0,0,0
2024-12-12,2024020463,CBJ,home,8478007,Elvis Merzlikins,90,G,False,,00:00,0,0,0,,0/0,0/0,0/0,0/0,0,0,0,0
2024-12-12,2024020463,WSH,away,8480313,Logan Thompson,48,G,False,,00:00,0,0,0,,0/0,0/0,0/0,0/0,0,0,0,0
2024-12-12,2024020463,WSH,away,8479292,Charlie Lindgren,79,G,True,W,62:23,33,32,1,0.969697,23/23,9/10,0/0,32/33,0,1,0,0
2024-12-12,2024020464,NYI,home,8478009,Ilya Sorokin,30,G,True,W,60:00,30,26,4,0.866667,23/26,3/4,0/0,26/30,3,1,0,0
2024-12-12,2024020464,NYI,home,8477405,Marcus Hogberg,50,G,False,,00:00,0,0,0,,0/0,0/0,0/0,0/0,0,0,0,0
2024-12-12,2024020464,CHI,away,8482123,Drew Commesso,33,G,False,,11:21,2,2,0,1.0,2/2,0/0,0/0,2/2,0,0,0,0
2024-12-12,2024020464,CHI,away,8482821,Arvid Soderblom,40,G,True,L,47:58,19,14,5,0.736842,12/17,2/2,0/0,14/19,5,0,0,0
2024-12-12,2024020465,STL,home,8480981,Joel Hofer,30,G,False,,00:00,0,0,0,,0/0,0/0,0/0,0/0,0,0,0,0
2024-12-12,2024020465,STL,home,8476412,Jordan Binnington,50,G,True,L,58:59,31,27,4,0.870968,22/25,5/6,0/0,27/31,3,1,0,0
2024-12-12,2024020465,SJS,away,8480382,Alexandar Georgiev,40,G,True,W,60:00,20,17,3,0.85,15/18,2/2,0/0,17/20,3,0,0,0
2024-12-12,2024020465,SJS,away,8477970,Vitek Vanecek,41,G,False,,00:00,0,0,0,,0/0,0/0,0/0,0/0,0,0,0,0
2024-12-12,2024020466,DAL,home,8479193,Casey DeSmith,1,G,False,,00:00,0,0,0,,0/0,0/0,0/0,0/0,0,0,0,0
2024-12-12,2024020466,DAL,home,8479979,Jake Oettinger,29,G,True,L,59:10,25,22,3,0.88,21/24,1/1,0/0,22/25,3,0,0,0
2024-12-12,2024020466,NSH,away,8481020,Justus Annunen,29,G,True,W,60:00,36,35,1,0.972222,32/33,3/3,0/0,35/36,1,0,0,0
2024-12-12,2024020466,NSH,away,8477424,Juuse Saros,74,G,False,,00:00,0,0,0,,0/0,0/0,0/0,0/0,0,0,0,0
2024-12-12,2024020468,WPG,home,8477480,Eric Comrie,1,G,False,,00:00,0,0,0,,0/0,0/0,0/0,0/0,0,0,0,0
2024-12-12,2024020468,WPG,home,8476945,Connor Hellebuyck,37,G,True,O,63:47,36,33,3,0.916667,30/32,3/4,0/0,33/36,2,1,0,0
2024-12-12,2024020468,VGK,away,8478499,Adin Hill,33,G,True,W,63:35,20,18,2,0.9,16/18,2/2,0/0,18/20,2,0,0,0
2024-12-12,2024020468,VGK,away,8478492,Ilya Samsonov,35,G,False,,00:00,0,0,0,,0/0,0/0,0/0,0/0,0,0,0,0
2024-12-12,2024020467,MIN,home,8470594,Marc-Andre Fleury,29,G,False,,20:00,9,7,2,0.777778,7/9,0/0,0/0,7/9,2,0,0,0
2024-12-12,2024020467,MIN,home,8479406,Filip Gustavsson,32,G,True,L,40:00,26,21,5,0.807692,15/17,6/8,0/1,21/26,2,2,1,0
2024-12-12,2024020467,EDM,away,8475717,Calvin Pickard,30,G,True,W,59:33,30,29,1,0.966667,24/24,3/4,2/2,29/30,0,1,0,0
2024-12-12,2024020467,EDM,away,8479973,Stuart Skinner,74,G,False,,00:00,0,0,0,,0/0,0/0,0/0,0/0,0,0,0,0
2024-12-12,2024020469,COL,home,8478406,Mackenzie Blackwood,39,G,False,,00:00,0,0,0,,0/0,0/0,0/0,0/0,0,0,0,0
2024-12-12,2024020469,COL,home,8475809,Scott Wedgewood,41,G,True,L,55:15,22,19,3,0.863636,19/21,0/1,0/0,19/22,2,1,0,0
2024-12-12,2024020469,UTA,away,8483530,Jaxson Stauber,33,G,False,,00:00,0,0,0,,0/0,0/0,0/0,0/0,0,0,0,0
2024-12-12,2024020469,UTA,away,8478872,Karel Vejmelka,70,G,True,W,60:00,24,23,1,0.958333,19/20,4/4,0/0,23/24,1,0,0,0
2024-12-12,2024020470,CGY,home,8481692,Dustin Wolf,32,G,False,,00:00,0,0,0,,0/0,0/0,0/0,0/0,0,0,0,0
2024-12-12,2024020470,CGY,home,8478435,Dan Vladar,80,G,True,L,60:00,26,18,8,0.692308,16/21,2/5,0/0,18/26,5,3,0,0
2024-12-12,2024020470,TBL,away,8477992,Jonas Johansson,31,G,False,,00:00,0,0,0,,0/0,0/0,0/0,0/0,0,0,0,0
2024-12-12,2024020470,TBL,away,8476883,Andrei Vasilevskiy,88,G,True,W,60:00,22,19,3,0.863636,19/22,0/0,0/0,19/22,3,0,0,0
2024-12-12,2024020471,VAN,home,8480947,Kevin Lankinen,32,G,True,W,60:00,27,27,0,1.0,25/25,2/2,0/0,27/27,0,0,0,0
2024-12-12,2024020471,VAN,home,8477967,Thatcher Demko,35,G,False,,00:00,0,0,0,,0/0,0/0,0/0,0/0,0,0,0,0
2024-12-12,2024020471,FLA,away,8481519,Spencer Knight,30,G,False,,00:00,0,0,0,,0/0,0/0,0/0,0/0,0,0,0,0
2024-12-12,2024020471,FLA,away,8475683,Sergei Bobrovsky,72,G,True,L,60:00,19,15,4,0.789474,14/17,0/1,1/1,15/19,3,1,0,0
2024-12-12,2024020472,SEA,home,8475831,Philipp Grubauer,31,G,True,W,60:00,34,33,1,0.970588,28/29,4/4,1/1,33/34,1,0,0,0
2024-12-12,2024020472,SEA,home,8478916,Joey Daccord,35,G,False,,00:00,0,0,0,,0/0,0/0,0/0,0/0,0,0,0,0
2024-12-12,2024020472,BOS,away,8480280,Jeremy Swayman,1,G,False,,00:00,0,0,0,,0/0,0/0,0/0,0/0,0,0,0,0
2024-12-12,2024020472,BOS,away,8476914,Joonas Korpisalo,70,G,True,L,57:54,20,16,4,0.8,13/16,3/4,0/0,16/20,3,1,0,0
2024-12-13,2024020473,CAR,home,8474682,Dustin Tokarski,34,G,False,,00:00,0,0,0,,0/0,0/0,0/0,0/0,0,0,0,0
2024-12-13,2024020473,CAR,home,8481611,Pyotr Kochetkov,52,G,True,L,57:16,21,19,2,0.904762,17/19,2/2,0/0,19/21,2,0,0,0
2024-12-13,2024020473,OTT,away,8476341,Anton Forsberg,31,G,False,,00:00,0,0,0,,0/0,0/0,0/0,0/0,0,0,0,0
2024-12-13,2024020473,OTT,away,8476999,Linus Ullmark,35,G,True,W,60:00,32,32,0,1.0,29/29,2/2,1/1,32/32,0,0,0,0
2024-12-14,2024020474,NJD,home,8474593,Jacob Markstrom,25,G,True,W,60:00,17,16,1,0.941176,13/14,2/2,1/1,16/17,1,0,0,0
2024-12-14,2024020474,NJD,home,8483659,Isaac Poulter,65,G,False,,00:00,0,0,0,,0/0,0/0,0/0,0/0,0,0,0,0
2024-12-14,2024020474,CHI,away,8482123,Drew Commesso,33,G,True,L,60:00,24,20,4,0.833333,13/17,7/7,0/0,20/24,4,0,0,0
2024-12-14,2024020474,CHI,away,8482821,Arvid Soderblom,40,G,False,,00:00,0,0,0,,0/0,0/0,0/0,0/0,0,0,0,0
2024-12-14,2024020475,NYR,home,8478048,Igor Shesterkin,31,G,True,L,25:04,21,16,5,0.761905,10/15,4/4,2/2,16/21,5,0,0,0
2024-12-14,2024020475,NYR,home,8471734,Jonathan Quick,32,G,False,,34:09,11,11,0,1.0,11/11,0/0,0/0,11/11,0,0,0,0
2024-12-14,2024020475,LAK,away,8479496,David Rittich,31,G,False,,00:00,0,0,0,,0/0,0/0,0/0,0/0,0,0,0,0
2024-12-14,2024020475,LAK,away,8475311,Darcy Kuemper,35,G,True,W,60:00,32,31,1,0.96875,21/22,6/6,4/4,31/32,1,0,0,0
2024-12-14,2024020476,MIN,home,8470594,Marc-Andre Fleury,29,G,True,W,60:00,22,21,1,0.954545,16/17,5/5,0/0,21/22,1,0,0,0
2024-12-14,2024020476,MIN,home,8479406,Filip Gustavsson,32,G,False,,00:00,0,0,0,,0/0,0/0,0/0,0/0,0,0,0,0
2024-12-14,2024020476,PHI,away,8481035,Samuel Ersson,33,G,True,L,57:46,21,18,3,0.857143,15/18,1/1,2/2,18/21,3,0,0,0
2024-12-14,2024020476,PHI,away,8482783,Aleksei Kolosov,35,G,False,,00:00,0,0,0,,0/0,0/0,0/0,0/0,0,0,0,0
2024-12-14,2024020477,EDM,home,8475717,Calvin Pickard,30,G,False,,00:00,0,0,0,,0/0,0/0,0/0,0/0,0,0,0,0
2024-12-14,2024020477,EDM,home,8479973,Stuart Skinner,74,G,True,W,60:00,42,39,3,0.928571,34/36,5/5,0/1,39/42,2,0,1,0
2024-12-14,2024020477,VGK,away,8478499,Adin Hill,33,G,True,L,56:18,34,28,6,0.823529,26/31,2/3,0/0,28/34,5,1,0,0
2024-12-14,2024020477,VGK,away,8478492,Ilya Samsonov,35,G,False,,00:00,0,0,0,,0/0,0/0,0/0,0/0,0,0,0,0
2024-12-14,2024020478,OTT,home,8476341,Anton Forsberg,31,G,False,,00:00,0,0,0,,0/0,0/0,0/0,0/0,0,0,0,0
2024-12-14,2024020478,OTT,home,8476999,Linus Ullmark,35,G,True,W,61:46,27,25,2,0.925926,25/27,0/0,0/0,25/27,2,0,0,0
2024-12-14,2024020478,PIT,away,8477465,Tristan Jarry,35,G,True,O,61:46,31,28,3,0.903226,19/22,9/9,0/0,28/31,3,0,0,0
2024-12-14,2024020478,PIT,away,8477968,Alex Nedeljkovic,39,G,False,,00:00,0,0,0,,0/0,0/0,0/0,0/0,0,0,0,0
2024-12-14,2024020479,DET,home,8475789,Jack Campbell,32,G,False,,00:00,0,0,0,,0/0,0/0,0/0,0/0,0,0,0,0
2024-12-14,2024020479,DET,home,8478024,Ville Husso,35,G,True,W,60:00,25,23,2,0.92,23/24,0/1,0/0,23/25,1,1,0,0
2024-12-14,2024020479,TOR,away,8483710,Dennis Hildeby,35,G,False,,00:00,0,0,0,,0/0,0/0,0/0,0/0,0,0,0,0
2024-12-14,2024020479,TOR,away,8479361,Joseph Woll,60,G,True,L,58:14,25,22,3,0.88,19/22,3/3,0/0,22/25,3,0,0,0
2024-12-14,2024020480,WSH,home,8480313,Logan Thompson,48,G,True,W,60:00,21,19,2,0.904762,18/20,1/1,0/0,19/21,2,0,0,0
2024-12-14,2024020480,WSH,home,8479292,Charlie Lindgren,79,G,False,,00:00,0,0,0,,0/0,0/0,0/0,0/0,0,0,0,0
2024-12-14,2024020480,BUF,away,8480045,Ukko-Pekka Luukkonen,1,G,True,L,57:18,30,27,3,0.9,23/24,3/5,1/1,27/30,1,2,0,0
2024-12-14,2024020480,BUF,away,8473503,James Reimer,47,G,False,,00:00,0,0,0,,0/0,0/0,0/0,0/0,0,0,0,0
2024-12-14,2024020481,CBJ,home,8482982,Jet Greaves,73,G,True,O,61:43,27,23,4,0.851852,23/27,0/0,0/0,23/27,4,0,0,0
2024-12-14,2024020481,CBJ,home,8478007,Elvis Merzlikins,90,G,False,,00:00,0,0,0,,0/0,0/0,0/0,0/0,0,0,0,0
2024-12-14,2024020481,ANA,away,8480843,Lukas Dostal,1,G,False,,00:00,0,0,0,,0/0,0/0,0/0,0/0,0,0,0,0
2024-12-14,2024020481,ANA,away,8476434,John Gibson,36,G,True,W,61:32,42,39,3,0.928571,37/39,1/2,1/1,39/42,2,1,0,0
2024-12-14,2024020482,WPG,home,8477480,Eric Comrie,1,G,False,,00:00,0,0,0,,0/0,0/0,0/0,0/0,0,0,0,0
2024-12-14,2024020482,WPG,home,8476945,Connor Hellebuyck,37,G,True,W,60:00,28,26,2,0.928571,18/20,6/6,2/2,26/28,2,0,0,0
2024-12-14,2024020482,MTL,away,8480051,Cayden Primeau,30,G,False,,00:00,0,0,0,,0/0,0/0,0/0,0/0,0,0,0,0
2024-12-14,2024020482,MTL,away,8478470,Samuel Montembeault,35,G,True,L,59:02,26,23,3,0.884615,20/21,3/5,0/0,23/26,1,2,0,0
2024-12-14,2024020483,DAL,home,8479979,Jake Oettinger,29,G,True,W,62:31,16,15,1,0.9375,12/13,2/2,1/1,15/16,1,0,0,0
2024-12-14,2024020483,DAL,home,8476433,Magnus Hellberg,33,G,False,,00:00,0,0,0,,0/0,0/0,0/0,0/0,0,0,0,0
2024-12-14,2024020483,STL,away,8480981,Joel Hofer,30,G,False,,00:00,0,0,0,,0/0,0/0,0/0,0/0,0,0,0,0
2024-12-14,2024020483,STL,away,8476412,Jordan Binnington,50,G,True,O,62:31,37,35,2,0.945946,30/31,5/6,0/0,35/37,1,1,0,0
2024-12-14,2024020484,COL,home,8478406,Mackenzie Blackwood,39,G,True,W,60:00,39,37,2,0.948718,33/35,2/2,2/2,37/39,2,0,0,0
2024-12-14,2024020484,COL,home,8475809,Scott Wedgewood,41,G,False,,00:00,0,0,0,,0/0,0/0,0/0,0/0,0,0,0,0
2024-12-14,2024020484,NSH,away,8481020,Justus Annunen,29,G,False,,00:00,0,0,0,,0/0,0/0,0/0,0/0,0,0,0,0
2024-12-14,2024020484,NSH,away,8477424,Juuse Saros,74,G,True,L,59:09,31,28,3,0.903226,26/29,2/2,0/0,28/31,3,0,0,0
2024-12-14,2024020485,CGY,home,8482445,Devin Cooley,1,G,False,,00:00,0,0,0,,0/0,0/0,0/0,0/0,0,0,0,0
2024-12-14,2024020485,CGY,home,8481692,Dustin Wolf,32,G,True,W,59:42,32,32,0,1.0,29/29,2/2,1/1,32/32,0,0,0,0
2024-12-14,2024020485,FLA,away,8481519,Spencer Knight,30,G,True,L,60:00,27,24,3,0.888889,18/21,6/6,0/0,24/27,3,0,0,0
2024-12-14,2024020485,FLA,away,8475683,Sergei Bobrovsky,72,G,False,,00:00,0,0,0,,0/0,0/0,0/0,0/0,0,0,0,0
2024-12-14,2024020486,VAN,home,8481668,Arturs Silovs,31,G,False,,00:00,0,0,0,,0/0,0/0,0/0,0/0,0,0,0,0
2024-12-14,2024020486,VAN,home,8477967,Thatcher Demko,35,G,True,L,59:57,28,23,5,0.821429,20/24,1/2,2/2,23/28,4,1,0,0
2024-12-14,2024020486,BOS,away,8480280,Jeremy Swayman,1,G,True,W,60:00,20,19,1,0.95,18/19,1/1,0/0,19/20,1,0,0,0
2024-12-14,2024020486,BOS,away,8476914,Joonas Korpisalo,70,G,False,,00:00,0,0,0,,0/0,0/0,0/0,0/0,0,0,0,0
2024-12-14,2024020487,SJS,home,8480382,Alexandar Georgiev,40,G,False,,00:00,0,0,0,,0/0,0/0,0/0,0/0,0,0,0,0
2024-12-14,2024020487,SJS,home,8477970,Vitek Vanecek,41,G,True,L,59:24,40,36,4,0.9,28/30,8/10,0/0,36/40,2,2,0,0
2024-12-14,2024020487,UTA,away,8483530,Jaxson Stauber,33,G,False,,00:00,0,0,0,,0/0,0/0,0/0,0/0,0,0,0,0
2024-12-14,2024020487,UTA,away,8478872,Karel Vejmelka,70,G,True,W,59:35,22,19,3,0.863636,17/19,1/2,1/1,19/22,2,1,0,0
2024-12-14,2024020488,SEA,home,8475831,Philipp Grubauer,31,G,True,L,59:43,30,26,4,0.866667,22/25,3/4,1/1,26/30,3,1,0,0
2024-12-14,2024020488,SEA,home,8478916,Joey Daccord,35,G,False,,00:00,0,0,0,,0/0,0/0,0/0,0/0,0,0,0,0
2024-12-14,2024020488,TBL,away,8477992,Jonas Johansson,31,G,True,W,60:00,22,21,1,0.954545,17/17,2/3,2/2,21/22,0,1,0,0
2024-12-14,2024020488,TBL,away,8476883,Andrei Vasilevskiy,88,G,False,,00:00,0,0,0,,0/0,0/0,0/0,0/0,0,0,0,0
2024-12-15,2024020489,CHI,home,8482123,Drew Commesso,33,G,False,,00:00,0,0,0,,0/0,0/0,0/0,0/0,0,0,0,0
2024-12-15,2024020489,CHI,home,8482821,Arvid Soderblom,40,G,True,W,60:00,33,30,3,0.909091,22/25,7/7,1/1,30/33,3,0,0,0
2024-12-15,2024020489,NYI,away,8478009,Ilya Sorokin,30,G,True,L,59:17,22,18,4,0.818182,16/19,1/2,1/1,18/22,3,1,0,0
2024-12-15,2024020489,NYI,away,8477405,Marcus Hogberg,50,G,False,,00:00,0,0,0,,0/0,0/0,0/0,0/0,0,0,0,0
2024-12-15,2024020490,TOR,home,8483710,Dennis Hildeby,35,G,True,W,60:00,27,24,3,0.888889,20/22,3/4,1/1,24/27,2,1,0,0
2024-12-15,2024020490,TOR,home,8479361,Joseph Woll,60,G,False,,00:00,0,0,0,,0/0,0/0,0/0,0/0,0,0,0,0
2024-12-15,2024020490,BUF,away,8480045,Ukko-Pekka Luukkonen,1,G,False,,00:00,0,0,0,,0/0,0/0,0/0,0/0,0,0,0,0
2024-12-15,2024020490,BUF,away,8482221,Devon Levi,27,G,True,L,57:59,40,36,4,0.9,29/32,7/8,0/0,36/40,3,1,0,0
2024-12-15,2024020491,CAR,home,8474682,Dustin Tokarski,34,G,True,W,60:00,28,27,1,0.964286,19/20,7/7,1/1,27/28,1,0,0,0
2024-12-15,2024020491,CAR,home,8481611,Pyotr Kochetkov,52,G,False,,00:00,0,0,0,,0/0,0/0,0/0,0/0,0,0,0,0
2024-12-15,2024020491,CBJ,away,8482982,Jet Greaves,73,G,False,,00:00,0,0,0,,0/0,0/0,0/0,0/0,0,0,0,0
2024-12-15,2024020491,CBJ,away,8478007,Elvis Merzlikins,90,G,True,L,60:00,28,24,4,0.857143,18/21,5/5,1/2,24/28,3,0,1,0
2024-12-15,2024020492,STL,home,8480981,Joel Hofer,30,G,True,W,60:00,28,26,2,0.928571,24/26,0/0,2/2,26/28,2,0,0,0
2024-12-15,2024020492,STL,home,8476412,Jordan Binnington,50,G,False,,00:00,0,0,0,,0/0,0/0,0/0,0/0,0,0,0,0
2024-12-15,2024020492,NYR,away,8478048,Igor Shesterkin,31,G,False,,00:00,0,0,0,,0/0,0/0,0/0,0/0,0,0,0,0
2024-12-15,2024020492,NYR,away,8471734,Jonathan Quick,32,G,True,L,57:27,24,21,3,0.875,20/23,1/1,0/0,21/24,3,0,0,0
2024-12-15,2024020493,MIN,home,8470594,Marc-Andre Fleury,29,G,False,,00:00,0,0,0,,0/0,0/0,0/0,0/0,0,0,0,0
2024-12-15,2024020493,MIN,home,8482661,Jesper Wallstedt,30,G,True,L,57:42,27,24,3,0.888889,24/26,0/1,0/0,24/27,2,1,0,0
2024-12-15,2024020493,VGK,away,8478499,Adin Hill,33,G,False,,00:00,0,0,0,,0/0,0/0,0/0,0/0,0,0,0,0
2024-12-15,2024020493,VGK,away,8478492,Ilya Samsonov,35,G,True,W,60:00,22,20,2,0.909091,20/22,0/0,0/0,20/22,2,0,0,0
2024-12-16,2024020494,DAL,home,8479193,Casey DeSmith,1,G,False,,00:00,0,0,0,,0/0,0/0,0/0,0/0,0,0,0,0
2024-12-16,2024020494,DAL,home,8479979,Jake Oettinger,29,G,True,W,60:00,26,25,1,0.961538,21/22,3/3,1/1,25/26,1,0,0,0
2024-12-16,2024020494,WSH,away,8480313,Logan Thompson,48,G,False,,00:00,0,0,0,,0/0,0/0,0/0,0/0,0,0,0,0
2024-12-16,2024020494,WSH,away,8479292,Charlie Lindgren,79,G,True,L,57:42,24,21,3,0.875,16/18,1/2,4/4,21/24,2,1,0,0
2024-12-16,2024020495,EDM,home,8475717,Calvin Pickard,30,G,False,,00:00,0,0,0,,0/0,0/0,0/0,0/0,0,0,0,0
2024-12-16,2024020495,EDM,home,8479973,Stuart Skinner,74,G,True,L,58:31,28,22,6,0.785714,17/21,5/6,0/1,22/28,4,1,1,0
2024-12-16,2024020495,FLA,away,8481519,Spencer Knight,30,G,False,,00:00,0,0,0,,0/0,0/0,0/0,0/0,0,0,0,0
2024-12-16,2024020495,FLA,away,8475683,Sergei Bobrovsky,72,G,True,W,60:00,30,25,5,0.833333,22/26,3/4,0/0,25/30,4,1,0,0
2024-12-16,2024020496,VAN,home,8481668,Arturs Silovs,31,G,False,,00:00,0,0,0,,0/0,0/0,0/0,0/0,0,0,0,0
2024-12-16,2024020496,VAN,home,8477967,Thatcher Demko,35,G,True,W,60:00,31,30,1,0.967742,24/25,4/4,2/2,30/31,1,0,0,0
2024-12-16,2024020496,COL,away,8478406,Mackenzie Blackwood,39,G,True,L,56:51,24,22,2,0.916667,17/18,5/5,0/1,22/24,1,0,1,0
2024-12-16,2024020496,COL,away,8475809,Scott Wedgewood,41,G,False,,00:00,0,0,0,,0/0,0/0,0/0,0/0,0,0,0,0
2024-12-17,2024020497,MTL,home,8480051,Cayden Primeau,30,G,False,,00:00,0,0,0,,0/0,0/0,0/0,0/0,0,0,0,0
2024-12-17,2024020497,MTL,home,8478470,Samuel Montembeault,35,G,True,W,60:00,21,20,1,0.952381,15/16,2/2,3/3,20/21,1,0,0,0
2024-12-17,2024020497,BUF,away,8480045,Ukko-Pekka Luukkonen,1,G,True,L,40:00,21,15,6,0.714286,12/15,3/6,0/0,15/21,3,3,0,0
2024-12-17,2024020497,BUF,away,8473503,James Reimer,47,G,False,,20:00,6,6,0,1.0,6/6,0/0,0/0,6/6,0,0,0,0
2024-12-17,2024020498,TBL,home,8477992,Jonas Johansson,31,G,False,,00:00,0,0,0,,0/0,0/0,0/0,0/0,0,0,0,0
2024-12-17,2024020498,TBL,home,8476883,Andrei Vasilevskiy,88,G,True,W,60:00,32,29,3,0.90625,20/22,8/9,1/1,29/32,2,1,0,0
2024-12-17,2024020498,CBJ,away,8482982,Jet Greaves,73,G,True,L,57:43,32,28,4,0.875,28/31,0/1,0/0,28/32,3,1,0,0
2024-12-17,2024020498,CBJ,away,8478007,Elvis Merzlikins,90,G,False,,00:00,0,0,0,,0/0,0/0,0/0,0/0,0,0,0,0
2024-12-17,2024020499,PIT,home,8477465,Tristan Jarry,35,G,False,,00:00,0,0,0,,0/0,0/0,0/0,0/0,0,0,0,0
2024-12-17,2024020499,PIT,home,8477968,Alex Nedeljkovic,39,G,True,W,61:34,31,29,2,0.935484,24/26,5/5,0/0,29/31,2,0,0,0
2024-12-17,2024020499,LAK,away,8479496,David Rittich,31,G,False,,00:00,0,0,0,,0/0,0/0,0/0,0/0,0,0,0,0
2024-12-17,2024020499,LAK,away,8475311,Darcy Kuemper,35,G,True,O,61:28,31,28,3,0.903226,20/23,8/8,0/0,28/31,3,0,0,0
2024-12-17,2024020500,CAR,home,8474682,Dustin Tokarski,34,G,False,,00:00,0,0,0,,0/0,0/0,0/0,0/0,0,0,0,0
2024-12-17,2024020500,CAR,home,8481611,Pyotr Kochetkov,52,G,True,W,60:00,32,32,0,1.0,29/29,1/1,2/2,32/32,0,0,0,0
2024-12-17,2024020500,NYI,away,8478009,Ilya Sorokin,30,G,True,L,40:00,23,19,4,0.826087,19/22,0/1,0/0,19/23,3,1,0,0
2024-12-17,2024020500,NYI,away,8477405,Marcus Hogberg,50,G,False,,20:00,6,6,0,1.0,6/6,0/0,0/0,6/6,0,0,0,0
2024-12-17,2024020501,STL,home,8480981,Joel Hofer,30,G,False,,00:00,0,0,0,,0/0,0/0,0/0,0/0,0,0,0,0
2024-12-17,2024020501,STL,home,8476412,Jordan Binnington,50,G,True,L,58:11,27,24,3,0.888889,21/23,3/4,0/0,24/27,2,1,0,0
2024-12-17,2024020501,NJD,away,8474593,Jacob Markstrom,25,G,True,W,59:28,20,19,1,0.95,19/20,0/0,0/0,19/20,1,0,0,0
2024-12-17,2024020501,NJD,away,8474596,Jake Allen,34,G,False,,00:00,0,0,0,,0/0,0/0,0/0,0/0,0,0,0,0
2024-12-17,2024020502,NSH,home,8481020,Justus Annunen,29,G,False,,00:00,0,0,0,,0/0,0/0,0/0,0/0,0,0,0,0
2024-12-17,2024020502,NSH,home,8477424,Juuse Saros,74,G,True,W,60:00,25,25,0,1.0,19/19,3/3,3/3,25/25,0,0,0,0
2024-12-17,2024020502,NYR,away,8478048,Igor Shesterkin,31,G,True,L,58:18,32,30,2,0.9375,27/29,3/3,0/0,30/32,2,0,0,0
2024-12-17,2024020502,NYR,away,8471734,Jonathan Quick,32,G,False,,00:00,0,0,0,,0/0,0/0,0/0,0/0,0,0,0,0
2024-12-17,2024020503,CHI,home,8482123,Drew Commesso,33,G,False,,00:00,0,0,0,,0/0,0/0,0/0,0/0,0,0,0,0
2024-12-17,2024020503,CHI,home,8482821,Arvid Soderblom,40,G,True,W,59:40,22,20,2,0.909091,16/18,4/4,0/0,20/22,2,0,0,0
2024-12-17,2024020503,WSH,away,8480313,Logan Thompson,48,G,True,L,59:14,23,20,3,0.869565,16/18,4/4,0/1,20/23,2,0,1,0
2024-12-17,2024020503,WSH,away,8479292,Charlie Lindgren,79,G,False,,00:00,0,0,0,,0/0,0/0,0/0,0/0,0,0,0,0
2024-12-17,2024020504,CGY,home,8481692,Dustin Wolf,32,G,True,O,64:22,35,31,4,0.885714,28/32,3/3,0/0,31/35,4,0,0,0
2024-12-17,2024020504,CGY,home,8478435,Dan Vladar,80,G,False,,00:00,0,0,0,,0/0,0/0,0/0,0/0,0,0,0,0
2024-12-17,2024020504,BOS,away,8480280,Jeremy Swayman,1,G,True,W,64:22,23,20,3,0.869565,19/22,0/0,1/1,20/23,3,0,0,0
2024-12-17,2024020504,BOS,away,8476914,Joonas Korpisalo,70,G,False,,00:00,0,0,0,,0/0,0/0,0/0,0/0,0,0,0,0
2024-12-17,2024020505,SEA,home,8475831,Philipp Grubauer,31,G,False,,00:00,0,0,0,,0/0,0/0,0/0,0/0,0,0,0,0
2024-12-17,2024020505,SEA,home,8478916,Joey Daccord,35,G,True,L,54:27,27,24,3,0.888889,22/25,2/2,0/0,24/27,3,0,0,0
2024-12-17,2024020505,OTT,away,8482447,Leevi Meriläinen,1,G,False,,00:00,0,0,0,,0/0,0/0,0/0,0/0,0,0,0,0
2024-12-17,2024020505,OTT,away,8476999,Linus Ullmark,35,G,True,W,60:00,30,30,0,1.0,19/19,11/11,0/0,30/30,0,0,0,0
2024-12-17,2024020506,SJS,home,8480382,Alexandar Georgiev,40,G,True,L,59:13,33,29,4,0.878788,23/25,5/7,1/1,29/33,2,2,0,0
2024-12-17,2024020506,SJS,home,8477970,Vitek Vanecek,41,G,False,,00:00,0,0,0,,0/0,0/0,0/0,0/0,0,0,0,0
2024-12-17,2024020506,WPG,away,8477480,Eric Comrie,1,G,False,,00:00,0,0,0,,0/0,0/0,0/0,0/0,0,0,0,0
2024-12-17,2024020506,WPG,away,8476945,Connor Hellebuyck,37,G,True,W,60:00,35,32,3,0.914286,25/27,7/8,0/0,32/35,2,1,0,0
2024-12-18,2024020507,DET,home,8479312,Alex Lyon,34,G,True,W,59:42,19,15,4,0.789474,15/19,0/0,0/0,15/19,4,0,0,0
2024-12-18,2024020507,DET,home,8478024,Ville Husso,35,G,False,,00:00,0,0,0,,0/0,0/0,0/0,0/0,0,0,0,0
2024-12-18,2024020507,PHI,away,8481035,Samuel Ersson,33,G,True,L,58:02,23,18,5,0.782609,11/15,7/8,0/0,18/23,4,1,0,0
2024-12-18,2024020507,PHI,away,8482783,Aleksei Kolosov,35,G,False,,00:00,0,0,0,,0/0,0/0,0/0,0/0,0,0,0,0
2024-12-18,2024020508,DAL,home,8479193,Casey DeSmith,1,G,False,,18:00,6,6,0,1.0,5/5,0/0,1/1,6/6,0,0,0,0
2024-12-18,2024020508,DAL,home,8479979,Jake Oettinger,29,G,True,L,40:00,12,8,4,0.666667,8/12,0/0,0/0,8/12,4,0,0,0
2024-12-18,2024020508,TOR,away,8483710,Dennis Hildeby,35,G,False,,00:00,0,0,0,,0/0,0/0,0/0,0/0,0,0,0,0
2024-12-18,2024020508,TOR,away,8479361,Joseph Woll,60,G,True,W,60:00,39,36,3,0.923077,27/30,8/8,1/1,36/39,3,0,0,0
2024-12-18,2024020509,MIN,home,8470594,Marc-Andre Fleury,29,G,True,L,60:00,33,27,6,0.818182,24/29,3/4,0/0,27/33,5,1,0,0
2024-12-18,2024020509,MIN,home,8482661,Jesper Wallstedt,30,G,False,,00:00,0,0,0,,0/0,0/0,0/0,0/0,0,0,0,0
2024-12-18,2024020509,FLA,away,8481519,Spencer Knight,30,G,False,,00:00,0,0,0,,0/0,0/0,0/0,0/0,0,0,0,0
2024-12-18,2024020509,FLA,away,8475683,Sergei Bobrovsky,72,G,True,W,60:00,27,26,1,0.962963,25/25,1/2,0/0,26/27,0,1,0,0
2024-12-18,2024020510,UTA,home,8483530,Jaxson Stauber,33,G,False,,00:00,0,0,0,,0/0,0/0,0/0,0/0,0,0,0,0
2024-12-18,2024020510,UTA,home,8478872,Karel Vejmelka,70,G,True,W,64:48,26,24,2,0.923077,18/19,6/7,0/0,24/26,1,1,0,0
2024-12-18,2024020510,VAN,away,8480947,Kevin Lankinen,32,G,False,,00:00,0,0,0,,0/0,0/0,0/0,0/0,0,0,0,0
2024-12-18,2024020510,VAN,away,8477967,Thatcher Demko,35,G,True,O,64:48,31,28,3,0.903226,23/25,2/3,3/3,28/31,2,1,0,0
2024-12-18,2024020511,ANA,home,8480843,Lukas Dostal,1,G,True,W,60:00,23,21,2,0.913043,17/18,4/5,0/0,21/23,1,1,0,0
2024-12-18,2024020511,ANA,home,8476434,John Gibson,36,G,False,,00:00,0,0,0,,0/0,0/0,0/0,0/0,0,0,0,0
2024-12-18,2024020511,WPG,away,8477480,Eric Comrie,1,G,True,L,59:33,31,28,3,0.903226,27/30,1/1,0/0,28/31,3,0,0,0
2024-12-18,2024020511,WPG,away,8476945,Connor Hellebuyck,37,G,False,,00:00,0,0,0,,0/0,0/0,0/0,0/0,0,0,0,0
2024-12-19,2024020512,TBL,home,8477992,Jonas Johansson,31,G,False,,00:00,0,0,0,,0/0,0/0,0/0,0/0,0,0,0,0
2024-12-19,2024020512,TBL,home,8476883,Andrei Vasilevskiy,88,G,True,W,60:00,32,31,1,0.96875,26/27,3/3,2/2,31/32,1,0,0,0
2024-12-19,2024020512,STL,away,8480981,Joel Hofer,30,G,False,,24:21,7,7,0,1.0,6/6,1/1,0/0,7/7,0,0,0,2
2024-12-19,2024020512,STL,away,8476412,Jordan Binnington,50,G,True,L,33:33,11,8,3,0.727273,8/11,0/0,0/0,8/11,3,0,0,0
2024-12-19,2024020514,CBJ,home,8480193,Daniil Tarasov,40,G,False,,00:00,0,0,0,,0/0,0/0,0/0,0/0,0,0,0,0
2024-12-19,2024020514,CBJ,home,8478007,Elvis Merzlikins,90,G,True,W,60:00,42,40,2,0.952381,38/40,2/2,0/0,40/42,2,0,0,0
2024-12-19,2024020514,NJD,away,8474593,Jacob Markstrom,25,G,False,,00:00,0,0,0,,0/0,0/0,0/0,0/0,0,0,0,0
2024-12-19,2024020514,NJD,away,8474596,Jake Allen,34,G,True,L,54:36,19,16,3,0.842105,15/17,1/2,0/0,16/19,2,1,0,0
2024-12-19,2024020513,PHI,home,8481035,Samuel Ersson,33,G,False,,00:00,0,0,0,,0/0,0/0,0/0,0/0,0,0,0,0
2024-12-19,2024020513,PHI,home,8482783,Aleksei Kolosov,35,G,True,L,58:59,26,20,6,0.769231,16/22,3/3,1/1,20/26,6,0,0,0
2024-12-19,2024020513,LAK,away,8479496,David Rittich,31,G,False,,00:00,0,0,0,,0/0,0/0,0/0,0/0,0,0,0,0
2024-12-19,2024020513,LAK,away,8475311,Darcy Kuemper,35,G,True,W,60:00,26,23,3,0.884615,21/24,2/2,0/0,23/26,3,0,0,0
2024-12-19,2024020515,NSH,home,8481020,Justus Annunen,29,G,False,,00:00,0,0,0,,0/0,0/0,0/0,0/0,0,0,0,0
2024-12-19,2024020515,NSH,home,8477424,Juuse Saros,74,G,True,O,60:57,20,15,5,0.75,15/19,0/1,0/0,15/20,4,1,0,0
2024-12-19,2024020515,PIT,away,8477465,Tristan Jarry,35,G,True,W,61:07,26,22,4,0.846154,12/15,10/11,0/0,22/26,3,1,0,0
2024-12-19,2024020515,PIT,away,8477968,Alex Nedeljkovic,39,G,False,,00:00,0,0,0,,0/0,0/0,0/0,0/0,0,0,0,0
2024-12-19,2024020516,CHI,home,8475852,Petr Mrazek,34,G,False,,00:00,0,0,0,,0/0,0/0,0/0,0/0,0,0,0,0
2024-12-19,2024020516,CHI,home,8482821,Arvid Soderblom,40,G,True,W,60:00,27,26,1,0.962963,24/25,2/2,0/0,26/27,1,0,0,0
2024-12-19,2024020516,SEA,away,8475831,Philipp Grubauer,31,G,False,,00:00,0,0,0,,0/0,0/0,0/0,0/0,0,0,0,0
2024-12-19,2024020516,SEA,away,8478916,Joey Daccord,35,G,True,L,56:29,24,21,3,0.875,17/20,4/4,0/0,21/24,3,0,0,0
2024-12-19,2024020517,CGY,home,8481692,Dustin Wolf,32,G,False,,00:00,0,0,0,,0/0,0/0,0/0,0/0,0,0,0,0
2024-12-19,2024020517,CGY,home,8478435,Dan Vladar,80,G,True,O,60:55,29,26,3,0.896552,21/23,3/3,2/3,26/29,2,0,1,0
2024-12-19,2024020517,OTT,away,8482447,Leevi Meriläinen,1,G,False,,00:00,0,0,0,,0/0,0/0,0/0,0/0,0,0,0,0
2024-12-19,2024020517,OTT,away,8476999,Linus Ullmark,35,G,True,W,60:55,32,30,2,0.9375,25/26,4/5,1/1,30/32,1,1,0,0
2024-12-19,2024020518,EDM,home,8475717,Calvin Pickard,30,G,False,,00:00,0,0,0,,0/0,0/0,0/0,0/0,0,0,0,0
2024-12-19,2024020518,EDM,home,8479973,Stuart Skinner,74,G,True,W,61:03,26,24,2,0.923077,22/24,2/2,0/0,24/26,2,0,0,0
2024-12-19,2024020518,BOS,away,8480280,Jeremy Swayman,1,G,True,O,61:04,26,23,3,0.884615,20/23,3/3,0/0,23/26,3,0,0,0
2024-12-19,2024020518,BOS,away,8476914,Joonas Korpisalo,70,G,False,,00:00,0,0,0,,0/0,0/0,0/0,0/0,0,0,0,0
2024-12-19,2024020519,VGK,home,8478499,Adin Hill,33,G,True,W,60:00,20,19,1,0.95,16/17,2/2,1/1,19/20,1,0,0,0
2024-12-19,2024020519,VGK,home,8478492,Ilya Samsonov,35,G,False,,00:00,0,0,0,,0/0,0/0,0/0,0/0,0,0,0,0
2024-12-19,2024020519,VAN,away,8480947,Kevin Lankinen,32,G,True,L,59:41,20,18,2,0.9,16/18,1/1,1/1,18/20,2,0,0,0
2024-12-19,2024020519,VAN,away,8477967,Thatcher Demko,35,G,False,,00:00,0,0,0,,0/0,0/0,0/0,0/0,0,0,0,0
2024-12-19,2024020520,SJS,home,8482137,Yaroslav Askarov,30,G,False,,00:00,0,0,0,,0/0,0/0,0/0,0/0,0,0,0,0
2024-12-19,2024020520,SJS,home,8480382,Alexandar Georgiev,40,G,True,L,56:57,31,27,4,0.870968,26/28,0/2,1/1,27/31,2,2,0,0
2024-12-19,2024020520,COL,away,8478406,Mackenzie Blackwood,39,G,True,W,59:43,34,32,2,0.941176,23/25,8/8,1/1,32/34,2,0,0,0
2024-12-19,2024020520,COL,away,8475809,Scott Wedgewood,41,G,False,,00:00,0,0,0,,0/0,0/0,0/0,0/0,0,0,0,0
2024-12-20,2024020521,BUF,home,8480045,Ukko-Pekka Luukkonen,1,G,True,L,24:27,13,9,4,0.692308,8/11,1/2,0/0,9/13,3,1,0,0
2024-12-20,2024020521,BUF,home,8473503,James Reimer,47,G,False,,33:26,15,14,1,0.933333,13/14,1/1,0/0,14/15,1,0,0,0
2024-12-20,2024020521,TOR,away,8476899,Matt Murray,30,G,True,W,60:00,27,24,3,0.888889,19/22,4/4,1/1,24/27,3,0,0,0
2024-12-20,2024020521,TOR,away,8479361,Joseph Woll,60,G,False,,00:00,0,0,0,,0/0,0/0,0/0,0/0,0,0,0,0
2024-12-20,2024020522,DET,home,8479312,Alex Lyon,34,G,False,,00:00,0,0,0,,0/0,0/0,0/0,0/0,0,0,0,0
2024-12-20,2024020522,DET,home,8475660,Cam Talbot,39,G,True,L,58:02,33,29,4,0.878788,26/28,2/3,1/2,29/33,2,1,1,0
2024-12-20,2024020522,MTL,away,8480051,Cayden Primeau,30,G,False,,00:00,0,0,0,,0/0,0/0,0/0,0/0,0,0,0,0
2024-12-20,2024020522,MTL,away,8478470,Samuel Montembeault,35,G,True,W,60:00,28,25,3,0.892857,18/21,6/6,1/1,25/28,3,0,0,0
2024-12-20,2024020523,FLA,home,8481519,Spencer Knight,30,G,False,,00:00,0,0,0,,0/0,0/0,0/0,0/0,0,0,0,0
2024-12-20,2024020523,FLA,home,8475683,Sergei Bobrovsky,72,G,True,W,64:43,27,26,1,0.962963,20/21,6/6,0/0,26/27,1,0,0,0
2024-12-20,2024020523,STL,away,8480981,Joel Hofer,30,G,True,O,64:43,27,25,2,0.925926,23/24,2/3,0/0,25/27,1,1,0,0
2024-12-20,2024020523,STL,away,8476412,Jordan Binnington,50,G,False,,00:00,0,0,0,,0/0,0/0,0/0,0/0,0,0,0,0
2024-12-20,2024020524,WSH,home,8480313,Logan Thompson,48,G,False,,00:00,0,0,0,,0/0,0/0,0/0,0/0,0,0,0,0
2024-12-20,2024020524,WSH,home,8479292,Charlie Lindgren,79,G,True,W,60:00,25,24,1,0.96,18/19,6/6,0/0,24/25,1,0,0,0
2024-12-20,2024020524,CAR,away,8474682,Dustin Tokarski,34,G,False,,00:00,0,0,0,,0/0,0/0,0/0,0/0,0,0,0,0
2024-12-20,2024020524,CAR,away,8481611,Pyotr Kochetkov,52,G,True,L,56:46,22,19,3,0.863636,14/17,5/5,0/0,19/22,3,0,0,0
2024-12-20,2024020525,DAL,home,8479193,Casey DeSmith,1,G,False,,00:00,0,0,0,,0/0,0/0,0/0,0/0,0,0,0,0
2024-12-20,2024020525,DAL,home,8479979,Jake Oettinger,29,G,True,L,57:48,29,27,2,0.931034,21/22,4/4,2/3,27/29,1,0,1,0
2024-12-20,2024020525,NYR,away,8478048,Igor Shesterkin,31,G,True,W,60:00,42,41,1,0.97619,19/20,21/21,1/1,41/42,1,0,0,0
2024-12-20,2024020525,NYR,away,8471734,Jonathan Quick,32,G,False,,00:00,0,0,0,,0/0,0/0,0/0,0/0,0,0,0,0
2024-12-20,2024020526,MIN,home,8470594,Marc-Andre Fleury,29,G,True,L,57:39,18,16,2,0.888889,16/17,0/1,0/0,16/18,1,1,0,0
2024-12-20,2024020526,MIN,home,8482661,Jesper Wallstedt,30,G,False,,00:00,0,0,0,,0/0,0/0,0/0,0/0,0,0,0,0
2024-12-20,2024020526,UTA,away,8483530,Jaxson Stauber,33,G,False,,00:00,0,0,0,,0/0,0/0,0/0,0/0,0,0,0,0
2024-12-20,2024020526,UTA,away,8478872,Karel Vejmelka,70,G,True,W,60:00,29,28,1,0.965517,17/18,11/11,0/0,28/29,1,0,0,0
2024-12-20,2024020527,ANA,home,8480843,Lukas Dostal,1,G,False,,00:00,0,0,0,,0/0,0/0,0/0,0/0,0,0,0,0
2024-12-20,2024020527,ANA,home,8476434,John Gibson,36,G,True,L,57:39,22,19,3,0.863636,13/14,5/6,1/2,19/22,1,1,1,0
2024-12-20,2024020527,COL,away,8478406,Mackenzie Blackwood,39,G,False,,00:00,0,0,0,,0/0,0/0,0/0,0/0,0,0,0,0
2024-12-20,2024020527,COL,away,8475809,Scott Wedgewood,41,G,True,W,59:59,32,30,2,0.9375,23/25,6/6,1/1,30/32,2,0,0,0
2024-12-21,2024020528,NSH,home,8481020,Justus Annunen,29,G,True,W,61:03,24,22,2,0.916667,22/24,0/0,0/0,22/24,2,0,0,0
2024-12-21,2024020528,NSH,home,8477424,Juuse Saros,74,G,False,,00:00,0,0,0,,0/0,0/0,0/0,0/0,0,0,0,0
2024-12-21,2024020528,LAK,away,8479496,David Rittich,31,G,False,,00:00,0,0,0,,0/0,0/0,0/0,0/0,0,0,0,0
2024-12-21,2024020528,LAK,away,8475311,Darcy Kuemper,35,G,True,O,60:48,26,23,3,0.884615,18/21,5/5,0/0,23/26,3,0,0,0
2024-12-21,2024020529,CGY,home,8481692,Dustin Wolf,32,G,True,W,60:00,28,24,4,0.857143,20/23,3/4,1/1,24/28,3,1,0,0
2024-12-21,2024020529,CGY,home,8478435,Dan Vladar,80,G,False,,00:00,0,0,0,,0/0,0/0,0/0,0/0,0,0,0,0
2024-12-21,2024020529,CHI,away,8475852,Petr Mrazek,34,G,True,L,57:29,29,24,5,0.827586,19/22,5/6,0/1,24/29,3,1,1,0
2024-12-21,2024020529,CHI,away,8482821,Arvid Soderblom,40,G,False,,00:00,0,0,0,,0/0,0/0,0/0,0/0,0,0,0,0
2024-12-21,2024020530,EDM,home,8475717,Calvin Pickard,30,G,True,W,59:00,22,20,2,0.909091,20/22,0/0,0/0,20/22,2,0,0,0
2024-12-21,2024020530,EDM,home,8479973,Stuart Skinner,74,G,False,,00:00,0,0,0,,0/0,0/0,0/0,0/0,0,0,0,0
2024-12-21,2024020530,SJS,away,8482137,Yaroslav Askarov,30,G,True,O,60:15,42,39,3,0.928571,34/37,4/4,1/1,39/42,3,0,0,0
2024-12-21,2024020530,SJS,away,8480382,Alexandar Georgiev,40,G,False,,00:00,0,0,0,,0/0,0/0,0/0,0/0,0,0,0,0
2024-12-21,2024020531,BOS,home,8480280,Jeremy Swayman,1,G,False,,00:00,0,0,0,,0/0,0/0,0/0,0/0,0,0,0,0
2024-12-21,2024020531,BOS,home,8476914,Joonas Korpisalo,70,G,True,W,60:00,20,19,1,0.95,13/13,5/6,1/1,19/20,0,1,0,0
2024-12-21,2024020531,BUF,away,8480045,Ukko-Pekka Luukkonen,1,G,False,,00:00,0,0,0,,0/0,0/0,0/0,0/0,0,0,0,0
2024-12-21,2024020531,BUF,away,8473503,James Reimer,47,G,True,L,59:00,18,16,2,0.888889,11/12,5/6,0/0,16/18,1,1,0,0
2024-12-21,2024020532,TOR,home,8483710,Dennis Hildeby,35,G,False,,00:00,0,0,0,,0/0,0/0,0/0,0/0,0,0,0,0
2024-12-21,2024020532,TOR,home,8479361,Joseph Woll,60,G,True,L,57:35,33,28,5,0.848485,28/33,0/0,0/0,28/33,5,0,0,0
2024-12-21,2024020532,NYI,away,8478009,Ilya Sorokin,30,G,True,W,60:00,29,26,3,0.896552,26/29,0/0,0/0,26/29,3,0,0,0
2024-12-21,2024020532,NYI,away,8477405,Marcus Hogberg,50,G,False,,00:00,0,0,0,,0/0,0/0,0/0,0/0,0,0,0,0
2024-12-21,2024020533,MTL,home,8480051,Cayden Primeau,30,G,False,,00:00,0,0,0,,0/0,0/0,0/0,0/0,0,0,0,0
2024-12-21,2024020533,MTL,home,8478470,Samuel Montembeault,35,G,True,W,59:27,21,20,1,0.952381,14/15,4/4,2/2,20/21,1,0,0,0
2024-12-21,2024020533,DET,away,8479312,Alex Lyon,34,G,True,L,59:35,24,19,5,0.791667,13/17,6/7,0/0,19/24,4,1,0,0
2024-12-21,2024020533,DET,away,8475660,Cam Talbot,39,G,False,,00:00,0,0,0,,0/0,0/0,0/0,0/0,0,0,0,0
2024-12-21,2024020534,NJD,home,8474593,Jacob Markstrom,25,G,True,W,60:00,12,12,0,1.0,10/10,2/2,0/0,12/12,0,0,0,0
2024-12-21,2024020534,NJD,home,8474596,Jake Allen,34,G,False,,00:00,0,0,0,,0/0,0/0,0/0,0/0,0,0,0,0
2024-12-21,2024020534,PIT,away,8477465,Tristan Jarry,35,G,True,L,59:05,26,24,2,0.923077,23/25,1/1,0/0,24/26,2,0,0,0
2024-12-21,2024020534,PIT,away,8477968,Alex Nedeljkovic,39,G,False,,00:00,0,0,0,,0/0,0/0,0/0,0/0,0,0,0,0
2024-12-21,2024020535,PHI,home,8481035,Samuel Ersson,33,G,True,W,63:12,25,21,4,0.84,17/21,2/2,2/2,21/25,4,0,0,0
2024-12-21,2024020535,PHI,home,8482783,Aleksei Kolosov,35,G,False,,00:00,0,0,0,,0/0,0/0,0/0,0/0,0,0,0,0
2024-12-21,2024020535,CBJ,away,8480193,Daniil Tarasov,40,G,False,,00:00,0,0,0,,0/0,0/0,0/0,0/0,0,0,0,0
2024-12-21,2024020535,CBJ,away,8478007,Elvis Merzlikins,90,G,True,O,63:30,30,25,5,0.833333,25/30,0/0,0/0,25/30,5,0,0,0
2024-12-21,2024020536,WPG,home,8477480,Eric Comrie,1,G,False,,00:00,0,0,0,,0/0,0/0,0/0,0/0,0,0,0,0
2024-12-21,2024020536,WPG,home,8476945,Connor Hellebuyck,37,G,True,W,60:00,19,19,0,1.0,12/12,6/6,1/1,19/19,0,0,0,0
2024-12-21,2024020536,MIN,away,8470594,Marc-Andre Fleury,29,G,False,,00:00,0,0,0,,0/0,0/0,0/0,0/0,0,0,0,0
2024-12-21,2024020536,MIN,away,8482661,Jesper Wallstedt,30,G,True,L,59:44,24,19,5,0.791667,16/19,3/5,0/0,19/24,3,2,0,2
2024-12-21,2024020537,VAN,home,8480947,Kevin Lankinen,32,G,True,O,60:15,22,17,5,0.772727,10/14,7/7,0/1,17/22,4,0,1,0
2024-12-21,2024020537,VAN,home,8477967,Thatcher Demko,35,G,False,,00:00,0,0,0,,0/0,0/0,0/0,0/0,0,0,0,0
2024-12-21,2024020537,OTT,away,8482447,Leevi Meriläinen,1,G,True,W,60:15,25,21,4,0.84,19/23,2/2,0/0,21/25,4,0,0,0
2024-12-21,2024020537,OTT,away,8476999,Linus Ullmark,35,G,False,,00:00,0,0,0,,0/0,0/0,0/0,0/0,0,0,0,0
2024-12-21,2024020538,VGK,home,8478499,Adin Hill,33,G,False,,00:00,0,0,0,,0/0,0/0,0/0,0/0,0,0,0,0
2024-12-21,2024020538,VGK,home,8478492,Ilya Samsonov,35,G,True,W,60:00,23,21,2,0.913043,19/19,2/4,0/0,21/23,0,2,0,0
2024-12-21,2024020538,SEA,away,8475831,Philipp Grubauer,31,G,True,L,57:45,33,28,5,0.848485,28/33,0/0,0/0,28/33,5,0,0,0
2024-12-21,2024020538,SEA,away,8478916,Joey Daccord,35,G,False,,00:00,0,0,0,,0/0,0/0,0/0,0/0,0,0,0,0
2024-12-22,2024020539,NYR,home,8478048,Igor Shesterkin,31,G,True,L,57:37,32,30,2,0.9375,23/24,7/8,0/0,30/32,1,1,0,0
2024-12-22,2024020539,NYR,home,8471734,Jonathan Quick,32,G,False,,00:00,0,0,0,,0/0,0/0,0/0,0/0,0,0,0,0
2024-12-22,2024020539,CAR,away,8474682,Dustin Tokarski,34,G,False,,00:00,0,0,0,,0/0,0/0,0/0,0/0,0,0,0,0
2024-12-22,2024020539,CAR,away,8481611,Pyotr Kochetkov,52,G,True,W,60:00,23,22,1,0.956522,17/18,4/4,1/1,22/23,1,0,0,0
2024-12-22,2024020540,TBL,home,8477992,Jonas Johansson,31,G,False,,00:00,0,0,0,,0/0,0/0,0/0,0/0,0,0,0,0
2024-12-22,2024020540,TBL,home,8476883,Andrei Vasilevskiy,88,G,True,L,58:06,25,22,3,0.88,20/20,1/2,1/3,22/25,0,1,2,0
2024-12-22,2024020540,FLA,away,8481519,Spencer Knight,30,G,True,W,59:57,21,19,2,0.904762,18/20,1/1,0/0,19/21,2,0,0,0
2024-12-22,2024020540,FLA,away,8475683,Sergei Bobrovsky,72,G,False,,00:00,0,0,0,,0/0,0/0,0/0,0/0,0,0,0,0
2024-12-22,2024020541,WSH,home,8480313,Logan Thompson,48,G,True,W,60:00,26,25,1,0.961538,25/25,0/1,0/0,25/26,0,1,0,0
2024-12-22,2024020541,WSH,home,8479292,Charlie Lindgren,79,G,False,,00:00,0,0,0,,0/0,0/0,0/0,0/0,0,0,0,0
2024-12-22,2024020541,LAK,away,8479496,David Rittich,31,G,True,L,58:40,20,18,2,0.9,17/18,1/2,0/0,18/20,1,1,0,0
2024-12-22,2024020541,LAK,away,8475311,Darcy Kuemper,35,G,False,,00:00,0,0,0,,0/0,0/0,0/0,0/0,0,0,0,0
2024-12-22,2024020542,UTA,home,8483530,Jaxson Stauber,33,G,True,O,64:23,30,26,4,0.866667,25/28,1/2,0/0,26/30,3,1,0,0
2024-12-22,2024020542,UTA,home,8478872,Karel Vejmelka,70,G,False,,00:00,0,0,0,,0/0,0/0,0/0,0/0,0,0,0,0
2024-12-22,2024020542,ANA,away,8480843,Lukas Dostal,1,G,True,W,65:00,25,21,4,0.84,18/21,3/4,0/0,21/25,3,1,0,0
2024-12-22,2024020542,ANA,away,8476434,John Gibson,36,G,False,,00:00,0,0,0,,0/0,0/0,0/0,0/0,0,0,0,0
2024-12-22,2024020543,COL,home,8478406,Mackenzie Blackwood,39,G,True,W,59:55,19,17,2,0.894737,17/19,0/0,0/0,17/19,2,0,0,0
2024-12-22,2024020543,COL,home,8475809,Scott Wedgewood,41,G,False,,00:00,0,0,0,,0/0,0/0,0/0,0/0,0,0,0,0
2024-12-22,2024020543,SEA,away,8475831,Philipp Grubauer,31,G,False,,00:00,0,0,0,,0/0,0/0,0/0,0/0,0,0,0,0
2024-12-22,2024020543,SEA,away,8478916,Joey Daccord,35,G,True,L,59:42,27,24,3,0.888889,17/19,4/5,3/3,24/27,2,1,0,0
2024-12-22,2024020544,EDM,home,8475717,Calvin Pickard,30,G,False,,00:00,0,0,0,,0/0,0/0,0/0,0/0,0,0,0,0
2024-12-22,2024020544,EDM,home,8479973,Stuart Skinner,74,G,True,W,60:00,21,20,1,0.952381,19/20,1/1,0/0,20/21,1,0,0,0
2024-12-22,2024020544,OTT,away,8482447,Leevi Meriläinen,1,G,False,L,36:39,14,12,2,0.857143,5/6,7/8,0/0,12/14,1,1,0,0
2024-12-22,2024020544,OTT,away,8476999,Linus Ullmark,35,G,True,,20:00,7,6,1,0.857143,6/7,0/0,0/0,6/7,1,0,0,0
2024-12-23,2024020545,NJD,home,8474593,Jacob Markstrom,25,G,True,W,60:00,12,12,0,1.0,7/7,3/3,2/2,12/12,0,0,0,0
2024-12-23,2024020545,NJD,home,8474596,Jake Allen,34,G,False,,00:00,0,0,0,,0/0,0/0,0/0,0/0,0,0,0,0
2024-12-23,2024020545,NYR,away,8478048,Igor Shesterkin,31,G,False,,00:00,0,0,0,,0/0,0/0,0/0,0/0,0,0,0,0
2024-12-23,2024020545,NYR,away,8471734,Jonathan Quick,32,G,True,L,59:48,30,25,5,0.833333,17/19,5/8,3/3,25/30,2,3,0,0
2024-12-23,2024020546,TOR,home,8483710,Dennis Hildeby,35,G,False,,00:00,0,0,0,,0/0,0/0,0/0,0/0,0,0,0,0
2024-12-23,2024020546,TOR,home,8479361,Joseph Woll,60,G,True,L,57:49,26,22,4,0.846154,17/20,4/5,1/1,22/26,3,1,0,0
2024-12-23,2024020546,WPG,away,8477480,Eric Comrie,1,G,False,,00:00,0,0,0,,0/0,0/0,0/0,0/0,0,0,0,0
2024-12-23,2024020546,WPG,away,8476945,Connor Hellebuyck,37,G,True,W,60:00,25,23,2,0.92,22/23,0/1,1/1,23/25,1,1,0,0
2024-12-23,2024020547,BOS,home,8480280,Jeremy Swayman,1,G,True,W,60:00,11,10,1,0.909091,8/8,2/3,0/0,10/11,0,1,0,0
2024-12-23,2024020547,BOS,home,8476914,Joonas Korpisalo,70,G,False,,00:00,0,0,0,,0/0,0/0,0/0,0/0,0,0,0,0
2024-12-23,2024020547,WSH,away,8480313,Logan Thompson,48,G,False,,00:00,0,0,0,,0/0,0/0,0/0,0/0,0,0,0,0
2024-12-23,2024020547,WSH,away,8479292,Charlie Lindgren,79,G,True,L,59:08,21,18,3,0.857143,13/15,5/6,0/0,18/21,2,1,0,0
2024-12-23,2024020548,DET,home,8479312,Alex Lyon,34,G,False,,00:00,0,0,0,,0/0,0/0,0/0,0/0,0,0,0,0
2024-12-23,2024020548,DET,home,8475660,Cam Talbot,39,G,True,L,59:54,20,17,3,0.85,17/20,0/0,0/0,17/20,3,0,0,0
2024-12-23,2024020548,STL,away,8480981,Joel Hofer,30,G,False,,00:00,0,0,0,,0/0,0/0,0/0,0/0,0,0,0,0
2024-12-23,2024020548,STL,away,8476412,Jordan Binnington,50,G,True,W,60:00,19,19,0,1.0,18/18,1/1,0/0,19/19,0,0,0,0
2024-12-23,2024020549,FLA,home,8481519,Spencer Knight,30,G,False,,00:00,0,0,0,,0/0,0/0,0/0,0/0,0,0,0,0
2024-12-23,2024020549,FLA,home,8475683,Sergei Bobrovsky,72,G,True,L,58:30,28,25,3,0.892857,19/21,6/7,0/0,25/28,2,1,0,0
2024-12-23,2024020549,TBL,away,8477992,Jonas Johansson,31,G,True,W,60:00,36,36,0,1.0,26/26,9/9,1/1,36/36,0,0,0,0
2024-12-23,2024020549,TBL,away,8476883,Andrei Vasilevskiy,88,G,False,,00:00,0,0,0,,0/0,0/0,0/0,0/0,0,0,0,0
2024-12-23,2024020550,PIT,home,8477465,Tristan Jarry,35,G,True,W,59:47,27,24,3,0.888889,23/26,0/0,1/1,24/27,3,0,0,0
2024-12-23,2024020550,PIT,home,8477968,Alex Nedeljkovic,39,G,False,,00:00,0,0,0,,0/0,0/0,0/0,0/0,0,0,0,0
2024-12-23,2024020550,PHI,away,8481035,Samuel Ersson,33,G,True,L,40:00,14,9,5,0.642857,5/8,4/6,0/0,9/14,3,2,0,0
2024-12-23,2024020550,PHI,away,8482783,Aleksei Kolosov,35,G,False,,18:22,7,6,1,0.857143,6/6,0/1,0/0,6/7,0,1,0,0
2024-12-23,2024020551,CBJ,home,8480193,Daniil Tarasov,40,G,False,,00:00,0,0,0,,0/0,0/0,0/0,0/0,0,0,0,0
2024-12-23,2024020551,CBJ,home,8482982,Jet Greaves,73,G,True,W,59:49,31,27,4,0.870968,26/30,0/0,1/1,27/31,4,0,0,0
2024-12-23,2024020551,MTL,away,8480051,Cayden Primeau,30,G,False,,00:00,0,0,0,,0/0,0/0,0/0,0/0,0,0,0,0
2024-12-23,2024020551,MTL,away,8478470,Samuel Montembeault,35,G,True,L,58:25,32,27,5,0.84375,24/28,2/3,1/1,27/32,4,1,0,0
2024-12-23,2024020552,NYI,home,8478009,Ilya Sorokin,30,G,True,L,58:00,24,18,6,0.75,15/20,3/4,0/0,18/24,5,1,0,2
2024-12-23,2024020552,NYI,home,8477405,Marcus Hogberg,50,G,False,,00:00,0,0,0,,0/0,0/0,0/0,0/0,0,0,0,0
2024-12-23,2024020552,BUF,away,8480045,Ukko-Pekka Luukkonen,1,G,True,W,60:00,28,27,1,0.964286,22/23,2/2,3/3,27/28,1,0,0,0
2024-12-23,2024020552,BUF,away,8473503,James Reimer,47,G,False,,00:00,0,0,0,,0/0,0/0,0/0,0/0,0,0,0,0
2024-12-23,2024020553,NSH,home,8481020,Justus Annunen,29,G,False,,00:00,0,0,0,,0/0,0/0,0/0,0/0,0,0,0,0
2024-12-23,2024020553,NSH,home,8477424,Juuse Saros,74,G,True,W,60:00,27,25,2,0.925926,22/24,2/2,1/1,25/27,2,0,0,0
2024-12-23,2024020553,CAR,away,8474682,Dustin Tokarski,34,G,True,L,59:25,24,20,4,0.833333,20/23,0/1,0/0,20/24,3,1,0,0
2024-12-23,2024020553,CAR,away,8481611,Pyotr Kochetkov,52,G,False,,00:00,0,0,0,,0/0,0/0,0/0,0/0,0,0,0,0
2024-12-23,2024020554,MIN,home,8470594,Marc-Andre Fleury,29,G,False,,00:00,0,0,0,,0/0,0/0,0/0,0/0,0,0,0,0
2024-12-23,2024020554,MIN,home,8479406,Filip Gustavsson,32,G,True,W,60:00,31,28,3,0.903226,28/31,0/0,0/0,28/31,3,0,0,0
2024-12-23,2024020554,CHI,away,8475852,Petr Mrazek,34,G,False,,00:00,0,0,0,,0/0,0/0,0/0,0/0,0,0,0,0
2024-12-23,2024020554,CHI,away,8482821,Arvid Soderblom,40,G,True,L,58:14,26,23,3,0.884615,21/24,2/2,0/0,23/26,3,0,0,0
2024-12-23,2024020555,VAN,home,8480947,Kevin Lankinen,32,G,False,,00:00,0,0,0,,0/0,0/0,0/0,0/0,0,0,0,0
2024-12-23,2024020555,VAN,home,8477967,Thatcher Demko,35,G,True,W,60:00,29,26,3,0.896552,20/22,5/6,1/1,26/29,2,1,0,0
2024-12-23,2024020555,SJS,away,8482137,Yaroslav Askarov,30,G,True,L,57:30,24,20,4,0.833333,11/14,8/9,1/1,20/24,3,1,0,0
2024-12-23,2024020555,SJS,away,8480382,Alexandar Georgiev,40,G,False,,00:00,0,0,0,,0/0,0/0,0/0,0/0,0,0,0,0
2024-12-23,2024020556,UTA,home,8483530,Jaxson Stauber,33,G,False,,00:00,0,0,0,,0/0,0/0,0/0,0/0,0,0,0,0
2024-12-23,2024020556,UTA,home,8478872,Karel Vejmelka,70,G,True,L,57:47,29,26,3,0.896552,18/21,6/6,2/2,26/29,3,0,0,0
2024-12-23,2024020556,DAL,away,8479193,Casey DeSmith,1,G,True,W,59:30,26,24,2,0.923077,22/24,2/2,0/0,24/26,2,0,0,0
2024-12-23,2024020556,DAL,away,8479979,Jake Oettinger,29,G,False,,00:00,0,0,0,,0/0,0/0,0/0,0/0,0,0,0,0
2024-12-23,2024020557,VGK,home,8478499,Adin Hill,33,G,True,W,60:00,32,31,1,0.96875,24/25,7/7,0/0,31/32,1,0,0,0
2024-12-23,2024020557,VGK,home,8478492,Ilya Samsonov,35,G,False,,00:00,0,0,0,,0/0,0/0,0/0,0/0,0,0,0,0
2024-12-23,2024020557,ANA,away,8480843,Lukas Dostal,1,G,False,L,39:57,22,19,3,0.863636,16/18,3/3,0/1,19/22,2,0,1,0
2024-12-23,2024020557,ANA,away,8476434,John Gibson,36,G,True,,17:32,11,11,0,1.0,9/9,2/2,0/0,11/11,0,0,0,0
2024-12-27,2024020558,BUF,home,8480045,Ukko-Pekka Luukkonen,1,G,True,W,59:46,17,15,2,0.882353,14/16,1/1,0/0,15/17,2,0,0,0
2024-12-27,2024020558,BUF,home,8473503,James Reimer,47,G,False,,00:00,0,0,0,,0/0,0/0,0/0,0/0,0,0,0,0
2024-12-27,2024020558,CHI,away,8475852,Petr Mrazek,34,G,True,L,20:00,11,7,4,0.636364,7/11,0/0,0/0,7/11,4,0,0,0
2024-12-27,2024020558,CHI,away,8482821,Arvid Soderblom,40,G,False,,40:00,24,22,2,0.916667,19/21,3/3,0/0,22/24,2,0,0,0
2024-12-27,2024020559,DET,home,8479312,Alex Lyon,34,G,False,,20:00,2,2,0,1.0,2/2,0/0,0/0,2/2,0,0,0,0
2024-12-27,2024020559,DET,home,8475660,Cam Talbot,39,G,True,L,40:00,21,16,5,0.761905,12/16,4/5,0/0,16/21,4,1,0,0
2024-12-27,2024020559,TOR,away,8476899,Matt Murray,30,G,False,,00:00,0,0,0,,0/0,0/0,0/0,0/0,0,0,0,0
2024-12-27,2024020559,TOR,away,8479361,Joseph Woll,60,G,True,W,60:00,25,23,2,0.92,15/16,6/7,2/2,23/25,1,1,0,0
2024-12-27,2024020560,NJD,home,8474593,Jacob Markstrom,25,G,True,W,60:00,31,29,2,0.935484,26/28,3/3,0/0,29/31,2,0,0,0
2024-12-27,2024020560,NJD,home,8474596,Jake Allen,34,G,False,,00:00,0,0,0,,0/0,0/0,0/0,0/0,0,0,0,0
2024-12-27,2024020560,CAR,away,8474682,Dustin Tokarski,34,G,False,,00:00,0,0,0,,0/0,0/0,0/0,0/0,0,0,0,0
2024-12-27,2024020560,CAR,away,8481611,Pyotr Kochetkov,52,G,True,L,57:08,23,19,4,0.826087,18/22,0/0,1/1,19/23,4,0,0,0
2024-12-27,2024020561,CBJ,home,8480193,Daniil Tarasov,40,G,False,,00:00,0,0,0,,0/0,0/0,0/0,0/0,0,0,0,0
2024-12-27,2024020561,CBJ,home,8478007,Elvis Merzlikins,90,G,True,W,59:55,26,24,2,0.923077,17/19,7/7,0/0,24/26,2,0,0,0
2024-12-27,2024020561,BOS,away,8480280,Jeremy Swayman,1,G,False,,00:00,0,0,0,,0/0,0/0,0/0,0/0,0,0,0,0
2024-12-27,2024020561,BOS,away,8476914,Joonas Korpisalo,70,G,True,L,60:00,33,27,6,0.818182,24/27,3/6,0/0,27/33,3,3,0,0
2024-12-27,2024020562,STL,home,8480981,Joel Hofer,30,G,True,W,60:00,30,26,4,0.866667,22/24,2/4,2/2,26/30,2,2,0,0
2024-12-27,2024020562,STL,home,8476412,Jordan Binnington,50,G,False,,00:00,0,0,0,,0/0,0/0,0/0,0/0,0,0,0,0
2024-12-27,2024020562,NSH,away,8481020,Justus Annunen,29,G,False,,21:04,13,12,1,0.923077,8/8,4/5,0/0,12/13,0,1,0,0
2024-12-27,2024020562,NSH,away,8477424,Juuse Saros,74,G,True,L,35:03,16,11,5,0.6875,9/14,2/2,0/0,11/16,5,0,0,0
2024-12-27,2024020563,DAL,home,8479193,Casey DeSmith,1,G,False,,00:00,0,0,0,,0/0,0/0,0/0,0/0,0,0,0,0
2024-12-27,2024020563,DAL,home,8479979,Jake Oettinger,29,G,True,O,60:35,18,15,3,0.833333,15/18,0/0,0/0,15/18,3,0,0,0
2024-12-27,2024020563,MIN,away,8470594,Marc-Andre Fleury,29,G,False,,00:00,0,0,0,,0/0,0/0,0/0,0/0,0,0,0,0
2024-12-27,2024020563,MIN,away,8479406,Filip Gustavsson,32,G,True,W,60:35,29,27,2,0.931034,24/26,2/2,1/1,27/29,2,0,0,0
2024-12-27,2024020564,UTA,home,8483530,Jaxson Stauber,33,G,False,,00:00,0,0,0,,0/0,0/0,0/0,0/0,0,0,0,0
2024-12-27,2024020564,UTA,home,8478872,Karel Vejmelka,70,G,True,L,58:28,35,33,2,0.942857,26/28,5/5,2/2,33/35,2,0,0,0
2024-12-27,2024020564,COL,away,8478406,Mackenzie Blackwood,39,G,True,W,60:00,35,34,1,0.971429,30/30,4/5,0/0,34/35,0,1,0,0
2024-12-27,2024020564,COL,away,8475809,Scott Wedgewood,41,G,False,,00:00,0,0,0,,0/0,0/0,0/0,0/0,0,0,0,0
2024-12-27,2024020565,SJS,home,8482137,Yaroslav Askarov,30,G,False,,00:00,0,0,0,,0/0,0/0,0/0,0/0,0,0,0,0
2024-12-27,2024020565,SJS,home,8480382,Alexandar Georgiev,40,G,True,L,57:44,35,30,5,0.857143,26/29,4/4,0/2,30/35,3,0,2,0
2024-12-27,2024020565,VGK,away,8478499,Adin Hill,33,G,True,W,60:00,25,22,3,0.88,18/21,4/4,0/0,22/25,3,0,0,0
2024-12-27,2024020565,VGK,away,8478492,Ilya Samsonov,35,G,False,,00:00,0,0,0,,0/0,0/0,0/0,0/0,0,0,0,0
2024-12-28,2024020566,FLA,home,8481519,Spencer Knight,30,G,True,L,59:26,25,21,4,0.84,19/22,2/2,0/1,21/25,3,0,1,0
2024-12-28,2024020566,FLA,home,8475683,Sergei Bobrovsky,72,G,False,,00:00,0,0,0,,0/0,0/0,0/0,0/0,0,0,0,0
2024-12-28,2024020566,MTL,away,8478470,Samuel Montembeault,35,G,False,,00:00,0,0,0,,0/0,0/0,0/0,0/0,0,0,0,0
2024-12-28,2024020566,MTL,away,8482487,Jakub Dobes,75,G,True,W,59:44,34,34,0,1.0,34/34,0/0,0/0,34/34,0,0,0,0
2024-12-28,2024020567,VAN,home,8480947,Kevin Lankinen,32,G,False,,00:00,0,0,0,,0/0,0/0,0/0,0/0,0,0,0,0
2024-12-28,2024020567,VAN,home,8477967,Thatcher Demko,35,G,True,O,62:15,29,24,5,0.827586,23/28,1/1,0/0,24/29,5,0,0,0
2024-12-28,2024020567,SEA,away,8478848,Ales Stezka,30,G,False,,00:00,0,0,0,,0/0,0/0,0/0,0/0,0,0,0,0
2024-12-28,2024020567,SEA,away,8475831,Philipp Grubauer,31,G,True,W,60:15,22,18,4,0.818182,16/19,1/2,1/1,18/22,3,1,0,0
2024-12-28,2024020568,ANA,home,8480843,Lukas Dostal,1,G,True,L,57:52,24,22,2,0.916667,20/22,2/2,0/0,22/24,2,0,0,0
2024-12-28,2024020568,ANA,home,8482477,Calle Clang,31,G,False,,00:00,0,0,0,,0/0,0/0,0/0,0/0,0,0,0,0
2024-12-28,2024020568,PHI,away,8481035,Samuel Ersson,33,G,True,W,60:00,33,32,1,0.969697,23/24,5/5,4/4,32/33,1,0,0,0
2024-12-28,2024020568,PHI,away,8482783,Aleksei Kolosov,35,G,False,,00:00,0,0,0,,0/0,0/0,0/0,0/0,0,0,0,0
2024-12-28,2024020569,LAK,home,8479496,David Rittich,31,G,False,,00:00,0,0,0,,0/0,0/0,0/0,0/0,0,0,0,0
2024-12-28,2024020569,LAK,home,8475311,Darcy Kuemper,35,G,True,W,63:05,27,24,3,0.888889,22/24,2/3,0/0,24/27,2,1,0,0
2024-12-28,2024020569,EDM,away,8475717,Calvin Pickard,30,G,False,,00:00,0,0,0,,0/0,0/0,0/0,0/0,0,0,0,0
2024-12-28,2024020569,EDM,away,8479973,Stuart Skinner,74,G,True,O,63:19,29,25,4,0.862069,23/27,2/2,0/0,25/29,4,0,0,0
2024-12-28,2024020570,BOS,home,8480280,Jeremy Swayman,1,G,True,W,60:00,18,18,0,1.0,16/16,1/1,1/1,18/18,0,0,0,0
2024-12-28,2024020570,BOS,home,8476914,Joonas Korpisalo,70,G,False,,00:00,0,0,0,,0/0,0/0,0/0,0/0,0,0,0,0
2024-12-28,2024020570,CBJ,away,8480193,Daniil Tarasov,40,G,True,L,60:00,28,24,4,0.857143,19/23,3/3,2/2,24/28,4,0,0,0
2024-12-28,2024020570,CBJ,away,8478007,Elvis Merzlikins,90,G,False,,00:00,0,0,0,,0/0,0/0,0/0,0/0,0,0,0,0
2024-12-28,2024020571,TOR,home,8476899,Matt Murray,30,G,True,L,58:39,31,27,4,0.870968,24/27,3/4,0/0,27/31,3,1,0,0
2024-12-28,2024020571,TOR,home,8479361,Joseph Woll,60,G,False,,00:00,0,0,0,,0/0,0/0,0/0,0/0,0,0,0,0
2024-12-28,2024020571,WSH,away,8480313,Logan Thompson,48,G,True,W,60:00,37,35,2,0.945946,31/33,3/3,1/1,35/37,2,0,0,0
2024-12-28,2024020571,WSH,away,8479292,Charlie Lindgren,79,G,False,,00:00,0,0,0,,0/0,0/0,0/0,0/0,0,0,0,0
2024-12-28,2024020572,TBL,home,8477992,Jonas Johansson,31,G,False,,00:00,0,0,0,,0/0,0/0,0/0,0/0,0,0,0,0
2024-12-28,2024020572,TBL,home,8476883,Andrei Vasilevskiy,88,G,True,W,59:56,44,42,2,0.954545,33/34,8/8,1/2,42/44,1,0,1,0
2024-12-28,2024020572,NYR,away,8478048,Igor Shesterkin,31,G,True,L,28:08,13,8,5,0.615385,6/7,2/4,0/2,8/13,1,2,2,0
2024-12-28,2024020572,NYR,away,8471734,Jonathan Quick,32,G,False,,31:32,12,11,1,0.916667,8/9,2/2,1/1,11/12,1,0,0,0
2024-12-28,2024020573,CAR,home,8474682,Dustin Tokarski,34,G,True,W,59:41,23,21,2,0.913043,17/19,2/2,2/2,21/23,2,0,0,0
2024-12-28,2024020573,CAR,home,8481611,Pyotr Kochetkov,52,G,False,,00:00,0,0,0,,0/0,0/0,0/0,0/0,0,0,0,0
2024-12-28,2024020573,NJD,away,8474593,Jacob Markstrom,25,G,False,,00:00,0,0,0,,0/0,0/0,0/0,0/0,0,0,0,0
2024-12-28,2024020573,NJD,away,8474596,Jake Allen,34,G,True,L,59:14,40,36,4,0.9,29/32,5/6,2/2,36/40,3,1,0,0
2024-12-28,2024020574,WPG,home,8477480,Eric Comrie,1,G,False,,00:00,0,0,0,,0/0,0/0,0/0,0/0,0,0,0,0
2024-12-28,2024020574,WPG,home,8476945,Connor Hellebuyck,37,G,True,W,60:00,35,33,2,0.942857,28/28,4/6,1/1,33/35,0,2,0,0
2024-12-28,2024020574,OTT,away,8482447,Leevi Meriläinen,1,G,False,,00:00,0,0,0,,0/0,0/0,0/0,0/0,0,0,0,0
2024-12-28,2024020574,OTT,away,8481544,Mads Sogaard,40,G,True,L,57:04,23,19,4,0.826087,15/18,4/5,0/0,19/23,3,1,0,2
2024-12-28,2024020575,NYI,home,8478009,Ilya Sorokin,30,G,True,W,60:00,25,22,3,0.88,15/17,7/8,0/0,22/25,2,1,0,0
2024-12-28,2024020575,NYI,home,8477405,Marcus Hogberg,50,G,False,,00:00,0,0,0,,0/0,0/0,0/0,0/0,0,0,0,0
2024-12-28,2024020575,PIT,away,8477465,Tristan Jarry,35,G,True,L,57:21,33,29,5,0.878788,23/27,5/5,1/1,29/33,5,0,0,0
2024-12-28,2024020575,PIT,away,8477968,Alex Nedeljkovic,39,G,False,,00:00,0,0,0,,0/0,0/0,0/0,0/0,0,0,0,0
2024-12-28,2024020576,SJS,home,8482137,Yaroslav Askarov,30,G,True,L,57:54,32,30,2,0.9375,25/26,5/6,0/0,30/32,1,1,0,0
2024-12-28,2024020576,SJS,home,8480382,Alexandar Georgiev,40,G,False,,00:00,0,0,0,,0/0,0/0,0/0,0/0,0,0,0,0
2024-12-28,2024020576,CGY,away,8481692,Dustin Wolf,32,G,True,W,60:00,22,21,1,0.954545,19/19,1/2,1/1,21/22,0,1,0,0
2024-12-28,2024020576,CGY,away,8478435,Dan Vladar,80,G,False,,00:00,0,0,0,,0/0,0/0,0/0,0/0,0,0,0,0
2024-12-29,2024020582,STL,home,8480981,Joel Hofer,30,G,False,,00:00,0,0,0,,0/0,0/0,0/0,0/0,0,0,0,0
2024-12-29,2024020582,STL,home,8476412,Jordan Binnington,50,G,True,L,56:26,16,12,4,0.75,10/12,0/2,2/2,12/16,2,2,0,0
2024-12-29,2024020582,BUF,away,8480045,Ukko-Pekka Luukkonen,1,G,True,W,59:44,37,35,2,0.945946,28/30,7/7,0/0,35/37,2,0,0,0
2024-12-29,2024020582,BUF,away,8473503,James Reimer,47,G,False,,00:00,0,0,0,,0/0,0/0,0/0,0/0,0,0,0,0
2024-12-29,2024020578,ANA,home,8480843,Lukas Dostal,1,G,True,W,58:45,23,20,3,0.869565,17/18,1/3,2/2,20/23,1,2,0,0
2024-12-29,2024020578,ANA,home,8482477,Calle Clang,31,G,False,,00:00,0,0,0,,0/0,0/0,0/0,0/0,0,0,0,0
2024-12-29,2024020578,EDM,away,8475717,Calvin Pickard,30,G,True,L,58:04,31,27,4,0.870968,19/23,8/8,0/0,27/31,4,0,0,0
2024-12-29,2024020578,EDM,away,8479973,Stuart Skinner,74,G,False,,00:00,0,0,0,,0/0,0/0,0/0,0/0,0,0,0,0
2024-12-29,2024020579,DET,home,8479312,Alex Lyon,34,G,True,W,60:00,27,25,2,0.925926,20/22,5/5,0/0,25/27,2,0,0,0
2024-12-29,2024020579,DET,home,8475660,Cam Talbot,39,G,False,,00:00,0,0,0,,0/0,0/0,0/0,0/0,0,0,0,0
2024-12-29,2024020579,WSH,away,8480313,Logan Thompson,48,G,False,,00:00,0,0,0,,0/0,0/0,0/0,0/0,0,0,0,0
2024-12-29,2024020579,WSH,away,8479292,Charlie Lindgren,79,G,True,L,58:10,27,23,4,0.851852,15/18,6/7,2/2,23/27,3,1,0,0
2024-12-29,2024020580,TBL,home,8477992,Jonas Johansson,31,G,True,L,59:02,36,32,4,0.888889,29/33,2/2,1/1,32/36,4,0,0,0
2024-12-29,2024020580,TBL,home,8476883,Andrei Vasilevskiy,88,G,False,,00:00,0,0,0,,0/0,0/0,0/0,0/0,0,0,0,0
2024-12-29,2024020580,MTL,away,8478470,Samuel Montembeault,35,G,True,W,60:00,23,21,2,0.913043,20/22,1/1,0/0,21/23,2,0,0,0
2024-12-29,2024020580,MTL,away,8482487,Jakub Dobes,75,G,False,,00:00,0,0,0,,0/0,0/0,0/0,0/0,0,0,0,0
2024-12-29,2024020581,PIT,home,8477465,Tristan Jarry,35,G,False,,00:00,0,0,0,,0/0,0/0,0/0,0/0,0,0,0,0
2024-12-29,2024020581,PIT,home,8477968,Alex Nedeljkovic,39,G,True,W,59:22,31,29,2,0.935484,21/23,8/8,0/0,29/31,2,0,0,0
2024-12-29,2024020581,NYI,away,8478009,Ilya Sorokin,30,G,False,,00:00,0,0,0,,0/0,0/0,0/0,0/0,0,0,0,0
2024-12-29,2024020581,NYI,away,8477405,Marcus Hogberg,50,G,True,L,57:00,41,38,3,0.926829,28/29,8/10,2/2,38/41,1,2,0,0
2024-12-29,2024020583,MIN,home,8470594,Marc-Andre Fleury,29,G,False,,00:00,0,0,0,,0/0,0/0,0/0,0/0,0,0,0,0
2024-12-29,2024020583,MIN,home,8479406,Filip Gustavsson,32,G,True,L,58:33,36,34,2,0.944444,29/30,5/6,0/0,34/36,1,1,0,0
2024-12-29,2024020583,OTT,away,8482447,Leevi Meriläinen,1,G,True,W,59:38,31,30,1,0.967742,24/25,4/4,2/2,30/31,1,0,0,0
2024-12-29,2024020583,OTT,away,8481544,Mads Sogaard,40,G,False,,00:00,0,0,0,,0/0,0/0,0/0,0/0,0,0,0,0
2024-12-29,2024020584,VGK,home,8478499,Adin Hill,33,G,False,,00:00,0,0,0,,0/0,0/0,0/0,0/0,0,0,0,0
2024-12-29,2024020584,VGK,home,8478492,Ilya Samsonov,35,G,True,W,60:00,31,31,0,1.0,23/23,7/7,1/1,31/31,0,0,0,0
2024-12-29,2024020584,CGY,away,8481692,Dustin Wolf,32,G,False,,00:00,0,0,0,,0/0,0/0,0/0,0/0,0,0,0,0
2024-12-29,2024020584,CGY,away,8478435,Dan Vladar,80,G,True,L,57:38,36,34,2,0.944444,25/26,9/10,0/0,34/36,1,1,0,0
2024-12-29,2024020577,CHI,home,8475852,Petr Mrazek,34,G,False,,00:00,0,0,0,,0/0,0/0,0/0,0/0,0,0,0,0
2024-12-29,2024020577,CHI,home,8482821,Arvid Soderblom,40,G,True,L,60:00,35,30,5,0.857143,14/18,16/17,0/0,30/35,4,1,0,0
2024-12-29,2024020577,DAL,away,8479193,Casey DeSmith,1,G,False,,00:00,0,0,0,,0/0,0/0,0/0,0/0,0,0,0,0
2024-12-29,2024020577,DAL,away,8479979,Jake Oettinger,29,G,True,W,60:00,25,24,1,0.96,18/18,4/5,2/2,24/25,0,1,0,0
2024-12-29,2024020585,LAK,home,8479496,David Rittich,31,G,True,W,60:00,21,17,4,0.809524,16/20,1/1,0/0,17/21,4,0,0,0
2024-12-29,2024020585,LAK,home,8475311,Darcy Kuemper,35,G,False,,00:00,0,0,0,,0/0,0/0,0/0,0/0,0,0,0,0
2024-12-29,2024020585,PHI,away,8481035,Samuel Ersson,33,G,False,,00:00,0,0,0,,0/0,0/0,0/0,0/0,0,0,0,0
2024-12-29,2024020585,PHI,away,8482783,Aleksei Kolosov,35,G,True,L,57:34,20,15,5,0.75,15/19,0/1,0/0,15/20,4,1,0,0
2024-12-30,2024020586,FLA,home,8481519,Spencer Knight,30,G,False,,00:00,0,0,0,,0/0,0/0,0/0,0/0,0,0,0,0
2024-12-30,2024020586,FLA,home,8475683,Sergei Bobrovsky,72,G,True,W,60:00,35,32,3,0.914286,20/22,9/10,3/3,32/35,2,1,0,0
2024-12-30,2024020586,NYR,away,8478048,Igor Shesterkin,31,G,True,L,57:51,25,21,4,0.84,15/19,5/5,1/1,21/25,4,0,0,0
2024-12-30,2024020586,NYR,away,8471734,Jonathan Quick,32,G,False,,00:00,0,0,0,,0/0,0/0,0/0,0/0,0,0,0,0
2024-12-30,2024020587,WPG,home,8477480,Eric Comrie,1,G,False,,00:00,0,0,0,,0/0,0/0,0/0,0/0,0,0,0,0
2024-12-30,2024020587,WPG,home,8476945,Connor Hellebuyck,37,G,True,W,60:00,22,22,0,1.0,20/20,1/1,1/1,22/22,0,0,0,0
2024-12-30,2024020587,NSH,away,8481020,Justus Annunen,29,G,False,,00:00,0,0,0,,0/0,0/0,0/0,0/0,0,0,0,0
2024-12-30,2024020587,NSH,away,8477424,Juuse Saros,74,G,True,L,59:52,28,25,3,0.892857,20/21,5/7,0/0,25/28,1,2,0,0
2024-12-30,2024020588,SEA,home,8478848,Ales Stezka,30,G,False,,00:00,0,0,0,,0/0,0/0,0/0,0/0,0,0,0,0
2024-12-30,2024020588,SEA,home,8475831,Philipp Grubauer,31,G,True,W,60:00,30,28,2,0.933333,27/28,1/2,0/0,28/30,1,1,0,0
2024-12-30,2024020588,UTA,away,8483530,Jaxson Stauber,33,G,False,,00:00,0,0,0,,0/0,0/0,0/0,0/0,0,0,0,0
2024-12-30,2024020588,UTA,away,8478872,Karel Vejmelka,70,G,True,L,58:28,32,28,4,0.875,25/29,3/3,0/0,28/32,4,0,0,0
2024-12-31,2024020589,WSH,home,8480313,Logan Thompson,48,G,True,W,59:45,27,26,1,0.962963,24/25,2/2,0/0,26/27,1,0,0,0
2024-12-31,2024020589,WSH,home,8479292,Charlie Lindgren,79,G,False,,00:00,0,0,0,,0/0,0/0,0/0,0/0,0,0,0,0
2024-12-31,2024020589,BOS,away,8480280,Jeremy Swayman,1,G,True,L,58:10,26,24,2,0.923077,18/19,4/5,2/2,24/26,1,1,0,0
2024-12-31,2024020589,BOS,away,8476914,Joonas Korpisalo,70,G,False,,00:00,0,0,0,,0/0,0/0,0/0,0/0,0,0,0,0
2024-12-31,2024020590,TOR,home,8483710,Dennis Hildeby,35,G,False,,00:00,0,0,0,,0/0,0/0,0/0,0/0,0,0,0,0
2024-12-31,2024020590,TOR,home,8479361,Joseph Woll,60,G,True,W,60:00,31,30,1,0.967742,25/26,3/3,2/2,30/31,1,0,0,0
2024-12-31,2024020590,NYI,away,8478009,Ilya Sorokin,30,G,True,L,58:52,24,22,2,0.916667,20/22,2/2,0/0,22/24,2,0,0,0
2024-12-31,2024020590,NYI,away,8477405,Marcus Hogberg,50,G,False,,00:00,0,0,0,,0/0,0/0,0/0,0/0,0,0,0,0
2024-12-31,2024020591,VGK,home,8478499,Adin Hill,33,G,True,L,58:02,22,19,3,0.863636,18/21,0/0,1/1,19/22,3,0,0,0
2024-12-31,2024020591,VGK,home,8478492,Ilya Samsonov,35,G,False,,00:00,0,0,0,,0/0,0/0,0/0,0/0,0,0,0,0
2024-12-31,2024020591,MTL,away,8478470,Samuel Montembeault,35,G,True,W,60:00,29,27,2,0.931034,25/27,2/2,0/0,27/29,2,0,0,0
2024-12-31,2024020591,MTL,away,8482487,Jakub Dobes,75,G,False,,00:00,0,0,0,,0/0,0/0,0/0,0/0,0,0,0,0
2024-12-31,2024020592,CHI,home,8475852,Petr Mrazek,34,G,True,L,60:00,28,22,6,0.785714,18/22,4/6,0/0,22/28,4,2,0,0
2024-12-31,2024020592,CHI,home,8482821,Arvid Soderblom,40,G,False,,00:00,0,0,0,,0/0,0/0,0/0,0/0,0,0,0,0
2024-12-31,2024020592,STL,away,8480981,Joel Hofer,30,G,False,,00:00,0,0,0,,0/0,0/0,0/0,0/0,0,0,0,0
2024-12-31,2024020592,STL,away,8476412,Jordan Binnington,50,G,True,W,59:32,30,28,2,0.933333,25/25,3/5,0/0,28/30,0,2,0,0
2024-12-31,2024020593,DET,home,8479312,Alex Lyon,34,G,True,W,60:00,25,23,2,0.92,18/19,4/5,1/1,23/25,1,1,0,0
2024-12-31,2024020593,DET,home,8475660,Cam Talbot,39,G,False,,00:00,0,0,0,,0/0,0/0,0/0,0/0,0,0,0,0
2024-12-31,2024020593,PIT,away,8477465,Tristan Jarry,35,G,False,,00:00,0,0,0,,0/0,0/0,0/0,0/0,0,0,0,0
2024-12-31,2024020593,PIT,away,8477968,Alex Nedeljkovic,39,G,True,L,58:33,24,21,3,0.875,17/18,4/6,0/0,21/24,1,2,0,0
2024-12-31,2024020594,CBJ,home,8480193,Daniil Tarasov,40,G,False,,00:00,0,0,0,,0/0,0/0,0/0,0/0,0,0,0,0
2024-12-31,2024020594,CBJ,home,8478007,Elvis Merzlikins,90,G,True,W,64:48,35,32,3,0.914286,24/26,7/8,1/1,32/35,2,1,0,2
2024-12-31,2024020594,CAR,away,8474682,Dustin Tokarski,34,G,False,,00:00,0,0,0,,0/0,0/0,0/0,0/0,0,0,0,0
2024-12-31,2024020594,CAR,away,8481611,Pyotr Kochetkov,52,G,True,O,65:00,28,25,3,0.892857,20/22,5/6,0/0,25/28,2,1,0,0
2024-12-31,2024020595,DAL,home,8479193,Casey DeSmith,1,G,True,W,60:00,23,21,2,0.913043,21/23,0/0,0/0,21/23,2,0,0,0
2024-12-31,2024020595,DAL,home,8479979,Jake Oettinger,29,G,False,,00:00,0,0,0,,0/0,0/0,0/0,0/0,0,0,0,0
2024-12-31,2024020595,BUF,away,8480045,Ukko-Pekka Luukkonen,1,G,True,L,58:00,32,29,3,0.90625,28/31,1/1,0/0,29/32,3,0,0,0
2024-12-31,2024020595,BUF,away,8473503,James Reimer,47,G,False,,00:00,0,0,0,,0/0,0/0,0/0,0/0,0,0,0,0
2024-12-31,2024020596,MIN,home,8470594,Marc-Andre Fleury,29,G,False,,00:00,0,0,0,,0/0,0/0,0/0,0/0,0,0,0,0
2024-12-31,2024020596,MIN,home,8479406,Filip Gustavsson,32,G,True,W,59:34,46,43,3,0.934783,40/43,1/1,2/2,43/46,3,0,0,0
2024-12-31,2024020596,NSH,away,8481020,Justus Annunen,29,G,True,L,56:00,38,33,5,0.868421,25/27,7/10,1/1,33/38,2,3,0,0
2024-12-31,2024020596,NSH,away,8477424,Juuse Saros,74,G,False,,00:00,0,0,0,,0/0,0/0,0/0,0/0,0,0,0,0
2024-12-31,2024020597,COL,home,8478406,Mackenzie Blackwood,39,G,True,W,60:00,22,20,2,0.909091,19/21,0/0,1/1,20/22,2,0,0,0
2024-12-31,2024020597,COL,home,8475809,Scott Wedgewood,41,G,False,,00:00,0,0,0,,0/0,0/0,0/0,0/0,0,0,0,0
2024-12-31,2024020597,WPG,away,8477480,Eric Comrie,1,G,True,L,58:09,36,33,3,0.916667,31/34,2/2,0/0,33/36,3,0,0,0
2024-12-31,2024020597,WPG,away,8476945,Connor Hellebuyck,37,G,False,,00:00,0,0,0,,0/0,0/0,0/0,0/0,0,0,0,0
2024-12-31,2024020598,ANA,home,8480843,Lukas Dostal,1,G,True,W,60:00,34,32,2,0.941176,24/26,8/8,0/0,32/34,2,0,0,0
2024-12-31,2024020598,ANA,home,8476434,John Gibson,36,G,False,,00:00,0,0,0,,0/0,0/0,0/0,0/0,0,0,0,0
2024-12-31,2024020598,NJD,away,8474593,Jacob Markstrom,25,G,True,L,57:15,26,23,3,0.884615,18/21,5/5,0/0,23/26,3,0,0,0
2024-12-31,2024020598,NJD,away,8474596,Jake Allen,34,G,False,,00:00,0,0,0,,0/0,0/0,0/0,0/0,0,0,0,0
2024-12-31,2024020599,SJS,home,8482137,Yaroslav Askarov,30,G,False,,00:00,0,0,0,,0/0,0/0,0/0,0/0,0,0,0,0
2024-12-31,2024020599,SJS,home,8480382,Alexandar Georgiev,40,G,True,L,60:00,34,30,4,0.882353,27/30,3/4,0/0,30/34,3,1,0,0
2024-12-31,2024020599,PHI,away,8481035,Samuel Ersson,33,G,True,W,40:00,15,15,0,1.0,14/14,0/0,1/1,15/15,0,0,0,0
2024-12-31,2024020599,PHI,away,8482783,Aleksei Kolosov,35,G,False,,20:00,7,7,0,1.0,7/7,0/0,0/0,7/7,0,0,0,0
2024-12-31,2024020600,CGY,home,8481692,Dustin Wolf,32,G,True,W,60:00,24,23,1,0.958333,20/20,2/3,1/1,23/24,0,1,0,0
2024-12-31,2024020600,CGY,home,8478435,Dan Vladar,80,G,False,,00:00,0,0,0,,0/0,0/0,0/0,0/0,0,0,0,0
2024-12-31,2024020600,VAN,away,8480947,Kevin Lankinen,32,G,True,L,58:01,28,26,2,0.928571,25/27,1/1,0/0,26/28,2,0,0,0
2024-12-31,2024020600,VAN,away,8477967,Thatcher Demko,35,G,False,,00:00,0,0,0,,0/0,0/0,0/0,0/0,0,0,0,0
2024-12-31,2024020601,EDM,home,8475717,Calvin Pickard,30,G,False,,00:00,0,0,0,,0/0,0/0,0/0,0/0,0,0,0,0
2024-12-31,2024020601,EDM,home,8479973,Stuart Skinner,74,G,True,W,60:00,27,26,1,0.962963,22/23,4/4,0/0,26/27,1,0,0,0
2024-12-31,2024020601,UTA,away,8483530,Jaxson Stauber,33,G,True,L,58:36,37,34,3,0.918919,29/32,4/4,1/1,34/37,3,0,0,0
2024-12-31,2024020601,UTA,away,8478872,Karel Vejmelka,70,G,False,,00:00,0,0,0,,0/0,0/0,0/0,0/0,0,0,0,0
2025-01-01,2024020602,LAK,home,8479496,David Rittich,31,G,False,,00:00,0,0,0,,0/0,0/0,0/0,0/0,0,0,0,0
2025-01-01,2024020602,LAK,home,8475311,Darcy Kuemper,35,G,True,W,59:57,33,33,0,1.0,23/23,10/10,0/0,33/33,0,0,0,0
2025-01-01,2024020602,NJD,away,8474593,Jacob Markstrom,25,G,False,,00:00,0,0,0,,0/0,0/0,0/0,0/0,0,0,0,0
2025-01-01,2024020602,NJD,away,8474596,Jake Allen,34,G,True,L,57:11,23,21,2,0.913043,18/20,3/3,0/0,21/23,2,0,0,0
2025-01-02,2024020603,FLA,home,8481519,Spencer Knight,30,G,False,,00:00,0,0,0,,0/0,0/0,0/0,0/0,0,0,0,0
2025-01-02,2024020603,FLA,home,8475683,Sergei Bobrovsky,72,G,True,L,57:45,39,37,2,0.948718,34/36,3/3,0/0,37/39,2,0,0,0
2025-01-02,2024020603,CAR,away,8474682,Dustin Tokarski,34,G,False,,00:00,0,0,0,,0/0,0/0,0/0,0/0,0,0,0,0
2025-01-02,2024020603,CAR,away,8481611,Pyotr Kochetkov,52,G,True,W,60:00,26,25,1,0.961538,22/23,2/2,1/1,25/26,1,0,0,0
2025-01-02,2024020604,NYR,home,8471734,Jonathan Quick,32,G,True,W,60:00,33,32,1,0.969697,32/33,0/0,0/0,32/33,1,0,0,0
2025-01-02,2024020604,NYR,home,8475839,Louis Domingue,70,G,False,,00:00,0,0,0,,0/0,0/0,0/0,0/0,0,0,0,0
2025-01-02,2024020604,BOS,away,8480280,Jeremy Swayman,1,G,True,L,58:02,27,25,2,0.925926,25/27,0/0,0/0,25/27,2,0,0,0
2025-01-02,2024020604,BOS,away,8476914,Joonas Korpisalo,70,G,False,,00:00,0,0,0,,0/0,0/0,0/0,0/0,0,0,0,0
2025-01-02,2024020605,WSH,home,8480313,Logan Thompson,48,G,False,,00:00,0,0,0,,0/0,0/0,0/0,0/0,0,0,0,0
2025-01-02,2024020605,WSH,home,8479292,Charlie Lindgren,79,G,True,O,64:45,33,30,3,0.909091,27/29,3/3,0/1,30/33,2,0,1,0
2025-01-02,2024020605,MIN,away,8470594,Marc-Andre Fleury,29,G,True,W,64:39,31,28,3,0.903226,26/28,1/2,1/1,28/31,2,1,0,0
2025-01-02,2024020605,MIN,away,8479406,Filip Gustavsson,32,G,False,,00:00,0,0,0,,0/0,0/0,0/0,0/0,0,0,0,0
2025-01-02,2024020606,CBJ,home,8480193,Daniil Tarasov,40,G,False,,00:00,0,0,0,,0/0,0/0,0/0,0/0,0,0,0,0
2025-01-02,2024020606,CBJ,home,8478007,Elvis Merzlikins,90,G,True,L,59:26,26,21,5,0.807692,18/21,3/5,0/0,21/26,3,2,0,0
2025-01-02,2024020606,DET,away,8479312,Alex Lyon,34,G,False,,00:00,0,0,0,,0/0,0/0,0/0,0/0,0,0,0,0
2025-01-02,2024020606,DET,away,8475660,Cam Talbot,39,G,True,W,59:35,25,21,4,0.84,19/22,2/3,0/0,21/25,3,1,0,0
2025-01-02,2024020607,NYI,home,8478009,Ilya Sorokin,30,G,True,L,58:07,31,29,2,0.935484,28/29,1/2,0/0,29/31,1,1,0,0
2025-01-02,2024020607,NYI,home,8477405,Marcus Hogberg,50,G,False,,00:00,0,0,0,,0/0,0/0,0/0,0/0,0,0,0,0
2025-01-02,2024020607,TOR,away,8483710,Dennis Hildeby,35,G,False,,00:00,0,0,0,,0/0,0/0,0/0,0/0,0,0,0,0
2025-01-02,2024020607,TOR,away,8479361,Joseph Woll,60,G,True,W,60:00,33,32,1,0.969697,26/27,6/6,0/0,32/33,1,0,0,0
2025-01-02,2024020608,DAL,home,8479193,Casey DeSmith,1,G,False,,00:00,0,0,0,,0/0,0/0,0/0,0/0,0,0,0,0
2025-01-02,2024020608,DAL,home,8479979,Jake Oettinger,29,G,True,W,59:38,13,11,2,0.846154,8/10,1/1,2/2,11/13,2,0,0,0
2025-01-02,2024020608,OTT,away,8482447,Leevi Meriläinen,1,G,True,L,56:19,25,21,4,0.84,15/18,5/6,1/1,21/25,3,1,0,0
2025-01-02,2024020608,OTT,away,8476341,Anton Forsberg,31,G,False,,00:00,0,0,0,,0/0,0/0,0/0,0/0,0,0,0,0
2025-01-02,2024020609,WPG,home,8477480,Eric Comrie,1,G,False,,00:00,0,0,0,,0/0,0/0,0/0,0/0,0,0,0,0
2025-01-02,2024020609,WPG,home,8476945,Connor Hellebuyck,37,G,True,O,63:34,24,20,4,0.833333,19/23,0/0,1/1,20/24,4,0,0,0
2025-01-02,2024020609,ANA,away,8480843,Lukas Dostal,1,G,False,,00:00,0,0,0,,0/0,0/0,0/0,0/0,0,0,0,0
2025-01-02,2024020609,ANA,away,8476434,John Gibson,36,G,True,W,63:26,30,27,3,0.9,23/26,4/4,0/0,27/30,3,0,0,0
2025-01-02,2024020610,COL,home,8478406,Mackenzie Blackwood,39,G,False,W,16:12,3,2,1,0.666667,1/2,0/0,1/1,2/3,1,0,0,0
2025-01-02,2024020610,COL,home,8475809,Scott Wedgewood,41,G,True,,41:27,18,14,4,0.777778,11/13,3/5,0/0,14/18,2,2,0,0
2025-01-02,2024020610,BUF,away,8480045,Ukko-Pekka Luukkonen,1,G,True,O,60:48,29,23,6,0.793103,19/24,3/4,1/1,23/29,5,1,0,0
2025-01-02,2024020610,BUF,away,8473503,James Reimer,47,G,False,,00:00,0,0,0,,0/0,0/0,0/0,0/0,0,0,0,0
2025-01-02,2024020611,CGY,home,8481692,Dustin Wolf,32,G,False,,00:00,0,0,0,,0/0,0/0,0/0,0/0,0,0,0,0
2025-01-02,2024020611,CGY,home,8478435,Dan Vladar,80,G,True,L,58:32,25,21,4,0.84,18/21,3/4,0/0,21/25,3,1,0,0
2025-01-02,2024020611,UTA,away,8483530,Jaxson Stauber,33,G,False,,00:00,0,0,0,,0/0,0/0,0/0,0/0,0,0,0,0
2025-01-02,2024020611,UTA,away,8478872,Karel Vejmelka,70,G,True,W,59:34,26,23,3,0.884615,20/22,3/4,0/0,23/26,2,1,0,0
2025-01-02,2024020612,VGK,home,8478499,Adin Hill,33,G,False,,00:00,0,0,0,,0/0,0/0,0/0,0/0,0,0,0,0
2025-01-02,2024020612,VGK,home,8478492,Ilya Samsonov,35,G,True,W,60:00,25,23,2,0.92,22/23,1/2,0/0,23/25,1,1,0,0
2025-01-02,2024020612,PHI,away,8482783,Aleksei Kolosov,35,G,True,L,57:53,26,22,4,0.846154,22/26,0/0,0/0,22/26,4,0,0,0
2025-01-02,2024020612,PHI,away,8478905,Ivan Fedotov,82,G,False,,00:00,0,0,0,,0/0,0/0,0/0,0/0,0,0,0,0
2025-01-02,2024020613,SEA,home,8478848,Ales Stezka,30,G,False,,00:00,0,0,0,,0/0,0/0,0/0,0/0,0,0,0,0
2025-01-02,2024020613,SEA,home,8475831,Philipp Grubauer,31,G,True,O,63:12,22,19,3,0.863636,17/20,2/2,0/0,19/22,3,0,0,0
2025-01-02,2024020613,VAN,away,8480947,Kevin Lankinen,32,G,False,W,37:11,15,13,2,0.866667,9/10,4/5,0/0,13/15,1,1,0,0
2025-01-02,2024020613,VAN,away,8477967,Thatcher Demko,35,G,True,,27:49,12,11,1,0.916667,9/10,1/1,1/1,11/12,1,0,0,0
2025-01-02,2024020614,SJS,home,8482137,Yaroslav Askarov,30,G,True,W,60:00,25,24,1,0.96,21/22,2/2,1/1,24/25,1,0,0,0
2025-01-02,2024020614,SJS,home,8480382,Alexandar Georgiev,40,G,False,,00:00,0,0,0,,0/0,0/0,0/0,0/0,0,0,0,0
2025-01-02,2024020614,TBL,away,8477992,Jonas Johansson,31,G,False,,00:00,0,0,0,,0/0,0/0,0/0,0/0,0,0,0,0
2025-01-02,2024020614,TBL,away,8476883,Andrei Vasilevskiy,88,G,True,L,58:24,25,23,2,0.92,20/22,1/1,2/2,23/25,2,0,0,0
2025-01-03,2024020615,FLA,home,8481519,Spencer Knight,30,G,True,W,64:35,31,29,2,0.935484,21/21,6/8,2/2,29/31,0,2,0,0
2025-01-03,2024020615,FLA,home,8475683,Sergei Bobrovsky,72,G,False,,00:00,0,0,0,,0/0,0/0,0/0,0/0,0,0,0,0
2025-01-03,2024020615,PIT,away,8477465,Tristan Jarry,35,G,True,O,64:16,33,31,2,0.939394,25/26,1/2,5/5,31/33,1,1,0,0
2025-01-03,2024020615,PIT,away,8477968,Alex Nedeljkovic,39,G,False,,00:00,0,0,0,,0/0,0/0,0/0,0/0,0,0,0,0
2025-01-03,2024020616,CHI,home,8475852,Petr Mrazek,34,G,False,,00:00,0,0,0,,0/0,0/0,0/0,0/0,0,0,0,0
2025-01-03,2024020616,CHI,home,8482821,Arvid Soderblom,40,G,True,W,60:00,40,38,2,0.95,35/36,3/4,0/0,38/40,1,1,0,0
2025-01-03,2024020616,MTL,away,8478470,Samuel Montembeault,35,G,True,L,56:11,26,22,4,0.846154,16/19,6/7,0/0,22/26,3,1,0,0
2025-01-03,2024020616,MTL,away,8482487,Jakub Dobes,75,G,False,,00:00,0,0,0,,0/0,0/0,0/0,0/0,0,0,0,0
2025-01-03,2024020617,STL,home,8480981,Joel Hofer,30,G,False,,00:00,0,0,0,,0/0,0/0,0/0,0/0,0,0,0,0
2025-01-03,2024020617,STL,home,8476412,Jordan Binnington,50,G,True,W,60:00,20,20,0,1.0,18/18,2/2,0/0,20/20,0,0,0,0
2025-01-03,2024020617,OTT,away,8482447,Leevi Meriläinen,1,G,False,,00:00,0,0,0,,0/0,0/0,0/0,0/0,0,0,0,0
2025-01-03,2024020617,OTT,away,8476341,Anton Forsberg,31,G,True,L,60:00,25,21,4,0.84,18/22,3/3,0/0,21/25,4,0,0,0
2025-01-03,2024020618,EDM,home,8475717,Calvin Pickard,30,G,False,,00:00,0,0,0,,0/0,0/0,0/0,0/0,0,0,0,0
2025-01-03,2024020618,EDM,home,8479973,Stuart Skinner,74,G,True,W,60:00,29,27,2,0.931034,25/26,2/3,0/0,27/29,1,1,0,0
2025-01-03,2024020618,ANA,away,8480843,Lukas Dostal,1,G,True,L,58:21,26,23,3,0.884615,22/24,1/2,0/0,23/26,2,1,0,0
2025-01-03,2024020618,ANA,away,8476434,John Gibson,36,G,False,,00:00,0,0,0,,0/0,0/0,0/0,0/0,0,0,0,0
2025-01-03,2024020619,VAN,home,8481668,Arturs Silovs,31,G,False,,00:00,0,0,0,,0/0,0/0,0/0,0/0,0,0,0,0
2025-01-03,2024020619,VAN,home,8480947,Kevin Lankinen,32,G,True,L,58:05,17,16,1,0.941176,16/17,0/0,0/0,16/17,1,0,0,0
2025-01-03,2024020619,NSH,away,8481020,Justus Annunen,29,G,False,,00:00,0,0,0,,0/0,0/0,0/0,0/0,0,0,0,0
2025-01-03,2024020619,NSH,away,8477424,Juuse Saros,74,G,True,W,60:00,27,27,0,1.0,26/26,0/0,1/1,27/27,0,0,0,0
2025-01-04,2024020620,WSH,home,8480313,Logan Thompson,48,G,True,W,59:37,33,29,4,0.878788,22/26,5/5,2/2,29/33,4,0,0,0
2025-01-04,2024020620,WSH,home,8479292,Charlie Lindgren,79,G,False,,00:00,0,0,0,,0/0,0/0,0/0,0/0,0,0,0,0
2025-01-04,2024020620,NYR,away,8471734,Jonathan Quick,32,G,True,L,57:49,27,21,6,0.777778,12/16,8/10,1/1,21/27,4,2,0,0
2025-01-04,2024020620,NYR,away,8475839,Louis Domingue,70,G,False,,00:00,0,0,0,,0/0,0/0,0/0,0/0,0,0,0,0
2025-01-04,2024020622,SJS,home,8482137,Yaroslav Askarov,30,G,True,W,60:00,30,28,2,0.933333,23/24,3/4,2/2,28/30,1,1,0,0
2025-01-04,2024020622,SJS,home,8480382,Alexandar Georgiev,40,G,False,,00:00,0,0,0,,0/0,0/0,0/0,0/0,0,0,0,0
2025-01-04,2024020622,NJD,away,8474593,Jacob Markstrom,25,G,True,L,59:20,24,21,3,0.875,19/22,2/2,0/0,21/24,3,0,0,0
2025-01-04,2024020622,NJD,away,8474596,Jake Allen,34,G,False,,00:00,0,0,0,,0/0,0/0,0/0,0/0,0,0,0,0
2025-01-04,2024020621,WPG,home,8477480,Eric Comrie,1,G,False,,00:00,0,0,0,,0/0,0/0,0/0,0/0,0,0,0,0
2025-01-04,2024020621,WPG,home,8476945,Connor Hellebuyck,37,G,True,L,57:53,28,25,3,0.892857,19/20,5/7,1/1,25/28,1,2,0,0
2025-01-04,2024020621,DET,away,8479312,Alex Lyon,34,G,True,W,59:29,23,21,2,0.913043,19/21,1/1,1/1,21/23,2,0,0,0
2025-01-04,2024020621,DET,away,8475660,Cam Talbot,39,G,False,,00:00,0,0,0,,0/0,0/0,0/0,0/0,0,0,0,0
2025-01-04,2024020623,TOR,home,8483710,Dennis Hildeby,35,G,False,,00:00,0,0,0,,0/0,0/0,0/0,0/0,0,0,0,0
2025-01-04,2024020623,TOR,home,8479361,Joseph Woll,60,G,True,W,60:00,31,27,4,0.870968,27/31,0/0,0/0,27/31,4,0,0,0
2025-01-04,2024020623,BOS,away,8480280,Jeremy Swayman,1,G,True,L,57:59,27,23,4,0.851852,20/24,3/3,0/0,23/27,4,0,0,0
2025-01-04,2024020623,BOS,away,8476914,Joonas Korpisalo,70,G,False,,00:00,0,0,0,,0/0,0/0,0/0,0/0,0,0,0,0
2025-01-04,2024020624,CAR,home,8474682,Dustin Tokarski,34,G,False,,00:00,0,0,0,,0/0,0/0,0/0,0/0,0,0,0,0
2025-01-04,2024020624,CAR,home,8481611,Pyotr Kochetkov,52,G,True,L,59:37,26,23,3,0.884615,18/20,4/5,1/1,23/26,2,1,0,2
2025-01-04,2024020624,MIN,away,8470594,Marc-Andre Fleury,29,G,False,,00:00,0,0,0,,0/0,0/0,0/0,0/0,0,0,0,0
2025-01-04,2024020624,MIN,away,8479406,Filip Gustavsson,32,G,True,W,59:50,21,21,0,1.0,18/18,3/3,0/0,21/21,0,0,0,0
2025-01-04,2024020625,CBJ,home,8480193,Daniil Tarasov,40,G,False,,00:00,0,0,0,,0/0,0/0,0/0,0/0,0,0,0,0
2025-01-04,2024020625,CBJ,home,8478007,Elvis Merzlikins,90,G,True,W,59:48,33,29,4,0.878788,28/31,1/2,0/0,29/33,3,1,0,0
2025-01-04,2024020625,STL,away,8480981,Joel Hofer,30,G,True,L,58:27,38,33,5,0.868421,29/32,3/4,1/2,33/38,3,1,1,0
2025-01-04,2024020625,STL,away,8476412,Jordan Binnington,50,G,False,,00:00,0,0,0,,0/0,0/0,0/0,0/0,0,0,0,0
2025-01-04,2024020626,COL,home,8478406,Mackenzie Blackwood,39,G,True,O,64:54,23,22,1,0.956522,20/21,1/1,1/1,22/23,1,0,0,0
2025-01-04,2024020626,COL,home,8481529,Trent Miner,50,G,False,,00:00,0,0,0,,0/0,0/0,0/0,0/0,0,0,0,0
2025-01-04,2024020626,MTL,away,8478470,Samuel Montembeault,35,G,False,,00:00,0,0,0,,0/0,0/0,0/0,0/0,0,0,0,0
2025-01-04,2024020626,MTL,away,8482487,Jakub Dobes,75,G,True,W,65:00,23,22,1,0.956522,20/20,2/3,0/0,22/23,0,1,0,0
2025-01-04,2024020628,DAL,home,8479193,Casey DeSmith,1,G,False,,00:00,0,0,0,,0/0,0/0,0/0,0/0,0,0,0,0
2025-01-04,2024020628,DAL,home,8479979,Jake Oettinger,29,G,True,W,63:01,35,33,2,0.942857,32/34,1/1,0/0,33/35,2,0,0,0
2025-01-04,2024020628,UTA,away,8483530,Jaxson Stauber,33,G,False,,00:00,0,0,0,,0/0,0/0,0/0,0/0,0,0,0,0
2025-01-04,2024020628,UTA,away,8478872,Karel Vejmelka,70,G,True,O,62:38,29,26,3,0.896552,26/29,0/0,0/0,26/29,3,0,0,0
2025-01-04,2024020629,LAK,home,8479496,David Rittich,31,G,False,,00:00,0,0,0,,0/0,0/0,0/0,0/0,0,0,0,0
2025-01-04,2024020629,LAK,home,8475311,Darcy Kuemper,35,G,True,W,60:00,34,33,1,0.970588,33/34,0/0,0/0,33/34,1,0,0,0
2025-01-04,2024020629,TBL,away,8477992,Jonas Johansson,31,G,False,,00:00,0,0,0,,0/0,0/0,0/0,0/0,0,0,0,0
2025-01-04,2024020629,TBL,away,8476883,Andrei Vasilevskiy,88,G,True,L,57:28,21,19,2,0.904762,17/19,2/2,0/0,19/21,2,0,0,0
2025-01-04,2024020627,CGY,home,8481692,Dustin Wolf,32,G,True,L,57:52,27,24,3,0.888889,21/22,3/5,0/0,24/27,1,2,0,0
2025-01-04,2024020627,CGY,home,8478435,Dan Vladar,80,G,False,,00:00,0,0,0,,0/0,0/0,0/0,0/0,0,0,0,0
2025-01-04,2024020627,NSH,away,8481020,Justus Annunen,29,G,True,W,60:00,32,31,1,0.96875,27/28,3/3,1/1,31/32,1,0,0,0
2025-01-04,2024020627,NSH,away,8477424,Juuse Saros,74,G,False,,00:00,0,0,0,,0/0,0/0,0/0,0/0,0,0,0,0
2025-01-04,2024020630,VGK,home,8478499,Adin Hill,33,G,True,W,60:00,24,23,1,0.958333,20/20,3/4,0/0,23/24,0,1,0,2
2025-01-04,2024020630,VGK,home,8478492,Ilya Samsonov,35,G,False,,00:00,0,0,0,,0/0,0/0,0/0,0/0,0,0,0,0
2025-01-04,2024020630,BUF,away,8480045,Ukko-Pekka Luukkonen,1,G,False,,00:00,0,0,0,,0/0,0/0,0/0,0/0,0,0,0,0
2025-01-04,2024020630,BUF,away,8473503,James Reimer,47,G,True,L,57:41,33,30,3,0.909091,29/32,0/0,1/1,30/33,3,0,0,0
2025-01-04,2024020631,SEA,home,8478848,Ales Stezka,30,G,False,,00:00,0,0,0,,0/0,0/0,0/0,0/0,0,0,0,0
2025-01-04,2024020631,SEA,home,8475831,Philipp Grubauer,31,G,True,L,58:15,31,28,3,0.903226,22/25,5/5,1/1,28/31,3,0,0,0
2025-01-04,2024020631,EDM,away,8475717,Calvin Pickard,30,G,True,W,59:53,18,16,2,0.888889,16/18,0/0,0/0,16/18,2,0,0,0
2025-01-04,2024020631,EDM,away,8479973,Stuart Skinner,74,G,False,,00:00,0,0,0,,0/0,0/0,0/0,0/0,0,0,0,0
2025-01-05,2024020632,CHI,home,8475852,Petr Mrazek,34,G,False,,00:00,0,0,0,,0/0,0/0,0/0,0/0,0,0,0,0
2025-01-05,2024020632,CHI,home,8482821,Arvid Soderblom,40,G,True,L,59:36,34,28,6,0.823529,28/34,0/0,0/0,28/34,6,0,0,0
2025-01-05,2024020632,NYR,away,8471734,Jonathan Quick,32,G,False,,00:00,0,0,0,,0/0,0/0,0/0,0/0,0,0,0,0
2025-01-05,2024020632,NYR,away,8475839,Louis Domingue,70,G,True,W,60:00,27,25,2,0.925926,24/26,1/1,0/0,25/27,2,0,0,0
2025-01-05,2024020633,BOS,home,8480280,Jeremy Swayman,1,G,False,,00:00,0,0,0,,0/0,0/0,0/0,0/0,0,0,0,0
2025-01-05,2024020633,BOS,home,8476914,Joonas Korpisalo,70,G,True,O,63:10,37,32,5,0.864865,32/36,0/0,0/1,32/37,4,0,1,0
2025-01-05,2024020633,NYI,away,8478009,Ilya Sorokin,30,G,True,W,63:10,30,26,4,0.866667,25/29,1/1,0/0,26/30,4,0,0,0
2025-01-05,2024020633,NYI,away,8477405,Marcus Hogberg,50,G,False,,00:00,0,0,0,,0/0,0/0,0/0,0/0,0,0,0,0
2025-01-05,2024020634,CAR,home,8474682,Dustin Tokarski,34,G,True,W,61:30,19,16,3,0.842105,13/16,3/3,0/0,16/19,3,0,0,0
2025-01-05,2024020634,CAR,home,8481611,Pyotr Kochetkov,52,G,False,,00:00,0,0,0,,0/0,0/0,0/0,0/0,0,0,0,0
2025-01-05,2024020634,PIT,away,8477465,Tristan Jarry,35,G,False,,00:00,0,0,0,,0/0,0/0,0/0,0/0,0,0,0,0
2025-01-05,2024020634,PIT,away,8477968,Alex Nedeljkovic,39,G,True,O,61:30,31,27,4,0.870968,20/24,5/5,2/2,27/31,4,0,0,0
2025-01-05,2024020635,TOR,home,8483710,Dennis Hildeby,35,G,True,W,62:25,32,30,2,0.9375,27/29,3/3,0/0,30/32,2,0,0,0
2025-01-05,2024020635,TOR,home,8479361,Joseph Woll,60,G,False,,00:00,0,0,0,,0/0,0/0,0/0,0/0,0,0,0,0
2025-01-05,2024020635,PHI,away,8482783,Aleksei Kolosov,35,G,False,,00:00,0,0,0,,0/0,0/0,0/0,0/0,0,0,0,0
2025-01-05,2024020635,PHI,away,8478905,Ivan Fedotov,82,G,True,O,62:18,25,22,3,0.88,21/24,0/0,1/1,22/25,3,0,0,0
2025-01-05,2024020636,ANA,home,8480843,Lukas Dostal,1,G,False,,00:00,0,0,0,,0/0,0/0,0/0,0/0,0,0,0,0
2025-01-05,2024020636,ANA,home,8476434,John Gibson,36,G,True,W,60:00,37,36,1,0.972973,36/36,0/1,0/0,36/37,0,1,0,0
2025-01-05,2024020636,TBL,away,8477992,Jonas Johansson,31,G,True,L,58:55,25,22,3,0.88,20/23,1/1,1/1,22/25,3,0,0,0
2025-01-05,2024020636,TBL,away,8476883,Andrei Vasilevskiy,88,G,False,,00:00,0,0,0,,0/0,0/0,0/0,0/0,0,0,0,0
2025-01-06,2024020637,BUF,home,8480045,Ukko-Pekka Luukkonen,1,G,True,W,65:00,28,25,3,0.892857,20/22,4/5,1/1,25/28,2,1,0,0
2025-01-06,2024020637,BUF,home,8473503,James Reimer,47,G,False,,00:00,0,0,0,,0/0,0/0,0/0,0/0,0,0,0,0
2025-01-06,2024020637,WSH,away,8480313,Logan Thompson,48,G,False,,00:00,0,0,0,,0/0,0/0,0/0,0/0,0,0,0,0
2025-01-06,2024020637,WSH,away,8479292,Charlie Lindgren,79,G,True,O,65:00,27,24,3,0.888889,20/22,4/5,0/0,24/27,2,1,0,0
2025-01-06,2024020638,MTL,home,8478470,Samuel Montembeault,35,G,True,W,60:37,20,16,4,0.8,10/13,4/5,2/2,16/20,3,1,0,0
2025-01-06,2024020638,MTL,home,8482487,Jakub Dobes,75,G,False,,00:00,0,0,0,,0/0,0/0,0/0,0/0,0,0,0,0
2025-01-06,2024020638,VAN,away,8481668,Arturs Silovs,31,G,False,,00:00,0,0,0,,0/0,0/0,0/0,0/0,0,0,0,0
2025-01-06,2024020638,VAN,away,8480947,Kevin Lankinen,32,G,True,O,60:41,24,19,5,0.791667,18/21,1/3,0/0,19/24,3,2,0,0
2025-01-06,2024020639,COL,home,8478406,Mackenzie Blackwood,39,G,True,W,60:00,27,26,1,0.962963,19/20,7/7,0/0,26/27,1,0,0,0
2025-01-06,2024020639,COL,home,8481529,Trent Miner,50,G,False,,00:00,0,0,0,,0/0,0/0,0/0,0/0,0,0,0,0
2025-01-06,2024020639,FLA,away,8481519,Spencer Knight,30,G,False,,00:00,0,0,0,,0/0,0/0,0/0,0/0,0,0,0,0
2025-01-06,2024020639,FLA,away,8475683,Sergei Bobrovsky,72,G,True,L,58:53,33,31,2,0.939394,22/24,8/8,1/1,31/33,2,0,0,0
2025-01-06,2024020640,SEA,home,8478848,Ales Stezka,30,G,False,,00:00,0,0,0,,0/0,0/0,0/0,0/0,0,0,0,0
2025-01-06,2024020640,SEA,home,8475831,Philipp Grubauer,31,G,True,L,57:54,29,26,3,0.896552,26/29,0/0,0/0,26/29,3,0,0,0
2025-01-06,2024020640,NJD,away,8474593,Jacob Markstrom,25,G,True,W,60:00,24,22,2,0.916667,21/22,1/2,0/0,22/24,1,1,0,0
2025-01-06,2024020640,NJD,away,8474596,Jake Allen,34,G,False,,00:00,0,0,0,,0/0,0/0,0/0,0/0,0,0,0,0
2025-01-07,2024020029,TBL,home,8477992,Jonas Johansson,31,G,False,,00:00,0,0,0,,0/0,0/0,0/0,0/0,0,0,0,0
2025-01-07,2024020029,TBL,home,8476883,Andrei Vasilevskiy,88,G,True,W,60:00,31,29,2,0.935484,26/28,2/2,1/1,29/31,2,0,0,0
2025-01-07,2024020029,CAR,away,8474682,Dustin Tokarski,34,G,False,,00:00,0,0,0,,0/0,0/0,0/0,0/0,0,0,0,0
2025-01-07,2024020029,CAR,away,8481611,Pyotr Kochetkov,52,G,True,L,59:13,33,30,3,0.909091,27/29,3/4,0/0,30/33,2,1,0,0
2025-01-07,2024020641,BOS,home,8480280,Jeremy Swayman,1,G,True,L,59:14,38,35,3,0.921053,28/30,6/7,1/1,35/38,2,1,0,0
2025-01-07,2024020641,BOS,home,8476914,Joonas Korpisalo,70,G,False,,00:00,0,0,0,,0/0,0/0,0/0,0/0,0,0,0,0
2025-01-07,2024020641,EDM,away,8475717,Calvin Pickard,30,G,False,,05:25,0,0,0,,0/0,0/0,0/0,0/0,0,0,0,0
2025-01-07,2024020641,EDM,away,8479973,Stuart Skinner,74,G,True,W,54:35,26,26,0,1.0,21/21,3/3,2/2,26/26,0,0,0,0
2025-01-07,2024020642,DET,home,8479312,Alex Lyon,34,G,True,,20:00,10,10,0,1.0,10/10,0/0,0/0,10/10,0,0,0,0
2025-01-07,2024020642,DET,home,8475660,Cam Talbot,39,G,False,W,42:21,23,21,2,0.913043,19/20,2/3,0/0,21/23,1,1,0,0
2025-01-07,2024020642,OTT,away,8482447,Leevi Meriläinen,1,G,False,,00:00,0,0,0,,0/0,0/0,0/0,0/0,0,0,0,0
2025-01-07,2024020642,OTT,away,8476341,Anton Forsberg,31,G,True,O,62:03,33,30,3,0.909091,27/28,3/5,0/0,30/33,1,2,0,0
2025-01-07,2024020643,NYR,home,8471734,Jonathan Quick,32,G,True,O,62:17,39,34,5,0.871795,32/35,2/4,0/0,34/39,3,2,0,0
2025-01-07,2024020643,NYR,home,8475839,Louis Domingue,70,G,False,,00:00,0,0,0,,0/0,0/0,0/0,0/0,0,0,0,0
2025-01-07,2024020643,DAL,away,8479193,Casey DeSmith,1,G,False,,00:00,0,0,0,,0/0,0/0,0/0,0/0,0,0,0,0
2025-01-07,2024020643,DAL,away,8479979,Jake Oettinger,29,G,True,W,62:17,26,22,4,0.846154,16/19,4/5,2/2,22/26,3,1,0,0
2025-01-07,2024020645,PIT,home,8477465,Tristan Jarry,35,G,True,O,65:00,29,26,3,0.896552,24/25,0/2,2/2,26/29,1,2,0,0
2025-01-07,2024020645,PIT,home,8477968,Alex Nedeljkovic,39,G,False,,00:00,0,0,0,,0/0,0/0,0/0,0/0,0,0,0,0
2025-01-07,2024020645,CBJ,away,8480193,Daniil Tarasov,40,G,False,,00:00,0,0,0,,0/0,0/0,0/0,0/0,0,0,0,0
2025-01-07,2024020645,CBJ,away,8478007,Elvis Merzlikins,90,G,True,W,64:55,23,20,3,0.869565,19/21,1/2,0/0,20/23,2,1,0,0
2025-01-07,2024020644,PHI,home,8482783,Aleksei Kolosov,35,G,False,,00:00,0,0,0,,0/0,0/0,0/0,0/0,0,0,0,0
2025-01-07,2024020644,PHI,home,8478905,Ivan Fedotov,82,G,True,L,58:07,17,14,3,0.823529,14/16,0/1,0/0,14/17,2,1,0,0
2025-01-07,2024020644,TOR,away,8483710,Dennis Hildeby,35,G,False,,00:00,0,0,0,,0/0,0/0,0/0,0/0,0,0,0,0
2025-01-07,2024020644,TOR,away,8479361,Joseph Woll,60,G,True,W,60:00,32,30,2,0.9375,25/27,4/4,1/1,30/32,2,0,0,0
2025-01-07,2024020646,MIN,home,8470594,Marc-Andre Fleury,29,G,False,W,35:27,15,15,0,1.0,15/15,0/0,0/0,15/15,0,0,0,0
2025-01-07,2024020646,MIN,home,8479406,Filip Gustavsson,32,G,True,,24:33,18,14,4,0.777778,14/17,0/1,0/0,14/18,3,1,0,0
2025-01-07,2024020646,STL,away,8480981,Joel Hofer,30,G,False,,00:00,0,0,0,,0/0,0/0,0/0,0/0,0,0,0,0
2025-01-07,2024020646,STL,away,8476412,Jordan Binnington,50,G,True,L,57:16,25,20,5,0.8,20/25,0/0,0/0,20/25,5,0,0,0
2025-01-07,2024020647,WPG,home,8477480,Eric Comrie,1,G,False,,00:00,0,0,0,,0/0,0/0,0/0,0/0,0,0,0,0
2025-01-07,2024020647,WPG,home,8476945,Connor Hellebuyck,37,G,True,W,60:00,28,26,2,0.928571,16/17,10/11,0/0,26/28,1,1,0,0
2025-01-07,2024020647,NSH,away,8481020,Justus Annunen,29,G,False,,00:00,0,0,0,,0/0,0/0,0/0,0/0,0,0,0,0
2025-01-07,2024020647,NSH,away,8477424,Juuse Saros,74,G,True,L,59:14,29,26,4,0.896552,24/26,0/1,2/2,26/29,3,1,0,0
2025-01-07,2024020648,ANA,home,8480843,Lukas Dostal,1,G,False,,00:00,0,0,0,,0/0,0/0,0/0,0/0,0,0,0,0
2025-01-07,2024020648,ANA,home,8476434,John Gibson,36,G,True,O,62:05,33,30,3,0.909091,24/26,6/7,0/0,30/33,2,1,0,0
2025-01-07,2024020648,CGY,away,8481692,Dustin Wolf,32,G,True,W,62:02,28,26,2,0.928571,23/24,3/4,0/0,26/28,1,1,0,0
2025-01-07,2024020648,CGY,away,8478435,Dan Vladar,80,G,False,,00:00,0,0,0,,0/0,0/0,0/0,0/0,0,0,0,0
2025-01-07,2024020649,SJS,home,8482137,Yaroslav Askarov,30,G,False,,00:00,0,0,0,,0/0,0/0,0/0,0/0,0,0,0,0
2025-01-07,2024020649,SJS,home,8480382,Alexandar Georgiev,40,G,True,L,58:41,41,38,3,0.926829,33/35,4/5,1/1,38/41,2,1,0,0
2025-01-07,2024020649,VGK,away,8478499,Adin Hill,33,G,False,,00:00,0,0,0,,0/0,0/0,0/0,0/0,0,0,0,0
2025-01-07,2024020649,VGK,away,8478492,Ilya Samsonov,35,G,True,W,59:57,21,19,2,0.904762,17/17,2/4,0/0,19/21,0,2,0,0
2025-01-08,2024020650,WSH,home,8480313,Logan Thompson,48,G,True,W,64:19,31,30,1,0.967742,27/27,2/3,1/1,30/31,0,1,0,0
2025-01-08,2024020650,WSH,home,8479292,Charlie Lindgren,79,G,False,,00:00,0,0,0,,0/0,0/0,0/0,0/0,0,0,0,0
2025-01-08,2024020650,VAN,away,8480947,Kevin Lankinen,32,G,True,O,63:53,18,16,2,0.888889,14/16,2/2,0/0,16/18,2,0,0,0
2025-01-08,2024020650,VAN,away,8477967,Thatcher Demko,35,G,False,,00:00,0,0,0,,0/0,0/0,0/0,0/0,0,0,0,0
2025-01-08,2024020651,CHI,home,8475852,Petr Mrazek,34,G,True,W,59:45,36,35,1,0.972222,32/33,3/3,0/0,35/36,1,0,0,0
2025-01-08,2024020651,CHI,home,8482821,Arvid Soderblom,40,G,False,,00:00,0,0,0,,0/0,0/0,0/0,0/0,0,0,0,0
2025-01-08,2024020651,COL,away,8478406,Mackenzie Blackwood,39,G,False,,00:00,0,0,0,,0/0,0/0,0/0,0/0,0,0,0,0
2025-01-08,2024020651,COL,away,8481529,Trent Miner,50,G,True,L,56:40,20,17,3,0.85,17/20,0/0,0/0,17/20,3,0,0,0
2025-01-08,2024020652,UTA,home,8483530,Jaxson Stauber,33,G,False,,00:00,0,0,0,,0/0,0/0,0/0,0/0,0,0,0,0
2025-01-08,2024020652,UTA,home,8478872,Karel Vejmelka,70,G,True,L,58:44,31,29,2,0.935484,28/29,0/1,1/1,29/31,1,1,0,0
2025-01-08,2024020652,FLA,away,8481519,Spencer Knight,30,G,False,,00:00,0,0,0,,0/0,0/0,0/0,0/0,0,0,0,0
2025-01-08,2024020652,FLA,away,8475683,Sergei Bobrovsky,72,G,True,W,60:00,26,25,1,0.961538,22/22,3/4,0/0,25/26,0,1,0,0
2025-01-09,2024020654,OTT,home,8482447,Leevi Meriläinen,1,G,False,,00:00,0,0,0,,0/0,0/0,0/0,0/0,0,0,0,0
2025-01-09,2024020654,OTT,home,8476341,Anton Forsberg,31,G,True,L,60:00,21,17,4,0.809524,11/15,3/3,3/3,17/21,4,0,0,0
2025-01-09,2024020654,BUF,away,8480045,Ukko-Pekka Luukkonen,1,G,True,W,60:00,35,35,0,1.0,28/28,6/6,1/1,35/35,0,0,0,0
2025-01-09,2024020654,BUF,away,8473503,James Reimer,47,G,False,,00:00,0,0,0,,0/0,0/0,0/0,0/0,0,0,0,0
2025-01-09,2024020655,TBL,home,8477992,Jonas Johansson,31,G,False,,00:00,0,0,0,,0/0,0/0,0/0,0/0,0,0,0,0
2025-01-09,2024020655,TBL,home,8476883,Andrei Vasilevskiy,88,G,True,W,59:24,28,27,1,0.964286,26/27,1/1,0/0,27/28,1,0,0,0
2025-01-09,2024020655,BOS,away,8480280,Jeremy Swayman,1,G,True,L,58:50,30,27,3,0.9,23/24,4/5,0/1,27/30,1,1,1,0
2025-01-09,2024020655,BOS,away,8476914,Joonas Korpisalo,70,G,False,,00:00,0,0,0,,0/0,0/0,0/0,0/0,0,0,0,0
2025-01-09,2024020656,NYR,home,8478048,Igor Shesterkin,31,G,True,W,62:48,23,21,2,0.913043,15/17,4/4,2/2,21/23,2,0,0,0
2025-01-09,2024020656,NYR,home,8471734,Jonathan Quick,32,G,False,,00:00,0,0,0,,0/0,0/0,0/0,0/0,0,0,0,0
2025-01-09,2024020656,NJD,away,8474593,Jacob Markstrom,25,G,True,O,62:48,32,29,3,0.90625,24/25,4/6,1/1,29/32,1,2,0,0
2025-01-09,2024020656,NJD,away,8474596,Jake Allen,34,G,False,,00:00,0,0,0,,0/0,0/0,0/0,0/0,0,0,0,0
2025-01-09,2024020657,PHI,home,8481035,Samuel Ersson,33,G,True,L,58:41,22,19,3,0.863636,17/20,1/1,1/1,19/22,3,0,0,0
2025-01-09,2024020657,PHI,home,8478905,Ivan Fedotov,82,G,False,,00:00,0,0,0,,0/0,0/0,0/0,0/0,0,0,0,0
2025-01-09,2024020657,DAL,away,8479193,Casey DeSmith,1,G,True,W,60:00,28,27,1,0.964286,24/25,3/3,0/0,27/28,1,0,0,0
2025-01-09,2024020657,DAL,away,8479979,Jake Oettinger,29,G,False,,00:00,0,0,0,,0/0,0/0,0/0,0/0,0,0,0,0
2025-01-09,2024020658,PIT,home,8477465,Tristan Jarry,35,G,False,,00:00,0,0,0,,0/0,0/0,0/0,0/0,0,0,0,0
2025-01-09,2024020658,PIT,home,8477968,Alex Nedeljkovic,39,G,True,W,59:57,43,40,3,0.930233,33/35,7/8,0/0,40/43,2,1,0,0
2025-01-09,2024020658,EDM,away,8475717,Calvin Pickard,30,G,False,,00:00,0,0,0,,0/0,0/0,0/0,0/0,0,0,0,0
2025-01-09,2024020658,EDM,away,8479973,Stuart Skinner,74,G,True,L,57:04,26,21,5,0.807692,21/25,0/1,0/0,21/26,4,1,0,0
2025-01-09,2024020660,CBJ,home,8480193,Daniil Tarasov,40,G,False,,00:00,0,0,0,,0/0,0/0,0/0,0/0,0,0,0,0
2025-01-09,2024020660,CBJ,home,8478007,Elvis Merzlikins,90,G,True,W,60:00,31,29,2,0.935484,27/29,2/2,0/0,29/31,2,0,0,0
2025-01-09,2024020660,SEA,away,8475831,Philipp Grubauer,31,G,True,L,35:45,19,14,5,0.736842,13/18,1/1,0/0,14/19,5,0,0,0
2025-01-09,2024020660,SEA,away,8478916,Joey Daccord,35,G,False,,20:57,4,4,0,1.0,4/4,0/0,0/0,4/4,0,0,0,0
2025-01-09,2024020659,CAR,home,8474682,Dustin Tokarski,34,G,False,,00:00,0,0,0,,0/0,0/0,0/0,0/0,0,0,0,0
2025-01-09,2024020659,CAR,home,8481611,Pyotr Kochetkov,52,G,True,W,59:37,33,30,3,0.909091,27/29,3/4,0/0,30/33,2,1,0,0
2025-01-09,2024020659,TOR,away,8483710,Dennis Hildeby,35,G,False,,00:00,0,0,0,,0/0,0/0,0/0,0/0,0,0,0,0
2025-01-09,2024020659,TOR,away,8479361,Joseph Woll,60,G,True,L,59:45,33,28,5,0.848485,25/29,3/3,0/1,28/33,4,0,1,0
2025-01-09,2024020661,STL,home,8480981,Joel Hofer,30,G,True,W,60:00,23,21,2,0.913043,17/19,4/4,0/0,21/23,2,0,0,0
2025-01-09,2024020661,STL,home,8476412,Jordan Binnington,50,G,False,,00:00,0,0,0,,0/0,0/0,0/0,0/0,0,0,0,0
2025-01-09,2024020661,ANA,away,8480843,Lukas Dostal,1,G,True,L,28:02,22,16,6,0.727273,16/22,0/0,0/0,16/22,6,0,0,0
2025-01-09,2024020661,ANA,away,8476434,John Gibson,36,G,False,,31:58,12,12,0,1.0,12/12,0/0,0/0,12/12,0,0,0,0
2025-01-09,2024020662,MIN,home,8470594,Marc-Andre Fleury,29,G,False,,00:00,0,0,0,,0/0,0/0,0/0,0/0,0,0,0,0
2025-01-09,2024020662,MIN,home,8479406,Filip Gustavsson,32,G,True,L,60:00,27,21,6,0.777778,16/21,3/3,2/3,21/27,5,0,1,0
2025-01-09,2024020662,COL,away,8478406,Mackenzie Blackwood,39,G,True,W,60:00,25,24,1,0.96,16/17,7/7,1/1,24/25,1,0,0,0
2025-01-09,2024020662,COL,away,8481529,Trent Miner,50,G,False,,00:00,0,0,0,,0/0,0/0,0/0,0/0,0,0,0,0
2025-01-09,2024020663,VGK,home,8478499,Adin Hill,33,G,True,L,58:30,20,17,3,0.85,15/18,2/2,0/0,17/20,3,0,0,0
2025-01-09,2024020663,VGK,home,8478492,Ilya Samsonov,35,G,False,,00:00,0,0,0,,0/0,0/0,0/0,0/0,0,0,0,0
2025-01-09,2024020663,NYI,away,8478009,Ilya Sorokin,30,G,True,W,59:16,30,30,0,1.0,28/28,2/2,0/0,30/30,0,0,0,0
2025-01-09,2024020663,NYI,away,8477405,Marcus Hogberg,50,G,False,,00:00,0,0,0,,0/0,0/0,0/0,0/0,0,0,0,0
2025-01-10,2024020664,DET,home,8478024,Ville Husso,35,G,False,,00:00,0,0,0,,0/0,0/0,0/0,0/0,0,0,0,0
2025-01-10,2024020664,DET,home,8475660,Cam Talbot,39,G,True,W,59:32,15,12,3,0.8,12/15,0/0,0/0,12/15,3,0,0,0
2025-01-10,2024020664,CHI,away,8475852,Petr Mrazek,34,G,True,L,58:34,27,23,4,0.851852,22/25,1/2,0/0,23/27,3,1,0,0
2025-01-10,2024020664,CHI,away,8482821,Arvid Soderblom,40,G,False,,00:00,0,0,0,,0/0,0/0,0/0,0/0,0,0,0,0
2025-01-10,2024020665,WSH,home,8480313,Logan Thompson,48,G,False,O,38:46,21,18,3,0.857143,16/18,2/2,0/1,18/21,2,0,1,0
2025-01-10,2024020665,WSH,home,8479292,Charlie Lindgren,79,G,True,,22:29,9,9,0,1.0,4/4,4/4,1/1,9/9,0,0,0,0
2025-01-10,2024020665,MTL,away,8478470,Samuel Montembeault,35,G,False,,00:00,0,0,0,,0/0,0/0,0/0,0/0,0,0,0,0
2025-01-10,2024020665,MTL,away,8482487,Jakub Dobes,75,G,True,W,61:15,17,15,2,0.882353,12/13,3/4,0/0,15/17,1,1,0,0
2025-01-10,2024020666,CAR,home,8474682,Dustin Tokarski,34,G,True,W,60:00,14,14,0,1.0,12/12,2/2,0/0,14/14,0,0,0,0
2025-01-10,2024020666,CAR,home,8481611,Pyotr Kochetkov,52,G,False,,00:00,0,0,0,,0/0,0/0,0/0,0/0,0,0,0,0
2025-01-10,2024020666,VAN,away,8480947,Kevin Lankinen,32,G,False,,00:00,0,0,0,,0/0,0/0,0/0,0/0,0,0,0,0
2025-01-10,2024020666,VAN,away,8477967,Thatcher Demko,35,G,True,L,58:01,20,18,2,0.9,12/14,4/4,2/2,18/20,2,0,0,0
2025-01-10,2024020667,WPG,home,8477480,Eric Comrie,1,G,True,O,60:38,23,21,2,0.913043,18/20,3/3,0/0,21/23,2,0,0,0
2025-01-10,2024020667,WPG,home,8476945,Connor Hellebuyck,37,G,False,,00:00,0,0,0,,0/0,0/0,0/0,0/0,0,0,0,0
2025-01-10,2024020667,LAK,away,8479496,David Rittich,31,G,False,,00:00,0,0,0,,0/0,0/0,0/0,0/0,0,0,0,0
2025-01-10,2024020667,LAK,away,8475311,Darcy Kuemper,35,G,True,W,61:14,19,18,1,0.947368,17/17,1/2,0/0,18/19,0,1,0,0
2025-01-10,2024020668,UTA,home,8478971,Connor Ingram,39,G,False,,00:00,0,0,0,,0/0,0/0,0/0,0/0,0,0,0,0
2025-01-10,2024020668,UTA,home,8478872,Karel Vejmelka,70,G,True,W,59:27,19,18,1,0.947368,16/17,2/2,0/0,18/19,1,0,0,0
2025-01-10,2024020668,SJS,away,8482137,Yaroslav Askarov,30,G,False,,00:00,0,0,0,,0/0,0/0,0/0,0/0,0,0,0,0
2025-01-10,2024020668,SJS,away,8480382,Alexandar Georgiev,40,G,True,L,58:43,26,24,2,0.923077,21/23,3/3,0/0,24/26,2,0,0,0
2025-01-11,2024020669,FLA,home,8481519,Spencer Knight,30,G,False,,00:00,0,0,0,,0/0,0/0,0/0,0/0,0,0,0,0
2025-01-11,2024020669,FLA,home,8475683,Sergei Bobrovsky,72,G,True,O,63:00,18,14,4,0.777778,13/15,1/3,0/0,14/18,2,2,0,0
2025-01-11,2024020669,BOS,away,8480280,Jeremy Swayman,1,G,True,W,64:58,43,40,3,0.930233,30/32,9/10,1/1,40/43,2,1,0,0
2025-01-11,2024020669,BOS,away,8476914,Joonas Korpisalo,70,G,False,,00:00,0,0,0,,0/0,0/0,0/0,0/0,0,0,0,0
2025-01-11,2024020670,BUF,home,8480045,Ukko-Pekka Luukkonen,1,G,True,L,58:47,28,23,5,0.821429,13/17,8/9,2/2,23/28,4,1,0,0
2025-01-11,2024020670,BUF,home,8473503,James Reimer,47,G,False,,00:00,0,0,0,,0/0,0/0,0/0,0/0,0,0,0,0
2025-01-11,2024020670,SEA,away,8475831,Philipp Grubauer,31,G,False,,00:00,0,0,0,,0/0,0/0,0/0,0/0,0,0,0,0
2025-01-11,2024020670,SEA,away,8478916,Joey Daccord,35,G,True,W,60:00,35,33,2,0.942857,30/31,3/4,0/0,33/35,1,1,0,0
2025-01-11,2024020671,PIT,home,8477465,Tristan Jarry,35,G,False,,32:54,5,5,0,1.0,5/5,0/0,0/0,5/5,0,0,0,0
2025-01-11,2024020671,PIT,home,8477968,Alex Nedeljkovic,39,G,True,L,27:00,17,12,5,0.705882,6/8,5/7,1/2,12/17,2,2,1,2
2025-01-11,2024020671,OTT,away,8482447,Leevi Meriläinen,1,G,True,W,60:00,29,29,0,1.0,22/22,7/7,0/0,29/29,0,0,0,0
2025-01-11,2024020671,OTT,away,8476341,Anton Forsberg,31,G,False,,00:00,0,0,0,,0/0,0/0,0/0,0/0,0,0,0,0
2025-01-11,2024020672,TOR,home,8483710,Dennis Hildeby,35,G,True,L,60:00,18,16,3,0.888889,14/16,0/0,2/2,16/18,3,0,0,0
2025-01-11,2024020672,TOR,home,8479361,Joseph Woll,60,G,False,,00:00,0,0,0,,0/0,0/0,0/0,0/0,0,0,0,0
2025-01-11,2024020672,VAN,away,8480947,Kevin Lankinen,32,G,True,W,59:31,20,20,0,1.0,18/18,2/2,0/0,20/20,0,0,0,0
2025-01-11,2024020672,VAN,away,8477967,Thatcher Demko,35,G,False,,00:00,0,0,0,,0/0,0/0,0/0,0/0,0,0,0,0
2025-01-11,2024020673,MTL,home,8478470,Samuel Montembeault,35,G,True,O,64:54,36,35,1,0.972222,33/34,1/1,1/1,35/36,1,0,0,0
2025-01-11,2024020673,MTL,home,8482487,Jakub Dobes,75,G,False,,00:00,0,0,0,,0/0,0/0,0/0,0/0,0,0,0,0
2025-01-11,2024020673,DAL,away,8479193,Casey DeSmith,1,G,False,,00:00,0,0,0,,0/0,0/0,0/0,0/0,0,0,0,0
2025-01-11,2024020673,DAL,away,8479979,Jake Oettinger,29,G,True,W,65:00,31,30,1,0.967742,29/29,1/2,0/0,30/31,0,1,0,0
2025-01-11,2024020674,NJD,home,8474593,Jacob Markstrom,25,G,True,W,63:19,25,23,2,0.92,19/21,4/4,0/0,23/25,2,0,0,0
2025-01-11,2024020674,NJD,home,8474596,Jake Allen,34,G,False,,00:00,0,0,0,,0/0,0/0,0/0,0/0,0,0,0,0
2025-01-11,2024020674,TBL,away,8477992,Jonas Johansson,31,G,False,,00:00,0,0,0,,0/0,0/0,0/0,0/0,0,0,0,0
2025-01-11,2024020674,TBL,away,8476883,Andrei Vasilevskiy,88,G,True,O,63:19,26,23,3,0.884615,18/20,5/6,0/0,23/26,2,1,0,0
2025-01-11,2024020675,PHI,home,8481035,Samuel Ersson,33,G,True,W,60:00,22,22,0,1.0,20/20,0/0,2/2,22/22,0,0,0,0
2025-01-11,2024020675,PHI,home,8478905,Ivan Fedotov,82,G,False,,00:00,0,0,0,,0/0,0/0,0/0,0/0,0,0,0,0
2025-01-11,2024020675,ANA,away,8480843,Lukas Dostal,1,G,False,,00:00,0,0,0,,0/0,0/0,0/0,0/0,0,0,0,0
2025-01-11,2024020675,ANA,away,8476434,John Gibson,36,G,True,L,60:00,30,24,6,0.8,22/26,2/4,0/0,24/30,4,2,0,0
2025-01-11,2024020676,CHI,home,8475852,Petr Mrazek,34,G,False,,00:00,0,0,0,,0/0,0/0,0/0,0/0,0,0,0,0
2025-01-11,2024020676,CHI,home,8482821,Arvid Soderblom,40,G,True,L,57:48,34,30,4,0.882353,29/32,1/2,0/0,30/34,3,1,0,0
2025-01-11,2024020676,EDM,away,8475717,Calvin Pickard,30,G,True,W,59:43,22,19,3,0.863636,15/18,4/4,0/0,19/22,3,0,0,0
2025-01-11,2024020676,EDM,away,8479973,Stuart Skinner,74,G,False,,00:00,0,0,0,,0/0,0/0,0/0,0/0,0,0,0,0
2025-01-11,2024020677,STL,home,8480981,Joel Hofer,30,G,False,,00:00,0,0,0,,0/0,0/0,0/0,0/0,0,0,0,0
2025-01-11,2024020677,STL,home,8476412,Jordan Binnington,50,G,True,L,55:59,30,28,2,0.933333,23/24,4/5,1/1,28/30,1,1,0,0
2025-01-11,2024020677,CBJ,away,8482982,Jet Greaves,73,G,True,W,60:00,32,31,1,0.96875,27/27,2/3,2/2,31/32,0,1,0,0
2025-01-11,2024020677,CBJ,away,8478007,Elvis Merzlikins,90,G,False,,00:00,0,0,0,,0/0,0/0,0/0,0/0,0,0,0,0
2025-01-11,2024020678,WPG,home,8477480,Eric Comrie,1,G,False,,00:00,0,0,0,,0/0,0/0,0/0,0/0,0,0,0,0
2025-01-11,2024020678,WPG,home,8476945,Connor Hellebuyck,37,G,True,W,60:00,22,22,0,1.0,19/19,3/3,0/0,22/22,0,0,0,0
2025-01-11,2024020678,COL,away,8478406,Mackenzie Blackwood,39,G,True,L,57:56,28,26,2,0.928571,25/27,0/0,1/1,26/28,2,0,0,0
2025-01-11,2024020678,COL,away,8481529,Trent Miner,50,G,False,,00:00,0,0,0,,0/0,0/0,0/0,0/0,0,0,0,0
2025-01-11,2024020679,NSH,home,8481020,Justus Annunen,29,G,False,,00:00,0,0,0,,0/0,0/0,0/0,0/0,0,0,0,0
2025-01-11,2024020679,NSH,home,8477424,Juuse Saros,74,G,True,L,58:42,15,12,3,0.8,12/14,0/1,0/0,12/15,2,1,0,0
2025-01-11,2024020679,WSH,away,8482411,Hunter Shepard,31,G,False,,00:00,0,0,0,,0/0,0/0,0/0,0/0,0,0,0,0
2025-01-11,2024020679,WSH,away,8480313,Logan Thompson,48,G,True,W,60:00,33,32,1,0.969697,28/28,4/5,0/0,32/33,0,1,0,0
2025-01-11,2024020680,UTA,home,8478971,Connor Ingram,39,G,True,L,58:48,32,30,2,0.9375,22/24,5/5,3/3,30/32,2,0,0,0
2025-01-11,2024020680,UTA,home,8478872,Karel Vejmelka,70,G,False,,00:00,0,0,0,,0/0,0/0,0/0,0/0,0,0,0,0
2025-01-11,2024020680,NYI,away,8480819,Jakub Skarek,1,G,False,,00:00,0,0,0,,0/0,0/0,0/0,0/0,0,0,0,0
2025-01-11,2024020680,NYI,away,8477405,Marcus Hogberg,50,G,True,W,60:00,22,21,1,0.954545,21/22,0/0,0/0,21/22,1,0,0,0
2025-01-11,2024020681,CGY,home,8481692,Dustin Wolf,32,G,True,W,60:00,32,31,1,0.96875,22/23,9/9,0/0,31/32,1,0,0,0
2025-01-11,2024020681,CGY,home,8478435,Dan Vladar,80,G,False,,00:00,0,0,0,,0/0,0/0,0/0,0/0,0,0,0,0
2025-01-11,2024020681,LAK,away,8479496,David Rittich,31,G,True,L,59:31,18,16,2,0.888889,7/8,7/8,2/2,16/18,1,1,0,0
2025-01-11,2024020681,LAK,away,8475311,Darcy Kuemper,35,G,False,,00:00,0,0,0,,0/0,0/0,0/0,0/0,0,0,0,0
2025-01-11,2024020682,VGK,home,8478499,Adin Hill,33,G,False,,00:00,0,0,0,,0/0,0/0,0/0,0/0,0,0,0,0
2025-01-11,2024020682,VGK,home,8478492,Ilya Samsonov,35,G,True,L,57:59,26,24,2,0.923077,24/25,0/1,0/0,24/26,1,1,0,0
2025-01-11,2024020682,NYR,away,8478048,Igor Shesterkin,31,G,True,W,60:00,30,29,1,0.966667,25/25,4/5,0/0,29/30,0,1,0,0
2025-01-11,2024020682,NYR,away,8471734,Jonathan Quick,32,G,False,,00:00,0,0,0,,0/0,0/0,0/0,0/0,0,0,0,0
2025-01-11,2024020683,SJS,home,8482137,Yaroslav Askarov,30,G,True,L,59:08,22,19,3,0.863636,18/21,0/0,1/1,19/22,3,0,0,0
2025-01-11,2024020683,SJS,home,8480382,Alexandar Georgiev,40,G,False,,00:00,0,0,0,,0/0,0/0,0/0,0/0,0,0,0,0
2025-01-11,2024020683,MIN,away,8470594,Marc-Andre Fleury,29,G,True,W,60:00,37,36,1,0.972973,30/31,6/6,0/0,36/37,1,0,0,0
2025-01-11,2024020683,MIN,away,8479406,Filip Gustavsson,32,G,False,,00:00,0,0,0,,0/0,0/0,0/0,0/0,0,0,0,0
2025-01-12,2024020684,DET,home,8478024,Ville Husso,35,G,False,,00:00,0,0,0,,0/0,0/0,0/0,0/0,0,0,0,0
2025-01-12,2024020684,DET,home,8475660,Cam Talbot,39,G,True,W,60:00,33,31,2,0.939394,28/29,3/4,0/0,31/33,1,1,0,0
2025-01-12,2024020684,SEA,away,8475831,Philipp Grubauer,31,G,True,L,06:16,4,1,3,0.25,1/3,0/1,0/0,1/4,2,1,0,0
2025-01-12,2024020684,SEA,away,8478916,Joey Daccord,35,G,False,,53:44,19,16,3,0.842105,9/10,5/7,2/2,16/19,1,2,0,0
2025-01-12,2024020685,OTT,home,8482447,Leevi Meriläinen,1,G,True,W,60:00,26,24,2,0.923077,18/19,5/6,1/1,24/26,1,1,0,0
2025-01-12,2024020685,OTT,home,8476341,Anton Forsberg,31,G,False,,00:00,0,0,0,,0/0,0/0,0/0,0/0,0,0,0,0
2025-01-12,2024020685,DAL,away,8479193,Casey DeSmith,1,G,True,L,56:58,27,24,3,0.888889,21/24,3/3,0/0,24/27,3,0,0,0
2025-01-12,2024020685,DAL,away,8479979,Jake Oettinger,29,G,False,,00:00,0,0,0,,0/0,0/0,0/0,0/0,0,0,0,0
2025-01-12,2024020686,PIT,home,8477465,Tristan Jarry,35,G,True,L,58:42,17,14,3,0.823529,12/15,0/0,2/2,14/17,3,0,0,0
2025-01-12,2024020686,PIT,home,8477968,Alex Nedeljkovic,39,G,False,,00:00,0,0,0,,0/0,0/0,0/0,0/0,0,0,0,0
2025-01-12,2024020686,TBL,away,8477992,Jonas Johansson,31,G,True,W,60:00,33,31,2,0.939394,26/27,5/6,0/0,31/33,1,1,0,0
2025-01-12,2024020686,TBL,away,8476883,Andrei Vasilevskiy,88,G,False,,00:00,0,0,0,,0/0,0/0,0/0,0/0,0,0,0,0
2025-01-12,2024020687,CAR,home,8474682,Dustin Tokarski,34,G,False,,00:00,0,0,0,,0/0,0/0,0/0,0/0,0,0,0,0
2025-01-12,2024020687,CAR,home,8481611,Pyotr Kochetkov,52,G,True,O,60:32,20,17,3,0.85,16/19,1/1,0/0,17/20,3,0,0,0
2025-01-12,2024020687,ANA,away,8480843,Lukas Dostal,1,G,True,W,61:52,37,35,2,0.945946,33/34,1/2,1/1,35/37,1,1,0,0
2025-01-12,2024020687,ANA,away,8476434,John Gibson,36,G,False,,00:00,0,0,0,,0/0,0/0,0/0,0/0,0,0,0,0
2025-01-12,2024020688,VGK,home,8478499,Adin Hill,33,G,True,W,59:46,16,15,1,0.9375,11/12,4/4,0/0,15/16,1,0,0,0
2025-01-12,2024020688,VGK,home,8478492,Ilya Samsonov,35,G,False,,00:00,0,0,0,,0/0,0/0,0/0,0/0,0,0,0,0
2025-01-12,2024020688,MIN,away,8470594,Marc-Andre Fleury,29,G,False,,00:00,0,0,0,,0/0,0/0,0/0,0/0,0,0,0,0
2025-01-12,2024020688,MIN,away,8479406,Filip Gustavsson,32,G,True,L,59:56,37,33,4,0.891892,25/27,8/10,0/0,33/37,2,2,0,0
2025-01-13,2024020689,PHI,home,8481035,Samuel Ersson,33,G,True,W,59:44,23,20,3,0.869565,16/17,4/5,0/1,20/23,1,1,1,0
2025-01-13,2024020689,PHI,home,8478905,Ivan Fedotov,82,G,False,,00:00,0,0,0,,0/0,0/0,0/0,0/0,0,0,0,0
2025-01-13,2024020689,FLA,away,8481519,Spencer Knight,30,G,False,,00:00,0,0,0,,0/0,0/0,0/0,0/0,0,0,0,0
2025-01-13,2024020689,FLA,away,8475683,Sergei Bobrovsky,72,G,True,L,57:40,29,25,4,0.862069,17/19,8/10,0/0,25/29,2,2,0,0
2025-01-13,2024020690,CHI,home,8475852,Petr Mrazek,34,G,True,L,60:00,36,31,5,0.861111,28/32,3/3,0/1,31/36,4,0,1,0
2025-01-13,2024020690,CHI,home,8482821,Arvid Soderblom,40,G,False,,00:00,0,0,0,,0/0,0/0,0/0,0/0,0,0,0,0
2025-01-13,2024020690,CGY,away,8481692,Dustin Wolf,32,G,True,W,59:35,25,23,2,0.92,20/21,2/3,1/1,23/25,1,1,0,0
2025-01-13,2024020690,CGY,away,8478435,Dan Vladar,80,G,False,,00:00,0,0,0,,0/0,0/0,0/0,0/0,0,0,0,0
2025-01-13,2024020691,EDM,home,8475717,Calvin Pickard,30,G,False,,00:00,0,0,0,,0/0,0/0,0/0,0/0,0,0,0,0
2025-01-13,2024020691,EDM,home,8479973,Stuart Skinner,74,G,True,W,60:00,30,30,0,1.0,28/28,2/2,0/0,30/30,0,0,0,0
2025-01-13,2024020691,LAK,away,8479496,David Rittich,31,G,False,,00:00,0,0,0,,0/0,0/0,0/0,0/0,0,0,0,0
2025-01-13,2024020691,LAK,away,8475311,Darcy Kuemper,35,G,True,L,57:51,30,29,1,0.966667,28/29,1/1,0/0,29/30,1,0,0,0
2025-01-14,2024020692,BOS,home,8480280,Jeremy Swayman,1,G,True,W,60:00,45,43,2,0.955556,39/41,2/2,2/2,43/45,2,0,0,0
2025-01-14,2024020692,BOS,home,8476914,Joonas Korpisalo,70,G,False,,00:00,0,0,0,,0/0,0/0,0/0,0/0,0,0,0,0
2025-01-14,2024020692,TBL,away,8477992,Jonas Johansson,31,G,False,,00:00,0,0,0,,0/0,0/0,0/0,0/0,0,0,0,0
2025-01-14,2024020692,TBL,away,8476883,Andrei Vasilevskiy,88,G,True,L,59:12,22,18,4,0.818182,16/20,2/2,0/0,18/22,4,0,0,0
2025-01-14,2024020693,TOR,home,8483710,Dennis Hildeby,35,G,False,,00:00,0,0,0,,0/0,0/0,0/0,0/0,0,0,0,0
2025-01-14,2024020693,TOR,home,8479361,Joseph Woll,60,G,True,L,58:16,23,19,4,0.826087,19/21,0/2,0/0,19/23,2,2,0,0
2025-01-14,2024020693,DAL,away,8479193,Casey DeSmith,1,G,False,,00:00,0,0,0,,0/0,0/0,0/0,0/0,0,0,0,0
2025-01-14,2024020693,DAL,away,8479979,Jake Oettinger,29,G,True,W,60:00,28,27,1,0.964286,23/24,3/3,1/1,27/28,1,0,0,0
2025-01-14,2024020694,DET,home,8478024,Ville Husso,35,G,True,L,58:15,23,18,5,0.782609,15/18,1/2,2/3,18/23,3,1,1,0
2025-01-14,2024020694,DET,home,8475660,Cam Talbot,39,G,False,,00:00,0,0,0,,0/0,0/0,0/0,0/0,0,0,0,0
2025-01-14,2024020694,SJS,away,8482137,Yaroslav Askarov,30,G,False,,00:00,0,0,0,,0/0,0/0,0/0,0/0,0,0,0,0
2025-01-14,2024020694,SJS,away,8480382,Alexandar Georgiev,40,G,True,W,60:00,28,25,3,0.892857,23/26,2/2,0/0,25/28,3,0,0,0
2025-01-14,2024020696,PIT,home,8477465,Tristan Jarry,35,G,True,L,58:37,17,14,3,0.823529,14/16,0/0,0/1,14/17,2,0,1,0
2025-01-14,2024020696,PIT,home,8477968,Alex Nedeljkovic,39,G,False,,00:00,0,0,0,,0/0,0/0,0/0,0/0,0,0,0,0
2025-01-14,2024020696,SEA,away,8475831,Philipp Grubauer,31,G,False,,00:00,0,0,0,,0/0,0/0,0/0,0/0,0,0,0,0
2025-01-14,2024020696,SEA,away,8478916,Joey Daccord,35,G,True,W,60:00,33,31,2,0.939394,25/27,5/5,1/1,31/33,2,0,0,0
2025-01-14,2024020697,WSH,home,8482411,Hunter Shepard,31,G,False,,00:00,0,0,0,,0/0,0/0,0/0,0/0,0,0,0,0
2025-01-14,2024020697,WSH,home,8480313,Logan Thompson,48,G,True,W,60:00,19,19,0,1.0,19/19,0/0,0/0,19/19,0,0,0,0
2025-01-14,2024020697,ANA,away,8480843,Lukas Dostal,1,G,False,,00:00,0,0,0,,0/0,0/0,0/0,0/0,0,0,0,0
2025-01-14,2024020697,ANA,away,8476434,John Gibson,36,G,True,L,60:00,25,22,3,0.88,21/24,1/1,0/0,22/25,3,0,0,0
2025-01-14,2024020698,CBJ,home,8480193,Daniil Tarasov,40,G,True,W,65:00,25,23,2,0.92,20/22,3/3,0/0,23/25,2,0,0,0
2025-01-14,2024020698,CBJ,home,8478007,Elvis Merzlikins,90,G,False,,00:00,0,0,0,,0/0,0/0,0/0,0/0,0,0,0,0
2025-01-14,2024020698,PHI,away,8481035,Samuel Ersson,33,G,False,,00:00,0,0,0,,0/0,0/0,0/0,0/0,0,0,0,0
2025-01-14,2024020698,PHI,away,8478905,Ivan Fedotov,82,G,True,O,65:00,28,26,2,0.928571,24/26,1/1,1/1,26/28,2,0,0,0
2025-01-14,2024020695,NJD,home,8474593,Jacob Markstrom,25,G,True,O,65:00,28,27,1,0.964286,26/27,0/0,1/1,27/28,1,0,0,0
2025-01-14,2024020695,NJD,home,8474596,Jake Allen,34,G,False,,00:00,0,0,0,,0/0,0/0,0/0,0/0,0,0,0,0
2025-01-14,2024020695,FLA,away,8481519,Spencer Knight,30,G,True,W,65:00,27,26,1,0.962963,23/24,3/3,0/0,26/27,1,0,0,0
2025-01-14,2024020695,FLA,away,8475683,Sergei Bobrovsky,72,G,False,,00:00,0,0,0,,0/0,0/0,0/0,0/0,0,0,0,0
2025-01-14,2024020699,NYI,home,8478009,Ilya Sorokin,30,G,False,,00:00,0,0,0,,0/0,0/0,0/0,0/0,0,0,0,0
2025-01-14,2024020699,NYI,home,8477405,Marcus Hogberg,50,G,True,L,58:37,26,25,1,0.961538,21/22,4/4,0/0,25/26,1,0,0,0
2025-01-14,2024020699,OTT,away,8482447,Leevi Meriläinen,1,G,True,W,60:00,24,24,0,1.0,24/24,0/0,0/0,24/24,0,0,0,0
2025-01-14,2024020699,OTT,away,8476341,Anton Forsberg,31,G,False,,00:00,0,0,0,,0/0,0/0,0/0,0/0,0,0,0,0
2025-01-14,2024020700,STL,home,8480981,Joel Hofer,30,G,False,,00:00,0,0,0,,0/0,0/0,0/0,0/0,0,0,0,0
2025-01-14,2024020700,STL,home,8476412,Jordan Binnington,50,G,True,W,60:00,28,27,1,0.964286,27/28,0/0,0/0,27/28,1,0,0,0
2025-01-14,2024020700,CGY,away,8481692,Dustin Wolf,32,G,False,,00:00,0,0,0,,0/0,0/0,0/0,0/0,0,0,0,0
2025-01-14,2024020700,CGY,away,8478435,Dan Vladar,80,G,True,L,58:01,25,23,2,0.92,19/21,4/4,0/0,23/25,2,0,0,0
2025-01-14,2024020701,NSH,home,8481020,Justus Annunen,29,G,True,W,60:00,22,19,3,0.863636,17/19,2/3,0/0,19/22,2,1,0,0
2025-01-14,2024020701,NSH,home,8477424,Juuse Saros,74,G,False,,00:00,0,0,0,,0/0,0/0,0/0,0/0,0,0,0,0
2025-01-14,2024020701,VGK,away,8478499,Adin Hill,33,G,False,,00:00,0,0,0,,0/0,0/0,0/0,0/0,0,0,0,0
2025-01-14,2024020701,VGK,away,8478492,Ilya Samsonov,35,G,True,L,58:28,22,18,4,0.818182,16/20,2/2,0/0,18/22,4,0,0,0
2025-01-14,2024020702,WPG,home,8477480,Eric Comrie,1,G,False,,00:00,0,0,0,,0/0,0/0,0/0,0/0,0,0,0,0
2025-01-14,2024020702,WPG,home,8476945,Connor Hellebuyck,37,G,True,W,60:00,24,23,1,0.958333,19/20,2/2,2/2,23/24,1,0,0,0
2025-01-14,2024020702,VAN,away,8480947,Kevin Lankinen,32,G,True,L,60:00,33,27,6,0.818182,19/24,6/7,2/2,27/33,5,1,0,0
2025-01-14,2024020702,VAN,away,8477967,Thatcher Demko,35,G,False,,00:00,0,0,0,,0/0,0/0,0/0,0/0,0,0,0,0
2025-01-14,2024020703,COL,home,8478406,Mackenzie Blackwood,39,G,True,W,63:15,29,27,2,0.931034,15/16,10/10,2/3,27/29,1,0,1,0
2025-01-14,2024020703,COL,home,8475809,Scott Wedgewood,41,G,False,,00:00,0,0,0,,0/0,0/0,0/0,0/0,0,0,0,0
2025-01-14,2024020703,NYR,away,8478048,Igor Shesterkin,31,G,True,O,64:16,26,23,3,0.884615,22/25,1/1,0/0,23/26,3,0,0,0
2025-01-14,2024020703,NYR,away,8471734,Jonathan Quick,32,G,False,,00:00,0,0,0,,0/0,0/0,0/0,0/0,0,0,0,0
2025-01-14,2024020704,UTA,home,8478971,Connor Ingram,39,G,False,,00:00,0,0,0,,0/0,0/0,0/0,0/0,0,0,0,0
2025-01-14,2024020704,UTA,home,8478872,Karel Vejmelka,70,G,True,L,58:18,27,22,5,0.814815,12/17,5/5,5/5,22/27,5,0,0,0
2025-01-14,2024020704,MTL,away,8478470,Samuel Montembeault,35,G,True,W,60:00,25,22,3,0.88,15/17,7/8,0/0,22/25,2,1,0,0
2025-01-14,2024020704,MTL,away,8482487,Jakub Dobes,75,G,False,,00:00,0,0,0,,0/0,0/0,0/0,0/0,0,0,0,0
2025-01-15,2024020705,BUF,home,8480045,Ukko-Pekka Luukkonen,1,G,True,W,60:00,37,35,2,0.945946,27/29,7/7,1/1,35/37,2,0,0,0
2025-01-15,2024020705,BUF,home,8473503,James Reimer,47,G,False,,00:00,0,0,0,,0/0,0/0,0/0,0/0,0,0,0,0
2025-01-15,2024020705,CAR,away,8474682,Dustin Tokarski,34,G,True,L,57:43,24,21,3,0.875,13/16,4/4,4/4,21/24,3,0,0,0
2025-01-15,2024020705,CAR,away,8481611,Pyotr Kochetkov,52,G,False,,00:00,0,0,0,,0/0,0/0,0/0,0/0,0,0,0,0
2025-01-15,2024020706,MIN,home,8470594,Marc-Andre Fleury,29,G,False,,00:00,0,0,0,,0/0,0/0,0/0,0/0,0,0,0,0
2025-01-15,2024020706,MIN,home,8479406,Filip Gustavsson,32,G,True,L,57:36,36,31,5,0.861111,29/33,1/2,1/1,31/36,4,1,0,0
2025-01-15,2024020706,EDM,away,8475717,Calvin Pickard,30,G,True,W,60:00,34,31,3,0.911765,30/31,1/3,0/0,31/34,1,2,0,0
2025-01-15,2024020706,EDM,away,8479973,Stuart Skinner,74,G,False,,00:00,0,0,0,,0/0,0/0,0/0,0/0,0,0,0,0
2025-01-16,2024020707,TOR,home,8483710,Dennis Hildeby,35,G,False,,00:00,0,0,0,,0/0,0/0,0/0,0/0,0,0,0,0
2025-01-16,2024020707,TOR,home,8479361,Joseph Woll,60,G,True,W,61:10,24,21,3,0.875,15/16,5/7,1/1,21/24,1,2,0,0
2025-01-16,2024020707,NJD,away,8474593,Jacob Markstrom,25,G,True,O,61:10,41,37,4,0.902439,36/39,1/2,0/0,37/41,3,1,0,0
2025-01-16,2024020707,NJD,away,8474596,Jake Allen,34,G,False,,00:00,0,0,0,,0/0,0/0,0/0,0/0,0,0,0,0
2025-01-16,2024020708,OTT,home,8482447,Leevi Meriläinen,1,G,True,O,63:07,26,25,1,0.961538,20/21,3/3,2/2,25/26,1,0,0,0
2025-01-16,2024020708,OTT,home,8476341,Anton Forsberg,31,G,False,,00:00,0,0,0,,0/0,0/0,0/0,0/0,0,0,0,0
2025-01-16,2024020708,WSH,away,8482411,Hunter Shepard,31,G,False,,00:00,0,0,0,,0/0,0/0,0/0,0/0,0,0,0,0
2025-01-16,2024020708,WSH,away,8480313,Logan Thompson,48,G,True,W,63:00,24,24,0,1.0,22/22,2/2,0/0,24/24,0,0,0,0
2025-01-16,2024020709,TBL,home,8477992,Jonas Johansson,31,G,False,,00:00,0,0,0,,0/0,0/0,0/0,0/0,0,0,0,0
2025-01-16,2024020709,TBL,home,8476883,Andrei Vasilevskiy,88,G,True,W,65:00,37,34,3,0.918919,32/35,2/2,0/0,34/37,3,0,0,0
2025-01-16,2024020709,ANA,away,8480843,Lukas Dostal,1,G,True,O,64:33,35,32,3,0.914286,18/19,10/12,4/4,32/35,1,2,0,0
2025-01-16,2024020709,ANA,away,8476434,John Gibson,36,G,False,,00:00,0,0,0,,0/0,0/0,0/0,0/0,0,0,0,0
2025-01-16,2024020710,FLA,home,8481519,Spencer Knight,30,G,False,,22:02,4,4,0,1.0,4/4,0/0,0/0,4/4,0,0,0,0
2025-01-16,2024020710,FLA,home,8475683,Sergei Bobrovsky,72,G,True,L,35:41,15,11,4,0.733333,10/11,1/4,0/0,11/15,1,3,0,0
2025-01-16,2024020710,DET,away,8478024,Ville Husso,35,G,False,,00:00,0,0,0,,0/0,0/0,0/0,0/0,0,0,0,0
2025-01-16,2024020710,DET,away,8475660,Cam Talbot,39,G,True,W,60:00,43,41,2,0.953488,34/36,7/7,0/0,41/43,2,0,0,0
2025-01-16,2024020711,CBJ,home,8480193,Daniil Tarasov,40,G,False,,00:00,0,0,0,,0/0,0/0,0/0,0/0,0,0,0,0
2025-01-16,2024020711,CBJ,home,8478007,Elvis Merzlikins,90,G,True,W,60:00,19,18,1,0.947368,14/15,4/4,0/0,18/19,1,0,0,0
2025-01-16,2024020711,SJS,away,8482137,Yaroslav Askarov,30,G,False,,00:00,0,0,0,,0/0,0/0,0/0,0/0,0,0,0,0
2025-01-16,2024020711,SJS,away,8480382,Alexandar Georgiev,40,G,True,L,58:39,33,30,3,0.909091,23/26,5/5,2/2,30/33,3,0,0,0
2025-01-16,2024020712,NYI,home,8478009,Ilya Sorokin,30,G,True,L,57:22,23,19,4,0.826087,12/15,6/6,1/2,19/23,3,0,1,0
2025-01-16,2024020712,NYI,home,8477405,Marcus Hogberg,50,G,False,,00:00,0,0,0,,0/0,0/0,0/0,0/0,0,0,0,0
2025-01-16,2024020712,PHI,away,8481035,Samuel Ersson,33,G,True,W,60:00,29,26,3,0.896552,21/22,3/5,2/2,26/29,1,2,0,0
2025-01-16,2024020712,PHI,away,8478905,Ivan Fedotov,82,G,False,,00:00,0,0,0,,0/0,0/0,0/0,0/0,0,0,0,0
2025-01-16,2024020713,STL,home,8480981,Joel Hofer,30,G,True,W,59:48,29,28,1,0.965517,27/28,1/1,0/0,28/29,1,0,0,0
2025-01-16,2024020713,STL,home,8476412,Jordan Binnington,50,G,False,,00:00,0,0,0,,0/0,0/0,0/0,0/0,0,0,0,0
2025-01-16,2024020713,CGY,away,8481692,Dustin Wolf,32,G,True,L,59:34,29,25,4,0.862069,21/24,3/4,1/1,25/29,3,1,0,0
2025-01-16,2024020713,CGY,away,8478435,Dan Vladar,80,G,False,,00:00,0,0,0,,0/0,0/0,0/0,0/0,0,0,0,0
2025-01-16,2024020714,NSH,home,8481020,Justus Annunen,29,G,False,,00:00,0,0,0,,0/0,0/0,0/0,0/0,0,0,0,0
2025-01-16,2024020714,NSH,home,8477424,Juuse Saros,74,G,True,W,65:00,26,24,2,0.923077,22/24,0/0,2/2,24/26,2,0,0,0
2025-01-16,2024020714,CHI,away,8475852,Petr Mrazek,34,G,False,,00:00,0,0,0,,0/0,0/0,0/0,0/0,0,0,0,0
2025-01-16,2024020714,CHI,away,8482821,Arvid Soderblom,40,G,True,O,65:00,41,39,2,0.95122,36/37,2/3,1/1,39/41,1,1,0,0
2025-01-16,2024020715,DAL,home,8479193,Casey DeSmith,1,G,False,,00:00,0,0,0,,0/0,0/0,0/0,0/0,0,0,0,0
2025-01-16,2024020715,DAL,home,8479979,Jake Oettinger,29,G,True,L,57:10,23,21,2,0.913043,16/18,4/4,1/1,21/23,2,0,0,0
2025-01-16,2024020715,MTL,away,8478470,Samuel Montembeault,35,G,False,,00:00,0,0,0,,0/0,0/0,0/0,0/0,0,0,0,0
2025-01-16,2024020715,MTL,away,8482487,Jakub Dobes,75,G,True,W,59:45,33,32,1,0.969697,27/28,3/3,2/2,32/33,1,0,0,0
2025-01-16,2024020716,WPG,home,8477480,Eric Comrie,1,G,False,,00:00,0,0,0,,0/0,0/0,0/0,0/0,0,0,0,0
2025-01-16,2024020716,WPG,home,8476945,Connor Hellebuyck,37,G,True,W,60:00,18,17,1,0.944444,14/15,3/3,0/0,17/18,1,0,0,0
2025-01-16,2024020716,SEA,away,8475831,Philipp Grubauer,31,G,False,,00:00,0,0,0,,0/0,0/0,0/0,0/0,0,0,0,0
2025-01-16,2024020716,SEA,away,8478916,Joey Daccord,35,G,True,L,59:36,36,34,2,0.944444,29/30,4/5,1/1,34/36,1,1,0,0
2025-01-16,2024020717,UTA,home,8478971,Connor Ingram,39,G,False,,00:00,0,0,0,,0/0,0/0,0/0,0/0,0,0,0,0
2025-01-16,2024020717,UTA,home,8478872,Karel Vejmelka,70,G,True,L,58:59,24,20,4,0.833333,19/22,1/1,0/1,20/24,3,0,1,0
2025-01-16,2024020717,NYR,away,8478048,Igor Shesterkin,31,G,True,W,60:00,31,28,3,0.903226,20/22,7/8,1/1,28/31,2,1,0,0
2025-01-16,2024020717,NYR,away,8471734,Jonathan Quick,32,G,False,,00:00,0,0,0,,0/0,0/0,0/0,0/0,0,0,0,0
2025-01-16,2024020718,COL,home,8478406,Mackenzie Blackwood,39,G,True,L,58:07,28,24,4,0.857143,16/20,8/8,0/0,24/28,4,0,0,0
2025-01-16,2024020718,COL,home,8475809,Scott Wedgewood,41,G,False,,00:00,0,0,0,,0/0,0/0,0/0,0/0,0,0,0,0
2025-01-16,2024020718,EDM,away,8475717,Calvin Pickard,30,G,False,,00:00,0,0,0,,0/0,0/0,0/0,0/0,0,0,0,0
2025-01-16,2024020718,EDM,away,8479973,Stuart Skinner,74,G,True,W,60:00,25,22,3,0.88,18/21,1/1,3/3,22/25,3,0,0,0
2025-01-16,2024020719,VAN,home,8480947,Kevin Lankinen,32,G,False,,00:00,0,0,0,,0/0,0/0,0/0,0/0,0,0,0,0
2025-01-16,2024020719,VAN,home,8477967,Thatcher Demko,35,G,True,L,59:55,21,16,5,0.761905,13/17,3/4,0/0,16/21,4,1,0,0
2025-01-16,2024020719,LAK,away,8479496,David Rittich,31,G,False,,00:00,0,0,0,,0/0,0/0,0/0,0/0,0,0,0,0
2025-01-16,2024020719,LAK,away,8475311,Darcy Kuemper,35,G,True,W,60:00,21,20,1,0.952381,19/20,1/1,0/0,20/21,1,0,0,0
2025-01-17,2024020720,BUF,home,8480045,Ukko-Pekka Luukkonen,1,G,True,L,56:29,18,14,4,0.777778,10/11,2/5,2/2,14/18,1,3,0,0
2025-01-17,2024020720,BUF,home,8473503,James Reimer,47,G,False,,00:00,0,0,0,,0/0,0/0,0/0,0/0,0,0,0,0
2025-01-17,2024020720,PIT,away,8482446,Joel Blomqvist,30,G,False,,00:00,0,0,0,,0/0,0/0,0/0,0/0,0,0,0,0
2025-01-17,2024020720,PIT,away,8477968,Alex Nedeljkovic,39,G,True,W,60:00,42,40,2,0.952381,32/33,4/5,4/4,40/42,1,1,0,0
2025-01-17,2024020721,CAR,home,8475883,Frederik Andersen,31,G,False,,00:00,0,0,0,,0/0,0/0,0/0,0/0,0,0,0,0
2025-01-17,2024020721,CAR,home,8481611,Pyotr Kochetkov,52,G,True,W,60:00,31,29,2,0.935484,19/20,5/6,5/5,29/31,1,1,0,0
2025-01-17,2024020721,VGK,away,8478499,Adin Hill,33,G,True,L,57:08,28,25,3,0.892857,18/21,7/7,0/0,25/28,3,0,0,0
2025-01-17,2024020721,VGK,away,8478492,Ilya Samsonov,35,G,False,,00:00,0,0,0,,0/0,0/0,0/0,0/0,0,0,0,0
2025-01-18,2024020722,NJD,home,8474593,Jacob Markstrom,25,G,False,,00:00,0,0,0,,0/0,0/0,0/0,0/0,0,0,0,0
2025-01-18,2024020722,NJD,home,8474596,Jake Allen,34,G,True,L,57:26,17,15,2,0.882353,14/15,1/2,0/0,15/17,1,1,0,0
2025-01-18,2024020722,PHI,away,8481035,Samuel Ersson,33,G,True,W,60:00,13,12,1,0.923077,9/10,3/3,0/0,12/13,1,0,0,0
2025-01-18,2024020722,PHI,away,8478905,Ivan Fedotov,82,G,False,,00:00,0,0,0,,0/0,0/0,0/0,0/0,0,0,0,0
2025-01-18,2024020723,OTT,home,8482447,Leevi Meriläinen,1,G,True,W,62:02,28,23,5,0.821429,18/22,5/6,0/0,23/28,4,1,0,0
2025-01-18,2024020723,OTT,home,8476341,Anton Forsberg,31,G,False,,00:00,0,0,0,,0/0,0/0,0/0,0/0,0,0,0,0
2025-01-18,2024020723,BOS,away,8480280,Jeremy Swayman,1,G,True,O,65:00,44,39,5,0.886364,32/36,4/5,3/3,39/44,4,1,0,0
2025-01-18,2024020723,BOS,away,8476914,Joonas Korpisalo,70,G,False,,00:00,0,0,0,,0/0,0/0,0/0,0/0,0,0,0,0
2025-01-18,2024020724,COL,home,8478406,Mackenzie Blackwood,39,G,False,,00:00,0,0,0,,0/0,0/0,0/0,0/0,0,0,0,0
2025-01-18,2024020724,COL,home,8475809,Scott Wedgewood,41,G,True,W,59:49,29,26,3,0.896552,20/21,5/7,1/1,26/29,1,2,0,0
2025-01-18,2024020724,DAL,away,8479193,Casey DeSmith,1,G,True,L,59:13,36,30,6,0.833333,27/32,2/3,1/1,30/36,5,1,0,0
2025-01-18,2024020724,DAL,away,8479979,Jake Oettinger,29,G,False,,00:00,0,0,0,,0/0,0/0,0/0,0/0,0,0,0,0
2025-01-18,2024020725,FLA,home,8481519,Spencer Knight,30,G,True,W,59:58,34,34,0,1.0,24/24,4/4,6/6,34/34,0,0,0,0
2025-01-18,2024020725,FLA,home,8475683,Sergei Bobrovsky,72,G,False,,00:00,0,0,0,,0/0,0/0,0/0,0/0,0,0,0,0
2025-01-18,2024020725,ANA,away,8480843,Lukas Dostal,1,G,False,,00:00,0,0,0,,0/0,0/0,0/0,0/0,0,0,0,0
2025-01-18,2024020725,ANA,away,8476434,John Gibson,36,G,True,L,58:39,44,42,2,0.954545,35/37,6/6,1/1,42/44,2,0,0,0
2025-01-18,2024020726,MTL,home,8478470,Samuel Montembeault,35,G,True,L,57:09,33,27,6,0.818182,22/25,4/6,1/2,27/33,3,2,1,0
2025-01-18,2024020726,MTL,home,8482487,Jakub Dobes,75,G,False,,00:00,0,0,0,,0/0,0/0,0/0,0/0,0,0,0,0
2025-01-18,2024020726,TOR,away,8483710,Dennis Hildeby,35,G,False,,00:00,0,0,0,,0/0,0/0,0/0,0/0,0,0,0,0
2025-01-18,2024020726,TOR,away,8479361,Joseph Woll,60,G,True,W,60:00,35,32,3,0.914286,31/33,1/2,0/0,32/35,2,1,0,0
2025-01-18,2024020727,TBL,home,8477992,Jonas Johansson,31,G,False,,00:00,0,0,0,,0/0,0/0,0/0,0/0,0,0,0,0
2025-01-18,2024020727,TBL,home,8476883,Andrei Vasilevskiy,88,G,True,W,60:00,39,38,1,0.974359,29/29,9/10,0/0,38/39,0,1,0,0
2025-01-18,2024020727,DET,away,8479312,Alex Lyon,34,G,False,,20:00,6,6,0,1.0,4/4,2/2,0/0,6/6,0,0,0,0
2025-01-18,2024020727,DET,away,8475660,Cam Talbot,39,G,True,L,40:00,16,11,5,0.6875,10/13,0/2,1/1,11/16,3,2,0,0
2025-01-18,2024020728,NYR,home,8478048,Igor Shesterkin,31,G,True,W,65:00,27,27,0,1.0,24/24,3/3,0/0,27/27,0,0,0,0
2025-01-18,2024020728,NYR,home,8471734,Jonathan Quick,32,G,False,,00:00,0,0,0,,0/0,0/0,0/0,0/0,0,0,0,0
2025-01-18,2024020728,CBJ,away,8480193,Daniil Tarasov,40,G,True,O,64:43,26,26,0,1.0,25/25,1/1,0/0,26/26,0,0,0,0
2025-01-18,2024020728,CBJ,away,8478007,Elvis Merzlikins,90,G,False,,00:00,0,0,0,,0/0,0/0,0/0,0/0,0,0,0,0
2025-01-18,2024020729,WSH,home,8480313,Logan Thompson,48,G,True,W,60:00,19,18,1,0.947368,13/14,5/5,0/0,18/19,1,0,0,0
2025-01-18,2024020729,WSH,home,8479292,Charlie Lindgren,79,G,False,,00:00,0,0,0,,0/0,0/0,0/0,0/0,0,0,0,0
2025-01-18,2024020729,PIT,away,8482446,Joel Blomqvist,30,G,True,L,59:41,31,28,3,0.903226,17/19,10/11,1/1,28/31,2,1,0,0
2025-01-18,2024020729,PIT,away,8477968,Alex Nedeljkovic,39,G,False,,00:00,0,0,0,,0/0,0/0,0/0,0/0,0,0,0,0
2025-01-18,2024020730,WPG,home,8477480,Eric Comrie,1,G,True,L,57:29,21,19,2,0.904762,15/16,4/5,0/0,19/21,1,1,0,0
2025-01-18,2024020730,WPG,home,8476945,Connor Hellebuyck,37,G,False,,00:00,0,0,0,,0/0,0/0,0/0,0/0,0,0,0,0
2025-01-18,2024020730,CGY,away,8481692,Dustin Wolf,32,G,True,W,60:00,39,38,1,0.974359,31/32,6/6,1/1,38/39,1,0,0,0
2025-01-18,2024020730,CGY,away,8478435,Dan Vladar,80,G,False,,00:00,0,0,0,,0/0,0/0,0/0,0/0,0,0,0,0
2025-01-18,2024020731,NYI,home,8478009,Ilya Sorokin,30,G,False,,00:00,0,0,0,,0/0,0/0,0/0,0/0,0,0,0,0
2025-01-18,2024020731,NYI,home,8477405,Marcus Hogberg,50,G,True,W,60:00,19,18,1,0.947368,17/18,1/1,0/0,18/19,1,0,0,0
2025-01-18,2024020731,SJS,away,8482137,Yaroslav Askarov,30,G,False,,00:00,0,0,0,,0/0,0/0,0/0,0/0,0,0,0,0
2025-01-18,2024020731,SJS,away,8480382,Alexandar Georgiev,40,G,True,L,60:00,31,27,4,0.870968,22/26,3/3,2/2,27/31,4,0,0,0
2025-01-18,2024020732,CHI,home,8475852,Petr Mrazek,34,G,True,W,60:00,35,32,3,0.914286,26/28,5/6,1/1,32/35,2,1,0,0
2025-01-18,2024020732,CHI,home,8482821,Arvid Soderblom,40,G,False,,00:00,0,0,0,,0/0,0/0,0/0,0/0,0,0,0,0
2025-01-18,2024020732,VGK,away,8478499,Adin Hill,33,G,False,,00:00,0,0,0,,0/0,0/0,0/0,0/0,0,0,0,0
2025-01-18,2024020732,VGK,away,8478492,Ilya Samsonov,35,G,True,L,59:17,23,18,5,0.782609,15/18,1/3,2/2,18/23,3,2,0,0
2025-01-18,2024020733,NSH,home,8481020,Justus Annunen,29,G,False,,00:00,0,0,0,,0/0,0/0,0/0,0/0,0,0,0,0
2025-01-18,2024020733,NSH,home,8477424,Juuse Saros,74,G,True,W,60:00,29,27,2,0.931034,25/26,2/3,0/0,27/29,1,1,0,0
2025-01-18,2024020733,MIN,away,8470594,Marc-Andre Fleury,29,G,True,L,58:29,37,32,5,0.864865,28/32,3/4,1/1,32/37,4,1,0,0
2025-01-18,2024020733,MIN,away,8480263,Dylan Ferguson,33,G,False,,00:00,0,0,0,,0/0,0/0,0/0,0/0,0,0,0,0
2025-01-18,2024020734,UTA,home,8478971,Connor Ingram,39,G,True,W,60:00,24,22,2,0.916667,20/21,2/3,0/0,22/24,1,1,0,0
2025-01-18,2024020734,UTA,home,8478872,Karel Vejmelka,70,G,False,,00:00,0,0,0,,0/0,0/0,0/0,0/0,0,0,0,0
2025-01-18,2024020734,STL,away,8480981,Joel Hofer,30,G,False,,00:00,0,0,0,,0/0,0/0,0/0,0/0,0,0,0,0
2025-01-18,2024020734,STL,away,8476412,Jordan Binnington,50,G,True,L,58:27,33,29,4,0.878788,25/28,3/4,1/1,29/33,3,1,0,0
2025-01-18,2024020735,VAN,home,8480947,Kevin Lankinen,32,G,False,,00:00,0,0,0,,0/0,0/0,0/0,0/0,0,0,0,0
2025-01-18,2024020735,VAN,home,8477967,Thatcher Demko,35,G,True,W,60:00,15,13,2,0.866667,13/14,0/1,0/0,13/15,1,1,0,0
2025-01-18,2024020735,EDM,away,8475717,Calvin Pickard,30,G,False,,00:00,0,0,0,,0/0,0/0,0/0,0/0,0,0,0,0
2025-01-18,2024020735,EDM,away,8479973,Stuart Skinner,74,G,True,L,57:39,27,24,3,0.888889,20/21,4/6,0/0,24/27,1,2,0,0
2025-01-18,2024020736,SEA,home,8475831,Philipp Grubauer,31,G,False,,00:00,0,0,0,,0/0,0/0,0/0,0/0,0,0,0,0
2025-01-18,2024020736,SEA,home,8478916,Joey Daccord,35,G,True,W,60:00,30,28,2,0.933333,24/25,1/2,3/3,28/30,1,1,0,0
2025-01-18,2024020736,LAK,away,8479496,David Rittich,31,G,False,,00:00,0,0,0,,0/0,0/0,0/0,0/0,0,0,0,0
2025-01-18,2024020736,LAK,away,8475311,Darcy Kuemper,35,G,True,L,57:53,21,18,3,0.857143,12/15,6/6,0/0,18/21,3,0,0,0
2025-01-19,2024020737,NJD,home,8474593,Jacob Markstrom,25,G,True,L,57:36,20,18,2,0.9,17/19,1/1,0/0,18/20,2,0,0,0
2025-01-19,2024020737,NJD,home,8474596,Jake Allen,34,G,False,,00:00,0,0,0,,0/0,0/0,0/0,0/0,0,0,0,0
2025-01-19,2024020737,OTT,away,8482447,Leevi Meriläinen,1,G,False,,00:00,0,0,0,,0/0,0/0,0/0,0/0,0,0,0,0
2025-01-19,2024020737,OTT,away,8476341,Anton Forsberg,31,G,True,W,60:00,26,25,1,0.961538,21/22,3/3,1/1,25/26,1,0,0,0
2025-01-19,2024020738,MTL,home,8478470,Samuel Montembeault,35,G,False,,00:00,0,0,0,,0/0,0/0,0/0,0/0,0,0,0,0
2025-01-19,2024020738,MTL,home,8482487,Jakub Dobes,75,G,True,W,63:20,28,24,4,0.857143,18/21,4/5,2/2,24/28,3,1,0,0
2025-01-19,2024020738,NYR,away,8478048,Igor Shesterkin,31,G,False,,00:00,0,0,0,,0/0,0/0,0/0,0/0,0,0,0,0
2025-01-19,2024020738,NYR,away,8471734,Jonathan Quick,32,G,True,O,63:20,37,32,5,0.864865,27/32,5/5,0/0,32/37,5,0,0,0
2025-01-19,2024020739,DAL,home,8479193,Casey DeSmith,1,G,False,,00:00,0,0,0,,0/0,0/0,0/0,0/0,0,0,0,0
2025-01-19,2024020739,DAL,home,8479979,Jake Oettinger,29,G,True,W,59:50,34,33,1,0.970588,27/28,6/6,0/0,33/34,1,0,0,0
2025-01-19,2024020739,DET,away,8479312,Alex Lyon,34,G,True,L,60:00,25,21,4,0.84,20/23,1/2,0/0,21/25,3,1,0,0
2025-01-19,2024020739,DET,away,8475660,Cam Talbot,39,G,False,,00:00,0,0,0,,0/0,0/0,0/0,0/0,0,0,0,0
2025-01-20,2024020740,BOS,home,8480280,Jeremy Swayman,1,G,False,,00:00,0,0,0,,0/0,0/0,0/0,0/0,0,0,0,0
2025-01-20,2024020740,BOS,home,8476914,Joonas Korpisalo,70,G,True,W,60:00,28,25,3,0.892857,24/27,1/1,0/0,25/28,3,0,0,0
2025-01-20,2024020740,SJS,away,8482137,Yaroslav Askarov,30,G,True,L,58:35,31,27,4,0.870968,26/29,1/2,0/0,27/31,3,1,0,0
2025-01-20,2024020740,SJS,away,8480382,Alexandar Georgiev,40,G,False,,00:00,0,0,0,,0/0,0/0,0/0,0/0,0,0,0,0
2025-01-20,2024020741,COL,home,8478406,Mackenzie Blackwood,39,G,True,L,56:23,26,23,3,0.884615,12/15,11/11,0/0,23/26,3,0,0,0
2025-01-20,2024020741,COL,home,8475809,Scott Wedgewood,41,G,False,,00:00,0,0,0,,0/0,0/0,0/0,0/0,0,0,0,0
2025-01-20,2024020741,MIN,away,8470594,Marc-Andre Fleury,29,G,True,W,60:00,27,26,1,0.962963,23/24,3/3,0/0,26/27,1,0,0,0
2025-01-20,2024020741,MIN,away,8479406,Filip Gustavsson,32,G,False,,00:00,0,0,0,,0/0,0/0,0/0,0/0,0,0,0,0
2025-01-20,2024020742,SEA,home,8475831,Philipp Grubauer,31,G,False,,00:00,0,0,0,,0/0,0/0,0/0,0/0,0,0,0,0
2025-01-20,2024020742,SEA,home,8478916,Joey Daccord,35,G,True,W,60:00,29,25,4,0.862069,19/22,5/6,1/1,25/29,3,1,0,0
2025-01-20,2024020742,BUF,away,8482221,Devon Levi,27,G,True,L,57:51,33,28,5,0.848485,26/30,1/2,1/1,28/33,4,1,0,0
2025-01-20,2024020742,BUF,away,8473503,James Reimer,47,G,False,,00:00,0,0,0,,0/0,0/0,0/0,0/0,0,0,0,0
2025-01-20,2024020743,VGK,home,8478499,Adin Hill,33,G,True,O,62:54,28,24,4,0.857143,21/24,3/4,0/0,24/28,3,1,0,0
2025-01-20,2024020743,VGK,home,8478492,Ilya Samsonov,35,G,False,,00:00,0,0,0,,0/0,0/0,0/0,0/0,0,0,0,0
2025-01-20,2024020743,STL,away,8480981,Joel Hofer,30,G,False,,00:00,0,0,0,,0/0,0/0,0/0,0/0,0,0,0,0
2025-01-20,2024020743,STL,away,8476412,Jordan Binnington,50,G,True,W,65:00,32,28,4,0.875,24/27,3/4,1/1,28/32,3,1,0,0
2025-01-20,2024020744,TOR,home,8483710,Dennis Hildeby,35,G,False,,00:00,0,0,0,,0/0,0/0,0/0,0/0,0,0,0,0
2025-01-20,2024020744,TOR,home,8479361,Joseph Woll,60,G,True,W,60:00,30,27,3,0.9,23/25,4/5,0/0,27/30,2,1,0,0
2025-01-20,2024020744,TBL,away,8477992,Jonas Johansson,31,G,True,L,58:11,27,23,4,0.851852,22/25,1/2,0/0,23/27,3,1,0,0
2025-01-20,2024020744,TBL,away,8476883,Andrei Vasilevskiy,88,G,False,,00:00,0,0,0,,0/0,0/0,0/0,0/0,0,0,0,0
2025-01-20,2024020745,NYI,home,8478009,Ilya Sorokin,30,G,True,W,60:00,26,25,1,0.961538,22/22,3/4,0/0,25/26,0,1,0,0
2025-01-20,2024020745,NYI,home,8477405,Marcus Hogberg,50,G,False,,00:00,0,0,0,,0/0,0/0,0/0,0/0,0,0,0,0
2025-01-20,2024020745,CBJ,away,8480193,Daniil Tarasov,40,G,False,,00:00,0,0,0,,0/0,0/0,0/0,0/0,0,0,0,0
2025-01-20,2024020745,CBJ,away,8478007,Elvis Merzlikins,90,G,True,L,56:41,25,22,3,0.88,16/17,5/6,1/2,22/25,1,1,1,0
2025-01-20,2024020746,CHI,home,8475852,Petr Mrazek,34,G,True,O,60:46,48,44,4,0.916667,40/43,4/4,0/1,44/48,3,0,1,0
2025-01-20,2024020746,CHI,home,8482821,Arvid Soderblom,40,G,False,,00:00,0,0,0,,0/0,0/0,0/0,0/0,0,0,0,0
2025-01-20,2024020746,CAR,away,8475883,Frederik Andersen,31,G,True,W,60:59,25,22,3,0.88,16/19,5/5,1/1,22/25,3,0,0,0
2025-01-20,2024020746,CAR,away,8481611,Pyotr Kochetkov,52,G,False,,00:00,0,0,0,,0/0,0/0,0/0,0/0,0,0,0,0
2025-01-20,2024020747,UTA,home,8478971,Connor Ingram,39,G,True,W,60:00,25,23,2,0.92,23/25,0/0,0/0,23/25,2,0,0,0
2025-01-20,2024020747,UTA,home,8478872,Karel Vejmelka,70,G,False,,00:00,0,0,0,,0/0,0/0,0/0,0/0,0,0,0,0
2025-01-20,2024020747,WPG,away,8477480,Eric Comrie,1,G,False,,00:00,0,0,0,,0/0,0/0,0/0,0/0,0,0,0,0
2025-01-20,2024020747,WPG,away,8476945,Connor Hellebuyck,37,G,True,L,59:24,27,23,4,0.851852,21/25,2/2,0/0,23/27,4,0,0,0
2025-01-20,2024020748,LAK,home,8479496,David Rittich,31,G,True,L,60:00,32,28,5,0.875,26/30,1/1,1/1,28/32,4,1,0,0
2025-01-20,2024020748,LAK,home,8475311,Darcy Kuemper,35,G,False,,00:00,0,0,0,,0/0,0/0,0/0,0/0,0,0,0,0
2025-01-20,2024020748,PIT,away,8482446,Joel Blomqvist,30,G,False,,00:00,0,0,0,,0/0,0/0,0/0,0/0,0,0,0,0
2025-01-20,2024020748,PIT,away,8477968,Alex Nedeljkovic,39,G,True,W,60:00,26,25,1,0.961538,24/24,1/2,0/0,25/26,0,1,0,0
2025-01-21,2024020749,MTL,home,8478470,Samuel Montembeault,35,G,True,W,60:00,35,33,2,0.942857,28/30,5/5,0/0,33/35,2,0,0,0
2025-01-21,2024020749,MTL,home,8482487,Jakub Dobes,75,G,False,,00:00,0,0,0,,0/0,0/0,0/0,0/0,0,0,0,0
2025-01-21,2024020749,TBL,away,8477992,Jonas Johansson,31,G,False,,00:00,0,0,0,,0/0,0/0,0/0,0/0,0,0,0,0
2025-01-21,2024020749,TBL,away,8476883,Andrei Vasilevskiy,88,G,True,L,58:09,22,19,3,0.863636,17/19,2/3,0/0,19/22,2,1,0,0
2025-01-21,2024020750,NYR,home,8478048,Igor Shesterkin,31,G,True,W,60:00,20,20,0,1.0,20/20,0/0,0/0,20/20,0,0,0,2
2025-01-21,2024020750,NYR,home,8471734,Jonathan Quick,32,G,False,,00:00,0,0,0,,0/0,0/0,0/0,0/0,0,0,0,0
2025-01-21,2024020750,OTT,away,8482447,Leevi Meriläinen,1,G,True,L,24:59,16,14,2,0.875,14/16,0/0,0/0,14/16,2,0,0,0
2025-01-21,2024020750,OTT,away,8476341,Anton Forsberg,31,G,False,,35:01,13,10,3,0.769231,7/8,3/5,0/0,10/13,1,2,0,0
2025-01-21,2024020751,PHI,home,8481035,Samuel Ersson,33,G,True,W,64:34,28,27,1,0.964286,27/28,0/0,0/0,27/28,1,0,0,0
2025-01-21,2024020751,PHI,home,8478905,Ivan Fedotov,82,G,False,,00:00,0,0,0,,0/0,0/0,0/0,0/0,0,0,0,0
2025-01-21,2024020751,DET,away,8479312,Alex Lyon,34,G,True,O,64:34,26,24,2,0.923077,24/26,0/0,0/0,24/26,2,0,0,0
2025-01-21,2024020751,DET,away,8475660,Cam Talbot,39,G,False,,00:00,0,0,0,,0/0,0/0,0/0,0/0,0,0,0,0
2025-01-21,2024020752,NSH,home,8481020,Justus Annunen,29,G,False,W,40:00,16,15,1,0.9375,12/12,2/3,1/1,15/16,0,1,0,0
2025-01-21,2024020752,NSH,home,8477424,Juuse Saros,74,G,True,,20:00,8,4,4,0.5,4/8,0/0,0/0,4/8,4,0,0,0
2025-01-21,2024020752,SJS,away,8482137,Yaroslav Askarov,30,G,False,,00:00,0,0,0,,0/0,0/0,0/0,0/0,0,0,0,0
2025-01-21,2024020752,SJS,away,8480382,Alexandar Georgiev,40,G,True,L,58:57,40,34,6,0.85,26/30,8/10,0/0,34/40,4,2,0,0
2025-01-21,2024020753,DAL,home,8479193,Casey DeSmith,1,G,False,,00:00,0,0,0,,0/0,0/0,0/0,0/0,0,0,0,0
2025-01-21,2024020753,DAL,home,8479979,Jake Oettinger,29,G,True,L,58:01,19,17,2,0.894737,15/17,1/1,1/1,17/19,2,0,0,0
2025-01-21,2024020753,CAR,away,8475883,Frederik Andersen,31,G,False,,00:00,0,0,0,,0/0,0/0,0/0,0/0,0,0,0,0
2025-01-21,2024020753,CAR,away,8481611,Pyotr Kochetkov,52,G,True,W,59:54,23,22,1,0.956522,16/17,5/5,1/1,22/23,1,0,0,0
2025-01-21,2024020754,EDM,home,8475717,Calvin Pickard,30,G,False,,00:00,0,0,0,,0/0,0/0,0/0,0/0,0,0,0,0
2025-01-21,2024020754,EDM,home,8479973,Stuart Skinner,74,G,True,L,57:53,14,11,3,0.785714,8/11,3/3,0/0,11/14,3,0,0,0
2025-01-21,2024020754,WSH,away,8480313,Logan Thompson,48,G,True,W,59:49,32,30,2,0.9375,25/27,3/3,2/2,30/32,2,0,0,0
2025-01-21,2024020754,WSH,away,8479292,Charlie Lindgren,79,G,False,,00:00,0,0,0,,0/0,0/0,0/0,0/0,0,0,0,0
2025-01-21,2024020755,VAN,home,8481668,Arturs Silovs,31,G,False,,00:00,0,0,0,,0/0,0/0,0/0,0/0,0,0,0,0
2025-01-21,2024020755,VAN,home,8477967,Thatcher Demko,35,G,True,L,58:15,26,23,3,0.884615,22/25,1/1,0/0,23/26,3,0,0,0
2025-01-21,2024020755,BUF,away,8480045,Ukko-Pekka Luukkonen,1,G,True,W,60:00,34,32,2,0.941176,29/31,1/1,2/2,32/34,2,0,0,0
2025-01-21,2024020755,BUF,away,8473503,James Reimer,47,G,False,,00:00,0,0,0,,0/0,0/0,0/0,0/0,0,0,0,0
2025-01-21,2024020756,ANA,home,8480843,Lukas Dostal,1,G,True,L,59:51,29,24,5,0.827586,20/25,4/4,0/0,24/29,5,0,0,0
2025-01-21,2024020756,ANA,home,8476434,John Gibson,36,G,False,,00:00,0,0,0,,0/0,0/0,0/0,0/0,0,0,0,0
2025-01-21,2024020756,FLA,away,8481519,Spencer Knight,30,G,False,,00:00,0,0,0,,0/0,0/0,0/0,0/0,0,0,0,0
2025-01-21,2024020756,FLA,away,8475683,Sergei Bobrovsky,72,G,True,W,59:56,30,28,2,0.933333,26/27,1/2,1/1,28/30,1,1,0,0
2025-01-22,2024020758,NJD,home,8474593,Jacob Markstrom,25,G,True,,23:09,7,6,1,0.857143,6/7,0/0,0/0,6/7,1,0,0,0
2025-01-22,2024020758,NJD,home,8474596,Jake Allen,34,G,False,W,36:51,16,16,0,1.0,10/10,3/3,3/3,16/16,0,0,0,0
2025-01-22,2024020758,BOS,away,8480280,Jeremy Swayman,1,G,True,L,39:40,28,24,4,0.857143,21/23,1/3,2/2,24/28,2,2,0,0
2025-01-22,2024020758,BOS,away,8476914,Joonas Korpisalo,70,G,False,,20:00,6,5,1,0.833333,0/0,5/6,0/0,5/6,0,1,0,0
2025-01-22,2024020757,TOR,home,8483710,Dennis Hildeby,35,G,True,L,59:14,18,14,4,0.777778,14/17,0/0,0/1,14/18,3,0,1,0
2025-01-22,2024020757,TOR,home,8479361,Joseph Woll,60,G,False,,00:00,0,0,0,,0/0,0/0,0/0,0/0,0,0,0,0
2025-01-22,2024020757,CBJ,away,8480193,Daniil Tarasov,40,G,False,,00:00,0,0,0,,0/0,0/0,0/0,0/0,0,0,0,0
2025-01-22,2024020757,CBJ,away,8478007,Elvis Merzlikins,90,G,True,W,60:00,29,28,1,0.965517,24/25,4/4,0/0,28/29,1,0,0,2
2025-01-22,2024020759,COL,home,8478406,Mackenzie Blackwood,39,G,True,O,60:17,25,22,3,0.88,18/21,2/2,2/2,22/25,3,0,0,0
2025-01-22,2024020759,COL,home,8475809,Scott Wedgewood,41,G,False,,00:00,0,0,0,,0/0,0/0,0/0,0/0,0,0,0,0
2025-01-22,2024020759,WPG,away,8477480,Eric Comrie,1,G,False,,00:00,0,0,0,,0/0,0/0,0/0,0/0,0,0,0,0
2025-01-22,2024020759,WPG,away,8476945,Connor Hellebuyck,37,G,True,W,60:17,27,25,2,0.925926,23/25,2/2,0/0,25/27,2,0,0,0
2025-01-22,2024020760,LAK,home,8479496,David Rittich,31,G,False,,00:00,0,0,0,,0/0,0/0,0/0,0/0,0,0,0,0
2025-01-22,2024020760,LAK,home,8475311,Darcy Kuemper,35,G,True,W,60:00,28,27,1,0.964286,23/23,4/5,0/0,27/28,0,1,0,0
2025-01-22,2024020760,FLA,away,8481519,Spencer Knight,30,G,True,L,57:24,28,26,2,0.928571,23/25,3/3,0/0,26/28,2,0,0,0
2025-01-22,2024020760,FLA,away,8475683,Sergei Bobrovsky,72,G,False,,00:00,0,0,0,,0/0,0/0,0/0,0/0,0,0,0,0
2025-01-23,2024020761,BOS,home,8476914,Joonas Korpisalo,70,G,True,W,60:00,29,29,0,1.0,21/21,6/6,2/2,29/29,0,0,0,0
2025-01-23,2024020761,BOS,home,8480022,Michael DiPietro,80,G,False,,00:00,0,0,0,,0/0,0/0,0/0,0/0,0,0,0,0
2025-01-23,2024020761,OTT,away,8482447,Leevi Meriläinen,1,G,False,,00:00,0,0,0,,0/0,0/0,0/0,0/0,0,0,0,0
2025-01-23,2024020761,OTT,away,8476341,Anton Forsberg,31,G,True,L,57:48,25,24,1,0.96,21/22,3/3,0/0,24/25,1,0,0,0
2025-01-23,2024020762,DET,home,8479312,Alex Lyon,34,G,False,,00:00,0,0,0,,0/0,0/0,0/0,0/0,0,0,0,0
2025-01-23,2024020762,DET,home,8475660,Cam Talbot,39,G,True,W,60:00,29,27,2,0.931034,23/25,4/4,0/0,27/29,2,0,0,0
2025-01-23,2024020762,MTL,away,8478470,Samuel Montembeault,35,G,True,L,57:57,45,41,4,0.911111,34/36,7/8,0/1,41/45,2,1,1,0
2025-01-23,2024020762,MTL,away,8482487,Jakub Dobes,75,G,False,,00:00,0,0,0,,0/0,0/0,0/0,0/0,0,0,0,0
2025-01-23,2024020763,NYR,home,8478048,Igor Shesterkin,31,G,True,W,59:55,34,33,1,0.970588,32/33,1/1,0/0,33/34,1,0,0,0
2025-01-23,2024020763,NYR,home,8471734,Jonathan Quick,32,G,False,,00:00,0,0,0,,0/0,0/0,0/0,0/0,0,0,0,0
2025-01-23,2024020763,PHI,away,8481035,Samuel Ersson,33,G,True,L,58:35,36,31,5,0.861111,28/32,2/3,1/1,31/36,4,1,0,0
2025-01-23,2024020763,PHI,away,8478905,Ivan Fedotov,82,G,False,,00:00,0,0,0,,0/0,0/0,0/0,0/0,0,0,0,0
2025-01-23,2024020764,CAR,home,8475883,Frederik Andersen,31,G,True,W,60:00,22,18,4,0.818182,16/20,0/0,2/2,18/22,4,0,0,0
2025-01-23,2024020764,CAR,home,8481611,Pyotr Kochetkov,52,G,False,,00:00,0,0,0,,0/0,0/0,0/0,0/0,0,0,0,0
2025-01-23,2024020764,CBJ,away,8480193,Daniil Tarasov,40,G,True,L,58:39,42,36,6,0.857143,33/38,2/3,1/1,36/42,5,1,0,0
2025-01-23,2024020764,CBJ,away,8478007,Elvis Merzlikins,90,G,False,,00:00,0,0,0,,0/0,0/0,0/0,0/0,0,0,0,0
2025-01-23,2024020765,STL,home,8480981,Joel Hofer,30,G,True,L,55:15,30,27,3,0.9,22/24,5/6,0/0,27/30,2,1,0,0
2025-01-23,2024020765,STL,home,8476412,Jordan Binnington,50,G,False,,00:00,0,0,0,,0/0,0/0,0/0,0/0,0,0,0,0
2025-01-23,2024020765,VGK,away,8478499,Adin Hill,33,G,False,,00:00,0,0,0,,0/0,0/0,0/0,0/0,0,0,0,0
2025-01-23,2024020765,VGK,away,8478492,Ilya Samsonov,35,G,True,W,60:00,17,15,2,0.882353,12/14,3/3,0/0,15/17,2,0,0,0
2025-01-23,2024020766,MIN,home,8470594,Marc-Andre Fleury,29,G,False,,00:00,0,0,0,,0/0,0/0,0/0,0/0,0,0,0,0
2025-01-23,2024020766,MIN,home,8479406,Filip Gustavsson,32,G,True,L,60:00,29,25,4,0.862069,23/26,1/2,1/1,25/29,3,1,0,0
2025-01-23,2024020766,UTA,away,8478971,Connor Ingram,39,G,False,,00:00,0,0,0,,0/0,0/0,0/0,0/0,0,0,0,0
2025-01-23,2024020766,UTA,away,8478872,Karel Vejmelka,70,G,True,W,60:00,26,26,0,1.0,19/19,7/7,0/0,26/26,0,0,0,0
2025-01-23,2024020767,CGY,home,8481692,Dustin Wolf,32,G,True,W,60:00,34,32,2,0.941176,25/27,7/7,0/0,32/34,2,0,0,0
2025-01-23,2024020767,CGY,home,8478435,Dan Vladar,80,G,False,,00:00,0,0,0,,0/0,0/0,0/0,0/0,0,0,0,0
2025-01-23,2024020767,BUF,away,8480045,Ukko-Pekka Luukkonen,1,G,True,L,59:06,24,21,3,0.875,17/19,2/2,2/3,21/24,2,0,1,0
2025-01-23,2024020767,BUF,away,8473503,James Reimer,47,G,False,,00:00,0,0,0,,0/0,0/0,0/0,0/0,0,0,0,0
2025-01-23,2024020768,EDM,home,8475717,Calvin Pickard,30,G,True,W,59:14,26,24,2,0.923077,23/25,0/0,1/1,24/26,2,0,0,0
2025-01-23,2024020768,EDM,home,8479973,Stuart Skinner,74,G,False,,00:00,0,0,0,,0/0,0/0,0/0,0/0,0,0,0,0
2025-01-23,2024020768,VAN,away,8480947,Kevin Lankinen,32,G,False,,00:00,0,0,0,,0/0,0/0,0/0,0/0,0,0,0,0
2025-01-23,2024020768,VAN,away,8477967,Thatcher Demko,35,G,True,L,60:00,34,28,6,0.823529,22/26,6/8,0/0,28/34,4,2,0,0
2025-01-23,2024020769,ANA,home,8480843,Lukas Dostal,1,G,False,,00:00,0,0,0,,0/0,0/0,0/0,0/0,0,0,0,0
2025-01-23,2024020769,ANA,home,8476434,John Gibson,36,G,True,W,59:30,32,31,1,0.96875,28/28,2/3,1/1,31/32,0,1,0,2
2025-01-23,2024020769,PIT,away,8482446,Joel Blomqvist,30,G,False,,00:00,0,0,0,,0/0,0/0,0/0,0/0,0,0,0,0
2025-01-23,2024020769,PIT,away,8477968,Alex Nedeljkovic,39,G,True,L,56:23,33,29,4,0.878788,25/29,3/3,1/1,29/33,4,0,0,0
2025-01-23,2024020770,SEA,home,8475831,Philipp Grubauer,31,G,False,,00:00,0,0,0,,0/0,0/0,0/0,0/0,0,0,0,0
2025-01-23,2024020770,SEA,home,8478916,Joey Daccord,35,G,True,L,59:06,31,30,2,0.967742,30/31,0/0,0/0,30/31,2,0,0,0
2025-01-23,2024020770,WSH,away,8480313,Logan Thompson,48,G,False,,00:00,0,0,0,,0/0,0/0,0/0,0/0,0,0,0,0
2025-01-23,2024020770,WSH,away,8479292,Charlie Lindgren,79,G,True,W,60:00,22,22,0,1.0,22/22,0/0,0/0,22/22,0,0,0,0
2025-01-23,2024020771,SJS,home,8482137,Yaroslav Askarov,30,G,True,L,58:08,38,32,6,0.842105,24/27,7/10,1/1,32/38,3,3,0,0
2025-01-23,2024020771,SJS,home,8480382,Alexandar Georgiev,40,G,False,,00:00,0,0,0,,0/0,0/0,0/0,0/0,0,0,0,0
2025-01-23,2024020771,NSH,away,8481020,Justus Annunen,29,G,True,W,59:55,35,30,5,0.857143,18/22,10/11,2/2,30/35,4,1,0,0
2025-01-23,2024020771,NSH,away,8477424,Juuse Saros,74,G,False,,00:00,0,0,0,,0/0,0/0,0/0,0/0,0,0,0,0
2025-01-24,2024020772,NYI,home,8478009,Ilya Sorokin,30,G,True,W,59:58,30,29,1,0.966667,29/30,0/0,0/0,29/30,1,0,0,0
2025-01-24,2024020772,NYI,home,8477405,Marcus Hogberg,50,G,False,,00:00,0,0,0,,0/0,0/0,0/0,0/0,0,0,0,0
2025-01-24,2024020772,PHI,away,8481035,Samuel Ersson,33,G,False,,00:00,0,0,0,,0/0,0/0,0/0,0/0,0,0,0,0
2025-01-24,2024020772,PHI,away,8478905,Ivan Fedotov,82,G,True,L,56:51,27,24,3,0.888889,19/22,4/4,1/1,24/27,3,0,0,0
2025-01-24,2024020774,DAL,home,8479193,Casey DeSmith,1,G,False,,00:00,0,0,0,,0/0,0/0,0/0,0/0,0,0,0,0
2025-01-24,2024020774,DAL,home,8479979,Jake Oettinger,29,G,True,W,60:00,21,18,3,0.857143,16/17,2/4,0/0,18/21,1,2,0,0
2025-01-24,2024020774,VGK,away,8478499,Adin Hill,33,G,True,L,58:23,27,23,4,0.851852,22/25,1/2,0/0,23/27,3,1,0,0
2025-01-24,2024020774,VGK,away,8478492,Ilya Samsonov,35,G,False,,00:00,0,0,0,,0/0,0/0,0/0,0/0,0,0,0,0
2025-01-24,2024020773,CHI,home,8475852,Petr Mrazek,34,G,False,,00:00,0,0,0,,0/0,0/0,0/0,0/0,0,0,0,0
2025-01-24,2024020773,CHI,home,8482821,Arvid Soderblom,40,G,True,O,60:58,40,36,4,0.9,31/32,3/6,2/2,36/40,1,3,0,0
2025-01-24,2024020773,TBL,away,8477992,Jonas Johansson,31,G,True,W,60:09,14,11,3,0.785714,11/14,0/0,0/0,11/14,3,0,0,0
2025-01-24,2024020773,TBL,away,8476883,Andrei Vasilevskiy,88,G,False,,00:00,0,0,0,,0/0,0/0,0/0,0/0,0,0,0,0
2025-01-24,2024020775,WPG,home,8477480,Eric Comrie,1,G,False,,00:00,0,0,0,,0/0,0/0,0/0,0/0,0,0,0,0
2025-01-24,2024020775,WPG,home,8476945,Connor Hellebuyck,37,G,True,W,60:00,19,17,2,0.894737,14/15,3/4,0/0,17/19,1,1,0,0
2025-01-24,2024020775,UTA,away,8478971,Connor Ingram,39,G,True,L,58:51,28,24,4,0.857143,23/26,0/1,1/1,24/28,3,1,0,0
2025-01-24,2024020775,UTA,away,8478872,Karel Vejmelka,70,G,False,,00:00,0,0,0,,0/0,0/0,0/0,0/0,0,0,0,0
2025-01-25,2024020776,BOS,home,8480280,Jeremy Swayman,1,G,True,W,60:00,28,27,1,0.964286,24/25,3/3,0/0,27/28,1,0,0,0
2025-01-25,2024020776,BOS,home,8476914,Joonas Korpisalo,70,G,False,,00:00,0,0,0,,0/0,0/0,0/0,0/0,0,0,0,0
2025-01-25,2024020776,COL,away,8478406,Mackenzie Blackwood,39,G,False,,00:00,0,0,0,,0/0,0/0,0/0,0/0,0,0,0,0
2025-01-25,2024020776,COL,away,8475809,Scott Wedgewood,41,G,True,L,57:38,14,12,2,0.857143,12/14,0/0,0/0,12/14,2,0,0,0
2025-01-25,2024020777,EDM,home,8475717,Calvin Pickard,30,G,False,,00:00,0,0,0,,0/0,0/0,0/0,0/0,0,0,0,0
2025-01-25,2024020777,EDM,home,8479973,Stuart Skinner,74,G,True,W,60:00,41,39,2,0.95122,27/29,12/12,0/0,39/41,2,0,0,0
2025-01-25,2024020777,BUF,away,8480045,Ukko-Pekka Luukkonen,1,G,False,,00:00,0,0,0,,0/0,0/0,0/0,0/0,0,0,0,0
2025-01-25,2024020777,BUF,away,8473503,James Reimer,47,G,True,L,58:05,34,31,3,0.911765,27/30,0/0,4/4,31/34,3,0,0,0
2025-01-25,2024020778,SEA,home,8475831,Philipp Grubauer,31,G,False,,00:00,0,0,0,,0/0,0/0,0/0,0/0,0,0,0,0
2025-01-25,2024020778,SEA,home,8478916,Joey Daccord,35,G,True,W,60:00,29,28,1,0.965517,26/27,1/1,1/1,28/29,1,0,0,0
2025-01-25,2024020778,PIT,away,8482446,Joel Blomqvist,30,G,True,L,59:36,25,21,4,0.84,16/19,4/5,1/1,21/25,3,1,0,0
2025-01-25,2024020778,PIT,away,8477968,Alex Nedeljkovic,39,G,False,,00:00,0,0,0,,0/0,0/0,0/0,0/0,0,0,0,0
2025-01-25,2024020779,MTL,home,8478470,Samuel Montembeault,35,G,False,,00:00,0,0,0,,0/0,0/0,0/0,0/0,0,0,0,0
2025-01-25,2024020779,MTL,home,8482487,Jakub Dobes,75,G,True,O,64:06,44,40,4,0.909091,37/41,3/3,0/0,40/44,4,0,0,0
2025-01-25,2024020779,NJD,away,8474596,Jake Allen,34,G,True,W,64:06,32,29,3,0.90625,29/32,0/0,0/0,29/32,3,0,0,0
2025-01-25,2024020779,NJD,away,8483659,Isaac Poulter,65,G,False,,00:00,0,0,0,,0/0,0/0,0/0,0/0,0,0,0,0
2025-01-25,2024020780,OTT,home,8482447,Leevi Meriläinen,1,G,False,,00:00,0,0,0,,0/0,0/0,0/0,0/0,0,0,0,0
2025-01-25,2024020780,OTT,home,8476341,Anton Forsberg,31,G,True,W,59:31,29,28,1,0.965517,27/28,1/1,0/0,28/29,1,0,0,0
2025-01-25,2024020780,TOR,away,8476899,Matt Murray,30,G,False,,00:00,0,0,0,,0/0,0/0,0/0,0/0,0,0,0,0
2025-01-25,2024020780,TOR,away,8479361,Joseph Woll,60,G,True,L,58:53,23,21,2,0.913043,17/18,4/5,0/0,21/23,1,1,0,0
2025-01-25,2024020781,DET,home,8479312,Alex Lyon,34,G,False,,00:00,0,0,0,,0/0,0/0,0/0,0/0,0,0,0,0
2025-01-25,2024020781,DET,home,8475660,Cam Talbot,39,G,True,W,60:00,28,28,0,1.0,23/23,4/4,1/1,28/28,0,0,0,0
2025-01-25,2024020781,TBL,away,8477992,Jonas Johansson,31,G,False,,00:00,0,0,0,,0/0,0/0,0/0,0/0,0,0,0,0
2025-01-25,2024020781,TBL,away,8476883,Andrei Vasilevskiy,88,G,True,L,58:00,31,30,1,0.967742,24/25,5/5,1/1,30/31,1,0,0,0
2025-01-25,2024020782,CBJ,home,8480193,Daniil Tarasov,40,G,False,,00:00,0,0,0,,0/0,0/0,0/0,0/0,0,0,0,0
2025-01-25,2024020782,CBJ,home,8478007,Elvis Merzlikins,90,G,True,W,63:20,33,31,2,0.939394,30/32,0/0,1/1,31/33,2,0,0,0
2025-01-25,2024020782,LAK,away,8479496,David Rittich,31,G,False,,00:00,0,0,0,,0/0,0/0,0/0,0/0,0,0,0,0
2025-01-25,2024020782,LAK,away,8475311,Darcy Kuemper,35,G,True,O,61:41,24,21,3,0.875,21/24,0/0,0/0,21/24,3,0,0,0
2025-01-25,2024020783,STL,home,8480981,Joel Hofer,30,G,False,,00:00,0,0,0,,0/0,0/0,0/0,0/0,0,0,0,0
2025-01-25,2024020783,STL,home,8476412,Jordan Binnington,50,G,True,L,55:34,19,17,2,0.894737,13/14,4/5,0/0,17/19,1,1,0,0
2025-01-25,2024020783,DAL,away,8479193,Casey DeSmith,1,G,True,W,60:00,33,33,0,1.0,29/29,2/2,2/2,33/33,0,0,0,0
2025-01-25,2024020783,DAL,away,8479979,Jake Oettinger,29,G,False,,00:00,0,0,0,,0/0,0/0,0/0,0/0,0,0,0,0
2025-01-25,2024020784,MIN,home,8470594,Marc-Andre Fleury,29,G,True,L,58:57,29,24,5,0.827586,22/25,1/3,1/1,24/29,3,2,0,2
2025-01-25,2024020784,MIN,home,8479406,Filip Gustavsson,32,G,False,,00:00,0,0,0,,0/0,0/0,0/0,0/0,0,0,0,0
2025-01-25,2024020784,CGY,away,8481692,Dustin Wolf,32,G,True,W,60:00,25,21,4,0.84,18/21,3/4,0/0,21/25,3,1,0,0
2025-01-25,2024020784,CGY,away,8478435,Dan Vladar,80,G,False,,00:00,0,0,0,,0/0,0/0,0/0,0/0,0,0,0,0
2025-01-25,2024020785,NYI,home,8478009,Ilya Sorokin,30,G,False,W,02:03,1,1,0,1.0,1/1,0/0,0/0,1/1,0,0,0,0
2025-01-25,2024020785,NYI,home,8477405,Marcus Hogberg,50,G,True,,60:00,26,24,2,0.923077,20/22,4/4,0/0,24/26,2,0,0,0
2025-01-25,2024020785,CAR,away,8475883,Frederik Andersen,31,G,False,,00:00,0,0,0,,0/0,0/0,0/0,0/0,0,0,0,0
2025-01-25,2024020785,CAR,away,8481611,Pyotr Kochetkov,52,G,True,O,61:42,27,24,3,0.888889,22/25,2/2,0/0,24/27,3,0,0,0
2025-01-25,2024020786,VAN,home,8480947,Kevin Lankinen,32,G,True,W,60:00,33,32,1,0.969697,29/30,2/2,1/1,32/33,1,0,0,0
2025-01-25,2024020786,VAN,home,8477967,Thatcher Demko,35,G,False,,00:00,0,0,0,,0/0,0/0,0/0,0/0,0,0,0,0
2025-01-25,2024020786,WSH,away,8480313,Logan Thompson,48,G,False,,00:00,0,0,0,,0/0,0/0,0/0,0/0,0,0,0,0
2025-01-25,2024020786,WSH,away,8479292,Charlie Lindgren,79,G,True,L,58:52,25,23,2,0.92,17/19,4/4,2/2,23/25,2,0,0,0
2025-01-25,2024020787,ANA,home,8480843,Lukas Dostal,1,G,False,W,40:00,33,32,1,0.969697,27/28,5/5,0/0,32/33,1,0,0,0
2025-01-25,2024020787,ANA,home,8476434,John Gibson,36,G,True,,20:00,10,9,1,0.9,8/9,0/0,1/1,9/10,1,0,0,0
2025-01-25,2024020787,NSH,away,8481020,Justus Annunen,29,G,False,,00:00,0,0,0,,0/0,0/0,0/0,0/0,0,0,0,0
2025-01-25,2024020787,NSH,away,8477424,Juuse Saros,74,G,True,L,55:15,35,30,5,0.857143,24/28,5/6,1/1,30/35,4,1,0,0
2025-01-25,2024020788,SJS,home,8482137,Yaroslav Askarov,30,G,False,,36:59,17,14,3,0.823529,14/16,0/1,0/0,14/17,2,1,0,0
2025-01-25,2024020788,SJS,home,8480382,Alexandar Georgiev,40,G,True,L,23:01,15,11,4,0.733333,11/15,0/0,0/0,11/15,4,0,0,0
2025-01-25,2024020788,FLA,away,8481519,Spencer Knight,30,G,False,,00:00,0,0,0,,0/0,0/0,0/0,0/0,0,0,0,0
2025-01-25,2024020788,FLA,away,8475683,Sergei Bobrovsky,72,G,True,W,60:00,23,21,2,0.913043,20/22,1/1,0/0,21/23,2,0,0,0
2025-01-26,2024020789,NYR,home,8478048,Igor Shesterkin,31,G,True,L,59:45,22,17,5,0.772727,17/21,0/1,0/0,17/22,4,1,0,0
2025-01-26,2024020789,NYR,home,8471734,Jonathan Quick,32,G,False,,00:00,0,0,0,,0/0,0/0,0/0,0/0,0,0,0,0
2025-01-26,2024020789,COL,away,8478406,Mackenzie Blackwood,39,G,True,W,60:00,37,33,4,0.891892,30/34,3/3,0/0,33/37,4,0,0,0
2025-01-26,2024020789,COL,away,8475809,Scott Wedgewood,41,G,False,,00:00,0,0,0,,0/0,0/0,0/0,0/0,0,0,0,0
2025-01-26,2024020790,OTT,home,8482447,Leevi Meriläinen,1,G,True,W,60:00,35,34,1,0.971429,32/33,1/1,1/1,34/35,1,0,0,0
2025-01-26,2024020790,OTT,home,8476341,Anton Forsberg,31,G,False,,00:00,0,0,0,,0/0,0/0,0/0,0/0,0,0,0,0
2025-01-26,2024020790,UTA,away,8478971,Connor Ingram,39,G,False,,00:00,0,0,0,,0/0,0/0,0/0,0/0,0,0,0,0
2025-01-26,2024020790,UTA,away,8478872,Karel Vejmelka,70,G,True,L,57:36,27,24,3,0.888889,20/22,3/3,1/2,24/27,2,0,1,0
2025-01-26,2024020791,WPG,home,8477480,Eric Comrie,1,G,True,W,60:00,22,20,2,0.909091,18/19,2/3,0/0,20/22,1,1,0,0
2025-01-26,2024020791,WPG,home,8476945,Connor Hellebuyck,37,G,False,,00:00,0,0,0,,0/0,0/0,0/0,0/0,0,0,0,0
2025-01-26,2024020791,CGY,away,8481692,Dustin Wolf,32,G,False,,00:00,0,0,0,,0/0,0/0,0/0,0/0,0,0,0,0
2025-01-26,2024020791,CGY,away,8478435,Dan Vladar,80,G,True,L,59:24,27,22,5,0.814815,20/23,2/4,0/0,22/27,3,2,0,0
2025-01-26,2024020792,CHI,home,8475852,Petr Mrazek,34,G,True,L,58:22,27,24,3,0.888889,18/20,6/7,0/0,24/27,2,1,0,0
2025-01-26,2024020792,CHI,home,8482821,Arvid Soderblom,40,G,False,,00:00,0,0,0,,0/0,0/0,0/0,0/0,0,0,0,0
2025-01-26,2024020792,MIN,away,8470594,Marc-Andre Fleury,29,G,False,,00:00,0,0,0,,0/0,0/0,0/0,0/0,0,0,0,0
2025-01-26,2024020792,MIN,away,8479406,Filip Gustavsson,32,G,True,W,60:00,20,18,2,0.9,15/16,3/4,0/0,18/20,1,1,0,0
2025-01-26,2024020793,VGK,home,8478499,Adin Hill,33,G,True,W,60:00,34,33,1,0.970588,27/28,6/6,0/0,33/34,1,0,0,0
2025-01-26,2024020793,VGK,home,8478492,Ilya Samsonov,35,G,False,,00:00,0,0,0,,0/0,0/0,0/0,0/0,0,0,0,0
2025-01-26,2024020793,FLA,away,8481519,Spencer Knight,30,G,True,L,56:42,25,22,3,0.88,18/21,3/3,1/1,22/25,3,0,0,0
2025-01-26,2024020793,FLA,away,8475683,Sergei Bobrovsky,72,G,False,,00:00,0,0,0,,0/0,0/0,0/0,0/0,0,0,0,0
2025-01-27,2024020794,DET,home,8479312,Alex Lyon,34,G,False,,00:00,0,0,0,,0/0,0/0,0/0,0/0,0,0,0,0
2025-01-27,2024020794,DET,home,8475660,Cam Talbot,39,G,True,W,59:57,25,24,2,0.96,21/22,2/2,1/1,24/25,2,0,0,0
2025-01-27,2024020794,LAK,away,8479496,David Rittich,31,G,False,,00:00,0,0,0,,0/0,0/0,0/0,0/0,0,0,0,0
2025-01-27,2024020794,LAK,away,8475311,Darcy Kuemper,35,G,True,L,57:26,27,23,4,0.851852,21/24,2/3,0/0,23/27,3,1,0,0
2025-01-27,2024020795,PHI,home,8481035,Samuel Ersson,33,G,True,W,60:00,33,31,2,0.939394,26/28,4/4,1/1,31/33,2,0,0,2
2025-01-27,2024020795,PHI,home,8478905,Ivan Fedotov,82,G,False,,00:00,0,0,0,,0/0,0/0,0/0,0/0,0,0,0,0
2025-01-27,2024020795,NJD,away,8474596,Jake Allen,34,G,True,L,56:21,25,22,3,0.88,19/21,1/2,2/2,22/25,2,1,0,0
2025-01-27,2024020795,NJD,away,8483659,Isaac Poulter,65,G,False,,00:00,0,0,0,,0/0,0/0,0/0,0/0,0,0,0,0
2025-01-27,2024020796,STL,home,8480981,Joel Hofer,30,G,False,,29:08,11,10,1,0.909091,9/9,0/0,1/2,10/11,0,0,1,0
2025-01-27,2024020796,STL,home,8476412,Jordan Binnington,50,G,True,L,28:26,18,15,3,0.833333,12/13,2/4,1/1,15/18,1,2,0,0
2025-01-27,2024020796,VAN,away,8480947,Kevin Lankinen,32,G,True,W,60:00,26,24,2,0.923077,19/20,5/6,0/0,24/26,1,1,0,0
2025-01-27,2024020796,VAN,away,8477967,Thatcher Demko,35,G,False,,00:00,0,0,0,,0/0,0/0,0/0,0/0,0,0,0,0
2025-01-27,2024020797,EDM,home,8475717,Calvin Pickard,30,G,True,W,59:54,28,26,2,0.928571,26/28,0/0,0/0,26/28,2,0,0,0
2025-01-27,2024020797,EDM,home,8484620,Tyler Palmer,40,G,False,,00:00,0,0,0,,0/0,0/0,0/0,0/0,0,0,0,0
2025-01-27,2024020797,SEA,away,8475831,Philipp Grubauer,31,G,False,,00:00,0,0,0,,0/0,0/0,0/0,0/0,0,0,0,0
2025-01-27,2024020797,SEA,away,8478916,Joey Daccord,35,G,True,L,58:36,30,27,3,0.9,23/26,1/1,3/3,27/30,3,0,0,0
2025-01-27,2024020798,SJS,home,8482137,Yaroslav Askarov,30,G,True,W,60:00,30,29,1,0.966667,21/22,6/6,2/2,29/30,1,0,0,0
2025-01-27,2024020798,SJS,home,8480382,Alexandar Georgiev,40,G,False,,00:00,0,0,0,,0/0,0/0,0/0,0/0,0,0,0,0
2025-01-27,2024020798,PIT,away,8482446,Joel Blomqvist,30,G,False,,00:00,0,0,0,,0/0,0/0,0/0,0/0,0,0,0,0
2025-01-27,2024020798,PIT,away,8477968,Alex Nedeljkovic,39,G,True,L,57:56,28,26,2,0.928571,22/24,2/2,2/2,26/28,2,0,0,0
2025-01-28,2024020799,BUF,home,8480045,Ukko-Pekka Luukkonen,1,G,True,W,60:00,27,25,2,0.925926,21/22,2/3,2/2,25/27,1,1,0,0
2025-01-28,2024020799,BUF,home,8473503,James Reimer,47,G,False,,00:00,0,0,0,,0/0,0/0,0/0,0/0,0,0,0,0
2025-01-28,2024020799,BOS,away,8480280,Jeremy Swayman,1,G,True,L,59:47,32,26,6,0.8125,22/27,3/4,1/1,26/32,5,1,0,0
2025-01-28,2024020799,BOS,away,8476914,Joonas Korpisalo,70,G,False,,00:00,0,0,0,,0/0,0/0,0/0,0/0,0,0,0,0
2025-01-28,2024020800,MTL,home,8478470,Samuel Montembeault,35,G,True,L,59:31,23,20,3,0.869565,16/19,4/4,0/0,20/23,3,0,0,0
2025-01-28,2024020800,MTL,home,8482487,Jakub Dobes,75,G,False,,00:00,0,0,0,,0/0,0/0,0/0,0/0,0,0,0,0
2025-01-28,2024020800,WPG,away,8477480,Eric Comrie,1,G,False,,00:00,0,0,0,,0/0,0/0,0/0,0/0,0,0,0,0
2025-01-28,2024020800,WPG,away,8476945,Connor Hellebuyck,37,G,True,W,59:13,25,24,1,0.96,24/25,0/0,0/0,24/25,1,0,0,0
2025-01-28,2024020801,TBL,home,8483182,Kyle Konin,30,G,False,,00:00,0,0,0,,0/0,0/0,0/0,0/0,0,0,0,0
2025-01-28,2024020801,TBL,home,8477992,Jonas Johansson,31,G,True,L,56:44,20,17,3,0.85,15/17,1/2,1/1,17/20,2,1,0,0
2025-01-28,2024020801,CHI,away,8475852,Petr Mrazek,34,G,False,,00:00,0,0,0,,0/0,0/0,0/0,0/0,0,0,0,0
2025-01-28,2024020801,CHI,away,8482821,Arvid Soderblom,40,G,True,W,59:38,35,34,1,0.971429,31/32,3/3,0/0,34/35,1,0,0,0
2025-01-28,2024020802,NYR,home,8478048,Igor Shesterkin,31,G,True,L,60:00,26,22,4,0.846154,19/23,3/3,0/0,22/26,4,0,0,0
2025-01-28,2024020802,NYR,home,8471734,Jonathan Quick,32,G,False,,00:00,0,0,0,,0/0,0/0,0/0,0/0,0,0,0,0
2025-01-28,2024020802,CAR,away,8475883,Frederik Andersen,31,G,True,W,60:00,22,22,0,1.0,16/16,5/5,1/1,22/22,0,0,0,0
2025-01-28,2024020802,CAR,away,8481611,Pyotr Kochetkov,52,G,False,,00:00,0,0,0,,0/0,0/0,0/0,0/0,0,0,0,0
2025-01-28,2024020803,NYI,home,8480819,Jakub Skarek,1,G,False,,00:00,0,0,0,,0/0,0/0,0/0,0/0,0,0,0,0
2025-01-28,2024020803,NYI,home,8478009,Ilya Sorokin,30,G,True,W,60:00,32,30,2,0.9375,26/28,4/4,0/0,30/32,2,0,0,0
2025-01-28,2024020803,COL,away,8478406,Mackenzie Blackwood,39,G,True,L,58:51,27,23,4,0.851852,23/27,0/0,0/0,23/27,4,0,0,0
2025-01-28,2024020803,COL,away,8475809,Scott Wedgewood,41,G,False,,00:00,0,0,0,,0/0,0/0,0/0,0/0,0,0,0,0
2025-01-28,2024020804,CGY,home,8481692,Dustin Wolf,32,G,True,L,56:47,23,20,3,0.869565,14/16,5/6,1/1,20/23,2,1,0,0
2025-01-28,2024020804,CGY,home,8478435,Dan Vladar,80,G,False,,00:00,0,0,0,,0/0,0/0,0/0,0/0,0,0,0,0
2025-01-28,2024020804,WSH,away,8480313,Logan Thompson,48,G,True,W,60:00,33,32,1,0.969697,25/25,6/7,1/1,32/33,0,1,0,0
2025-01-28,2024020804,WSH,away,8479292,Charlie Lindgren,79,G,False,,00:00,0,0,0,,0/0,0/0,0/0,0/0,0,0,0,0
2025-01-28,2024020805,VGK,home,8478499,Adin Hill,33,G,True,O,60:20,28,24,4,0.857143,21/24,1/1,2/3,24/28,3,0,1,0
2025-01-28,2024020805,VGK,home,8478492,Ilya Samsonov,35,G,False,,00:00,0,0,0,,0/0,0/0,0/0,0/0,0,0,0,0
2025-01-28,2024020805,DAL,away,8479193,Casey DeSmith,1,G,False,,00:00,0,0,0,,0/0,0/0,0/0,0/0,0,0,0,0
2025-01-28,2024020805,DAL,away,8479979,Jake Oettinger,29,G,True,W,60:20,28,25,3,0.892857,23/25,1/2,1/1,25/28,2,1,0,0
2025-01-28,2024020806,SEA,home,8475831,Philipp Grubauer,31,G,True,L,57:57,22,17,5,0.772727,14/19,1/1,2/2,17/22,5,0,0,0
2025-01-28,2024020806,SEA,home,8478916,Joey Daccord,35,G,False,,00:00,0,0,0,,0/0,0/0,0/0,0/0,0,0,0,0
2025-01-28,2024020806,ANA,away,8480843,Lukas Dostal,1,G,True,W,60:00,30,26,4,0.866667,21/24,5/6,0/0,26/30,3,1,0,0
2025-01-28,2024020806,ANA,away,8476434,John Gibson,36,G,False,,00:00,0,0,0,,0/0,0/0,0/0,0/0,0,0,0,0
2025-01-29,2024020807,TOR,home,8476899,Matt Murray,30,G,False,,00:00,0,0,0,,0/0,0/0,0/0,0/0,0,0,0,0
2025-01-29,2024020807,TOR,home,8479361,Joseph Woll,60,G,True,L,58:12,24,22,2,0.916667,20/21,0/1,2/2,22/24,1,1,0,0
2025-01-29,2024020807,MIN,away,8470594,Marc-Andre Fleury,29,G,False,,00:00,0,0,0,,0/0,0/0,0/0,0/0,0,0,0,0
2025-01-29,2024020807,MIN,away,8479406,Filip Gustavsson,32,G,True,W,59:33,33,32,1,0.969697,30/31,2/2,0/0,32/33,1,0,0,0
2025-01-29,2024020808,FLA,home,8481519,Spencer Knight,30,G,False,,00:00,0,0,0,,0/0,0/0,0/0,0/0,0,0,0,0
2025-01-29,2024020808,FLA,home,8475683,Sergei Bobrovsky,72,G,True,W,60:00,29,29,0,1.0,27/27,2/2,0/0,29/29,0,0,0,0
2025-01-29,2024020808,LAK,away,8479496,David Rittich,31,G,False,,00:00,0,0,0,,0/0,0/0,0/0,0/0,0,0,0,0
2025-01-29,2024020808,LAK,away,8475311,Darcy Kuemper,35,G,True,L,58:19,38,36,2,0.947368,25/26,10/11,1/1,36/38,1,1,0,0
2025-01-29,2024020809,NJD,home,8474596,Jake Allen,34,G,True,W,60:00,24,24,0,1.0,20/20,3/3,1/1,24/24,0,0,0,0
2025-01-29,2024020809,NJD,home,8483659,Isaac Poulter,65,G,False,,00:00,0,0,0,,0/0,0/0,0/0,0/0,0,0,0,0
2025-01-29,2024020809,PHI,away,8481035,Samuel Ersson,33,G,True,L,33:26,16,12,4,0.75,8/10,2/4,2/2,12/16,2,2,0,0
2025-01-29,2024020809,PHI,away,8478905,Ivan Fedotov,82,G,False,,26:17,10,9,1,0.9,9/10,0/0,0/0,9/10,1,0,0,0
2025-01-29,2024020810,NSH,home,8481020,Justus Annunen,29,G,False,,00:00,0,0,0,,0/0,0/0,0/0,0/0,0,0,0,0
2025-01-29,2024020810,NSH,home,8477424,Juuse Saros,74,G,True,L,58:38,21,19,2,0.904762,14/16,4/4,1/1,19/21,2,0,0,0
2025-01-29,2024020810,VAN,away,8480947,Kevin Lankinen,32,G,False,,00:00,0,0,0,,0/0,0/0,0/0,0/0,0,0,0,0
2025-01-29,2024020810,VAN,away,8477967,Thatcher Demko,35,G,True,W,59:51,32,31,1,0.96875,25/26,4/4,2/2,31/32,1,0,0,0
2025-01-29,2024020811,UTA,home,8478971,Connor Ingram,39,G,True,O,63:54,29,26,3,0.896552,23/26,3/3,0/0,26/29,3,0,0,0
2025-01-29,2024020811,UTA,home,8478872,Karel Vejmelka,70,G,False,,00:00,0,0,0,,0/0,0/0,0/0,0/0,0,0,0,0
2025-01-29,2024020811,PIT,away,8482446,Joel Blomqvist,30,G,False,,00:00,0,0,0,,0/0,0/0,0/0,0/0,0,0,0,0
2025-01-29,2024020811,PIT,away,8477968,Alex Nedeljkovic,39,G,True,W,63:54,29,27,2,0.931034,26/27,1/2,0/0,27/29,1,1,0,0
2025-01-30,2024020812,BOS,home,8480280,Jeremy Swayman,1,G,False,,00:00,0,0,0,,0/0,0/0,0/0,0/0,0,0,0,0
2025-01-30,2024020812,BOS,home,8476914,Joonas Korpisalo,70,G,True,L,56:02,27,22,5,0.814815,17/20,4/6,1/1,22/27,3,2,0,0
2025-01-30,2024020812,WPG,away,8477480,Eric Comrie,1,G,False,,00:00,0,0,0,,0/0,0/0,0/0,0/0,0,0,0,0
2025-01-30,2024020812,WPG,away,8476945,Connor Hellebuyck,37,G,True,W,59:57,28,26,2,0.928571,21/21,3/4,2/3,26/28,0,1,1,0
2025-01-30,2024020813,MTL,home,8478470,Samuel Montembeault,35,G,False,,00:00,0,0,0,,0/0,0/0,0/0,0/0,0,0,0,0
2025-01-30,2024020813,MTL,home,8482487,Jakub Dobes,75,G,True,L,56:12,26,23,3,0.884615,21/24,2/2,0/0,23/26,3,0,0,0
2025-01-30,2024020813,MIN,away,8470594,Marc-Andre Fleury,29,G,True,W,60:00,19,19,0,1.0,17/17,2/2,0/0,19/19,0,0,0,0
2025-01-30,2024020813,MIN,away,8479406,Filip Gustavsson,32,G,False,,00:00,0,0,0,,0/0,0/0,0/0,0/0,0,0,0,0
2025-01-30,2024020814,OTT,home,8482447,Leevi Meriläinen,1,G,False,,00:00,0,0,0,,0/0,0/0,0/0,0/0,0,0,0,0
2025-01-30,2024020814,OTT,home,8476341,Anton Forsberg,31,G,True,W,61:46,35,31,4,0.885714,28/30,2/4,1/1,31/35,2,2,0,0
2025-01-30,2024020814,WSH,away,8480313,Logan Thompson,48,G,False,,00:00,0,0,0,,0/0,0/0,0/0,0/0,0,0,0,0
2025-01-30,2024020814,WSH,away,8479292,Charlie Lindgren,79,G,True,O,61:31,34,29,5,0.852941,23/24,3/5,3/5,29/34,1,2,2,0
2025-01-30,2024020815,TBL,home,8477035,Matt Tomkins,70,G,False,,00:00,0,0,0,,0/0,0/0,0/0,0/0,0,0,0,0
2025-01-30,2024020815,TBL,home,8476883,Andrei Vasilevskiy,88,G,True,W,60:00,28,28,0,1.0,25/25,2/2,1/1,28/28,0,0,0,0
2025-01-30,2024020815,LAK,away,8479496,David Rittich,31,G,True,L,58:20,32,30,2,0.9375,28/30,2/2,0/0,30/32,2,0,0,0
2025-01-30,2024020815,LAK,away,8475311,Darcy Kuemper,35,G,False,,00:00,0,0,0,,0/0,0/0,0/0,0/0,0,0,0,0
2025-01-30,2024020817,CAR,home,8475883,Frederik Andersen,31,G,False,,00:00,0,0,0,,0/0,0/0,0/0,0/0,0,0,0,0
2025-01-30,2024020817,CAR,home,8481611,Pyotr Kochetkov,52,G,True,W,60:00,20,18,2,0.9,15/17,2/2,1/1,18/20,2,0,0,0
2025-01-30,2024020817,CHI,away,8475852,Petr Mrazek,34,G,False,,00:00,0,0,0,,0/0,0/0,0/0,0/0,0,0,0,0
2025-01-30,2024020817,CHI,away,8482821,Arvid Soderblom,40,G,True,L,57:51,27,24,3,0.888889,19/21,3/3,2/3,24/27,2,0,1,0
2025-01-30,2024020816,PHI,home,8481035,Samuel Ersson,33,G,False,,00:00,0,0,0,,0/0,0/0,0/0,0/0,0,0,0,0
2025-01-30,2024020816,PHI,home,8478905,Ivan Fedotov,82,G,True,L,59:46,28,25,3,0.892857,21/24,1/1,3/3,25/28,3,0,0,0
2025-01-30,2024020816,NYI,away,8480819,Jakub Skarek,1,G,False,,00:00,0,0,0,,0/0,0/0,0/0,0/0,0,0,0,0
2025-01-30,2024020816,NYI,away,8478009,Ilya Sorokin,30,G,True,W,60:00,23,23,0,1.0,22/22,1/1,0/0,23/23,0,0,0,0
2025-01-30,2024020818,CGY,home,8481692,Dustin Wolf,32,G,True,W,59:28,31,30,1,0.967742,25/25,5/5,0/1,30/31,0,0,1,0
2025-01-30,2024020818,CGY,home,8478435,Dan Vladar,80,G,False,,00:00,0,0,0,,0/0,0/0,0/0,0/0,0,0,0,0
2025-01-30,2024020818,ANA,away,8480843,Lukas Dostal,1,G,False,,00:00,0,0,0,,0/0,0/0,0/0,0/0,0,0,0,0
2025-01-30,2024020818,ANA,away,8476434,John Gibson,36,G,True,L,58:45,29,26,3,0.896552,25/28,1/1,0/0,26/29,3,0,0,0
2025-01-30,2024020819,EDM,home,8475717,Calvin Pickard,30,G,False,,00:00,0,0,0,,0/0,0/0,0/0,0/0,0,0,0,0
2025-01-30,2024020819,EDM,home,8479973,Stuart Skinner,74,G,True,O,64:53,35,33,2,0.942857,23/25,9/9,1/1,33/35,2,0,0,0
2025-01-30,2024020819,DET,away,8479312,Alex Lyon,34,G,True,W,65:00,47,45,2,0.957447,35/36,10/11,0/0,45/47,1,1,0,0
2025-01-30,2024020819,DET,away,8475660,Cam Talbot,39,G,False,,00:00,0,0,0,,0/0,0/0,0/0,0/0,0,0,0,0
2025-01-30,2024020820,VGK,home,8478499,Adin Hill,33,G,False,,00:00,0,0,0,,0/0,0/0,0/0,0/0,0,0,0,0
2025-01-30,2024020820,VGK,home,8478492,Ilya Samsonov,35,G,True,O,60:52,24,22,2,0.916667,22/24,0/0,0/0,22/24,2,0,0,0
2025-01-30,2024020820,CBJ,away,8480193,Daniil Tarasov,40,G,False,,00:00,0,0,0,,0/0,0/0,0/0,0/0,0,0,0,0
2025-01-30,2024020820,CBJ,away,8478007,Elvis Merzlikins,90,G,True,W,60:52,26,25,1,0.961538,24/25,0/0,1/1,25/26,1,0,0,0
2025-01-30,2024020821,SEA,home,8478848,Ales Stezka,30,G,False,,00:00,0,0,0,,0/0,0/0,0/0,0/0,0,0,0,0
2025-01-30,2024020821,SEA,home,8478916,Joey Daccord,35,G,True,W,60:00,28,26,2,0.928571,21/23,4/4,1/1,26/28,2,0,0,0
2025-01-30,2024020821,SJS,away,8482137,Yaroslav Askarov,30,G,True,L,25:58,11,7,4,0.636364,7/11,0/0,0/0,7/11,4,0,0,0
2025-01-30,2024020821,SJS,away,8480382,Alexandar Georgiev,40,G,False,,34:02,22,20,2,0.909091,18/19,1/2,1/1,20/22,1,1,0,0
2025-01-31,2024020822,BUF,home,8480045,Ukko-Pekka Luukkonen,1,G,True,W,60:00,31,28,3,0.903226,24/27,4/4,0/0,28/31,3,0,0,0
2025-01-31,2024020822,BUF,home,8473503,James Reimer,47,G,False,,00:00,0,0,0,,0/0,0/0,0/0,0/0,0,0,0,0
2025-01-31,2024020822,NSH,away,8481020,Justus Annunen,29,G,True,L,57:59,27,23,4,0.851852,20/24,2/2,1/1,23/27,4,0,0,0
2025-01-31,2024020822,NSH,away,8483575,Matt Murray,32,G,False,,00:00,0,0,0,,0/0,0/0,0/0,0/0,0,0,0,0
2025-01-31,2024020823,DAL,home,8479193,Casey DeSmith,1,G,False,,00:00,0,0,0,,0/0,0/0,0/0,0/0,0,0,0,0
2025-01-31,2024020823,DAL,home,8479979,Jake Oettinger,29,G,True,W,60:00,29,26,3,0.896552,15/17,10/11,1/1,26/29,2,1,0,0
2025-01-31,2024020823,VAN,away,8480947,Kevin Lankinen,32,G,False,,00:00,0,0,0,,0/0,0/0,0/0,0/0,0,0,0,0
2025-01-31,2024020823,VAN,away,8477967,Thatcher Demko,35,G,True,L,58:54,14,11,3,0.785714,10/12,1/2,0/0,11/14,2,1,0,0
2025-01-31,2024020824,COL,home,8478406,Mackenzie Blackwood,39,G,True,W,59:18,19,19,0,1.0,16/16,2/2,1/1,19/19,0,0,0,0
2025-01-31,2024020824,COL,home,8475809,Scott Wedgewood,41,G,False,,00:00,0,0,0,,0/0,0/0,0/0,0/0,0,0,0,0
2025-01-31,2024020824,STL,away,8480981,Joel Hofer,30,G,True,L,60:00,36,31,5,0.861111,27/30,2/4,2/2,31/36,3,2,0,0
2025-01-31,2024020824,STL,away,8476412,Jordan Binnington,50,G,False,,00:00,0,0,0,,0/0,0/0,0/0,0/0,0,0,0,0
2025-01-31,2024020825,UTA,home,8478971,Connor Ingram,39,G,False,,00:00,0,0,0,,0/0,0/0,0/0,0/0,0,0,0,0
2025-01-31,2024020825,UTA,home,8478872,Karel Vejmelka,70,G,True,O,61:01,23,20,3,0.869565,14/17,6/6,0/0,20/23,3,0,0,0
2025-01-31,2024020825,CBJ,away,8480193,Daniil Tarasov,40,G,True,W,61:01,34,32,2,0.941176,25/26,7/8,0/0,32/34,1,1,0,0
2025-01-31,2024020825,CBJ,away,8478007,Elvis Merzlikins,90,G,False,,00:00,0,0,0,,0/0,0/0,0/0,0/0,0,0,0,0
2025-02-01,2024020826,FLA,home,8481519,Spencer Knight,30,G,False,,00:00,0,0,0,,0/0,0/0,0/0,0/0,0,0,0,0
2025-02-01,2024020826,FLA,home,8475683,Sergei Bobrovsky,72,G,True,W,59:56,25,24,1,0.96,22/23,0/0,2/2,24/25,1,0,0,0
2025-02-01,2024020826,CHI,away,8475852,Petr Mrazek,34,G,True,L,60:00,44,39,5,0.886364,28/32,9/10,2/2,39/44,4,1,0,0
2025-02-01,2024020826,CHI,away,8482821,Arvid Soderblom,40,G,False,,00:00,0,0,0,,0/0,0/0,0/0,0/0,0,0,0,0
2025-02-01,2024020827,BOS,home,8480280,Jeremy Swayman,1,G,True,W,60:00,25,22,3,0.88,15/17,7/8,0/0,22/25,2,1,0,0
2025-02-01,2024020827,BOS,home,8476914,Joonas Korpisalo,70,G,False,,00:00,0,0,0,,0/0,0/0,0/0,0/0,0,0,0,0
2025-02-01,2024020827,NYR,away,8478048,Igor Shesterkin,31,G,True,L,59:52,24,19,5,0.791667,17/20,1/3,1/1,19/24,3,2,0,0
2025-02-01,2024020827,NYR,away,8471734,Jonathan Quick,32,G,False,,00:00,0,0,0,,0/0,0/0,0/0,0/0,0,0,0,0
2025-02-01,2024020828,OTT,home,8482447,Leevi Meriläinen,1,G,True,W,60:00,16,16,0,1.0,13/13,2/2,1/1,16/16,0,0,0,0
2025-02-01,2024020828,OTT,home,8476341,Anton Forsberg,31,G,False,,00:00,0,0,0,,0/0,0/0,0/0,0/0,0,0,0,0
2025-02-01,2024020828,MIN,away,8470594,Marc-Andre Fleury,29,G,False,,00:00,0,0,0,,0/0,0/0,0/0,0/0,0,0,0,0
2025-02-01,2024020828,MIN,away,8479406,Filip Gustavsson,32,G,True,L,59:55,52,46,6,0.884615,31/33,15/18,0/1,46/52,2,3,1,0
2025-02-01,2024020829,TBL,home,8477035,Matt Tomkins,70,G,False,,00:00,0,0,0,,0/0,0/0,0/0,0/0,0,0,0,0
2025-02-01,2024020829,TBL,home,8476883,Andrei Vasilevskiy,88,G,True,O,58:33,36,33,3,0.916667,32/35,1/1,0/0,33/36,3,0,0,0
2025-02-01,2024020829,NYI,away,8480819,Jakub Skarek,1,G,False,,00:00,0,0,0,,0/0,0/0,0/0,0/0,0,0,0,0
2025-02-01,2024020829,NYI,away,8478009,Ilya Sorokin,30,G,True,W,60:33,31,29,2,0.935484,22/24,7/7,0/0,29/31,2,0,0,0
2025-02-01,2024020830,PIT,home,8482446,Joel Blomqvist,30,G,False,,00:00,0,0,0,,0/0,0/0,0/0,0/0,0,0,0,0
2025-02-01,2024020830,PIT,home,8477968,Alex Nedeljkovic,39,G,True,W,60:00,25,25,0,1.0,25/25,0/0,0/0,25/25,0,0,0,0
2025-02-01,2024020830,NSH,away,8481020,Justus Annunen,29,G,False,,00:00,0,0,0,,0/0,0/0,0/0,0/0,0,0,0,0
2025-02-01,2024020830,NSH,away,8477424,Juuse Saros,74,G,True,L,58:47,35,33,2,0.942857,32/34,1/1,0/0,33/35,2,0,0,2
2025-02-01,2024020831,WSH,home,8480313,Logan Thompson,48,G,True,O,61:57,30,25,5,0.833333,24/28,1/2,0/0,25/30,4,1,0,0
2025-02-01,2024020831,WSH,home,8479292,Charlie Lindgren,79,G,False,,00:00,0,0,0,,0/0,0/0,0/0,0/0,0,0,0,0
2025-02-01,2024020831,WPG,away,8477480,Eric Comrie,1,G,False,,00:00,0,0,0,,0/0,0/0,0/0,0/0,0,0,0,0
2025-02-01,2024020831,WPG,away,8476945,Connor Hellebuyck,37,G,True,W,61:57,29,25,4,0.862069,24/28,1/1,0/0,25/29,4,0,0,0
2025-02-01,2024020832,CAR,home,8475883,Frederik Andersen,31,G,True,L,56:49,26,22,4,0.846154,19/23,3/3,0/0,22/26,4,0,0,0
2025-02-01,2024020832,CAR,home,8481611,Pyotr Kochetkov,52,G,False,,00:00,0,0,0,,0/0,0/0,0/0,0/0,0,0,0,0
2025-02-01,2024020832,LAK,away,8479496,David Rittich,31,G,False,,00:00,0,0,0,,0/0,0/0,0/0,0/0,0,0,0,0
2025-02-01,2024020832,LAK,away,8475311,Darcy Kuemper,35,G,True,W,60:00,28,26,2,0.928571,20/22,6/6,0/0,26/28,2,0,0,0
2025-02-01,2024020833,EDM,home,8475717,Calvin Pickard,30,G,False,,00:00,0,0,0,,0/0,0/0,0/0,0/0,0,0,0,0
2025-02-01,2024020833,EDM,home,8479973,Stuart Skinner,74,G,True,L,58:01,28,24,4,0.857143,18/20,5/7,1/1,24/28,2,2,0,0
2025-02-01,2024020833,TOR,away,8476899,Matt Murray,30,G,False,,00:00,0,0,0,,0/0,0/0,0/0,0/0,0,0,0,0
2025-02-01,2024020833,TOR,away,8479361,Joseph Woll,60,G,True,W,59:30,48,45,3,0.9375,34/37,10/10,1/1,45/48,3,0,0,0
2025-02-01,2024020834,CGY,home,8481692,Dustin Wolf,32,G,True,L,57:59,24,22,2,0.916667,22/24,0/0,0/0,22/24,2,0,0,0
2025-02-01,2024020834,CGY,home,8478435,Dan Vladar,80,G,False,,00:00,0,0,0,,0/0,0/0,0/0,0/0,0,0,0,0
2025-02-01,2024020834,DET,away,8479312,Alex Lyon,34,G,False,,00:00,0,0,0,,0/0,0/0,0/0,0/0,0,0,0,0
2025-02-01,2024020834,DET,away,8475660,Cam Talbot,39,G,True,W,60:00,34,33,1,0.970588,26/26,7/8,0/0,33/34,0,1,0,0
2025-02-02,2024020835,BUF,home,8480045,Ukko-Pekka Luukkonen,1,G,True,W,60:00,24,21,3,0.875,17/19,4/4,0/1,21/24,2,0,1,0
2025-02-02,2024020835,BUF,home,8473503,James Reimer,47,G,False,,00:00,0,0,0,,0/0,0/0,0/0,0/0,0,0,0,0
2025-02-02,2024020835,NJD,away,8474596,Jake Allen,34,G,True,L,39:49,27,23,4,0.851852,15/18,6/6,2/3,23/27,3,0,1,0
2025-02-02,2024020835,NJD,away,8482076,Nico Daws,50,G,False,,19:00,7,7,0,1.0,5/5,2/2,0/0,7/7,0,0,0,0
2025-02-02,2024020836,COL,home,8478406,Mackenzie Blackwood,39,G,True,W,59:40,24,24,0,1.0,23/23,1/1,0/0,24/24,0,0,0,0
2025-02-02,2024020836,COL,home,8481529,Trent Miner,50,G,False,,00:00,0,0,0,,0/0,0/0,0/0,0/0,0,0,0,0
2025-02-02,2024020836,PHI,away,8481035,Samuel Ersson,33,G,True,L,55:29,32,30,2,0.9375,28/29,2/3,0/0,30/32,1,1,0,0
2025-02-02,2024020836,PHI,away,8478905,Ivan Fedotov,82,G,False,,00:00,0,0,0,,0/0,0/0,0/0,0/0,0,0,0,0
2025-02-02,2024020837,ANA,home,8480843,Lukas Dostal,1,G,True,W,60:00,23,21,2,0.913043,15/15,5/6,1/2,21/23,0,1,1,0
2025-02-02,2024020837,ANA,home,8476434,John Gibson,36,G,False,,00:00,0,0,0,,0/0,0/0,0/0,0/0,0,0,0,0
2025-02-02,2024020837,MTL,away,8478470,Samuel Montembeault,35,G,True,L,57:59,22,19,3,0.863636,13/16,3/3,3/3,19/22,3,0,0,0
2025-02-02,2024020837,MTL,away,8482487,Jakub Dobes,75,G,False,,00:00,0,0,0,,0/0,0/0,0/0,0/0,0,0,0,0
2025-02-02,2024020838,FLA,home,8481519,Spencer Knight,30,G,True,W,59:54,34,31,3,0.911765,23/25,7/8,1/1,31/34,2,1,0,0
2025-02-02,2024020838,FLA,home,8475683,Sergei Bobrovsky,72,G,False,,00:00,0,0,0,,0/0,0/0,0/0,0/0,0,0,0,0
2025-02-02,2024020838,NYI,away,8480819,Jakub Skarek,1,G,True,L,56:45,32,27,5,0.84375,22/26,4/5,1/1,27/32,4,1,0,0
2025-02-02,2024020838,NYI,away,8478009,Ilya Sorokin,30,G,False,,00:00,0,0,0,,0/0,0/0,0/0,0/0,0,0,0,0
2025-02-02,2024020839,NYR,home,8478048,Igor Shesterkin,31,G,False,,00:00,0,0,0,,0/0,0/0,0/0,0/0,0,0,0,0
2025-02-02,2024020839,NYR,home,8471734,Jonathan Quick,32,G,True,W,60:00,36,34,2,0.944444,33/34,1/2,0/0,34/36,1,1,0,0
2025-02-02,2024020839,VGK,away,8478499,Adin Hill,33,G,True,L,58:25,28,24,4,0.857143,21/23,3/5,0/0,24/28,2,2,0,0
2025-02-02,2024020839,VGK,away,8478492,Ilya Samsonov,35,G,False,,00:00,0,0,0,,0/0,0/0,0/0,0/0,0,0,0,0
2025-02-02,2024020840,DAL,home,8479193,Casey DeSmith,1,G,True,W,59:02,30,27,3,0.9,20/23,6/6,1/1,27/30,3,0,0,0
2025-02-02,2024020840,DAL,home,8479979,Jake Oettinger,29,G,False,,00:00,0,0,0,,0/0,0/0,0/0,0/0,0,0,0,0
2025-02-02,2024020840,CBJ,away,8480193,Daniil Tarasov,40,G,False,,00:00,0,0,0,,0/0,0/0,0/0,0/0,0,0,0,0
2025-02-02,2024020840,CBJ,away,8478007,Elvis Merzlikins,90,G,True,L,57:00,39,34,5,0.871795,26/30,6/7,2/2,34/39,4,1,0,0
2025-02-02,2024020841,UTA,home,8478971,Connor Ingram,39,G,True,L,58:34,29,27,2,0.931034,20/22,5/5,2/2,27/29,2,0,0,0
2025-02-02,2024020841,UTA,home,8478872,Karel Vejmelka,70,G,False,,00:00,0,0,0,,0/0,0/0,0/0,0/0,0,0,0,0
2025-02-02,2024020841,STL,away,8480981,Joel Hofer,30,G,False,,00:00,0,0,0,,0/0,0/0,0/0,0/0,0,0,0,0
2025-02-02,2024020841,STL,away,8476412,Jordan Binnington,50,G,True,W,60:00,25,24,1,0.96,20/21,3/3,1/1,24/25,1,0,0,0
2025-02-02,2024020842,VAN,home,8480947,Kevin Lankinen,32,G,True,O,64:18,18,15,3,0.833333,15/18,0/0,0/0,15/18,3,0,0,0
2025-02-02,2024020842,VAN,home,8477967,Thatcher Demko,35,G,False,,00:00,0,0,0,,0/0,0/0,0/0,0/0,0,0,0,0
2025-02-02,2024020842,DET,away,8479312,Alex Lyon,34,G,True,W,64:18,27,25,2,0.925926,25/27,0/0,0/0,25/27,2,0,0,0
2025-02-02,2024020842,DET,away,8475660,Cam Talbot,39,G,False,,00:00,0,0,0,,0/0,0/0,0/0,0/0,0,0,0,0
2025-02-02,2024020843,SEA,home,8478848,Ales Stezka,30,G,False,,00:00,0,0,0,,0/0,0/0,0/0,0/0,0,0,0,0
2025-02-02,2024020843,SEA,home,8478916,Joey Daccord,35,G,True,L,58:40,35,32,3,0.914286,25/26,7/9,0/0,32/35,1,2,0,0
2025-02-02,2024020843,CGY,away,8481692,Dustin Wolf,32,G,False,,00:00,0,0,0,,0/0,0/0,0/0,0/0,0,0,0,0
2025-02-02,2024020843,CGY,away,8478435,Dan Vladar,80,G,True,W,60:00,31,29,2,0.935484,25/27,3/3,1/1,29/31,2,0,0,2
2025-02-03,2024020844,NSH,home,8481020,Justus Annunen,29,G,False,,00:00,0,0,0,,0/0,0/0,0/0,0/0,0,0,0,0
2025-02-03,2024020844,NSH,home,8477424,Juuse Saros,74,G,True,L,58:56,38,34,4,0.894737,28/31,5/6,1/1,34/38,3,1,0,0
2025-02-03,2024020844,OTT,away,8476341,Anton Forsberg,31,G,True,W,60:00,27,25,2,0.925926,23/24,1/2,1/1,25/27,1,1,0,0
2025-02-03,2024020844,OTT,away,8476999,Linus Ullmark,35,G,False,,00:00,0,0,0,,0/0,0/0,0/0,0/0,0,0,0,0
2025-02-04,2024020845,BOS,home,8480280,Jeremy Swayman,1,G,True,W,59:53,36,36,0,1.0,30/30,5/5,1/1,36/36,0,0,0,0
2025-02-04,2024020845,BOS,home,8476914,Joonas Korpisalo,70,G,False,,00:00,0,0,0,,0/0,0/0,0/0,0/0,0,0,0,0
2025-02-04,2024020845,MIN,away,8470594,Marc-Andre Fleury,29,G,True,L,57:51,34,32,2,0.941176,23/25,6/6,3/3,32/34,2,0,0,0
2025-02-04,2024020845,MIN,away,8479406,Filip Gustavsson,32,G,False,,00:00,0,0,0,,0/0,0/0,0/0,0/0,0,0,0,0
2025-02-04,2024020846,BUF,home,8478433,Felix Sandstrom,32,G,False,,00:00,0,0,0,,0/0,0/0,0/0,0/0,0,0,0,0
2025-02-04,2024020846,BUF,home,8473503,James Reimer,47,G,True,W,60:00,29,27,2,0.931034,25/27,1/1,1/1,27/29,2,0,0,0
2025-02-04,2024020846,CBJ,away,8480193,Daniil Tarasov,40,G,False,,00:00,0,0,0,,0/0,0/0,0/0,0/0,0,0,0,0
2025-02-04,2024020846,CBJ,away,8478007,Elvis Merzlikins,90,G,True,L,57:26,21,18,3,0.857143,12/15,5/5,1/1,18/21,3,0,0,0
2025-02-04,2024020847,TBL,home,8477990,Brandon Halverson,33,G,False,,00:00,0,0,0,,0/0,0/0,0/0,0/0,0,0,0,0
2025-02-04,2024020847,TBL,home,8476883,Andrei Vasilevskiy,88,G,True,W,60:00,28,25,3,0.892857,21/23,4/5,0/0,25/28,2,1,0,0
2025-02-04,2024020847,OTT,away,8476341,Anton Forsberg,31,G,False,,00:00,0,0,0,,0/0,0/0,0/0,0/0,0,0,0,0
2025-02-04,2024020847,OTT,away,8476999,Linus Ullmark,35,G,True,L,57:59,37,34,3,0.918919,29/31,5/6,0/0,34/37,2,1,0,0
2025-02-04,2024020848,PIT,home,8482446,Joel Blomqvist,30,G,False,,00:00,0,0,0,,0/0,0/0,0/0,0/0,0,0,0,0
2025-02-04,2024020848,PIT,home,8477968,Alex Nedeljkovic,39,G,True,O,65:00,21,19,2,0.904762,16/18,2/2,1/1,19/21,2,0,0,0
2025-02-04,2024020848,NJD,away,8474596,Jake Allen,34,G,False,,00:00,0,0,0,,0/0,0/0,0/0,0/0,0,0,0,0
2025-02-04,2024020848,NJD,away,8482076,Nico Daws,50,G,True,W,64:15,27,25,2,0.925926,18/20,6/6,1/1,25/27,2,0,0,0
2025-02-04,2024020849,WSH,home,8480313,Logan Thompson,48,G,True,W,59:04,33,30,3,0.909091,28/31,1/1,1/1,30/33,3,0,0,0
2025-02-04,2024020849,WSH,home,8479292,Charlie Lindgren,79,G,False,,00:00,0,0,0,,0/0,0/0,0/0,0/0,0,0,0,0
2025-02-04,2024020849,FLA,away,8481519,Spencer Knight,30,G,False,,00:00,0,0,0,,0/0,0/0,0/0,0/0,0,0,0,0
2025-02-04,2024020849,FLA,away,8475683,Sergei Bobrovsky,72,G,True,L,58:02,24,20,4,0.833333,18/21,2/2,0/1,20/24,3,0,1,0
2025-02-04,2024020850,NYI,home,8480819,Jakub Skarek,1,G,False,,00:00,0,0,0,,0/0,0/0,0/0,0/0,0,0,0,0
2025-02-04,2024020850,NYI,home,8478009,Ilya Sorokin,30,G,True,W,60:00,34,33,1,0.970588,33/34,0/0,0/0,33/34,1,0,0,0
2025-02-04,2024020850,VGK,away,8478499,Adin Hill,33,G,False,,00:00,0,0,0,,0/0,0/0,0/0,0/0,0,0,0,0
2025-02-04,2024020850,VGK,away,8478492,Ilya Samsonov,35,G,True,L,58:14,14,12,2,0.857143,12/14,0/0,0/0,12/14,2,0,0,0
2025-02-04,2024020851,STL,home,8480981,Joel Hofer,30,G,False,,00:00,0,0,0,,0/0,0/0,0/0,0/0,0,0,0,0
2025-02-04,2024020851,STL,home,8476412,Jordan Binnington,50,G,True,O,62:33,39,36,3,0.923077,31/33,5/6,0/0,36/39,2,1,0,0
2025-02-04,2024020851,EDM,away,8475717,Calvin Pickard,30,G,False,,00:00,0,0,0,,0/0,0/0,0/0,0/0,0,0,0,0
2025-02-04,2024020851,EDM,away,8479973,Stuart Skinner,74,G,True,W,61:34,22,20,2,0.909091,17/18,1/2,2/2,20/22,1,1,0,0
2025-02-04,2024020852,WPG,home,8477480,Eric Comrie,1,G,True,W,59:55,29,29,0,1.0,26/26,1/1,2/2,29/29,0,0,0,0
2025-02-04,2024020852,WPG,home,8476945,Connor Hellebuyck,37,G,False,,00:00,0,0,0,,0/0,0/0,0/0,0/0,0,0,0,0
2025-02-04,2024020852,CAR,away,8475883,Frederik Andersen,31,G,False,,00:00,0,0,0,,0/0,0/0,0/0,0/0,0,0,0,0
2025-02-04,2024020852,CAR,away,8481611,Pyotr Kochetkov,52,G,True,L,60:00,30,27,3,0.9,26/27,1/3,0/0,27/30,1,2,0,0
2025-02-04,2024020853,CGY,home,8481692,Dustin Wolf,32,G,True,L,57:20,29,24,5,0.827586,16/19,7/9,1/1,24/29,3,2,0,0
2025-02-04,2024020853,CGY,home,8478435,Dan Vladar,80,G,False,,00:00,0,0,0,,0/0,0/0,0/0,0/0,0,0,0,0
2025-02-04,2024020853,TOR,away,8476899,Matt Murray,30,G,False,,00:00,0,0,0,,0/0,0/0,0/0,0/0,0,0,0,0
2025-02-04,2024020853,TOR,away,8479361,Joseph Woll,60,G,True,W,60:00,26,23,3,0.884615,18/19,3/5,2/2,23/26,1,2,0,0
2025-02-04,2024020854,UTA,home,8478971,Connor Ingram,39,G,False,,00:00,0,0,0,,0/0,0/0,0/0,0/0,0,0,0,0
2025-02-04,2024020854,UTA,home,8478872,Karel Vejmelka,70,G,True,W,64:59,20,18,2,0.9,16/18,2/2,0/0,18/20,2,0,0,0
2025-02-04,2024020854,PHI,away,8481035,Samuel Ersson,33,G,True,O,64:59,42,39,3,0.928571,35/38,4/4,0/0,39/42,3,0,0,0
2025-02-04,2024020854,PHI,away,8478905,Ivan Fedotov,82,G,False,,00:00,0,0,0,,0/0,0/0,0/0,0/0,0,0,0,0
2025-02-04,2024020855,VAN,home,8480947,Kevin Lankinen,32,G,False,,00:00,0,0,0,,0/0,0/0,0/0,0/0,0,0,0,0
2025-02-04,2024020855,VAN,home,8477967,Thatcher Demko,35,G,True,W,60:00,25,25,0,1.0,23/23,0/0,2/2,25/25,0,0,0,0
2025-02-04,2024020855,COL,away,8478406,Mackenzie Blackwood,39,G,True,L,57:40,30,28,2,0.933333,23/24,4/5,1/1,28/30,1,1,0,0
2025-02-04,2024020855,COL,away,8481529,Trent Miner,50,G,False,,00:00,0,0,0,,0/0,0/0,0/0,0/0,0,0,0,0
2025-02-04,2024020857,SEA,home,8478848,Ales Stezka,30,G,False,,00:00,0,0,0,,0/0,0/0,0/0,0/0,0,0,0,0
2025-02-04,2024020857,SEA,home,8478916,Joey Daccord,35,G,True,O,65:00,40,36,4,0.9,28/30,8/10,0/0,36/40,2,2,0,0
2025-02-04,2024020857,DET,away,8479312,Alex Lyon,34,G,False,,00:00,0,0,0,,0/0,0/0,0/0,0/0,0,0,0,0
2025-02-04,2024020857,DET,away,8475660,Cam Talbot,39,G,True,W,64:22,27,23,4,0.851852,20/24,2/2,1/1,23/27,4,0,0,0
2025-02-04,2024020856,ANA,home,8480843,Lukas Dostal,1,G,False,,00:00,0,0,0,,0/0,0/0,0/0,0/0,0,0,0,0
2025-02-04,2024020856,ANA,home,8476434,John Gibson,36,G,True,W,59:48,27,26,1,0.962963,22/23,3/3,1/1,26/27,1,0,0,0
2025-02-04,2024020856,DAL,away,8479193,Casey DeSmith,1,G,False,,00:00,0,0,0,,0/0,0/0,0/0,0/0,0,0,0,0
2025-02-04,2024020856,DAL,away,8479979,Jake Oettinger,29,G,True,L,57:52,28,26,2,0.928571,22/24,4/4,0/0,26/28,2,0,0,0
2025-02-04,2024020858,SJS,home,8480382,Alexandar Georgiev,40,G,True,L,57:27,20,16,4,0.8,13/14,3/5,0/1,16/20,1,2,1,0
2025-02-04,2024020858,SJS,home,8477970,Vitek Vanecek,41,G,False,,00:00,0,0,0,,0/0,0/0,0/0,0/0,0,0,0,0
2025-02-04,2024020858,MTL,away,8478470,Samuel Montembeault,35,G,True,W,59:36,30,27,3,0.9,21/22,5/7,1/1,27/30,1,2,0,0
2025-02-04,2024020858,MTL,away,8482487,Jakub Dobes,75,G,False,,00:00,0,0,0,,0/0,0/0,0/0,0/0,0,0,0,0
2025-02-05,2024020859,NYR,home,8478048,Igor Shesterkin,31,G,True,W,60:00,17,15,2,0.882353,12/14,3/3,0/0,15/17,2,0,0,0
2025-02-05,2024020859,NYR,home,8471734,Jonathan Quick,32,G,False,,00:00,0,0,0,,0/0,0/0,0/0,0/0,0,0,0,0
2025-02-05,2024020859,BOS,away,8480280,Jeremy Swayman,1,G,False,,00:00,0,0,0,,0/0,0/0,0/0,0/0,0,0,0,0
2025-02-05,2024020859,BOS,away,8476914,Joonas Korpisalo,70,G,True,L,58:01,22,19,3,0.863636,17/19,1/1,1/2,19/22,2,0,1,0
2025-02-05,2024020860,CHI,home,8475852,Petr Mrazek,34,G,False,,00:00,0,0,0,,0/0,0/0,0/0,0/0,0,0,0,0
2025-02-05,2024020860,CHI,home,8482821,Arvid Soderblom,40,G,True,O,61:19,38,34,4,0.894737,31/34,3/4,0/0,34/38,3,1,0,0
2025-02-05,2024020860,EDM,away,8475717,Calvin Pickard,30,G,True,W,61:36,32,29,3,0.90625,26/28,0/1,3/3,29/32,2,1,0,0
2025-02-05,2024020860,EDM,away,8479973,Stuart Skinner,74,G,False,,00:00,0,0,0,,0/0,0/0,0/0,0/0,0,0,0,0
2025-02-05,2024020861,LAK,home,8479496,David Rittich,31,G,False,,00:00,0,0,0,,0/0,0/0,0/0,0/0,0,0,0,0
2025-02-05,2024020861,LAK,home,8475311,Darcy Kuemper,35,G,True,W,59:40,21,18,3,0.857143,16/19,2/2,0/0,18/21,3,0,0,2
2025-02-05,2024020861,MTL,away,8478470,Samuel Montembeault,35,G,False,,00:00,0,0,0,,0/0,0/0,0/0,0/0,0,0,0,0
2025-02-05,2024020861,MTL,away,8482487,Jakub Dobes,75,G,True,L,59:38,36,31,5,0.861111,26/31,3/3,2/2,31/36,5,0,0,0
2025-02-06,2024020862,TBL,home,8477990,Brandon Halverson,33,G,False,,00:00,0,0,0,,0/0,0/0,0/0,0/0,0,0,0,0
2025-02-06,2024020862,TBL,home,8476883,Andrei Vasilevskiy,88,G,True,W,59:49,28,27,1,0.964286,24/25,3/3,0/0,27/28,1,0,0,2
2025-02-06,2024020862,OTT,away,8476341,Anton Forsberg,31,G,True,L,57:23,30,26,4,0.866667,22/25,4/5,0/0,26/30,3,1,0,0
2025-02-06,2024020862,OTT,away,8476999,Linus Ullmark,35,G,False,,00:00,0,0,0,,0/0,0/0,0/0,0/0,0,0,0,0
2025-02-06,2024020863,NJD,home,8474596,Jake Allen,34,G,True,L,59:01,40,37,3,0.925,30/33,7/7,0/0,37/40,3,0,0,0
2025-02-06,2024020863,NJD,home,8482076,Nico Daws,50,G,False,,00:00,0,0,0,,0/0,0/0,0/0,0/0,0,0,0,0
2025-02-06,2024020863,VGK,away,8478499,Adin Hill,33,G,True,W,59:54,15,14,1,0.933333,13/13,0/1,1/1,14/15,0,1,0,0
2025-02-06,2024020863,VGK,away,8478492,Ilya Samsonov,35,G,False,,00:00,0,0,0,,0/0,0/0,0/0,0/0,0,0,0,0
2025-02-06,2024020864,PHI,home,8481035,Samuel Ersson,33,G,False,,00:00,0,0,0,,0/0,0/0,0/0,0/0,0,0,0,0
2025-02-06,2024020864,PHI,home,8478905,Ivan Fedotov,82,G,True,L,58:02,18,14,4,0.777778,12/16,2/2,0/0,14/18,4,0,0,0
2025-02-06,2024020864,WSH,away,8480313,Logan Thompson,48,G,False,,00:00,0,0,0,,0/0,0/0,0/0,0/0,0,0,0,0
2025-02-06,2024020864,WSH,away,8479292,Charlie Lindgren,79,G,True,W,60:00,22,19,3,0.863636,17/19,1/2,1/1,19/22,2,1,0,0
2025-02-06,2024020865,CBJ,home,8480193,Daniil Tarasov,40,G,False,,00:00,0,0,0,,0/0,0/0,0/0,0/0,0,0,0,0
2025-02-06,2024020865,CBJ,home,8478007,Elvis Merzlikins,90,G,True,O,64:27,33,30,3,0.909091,23/26,7/7,0/0,30/33,3,0,0,0
2025-02-06,2024020865,UTA,away,8478971,Connor Ingram,39,G,True,W,64:17,22,20,2,0.909091,16/17,3/3,1/2,20/22,1,0,1,0
2025-02-06,2024020865,UTA,away,8478872,Karel Vejmelka,70,G,False,,00:00,0,0,0,,0/0,0/0,0/0,0/0,0,0,0,0
2025-02-06,2024020867,MIN,home,8470594,Marc-Andre Fleury,29,G,False,,00:00,0,0,0,,0/0,0/0,0/0,0/0,0,0,0,0
2025-02-06,2024020867,MIN,home,8479406,Filip Gustavsson,32,G,True,W,60:00,38,37,1,0.973684,33/34,3/3,1/1,37/38,1,0,0,0
2025-02-06,2024020867,CAR,away,8475883,Frederik Andersen,31,G,True,L,56:53,24,22,2,0.916667,19/21,2/2,1/1,22/24,2,0,0,0
2025-02-06,2024020867,CAR,away,8481611,Pyotr Kochetkov,52,G,False,,00:00,0,0,0,,0/0,0/0,0/0,0/0,0,0,0,0
2025-02-06,2024020866,STL,home,8480981,Joel Hofer,30,G,True,L,59:39,34,31,3,0.911765,31/33,0/1,0/0,31/34,2,1,0,0
2025-02-06,2024020866,STL,home,8476412,Jordan Binnington,50,G,False,,00:00,0,0,0,,0/0,0/0,0/0,0/0,0,0,0,0
2025-02-06,2024020866,FLA,away,8481519,Spencer Knight,30,G,True,W,60:00,22,20,2,0.909091,19/20,1/2,0/0,20/22,1,1,0,0
2025-02-06,2024020866,FLA,away,8475683,Sergei Bobrovsky,72,G,False,,00:00,0,0,0,,0/0,0/0,0/0,0/0,0,0,0,0
2025-02-06,2024020868,CGY,home,8481692,Dustin Wolf,32,G,True,L,58:13,34,30,4,0.882353,23/26,6/7,1/1,30/34,3,1,0,0
2025-02-06,2024020868,CGY,home,8478435,Dan Vladar,80,G,False,,00:00,0,0,0,,0/0,0/0,0/0,0/0,0,0,0,0
2025-02-06,2024020868,COL,away,8478406,Mackenzie Blackwood,39,G,True,W,60:00,29,27,2,0.931034,20/21,6/7,1/1,27/29,1,1,0,0
2025-02-06,2024020868,COL,away,8481529,Trent Miner,50,G,False,,00:00,0,0,0,,0/0,0/0,0/0,0/0,0,0,0,0
2025-02-06,2024020869,SEA,home,8478848,Ales Stezka,30,G,False,,00:00,0,0,0,,0/0,0/0,0/0,0/0,0,0,0,0
2025-02-06,2024020869,SEA,home,8478916,Joey Daccord,35,G,True,L,56:01,30,27,3,0.9,20/22,3/4,4/4,27/30,2,1,0,0
2025-02-06,2024020869,TOR,away,8476932,Anthony Stolarz,41,G,True,W,60:00,27,26,1,0.962963,17/18,8/8,1/1,26/27,1,0,0,0
2025-02-06,2024020869,TOR,away,8479361,Joseph Woll,60,G,False,,00:00,0,0,0,,0/0,0/0,0/0,0/0,0,0,0,0
2025-02-06,2024020870,SJS,home,8480382,Alexandar Georgiev,40,G,False,,00:00,0,0,0,,0/0,0/0,0/0,0/0,0,0,0,0
2025-02-06,2024020870,SJS,home,8477970,Vitek Vanecek,41,G,True,O,59:46,24,22,2,0.916667,17/18,5/6,0/0,22/24,1,1,0,0
2025-02-06,2024020870,VAN,away,8480947,Kevin Lankinen,32,G,False,,00:00,0,0,0,,0/0,0/0,0/0,0/0,0,0,0,0
2025-02-06,2024020870,VAN,away,8477967,Thatcher Demko,35,G,True,W,60:33,34,33,1,0.970588,29/30,3/3,1/1,33/34,1,0,0,0
2025-02-07,2024020871,NYR,home,8478048,Igor Shesterkin,31,G,True,L,57:26,26,23,3,0.884615,18/20,5/6,0/0,23/26,2,1,0,0
2025-02-07,2024020871,NYR,home,8471734,Jonathan Quick,32,G,False,,00:00,0,0,0,,0/0,0/0,0/0,0/0,0,0,0,0
2025-02-07,2024020871,PIT,away,8482446,Joel Blomqvist,30,G,False,,00:00,0,0,0,,0/0,0/0,0/0,0/0,0,0,0,0
2025-02-07,2024020871,PIT,away,8477968,Alex Nedeljkovic,39,G,True,W,59:54,24,22,2,0.916667,19/21,1/1,2/2,22/24,2,0,0,0
2025-02-07,2024020872,WPG,home,8477480,Eric Comrie,1,G,False,,00:00,0,0,0,,0/0,0/0,0/0,0/0,0,0,0,0
2025-02-07,2024020872,WPG,home,8476945,Connor Hellebuyck,37,G,True,W,60:00,35,32,3,0.914286,24/27,8/8,0/0,32/35,3,0,0,0
2025-02-07,2024020872,NYI,away,8480819,Jakub Skarek,1,G,False,,00:00,0,0,0,,0/0,0/0,0/0,0/0,0,0,0,0
2025-02-07,2024020872,NYI,away,8478009,Ilya Sorokin,30,G,True,L,57:40,27,23,4,0.851852,16/20,5/5,2/2,23/27,4,0,0,0
2025-02-07,2024020873,CHI,home,8475852,Petr Mrazek,34,G,True,W,60:00,33,31,2,0.939394,24/26,7/7,0/0,31/33,2,0,0,0
2025-02-07,2024020873,CHI,home,8482821,Arvid Soderblom,40,G,False,,00:00,0,0,0,,0/0,0/0,0/0,0/0,0,0,0,0
2025-02-07,2024020873,NSH,away,8481020,Justus Annunen,29,G,False,,00:00,0,0,0,,0/0,0/0,0/0,0/0,0,0,0,0
2025-02-07,2024020873,NSH,away,8477424,Juuse Saros,74,G,True,L,59:38,30,24,6,0.8,18/22,3/5,3/3,24/30,4,2,0,0
2025-02-07,2024020874,EDM,home,8475717,Calvin Pickard,30,G,False,L,38:02,19,17,2,0.894737,11/12,4/4,2/3,17/19,1,0,1,0
2025-02-07,2024020874,EDM,home,8479973,Stuart Skinner,74,G,True,,20:00,12,9,3,0.75,9/11,0/1,0/0,9/12,2,1,0,0
2025-02-07,2024020874,COL,away,8478406,Mackenzie Blackwood,39,G,True,W,60:00,27,23,4,0.851852,21/23,2/4,0/0,23/27,2,2,0,0
2025-02-07,2024020874,COL,away,8481529,Trent Miner,50,G,False,,00:00,0,0,0,,0/0,0/0,0/0,0/0,0,0,0,0
2025-02-07,2024020875,LAK,home,8479496,David Rittich,31,G,True,W,65:00,30,26,4,0.866667,25/29,0/0,1/1,26/30,4,0,0,0
2025-02-07,2024020875,LAK,home,8475311,Darcy Kuemper,35,G,False,,00:00,0,0,0,,0/0,0/0,0/0,0/0,0,0,0,0
2025-02-07,2024020875,DAL,away,8479193,Casey DeSmith,1,G,False,,00:00,0,0,0,,0/0,0/0,0/0,0/0,0,0,0,0
2025-02-07,2024020875,DAL,away,8479979,Jake Oettinger,29,G,True,O,65:00,37,33,4,0.891892,32/36,1/1,0/0,33/37,4,0,0,0
2025-02-08,2024020876,MTL,home,8478470,Samuel Montembeault,35,G,True,L,60:00,22,18,4,0.818182,16/20,1/1,1/1,18/22,4,0,0,0
2025-02-08,2024020876,MTL,home,8482487,Jakub Dobes,75,G,False,,00:00,0,0,0,,0/0,0/0,0/0,0/0,0,0,0,0
2025-02-08,2024020876,NJD,away,8474596,Jake Allen,34,G,True,W,59:25,34,34,0,1.0,31/31,2/2,1/1,34/34,0,0,0,0
2025-02-08,2024020876,NJD,away,8482076,Nico Daws,50,G,False,,00:00,0,0,0,,0/0,0/0,0/0,0/0,0,0,0,0
2025-02-08,2024020877,DET,home,8479312,Alex Lyon,34,G,True,,02:56,3,1,2,0.333333,1/3,0/0,0/0,1/3,2,0,0,0
2025-02-08,2024020877,DET,home,8475660,Cam Talbot,39,G,False,L,54:48,14,11,3,0.785714,11/14,0/0,0/0,11/14,3,0,0,0
2025-02-08,2024020877,TBL,away,8477990,Brandon Halverson,33,G,False,,00:00,0,0,0,,0/0,0/0,0/0,0/0,0,0,0,0
2025-02-08,2024020877,TBL,away,8476883,Andrei Vasilevskiy,88,G,True,W,60:00,37,34,3,0.918919,27/29,7/8,0/0,34/37,2,1,0,0
2025-02-08,2024020878,CAR,home,8475883,Frederik Andersen,31,G,False,,00:00,0,0,0,,0/0,0/0,0/0,0/0,0,0,0,0
2025-02-08,2024020878,CAR,home,8481611,Pyotr Kochetkov,52,G,True,W,60:00,39,36,3,0.923077,29/30,7/9,0/0,36/39,1,2,0,0
2025-02-08,2024020878,UTA,away,8478971,Connor Ingram,39,G,False,,00:00,0,0,0,,0/0,0/0,0/0,0/0,0,0,0,0
2025-02-08,2024020878,UTA,away,8478872,Karel Vejmelka,70,G,True,L,59:22,37,31,6,0.837838,28/32,1/2,2/3,31/37,4,1,1,0
2025-02-08,2024020879,BOS,home,8480280,Jeremy Swayman,1,G,True,L,59:14,38,34,4,0.894737,32/34,1/3,1/1,34/38,2,2,0,0
2025-02-08,2024020879,BOS,home,8476914,Joonas Korpisalo,70,G,False,,00:00,0,0,0,,0/0,0/0,0/0,0/0,0,0,0,0
2025-02-08,2024020879,VGK,away,8478499,Adin Hill,33,G,False,,00:00,0,0,0,,0/0,0/0,0/0,0/0,0,0,0,0
2025-02-08,2024020879,VGK,away,8478492,Ilya Samsonov,35,G,True,W,60:00,24,21,3,0.875,18/21,3/3,0/0,21/24,3,0,0,0
2025-02-08,2024020880,FLA,home,8481519,Spencer Knight,30,G,False,,00:00,0,0,0,,0/0,0/0,0/0,0/0,0,0,0,0
2025-02-08,2024020880,FLA,home,8475683,Sergei Bobrovsky,72,G,True,W,59:46,27,26,1,0.962963,19/19,3/4,4/4,26/27,0,1,0,0
2025-02-08,2024020880,OTT,away,8476341,Anton Forsberg,31,G,False,,00:00,0,0,0,,0/0,0/0,0/0,0/0,0,0,0,0
2025-02-08,2024020880,OTT,away,8476999,Linus Ullmark,35,G,True,L,58:02,47,43,4,0.914894,32/35,11/12,0/0,43/47,3,1,0,0
2025-02-08,2024020881,PHI,home,8481035,Samuel Ersson,33,G,True,W,59:48,33,31,2,0.939394,26/28,4/4,1/1,31/33,2,0,0,0
2025-02-08,2024020881,PHI,home,8478905,Ivan Fedotov,82,G,False,,00:00,0,0,0,,0/0,0/0,0/0,0/0,0,0,0,0
2025-02-08,2024020881,PIT,away,8482446,Joel Blomqvist,30,G,True,L,58:18,20,17,3,0.85,15/18,0/0,2/2,17/20,3,0,0,0
2025-02-08,2024020881,PIT,away,8477968,Alex Nedeljkovic,39,G,False,,00:00,0,0,0,,0/0,0/0,0/0,0/0,0,0,0,0
2025-02-08,2024020882,CBJ,home,8480193,Daniil Tarasov,40,G,False,,00:00,0,0,0,,0/0,0/0,0/0,0/0,0,0,0,0
2025-02-08,2024020882,CBJ,home,8478007,Elvis Merzlikins,90,G,True,L,58:37,40,36,4,0.9,36/40,0/0,0/0,36/40,4,0,0,0
2025-02-08,2024020882,NYR,away,8471734,Jonathan Quick,32,G,True,W,60:00,25,22,3,0.88,22/25,0/0,0/0,22/25,3,0,0,0
2025-02-08,2024020882,NYR,away,8482193,Dylan Garand,33,G,False,,00:00,0,0,0,,0/0,0/0,0/0,0/0,0,0,0,0
2025-02-08,2024020883,STL,home,8480981,Joel Hofer,30,G,False,,00:00,0,0,0,,0/0,0/0,0/0,0/0,0,0,0,0
2025-02-08,2024020883,STL,home,8476412,Jordan Binnington,50,G,True,W,64:49,21,16,5,0.761905,16/21,0/0,0/0,16/21,5,0,0,0
2025-02-08,2024020883,CHI,away,8475852,Petr Mrazek,34,G,False,,00:00,0,0,0,,0/0,0/0,0/0,0/0,0,0,0,0
2025-02-08,2024020883,CHI,away,8482821,Arvid Soderblom,40,G,True,O,65:00,40,35,5,0.875,32/37,3/3,0/0,35/40,5,0,0,0
2025-02-08,2024020884,VAN,home,8480947,Kevin Lankinen,32,G,False,W,50:00,22,21,1,0.954545,15/16,5/5,1/1,21/22,1,0,0,0
2025-02-08,2024020884,VAN,home,8477967,Thatcher Demko,35,G,True,,10:00,6,6,0,1.0,6/6,0/0,0/0,6/6,0,0,0,0
2025-02-08,2024020884,TOR,away,8476932,Anthony Stolarz,41,G,False,,00:00,0,0,0,,0/0,0/0,0/0,0/0,0,0,0,0
2025-02-08,2024020884,TOR,away,8479361,Joseph Woll,60,G,True,L,57:37,25,23,2,0.92,22/23,1/2,0/0,23/25,1,1,0,0
2025-02-08,2024020885,NSH,home,8481020,Justus Annunen,29,G,True,W,59:23,29,25,4,0.862069,21/24,3/4,1/1,25/29,3,1,0,0
2025-02-08,2024020885,NSH,home,8477424,Juuse Saros,74,G,False,,00:00,0,0,0,,0/0,0/0,0/0,0/0,0,0,0,0
2025-02-08,2024020885,BUF,away,8480045,Ukko-Pekka Luukkonen,1,G,True,L,58:15,22,17,5,0.772727,15/19,2/3,0/0,17/22,4,1,0,0
2025-02-08,2024020885,BUF,away,8473503,James Reimer,47,G,False,,00:00,0,0,0,,0/0,0/0,0/0,0/0,0,0,0,0
2025-02-08,2024020886,MIN,home,8470594,Marc-Andre Fleury,29,G,False,,00:00,0,0,0,,0/0,0/0,0/0,0/0,0,0,0,0
2025-02-08,2024020886,MIN,home,8479406,Filip Gustavsson,32,G,True,W,60:00,35,32,3,0.914286,27/30,5/5,0/0,32/35,3,0,0,0
2025-02-08,2024020886,NYI,away,8480819,Jakub Skarek,1,G,False,,00:00,0,0,0,,0/0,0/0,0/0,0/0,0,0,0,0
2025-02-08,2024020886,NYI,away,8478009,Ilya Sorokin,30,G,True,L,59:14,32,28,5,0.875,21/24,5/6,2/2,28/32,4,1,0,0
2025-02-08,2024020887,CGY,home,8481692,Dustin Wolf,32,G,True,O,62:58,28,25,3,0.892857,19/21,5/6,1/1,25/28,2,1,0,0
2025-02-08,2024020887,CGY,home,8478435,Dan Vladar,80,G,False,,00:00,0,0,0,,0/0,0/0,0/0,0/0,0,0,0,0
2025-02-08,2024020887,SEA,away,8478848,Ales Stezka,30,G,False,,00:00,0,0,0,,0/0,0/0,0/0,0/0,0,0,0,0
2025-02-08,2024020887,SEA,away,8478916,Joey Daccord,35,G,True,W,62:58,29,27,2,0.931034,25/27,2/2,0/0,27/29,2,0,0,0
2025-02-08,2024020889,SJS,home,8480382,Alexandar Georgiev,40,G,False,,00:00,0,0,0,,0/0,0/0,0/0,0/0,0,0,0,0
2025-02-08,2024020889,SJS,home,8477970,Vitek Vanecek,41,G,True,L,60:00,34,26,8,0.764706,25/32,0/1,1/1,26/34,7,1,0,0
2025-02-08,2024020889,DAL,away,8479193,Casey DeSmith,1,G,True,W,60:00,27,24,3,0.888889,23/26,1/1,0/0,24/27,3,0,0,0
2025-02-08,2024020889,DAL,away,8479979,Jake Oettinger,29,G,False,,00:00,0,0,0,,0/0,0/0,0/0,0/0,0,0,0,0
2025-02-08,2024020888,LAK,home,8477831,Pheonix Copley,29,G,False,,00:00,0,0,0,,0/0,0/0,0/0,0/0,0,0,0,0
2025-02-08,2024020888,LAK,home,8479496,David Rittich,31,G,True,O,65:00,26,25,1,0.961538,20/21,3/3,2/2,25/26,1,0,0,0
2025-02-08,2024020888,ANA,away,8480843,Lukas Dostal,1,G,True,W,64:56,45,44,1,0.977778,37/38,6/6,1/1,44/45,1,0,0,0
2025-02-08,2024020888,ANA,away,8476434,John Gibson,36,G,False,,00:00,0,0,0,,0/0,0/0,0/0,0/0,0,0,0,0
2025-02-09,2024020890,WSH,home,8480313,Logan Thompson,48,G,True,O,64:31,27,23,4,0.851852,22/25,0/1,1/1,23/27,3,1,0,0
2025-02-09,2024020890,WSH,home,8479292,Charlie Lindgren,79,G,False,,00:00,0,0,0,,0/0,0/0,0/0,0/0,0,0,0,0
2025-02-09,2024020890,UTA,away,8478971,Connor Ingram,39,G,True,,12:38,10,8,2,0.8,6/6,2/4,0/0,8/10,0,2,0,0
2025-02-09,2024020890,UTA,away,8478872,Karel Vejmelka,70,G,False,W,52:22,32,30,2,0.9375,29/31,0/0,1/1,30/32,2,0,0,0
2025-02-09,2024020891,MTL,home,8478470,Samuel Montembeault,35,G,False,L,37:22,12,11,1,0.916667,11/12,0/0,0/0,11/12,1,0,0,0
2025-02-09,2024020891,MTL,home,8482487,Jakub Dobes,75,G,True,,21:05,8,5,3,0.625,0/2,4/5,1/1,5/8,2,1,0,0
2025-02-09,2024020891,TBL,away,8477990,Brandon Halverson,33,G,False,,00:00,0,0,0,,0/0,0/0,0/0,0/0,0,0,0,0
2025-02-09,2024020891,TBL,away,8476883,Andrei Vasilevskiy,88,G,True,W,60:00,35,32,3,0.914286,31/33,1/2,0/0,32/35,2,1,0,0
2025-02-22,2024020894,DET,home,8479312,Alex Lyon,34,G,False,,00:00,0,0,0,,0/0,0/0,0/0,0/0,0,0,0,0
2025-02-22,2024020894,DET,home,8475660,Cam Talbot,39,G,True,O,63:35,39,35,4,0.897436,26/29,6/7,3/3,35/39,3,1,0,0
2025-02-22,2024020894,MIN,away,8470594,Marc-Andre Fleury,29,G,True,W,62:31,30,27,3,0.9,22/23,5/7,0/0,27/30,1,2,0,0
2025-02-22,2024020894,MIN,away,8479406,Filip Gustavsson,32,G,False,,00:00,0,0,0,,0/0,0/0,0/0,0/0,0,0,0,0
2025-02-22,2024020892,PHI,home,8481035,Samuel Ersson,33,G,True,W,60:00,18,15,3,0.833333,15/18,0/0,0/0,15/18,3,0,0,0
2025-02-22,2024020892,PHI,home,8478905,Ivan Fedotov,82,G,False,,00:00,0,0,0,,0/0,0/0,0/0,0/0,0,0,0,0
2025-02-22,2024020892,EDM,away,8475717,Calvin Pickard,30,G,False,,00:00,0,0,0,,0/0,0/0,0/0,0/0,0,0,0,0
2025-02-22,2024020892,EDM,away,8479973,Stuart Skinner,74,G,True,L,58:57,31,26,5,0.83871,22/26,3/4,1/1,26/31,4,1,0,0
2025-02-22,2024020893,PIT,home,8482446,Joel Blomqvist,30,G,False,,25:35,17,14,3,0.823529,8/10,6/7,0/0,14/17,2,1,0,0
2025-02-22,2024020893,PIT,home,8477968,Alex Nedeljkovic,39,G,True,L,34:25,13,8,5,0.615385,8/13,0/0,0/0,8/13,5,0,0,0
2025-02-22,2024020893,WSH,away,8480313,Logan Thompson,48,G,True,W,59:56,32,29,3,0.90625,27/29,2/3,0/0,29/32,2,1,0,0
2025-02-22,2024020893,WSH,away,8479292,Charlie Lindgren,79,G,False,,00:00,0,0,0,,0/0,0/0,0/0,0/0,0,0,0,0
2025-02-22,2024020895,BUF,home,8480045,Ukko-Pekka Luukkonen,1,G,True,W,60:00,28,26,2,0.928571,19/20,7/8,0/0,26/28,1,1,0,0
2025-02-22,2024020895,BUF,home,8473503,James Reimer,47,G,False,,00:00,0,0,0,,0/0,0/0,0/0,0/0,0,0,0,0
2025-02-22,2024020895,NYR,away,8478048,Igor Shesterkin,31,G,True,L,18:21,16,11,5,0.6875,11/15,0/1,0/0,11/16,4,1,0,0
2025-02-22,2024020895,NYR,away,8471734,Jonathan Quick,32,G,False,,41:39,17,14,3,0.823529,8/11,6/6,0/0,14/17,3,0,0,0
2025-02-22,2024020896,FLA,home,8481519,Spencer Knight,30,G,False,,00:00,0,0,0,,0/0,0/0,0/0,0/0,0,0,0,0
2025-02-22,2024020896,FLA,home,8475683,Sergei Bobrovsky,72,G,True,L,57:05,22,20,2,0.909091,18/19,2/3,0/0,20/22,1,1,0,0
2025-02-22,2024020896,SEA,away,8478848,Ales Stezka,30,G,False,,00:00,0,0,0,,0/0,0/0,0/0,0/0,0,0,0,0
2025-02-22,2024020896,SEA,away,8478916,Joey Daccord,35,G,True,W,60:00,27,26,1,0.962963,24/25,2/2,0/0,26/27,1,0,0,0
2025-02-22,2024020897,NJD,home,8474596,Jake Allen,34,G,True,L,59:01,25,22,3,0.88,21/23,1/2,0/0,22/25,2,1,0,0
2025-02-22,2024020897,NJD,home,8482076,Nico Daws,50,G,False,,00:00,0,0,0,,0/0,0/0,0/0,0/0,0,0,0,0
2025-02-22,2024020897,DAL,away,8479193,Casey DeSmith,1,G,True,W,60:00,33,31,2,0.939394,22/23,8/9,1/1,31/33,1,1,0,0
2025-02-22,2024020897,DAL,away,8479979,Jake Oettinger,29,G,False,,00:00,0,0,0,,0/0,0/0,0/0,0/0,0,0,0,0
2025-02-22,2024020898,NSH,home,8481020,Justus Annunen,29,G,False,,00:00,0,0,0,,0/0,0/0,0/0,0/0,0,0,0,0
2025-02-22,2024020898,NSH,home,8477424,Juuse Saros,74,G,True,W,60:00,32,31,1,0.96875,29/30,2/2,0/0,31/32,1,0,0,0
2025-02-22,2024020898,COL,away,8478406,Mackenzie Blackwood,39,G,False,,00:00,0,0,0,,0/0,0/0,0/0,0/0,0,0,0,0
2025-02-22,2024020898,COL,away,8475809,Scott Wedgewood,41,G,True,L,59:04,17,15,2,0.882353,14/16,1/1,0/0,15/17,2,0,0,0
2025-02-22,2024020899,BOS,home,8480280,Jeremy Swayman,1,G,True,O,62:51,29,26,3,0.896552,21/24,2/2,3/3,26/29,3,0,0,0
2025-02-22,2024020899,BOS,home,8476914,Joonas Korpisalo,70,G,False,,00:00,0,0,0,,0/0,0/0,0/0,0/0,0,0,0,0
2025-02-22,2024020899,ANA,away,8480843,Lukas Dostal,1,G,False,W,23:39,10,9,1,0.9,9/10,0/0,0/0,9/10,1,0,0,0
2025-02-22,2024020899,ANA,away,8476434,John Gibson,36,G,True,,40:00,20,19,1,0.95,15/15,4/5,0/0,19/20,0,1,0,2
2025-02-22,2024020900,TOR,home,8476932,Anthony Stolarz,41,G,True,W,60:00,35,32,3,0.914286,28/31,3/3,1/1,32/35,3,0,0,0
2025-02-22,2024020900,TOR,home,8479361,Joseph Woll,60,G,False,,00:00,0,0,0,,0/0,0/0,0/0,0/0,0,0,0,0
2025-02-22,2024020900,CAR,away,8475883,Frederik Andersen,31,G,False,,00:00,0,0,0,,0/0,0/0,0/0,0/0,0,0,0,0
2025-02-22,2024020900,CAR,away,8481611,Pyotr Kochetkov,52,G,True,L,57:17,21,18,4,0.857143,14/17,3/3,1/1,18/21,4,0,0,0
2025-02-22,2024020901,OTT,home,8476341,Anton Forsberg,31,G,False,,28:28,10,10,0,1.0,7/7,3/3,0/0,10/10,0,0,0,0
2025-02-22,2024020901,OTT,home,8476999,Linus Ullmark,35,G,True,L,31:32,15,10,5,0.666667,10/14,0/1,0/0,10/15,4,1,0,0
2025-02-22,2024020901,MTL,away,8478470,Samuel Montembeault,35,G,True,W,60:00,27,25,2,0.925926,19/20,5/6,1/1,25/27,1,1,0,0
2025-02-22,2024020901,MTL,away,8482487,Jakub Dobes,75,G,False,,00:00,0,0,0,,0/0,0/0,0/0,0/0,0,0,0,0
2025-02-22,2024020902,CBJ,home,8480193,Daniil Tarasov,40,G,False,,00:00,0,0,0,,0/0,0/0,0/0,0/0,0,0,0,0
2025-02-22,2024020902,CBJ,home,8478007,Elvis Merzlikins,90,G,True,W,60:00,28,27,1,0.964286,22/22,5/6,0/0,27/28,0,1,0,0
2025-02-22,2024020902,CHI,away,8475852,Petr Mrazek,34,G,True,L,59:43,21,16,5,0.761905,15/19,1/2,0/0,16/21,4,1,0,0
2025-02-22,2024020902,CHI,away,8482821,Arvid Soderblom,40,G,False,,00:00,0,0,0,,0/0,0/0,0/0,0/0,0,0,0,0
2025-02-22,2024020903,STL,home,8480981,Joel Hofer,30,G,True,O,64:52,28,25,3,0.892857,22/25,3/3,0/0,25/28,3,0,0,0
2025-02-22,2024020903,STL,home,8476412,Jordan Binnington,50,G,False,,00:00,0,0,0,,0/0,0/0,0/0,0/0,0,0,0,0
2025-02-22,2024020903,WPG,away,8477480,Eric Comrie,1,G,True,W,64:47,24,21,3,0.875,17/19,4/5,0/0,21/24,2,1,0,0
2025-02-22,2024020903,WPG,away,8478039,Kaapo Kahkonen,34,G,False,,00:00,0,0,0,,0/0,0/0,0/0,0/0,0,0,0,0
2025-02-22,2024020904,LAK,home,8479496,David Rittich,31,G,False,,00:00,0,0,0,,0/0,0/0,0/0,0/0,0,0,0,0
2025-02-22,2024020904,LAK,home,8475311,Darcy Kuemper,35,G,True,W,59:58,28,25,3,0.892857,24/25,1/3,0/0,25/28,1,2,0,0
2025-02-22,2024020904,UTA,away,8478971,Connor Ingram,39,G,True,L,58:36,25,21,4,0.84,19/22,2/3,0/0,21/25,3,1,0,2
2025-02-22,2024020904,UTA,away,8478872,Karel Vejmelka,70,G,False,,00:00,0,0,0,,0/0,0/0,0/0,0/0,0,0,0,0
2025-02-22,2024020905,VGK,home,8478499,Adin Hill,33,G,True,W,60:00,34,33,1,0.970588,26/27,7/7,0/0,33/34,1,0,0,0
2025-02-22,2024020905,VGK,home,8478492,Ilya Samsonov,35,G,False,,00:00,0,0,0,,0/0,0/0,0/0,0/0,0,0,0,0
2025-02-22,2024020905,VAN,away,8481668,Arturs Silovs,31,G,False,,00:00,0,0,0,,0/0,0/0,0/0,0/0,0,0,0,0
2025-02-22,2024020905,VAN,away,8480947,Kevin Lankinen,32,G,True,L,57:09,34,32,2,0.941176,26/28,6/6,0/0,32/34,2,0,0,0
2025-02-23,2024020906,WSH,home,8480313,Logan Thompson,48,G,False,,00:00,0,0,0,,0/0,0/0,0/0,0/0,0,0,0,0
2025-02-23,2024020906,WSH,home,8479292,Charlie Lindgren,79,G,True,W,60:00,25,22,3,0.88,18/20,3/4,1/1,22/25,2,1,0,0
2025-02-23,2024020906,EDM,away,8475717,Calvin Pickard,30,G,True,L,59:42,34,28,6,0.823529,27/31,1/3,0/0,28/34,4,2,0,0
2025-02-23,2024020906,EDM,away,8479973,Stuart Skinner,74,G,False,,00:00,0,0,0,,0/0,0/0,0/0,0/0,0,0,0,0
2025-02-23,2024020907,PIT,home,8482446,Joel Blomqvist,30,G,True,L,58:25,15,11,4,0.733333,10/13,0/1,1/1,11/15,3,1,0,0
2025-02-23,2024020907,PIT,home,8477968,Alex Nedeljkovic,39,G,False,,00:00,0,0,0,,0/0,0/0,0/0,0/0,0,0,0,0
2025-02-23,2024020907,NYR,away,8478048,Igor Shesterkin,31,G,True,W,60:00,40,37,3,0.925,31/34,6/6,0/0,37/40,3,0,0,0
2025-02-23,2024020907,NYR,away,8471734,Jonathan Quick,32,G,False,,00:00,0,0,0,,0/0,0/0,0/0,0/0,0,0,0,0
2025-02-23,2024020908,DET,home,8479312,Alex Lyon,34,G,True,W,63:38,28,24,4,0.857143,23/27,1/1,0/0,24/28,4,0,0,0
2025-02-23,2024020908,DET,home,8475660,Cam Talbot,39,G,False,,00:00,0,0,0,,0/0,0/0,0/0,0/0,0,0,0,0
2025-02-23,2024020908,ANA,away,8480843,Lukas Dostal,1,G,True,O,61:05,36,31,5,0.861111,26/28,4/7,1/1,31/36,2,3,0,0
2025-02-23,2024020908,ANA,away,8476861,Oscar Dansk,30,G,False,,00:00,0,0,0,,0/0,0/0,0/0,0/0,0,0,0,0
2025-02-23,2024020909,TBL,home,8477035,Matt Tomkins,70,G,False,,00:00,0,0,0,,0/0,0/0,0/0,0/0,0,0,0,0
2025-02-23,2024020909,TBL,home,8476883,Andrei Vasilevskiy,88,G,True,W,60:00,37,36,1,0.972973,32/33,4/4,0/0,36/37,1,0,0,0
2025-02-23,2024020909,SEA,away,8478848,Ales Stezka,30,G,True,L,58:20,23,20,3,0.869565,19/21,0/0,1/2,20/23,2,0,1,0
2025-02-23,2024020909,SEA,away,8478916,Joey Daccord,35,G,False,,00:00,0,0,0,,0/0,0/0,0/0,0/0,0,0,0,0
2025-02-23,2024020910,STL,home,8480981,Joel Hofer,30,G,False,,00:00,0,0,0,,0/0,0/0,0/0,0/0,0,0,0,0
2025-02-23,2024020910,STL,home,8476412,Jordan Binnington,50,G,True,W,60:00,29,28,1,0.965517,28/29,0/0,0/0,28/29,1,0,0,0
2025-02-23,2024020910,COL,away,8478406,Mackenzie Blackwood,39,G,True,L,57:24,25,22,3,0.88,21/24,0/0,1/1,22/25,3,0,0,0
2025-02-23,2024020910,COL,away,8475809,Scott Wedgewood,41,G,False,,00:00,0,0,0,,0/0,0/0,0/0,0/0,0,0,0,0
2025-02-23,2024020911,NSH,home,8481020,Justus Annunen,29,G,True,L,60:00,36,31,5,0.861111,28/32,1/2,2/2,31/36,4,1,0,0
2025-02-23,2024020911,NSH,home,8477424,Juuse Saros,74,G,False,,00:00,0,0,0,,0/0,0/0,0/0,0/0,0,0,0,0
2025-02-23,2024020911,NJD,away,8474596,Jake Allen,34,G,False,,00:00,0,0,0,,0/0,0/0,0/0,0/0,0,0,0,0
2025-02-23,2024020911,NJD,away,8482076,Nico Daws,50,G,True,W,60:00,29,29,0,1.0,22/22,7/7,0/0,29/29,0,0,0,0
2025-02-23,2024020912,CHI,home,8475852,Petr Mrazek,34,G,False,,00:00,0,0,0,,0/0,0/0,0/0,0/0,0,0,0,0
2025-02-23,2024020912,CHI,home,8482821,Arvid Soderblom,40,G,True,L,57:26,29,25,4,0.862069,21/24,4/5,0/0,25/29,3,1,0,0
2025-02-23,2024020912,TOR,away,8476932,Anthony Stolarz,41,G,False,,00:00,0,0,0,,0/0,0/0,0/0,0/0,0,0,0,0
2025-02-23,2024020912,TOR,away,8479361,Joseph Woll,60,G,True,W,59:39,27,25,2,0.925926,24/25,0/1,1/1,25/27,1,1,0,0
2025-02-23,2024020913,NYI,home,8480819,Jakub Skarek,1,G,False,,00:00,0,0,0,,0/0,0/0,0/0,0/0,0,0,0,0
2025-02-23,2024020913,NYI,home,8478009,Ilya Sorokin,30,G,True,L,58:07,29,25,4,0.862069,20/22,4/6,1/1,25/29,2,2,0,0
2025-02-23,2024020913,DAL,away,8479193,Casey DeSmith,1,G,False,,00:00,0,0,0,,0/0,0/0,0/0,0/0,0,0,0,0
2025-02-23,2024020913,DAL,away,8479979,Jake Oettinger,29,G,True,W,60:00,37,34,3,0.918919,29/32,5/5,0/0,34/37,3,0,0,0
2025-02-23,2024020914,CGY,home,8481692,Dustin Wolf,32,G,True,W,60:00,29,27,2,0.931034,19/21,6/6,2/2,27/29,2,0,0,0
2025-02-23,2024020914,CGY,home,8478435,Dan Vladar,80,G,False,,00:00,0,0,0,,0/0,0/0,0/0,0/0,0,0,0,0
2025-02-23,2024020914,SJS,away,8480382,Alexandar Georgiev,40,G,True,L,59:04,36,33,3,0.916667,21/23,12/13,0/0,33/36,2,1,0,0
2025-02-23,2024020914,SJS,away,8477970,Vitek Vanecek,41,G,False,,00:00,0,0,0,,0/0,0/0,0/0,0/0,0,0,0,0
2025-02-23,2024020915,UTA,home,8478971,Connor Ingram,39,G,False,,00:00,0,0,0,,0/0,0/0,0/0,0/0,0,0,0,0
2025-02-23,2024020915,UTA,home,8478872,Karel Vejmelka,70,G,True,W,60:00,16,15,1,0.9375,12/12,3/4,0/0,15/16,0,1,0,0
2025-02-23,2024020915,VAN,away,8481668,Arturs Silovs,31,G,True,L,58:37,32,30,2,0.9375,22/23,7/8,1/1,30/32,1,1,0,0
2025-02-23,2024020915,VAN,away,8480947,Kevin Lankinen,32,G,False,,00:00,0,0,0,,0/0,0/0,0/0,0/0,0,0,0,0
2025-02-24,2024020916,WPG,home,8477480,Eric Comrie,1,G,False,,00:00,0,0,0,,0/0,0/0,0/0,0/0,0,0,0,0
2025-02-24,2024020916,WPG,home,8476945,Connor Hellebuyck,37,G,True,W,60:24,18,17,1,0.944444,14/14,3/4,0/0,17/18,0,1,0,0
2025-02-24,2024020916,SJS,away,8480382,Alexandar Georgiev,40,G,False,,00:00,0,0,0,,0/0,0/0,0/0,0/0,0,0,0,0
2025-02-24,2024020916,SJS,away,8477970,Vitek Vanecek,41,G,True,O,61:28,35,33,2,0.942857,29/31,3/3,1/1,33/35,2,0,0,0
2025-02-24,2024020917,LAK,home,8479496,David Rittich,31,G,False,,00:00,0,0,0,,0/0,0/0,0/0,0/0,0,0,0,0
2025-02-24,2024020917,LAK,home,8475311,Darcy Kuemper,35,G,True,W,60:00,23,21,2,0.913043,19/21,2/2,0/0,21/23,2,0,0,0
2025-02-24,2024020917,VGK,away,8478499,Adin Hill,33,G,False,,00:00,0,0,0,,0/0,0/0,0/0,0/0,0,0,0,0
2025-02-24,2024020917,VGK,away,8478492,Ilya Samsonov,35,G,True,L,59:43,19,14,5,0.736842,11/15,3/4,0/0,14/19,4,1,0,0
2025-02-25,2024020918,BOS,home,8480280,Jeremy Swayman,1,G,True,O,64:08,29,24,5,0.827586,22/26,1/2,1/1,24/29,4,1,0,0
2025-02-25,2024020918,BOS,home,8476914,Joonas Korpisalo,70,G,False,,00:00,0,0,0,,0/0,0/0,0/0,0/0,0,0,0,0
2025-02-25,2024020918,TOR,away,8476932,Anthony Stolarz,41,G,True,W,62:52,36,32,4,0.888889,22/24,7/9,3/3,32/36,2,2,0,0
2025-02-25,2024020918,TOR,away,8479361,Joseph Woll,60,G,False,,00:00,0,0,0,,0/0,0/0,0/0,0/0,0,0,0,0
2025-02-25,2024020919,BUF,home,8480045,Ukko-Pekka Luukkonen,1,G,True,W,60:00,18,16,2,0.888889,12/12,4/6,0/0,16/18,0,2,0,0
2025-02-25,2024020919,BUF,home,8473503,James Reimer,47,G,False,,00:00,0,0,0,,0/0,0/0,0/0,0/0,0,0,0,0
2025-02-25,2024020919,ANA,away,8480843,Lukas Dostal,1,G,True,L,57:49,37,34,3,0.918919,30/33,3/3,1/1,34/37,3,0,0,0
2025-02-25,2024020919,ANA,away,8476861,Oscar Dansk,30,G,False,,00:00,0,0,0,,0/0,0/0,0/0,0/0,0,0,0,0
2025-02-25,2024020920,MTL,home,8478470,Samuel Montembeault,35,G,True,W,59:51,20,20,0,1.0,15/15,5/5,0/0,20/20,0,0,0,0
2025-02-25,2024020920,MTL,home,8482487,Jakub Dobes,75,G,False,,00:00,0,0,0,,0/0,0/0,0/0,0/0,0,0,0,0
2025-02-25,2024020920,CAR,away,8475883,Frederik Andersen,31,G,True,L,59:48,18,14,4,0.777778,12/14,1/3,1/1,14/18,2,2,0,0
2025-02-25,2024020920,CAR,away,8481611,Pyotr Kochetkov,52,G,False,,00:00,0,0,0,,0/0,0/0,0/0,0/0,0,0,0,0
2025-02-25,2024020922,PHI,home,8481035,Samuel Ersson,33,G,True,W,60:00,24,23,1,0.958333,20/21,2/2,1/1,23/24,1,0,0,0
2025-02-25,2024020922,PHI,home,8478905,Ivan Fedotov,82,G,False,,00:00,0,0,0,,0/0,0/0,0/0,0/0,0,0,0,0
2025-02-25,2024020922,PIT,away,8482446,Joel Blomqvist,30,G,False,,00:00,0,0,0,,0/0,0/0,0/0,0/0,0,0,0,0
2025-02-25,2024020922,PIT,away,8477968,Alex Nedeljkovic,39,G,True,L,60:00,38,32,6,0.842105,22/28,8/8,2/2,32/38,6,0,0,0
2025-02-25,2024020923,WSH,home,8480313,Logan Thompson,48,G,True,L,55:30,25,22,3,0.88,19/22,2/2,1/1,22/25,3,0,0,0
2025-02-25,2024020923,WSH,home,8479292,Charlie Lindgren,79,G,False,,00:00,0,0,0,,0/0,0/0,0/0,0/0,0,0,0,0
2025-02-25,2024020923,CGY,away,8481692,Dustin Wolf,32,G,False,,00:00,0,0,0,,0/0,0/0,0/0,0/0,0,0,0,0
2025-02-25,2024020923,CGY,away,8478435,Dan Vladar,80,G,True,W,60:00,27,26,1,0.962963,23/23,3/4,0/0,26/27,0,1,0,0
2025-02-25,2024020924,CBJ,home,8480193,Daniil Tarasov,40,G,False,,00:00,0,0,0,,0/0,0/0,0/0,0/0,0,0,0,0
2025-02-25,2024020924,CBJ,home,8478007,Elvis Merzlikins,90,G,True,W,60:00,22,18,4,0.818182,16/20,2/2,0/0,18/22,4,0,0,0
2025-02-25,2024020924,DAL,away,8479193,Casey DeSmith,1,G,False,,00:00,0,0,0,,0/0,0/0,0/0,0/0,0,0,0,0
2025-02-25,2024020924,DAL,away,8479979,Jake Oettinger,29,G,True,L,56:21,28,23,5,0.821429,20/25,2/2,1/1,23/28,5,0,0,0
2025-02-25,2024020921,TBL,home,8477035,Matt Tomkins,70,G,False,,00:00,0,0,0,,0/0,0/0,0/0,0/0,0,0,0,0
2025-02-25,2024020921,TBL,home,8476883,Andrei Vasilevskiy,88,G,True,W,60:00,24,23,1,0.958333,23/23,0/1,0/0,23/24,0,1,0,0
2025-02-25,2024020921,EDM,away,8475717,Calvin Pickard,30,G,False,,00:00,0,0,0,,0/0,0/0,0/0,0/0,0,0,0,0
2025-02-25,2024020921,EDM,away,8479973,Stuart Skinner,74,G,True,L,59:12,36,32,4,0.888889,27/30,5/6,0/0,32/36,3,1,0,0
2025-02-25,2024020925,NYI,home,8480819,Jakub Skarek,1,G,False,,19:24,7,7,0,1.0,7/7,0/0,0/0,7/7,0,0,0,0
2025-02-25,2024020925,NYI,home,8478009,Ilya Sorokin,30,G,True,L,40:00,11,6,5,0.545455,5/10,1/1,0/0,6/11,5,0,0,0
2025-02-25,2024020925,NYR,away,8478048,Igor Shesterkin,31,G,True,W,60:00,37,36,1,0.972973,34/35,0/0,2/2,36/37,1,0,0,0
2025-02-25,2024020925,NYR,away,8471734,Jonathan Quick,32,G,False,,00:00,0,0,0,,0/0,0/0,0/0,0/0,0,0,0,0
2025-02-25,2024020926,STL,home,8480981,Joel Hofer,30,G,False,,00:00,0,0,0,,0/0,0/0,0/0,0/0,0,0,0,0
2025-02-25,2024020926,STL,home,8476412,Jordan Binnington,50,G,True,W,60:00,27,25,2,0.925926,21/23,3/3,1/1,25/27,2,0,0,0
2025-02-25,2024020926,SEA,away,8478916,Joey Daccord,35,G,True,L,29:45,21,16,5,0.761905,16/20,0/1,0/0,16/21,4,1,0,0
2025-02-25,2024020926,SEA,away,8483668,Nikke Kokko,39,G,False,,29:57,6,4,2,0.666667,3/5,1/1,0/0,4/6,2,0,0,0
2025-02-25,2024020927,NSH,home,8481020,Justus Annunen,29,G,False,,00:00,0,0,0,,0/0,0/0,0/0,0/0,0,0,0,0
2025-02-25,2024020927,NSH,home,8477424,Juuse Saros,74,G,True,L,59:46,25,21,4,0.84,13/16,8/9,0/0,21/25,3,1,0,0
2025-02-25,2024020927,FLA,away,8481519,Spencer Knight,30,G,True,W,59:45,18,17,1,0.944444,10/11,6/6,1/1,17/18,1,0,0,0
2025-02-25,2024020927,FLA,away,8475683,Sergei Bobrovsky,72,G,False,,00:00,0,0,0,,0/0,0/0,0/0,0/0,0,0,0,0
2025-02-25,2024020928,MIN,home,8470594,Marc-Andre Fleury,29,G,False,,00:00,0,0,0,,0/0,0/0,0/0,0/0,0,0,0,0
2025-02-25,2024020928,MIN,home,8479406,Filip Gustavsson,32,G,True,L,57:54,16,13,3,0.8125,12/15,0/0,1/1,13/16,3,0,0,0
2025-02-25,2024020928,DET,away,8479312,Alex Lyon,34,G,False,,00:00,0,0,0,,0/0,0/0,0/0,0/0,0,0,0,0
2025-02-25,2024020928,DET,away,8475660,Cam Talbot,39,G,True,W,60:00,24,22,2,0.916667,17/18,4/5,1/1,22/24,1,1,0,0
2025-02-25,2024020929,UTA,home,8478971,Connor Ingram,39,G,False,,00:00,0,0,0,,0/0,0/0,0/0,0/0,0,0,0,0
2025-02-25,2024020929,UTA,home,8478872,Karel Vejmelka,70,G,True,W,60:00,22,21,1,0.954545,15/15,4/5,2/2,21/22,0,1,0,0
2025-02-25,2024020929,CHI,away,8475852,Petr Mrazek,34,G,False,,00:00,0,0,0,,0/0,0/0,0/0,0/0,0,0,0,0
2025-02-25,2024020929,CHI,away,8482821,Arvid Soderblom,40,G,True,L,58:04,37,35,2,0.945946,26/28,9/9,0/0,35/37,2,0,0,0
2025-02-26,2024020930,OTT,home,8476341,Anton Forsberg,31,G,False,,00:00,0,0,0,,0/0,0/0,0/0,0/0,0,0,0,0
2025-02-26,2024020930,OTT,home,8476999,Linus Ullmark,35,G,True,L,59:14,38,36,3,0.947368,30/32,6/6,0/0,36/38,3,0,0,0
2025-02-26,2024020930,WPG,away,8477480,Eric Comrie,1,G,False,,00:00,0,0,0,,0/0,0/0,0/0,0/0,0,0,0,0
2025-02-26,2024020930,WPG,away,8476945,Connor Hellebuyck,37,G,True,W,59:47,24,23,1,0.958333,21/22,1/1,1/1,23/24,1,0,0,0
2025-02-26,2024020931,COL,home,8478406,Mackenzie Blackwood,39,G,True,W,60:00,23,22,1,0.956522,21/22,1/1,0/0,22/23,1,0,0,2
2025-02-26,2024020931,COL,home,8475809,Scott Wedgewood,41,G,False,,00:00,0,0,0,,0/0,0/0,0/0,0/0,0,0,0,0
2025-02-26,2024020931,NJD,away,8474596,Jake Allen,34,G,True,L,58:18,37,32,5,0.864865,27/30,3/5,2/2,32/37,3,2,0,0
2025-02-26,2024020931,NJD,away,8482076,Nico Daws,50,G,False,,01:42,0,0,0,,0/0,0/0,0/0,0/0,0,0,0,0
2025-02-26,2024020932,LAK,home,8479496,David Rittich,31,G,True,O,64:26,17,14,3,0.823529,12/14,2/3,0/0,14/17,2,1,0,0
2025-02-26,2024020932,LAK,home,8475311,Darcy Kuemper,35,G,False,,00:00,0,0,0,,0/0,0/0,0/0,0/0,0,0,0,0
2025-02-26,2024020932,VAN,away,8481668,Arturs Silovs,31,G,False,,00:00,0,0,0,,0/0,0/0,0/0,0/0,0,0,0,0
2025-02-26,2024020932,VAN,away,8480947,Kevin Lankinen,32,G,True,W,64:26,26,24,2,0.923077,13/15,8/8,3/3,24/26,2,0,0,0
2025-02-27,2024020933,BOS,home,8480280,Jeremy Swayman,1,G,True,L,58:12,20,18,2,0.9,17/19,0/0,1/1,18/20,2,0,0,0
2025-02-27,2024020933,BOS,home,8476914,Joonas Korpisalo,70,G,False,,00:00,0,0,0,,0/0,0/0,0/0,0/0,0,0,0,0
2025-02-27,2024020933,NYI,away,8480819,Jakub Skarek,1,G,False,,00:00,0,0,0,,0/0,0/0,0/0,0/0,0,0,0,0
2025-02-27,2024020933,NYI,away,8478009,Ilya Sorokin,30,G,True,W,59:54,39,38,1,0.974359,27/28,10/10,1/1,38/39,1,0,0,0
2025-02-27,2024020934,MTL,home,8478470,Samuel Montembeault,35,G,True,W,63:21,26,23,3,0.884615,22/25,0/0,1/1,23/26,3,0,0,0
2025-02-27,2024020934,MTL,home,8482487,Jakub Dobes,75,G,False,,00:00,0,0,0,,0/0,0/0,0/0,0/0,0,0,0,0
2025-02-27,2024020934,SJS,away,8480382,Alexandar Georgiev,40,G,True,O,63:21,33,29,4,0.878788,24/28,5/5,0/0,29/33,4,0,0,0
2025-02-27,2024020934,SJS,away,8477970,Vitek Vanecek,41,G,False,,00:00,0,0,0,,0/0,0/0,0/0,0/0,0,0,0,0
2025-02-27,2024020935,DET,home,8479312,Alex Lyon,34,G,False,,00:00,0,0,0,,0/0,0/0,0/0,0/0,0,0,0,0
2025-02-27,2024020935,DET,home,8475660,Cam Talbot,39,G,True,L,57:10,29,25,4,0.862069,20/24,5/5,0/0,25/29,4,0,0,0
2025-02-27,2024020935,CBJ,away,8480193,Daniil Tarasov,40,G,True,W,60:00,31,29,2,0.935484,25/26,4/5,0/0,29/31,1,1,0,0
2025-02-27,2024020935,CBJ,away,8478007,Elvis Merzlikins,90,G,False,,00:00,0,0,0,,0/0,0/0,0/0,0/0,0,0,0,0
2025-02-27,2024020936,TBL,home,8477992,Jonas Johansson,31,G,False,,00:00,0,0,0,,0/0,0/0,0/0,0/0,0,0,0,0
2025-02-27,2024020936,TBL,home,8476883,Andrei Vasilevskiy,88,G,True,W,60:00,28,28,0,1.0,25/25,2/2,1/1,28/28,0,0,0,0
2025-02-27,2024020936,CGY,away,8481692,Dustin Wolf,32,G,True,L,59:34,21,19,2,0.904762,14/15,4/5,1/1,19/21,1,1,0,0
2025-02-27,2024020936,CGY,away,8478435,Dan Vladar,80,G,False,,00:00,0,0,0,,0/0,0/0,0/0,0/0,0,0,0,0
2025-02-27,2024020937,FLA,home,8481519,Spencer Knight,30,G,False,,00:00,0,0,0,,0/0,0/0,0/0,0/0,0,0,0,0
2025-02-27,2024020937,FLA,home,8475683,Sergei Bobrovsky,72,G,True,W,59:45,27,24,3,0.888889,18/21,3/3,3/3,24/27,3,0,0,0
2025-02-27,2024020937,EDM,away,8475717,Calvin Pickard,30,G,False,,00:00,0,0,0,,0/0,0/0,0/0,0/0,0,0,0,0
2025-02-27,2024020937,EDM,away,8479973,Stuart Skinner,74,G,True,L,59:14,36,32,4,0.888889,19/23,13/13,0/0,32/36,4,0,0,0
2025-02-27,2024020939,WSH,home,8480313,Logan Thompson,48,G,False,,00:00,0,0,0,,0/0,0/0,0/0,0/0,0,0,0,0
2025-02-27,2024020939,WSH,home,8479292,Charlie Lindgren,79,G,True,L,58:36,18,14,4,0.777778,10/14,2/2,2/2,14/18,4,0,0,0
2025-02-27,2024020939,STL,away,8480981,Joel Hofer,30,G,True,W,60:00,18,16,2,0.888889,14/16,2/2,0/0,16/18,2,0,0,0
2025-02-27,2024020939,STL,away,8476412,Jordan Binnington,50,G,False,,00:00,0,0,0,,0/0,0/0,0/0,0/0,0,0,0,0
2025-02-27,2024020940,CAR,home,8475883,Frederik Andersen,31,G,False,,00:00,0,0,0,,0/0,0/0,0/0,0/0,0,0,0,0
2025-02-27,2024020940,CAR,home,8481611,Pyotr Kochetkov,52,G,True,W,59:52,15,13,2,0.866667,13/14,0/1,0/0,13/15,1,1,0,0
2025-02-27,2024020940,BUF,away,8480045,Ukko-Pekka Luukkonen,1,G,True,,07:57,7,5,2,0.714286,5/7,0/0,0/0,5/7,2,0,0,0
2025-02-27,2024020940,BUF,away,8473503,James Reimer,47,G,False,L,50:57,29,27,2,0.931034,23/24,0/1,4/4,27/29,1,1,0,0
2025-02-27,2024020938,PIT,home,8482446,Joel Blomqvist,30,G,False,W,33:39,23,22,1,0.956522,19/19,3/4,0/0,22/23,0,1,0,0
2025-02-27,2024020938,PIT,home,8477968,Alex Nedeljkovic,39,G,True,,27:24,14,11,3,0.785714,11/14,0/0,0/0,11/14,3,0,0,0
2025-02-27,2024020938,PHI,away,8481035,Samuel Ersson,33,G,True,O,61:03,25,20,5,0.8,18/23,2/2,0/0,20/25,5,0,0,0
2025-02-27,2024020938,PHI,away,8478905,Ivan Fedotov,82,G,False,,00:00,0,0,0,,0/0,0/0,0/0,0/0,0,0,0,0
2025-02-27,2024020941,NSH,home,8481020,Justus Annunen,29,G,False,,00:00,0,0,0,,0/0,0/0,0/0,0/0,0,0,0,0
2025-02-27,2024020941,NSH,home,8477424,Juuse Saros,74,G,True,W,60:00,23,22,1,0.956522,18/19,4/4,0/0,22/23,1,0,0,0
2025-02-27,2024020941,WPG,away,8477480,Eric Comrie,1,G,True,L,57:26,31,29,2,0.935484,22/23,6/7,1/1,29/31,1,1,0,0
2025-02-27,2024020941,WPG,away,8476945,Connor Hellebuyck,37,G,False,,00:00,0,0,0,,0/0,0/0,0/0,0/0,0,0,0,0
2025-02-27,2024020942,UTA,home,8478971,Connor Ingram,39,G,False,,00:00,0,0,0,,0/0,0/0,0/0,0/0,0,0,0,0
2025-02-27,2024020942,UTA,home,8478872,Karel Vejmelka,70,G,True,W,59:37,16,15,1,0.9375,13/14,2/2,0/0,15/16,1,0,0,0
2025-02-27,2024020942,MIN,away,8470594,Marc-Andre Fleury,29,G,True,L,60:00,31,25,6,0.806452,22/26,3/5,0/0,25/31,4,2,0,0
2025-02-27,2024020942,MIN,away,8479406,Filip Gustavsson,32,G,False,,00:00,0,0,0,,0/0,0/0,0/0,0/0,0,0,0,0
2025-02-27,2024020943,VGK,home,8478499,Adin Hill,33,G,False,,00:00,0,0,0,,0/0,0/0,0/0,0/0,0,0,0,0
2025-02-27,2024020943,VGK,home,8478492,Ilya Samsonov,35,G,True,W,59:47,22,17,5,0.772727,15/20,0/0,2/2,17/22,5,0,0,0
2025-02-27,2024020943,CHI,away,8475852,Petr Mrazek,34,G,True,,20:00,15,10,5,0.666667,7/10,3/5,0/0,10/15,3,2,0,0
2025-02-27,2024020943,CHI,away,8482821,Arvid Soderblom,40,G,False,L,37:54,18,16,2,0.888889,16/18,0/0,0/0,16/18,2,0,0,0
2025-02-27,2024020944,ANA,home,8480843,Lukas Dostal,1,G,True,W,60:00,24,22,2,0.916667,18/20,3/3,1/1,22/24,2,0,0,0
2025-02-27,2024020944,ANA,home,8476861,Oscar Dansk,30,G,False,,00:00,0,0,0,,0/0,0/0,0/0,0/0,0,0,0,0
2025-02-27,2024020944,VAN,away,8481668,Arturs Silovs,31,G,True,L,58:54,24,20,4,0.833333,17/21,3/3,0/0,20/24,4,0,0,0
2025-02-27,2024020944,VAN,away,8480947,Kevin Lankinen,32,G,False,,00:00,0,0,0,,0/0,0/0,0/0,0/0,0,0,0,0
2025-02-28,2024020945,NYR,home,8478048,Igor Shesterkin,31,G,True,L,57:35,16,13,3,0.8125,10/12,3/4,0/0,13/16,2,1,0,0
2025-02-28,2024020945,NYR,home,8471734,Jonathan Quick,32,G,False,,00:00,0,0,0,,0/0,0/0,0/0,0/0,0,0,0,0
2025-02-28,2024020945,TOR,away,8476932,Anthony Stolarz,41,G,True,W,60:00,35,33,2,0.942857,28/29,4/4,1/2,33/35,1,0,1,0
2025-02-28,2024020945,TOR,away,8479361,Joseph Woll,60,G,False,,00:00,0,0,0,,0/0,0/0,0/0,0/0,0,0,0,0
2025-02-28,2024020946,DAL,home,8479193,Casey DeSmith,1,G,False,,00:00,0,0,0,,0/0,0/0,0/0,0/0,0,0,0,0
2025-02-28,2024020946,DAL,home,8479979,Jake Oettinger,29,G,True,W,59:54,31,29,2,0.935484,22/24,5/5,2/2,29/31,2,0,0,0
2025-02-28,2024020946,LAK,away,8479496,David Rittich,31,G,False,,00:00,0,0,0,,0/0,0/0,0/0,0/0,0,0,0,0
2025-02-28,2024020946,LAK,away,8475311,Darcy Kuemper,35,G,True,L,59:58,31,25,6,0.806452,19/22,5/7,1/2,25/31,3,2,1,0
2025-02-28,2024020947,COL,home,8478406,Mackenzie Blackwood,39,G,True,W,60:00,20,18,2,0.9,17/18,1/2,0/0,18/20,1,1,0,0
2025-02-28,2024020947,COL,home,8475809,Scott Wedgewood,41,G,False,,00:00,0,0,0,,0/0,0/0,0/0,0/0,0,0,0,0
2025-02-28,2024020947,MIN,away,8470594,Marc-Andre Fleury,29,G,False,,00:00,0,0,0,,0/0,0/0,0/0,0/0,0,0,0,0
2025-02-28,2024020947,MIN,away,8479406,Filip Gustavsson,32,G,True,L,59:05,29,25,4,0.862069,18/21,5/6,2/2,25/29,3,1,0,0
2025-03-01,2024020949,NYI,home,8480819,Jakub Skarek,1,G,False,,00:00,0,0,0,,0/0,0/0,0/0,0/0,0,0,0,0
2025-03-01,2024020949,NYI,home,8478009,Ilya Sorokin,30,G,True,W,60:00,29,25,4,0.862069,20/24,5/5,0/0,25/29,4,0,0,0
2025-03-01,2024020949,NSH,away,8481020,Justus Annunen,29,G,False,,00:00,0,0,0,,0/0,0/0,0/0,0/0,0,0,0,0
2025-03-01,2024020949,NSH,away,8477424,Juuse Saros,74,G,True,L,58:46,35,29,6,0.828571,24/28,4/5,1/2,29/35,4,1,1,0
2025-03-01,2024020950,WSH,home,8480313,Logan Thompson,48,G,True,L,58:57,18,16,2,0.888889,12/13,4/5,0/0,16/18,1,1,0,0
2025-03-01,2024020950,WSH,home,8479292,Charlie Lindgren,79,G,False,,00:00,0,0,0,,0/0,0/0,0/0,0/0,0,0,0,0
2025-03-01,2024020950,TBL,away,8477992,Jonas Johansson,31,G,False,,00:00,0,0,0,,0/0,0/0,0/0,0/0,0,0,0,0
2025-03-01,2024020950,TBL,away,8476883,Andrei Vasilevskiy,88,G,True,W,59:35,21,20,1,0.952381,17/18,2/2,1/1,20/21,1,0,0,0
2025-03-01,2024020951,FLA,home,8481519,Spencer Knight,30,G,False,,00:00,0,0,0,,0/0,0/0,0/0,0/0,0,0,0,0
2025-03-01,2024020951,FLA,home,8475683,Sergei Bobrovsky,72,G,True,W,60:00,23,23,0,1.0,19/19,3/3,1/1,23/23,0,0,0,0
2025-03-01,2024020951,CGY,away,8481692,Dustin Wolf,32,G,False,,00:00,0,0,0,,0/0,0/0,0/0,0/0,0,0,0,0
2025-03-01,2024020951,CGY,away,8478435,Dan Vladar,80,G,True,L,60:00,42,39,3,0.928571,29/32,9/9,1/1,39/42,3,0,0,0
2025-03-01,2024020952,PIT,home,8482446,Joel Blomqvist,30,G,False,,00:00,0,0,0,,0/0,0/0,0/0,0/0,0,0,0,0
2025-03-01,2024020952,PIT,home,8477968,Alex Nedeljkovic,39,G,True,L,57:54,25,23,2,0.92,18/19,4/5,1/1,23/25,1,1,0,0
2025-03-01,2024020952,BOS,away,8480280,Jeremy Swayman,1,G,False,,00:00,0,0,0,,0/0,0/0,0/0,0/0,0,0,0,0
2025-03-01,2024020952,BOS,away,8476914,Joonas Korpisalo,70,G,True,W,60:00,33,31,2,0.939394,20/20,10/11,1/2,31/33,0,1,1,0
2025-03-01,2024020948,CBJ,home,8480193,Daniil Tarasov,40,G,False,,00:00,0,0,0,,0/0,0/0,0/0,0/0,0,0,0,0
2025-03-01,2024020948,CBJ,home,8478007,Elvis Merzlikins,90,G,True,W,60:00,46,43,3,0.934783,41/43,2/3,0/0,43/46,2,1,0,0
2025-03-01,2024020948,DET,away,8479312,Alex Lyon,34,G,False,,00:00,0,0,0,,0/0,0/0,0/0,0/0,0,0,0,0
2025-03-01,2024020948,DET,away,8475660,Cam Talbot,39,G,True,L,59:27,20,16,4,0.8,16/19,0/1,0/0,16/20,3,1,0,0
2025-03-01,2024020953,BUF,home,8480045,Ukko-Pekka Luukkonen,1,G,True,L,58:41,28,25,3,0.892857,23/25,2/3,0/0,25/28,2,1,0,0
2025-03-01,2024020953,BUF,home,8473503,James Reimer,47,G,False,,00:00,0,0,0,,0/0,0/0,0/0,0/0,0,0,0,0
2025-03-01,2024020953,MTL,away,8478470,Samuel Montembeault,35,G,False,,00:00,0,0,0,,0/0,0/0,0/0,0/0,0,0,0,0
2025-03-01,2024020953,MTL,away,8482487,Jakub Dobes,75,G,True,W,60:00,25,23,2,0.92,19/21,4/4,0/0,23/25,2,0,0,0
2025-03-01,2024020954,OTT,home,8476341,Anton Forsberg,31,G,False,,00:00,0,0,0,,0/0,0/0,0/0,0/0,0,0,0,0
2025-03-01,2024020954,OTT,home,8476999,Linus Ullmark,35,G,True,W,59:35,37,34,3,0.918919,30/30,3/6,1/1,34/37,0,3,0,0
2025-03-01,2024020954,SJS,away,8480382,Alexandar Georgiev,40,G,False,,00:00,0,0,0,,0/0,0/0,0/0,0/0,0,0,0,0
2025-03-01,2024020954,SJS,away,8477970,Vitek Vanecek,41,G,True,L,57:52,31,27,4,0.870968,18/20,8/9,1/2,27/31,2,1,1,0
2025-03-01,2024020955,CAR,home,8475883,Frederik Andersen,31,G,True,L,58:24,30,28,2,0.933333,26/27,1/1,1/2,28/30,1,0,1,0
2025-03-01,2024020955,CAR,home,8481611,Pyotr Kochetkov,52,G,False,,00:00,0,0,0,,0/0,0/0,0/0,0/0,0,0,0,0
2025-03-01,2024020955,EDM,away,8475717,Calvin Pickard,30,G,True,W,60:00,36,35,1,0.972222,30/30,4/5,1/1,35/36,0,1,0,0
2025-03-01,2024020955,EDM,away,8479973,Stuart Skinner,74,G,False,,00:00,0,0,0,,0/0,0/0,0/0,0/0,0,0,0,0
2025-03-01,2024020956,WPG,home,8477480,Eric Comrie,1,G,False,,00:00,0,0,0,,0/0,0/0,0/0,0/0,0,0,0,0
2025-03-01,2024020956,WPG,home,8476945,Connor Hellebuyck,37,G,True,O,65:00,32,31,1,0.96875,28/29,3/3,0/0,31/32,1,0,0,0
2025-03-01,2024020956,PHI,away,8482783,Aleksei Kolosov,35,G,False,,00:00,0,0,0,,0/0,0/0,0/0,0/0,0,0,0,0
2025-03-01,2024020956,PHI,away,8478905,Ivan Fedotov,82,G,True,W,65:00,30,29,1,0.966667,27/28,2/2,0/0,29/30,1,0,0,0
2025-03-01,2024020957,STL,home,8480981,Joel Hofer,30,G,False,,00:00,0,0,0,,0/0,0/0,0/0,0/0,0,0,0,0
2025-03-01,2024020957,STL,home,8476412,Jordan Binnington,50,G,True,W,60:00,26,25,1,0.961538,22/22,1/2,2/2,25/26,0,1,0,0
2025-03-01,2024020957,LAK,away,8479496,David Rittich,31,G,True,L,57:51,34,30,4,0.882353,23/27,7/7,0/0,30/34,4,0,0,0
2025-03-01,2024020957,LAK,away,8475311,Darcy Kuemper,35,G,False,,00:00,0,0,0,,0/0,0/0,0/0,0/0,0,0,0,0
2025-03-01,2024020958,UTA,home,8478971,Connor Ingram,39,G,False,,00:00,0,0,0,,0/0,0/0,0/0,0/0,0,0,0,0
2025-03-01,2024020958,UTA,home,8478872,Karel Vejmelka,70,G,True,L,57:54,29,26,3,0.896552,24/27,2/2,0/0,26/29,3,0,0,0
2025-03-01,2024020958,NJD,away,8474596,Jake Allen,34,G,False,,00:00,0,0,0,,0/0,0/0,0/0,0/0,0,0,0,0
2025-03-01,2024020958,NJD,away,8482076,Nico Daws,50,G,True,W,59:44,25,24,1,0.96,23/24,1/1,0/0,24/25,1,0,0,0
2025-03-01,2024020959,ANA,home,8480843,Lukas Dostal,1,G,False,,00:00,0,0,0,,0/0,0/0,0/0,0/0,0,0,0,0
2025-03-01,2024020959,ANA,home,8476434,John Gibson,36,G,True,L,60:00,24,18,6,0.75,15/19,2/4,1/1,18/24,4,2,0,0
2025-03-01,2024020959,CHI,away,8475852,Petr Mrazek,34,G,False,,00:00,0,0,0,,0/0,0/0,0/0,0/0,0,0,0,0
2025-03-01,2024020959,CHI,away,8482821,Arvid Soderblom,40,G,True,W,60:00,31,28,3,0.903226,22/25,3/3,3/3,28/31,3,0,0,0
2025-03-01,2024020960,SEA,home,8478916,Joey Daccord,35,G,True,W,60:00,31,28,3,0.903226,25/27,3/3,0/1,28/31,2,0,1,0
2025-03-01,2024020960,SEA,home,8483668,Nikke Kokko,39,G,False,,00:00,0,0,0,,0/0,0/0,0/0,0/0,0,0,0,0
2025-03-01,2024020960,VAN,away,8481668,Arturs Silovs,31,G,False,,00:00,0,0,0,,0/0,0/0,0/0,0/0,0,0,0,0
2025-03-01,2024020960,VAN,away,8480947,Kevin Lankinen,32,G,True,L,57:58,23,18,5,0.782609,16/21,2/2,0/0,18/23,5,0,0,0
2025-03-02,2024020961,PIT,home,8482446,Joel Blomqvist,30,G,True,O,61:00,33,27,6,0.818182,26/32,1/1,0/0,27/33,6,0,0,0
2025-03-02,2024020961,PIT,home,8477968,Alex Nedeljkovic,39,G,False,,00:00,0,0,0,,0/0,0/0,0/0,0/0,0,0,0,0
2025-03-02,2024020961,TOR,away,8476932,Anthony Stolarz,41,G,False,,00:00,0,0,0,,0/0,0/0,0/0,0/0,0,0,0,0
2025-03-02,2024020961,TOR,away,8479361,Joseph Woll,60,G,True,W,61:00,34,29,5,0.852941,24/28,5/6,0/0,29/34,4,1,0,0
2025-03-02,2024020962,MIN,home,8470594,Marc-Andre Fleury,29,G,False,,00:00,0,0,0,,0/0,0/0,0/0,0/0,0,0,0,0
2025-03-02,2024020962,MIN,home,8479406,Filip Gustavsson,32,G,True,W,60:00,28,28,0,1.0,23/23,5/5,0/0,28/28,0,0,0,0
2025-03-02,2024020962,BOS,away,8480280,Jeremy Swayman,1,G,True,L,58:16,22,21,1,0.954545,17/18,4/4,0/0,21/22,1,0,0,0
2025-03-02,2024020962,BOS,away,8476914,Joonas Korpisalo,70,G,False,,00:00,0,0,0,,0/0,0/0,0/0,0/0,0,0,0,0
2025-03-02,2024020963,CAR,home,8475883,Frederik Andersen,31,G,False,,00:00,0,0,0,,0/0,0/0,0/0,0/0,0,0,0,0
2025-03-02,2024020963,CAR,home,8481611,Pyotr Kochetkov,52,G,True,W,63:16,16,15,1,0.9375,11/11,4/5,0/0,15/16,0,1,0,0
2025-03-02,2024020963,CGY,away,8481692,Dustin Wolf,32,G,True,O,63:16,33,31,2,0.939394,24/26,7/7,0/0,31/33,2,0,0,0
2025-03-02,2024020963,CGY,away,8478435,Dan Vladar,80,G,False,,00:00,0,0,0,,0/0,0/0,0/0,0/0,0,0,0,0
2025-03-02,2024020964,DAL,home,8479193,Casey DeSmith,1,G,False,,00:00,0,0,0,,0/0,0/0,0/0,0/0,0,0,0,0
2025-03-02,2024020964,DAL,home,8479979,Jake Oettinger,29,G,True,W,60:00,42,39,3,0.928571,33/35,3/4,3/3,39/42,2,1,0,0
2025-03-02,2024020964,STL,away,8480981,Joel Hofer,30,G,True,,20:00,9,6,3,0.666667,6/7,0/2,0/0,6/9,1,2,0,0
2025-03-02,2024020964,STL,away,8476412,Jordan Binnington,50,G,False,L,34:09,12,9,3,0.75,8/9,1/3,0/0,9/12,1,2,0,0
2025-03-02,2024020965,NYR,home,8478048,Igor Shesterkin,31,G,False,,00:00,0,0,0,,0/0,0/0,0/0,0/0,0,0,0,0
2025-03-02,2024020965,NYR,home,8471734,Jonathan Quick,32,G,True,W,60:00,34,34,0,1.0,30/30,3/3,1/1,34/34,0,0,0,0
2025-03-02,2024020965,NSH,away,8481020,Justus Annunen,29,G,True,L,60:00,34,30,4,0.882353,25/28,4/5,1/1,30/34,3,1,0,0
2025-03-02,2024020965,NSH,away,8477424,Juuse Saros,74,G,False,,00:00,0,0,0,,0/0,0/0,0/0,0/0,0,0,0,0
2025-03-02,2024020966,VGK,home,8478499,Adin Hill,33,G,True,W,59:26,25,25,0,1.0,20/20,2/2,3/3,25/25,0,0,0,0
2025-03-02,2024020966,VGK,home,8478492,Ilya Samsonov,35,G,False,,00:00,0,0,0,,0/0,0/0,0/0,0/0,0,0,0,0
2025-03-02,2024020966,NJD,away,8474593,Jacob Markstrom,25,G,True,L,60:00,24,22,2,0.916667,20/20,2/4,0/0,22/24,0,2,0,0
2025-03-02,2024020966,NJD,away,8474596,Jake Allen,34,G,False,,00:00,0,0,0,,0/0,0/0,0/0,0/0,0,0,0,0
2025-03-03,2024020967,WSH,home,8480313,Logan Thompson,48,G,True,W,64:50,37,33,4,0.891892,13/15,18/20,2/2,33/37,2,2,0,0
2025-03-03,2024020967,WSH,home,8479292,Charlie Lindgren,79,G,False,,00:00,0,0,0,,0/0,0/0,0/0,0/0,0,0,0,0
2025-03-03,2024020967,OTT,away,8476341,Anton Forsberg,31,G,False,,00:00,0,0,0,,0/0,0/0,0/0,0/0,0,0,0,0
2025-03-03,2024020967,OTT,away,8476999,Linus Ullmark,35,G,True,O,63:40,41,37,4,0.902439,30/33,7/8,0/0,37/41,3,1,0,0
2025-03-03,2024020968,MTL,home,8478470,Samuel Montembeault,35,G,True,W,61:03,36,33,3,0.916667,24/27,8/8,1/1,33/36,3,0,0,0
2025-03-03,2024020968,MTL,home,8482487,Jakub Dobes,75,G,False,,00:00,0,0,0,,0/0,0/0,0/0,0/0,0,0,0,0
2025-03-03,2024020968,BUF,away,8480045,Ukko-Pekka Luukkonen,1,G,False,,00:00,0,0,0,,0/0,0/0,0/0,0/0,0,0,0,0
2025-03-03,2024020968,BUF,away,8473503,James Reimer,47,G,True,O,60:24,20,16,4,0.8,13/14,2/4,1/2,16/20,1,2,1,0
2025-03-03,2024020969,FLA,home,8476904,Chris Driedger,60,G,False,,00:00,0,0,0,,0/0,0/0,0/0,0/0,0,0,0,0
2025-03-03,2024020969,FLA,home,8475683,Sergei Bobrovsky,72,G,True,W,60:00,29,28,1,0.965517,16/17,11/11,1/1,28/29,1,0,0,0
2025-03-03,2024020969,TBL,away,8477992,Jonas Johansson,31,G,False,,00:00,0,0,0,,0/0,0/0,0/0,0/0,0,0,0,0
2025-03-03,2024020969,TBL,away,8476883,Andrei Vasilevskiy,88,G,True,L,58:49,29,27,2,0.931034,22/23,4/5,1/1,27/29,1,1,0,0
2025-03-03,2024020970,NYR,home,8478048,Igor Shesterkin,31,G,True,W,60:00,21,21,0,1.0,18/18,2/2,1/1,21/21,0,0,0,0
2025-03-03,2024020970,NYR,home,8471734,Jonathan Quick,32,G,False,,00:00,0,0,0,,0/0,0/0,0/0,0/0,0,0,0,0
2025-03-03,2024020970,NYI,away,8480819,Jakub Skarek,1,G,False,,00:00,0,0,0,,0/0,0/0,0/0,0/0,0,0,0,0
2025-03-03,2024020970,NYI,away,8478009,Ilya Sorokin,30,G,True,L,57:25,26,23,3,0.884615,19/21,4/4,0/1,23/26,2,0,1,0
2025-03-03,2024020971,TOR,home,8476932,Anthony Stolarz,41,G,True,O,65:00,22,20,2,0.909091,18/20,1/1,1/1,20/22,2,0,0,0
2025-03-03,2024020971,TOR,home,8479361,Joseph Woll,60,G,False,,00:00,0,0,0,,0/0,0/0,0/0,0/0,0,0,0,0
2025-03-03,2024020971,SJS,away,8480382,Alexandar Georgiev,40,G,True,W,65:00,27,25,2,0.925926,18/18,7/9,0/0,25/27,0,2,0,0
2025-03-03,2024020971,SJS,away,8477970,Vitek Vanecek,41,G,False,,00:00,0,0,0,,0/0,0/0,0/0,0/0,0,0,0,0
2025-03-03,2024020972,CHI,home,8481519,Spencer Knight,30,G,True,W,59:54,42,41,1,0.97619,40/41,1/1,0/0,41/42,1,0,0,0
2025-03-03,2024020972,CHI,home,8482821,Arvid Soderblom,40,G,False,,00:00,0,0,0,,0/0,0/0,0/0,0/0,0,0,0,0
2025-03-03,2024020972,LAK,away,8479496,David Rittich,31,G,False,,00:00,0,0,0,,0/0,0/0,0/0,0/0,0,0,0,0
2025-03-03,2024020972,LAK,away,8475311,Darcy Kuemper,35,G,True,L,58:22,18,14,4,0.777778,12/16,2/2,0/0,14/18,4,0,0,0
2025-03-04,2024020973,BOS,home,8480280,Jeremy Swayman,1,G,True,L,58:52,29,24,5,0.827586,23/28,0/0,1/1,24/29,5,0,0,0
2025-03-04,2024020973,BOS,home,8476914,Joonas Korpisalo,70,G,False,,00:00,0,0,0,,0/0,0/0,0/0,0/0,0,0,0,0
2025-03-04,2024020973,NSH,away,8481020,Justus Annunen,29,G,False,,00:00,0,0,0,,0/0,0/0,0/0,0/0,0,0,0,0
2025-03-04,2024020973,NSH,away,8477424,Juuse Saros,74,G,True,W,60:00,21,18,3,0.857143,18/21,0/0,0/0,18/21,3,0,0,0
2025-03-04,2024020974,BUF,home,8480045,Ukko-Pekka Luukkonen,1,G,True,L,57:25,27,22,5,0.814815,16/21,4/4,2/2,22/27,5,0,0,0
2025-03-04,2024020974,BUF,home,8473503,James Reimer,47,G,False,,00:00,0,0,0,,0/0,0/0,0/0,0/0,0,0,0,0
2025-03-04,2024020974,SJS,away,8480382,Alexandar Georgiev,40,G,True,W,60:00,22,20,2,0.909091,19/20,1/2,0/0,20/22,1,1,0,0
2025-03-04,2024020974,SJS,away,8477970,Vitek Vanecek,41,G,False,,00:00,0,0,0,,0/0,0/0,0/0,0/0,0,0,0,0
2025-03-04,2024020975,DET,home,8479312,Alex Lyon,34,G,True,L,57:22,30,28,2,0.933333,24/26,3/3,1/1,28/30,2,0,0,0
2025-03-04,2024020975,DET,home,8475660,Cam Talbot,39,G,False,,00:00,0,0,0,,0/0,0/0,0/0,0/0,0,0,0,0
2025-03-04,2024020975,CAR,away,8475883,Frederik Andersen,31,G,True,W,60:00,25,24,1,0.96,19/20,5/5,0/0,24/25,1,0,0,0
2025-03-04,2024020975,CAR,away,8481611,Pyotr Kochetkov,52,G,False,,00:00,0,0,0,,0/0,0/0,0/0,0/0,0,0,0,0
2025-03-04,2024020976,TBL,home,8477992,Jonas Johansson,31,G,True,W,60:00,33,31,2,0.939394,26/27,5/5,0/1,31/33,1,0,1,0
2025-03-04,2024020976,TBL,home,8476883,Andrei Vasilevskiy,88,G,False,,00:00,0,0,0,,0/0,0/0,0/0,0/0,0,0,0,0
2025-03-04,2024020976,CBJ,away,8480193,Daniil Tarasov,40,G,False,,00:00,0,0,0,,0/0,0/0,0/0,0/0,0,0,0,0
2025-03-04,2024020976,CBJ,away,8478007,Elvis Merzlikins,90,G,True,L,57:10,39,34,5,0.871795,31/35,3/4,0/0,34/39,4,1,0,0
2025-03-04,2024020977,PHI,home,8481035,Samuel Ersson,33,G,True,,09:32,5,2,3,0.4,1/4,0/0,1/1,2/5,3,0,0,0
2025-03-04,2024020977,PHI,home,8478905,Ivan Fedotov,82,G,False,L,48:59,28,26,2,0.928571,24/25,1/2,1/1,26/28,1,1,0,0
2025-03-04,2024020977,CGY,away,8481692,Dustin Wolf,32,G,True,W,60:00,29,26,3,0.896552,20/23,6/6,0/0,26/29,3,0,0,0
2025-03-04,2024020977,CGY,away,8478435,Dan Vladar,80,G,False,,00:00,0,0,0,,0/0,0/0,0/0,0/0,0,0,0,0
2025-03-04,2024020978,NYI,home,8480819,Jakub Skarek,1,G,False,,00:00,0,0,0,,0/0,0/0,0/0,0/0,0,0,0,0
2025-03-04,2024020978,NYI,home,8478009,Ilya Sorokin,30,G,True,W,59:25,28,26,2,0.928571,20/20,4/6,2/2,26/28,0,2,0,0
2025-03-04,2024020978,WPG,away,8477480,Eric Comrie,1,G,False,,00:00,0,0,0,,0/0,0/0,0/0,0/0,0,0,0,0
2025-03-04,2024020978,WPG,away,8476945,Connor Hellebuyck,37,G,True,L,58:26,29,26,3,0.896552,26/28,0/1,0/0,26/29,2,1,0,0
2025-03-04,2024020979,DAL,home,8479193,Casey DeSmith,1,G,True,W,60:00,28,25,3,0.892857,24/25,0/2,1/1,25/28,1,2,0,0
2025-03-04,2024020979,DAL,home,8479979,Jake Oettinger,29,G,False,,00:00,0,0,0,,0/0,0/0,0/0,0/0,0,0,0,0
2025-03-04,2024020979,NJD,away,8474593,Jacob Markstrom,25,G,True,L,59:33,21,17,4,0.809524,13/16,4/5,0/0,17/21,3,1,0,0
2025-03-04,2024020979,NJD,away,8474596,Jake Allen,34,G,False,,00:00,0,0,0,,0/0,0/0,0/0,0/0,0,0,0,0
2025-03-04,2024020980,COL,home,8478406,Mackenzie Blackwood,39,G,False,,00:00,0,0,0,,0/0,0/0,0/0,0/0,0,0,0,0
2025-03-04,2024020980,COL,home,8475809,Scott Wedgewood,41,G,True,W,60:00,33,32,1,0.969697,28/29,4/4,0/0,32/33,1,0,0,0
2025-03-04,2024020980,PIT,away,8477465,Tristan Jarry,35,G,False,,00:00,0,0,0,,0/0,0/0,0/0,0/0,0,0,0,0
2025-03-04,2024020980,PIT,away,8477968,Alex Nedeljkovic,39,G,True,L,58:34,23,21,2,0.913043,20/21,0/1,1/1,21/23,1,1,0,0
2025-03-04,2024020981,EDM,home,8475717,Calvin Pickard,30,G,True,L,19:08,11,7,4,0.636364,7/11,0/0,0/0,7/11,4,0,0,0
2025-03-04,2024020981,EDM,home,8479973,Stuart Skinner,74,G,False,,40:00,16,14,2,0.875,12/14,2/2,0/0,14/16,2,0,0,0
2025-03-04,2024020981,ANA,away,8480843,Lukas Dostal,1,G,True,W,59:55,35,33,2,0.942857,33/33,0/2,0/0,33/35,0,2,0,0
2025-03-04,2024020981,ANA,away,8476434,John Gibson,36,G,False,,00:00,0,0,0,,0/0,0/0,0/0,0/0,0,0,0,0
2025-03-04,2024020982,SEA,home,8475831,Philipp Grubauer,31,G,False,,00:00,0,0,0,,0/0,0/0,0/0,0/0,0,0,0,0
2025-03-04,2024020982,SEA,home,8478916,Joey Daccord,35,G,True,L,57:43,20,16,4,0.8,16/19,0/1,0/0,16/20,3,1,0,0
2025-03-04,2024020982,MIN,away,8470594,Marc-Andre Fleury,29,G,False,,00:00,0,0,0,,0/0,0/0,0/0,0/0,0,0,0,0
2025-03-04,2024020982,MIN,away,8479406,Filip Gustavsson,32,G,True,W,60:00,36,33,3,0.916667,29/31,4/5,0/0,33/36,2,1,0,0
2025-03-05,2024020983,NYR,home,8478048,Igor Shesterkin,31,G,True,O,64:07,26,23,3,0.884615,17/19,5/6,1/1,23/26,2,1,0,0
2025-03-05,2024020983,NYR,home,8471734,Jonathan Quick,32,G,False,,00:00,0,0,0,,0/0,0/0,0/0,0/0,0,0,0,0
2025-03-05,2024020983,WSH,away,8480313,Logan Thompson,48,G,False,,00:00,0,0,0,,0/0,0/0,0/0,0/0,0,0,0,0
2025-03-05,2024020983,WSH,away,8479292,Charlie Lindgren,79,G,True,W,64:07,17,15,2,0.882353,12/14,3/3,0/0,15/17,2,0,0,0
2025-03-05,2024020984,CHI,home,8481519,Spencer Knight,30,G,False,,00:00,0,0,0,,0/0,0/0,0/0,0/0,0,0,0,0
2025-03-05,2024020984,CHI,home,8482821,Arvid Soderblom,40,G,True,O,60:46,26,22,4,0.846154,21/25,1/1,0/0,22/26,4,0,0,0
2025-03-05,2024020984,OTT,away,8476341,Anton Forsberg,31,G,False,,00:00,0,0,0,,0/0,0/0,0/0,0/0,0,0,0,0
2025-03-05,2024020984,OTT,away,8476999,Linus Ullmark,35,G,True,W,60:46,20,17,3,0.85,17/19,0/1,0/0,17/20,2,1,0,0
2025-03-05,2024020985,VGK,home,8478499,Adin Hill,33,G,True,W,60:00,31,29,2,0.935484,21/22,6/7,2/2,29/31,1,1,0,0
2025-03-05,2024020985,VGK,home,8478492,Ilya Samsonov,35,G,False,,00:00,0,0,0,,0/0,0/0,0/0,0/0,0,0,0,0
2025-03-05,2024020985,TOR,away,8476932,Anthony Stolarz,41,G,False,,44:54,18,16,2,0.888889,7/9,5/5,4/4,16/18,2,0,0,0
2025-03-05,2024020985,TOR,away,8479361,Joseph Woll,60,G,True,L,14:31,7,4,3,0.571429,4/6,0/1,0/0,4/7,2,1,0,0
2025-03-05,2024020986,VAN,home,8481668,Arturs Silovs,31,G,False,,00:00,0,0,0,,0/0,0/0,0/0,0/0,0,0,0,0
2025-03-05,2024020986,VAN,home,8480947,Kevin Lankinen,32,G,True,W,59:24,16,14,2,0.875,12/14,1/1,1/1,14/16,2,0,0,0
2025-03-05,2024020986,ANA,away,8480843,Lukas Dostal,1,G,False,L,24:05,15,14,1,0.933333,12/13,2/2,0/0,14/15,1,0,0,0
2025-03-05,2024020986,ANA,away,8476434,John Gibson,36,G,True,,33:48,21,19,2,0.904762,17/18,2/3,0/0,19/21,1,1,0,0
2025-03-05,2024020987,LAK,home,8479496,David Rittich,31,G,False,,00:00,0,0,0,,0/0,0/0,0/0,0/0,0,0,0,0
2025-03-05,2024020987,LAK,home,8475311,Darcy Kuemper,35,G,True,O,65:00,30,28,2,0.933333,25/26,3/4,0/0,28/30,1,1,0,0
2025-03-05,2024020987,STL,away,8480981,Joel Hofer,30,G,False,,00:00,0,0,0,,0/0,0/0,0/0,0/0,0,0,0,0
2025-03-05,2024020987,STL,away,8476412,Jordan Binnington,50,G,True,W,64:45,23,21,2,0.913043,19/21,1/1,1/1,21/23,2,0,0,0
2025-03-06,2024020988,DET,home,8479312,Alex Lyon,34,G,True,L,57:58,19,15,4,0.789474,10/13,5/6,0/0,15/19,3,1,0,0
2025-03-06,2024020988,DET,home,8475660,Cam Talbot,39,G,False,,00:00,0,0,0,,0/0,0/0,0/0,0/0,0,0,0,0
2025-03-06,2024020988,UTA,away,8478971,Connor Ingram,39,G,False,,00:00,0,0,0,,0/0,0/0,0/0,0/0,0,0,0,0
2025-03-06,2024020988,UTA,away,8478872,Karel Vejmelka,70,G,True,W,60:00,40,38,2,0.95,32/34,6/6,0/0,38/40,2,0,0,0
2025-03-06,2024020989,TBL,home,8477992,Jonas Johansson,31,G,False,,00:00,0,0,0,,0/0,0/0,0/0,0/0,0,0,0,0
2025-03-06,2024020989,TBL,home,8476883,Andrei Vasilevskiy,88,G,True,W,60:00,33,28,5,0.848485,26/30,2/3,0/0,28/33,4,1,0,0
2025-03-06,2024020989,BUF,away,8480045,Ukko-Pekka Luukkonen,1,G,True,L,57:53,26,20,6,0.769231,20/25,0/1,0/0,20/26,5,1,0,0
2025-03-06,2024020989,BUF,away,8473503,James Reimer,47,G,False,,00:00,0,0,0,,0/0,0/0,0/0,0/0,0,0,0,0
2025-03-06,2024020990,FLA,home,8477970,Vitek Vanecek,41,G,False,,00:00,0,0,0,,0/0,0/0,0/0,0/0,0,0,0,0
2025-03-06,2024020990,FLA,home,8475683,Sergei Bobrovsky,72,G,True,W,59:51,16,16,0,1.0,13/13,3/3,0/0,16/16,0,0,0,0
2025-03-06,2024020990,CBJ,away,8480193,Daniil Tarasov,40,G,False,,00:00,0,0,0,,0/0,0/0,0/0,0/0,0,0,0,0
2025-03-06,2024020990,CBJ,away,8478007,Elvis Merzlikins,90,G,True,L,59:51,35,33,2,0.942857,20/20,12/14,1/1,33/35,0,2,0,0
2025-03-06,2024020991,PHI,home,8481035,Samuel Ersson,33,G,True,L,60:00,27,23,4,0.851852,22/24,1/3,0/0,23/27,2,2,0,0
2025-03-06,2024020991,PHI,home,8478905,Ivan Fedotov,82,G,False,,00:00,0,0,0,,0/0,0/0,0/0,0/0,0,0,0,0
2025-03-06,2024020991,WPG,away,8477480,Eric Comrie,1,G,True,W,59:50,22,21,1,0.954545,18/19,2/2,1/1,21/22,1,0,0,0
2025-03-06,2024020991,WPG,away,8476945,Connor Hellebuyck,37,G,False,,00:00,0,0,0,,0/0,0/0,0/0,0/0,0,0,0,0
2025-03-06,2024020992,CAR,home,8475883,Frederik Andersen,31,G,False,,00:00,0,0,0,,0/0,0/0,0/0,0/0,0,0,0,0
2025-03-06,2024020992,CAR,home,8481611,Pyotr Kochetkov,52,G,True,W,60:00,34,32,2,0.941176,26/28,4/4,2/2,32/34,2,0,0,0
2025-03-06,2024020992,BOS,away,8480280,Jeremy Swayman,1,G,False,,00:00,0,0,0,,0/0,0/0,0/0,0/0,0,0,0,0
2025-03-06,2024020992,BOS,away,8476914,Joonas Korpisalo,70,G,True,L,59:41,23,20,3,0.869565,16/18,2/2,2/3,20/23,2,0,1,0
2025-03-06,2024020993,NSH,home,8481020,Justus Annunen,29,G,False,,00:00,0,0,0,,0/0,0/0,0/0,0/0,0,0,0,0
2025-03-06,2024020993,NSH,home,8477424,Juuse Saros,74,G,True,W,60:00,25,22,3,0.88,18/20,4/5,0/0,22/25,2,1,0,0
2025-03-06,2024020993,SEA,away,8475831,Philipp Grubauer,31,G,False,,00:00,0,0,0,,0/0,0/0,0/0,0/0,0,0,0,0
2025-03-06,2024020993,SEA,away,8478916,Joey Daccord,35,G,True,L,57:14,33,29,4,0.878788,25/29,4/4,0/0,29/33,4,0,0,0
2025-03-06,2024020994,DAL,home,8479193,Casey DeSmith,1,G,False,,00:00,0,0,0,,0/0,0/0,0/0,0/0,0,0,0,0
2025-03-06,2024020994,DAL,home,8479979,Jake Oettinger,29,G,True,W,64:17,28,26,2,0.928571,23/25,3/3,0/0,26/28,2,0,0,0
2025-03-06,2024020994,CGY,away,8481692,Dustin Wolf,32,G,False,,00:00,0,0,0,,0/0,0/0,0/0,0/0,0,0,0,0
2025-03-06,2024020994,CGY,away,8478435,Dan Vladar,80,G,True,O,64:17,27,24,3,0.888889,24/27,0/0,0/0,24/27,3,0,0,0
2025-03-06,2024020995,EDM,home,8475717,Calvin Pickard,30,G,False,,00:00,0,0,0,,0/0,0/0,0/0,0/0,0,0,0,0
2025-03-06,2024020995,EDM,home,8479973,Stuart Skinner,74,G,True,W,64:44,27,25,2,0.925926,21/23,4/4,0/0,25/27,2,0,0,0
2025-03-06,2024020995,MTL,away,8478470,Samuel Montembeault,35,G,True,O,64:53,32,29,3,0.90625,28/30,1/2,0/0,29/32,2,1,0,0
2025-03-06,2024020995,MTL,away,8482487,Jakub Dobes,75,G,False,,00:00,0,0,0,,0/0,0/0,0/0,0/0,0,0,0,0
2025-03-06,2024020996,COL,home,8478406,Mackenzie Blackwood,39,G,True,W,59:41,34,31,3,0.911765,21/22,9/11,1/1,31/34,1,2,0,0
2025-03-06,2024020996,COL,home,8475809,Scott Wedgewood,41,G,False,,00:00,0,0,0,,0/0,0/0,0/0,0/0,0,0,0,0
2025-03-06,2024020996,SJS,away,8484312,Georgi Romanov,31,G,False,,00:00,0,0,0,,0/0,0/0,0/0,0/0,0,0,0,0
2025-03-06,2024020996,SJS,away,8480382,Alexandar Georgiev,40,G,True,L,59:45,32,25,7,0.78125,22/25,2/5,1/2,25/32,3,3,1,0
2025-03-07,2024020997,NJD,home,8474593,Jacob Markstrom,25,G,True,L,60:00,35,29,6,0.828571,25/30,3/4,1/1,29/35,5,1,0,0
2025-03-07,2024020997,NJD,home,8474596,Jake Allen,34,G,False,,00:00,0,0,0,,0/0,0/0,0/0,0/0,0,0,0,0
2025-03-07,2024020997,WPG,away,8477480,Eric Comrie,1,G,False,,00:00,0,0,0,,0/0,0/0,0/0,0/0,0,0,0,0
2025-03-07,2024020997,WPG,away,8476945,Connor Hellebuyck,37,G,True,W,60:00,23,22,1,0.956522,21/22,0/0,1/1,22/23,1,0,0,0
2025-03-07,2024020998,WSH,home,8480313,Logan Thompson,48,G,True,W,60:00,19,17,2,0.894737,17/18,0/1,0/0,17/19,1,1,0,0
2025-03-07,2024020998,WSH,home,8479292,Charlie Lindgren,79,G,False,,00:00,0,0,0,,0/0,0/0,0/0,0/0,0,0,0,0
2025-03-07,2024020998,DET,away,8479312,Alex Lyon,34,G,False,,00:00,0,0,0,,0/0,0/0,0/0,0/0,0,0,0,0
2025-03-07,2024020998,DET,away,8475660,Cam Talbot,39,G,True,L,59:54,28,23,5,0.821429,22/25,1/1,0/2,23/28,3,0,2,0
2025-03-07,2024020999,CHI,home,8481519,Spencer Knight,30,G,True,W,63:10,39,36,3,0.923077,32/34,4/5,0/0,36/39,2,1,0,0
2025-03-07,2024020999,CHI,home,8482821,Arvid Soderblom,40,G,False,,00:00,0,0,0,,0/0,0/0,0/0,0/0,0,0,0,0
2025-03-07,2024020999,UTA,away,8478971,Connor Ingram,39,G,False,,00:00,0,0,0,,0/0,0/0,0/0,0/0,0,0,0,0
2025-03-07,2024020999,UTA,away,8478872,Karel Vejmelka,70,G,True,O,63:10,25,21,4,0.84,21/25,0/0,0/0,21/25,4,0,0,0
2025-03-07,2024021000,VAN,home,8481668,Arturs Silovs,31,G,False,,00:00,0,0,0,,0/0,0/0,0/0,0/0,0,0,0,0
2025-03-07,2024021000,VAN,home,8480947,Kevin Lankinen,32,G,True,W,60:00,38,37,1,0.973684,29/29,5/6,3/3,37/38,0,1,0,0
2025-03-07,2024021000,MIN,away,8470594,Marc-Andre Fleury,29,G,False,,00:00,0,0,0,,0/0,0/0,0/0,0/0,0,0,0,0
2025-03-07,2024021000,MIN,away,8479406,Filip Gustavsson,32,G,True,L,58:50,19,17,2,0.894737,15/16,2/3,0/0,17/19,1,1,0,0
2025-03-07,2024021001,VGK,home,8478499,Adin Hill,33,G,False,,00:00,0,0,0,,0/0,0/0,0/0,0/0,0,0,0,0
2025-03-07,2024021001,VGK,home,8478492,Ilya Samsonov,35,G,True,W,60:00,22,22,0,1.0,22/22,0/0,0/0,22/22,0,0,0,0
2025-03-07,2024021001,PIT,away,8477465,Tristan Jarry,35,G,False,,00:00,0,0,0,,0/0,0/0,0/0,0/0,0,0,0,0
2025-03-07,2024021001,PIT,away,8477968,Alex Nedeljkovic,39,G,True,L,60:00,27,23,4,0.851852,20/24,3/3,0/0,23/27,4,0,0,0
2025-03-07,2024021002,ANA,home,8480843,Lukas Dostal,1,G,True,L,58:36,21,18,3,0.857143,16/19,2/2,0/0,18/21,3,0,0,0
2025-03-07,2024021002,ANA,home,8478024,Ville Husso,33,G,False,,00:00,0,0,0,,0/0,0/0,0/0,0/0,0,0,0,0
2025-03-07,2024021002,STL,away,8480981,Joel Hofer,30,G,False,,00:00,0,0,0,,0/0,0/0,0/0,0/0,0,0,0,0
2025-03-07,2024021002,STL,away,8476412,Jordan Binnington,50,G,True,W,60:00,24,21,3,0.875,18/20,2/3,1/1,21/24,2,1,0,0
2025-03-08,2024021003,OTT,home,8476341,Anton Forsberg,31,G,False,,00:00,0,0,0,,0/0,0/0,0/0,0/0,0,0,0,0
2025-03-08,2024021003,OTT,home,8476999,Linus Ullmark,35,G,True,W,60:32,23,20,3,0.869565,16/19,3/3,1/1,20/23,3,0,0,0
2025-03-08,2024021003,NYR,away,8478048,Igor Shesterkin,31,G,True,O,60:20,37,33,4,0.891892,20/24,13/13,0/0,33/37,4,0,0,0
2025-03-08,2024021003,NYR,away,8471734,Jonathan Quick,32,G,False,,00:00,0,0,0,,0/0,0/0,0/0,0/0,0,0,0,0
2025-03-08,2024021004,PHI,home,8481035,Samuel Ersson,33,G,True,L,59:40,32,28,4,0.875,27/30,1/1,0/1,28/32,3,0,1,0
2025-03-08,2024021004,PHI,home,8478905,Ivan Fedotov,82,G,False,,00:00,0,0,0,,0/0,0/0,0/0,0/0,0,0,0,0
2025-03-08,2024021004,SEA,away,8475831,Philipp Grubauer,31,G,True,W,59:57,24,23,1,0.958333,17/18,6/6,0/0,23/24,1,0,0,0
2025-03-08,2024021004,SEA,away,8478916,Joey Daccord,35,G,False,,00:00,0,0,0,,0/0,0/0,0/0,0/0,0,0,0,0
2025-03-08,2024021005,TBL,home,8477992,Jonas Johansson,31,G,False,,00:00,0,0,0,,0/0,0/0,0/0,0/0,0,0,0,0
2025-03-08,2024021005,TBL,home,8476883,Andrei Vasilevskiy,88,G,True,L,59:23,24,21,3,0.875,21/24,0/0,0/0,21/24,3,0,0,0
2025-03-08,2024021005,BOS,away,8480280,Jeremy Swayman,1,G,True,W,60:00,25,25,0,1.0,23/23,0/0,2/2,25/25,0,0,0,0
2025-03-08,2024021005,BOS,away,8476914,Joonas Korpisalo,70,G,False,,00:00,0,0,0,,0/0,0/0,0/0,0/0,0,0,0,0
2025-03-08,2024021006,FLA,home,8477970,Vitek Vanecek,41,G,True,W,60:00,21,21,0,1.0,21/21,0/0,0/0,21/21,0,0,0,0
2025-03-08,2024021006,FLA,home,8475683,Sergei Bobrovsky,72,G,False,,00:00,0,0,0,,0/0,0/0,0/0,0/0,0,0,0,0
2025-03-08,2024021006,BUF,away,8480045,Ukko-Pekka Luukkonen,1,G,True,L,57:45,35,32,3,0.914286,28/31,2/2,2/2,32/35,3,0,0,0
2025-03-08,2024021006,BUF,away,8473503,James Reimer,47,G,False,,00:00,0,0,0,,0/0,0/0,0/0,0/0,0,0,0,0
2025-03-08,2024021007,COL,home,8478406,Mackenzie Blackwood,39,G,True,W,59:35,21,17,4,0.809524,16/19,1/2,0/0,17/21,3,1,0,0
2025-03-08,2024021007,COL,home,8475809,Scott Wedgewood,41,G,False,,00:00,0,0,0,,0/0,0/0,0/0,0/0,0,0,0,0
2025-03-08,2024021007,TOR,away,8476932,Anthony Stolarz,41,G,True,L,58:39,32,27,5,0.84375,23/27,4/5,0/0,27/32,4,1,0,0
2025-03-08,2024021007,TOR,away,8479361,Joseph Woll,60,G,False,,00:00,0,0,0,,0/0,0/0,0/0,0/0,0,0,0,0
2025-03-08,2024021008,CGY,home,8481692,Dustin Wolf,32,G,True,W,59:57,26,26,0,1.0,26/26,0/0,0/0,26/26,0,0,0,0
2025-03-08,2024021008,CGY,home,8478435,Dan Vladar,80,G,False,,00:00,0,0,0,,0/0,0/0,0/0,0/0,0,0,0,0
2025-03-08,2024021008,MTL,away,8478470,Samuel Montembeault,35,G,False,,00:00,0,0,0,,0/0,0/0,0/0,0/0,0,0,0,0
2025-03-08,2024021008,MTL,away,8482487,Jakub Dobes,75,G,True,L,57:24,24,23,1,0.958333,22/23,1/1,0/0,23/24,1,0,0,0
2025-03-08,2024021009,NSH,home,8481020,Justus Annunen,29,G,True,W,62:39,19,17,2,0.894737,14/16,2/2,1/1,17/19,2,0,0,0
2025-03-08,2024021009,NSH,home,8477424,Juuse Saros,74,G,False,,00:00,0,0,0,,0/0,0/0,0/0,0/0,0,0,0,0
2025-03-08,2024021009,CHI,away,8481519,Spencer Knight,30,G,False,,00:00,0,0,0,,0/0,0/0,0/0,0/0,0,0,0,0
2025-03-08,2024021009,CHI,away,8482821,Arvid Soderblom,40,G,True,O,62:39,41,38,3,0.926829,30/32,6/7,2/2,38/41,2,1,0,0
2025-03-08,2024021010,LAK,home,8479496,David Rittich,31,G,False,,00:00,0,0,0,,0/0,0/0,0/0,0/0,0,0,0,0
2025-03-08,2024021010,LAK,home,8475311,Darcy Kuemper,35,G,True,W,60:18,20,19,1,0.95,15/16,3/3,1/1,19/20,1,0,0,0
2025-03-08,2024021010,STL,away,8480981,Joel Hofer,30,G,True,O,60:27,23,21,2,0.913043,19/21,1/1,1/1,21/23,2,0,0,0
2025-03-08,2024021010,STL,away,8476412,Jordan Binnington,50,G,False,,00:00,0,0,0,,0/0,0/0,0/0,0/0,0,0,0,0
2025-03-08,2024021011,EDM,home,8475717,Calvin Pickard,30,G,False,,00:00,0,0,0,,0/0,0/0,0/0,0/0,0,0,0,0
2025-03-08,2024021011,EDM,home,8479973,Stuart Skinner,74,G,True,W,60:00,25,21,4,0.84,19/21,2/4,0/0,21/25,2,2,0,0
2025-03-08,2024021011,DAL,away,8479193,Casey DeSmith,1,G,False,,00:00,0,0,0,,0/0,0/0,0/0,0/0,0,0,0,0
2025-03-08,2024021011,DAL,away,8479979,Jake Oettinger,29,G,True,L,57:53,27,22,5,0.814815,22/27,0/0,0/0,22/27,5,0,0,0
2025-03-08,2024021012,SJS,home,8484312,Georgi Romanov,31,G,False,,00:00,0,0,0,,0/0,0/0,0/0,0/0,0,0,0,0
2025-03-08,2024021012,SJS,home,8480382,Alexandar Georgiev,40,G,True,L,57:50,28,24,4,0.857143,20/22,4/6,0/0,24/28,2,2,0,0
2025-03-08,2024021012,NYI,away,8480819,Jakub Skarek,1,G,False,,00:00,0,0,0,,0/0,0/0,0/0,0/0,0,0,0,0
2025-03-08,2024021012,NYI,away,8478009,Ilya Sorokin,30,G,True,W,60:00,40,38,2,0.95,28/28,10/12,0/0,38/40,0,2,0,0
2025-03-09,2024021013,PHI,home,8481035,Samuel Ersson,33,G,False,,00:00,0,0,0,,0/0,0/0,0/0,0/0,0,0,0,0
2025-03-09,2024021013,PHI,home,8478905,Ivan Fedotov,82,G,True,L,59:48,22,20,2,0.909091,20/22,0/0,0/0,20/22,2,0,0,0
2025-03-09,2024021013,NJD,away,8474593,Jacob Markstrom,25,G,False,,00:00,0,0,0,,0/0,0/0,0/0,0/0,0,0,0,0
2025-03-09,2024021013,NJD,away,8474596,Jake Allen,34,G,True,W,60:00,24,23,1,0.958333,22/23,1/1,0/0,23/24,1,0,0,0
2025-03-09,2024021014,WSH,home,8480313,Logan Thompson,48,G,False,,00:00,0,0,0,,0/0,0/0,0/0,0/0,0,0,0,0
2025-03-09,2024021014,WSH,home,8479292,Charlie Lindgren,79,G,True,W,60:00,32,30,2,0.9375,25/27,4/4,1/1,30/32,2,0,0,0
2025-03-09,2024021014,SEA,away,8475831,Philipp Grubauer,31,G,False,,00:00,0,0,0,,0/0,0/0,0/0,0/0,0,0,0,0
2025-03-09,2024021014,SEA,away,8478916,Joey Daccord,35,G,True,L,58:46,23,20,3,0.869565,17/20,3/3,0/0,20/23,3,0,0,0
2025-03-09,2024021015,MIN,home,8470594,Marc-Andre Fleury,29,G,True,L,57:35,21,19,2,0.904762,17/18,2/3,0/0,19/21,1,1,0,0
2025-03-09,2024021015,MIN,home,8479406,Filip Gustavsson,32,G,False,,00:00,0,0,0,,0/0,0/0,0/0,0/0,0,0,0,0
2025-03-09,2024021015,PIT,away,8477465,Tristan Jarry,35,G,True,W,60:00,30,29,1,0.966667,22/22,7/8,0/0,29/30,0,1,0,0
2025-03-09,2024021015,PIT,away,8477968,Alex Nedeljkovic,39,G,False,,00:00,0,0,0,,0/0,0/0,0/0,0/0,0,0,0,0
2025-03-09,2024021016,CAR,home,8475883,Frederik Andersen,31,G,True,W,60:00,22,20,2,0.909091,16/18,2/2,2/2,20/22,2,0,0,0
2025-03-09,2024021016,CAR,home,8481611,Pyotr Kochetkov,52,G,False,,00:00,0,0,0,,0/0,0/0,0/0,0/0,0,0,0,0
2025-03-09,2024021016,WPG,away,8477480,Eric Comrie,1,G,False,,00:00,0,0,0,,0/0,0/0,0/0,0/0,0,0,0,0
2025-03-09,2024021016,WPG,away,8476945,Connor Hellebuyck,37,G,True,L,58:14,26,23,3,0.884615,19/21,4/5,0/0,23/26,2,1,0,0
2025-03-09,2024021017,NYR,home,8478048,Igor Shesterkin,31,G,False,,00:00,0,0,0,,0/0,0/0,0/0,0/0,0,0,0,0
2025-03-09,2024021017,NYR,home,8471734,Jonathan Quick,32,G,True,L,57:24,28,21,7,0.75,21/28,0/0,0/0,21/28,7,0,0,0
2025-03-09,2024021017,CBJ,away,8480193,Daniil Tarasov,40,G,True,W,60:00,35,32,3,0.914286,21/22,10/10,1/3,32/35,1,0,2,0
2025-03-09,2024021017,CBJ,away,8478007,Elvis Merzlikins,90,G,False,,00:00,0,0,0,,0/0,0/0,0/0,0/0,0,0,0,0
2025-03-09,2024021018,VGK,home,8478499,Adin Hill,33,G,True,L,57:09,35,29,6,0.828571,29/34,0/1,0/0,29/35,5,1,0,0
2025-03-09,2024021018,VGK,home,8478492,Ilya Samsonov,35,G,False,,00:00,0,0,0,,0/0,0/0,0/0,0/0,0,0,0,0
2025-03-09,2024021018,LAK,away,8479496,David Rittich,31,G,True,W,60:00,32,27,5,0.84375,27/31,0/1,0/0,27/32,4,1,0,0
2025-03-09,2024021018,LAK,away,8475311,Darcy Kuemper,35,G,False,,00:00,0,0,0,,0/0,0/0,0/0,0/0,0,0,0,0
2025-03-09,2024021019,VAN,home,8481668,Arturs Silovs,31,G,False,,00:00,0,0,0,,0/0,0/0,0/0,0/0,0,0,0,0
2025-03-09,2024021019,VAN,home,8480947,Kevin Lankinen,32,G,True,L,59:01,18,15,3,0.833333,10/13,5/5,0/0,15/18,3,0,0,0
2025-03-09,2024021019,DAL,away,8479193,Casey DeSmith,1,G,True,W,60:00,23,22,1,0.956522,17/18,3/3,2/2,22/23,1,0,0,0
2025-03-09,2024021019,DAL,away,8479979,Jake Oettinger,29,G,False,,00:00,0,0,0,,0/0,0/0,0/0,0/0,0,0,0,0
2025-03-09,2024021020,ANA,home,8480843,Lukas Dostal,1,G,True,W,59:42,32,31,1,0.96875,25/26,4/4,2/2,31/32,1,0,0,0
2025-03-09,2024021020,ANA,home,8478024,Ville Husso,33,G,False,,00:00,0,0,0,,0/0,0/0,0/0,0/0,0,0,0,0
2025-03-09,2024021020,NYI,away,8478009,Ilya Sorokin,30,G,False,,00:00,0,0,0,,0/0,0/0,0/0,0/0,0,0,0,0
2025-03-09,2024021020,NYI,away,8477405,Marcus Hogberg,50,G,True,L,57:05,27,24,3,0.888889,21/23,2/3,1/1,24/27,2,1,0,0
2025-03-10,2024021021,BUF,home,8480045,Ukko-Pekka Luukkonen,1,G,True,W,60:00,34,32,2,0.941176,27/28,5/6,0/0,32/34,1,1,0,0
2025-03-10,2024021021,BUF,home,8473503,James Reimer,47,G,False,,00:00,0,0,0,,0/0,0/0,0/0,0/0,0,0,0,0
2025-03-10,2024021021,EDM,away,8475717,Calvin Pickard,30,G,False,,00:00,0,0,0,,0/0,0/0,0/0,0/0,0,0,0,0
2025-03-10,2024021021,EDM,away,8479973,Stuart Skinner,74,G,True,L,57:33,23,20,3,0.869565,18/21,1/1,1/1,20/23,3,0,0,0
2025-03-10,2024021022,OTT,home,8476341,Anton Forsberg,31,G,False,,00:00,0,0,0,,0/0,0/0,0/0,0/0,0,0,0,0
2025-03-10,2024021022,OTT,home,8476999,Linus Ullmark,35,G,True,W,60:00,49,48,1,0.979592,33/34,12/12,3/3,48/49,1,0,0,0
2025-03-10,2024021022,DET,away,8475660,Cam Talbot,39,G,True,L,57:08,23,21,2,0.913043,18/18,3/5,0/0,21/23,0,2,0,0
2025-03-10,2024021022,DET,away,8475852,Petr Mrazek,43,G,False,,00:00,0,0,0,,0/0,0/0,0/0,0/0,0,0,0,0
2025-03-10,2024021023,COL,home,8478406,Mackenzie Blackwood,39,G,False,,00:00,0,0,0,,0/0,0/0,0/0,0/0,0,0,0,0
2025-03-10,2024021023,COL,home,8475809,Scott Wedgewood,41,G,True,W,60:00,20,20,0,1.0,16/16,2/2,2/2,20/20,0,0,0,0
2025-03-10,2024021023,CHI,away,8481519,Spencer Knight,30,G,True,L,59:06,20,18,2,0.9,17/19,1/1,0/0,18/20,2,0,0,0
2025-03-10,2024021023,CHI,away,8482821,Arvid Soderblom,40,G,False,,00:00,0,0,0,,0/0,0/0,0/0,0/0,0,0,0,0
2025-03-10,2024021024,UTA,home,8483530,Jaxson Stauber,33,G,False,,00:00,0,0,0,,0/0,0/0,0/0,0/0,0,0,0,0
2025-03-10,2024021024,UTA,home,8478872,Karel Vejmelka,70,G,True,O,65:00,26,23,3,0.884615,13/14,7/9,3/3,23/26,1,2,0,0
2025-03-10,2024021024,TOR,away,8476932,Anthony Stolarz,41,G,False,,00:00,0,0,0,,0/0,0/0,0/0,0/0,0,0,0,0
2025-03-10,2024021024,TOR,away,8479361,Joseph Woll,60,G,True,W,64:44,33,30,3,0.909091,24/26,6/7,0/0,30/33,2,1,0,0
2025-03-11,2024021025,BOS,home,8480280,Jeremy Swayman,1,G,True,W,59:34,28,26,2,0.928571,20/21,5/6,1/1,26/28,1,1,0,0
2025-03-11,2024021025,BOS,home,8476914,Joonas Korpisalo,70,G,False,,00:00,0,0,0,,0/0,0/0,0/0,0/0,0,0,0,0
2025-03-11,2024021025,FLA,away,8477970,Vitek Vanecek,41,G,False,,00:00,0,0,0,,0/0,0/0,0/0,0/0,0,0,0,0
2025-03-11,2024021025,FLA,away,8475683,Sergei Bobrovsky,72,G,True,L,57:00,24,21,3,0.875,16/18,4/5,1/1,21/24,2,1,0,2
2025-03-11,2024021026,NJD,home,8474593,Jacob Markstrom,25,G,True,W,60:00,20,17,3,0.85,15/18,1/1,1/1,17/20,3,0,0,0
2025-03-11,2024021026,NJD,home,8474596,Jake Allen,34,G,False,,00:00,0,0,0,,0/0,0/0,0/0,0/0,0,0,0,0
2025-03-11,2024021026,CBJ,away,8480193,Daniil Tarasov,40,G,False,,00:00,0,0,0,,0/0,0/0,0/0,0/0,0,0,0,0
2025-03-11,2024021026,CBJ,away,8478007,Elvis Merzlikins,90,G,True,L,59:09,28,23,5,0.821429,20/24,3/4,0/0,23/28,4,1,0,0
2025-03-11,2024021027,PHI,home,8481035,Samuel Ersson,33,G,False,,00:00,0,0,0,,0/0,0/0,0/0,0/0,0,0,0,0
2025-03-11,2024021027,PHI,home,8478905,Ivan Fedotov,82,G,True,L,56:57,23,19,4,0.826087,17/21,0/0,2/2,19/23,4,0,0,0
2025-03-11,2024021027,OTT,away,8482447,Leevi Meriläinen,1,G,False,,00:00,0,0,0,,0/0,0/0,0/0,0/0,0,0,0,0
2025-03-11,2024021027,OTT,away,8476341,Anton Forsberg,31,G,True,W,60:00,22,20,2,0.909091,16/18,2/2,2/2,20/22,2,0,0,0
2025-03-11,2024021028,PIT,home,8477465,Tristan Jarry,35,G,True,W,60:49,37,35,2,0.945946,34/35,0/1,1/1,35/37,1,1,0,0
2025-03-11,2024021028,PIT,home,8477968,Alex Nedeljkovic,39,G,False,,00:00,0,0,0,,0/0,0/0,0/0,0/0,0,0,0,0
2025-03-11,2024021028,VGK,away,8478499,Adin Hill,33,G,False,,00:00,0,0,0,,0/0,0/0,0/0,0/0,0,0,0,0
2025-03-11,2024021028,VGK,away,8478492,Ilya Samsonov,35,G,True,O,59:27,17,14,3,0.823529,12/14,2/3,0/0,14/17,2,1,0,0
2025-03-11,2024021029,CAR,home,8475883,Frederik Andersen,31,G,False,,00:00,0,0,0,,0/0,0/0,0/0,0/0,0,0,0,0
2025-03-11,2024021029,CAR,home,8481611,Pyotr Kochetkov,52,G,True,W,59:45,24,23,1,0.958333,20/21,1/1,2/2,23/24,1,0,0,0
2025-03-11,2024021029,TBL,away,8477992,Jonas Johansson,31,G,False,,00:00,0,0,0,,0/0,0/0,0/0,0/0,0,0,0,0
2025-03-11,2024021029,TBL,away,8476883,Andrei Vasilevskiy,88,G,True,L,60:00,31,27,4,0.870968,21/24,6/6,0/1,27/31,3,0,1,2
2025-03-11,2024021030,MIN,home,8470594,Marc-Andre Fleury,29,G,False,,00:00,0,0,0,,0/0,0/0,0/0,0/0,0,0,0,0
2025-03-11,2024021030,MIN,home,8479406,Filip Gustavsson,32,G,True,W,65:00,28,27,1,0.964286,21/22,6/6,0/0,27/28,1,0,0,0
2025-03-11,2024021030,COL,away,8478406,Mackenzie Blackwood,39,G,True,O,65:00,23,22,1,0.956522,20/21,2/2,0/0,22/23,1,0,0,0
2025-03-11,2024021030,COL,away,8475809,Scott Wedgewood,41,G,False,,00:00,0,0,0,,0/0,0/0,0/0,0/0,0,0,0,0
2025-03-11,2024021031,WPG,home,8477480,Eric Comrie,1,G,False,,00:00,0,0,0,,0/0,0/0,0/0,0/0,0,0,0,0
2025-03-11,2024021031,WPG,home,8476945,Connor Hellebuyck,37,G,True,W,60:00,22,21,1,0.954545,19/19,2/3,0/0,21/22,0,1,0,0
2025-03-11,2024021031,NYR,away,8478048,Igor Shesterkin,31,G,True,L,57:55,24,22,2,0.916667,17/18,3/4,2/2,22/24,1,1,0,0
2025-03-11,2024021031,NYR,away,8471734,Jonathan Quick,32,G,False,,00:00,0,0,0,,0/0,0/0,0/0,0/0,0,0,0,0
2025-03-11,2024021032,VAN,home,8481668,Arturs Silovs,31,G,False,,00:00,0,0,0,,0/0,0/0,0/0,0/0,0,0,0,0
2025-03-11,2024021032,VAN,home,8480947,Kevin Lankinen,32,G,True,L,58:30,26,23,3,0.884615,21/24,1/1,1/1,23/26,3,0,0,0
2025-03-11,2024021032,MTL,away,8478470,Samuel Montembeault,35,G,True,W,60:00,31,29,2,0.935484,27/28,2/3,0/0,29/31,1,1,0,0
2025-03-11,2024021032,MTL,away,8482487,Jakub Dobes,75,G,False,,00:00,0,0,0,,0/0,0/0,0/0,0/0,0,0,0,0
2025-03-11,2024021033,ANA,home,8480843,Lukas Dostal,1,G,True,L,58:37,42,36,6,0.857143,35/41,1/1,0/0,36/42,6,0,0,0
2025-03-11,2024021033,ANA,home,8478024,Ville Husso,33,G,False,,00:00,0,0,0,,0/0,0/0,0/0,0/0,0,0,0,0
2025-03-11,2024021033,WSH,away,8480313,Logan Thompson,48,G,True,W,60:00,29,25,4,0.862069,20/24,4/4,1/1,25/29,4,0,0,0
2025-03-11,2024021033,WSH,away,8479292,Charlie Lindgren,79,G,False,,00:00,0,0,0,,0/0,0/0,0/0,0/0,0,0,0,0
2025-03-11,2024021034,LAK,home,8479496,David Rittich,31,G,False,,00:00,0,0,0,,0/0,0/0,0/0,0/0,0,0,0,0
2025-03-11,2024021034,LAK,home,8475311,Darcy Kuemper,35,G,True,W,59:24,34,33,1,0.970588,16/17,16/16,1/1,33/34,1,0,0,0
2025-03-11,2024021034,NYI,away,8478009,Ilya Sorokin,30,G,True,L,56:27,31,28,3,0.903226,24/26,3/3,1/2,28/31,2,0,1,0
2025-03-11,2024021034,NYI,away,8477405,Marcus Hogberg,50,G,False,,00:00,0,0,0,,0/0,0/0,0/0,0/0,0,0,0,0
2025-03-11,2024021035,SJS,home,8484312,Georgi Romanov,31,G,False,,00:00,0,0,0,,0/0,0/0,0/0,0/0,0,0,0,0
2025-03-11,2024021035,SJS,home,8480382,Alexandar Georgiev,40,G,True,L,58:07,19,16,3,0.842105,11/12,5/7,0/0,16/19,1,2,0,0
2025-03-11,2024021035,NSH,away,8481020,Justus Annunen,29,G,False,,00:00,0,0,0,,0/0,0/0,0/0,0/0,0,0,0,0
2025-03-11,2024021035,NSH,away,8477424,Juuse Saros,74,G,True,W,59:34,27,25,2,0.925926,22/24,3/3,0/0,25/27,2,0,0,0
2025-03-12,2024021036,DET,home,8475660,Cam Talbot,39,G,False,,00:00,0,0,0,,0/0,0/0,0/0,0/0,0,0,0,0
2025-03-12,2024021036,DET,home,8475852,Petr Mrazek,43,G,True,W,60:00,26,23,3,0.884615,19/21,3/4,1/1,23/26,2,1,0,0
2025-03-12,2024021036,BUF,away,8480045,Ukko-Pekka Luukkonen,1,G,True,L,60:00,29,22,7,0.758621,14/18,6/9,2/2,22/29,4,3,0,2
2025-03-12,2024021036,BUF,away,8473503,James Reimer,47,G,False,,00:00,0,0,0,,0/0,0/0,0/0,0/0,0,0,0,0
2025-03-12,2024021037,CGY,home,8481692,Dustin Wolf,32,G,True,O,65:00,31,28,3,0.903226,24/26,4/5,0/0,28/31,2,1,0,0
2025-03-12,2024021037,CGY,home,8478435,Dan Vladar,80,G,False,,00:00,0,0,0,,0/0,0/0,0/0,0/0,0,0,0,0
2025-03-12,2024021037,VAN,away,8481668,Arturs Silovs,31,G,False,,00:00,0,0,0,,0/0,0/0,0/0,0/0,0,0,0,0
2025-03-12,2024021037,VAN,away,8480947,Kevin Lankinen,32,G,True,W,65:00,23,20,3,0.869565,17/18,3/4,0/1,20/23,1,1,1,0
2025-03-12,2024021038,UTA,home,8483530,Jaxson Stauber,33,G,False,,00:00,0,0,0,,0/0,0/0,0/0,0/0,0,0,0,0
2025-03-12,2024021038,UTA,home,8478872,Karel Vejmelka,70,G,True,W,60:00,21,19,2,0.904762,17/18,1/2,1/1,19/21,1,1,0,0
2025-03-12,2024021038,ANA,away,8480843,Lukas Dostal,1,G,False,,00:00,0,0,0,,0/0,0/0,0/0,0/0,0,0,0,0
2025-03-12,2024021038,ANA,away,8478024,Ville Husso,33,G,True,L,58:35,39,36,3,0.923077,33/35,3/4,0/0,36/39,2,1,0,0
2025-03-12,2024021039,SEA,home,8475831,Philipp Grubauer,31,G,False,,00:00,0,0,0,,0/0,0/0,0/0,0/0,0,0,0,0
2025-03-12,2024021039,SEA,home,8478916,Joey Daccord,35,G,True,W,59:48,25,21,4,0.84,18/21,3/4,0/0,21/25,3,1,0,0
2025-03-12,2024021039,MTL,away,8478470,Samuel Montembeault,35,G,False,,00:00,0,0,0,,0/0,0/0,0/0,0/0,0,0,0,0
2025-03-12,2024021039,MTL,away,8482487,Jakub Dobes,75,G,True,O,60:04,35,30,5,0.857143,27/30,2/4,1/1,30/35,3,2,0,0
2025-03-13,2024021040,TOR,home,8476932,Anthony Stolarz,41,G,True,L,58:06,25,22,3,0.88,20/21,2/4,0/0,22/25,1,2,0,0
2025-03-13,2024021040,TOR,home,8479361,Joseph Woll,60,G,False,,00:00,0,0,0,,0/0,0/0,0/0,0/0,0,0,0,0
2025-03-13,2024021040,FLA,away,8477970,Vitek Vanecek,41,G,False,,00:00,0,0,0,,0/0,0/0,0/0,0/0,0,0,0,0
2025-03-13,2024021040,FLA,away,8475683,Sergei Bobrovsky,72,G,True,W,60:00,25,23,2,0.92,20/22,3/3,0/0,23/25,2,0,0,0
2025-03-13,2024021041,OTT,home,8476341,Anton Forsberg,31,G,False,,00:00,0,0,0,,0/0,0/0,0/0,0/0,0,0,0,0
2025-03-13,2024021041,OTT,home,8476999,Linus Ullmark,35,G,True,W,60:00,25,22,3,0.88,17/20,5/5,0/0,22/25,3,0,0,0
2025-03-13,2024021041,BOS,away,8480280,Jeremy Swayman,1,G,True,L,20:00,15,11,4,0.733333,8/11,3/4,0/0,11/15,3,1,0,0
2025-03-13,2024021041,BOS,away,8476914,Joonas Korpisalo,70,G,False,,37:25,16,15,1,0.9375,14/15,0/0,1/1,15/16,1,0,0,0
2025-03-13,2024021043,PHI,home,8481035,Samuel Ersson,33,G,True,W,65:00,20,17,3,0.85,13/15,4/5,0/0,17/20,2,1,0,0
2025-03-13,2024021043,PHI,home,8478905,Ivan Fedotov,82,G,False,,00:00,0,0,0,,0/0,0/0,0/0,0/0,0,0,0,0
2025-03-13,2024021043,TBL,away,8477992,Jonas Johansson,31,G,True,O,65:00,29,26,3,0.896552,22/25,3/3,1/1,26/29,3,0,0,0
2025-03-13,2024021043,TBL,away,8476883,Andrei Vasilevskiy,88,G,False,,00:00,0,0,0,,0/0,0/0,0/0,0/0,0,0,0,0
2025-03-13,2024021044,PIT,home,8477465,Tristan Jarry,35,G,True,W,60:00,35,32,3,0.914286,32/33,0/2,0/0,32/35,1,2,0,0
2025-03-13,2024021044,PIT,home,8477968,Alex Nedeljkovic,39,G,False,,00:00,0,0,0,,0/0,0/0,0/0,0/0,0,0,0,0
2025-03-13,2024021044,STL,away,8480981,Joel Hofer,30,G,False,,10:25,2,2,0,1.0,2/2,0/0,0/0,2/2,0,0,0,0
2025-03-13,2024021044,STL,away,8476412,Jordan Binnington,50,G,True,L,47:15,19,15,4,0.789474,15/19,0/0,0/0,15/19,4,0,0,0
2025-03-13,2024021045,CBJ,home,8480193,Daniil Tarasov,40,G,False,,00:00,0,0,0,,0/0,0/0,0/0,0/0,0,0,0,0
2025-03-13,2024021045,CBJ,home,8478007,Elvis Merzlikins,90,G,True,L,59:35,28,25,3,0.892857,17/19,6/7,2/2,25/28,2,1,0,0
2025-03-13,2024021045,VGK,away,8478499,Adin Hill,33,G,True,W,59:41,27,27,0,1.0,20/20,6/6,1/1,27/27,0,0,0,0
2025-03-13,2024021045,VGK,away,8478492,Ilya Samsonov,35,G,False,,00:00,0,0,0,,0/0,0/0,0/0,0/0,0,0,0,0
2025-03-13,2024021042,NJD,home,8474593,Jacob Markstrom,25,G,False,,00:00,0,0,0,,0/0,0/0,0/0,0/0,0,0,0,0
2025-03-13,2024021042,NJD,home,8474596,Jake Allen,34,G,True,W,60:00,33,31,2,0.939394,27/29,2/2,2/2,31/33,2,0,0,0
2025-03-13,2024021042,EDM,away,8475717,Calvin Pickard,30,G,False,,00:00,0,0,0,,0/0,0/0,0/0,0/0,0,0,0,0
2025-03-13,2024021042,EDM,away,8479973,Stuart Skinner,74,G,True,L,58:17,22,19,3,0.863636,16/19,3/3,0/0,19/22,3,0,0,0
2025-03-13,2024021046,MIN,home,8470594,Marc-Andre Fleury,29,G,False,,00:00,0,0,0,,0/0,0/0,0/0,0/0,0,0,0,0
2025-03-13,2024021046,MIN,home,8479406,Filip Gustavsson,32,G,True,O,61:51,31,28,3,0.903226,21/24,7/7,0/0,28/31,3,0,0,0
2025-03-13,2024021046,NYR,away,8478048,Igor Shesterkin,31,G,True,W,61:51,28,26,2,0.928571,20/20,5/7,1/1,26/28,0,2,0,0
2025-03-13,2024021046,NYR,away,8471734,Jonathan Quick,32,G,False,,00:00,0,0,0,,0/0,0/0,0/0,0/0,0,0,0,0
2025-03-13,2024021047,LAK,home,8479496,David Rittich,31,G,False,,00:00,0,0,0,,0/0,0/0,0/0,0/0,0,0,0,0
2025-03-13,2024021047,LAK,home,8475311,Darcy Kuemper,35,G,True,W,60:00,21,21,0,1.0,11/11,8/8,2/2,21/21,0,0,0,2
2025-03-13,2024021047,WSH,away,8480313,Logan Thompson,48,G,False,,00:00,0,0,0,,0/0,0/0,0/0,0/0,0,0,0,0
2025-03-13,2024021047,WSH,away,8479292,Charlie Lindgren,79,G,True,L,60:00,27,24,3,0.888889,20/22,3/4,1/1,24/27,2,1,0,0
2025-03-13,2024021048,SJS,home,8484312,Georgi Romanov,31,G,False,,00:00,0,0,0,,0/0,0/0,0/0,0/0,0,0,0,0
2025-03-13,2024021048,SJS,home,8480382,Alexandar Georgiev,40,G,True,W,60:00,26,24,2,0.923077,23/25,1/1,0/0,24/26,2,0,0,0
2025-03-13,2024021048,CHI,away,8481519,Spencer Knight,30,G,True,L,58:36,24,21,3,0.875,19/21,2/3,0/0,21/24,2,1,0,0
2025-03-13,2024021048,CHI,away,8482821,Arvid Soderblom,40,G,False,,00:00,0,0,0,,0/0,0/0,0/0,0/0,0,0,0,0
2025-03-14,2024021049,CAR,home,8475883,Frederik Andersen,31,G,True,W,60:00,26,24,2,0.923077,22/24,2/2,0/0,24/26,2,0,0,0
2025-03-14,2024021049,CAR,home,8481611,Pyotr Kochetkov,52,G,False,,00:00,0,0,0,,0/0,0/0,0/0,0/0,0,0,0,0
2025-03-14,2024021049,DET,away,8475660,Cam Talbot,39,G,False,,00:00,0,0,0,,0/0,0/0,0/0,0/0,0,0,0,0
2025-03-14,2024021049,DET,away,8475852,Petr Mrazek,43,G,True,L,58:57,31,28,3,0.903226,21/24,7/7,0/0,28/31,3,0,0,0
2025-03-14,2024021050,NYI,home,8478009,Ilya Sorokin,30,G,True,O,63:53,35,33,2,0.942857,27/29,5/5,1/1,33/35,2,0,0,0
2025-03-14,2024021050,NYI,home,8477405,Marcus Hogberg,50,G,False,,00:00,0,0,0,,0/0,0/0,0/0,0/0,0,0,0,0
2025-03-14,2024021050,EDM,away,8475717,Calvin Pickard,30,G,True,W,63:34,25,24,1,0.96,20/21,4/4,0/0,24/25,1,0,0,0
2025-03-14,2024021050,EDM,away,8479973,Stuart Skinner,74,G,False,,00:00,0,0,0,,0/0,0/0,0/0,0/0,0,0,0,0
2025-03-14,2024021051,WPG,home,8477480,Eric Comrie,1,G,False,,00:00,0,0,0,,0/0,0/0,0/0,0/0,0,0,0,0
2025-03-14,2024021051,WPG,home,8476945,Connor Hellebuyck,37,G,True,W,60:00,25,24,1,0.96,24/25,0/0,0/0,24/25,1,0,0,0
2025-03-14,2024021051,DAL,away,8479193,Casey DeSmith,1,G,False,,00:00,0,0,0,,0/0,0/0,0/0,0/0,0,0,0,0
2025-03-14,2024021051,DAL,away,8479979,Jake Oettinger,29,G,True,L,60:00,22,18,4,0.818182,16/20,2/2,0/0,18/22,4,0,0,0
2025-03-14,2024021052,CGY,home,8481692,Dustin Wolf,32,G,True,L,57:59,27,24,3,0.888889,23/26,1/1,0/0,24/27,3,0,0,0
2025-03-14,2024021052,CGY,home,8478435,Dan Vladar,80,G,False,,00:00,0,0,0,,0/0,0/0,0/0,0/0,0,0,0,0
2025-03-14,2024021052,COL,away,8478406,Mackenzie Blackwood,39,G,False,,00:00,0,0,0,,0/0,0/0,0/0,0/0,0,0,0,0
2025-03-14,2024021052,COL,away,8475809,Scott Wedgewood,41,G,True,W,60:00,24,22,2,0.916667,21/22,1/2,0/0,22/24,1,1,0,0
2025-03-14,2024021053,ANA,home,8480843,Lukas Dostal,1,G,True,W,60:00,29,28,1,0.965517,25/25,3/4,0/0,28/29,0,1,0,0
2025-03-14,2024021053,ANA,home,8478024,Ville Husso,33,G,False,,00:00,0,0,0,,0/0,0/0,0/0,0/0,0,0,0,0
2025-03-14,2024021053,NSH,away,8481020,Justus Annunen,29,G,False,,00:00,0,0,0,,0/0,0/0,0/0,0/0,0,0,0,0
2025-03-14,2024021053,NSH,away,8477424,Juuse Saros,74,G,True,L,58:47,15,13,2,0.866667,11/13,2/2,0/0,13/15,2,0,0,0
2025-03-14,2024021054,SEA,home,8475831,Philipp Grubauer,31,G,True,W,60:00,25,23,2,0.92,21/23,2/2,0/0,23/25,2,0,0,0
2025-03-14,2024021054,SEA,home,8478916,Joey Daccord,35,G,False,,00:00,0,0,0,,0/0,0/0,0/0,0/0,0,0,0,0
2025-03-14,2024021054,UTA,away,8483530,Jaxson Stauber,33,G,False,,00:00,0,0,0,,0/0,0/0,0/0,0/0,0,0,0,0
2025-03-14,2024021054,UTA,away,8478872,Karel Vejmelka,70,G,True,L,58:43,22,19,3,0.863636,16/19,1/1,2/2,19/22,3,0,0,0
2025-03-15,2024021055,BUF,home,8480045,Ukko-Pekka Luukkonen,1,G,True,W,63:33,19,16,3,0.842105,15/18,0/0,1/1,16/19,3,0,0,0
2025-03-15,2024021055,BUF,home,8473503,James Reimer,47,G,False,,00:00,0,0,0,,0/0,0/0,0/0,0/0,0,0,0,0
2025-03-15,2024021055,VGK,away,8478499,Adin Hill,33,G,True,O,65:00,37,34,3,0.918919,30/32,4/5,0/0,34/37,2,1,0,2
2025-03-15,2024021055,VGK,away,8478492,Ilya Samsonov,35,G,False,,00:00,0,0,0,,0/0,0/0,0/0,0/0,0,0,0,0
2025-03-15,2024021056,PIT,home,8477465,Tristan Jarry,35,G,True,W,60:00,27,24,3,0.888889,15/16,8/10,1/1,24/27,1,2,0,0
2025-03-15,2024021056,PIT,home,8477968,Alex Nedeljkovic,39,G,False,,00:00,0,0,0,,0/0,0/0,0/0,0/0,0,0,0,0
2025-03-15,2024021056,NJD,away,8474593,Jacob Markstrom,25,G,True,L,58:01,23,17,6,0.73913,12/17,4/5,1/1,17/23,5,1,0,0
2025-03-15,2024021056,NJD,away,8474596,Jake Allen,34,G,False,,00:00,0,0,0,,0/0,0/0,0/0,0/0,0,0,0,0
2025-03-15,2024021057,SJS,home,8484312,Georgi Romanov,31,G,False,,40:00,11,9,2,0.818182,8/10,1/1,0/0,9/11,2,0,0,0
2025-03-15,2024021057,SJS,home,8480382,Alexandar Georgiev,40,G,True,L,20:00,17,14,3,0.823529,13/16,1/1,0/0,14/17,3,0,0,0
2025-03-15,2024021057,WSH,away,8480313,Logan Thompson,48,G,True,W,59:46,20,19,1,0.95,15/16,4/4,0/0,19/20,1,0,0,0
2025-03-15,2024021057,WSH,away,8479292,Charlie Lindgren,79,G,False,,00:00,0,0,0,,0/0,0/0,0/0,0/0,0,0,0,0
2025-03-15,2024021058,BOS,home,8480280,Jeremy Swayman,1,G,True,L,57:59,38,34,4,0.894737,29/33,4/4,1/1,34/38,4,0,0,0
2025-03-15,2024021058,BOS,home,8476914,Joonas Korpisalo,70,G,False,,00:00,0,0,0,,0/0,0/0,0/0,0/0,0,0,0,0
2025-03-15,2024021058,TBL,away,8477992,Jonas Johansson,31,G,False,,00:00,0,0,0,,0/0,0/0,0/0,0/0,0,0,0,0
2025-03-15,2024021058,TBL,away,8476883,Andrei Vasilevskiy,88,G,True,W,60:00,12,10,2,0.833333,8/10,2/2,0/0,10/12,2,0,0,0
2025-03-15,2024021059,TOR,home,8476932,Anthony Stolarz,41,G,True,L,57:39,24,21,3,0.875,19/21,1/2,1/1,21/24,2,1,0,0
2025-03-15,2024021059,TOR,home,8479361,Joseph Woll,60,G,False,,00:00,0,0,0,,0/0,0/0,0/0,0/0,0,0,0,0
2025-03-15,2024021059,OTT,away,8476341,Anton Forsberg,31,G,False,,00:00,0,0,0,,0/0,0/0,0/0,0/0,0,0,0,0
2025-03-15,2024021059,OTT,away,8476999,Linus Ullmark,35,G,True,W,60:00,23,21,2,0.913043,20/22,1/1,0/0,21/23,2,0,0,0
2025-03-15,2024021060,MTL,home,8478470,Samuel Montembeault,35,G,True,W,59:39,22,21,1,0.954545,16/17,5/5,0/0,21/22,1,0,0,0
2025-03-15,2024021060,MTL,home,8482487,Jakub Dobes,75,G,False,,00:00,0,0,0,,0/0,0/0,0/0,0/0,0,0,0,0
2025-03-15,2024021060,FLA,away,8477970,Vitek Vanecek,41,G,False,,00:00,0,0,0,,0/0,0/0,0/0,0/0,0,0,0,0
2025-03-15,2024021060,FLA,away,8475683,Sergei Bobrovsky,72,G,True,L,56:52,15,12,3,0.8,11/13,1/2,0/0,12/15,2,1,0,0
2025-03-15,2024021061,PHI,home,8481035,Samuel Ersson,33,G,True,L,60:00,30,25,5,0.833333,20/24,5/6,0/0,25/30,4,1,0,0
2025-03-15,2024021061,PHI,home,8478905,Ivan Fedotov,82,G,False,,00:00,0,0,0,,0/0,0/0,0/0,0/0,0,0,0,0
2025-03-15,2024021061,CAR,away,8475883,Frederik Andersen,31,G,False,,00:00,0,0,0,,0/0,0/0,0/0,0/0,0,0,0,0
2025-03-15,2024021061,CAR,away,8481611,Pyotr Kochetkov,52,G,True,W,60:00,26,26,0,1.0,20/20,3/3,3/3,26/26,0,0,0,0
2025-03-15,2024021062,CBJ,home,8480193,Daniil Tarasov,40,G,True,L,59:17,20,17,3,0.85,12/15,4/4,1/1,17/20,3,0,0,0
2025-03-15,2024021062,CBJ,home,8482982,Jet Greaves,73,G,False,,00:00,0,0,0,,0/0,0/0,0/0,0/0,0,0,0,0
2025-03-15,2024021062,NYR,away,8478048,Igor Shesterkin,31,G,True,W,59:48,21,21,0,1.0,20/20,1/1,0/0,21/21,0,0,0,0
2025-03-15,2024021062,NYR,away,8471734,Jonathan Quick,32,G,False,,00:00,0,0,0,,0/0,0/0,0/0,0/0,0,0,0,0
2025-03-15,2024021063,MIN,home,8470594,Marc-Andre Fleury,29,G,False,,00:00,0,0,0,,0/0,0/0,0/0,0/0,0,0,0,0
2025-03-15,2024021063,MIN,home,8479406,Filip Gustavsson,32,G,True,L,59:15,27,23,4,0.851852,21/25,2/2,0/0,23/27,4,0,0,0
2025-03-15,2024021063,STL,away,8480981,Joel Hofer,30,G,True,W,60:00,18,17,1,0.944444,17/18,0/0,0/0,17/18,1,0,0,0
2025-03-15,2024021063,STL,away,8476412,Jordan Binnington,50,G,False,,00:00,0,0,0,,0/0,0/0,0/0,0/0,0,0,0,0
2025-03-15,2024021064,LAK,home,8479496,David Rittich,31,G,False,,00:00,0,0,0,,0/0,0/0,0/0,0/0,0,0,0,0
2025-03-15,2024021064,LAK,home,8475311,Darcy Kuemper,35,G,True,W,62:52,24,24,0,1.0,23/23,1/1,0/0,24/24,0,0,0,0
2025-03-15,2024021064,NSH,away,8481020,Justus Annunen,29,G,True,O,63:20,21,20,1,0.952381,18/19,2/2,0/0,20/21,1,0,0,0
2025-03-15,2024021064,NSH,away,8477424,Juuse Saros,74,G,False,,00:00,0,0,0,,0/0,0/0,0/0,0/0,0,0,0,0
2025-03-15,2024021065,VAN,home,8481668,Arturs Silovs,31,G,True,W,60:00,19,17,2,0.894737,17/19,0/0,0/0,17/19,2,0,0,2
2025-03-15,2024021065,VAN,home,8480947,Kevin Lankinen,32,G,False,,00:00,0,0,0,,0/0,0/0,0/0,0/0,0,0,0,0
2025-03-15,2024021065,CHI,away,8481519,Spencer Knight,30,G,False,,00:00,0,0,0,,0/0,0/0,0/0,0/0,0,0,0,0
2025-03-15,2024021065,CHI,away,8482821,Arvid Soderblom,40,G,True,L,60:00,15,9,6,0.6,9/15,0/0,0/0,9/15,6,0,0,0
2025-03-16,2024021066,DET,home,8475660,Cam Talbot,39,G,False,,00:00,0,0,0,,0/0,0/0,0/0,0/0,0,0,0,0
2025-03-16,2024021066,DET,home,8475852,Petr Mrazek,43,G,True,W,60:00,18,18,0,1.0,18/18,0/0,0/0,18/18,0,0,0,0
2025-03-16,2024021066,VGK,away,8478499,Adin Hill,33,G,False,,00:00,0,0,0,,0/0,0/0,0/0,0/0,0,0,0,0
2025-03-16,2024021066,VGK,away,8478492,Ilya Samsonov,35,G,True,L,60:00,27,24,3,0.888889,23/26,1/1,0/0,24/27,3,0,0,2
2025-03-16,2024021067,COL,home,8478406,Mackenzie Blackwood,39,G,False,,00:00,0,0,0,,0/0,0/0,0/0,0/0,0,0,0,0
2025-03-16,2024021067,COL,home,8475809,Scott Wedgewood,41,G,True,W,60:34,22,19,3,0.863636,18/21,1/1,0/0,19/22,3,0,0,0
2025-03-16,2024021067,DAL,away,8479193,Casey DeSmith,1,G,False,,00:00,0,0,0,,0/0,0/0,0/0,0/0,0,0,0,0
2025-03-16,2024021067,DAL,away,8479979,Jake Oettinger,29,G,True,O,60:34,35,31,4,0.885714,22/25,9/10,0/0,31/35,3,1,0,0
2025-03-16,2024021069,NYR,home,8478048,Igor Shesterkin,31,G,True,L,57:09,23,20,3,0.869565,16/18,4/5,0/0,20/23,2,1,0,0
2025-03-16,2024021069,NYR,home,8471734,Jonathan Quick,32,G,False,,00:00,0,0,0,,0/0,0/0,0/0,0/0,0,0,0,0
2025-03-16,2024021069,EDM,away,8475717,Calvin Pickard,30,G,False,,00:00,0,0,0,,0/0,0/0,0/0,0/0,0,0,0,0
2025-03-16,2024021069,EDM,away,8479973,Stuart Skinner,74,G,True,W,60:00,22,21,1,0.954545,17/18,4/4,0/0,21/22,1,0,0,0
2025-03-16,2024021070,NYI,home,8478009,Ilya Sorokin,30,G,True,W,60:00,24,22,2,0.916667,17/18,3/4,2/2,22/24,1,1,0,0
2025-03-16,2024021070,NYI,home,8477405,Marcus Hogberg,50,G,False,,00:00,0,0,0,,0/0,0/0,0/0,0/0,0,0,0,0
2025-03-16,2024021070,FLA,away,8477970,Vitek Vanecek,41,G,True,L,57:52,33,30,3,0.909091,25/28,2/2,3/3,30/33,3,0,0,0
2025-03-16,2024021070,FLA,away,8475683,Sergei Bobrovsky,72,G,False,,00:00,0,0,0,,0/0,0/0,0/0,0/0,0,0,0,0
2025-03-16,2024021068,STL,home,8480981,Joel Hofer,30,G,False,,00:00,0,0,0,,0/0,0/0,0/0,0/0,0,0,0,0
2025-03-16,2024021068,STL,home,8476412,Jordan Binnington,50,G,True,W,59:48,25,23,2,0.92,15/17,8/8,0/0,23/25,2,0,0,0
2025-03-16,2024021068,ANA,away,8480843,Lukas Dostal,1,G,True,L,40:00,14,9,5,0.642857,8/11,1/2,0/1,9/14,3,1,1,0
2025-03-16,2024021068,ANA,away,8478024,Ville Husso,33,G,False,,20:00,12,10,2,0.833333,6/6,3/5,1/1,10/12,0,2,0,0
2025-03-16,2024021071,VAN,home,8481668,Arturs Silovs,31,G,False,,00:00,0,0,0,,0/0,0/0,0/0,0/0,0,0,0,0
2025-03-16,2024021071,VAN,home,8480947,Kevin Lankinen,32,G,True,L,59:25,22,20,2,0.909091,17/19,3/3,0/0,20/22,2,0,0,0
2025-03-16,2024021071,UTA,away,8483530,Jaxson Stauber,33,G,False,,00:00,0,0,0,,0/0,0/0,0/0,0/0,0,0,0,0
2025-03-16,2024021071,UTA,away,8478872,Karel Vejmelka,70,G,True,W,60:00,19,18,1,0.947368,13/13,5/6,0/0,18/19,0,1,0,0
2025-03-16,2024021072,SEA,home,8475831,Philipp Grubauer,31,G,False,,00:00,0,0,0,,0/0,0/0,0/0,0/0,0,0,0,0
2025-03-16,2024021072,SEA,home,8478916,Joey Daccord,35,G,True,O,61:47,26,23,3,0.884615,21/24,2/2,0/0,23/26,3,0,0,0
2025-03-16,2024021072,WPG,away,8477480,Eric Comrie,1,G,True,W,51:34,15,14,1,0.933333,12/13,0/0,2/2,14/15,1,0,0,0
2025-03-16,2024021072,WPG,away,8476945,Connor Hellebuyck,37,G,False,,10:10,6,5,1,0.833333,4/4,1/2,0/0,5/6,0,1,0,0
2025-03-17,2024021073,BOS,home,8480280,Jeremy Swayman,1,G,False,,00:00,0,0,0,,0/0,0/0,0/0,0/0,0,0,0,0
2025-03-17,2024021073,BOS,home,8476914,Joonas Korpisalo,70,G,True,O,64:49,30,27,3,0.9,20/21,7/9,0/0,27/30,1,2,0,0
2025-03-17,2024021073,BUF,away,8480045,Ukko-Pekka Luukkonen,1,G,True,W,64:49,20,18,2,0.9,15/17,3/3,0/0,18/20,2,0,0,0
2025-03-17,2024021073,BUF,away,8473503,James Reimer,47,G,False,,00:00,0,0,0,,0/0,0/0,0/0,0/0,0,0,0,0
2025-03-17,2024021074,TBL,home,8477992,Jonas Johansson,31,G,False,,00:00,0,0,0,,0/0,0/0,0/0,0/0,0,0,0,0
2025-03-17,2024021074,TBL,home,8476883,Andrei Vasilevskiy,88,G,True,W,59:59,21,21,0,1.0,16/16,5/5,0/0,21/21,0,0,0,0
2025-03-17,2024021074,PHI,away,8481035,Samuel Ersson,33,G,False,,00:00,0,0,0,,0/0,0/0,0/0,0/0,0,0,0,0
2025-03-17,2024021074,PHI,away,8478905,Ivan Fedotov,82,G,True,L,59:38,22,21,1,0.954545,18/19,1/1,2/2,21/22,1,0,0,0
2025-03-17,2024021075,CBJ,home,8480193,Daniil Tarasov,40,G,False,,00:00,0,0,0,,0/0,0/0,0/0,0/0,0,0,0,0
2025-03-17,2024021075,CBJ,home,8482982,Jet Greaves,73,G,True,L,58:28,20,18,2,0.9,17/19,1/1,0/0,18/20,2,0,0,0
2025-03-17,2024021075,NJD,away,8474593,Jacob Markstrom,25,G,False,,00:00,0,0,0,,0/0,0/0,0/0,0/0,0,0,0,0
2025-03-17,2024021075,NJD,away,8474596,Jake Allen,34,G,True,W,60:00,46,45,1,0.978261,42/43,2/2,1/1,45/46,1,0,0,0
2025-03-17,2024021076,TOR,home,8476932,Anthony Stolarz,41,G,False,,00:00,0,0,0,,0/0,0/0,0/0,0/0,0,0,0,0
2025-03-17,2024021076,TOR,home,8479361,Joseph Woll,60,G,True,W,59:56,26,24,2,0.923077,21/23,3/3,0/0,24/26,2,0,0,0
2025-03-17,2024021076,CGY,away,8481692,Dustin Wolf,32,G,True,L,40:00,26,21,5,0.807692,20/22,1/4,0/0,21/26,2,3,0,0
2025-03-17,2024021076,CGY,away,8478435,Dan Vladar,80,G,False,,20:00,3,2,1,0.666667,2/3,0/0,0/0,2/3,1,0,0,0
2025-03-17,2024021077,MIN,home,8470594,Marc-Andre Fleury,29,G,False,,00:00,0,0,0,,0/0,0/0,0/0,0/0,0,0,0,0
2025-03-17,2024021077,MIN,home,8479406,Filip Gustavsson,32,G,True,W,60:00,29,28,1,0.965517,22/22,5/6,1/1,28/29,0,1,0,0
2025-03-17,2024021077,LAK,away,8479496,David Rittich,31,G,False,,00:00,0,0,0,,0/0,0/0,0/0,0/0,0,0,0,0
2025-03-17,2024021077,LAK,away,8475311,Darcy Kuemper,35,G,True,L,57:46,21,19,2,0.904762,17/17,1/3,1/1,19/21,0,2,0,0
2025-03-18,2024021078,MTL,home,8478470,Samuel Montembeault,35,G,True,W,60:00,25,22,3,0.88,18/21,4/4,0/0,22/25,3,0,0,0
2025-03-18,2024021078,MTL,home,8482487,Jakub Dobes,75,G,False,,00:00,0,0,0,,0/0,0/0,0/0,0/0,0,0,0,0
2025-03-18,2024021078,OTT,away,8476341,Anton Forsberg,31,G,False,,00:00,0,0,0,,0/0,0/0,0/0,0/0,0,0,0,0
2025-03-18,2024021078,OTT,away,8476999,Linus Ullmark,35,G,True,L,58:29,31,27,4,0.870968,20/23,6/7,1/1,27/31,3,1,0,0
2025-03-18,2024021079,NYR,home,8478048,Igor Shesterkin,31,G,True,L,57:36,35,33,2,0.942857,29/30,3/4,1/1,33/35,1,1,0,0
2025-03-18,2024021079,NYR,home,8471734,Jonathan Quick,32,G,False,,00:00,0,0,0,,0/0,0/0,0/0,0/0,0,0,0,0
2025-03-18,2024021079,CGY,away,8481692,Dustin Wolf,32,G,False,,00:00,0,0,0,,0/0,0/0,0/0,0/0,0,0,0,0
2025-03-18,2024021079,CGY,away,8478435,Dan Vladar,80,G,True,W,60:00,13,12,1,0.923077,10/11,0/0,2/2,12/13,1,0,0,0
2025-03-18,2024021080,PIT,home,8477465,Tristan Jarry,35,G,True,L,59:15,37,34,3,0.918919,31/34,2/2,1/1,34/37,3,0,0,0
2025-03-18,2024021080,PIT,home,8477968,Alex Nedeljkovic,39,G,False,,00:00,0,0,0,,0/0,0/0,0/0,0/0,0,0,0,0
2025-03-18,2024021080,NYI,away,8478009,Ilya Sorokin,30,G,True,W,59:52,21,19,2,0.904762,16/18,3/3,0/0,19/21,2,0,0,0
2025-03-18,2024021080,NYI,away,8477405,Marcus Hogberg,50,G,False,,00:00,0,0,0,,0/0,0/0,0/0,0/0,0,0,0,0
2025-03-18,2024021081,WSH,home,8480313,Logan Thompson,48,G,True,W,60:00,24,23,1,0.958333,23/24,0/0,0/0,23/24,1,0,0,0
2025-03-18,2024021081,WSH,home,8479292,Charlie Lindgren,79,G,False,,00:00,0,0,0,,0/0,0/0,0/0,0/0,0,0,0,0
2025-03-18,2024021081,DET,away,8475660,Cam Talbot,39,G,False,,00:00,0,0,0,,0/0,0/0,0/0,0/0,0,0,0,0
2025-03-18,2024021081,DET,away,8475852,Petr Mrazek,43,G,True,L,60:00,26,22,4,0.846154,22/26,0/0,0/0,22/26,4,0,0,0
2025-03-18,2024021082,NSH,home,8481020,Justus Annunen,29,G,False,,00:00,0,0,0,,0/0,0/0,0/0,0/0,0,0,0,0
2025-03-18,2024021082,NSH,home,8477424,Juuse Saros,74,G,True,L,60:00,21,17,4,0.809524,14/17,3/4,0/0,17/21,3,1,0,0
2025-03-18,2024021082,STL,away,8480981,Joel Hofer,30,G,True,W,60:00,23,22,1,0.956522,18/19,3/3,1/1,22/23,1,0,0,0
2025-03-18,2024021082,STL,away,8476412,Jordan Binnington,50,G,False,,00:00,0,0,0,,0/0,0/0,0/0,0/0,0,0,0,0
2025-03-18,2024021083,DAL,home,8479193,Casey DeSmith,1,G,False,,00:00,0,0,0,,0/0,0/0,0/0,0/0,0,0,0,0
2025-03-18,2024021083,DAL,home,8479979,Jake Oettinger,29,G,True,W,62:09,25,22,3,0.88,18/20,4/5,0/0,22/25,2,1,0,0
2025-03-18,2024021083,ANA,away,8480843,Lukas Dostal,1,G,True,O,61:50,31,27,4,0.870968,26/29,1/2,0/0,27/31,3,1,0,0
2025-03-18,2024021083,ANA,away,8478024,Ville Husso,33,G,False,,00:00,0,0,0,,0/0,0/0,0/0,0/0,0,0,0,0
2025-03-18,2024021084,CHI,home,8481519,Spencer Knight,30,G,True,L,60:00,30,24,6,0.8,24/30,0/0,0/0,24/30,6,0,0,0
2025-03-18,2024021084,CHI,home,8482821,Arvid Soderblom,40,G,False,,00:00,0,0,0,,0/0,0/0,0/0,0/0,0,0,0,0
2025-03-18,2024021084,SEA,away,8475831,Philipp Grubauer,31,G,False,,00:00,0,0,0,,0/0,0/0,0/0,0/0,0,0,0,0
2025-03-18,2024021084,SEA,away,8478916,Joey Daccord,35,G,True,W,60:00,29,27,2,0.931034,25/26,1/2,1/1,27/29,1,1,0,0
2025-03-18,2024021085,EDM,home,8475717,Calvin Pickard,30,G,True,W,60:00,30,29,1,0.966667,28/29,1/1,0/0,29/30,1,0,0,0
2025-03-18,2024021085,EDM,home,8479973,Stuart Skinner,74,G,False,,00:00,0,0,0,,0/0,0/0,0/0,0/0,0,0,0,0
2025-03-18,2024021085,UTA,away,8483530,Jaxson Stauber,33,G,False,,40:00,28,24,4,0.857143,17/21,6/6,1/1,24/28,4,0,0,0
2025-03-18,2024021085,UTA,away,8478872,Karel Vejmelka,70,G,True,L,20:00,15,12,3,0.8,11/13,1/1,0/1,12/15,2,0,1,0
2025-03-18,2024021086,VAN,home,8481668,Arturs Silovs,31,G,False,,00:00,0,0,0,,0/0,0/0,0/0,0/0,0,0,0,0
2025-03-18,2024021086,VAN,home,8480947,Kevin Lankinen,32,G,True,W,59:24,22,20,2,0.909091,18/20,2/2,0/0,20/22,2,0,0,0
2025-03-18,2024021086,WPG,away,8477480,Eric Comrie,1,G,False,,00:00,0,0,0,,0/0,0/0,0/0,0/0,0,0,0,0
2025-03-18,2024021086,WPG,away,8476945,Connor Hellebuyck,37,G,True,L,57:52,21,16,5,0.761905,15/19,0/1,1/1,16/21,4,1,0,0
2025-03-19,2024021087,TOR,home,8476932,Anthony Stolarz,41,G,False,,00:00,0,0,0,,0/0,0/0,0/0,0/0,0,0,0,0
2025-03-19,2024021087,TOR,home,8479361,Joseph Woll,60,G,True,W,60:00,39,38,1,0.974359,34/34,2/3,2/2,38/39,0,1,0,0
2025-03-19,2024021087,COL,away,8478406,Mackenzie Blackwood,39,G,True,L,58:21,26,24,2,0.923077,18/18,4/5,2/3,24/26,0,1,1,0
2025-03-19,2024021087,COL,away,8475809,Scott Wedgewood,41,G,False,,00:00,0,0,0,,0/0,0/0,0/0,0/0,0,0,0,0
2025-03-19,2024021088,MIN,home,8470594,Marc-Andre Fleury,29,G,False,,00:00,0,0,0,,0/0,0/0,0/0,0/0,0,0,0,0
2025-03-19,2024021088,MIN,home,8479406,Filip Gustavsson,32,G,True,W,59:48,34,34,0,1.0,31/31,1/1,2/2,34/34,0,0,0,0
2025-03-19,2024021088,SEA,away,8475831,Philipp Grubauer,31,G,True,L,58:25,27,24,3,0.888889,24/27,0/0,0/0,24/27,3,0,0,0
2025-03-19,2024021088,SEA,away,8478916,Joey Daccord,35,G,False,,00:00,0,0,0,,0/0,0/0,0/0,0/0,0,0,0,0
2025-03-20,2024021089,OTT,home,8476341,Anton Forsberg,31,G,False,,42:31,20,19,1,0.95,15/15,4/5,0/0,19/20,0,1,0,0
2025-03-20,2024021089,OTT,home,8476999,Linus Ullmark,35,G,True,L,17:29,13,9,4,0.692308,9/12,0/1,0/0,9/13,3,1,0,0
2025-03-20,2024021089,COL,away,8478406,Mackenzie Blackwood,39,G,False,,00:00,0,0,0,,0/0,0/0,0/0,0/0,0,0,0,0
2025-03-20,2024021089,COL,away,8475809,Scott Wedgewood,41,G,True,W,59:51,16,15,1,0.9375,15/15,0/1,0/0,15/16,0,1,0,0
2025-03-20,2024021090,NJD,home,8474593,Jacob Markstrom,25,G,True,L,57:48,27,23,4,0.851852,22/25,1/2,0/0,23/27,3,1,0,0
2025-03-20,2024021090,NJD,home,8474596,Jake Allen,34,G,False,,00:00,0,0,0,,0/0,0/0,0/0,0/0,0,0,0,0
2025-03-20,2024021090,CGY,away,8481692,Dustin Wolf,32,G,True,W,60:00,29,26,3,0.896552,19/22,5/5,2/2,26/29,3,0,0,0
2025-03-20,2024021090,CGY,away,8478435,Dan Vladar,80,G,False,,00:00,0,0,0,,0/0,0/0,0/0,0/0,0,0,0,0
2025-03-20,2024021091,NYR,home,8478048,Igor Shesterkin,31,G,True,L,57:31,28,24,4,0.857143,23/27,1/1,0/0,24/28,4,0,0,0
2025-03-20,2024021091,NYR,home,8471734,Jonathan Quick,32,G,False,,00:00,0,0,0,,0/0,0/0,0/0,0/0,0,0,0,0
2025-03-20,2024021091,TOR,away,8476932,Anthony Stolarz,41,G,True,W,60:00,30,27,3,0.9,24/27,2/2,1/1,27/30,3,0,0,0
2025-03-20,2024021091,TOR,away,8479361,Joseph Woll,60,G,False,,00:00,0,0,0,,0/0,0/0,0/0,0/0,0,0,0,0
2025-03-20,2024021092,WSH,home,8480313,Logan Thompson,48,G,False,,00:00,0,0,0,,0/0,0/0,0/0,0/0,0,0,0,0
2025-03-20,2024021092,WSH,home,8479292,Charlie Lindgren,79,G,True,W,60:00,28,27,2,0.964286,24/25,3/3,0/0,27/28,2,0,0,0
2025-03-20,2024021092,PHI,away,8481035,Samuel Ersson,33,G,True,L,56:36,16,13,3,0.8125,12/15,1/1,0/0,13/16,3,0,0,0
2025-03-20,2024021092,PHI,away,8478905,Ivan Fedotov,82,G,False,,00:00,0,0,0,,0/0,0/0,0/0,0/0,0,0,0,0
2025-03-20,2024021093,CBJ,home,8480193,Daniil Tarasov,40,G,False,,00:00,0,0,0,,0/0,0/0,0/0,0/0,0,0,0,0
2025-03-20,2024021093,CBJ,home,8478007,Elvis Merzlikins,90,G,True,O,60:29,29,28,1,0.965517,24/24,4/5,0/0,28/29,0,1,0,0
2025-03-20,2024021093,FLA,away,8477970,Vitek Vanecek,41,G,False,,00:00,0,0,0,,0/0,0/0,0/0,0/0,0,0,0,0
2025-03-20,2024021093,FLA,away,8475683,Sergei Bobrovsky,72,G,True,W,60:29,25,25,0,1.0,23/23,2/2,0/0,25/25,0,0,0,0
2025-03-20,2024021094,NYI,home,8478009,Ilya Sorokin,30,G,True,W,63:37,41,38,3,0.926829,28/30,8/9,2/2,38/41,2,1,0,0
2025-03-20,2024021094,NYI,home,8477405,Marcus Hogberg,50,G,False,,00:00,0,0,0,,0/0,0/0,0/0,0/0,0,0,0,0
2025-03-20,2024021094,MTL,away,8478470,Samuel Montembeault,35,G,True,O,63:37,25,21,4,0.84,21/23,0/2,0/0,21/25,2,2,0,0
2025-03-20,2024021094,MTL,away,8482487,Jakub Dobes,75,G,False,,00:00,0,0,0,,0/0,0/0,0/0,0/0,0,0,0,0
2025-03-20,2024021095,STL,home,8480981,Joel Hofer,30,G,False,,00:00,0,0,0,,0/0,0/0,0/0,0/0,0,0,0,0
2025-03-20,2024021095,STL,home,8476412,Jordan Binnington,50,G,True,W,63:42,18,15,3,0.833333,14/17,0/0,1/1,15/18,3,0,0,0
2025-03-20,2024021095,VAN,away,8481668,Arturs Silovs,31,G,False,,00:00,0,0,0,,0/0,0/0,0/0,0/0,0,0,0,0
2025-03-20,2024021095,VAN,away,8480947,Kevin Lankinen,32,G,True,O,62:17,29,25,4,0.862069,25/29,0/0,0/0,25/29,4,0,0,0
2025-03-20,2024021096,NSH,home,8481020,Justus Annunen,29,G,True,L,56:54,34,31,3,0.911765,29/32,2/2,0/0,31/34,3,0,0,0
2025-03-20,2024021096,NSH,home,8477424,Juuse Saros,74,G,False,,00:00,0,0,0,,0/0,0/0,0/0,0/0,0,0,0,0
2025-03-20,2024021096,ANA,away,8480843,Lukas Dostal,1,G,False,,00:00,0,0,0,,0/0,0/0,0/0,0/0,0,0,0,0
2025-03-20,2024021096,ANA,away,8476434,John Gibson,36,G,True,W,59:34,34,33,1,0.970588,29/29,1/2,3/3,33/34,0,1,0,0
2025-03-20,2024021097,DAL,home,8479193,Casey DeSmith,1,G,True,O,65:00,38,36,2,0.947368,33/35,2/2,1/1,36/38,2,0,0,0
2025-03-20,2024021097,DAL,home,8479979,Jake Oettinger,29,G,False,,00:00,0,0,0,,0/0,0/0,0/0,0/0,0,0,0,0
2025-03-20,2024021097,TBL,away,8477992,Jonas Johansson,31,G,False,,00:00,0,0,0,,0/0,0/0,0/0,0/0,0,0,0,0
2025-03-20,2024021097,TBL,away,8476883,Andrei Vasilevskiy,88,G,True,W,65:00,24,22,2,0.916667,19/20,2/3,1/1,22/24,1,1,0,0
2025-03-20,2024021098,CHI,home,8481519,Spencer Knight,30,G,True,L,58:36,32,30,2,0.9375,27/29,2/2,1/1,30/32,2,0,0,0
2025-03-20,2024021098,CHI,home,8482821,Arvid Soderblom,40,G,False,,00:00,0,0,0,,0/0,0/0,0/0,0/0,0,0,0,0
2025-03-20,2024021098,LAK,away,8479496,David Rittich,31,G,False,,00:00,0,0,0,,0/0,0/0,0/0,0/0,0,0,0,0
2025-03-20,2024021098,LAK,away,8475311,Darcy Kuemper,35,G,True,W,60:00,17,16,1,0.941176,13/13,2/3,1/1,16/17,0,1,0,0
2025-03-20,2024021099,EDM,home,8475717,Calvin Pickard,30,G,False,O,06:10,4,3,1,0.75,2/3,1/1,0/0,3/4,1,0,0,0
2025-03-20,2024021099,EDM,home,8479973,Stuart Skinner,74,G,True,,55:03,16,13,3,0.8125,11/14,2/2,0/0,13/16,3,0,0,0
2025-03-20,2024021099,WPG,away,8477480,Eric Comrie,1,G,False,,00:00,0,0,0,,0/0,0/0,0/0,0/0,0,0,0,0
2025-03-20,2024021099,WPG,away,8476945,Connor Hellebuyck,37,G,True,W,61:03,24,21,3,0.875,20/23,0/0,1/1,21/24,3,0,0,0
2025-03-20,2024021100,UTA,home,8483530,Jaxson Stauber,33,G,False,,00:00,0,0,0,,0/0,0/0,0/0,0/0,0,0,0,0
2025-03-20,2024021100,UTA,home,8478872,Karel Vejmelka,70,G,True,W,59:50,27,25,2,0.925926,19/19,5/6,1/2,25/27,0,1,1,0
2025-03-20,2024021100,BUF,away,8480045,Ukko-Pekka Luukkonen,1,G,False,,00:00,0,0,0,,0/0,0/0,0/0,0/0,0,0,0,0
2025-03-20,2024021100,BUF,away,8473503,James Reimer,47,G,True,L,58:19,30,27,3,0.9,23/26,4/4,0/0,27/30,3,0,0,0
2025-03-20,2024021101,VGK,home,8478499,Adin Hill,33,G,True,W,60:00,19,18,1,0.947368,16/17,1/1,1/1,18/19,1,0,0,0
2025-03-20,2024021101,VGK,home,8478492,Ilya Samsonov,35,G,False,,00:00,0,0,0,,0/0,0/0,0/0,0/0,0,0,0,0
2025-03-20,2024021101,BOS,away,8480280,Jeremy Swayman,1,G,True,L,60:00,32,27,5,0.84375,20/24,5/6,2/2,27/32,4,1,0,0
2025-03-20,2024021101,BOS,away,8476914,Joonas Korpisalo,70,G,False,,00:00,0,0,0,,0/0,0/0,0/0,0/0,0,0,0,0
2025-03-20,2024021102,SJS,home,8484312,Georgi Romanov,31,G,True,L,56:42,29,26,3,0.896552,24/27,2/2,0/0,26/29,3,0,0,0
2025-03-20,2024021102,SJS,home,8480382,Alexandar Georgiev,40,G,False,,00:00,0,0,0,,0/0,0/0,0/0,0/0,0,0,0,0
2025-03-20,2024021102,CAR,away,8475883,Frederik Andersen,31,G,True,W,60:00,25,24,1,0.96,15/15,6/6,3/4,24/25,0,0,1,0
2025-03-20,2024021102,CAR,away,8481611,Pyotr Kochetkov,52,G,False,,00:00,0,0,0,,0/0,0/0,0/0,0/0,0,0,0,0
2025-03-21,2024021103,PIT,home,8477465,Tristan Jarry,35,G,False,,00:00,0,0,0,,0/0,0/0,0/0,0/0,0,0,0,0
2025-03-21,2024021103,PIT,home,8477968,Alex Nedeljkovic,39,G,True,W,60:00,47,44,3,0.93617,39/42,5/5,0/0,44/47,3,0,0,0
2025-03-21,2024021103,CBJ,away,8482982,Jet Greaves,73,G,False,,00:00,0,0,0,,0/0,0/0,0/0,0/0,0,0,0,0
2025-03-21,2024021103,CBJ,away,8478007,Elvis Merzlikins,90,G,True,L,58:19,33,28,5,0.848485,25/30,2/2,1/1,28/33,5,0,0,0
2025-03-22,2024021104,NYR,home,8478048,Igor Shesterkin,31,G,True,W,60:00,39,36,3,0.923077,32/35,4/4,0/0,36/39,3,0,0,2
2025-03-22,2024021104,NYR,home,8471734,Jonathan Quick,32,G,False,,00:00,0,0,0,,0/0,0/0,0/0,0/0,0,0,0,0
2025-03-22,2024021104,VAN,away,8481668,Arturs Silovs,31,G,False,,00:00,0,0,0,,0/0,0/0,0/0,0/0,0,0,0,0
2025-03-22,2024021104,VAN,away,8480947,Kevin Lankinen,32,G,True,L,57:33,11,7,4,0.636364,4/8,0/0,3/3,7/11,4,0,0,0
2025-03-22,2024021105,DAL,home,8479193,Casey DeSmith,1,G,False,,00:00,0,0,0,,0/0,0/0,0/0,0/0,0,0,0,0
2025-03-22,2024021105,DAL,home,8479979,Jake Oettinger,29,G,True,W,60:09,24,22,2,0.916667,19/21,2/2,1/1,22/24,2,0,0,0
2025-03-22,2024021105,PHI,away,8481035,Samuel Ersson,33,G,False,O,40:09,16,15,1,0.9375,11/12,4/4,0/0,15/16,1,0,0,0
2025-03-22,2024021105,PHI,away,8478905,Ivan Fedotov,82,G,True,,20:00,3,1,2,0.333333,0/2,0/0,1/1,1/3,2,0,0,0
2025-03-22,2024021106,MIN,home,8470594,Marc-Andre Fleury,29,G,False,,00:00,0,0,0,,0/0,0/0,0/0,0/0,0,0,0,0
2025-03-22,2024021106,MIN,home,8479406,Filip Gustavsson,32,G,True,W,59:52,21,20,1,0.952381,14/15,5/5,1/1,20/21,1,0,0,0
2025-03-22,2024021106,BUF,away,8480045,Ukko-Pekka Luukkonen,1,G,True,L,57:58,20,17,3,0.85,16/19,1/1,0/0,17/20,3,0,0,0
2025-03-22,2024021106,BUF,away,8473503,James Reimer,47,G,False,,00:00,0,0,0,,0/0,0/0,0/0,0/0,0,0,0,0
2025-03-22,2024021107,STL,home,8480981,Joel Hofer,30,G,True,W,60:00,27,26,1,0.962963,25/25,0/0,1/2,26/27,0,0,1,0
2025-03-22,2024021107,STL,home,8476412,Jordan Binnington,50,G,False,,00:00,0,0,0,,0/0,0/0,0/0,0/0,0,0,0,0
2025-03-22,2024021107,CHI,away,8481519,Spencer Knight,30,G,False,,00:00,0,0,0,,0/0,0/0,0/0,0/0,0,0,0,0
2025-03-22,2024021107,CHI,away,8482821,Arvid Soderblom,40,G,True,L,60:00,25,21,4,0.84,20/24,1/1,0/0,21/25,4,0,0,0
2025-03-22,2024021108,NYI,home,8478009,Ilya Sorokin,30,G,False,,00:00,0,0,0,,0/0,0/0,0/0,0/0,0,0,0,0
2025-03-22,2024021108,NYI,home,8477405,Marcus Hogberg,50,G,True,O,63:53,35,31,4,0.885714,25/29,4/4,2/2,31/35,4,0,0,0
2025-03-22,2024021108,CGY,away,8481692,Dustin Wolf,32,G,False,,00:00,0,0,0,,0/0,0/0,0/0,0/0,0,0,0,0
2025-03-22,2024021108,CGY,away,8478435,Dan Vladar,80,G,True,W,63:46,29,26,3,0.896552,24/27,2/2,0/0,26/29,3,0,0,0
2025-03-22,2024021109,LAK,home,8479496,David Rittich,31,G,True,W,60:00,36,34,2,0.944444,31/33,3/3,0/0,34/36,2,0,0,0
2025-03-22,2024021109,LAK,home,8475311,Darcy Kuemper,35,G,False,,00:00,0,0,0,,0/0,0/0,0/0,0/0,0,0,0,0
2025-03-22,2024021109,CAR,away,8475883,Frederik Andersen,31,G,False,,00:00,0,0,0,,0/0,0/0,0/0,0/0,0,0,0,0
2025-03-22,2024021109,CAR,away,8481611,Pyotr Kochetkov,52,G,True,L,60:00,25,18,7,0.72,18/24,0/1,0/0,18/25,6,1,0,0
2025-03-22,2024021110,WSH,home,8480313,Logan Thompson,48,G,True,W,59:31,36,33,3,0.916667,26/29,7/7,0/0,33/36,3,0,0,0
2025-03-22,2024021110,WSH,home,8479292,Charlie Lindgren,79,G,False,,00:00,0,0,0,,0/0,0/0,0/0,0/0,0,0,0,0
2025-03-22,2024021110,FLA,away,8477970,Vitek Vanecek,41,G,True,L,60:00,33,27,6,0.818182,22/28,5/5,0/0,27/33,6,0,0,0
2025-03-22,2024021110,FLA,away,8475683,Sergei Bobrovsky,72,G,False,,00:00,0,0,0,,0/0,0/0,0/0,0/0,0,0,0,0
2025-03-22,2024021111,UTA,home,8483530,Jaxson Stauber,33,G,False,,00:00,0,0,0,,0/0,0/0,0/0,0/0,0,0,0,0
2025-03-22,2024021111,UTA,home,8478872,Karel Vejmelka,70,G,True,W,60:00,27,23,4,0.851852,17/20,6/7,0/0,23/27,3,1,0,0
2025-03-22,2024021111,TBL,away,8477990,Brandon Halverson,33,G,True,L,57:57,24,19,5,0.791667,15/20,2/2,2/2,19/24,5,0,0,0
2025-03-22,2024021111,TBL,away,8476883,Andrei Vasilevskiy,88,G,False,,00:00,0,0,0,,0/0,0/0,0/0,0/0,0,0,0,0
2025-03-22,2024021112,MTL,home,8478470,Samuel Montembeault,35,G,True,O,65:00,37,33,4,0.891892,29/32,4/5,0/0,33/37,3,1,0,0
2025-03-22,2024021112,MTL,home,8482487,Jakub Dobes,75,G,False,,00:00,0,0,0,,0/0,0/0,0/0,0/0,0,0,0,0
2025-03-22,2024021112,COL,away,8478406,Mackenzie Blackwood,39,G,True,W,64:57,29,25,4,0.862069,19/23,6/6,0/0,25/29,4,0,0,0
2025-03-22,2024021112,COL,away,8475809,Scott Wedgewood,41,G,False,,00:00,0,0,0,,0/0,0/0,0/0,0/0,0,0,0,0
2025-03-22,2024021113,NJD,home,8474593,Jacob Markstrom,25,G,False,,00:00,0,0,0,,0/0,0/0,0/0,0/0,0,0,0,0
2025-03-22,2024021113,NJD,home,8474596,Jake Allen,34,G,True,L,57:18,19,16,3,0.842105,11/13,4/5,1/1,16/19,2,1,0,0
2025-03-22,2024021113,OTT,away,8476341,Anton Forsberg,31,G,False,,00:00,0,0,0,,0/0,0/0,0/0,0/0,0,0,0,0
2025-03-22,2024021113,OTT,away,8476999,Linus Ullmark,35,G,True,W,60:00,27,25,2,0.925926,22/23,2/3,1/1,25/27,1,1,0,0
2025-03-22,2024021114,NSH,home,8481020,Justus Annunen,29,G,False,,00:00,0,0,0,,0/0,0/0,0/0,0/0,0,0,0,0
2025-03-22,2024021114,NSH,home,8477424,Juuse Saros,74,G,True,W,60:00,26,24,2,0.923077,21/22,2/3,1/1,24/26,1,1,0,0
2025-03-22,2024021114,TOR,away,8476932,Anthony Stolarz,41,G,False,,00:00,0,0,0,,0/0,0/0,0/0,0/0,0,0,0,0
2025-03-22,2024021114,TOR,away,8479361,Joseph Woll,60,G,True,L,56:50,31,27,4,0.870968,17/20,9/10,1/1,27/31,3,1,0,0
2025-03-22,2024021115,VGK,home,8478499,Adin Hill,33,G,True,W,60:00,31,28,3,0.903226,26/27,2/4,0/0,28/31,1,2,0,0
2025-03-22,2024021115,VGK,home,8478492,Ilya Samsonov,35,G,False,,00:00,0,0,0,,0/0,0/0,0/0,0/0,0,0,0,0
2025-03-22,2024021115,DET,away,8479312,Alex Lyon,34,G,False,,00:00,0,0,0,,0/0,0/0,0/0,0/0,0,0,0,0
2025-03-22,2024021115,DET,away,8475660,Cam Talbot,39,G,True,L,58:11,35,30,5,0.857143,27/30,3/5,0/0,30/35,3,2,0,0
2025-03-22,2024021116,EDM,home,8475717,Calvin Pickard,30,G,False,,00:00,0,0,0,,0/0,0/0,0/0,0/0,0,0,0,0
2025-03-22,2024021116,EDM,home,8479973,Stuart Skinner,74,G,True,W,60:00,32,28,4,0.875,21/23,4/6,3/3,28/32,2,2,0,0
2025-03-22,2024021116,SEA,away,8475831,Philipp Grubauer,31,G,False,,00:00,0,0,0,,0/0,0/0,0/0,0/0,0,0,0,0
2025-03-22,2024021116,SEA,away,8478916,Joey Daccord,35,G,True,L,58:00,28,24,4,0.857143,22/24,2/4,0/0,24/28,2,2,0,0
2025-03-22,2024021117,SJS,home,8484312,Georgi Romanov,31,G,False,,00:00,0,0,0,,0/0,0/0,0/0,0/0,0,0,0,0
2025-03-22,2024021117,SJS,home,8480382,Alexandar Georgiev,40,G,True,W,60:00,23,22,1,0.956522,20/21,1/1,1/1,22/23,1,0,0,0
2025-03-22,2024021117,BOS,away,8480280,Jeremy Swayman,1,G,False,,00:00,0,0,0,,0/0,0/0,0/0,0/0,0,0,0,0
2025-03-22,2024021117,BOS,away,8476914,Joonas Korpisalo,70,G,True,L,58:56,20,18,2,0.9,11/13,3/3,4/4,18/20,2,0,0,0
2025-03-23,2024021118,CHI,home,8481519,Spencer Knight,30,G,True,W,59:46,29,25,4,0.862069,22/26,3/3,0/0,25/29,4,0,0,0
2025-03-23,2024021118,CHI,home,8482821,Arvid Soderblom,40,G,False,,00:00,0,0,0,,0/0,0/0,0/0,0/0,0,0,0,0
2025-03-23,2024021118,PHI,away,8481035,Samuel Ersson,33,G,False,,00:00,0,0,0,,0/0,0/0,0/0,0/0,0,0,0,0
2025-03-23,2024021118,PHI,away,8478905,Ivan Fedotov,82,G,True,L,59:41,29,22,7,0.758621,17/22,5/7,0/0,22/29,5,2,0,0
2025-03-23,2024021119,WPG,home,8477480,Eric Comrie,1,G,True,L,58:19,16,12,4,0.75,10/12,2/3,0/1,12/16,2,1,1,0
2025-03-23,2024021119,WPG,home,8476945,Connor Hellebuyck,37,G,False,,00:00,0,0,0,,0/0,0/0,0/0,0/0,0,0,0,0
2025-03-23,2024021119,BUF,away,8480045,Ukko-Pekka Luukkonen,1,G,False,,00:00,0,0,0,,0/0,0/0,0/0,0/0,0,0,0,0
2025-03-23,2024021119,BUF,away,8473503,James Reimer,47,G,True,W,60:00,36,33,3,0.916667,23/25,8/9,2/2,33/36,2,1,0,0
2025-03-23,2024021120,FLA,home,8477970,Vitek Vanecek,41,G,False,,00:00,0,0,0,,0/0,0/0,0/0,0/0,0,0,0,0
2025-03-23,2024021120,FLA,home,8475683,Sergei Bobrovsky,72,G,True,W,64:49,27,24,3,0.888889,21/22,2/4,1/1,24/27,1,2,0,0
2025-03-23,2024021120,PIT,away,8477465,Tristan Jarry,35,G,True,O,65:00,31,28,3,0.903226,22/24,5/6,1/1,28/31,2,1,0,0
2025-03-23,2024021120,PIT,away,8477968,Alex Nedeljkovic,39,G,False,,00:00,0,0,0,,0/0,0/0,0/0,0/0,0,0,0,0
2025-03-23,2024021121,STL,home,8480981,Joel Hofer,30,G,False,,00:00,0,0,0,,0/0,0/0,0/0,0/0,0,0,0,0
2025-03-23,2024021121,STL,home,8476412,Jordan Binnington,50,G,True,W,59:54,32,31,1,0.96875,24/24,7/8,0/0,31/32,0,1,0,0
2025-03-23,2024021121,NSH,away,8481020,Justus Annunen,29,G,True,L,57:00,17,14,3,0.823529,12/14,2/3,0/0,14/17,2,1,0,0
2025-03-23,2024021121,NSH,away,8477424,Juuse Saros,74,G,False,,00:00,0,0,0,,0/0,0/0,0/0,0/0,0,0,0,0
2025-03-23,2024021122,VGK,home,8478499,Adin Hill,33,G,False,,00:00,0,0,0,,0/0,0/0,0/0,0/0,0,0,0,0
2025-03-23,2024021122,VGK,home,8478492,Ilya Samsonov,35,G,True,W,60:00,37,35,2,0.945946,28/29,5/6,2/2,35/37,1,1,0,0
2025-03-23,2024021122,TBL,away,8477990,Brandon Halverson,33,G,False,,00:00,0,0,0,,0/0,0/0,0/0,0/0,0,0,0,0
2025-03-23,2024021122,TBL,away,8476883,Andrei Vasilevskiy,88,G,True,L,58:28,29,26,3,0.896552,22/24,3/4,1/1,26/29,2,1,0,0
2025-03-23,2024021123,ANA,home,8480843,Lukas Dostal,1,G,True,L,59:40,36,32,4,0.888889,27/30,3/4,2/2,32/36,3,1,0,0
2025-03-23,2024021123,ANA,home,8476434,John Gibson,36,G,False,,00:00,0,0,0,,0/0,0/0,0/0,0/0,0,0,0,0
2025-03-23,2024021123,CAR,away,8475883,Frederik Andersen,31,G,True,W,59:57,37,35,2,0.945946,29/31,6/6,0/0,35/37,2,0,0,0
2025-03-23,2024021123,CAR,away,8481611,Pyotr Kochetkov,52,G,False,,00:00,0,0,0,,0/0,0/0,0/0,0/0,0,0,0,0
2025-03-23,2024021124,LAK,home,8479496,David Rittich,31,G,False,,00:00,0,0,0,,0/0,0/0,0/0,0/0,0,0,0,0
2025-03-23,2024021124,LAK,home,8475311,Darcy Kuemper,35,G,True,W,60:00,13,11,2,0.846154,7/9,4/4,0/0,11/13,2,0,0,4
2025-03-23,2024021124,BOS,away,8480280,Jeremy Swayman,1,G,True,L,60:00,23,16,7,0.695652,16/23,0/0,0/0,16/23,7,0,0,2
2025-03-23,2024021124,BOS,away,8476914,Joonas Korpisalo,70,G,False,,00:00,0,0,0,,0/0,0/0,0/0,0/0,0,0,0,0
2025-03-24,2024021125,NJD,home,8474593,Jacob Markstrom,25,G,True,O,65:00,28,25,3,0.892857,22/25,3/3,0/0,25/28,3,0,0,0
2025-03-24,2024021125,NJD,home,8474596,Jake Allen,34,G,False,,00:00,0,0,0,,0/0,0/0,0/0,0/0,0,0,0,0
2025-03-24,2024021125,VAN,away,8481668,Arturs Silovs,31,G,False,,00:00,0,0,0,,0/0,0/0,0/0,0/0,0,0,0,0
2025-03-24,2024021125,VAN,away,8477967,Thatcher Demko,35,G,True,W,63:36,25,22,3,0.88,19/21,2/3,1/1,22/25,2,1,0,0
2025-03-24,2024021126,NYI,home,8478009,Ilya Sorokin,30,G,True,O,65:00,30,27,3,0.9,25/27,2/2,0/1,27/30,2,0,1,0
2025-03-24,2024021126,NYI,home,8477405,Marcus Hogberg,50,G,False,,00:00,0,0,0,,0/0,0/0,0/0,0/0,0,0,0,0
2025-03-24,2024021126,CBJ,away,8480193,Daniil Tarasov,40,G,False,,00:00,0,0,0,,0/0,0/0,0/0,0/0,0,0,0,0
2025-03-24,2024021126,CBJ,away,8478007,Elvis Merzlikins,90,G,True,W,65:00,33,30,3,0.909091,28/31,2/2,0/0,30/33,3,0,0,0
2025-03-24,2024021127,DAL,home,8479193,Casey DeSmith,1,G,False,,00:00,0,0,0,,0/0,0/0,0/0,0/0,0,0,0,0
2025-03-24,2024021127,DAL,home,8479979,Jake Oettinger,29,G,True,W,60:00,32,32,0,1.0,24/24,8/8,0/0,32/32,0,0,0,0
2025-03-24,2024021127,MIN,away,8470594,Marc-Andre Fleury,29,G,False,,00:00,0,0,0,,0/0,0/0,0/0,0/0,0,0,0,0
2025-03-24,2024021127,MIN,away,8479406,Filip Gustavsson,32,G,True,L,58:50,28,26,2,0.928571,18/19,6/7,2/2,26/28,1,1,0,0
2025-03-24,2024021128,UTA,home,8483530,Jaxson Stauber,33,G,False,,00:00,0,0,0,,0/0,0/0,0/0,0/0,0,0,0,0
2025-03-24,2024021128,UTA,home,8478872,Karel Vejmelka,70,G,True,L,59:43,13,9,4,0.692308,7/11,1/1,1/1,9/13,4,0,0,0
2025-03-24,2024021128,DET,away,8479312,Alex Lyon,34,G,False,W,58:22,18,17,1,0.944444,16/16,1/2,0/0,17/18,0,1,0,0
2025-03-24,2024021128,DET,away,8475852,Petr Mrazek,43,G,True,,01:38,1,1,0,1.0,1/1,0/0,0/0,1/1,0,0,0,0
2025-03-25,2024021129,BUF,home,8480045,Ukko-Pekka Luukkonen,1,G,False,,00:00,0,0,0,,0/0,0/0,0/0,0/0,0,0,0,0
2025-03-25,2024021129,BUF,home,8473503,James Reimer,47,G,True,W,60:00,32,30,2,0.9375,27/27,3/5,0/0,30/32,0,2,0,0
2025-03-25,2024021129,OTT,away,8476341,Anton Forsberg,31,G,True,L,57:30,24,21,3,0.875,20/23,0/0,1/1,21/24,3,0,0,0
2025-03-25,2024021129,OTT,away,8476999,Linus Ullmark,35,G,False,,00:00,0,0,0,,0/0,0/0,0/0,0/0,0,0,0,0
2025-03-25,2024021130,TOR,home,8476932,Anthony Stolarz,41,G,True,W,60:00,19,17,2,0.894737,16/18,1/1,0/0,17/19,2,0,0,0
2025-03-25,2024021130,TOR,home,8479361,Joseph Woll,60,G,False,,00:00,0,0,0,,0/0,0/0,0/0,0/0,0,0,0,0
2025-03-25,2024021130,PHI,away,8481035,Samuel Ersson,33,G,True,L,60:00,30,23,7,0.766667,23/29,0/1,0/0,23/30,6,1,0,0
2025-03-25,2024021130,PHI,away,8478905,Ivan Fedotov,82,G,False,,00:00,0,0,0,,0/0,0/0,0/0,0/0,0,0,0,0
2025-03-25,2024021131,TBL,home,8477990,Brandon Halverson,33,G,False,,00:00,0,0,0,,0/0,0/0,0/0,0/0,0,0,0,0
2025-03-25,2024021131,TBL,home,8476883,Andrei Vasilevskiy,88,G,True,W,59:49,15,14,1,0.933333,12/13,0/0,2/2,14/15,1,0,0,0
2025-03-25,2024021131,PIT,away,8477465,Tristan Jarry,35,G,True,L,16:00,7,3,4,0.428571,3/7,0/0,0/0,3/7,4,0,0,0
2025-03-25,2024021131,PIT,away,8477968,Alex Nedeljkovic,39,G,False,,44:00,20,18,2,0.9,16/17,2/3,0/0,18/20,1,1,0,0
2025-03-25,2024021132,CAR,home,8475883,Frederik Andersen,31,G,False,,00:00,0,0,0,,0/0,0/0,0/0,0/0,0,0,0,0
2025-03-25,2024021132,CAR,home,8481611,Pyotr Kochetkov,52,G,True,L,56:38,16,13,3,0.8125,10/12,2/3,1/1,13/16,2,1,0,0
2025-03-25,2024021132,NSH,away,8481020,Justus Annunen,29,G,False,,00:00,0,0,0,,0/0,0/0,0/0,0/0,0,0,0,0
2025-03-25,2024021132,NSH,away,8477424,Juuse Saros,74,G,True,W,60:00,35,34,1,0.971429,24/24,7/8,3/3,34/35,0,1,0,0
2025-03-25,2024021133,STL,home,8480981,Joel Hofer,30,G,False,,00:00,0,0,0,,0/0,0/0,0/0,0/0,0,0,0,0
2025-03-25,2024021133,STL,home,8476412,Jordan Binnington,50,G,True,W,59:55,25,24,1,0.96,16/17,6/6,2/2,24/25,1,0,0,0
2025-03-25,2024021133,MTL,away,8478470,Samuel Montembeault,35,G,True,L,50:12,32,27,5,0.84375,23/28,4/4,0/0,27/32,5,0,0,0
2025-03-25,2024021133,MTL,away,8482487,Jakub Dobes,75,G,False,,09:27,5,4,1,0.8,1/1,3/4,0/0,4/5,0,1,0,0
2025-03-25,2024021134,MIN,home,8470594,Marc-Andre Fleury,29,G,True,L,59:46,37,33,4,0.891892,32/35,0/1,1/1,33/37,3,1,0,0
2025-03-25,2024021134,MIN,home,8479406,Filip Gustavsson,32,G,False,,00:00,0,0,0,,0/0,0/0,0/0,0/0,0,0,0,0
2025-03-25,2024021134,VGK,away,8478499,Adin Hill,33,G,True,W,60:00,24,23,1,0.958333,23/24,0/0,0/0,23/24,1,0,0,0
2025-03-25,2024021134,VGK,away,8478492,Ilya Samsonov,35,G,False,,00:00,0,0,0,,0/0,0/0,0/0,0/0,0,0,0,0
2025-03-25,2024021135,WPG,home,8477480,Eric Comrie,1,G,False,,00:00,0,0,0,,0/0,0/0,0/0,0/0,0,0,0,0
2025-03-25,2024021135,WPG,home,8476945,Connor Hellebuyck,37,G,True,W,61:10,29,27,2,0.931034,22/24,4/4,1/1,27/29,2,0,0,0
2025-03-25,2024021135,WSH,away,8480313,Logan Thompson,48,G,True,O,61:28,25,22,3,0.88,18/21,4/4,0/0,22/25,3,0,0,0
2025-03-25,2024021135,WSH,away,8479292,Charlie Lindgren,79,G,False,,00:00,0,0,0,,0/0,0/0,0/0,0/0,0,0,0,0
2025-03-25,2024021136,COL,home,8478406,Mackenzie Blackwood,39,G,True,W,59:41,23,21,2,0.913043,18/19,3/4,0/0,21/23,1,1,0,0
2025-03-25,2024021136,COL,home,8475809,Scott Wedgewood,41,G,False,,00:00,0,0,0,,0/0,0/0,0/0,0/0,0,0,0,0
2025-03-25,2024021136,DET,away,8482657,Sebastian Cossa,33,G,False,,00:00,0,0,0,,0/0,0/0,0/0,0/0,0,0,0,0
2025-03-25,2024021136,DET,away,8479312,Alex Lyon,34,G,True,L,59:03,27,23,4,0.851852,22/24,0/2,1/1,23/27,2,2,0,0
2025-03-25,2024021137,CGY,home,8481692,Dustin Wolf,32,G,True,W,63:17,29,26,3,0.896552,23/25,3/4,0/0,26/29,2,1,0,0
2025-03-25,2024021137,CGY,home,8478435,Dan Vladar,80,G,False,,00:00,0,0,0,,0/0,0/0,0/0,0/0,0,0,0,0
2025-03-25,2024021137,SEA,away,8475831,Philipp Grubauer,31,G,False,,00:00,0,0,0,,0/0,0/0,0/0,0/0,0,0,0,0
2025-03-25,2024021137,SEA,away,8478916,Joey Daccord,35,G,True,O,62:17,37,33,4,0.891892,28/31,5/6,0/0,33/37,3,1,0,0
2025-03-25,2024021138,LAK,home,8479496,David Rittich,31,G,False,,00:00,0,0,0,,0/0,0/0,0/0,0/0,0,0,0,0
2025-03-25,2024021138,LAK,home,8475311,Darcy Kuemper,35,G,True,W,60:00,23,22,1,0.956522,19/20,3/3,0/0,22/23,1,0,0,0
2025-03-25,2024021138,NYR,away,8478048,Igor Shesterkin,31,G,True,L,58:05,32,30,2,0.9375,28/28,2/4,0/0,30/32,0,2,0,0
2025-03-25,2024021138,NYR,away,8471734,Jonathan Quick,32,G,False,,00:00,0,0,0,,0/0,0/0,0/0,0/0,0,0,0,0
2025-03-26,2024021139,NYI,home,8478009,Ilya Sorokin,30,G,True,L,41:05,19,15,4,0.789474,13/17,2/2,0/0,15/19,4,0,0,0
2025-03-26,2024021139,NYI,home,8477405,Marcus Hogberg,50,G,False,,16:41,5,5,0,1.0,4/4,0/0,1/1,5/5,0,0,0,0
2025-03-26,2024021139,VAN,away,8481668,Arturs Silovs,31,G,False,,00:00,0,0,0,,0/0,0/0,0/0,0/0,0,0,0,0
2025-03-26,2024021139,VAN,away,8477967,Thatcher Demko,35,G,True,W,60:00,28,26,2,0.928571,25/26,1/1,0/1,26/28,1,0,1,0
2025-03-26,2024021140,CHI,home,8481519,Spencer Knight,30,G,True,L,57:05,20,16,4,0.8,15/16,1/3,0/1,16/20,1,2,1,0
2025-03-26,2024021140,CHI,home,8482821,Arvid Soderblom,40,G,False,,00:00,0,0,0,,0/0,0/0,0/0,0/0,0,0,0,0
2025-03-26,2024021140,NJD,away,8474593,Jacob Markstrom,25,G,True,W,60:00,24,21,3,0.875,20/22,1/2,0/0,21/24,2,1,0,0
2025-03-26,2024021140,NJD,away,8474596,Jake Allen,34,G,False,,00:00,0,0,0,,0/0,0/0,0/0,0/0,0,0,0,0
2025-03-26,2024021141,EDM,home,8475717,Calvin Pickard,30,G,False,,11:07,3,3,0,1.0,2/2,0/0,1/1,3/3,0,0,0,0
2025-03-26,2024021141,EDM,home,8479973,Stuart Skinner,74,G,True,L,46:34,21,17,4,0.809524,12/15,3/4,2/2,17/21,3,1,0,0
2025-03-26,2024021141,DAL,away,8479193,Casey DeSmith,1,G,False,,00:00,0,0,0,,0/0,0/0,0/0,0/0,0,0,0,0
2025-03-26,2024021141,DAL,away,8479979,Jake Oettinger,29,G,True,W,60:00,44,41,3,0.931818,25/26,12/14,4/4,41/44,1,2,0,0
2025-03-26,2024021142,ANA,home,8480843,Lukas Dostal,1,G,False,,00:00,0,0,0,,0/0,0/0,0/0,0/0,0,0,0,0
2025-03-26,2024021142,ANA,home,8476434,John Gibson,36,G,True,W,60:00,25,23,2,0.92,22/23,1/2,0/0,23/25,1,1,0,0
2025-03-26,2024021142,BOS,away,8480280,Jeremy Swayman,1,G,False,,00:00,0,0,0,,0/0,0/0,0/0,0/0,0,0,0,0
2025-03-26,2024021142,BOS,away,8476914,Joonas Korpisalo,70,G,True,L,60:00,37,31,6,0.837838,24/29,6/6,1/2,31/37,5,0,1,0
2025-03-27,2024021143,BUF,home,8480045,Ukko-Pekka Luukkonen,1,G,False,,00:00,0,0,0,,0/0,0/0,0/0,0/0,0,0,0,0
2025-03-27,2024021143,BUF,home,8473503,James Reimer,47,G,True,W,60:00,25,23,3,0.92,18/20,3/3,2/2,23/25,3,0,0,0
2025-03-27,2024021143,PIT,away,8477465,Tristan Jarry,35,G,True,L,25:20,12,8,4,0.666667,7/11,0/0,1/1,8/12,4,0,0,0
2025-03-27,2024021143,PIT,away,8477968,Alex Nedeljkovic,39,G,False,,34:22,18,15,3,0.833333,9/12,5/5,1/1,15/18,3,0,0,0
2025-03-27,2024021144,DET,home,8479312,Alex Lyon,34,G,True,,21:33,10,7,3,0.7,4/7,0/0,3/3,7/10,3,0,0,0
2025-03-27,2024021144,DET,home,8475660,Cam Talbot,39,G,False,L,37:01,22,21,1,0.954545,18/19,3/3,0/0,21/22,1,0,0,0
2025-03-27,2024021144,OTT,away,8476341,Anton Forsberg,31,G,False,,00:00,0,0,0,,0/0,0/0,0/0,0/0,0,0,0,0
2025-03-27,2024021144,OTT,away,8476999,Linus Ullmark,35,G,True,W,60:00,34,31,3,0.911765,20/22,11/12,0/0,31/34,2,1,0,0
2025-03-27,2024021145,TBL,home,8477992,Jonas Johansson,31,G,False,,00:00,0,0,0,,0/0,0/0,0/0,0/0,0,0,0,0
2025-03-27,2024021145,TBL,home,8476883,Andrei Vasilevskiy,88,G,True,W,60:00,25,25,0,1.0,23/23,2/2,0/0,25/25,0,0,0,0
2025-03-27,2024021145,UTA,away,8483530,Jaxson Stauber,33,G,False,,30:46,10,6,4,0.6,6/9,0/1,0/0,6/10,3,1,0,0
2025-03-27,2024021145,UTA,away,8478872,Karel Vejmelka,70,G,True,L,29:14,12,8,4,0.666667,8/12,0/0,0/0,8/12,4,0,0,0
2025-03-27,2024021146,PHI,home,8481035,Samuel Ersson,33,G,True,W,59:38,30,26,4,0.866667,22/26,1/1,3/3,26/30,4,0,0,0
2025-03-27,2024021146,PHI,home,8478905,Ivan Fedotov,82,G,False,,00:00,0,0,0,,0/0,0/0,0/0,0/0,0,0,0,0
2025-03-27,2024021146,MTL,away,8478470,Samuel Montembeault,35,G,False,,00:00,0,0,0,,0/0,0/0,0/0,0/0,0,0,0,0
2025-03-27,2024021146,MTL,away,8482487,Jakub Dobes,75,G,True,L,57:11,30,24,6,0.8,17/22,7/8,0/0,24/30,5,1,0,0
2025-03-27,2024021148,MIN,home,8470594,Marc-Andre Fleury,29,G,False,,00:00,0,0,0,,0/0,0/0,0/0,0/0,0,0,0,0
2025-03-27,2024021148,MIN,home,8479406,Filip Gustavsson,32,G,True,W,60:00,30,28,2,0.933333,25/27,3/3,0/0,28/30,2,0,0,0
2025-03-27,2024021148,WSH,away,8480313,Logan Thompson,48,G,False,,00:00,0,0,0,,0/0,0/0,0/0,0/0,0,0,0,0
2025-03-27,2024021148,WSH,away,8479292,Charlie Lindgren,79,G,True,L,57:51,20,17,3,0.85,16/18,1/2,0/0,17/20,2,1,0,0
2025-03-27,2024021147,NSH,home,8481020,Justus Annunen,29,G,False,,00:00,0,0,0,,0/0,0/0,0/0,0/0,0,0,0,0
2025-03-27,2024021147,NSH,home,8477424,Juuse Saros,74,G,True,L,58:33,21,18,3,0.857143,17/20,1/1,0/0,18/21,3,0,0,0
2025-03-27,2024021147,STL,away,8480981,Joel Hofer,30,G,True,W,59:54,18,16,2,0.888889,12/13,3/4,1/1,16/18,1,1,0,0
2025-03-27,2024021147,STL,away,8476412,Jordan Binnington,50,G,False,,00:00,0,0,0,,0/0,0/0,0/0,0/0,0,0,0,0
2025-03-27,2024021150,CGY,home,8481692,Dustin Wolf,32,G,True,L,58:54,18,14,4,0.777778,8/12,5/5,1/1,14/18,4,0,0,0
2025-03-27,2024021150,CGY,home,8478435,Dan Vladar,80,G,False,,00:00,0,0,0,,0/0,0/0,0/0,0/0,0,0,0,0
2025-03-27,2024021150,DAL,away,8479193,Casey DeSmith,1,G,True,W,60:00,48,46,2,0.958333,37/38,8/9,1/1,46/48,1,1,0,0
2025-03-27,2024021150,DAL,away,8479979,Jake Oettinger,29,G,False,,00:00,0,0,0,,0/0,0/0,0/0,0/0,0,0,0,0
2025-03-27,2024021149,COL,home,8478406,Mackenzie Blackwood,39,G,True,W,59:48,22,22,0,1.0,20/20,2/2,0/0,22/22,0,0,0,0
2025-03-27,2024021149,COL,home,8475809,Scott Wedgewood,41,G,False,,00:00,0,0,0,,0/0,0/0,0/0,0/0,0,0,0,0
2025-03-27,2024021149,LAK,away,8479496,David Rittich,31,G,True,L,60:00,26,22,4,0.846154,21/23,1/3,0/0,22/26,2,2,0,0
2025-03-27,2024021149,LAK,away,8475311,Darcy Kuemper,35,G,False,,00:00,0,0,0,,0/0,0/0,0/0,0/0,0,0,0,0
2025-03-27,2024021151,SEA,home,8475831,Philipp Grubauer,31,G,False,,00:00,0,0,0,,0/0,0/0,0/0,0/0,0,0,0,0
2025-03-27,2024021151,SEA,home,8478916,Joey Daccord,35,G,True,W,60:00,37,36,1,0.972973,30/31,6/6,0/0,36/37,1,0,0,0
2025-03-27,2024021151,EDM,away,8475717,Calvin Pickard,30,G,True,L,40:00,29,24,5,0.827586,20/24,1/2,3/3,24/29,4,1,0,0
2025-03-27,2024021151,EDM,away,8480885,Olivier Rodrigue,35,G,False,,20:00,8,7,1,0.875,5/6,2/2,0/0,7/8,1,0,0,0
2025-03-27,2024021152,SJS,home,8484312,Georgi Romanov,31,G,False,,00:00,0,0,0,,0/0,0/0,0/0,0/0,0,0,0,0
2025-03-27,2024021152,SJS,home,8480382,Alexandar Georgiev,40,G,True,W,65:00,35,30,5,0.857143,28/31,2/4,0/0,30/35,3,2,0,0
2025-03-27,2024021152,TOR,away,8476932,Anthony Stolarz,41,G,False,,00:00,0,0,0,,0/0,0/0,0/0,0/0,0,0,0,0
2025-03-27,2024021152,TOR,away,8479361,Joseph Woll,60,G,True,O,62:23,35,30,5,0.857143,28/31,2/3,0/1,30/35,3,1,1,0
2025-03-28,2024021153,FLA,home,8477970,Vitek Vanecek,41,G,False,,00:00,0,0,0,,0/0,0/0,0/0,0/0,0,0,0,0
2025-03-28,2024021153,FLA,home,8475683,Sergei Bobrovsky,72,G,True,W,63:58,15,14,1,0.933333,12/13,2/2,0/0,14/15,1,0,0,0
2025-03-28,2024021153,UTA,away,8480191,Matt Villalta,31,G,False,,00:00,0,0,0,,0/0,0/0,0/0,0/0,0,0,0,0
2025-03-28,2024021153,UTA,away,8478872,Karel Vejmelka,70,G,True,O,64:18,32,30,2,0.9375,25/26,4/5,1/1,30/32,1,1,0,0
2025-03-28,2024021154,CAR,home,8475883,Frederik Andersen,31,G,True,W,60:00,15,14,1,0.933333,14/15,0/0,0/0,14/15,1,0,0,0
2025-03-28,2024021154,CAR,home,8481611,Pyotr Kochetkov,52,G,False,,00:00,0,0,0,,0/0,0/0,0/0,0/0,0,0,0,0
2025-03-28,2024021154,MTL,away,8478470,Samuel Montembeault,35,G,True,L,58:49,23,21,3,0.913043,15/16,6/7,0/0,21/23,2,1,0,0
2025-03-28,2024021154,MTL,away,8482487,Jakub Dobes,75,G,False,,00:00,0,0,0,,0/0,0/0,0/0,0/0,0,0,0,0
2025-03-28,2024021155,CBJ,home,8480193,Daniil Tarasov,40,G,False,,00:00,0,0,0,,0/0,0/0,0/0,0/0,0,0,0,0
2025-03-28,2024021155,CBJ,home,8478007,Elvis Merzlikins,90,G,True,W,65:00,37,31,6,0.837838,29/32,1/3,1/2,31/37,3,2,1,0
2025-03-28,2024021155,VAN,away,8480947,Kevin Lankinen,32,G,True,O,65:00,38,32,6,0.842105,27/32,5/6,0/0,32/38,5,1,0,0
2025-03-28,2024021155,VAN,away,8477967,Thatcher Demko,35,G,False,,00:00,0,0,0,,0/0,0/0,0/0,0/0,0,0,0,0
2025-03-28,2024021156,WPG,home,8477480,Eric Comrie,1,G,False,,00:00,0,0,0,,0/0,0/0,0/0,0/0,0,0,0,0
2025-03-28,2024021156,WPG,home,8476945,Connor Hellebuyck,37,G,True,W,60:00,24,24,0,1.0,20/20,4/4,0/0,24/24,0,0,0,0
2025-03-28,2024021156,NJD,away,8474593,Jacob Markstrom,25,G,False,,00:00,0,0,0,,0/0,0/0,0/0,0/0,0,0,0,0
2025-03-28,2024021156,NJD,away,8474596,Jake Allen,34,G,True,L,59:50,19,15,4,0.789474,14/17,1/2,0/0,15/19,3,1,0,0
2025-03-28,2024021157,CHI,home,8481519,Spencer Knight,30,G,True,L,58:15,21,17,4,0.809524,16/19,1/2,0/0,17/21,3,1,0,0
2025-03-28,2024021157,CHI,home,8482821,Arvid Soderblom,40,G,False,,00:00,0,0,0,,0/0,0/0,0/0,0/0,0,0,0,0
2025-03-28,2024021157,VGK,away,8478499,Adin Hill,33,G,True,W,60:00,21,18,3,0.857143,18/21,0/0,0/0,18/21,3,0,0,0
2025-03-28,2024021157,VGK,away,8478492,Ilya Samsonov,35,G,False,,00:00,0,0,0,,0/0,0/0,0/0,0/0,0,0,0,0
2025-03-28,2024021158,ANA,home,8480843,Lukas Dostal,1,G,True,W,60:59,30,26,4,0.866667,19/22,6/7,1/1,26/30,3,1,0,0
2025-03-28,2024021158,ANA,home,8476434,John Gibson,36,G,False,,00:00,0,0,0,,0/0,0/0,0/0,0/0,0,0,0,0
2025-03-28,2024021158,NYR,away,8478048,Igor Shesterkin,31,G,True,O,60:59,33,28,5,0.848485,21/25,6/6,1/2,28/33,4,0,1,0
2025-03-28,2024021158,NYR,away,8471734,Jonathan Quick,32,G,False,,00:00,0,0,0,,0/0,0/0,0/0,0/0,0,0,0,0
2025-03-29,2024021159,PHI,home,8481035,Samuel Ersson,33,G,True,W,60:00,21,17,4,0.809524,14/16,1/2,2/3,17/21,2,1,1,0
2025-03-29,2024021159,PHI,home,8478905,Ivan Fedotov,82,G,False,,00:00,0,0,0,,0/0,0/0,0/0,0/0,0,0,0,0
2025-03-29,2024021159,BUF,away,8480045,Ukko-Pekka Luukkonen,1,G,True,L,60:00,32,25,7,0.78125,24/29,1/3,0/0,25/32,5,2,0,0
2025-03-29,2024021159,BUF,away,8473503,James Reimer,47,G,False,,00:00,0,0,0,,0/0,0/0,0/0,0/0,0,0,0,0
2025-03-29,2024021160,TBL,home,8477992,Jonas Johansson,31,G,True,W,59:43,38,35,3,0.921053,28/30,7/8,0/0,35/38,2,1,0,0
2025-03-29,2024021160,TBL,home,8476883,Andrei Vasilevskiy,88,G,False,,00:00,0,0,0,,0/0,0/0,0/0,0/0,0,0,0,0
2025-03-29,2024021160,NYI,away,8478009,Ilya Sorokin,30,G,True,L,57:57,23,19,4,0.826087,19/23,0/0,0/0,19/23,4,0,0,0
2025-03-29,2024021160,NYI,away,8477405,Marcus Hogberg,50,G,False,,00:00,0,0,0,,0/0,0/0,0/0,0/0,0,0,0,0
2025-03-29,2024021161,COL,home,8478406,Mackenzie Blackwood,39,G,True,L,58:13,27,25,2,0.925926,21/22,4/5,0/0,25/27,1,1,0,0
2025-03-29,2024021161,COL,home,8475809,Scott Wedgewood,41,G,False,,00:00,0,0,0,,0/0,0/0,0/0,0/0,0,0,0,0
2025-03-29,2024021161,STL,away,8480981,Joel Hofer,30,G,False,,00:00,0,0,0,,0/0,0/0,0/0,0/0,0,0,0,0
2025-03-29,2024021161,STL,away,8476412,Jordan Binnington,50,G,True,W,60:00,29,28,1,0.965517,21/22,3/3,4/4,28/29,1,0,0,0
2025-03-29,2024021162,MIN,home,8470594,Marc-Andre Fleury,29,G,False,,00:00,0,0,0,,0/0,0/0,0/0,0/0,0,0,0,0
2025-03-29,2024021162,MIN,home,8479406,Filip Gustavsson,32,G,True,L,60:00,33,28,5,0.848485,26/30,2/3,0/0,28/33,4,1,0,0
2025-03-29,2024021162,NJD,away,8474593,Jacob Markstrom,25,G,True,W,59:58,24,22,2,0.916667,19/21,3/3,0/0,22/24,2,0,0,0
2025-03-29,2024021162,NJD,away,8474596,Jake Allen,34,G,False,,00:00,0,0,0,,0/0,0/0,0/0,0/0,0,0,0,0
2025-03-29,2024021163,NSH,home,8481020,Justus Annunen,29,G,True,L,58:41,28,26,2,0.928571,25/26,1/2,0/0,26/28,1,1,0,0
2025-03-29,2024021163,NSH,home,8477424,Juuse Saros,74,G,False,,00:00,0,0,0,,0/0,0/0,0/0,0/0,0,0,0,0
2025-03-29,2024021163,VGK,away,8478499,Adin Hill,33,G,True,W,60:00,24,23,1,0.958333,22/22,0/1,1/1,23/24,0,1,0,0
2025-03-29,2024021163,VGK,away,8478492,Ilya Samsonov,35,G,False,,00:00,0,0,0,,0/0,0/0,0/0,0/0,0,0,0,0
2025-03-29,2024021164,OTT,home,8476341,Anton Forsberg,31,G,False,,00:00,0,0,0,,0/0,0/0,0/0,0/0,0,0,0,0
2025-03-29,2024021164,OTT,home,8476999,Linus Ullmark,35,G,True,W,60:00,30,28,2,0.933333,24/26,3/3,1/1,28/30,2,0,0,0
2025-03-29,2024021164,CBJ,away,8480193,Daniil Tarasov,40,G,True,L,57:30,27,24,3,0.888889,19/22,5/5,0/0,24/27,3,0,0,0
2025-03-29,2024021164,CBJ,away,8478007,Elvis Merzlikins,90,G,False,,00:00,0,0,0,,0/0,0/0,0/0,0/0,0,0,0,0
2025-03-29,2024021165,LAK,home,8479496,David Rittich,31,G,False,,00:00,0,0,0,,0/0,0/0,0/0,0/0,0,0,0,0
2025-03-29,2024021165,LAK,home,8475311,Darcy Kuemper,35,G,True,L,57:40,25,23,2,0.92,16/16,4/5,3/4,23/25,0,1,1,2
2025-03-29,2024021165,TOR,away,8476932,Anthony Stolarz,41,G,True,W,60:00,36,35,1,0.972222,28/29,5/5,2/2,35/36,1,0,0,0
2025-03-29,2024021165,TOR,away,8479361,Joseph Woll,60,G,False,,00:00,0,0,0,,0/0,0/0,0/0,0/0,0,0,0,0
2025-03-29,2024021166,DET,home,8479312,Alex Lyon,34,G,False,,00:00,0,0,0,,0/0,0/0,0/0,0/0,0,0,0,0
2025-03-29,2024021166,DET,home,8475660,Cam Talbot,39,G,True,W,60:00,21,20,1,0.952381,19/19,0/1,1/1,20/21,0,1,0,0
2025-03-29,2024021166,BOS,away,8480280,Jeremy Swayman,1,G,True,L,57:54,22,20,2,0.909091,18/19,2/3,0/0,20/22,1,1,0,0
2025-03-29,2024021166,BOS,away,8476914,Joonas Korpisalo,70,G,False,,00:00,0,0,0,,0/0,0/0,0/0,0/0,0,0,0,0
2025-03-29,2024021167,EDM,home,8475717,Calvin Pickard,30,G,True,W,62:25,28,26,2,0.928571,23/25,3/3,0/0,26/28,2,0,0,0
2025-03-29,2024021167,EDM,home,8480885,Olivier Rodrigue,35,G,False,,00:00,0,0,0,,0/0,0/0,0/0,0/0,0,0,0,0
2025-03-29,2024021167,CGY,away,8481692,Dustin Wolf,32,G,True,O,62:25,29,26,3,0.896552,25/28,1/1,0/0,26/29,3,0,0,0
2025-03-29,2024021167,CGY,away,8478435,Dan Vladar,80,G,False,,00:00,0,0,0,,0/0,0/0,0/0,0/0,0,0,0,0
2025-03-29,2024021168,SJS,home,8484312,Georgi Romanov,31,G,False,,00:00,0,0,0,,0/0,0/0,0/0,0/0,0,0,0,0
2025-03-29,2024021168,SJS,home,8480382,Alexandar Georgiev,40,G,True,L,60:00,33,27,6,0.818182,22/27,3/3,2/3,27/33,5,0,1,0
2025-03-29,2024021168,NYR,away,8478048,Igor Shesterkin,31,G,False,,00:00,0,0,0,,0/0,0/0,0/0,0/0,0,0,0,0
2025-03-29,2024021168,NYR,away,8471734,Jonathan Quick,32,G,True,W,60:00,22,21,1,0.954545,20/20,1/2,0/0,21/22,0,1,0,0
2025-03-29,2024021169,SEA,home,8475831,Philipp Grubauer,31,G,False,,00:00,0,0,0,,0/0,0/0,0/0,0/0,0,0,0,0
2025-03-29,2024021169,SEA,home,8478916,Joey Daccord,35,G,True,L,59:31,20,16,4,0.8,10/12,2/4,4/4,16/20,2,2,0,0
2025-03-29,2024021169,DAL,away,8479193,Casey DeSmith,1,G,False,,00:00,0,0,0,,0/0,0/0,0/0,0/0,0,0,0,0
2025-03-29,2024021169,DAL,away,8479979,Jake Oettinger,29,G,True,W,60:00,36,35,1,0.972222,29/30,3/3,3/3,35/36,1,0,0,0
2025-03-30,2024021170,FLA,home,8477970,Vitek Vanecek,41,G,False,,00:00,0,0,0,,0/0,0/0,0/0,0/0,0,0,0,0
2025-03-30,2024021170,FLA,home,8475683,Sergei Bobrovsky,72,G,True,L,59:17,22,19,3,0.863636,18/19,0/2,1/1,19/22,1,2,0,0
2025-03-30,2024021170,MTL,away,8478470,Samuel Montembeault,35,G,True,W,60:00,26,24,2,0.923077,22/24,2/2,0/0,24/26,2,0,0,0
2025-03-30,2024021170,MTL,away,8482487,Jakub Dobes,75,G,False,,00:00,0,0,0,,0/0,0/0,0/0,0/0,0,0,0,0
2025-03-30,2024021171,WSH,home,8480313,Logan Thompson,48,G,True,L,58:22,22,15,7,0.681818,10/15,4/6,1/1,15/22,5,2,0,0
2025-03-30,2024021171,WSH,home,8479292,Charlie Lindgren,79,G,False,,00:00,0,0,0,,0/0,0/0,0/0,0/0,0,0,0,0
2025-03-30,2024021171,BUF,away,8480045,Ukko-Pekka Luukkonen,1,G,False,,00:00,0,0,0,,0/0,0/0,0/0,0/0,0,0,0,0
2025-03-30,2024021171,BUF,away,8473503,James Reimer,47,G,True,W,59:49,29,24,5,0.827586,21/24,2/3,1/2,24/29,3,1,1,0
2025-03-30,2024021172,WPG,home,8477480,Eric Comrie,1,G,False,,00:00,0,0,0,,0/0,0/0,0/0,0/0,0,0,0,0
2025-03-30,2024021172,WPG,home,8476945,Connor Hellebuyck,37,G,True,W,59:31,24,23,1,0.958333,20/21,3/3,0/0,23/24,1,0,0,0
2025-03-30,2024021172,VAN,away,8480947,Kevin Lankinen,32,G,False,,00:00,0,0,0,,0/0,0/0,0/0,0/0,0,0,0,0
2025-03-30,2024021172,VAN,away,8477967,Thatcher Demko,35,G,True,L,56:40,27,24,3,0.888889,17/20,7/7,0/0,24/27,3,0,0,0
2025-03-30,2024021173,CHI,home,8481519,Spencer Knight,30,G,False,,00:00,0,0,0,,0/0,0/0,0/0,0/0,0,0,0,0
2025-03-30,2024021173,CHI,home,8482821,Arvid Soderblom,40,G,True,L,59:33,31,26,5,0.83871,25/30,1/1,0/0,26/31,5,0,0,0
2025-03-30,2024021173,UTA,away,8480191,Matt Villalta,31,G,False,,00:00,0,0,0,,0/0,0/0,0/0,0/0,0,0,0,0
2025-03-30,2024021173,UTA,away,8478872,Karel Vejmelka,70,G,True,W,60:00,29,27,2,0.931034,23/25,4/4,0/0,27/29,2,0,0,0
2025-03-30,2024021174,PIT,home,8477465,Tristan Jarry,35,G,True,W,61:14,31,31,0,1.0,30/30,1/1,0/0,31/31,0,0,0,0
2025-03-30,2024021174,PIT,home,8477968,Alex Nedeljkovic,39,G,False,,00:00,0,0,0,,0/0,0/0,0/0,0/0,0,0,0,0
2025-03-30,2024021174,OTT,away,8476341,Anton Forsberg,31,G,True,O,61:16,35,34,1,0.971429,32/32,2/3,0/0,34/35,0,1,0,0
2025-03-30,2024021174,OTT,away,8476999,Linus Ullmark,35,G,False,,00:00,0,0,0,,0/0,0/0,0/0,0/0,0,0,0,0
2025-03-30,2024021175,CAR,home,8475883,Frederik Andersen,31,G,False,,00:00,0,0,0,,0/0,0/0,0/0,0/0,0,0,0,0
2025-03-30,2024021175,CAR,home,8481611,Pyotr Kochetkov,52,G,True,W,60:00,31,27,4,0.870968,16/19,11/12,0/0,27/31,3,1,0,0
2025-03-30,2024021175,NYI,away,8478009,Ilya Sorokin,30,G,False,,00:00,0,0,0,,0/0,0/0,0/0,0/0,0,0,0,0
2025-03-30,2024021175,NYI,away,8477405,Marcus Hogberg,50,G,True,L,58:09,30,24,6,0.8,17/21,6/7,1/2,24/30,4,1,1,0
2025-03-30,2024021176,ANA,home,8480843,Lukas Dostal,1,G,True,L,57:42,23,20,3,0.869565,17/20,3/3,0/0,20/23,3,0,0,0
2025-03-30,2024021176,ANA,home,8476434,John Gibson,36,G,False,,00:00,0,0,0,,0/0,0/0,0/0,0/0,0,0,0,0
2025-03-30,2024021176,TOR,away,8476932,Anthony Stolarz,41,G,False,,00:00,0,0,0,,0/0,0/0,0/0,0/0,0,0,0,0
2025-03-30,2024021176,TOR,away,8479361,Joseph Woll,60,G,True,W,59:53,31,29,2,0.935484,23/24,6/7,0/0,29/31,1,1,0,0
2025-03-30,2024021177,LAK,home,8479496,David Rittich,31,G,True,W,60:00,23,22,1,0.956522,21/22,0/0,1/1,22/23,1,0,0,0
2025-03-30,2024021177,LAK,home,8475311,Darcy Kuemper,35,G,False,,00:00,0,0,0,,0/0,0/0,0/0,0/0,0,0,0,0
2025-03-30,2024021177,SJS,away,8484312,Georgi Romanov,31,G,True,L,60:00,36,28,8,0.777778,16/22,12/14,0/0,28/36,6,2,0,0
2025-03-30,2024021177,SJS,away,8480382,Alexandar Georgiev,40,G,False,,00:00,0,0,0,,0/0,0/0,0/0,0/0,0,0,0,0
2025-03-31,2024021178,NJD,home,8474593,Jacob Markstrom,25,G,True,W,65:00,30,28,2,0.933333,26/28,2/2,0/0,28/30,2,0,0,0
2025-03-31,2024021178,NJD,home,8474596,Jake Allen,34,G,False,,00:00,0,0,0,,0/0,0/0,0/0,0/0,0,0,0,0
2025-03-31,2024021178,MIN,away,8470594,Marc-Andre Fleury,29,G,False,,00:00,0,0,0,,0/0,0/0,0/0,0/0,0,0,0,0
2025-03-31,2024021178,MIN,away,8479406,Filip Gustavsson,32,G,True,O,65:00,28,26,2,0.928571,24/26,1/1,1/1,26/28,2,0,0,0
2025-03-31,2024021179,PHI,home,8481035,Samuel Ersson,33,G,False,,00:00,0,0,0,,0/0,0/0,0/0,0/0,0,0,0,0
2025-03-31,2024021179,PHI,home,8478905,Ivan Fedotov,82,G,True,W,60:00,29,28,1,0.965517,25/26,3/3,0/0,28/29,1,0,0,0
2025-03-31,2024021179,NSH,away,8481020,Justus Annunen,29,G,True,L,58:22,18,16,2,0.888889,14/16,2/2,0/0,16/18,2,0,0,0
2025-03-31,2024021179,NSH,away,8477424,Juuse Saros,74,G,False,,00:00,0,0,0,,0/0,0/0,0/0,0/0,0,0,0,0
2025-03-31,2024021180,COL,home,8478406,Mackenzie Blackwood,39,G,False,,00:00,0,0,0,,0/0,0/0,0/0,0/0,0,0,0,0
2025-03-31,2024021180,COL,home,8475809,Scott Wedgewood,41,G,True,O,64:37,27,25,2,0.925926,24/26,1/1,0/0,25/27,2,0,0,0
2025-03-31,2024021180,CGY,away,8481692,Dustin Wolf,32,G,False,,00:00,0,0,0,,0/0,0/0,0/0,0/0,0,0,0,0
2025-03-31,2024021180,CGY,away,8478435,Dan Vladar,80,G,True,W,65:00,30,28,2,0.933333,23/25,5/5,0/0,28/30,2,0,0,0
2025-03-31,2024021181,SEA,home,8475831,Philipp Grubauer,31,G,True,L,58:03,30,28,2,0.933333,24/26,4/4,0/0,28/30,2,0,0,0
2025-03-31,2024021181,SEA,home,8478916,Joey Daccord,35,G,False,,00:00,0,0,0,,0/0,0/0,0/0,0/0,0,0,0,0
2025-03-31,2024021181,DAL,away,8479193,Casey DeSmith,1,G,True,W,60:00,36,35,1,0.972222,32/33,2/2,1/1,35/36,1,0,0,0
2025-03-31,2024021181,DAL,away,8479979,Jake Oettinger,29,G,False,,00:00,0,0,0,,0/0,0/0,0/0,0/0,0,0,0,0
2025-04-01,2024021182,BOS,home,8480280,Jeremy Swayman,1,G,True,L,58:18,32,28,4,0.875,24/26,1/2,3/4,28/32,2,1,1,0
2025-04-01,2024021182,BOS,home,8476914,Joonas Korpisalo,70,G,False,,00:00,0,0,0,,0/0,0/0,0/0,0/0,0,0,0,0
2025-04-01,2024021182,WSH,away,8480313,Logan Thompson,48,G,False,,00:00,0,0,0,,0/0,0/0,0/0,0/0,0,0,0,0
2025-04-01,2024021182,WSH,away,8479292,Charlie Lindgren,79,G,True,W,60:00,24,21,3,0.875,19/21,2/3,0/0,21/24,2,1,0,0
2025-04-01,2024021183,MTL,home,8478470,Samuel Montembeault,35,G,True,W,59:25,27,25,2,0.925926,22/23,3/4,0/0,25/27,1,1,0,0
2025-04-01,2024021183,MTL,home,8482487,Jakub Dobes,75,G,False,,00:00,0,0,0,,0/0,0/0,0/0,0/0,0,0,0,0
2025-04-01,2024021183,FLA,away,8477970,Vitek Vanecek,41,G,True,O,60:10,21,18,3,0.857143,16/19,2/2,0/0,18/21,3,0,0,0
2025-04-01,2024021183,FLA,away,8475683,Sergei Bobrovsky,72,G,False,,00:00,0,0,0,,0/0,0/0,0/0,0/0,0,0,0,0
2025-04-01,2024021184,OTT,home,8476341,Anton Forsberg,31,G,False,,00:00,0,0,0,,0/0,0/0,0/0,0/0,0,0,0,0
2025-04-01,2024021184,OTT,home,8476999,Linus Ullmark,35,G,True,L,56:55,21,17,4,0.809524,16/20,1/1,0/0,17/21,4,0,0,0
2025-04-01,2024021184,BUF,away,8480045,Ukko-Pekka Luukkonen,1,G,False,,00:00,0,0,0,,0/0,0/0,0/0,0/0,0,0,0,0
2025-04-01,2024021184,BUF,away,8473503,James Reimer,47,G,True,W,60:00,35,33,2,0.942857,29/31,4/4,0/0,33/35,2,0,0,0
2025-04-01,2024021185,CBJ,home,8480193,Daniil Tarasov,40,G,False,,00:00,0,0,0,,0/0,0/0,0/0,0/0,0,0,0,0
2025-04-01,2024021185,CBJ,home,8478007,Elvis Merzlikins,90,G,True,W,59:38,28,24,4,0.857143,23/27,1/1,0/0,24/28,4,0,0,0
2025-04-01,2024021185,NSH,away,8481020,Justus Annunen,29,G,False,,20:00,11,10,1,0.909091,6/7,3/3,1/1,10/11,1,0,0,0
2025-04-01,2024021185,NSH,away,8477424,Juuse Saros,74,G,True,L,40:00,26,19,7,0.730769,16/21,3/5,0/0,19/26,5,2,0,0
2025-04-01,2024021186,NYI,home,8478009,Ilya Sorokin,30,G,True,L,59:34,23,20,3,0.869565,14/17,4/4,2/2,20/23,3,0,0,0
2025-04-01,2024021186,NYI,home,8477405,Marcus Hogberg,50,G,False,,00:00,0,0,0,,0/0,0/0,0/0,0/0,0,0,0,0
2025-04-01,2024021186,TBL,away,8477992,Jonas Johansson,31,G,False,,00:00,0,0,0,,0/0,0/0,0/0,0/0,0,0,0,0
2025-04-01,2024021186,TBL,away,8476883,Andrei Vasilevskiy,88,G,True,W,60:00,29,28,1,0.965517,25/25,1/1,2/3,28/29,0,0,1,0
2025-04-01,2024021187,STL,home,8480981,Joel Hofer,30,G,False,,00:00,0,0,0,,0/0,0/0,0/0,0/0,0,0,0,0
2025-04-01,2024021187,STL,home,8476412,Jordan Binnington,50,G,True,W,60:33,21,20,1,0.952381,14/15,6/6,0/0,20/21,1,0,0,0
2025-04-01,2024021187,DET,away,8479312,Alex Lyon,34,G,False,,00:00,0,0,0,,0/0,0/0,0/0,0/0,0,0,0,0
2025-04-01,2024021187,DET,away,8475660,Cam Talbot,39,G,True,O,63:15,37,35,2,0.945946,31/33,3/3,1/1,35/37,2,0,0,0
2025-04-01,2024021188,UTA,home,8480191,Matt Villalta,31,G,False,,00:00,0,0,0,,0/0,0/0,0/0,0/0,0,0,0,0
2025-04-01,2024021188,UTA,home,8478872,Karel Vejmelka,70,G,True,W,60:00,34,33,1,0.970588,28/29,3/3,2/2,33/34,1,0,0,0
2025-04-01,2024021188,CGY,away,8481692,Dustin Wolf,32,G,True,L,59:18,27,25,2,0.925926,22/24,1/1,2/2,25/27,2,0,0,0
2025-04-01,2024021188,CGY,away,8478435,Dan Vladar,80,G,False,,00:00,0,0,0,,0/0,0/0,0/0,0/0,0,0,0,0
2025-04-01,2024021189,VGK,home,8478499,Adin Hill,33,G,True,L,58:07,20,17,3,0.85,15/17,2/3,0/0,17/20,2,1,0,0
2025-04-01,2024021189,VGK,home,8481033,Akira Schmid,40,G,False,,00:00,0,0,0,,0/0,0/0,0/0,0/0,0,0,0,0
2025-04-01,2024021189,EDM,away,8475717,Calvin Pickard,30,G,True,W,59:10,22,20,2,0.909091,16/18,2/2,2/2,20/22,2,0,0,0
2025-04-01,2024021189,EDM,away,8480885,Olivier Rodrigue,35,G,False,,00:00,0,0,0,,0/0,0/0,0/0,0/0,0,0,0,0
2025-04-01,2024021190,ANA,home,8480843,Lukas Dostal,1,G,True,W,65:00,31,28,3,0.903226,25/28,3/3,0/0,28/31,3,0,0,0
2025-04-01,2024021190,ANA,home,8476434,John Gibson,36,G,False,,00:00,0,0,0,,0/0,0/0,0/0,0/0,0,0,0,0
2025-04-01,2024021190,SJS,away,8484312,Georgi Romanov,31,G,False,,00:00,0,0,0,,0/0,0/0,0/0,0/0,0,0,0,0
2025-04-01,2024021190,SJS,away,8480382,Alexandar Georgiev,40,G,True,O,64:42,37,34,3,0.918919,26/28,8/9,0/0,34/37,2,1,0,0
2025-04-01,2024021191,LAK,home,8479496,David Rittich,31,G,False,,00:00,0,0,0,,0/0,0/0,0/0,0/0,0,0,0,0
2025-04-01,2024021191,LAK,home,8475311,Darcy Kuemper,35,G,True,W,60:00,20,19,1,0.95,19/20,0/0,0/0,19/20,1,0,0,0
2025-04-01,2024021191,WPG,away,8477480,Eric Comrie,1,G,False,,00:00,0,0,0,,0/0,0/0,0/0,0/0,0,0,0,0
2025-04-01,2024021191,WPG,away,8476945,Connor Hellebuyck,37,G,True,L,58:57,19,16,3,0.842105,15/18,1/1,0/0,16/19,3,0,0,2
2025-04-02,2024021192,NYR,home,8478048,Igor Shesterkin,31,G,True,W,60:24,24,20,4,0.833333,17/19,1/2,2/3,20/24,2,1,1,0
2025-04-02,2024021192,NYR,home,8471734,Jonathan Quick,32,G,False,,00:00,0,0,0,,0/0,0/0,0/0,0/0,0,0,0,0
2025-04-02,2024021192,MIN,away,8470594,Marc-Andre Fleury,29,G,False,,00:00,0,0,0,,0/0,0/0,0/0,0/0,0,0,0,0
2025-04-02,2024021192,MIN,away,8479406,Filip Gustavsson,32,G,True,O,60:24,39,34,5,0.871795,29/34,5/5,0/0,34/39,5,0,0,0
2025-04-02,2024021193,CAR,home,8475883,Frederik Andersen,31,G,True,W,60:00,21,20,1,0.952381,14/14,2/3,4/4,20/21,0,1,0,0
2025-04-02,2024021193,CAR,home,8481611,Pyotr Kochetkov,52,G,False,,00:00,0,0,0,,0/0,0/0,0/0,0/0,0,0,0,0
2025-04-02,2024021193,WSH,away,8480313,Logan Thompson,48,G,True,L,20:00,12,9,3,0.75,6/7,1/3,2/2,9/12,1,2,0,0
2025-04-02,2024021193,WSH,away,8479292,Charlie Lindgren,79,G,False,,40:00,19,17,2,0.894737,9/10,7/8,1/1,17/19,1,1,0,0
2025-04-02,2024021194,TOR,home,8476932,Anthony Stolarz,41,G,True,W,60:00,31,29,2,0.935484,27/28,2/3,0/0,29/31,1,1,0,0
2025-04-02,2024021194,TOR,home,8479361,Joseph Woll,60,G,False,,00:00,0,0,0,,0/0,0/0,0/0,0/0,0,0,0,0
2025-04-02,2024021194,FLA,away,8477970,Vitek Vanecek,41,G,False,,00:00,0,0,0,,0/0,0/0,0/0,0/0,0,0,0,0
2025-04-02,2024021194,FLA,away,8475683,Sergei Bobrovsky,72,G,True,L,57:40,26,23,3,0.884615,22/25,1/1,0/0,23/26,3,0,0,0
2025-04-02,2024021195,CHI,home,8481519,Spencer Knight,30,G,True,O,64:42,31,29,2,0.935484,24/26,4/4,1/1,29/31,2,0,0,0
2025-04-02,2024021195,CHI,home,8482821,Arvid Soderblom,40,G,False,,00:00,0,0,0,,0/0,0/0,0/0,0/0,0,0,0,0
2025-04-02,2024021195,COL,away,8480867,Kevin Mandolese,31,G,False,,00:00,0,0,0,,0/0,0/0,0/0,0/0,0,0,0,0
2025-04-02,2024021195,COL,away,8475809,Scott Wedgewood,41,G,True,W,64:01,23,21,2,0.913043,17/18,2/2,2/3,21/23,1,0,1,0
2025-04-02,2024021196,VAN,home,8480947,Kevin Lankinen,32,G,False,,00:00,0,0,0,,0/0,0/0,0/0,0/0,0,0,0,0
2025-04-02,2024021196,VAN,home,8477967,Thatcher Demko,35,G,True,L,58:11,18,14,4,0.777778,10/14,3/3,1/1,14/18,4,0,0,0
2025-04-02,2024021196,SEA,away,8475831,Philipp Grubauer,31,G,False,,00:00,0,0,0,,0/0,0/0,0/0,0/0,0,0,0,0
2025-04-02,2024021196,SEA,away,8478916,Joey Daccord,35,G,True,W,60:00,24,24,0,1.0,19/19,4/4,1/1,24/24,0,0,0,0
2025-04-03,2024021197,MTL,home,8478470,Samuel Montembeault,35,G,True,W,60:00,19,18,1,0.947368,17/18,1/1,0/0,18/19,1,0,0,0
2025-04-03,2024021197,MTL,home,8482487,Jakub Dobes,75,G,False,,00:00,0,0,0,,0/0,0/0,0/0,0/0,0,0,0,0
2025-04-03,2024021197,BOS,away,8480280,Jeremy Swayman,1,G,True,L,59:00,31,28,3,0.903226,27/30,0/0,1/1,28/31,3,0,0,0
2025-04-03,2024021197,BOS,away,8476914,Joonas Korpisalo,70,G,False,,00:00,0,0,0,,0/0,0/0,0/0,0/0,0,0,0,0
2025-04-03,2024021198,OTT,home,8476341,Anton Forsberg,31,G,False,,00:00,0,0,0,,0/0,0/0,0/0,0/0,0,0,0,0
2025-04-03,2024021198,OTT,home,8476999,Linus Ullmark,35,G,True,W,60:00,32,31,1,0.96875,22/23,7/7,2/2,31/32,1,0,0,0
2025-04-03,2024021198,TBL,away,8477992,Jonas Johansson,31,G,False,,00:00,0,0,0,,0/0,0/0,0/0,0/0,0,0,0,0
2025-04-03,2024021198,TBL,away,8476883,Andrei Vasilevskiy,88,G,True,L,57:09,19,17,2,0.894737,14/15,3/4,0/0,17/19,1,1,0,0
2025-04-03,2024021199,CBJ,home,8480193,Daniil Tarasov,40,G,False,,14:11,4,4,0,1.0,4/4,0/0,0/0,4/4,0,0,0,0
2025-04-03,2024021199,CBJ,home,8478007,Elvis Merzlikins,90,G,True,L,45:49,28,21,7,0.75,19/25,2/3,0/0,21/28,6,1,0,0
2025-04-03,2024021199,COL,away,8478406,Mackenzie Blackwood,39,G,True,W,60:00,30,27,3,0.9,21/24,4/4,2/2,27/30,3,0,0,0
2025-04-03,2024021199,COL,away,8475809,Scott Wedgewood,41,G,False,,00:00,0,0,0,,0/0,0/0,0/0,0/0,0,0,0,0
2025-04-03,2024021200,STL,home,8480981,Joel Hofer,30,G,True,W,62:12,28,24,4,0.857143,23/26,1/2,0/0,24/28,3,1,0,0
2025-04-03,2024021200,STL,home,8476412,Jordan Binnington,50,G,False,,00:00,0,0,0,,0/0,0/0,0/0,0/0,0,0,0,0
2025-04-03,2024021200,PIT,away,8477465,Tristan Jarry,35,G,True,O,60:25,19,14,5,0.736842,12/16,2/3,0/0,14/19,4,1,0,0
2025-04-03,2024021200,PIT,away,8477968,Alex Nedeljkovic,39,G,False,,00:00,0,0,0,,0/0,0/0,0/0,0/0,0,0,0,0
2025-04-03,2024021201,DAL,home,8479193,Casey DeSmith,1,G,False,,00:00,0,0,0,,0/0,0/0,0/0,0/0,0,0,0,0
2025-04-03,2024021201,DAL,home,8479979,Jake Oettinger,29,G,True,W,59:49,29,28,1,0.965517,21/22,5/5,2/2,28/29,1,0,0,0
2025-04-03,2024021201,NSH,away,8481020,Justus Annunen,29,G,True,L,60:00,27,22,5,0.814815,20/25,2/2,0/0,22/27,5,0,0,0
2025-04-03,2024021201,NSH,away,8477424,Juuse Saros,74,G,False,,00:00,0,0,0,,0/0,0/0,0/0,0/0,0,0,0,0
2025-04-03,2024021202,UTA,home,8480191,Matt Villalta,31,G,False,,00:00,0,0,0,,0/0,0/0,0/0,0/0,0,0,0,0
2025-04-03,2024021202,UTA,home,8478872,Karel Vejmelka,70,G,True,L,59:46,19,16,3,0.842105,16/19,0/0,0/0,16/19,3,0,0,0
2025-04-03,2024021202,LAK,away,8479496,David Rittich,31,G,False,,00:00,0,0,0,,0/0,0/0,0/0,0/0,0,0,0,0
2025-04-03,2024021202,LAK,away,8475311,Darcy Kuemper,35,G,True,W,60:00,30,28,2,0.933333,24/25,4/5,0/0,28/30,1,1,0,0
2025-04-03,2024021203,CGY,home,8481692,Dustin Wolf,32,G,True,W,60:00,27,26,1,0.962963,24/25,1/1,1/1,26/27,1,0,0,0
2025-04-03,2024021203,CGY,home,8478435,Dan Vladar,80,G,False,,00:00,0,0,0,,0/0,0/0,0/0,0/0,0,0,0,0
2025-04-03,2024021203,ANA,away,8480843,Lukas Dostal,1,G,False,,20:00,8,7,1,0.875,7/7,0/1,0/0,7/8,0,1,0,0
2025-04-03,2024021203,ANA,away,8476434,John Gibson,36,G,True,L,39:41,26,23,3,0.884615,21/23,1/1,1/2,23/26,2,0,1,0
2025-04-03,2024021204,VGK,home,8478499,Adin Hill,33,G,True,L,40:00,19,16,3,0.842105,13/15,3/4,0/0,16/19,2,1,0,0
2025-04-03,2024021204,VGK,home,8481033,Akira Schmid,40,G,False,,15:24,2,2,0,1.0,2/2,0/0,0/0,2/2,0,0,0,0
2025-04-03,2024021204,WPG,away,8477480,Eric Comrie,1,G,True,W,60:00,26,26,0,1.0,23/23,1/1,2/2,26/26,0,0,0,0
2025-04-03,2024021204,WPG,away,8476945,Connor Hellebuyck,37,G,False,,00:00,0,0,0,,0/0,0/0,0/0,0/0,0,0,0,0
2025-04-03,2024021205,SJS,home,8484312,Georgi Romanov,31,G,True,L,57:15,38,35,3,0.921053,31/33,3/4,1/1,35/38,2,1,0,0
2025-04-03,2024021205,SJS,home,8484887,Gabriel Carriere,35,G,False,,00:00,0,0,0,,0/0,0/0,0/0,0/0,0,0,0,0
2025-04-03,2024021205,EDM,away,8475717,Calvin Pickard,30,G,True,W,59:08,29,27,2,0.931034,27/29,0/0,0/0,27/29,2,0,0,0
2025-04-03,2024021205,EDM,away,8480885,Olivier Rodrigue,35,G,False,,00:00,0,0,0,,0/0,0/0,0/0,0/0,0,0,0,0
2025-04-04,2024021206,DET,home,8479312,Alex Lyon,34,G,False,,00:00,0,0,0,,0/0,0/0,0/0,0/0,0,0,0,0
2025-04-04,2024021206,DET,home,8475660,Cam Talbot,39,G,True,W,59:29,33,30,3,0.909091,21/24,7/7,2/2,30/33,3,0,0,0
2025-04-04,2024021206,CAR,away,8475883,Frederik Andersen,31,G,False,,00:00,0,0,0,,0/0,0/0,0/0,0/0,0,0,0,0
2025-04-04,2024021206,CAR,away,8481611,Pyotr Kochetkov,52,G,True,L,57:53,20,16,4,0.8,16/20,0/0,0/0,16/20,4,0,0,0
2025-04-04,2024021207,WSH,home,8482411,Hunter Shepard,31,G,False,,00:00,0,0,0,,0/0,0/0,0/0,0/0,0,0,0,0
2025-04-04,2024021207,WSH,home,8479292,Charlie Lindgren,79,G,True,W,60:00,22,19,3,0.863636,19/22,0/0,0/0,19/22,3,0,0,0
2025-04-04,2024021207,CHI,away,8481519,Spencer Knight,30,G,True,L,59:37,28,25,4,0.892857,25/27,0/1,0/0,25/28,2,2,0,0
2025-04-04,2024021207,CHI,away,8482821,Arvid Soderblom,40,G,False,,00:00,0,0,0,,0/0,0/0,0/0,0/0,0,0,0,0
2025-04-04,2024021208,NYI,home,8478009,Ilya Sorokin,30,G,True,W,60:00,28,27,1,0.964286,23/24,4/4,0/0,27/28,1,0,0,0
2025-04-04,2024021208,NYI,home,8477405,Marcus Hogberg,50,G,False,,00:00,0,0,0,,0/0,0/0,0/0,0/0,0,0,0,0
2025-04-04,2024021208,MIN,away,8470594,Marc-Andre Fleury,29,G,False,,00:00,0,0,0,,0/0,0/0,0/0,0/0,0,0,0,0
2025-04-04,2024021208,MIN,away,8479406,Filip Gustavsson,32,G,True,L,57:02,27,24,3,0.888889,22/24,2/3,0/0,24/27,2,1,0,0
2025-04-05,2024021209,NJD,home,8474593,Jacob Markstrom,25,G,True,W,59:55,26,26,0,1.0,20/20,5/5,1/1,26/26,0,0,0,0
2025-04-05,2024021209,NJD,home,8474596,Jake Allen,34,G,False,,00:00,0,0,0,,0/0,0/0,0/0,0/0,0,0,0,0
2025-04-05,2024021209,NYR,away,8478048,Igor Shesterkin,31,G,True,L,58:56,15,12,3,0.8,11/12,0/1,1/2,12/15,1,1,1,0
2025-04-05,2024021209,NYR,away,8471734,Jonathan Quick,32,G,False,,00:00,0,0,0,,0/0,0/0,0/0,0/0,0,0,0,0
2025-04-05,2024021210,OTT,home,8476341,Anton Forsberg,31,G,True,W,60:00,39,39,0,1.0,34/34,4/4,1/1,39/39,0,0,0,0
2025-04-05,2024021210,OTT,home,8476999,Linus Ullmark,35,G,False,,00:00,0,0,0,,0/0,0/0,0/0,0/0,0,0,0,0
2025-04-05,2024021210,FLA,away,8477970,Vitek Vanecek,41,G,False,,00:00,0,0,0,,0/0,0/0,0/0,0/0,0,0,0,0
2025-04-05,2024021210,FLA,away,8475683,Sergei Bobrovsky,72,G,True,L,58:55,21,19,2,0.904762,12/13,7/8,0/0,19/21,1,1,0,0
2025-04-05,2024021211,DAL,home,8479193,Casey DeSmith,1,G,True,L,59:40,39,35,4,0.897436,26/29,9/10,0/0,35/39,3,1,0,0
2025-04-05,2024021211,DAL,home,8479979,Jake Oettinger,29,G,False,,00:00,0,0,0,,0/0,0/0,0/0,0/0,0,0,0,0
2025-04-05,2024021211,PIT,away,8477465,Tristan Jarry,35,G,True,W,60:00,24,21,3,0.875,18/20,2/3,1/1,21/24,2,1,0,0
2025-04-05,2024021211,PIT,away,8477968,Alex Nedeljkovic,39,G,False,,00:00,0,0,0,,0/0,0/0,0/0,0/0,0,0,0,0
2025-04-05,2024021212,VAN,home,8480947,Kevin Lankinen,32,G,False,,00:00,0,0,0,,0/0,0/0,0/0,0/0,0,0,0,0
2025-04-05,2024021212,VAN,home,8477967,Thatcher Demko,35,G,True,W,59:43,32,30,2,0.9375,28/30,2/2,0/0,30/32,2,0,0,0
2025-04-05,2024021212,ANA,away,8480843,Lukas Dostal,1,G,True,L,60:00,26,20,6,0.769231,18/22,1/3,1/1,20/26,4,2,0,0
2025-04-05,2024021212,ANA,away,8478024,Ville Husso,33,G,False,,00:00,0,0,0,,0/0,0/0,0/0,0/0,0,0,0,0
2025-04-05,2024021213,LAK,home,8479496,David Rittich,31,G,False,,00:00,0,0,0,,0/0,0/0,0/0,0/0,0,0,0,0
2025-04-05,2024021213,LAK,home,8475311,Darcy Kuemper,35,G,True,W,59:36,27,27,0,1.0,26/26,0/0,1/1,27/27,0,0,0,0
2025-04-05,2024021213,EDM,away,8475717,Calvin Pickard,30,G,True,L,59:38,28,26,2,0.928571,18/20,8/8,0/0,26/28,2,0,0,0
2025-04-05,2024021213,EDM,away,8480885,Olivier Rodrigue,35,G,False,,00:00,0,0,0,,0/0,0/0,0/0,0/0,0,0,0,0
2025-04-05,2024021214,BOS,home,8480280,Jeremy Swayman,1,G,True,W,59:40,40,39,1,0.975,36/37,2/2,1/1,39/40,1,0,0,0
2025-04-05,2024021214,BOS,home,8476914,Joonas Korpisalo,70,G,False,,00:00,0,0,0,,0/0,0/0,0/0,0/0,0,0,0,0
2025-04-05,2024021214,CAR,away,8475883,Frederik Andersen,31,G,True,L,60:00,27,22,5,0.814815,18/23,4/4,0/0,22/27,5,0,0,0
2025-04-05,2024021214,CAR,away,8481611,Pyotr Kochetkov,52,G,False,,00:00,0,0,0,,0/0,0/0,0/0,0/0,0,0,0,0
2025-04-05,2024021215,BUF,home,8480045,Ukko-Pekka Luukkonen,1,G,False,,00:00,0,0,0,,0/0,0/0,0/0,0/0,0,0,0,0
2025-04-05,2024021215,BUF,home,8473503,James Reimer,47,G,True,W,65:00,24,22,2,0.916667,18/20,3/3,1/1,22/24,2,0,0,0
2025-04-05,2024021215,TBL,away,8477992,Jonas Johansson,31,G,True,O,64:59,38,36,2,0.947368,28/29,6/7,2/2,36/38,1,1,0,0
2025-04-05,2024021215,TBL,away,8476883,Andrei Vasilevskiy,88,G,False,,00:00,0,0,0,,0/0,0/0,0/0,0/0,0,0,0,0
2025-04-05,2024021216,TOR,home,8476932,Anthony Stolarz,41,G,True,W,60:00,27,27,0,1.0,25/25,2/2,0/0,27/27,0,0,0,0
2025-04-05,2024021216,TOR,home,8479361,Joseph Woll,60,G,False,,00:00,0,0,0,,0/0,0/0,0/0,0/0,0,0,0,0
2025-04-05,2024021216,CBJ,away,8480193,Daniil Tarasov,40,G,False,,00:00,0,0,0,,0/0,0/0,0/0,0/0,0,0,0,0
2025-04-05,2024021216,CBJ,away,8478007,Elvis Merzlikins,90,G,True,L,60:00,27,22,5,0.814815,21/26,1/1,0/0,22/27,5,0,0,2
2025-04-05,2024021217,MTL,home,8478470,Samuel Montembeault,35,G,True,W,60:00,24,22,2,0.916667,18/19,4/5,0/0,22/24,1,1,0,0
2025-04-05,2024021217,MTL,home,8482487,Jakub Dobes,75,G,False,,00:00,0,0,0,,0/0,0/0,0/0,0/0,0,0,0,0
2025-04-05,2024021217,PHI,away,8481035,Samuel Ersson,33,G,True,L,56:38,26,23,3,0.884615,20/22,2/2,1/2,23/26,2,0,1,0
2025-04-05,2024021217,PHI,away,8478905,Ivan Fedotov,82,G,False,,00:00,0,0,0,,0/0,0/0,0/0,0/0,0,0,0,0
2025-04-05,2024021218,STL,home,8480981,Joel Hofer,30,G,False,,00:00,0,0,0,,0/0,0/0,0/0,0/0,0,0,0,0
2025-04-05,2024021218,STL,home,8476412,Jordan Binnington,50,G,True,W,60:00,39,35,4,0.897436,22/26,12/12,1/1,35/39,4,0,0,0
2025-04-05,2024021218,COL,away,8478406,Mackenzie Blackwood,39,G,True,L,57:22,21,17,4,0.809524,15/17,1/3,1/1,17/21,2,2,0,0
2025-04-05,2024021218,COL,away,8475809,Scott Wedgewood,41,G,False,,00:00,0,0,0,,0/0,0/0,0/0,0/0,0,0,0,0
2025-04-05,2024021219,UTA,home,8480191,Matt Villalta,31,G,False,,00:00,0,0,0,,0/0,0/0,0/0,0/0,0,0,0,0
2025-04-05,2024021219,UTA,home,8478872,Karel Vejmelka,70,G,True,W,60:00,33,32,1,0.969697,26/26,6/7,0/0,32/33,0,1,0,0
2025-04-05,2024021219,WPG,away,8477480,Eric Comrie,1,G,False,,00:00,0,0,0,,0/0,0/0,0/0,0/0,0,0,0,0
2025-04-05,2024021219,WPG,away,8476945,Connor Hellebuyck,37,G,True,L,58:35,27,24,3,0.888889,20/21,4/6,0/0,24/27,1,2,0,0
2025-04-05,2024021220,CGY,home,8481692,Dustin Wolf,32,G,True,O,64:31,34,31,3,0.911765,21/24,6/6,4/4,31/34,3,0,0,0
2025-04-05,2024021220,CGY,home,8478435,Dan Vladar,80,G,False,,00:00,0,0,0,,0/0,0/0,0/0,0/0,0,0,0,0
2025-04-05,2024021220,VGK,away,8478499,Adin Hill,33,G,False,,00:00,0,0,0,,0/0,0/0,0/0,0/0,0,0,0,0
2025-04-05,2024021220,VGK,away,8481033,Akira Schmid,40,G,True,W,64:31,23,21,2,0.913043,18/20,2/2,1/1,21/23,2,0,0,0
2025-04-05,2024021221,SJS,home,8484312,Georgi Romanov,31,G,False,,28:24,11,10,1,0.909091,4/5,6/6,0/0,10/11,1,0,0,0
2025-04-05,2024021221,SJS,home,8480382,Alexandar Georgiev,40,G,True,L,31:36,11,7,4,0.636364,7/11,0/0,0/0,7/11,4,0,0,0
2025-04-05,2024021221,SEA,away,8475831,Philipp Grubauer,31,G,False,,00:00,0,0,0,,0/0,0/0,0/0,0/0,0,0,0,0
2025-04-05,2024021221,SEA,away,8478916,Joey Daccord,35,G,True,W,60:00,24,23,1,0.958333,18/19,5/5,0/0,23/24,1,0,0,0
2025-04-06,2024021222,NYI,home,8478009,Ilya Sorokin,30,G,True,W,60:00,29,28,1,0.965517,27/27,1/2,0/0,28/29,0,1,0,0
2025-04-06,2024021222,NYI,home,8477405,Marcus Hogberg,50,G,False,,00:00,0,0,0,,0/0,0/0,0/0,0/0,0,0,0,0
2025-04-06,2024021222,WSH,away,8482411,Hunter Shepard,31,G,False,,00:00,0,0,0,,0/0,0/0,0/0,0/0,0,0,0,0
2025-04-06,2024021222,WSH,away,8479292,Charlie Lindgren,79,G,True,L,60:00,22,18,4,0.818182,15/19,3/3,0/0,18/22,4,0,0,0
2025-04-06,2024021223,MIN,home,8470594,Marc-Andre Fleury,29,G,False,,00:00,0,0,0,,0/0,0/0,0/0,0/0,0,0,0,0
2025-04-06,2024021223,MIN,home,8479406,Filip Gustavsson,32,G,True,W,60:58,25,23,2,0.92,12/14,8/8,3/3,23/25,2,0,0,0
2025-04-06,2024021223,DAL,away,8479193,Casey DeSmith,1,G,False,,00:00,0,0,0,,0/0,0/0,0/0,0/0,0,0,0,0
2025-04-06,2024021223,DAL,away,8479979,Jake Oettinger,29,G,True,O,60:58,41,38,3,0.926829,33/35,4/5,1/1,38/41,2,1,0,0
2025-04-06,2024021224,OTT,home,8476341,Anton Forsberg,31,G,False,,00:00,0,0,0,,0/0,0/0,0/0,0/0,0,0,0,0
2025-04-06,2024021224,OTT,home,8476999,Linus Ullmark,35,G,True,W,59:54,29,29,0,1.0,29/29,0/0,0/0,29/29,0,0,0,0
2025-04-06,2024021224,CBJ,away,8480193,Daniil Tarasov,40,G,True,L,04:26,6,4,2,0.666667,4/6,0/0,0/0,4/6,2,0,0,0
2025-04-06,2024021224,CBJ,away,8478007,Elvis Merzlikins,90,G,False,,53:05,23,22,1,0.956522,18/19,4/4,0/0,22/23,1,0,0,0
2025-04-06,2024021225,DET,home,8479312,Alex Lyon,34,G,False,,00:00,0,0,0,,0/0,0/0,0/0,0/0,0,0,0,0
2025-04-06,2024021225,DET,home,8475660,Cam Talbot,39,G,True,W,58:50,33,32,1,0.969697,31/32,0/0,1/1,32/33,1,0,0,0
2025-04-06,2024021225,FLA,away,8477970,Vitek Vanecek,41,G,True,L,57:37,24,22,2,0.916667,20/21,2/3,0/0,22/24,1,1,0,0
2025-04-06,2024021225,FLA,away,8475683,Sergei Bobrovsky,72,G,False,,00:00,0,0,0,,0/0,0/0,0/0,0/0,0,0,0,0
2025-04-06,2024021226,BUF,home,8480045,Ukko-Pekka Luukkonen,1,G,True,W,60:00,20,17,3,0.85,16/18,1/2,0/0,17/20,2,1,0,0
2025-04-06,2024021226,BUF,home,8473503,James Reimer,47,G,False,,00:00,0,0,0,,0/0,0/0,0/0,0/0,0,0,0,0
2025-04-06,2024021226,BOS,away,8480280,Jeremy Swayman,1,G,False,,00:00,0,0,0,,0/0,0/0,0/0,0/0,0,0,0,0
2025-04-06,2024021226,BOS,away,8476914,Joonas Korpisalo,70,G,True,L,57:42,36,31,5,0.861111,27/32,4/4,0/0,31/36,5,0,0,0
2025-04-06,2024021227,CHI,home,8481519,Spencer Knight,30,G,True,W,60:00,29,28,1,0.965517,25/25,3/4,0/0,28/29,0,1,0,0
2025-04-06,2024021227,CHI,home,8482821,Arvid Soderblom,40,G,False,,00:00,0,0,0,,0/0,0/0,0/0,0/0,0,0,0,0
2025-04-06,2024021227,PIT,away,8477465,Tristan Jarry,35,G,False,,00:00,0,0,0,,0/0,0/0,0/0,0/0,0,0,0,0
2025-04-06,2024021227,PIT,away,8477968,Alex Nedeljkovic,39,G,True,L,59:07,30,28,2,0.933333,24/25,4/4,0/1,28/30,1,0,1,0
2025-04-06,2024021228,NSH,home,8481020,Justus Annunen,29,G,False,,00:00,0,0,0,,0/0,0/0,0/0,0/0,0,0,0,0
2025-04-06,2024021228,NSH,home,8477424,Juuse Saros,74,G,True,L,57:30,17,15,2,0.882353,14/16,0/0,1/1,15/17,2,0,0,0
2025-04-06,2024021228,MTL,away,8478470,Samuel Montembeault,35,G,False,,00:00,0,0,0,,0/0,0/0,0/0,0/0,0,0,0,0
2025-04-06,2024021228,MTL,away,8482487,Jakub Dobes,75,G,True,W,60:00,37,36,1,0.972973,26/27,9/9,1/1,36/37,1,0,0,0
2025-04-06,2024021229,VAN,home,8480947,Kevin Lankinen,32,G,True,L,58:45,35,32,3,0.914286,28/31,4/4,0/0,32/35,3,0,0,0
2025-04-06,2024021229,VAN,home,8477967,Thatcher Demko,35,G,False,,00:00,0,0,0,,0/0,0/0,0/0,0/0,0,0,0,0
2025-04-06,2024021229,VGK,away,8478499,Adin Hill,33,G,True,W,60:00,21,19,2,0.904762,16/18,3/3,0/0,19/21,2,0,0,0
2025-04-06,2024021229,VGK,away,8481033,Akira Schmid,40,G,False,,00:00,0,0,0,,0/0,0/0,0/0,0/0,0,0,0,0
2025-04-07,2024021230,NYR,home,8478048,Igor Shesterkin,31,G,True,L,58:59,22,18,4,0.818182,16/17,2/5,0/0,18/22,1,3,0,0
2025-04-07,2024021230,NYR,home,8471734,Jonathan Quick,32,G,False,,00:00,0,0,0,,0/0,0/0,0/0,0/0,0,0,0,0
2025-04-07,2024021230,TBL,away,8477992,Jonas Johansson,31,G,False,,00:00,0,0,0,,0/0,0/0,0/0,0/0,0,0,0,0
2025-04-07,2024021230,TBL,away,8476883,Andrei Vasilevskiy,88,G,True,W,60:00,39,38,1,0.974359,27/27,9/10,2/2,38/39,0,1,0,0
2025-04-07,2024021231,WPG,home,8477480,Eric Comrie,1,G,False,,00:00,0,0,0,,0/0,0/0,0/0,0/0,0,0,0,0
2025-04-07,2024021231,WPG,home,8476945,Connor Hellebuyck,37,G,True,W,60:00,15,14,1,0.933333,14/15,0/0,0/0,14/15,1,0,0,0
2025-04-07,2024021231,STL,away,8480981,Joel Hofer,30,G,True,L,57:35,25,23,2,0.92,21/23,2/2,0/0,23/25,2,0,0,0
2025-04-07,2024021231,STL,away,8476412,Jordan Binnington,50,G,False,,00:00,0,0,0,,0/0,0/0,0/0,0/0,0,0,0,0
2025-04-07,2024021232,ANA,home,8480843,Lukas Dostal,1,G,True,W,60:00,47,45,2,0.957447,36/38,8/8,1/1,45/47,2,0,0,0
2025-04-07,2024021232,ANA,home,8478024,Ville Husso,33,G,False,,00:00,0,0,0,,0/0,0/0,0/0,0/0,0,0,0,0
2025-04-07,2024021232,EDM,away,8475717,Calvin Pickard,30,G,False,,00:00,0,0,0,,0/0,0/0,0/0,0/0,0,0,0,0
2025-04-07,2024021232,EDM,away,8480885,Olivier Rodrigue,35,G,True,L,57:25,21,18,3,0.857143,18/21,0/0,0/0,18/21,3,0,0,0
2025-04-07,2024021233,LAK,home,8479496,David Rittich,31,G,False,,00:00,0,0,0,,0/0,0/0,0/0,0/0,0,0,0,0
2025-04-07,2024021233,LAK,home,8475311,Darcy Kuemper,35,G,True,L,57:47,28,26,2,0.928571,22/24,3/3,1/1,26/28,2,0,0,0
2025-04-07,2024021233,SEA,away,8475831,Philipp Grubauer,31,G,False,,00:00,0,0,0,,0/0,0/0,0/0,0/0,0,0,0,0
2025-04-07,2024021233,SEA,away,8478916,Joey Daccord,35,G,True,W,60:00,29,28,1,0.965517,24/25,4/4,0/0,28/29,1,0,0,0
2025-04-07,2024021234,SJS,home,8484312,Georgi Romanov,31,G,True,L,56:17,32,29,3,0.90625,29/31,0/1,0/0,29/32,2,1,0,0
2025-04-07,2024021234,SJS,home,8480382,Alexandar Georgiev,40,G,False,,00:00,0,0,0,,0/0,0/0,0/0,0/0,0,0,0,0
2025-04-07,2024021234,CGY,away,8481692,Dustin Wolf,32,G,True,W,60:00,31,29,2,0.935484,28/29,1/2,0/0,29/31,1,1,0,0
2025-04-07,2024021234,CGY,away,8478435,Dan Vladar,80,G,False,,00:00,0,0,0,,0/0,0/0,0/0,0/0,0,0,0,0
2025-04-08,2024021235,BUF,home,8480045,Ukko-Pekka Luukkonen,1,G,False,,00:00,0,0,0,,0/0,0/0,0/0,0/0,0,0,0,0
2025-04-08,2024021235,BUF,home,8473503,James Reimer,47,G,True,W,60:00,33,33,0,1.0,30/30,2/2,1/1,33/33,0,0,0,0
2025-04-08,2024021235,CAR,away,8475883,Frederik Andersen,31,G,False,,00:00,0,0,0,,0/0,0/0,0/0,0/0,0,0,0,0
2025-04-08,2024021235,CAR,away,8481611,Pyotr Kochetkov,52,G,True,L,59:56,18,15,3,0.833333,13/15,1/1,1/2,15/18,2,0,1,2
2025-04-08,2024021236,MTL,home,8478470,Samuel Montembeault,35,G,True,W,60:00,36,35,1,0.972222,32/33,3/3,0/0,35/36,1,0,0,0
2025-04-08,2024021236,MTL,home,8482487,Jakub Dobes,75,G,False,,00:00,0,0,0,,0/0,0/0,0/0,0/0,0,0,0,0
2025-04-08,2024021236,DET,away,8479312,Alex Lyon,34,G,False,,00:00,0,0,0,,0/0,0/0,0/0,0/0,0,0,0,0
2025-04-08,2024021236,DET,away,8475660,Cam Talbot,39,G,True,L,58:13,19,17,2,0.894737,15/17,2/2,0/0,17/19,2,0,0,0
2025-04-08,2024021237,FLA,home,8477970,Vitek Vanecek,41,G,False,,00:00,0,0,0,,0/0,0/0,0/0,0/0,0,0,0,0
2025-04-08,2024021237,FLA,home,8475683,Sergei Bobrovsky,72,G,True,W,60:00,18,17,1,0.944444,15/16,1/1,1/1,17/18,1,0,0,2
2025-04-08,2024021237,TOR,away,8476932,Anthony Stolarz,41,G,False,,00:00,0,0,0,,0/0,0/0,0/0,0/0,0,0,0,0
2025-04-08,2024021237,TOR,away,8479361,Joseph Woll,60,G,True,L,58:23,36,34,2,0.944444,30/32,1/1,3/3,34/36,2,0,0,0
2025-04-08,2024021238,NJD,home,8474593,Jacob Markstrom,25,G,True,L,50:21,23,16,7,0.695652,14/21,1/1,1/1,16/23,7,0,0,0
2025-04-08,2024021238,NJD,home,8474596,Jake Allen,34,G,False,,09:10,2,2,0,1.0,2/2,0/0,0/0,2/2,0,0,0,0
2025-04-08,2024021238,BOS,away,8480280,Jeremy Swayman,1,G,True,W,60:00,21,19,2,0.904762,15/17,4/4,0/0,19/21,2,0,0,0
2025-04-08,2024021238,BOS,away,8476914,Joonas Korpisalo,70,G,False,,00:00,0,0,0,,0/0,0/0,0/0,0/0,0,0,0,0
2025-04-08,2024021239,CBJ,home,8480193,Daniil Tarasov,40,G,False,,00:00,0,0,0,,0/0,0/0,0/0,0/0,0,0,0,0
2025-04-08,2024021239,CBJ,home,8478007,Elvis Merzlikins,90,G,True,W,59:39,35,33,2,0.942857,22/23,11/12,0/0,33/35,1,1,0,0
2025-04-08,2024021239,OTT,away,8476341,Anton Forsberg,31,G,True,L,59:59,35,30,5,0.857143,25/29,3/4,2/2,30/35,4,1,0,0
2025-04-08,2024021239,OTT,away,8476999,Linus Ullmark,35,G,False,,00:00,0,0,0,,0/0,0/0,0/0,0/0,0,0,0,0
2025-04-08,2024021240,PIT,home,8477465,Tristan Jarry,35,G,True,W,60:00,26,26,0,1.0,22/22,4/4,0/0,26/26,0,0,0,0
2025-04-08,2024021240,PIT,home,8477968,Alex Nedeljkovic,39,G,False,,00:00,0,0,0,,0/0,0/0,0/0,0/0,0,0,0,0
2025-04-08,2024021240,CHI,away,8481519,Spencer Knight,30,G,True,L,60:00,27,22,5,0.814815,18/22,3/4,1/1,22/27,4,1,0,0
2025-04-08,2024021240,CHI,away,8482821,Arvid Soderblom,40,G,False,,00:00,0,0,0,,0/0,0/0,0/0,0/0,0,0,0,0
2025-04-08,2024021241,NSH,home,8481020,Justus Annunen,29,G,True,W,59:54,22,16,6,0.727273,16/21,0/0,0/1,16/22,5,0,1,0
2025-04-08,2024021241,NSH,home,8477424,Juuse Saros,74,G,False,,00:00,0,0,0,,0/0,0/0,0/0,0/0,0,0,0,0
2025-04-08,2024021241,NYI,away,8478009,Ilya Sorokin,30,G,True,,40:00,23,19,4,0.826087,19/22,0/1,0/0,19/23,3,1,0,0
2025-04-08,2024021241,NYI,away,8477405,Marcus Hogberg,50,G,False,O,21:56,9,6,3,0.666667,5/7,1/2,0/0,6/9,2,1,0,0
2025-04-08,2024021242,DAL,home,8479193,Casey DeSmith,1,G,True,O,63:44,32,26,6,0.8125,22/26,4/6,0/0,26/32,4,2,0,0
2025-04-08,2024021242,DAL,home,8479979,Jake Oettinger,29,G,False,,00:00,0,0,0,,0/0,0/0,0/0,0/0,0,0,0,0
2025-04-08,2024021242,VAN,away,8480947,Kevin Lankinen,32,G,False,,00:00,0,0,0,,0/0,0/0,0/0,0/0,0,0,0,0
2025-04-08,2024021242,VAN,away,8477967,Thatcher Demko,35,G,True,W,62:43,27,23,4,0.851852,20/21,3/6,0/0,23/27,1,3,0,0
2025-04-08,2024021243,UTA,home,8480191,Matt Villalta,31,G,False,,00:00,0,0,0,,0/0,0/0,0/0,0/0,0,0,0,0
2025-04-08,2024021243,UTA,home,8478872,Karel Vejmelka,70,G,True,W,59:43,19,18,1,0.947368,17/17,1/2,0/0,18/19,0,1,0,0
2025-04-08,2024021243,SEA,away,8484910,Victor Ostman,1,G,False,,20:00,12,12,0,1.0,12/12,0/0,0/0,12/12,0,0,0,0
2025-04-08,2024021243,SEA,away,8478916,Joey Daccord,35,G,True,L,39:37,29,22,7,0.758621,13/17,8/11,1/1,22/29,4,3,0,0
2025-04-08,2024021244,COL,home,8478406,Mackenzie Blackwood,39,G,False,,00:00,0,0,0,,0/0,0/0,0/0,0/0,0,0,0,0
2025-04-08,2024021244,COL,home,8475809,Scott Wedgewood,41,G,True,W,64:47,21,19,2,0.904762,14/15,4/4,1/2,19/21,1,0,1,0
2025-04-08,2024021244,VGK,away,8478499,Adin Hill,33,G,False,,00:00,0,0,0,,0/0,0/0,0/0,0/0,0,0,0,0
2025-04-08,2024021244,VGK,away,8481033,Akira Schmid,40,G,True,O,64:46,36,34,2,0.944444,31/32,3/4,0/0,34/36,1,1,0,0
2025-04-09,2024021245,TBL,home,8477992,Jonas Johansson,31,G,False,,00:00,0,0,0,,0/0,0/0,0/0,0/0,0,0,0,0
2025-04-09,2024021245,TBL,home,8476883,Andrei Vasilevskiy,88,G,True,O,62:56,31,27,4,0.870968,23/26,4/5,0/0,27/31,3,1,0,0
2025-04-09,2024021245,TOR,away,8476932,Anthony Stolarz,41,G,True,W,62:56,28,25,3,0.892857,21/22,4/6,0/0,25/28,1,2,0,0
2025-04-09,2024021245,TOR,away,8479361,Joseph Woll,60,G,False,,00:00,0,0,0,,0/0,0/0,0/0,0/0,0,0,0,0
2025-04-09,2024021246,NYR,home,8478048,Igor Shesterkin,31,G,False,,00:00,0,0,0,,0/0,0/0,0/0,0/0,0,0,0,0
2025-04-09,2024021246,NYR,home,8471734,Jonathan Quick,32,G,True,L,58:02,28,22,6,0.785714,19/24,1/1,2/3,22/28,5,0,1,0
2025-04-09,2024021246,PHI,away,8481035,Samuel Ersson,33,G,False,,00:00,0,0,0,,0/0,0/0,0/0,0/0,0,0,0,0
2025-04-09,2024021246,PHI,away,8482783,Aleksei Kolosov,35,G,True,W,60:00,29,24,5,0.827586,23/27,1/1,0/1,24/29,4,0,1,0
2025-04-09,2024021247,MIN,home,8470594,Marc-Andre Fleury,29,G,True,W,61:01,31,24,7,0.774194,23/30,0/0,1/1,24/31,7,0,0,0
2025-04-09,2024021247,MIN,home,8479406,Filip Gustavsson,32,G,False,,00:00,0,0,0,,0/0,0/0,0/0,0/0,0,0,0,0
2025-04-09,2024021247,SJS,away,8484312,Georgi Romanov,31,G,False,,00:00,0,0,0,,0/0,0/0,0/0,0/0,0,0,0,0
2025-04-09,2024021247,SJS,away,8480382,Alexandar Georgiev,40,G,True,O,59:40,44,36,8,0.818182,27/32,9/12,0/0,36/44,5,3,0,0
2025-04-09,2024021248,EDM,home,8475717,Calvin Pickard,30,G,True,W,59:14,26,23,3,0.884615,20/22,3/3,0/1,23/26,2,0,1,0
2025-04-09,2024021248,EDM,home,8480885,Olivier Rodrigue,35,G,False,,00:00,0,0,0,,0/0,0/0,0/0,0/0,0,0,0,0
2025-04-09,2024021248,STL,away,8480981,Joel Hofer,30,G,False,,00:00,0,0,0,,0/0,0/0,0/0,0/0,0,0,0,0
2025-04-09,2024021248,STL,away,8476412,Jordan Binnington,50,G,True,L,59:05,23,19,4,0.826087,18/22,1/1,0/0,19/23,4,0,0,4
2025-04-09,2024021249,ANA,home,8480843,Lukas Dostal,1,G,False,,00:00,0,0,0,,0/0,0/0,0/0,0/0,0,0,0,0
2025-04-09,2024021249,ANA,home,8478024,Ville Husso,33,G,True,W,61:11,39,36,3,0.923077,28/31,8/8,0/0,36/39,3,0,0,0
2025-04-09,2024021249,CGY,away,8481692,Dustin Wolf,32,G,True,O,61:11,23,19,4,0.826087,15/19,1/1,3/3,19/23,4,0,0,0
2025-04-09,2024021249,CGY,away,8478435,Dan Vladar,80,G,False,,00:00,0,0,0,,0/0,0/0,0/0,0/0,0,0,0,0
2025-04-10,2024021250,BOS,home,8480280,Jeremy Swayman,1,G,True,L,57:06,20,16,4,0.8,14/18,1/1,1/1,16/20,4,0,0,0
2025-04-10,2024021250,BOS,home,8476914,Joonas Korpisalo,70,G,False,,00:00,0,0,0,,0/0,0/0,0/0,0/0,0,0,0,0
2025-04-10,2024021250,CHI,away,8481519,Spencer Knight,30,G,False,,00:00,0,0,0,,0/0,0/0,0/0,0/0,0,0,0,0
2025-04-10,2024021250,CHI,away,8482821,Arvid Soderblom,40,G,True,W,60:00,33,31,2,0.939394,28/30,3/3,0/0,31/33,2,0,0,0
2025-04-10,2024021251,FLA,home,8477970,Vitek Vanecek,41,G,False,,00:00,0,0,0,,0/0,0/0,0/0,0/0,0,0,0,0
2025-04-10,2024021251,FLA,home,8475683,Sergei Bobrovsky,72,G,True,W,60:00,23,22,1,0.956522,19/20,2/2,1/1,22/23,1,0,0,0
2025-04-10,2024021251,DET,away,8475660,Cam Talbot,39,G,True,L,60:00,31,27,4,0.870968,25/28,2/3,0/0,27/31,3,1,0,0
2025-04-10,2024021251,DET,away,8475852,Petr Mrazek,43,G,False,,00:00,0,0,0,,0/0,0/0,0/0,0/0,0,0,0,0
2025-04-10,2024021253,CBJ,home,8480193,Daniil Tarasov,40,G,False,,00:00,0,0,0,,0/0,0/0,0/0,0/0,0,0,0,0
2025-04-10,2024021253,CBJ,home,8482982,Jet Greaves,73,G,True,W,60:00,41,39,2,0.95122,36/38,3/3,0/0,39/41,2,0,0,0
2025-04-10,2024021253,BUF,away,8480045,Ukko-Pekka Luukkonen,1,G,False,,00:00,0,0,0,,0/0,0/0,0/0,0/0,0,0,0,0
2025-04-10,2024021253,BUF,away,8473503,James Reimer,47,G,True,L,58:08,30,27,3,0.9,24/26,2/3,1/1,27/30,2,1,0,0
2025-04-10,2024021252,WSH,home,8482411,Hunter Shepard,31,G,False,,00:00,0,0,0,,0/0,0/0,0/0,0/0,0,0,0,0
2025-04-10,2024021252,WSH,home,8479292,Charlie Lindgren,79,G,True,W,65:00,34,30,4,0.882353,24/28,5/5,1/1,30/34,4,0,0,0
2025-04-10,2024021252,CAR,away,8475883,Frederik Andersen,31,G,True,O,64:41,28,24,4,0.857143,23/25,1/3,0/0,24/28,2,2,0,0
2025-04-10,2024021252,CAR,away,8481611,Pyotr Kochetkov,52,G,False,,00:00,0,0,0,,0/0,0/0,0/0,0/0,0,0,0,0
2025-04-10,2024021254,NYI,home,8482668,Tristan Lennox,35,G,False,,04:43,2,1,1,0.5,1/2,0/0,0/0,1/2,1,0,0,0
2025-04-10,2024021254,NYI,home,8477405,Marcus Hogberg,50,G,True,L,55:17,30,22,8,0.733333,22/29,0/1,0/0,22/30,7,1,0,0
2025-04-10,2024021254,NYR,away,8478048,Igor Shesterkin,31,G,True,W,60:00,46,44,2,0.956522,44/45,0/1,0/0,44/46,1,1,0,0
2025-04-10,2024021254,NYR,away,8471734,Jonathan Quick,32,G,False,,00:00,0,0,0,,0/0,0/0,0/0,0/0,0,0,0,0
2025-04-10,2024021255,DAL,home,8479193,Casey DeSmith,1,G,False,,00:00,0,0,0,,0/0,0/0,0/0,0/0,0,0,0,0
2025-04-10,2024021255,DAL,home,8479979,Jake Oettinger,29,G,True,L,60:00,35,31,4,0.885714,26/30,3/3,2/2,31/35,4,0,0,0
2025-04-10,2024021255,WPG,away,8477480,Eric Comrie,1,G,False,,00:00,0,0,0,,0/0,0/0,0/0,0/0,0,0,0,0
2025-04-10,2024021255,WPG,away,8476945,Connor Hellebuyck,37,G,True,W,60:00,25,25,0,1.0,22/22,2/2,1/1,25/25,0,0,0,0
2025-04-10,2024021256,COL,home,8478406,Mackenzie Blackwood,39,G,True,L,58:06,29,26,3,0.896552,23/26,2/2,1/1,26/29,3,0,0,0
2025-04-10,2024021256,COL,home,8475809,Scott Wedgewood,41,G,False,,00:00,0,0,0,,0/0,0/0,0/0,0/0,0,0,0,0
2025-04-10,2024021256,VAN,away,8480947,Kevin Lankinen,32,G,True,W,60:00,32,31,1,0.96875,29/30,2/2,0/0,31/32,1,0,0,0
2025-04-10,2024021256,VAN,away,8477967,Thatcher Demko,35,G,False,,00:00,0,0,0,,0/0,0/0,0/0,0/0,0,0,0,0
2025-04-10,2024021257,UTA,home,8480191,Matt Villalta,31,G,False,,00:00,0,0,0,,0/0,0/0,0/0,0/0,0,0,0,0
2025-04-10,2024021257,UTA,home,8478872,Karel Vejmelka,70,G,True,O,65:00,31,28,3,0.903226,22/23,5/7,1/1,28/31,1,2,0,0
2025-04-10,2024021257,NSH,away,8481020,Justus Annunen,29,G,False,,00:00,0,0,0,,0/0,0/0,0/0,0/0,0,0,0,0
2025-04-10,2024021257,NSH,away,8477424,Juuse Saros,74,G,True,W,64:59,42,39,3,0.928571,37/40,2/2,0/0,39/42,3,0,0,0
2025-04-10,2024021258,VGK,home,8478499,Adin Hill,33,G,True,W,60:00,25,24,1,0.96,20/21,4/4,0/0,24/25,1,0,0,0
2025-04-10,2024021258,VGK,home,8481033,Akira Schmid,40,G,False,,00:00,0,0,0,,0/0,0/0,0/0,0/0,0,0,0,0
2025-04-10,2024021258,SEA,away,8475831,Philipp Grubauer,31,G,False,,00:00,0,0,0,,0/0,0/0,0/0,0/0,0,0,0,0
2025-04-10,2024021258,SEA,away,8478916,Joey Daccord,35,G,True,L,58:03,25,23,2,0.92,22/24,0/0,1/1,23/25,2,0,0,0
2025-04-10,2024021259,LAK,home,8479496,David Rittich,31,G,False,,00:00,0,0,0,,0/0,0/0,0/0,0/0,0,0,0,0
2025-04-10,2024021259,LAK,home,8475311,Darcy Kuemper,35,G,True,W,60:00,25,24,1,0.96,17/18,7/7,0/0,24/25,1,0,0,0
2025-04-10,2024021259,ANA,away,8480843,Lukas Dostal,1,G,True,L,59:14,29,23,6,0.793103,20/23,3/6,0/0,23/29,3,3,0,0
2025-04-10,2024021259,ANA,away,8478024,Ville Husso,33,G,False,,00:00,0,0,0,,0/0,0/0,0/0,0/0,0,0,0,0
2025-04-11,2024021260,OTT,home,8476341,Anton Forsberg,31,G,False,,00:00,0,0,0,,0/0,0/0,0/0,0/0,0,0,0,0
2025-04-11,2024021260,OTT,home,8476999,Linus Ullmark,35,G,True,W,59:32,22,20,2,0.909091,13/15,6/6,1/1,20/22,2,0,0,0
2025-04-11,2024021260,MTL,away,8478470,Samuel Montembeault,35,G,True,L,59:46,33,29,4,0.878788,22/26,6/6,1/1,29/33,4,0,0,0
2025-04-11,2024021260,MTL,away,8482487,Jakub Dobes,75,G,False,,00:00,0,0,0,,0/0,0/0,0/0,0/0,0,0,0,0
2025-04-11,2024021261,TBL,home,8477992,Jonas Johansson,31,G,False,,00:00,0,0,0,,0/0,0/0,0/0,0/0,0,0,0,0
2025-04-11,2024021261,TBL,home,8476883,Andrei Vasilevskiy,88,G,True,O,63:22,26,22,4,0.846154,21/25,1/1,0/0,22/26,4,0,0,0
2025-04-11,2024021261,DET,away,8479312,Alex Lyon,34,G,True,W,63:22,21,18,3,0.857143,17/20,0/0,1/1,18/21,3,0,0,0
2025-04-11,2024021261,DET,away,8475852,Petr Mrazek,43,G,False,,00:00,0,0,0,,0/0,0/0,0/0,0/0,0,0,0,0
2025-04-11,2024021262,NJD,home,8474593,Jacob Markstrom,25,G,False,,00:00,0,0,0,,0/0,0/0,0/0,0/0,0,0,0,0
2025-04-11,2024021262,NJD,home,8474596,Jake Allen,34,G,True,L,58:06,23,21,3,0.913043,14/14,7/9,0/0,21/23,1,2,0,0
2025-04-11,2024021262,PIT,away,8477465,Tristan Jarry,35,G,True,W,59:55,28,26,2,0.928571,22/24,4/4,0/0,26/28,2,0,0,0
2025-04-11,2024021262,PIT,away,8477968,Alex Nedeljkovic,39,G,False,,00:00,0,0,0,,0/0,0/0,0/0,0/0,0,0,0,0
2025-04-11,2024021263,EDM,home,8475717,Calvin Pickard,30,G,True,W,58:37,24,22,2,0.916667,20/22,1/1,1/1,22/24,2,0,0,0
2025-04-11,2024021263,EDM,home,8479973,Stuart Skinner,74,G,False,,00:00,0,0,0,,0/0,0/0,0/0,0/0,0,0,0,0
2025-04-11,2024021263,SJS,away,8484312,Georgi Romanov,31,G,True,L,58:32,33,30,3,0.909091,23/24,6/8,1/1,30/33,1,2,0,0
2025-04-11,2024021263,SJS,away,8480382,Alexandar Georgiev,40,G,False,,00:00,0,0,0,,0/0,0/0,0/0,0/0,0,0,0,0
2025-04-11,2024021264,CGY,home,8481692,Dustin Wolf,32,G,True,W,60:00,18,16,2,0.888889,14/16,2/2,0/0,16/18,2,0,0,0
2025-04-11,2024021264,CGY,home,8478435,Dan Vladar,80,G,False,,00:00,0,0,0,,0/0,0/0,0/0,0/0,0,0,0,0
2025-04-11,2024021264,MIN,away,8470594,Marc-Andre Fleury,29,G,False,,09:36,3,3,0,1.0,3/3,0/0,0/0,3/3,0,0,0,0
2025-04-11,2024021264,MIN,away,8479406,Filip Gustavsson,32,G,True,L,47:12,29,25,4,0.862069,23/26,2/3,0/0,25/29,3,1,0,0
2025-04-12,2024021265,PHI,home,8481035,Samuel Ersson,33,G,True,W,64:33,40,37,3,0.925,33/35,3/4,1/1,37/40,2,1,0,0
2025-04-12,2024021265,PHI,home,8482783,Aleksei Kolosov,35,G,False,,00:00,0,0,0,,0/0,0/0,0/0,0/0,0,0,0,0
2025-04-12,2024021265,NYI,away,8482668,Tristan Lennox,35,G,False,,00:00,0,0,0,,0/0,0/0,0/0,0/0,0,0,0,0
2025-04-12,2024021265,NYI,away,8477405,Marcus Hogberg,50,G,True,O,63:11,22,19,3,0.863636,17/19,1/2,1/1,19/22,2,1,0,0
2025-04-12,2024021270,CBJ,home,8480193,Daniil Tarasov,40,G,False,,00:00,0,0,0,,0/0,0/0,0/0,0/0,0,0,0,0
2025-04-12,2024021270,CBJ,home,8482982,Jet Greaves,73,G,True,W,60:00,22,22,0,1.0,20/20,2/2,0/0,22/22,0,0,0,0
2025-04-12,2024021270,WSH,away,8482411,Hunter Shepard,31,G,True,L,60:00,26,19,7,0.730769,17/24,2/2,0/0,19/26,7,0,0,0
2025-04-12,2024021270,WSH,away,8479292,Charlie Lindgren,79,G,False,,00:00,0,0,0,,0/0,0/0,0/0,0/0,0,0,0,0
2025-04-12,2024021266,CAR,home,8475883,Frederik Andersen,31,G,False,,00:00,0,0,0,,0/0,0/0,0/0,0/0,0,0,0,0
2025-04-12,2024021266,CAR,home,8481611,Pyotr Kochetkov,52,G,True,W,60:00,31,28,3,0.903226,25/27,3/4,0/0,28/31,2,1,0,0
2025-04-12,2024021266,NYR,away,8478048,Igor Shesterkin,31,G,True,L,58:23,26,21,5,0.807692,19/24,1/1,1/1,21/26,5,0,0,0
2025-04-12,2024021266,NYR,away,8471734,Jonathan Quick,32,G,False,,00:00,0,0,0,,0/0,0/0,0/0,0/0,0,0,0,0
2025-04-12,2024021267,LAK,home,8479496,David Rittich,31,G,False,,00:00,0,0,0,,0/0,0/0,0/0,0/0,0,0,0,0
2025-04-12,2024021267,LAK,home,8475311,Darcy Kuemper,35,G,True,W,59:58,26,22,4,0.846154,21/24,0/1,1/1,22/26,3,1,0,0
2025-04-12,2024021267,COL,away,8478406,Mackenzie Blackwood,39,G,True,L,57:55,33,28,5,0.848485,25/29,3/4,0/0,28/33,4,1,0,0
2025-04-12,2024021267,COL,away,8475809,Scott Wedgewood,41,G,False,,00:00,0,0,0,,0/0,0/0,0/0,0/0,0,0,0,0
2025-04-12,2024021268,FLA,home,8477970,Vitek Vanecek,41,G,True,W,65:00,28,26,2,0.928571,23/23,1/3,2/2,26/28,0,2,0,0
2025-04-12,2024021268,FLA,home,8475683,Sergei Bobrovsky,72,G,False,,00:00,0,0,0,,0/0,0/0,0/0,0/0,0,0,0,0
2025-04-12,2024021268,BUF,away,8480045,Ukko-Pekka Luukkonen,1,G,True,O,65:00,34,32,2,0.941176,25/27,6/6,1/1,32/34,2,0,0,0
2025-04-12,2024021268,BUF,away,8473503,James Reimer,47,G,False,,00:00,0,0,0,,0/0,0/0,0/0,0/0,0,0,0,0
2025-04-12,2024021269,TOR,home,8476932,Anthony Stolarz,41,G,True,W,60:29,15,15,0,1.0,12/12,2/2,1/1,15/15,0,0,0,0
2025-04-12,2024021269,TOR,home,8479361,Joseph Woll,60,G,False,,00:00,0,0,0,,0/0,0/0,0/0,0/0,0,0,0,0
2025-04-12,2024021269,MTL,away,8478470,Samuel Montembeault,35,G,False,,00:00,0,0,0,,0/0,0/0,0/0,0/0,0,0,0,0
2025-04-12,2024021269,MTL,away,8482487,Jakub Dobes,75,G,True,O,60:36,35,34,1,0.971429,21/22,12/12,1/1,34/35,1,0,0,0
2025-04-12,2024021271,CHI,home,8481519,Spencer Knight,30,G,True,O,64:50,42,38,4,0.904762,33/36,5/6,0/0,38/42,3,1,0,0
2025-04-12,2024021271,CHI,home,8482821,Arvid Soderblom,40,G,False,,00:00,0,0,0,,0/0,0/0,0/0,0/0,0,0,0,0
2025-04-12,2024021271,WPG,away,8477480,Eric Comrie,1,G,False,,00:00,0,0,0,,0/0,0/0,0/0,0/0,0,0,0,0
2025-04-12,2024021271,WPG,away,8476945,Connor Hellebuyck,37,G,True,W,64:57,32,28,4,0.875,23/25,4/5,1/2,28/32,2,1,1,0
2025-04-12,2024021272,DAL,home,8479193,Casey DeSmith,1,G,True,L,59:07,34,29,5,0.852941,25/26,3/7,1/1,29/34,1,4,0,0
2025-04-12,2024021272,DAL,home,8479979,Jake Oettinger,29,G,False,,00:00,0,0,0,,0/0,0/0,0/0,0/0,0,0,0,0
2025-04-12,2024021272,UTA,away,8480191,Matt Villalta,31,G,False,,00:00,0,0,0,,0/0,0/0,0/0,0/0,0,0,0,0
2025-04-12,2024021272,UTA,away,8478872,Karel Vejmelka,70,G,True,W,58:39,24,21,3,0.875,16/17,5/6,0/1,21/24,1,1,1,0
2025-04-12,2024021273,VAN,home,8480947,Kevin Lankinen,32,G,True,O,62:47,33,30,3,0.909091,28/31,2/2,0/0,30/33,3,0,0,0
2025-04-12,2024021273,VAN,home,8484268,Nikita Tolopilo,60,G,False,,00:00,0,0,0,,0/0,0/0,0/0,0/0,0,0,0,0
2025-04-12,2024021273,MIN,away,8470594,Marc-Andre Fleury,29,G,False,,00:00,0,0,0,,0/0,0/0,0/0,0/0,0,0,0,0
2025-04-12,2024021273,MIN,away,8479406,Filip Gustavsson,32,G,True,W,62:47,14,12,2,0.857143,10/11,1/2,1/1,12/14,1,1,0,0
2025-04-12,2024021274,VGK,home,8478499,Adin Hill,33,G,True,W,60:00,17,14,3,0.823529,13/16,0/0,1/1,14/17,3,0,0,0
2025-04-12,2024021274,VGK,home,8481033,Akira Schmid,40,G,False,,00:00,0,0,0,,0/0,0/0,0/0,0/0,0,0,0,0
2025-04-12,2024021274,NSH,away,8481020,Justus Annunen,29,G,True,L,58:41,28,24,4,0.857143,22/25,2/3,0/0,24/28,3,1,0,0
2025-04-12,2024021274,NSH,away,8477424,Juuse Saros,74,G,False,,00:00,0,0,0,,0/0,0/0,0/0,0/0,0,0,0,0
2025-04-12,2024021275,SEA,home,8475831,Philipp Grubauer,31,G,True,W,64:40,23,20,3,0.869565,17/20,2/2,1/1,20/23,3,0,0,0
2025-04-12,2024021275,SEA,home,8478916,Joey Daccord,35,G,False,,00:00,0,0,0,,0/0,0/0,0/0,0/0,0,0,0,0
2025-04-12,2024021275,STL,away,8480981,Joel Hofer,30,G,False,,00:00,0,0,0,,0/0,0/0,0/0,0/0,0,0,0,0
2025-04-12,2024021275,STL,away,8476412,Jordan Binnington,50,G,True,O,64:42,18,15,3,0.833333,13/16,2/2,0/0,15/18,3,0,0,0
2025-04-13,2024021276,OTT,home,8476341,Anton Forsberg,31,G,True,W,61:40,32,29,3,0.90625,25/28,4/4,0/0,29/32,3,0,0,0
2025-04-13,2024021276,OTT,home,8476999,Linus Ullmark,35,G,False,,00:00,0,0,0,,0/0,0/0,0/0,0/0,0,0,0,0
2025-04-13,2024021276,PHI,away,8481035,Samuel Ersson,33,G,False,,00:00,0,0,0,,0/0,0/0,0/0,0/0,0,0,0,0
2025-04-13,2024021276,PHI,away,8478905,Ivan Fedotov,82,G,True,O,61:40,25,21,4,0.84,20/23,0/1,1/1,21/25,3,1,0,0
2025-04-13,2024021277,NJD,home,8474593,Jacob Markstrom,25,G,True,L,59:33,23,22,1,0.956522,13/14,8/8,1/1,22/23,1,0,0,0
2025-04-13,2024021277,NJD,home,8474596,Jake Allen,34,G,False,,00:00,0,0,0,,0/0,0/0,0/0,0/0,0,0,0,0
2025-04-13,2024021277,NYI,away,8478009,Ilya Sorokin,30,G,True,W,60:00,25,25,0,1.0,22/22,2/2,1/1,25/25,0,0,0,0
2025-04-13,2024021277,NYI,away,8477405,Marcus Hogberg,50,G,False,,00:00,0,0,0,,0/0,0/0,0/0,0/0,0,0,0,0
2025-04-13,2024021278,PIT,home,8477465,Tristan Jarry,35,G,True,L,59:51,31,28,3,0.903226,24/26,4/5,0/0,28/31,2,1,0,0
2025-04-13,2024021278,PIT,home,8477968,Alex Nedeljkovic,39,G,False,,00:00,0,0,0,,0/0,0/0,0/0,0/0,0,0,0,0
2025-04-13,2024021278,BOS,away,8480280,Jeremy Swayman,1,G,False,,00:00,0,0,0,,0/0,0/0,0/0,0/0,0,0,0,0
2025-04-13,2024021278,BOS,away,8476914,Joonas Korpisalo,70,G,True,W,59:54,24,23,1,0.958333,21/21,1/2,1/1,23/24,0,1,0,0
2025-04-13,2024021279,CAR,home,8475883,Frederik Andersen,31,G,True,L,59:34,20,16,4,0.8,15/19,1/1,0/0,16/20,4,0,0,0
2025-04-13,2024021279,CAR,home,8481611,Pyotr Kochetkov,52,G,False,,00:00,0,0,0,,0/0,0/0,0/0,0/0,0,0,0,0
2025-04-13,2024021279,TOR,away,8476932,Anthony Stolarz,41,G,False,,00:00,0,0,0,,0/0,0/0,0/0,0/0,0,0,0,0
2025-04-13,2024021279,TOR,away,8479361,Joseph Woll,60,G,True,W,60:00,26,25,1,0.961538,19/19,5/6,1/1,25/26,0,1,0,0
2025-04-13,2024021280,TBL,home,8477992,Jonas Johansson,31,G,True,W,60:00,25,21,4,0.84,20/23,1/2,0/0,21/25,3,1,0,0
2025-04-13,2024021280,TBL,home,8476883,Andrei Vasilevskiy,88,G,False,,00:00,0,0,0,,0/0,0/0,0/0,0/0,0,0,0,0
2025-04-13,2024021280,BUF,away,8480045,Ukko-Pekka Luukkonen,1,G,False,,00:00,0,0,0,,0/0,0/0,0/0,0/0,0,0,0,0
2025-04-13,2024021280,BUF,away,8473503,James Reimer,47,G,True,L,60:00,31,24,7,0.774194,20/26,3/4,1/1,24/31,6,1,0,0
2025-04-13,2024021281,WSH,home,8482411,Hunter Shepard,31,G,False,,00:00,0,0,0,,0/0,0/0,0/0,0/0,0,0,0,0
2025-04-13,2024021281,WSH,home,8479292,Charlie Lindgren,79,G,True,L,60:00,23,19,4,0.826087,15/19,3/3,1/1,19/23,4,0,0,0
2025-04-13,2024021281,CBJ,away,8480193,Daniil Tarasov,40,G,False,,00:00,0,0,0,,0/0,0/0,0/0,0/0,0,0,0,0
2025-04-13,2024021281,CBJ,away,8482982,Jet Greaves,73,G,True,W,60:00,31,30,1,0.967742,26/27,2/2,2/2,30/31,1,0,0,0
2025-04-13,2024021282,WPG,home,8477480,Eric Comrie,1,G,True,L,59:05,38,35,3,0.921053,32/35,2/2,1/1,35/38,3,0,0,0
2025-04-13,2024021282,WPG,home,8476904,Chris Driedger,60,G,False,,00:00,0,0,0,,0/0,0/0,0/0,0/0,0,0,0,0
2025-04-13,2024021282,EDM,away,8475717,Calvin Pickard,30,G,False,,00:00,0,0,0,,0/0,0/0,0/0,0/0,0,0,0,0
2025-04-13,2024021282,EDM,away,8479973,Stuart Skinner,74,G,True,W,60:00,18,17,1,0.944444,13/13,4/5,0/0,17/18,0,1,0,0
2025-04-13,2024021283,CGY,home,8481692,Dustin Wolf,32,G,True,W,60:00,30,28,2,0.933333,21/23,7/7,0/0,28/30,2,0,0,0
2025-04-13,2024021283,CGY,home,8478435,Dan Vladar,80,G,False,,00:00,0,0,0,,0/0,0/0,0/0,0/0,0,0,0,0
2025-04-13,2024021283,SJS,away,8484312,Georgi Romanov,31,G,True,L,59:46,29,25,4,0.862069,21/25,3/3,1/1,25/29,4,0,0,0
2025-04-13,2024021283,SJS,away,8480382,Alexandar Georgiev,40,G,False,,00:00,0,0,0,,0/0,0/0,0/0,0/0,0,0,0,0
2025-04-13,2024021284,ANA,home,8480843,Lukas Dostal,1,G,True,L,59:38,24,21,3,0.875,15/17,5/6,1/1,21/24,2,1,0,0
2025-04-13,2024021284,ANA,home,8478024,Ville Husso,33,G,False,,00:00,0,0,0,,0/0,0/0,0/0,0/0,0,0,0,0
2025-04-13,2024021284,COL,away,8478406,Mackenzie Blackwood,39,G,False,,00:00,0,0,0,,0/0,0/0,0/0,0/0,0,0,0,0
2025-04-13,2024021284,COL,away,8475809,Scott Wedgewood,41,G,True,W,59:51,21,19,2,0.904762,17/19,2/2,0/0,19/21,2,0,0,0
2025-04-14,2024021285,MTL,home,8478470,Samuel Montembeault,35,G,True,O,64:46,25,22,3,0.88,17/18,2/4,3/3,22/25,1,2,0,0
2025-04-14,2024021285,MTL,home,8482487,Jakub Dobes,75,G,False,,00:00,0,0,0,,0/0,0/0,0/0,0/0,0,0,0,0
2025-04-14,2024021285,CHI,away,8481519,Spencer Knight,30,G,False,,00:00,0,0,0,,0/0,0/0,0/0,0/0,0,0,0,0
2025-04-14,2024021285,CHI,away,8482821,Arvid Soderblom,40,G,True,W,65:00,21,18,3,0.857143,12/14,4/5,2/2,18/21,2,1,0,0
2025-04-14,2024021286,DET,home,8475660,Cam Talbot,39,G,True,W,60:00,28,24,4,0.857143,19/22,4/4,1/2,24/28,3,0,1,0
2025-04-14,2024021286,DET,home,8475852,Petr Mrazek,43,G,False,,00:00,0,0,0,,0/0,0/0,0/0,0/0,0,0,0,0
2025-04-14,2024021286,DAL,away,8479193,Casey DeSmith,1,G,False,,00:00,0,0,0,,0/0,0/0,0/0,0/0,0,0,0,0
2025-04-14,2024021286,DAL,away,8479979,Jake Oettinger,29,G,True,L,59:25,36,31,5,0.861111,28/32,2/3,1/1,31/36,4,1,0,0
2025-04-14,2024021287,FLA,home,8477970,Vitek Vanecek,41,G,False,,00:00,0,0,0,,0/0,0/0,0/0,0/0,0,0,0,0
2025-04-14,2024021287,FLA,home,8475683,Sergei Bobrovsky,72,G,True,L,60:00,25,20,5,0.8,17/21,2/2,1/2,20/25,4,0,1,0
2025-04-14,2024021287,NYR,away,8478048,Igor Shesterkin,31,G,False,,00:00,0,0,0,,0/0,0/0,0/0,0/0,0,0,0,0
2025-04-14,2024021287,NYR,away,8471734,Jonathan Quick,32,G,True,W,60:00,30,27,3,0.9,27/29,0/1,0/0,27/30,2,1,0,0
2025-04-14,2024021288,NSH,home,8481020,Justus Annunen,29,G,False,,00:00,0,0,0,,0/0,0/0,0/0,0/0,0,0,0,0
2025-04-14,2024021288,NSH,home,8477424,Juuse Saros,74,G,True,L,59:46,35,29,6,0.828571,26/31,3/4,0/0,29/35,5,1,0,0
2025-04-14,2024021288,UTA,away,8480191,Matt Villalta,31,G,True,W,60:00,31,28,3,0.903226,21/23,7/8,0/0,28/31,2,1,0,0
2025-04-14,2024021288,UTA,away,8478872,Karel Vejmelka,70,G,False,,00:00,0,0,0,,0/0,0/0,0/0,0/0,0,0,0,0
2025-04-14,2024021289,EDM,home,8475717,Calvin Pickard,30,G,True,L,59:50,36,31,5,0.861111,19/22,10/12,2/2,31/36,3,2,0,0
2025-04-14,2024021289,EDM,home,8479973,Stuart Skinner,74,G,False,,00:00,0,0,0,,0/0,0/0,0/0,0/0,0,0,0,0
2025-04-14,2024021289,LAK,away,8479496,David Rittich,31,G,False,,11:47,5,5,0,1.0,5/5,0/0,0/0,5/5,0,0,0,0
2025-04-14,2024021289,LAK,away,8475311,Darcy Kuemper,35,G,True,W,48:13,16,16,0,1.0,8/8,7/7,1/1,16/16,0,0,0,2
2025-04-14,2024021290,VAN,home,8480947,Kevin Lankinen,32,G,False,,00:00,0,0,0,,0/0,0/0,0/0,0/0,0,0,0,0
2025-04-14,2024021290,VAN,home,8484268,Nikita Tolopilo,60,G,True,W,64:24,16,15,1,0.9375,13/13,1/2,1/1,15/16,0,1,0,0
2025-04-14,2024021290,SJS,away,8484312,Georgi Romanov,31,G,False,,00:00,0,0,0,,0/0,0/0,0/0,0/0,0,0,0,0
2025-04-14,2024021290,SJS,away,8480382,Alexandar Georgiev,40,G,True,O,64:35,37,35,2,0.945946,23/25,10/10,2/2,35/37,2,0,0,0
2025-04-15,2024021291,BOS,home,8480280,Jeremy Swayman,1,G,True,O,61:28,26,21,5,0.807692,17/20,4/6,0/0,21/26,3,2,0,0
2025-04-15,2024021291,BOS,home,8476914,Joonas Korpisalo,70,G,False,,00:00,0,0,0,,0/0,0/0,0/0,0/0,0,0,0,0
2025-04-15,2024021291,NJD,away,8474593,Jacob Markstrom,25,G,False,,00:00,0,0,0,,0/0,0/0,0/0,0/0,0,0,0,0
2025-04-15,2024021291,NJD,away,8474596,Jake Allen,34,G,True,W,61:30,24,20,4,0.833333,15/19,5/5,0/0,20/24,4,0,0,0
2025-04-15,2024021292,BUF,home,8480045,Ukko-Pekka Luukkonen,1,G,True,L,59:03,31,28,3,0.903226,25/28,3/3,0/0,28/31,3,0,0,0
2025-04-15,2024021292,BUF,home,8473503,James Reimer,47,G,False,,00:00,0,0,0,,0/0,0/0,0/0,0/0,0,0,0,0
2025-04-15,2024021292,TOR,away,8476932,Anthony Stolarz,41,G,True,W,60:00,35,35,0,1.0,30/30,5/5,0/0,35/35,0,0,0,0
2025-04-15,2024021292,TOR,away,8479361,Joseph Woll,60,G,False,,00:00,0,0,0,,0/0,0/0,0/0,0/0,0,0,0,0
2025-04-15,2024021293,OTT,home,8476341,Anton Forsberg,31,G,True,O,60:48,16,12,4,0.75,11/14,1/2,0/0,12/16,3,1,0,0
2025-04-15,2024021293,OTT,home,8476999,Linus Ullmark,35,G,False,,00:00,0,0,0,,0/0,0/0,0/0,0/0,0,0,0,0
2025-04-15,2024021293,CHI,away,8481519,Spencer Knight,30,G,True,W,60:48,37,34,3,0.918919,32/33,2/4,0/0,34/37,1,2,0,0
2025-04-15,2024021293,CHI,away,8482821,Arvid Soderblom,40,G,False,,00:00,0,0,0,,0/0,0/0,0/0,0/0,0,0,0,0
2025-04-15,2024021295,PHI,home,8481035,Samuel Ersson,33,G,True,L,59:34,34,31,3,0.911765,29/31,1/2,1/1,31/34,2,1,0,0
2025-04-15,2024021295,PHI,home,8478905,Ivan Fedotov,82,G,False,,00:00,0,0,0,,0/0,0/0,0/0,0/0,0,0,0,0
2025-04-15,2024021295,CBJ,away,8480193,Daniil Tarasov,40,G,False,,00:00,0,0,0,,0/0,0/0,0/0,0/0,0,0,0,0
2025-04-15,2024021295,CBJ,away,8482982,Jet Greaves,73,G,True,W,60:00,29,29,0,1.0,25/25,4/4,0/0,29/29,0,0,0,0
2025-04-15,2024021294,TBL,home,8477992,Jonas Johansson,31,G,False,,00:00,0,0,0,,0/0,0/0,0/0,0/0,0,0,0,0
2025-04-15,2024021294,TBL,home,8476883,Andrei Vasilevskiy,88,G,True,W,59:56,24,23,1,0.958333,19/20,2/2,2/2,23/24,1,0,0,0
2025-04-15,2024021294,FLA,away,8477970,Vitek Vanecek,41,G,True,L,60:00,31,26,5,0.83871,19/22,4/5,3/4,26/31,3,1,1,0
2025-04-15,2024021294,FLA,away,8475683,Sergei Bobrovsky,72,G,False,,00:00,0,0,0,,0/0,0/0,0/0,0/0,0,0,0,0
2025-04-15,2024021296,NYI,home,8478009,Ilya Sorokin,30,G,True,L,57:32,35,33,2,0.942857,23/24,6/7,4/4,33/35,1,1,0,0
2025-04-15,2024021296,NYI,home,8477405,Marcus Hogberg,50,G,False,,00:00,0,0,0,,0/0,0/0,0/0,0/0,0,0,0,0
2025-04-15,2024021296,WSH,away,8483532,Clay Stevenson,33,G,False,,00:00,0,0,0,,0/0,0/0,0/0,0/0,0,0,0,0
2025-04-15,2024021296,WSH,away,8479292,Charlie Lindgren,79,G,True,W,60:00,33,32,1,0.969697,26/27,4/4,2/2,32/33,1,0,0,0
2025-04-15,2024021297,STL,home,8480981,Joel Hofer,30,G,False,,00:00,0,0,0,,0/0,0/0,0/0,0/0,0,0,0,0
2025-04-15,2024021297,STL,home,8476412,Jordan Binnington,50,G,True,W,60:00,23,22,1,0.956522,16/16,6/7,0/0,22/23,0,1,0,0
2025-04-15,2024021297,UTA,away,8480191,Matt Villalta,31,G,False,,00:00,0,0,0,,0/0,0/0,0/0,0/0,0,0,0,0
2025-04-15,2024021297,UTA,away,8478872,Karel Vejmelka,70,G,True,L,60:00,29,23,6,0.793103,16/19,6/9,1/1,23/29,3,3,0,0
2025-04-15,2024021298,MIN,home,8470594,Marc-Andre Fleury,29,G,False,W,04:42,5,5,0,1.0,3/3,2/2,0/0,5/5,0,0,0,0
2025-04-15,2024021298,MIN,home,8479406,Filip Gustavsson,32,G,True,,58:44,24,22,2,0.916667,22/24,0/0,0/0,22/24,2,0,0,0
2025-04-15,2024021298,ANA,away,8480843,Lukas Dostal,1,G,True,O,64:42,40,37,3,0.925,32/35,5/5,0/0,37/40,3,0,0,0
2025-04-15,2024021298,ANA,away,8478024,Ville Husso,33,G,False,,00:00,0,0,0,,0/0,0/0,0/0,0/0,0,0,0,0
2025-04-15,2024021299,CGY,home,8481692,Dustin Wolf,32,G,True,W,65:00,42,38,4,0.904762,34/38,4/4,0/0,38/42,4,0,0,0
2025-04-15,2024021299,CGY,home,8478435,Dan Vladar,80,G,False,,00:00,0,0,0,,0/0,0/0,0/0,0/0,0,0,0,0
2025-04-15,2024021299,VGK,away,8478492,Ilya Samsonov,35,G,True,O,64:42,28,24,4,0.857143,24/26,0/2,0/0,24/28,2,2,0,0
2025-04-15,2024021299,VGK,away,8481033,Akira Schmid,40,G,False,,00:00,0,0,0,,0/0,0/0,0/0,0/0,0,0,0,0
2025-04-15,2024021300,SEA,home,8475831,Philipp Grubauer,31,G,False,,00:00,0,0,0,,0/0,0/0,0/0,0/0,0,0,0,0
2025-04-15,2024021300,SEA,home,8478916,Joey Daccord,35,G,True,L,56:37,24,18,6,0.75,15/20,2/3,1/1,18/24,5,1,0,0
2025-04-15,2024021300,LAK,away,8479496,David Rittich,31,G,True,W,59:41,34,29,5,0.852941,22/23,5/8,2/3,29/34,1,3,1,0
2025-04-15,2024021300,LAK,away,8475311,Darcy Kuemper,35,G,False,,00:00,0,0,0,,0/0,0/0,0/0,0/0,0,0,0,0
2025-04-16,2024021301,MTL,home,8478470,Samuel Montembeault,35,G,True,W,60:00,29,27,2,0.931034,22/24,5/5,0/0,27/29,2,0,0,0
2025-04-16,2024021301,MTL,home,8482487,Jakub Dobes,75,G,False,,00:00,0,0,0,,0/0,0/0,0/0,0/0,0,0,0,0
2025-04-16,2024021301,CAR,away,8475883,Frederik Andersen,31,G,False,,00:00,0,0,0,,0/0,0/0,0/0,0/0,0,0,0,0
2025-04-16,2024021301,CAR,away,8481611,Pyotr Kochetkov,52,G,True,L,59:44,21,18,3,0.857143,16/19,2/2,0/0,18/21,3,0,0,2
2025-04-16,2024021302,WPG,home,8477480,Eric Comrie,1,G,False,,00:00,0,0,0,,0/0,0/0,0/0,0/0,0,0,0,0
2025-04-16,2024021302,WPG,home,8476945,Connor Hellebuyck,37,G,True,W,60:43,31,30,1,0.967742,28/29,2/2,0/0,30/31,1,0,0,0
2025-04-16,2024021302,ANA,away,8480843,Lukas Dostal,1,G,False,,00:00,0,0,0,,0/0,0/0,0/0,0/0,0,0,0,0
2025-04-16,2024021302,ANA,away,8478024,Ville Husso,33,G,True,O,61:11,44,42,2,0.954545,40/42,2/2,0/0,42/44,2,0,0,0
2025-04-16,2024021303,NJD,home,8474596,Jake Allen,34,G,False,,00:00,0,0,0,,0/0,0/0,0/0,0/0,0,0,0,0
2025-04-16,2024021303,NJD,home,8482076,Nico Daws,50,G,True,L,58:10,26,22,4,0.846154,16/20,5/5,1/1,22/26,4,0,0,0
2025-04-16,2024021303,DET,away,8479312,Alex Lyon,34,G,True,W,60:00,30,28,2,0.933333,26/27,1/2,1/1,28/30,1,1,0,0
2025-04-16,2024021303,DET,away,8475852,Petr Mrazek,43,G,False,,00:00,0,0,0,,0/0,0/0,0/0,0/0,0,0,0,0
2025-04-16,2024021304,NSH,home,8481020,Justus Annunen,29,G,False,,00:00,0,0,0,,0/0,0/0,0/0,0/0,0,0,0,0
2025-04-16,2024021304,NSH,home,8477424,Juuse Saros,74,G,True,W,60:00,30,29,1,0.966667,24/25,5/5,0/0,29/30,1,0,0,0
2025-04-16,2024021304,DAL,away,8479193,Casey DeSmith,1,G,False,,20:00,12,12,0,1.0,8/8,3/3,1/1,12/12,0,0,0,0
2025-04-16,2024021304,DAL,away,8479979,Jake Oettinger,29,G,True,L,40:00,22,17,5,0.772727,16/20,0/1,1/1,17/22,4,1,0,0
2025-04-16,2024021305,VAN,home,8480947,Kevin Lankinen,32,G,True,,40:00,20,19,1,0.95,14/15,5/5,0/0,19/20,1,0,0,0
2025-04-16,2024021305,VAN,home,8484268,Nikita Tolopilo,60,G,False,L,19:15,10,8,2,0.8,4/6,3/3,1/1,8/10,2,0,0,0
2025-04-16,2024021305,VGK,away,8478492,Ilya Samsonov,35,G,False,,00:00,0,0,0,,0/0,0/0,0/0,0/0,0,0,0,0
2025-04-16,2024021305,VGK,away,8481033,Akira Schmid,40,G,True,W,60:00,17,16,1,0.941176,15/16,0/0,1/1,16/17,1,0,0,0
2025-04-16,2024021306,SJS,home,8484312,Georgi Romanov,31,G,False,,00:00,0,0,0,,0/0,0/0,0/0,0/0,0,0,0,0
2025-04-16,2024021306,SJS,home,8480382,Alexandar Georgiev,40,G,True,L,58:51,27,25,2,0.925926,21/23,4/4,0/0,25/27,2,0,0,0
2025-04-16,2024021306,EDM,away,8475717,Calvin Pickard,30,G,False,,00:00,0,0,0,,0/0,0/0,0/0,0/0,0,0,0,0
2025-04-16,2024021306,EDM,away,8479973,Stuart Skinner,74,G,True,W,59:14,18,18,0,1.0,17/17,1/1,0/0,18/18,0,0,0,0
2025-04-17,2024021307,BUF,home,8480045,Ukko-Pekka Luukkonen,1,G,False,,00:00,0,0,0,,0/0,0/0,0/0,0/0,0,0,0,0
2025-04-17,2024021307,BUF,home,8473503,James Reimer,47,G,True,W,60:00,24,20,4,0.833333,19/22,1/2,0/0,20/24,3,1,0,0
2025-04-17,2024021307,PHI,away,8481035,Samuel Ersson,33,G,False,,00:00,0,0,0,,0/0,0/0,0/0,0/0,0,0,0,0
2025-04-17,2024021307,PHI,away,8482783,Aleksei Kolosov,35,G,True,L,58:49,30,26,4,0.866667,25/28,0/0,1/2,26/30,3,0,1,0
2025-04-17,2024021308,TOR,home,8476932,Anthony Stolarz,41,G,False,,00:00,0,0,0,,0/0,0/0,0/0,0/0,0,0,0,0
2025-04-17,2024021308,TOR,home,8479361,Joseph Woll,60,G,True,W,59:18,34,31,3,0.911765,29/31,0/1,2/2,31/34,2,1,0,0
2025-04-17,2024021308,DET,away,8479312,Alex Lyon,34,G,False,,00:00,0,0,0,,0/0,0/0,0/0,0/0,0,0,0,0
2025-04-17,2024021308,DET,away,8475660,Cam Talbot,39,G,True,O,60:56,20,16,4,0.8,15/19,0/0,1/1,16/20,4,0,0,0
2025-04-17,2024021309,OTT,home,8476341,Anton Forsberg,31,G,False,,00:00,0,0,0,,0/0,0/0,0/0,0/0,0,0,0,0
2025-04-17,2024021309,OTT,home,8476999,Linus Ullmark,35,G,True,W,59:22,33,28,5,0.848485,22/26,6/7,0/0,28/33,4,1,0,0
2025-04-17,2024021309,CAR,away,8475883,Frederik Andersen,31,G,True,L,60:00,32,25,7,0.78125,19/23,6/9,0/0,25/32,4,3,0,0
2025-04-17,2024021309,CAR,away,8481611,Pyotr Kochetkov,52,G,False,,00:00,0,0,0,,0/0,0/0,0/0,0/0,0,0,0,0
2025-04-17,2024021310,NYR,home,8478048,Igor Shesterkin,31,G,True,W,60:00,27,27,0,1.0,27/27,0/0,0/0,27/27,0,0,0,0
2025-04-17,2024021310,NYR,home,8471734,Jonathan Quick,32,G,False,,00:00,0,0,0,,0/0,0/0,0/0,0/0,0,0,0,0
2025-04-17,2024021310,TBL,away,8477992,Jonas Johansson,31,G,True,L,59:33,22,18,4,0.818182,17/20,0/0,1/2,18/22,3,0,1,0
2025-04-17,2024021310,TBL,away,8476883,Andrei Vasilevskiy,88,G,False,,00:00,0,0,0,,0/0,0/0,0/0,0/0,0,0,0,0
2025-04-17,2024021311,PIT,home,8477465,Tristan Jarry,35,G,False,,00:00,0,0,0,,0/0,0/0,0/0,0/0,0,0,0,0
2025-04-17,2024021311,PIT,home,8477968,Alex Nedeljkovic,39,G,True,W,60:00,20,18,2,0.9,17/18,0/1,1/1,18/20,1,1,0,0
2025-04-17,2024021311,WSH,away,8483532,Clay Stevenson,33,G,True,L,60:00,38,33,5,0.868421,30/33,3/4,0/1,33/38,3,1,1,0
2025-04-17,2024021311,WSH,away,8479292,Charlie Lindgren,79,G,False,,00:00,0,0,0,,0/0,0/0,0/0,0/0,0,0,0,0
2025-04-17,2024021312,CBJ,home,8480193,Daniil Tarasov,40,G,False,,00:00,0,0,0,,0/0,0/0,0/0,0/0,0,0,0,0
2025-04-17,2024021312,CBJ,home,8482982,Jet Greaves,73,G,True,W,60:00,37,36,1,0.972973,34/35,2/2,0/0,36/37,1,0,0,0
2025-04-17,2024021312,NYI,away,8478009,Ilya Sorokin,30,G,False,,00:00,0,0,0,,0/0,0/0,0/0,0/0,0,0,0,0
2025-04-17,2024021312,NYI,away,8477405,Marcus Hogberg,50,G,True,L,60:00,26,20,6,0.769231,20/26,0/0,0/0,20/26,6,0,0,0
2025-04-17,2024020653,LAK,home,8479496,David Rittich,31,G,True,L,59:36,29,24,5,0.827586,23/28,1/1,0/0,24/29,5,0,0,0
2025-04-17,2024020653,LAK,home,8475311,Darcy Kuemper,35,G,False,,00:00,0,0,0,,0/0,0/0,0/0,0/0,0,0,0,0
2025-04-17,2024020653,CGY,away,8481692,Dustin Wolf,32,G,False,,00:00,0,0,0,,0/0,0/0,0/0,0/0,0,0,0,0
2025-04-17,2024020653,CGY,away,8478435,Dan Vladar,80,G,True,W,60:00,31,30,1,0.967742,25/25,5/6,0/0,30/31,0,1,0,0
2025-04-19,2024030151,WPG,home,8477480,Eric Comrie,1,G,False,,00:00,0,0,0,,0/0,0/0,0/0,0/0,0,0,0,0
2025-04-19,2024030151,WPG,home,8476945,Connor Hellebuyck,37,G,True,W,59:59,17,14,3,0.823529,14/15,0/2,0/0,14/17,1,2,0,0
2025-04-19,2024030151,STL,away,8480981,Joel Hofer,30,G,False,,00:00,0,0,0,,0/0,0/0,0/0,0/0,0,0,0,0
2025-04-19,2024030151,STL,away,8476412,Jordan Binnington,50,G,True,L,59:04,25,21,4,0.84,19/22,2/3,0/0,21/25,3,1,0,0
2025-04-19,2024030161,DAL,home,8479193,Casey DeSmith,1,G,False,,00:00,0,0,0,,0/0,0/0,0/0,0/0,0,0,0,0
2025-04-19,2024030161,DAL,home,8479979,Jake Oettinger,29,G,True,L,59:45,24,20,4,0.833333,15/18,5/6,0/0,20/24,3,1,0,0
2025-04-19,2024030161,COL,away,8478406,Mackenzie Blackwood,39,G,True,W,60:00,24,23,1,0.958333,13/13,9/10,1/1,23/24,0,1,0,0
2025-04-19,2024030161,COL,away,8475809,Scott Wedgewood,41,G,False,,00:00,0,0,0,,0/0,0/0,0/0,0/0,0,0,0,0
2025-04-20,2024030141,CAR,home,8475883,Frederik Andersen,31,G,True,W,60:00,24,23,1,0.958333,21/22,1/1,1/1,23/24,1,0,0,0
2025-04-20,2024030141,CAR,home,8481611,Pyotr Kochetkov,52,G,False,,00:00,0,0,0,,0/0,0/0,0/0,0/0,0,0,0,0
2025-04-20,2024030141,NJD,away,8474593,Jacob Markstrom,25,G,True,L,59:46,44,41,3,0.931818,30/32,8/9,3/3,41/44,2,1,0,0
2025-04-20,2024030141,NJD,away,8474596,Jake Allen,34,G,False,,00:00,0,0,0,,0/0,0/0,0/0,0/0,0,0,0,0
2025-04-20,2024030111,TOR,home,8476932,Anthony Stolarz,41,G,True,W,60:00,33,31,2,0.939394,28/30,3/3,0/0,31/33,2,0,0,0
2025-04-20,2024030111,TOR,home,8479361,Joseph Woll,60,G,False,,00:00,0,0,0,,0/0,0/0,0/0,0/0,0,0,0,0
2025-04-20,2024030111,OTT,away,8476341,Anton Forsberg,31,G,False,,00:00,0,0,0,,0/0,0/0,0/0,0/0,0,0,0,0
2025-04-20,2024030111,OTT,away,8476999,Linus Ullmark,35,G,True,L,59:54,24,18,6,0.75,10/13,8/11,0/0,18/24,3,3,0,0
2025-04-20,2024030171,VGK,home,8478499,Adin Hill,33,G,True,W,60:00,20,18,2,0.9,18/20,0/0,0/0,18/20,2,0,0,0
2025-04-20,2024030171,VGK,home,8481033,Akira Schmid,40,G,False,,00:00,0,0,0,,0/0,0/0,0/0,0/0,0,0,0,0
2025-04-20,2024030171,MIN,away,8470594,Marc-Andre Fleury,29,G,False,,00:00,0,0,0,,0/0,0/0,0/0,0/0,0,0,0,0
2025-04-20,2024030171,MIN,away,8479406,Filip Gustavsson,32,G,True,L,59:11,26,23,3,0.884615,22/24,0/1,1/1,23/26,2,1,0,0
2025-04-21,2024030131,WSH,home,8480313,Logan Thompson,48,G,True,W,62:26,35,33,2,0.942857,29/30,4/5,0/0,33/35,1,1,0,0
2025-04-21,2024030131,WSH,home,8479292,Charlie Lindgren,79,G,False,,00:00,0,0,0,,0/0,0/0,0/0,0/0,0,0,0,0
2025-04-21,2024030131,MTL,away,8478470,Samuel Montembeault,35,G,True,L,62:21,32,29,3,0.90625,27/29,2/3,0/0,29/32,2,1,0,0
2025-04-21,2024030131,MTL,away,8482487,Jakub Dobes,75,G,False,,00:00,0,0,0,,0/0,0/0,0/0,0/0,0,0,0,0
2025-04-21,2024030152,WPG,home,8477480,Eric Comrie,1,G,False,,00:00,0,0,0,,0/0,0/0,0/0,0/0,0,0,0,0
2025-04-21,2024030152,WPG,home,8476945,Connor Hellebuyck,37,G,True,W,59:54,22,21,1,0.954545,14/14,5/6,2/2,21/22,0,1,0,0
2025-04-21,2024030152,STL,away,8480981,Joel Hofer,30,G,False,,00:00,0,0,0,,0/0,0/0,0/0,0/0,0,0,0,0
2025-04-21,2024030152,STL,away,8476412,Jordan Binnington,50,G,True,L,57:13,22,20,2,0.909091,15/17,3/3,2/2,20/22,2,0,0,0
2025-04-21,2024030162,DAL,home,8479193,Casey DeSmith,1,G,False,,00:00,0,0,0,,0/0,0/0,0/0,0/0,0,0,0,0
2025-04-21,2024030162,DAL,home,8479979,Jake Oettinger,29,G,True,W,77:41,37,34,3,0.918919,29/31,4/5,1/1,34/37,2,1,0,0
2025-04-21,2024030162,COL,away,8478406,Mackenzie Blackwood,39,G,True,L,77:25,39,35,4,0.897436,30/33,5/6,0/0,35/39,3,1,0,0
2025-04-21,2024030162,COL,away,8475809,Scott Wedgewood,41,G,False,,00:00,0,0,0,,0/0,0/0,0/0,0/0,0,0,0,0
2025-04-21,2024030181,LAK,home,8479496,David Rittich,31,G,False,,00:00,0,0,0,,0/0,0/0,0/0,0/0,0,0,0,0
2025-04-21,2024030181,LAK,home,8475311,Darcy Kuemper,35,G,True,W,60:00,25,20,5,0.8,16/21,2/2,2/2,20/25,5,0,0,0
2025-04-21,2024030181,EDM,away,8475717,Calvin Pickard,30,G,False,,00:00,0,0,0,,0/0,0/0,0/0,0/0,0,0,0,0
2025-04-21,2024030181,EDM,away,8479973,Stuart Skinner,74,G,True,L,57:32,30,24,6,0.8,17/21,7/9,0/0,24/30,4,2,0,0
2025-04-22,2024030142,CAR,home,8475883,Frederik Andersen,31,G,True,W,59:33,26,25,1,0.961538,18/19,7/7,0/0,25/26,1,0,0,0
2025-04-22,2024030142,CAR,home,8481611,Pyotr Kochetkov,52,G,False,,00:00,0,0,0,,0/0,0/0,0/0,0/0,0,0,0,0
2025-04-22,2024030142,NJD,away,8474593,Jacob Markstrom,25,G,True,L,59:15,27,25,2,0.925926,24/25,1/1,0/1,25/27,1,0,1,0
2025-04-22,2024030142,NJD,away,8474596,Jake Allen,34,G,False,,00:00,0,0,0,,0/0,0/0,0/0,0/0,0,0,0,0
2025-04-22,2024030112,TOR,home,8476932,Anthony Stolarz,41,G,True,W,63:09,28,26,2,0.928571,18/19,8/9,0/0,26/28,1,1,0,2
2025-04-22,2024030112,TOR,home,8479361,Joseph Woll,60,G,False,,00:00,0,0,0,,0/0,0/0,0/0,0/0,0,0,0,0
2025-04-22,2024030112,OTT,away,8476341,Anton Forsberg,31,G,False,,00:00,0,0,0,,0/0,0/0,0/0,0/0,0,0,0,0
2025-04-22,2024030112,OTT,away,8476999,Linus Ullmark,35,G,True,L,63:09,21,18,3,0.857143,18/20,0/1,0/0,18/21,2,1,0,0
2025-04-22,2024030121,TBL,home,8477992,Jonas Johansson,31,G,False,,00:00,0,0,0,,0/0,0/0,0/0,0/0,0,0,0,0
2025-04-22,2024030121,TBL,home,8476883,Andrei Vasilevskiy,88,G,True,L,59:46,17,11,6,0.647059,11/14,0/3,0/0,11/17,3,3,0,0
2025-04-22,2024030121,FLA,away,8477970,Vitek Vanecek,41,G,False,,00:00,0,0,0,,0/0,0/0,0/0,0/0,0,0,0,0
2025-04-22,2024030121,FLA,away,8475683,Sergei Bobrovsky,72,G,True,W,60:00,22,20,2,0.909091,17/18,3/4,0/0,20/22,1,1,0,0
2025-04-22,2024030172,VGK,home,8478499,Adin Hill,33,G,True,L,58:37,16,12,4,0.75,12/16,0/0,0/0,12/16,4,0,0,0
2025-04-22,2024030172,VGK,home,8481033,Akira Schmid,40,G,False,,00:00,0,0,0,,0/0,0/0,0/0,0/0,0,0,0,0
2025-04-22,2024030172,MIN,away,8470594,Marc-Andre Fleury,29,G,False,,00:00,0,0,0,,0/0,0/0,0/0,0/0,0,0,0,0
2025-04-22,2024030172,MIN,away,8479406,Filip Gustavsson,32,G,True,W,60:00,32,30,2,0.9375,30/32,0/0,0/0,30/32,2,0,0,0
2025-04-23,2024030132,WSH,home,8480313,Logan Thompson,48,G,True,W,60:00,26,25,1,0.961538,24/25,1/1,0/0,25/26,1,0,0,0
2025-04-23,2024030132,WSH,home,8479292,Charlie Lindgren,79,G,False,,00:00,0,0,0,,0/0,0/0,0/0,0/0,0,0,0,0
2025-04-23,2024030132,MTL,away,8478470,Samuel Montembeault,35,G,True,L,58:07,31,29,2,0.935484,26/28,1/1,2/2,29/31,2,0,0,0
2025-04-23,2024030132,MTL,away,8482487,Jakub Dobes,75,G,False,,00:00,0,0,0,,0/0,0/0,0/0,0/0,0,0,0,0
2025-04-23,2024030163,COL,home,8478406,Mackenzie Blackwood,39,G,True,L,65:31,28,26,2,0.928571,20/21,3/4,3/3,26/28,1,1,0,0
2025-04-23,2024030163,COL,home,8475809,Scott Wedgewood,41,G,False,,00:00,0,0,0,,0/0,0/0,0/0,0/0,0,0,0,0
2025-04-23,2024030163,DAL,away,8479193,Casey DeSmith,1,G,False,,00:00,0,0,0,,0/0,0/0,0/0,0/0,0,0,0,0
2025-04-23,2024030163,DAL,away,8479979,Jake Oettinger,29,G,True,W,65:31,28,27,1,0.964286,20/21,7/7,0/0,27/28,1,0,0,0
2025-04-23,2024030182,LAK,home,8479496,David Rittich,31,G,False,,00:00,0,0,0,,0/0,0/0,0/0,0/0,0,0,0,0
2025-04-23,2024030182,LAK,home,8475311,Darcy Kuemper,35,G,True,W,60:00,26,24,2,0.923077,18/20,4/4,2/2,24/26,2,0,0,0
2025-04-23,2024030182,EDM,away,8475717,Calvin Pickard,30,G,False,,09:30,3,2,1,0.666667,1/2,1/1,0/0,2/3,1,0,0,0
2025-04-23,2024030182,EDM,away,8479973,Stuart Skinner,74,G,True,L,50:30,28,23,5,0.821429,15/17,7/10,1/1,23/28,2,3,0,0
2025-04-24,2024030122,TBL,home,8477992,Jonas Johansson,31,G,False,,00:00,0,0,0,,0/0,0/0,0/0,0/0,0,0,0,0
2025-04-24,2024030122,TBL,home,8476883,Andrei Vasilevskiy,88,G,True,L,58:05,22,21,1,0.954545,17/18,3/3,1/1,21/22,1,0,0,0
2025-04-24,2024030122,FLA,away,8477970,Vitek Vanecek,41,G,False,,00:00,0,0,0,,0/0,0/0,0/0,0/0,0,0,0,0
2025-04-24,2024030122,FLA,away,8475683,Sergei Bobrovsky,72,G,True,W,60:00,19,19,0,1.0,14/14,2/2,3/3,19/19,0,0,0,0
2025-04-24,2024030113,OTT,home,8476341,Anton Forsberg,31,G,False,,00:00,0,0,0,,0/0,0/0,0/0,0/0,0,0,0,0
2025-04-24,2024030113,OTT,home,8476999,Linus Ullmark,35,G,True,L,61:19,20,17,3,0.85,16/18,1/2,0/0,17/20,2,1,0,0
2025-04-24,2024030113,TOR,away,8476932,Anthony Stolarz,41,G,True,W,61:19,20,18,2,0.9,15/16,3/4,0/0,18/20,1,1,0,0
2025-04-24,2024030113,TOR,away,8479361,Joseph Woll,60,G,False,,00:00,0,0,0,,0/0,0/0,0/0,0/0,0,0,0,0
2025-04-24,2024030173,MIN,home,8470594,Marc-Andre Fleury,29,G,False,,00:00,0,0,0,,0/0,0/0,0/0,0/0,0,0,0,0
2025-04-24,2024030173,MIN,home,8479406,Filip Gustavsson,32,G,True,W,59:41,32,30,2,0.9375,20/21,9/9,1/2,30/32,1,0,1,0
2025-04-24,2024030173,VGK,away,8478499,Adin Hill,33,G,True,L,40:00,21,17,4,0.809524,12/14,4/6,1/1,17/21,2,2,0,0
2025-04-24,2024030173,VGK,away,8481033,Akira Schmid,40,G,False,,18:56,9,9,0,1.0,5/5,4/4,0/0,9/9,0,0,0,0
2025-04-24,2024030153,STL,home,8480981,Joel Hofer,30,G,False,,00:00,0,0,0,,0/0,0/0,0/0,0/0,0,0,0,0
2025-04-24,2024030153,STL,home,8476412,Jordan Binnington,50,G,True,W,60:00,19,17,2,0.894737,11/12,4/5,2/2,17/19,1,1,0,0
2025-04-24,2024030153,WPG,away,8477480,Eric Comrie,1,G,False,,09:28,3,2,1,0.666667,0/0,2/3,0/0,2/3,0,1,0,0
2025-04-24,2024030153,WPG,away,8476945,Connor Hellebuyck,37,G,True,L,50:32,25,19,6,0.76,17/21,2/4,0/0,19/25,4,2,0,0
2025-04-25,2024030133,MTL,home,8478470,Samuel Montembeault,35,G,True,,31:39,13,11,2,0.846154,6/8,4/4,1/1,11/13,2,0,0,0
2025-04-25,2024030133,MTL,home,8482487,Jakub Dobes,75,G,False,W,28:21,8,7,1,0.875,7/8,0/0,0/0,7/8,1,0,0,0
2025-04-25,2024030133,WSH,away,8480313,Logan Thompson,48,G,True,L,53:23,35,30,5,0.857143,23/27,6/7,1/1,30/35,4,1,0,0
2025-04-25,2024030133,WSH,away,8479292,Charlie Lindgren,79,G,False,,06:37,5,4,1,0.8,4/4,0/1,0/0,4/5,0,1,0,0
2025-04-25,2024030143,NJD,home,8474593,Jacob Markstrom,25,G,True,W,82:36,27,25,2,0.925926,21/21,3/5,1/1,25/27,0,2,0,0
2025-04-25,2024030143,NJD,home,8474596,Jake Allen,34,G,False,,00:00,0,0,0,,0/0,0/0,0/0,0/0,0,0,0,0
2025-04-25,2024030143,CAR,away,8475883,Frederik Andersen,31,G,True,L,82:36,37,34,3,0.918919,30/33,4/4,0/0,34/37,3,0,0,0
2025-04-25,2024030143,CAR,away,8481611,Pyotr Kochetkov,52,G,False,,00:00,0,0,0,,0/0,0/0,0/0,0/0,0,0,0,0
2025-04-25,2024030183,EDM,home,8475717,Calvin Pickard,30,G,True,W,60:00,28,24,4,0.857143,23/25,1/3,0/0,24/28,2,2,0,0
2025-04-25,2024030183,EDM,home,8479973,Stuart Skinner,74,G,False,,00:00,0,0,0,,0/0,0/0,0/0,0/0,0,0,0,0
2025-04-25,2024030183,LAK,away,8479496,David Rittich,31,G,False,,00:00,0,0,0,,0/0,0/0,0/0,0/0,0,0,0,0
2025-04-25,2024030183,LAK,away,8475311,Darcy Kuemper,35,G,True,L,58:25,35,30,5,0.857143,28/31,0/2,2/2,30/35,3,2,0,0
2025-04-26,2024030123,FLA,home,8477970,Vitek Vanecek,41,G,False,,00:00,0,0,0,,0/0,0/0,0/0,0/0,0,0,0,0
2025-04-26,2024030123,FLA,home,8475683,Sergei Bobrovsky,72,G,True,L,59:26,21,17,4,0.809524,10/14,6/6,1/1,17/21,4,0,0,0
2025-04-26,2024030123,TBL,away,8477992,Jonas Johansson,31,G,False,,00:00,0,0,0,,0/0,0/0,0/0,0/0,0,0,0,0
2025-04-26,2024030123,TBL,away,8476883,Andrei Vasilevskiy,88,G,True,W,60:00,34,33,1,0.970588,23/24,5/5,5/5,33/34,1,0,0,0
2025-04-26,2024030174,MIN,home,8470594,Marc-Andre Fleury,29,G,False,,00:00,0,0,0,,0/0,0/0,0/0,0/0,0,0,0,0
2025-04-26,2024030174,MIN,home,8479406,Filip Gustavsson,32,G,True,L,77:26,46,42,4,0.913043,35/37,6/8,1/1,42/46,2,2,0,0
2025-04-26,2024030174,VGK,away,8478499,Adin Hill,33,G,True,W,77:26,32,29,3,0.90625,26/29,2/2,1/1,29/32,3,0,0,0
2025-04-26,2024030174,VGK,away,8481033,Akira Schmid,40,G,False,,00:00,0,0,0,,0/0,0/0,0/0,0/0,0,0,0,0
2025-04-26,2024030114,OTT,home,8476341,Anton Forsberg,31,G,False,,00:00,0,0,0,,0/0,0/0,0/0,0/0,0,0,0,0
2025-04-26,2024030114,OTT,home,8476999,Linus Ullmark,35,G,True,W,77:24,34,31,3,0.911765,23/26,8/8,0/0,31/34,3,0,0,0
2025-04-26,2024030114,TOR,away,8476932,Anthony Stolarz,41,G,True,L,77:42,21,17,4,0.809524,17/19,0/1,0/1,17/21,2,1,1,0
2025-04-26,2024030114,TOR,away,8479361,Joseph Woll,60,G,False,,00:00,0,0,0,,0/0,0/0,0/0,0/0,0,0,0,0
2025-04-26,2024030164,COL,home,8478406,Mackenzie Blackwood,39,G,True,W,60:00,23,23,0,1.0,17/17,5/5,1/1,23/23,0,0,0,0
2025-04-26,2024030164,COL,home,8475809,Scott Wedgewood,41,G,False,,00:00,0,0,0,,0/0,0/0,0/0,0/0,0,0,0,0
2025-04-26,2024030164,DAL,away,8479193,Casey DeSmith,1,G,False,,19:50,14,13,1,0.928571,13/14,0/0,0/0,13/14,1,0,0,0
2025-04-26,2024030164,DAL,away,8479979,Jake Oettinger,29,G,True,L,39:48,34,31,3,0.911765,30/31,0/1,1/2,31/34,1,1,1,0
2025-04-27,2024030154,STL,home,8480981,Joel Hofer,30,G,False,,00:00,0,0,0,,0/0,0/0,0/0,0/0,0,0,0,0
2025-04-27,2024030154,STL,home,8476412,Jordan Binnington,50,G,True,W,60:00,31,30,1,0.967742,24/25,6/6,0/0,30/31,1,0,0,0
2025-04-27,2024030154,WPG,away,8477480,Eric Comrie,1,G,False,,17:59,6,6,0,1.0,5/5,1/1,0/0,6/6,0,0,0,0
2025-04-27,2024030154,WPG,away,8476945,Connor Hellebuyck,37,G,True,L,42:01,18,13,5,0.722222,12/17,1/1,0/0,13/18,5,0,0,0
2025-04-27,2024030144,NJD,home,8474593,Jacob Markstrom,25,G,True,L,59:24,28,24,4,0.857143,19/22,4/5,1/1,24/28,3,1,0,0
2025-04-27,2024030144,NJD,home,8474596,Jake Allen,34,G,False,,00:00,0,0,0,,0/0,0/0,0/0,0/0,0,0,0,0
2025-04-27,2024030144,CAR,away,8475883,Frederik Andersen,31,G,True,W,24:19,7,6,1,0.857143,5/6,1/1,0/0,6/7,1,0,0,0
2025-04-27,2024030144,CAR,away,8481611,Pyotr Kochetkov,52,G,False,,35:41,15,14,1,0.933333,13/14,1/1,0/0,14/15,1,0,0,0
2025-04-27,2024030134,MTL,home,8480051,Cayden Primeau,30,G,False,,00:00,0,0,0,,0/0,0/0,0/0,0/0,0,0,0,0
2025-04-27,2024030134,MTL,home,8482487,Jakub Dobes,75,G,True,L,58:23,24,21,3,0.875,13/16,7/7,1/1,21/24,3,0,0,0
2025-04-27,2024030134,WSH,away,8480313,Logan Thompson,48,G,True,W,60:00,18,16,2,0.888889,14/14,1/3,1/1,16/18,0,2,0,0
2025-04-27,2024030134,WSH,away,8479292,Charlie Lindgren,79,G,False,,00:00,0,0,0,,0/0,0/0,0/0,0/0,0,0,0,0
2025-04-27,2024030184,EDM,home,8475717,Calvin Pickard,30,G,True,W,76:24,41,38,3,0.926829,33/36,3/3,2/2,38/41,3,0,0,0
2025-04-27,2024030184,EDM,home,8479973,Stuart Skinner,74,G,False,,00:00,0,0,0,,0/0,0/0,0/0,0/0,0,0,0,0
2025-04-27,2024030184,LAK,away,8479496,David Rittich,31,G,False,,00:00,0,0,0,,0/0,0/0,0/0,0/0,0,0,0,0
2025-04-27,2024030184,LAK,away,8475311,Darcy Kuemper,35,G,True,L,78:14,48,44,4,0.916667,41/43,3/5,0/0,44/48,2,2,0,0
2025-04-28,2024030124,FLA,home,8477970,Vitek Vanecek,41,G,False,,00:00,0,0,0,,0/0,0/0,0/0,0/0,0,0,0,0
2025-04-28,2024030124,FLA,home,8475683,Sergei Bobrovsky,72,G,True,W,59:51,20,18,2,0.9,16/18,1/1,1/1,18/20,2,0,0,0
2025-04-28,2024030124,TBL,away,8477992,Jonas Johansson,31,G,False,,00:00,0,0,0,,0/0,0/0,0/0,0/0,0,0,0,0
2025-04-28,2024030124,TBL,away,8476883,Andrei Vasilevskiy,88,G,True,L,58:28,22,19,3,0.863636,18/21,1/1,0/0,19/22,3,0,0,0
2025-04-28,2024030165,DAL,home,8479193,Casey DeSmith,1,G,False,,00:00,0,0,0,,0/0,0/0,0/0,0/0,0,0,0,0
2025-04-28,2024030165,DAL,home,8479979,Jake Oettinger,29,G,True,W,60:00,28,26,2,0.928571,19/21,6/6,1/1,26/28,2,0,0,0
2025-04-28,2024030165,COL,away,8478406,Mackenzie Blackwood,39,G,True,L,40:00,18,13,5,0.722222,7/11,5/6,1/1,13/18,4,1,0,0
2025-04-28,2024030165,COL,away,8475809,Scott Wedgewood,41,G,False,,18:30,8,8,0,1.0,4/4,4/4,0/0,8/8,0,0,0,0
2025-04-29,2024030115,TOR,home,8476932,Anthony Stolarz,41,G,True,L,57:56,17,15,2,0.882353,14/15,1/1,0/1,15/17,1,0,1,0
2025-04-29,2024030115,TOR,home,8479361,Joseph Woll,60,G,False,,00:00,0,0,0,,0/0,0/0,0/0,0/0,0,0,0,0
2025-04-29,2024030115,OTT,away,8476341,Anton Forsberg,31,G,False,,00:00,0,0,0,,0/0,0/0,0/0,0/0,0,0,0,0
2025-04-29,2024030115,OTT,away,8476999,Linus Ullmark,35,G,True,W,60:00,29,29,0,1.0,20/20,8/8,1/1,29/29,0,0,0,0
2025-04-29,2024030145,CAR,home,8477484,Spencer Martin,41,G,False,,00:00,0,0,0,,0/0,0/0,0/0,0/0,0,0,0,0
2025-04-29,2024030145,CAR,home,8481611,Pyotr Kochetkov,52,G,True,W,84:17,35,31,4,0.885714,25/29,6/6,0/0,31/35,4,0,0,0
2025-04-29,2024030145,NJD,away,8474593,Jacob Markstrom,25,G,True,L,84:07,54,49,5,0.907407,34/37,12/14,3/3,49/54,3,2,0,0
2025-04-29,2024030145,NJD,away,8474596,Jake Allen,34,G,False,,00:00,0,0,0,,0/0,0/0,0/0,0/0,0,0,0,0
2025-04-29,2024030175,VGK,home,8478499,Adin Hill,33,G,True,W,64:05,22,20,2,0.909091,17/18,3/4,0/0,20/22,1,1,0,0
2025-04-29,2024030175,VGK,home,8481033,Akira Schmid,40,G,False,,00:00,0,0,0,,0/0,0/0,0/0,0/0,0,0,0,0
2025-04-29,2024030175,MIN,away,8470594,Marc-Andre Fleury,29,G,False,L,24:05,7,6,1,0.857143,6/7,0/0,0/0,6/7,1,0,0,0
2025-04-29,2024030175,MIN,away,8479406,Filip Gustavsson,32,G,True,,40:00,25,23,2,0.92,17/18,6/6,0/1,23/25,1,0,1,0
2025-04-29,2024030185,LAK,home,8479496,David Rittich,31,G,False,,00:00,0,0,0,,0/0,0/0,0/0,0/0,0,0,0,0
2025-04-29,2024030185,LAK,home,8475311,Darcy Kuemper,35,G,True,L,56:53,45,43,2,0.955556,34/36,6/6,3/3,43/45,2,0,0,0
2025-04-29,2024030185,EDM,away,8475717,Calvin Pickard,30,G,True,W,60:00,22,21,1,0.954545,19/19,2/3,0/0,21/22,0,1,0,0
2025-04-29,2024030185,EDM,away,8479973,Stuart Skinner,74,G,False,,00:00,0,0,0,,0/0,0/0,0/0,0/0,0,0,0,0
2025-04-30,2024030135,WSH,home,8480313,Logan Thompson,48,G,True,W,59:55,29,28,1,0.965517,24/25,2/2,2/2,28/29,1,0,0,0
2025-04-30,2024030135,WSH,home,8479292,Charlie Lindgren,79,G,False,,00:00,0,0,0,,0/0,0/0,0/0,0/0,0,0,0,0
2025-04-30,2024030135,MTL,away,8480051,Cayden Primeau,30,G,False,,00:00,0,0,0,,0/0,0/0,0/0,0/0,0,0,0,0
2025-04-30,2024030135,MTL,away,8482487,Jakub Dobes,75,G,True,L,57:23,27,24,3,0.888889,24/25,0/2,0/0,24/27,1,2,0,0
2025-04-30,2024030125,TBL,home,8477992,Jonas Johansson,31,G,False,,00:00,0,0,0,,0/0,0/0,0/0,0/0,0,0,0,0
2025-04-30,2024030125,TBL,home,8476883,Andrei Vasilevskiy,88,G,True,L,57:02,30,25,5,0.833333,20/24,5/6,0/0,25/30,4,1,0,0
2025-04-30,2024030125,FLA,away,8477970,Vitek Vanecek,41,G,False,,00:00,0,0,0,,0/0,0/0,0/0,0/0,0,0,0,0
2025-04-30,2024030125,FLA,away,8475683,Sergei Bobrovsky,72,G,True,W,60:00,29,26,3,0.896552,22/24,3/4,1/1,26/29,2,1,0,0
2025-04-30,2024030155,WPG,home,8477480,Eric Comrie,1,G,False,,00:00,0,0,0,,0/0,0/0,0/0,0/0,0,0,0,0
2025-04-30,2024030155,WPG,home,8476945,Connor Hellebuyck,37,G,True,W,60:00,19,16,3,0.842105,15/18,0/0,1/1,16/19,3,0,0,0
2025-04-30,2024030155,STL,away,8480981,Joel Hofer,30,G,False,,00:00,0,0,0,,0/0,0/0,0/0,0/0,0,0,0,0
2025-04-30,2024030155,STL,away,8476412,Jordan Binnington,50,G,True,L,58:14,25,21,4,0.84,19/23,2/2,0/0,21/25,4,0,0,0
2025-05-01,2024030116,OTT,home,8476341,Anton Forsberg,31,G,False,,00:00,0,0,0,,0/0,0/0,0/0,0/0,0,0,0,0
2025-05-01,2024030116,OTT,home,8476999,Linus Ullmark,35,G,True,L,58:16,22,19,3,0.863636,17/19,0/1,2/2,19/22,2,1,0,0
2025-05-01,2024030116,TOR,away,8476932,Anthony Stolarz,41,G,True,W,60:00,23,21,2,0.913043,19/21,2/2,0/0,21/23,2,0,0,0
2025-05-01,2024030116,TOR,away,8479361,Joseph Woll,60,G,False,,00:00,0,0,0,,0/0,0/0,0/0,0/0,0,0,0,0
2025-05-01,2024030176,MIN,home,8470594,Marc-Andre Fleury,29,G,False,,00:00,0,0,0,,0/0,0/0,0/0,0/0,0,0,0,0
2025-05-01,2024030176,MIN,home,8479406,Filip Gustavsson,32,G,True,L,57:56,24,21,3,0.875,13/15,7/8,1/1,21/24,2,1,0,0
2025-05-01,2024030176,VGK,away,8478499,Adin Hill,33,G,True,W,60:00,31,29,2,0.935484,23/25,4/4,2/2,29/31,2,0,0,0
2025-05-01,2024030176,VGK,away,8481033,Akira Schmid,40,G,False,,00:00,0,0,0,,0/0,0/0,0/0,0/0,0,0,0,0
2025-05-01,2024030166,COL,home,8478406,Mackenzie Blackwood,39,G,True,W,60:00,26,22,4,0.846154,22/25,0/1,0/0,22/26,3,1,0,0
2025-05-01,2024030166,COL,home,8475809,Scott Wedgewood,41,G,False,,00:00,0,0,0,,0/0,0/0,0/0,0/0,0,0,0,0
2025-05-01,2024030166,DAL,away,8479193,Casey DeSmith,1,G,False,,00:00,0,0,0,,0/0,0/0,0/0,0/0,0,0,0,0
2025-05-01,2024030166,DAL,away,8479979,Jake Oettinger,29,G,True,L,58:17,46,41,5,0.891304,37/42,4/4,0/0,41/46,5,0,0,0
2025-05-01,2024030186,EDM,home,8475717,Calvin Pickard,30,G,True,W,60:00,27,23,4,0.851852,20/24,3/3,0/0,23/27,4,0,0,0
2025-05-01,2024030186,EDM,home,8479973,Stuart Skinner,74,G,False,,00:00,0,0,0,,0/0,0/0,0/0,0/0,0,0,0,0
2025-05-01,2024030186,LAK,away,8479496,David Rittich,31,G,False,,00:00,0,0,0,,0/0,0/0,0/0,0/0,0,0,0,0
2025-05-01,2024030186,LAK,away,8475311,Darcy Kuemper,35,G,True,L,55:48,28,23,5,0.821429,21/25,1/2,1/1,23/28,4,1,0,0
2025-05-02,2024030156,STL,home,8480981,Joel Hofer,30,G,False,,00:00,0,0,0,,0/0,0/0,0/0,0/0,0,0,0,0
2025-05-02,2024030156,STL,home,8476412,Jordan Binnington,50,G,True,W,59:49,23,21,2,0.913043,14/14,7/9,0/0,21/23,0,2,0,0
2025-05-02,2024030156,WPG,away,8477480,Eric Comrie,1,G,False,,15:32,4,4,0,1.0,3/3,1/1,0/0,4/4,0,0,0,0
2025-05-02,2024030156,WPG,away,8476945,Connor Hellebuyck,37,G,True,L,40:00,23,18,5,0.782609,11/16,6/6,1/1,18/23,5,0,0,0
2025-05-03,2024030167,DAL,home,8479193,Casey DeSmith,1,G,False,,00:00,0,0,0,,0/0,0/0,0/0,0/0,0,0,0,0
2025-05-03,2024030167,DAL,home,8479979,Jake Oettinger,29,G,True,W,59:25,27,25,2,0.925926,22/23,3/3,0/1,25/27,1,0,1,0
2025-05-03,2024030167,COL,away,8478406,Mackenzie Blackwood,39,G,True,L,57:49,18,15,3,0.833333,14/15,1/3,0/0,15/18,1,2,0,0
2025-05-03,2024030167,COL,away,8475809,Scott Wedgewood,41,G,False,,00:00,0,0,0,,0/0,0/0,0/0,0/0,0,0,0,0
2025-05-04,2024030157,WPG,home,8477480,Eric Comrie,1,G,False,,00:00,0,0,0,,0/0,0/0,0/0,0/0,0,0,0,0
2025-05-04,2024030157,WPG,home,8476945,Connor Hellebuyck,37,G,True,W,92:58,29,26,3,0.896552,24/27,2/2,0/0,26/29,3,0,0,0
2025-05-04,2024030157,STL,away,8480981,Joel Hofer,30,G,False,,00:00,0,0,0,,0/0,0/0,0/0,0/0,0,0,0,0
2025-05-04,2024030157,STL,away,8476412,Jordan Binnington,50,G,True,L,96:10,47,43,4,0.914894,42/45,1/2,0/0,43/47,3,1,0,0
2025-05-05,2024030211,TOR,home,8476932,Anthony Stolarz,41,G,True,,30:12,9,8,1,0.888889,4/4,4/5,0/0,8/9,0,1,0,0
2025-05-05,2024030211,TOR,home,8479361,Joseph Woll,60,G,False,W,29:46,20,17,3,0.85,17/20,0/0,0/0,17/20,3,0,0,0
2025-05-05,2024030211,FLA,away,8477970,Vitek Vanecek,41,G,False,,00:00,0,0,0,,0/0,0/0,0/0,0/0,0,0,0,0
2025-05-05,2024030211,FLA,away,8475683,Sergei Bobrovsky,72,G,True,L,57:42,30,25,5,0.833333,18/23,7/7,0/0,25/30,5,0,0,0
2025-05-06,2024030221,WSH,home,8480313,Logan Thompson,48,G,True,L,63:02,33,31,2,0.939394,25/27,3/3,3/3,31/33,2,0,0,0
2025-05-06,2024030221,WSH,home,8479292,Charlie Lindgren,79,G,False,,00:00,0,0,0,,0/0,0/0,0/0,0/0,0,0,0,0
2025-05-06,2024030221,CAR,away,8475883,Frederik Andersen,31,G,True,W,63:06,14,13,1,0.928571,9/10,3/3,1/1,13/14,1,0,0,0
2025-05-06,2024030221,CAR,away,8481611,Pyotr Kochetkov,52,G,False,,00:00,0,0,0,,0/0,0/0,0/0,0/0,0,0,0,0
2025-05-06,2024030241,VGK,home,8478499,Adin Hill,33,G,True,L,58:22,28,24,4,0.857143,18/22,5/5,1/1,24/28,4,0,0,0
2025-05-06,2024030241,VGK,home,8481033,Akira Schmid,40,G,False,,00:00,0,0,0,,0/0,0/0,0/0,0/0,0,0,0,0
2025-05-06,2024030241,EDM,away,8475717,Calvin Pickard,30,G,True,W,60:00,17,15,2,0.882353,9/10,6/7,0/0,15/17,1,1,0,0
2025-05-06,2024030241,EDM,away,8479973,Stuart Skinner,74,G,False,,00:00,0,0,0,,0/0,0/0,0/0,0/0,0,0,0,0
2025-05-07,2024030212,TOR,home,8476899,Matt Murray,30,G,False,,00:00,0,0,0,,0/0,0/0,0/0,0/0,0,0,0,0
2025-05-07,2024030212,TOR,home,8479361,Joseph Woll,60,G,True,W,60:00,28,25,3,0.892857,23/25,0/1,2/2,25/28,2,1,0,0
2025-05-07,2024030212,FLA,away,8477970,Vitek Vanecek,41,G,False,,00:00,0,0,0,,0/0,0/0,0/0,0/0,0,0,0,0
2025-05-07,2024030212,FLA,away,8475683,Sergei Bobrovsky,72,G,True,L,57:05,20,16,4,0.8,14/17,2/3,0/0,16/20,3,1,0,0
2025-05-07,2024030231,WPG,home,8477480,Eric Comrie,1,G,False,,00:00,0,0,0,,0/0,0/0,0/0,0/0,0,0,0,0
2025-05-07,2024030231,WPG,home,8476945,Connor Hellebuyck,37,G,True,L,58:10,24,21,3,0.875,21/23,0/1,0/0,21/24,2,1,0,0
2025-05-07,2024030231,DAL,away,8479193,Casey DeSmith,1,G,False,,00:00,0,0,0,,0/0,0/0,0/0,0/0,0,0,0,0
2025-05-07,2024030231,DAL,away,8479979,Jake Oettinger,29,G,True,W,60:00,31,29,2,0.935484,22/24,7/7,0/0,29/31,2,0,0,0
2025-05-08,2024030222,WSH,home,8480313,Logan Thompson,48,G,True,W,60:00,28,27,1,0.964286,24/24,3/4,0/0,27/28,0,1,0,0
2025-05-08,2024030222,WSH,home,8481064,Mitchell Gibson,78,G,False,,00:00,0,0,0,,0/0,0/0,0/0,0/0,0,0,0,0
2025-05-08,2024030222,CAR,away,8475883,Frederik Andersen,31,G,True,L,58:35,20,18,2,0.9,15/16,2/3,1/1,18/20,1,1,0,0
2025-05-08,2024030222,CAR,away,8481611,Pyotr Kochetkov,52,G,False,,00:00,0,0,0,,0/0,0/0,0/0,0/0,0,0,0,0
2025-05-08,2024030242,VGK,home,8478499,Adin Hill,33,G,True,L,75:20,37,32,5,0.864865,22/27,10/10,0/0,32/37,5,0,0,0
2025-05-08,2024030242,VGK,home,8481033,Akira Schmid,40,G,False,,00:00,0,0,0,,0/0,0/0,0/0,0/0,0,0,0,0
2025-05-08,2024030242,EDM,away,8475717,Calvin Pickard,30,G,True,W,75:20,32,28,4,0.875,26/28,2/4,0/0,28/32,2,2,0,0
2025-05-08,2024030242,EDM,away,8479973,Stuart Skinner,74,G,False,,00:00,0,0,0,,0/0,0/0,0/0,0/0,0,0,0,0
2025-05-09,2024030213,FLA,home,8477970,Vitek Vanecek,41,G,False,,00:00,0,0,0,,0/0,0/0,0/0,0/0,0,0,0,0
2025-05-09,2024030213,FLA,home,8475683,Sergei Bobrovsky,72,G,True,W,75:20,31,27,4,0.870968,24/27,3/4,0/0,27/31,3,1,0,0
2025-05-09,2024030213,TOR,away,8483710,Dennis Hildeby,35,G,False,,00:00,0,0,0,,0/0,0/0,0/0,0/0,0,0,0,0
2025-05-09,2024030213,TOR,away,8479361,Joseph Woll,60,G,True,L,75:27,36,31,5,0.861111,27/32,3/3,1/1,31/36,5,0,0,0
2025-05-09,2024030232,WPG,home,8477480,Eric Comrie,1,G,False,,00:00,0,0,0,,0/0,0/0,0/0,0/0,0,0,0,0
2025-05-09,2024030232,WPG,home,8476945,Connor Hellebuyck,37,G,True,W,60:00,21,21,0,1.0,19/19,2/2,0/0,21/21,0,0,0,0
2025-05-09,2024030232,DAL,away,8479193,Casey DeSmith,1,G,False,,00:00,0,0,0,,0/0,0/0,0/0,0/0,0,0,0,0
2025-05-09,2024030232,DAL,away,8479979,Jake Oettinger,29,G,True,L,58:11,24,21,3,0.875,11/13,9/10,1/1,21/24,2,1,0,0
2025-05-10,2024030223,CAR,home,8475883,Frederik Andersen,31,G,True,W,60:00,21,21,0,1.0,19/19,2/2,0/0,21/21,0,0,0,0
2025-05-10,2024030223,CAR,home,8481611,Pyotr Kochetkov,52,G,False,,00:00,0,0,0,,0/0,0/0,0/0,0/0,0,0,0,0
2025-05-10,2024030223,WSH,away,8480313,Logan Thompson,48,G,True,L,59:20,28,24,4,0.857143,20/22,3/5,1/1,24/28,2,2,0,0
2025-05-10,2024030223,WSH,away,8479292,Charlie Lindgren,79,G,False,,00:00,0,0,0,,0/0,0/0,0/0,0/0,0,0,0,0
2025-05-10,2024030243,EDM,home,8480885,Olivier Rodrigue,35,G,False,,00:00,0,0,0,,0/0,0/0,0/0,0/0,0,0,0,0
2025-05-10,2024030243,EDM,home,8479973,Stuart Skinner,74,G,True,L,60:00,24,20,4,0.833333,17/21,3/3,0/0,20/24,4,0,0,0
2025-05-10,2024030243,VGK,away,8478499,Adin Hill,33,G,True,W,60:00,20,17,3,0.85,15/17,1/2,1/1,17/20,2,1,0,0
2025-05-10,2024030243,VGK,away,8481033,Akira Schmid,40,G,False,,00:00,0,0,0,,0/0,0/0,0/0,0/0,0,0,0,0
2025-05-11,2024030233,DAL,home,8479193,Casey DeSmith,1,G,False,,00:00,0,0,0,,0/0,0/0,0/0,0/0,0,0,0,0
2025-05-11,2024030233,DAL,home,8479979,Jake Oettinger,29,G,True,W,60:00,26,24,2,0.923077,18/20,6/6,0/0,24/26,2,0,0,0
2025-05-11,2024030233,WPG,away,8477480,Eric Comrie,1,G,False,,00:00,0,0,0,,0/0,0/0,0/0,0/0,0,0,0,0
2025-05-11,2024030233,WPG,away,8476945,Connor Hellebuyck,37,G,True,L,56:58,26,21,5,0.807692,21/25,0/1,0/0,21/26,4,1,0,0
2025-05-11,2024030214,FLA,home,8477970,Vitek Vanecek,41,G,False,,00:00,0,0,0,,0/0,0/0,0/0,0/0,0,0,0,0
2025-05-11,2024030214,FLA,home,8475683,Sergei Bobrovsky,72,G,True,W,60:00,23,23,0,1.0,19/19,4/4,0/0,23/23,0,0,0,0
2025-05-11,2024030214,TOR,away,8476899,Matt Murray,30,G,False,,00:00,0,0,0,,0/0,0/0,0/0,0/0,0,0,0,0
2025-05-11,2024030214,TOR,away,8479361,Joseph Woll,60,G,True,L,57:11,37,35,2,0.945946,25/26,7/8,3/3,35/37,1,1,0,0
2025-05-12,2024030224,CAR,home,8475883,Frederik Andersen,31,G,True,W,59:54,21,19,2,0.904762,15/16,3/4,1/1,19/21,1,1,0,0
2025-05-12,2024030224,CAR,home,8481611,Pyotr Kochetkov,52,G,False,,00:00,0,0,0,,0/0,0/0,0/0,0/0,0,0,0,0
2025-05-12,2024030224,WSH,away,8480313,Logan Thompson,48,G,True,L,59:41,37,33,4,0.891892,25/29,4/4,4/4,33/37,4,0,0,0
2025-05-12,2024030224,WSH,away,8479292,Charlie Lindgren,79,G,False,,00:00,0,0,0,,0/0,0/0,0/0,0/0,0,0,0,0
2025-05-12,2024030244,EDM,home,8480885,Olivier Rodrigue,35,G,False,,00:00,0,0,0,,0/0,0/0,0/0,0/0,0,0,0,0
2025-05-12,2024030244,EDM,home,8479973,Stuart Skinner,74,G,True,W,59:51,23,23,0,1.0,21/21,2/2,0/0,23/23,0,0,0,0
2025-05-12,2024030244,VGK,away,8478499,Adin Hill,33,G,True,L,55:21,32,29,3,0.90625,25/28,3/3,1/1,29/32,3,0,0,0
2025-05-12,2024030244,VGK,away,8481033,Akira Schmid,40,G,False,,00:00,0,0,0,,0/0,0/0,0/0,0/0,0,0,0,0
2025-05-13,2024030234,DAL,home,8479193,Casey DeSmith,1,G,False,,00:00,0,0,0,,0/0,0/0,0/0,0/0,0,0,0,0
2025-05-13,2024030234,DAL,home,8479979,Jake Oettinger,29,G,True,W,60:00,32,31,1,0.96875,29/30,1/1,1/1,31/32,1,0,0,0
2025-05-13,2024030234,WPG,away,8477480,Eric Comrie,1,G,False,,00:00,0,0,0,,0/0,0/0,0/0,0/0,0,0,0,0
2025-05-13,2024030234,WPG,away,8476945,Connor Hellebuyck,37,G,True,L,57:09,24,21,3,0.875,19/20,2/4,0/0,21/24,1,2,0,0
2025-05-14,2024030215,TOR,home,8476899,Matt Murray,30,G,False,,13:37,7,6,1,0.857143,3/3,2/3,1/1,6/7,0,1,0,0
2025-05-14,2024030215,TOR,home,8479361,Joseph Woll,60,G,True,L,46:23,25,20,5,0.8,19/24,1/1,0/0,20/25,5,0,0,0
2025-05-14,2024030215,FLA,away,8477970,Vitek Vanecek,41,G,False,,00:00,0,0,0,,0/0,0/0,0/0,0/0,0,0,0,0
2025-05-14,2024030215,FLA,away,8475683,Sergei Bobrovsky,72,G,True,W,60:00,32,31,1,0.96875,25/26,5/5,1/1,31/32,1,0,0,0
2025-05-14,2024030245,VGK,home,8478499,Adin Hill,33,G,True,L,67:19,33,32,1,0.969697,29/30,3/3,0/0,32/33,1,0,0,0
2025-05-14,2024030245,VGK,home,8481033,Akira Schmid,40,G,False,,00:00,0,0,0,,0/0,0/0,0/0,0/0,0,0,0,0
2025-05-14,2024030245,EDM,away,8480885,Olivier Rodrigue,35,G,False,,00:00,0,0,0,,0/0,0/0,0/0,0/0,0,0,0,0
2025-05-14,2024030245,EDM,away,8479973,Stuart Skinner,74,G,True,W,67:14,24,24,0,1.0,23/23,1/1,0/0,24/24,0,0,0,0
2025-05-15,2024030225,WSH,home,8480313,Logan Thompson,48,G,True,L,58:43,21,19,2,0.904762,16/18,2/2,1/1,19/21,2,0,0,0
2025-05-15,2024030225,WSH,home,8479292,Charlie Lindgren,79,G,False,,00:00,0,0,0,,0/0,0/0,0/0,0/0,0,0,0,0
2025-05-15,2024030225,CAR,away,8475883,Frederik Andersen,31,G,True,W,60:00,19,18,1,0.947368,17/18,1/1,0/0,18/19,1,0,0,0
2025-05-15,2024030225,CAR,away,8481611,Pyotr Kochetkov,52,G,False,,00:00,0,0,0,,0/0,0/0,0/0,0/0,0,0,0,0
2025-05-15,2024030235,WPG,home,8477480,Eric Comrie,1,G,False,,00:00,0,0,0,,0/0,0/0,0/0,0/0,0,0,0,0
2025-05-15,2024030235,WPG,home,8476945,Connor Hellebuyck,37,G,True,W,60:00,22,22,0,1.0,16/16,5/5,1/1,22/22,0,0,0,0
2025-05-15,2024030235,DAL,away,8479193,Casey DeSmith,1,G,False,,00:00,0,0,0,,0/0,0/0,0/0,0/0,0,0,0,0
2025-05-15,2024030235,DAL,away,8479979,Jake Oettinger,29,G,True,L,57:07,34,31,3,0.911765,15/16,11/13,5/5,31/34,1,2,0,0
2025-05-16,2024030216,FLA,home,8477970,Vitek Vanecek,41,G,False,,00:00,0,0,0,,0/0,0/0,0/0,0/0,0,0,0,0
2025-05-16,2024030216,FLA,home,8475683,Sergei Bobrovsky,72,G,True,L,56:47,17,15,2,0.882353,12/14,3/3,0/0,15/17,2,0,0,0
2025-05-16,2024030216,TOR,away,8476899,Matt Murray,30,G,False,,00:00,0,0,0,,0/0,0/0,0/0,0/0,0,0,0,0
2025-05-16,2024030216,TOR,away,8479361,Joseph Woll,60,G,True,W,60:00,22,22,0,1.0,21/21,1/1,0/0,22/22,0,0,0,0
2025-05-17,2024030236,DAL,home,8479193,Casey DeSmith,1,G,False,,00:00,0,0,0,,0/0,0/0,0/0,0/0,0,0,0,0
2025-05-17,2024030236,DAL,home,8479979,Jake Oettinger,29,G,True,W,61:33,23,22,1,0.956522,22/23,0/0,0/0,22/23,1,0,0,0
2025-05-17,2024030236,WPG,away,8477480,Eric Comrie,1,G,False,,00:00,0,0,0,,0/0,0/0,0/0,0/0,0,0,0,0
2025-05-17,2024030236,WPG,away,8476945,Connor Hellebuyck,37,G,True,L,61:33,20,18,2,0.9,16/17,2/3,0/0,18/20,1,1,0,0
2025-05-18,2024030217,TOR,home,8476932,Anthony Stolarz,41,G,False,,00:00,0,0,0,,0/0,0/0,0/0,0/0,0,0,0,0
2025-05-18,2024030217,TOR,home,8479361,Joseph Woll,60,G,True,L,58:39,33,28,5,0.848485,26/31,2/2,0/0,28/33,5,0,0,0
2025-05-18,2024030217,FLA,away,8477970,Vitek Vanecek,41,G,False,,00:00,0,0,0,,0/0,0/0,0/0,0/0,0,0,0,0
2025-05-18,2024030217,FLA,away,8475683,Sergei Bobrovsky,72,G,True,W,60:00,20,19,1,0.95,19/20,0/0,0/0,19/20,1,0,0,0
2025-05-20,2024030311,CAR,home,8475883,Frederik Andersen,31,G,True,L,57:27,20,15,5,0.75,14/17,1/3,0/0,15/20,3,2,0,0
2025-05-20,2024030311,CAR,home,8481611,Pyotr Kochetkov,52,G,False,,00:00,0,0,0,,0/0,0/0,0/0,0/0,0,0,0,0
2025-05-20,2024030311,FLA,away,8477970,Vitek Vanecek,41,G,False,,00:00,0,0,0,,0/0,0/0,0/0,0/0,0,0,0,0
2025-05-20,2024030311,FLA,away,8475683,Sergei Bobrovsky,72,G,True,W,60:00,33,31,2,0.939394,24/25,7/8,0/0,31/33,1,1,0,0
2025-05-21,2024030321,DAL,home,8479193,Casey DeSmith,1,G,False,,00:00,0,0,0,,0/0,0/0,0/0,0/0,0,0,0,0
2025-05-21,2024030321,DAL,home,8479979,Jake Oettinger,29,G,True,W,59:44,27,24,3,0.888889,22/24,1/2,1/1,24/27,2,1,0,0
2025-05-21,2024030321,EDM,away,8480885,Olivier Rodrigue,35,G,False,,00:00,0,0,0,,0/0,0/0,0/0,0/0,0,0,0,0
2025-05-21,2024030321,EDM,away,8479973,Stuart Skinner,74,G,True,L,58:54,27,22,5,0.814815,21/23,1/4,0/0,22/27,2,3,0,0
2025-05-22,2024030312,CAR,home,8475883,Frederik Andersen,31,G,True,L,40:00,16,12,4,0.75,12/15,0/1,0/0,12/16,3,1,0,0
2025-05-22,2024030312,CAR,home,8481611,Pyotr Kochetkov,52,G,False,,20:00,5,4,1,0.8,2/2,1/2,1/1,4/5,0,1,0,0
2025-05-22,2024030312,FLA,away,8477970,Vitek Vanecek,41,G,False,,00:00,0,0,0,,0/0,0/0,0/0,0/0,0,0,0,0
2025-05-22,2024030312,FLA,away,8475683,Sergei Bobrovsky,72,G,True,W,59:54,17,17,0,1.0,15/15,1/1,1/1,17/17,0,0,0,0
2025-05-23,2024030322,DAL,home,8479193,Casey DeSmith,1,G,False,,00:00,0,0,0,,0/0,0/0,0/0,0/0,0,0,0,0
2025-05-23,2024030322,DAL,home,8479979,Jake Oettinger,29,G,True,L,59:21,25,22,3,0.88,18/20,4/5,0/0,22/25,2,1,0,2
2025-05-23,2024030322,EDM,away,8480885,Olivier Rodrigue,35,G,False,,00:00,0,0,0,,0/0,0/0,0/0,0/0,0,0,0,0
2025-05-23,2024030322,EDM,away,8479973,Stuart Skinner,74,G,True,W,60:00,25,25,0,1.0,22/22,1/1,2/2,25/25,0,0,0,0
2025-05-24,2024030313,FLA,home,8477970,Vitek Vanecek,41,G,False,,00:00,0,0,0,,0/0,0/0,0/0,0/0,0,0,0,0
2025-05-24,2024030313,FLA,home,8475683,Sergei Bobrovsky,72,G,True,W,60:00,25,23,2,0.92,18/18,4/6,1/1,23/25,0,2,0,0
2025-05-24,2024030313,CAR,away,8475883,Frederik Andersen,31,G,False,,00:00,0,0,0,,0/0,0/0,0/0,0/0,0,0,0,0
2025-05-24,2024030313,CAR,away,8481611,Pyotr Kochetkov,52,G,True,L,60:00,28,22,6,0.785714,17/23,3/3,2/2,22/28,6,0,0,2
2025-05-25,2024030323,EDM,home,8480885,Olivier Rodrigue,35,G,False,,00:00,0,0,0,,0/0,0/0,0/0,0/0,0,0,0,0
2025-05-25,2024030323,EDM,home,8479973,Stuart Skinner,74,G,True,W,60:00,34,33,1,0.970588,28/29,3/3,2/2,33/34,1,0,0,0
2025-05-25,2024030323,DAL,away,8479193,Casey DeSmith,1,G,False,,00:00,0,0,0,,0/0,0/0,0/0,0/0,0,0,0,0
2025-05-25,2024030323,DAL,away,8479979,Jake Oettinger,29,G,True,L,60:00,24,18,6,0.75,14/19,4/5,0/0,18/24,5,1,0,0
2025-05-26,2024030314,FLA,home,8477970,Vitek Vanecek,41,G,False,,00:00,0,0,0,,0/0,0/0,0/0,0/0,0,0,0,0
2025-05-26,2024030314,FLA,home,8475683,Sergei Bobrovsky,72,G,True,L,59:20,26,25,1,0.961538,21/22,1/1,3/3,25/26,1,0,0,0
2025-05-26,2024030314,CAR,away,8475883,Frederik Andersen,31,G,True,W,60:00,20,20,0,1.0,16/16,4/4,0/0,20/20,0,0,0,0
2025-05-26,2024030314,CAR,away,8481611,Pyotr Kochetkov,52,G,False,,00:00,0,0,0,,0/0,0/0,0/0,0/0,0,0,0,0
2025-05-27,2024030324,EDM,home,8475717,Calvin Pickard,30,G,False,,00:00,0,0,0,,0/0,0/0,0/0,0/0,0,0,0,0
2025-05-27,2024030324,EDM,home,8479973,Stuart Skinner,74,G,True,W,60:00,29,28,1,0.965517,20/20,8/9,0/0,28/29,0,1,0,0
2025-05-27,2024030324,DAL,away,8479193,Casey DeSmith,1,G,False,,00:00,0,0,0,,0/0,0/0,0/0,0/0,0,0,0,0
2025-05-27,2024030324,DAL,away,8479979,Jake Oettinger,29,G,True,L,57:49,31,29,2,0.935484,21/21,5/7,3/3,29/31,0,2,0,0
2025-05-28,2024030315,CAR,home,8475883,Frederik Andersen,31,G,True,L,57:34,24,20,4,0.833333,17/20,3/4,0/0,20/24,3,1,0,0
2025-05-28,2024030315,CAR,home,8481611,Pyotr Kochetkov,52,G,False,,00:00,0,0,0,,0/0,0/0,0/0,0/0,0,0,0,0
2025-05-28,2024030315,FLA,away,8477970,Vitek Vanecek,41,G,False,,00:00,0,0,0,,0/0,0/0,0/0,0/0,0,0,0,0
2025-05-28,2024030315,FLA,away,8475683,Sergei Bobrovsky,72,G,True,W,60:00,23,20,3,0.869565,12/15,7/7,1/1,20/23,3,0,0,0
2025-05-29,2024030325,DAL,home,8479193,Casey DeSmith,1,G,False,L,50:16,20,17,3,0.85,17/20,0/0,0/0,17/20,3,0,0,0
2025-05-29,2024030325,DAL,home,8479979,Jake Oettinger,29,G,True,,07:09,2,0,2,0.0,0/1,0/1,0/0,0/2,1,1,0,0
2025-05-29,2024030325,EDM,away,8475717,Calvin Pickard,30,G,False,,00:00,0,0,0,,0/0,0/0,0/0,0/0,0,0,0,0
2025-05-29,2024030325,EDM,away,8479973,Stuart Skinner,74,G,True,W,60:00,17,14,3,0.823529,12/14,1/2,1/1,14/17,2,1,0,0
2025-06-04,2024030411,EDM,home,8475717,Calvin Pickard,30,G,False,,00:00,0,0,0,,0/0,0/0,0/0,0/0,0,0,0,0
2025-06-04,2024030411,EDM,home,8479973,Stuart Skinner,74,G,True,W,79:26,32,29,3,0.90625,28/30,1/2,0/0,29/32,2,1,0,0
2025-06-04,2024030411,FLA,away,8477970,Vitek Vanecek,41,G,False,,00:00,0,0,0,,0/0,0/0,0/0,0/0,0,0,0,0
2025-06-04,2024030411,FLA,away,8475683,Sergei Bobrovsky,72,G,True,L,79:29,46,42,4,0.913043,34/37,6/7,2/2,42/46,3,1,0,0
2025-06-06,2024030412,EDM,home,8475717,Calvin Pickard,30,G,False,,00:00,0,0,0,,0/0,0/0,0/0,0/0,0,0,0,0
2025-06-06,2024030412,EDM,home,8479973,Stuart Skinner,74,G,True,L,85:52,42,37,5,0.880952,32/35,4/5,1/2,37/42,3,1,1,0
2025-06-06,2024030412,FLA,away,8477970,Vitek Vanecek,41,G,False,,00:00,0,0,0,,0/0,0/0,0/0,0/0,0,0,0,0
2025-06-06,2024030412,FLA,away,8475683,Sergei Bobrovsky,72,G,True,W,88:05,46,42,4,0.913043,36/39,6/7,0/0,42/46,3,1,0,0
2025-06-09,2024030413,FLA,home,8477970,Vitek Vanecek,41,G,False,,00:00,0,0,0,,0/0,0/0,0/0,0/0,0,0,0,0
2025-06-09,2024030413,FLA,home,8475683,Sergei Bobrovsky,72,G,True,W,60:00,33,32,1,0.969697,21/21,9/10,2/2,32/33,0,1,0,0
2025-06-09,2024030413,EDM,away,8475717,Calvin Pickard,30,G,False,,16:33,8,7,1,0.875,3/3,4/5,0/0,7/8,0,1,0,0
2025-06-09,2024030413,EDM,away,8479973,Stuart Skinner,74,G,True,L,43:27,23,18,5,0.782609,10/13,7/9,1/1,18/23,3,2,0,2
2025-06-12,2024030414,FLA,home,8477970,Vitek Vanecek,41,G,False,,00:00,0,0,0,,0/0,0/0,0/0,0/0,0,0,0,0
2025-06-12,2024030414,FLA,home,8475683,Sergei Bobrovsky,72,G,True,L,69:35,35,30,5,0.857143,20/24,10/11,0/0,30/35,4,1,0,0
2025-06-12,2024030414,EDM,away,8475717,Calvin Pickard,30,G,False,W,51:18,23,22,1,0.956522,18/19,3/3,1/1,22/23,1,0,0,0
2025-06-12,2024030414,EDM,away,8479973,Stuart Skinner,74,G,True,,20:00,17,14,3,0.823529,10/11,4/6,0/0,14/17,1,2,0,0
2025-06-14,2024030415,EDM,home,8475717,Calvin Pickard,30,G,True,L,57:04,18,14,4,0.777778,11/15,2/2,1/1,14/18,4,0,0,0
2025-06-14,2024030415,EDM,home,8479973,Stuart Skinner,74,G,False,,00:00,0,0,0,,0/0,0/0,0/0,0/0,0,0,0,0
2025-06-14,2024030415,FLA,away,8477970,Vitek Vanecek,41,G,False,,00:00,0,0,0,,0/0,0/0,0/0,0/0,0,0,0,0
2025-06-14,2024030415,FLA,away,8475683,Sergei Bobrovsky,72,G,True,W,60:00,21,19,2,0.904762,15/17,4/4,0/0,19/21,2,0,0,0
2025-06-17,2024030416,FLA,home,8477970,Vitek Vanecek,41,G,False,,00:00,0,0,0,,0/0,0/0,0/0,0/0,0,0,0,0
2025-06-17,2024030416,FLA,home,8475683,Sergei Bobrovsky,72,G,True,W,60:00,29,28,1,0.965517,28/29,0/0,0/0,28/29,1,0,0,0
2025-06-17,2024030416,EDM,away,8475717,Calvin Pickard,30,G,False,,00:00,0,0,0,,0/0,0/0,0/0,0/0,0,0,0,0
2025-06-17,2024030416,EDM,away,8479973,Stuart Skinner,74,G,True,L,58:43,23,20,3,0.869565,20/23,0/0,0/0,20/23,3,0,0,0
