datums,game_id,period,period_type,laiks,komanda,strength,goal_modifier,shot_type,situacijas_kods,scorer_id,scorer,assist1_id,assist1,assist2_id,assist2,home_score,away_score
2024-10-04,2024020001,1,REG,08:39,NJD,ev,none,snap,1551,8476474,S. Noesen,8480192,J. Kovacevic,,,0,1
2024-10-04,2024020001,1,REG,15:38,NJD,ev,none,wrist,1551,8480192,J. Kovacevic,8478399,J. Siegenthaler,8482110,D. Mercer,0,2
2024-10-04,2024020001,2,REG,03:29,NJD,ev,none,wrist,1551,8480002,N. Hischier,8479414,N. Bastian,8481032,P. Cotter,0,3
2024-10-04,2024020001,3,REG,10:07,BUF,ev,none,wrist,1551,8482671,O. Power,8482175,J. Peterka,8481524,B. Byram,1,3
2024-10-04,2024020001,3,REG,17:28,NJD,ev,empty-net,backhand,1560,8481032,P. Cotter,8479414,N. Bastian,,,1,4
2024-10-05,2024020002,2,REG,08:18,BUF,ev,none,poke,1551,8479420,T. Thompson,8478413,J. Greenway,8477949,A. Tuch,0,1
2024-10-05,2024020002,2,REG,11:59,NJD,pp,none,wrist,1451,8483429,S. Casey,8475287,E. Haula,8476474,S. Noesen,1,1
2024-10-05,2024020002,3,REG,07:18,NJD,ev,none,wrist,1551,8481032,P. Cotter,8481559,J. Hughes,,,2,1
2024-10-05,2024020002,3,REG,14:14,NJD,ev,none,wrist,1551,8478414,T. Meier,8479407,J. Bratt,8481559,J. Hughes,3,1
2024-10-08,2024020003,2,REG,00:27,SEA,ev,none,wrist,1551,8478407,V. Dunn,8474586,J. Eberle,,,1,0
2024-10-08,2024020003,2,REG,02:20,SEA,ev,none,tip-in,1551,8480009,E. Tolvanen,8482858,R. Evans,8478840,W. Borgen,2,0
2024-10-08,2024020003,2,REG,13:42,STL,pp,none,backhand,1541,8479385,J. Kyrou,8480023,R. Thomas,8475753,J. Faulk,2,1
2024-10-08,2024020003,2,REG,15:17,STL,ev,none,wrist,1551,8481598,P. Broberg,8475753,J. Faulk,8482077,D. Holloway,2,2
2024-10-08,2024020003,2,REG,15:37,STL,ev,none,wrist,1551,8479385,J. Kyrou,8480074,A. Texier,,,2,3
2024-10-08,2024020004,1,REG,06:27,FLA,ev,none,tip-in,1551,8477935,S. Bennett,8478542,E. Rodrigues,,,1,0
2024-10-08,2024020004,1,REG,07:31,FLA,ev,none,poke,1551,8480185,E. Luostarinen,8482113,A. Lundell,8477933,S. Reinhart,2,0
2024-10-08,2024020004,1,REG,15:33,BOS,sh,none,snap,1451,8478401,P. Zacha,8477496,E. Lindholm,8479369,A. Peeke,2,1
2024-10-08,2024020004,1,REG,18:34,FLA,sh,none,wrist,1541,8477933,S. Reinhart,8477493,A. Barkov,,,3,1
2024-10-08,2024020004,1,REG,19:34,FLA,ev,none,wrist,1551,8477935,S. Bennett,8478421,A. Greer,,,4,1
2024-10-08,2024020004,2,REG,09:12,FLA,ev,none,wrist,1551,8479981,J. Gadjovich,8480003,J. Boqvist,8484304,U. Balinskis,5,1
2024-10-08,2024020004,2,REG,12:32,BOS,ev,none,wrist,1551,8479325,C. McAvoy,8481556,J. Beecher,8476854,H. Lindholm,5,2
2024-10-08,2024020004,3,REG,06:26,FLA,ev,none,wrist,1551,8478542,E. Rodrigues,8479314,M. Tkachuk,8477932,A. Ekblad,6,2
2024-10-08,2024020004,3,REG,16:51,BOS,ev,none,snap,1551,8479365,T. Frederic,8479638,J. Brazeau,,,6,3
2024-10-08,2024020004,3,REG,18:15,BOS,pp,none,wrist,1541,8477956,D. Pastrnak,8479325,C. McAvoy,,,6,4
2024-10-08,2024020005,1,REG,04:56,UTA,ev,none,slap,1551,8482699,D. Guenther,8480891,M. Kesselring,8483431,L. Cooley,1,0
2024-10-08,2024020005,1,REG,13:35,UTA,ev,none,backhand,1551,8479343,C. Keller,8477951,N. Schmaltz,8480849,B. Hayton,2,0
2024-10-08,2024020005,2,REG,08:46,UTA,ev,none,tip-in,1551,8480849,B. Hayton,8479410,M. Sergachev,8477951,N. Schmaltz,3,0
2024-10-08,2024020005,2,REG,14:27,CHI,ev,none,backhand,1551,8476882,T. Teravainen,8484144,C. Bedard,8477495,S. Jones,3,1
2024-10-08,2024020005,3,REG,04:48,CHI,ev,none,tip-in,1551,8473422,N. Foligno,8481568,A. Vlasic,8484144,C. Bedard,3,2
2024-10-08,2024020005,3,REG,19:18,UTA,ev,empty-net,backhand,0651,8482699,D. Guenther,8483431,L. Cooley,8480434,S. Durzi,4,2
2024-10-08,2024020005,3,REG,19:38,UTA,ev,none,tip-in,1551,8478474,L. Crouse,8474013,I. Cole,,,5,2
2024-10-09,2024020006,1,REG,07:48,MTL,pp,none,snap,1451,8481540,C. Caufield,8483515,J. Slafkovský,8481523,K. Dach,1,0
2024-10-09,2024020007,1,REG,02:24,NYR,ev,none,snap,1551,8475842,S. Carrick,8476885,J. Trouba,8477380,J. Brodzinski,0,1
2024-10-09,2024020007,1,REG,17:23,NYR,ev,none,wrist,1551,8482109,A. Lafrenière,8478550,A. Panarin,,,0,2
2024-10-09,2024020007,1,REG,19:48,NYR,ev,none,wrist,1551,8475184,C. Kreider,8476885,J. Trouba,8475191,R. Smith,0,3
2024-10-09,2024020007,2,REG,09:39,NYR,ev,none,snap,1551,8480078,F. Chytil,8482157,W. Cuylle,,,0,4
2024-10-09,2024020007,3,REG,11:35,NYR,sh,none,wrist,1451,8475184,C. Kreider,,,,,0,5
2024-10-09,2024020007,3,REG,16:59,NYR,ev,none,wrist,1551,8476389,V. Trocheck,8482109,A. Lafrenière,8478550,A. Panarin,0,6
2024-10-09,2024020008,1,REG,14:56,WPG,ev,none,wrist,1551,8476392,A. Lowry,8475799,N. Niederreiter,8478891,M. Appleton,0,1
2024-10-09,2024020008,1,REG,18:35,WPG,ev,none,wrist,1551,8478891,M. Appleton,8475799,N. Niederreiter,8480145,N. Pionk,0,2
2024-10-09,2024020008,2,REG,04:17,WPG,ev,none,snap,1551,8480845,R. Kupari,8477504,J. Morrissey,8480289,M. Barron,0,3
2024-10-09,2024020008,2,REG,04:37,WPG,ev,none,snap,1551,8480049,D. Samberg,8478891,M. Appleton,8476392,A. Lowry,0,4
2024-10-09,2024020008,2,REG,09:33,WPG,pp,none,slap,1541,8478398,K. Connor,8477504,J. Morrissey,8476460,M. Scheifele,0,5
2024-10-09,2024020008,3,REG,14:15,WPG,pp,none,tip-in,1541,8476460,M. Scheifele,8477940,N. Ehlers,8480014,G. Vilardi,0,6
2024-10-09,2024020009,1,REG,09:40,VAN,pp,none,wrist,1451,8478466,D. Sprong,8479425,F. Hronek,8478046,D. Heinen,1,0
2024-10-09,2024020009,1,REG,11:48,VAN,pp,none,snap,1451,8478444,B. Boeser,8478498,J. DeBrusk,8480012,E. Pettersson,2,0
2024-10-09,2024020009,1,REG,12:16,VAN,ev,none,snap,1551,8478856,C. Garland,8481535,N. Hoglander,8482691,A. Räty,3,0
2024-10-09,2024020009,1,REG,15:49,CGY,sh,none,backhand,1451,8477511,A. Mantha,,,,,3,1
2024-10-09,2024020009,1,REG,17:18,VAN,ev,none,tip-in,1551,8478444,B. Boeser,8476468,J. Miller,8480800,Q. Hughes,4,1
2024-10-09,2024020009,2,REG,17:01,CGY,ev,none,wrist,1551,8478397,R. Andersson,8475172,N. Kadri,8483808,A. Kuzmenko,4,2
2024-10-09,2024020009,3,REG,02:41,CGY,ev,none,wrist,1551,8481028,M. Pospisil,8477511,A. Mantha,8480860,K. Bahl,4,3
2024-10-09,2024020009,3,REG,08:16,CGY,pp,none,wrist,1541,8477346,M. Weegar,8482074,C. Zary,8475172,N. Kadri,4,4
2024-10-09,2024020009,3,REG,10:40,CGY,ev,none,backhand,1551,8476456,J. Huberdeau,8481167,B. Pachal,8479402,J. Bean,4,5
2024-10-09,2024020009,3,REG,18:23,VAN,ev,none,slap,1560,8476468,J. Miller,8480800,Q. Hughes,,,5,5
2024-10-09,2024020009,4,OT,01:33,CGY,ev,none,wrist,1331,8482074,C. Zary,8481028,M. Pospisil,8478397,R. Andersson,5,6
2024-10-09,2024020010,1,REG,10:48,COL,ev,none,slap,1551,8478420,M. Rantanen,8477492,N. MacKinnon,8478038,D. Toews,0,1
2024-10-09,2024020010,1,REG,11:15,VGK,ev,none,wrist,1551,8478109,V. Olofsson,8474565,A. Pietrangelo,8477447,S. Theodore,1,1
2024-10-09,2024020010,1,REG,18:32,VGK,ev,none,wrist,1551,8477964,I. Barbashev,8478396,N. Hanifin,8478403,J. Eichel,2,1
2024-10-09,2024020010,1,REG,18:57,VGK,ev,none,snap,1551,8475913,M. Stone,8478403,J. Eichel,8477964,I. Barbashev,3,1
2024-10-09,2024020010,2,REG,04:15,COL,pp,none,slap,1541,8478420,M. Rantanen,8480069,C. Makar,8477492,N. MacKinnon,3,2
2024-10-09,2024020010,2,REG,05:49,VGK,ev,none,wrist,1551,8480727,Z. Whitecloud,8477964,I. Barbashev,8478403,J. Eichel,4,2
2024-10-09,2024020010,2,REG,17:32,COL,ev,none,backhand,1551,8479999,C. Mittelstadt,8479398,S. Girard,8476312,J. Manson,4,3
2024-10-09,2024020010,2,REG,19:46,VGK,pp,none,wrist,1451,8478109,V. Olofsson,8477447,S. Theodore,8476881,T. Hertl,5,3
2024-10-09,2024020010,3,REG,06:59,COL,ev,none,slap,1551,8478420,M. Rantanen,8480069,C. Makar,8479398,S. Girard,5,4
2024-10-09,2024020010,3,REG,08:29,VGK,pp,none,deflected,1451,8475913,M. Stone,8478403,J. Eichel,8477447,S. Theodore,6,4
2024-10-09,2024020010,3,REG,13:54,VGK,ev,none,backhand,1551,8477964,I. Barbashev,8475188,B. McNabb,,,7,4
2024-10-09,2024020010,3,REG,19:24,VGK,ev,empty-net,wrist,0651,8479353,B. Howden,8476871,T. Pearson,8475913,M. Stone,8,4
2024-10-10,2024020011,1,REG,08:26,MTL,pp,none,tip-in,1541,8475848,B. Gallagher,8476469,J. Armia,8483457,L. Hutson,0,1
2024-10-10,2024020011,1,REG,11:04,BOS,pp,none,wrist,1451,8479325,C. McAvoy,8473419,B. Marchand,8477496,E. Lindholm,1,1
2024-10-10,2024020011,1,REG,12:18,MTL,ev,none,wrist,1551,8481540,C. Caufield,8482087,K. Guhle,8483457,L. Hutson,1,2
2024-10-10,2024020011,1,REG,13:24,BOS,ev,none,wrist,1551,8480355,M. Kastelic,8477507,N. Zadorov,8481043,C. Koepke,2,2
2024-10-10,2024020011,1,REG,18:23,BOS,ev,none,tip-in,1551,8477496,E. Lindholm,8477507,N. Zadorov,8477956,D. Pastrnak,3,2
2024-10-10,2024020011,2,REG,15:56,BOS,ev,none,slap,1551,8477956,D. Pastrnak,8478401,P. Zacha,8477496,E. Lindholm,4,2
2024-10-10,2024020011,2,REG,16:51,BOS,ev,none,poke,1551,8481043,C. Koepke,8481556,J. Beecher,8478443,B. Carlo,5,2
2024-10-10,2024020011,3,REG,09:05,MTL,ev,none,tip-in,1551,8476981,J. Anderson,8482087,K. Guhle,8482775,O. Kapanen,5,3
2024-10-10,2024020011,3,REG,15:43,MTL,ev,none,snap,1551,8475848,B. Gallagher,8478133,J. Evans,8476469,J. Armia,5,4
2024-10-10,2024020011,3,REG,16:00,BOS,ev,none,wrist,1551,8480355,M. Kastelic,8481043,C. Koepke,8478443,B. Carlo,6,4
2024-10-10,2024020012,2,REG,16:55,BUF,sh,none,snap,1541,8477949,A. Tuch,,,,,1,0
2024-10-10,2024020012,3,REG,00:13,LAK,ev,none,snap,1551,8471685,A. Kopitar,8482155,A. Laferriere,8476441,J. Edmundson,1,1
2024-10-10,2024020012,3,REG,18:22,LAK,pp,none,slap,1541,8471685,A. Kopitar,8481606,J. Spence,8477942,K. Fiala,1,2
2024-10-10,2024020012,3,REG,19:18,LAK,ev,empty-net,wrist,1560,8471685,A. Kopitar,8482124,Q. Byfield,8477960,A. Kempe,1,3
2024-10-10,2024020013,1,REG,05:52,OTT,pp,none,wrist,1451,8482116,T. Stützle,8480064,J. Norris,8482105,J. Sanderson,1,0
2024-10-10,2024020013,1,REG,10:42,OTT,ev,none,wrist,1551,8481596,S. Pinto,,,,,2,0
2024-10-10,2024020013,2,REG,15:48,FLA,ev,none,slap,1551,8478055,G. Forsling,8477935,S. Bennett,8479314,M. Tkachuk,2,1
2024-10-10,2024020013,3,REG,18:50,OTT,ev,empty-net,wrist,0651,8482116,T. Stützle,8480801,B. Tkachuk,,,3,1
2024-10-10,2024020015,1,REG,08:18,TOR,ev,none,snap,1551,8474157,M. Pacioretty,8480995,P. Holmberg,8479982,C. Timmins,0,1
2024-10-10,2024020015,1,REG,11:29,TOR,ev,none,snap,1551,8482259,B. McMann,8476931,J. McCabe,8478904,S. Lorentz,0,2
2024-10-10,2024020015,1,REG,14:46,TOR,ev,none,backhand,1551,8478904,S. Lorentz,8480144,D. Kampf,,,0,3
2024-10-10,2024020015,1,REG,19:18,NJD,pp,none,wrist,1451,8479407,J. Bratt,,,,,1,3
2024-10-10,2024020015,2,REG,14:52,TOR,ev,none,wrist,1551,8475166,J. Tavares,8477503,M. Domi,8475171,O. Ekman-Larsson,1,4
2024-10-10,2024020015,2,REG,19:54,NJD,ev,none,wrist,1551,8478414,T. Meier,8480192,J. Kovacevic,8475455,B. Dillon,2,4
2024-10-10,2024020016,1,REG,11:10,NYI,pp,none,deflected,1451,8477407,A. Duclair,8480865,N. Dobson,8478445,M. Barzal,1,0
2024-10-10,2024020016,1,REG,19:01,UTA,pp,none,snap,1541,8478474,L. Crouse,8481711,M. Maccelli,8483431,L. Cooley,1,1
2024-10-10,2024020016,2,REG,13:07,UTA,ev,none,tip-in,1551,8480849,B. Hayton,8479410,M. Sergachev,8479343,C. Keller,1,2
2024-10-10,2024020016,3,REG,01:03,NYI,ev,none,slap,1551,8477500,B. Horvat,8477407,A. Duclair,8480865,N. Dobson,2,2
2024-10-10,2024020016,3,REG,06:52,NYI,sh,none,backhand,1541,8476419,J. Pageau,8481601,S. Holmstrom,,,3,2
2024-10-10,2024020016,3,REG,07:37,UTA,pp,none,snap,1541,8482699,D. Guenther,8479343,C. Keller,8479410,M. Sergachev,3,3
2024-10-10,2024020016,3,REG,17:53,NYI,ev,none,snap,1551,8484958,M. Tsyplakov,8475754,B. Nelson,8475151,K. Palmieri,4,3
2024-10-10,2024020016,3,REG,18:06,UTA,ev,none,backhand,1551,8482659,J. Doan,8477021,A. Kerfoot,8478474,L. Crouse,4,4
2024-10-10,2024020016,4,OT,02:18,UTA,ev,none,snap,1331,8482699,D. Guenther,8480434,S. Durzi,8483431,L. Cooley,4,5
2024-10-10,2024020014,1,REG,03:46,DET,ev,none,slap,1551,8479337,A. DeBrincat,8482078,L. Raymond,8477946,D. Larkin,1,0
2024-10-10,2024020014,1,REG,15:02,PIT,ev,none,wrist,1551,8478463,A. Beauvillier,8471675,S. Crosby,8479344,J. Puljujarvi,1,1
2024-10-10,2024020014,2,REG,02:55,PIT,ev,none,wrist,1551,8478463,A. Beauvillier,8477969,M. Pettersson,8471675,S. Crosby,1,2
2024-10-10,2024020014,2,REG,03:53,PIT,ev,none,wrist,1551,8482055,D. O'Connor,8471215,E. Malkin,8474578,E. Karlsson,1,3
2024-10-10,2024020014,2,REG,05:28,PIT,ev,none,wrist,1551,8477969,M. Pettersson,,,,,1,4
2024-10-10,2024020014,2,REG,12:32,DET,ev,none,snap,1551,8475765,V. Tarasenko,8481542,M. Seider,8479337,A. DeBrincat,2,4
2024-10-10,2024020014,3,REG,01:42,PIT,pp,none,wrist,1541,8474578,E. Karlsson,8471724,K. Letang,8471215,E. Malkin,2,5
2024-10-10,2024020014,3,REG,08:13,DET,pp,none,slap,1351,8479337,A. DeBrincat,8476979,E. Gustafsson,8482078,L. Raymond,3,5
2024-10-10,2024020014,3,REG,12:21,PIT,ev,none,snap,1551,8475763,K. Hayes,8479996,C. Glass,,,3,6
2024-10-10,2024020017,2,REG,02:05,DAL,ev,none,wrist,1551,8478449,R. Hintz,8482702,L. Stankoven,8482740,W. Johnston,0,1
2024-10-10,2024020017,2,REG,02:24,DAL,ev,none,snap,1551,8480027,J. Robertson,8478449,R. Hintz,8482702,L. Stankoven,0,2
2024-10-10,2024020017,2,REG,03:30,NSH,pp,none,snap,1451,8476887,F. Forsberg,8476539,J. Marchessault,8474600,R. Josi,1,2
2024-10-10,2024020017,2,REG,08:03,DAL,pp,none,wrist,1541,8478975,M. Marchment,8475168,M. Duchene,8482702,L. Stankoven,1,3
2024-10-10,2024020017,2,REG,18:15,DAL,ev,none,wrist,1551,8478975,M. Marchment,8475794,T. Seguin,8481581,T. Harley,1,4
2024-10-10,2024020017,3,REG,04:37,NSH,ev,none,backhand,1551,8478438,T. Novak,8482146,L. Evangelista,8476887,F. Forsberg,2,4
2024-10-10,2024020017,3,REG,18:25,NSH,ev,none,wrist,1560,8475158,R. O'Reilly,8476539,J. Marchessault,,,3,4
2024-10-10,2024020018,1,REG,17:51,MIN,ev,none,wrist,1551,8481557,M. Boldy,8475149,M. Johansson,8476463,J. Brodin,1,0
2024-10-10,2024020018,2,REG,02:00,CBJ,ev,none,wrist,1551,8482660,K. Johnson,8482705,C. Sillinger,8476923,D. Severson,1,1
2024-10-10,2024020018,2,REG,16:35,MIN,ev,none,snap,1551,8478493,J. Eriksson Ek,8475149,M. Johansson,8481557,M. Boldy,2,1
2024-10-10,2024020018,3,REG,09:58,MIN,pp,none,snap,1451,8475692,M. Zuccarello,8481557,M. Boldy,8478864,K. Kaprizov,3,1
2024-10-10,2024020018,3,REG,17:06,CBJ,pp,none,slap,1541,8478460,Z. Werenski,8482475,E. Chinakhov,8482660,K. Johnson,3,2
2024-10-10,2024020019,1,REG,07:01,SJS,ev,none,backhand,1551,8484801,M. Celebrini,8482667,W. Eklund,8478013,J. Walman,1,0
2024-10-10,2024020019,1,REG,08:51,STL,ev,none,wrist,1551,8477402,P. Buchnevich,8479385,J. Kyrou,8481598,P. Broberg,1,1
2024-10-10,2024020019,1,REG,17:14,SJS,ev,none,snap,1551,8475726,T. Toffoli,8484801,M. Celebrini,8480172,J. Rutta,2,1
2024-10-10,2024020019,2,REG,08:26,SJS,pp,none,wrist,1451,8480188,F. Zetterlund,8475798,M. Granlund,8475726,T. Toffoli,3,1
2024-10-10,2024020019,2,REG,17:37,SJS,sh,none,deflected,1541,8476624,B. Goodrow,,,,,4,1
2024-10-10,2024020019,3,REG,02:54,STL,ev,none,wrist,1551,8476889,R. Faksa,8477573,N. Walker,,,4,2
2024-10-10,2024020019,3,REG,06:11,STL,ev,none,wrist,1551,8470600,R. Suter,8480281,A. Toropchenko,,,4,3
2024-10-10,2024020019,3,REG,19:13,STL,ev,none,wrist,0651,8475753,J. Faulk,8480023,R. Thomas,8479385,J. Kyrou,4,4
2024-10-10,2024020019,4,OT,00:45,STL,ev,none,wrist,1331,8475170,B. Schenn,8476892,C. Parayko,8480023,R. Thomas,4,5
2024-10-11,2024020020,1,REG,14:32,CAR,ev,none,snap,1551,8473533,J. Staal,8477478,W. Carrier,,,1,0
2024-10-11,2024020020,2,REG,02:33,TBL,pp,none,wrist,1541,8478010,B. Point,8476453,N. Kucherov,8475167,V. Hedman,1,1
2024-10-11,2024020020,3,REG,11:06,TBL,pp,none,slap,1541,8476453,N. Kucherov,8475167,V. Hedman,8477426,N. Paul,1,2
2024-10-11,2024020020,3,REG,17:53,TBL,ev,empty-net,wrist,1560,8476453,N. Kucherov,8477404,J. Guentzel,8478416,E. Cernak,1,3
2024-10-11,2024020020,3,REG,19:44,TBL,ev,empty-net,snap,1560,8476453,N. Kucherov,8477404,J. Guentzel,8475167,V. Hedman,1,4
2024-10-11,2024020021,2,REG,16:52,CHI,ev,none,wrist,1551,8477987,R. Donato,8474034,P. Maroon,,,0,1
2024-10-11,2024020021,3,REG,18:56,WPG,ev,none,backhand,1560,8476460,M. Scheifele,8477940,N. Ehlers,,,1,1
2024-10-11,2024020021,4,OT,00:38,WPG,ev,none,tip-in,1331,8476460,M. Scheifele,8478398,K. Connor,8477504,J. Morrissey,2,1
2024-10-11,2024020022,1,REG,12:55,VAN,ev,none,wrist,1551,8481535,N. Hoglander,8478856,C. Garland,,,1,0
2024-10-11,2024020022,1,REG,17:24,PHI,pp,none,wrist,1541,8482159,T. Foerster,8480797,J. Farabee,8481553,B. Brink,1,1
2024-10-11,2024020022,2,REG,11:25,VAN,ev,none,tip-in,1551,8476927,T. Blueger,8475762,D. Forbort,8480459,P. Suter,2,1
2024-10-11,2024020022,3,REG,02:48,PHI,ev,none,wrist,1551,8481546,C. York,8480068,R. Poehling,8477903,G. Hathaway,2,2
2024-10-11,2024020022,5,SO,00:00,PHI,ev,none,wrist,0101,8480028,M. Frost,,,,,2,3
2024-10-11,2024020023,1,REG,06:47,STL,ev,none,backhand,1551,8477402,P. Buchnevich,8479385,J. Kyrou,8481598,P. Broberg,0,1
2024-10-11,2024020023,1,REG,08:02,VGK,ev,none,backhand,1551,8478403,J. Eichel,8477964,I. Barbashev,8475913,M. Stone,1,1
2024-10-11,2024020023,1,REG,18:13,VGK,ev,none,snap,1551,8477964,I. Barbashev,8475913,M. Stone,8478403,J. Eichel,2,1
2024-10-11,2024020023,2,REG,02:55,VGK,ev,none,slap,1551,8477447,S. Theodore,8481655,C. Schwindt,,,3,1
2024-10-11,2024020023,2,REG,07:29,STL,pp,none,wrist,1541,8477402,P. Buchnevich,8479385,J. Kyrou,8475753,J. Faulk,3,2
2024-10-11,2024020023,3,REG,12:53,VGK,ev,none,tip-in,1551,8478462,N. Roy,8477447,S. Theodore,8474565,A. Pietrangelo,4,2
2024-10-11,2024020023,3,REG,15:04,STL,ev,none,wrist,1551,8480023,R. Thomas,8477402,P. Buchnevich,8476892,C. Parayko,4,3
2024-10-12,2024020024,2,REG,05:22,LAK,ev,none,wrist,1551,8479675,T. Moore,8476479,P. Danault,8482124,Q. Byfield,0,1
2024-10-12,2024020024,2,REG,16:50,BOS,ev,none,wrist,1441,8477496,E. Lindholm,8473419,B. Marchand,,,1,1
2024-10-12,2024020024,4,OT,03:07,BOS,ev,none,wrist,1331,8477956,D. Pastrnak,8482511,M. Lohrei,8483505,M. Poitras,2,1
2024-10-12,2024020025,1,REG,09:01,FLA,ev,none,wrist,1551,8477220,N. Schmidt,8478421,A. Greer,8480003,J. Boqvist,0,1
2024-10-12,2024020025,1,REG,16:46,BUF,ev,none,backhand,1551,8478413,J. Greenway,8481522,P. Krebs,,,1,1
2024-10-12,2024020025,1,REG,17:27,BUF,ev,none,wrist,1551,8479420,T. Thompson,8477949,A. Tuch,8477365,C. Clifton,2,1
2024-10-12,2024020025,2,REG,01:34,BUF,ev,none,slap,1551,8480035,H. Jokiharju,8480839,R. Dahlin,8482097,J. Quinn,3,1
2024-10-12,2024020025,2,REG,16:22,BUF,ev,none,wrist,1551,8480807,M. Samuelsson,8475722,J. Zucker,8480802,R. McLeod,4,1
2024-10-12,2024020025,2,REG,18:42,FLA,pp,none,tip-in,1541,8477935,S. Bennett,8477933,S. Reinhart,8478542,E. Rodrigues,4,2
2024-10-12,2024020025,3,REG,18:48,BUF,ev,empty-net,wrist,0651,8477949,A. Tuch,,,,,5,2
2024-10-12,2024020026,1,REG,10:58,PIT,pp,none,slap,1541,8471724,K. Letang,8471675,S. Crosby,8471215,E. Malkin,0,1
2024-10-12,2024020026,2,REG,00:50,TOR,ev,none,snap,1551,8477939,W. Nylander,8477503,M. Domi,,,1,1
2024-10-12,2024020026,2,REG,02:53,TOR,ev,none,wrist,1551,8482720,M. Knies,8476853,M. Rielly,8478483,M. Marner,2,1
2024-10-12,2024020026,3,REG,02:12,TOR,ev,none,snap,1551,8478483,M. Marner,,,,,3,1
2024-10-12,2024020026,3,REG,12:29,PIT,ev,none,wrist,1551,8476483,R. Rakell,8471215,E. Malkin,,,3,2
2024-10-12,2024020026,3,REG,19:38,TOR,ev,empty-net,snap,0651,8477939,W. Nylander,8477503,M. Domi,,,4,2
2024-10-12,2024020027,1,REG,10:37,MTL,pp,none,snap,1451,8482476,E. Heineman,8477989,C. Dvorak,8483457,L. Hutson,1,0
2024-10-12,2024020027,1,REG,15:03,MTL,ev,none,wrist,1551,8481540,C. Caufield,8476875,M. Matheson,8483515,J. Slafkovský,2,0
2024-10-12,2024020027,3,REG,03:50,MTL,ev,none,snap,1551,8481618,A. Newhook,8483457,L. Hutson,8482087,K. Guhle,3,0
2024-10-12,2024020027,3,REG,05:30,OTT,ev,none,wrist,1551,8482116,T. Stützle,8480801,B. Tkachuk,8475324,N. Jensen,3,1
2024-10-12,2024020027,3,REG,07:43,MTL,ev,none,backhand,1551,8481540,C. Caufield,8480018,N. Suzuki,8483515,J. Slafkovský,4,1
2024-10-12,2024020028,2,REG,01:02,DET,ev,none,tip-in,1551,8477456,J. Compher,8475279,B. Chiarot,8481542,M. Seider,1,0
2024-10-12,2024020028,3,REG,06:35,DET,ev,none,deflected,1551,8477429,A. Copp,8482078,L. Raymond,8482762,S. Edvinsson,2,0
2024-10-12,2024020028,3,REG,19:40,DET,ev,empty-net,wrist,0651,8477946,D. Larkin,,,,,3,0
2024-10-12,2024020030,1,REG,03:43,UTA,ev,none,snap,1551,8480849,B. Hayton,8479343,C. Keller,8477951,N. Schmaltz,0,1
2024-10-12,2024020030,1,REG,08:38,NYR,ev,none,wrist,1551,8478550,A. Panarin,8482109,A. Lafrenière,,,1,1
2024-10-12,2024020030,2,REG,01:48,UTA,ev,none,backhand,1551,8480855,J. McBain,8481609,V. Kolyachonok,8483431,L. Cooley,1,2
2024-10-12,2024020030,2,REG,03:51,NYR,pp,none,snap,1451,8478550,A. Panarin,8479323,A. Fox,8476389,V. Trocheck,2,2
2024-10-12,2024020030,2,REG,06:02,UTA,ev,none,snap,1441,8479343,C. Keller,8477021,A. Kerfoot,,,2,3
2024-10-12,2024020030,2,REG,08:38,UTA,ev,none,wrist,1551,8478831,K. Stenlund,8481711,M. Maccelli,,,2,4
2024-10-12,2024020030,2,REG,09:18,NYR,ev,none,wrist,1551,8480817,K. Miller,8479323,A. Fox,,,3,4
2024-10-12,2024020030,2,REG,13:59,UTA,pp,none,snap,1541,8482699,D. Guenther,8477951,N. Schmaltz,8480849,B. Hayton,3,5
2024-10-12,2024020030,2,REG,17:59,NYR,ev,none,wrist,1551,8482073,B. Schneider,8476885,J. Trouba,8482157,W. Cuylle,4,5
2024-10-12,2024020030,3,REG,12:56,NYR,ev,none,deflected,1551,8482157,W. Cuylle,8479323,A. Fox,8481554,K. Kakko,5,5
2024-10-12,2024020030,4,OT,04:05,UTA,ev,none,backhand,1331,8479343,C. Keller,,,,,5,6
2024-10-12,2024020031,1,REG,10:48,WSH,pp,none,slap,1451,8474590,J. Carlson,8479400,P. Dubois,8478440,D. Strome,1,0
2024-10-12,2024020031,1,REG,13:42,NJD,ev,none,wrist,1551,8483429,S. Casey,8479407,J. Bratt,8478414,T. Meier,1,1
2024-10-12,2024020031,1,REG,16:24,NJD,ev,none,wrist,1551,8481032,P. Cotter,8476474,S. Noesen,8475287,E. Haula,1,2
2024-10-12,2024020031,2,REG,00:32,WSH,ev,none,poke,1551,8478440,D. Strome,8474590,J. Carlson,8471214,A. Ovechkin,2,2
2024-10-12,2024020031,2,REG,03:56,NJD,ev,none,snap,1551,8475193,T. Tatar,8476474,S. Noesen,8475287,E. Haula,2,3
2024-10-12,2024020031,2,REG,13:38,NJD,ev,none,snap,1551,8481032,P. Cotter,8476474,S. Noesen,8475287,E. Haula,2,4
2024-10-12,2024020031,3,REG,01:35,WSH,ev,none,snap,1551,8476880,T. Wilson,8481580,C. McMichael,,,3,4
2024-10-12,2024020031,3,REG,19:52,NJD,ev,empty-net,snap,1560,8482110,D. Mercer,8475193,T. Tatar,8480002,N. Hischier,3,5
2024-10-12,2024020032,1,REG,07:59,DAL,ev,none,wrist,1551,8475794,T. Seguin,8478975,M. Marchment,8475168,M. Duchene,1,0
2024-10-12,2024020032,2,REG,10:58,DAL,ev,none,snap,1551,8473994,J. Benn,8482740,W. Johnston,,,2,0
2024-10-12,2024020032,3,REG,18:57,DAL,ev,empty-net,wrist,0651,8475794,T. Seguin,8478975,M. Marchment,8479351,S. Steel,3,0
2024-10-12,2024020033,1,REG,09:22,MIN,ev,none,snap,1551,8475692,M. Zuccarello,8478864,K. Kaprizov,8482079,M. Rossi,1,0
2024-10-12,2024020033,2,REG,01:06,MIN,pp,none,wrist,1451,8481557,M. Boldy,8478864,K. Kaprizov,8475692,M. Zuccarello,2,0
2024-10-12,2024020033,2,REG,01:46,SEA,ev,none,poke,1551,8474586,J. Eberle,8477955,J. McCann,8477986,B. Montour,2,1
2024-10-12,2024020033,2,REG,08:15,SEA,pp,none,wrist,1541,8474586,J. Eberle,8477444,A. Burakovsky,8478407,V. Dunn,2,2
2024-10-12,2024020033,3,REG,01:41,MIN,ev,none,tip-in,1551,8478864,K. Kaprizov,8482079,M. Rossi,8482122,B. Faber,3,2
2024-10-12,2024020033,3,REG,02:47,SEA,ev,none,snap,1551,8481789,T. Kartye,8479293,B. Tanev,8476826,Y. Gourde,3,3
2024-10-12,2024020033,3,REG,12:33,MIN,ev,none,wrist,1551,8477451,R. Hartman,8481557,M. Boldy,8474716,J. Spurgeon,4,3
2024-10-12,2024020033,3,REG,16:34,SEA,ev,none,slap,0651,8477955,J. McCann,8482858,R. Evans,8477444,A. Burakovsky,4,4
2024-10-12,2024020033,5,SO,00:00,SEA,ev,none,wrist,0101,8474586,J. Eberle,,,,,4,5
2024-10-12,2024020034,1,REG,06:38,CBJ,ev,none,snap,1551,8478460,Z. Werenski,8482475,E. Chinakhov,8477497,S. Monahan,0,1
2024-10-12,2024020034,1,REG,07:45,CBJ,ev,none,snap,1551,8482660,K. Johnson,8481161,J. Christiansen,,,0,2
2024-10-12,2024020034,1,REG,19:52,COL,pp,none,slap,1451,8477492,N. MacKinnon,8483930,I. Ivan,8478420,M. Rantanen,1,2
2024-10-12,2024020034,2,REG,01:56,CBJ,ev,none,wrist,1551,8484166,A. Fantilli,8478099,K. Labanc,8480193,D. Tarasov,1,3
2024-10-12,2024020034,2,REG,02:11,COL,ev,none,snap,1551,8477425,M. Wood,8480448,P. Kelly,8475177,C. de Haan,2,3
2024-10-12,2024020034,2,REG,03:42,COL,pp,none,backhand,1451,8479999,C. Mittelstadt,8479525,R. Colton,8480069,C. Makar,3,3
2024-10-12,2024020034,2,REG,04:33,CBJ,ev,none,wrist,1551,8480893,K. Marchenko,8476923,D. Severson,,,3,4
2024-10-12,2024020034,2,REG,09:49,CBJ,ev,none,wrist,1551,8482475,E. Chinakhov,8477497,S. Monahan,8480893,K. Marchenko,3,5
2024-10-12,2024020034,3,REG,18:40,COL,ev,none,wrist,1560,8479525,R. Colton,8477492,N. MacKinnon,8480069,C. Makar,4,5
2024-10-12,2024020034,3,REG,19:48,CBJ,pp,empty-net,wrist,1550,8477497,S. Monahan,8480893,K. Marchenko,8482475,E. Chinakhov,4,6
2024-10-12,2024020035,1,REG,05:37,CGY,ev,none,snap,1551,8476456,J. Huberdeau,8481028,M. Pospisil,8477511,A. Mantha,1,0
2024-10-12,2024020035,1,REG,07:43,CGY,pp,none,slap,1341,8477346,M. Weegar,8476456,J. Huberdeau,8483808,A. Kuzmenko,2,0
2024-10-12,2024020035,2,REG,07:05,PHI,sh,none,wrist,1451,8478439,T. Konecny,8476872,S. Laughton,8473446,E. Johnson,2,1
2024-10-12,2024020035,2,REG,14:41,CGY,pp,none,wrist,1351,8475172,N. Kadri,8483808,A. Kuzmenko,8476456,J. Huberdeau,3,1
2024-10-12,2024020035,2,REG,18:11,PHI,ev,none,wrist,1551,8480797,J. Farabee,8481553,B. Brink,8476461,S. Couturier,3,2
2024-10-12,2024020035,3,REG,14:46,CGY,ev,none,snap,1551,8474150,M. Backlund,8476399,B. Coleman,8482074,C. Zary,4,2
2024-10-12,2024020035,3,REG,15:34,CGY,ev,none,snap,1551,8476456,J. Huberdeau,8481028,M. Pospisil,8479402,J. Bean,5,2
2024-10-12,2024020035,3,REG,17:11,PHI,pp,none,wrist,0641,8478439,T. Konecny,8484387,M. Michkov,8480028,M. Frost,5,3
2024-10-12,2024020035,3,REG,18:16,CGY,ev,empty-net,wrist,0651,8475172,N. Kadri,8483808,A. Kuzmenko,8477346,M. Weegar,6,3
2024-10-12,2024020036,1,REG,15:50,CHI,ev,none,tip-in,1551,8480798,P. Kurashev,8475791,T. Hall,8482176,W. Kaiser,0,1
2024-10-12,2024020036,2,REG,04:55,EDM,ev,none,backhand,1551,8470621,C. Perry,8475784,J. Skinner,8475218,M. Ekholm,1,1
2024-10-12,2024020036,2,REG,10:19,CHI,pp,none,wrist,1541,8477495,S. Jones,8484144,C. Bedard,8476882,T. Teravainen,1,2
2024-10-12,2024020036,2,REG,13:58,CHI,ev,none,snap,1551,8484144,C. Bedard,8476882,T. Teravainen,8474673,T. Brodie,1,3
2024-10-12,2024020036,3,REG,05:35,CHI,pp,none,snap,1541,8476882,T. Teravainen,8477495,S. Jones,8484144,C. Bedard,1,4
2024-10-12,2024020036,3,REG,10:01,EDM,pp,none,wrist,1451,8477934,L. Draisaitl,8478402,C. McDavid,8476454,R. Nugent-Hopkins,2,4
2024-10-12,2024020036,3,REG,19:13,CHI,pp,none,slap,1541,8476882,T. Teravainen,8481568,A. Vlasic,8477495,S. Jones,2,5
2024-10-12,2024020037,3,REG,11:00,ANA,ev,none,wrist,1551,8480806,I. Lundestrom,8476934,B. McGinn,8481517,B. Leason,0,1
2024-10-12,2024020037,3,REG,18:25,ANA,ev,empty-net,wrist,1560,8481533,T. Zegras,8475764,C. Fowler,,,0,2
2024-10-13,2024020038,1,REG,04:06,MIN,ev,none,wrist,1551,8478136,J. Middleton,8482079,M. Rossi,,,0,1
2024-10-13,2024020038,1,REG,19:58,WPG,ev,none,snap,1560,8476460,M. Scheifele,8476392,A. Lowry,,,1,1
2024-10-13,2024020038,4,OT,00:51,WPG,pp,none,wrist,1341,8478398,K. Connor,8476460,M. Scheifele,8477504,J. Morrissey,2,1
2024-10-13,2024020039,1,REG,16:17,DAL,ev,none,wrist,1551,8479351,S. Steel,8476278,C. Blackwell,8481581,T. Harley,1,0
2024-10-13,2024020039,1,REG,16:30,DAL,ev,none,snap,1551,8482740,W. Johnston,8473994,J. Benn,8482702,L. Stankoven,2,0
2024-10-13,2024020040,1,REG,01:16,EDM,ev,none,snap,1551,8475784,J. Skinner,8475218,M. Ekholm,8478402,C. McDavid,1,0
2024-10-13,2024020040,2,REG,07:30,CGY,ev,none,snap,1551,8478397,R. Andersson,,,,,1,1
2024-10-13,2024020040,3,REG,07:06,CGY,ev,none,backhand,1551,8477511,A. Mantha,8481028,M. Pospisil,8478397,R. Andersson,1,2
2024-10-13,2024020040,3,REG,09:27,CGY,ev,none,backhand,1551,8477993,J. Kirkland,8480860,K. Bahl,8478397,R. Andersson,1,3
2024-10-13,2024020040,3,REG,19:36,CGY,ev,empty-net,wrist,1560,8482074,C. Zary,,,,,1,4
2024-10-13,2024020041,1,REG,06:17,VGK,ev,none,backhand,1551,8479353,B. Howden,8474565,A. Pietrangelo,8478434,K. Kolesar,1,0
2024-10-13,2024020041,1,REG,11:49,ANA,ev,none,snap,1551,8478873,T. Terry,,,,,1,1
2024-10-13,2024020041,3,REG,05:18,VGK,pp,none,wrist,1451,8476881,T. Hertl,8475913,M. Stone,8478403,J. Eichel,2,1
2024-10-13,2024020041,3,REG,14:09,VGK,ev,none,snap,1551,8481604,P. Dorofeyev,8478434,K. Kolesar,,,3,1
2024-10-14,2024020042,1,REG,04:53,BOS,ev,none,deflected,1551,8481556,J. Beecher,8480355,M. Kastelic,8482511,M. Lohrei,1,0
2024-10-14,2024020042,1,REG,06:37,FLA,ev,none,wrist,1441,8482113,A. Lundell,,,,,1,1
2024-10-14,2024020042,1,REG,11:51,FLA,pp,none,wrist,1541,8477933,S. Reinhart,8480871,A. Boqvist,,,1,2
2024-10-14,2024020042,2,REG,05:08,BOS,ev,none,snap,1551,8478443,B. Carlo,8481043,C. Koepke,8480355,M. Kastelic,2,2
2024-10-14,2024020042,2,REG,09:39,FLA,sh,none,wrist,1451,8477933,S. Reinhart,,,,,2,3
2024-10-14,2024020042,2,REG,12:59,FLA,ev,none,wrist,1551,8482113,A. Lundell,8478055,G. Forsling,,,2,4
2024-10-14,2024020042,2,REG,14:07,BOS,ev,none,wrist,1551,8482511,M. Lohrei,8480355,M. Kastelic,8481556,J. Beecher,3,4
2024-10-14,2024020043,1,REG,08:12,LAK,pp,none,slap,1541,8477942,K. Fiala,8471685,A. Kopitar,8482730,B. Clarke,0,1
2024-10-14,2024020043,1,REG,09:07,LAK,ev,none,deflected,1551,8473453,T. Lewis,8481532,A. Turcotte,8479998,M. Anderson,0,2
2024-10-14,2024020043,1,REG,10:25,OTT,pp,none,wrist,1451,8482105,J. Sanderson,8480801,B. Tkachuk,8482116,T. Stützle,1,2
2024-10-14,2024020043,2,REG,05:31,LAK,pp,none,snap,1541,8477960,A. Kempe,8482730,B. Clarke,8471685,A. Kopitar,1,3
2024-10-14,2024020043,2,REG,10:26,OTT,ev,none,slap,1551,8479772,Z. MacEwen,8475324,N. Jensen,,,2,3
2024-10-14,2024020043,2,REG,11:16,LAK,ev,none,deflected,1551,8482155,A. Laferriere,8477335,K. Burroughs,8477960,A. Kempe,2,4
2024-10-14,2024020043,2,REG,15:13,OTT,pp,none,wrist,1451,8480208,D. Batherson,8482105,J. Sanderson,8480064,J. Norris,3,4
2024-10-14,2024020043,2,REG,15:32,OTT,ev,none,wrist,1551,8478469,T. Chabot,8482116,T. Stützle,8480801,B. Tkachuk,4,4
2024-10-14,2024020043,2,REG,16:25,LAK,pp,none,snap,1541,8477942,K. Fiala,8482730,B. Clarke,8471685,A. Kopitar,4,5
2024-10-14,2024020043,2,REG,17:52,OTT,ev,none,wrist,1551,8479772,Z. MacEwen,8478874,A. Gaudette,,,5,5
2024-10-14,2024020043,3,REG,03:38,LAK,ev,none,snap,1551,8482155,A. Laferriere,,,,,5,6
2024-10-14,2024020043,3,REG,05:25,OTT,pp,none,backhand,1451,8473512,C. Giroux,8481596,S. Pinto,8478469,T. Chabot,6,6
2024-10-14,2024020043,3,REG,09:18,OTT,pp,none,wrist,1451,8480064,J. Norris,8480208,D. Batherson,8480801,B. Tkachuk,7,6
2024-10-14,2024020043,3,REG,14:26,LAK,ev,none,wrist,1551,8479661,T. Jeannot,,,,,7,7
2024-10-14,2024020043,4,OT,00:56,OTT,ev,none,wrist,1331,8480064,J. Norris,8480208,D. Batherson,8482116,T. Stützle,8,7
2024-10-14,2024020044,2,REG,01:14,NJD,pp,none,wrist,1451,8483429,S. Casey,8480002,N. Hischier,,,1,0
2024-10-14,2024020044,2,REG,08:13,NJD,ev,none,backhand,1551,8476474,S. Noesen,8483429,S. Casey,,,2,0
2024-10-14,2024020044,3,REG,10:13,NJD,pp,none,snap,1451,8480002,N. Hischier,8481559,J. Hughes,8479407,J. Bratt,3,0
2024-10-14,2024020045,1,REG,11:45,NYR,ev,none,snap,1551,8482109,A. Lafrenière,8478550,A. Panarin,8481708,Z. Jones,1,0
2024-10-14,2024020045,1,REG,19:58,DET,ev,none,snap,1551,8477946,D. Larkin,8475718,J. Holl,8474141,P. Kane,1,1
2024-10-14,2024020045,2,REG,17:05,NYR,pp,none,tip-in,1451,8475184,C. Kreider,8476459,M. Zibanejad,8478550,A. Panarin,2,1
2024-10-14,2024020045,3,REG,04:51,NYR,ev,none,snap,1551,8475191,R. Smith,8476459,M. Zibanejad,,,3,1
2024-10-14,2024020045,3,REG,18:38,NYR,ev,empty-net,wrist,0651,8476459,M. Zibanejad,8478550,A. Panarin,8476885,J. Trouba,4,1
2024-10-14,2024020046,1,REG,06:54,PIT,ev,none,wrist,1551,8474189,L. Eller,8479344,J. Puljujarvi,8477969,M. Pettersson,0,1
2024-10-14,2024020046,1,REG,16:49,PIT,ev,none,snap,1551,8476483,R. Rakell,8471215,E. Malkin,8478047,M. Bunting,0,2
2024-10-14,2024020046,1,REG,18:16,MTL,ev,none,slap,1551,8482087,K. Guhle,8476875,M. Matheson,8480018,N. Suzuki,1,2
2024-10-14,2024020046,2,REG,02:51,MTL,pp,none,deflected,1451,8483515,J. Slafkovský,8480018,N. Suzuki,8476875,M. Matheson,2,2
2024-10-14,2024020046,2,REG,14:26,MTL,ev,none,snap,1551,8482476,E. Heineman,,,,,3,2
2024-10-14,2024020046,2,REG,16:23,PIT,ev,none,snap,1551,8474189,L. Eller,,,,,3,3
2024-10-14,2024020046,3,REG,07:47,PIT,ev,none,snap,1551,8475763,K. Hayes,8478569,N. Acciari,8474578,E. Karlsson,3,4
2024-10-14,2024020046,3,REG,11:32,PIT,ev,none,snap,1551,8471724,K. Letang,8471215,E. Malkin,8476891,M. Grzelcyk,3,5
2024-10-14,2024020046,3,REG,18:50,PIT,ev,empty-net,wrist,1560,8471215,E. Malkin,8476891,M. Grzelcyk,,,3,6
2024-10-14,2024020047,1,REG,01:01,COL,ev,none,wrist,1551,8484221,C. Ritchie,8476312,J. Manson,,,1,0
2024-10-14,2024020047,1,REG,05:33,NYI,ev,none,snap,1551,8475314,A. Lee,8481601,S. Holmstrom,8476429,S. Mayfield,1,1
2024-10-14,2024020047,1,REG,18:13,NYI,ev,none,wrist,1551,8475151,K. Palmieri,,,,,1,2
2024-10-14,2024020047,2,REG,08:25,NYI,ev,none,wrist,1551,8475754,B. Nelson,8484958,M. Tsyplakov,8476917,A. Pelech,1,3
2024-10-14,2024020047,2,REG,11:14,NYI,sh,none,wrist,1451,8475754,B. Nelson,,,,,1,4
2024-10-14,2024020047,3,REG,00:39,COL,ev,none,snap,1551,8479999,C. Mittelstadt,8477492,N. MacKinnon,8480069,C. Makar,2,4
2024-10-14,2024020047,3,REG,06:48,NYI,ev,none,wrist,1551,8477407,A. Duclair,8481014,A. Romanov,8477500,B. Horvat,2,5
2024-10-14,2024020047,3,REG,18:48,NYI,ev,empty-net,snap,1560,8478445,M. Barzal,8477506,R. Pulock,8476917,A. Pelech,2,6
2024-10-15,2024020048,1,REG,03:55,TBL,ev,none,wrist,1551,8476453,N. Kucherov,8478178,D. Raddysh,8478010,B. Point,1,0
2024-10-15,2024020048,2,REG,07:43,TBL,ev,none,slap,1551,8478010,B. Point,8477404,J. Guentzel,8474151,R. McDonagh,2,0
2024-10-15,2024020048,3,REG,00:39,TBL,ev,none,backhand,1551,8478519,A. Cirelli,8479542,B. Hagel,8477426,N. Paul,3,0
2024-10-15,2024020048,3,REG,04:14,VAN,pp,none,snap,1541,8478856,C. Garland,8478444,B. Boeser,8478498,J. DeBrusk,3,1
2024-10-15,2024020048,3,REG,18:14,TBL,ev,empty-net,wrist,0651,8479542,B. Hagel,8477426,N. Paul,8478519,A. Cirelli,4,1
2024-10-15,2024020049,1,REG,06:02,WSH,ev,none,snap,1551,8477944,J. Vrana,8478233,A. Mangiapane,,,1,0
2024-10-15,2024020049,1,REG,17:49,VGK,pp,none,snap,1541,8478109,V. Olofsson,8476881,T. Hertl,8475913,M. Stone,1,1
2024-10-15,2024020049,2,REG,03:06,WSH,pp,none,snap,1451,8476880,T. Wilson,8478440,D. Strome,8471214,A. Ovechkin,2,1
2024-10-15,2024020049,2,REG,05:16,WSH,ev,none,snap,1551,8481656,A. Protas,8471214,A. Ovechkin,,,3,1
2024-10-15,2024020049,2,REG,06:13,WSH,ev,none,bat,1551,8479345,J. Chychrun,8475343,N. Dowd,8474590,J. Carlson,4,1
2024-10-15,2024020049,2,REG,07:17,VGK,ev,none,wrist,1551,8478403,J. Eichel,8475913,M. Stone,8477964,I. Barbashev,4,2
2024-10-15,2024020050,2,REG,01:16,NJD,ev,none,wrist,1551,8481559,J. Hughes,8479407,J. Bratt,8480192,J. Kovacevic,0,1
2024-10-15,2024020050,2,REG,10:55,CAR,ev,none,wrist,1551,8482093,S. Jarvis,8480830,A. Svechnikov,,,1,1
2024-10-15,2024020050,2,REG,19:23,CAR,ev,none,wrist,1551,8476906,S. Gostisbehere,8480039,M. Necas,8480829,J. Kotkaniemi,2,1
2024-10-15,2024020050,3,REG,10:16,CAR,ev,none,tip-in,1551,8482809,J. Blake,8475200,D. Orlov,,,3,1
2024-10-15,2024020050,3,REG,15:16,NJD,pp,none,wrist,1531,8480002,N. Hischier,8481559,J. Hughes,8479407,J. Bratt,3,2
2024-10-15,2024020050,3,REG,18:24,CAR,ev,empty-net,wrist,0651,8478427,S. Aho,8476958,J. Slavin,8476921,J. Martinook,4,2
2024-10-15,2024020051,2,REG,00:41,CBJ,sh,none,snap,1541,8482705,C. Sillinger,8482660,K. Johnson,,,1,0
2024-10-15,2024020051,2,REG,10:25,FLA,ev,none,wrist,1551,8482113,A. Lundell,8477933,S. Reinhart,8477220,N. Schmidt,1,1
2024-10-15,2024020051,2,REG,11:22,CBJ,ev,none,wrist,1551,8477497,S. Monahan,8482475,E. Chinakhov,8480893,K. Marchenko,2,1
2024-10-15,2024020051,2,REG,11:59,FLA,ev,none,tip-in,1551,8475179,D. Kulikov,8478859,N. Mikkola,8482113,A. Lundell,2,2
2024-10-15,2024020051,2,REG,19:58,FLA,ev,none,wrist,1551,8477933,S. Reinhart,8477409,C. Verhaeghe,8477935,S. Bennett,2,3
2024-10-15,2024020051,3,REG,15:12,FLA,ev,none,snap,1551,8480185,E. Luostarinen,8477933,S. Reinhart,8478859,N. Mikkola,2,4
2024-10-15,2024020051,3,REG,17:21,CBJ,ev,none,deflected,1560,8474037,J. van Riemsdyk,8476923,D. Severson,8478099,K. Labanc,3,4
2024-10-15,2024020052,1,REG,03:50,MIN,pp,none,snap,1541,8477451,R. Hartman,8478864,K. Kaprizov,8482122,B. Faber,0,1
2024-10-15,2024020052,2,REG,07:52,MIN,sh,none,wrist,1451,8480880,J. Lauko,8482177,M. Khusnutdinov,8476463,J. Brodin,0,2
2024-10-15,2024020052,3,REG,00:46,MIN,ev,none,snap,1551,8482079,M. Rossi,8475692,M. Zuccarello,8478864,K. Kaprizov,0,3
2024-10-15,2024020052,3,REG,10:10,STL,ev,none,wrist,1551,8478472,M. Joseph,8482737,Z. Bolduc,8481598,P. Broberg,1,3
2024-10-15,2024020052,3,REG,19:51,MIN,pp,empty-net,wrist,1550,8479406,F. Gustavsson,,,,,1,4
2024-10-15,2024020053,1,REG,03:37,SEA,ev,none,wrist,1551,8482858,R. Evans,8476457,A. Larsson,,,0,1
2024-10-15,2024020053,1,REG,07:07,SEA,ev,none,wrist,1551,8477416,O. Bjorkstrand,8476905,C. Stephenson,8475768,J. Schwartz,0,2
2024-10-15,2024020053,1,REG,14:47,NSH,ev,none,backhand,1551,8477446,M. McCarron,8481704,J. Parssinen,8478851,A. Carrier,1,2
2024-10-15,2024020053,1,REG,17:00,NSH,ev,none,wrist,1551,8478438,T. Novak,8476873,M. Jankowski,8482146,L. Evangelista,2,2
2024-10-15,2024020053,1,REG,19:27,SEA,ev,none,tip-in,1551,8479293,B. Tanev,8477986,B. Montour,8476826,Y. Gourde,2,3
2024-10-15,2024020053,2,REG,17:17,NSH,ev,none,wrist,1441,8476869,B. Skjei,8475158,R. O'Reilly,8476887,F. Forsberg,3,3
2024-10-15,2024020053,3,REG,01:19,SEA,ev,none,backhand,1551,8475768,J. Schwartz,8477416,O. Bjorkstrand,8476905,C. Stephenson,3,4
2024-10-15,2024020053,3,REG,02:40,SEA,ev,none,snap,1551,8474586,J. Eberle,8477955,J. McCann,8476467,J. Oleksiak,3,5
2024-10-15,2024020053,3,REG,11:57,SEA,ev,none,wrist,1551,8477955,J. McCann,8482665,M. Beniers,8476467,J. Oleksiak,3,6
2024-10-15,2024020053,3,REG,17:56,SEA,ev,empty-net,wrist,1560,8476457,A. Larsson,,,,,3,7
2024-10-15,2024020054,2,REG,06:24,SJS,ev,none,snap,1551,8475726,T. Toffoli,,,,,0,1
2024-10-15,2024020054,2,REG,12:03,DAL,ev,none,tip-in,1551,8475168,M. Duchene,8478975,M. Marchment,8482702,L. Stankoven,1,1
2024-10-15,2024020054,2,REG,15:12,SJS,ev,none,snap,1551,8480848,T. Dellandrea,8481477,N. Sturm,,,1,2
2024-10-15,2024020054,2,REG,17:12,DAL,ev,none,slap,1551,8478449,R. Hintz,8480027,J. Robertson,8482740,W. Johnston,2,2
2024-10-15,2024020054,5,SO,00:00,DAL,ev,none,wrist,1010,8475168,M. Duchene,,,,,3,2
2024-10-15,2024020055,1,REG,16:01,CGY,ev,none,wrist,1551,8482679,M. Coronato,8477993,J. Kirkland,8478397,R. Andersson,1,0
2024-10-15,2024020055,1,REG,16:11,CHI,ev,none,tip-in,1551,8473422,N. Foligno,8477495,S. Jones,8474166,A. Martinez,1,1
2024-10-15,2024020055,2,REG,13:32,CGY,pp,none,tip-in,1460,8483808,A. Kuzmenko,8476456,J. Huberdeau,8482074,C. Zary,2,1
2024-10-15,2024020055,3,REG,19:21,CGY,ev,empty-net,wrist,0651,8482679,M. Coronato,8474150,M. Backlund,,,3,1
2024-10-15,2024020056,1,REG,04:46,PHI,pp,none,backhand,1541,8484387,M. Michkov,8480015,O. Tippett,8480028,M. Frost,0,1
2024-10-15,2024020056,1,REG,09:21,PHI,pp,none,snap,1541,8484387,M. Michkov,8480028,M. Frost,8478439,T. Konecny,0,2
2024-10-15,2024020056,2,REG,06:26,EDM,ev,none,backhand,1551,8474641,A. Henrique,8477406,M. Janmark,8476967,B. Kulak,1,2
2024-10-15,2024020056,2,REG,14:01,EDM,ev,none,snap,1551,8477015,C. Brown,8475784,J. Skinner,8477498,D. Nurse,2,2
2024-10-15,2024020056,2,REG,19:37,PHI,ev,none,wrist,1551,8481553,B. Brink,8481178,E. Zamula,8480797,J. Farabee,2,3
2024-10-15,2024020056,3,REG,16:18,EDM,ev,none,wrist,1551,8480803,E. Bouchard,8478402,C. McDavid,8477934,L. Draisaitl,3,3
2024-10-15,2024020056,4,OT,00:56,EDM,ev,none,snap,1331,8477934,L. Draisaitl,8478402,C. McDavid,,,4,3
2024-10-16,2024020057,1,REG,00:43,BUF,ev,none,wrap-around,1551,8479420,T. Thompson,8477949,A. Tuch,,,0,1
2024-10-16,2024020057,1,REG,03:08,BUF,ev,none,wrist,1551,8478413,J. Greenway,8475722,J. Zucker,,,0,2
2024-10-16,2024020057,1,REG,11:01,PIT,pp,none,wrist,1451,8475810,B. Rust,8471215,E. Malkin,8471675,S. Crosby,1,2
2024-10-16,2024020057,1,REG,11:33,BUF,ev,none,snap,1551,8482175,J. Peterka,8481524,B. Byram,8477949,A. Tuch,1,3
2024-10-16,2024020057,2,REG,09:12,PIT,sh,none,wrist,1431,8482055,D. O'Connor,8478569,N. Acciari,,,2,3
2024-10-16,2024020057,2,REG,15:20,PIT,ev,none,backhand,1551,8479344,J. Puljujarvi,8474189,L. Eller,8482055,D. O'Connor,3,3
2024-10-16,2024020057,3,REG,03:26,PIT,ev,none,wrist,1551,8471215,E. Malkin,8471675,S. Crosby,,,4,3
2024-10-16,2024020057,3,REG,10:16,BUF,ev,none,wrist,1551,8482175,J. Peterka,8480035,H. Jokiharju,,,4,4
2024-10-16,2024020057,3,REG,10:56,BUF,ev,none,wrist,1551,8480802,R. McLeod,8481524,B. Byram,8475722,J. Zucker,4,5
2024-10-16,2024020057,3,REG,19:14,PIT,ev,none,backhand,1560,8476483,R. Rakell,8475810,B. Rust,8471215,E. Malkin,5,5
2024-10-16,2024020057,4,OT,01:38,PIT,pp,none,wrist,1341,8471675,S. Crosby,8474578,E. Karlsson,8471215,E. Malkin,6,5
2024-10-16,2024020058,1,REG,06:54,TOR,ev,none,wrist,1551,8482259,B. McMann,8477503,M. Domi,8476931,J. McCabe,1,0
2024-10-16,2024020058,1,REG,08:49,TOR,ev,none,snap,1551,8479318,A. Matthews,8478483,M. Marner,8475171,O. Ekman-Larsson,2,0
2024-10-16,2024020058,1,REG,17:12,TOR,ev,none,wrist,1551,8482259,B. McMann,8477939,W. Nylander,8475171,O. Ekman-Larsson,3,0
2024-10-16,2024020058,2,REG,07:56,TOR,ev,none,tip-in,1551,8476853,M. Rielly,8476931,J. McCabe,8477503,M. Domi,4,0
2024-10-16,2024020058,2,REG,18:31,TOR,pp,none,wrist,1451,8477939,W. Nylander,8479318,A. Matthews,8478483,M. Marner,5,0
2024-10-16,2024020058,3,REG,02:42,LAK,ev,none,wrist,1551,8481532,A. Turcotte,8481732,A. Lee,,,5,1
2024-10-16,2024020058,3,REG,09:03,LAK,ev,none,backhand,1551,8477942,K. Fiala,8482730,B. Clarke,8473453,T. Lewis,5,2
2024-10-16,2024020058,3,REG,17:16,TOR,pp,none,backhand,1451,8475166,J. Tavares,8478483,M. Marner,8479318,A. Matthews,6,2
2024-10-16,2024020059,1,REG,13:46,BOS,ev,none,tip-in,1551,8481043,C. Koepke,8479369,A. Peeke,8477507,N. Zadorov,0,1
2024-10-16,2024020059,1,REG,15:07,COL,pp,none,wrist,1451,8479525,R. Colton,8478420,M. Rantanen,8480069,C. Makar,1,1
2024-10-16,2024020059,1,REG,17:09,BOS,pp,none,snap,1541,8475745,C. Coyle,8482511,M. Lohrei,,,1,2
2024-10-16,2024020059,2,REG,09:09,BOS,pp,none,wrist,1541,8477956,D. Pastrnak,8476854,H. Lindholm,8473419,B. Marchand,1,3
2024-10-16,2024020059,2,REG,09:22,BOS,ev,none,wrist,1551,8476854,H. Lindholm,,,,,1,4
2024-10-16,2024020059,2,REG,11:15,COL,pp,none,slap,1451,8480069,C. Makar,8478420,M. Rantanen,8477492,N. MacKinnon,2,4
2024-10-16,2024020059,3,REG,04:52,COL,pp,none,slap,1451,8478420,M. Rantanen,8480069,C. Makar,8477492,N. MacKinnon,3,4
2024-10-16,2024020059,3,REG,17:59,BOS,ev,empty-net,wrist,1560,8481556,J. Beecher,,,,,3,5
2024-10-16,2024020060,1,REG,04:40,ANA,ev,none,snap,1551,8478873,T. Terry,8476458,R. Strome,8478366,F. Vatrano,1,0
2024-10-16,2024020060,1,REG,08:54,UTA,ev,none,tip-in,1551,8480855,J. McBain,8479410,M. Sergachev,8480891,M. Kesselring,1,1
2024-10-16,2024020060,1,REG,13:25,UTA,pp,none,tip-in,1541,8480849,B. Hayton,8477951,N. Schmaltz,8482699,D. Guenther,1,2
2024-10-16,2024020060,2,REG,08:06,ANA,ev,none,backhand,1551,8477952,R. Fabbri,8481533,T. Zegras,8482745,M. McTavish,2,2
2024-10-16,2024020060,2,REG,16:52,ANA,ev,none,wrist,1551,8483490,P. Mintyukov,8475208,B. Dumoulin,8482745,M. McTavish,3,2
2024-10-16,2024020060,3,REG,05:21,UTA,ev,none,wrist,1551,8480891,M. Kesselring,8480855,J. McBain,8482659,J. Doan,3,3
2024-10-16,2024020060,3,REG,10:50,UTA,ev,none,backhand,1551,8479343,C. Keller,8477951,N. Schmaltz,,,3,4
2024-10-16,2024020060,3,REG,14:55,ANA,ev,none,wrist,1551,8483490,P. Mintyukov,8476934,B. McGinn,8484153,L. Carlsson,4,4
2024-10-16,2024020060,4,OT,00:54,ANA,ev,none,wrist,1331,8484153,L. Carlsson,,,,,5,4
2024-10-17,2024020061,1,REG,07:02,MTL,ev,none,wrap-around,1551,8482111,J. Barron,8481540,C. Caufield,8480018,N. Suzuki,1,0
2024-10-17,2024020061,1,REG,18:20,LAK,ev,none,slap,1551,8479998,M. Anderson,8478882,V. Gavrikov,8477960,A. Kempe,1,1
2024-10-17,2024020061,2,REG,01:37,LAK,ev,none,tip-in,1551,8482155,A. Laferriere,8481606,J. Spence,8481532,A. Turcotte,1,2
2024-10-17,2024020061,3,REG,17:02,LAK,ev,none,snap,1551,8477971,A. Englund,8482124,Q. Byfield,,,1,3
2024-10-17,2024020061,3,REG,19:12,LAK,sh,empty-net,wrist,1460,8477960,A. Kempe,8478882,V. Gavrikov,8471685,A. Kopitar,1,4
2024-10-17,2024020062,2,REG,02:39,NJD,ev,none,tip-in,1551,8475287,E. Haula,8480192,J. Kovacevic,8478414,T. Meier,0,1
2024-10-17,2024020062,2,REG,06:26,NJD,sh,none,snap,1451,8479414,N. Bastian,,,,,0,2
2024-10-17,2024020062,3,REG,12:39,NJD,ev,none,snap,1551,8481032,P. Cotter,8476462,D. Hamilton,8475455,B. Dillon,0,3
2024-10-17,2024020062,3,REG,18:55,OTT,pp,none,deflected,1460,8480801,B. Tkachuk,8473512,C. Giroux,8482105,J. Sanderson,1,3
2024-10-17,2024020064,1,REG,05:26,VGK,ev,none,snap,1551,8475188,B. McNabb,8475913,M. Stone,8478403,J. Eichel,0,1
2024-10-17,2024020064,1,REG,10:21,TBL,ev,none,wrist,1551,8482655,J. Moser,8474715,C. Atkinson,8482929,E. Lilleberg,1,1
2024-10-17,2024020064,1,REG,15:20,VGK,pp,none,slap,1541,8481604,P. Dorofeyev,8477447,S. Theodore,8478403,J. Eichel,1,2
2024-10-17,2024020064,1,REG,19:47,TBL,ev,none,wrist,1551,8476453,N. Kucherov,8477404,J. Guentzel,,,2,2
2024-10-17,2024020064,2,REG,01:59,VGK,ev,none,wrist,1551,8477964,I. Barbashev,8477447,S. Theodore,,,2,3
2024-10-17,2024020064,3,REG,17:38,TBL,ev,none,wrist,1551,8479542,B. Hagel,8482070,M. Chaffee,8482655,J. Moser,3,3
2024-10-17,2024020064,3,REG,19:05,TBL,ev,none,wrist,1551,8476453,N. Kucherov,8475167,V. Hedman,8482655,J. Moser,4,3
2024-10-17,2024020065,1,REG,11:42,VAN,ev,none,backhand,1551,8476927,T. Blueger,8480748,K. Sherwood,8478498,J. DeBrusk,0,1
2024-10-17,2024020065,1,REG,11:53,FLA,ev,none,wrist,1551,8480003,J. Boqvist,8482713,M. Samoskevich,8478055,G. Forsling,1,1
2024-10-17,2024020065,2,REG,06:30,VAN,ev,none,slap,1551,8480800,Q. Hughes,8478046,D. Heinen,8482496,N. Aman,1,2
2024-10-17,2024020065,2,REG,19:00,FLA,pp,none,snap,1451,8482113,A. Lundell,8477409,C. Verhaeghe,8477933,S. Reinhart,2,2
2024-10-17,2024020065,4,OT,02:09,VAN,ev,none,wrist,1331,8476468,J. Miller,8480800,Q. Hughes,8478444,B. Boeser,2,3
2024-10-17,2024020066,1,REG,12:19,DAL,sh,none,backhand,1451,8476278,C. Blackwell,8480840,O. Bäck,,,0,1
2024-10-17,2024020066,2,REG,00:55,WSH,ev,none,snap,1551,8476880,T. Wilson,8479400,P. Dubois,8481580,C. McMichael,1,1
2024-10-17,2024020066,2,REG,06:15,WSH,ev,none,snap,1551,8478440,D. Strome,8474590,J. Carlson,8481656,A. Protas,2,1
2024-10-17,2024020066,2,REG,13:09,DAL,ev,none,wrist,1551,8480027,J. Robertson,8478449,R. Hintz,8482740,W. Johnston,2,2
2024-10-17,2024020066,2,REG,17:19,WSH,ev,none,wrist,1551,8479390,T. Raddysh,,,,,3,2
2024-10-17,2024020067,1,REG,05:12,CBJ,pp,none,wrist,1451,8482475,E. Chinakhov,8478460,Z. Werenski,8482660,K. Johnson,1,0
2024-10-17,2024020067,1,REG,19:28,CBJ,ev,none,snap,1551,8480893,K. Marchenko,,,,,2,0
2024-10-17,2024020067,2,REG,09:34,BUF,ev,none,wrist,1551,8480802,R. McLeod,8475722,J. Zucker,8478413,J. Greenway,2,1
2024-10-17,2024020067,2,REG,12:18,CBJ,ev,none,wrist,1551,8484166,A. Fantilli,8478460,Z. Werenski,8478500,I. Provorov,3,1
2024-10-17,2024020067,2,REG,17:29,BUF,ev,none,tip-in,1551,8483468,J.Kulich,8481528,D. Cozens,8480035,H. Jokiharju,3,2
2024-10-17,2024020067,2,REG,17:58,CBJ,ev,none,wrist,1551,8479671,M. Olivier,8482705,C. Sillinger,8481161,J. Christiansen,4,2
2024-10-17,2024020067,2,REG,19:35,BUF,ev,none,snap,1551,8482671,O. Power,,,,,4,3
2024-10-17,2024020067,3,REG,00:15,CBJ,ev,none,tip-in,1551,8479944,Z. Aston-Reese,8481161,J. Christiansen,8479671,M. Olivier,5,3
2024-10-17,2024020067,3,REG,08:10,CBJ,ev,none,snap,1551,8476923,D. Severson,8480893,K. Marchenko,,,6,3
2024-10-17,2024020067,3,REG,17:51,BUF,ev,none,slap,0651,8482175,J. Peterka,8479420,T. Thompson,8480839,R. Dahlin,6,4
2024-10-17,2024020063,1,REG,08:30,NYR,ev,none,wrist,1551,8478550,A. Panarin,8476389,V. Trocheck,8482109,A. Lafrenière,0,1
2024-10-17,2024020063,1,REG,15:39,NYR,pp,none,snap,1541,8478550,A. Panarin,8479323,A. Fox,8476389,V. Trocheck,0,2
2024-10-17,2024020063,2,REG,01:27,DET,ev,none,wrist,1551,8481542,M. Seider,8477456,J. Compher,8482078,L. Raymond,1,2
2024-10-17,2024020063,2,REG,08:46,NYR,pp,none,tip-in,1541,8476389,V. Trocheck,8478550,A. Panarin,8479323,A. Fox,1,3
2024-10-17,2024020063,2,REG,11:42,NYR,pp,none,slap,1541,8478550,A. Panarin,8479323,A. Fox,8476389,V. Trocheck,1,4
2024-10-17,2024020063,2,REG,12:20,NYR,ev,none,wrist,1551,8483768,V. Mancini,8481554,K. Kakko,8480078,F. Chytil,1,5
2024-10-17,2024020063,3,REG,16:41,DET,pp,none,tip-in,1451,8477456,J. Compher,8475279,B. Chiarot,8476979,E. Gustafsson,2,5
2024-10-17,2024020068,4,OT,02:04,STL,ev,none,tip-in,1331,8482089,J. Neighbours,8481598,P. Broberg,8480981,J. Hofer,1,0
2024-10-17,2024020069,1,REG,11:46,NSH,ev,none,tip-in,1551,8476887,F. Forsberg,8474600,R. Josi,8475158,R. O'Reilly,1,0
2024-10-17,2024020069,1,REG,17:39,EDM,ev,none,slap,1551,8476967,B. Kulak,8477406,M. Janmark,,,1,1
2024-10-17,2024020069,2,REG,10:50,EDM,ev,none,wrist,1551,8475784,J. Skinner,8477498,D. Nurse,,,1,2
2024-10-17,2024020069,2,REG,17:45,NSH,pp,none,tip-in,1451,8476539,J. Marchessault,8474600,R. Josi,8477424,J. Saros,2,2
2024-10-17,2024020069,2,REG,18:29,EDM,ev,none,wrist,1551,8478402,C. McDavid,8475218,M. Ekholm,8477934,L. Draisaitl,2,3
2024-10-17,2024020069,3,REG,19:24,EDM,ev,empty-net,wrist,1560,8476967,B. Kulak,,,,,2,4
2024-10-17,2024020070,1,REG,04:20,CHI,ev,none,wrist,1441,8475791,T. Hall,8474673,T. Brodie,,,1,0
2024-10-17,2024020070,1,REG,19:11,CHI,pp,none,tip-in,1451,8477479,T. Bertuzzi,8476882,T. Teravainen,8484144,C. Bedard,2,0
2024-10-17,2024020070,2,REG,00:43,CHI,pp,none,tip-in,1451,8473422,N. Foligno,8476882,T. Teravainen,8484144,C. Bedard,3,0
2024-10-17,2024020070,2,REG,18:17,SJS,ev,none,wrist,1551,8475726,T. Toffoli,8482667,W. Eklund,8475798,M. Granlund,3,1
2024-10-17,2024020070,3,REG,02:19,CHI,ev,none,wrist,1551,8477450,J. Dickinson,8479315,J. Anderson,,,4,1
2024-10-17,2024020070,3,REG,02:52,SJS,ev,none,deflected,0651,8480188,F. Zetterlund,8475798,M. Granlund,8482667,W. Eklund,4,2
2024-10-17,2024020071,1,REG,04:21,PHI,ev,none,wrap-around,1551,8476872,S. Laughton,8480068,R. Poehling,8477903,G. Hathaway,0,1
2024-10-17,2024020071,1,REG,18:15,SEA,ev,none,slap,1551,8477986,B. Montour,8476905,C. Stephenson,8482858,R. Evans,1,1
2024-10-17,2024020071,1,REG,18:58,PHI,ev,none,wrist,1551,8476872,S. Laughton,8477903,G. Hathaway,8480068,R. Poehling,1,2
2024-10-17,2024020071,2,REG,03:06,SEA,pp,none,slap,1451,8477955,J. McCann,8477444,A. Burakovsky,8478407,V. Dunn,2,2
2024-10-17,2024020071,2,REG,14:57,SEA,ev,none,wrist,1551,8480009,E. Tolvanen,8477444,A. Burakovsky,8483524,S. Wright,3,2
2024-10-17,2024020071,2,REG,17:44,SEA,ev,none,wrist,1551,8474586,J. Eberle,8477955,J. McCann,8476826,Y. Gourde,4,2
2024-10-17,2024020071,2,REG,17:52,SEA,ev,none,wrist,1551,8483524,S. Wright,8474586,J. Eberle,8477955,J. McCann,5,2
2024-10-17,2024020071,3,REG,10:19,PHI,ev,none,wrist,1551,8481546,C. York,8476872,S. Laughton,8481553,B. Brink,5,3
2024-10-17,2024020071,3,REG,12:32,PHI,pp,none,wrist,1541,8482142,J. Drysdale,8484387,M. Michkov,,,5,4
2024-10-17,2024020071,3,REG,14:52,SEA,ev,none,wrist,1551,8477416,O. Bjorkstrand,8475768,J. Schwartz,8476457,A. Larsson,6,4
2024-10-18,2024020072,1,REG,12:20,PIT,ev,none,wrist,1551,8482055,D. O'Connor,8474189,L. Eller,8479344,J. Puljujarvi,1,0
2024-10-18,2024020072,1,REG,13:24,CAR,ev,none,wrist,1551,8482809,J. Blake,8480762,E. Robinson,8480829,J. Kotkaniemi,1,1
2024-10-18,2024020072,2,REG,06:52,CAR,pp,none,slap,1541,8480039,M. Necas,8482093,S. Jarvis,8478427,S. Aho,1,2
2024-10-18,2024020072,2,REG,17:13,CAR,pp,none,slap,1541,8476906,S. Gostisbehere,8480830,A. Svechnikov,8480039,M. Necas,1,3
2024-10-18,2024020072,3,REG,11:00,CAR,ev,none,wrist,1551,8478458,J. Roslovic,8480829,J. Kotkaniemi,8475200,D. Orlov,1,4
2024-10-18,2024020073,1,REG,01:59,WPG,ev,none,snap,1551,8477504,J. Morrissey,8476525,C. Miller,8477940,N. Ehlers,1,0
2024-10-18,2024020073,1,REG,09:25,WPG,pp,none,snap,1351,8477940,N. Ehlers,8480014,G. Vilardi,8476460,M. Scheifele,2,0
2024-10-18,2024020073,1,REG,11:43,SJS,pp,none,tip-in,1541,8475726,T. Toffoli,8478013,J. Walman,8475798,M. Granlund,2,1
2024-10-18,2024020073,1,REG,13:31,WPG,ev,none,wrist,1551,8477940,N. Ehlers,8482149,C. Perfetti,,,3,1
2024-10-18,2024020073,1,REG,18:48,WPG,pp,none,wrist,1451,8480145,N. Pionk,8480113,A. Iafallo,8476480,V. Namestnikov,4,1
2024-10-18,2024020073,2,REG,01:46,WPG,ev,none,wrist,1551,8478398,K. Connor,8480145,N. Pionk,8480014,G. Vilardi,5,1
2024-10-18,2024020073,2,REG,10:28,SJS,ev,none,wrist,1551,8479316,L. Kunin,8479336,C. Grundstrom,8476879,C. Ceci,5,2
2024-10-18,2024020073,3,REG,09:50,WPG,pp,none,wrist,1451,8482149,C. Perfetti,8480113,A. Iafallo,8476480,V. Namestnikov,6,2
2024-10-18,2024020073,3,REG,10:09,SJS,ev,none,wrist,1551,8480188,F. Zetterlund,8475726,T. Toffoli,8475798,M. Granlund,6,3
2024-10-18,2024020073,3,REG,12:55,WPG,pp,none,slap,1451,8482149,C. Perfetti,8480145,N. Pionk,8476480,V. Namestnikov,7,3
2024-10-18,2024020073,3,REG,19:27,WPG,ev,none,wrist,1551,8476480,V. Namestnikov,8480145,N. Pionk,8482149,C. Perfetti,8,3
2024-10-18,2024020074,1,REG,06:05,ANA,ev,none,poke,1551,8484153,L. Carlsson,,,,,0,1
2024-10-18,2024020074,1,REG,19:36,ANA,ev,none,snap,1551,8476458,R. Strome,8475208,B. Dumoulin,,,0,2
2024-10-18,2024020074,2,REG,00:57,COL,ev,none,backhand,1551,8479999,C. Mittelstadt,8481042,N. Kovalenko,8480069,C. Makar,1,2
2024-10-18,2024020074,3,REG,00:35,COL,pp,none,slap,1351,8479525,R. Colton,8479999,C. Mittelstadt,8478420,M. Rantanen,2,2
2024-10-18,2024020074,3,REG,11:42,COL,ev,none,snap,1551,8479525,R. Colton,8478420,M. Rantanen,8477492,N. MacKinnon,3,2
2024-10-18,2024020074,3,REG,19:47,ANA,ev,none,wrist,0651,8478873,T. Terry,8482803,O. Zellweger,,,3,3
2024-10-18,2024020074,4,OT,04:19,COL,ev,none,snap,1331,8477492,N. MacKinnon,8478420,M. Rantanen,,,4,3
2024-10-19,2024020075,1,REG,01:50,OTT,pp,none,slap,1351,8480208,D. Batherson,8473512,C. Giroux,8482105,J. Sanderson,1,0
2024-10-19,2024020075,1,REG,13:21,OTT,ev,none,wrist,1551,8480064,J. Norris,8473512,C. Giroux,8480208,D. Batherson,2,0
2024-10-19,2024020075,2,REG,01:59,TBL,ev,none,slap,1551,8476453,N. Kucherov,8474151,R. McDonagh,8478416,E. Cernak,2,1
2024-10-19,2024020075,2,REG,10:39,TBL,ev,none,wrist,1551,8477426,N. Paul,8478519,A. Cirelli,8479542,B. Hagel,2,2
2024-10-19,2024020075,2,REG,13:20,OTT,ev,none,wrist,1551,8480208,D. Batherson,,,,,3,2
2024-10-19,2024020075,2,REG,18:13,TBL,ev,none,slap,1551,8477404,J. Guentzel,8478010,B. Point,8476453,N. Kucherov,3,3
2024-10-19,2024020075,2,REG,18:56,OTT,pp,none,backhand,1451,8480801,B. Tkachuk,8482105,J. Sanderson,8482116,T. Stützle,4,3
2024-10-19,2024020075,3,REG,06:17,OTT,sh,none,backhand,1541,8479393,N. Gregor,8481596,S. Pinto,8482105,J. Sanderson,5,3
2024-10-19,2024020075,3,REG,08:11,TBL,ev,none,tip-in,1551,8482070,M. Chaffee,8480246,N. Perbix,8478519,A. Cirelli,5,4
2024-10-19,2024020076,1,REG,08:48,NSH,ev,none,snap,1551,8474568,L. Schenn,8475158,R. O'Reilly,8474679,G. Nyquist,1,0
2024-10-19,2024020076,1,REG,13:26,DET,ev,none,wrist,1551,8475765,V. Tarasenko,8481013,J. Berggren,8483464,M. Kasper,1,1
2024-10-19,2024020076,2,REG,03:17,DET,pp,none,snap,1541,8477946,D. Larkin,8479337,A. DeBrincat,8474141,P. Kane,1,2
2024-10-19,2024020076,3,REG,00:32,NSH,pp,none,slap,1451,8474564,S. Stamkos,8476887,F. Forsberg,8476539,J. Marchessault,2,2
2024-10-19,2024020076,3,REG,03:29,DET,ev,none,deflected,1551,8477429,A. Copp,8480813,J. Veleno,8478432,C. Fischer,2,3
2024-10-19,2024020076,3,REG,18:43,DET,ev,empty-net,wrist,1560,8482762,S. Edvinsson,,,,,2,4
2024-10-19,2024020076,3,REG,19:18,DET,ev,empty-net,wrist,1560,8477429,A. Copp,8479992,M. Rasmussen,,,2,5
2024-10-19,2024020077,2,REG,19:34,DAL,pp,none,wrist,1451,8475168,M. Duchene,8478449,R. Hintz,,,1,0
2024-10-19,2024020077,3,REG,12:06,DAL,ev,none,snap,1551,8475168,M. Duchene,8478975,M. Marchment,8476278,C. Blackwell,2,0
2024-10-19,2024020077,3,REG,13:16,DAL,ev,none,snap,1551,8478449,R. Hintz,8482702,L. Stankoven,8480027,J. Robertson,3,0
2024-10-19,2024020077,3,REG,17:38,EDM,ev,none,snap,0651,8477934,L. Draisaitl,8476454,R. Nugent-Hopkins,8478402,C. McDavid,3,1
2024-10-19,2024020077,3,REG,18:01,DAL,ev,empty-net,backhand,0651,8480027,J. Robertson,8482702,L. Stankoven,8478449,R. Hintz,4,1
2024-10-19,2024020078,1,REG,19:27,VGK,ev,none,snap,1551,8476871,T. Pearson,8478462,N. Roy,,,0,1
2024-10-19,2024020078,2,REG,01:09,FLA,ev,none,snap,1551,8477933,S. Reinhart,8482113,A. Lundell,8477932,A. Ekblad,1,1
2024-10-19,2024020078,2,REG,14:15,VGK,ev,none,deflected,1551,8478434,K. Kolesar,8476871,T. Pearson,8478462,N. Roy,1,2
2024-10-19,2024020078,2,REG,19:20,FLA,pp,none,tip-in,1451,8477935,S. Bennett,8477409,C. Verhaeghe,8482113,A. Lundell,2,2
2024-10-19,2024020078,3,REG,07:30,VGK,ev,none,backhand,1551,8479353,B. Howden,,,,,2,3
2024-10-19,2024020078,3,REG,12:43,FLA,ev,none,wrist,1551,8480185,E. Luostarinen,8477933,S. Reinhart,8477932,A. Ekblad,3,3
2024-10-19,2024020078,4,OT,04:43,FLA,ev,none,wrist,1331,8478055,G. Forsling,8477935,S. Bennett,8477933,S. Reinhart,4,3
2024-10-19,2024020079,1,REG,11:44,NYR,ev,none,wrist,1551,8482109,A. Lafrenière,8476389,V. Trocheck,8483768,V. Mancini,0,1
2024-10-19,2024020079,2,REG,09:08,NYR,ev,none,wrist,0651,8475184,C. Kreider,8476459,M. Zibanejad,8475191,R. Smith,0,2
2024-10-19,2024020079,3,REG,03:40,TOR,ev,none,wrist,1551,8479318,A. Matthews,8475171,O. Ekman-Larsson,8482720,M. Knies,1,2
2024-10-19,2024020079,3,REG,19:00,NYR,ev,empty-net,snap,1560,8475184,C. Kreider,8476459,M. Zibanejad,8475191,R. Smith,1,3
2024-10-19,2024020079,3,REG,19:46,NYR,ev,empty-net,wrist,1560,8478550,A. Panarin,8482157,W. Cuylle,8480817,K. Miller,1,4
2024-10-19,2024020080,1,REG,04:45,NJD,ev,none,wrist,1551,8475287,E. Haula,8476474,S. Noesen,8475193,T. Tatar,1,0
2024-10-19,2024020080,1,REG,06:01,WSH,ev,none,wrist,1551,8476880,T. Wilson,8481580,C. McMichael,,,1,1
2024-10-19,2024020080,1,REG,10:14,WSH,ev,none,snap,1551,8481580,C. McMichael,8476880,T. Wilson,8479345,J. Chychrun,1,2
2024-10-19,2024020080,1,REG,14:18,WSH,ev,none,tip-in,1551,8471214,A. Ovechkin,8474590,J. Carlson,8478440,D. Strome,1,3
2024-10-19,2024020080,2,REG,00:34,NJD,ev,none,wrist,1551,8480002,N. Hischier,8476474,S. Noesen,,,2,3
2024-10-19,2024020080,2,REG,00:44,NJD,ev,none,wrist,1551,8480002,N. Hischier,8478414,T. Meier,,,3,3
2024-10-19,2024020080,2,REG,09:15,WSH,ev,none,wrist,1551,8478233,A. Mangiapane,8477845,T. van Riemsdyk,8481656,A. Protas,3,4
2024-10-19,2024020080,2,REG,12:33,WSH,ev,none,tip-in,1551,8478440,D. Strome,8477845,T. van Riemsdyk,,,3,5
2024-10-19,2024020080,3,REG,03:39,NJD,ev,none,wrist,1551,8482110,D. Mercer,8480002,N. Hischier,8478414,T. Meier,4,5
2024-10-19,2024020080,3,REG,12:28,NJD,pp,none,snap,1451,8476462,D. Hamilton,8479407,J. Bratt,8478414,T. Meier,5,5
2024-10-19,2024020080,4,OT,04:00,WSH,ev,none,wrist,1331,8476880,T. Wilson,8478440,D. Strome,8479345,J. Chychrun,5,6
2024-10-19,2024020081,1,REG,14:32,NYI,pp,none,snap,1451,8477500,B. Horvat,8478445,M. Barzal,8480865,N. Dobson,1,0
2024-10-19,2024020081,1,REG,16:58,NYI,ev,none,wrist,1551,8475151,K. Palmieri,8480865,N. Dobson,8484958,M. Tsyplakov,2,0
2024-10-19,2024020081,1,REG,19:56,MTL,pp,none,snap,1541,8481540,C. Caufield,8476875,M. Matheson,8483515,J. Slafkovský,2,1
2024-10-19,2024020081,2,REG,00:59,MTL,ev,none,wrist,1551,8482733,L. Mailloux,8478133,J. Evans,8476981,J. Anderson,2,2
2024-10-19,2024020081,3,REG,15:24,NYI,ev,none,backhand,1551,8475314,A. Lee,8476419,J. Pageau,8476917,A. Pelech,3,2
2024-10-19,2024020081,3,REG,17:50,MTL,ev,none,wrist,1551,8481540,C. Caufield,8483515,J. Slafkovský,8480018,N. Suzuki,3,3
2024-10-19,2024020081,5,SO,00:00,NYI,ev,none,wrist,1010,8480865,N. Dobson,,,,,4,3
2024-10-19,2024020082,1,REG,16:09,VAN,ev,none,wrist,1551,8481535,N. Hoglander,8480012,E. Pettersson,8478856,C. Garland,0,1
2024-10-19,2024020082,2,REG,08:40,VAN,ev,none,backhand,1551,8478444,B. Boeser,8474574,T. Myers,8478498,J. DeBrusk,0,2
2024-10-19,2024020082,2,REG,09:30,VAN,ev,none,wrist,1551,8480748,K. Sherwood,8476927,T. Blueger,,,0,3
2024-10-19,2024020083,1,REG,12:40,MIN,ev,none,snap,1551,8482079,M. Rossi,8478508,Y. Trenin,8475220,M. Foligno,0,1
2024-10-19,2024020083,3,REG,02:52,MIN,pp,none,slap,1531,8478864,K. Kaprizov,8482122,B. Faber,8481557,M. Boldy,0,2
2024-10-19,2024020083,3,REG,08:26,MIN,ev,none,backhand,1551,8475692,M. Zuccarello,8478864,K. Kaprizov,8475750,J. Merrill,0,3
2024-10-19,2024020083,3,REG,18:35,CBJ,ev,none,snap,1551,8482475,E. Chinakhov,8477497,S. Monahan,8483460,D.Jiricek,1,3
2024-10-19,2024020084,1,REG,01:21,CAR,ev,none,wrist,1551,8480830,A. Svechnikov,8478427,S. Aho,8482093,S. Jarvis,0,1
2024-10-19,2024020084,2,REG,10:22,STL,ev,none,wrist,1551,8478472,M. Joseph,8475170,B. Schenn,8480058,P. Joseph,1,1
2024-10-19,2024020084,2,REG,11:35,STL,ev,none,wrist,1551,8482089,J. Neighbours,8482737,Z. Bolduc,,,2,1
2024-10-19,2024020084,2,REG,13:31,STL,ev,none,poke,1551,8482077,D. Holloway,8481598,P. Broberg,8478472,M. Joseph,3,1
2024-10-19,2024020084,3,REG,01:39,CAR,pp,none,wrist,1541,8476906,S. Gostisbehere,8478427,S. Aho,8480830,A. Svechnikov,3,2
2024-10-19,2024020084,3,REG,02:57,CAR,ev,none,slap,1551,8478458,J. Roslovic,8480835,J. Drury,8476958,J. Slavin,3,3
2024-10-19,2024020084,3,REG,04:26,STL,ev,none,wrist,1551,8477953,K. Kapanen,8482089,J. Neighbours,8476892,C. Parayko,4,3
2024-10-19,2024020085,1,REG,08:39,BUF,ev,none,wrist,1551,8479420,T. Thompson,8482175,J. Peterka,8477949,A. Tuch,0,1
2024-10-19,2024020085,1,REG,11:31,BUF,ev,none,deflected,1551,8479359,B. Malenstyn,8477365,C. Clifton,8481522,P. Krebs,0,2
2024-10-19,2024020085,2,REG,06:28,CHI,ev,none,wrist,1551,8475225,C. Smith,8482117,L. Reichel,8477495,S. Jones,1,2
2024-10-19,2024020085,2,REG,12:48,CHI,ev,none,wrist,1551,8475225,C. Smith,8482117,L. Reichel,8476473,C. Murphy,2,2
2024-10-19,2024020085,2,REG,18:37,BUF,ev,none,wrist,1551,8482175,J. Peterka,8479420,T. Thompson,8482671,O. Power,2,3
2024-10-19,2024020085,3,REG,19:34,BUF,ev,empty-net,wrist,1560,8480802,R. McLeod,8481528,D. Cozens,,,2,4
2024-10-19,2024020086,2,REG,12:49,BOS,ev,none,snap,1551,8481043,C. Koepke,8473419,B. Marchand,,,0,1
2024-10-19,2024020086,3,REG,14:51,UTA,ev,none,backhand,1551,8481609,V. Kolyachonok,8477951,N. Schmaltz,8479343,C. Keller,1,1
2024-10-19,2024020086,4,OT,02:46,UTA,ev,none,snap,1441,8480891,M. Kesselring,8483431,L. Cooley,8481711,M. Maccelli,2,1
2024-10-19,2024020087,1,REG,19:51,CGY,pp,none,slap,1541,8476399,B. Coleman,8474150,M. Backlund,,,0,1
2024-10-19,2024020087,2,REG,12:25,SEA,pp,none,slap,1351,8476905,C. Stephenson,8477955,J. McCann,8475768,J. Schwartz,1,1
2024-10-19,2024020087,4,OT,00:48,SEA,ev,none,wrist,1331,8474586,J. Eberle,8477986,B. Montour,,,2,1
2024-10-20,2024020088,2,REG,01:30,PIT,pp,none,snap,1541,8475763,K. Hayes,8476483,R. Rakell,8479344,J. Puljujarvi,0,1
2024-10-20,2024020088,2,REG,05:21,PIT,ev,none,backhand,1551,8474189,L. Eller,8474578,E. Karlsson,8479996,C. Glass,0,2
2024-10-20,2024020088,2,REG,12:18,WPG,ev,none,snap,1560,8478398,K. Connor,8477940,N. Ehlers,8476525,C. Miller,1,2
2024-10-20,2024020088,2,REG,17:36,WPG,ev,none,snap,1551,8476460,M. Scheifele,8476525,C. Miller,8479378,L. Stanley,2,2
2024-10-20,2024020088,2,REG,19:29,WPG,ev,none,tip-in,1441,8476480,V. Namestnikov,8477940,N. Ehlers,,,3,2
2024-10-20,2024020088,3,REG,01:39,PIT,ev,none,wrist,1551,8474189,L. Eller,,,,,3,3
2024-10-20,2024020088,3,REG,04:20,WPG,ev,none,backhand,1551,8476392,A. Lowry,8478891,M. Appleton,8477504,J. Morrissey,4,3
2024-10-20,2024020088,3,REG,07:41,WPG,ev,none,wrist,1551,8478891,M. Appleton,8480145,N. Pionk,,,5,3
2024-10-20,2024020088,3,REG,17:30,WPG,ev,empty-net,wrist,0651,8475799,N. Niederreiter,8477504,J. Morrissey,8476331,D. DeMelo,6,3
2024-10-20,2024020089,1,REG,06:23,COL,pp,none,wrist,1541,8479525,R. Colton,8477492,N. MacKinnon,8480069,C. Makar,0,1
2024-10-20,2024020089,1,REG,16:37,COL,ev,none,wrist,1551,8479525,R. Colton,8478420,M. Rantanen,8480069,C. Makar,0,2
2024-10-20,2024020089,1,REG,18:25,SJS,pp,none,wrist,1451,8482667,W. Eklund,8475798,M. Granlund,8475726,T. Toffoli,1,2
2024-10-20,2024020089,3,REG,09:57,COL,ev,none,backhand,1551,8481641,J. Kiviranta,8476312,J. Manson,8481206,J. Ludvig,1,3
2024-10-20,2024020089,3,REG,18:23,COL,ev,empty-net,snap,1560,8480069,C. Makar,8477492,N. MacKinnon,8479398,S. Girard,1,4
2024-10-20,2024020090,3,REG,03:06,LAK,ev,none,snap,1551,8477960,A. Kempe,8471685,A. Kopitar,8479998,M. Anderson,0,1
2024-10-20,2024020090,3,REG,08:58,LAK,ev,none,snap,1551,8482155,A. Laferriere,,,,,0,2
2024-10-20,2024020090,3,REG,18:16,ANA,ev,none,tip-in,1551,8476458,R. Strome,8478873,T. Terry,8478366,F. Vatrano,1,2
2024-10-20,2024020090,3,REG,18:53,LAK,ev,empty-net,backhand,1560,8477942,K. Fiala,8476479,P. Danault,8478882,V. Gavrikov,1,3
2024-10-20,2024020090,3,REG,19:24,LAK,ev,empty-net,wrist,1560,8479998,M. Anderson,8481532,A. Turcotte,,,1,4
2024-10-21,2024020091,1,REG,03:57,TOR,ev,none,snap,1551,8477939,W. Nylander,8477503,M. Domi,,,1,0
2024-10-21,2024020091,1,REG,15:57,TBL,ev,none,wrist,1551,8477426,N. Paul,8475167,V. Hedman,8482070,M. Chaffee,1,1
2024-10-21,2024020091,2,REG,01:56,TOR,pp,none,wrist,1451,8479318,A. Matthews,8478483,M. Marner,8477939,W. Nylander,2,1
2024-10-21,2024020091,2,REG,07:33,TOR,ev,none,wrist,1551,8477939,W. Nylander,8482259,B. McMann,,,3,1
2024-10-21,2024020091,2,REG,09:31,TOR,ev,none,snap,1551,8474157,M. Pacioretty,8475166,J. Tavares,8479982,C. Timmins,4,1
2024-10-21,2024020091,2,REG,14:02,TOR,ev,none,wrist,1551,8482720,M. Knies,8478483,M. Marner,,,5,1
2024-10-21,2024020091,3,REG,14:53,TBL,pp,none,wrist,1541,8478010,B. Point,8476453,N. Kucherov,8475167,V. Hedman,5,2
2024-10-22,2024020092,1,REG,03:49,WSH,sh,none,backhand,1451,8475343,N. Dowd,8480796,M. Fehérváry,,,0,1
2024-10-22,2024020092,1,REG,15:07,WSH,sh,none,wrist,1451,8478233,A. Mangiapane,8481580,C. McMichael,,,0,2
2024-10-22,2024020092,3,REG,00:34,PHI,ev,none,wrist,1441,8477948,T. Sanheim,8481546,C. York,8484387,M. Michkov,1,2
2024-10-22,2024020092,3,REG,01:38,WSH,ev,none,wrist,1441,8474590,J. Carlson,8481580,C. McMichael,8478440,D. Strome,1,3
2024-10-22,2024020092,3,REG,14:07,WSH,ev,none,wrist,1551,8479345,J. Chychrun,8479520,B. Duhaime,8477944,J. Vrana,1,4
2024-10-22,2024020093,1,REG,11:40,MIN,ev,none,tip-in,1551,8482079,M. Rossi,8478864,K. Kaprizov,8478136,J. Middleton,0,1
2024-10-22,2024020093,1,REG,12:02,MIN,ev,none,slap,1551,8475149,M. Johansson,8481557,M. Boldy,8476463,J. Brodin,0,2
2024-10-22,2024020093,2,REG,02:40,MIN,pp,none,tip-in,1541,8481557,M. Boldy,8475692,M. Zuccarello,8478493,J. Eriksson Ek,0,3
2024-10-22,2024020093,2,REG,11:19,FLA,ev,none,deflected,1551,8477935,S. Bennett,8477409,C. Verhaeghe,8479314,M. Tkachuk,1,3
2024-10-22,2024020093,2,REG,13:58,MIN,ev,none,snap,1551,8475692,M. Zuccarello,8478864,K. Kaprizov,8478136,J. Middleton,1,4
2024-10-22,2024020093,2,REG,16:05,MIN,ev,none,snap,1551,8478493,J. Eriksson Ek,8478136,J. Middleton,,,1,5
2024-10-22,2024020094,1,REG,11:02,NJD,ev,none,wrist,1551,8481559,J. Hughes,8479407,J. Bratt,8476292,O. Palat,1,0
2024-10-22,2024020094,1,REG,14:09,TBL,pp,none,wrist,1541,8478010,B. Point,8478519,A. Cirelli,8476453,N. Kucherov,1,1
2024-10-22,2024020094,2,REG,00:51,NJD,ev,none,snap,1551,8478414,T. Meier,8481559,J. Hughes,,,2,1
2024-10-22,2024020094,2,REG,07:34,TBL,ev,none,wrist,1551,8475167,V. Hedman,8482655,J. Moser,8477404,J. Guentzel,2,2
2024-10-22,2024020094,2,REG,09:27,TBL,ev,none,slap,1551,8479542,B. Hagel,8478519,A. Cirelli,8480246,N. Perbix,2,3
2024-10-22,2024020094,2,REG,13:01,TBL,ev,none,snap,1551,8479542,B. Hagel,8483447,C. Geekie,8478519,A. Cirelli,2,4
2024-10-22,2024020094,2,REG,15:53,TBL,ev,none,snap,1551,8479542,B. Hagel,8482929,E. Lilleberg,8478519,A. Cirelli,2,5
2024-10-22,2024020094,2,REG,17:28,TBL,ev,none,slap,1551,8475167,V. Hedman,8479542,B. Hagel,8482655,J. Moser,2,6
2024-10-22,2024020094,3,REG,02:56,NJD,ev,none,wrist,1551,8479414,N. Bastian,8477508,C. Lazar,,,3,6
2024-10-22,2024020094,3,REG,05:24,NJD,pp,none,slap,1451,8478414,T. Meier,8475193,T. Tatar,8483495,S. Nemec,4,6
2024-10-22,2024020094,3,REG,05:48,TBL,pp,none,snap,1541,8477404,J. Guentzel,8476453,N. Kucherov,,,4,7
2024-10-22,2024020094,3,REG,09:19,TBL,sh,none,wrist,1451,8482655,J. Moser,8477426,N. Paul,,,4,8
2024-10-22,2024020094,3,REG,12:45,NJD,pp,none,snap,1451,8476474,S. Noesen,8481559,J. Hughes,8476462,D. Hamilton,5,8
2024-10-22,2024020095,2,REG,12:21,BUF,ev,none,bat,1551,8481522,P. Krebs,8479359,B. Malenstyn,8482671,O. Power,1,0
2024-10-22,2024020095,2,REG,13:44,BUF,ev,none,wrist,1551,8480802,R. McLeod,8475722,J. Zucker,8482671,O. Power,2,0
2024-10-22,2024020095,3,REG,04:17,BUF,ev,none,slap,1551,8479420,T. Thompson,8482671,O. Power,8477949,A. Tuch,3,0
2024-10-22,2024020095,3,REG,15:24,DAL,ev,none,wrist,0651,8481581,T. Harley,8475168,M. Duchene,8474149,E. Dadonov,3,1
2024-10-22,2024020095,3,REG,17:48,DAL,ev,none,wrist,0651,8475794,T. Seguin,8474149,E. Dadonov,8482145,M. Bourque,3,2
2024-10-22,2024020095,3,REG,19:49,BUF,ev,empty-net,wrist,0651,8477949,A. Tuch,8479420,T. Thompson,,,4,2
2024-10-22,2024020096,1,REG,00:54,NYR,ev,none,snap,1551,8476459,M. Zibanejad,8479323,A. Fox,8478550,A. Panarin,0,1
2024-10-22,2024020096,1,REG,02:05,NYR,ev,none,wrist,1551,8477380,J. Brodzinski,8481726,A. Edstrom,8482073,B. Schneider,0,2
2024-10-22,2024020096,1,REG,06:40,NYR,ev,none,snap,1551,8475191,R. Smith,,,,,0,3
2024-10-22,2024020096,1,REG,11:05,NYR,pp,none,tip-in,1541,8480078,F. Chytil,8475191,R. Smith,8481554,K. Kakko,0,4
2024-10-22,2024020096,1,REG,12:52,MTL,ev,none,tip-in,1551,8480018,N. Suzuki,8476981,J. Anderson,8475233,D. Savard,1,4
2024-10-22,2024020096,2,REG,05:35,MTL,pp,none,backhand,1451,8480018,N. Suzuki,8476875,M. Matheson,8481523,K. Dach,2,4
2024-10-22,2024020096,2,REG,08:57,NYR,ev,none,wrist,1551,8482073,B. Schneider,8480078,F. Chytil,8481554,K. Kakko,2,5
2024-10-22,2024020096,3,REG,15:41,NYR,ev,none,snap,1551,8480078,F. Chytil,8482157,W. Cuylle,8475842,S. Carrick,2,6
2024-10-22,2024020096,3,REG,16:19,NYR,ev,none,snap,1551,8481554,K. Kakko,8482157,W. Cuylle,8483768,V. Mancini,2,7
2024-10-22,2024020097,1,REG,05:29,CBJ,ev,none,backhand,1551,8474037,J. van Riemsdyk,8478500,I. Provorov,8478099,K. Labanc,1,0
2024-10-22,2024020097,1,REG,06:21,CBJ,ev,none,wrist,1551,8479941,J. Danforth,8478460,Z. Werenski,,,2,0
2024-10-22,2024020097,1,REG,12:42,CBJ,ev,none,snap,1551,8479671,M. Olivier,8479941,J. Danforth,8481161,J. Christiansen,3,0
2024-10-22,2024020097,2,REG,05:35,CBJ,ev,none,snap,1551,8477497,S. Monahan,8480893,K. Marchenko,8478460,Z. Werenski,4,0
2024-10-22,2024020097,2,REG,11:36,CBJ,ev,none,wrist,1551,8479671,M. Olivier,8479944,Z. Aston-Reese,8479941,J. Danforth,5,0
2024-10-22,2024020097,2,REG,18:59,TOR,ev,none,wrist,1551,8482720,M. Knies,,,,,5,1
2024-10-22,2024020097,3,REG,11:58,CBJ,ev,none,snap,1551,8480893,K. Marchenko,8477497,S. Monahan,8482705,C. Sillinger,6,1
2024-10-22,2024020097,3,REG,13:03,TOR,ev,none,backhand,1551,8481582,N. Robertson,8475166,J. Tavares,8481122,S. Benoit,6,2
2024-10-22,2024020098,1,REG,08:54,DET,ev,none,snap,1551,8474141,P. Kane,8475765,V. Tarasenko,8477456,J. Compher,0,1
2024-10-22,2024020099,1,REG,10:11,STL,ev,none,wrist,1551,8476438,B. Saad,8480023,R. Thomas,8476892,C. Parayko,1,0
2024-10-22,2024020099,2,REG,08:12,WPG,pp,none,tip-in,1541,8475799,N. Niederreiter,8480145,N. Pionk,8482149,C. Perfetti,1,1
2024-10-22,2024020099,2,REG,13:58,WPG,ev,none,slap,1551,8476525,C. Miller,8482149,C. Perfetti,8477940,N. Ehlers,1,2
2024-10-22,2024020099,2,REG,17:40,WPG,ev,none,wrist,1551,8478398,K. Connor,8480049,D. Samberg,8482149,C. Perfetti,1,3
2024-10-22,2024020099,3,REG,05:15,STL,ev,none,wrist,1551,8476438,B. Saad,8479385,J. Kyrou,8480023,R. Thomas,2,3
2024-10-22,2024020100,1,REG,00:21,VAN,ev,none,wrist,1551,8478046,D. Heinen,8476927,T. Blueger,8480748,K. Sherwood,0,1
2024-10-22,2024020100,1,REG,06:01,VAN,pp,none,snap,1541,8476468,J. Miller,8480800,Q. Hughes,8478856,C. Garland,0,2
2024-10-22,2024020100,1,REG,09:25,CHI,ev,none,snap,1551,8477987,R. Donato,8477450,J. Dickinson,8481568,A. Vlasic,1,2
2024-10-22,2024020100,1,REG,10:46,VAN,ev,none,deflected,1551,8478046,D. Heinen,8479425,F. Hronek,8480748,K. Sherwood,1,3
2024-10-22,2024020100,1,REG,13:29,CHI,ev,none,wrist,1551,8475791,T. Hall,8476473,C. Murphy,,,2,3
2024-10-22,2024020100,1,REG,15:17,VAN,ev,none,wrist,1551,8478856,C. Garland,8480012,E. Pettersson,8476468,J. Miller,2,4
2024-10-22,2024020100,3,REG,10:29,VAN,pp,none,tip-in,1541,8478444,B. Boeser,8476468,J. Miller,8480800,Q. Hughes,2,5
2024-10-22,2024020100,3,REG,10:58,VAN,ev,none,wrist,1551,8480459,P. Suter,8480073,E. Brannstrom,8482496,N. Aman,2,6
2024-10-22,2024020100,3,REG,14:04,CHI,pp,none,wrist,1351,8477479,T. Bertuzzi,8473422,N. Foligno,8477495,S. Jones,3,6
2024-10-22,2024020106,1,REG,18:32,COL,ev,none,wrist,1551,8481641,J. Kiviranta,8484258,S. Malinski,,,0,1
2024-10-22,2024020106,2,REG,11:57,SEA,ev,none,backhand,1551,8477955,J. McCann,,,,,1,1
2024-10-22,2024020106,2,REG,14:56,COL,ev,none,tip-in,1551,8481641,J. Kiviranta,8480069,C. Makar,8483930,I. Ivan,1,2
2024-10-22,2024020106,2,REG,19:52,COL,pp,none,wrist,1541,8477492,N. MacKinnon,8480069,C. Makar,8479999,C. Mittelstadt,1,3
2024-10-22,2024020106,3,REG,19:55,SEA,pp,none,wrist,1460,8482858,R. Evans,8480009,E. Tolvanen,8477444,A. Burakovsky,2,3
2024-10-22,2024020101,1,REG,17:16,NSH,pp,none,tip-in,1451,8475158,R. O'Reilly,8474600,R. Josi,8476887,F. Forsberg,1,0
2024-10-22,2024020101,2,REG,16:55,NSH,ev,none,wrist,1551,8478438,T. Novak,8482146,L. Evangelista,8476869,B. Skjei,2,0
2024-10-22,2024020101,3,REG,12:47,NSH,ev,none,wrist,1551,8474679,G. Nyquist,8475158,R. O'Reilly,8474600,R. Josi,3,0
2024-10-22,2024020101,3,REG,13:56,NSH,ev,empty-net,wrist,0651,8482146,L. Evangelista,,,,,4,0
2024-10-22,2024020103,1,REG,03:34,EDM,ev,none,wrist,1551,8478402,C. McDavid,8476454,R. Nugent-Hopkins,,,1,0
2024-10-22,2024020103,2,REG,02:30,EDM,pp,none,poke,1451,8478402,C. McDavid,8477934,L. Draisaitl,8480803,E. Bouchard,2,0
2024-10-22,2024020103,3,REG,00:44,CAR,pp,none,slap,1541,8476906,S. Gostisbehere,8480039,M. Necas,8478427,S. Aho,2,1
2024-10-22,2024020103,3,REG,13:29,CAR,ev,none,tip-in,1551,8480039,M. Necas,8480762,E. Robinson,8480829,J. Kotkaniemi,2,2
2024-10-22,2024020103,4,OT,04:53,CAR,ev,none,slap,1331,8478427,S. Aho,8480039,M. Necas,8476906,S. Gostisbehere,2,3
2024-10-22,2024020104,1,REG,11:43,OTT,ev,none,slap,1441,8480208,D. Batherson,8480064,J. Norris,8475324,N. Jensen,0,1
2024-10-22,2024020104,1,REG,13:06,OTT,ev,none,snap,1441,8473512,C. Giroux,8475324,N. Jensen,,,0,2
2024-10-22,2024020104,1,REG,18:05,OTT,pp,none,snap,1541,8482092,R. Greig,,,,,0,3
2024-10-22,2024020104,1,REG,19:52,OTT,ev,none,snap,1551,8480801,B. Tkachuk,8478469,T. Chabot,8482116,T. Stützle,0,4
2024-10-22,2024020102,1,REG,11:48,CGY,ev,none,snap,1551,8478397,R. Andersson,8477993,J. Kirkland,8479066,R. Lomberg,1,0
2024-10-22,2024020102,2,REG,06:31,PIT,pp,none,wrist,1541,8475810,B. Rust,8471675,S. Crosby,8474578,E. Karlsson,1,1
2024-10-22,2024020102,3,REG,02:32,PIT,ev,none,wrist,1551,8476483,R. Rakell,8475763,K. Hayes,8476891,M. Grzelcyk,1,2
2024-10-22,2024020102,3,REG,07:46,CGY,ev,none,slap,1551,8477346,M. Weegar,8482624,D. Miromanov,8476399,B. Coleman,2,2
2024-10-22,2024020102,3,REG,13:40,PIT,ev,none,wrap-around,1551,8478569,N. Acciari,8479996,C. Glass,8477969,M. Pettersson,2,3
2024-10-22,2024020102,3,REG,19:17,CGY,ev,none,wrist,1560,8475172,N. Kadri,8476399,B. Coleman,8478397,R. Andersson,3,3
2024-10-22,2024020102,5,SO,00:00,CGY,ev,none,wrist,1010,8477993,J. Kirkland,,,,,4,3
2024-10-22,2024020105,2,REG,06:56,ANA,pp,none,wrist,1451,8478873,T. Terry,8481605,J. LaCombe,8483445,C. Gauthier,1,0
2024-10-22,2024020105,3,REG,04:55,SJS,pp,none,wrist,1541,8475798,M. Granlund,8482667,W. Eklund,8482144,J. Thompson,1,1
2024-10-22,2024020105,3,REG,05:36,ANA,pp,none,tip-in,1451,8484153,L. Carlsson,8483445,C. Gauthier,8482745,M. McTavish,2,1
2024-10-22,2024020105,3,REG,18:09,ANA,ev,empty-net,wrist,0651,8473986,A. Killorn,8480806,I. Lundestrom,,,3,1
2024-10-22,2024020107,1,REG,09:07,VGK,pp,none,backhand,1451,8476881,T. Hertl,8475913,M. Stone,8478403,J. Eichel,1,0
2024-10-22,2024020107,1,REG,13:51,VGK,pp,none,tip-in,1451,8475913,M. Stone,8476881,T. Hertl,8478396,N. Hanifin,2,0
2024-10-22,2024020107,1,REG,15:12,VGK,ev,none,wrist,1551,8481604,P. Dorofeyev,8476881,T. Hertl,8481527,K. Korczak,3,0
2024-10-22,2024020107,2,REG,19:07,LAK,ev,none,wrist,1551,8477998,W. Foegele,8476441,J. Edmundson,8481606,J. Spence,3,1
2024-10-22,2024020107,3,REG,02:59,VGK,ev,none,snap,1551,8482125,A. Holtz,8474565,A. Pietrangelo,,,4,1
2024-10-22,2024020107,3,REG,08:26,VGK,ev,none,wrist,1551,8476881,T. Hertl,8474565,A. Pietrangelo,8481604,P. Dorofeyev,5,1
2024-10-22,2024020107,3,REG,13:25,VGK,ev,none,snap,1551,8477964,I. Barbashev,8475913,M. Stone,8474565,A. Pietrangelo,6,1
2024-10-23,2024020108,1,REG,04:50,WSH,ev,none,tip-in,1551,8479390,T. Raddysh,8475795,D. McIlrath,8480873,R. Sandin,1,0
2024-10-23,2024020108,2,REG,02:49,WSH,ev,none,wrist,1551,8475343,N. Dowd,8480873,R. Sandin,8481656,A. Protas,2,0
2024-10-23,2024020108,2,REG,04:04,WSH,ev,none,backhand,1551,8481580,C. McMichael,8479400,P. Dubois,8475795,D. McIlrath,3,0
2024-10-23,2024020108,2,REG,07:16,WSH,ev,none,tip-in,1551,8481580,C. McMichael,8477845,T. van Riemsdyk,8479400,P. Dubois,4,0
2024-10-23,2024020108,2,REG,12:04,PHI,pp,none,wrist,1541,8478439,T. Konecny,8484387,M. Michkov,8482142,J. Drysdale,4,1
2024-10-23,2024020108,2,REG,16:16,PHI,ev,none,tip-in,1551,8480015,O. Tippett,8481178,E. Zamula,8482159,T. Foerster,4,2
2024-10-23,2024020108,3,REG,06:36,PHI,pp,none,snap,1431,8484387,M. Michkov,8480015,O. Tippett,8482142,J. Drysdale,4,3
2024-10-23,2024020108,3,REG,17:48,WSH,ev,empty-net,wrist,0651,8479400,P. Dubois,,,,,5,3
2024-10-23,2024020108,3,REG,18:50,WSH,ev,empty-net,backhand,0651,8471214,A. Ovechkin,8478440,D. Strome,,,6,3
2024-10-24,2024020109,1,REG,11:57,BOS,ev,none,snap,1441,8477956,D. Pastrnak,8483505,M. Poitras,,,1,0
2024-10-24,2024020109,1,REG,16:20,DAL,ev,none,wrist,1551,8475168,M. Duchene,8475794,T. Seguin,8481581,T. Harley,1,1
2024-10-24,2024020109,2,REG,00:31,DAL,pp,none,wrist,1541,8480027,J. Robertson,8473994,J. Benn,8480036,M. Heiskanen,1,2
2024-10-24,2024020109,2,REG,04:57,DAL,pp,none,tip-in,1541,8482702,L. Stankoven,8475168,M. Duchene,8478975,M. Marchment,1,3
2024-10-24,2024020109,2,REG,08:59,DAL,pp,none,wrist,1541,8475794,T. Seguin,8478975,M. Marchment,8475168,M. Duchene,1,4
2024-10-24,2024020109,2,REG,10:41,BOS,pp,none,wrist,1451,8479638,J. Brazeau,8479365,T. Frederic,8479987,M. Geekie,2,4
2024-10-24,2024020109,3,REG,17:58,DAL,ev,empty-net,wrist,1560,8478449,R. Hintz,8475794,T. Seguin,,,2,5
2024-10-24,2024020110,1,REG,04:07,STL,ev,none,slap,1551,8481598,P. Broberg,8479385,J. Kyrou,8477402,P. Buchnevich,0,1
2024-10-24,2024020110,1,REG,10:31,STL,pp,none,wrist,1541,8482077,D. Holloway,8476438,B. Saad,,,0,2
2024-10-24,2024020110,2,REG,06:20,TOR,ev,none,slap,1551,8475171,O. Ekman-Larsson,8476853,M. Rielly,8475166,J. Tavares,1,2
2024-10-24,2024020110,2,REG,07:58,STL,ev,none,wrist,1551,8480074,A. Texier,8479385,J. Kyrou,8477402,P. Buchnevich,1,3
2024-10-24,2024020110,3,REG,03:45,STL,ev,none,wrist,1551,8482089,J. Neighbours,8475170,B. Schenn,,,1,4
2024-10-24,2024020110,3,REG,16:42,STL,ev,empty-net,wrist,1560,8482077,D. Holloway,8475753,J. Faulk,,,1,5
2024-10-24,2024020111,1,REG,12:11,NJD,pp,none,snap,1541,8480002,N. Hischier,8479407,J. Bratt,,,0,1
2024-10-24,2024020111,1,REG,18:09,DET,ev,none,wrist,1551,8478432,C. Fischer,8477429,A. Copp,,,1,1
2024-10-24,2024020111,1,REG,18:34,DET,ev,none,wrist,1551,8479337,A. DeBrincat,,,,,2,1
2024-10-24,2024020111,2,REG,04:59,NJD,pp,none,tip-in,1541,8475287,E. Haula,8478414,T. Meier,8482684,L. Hughes,2,2
2024-10-24,2024020111,3,REG,09:46,DET,pp,none,tip-in,1451,8477946,D. Larkin,8474141,P. Kane,8482078,L. Raymond,3,2
2024-10-24,2024020111,3,REG,11:41,NJD,pp,none,snap,1541,8480002,N. Hischier,8481559,J. Hughes,8476462,D. Hamilton,3,3
2024-10-24,2024020111,3,REG,16:28,DET,pp,none,snap,1451,8474141,P. Kane,8482078,L. Raymond,8479337,A. DeBrincat,4,3
2024-10-24,2024020111,3,REG,19:48,DET,ev,empty-net,wrap-around,0651,8479992,M. Rasmussen,8482762,S. Edvinsson,,,5,3
2024-10-24,2024020112,1,REG,06:23,MIN,ev,none,snap,1551,8478864,K. Kaprizov,8482079,M. Rossi,8476463,J. Brodin,0,1
2024-10-24,2024020112,2,REG,08:55,TBL,sh,none,snap,1541,8479542,B. Hagel,8478519,A. Cirelli,8478416,E. Cernak,1,1
2024-10-24,2024020112,2,REG,11:31,TBL,ev,none,wrist,1551,8476453,N. Kucherov,8477426,N. Paul,8480246,N. Perbix,2,1
2024-10-24,2024020112,2,REG,18:22,MIN,ev,none,wrist,1551,8478493,J. Eriksson Ek,8474567,Z. Bogosian,8481557,M. Boldy,2,2
2024-10-24,2024020112,3,REG,00:54,MIN,pp,none,slap,1541,8481557,M. Boldy,8475692,M. Zuccarello,8478864,K. Kaprizov,2,3
2024-10-24,2024020112,3,REG,19:26,MIN,ev,empty-net,wrist,1560,8478864,K. Kaprizov,8480880,J. Lauko,8478136,J. Middleton,2,4
2024-10-24,2024020113,1,REG,00:44,FLA,ev,none,snap,1551,8482113,A. Lundell,8477933,S. Reinhart,8480185,E. Luostarinen,0,1
2024-10-24,2024020113,1,REG,02:42,FLA,ev,none,snap,1551,8477409,C. Verhaeghe,8478055,G. Forsling,,,0,2
2024-10-24,2024020113,1,REG,04:44,NYR,ev,none,backhand,1551,8482109,A. Lafrenière,8479323,A. Fox,8478550,A. Panarin,1,2
2024-10-24,2024020113,2,REG,06:59,FLA,ev,none,tip-in,1551,8477935,S. Bennett,8478859,N. Mikkola,8475179,D. Kulikov,1,3
2024-10-24,2024020114,1,REG,12:29,CAR,pp,none,wrist,1541,8482093,S. Jarvis,8478427,S. Aho,8480039,M. Necas,0,1
2024-10-24,2024020114,2,REG,00:41,CAR,ev,none,wrist,1551,8478458,J. Roslovic,8470613,B. Burns,8480830,A. Svechnikov,0,2
2024-10-24,2024020114,2,REG,01:59,CAR,ev,none,wrist,1551,8480039,M. Necas,8476906,S. Gostisbehere,8480829,J. Kotkaniemi,0,3
2024-10-24,2024020114,2,REG,13:01,CGY,ev,none,wrist,1551,8479402,J. Bean,8482074,C. Zary,8474150,M. Backlund,1,3
2024-10-24,2024020114,3,REG,13:05,CGY,ev,none,wrist,1551,8476456,J. Huberdeau,8477993,J. Kirkland,8478397,R. Andersson,2,3
2024-10-24,2024020114,3,REG,18:43,CAR,ev,empty-net,wrist,1560,8480762,E. Robinson,8481611,P. Kochetkov,,,2,4
2024-10-24,2024020115,1,REG,09:54,COL,pp,none,snap,1541,8479525,R. Colton,8478420,M. Rantanen,8479999,C. Mittelstadt,0,1
2024-10-24,2024020115,1,REG,18:20,COL,ev,none,snap,1551,8480069,C. Makar,8478420,M. Rantanen,8481042,N. Kovalenko,0,2
2024-10-24,2024020115,2,REG,14:25,COL,ev,none,wrist,1551,8479999,C. Mittelstadt,8484258,S. Malinski,8481042,N. Kovalenko,0,3
2024-10-24,2024020115,2,REG,17:33,COL,pp,none,snap,1541,8483930,I. Ivan,8477492,N. MacKinnon,8479999,C. Mittelstadt,0,4
2024-10-24,2024020115,3,REG,15:28,UTA,ev,none,backhand,1551,8478474,L. Crouse,8481711,M. Maccelli,8474013,I. Cole,1,4
2024-10-24,2024020115,3,REG,16:07,COL,ev,none,snap,1551,8481641,J. Kiviranta,,,,,1,5
2024-10-24,2024020116,1,REG,11:27,SEA,ev,none,wrist,1551,8482665,M. Beniers,,,,,1,0
2024-10-24,2024020116,2,REG,03:56,WPG,ev,none,deflected,1551,8475799,N. Niederreiter,8478891,M. Appleton,8476392,A. Lowry,1,1
2024-10-24,2024020116,2,REG,15:05,WPG,ev,none,wrist,1551,8480014,G. Vilardi,8476460,M. Scheifele,8478398,K. Connor,1,2
2024-10-24,2024020116,3,REG,04:21,WPG,ev,none,wrist,1551,8475799,N. Niederreiter,8482149,C. Perfetti,8480145,N. Pionk,1,3
2024-10-24,2024020116,3,REG,11:01,SEA,ev,none,backhand,1551,8474586,J. Eberle,8477955,J. McCann,8482665,M. Beniers,2,3
2024-10-24,2024020116,3,REG,16:38,SEA,ev,none,tip-in,1551,8482665,M. Beniers,8477986,B. Montour,8477955,J. McCann,3,3
2024-10-24,2024020116,4,OT,01:26,WPG,ev,none,wrist,0431,8477940,N. Ehlers,8478398,K. Connor,8476460,M. Scheifele,3,4
2024-10-24,2024020117,1,REG,04:31,LAK,ev,none,snap,1551,8481606,J. Spence,8479675,T. Moore,8476479,P. Danault,1,0
2024-10-24,2024020117,1,REG,08:47,LAK,ev,none,backhand,1551,8477998,W. Foegele,8482155,A. Laferriere,,,2,0
2024-10-24,2024020117,1,REG,11:36,LAK,ev,none,tip-in,1551,8477998,W. Foegele,8482155,A. Laferriere,8482730,B. Clarke,3,0
2024-10-24,2024020117,2,REG,10:05,SJS,pp,none,wrist,1541,8475798,M. Granlund,8482144,J. Thompson,8477505,A. Wennberg,3,1
2024-10-24,2024020117,3,REG,19:00,SJS,pp,none,wrist,0641,8475798,M. Granlund,8482144,J. Thompson,8477505,A. Wennberg,3,2
2024-10-25,2024020118,1,REG,02:40,OTT,ev,none,wrist,1551,8478874,A. Gaudette,8481133,C. Reinhardt,8480879,J. Bernard-Docker,0,1
2024-10-25,2024020118,1,REG,12:15,OTT,ev,none,wrist,1551,8473512,C. Giroux,8475324,N. Jensen,8480208,D. Batherson,0,2
2024-10-25,2024020118,1,REG,17:23,VGK,ev,none,wrist,1551,8478462,N. Roy,8476871,T. Pearson,8474565,A. Pietrangelo,1,2
2024-10-25,2024020118,1,REG,17:44,VGK,ev,none,wrist,1551,8479980,N. Hague,8482125,A. Holtz,,,2,2
2024-10-25,2024020118,1,REG,18:34,OTT,ev,none,snap,1551,8480208,D. Batherson,,,,,2,3
2024-10-25,2024020118,2,REG,06:40,VGK,ev,none,tip-in,1551,8477964,I. Barbashev,8474565,A. Pietrangelo,8478396,N. Hanifin,3,3
2024-10-25,2024020118,2,REG,17:44,OTT,pp,none,wrist,1541,8478874,A. Gaudette,8473512,C. Giroux,8482116,T. Stützle,3,4
2024-10-25,2024020118,3,REG,16:49,VGK,pp,none,wrist,1451,8476881,T. Hertl,8475913,M. Stone,8478403,J. Eichel,4,4
2024-10-25,2024020118,3,REG,17:49,VGK,ev,none,wrist,1551,8478434,K. Kolesar,8476871,T. Pearson,8474565,A. Pietrangelo,5,4
2024-10-25,2024020118,3,REG,18:14,VGK,ev,empty-net,wrist,0651,8477964,I. Barbashev,8478403,J. Eichel,8475913,M. Stone,6,4
2024-10-25,2024020119,1,REG,01:23,NYI,ev,none,wrist,1551,8475754,B. Nelson,8476917,A. Pelech,8475151,K. Palmieri,0,1
2024-10-25,2024020119,1,REG,11:36,NJD,ev,none,snap,1551,8480002,N. Hischier,8479407,J. Bratt,8475455,B. Dillon,1,1
2024-10-25,2024020119,1,REG,14:03,NYI,pp,none,wrist,1541,8475314,A. Lee,8480865,N. Dobson,8476419,J. Pageau,1,2
2024-10-25,2024020119,2,REG,05:31,NJD,ev,none,snap,1551,8477508,C. Lazar,8481032,P. Cotter,8478399,J. Siegenthaler,2,2
2024-10-25,2024020119,2,REG,11:28,NYI,ev,none,tip-in,1551,8475151,K. Palmieri,8481014,A. Romanov,8475754,B. Nelson,2,3
2024-10-25,2024020119,3,REG,18:31,NJD,ev,none,backhand,1560,8479407,J. Bratt,,,,,3,3
2024-10-25,2024020119,4,OT,01:09,NYI,ev,none,snap,1331,8477500,B. Horvat,8478445,M. Barzal,8477506,R. Pulock,3,4
2024-10-25,2024020120,1,REG,02:55,CHI,ev,none,tip-in,1551,8475225,C. Smith,8482117,L. Reichel,8482700,N. Allan,1,0
2024-10-25,2024020120,2,REG,05:14,CHI,ev,none,snap,1551,8484144,C. Bedard,8481568,A. Vlasic,8476473,C. Murphy,2,0
2024-10-25,2024020120,2,REG,13:41,NSH,ev,none,wrist,1551,8476887,F. Forsberg,8474679,G. Nyquist,8478851,A. Carrier,2,1
2024-10-25,2024020120,2,REG,16:59,NSH,sh,none,wrist,1451,8474679,G. Nyquist,8478851,A. Carrier,8482062,C. Smith,2,2
2024-10-25,2024020120,3,REG,13:07,NSH,pp,none,wrist,1541,8476869,B. Skjei,8478438,T. Novak,8482146,L. Evangelista,2,3
2024-10-25,2024020121,2,REG,13:00,EDM,ev,none,snap,1551,8477934,L. Draisaitl,8478042,V. Arvidsson,8480803,E. Bouchard,1,0
2024-10-25,2024020121,2,REG,17:35,EDM,ev,none,snap,1551,8480803,E. Bouchard,8478042,V. Arvidsson,8481617,V. Podkolzin,2,0
2024-10-25,2024020121,3,REG,00:16,EDM,ev,none,snap,1551,8476454,R. Nugent-Hopkins,8475786,Z. Hyman,8475218,M. Ekholm,3,0
2024-10-25,2024020121,3,REG,07:00,EDM,pp,none,snap,1451,8475218,M. Ekholm,8478042,V. Arvidsson,,,4,0
2024-10-26,2024020122,1,REG,04:04,BUF,pp,none,wrist,1451,8475722,J. Zucker,8479420,T. Thompson,8480839,R. Dahlin,1,0
2024-10-26,2024020122,1,REG,12:00,BUF,ev,none,slap,1551,8479420,T. Thompson,8482175,J. Peterka,8480839,R. Dahlin,2,0
2024-10-26,2024020122,1,REG,14:43,DET,ev,none,slap,1551,8479337,A. DeBrincat,8481542,M. Seider,8482078,L. Raymond,2,1
2024-10-26,2024020122,2,REG,03:20,BUF,ev,none,wrist,1551,8479420,T. Thompson,8480839,R. Dahlin,,,3,1
2024-10-26,2024020122,2,REG,03:51,DET,ev,none,backhand,1551,8479992,M. Rasmussen,8481542,M. Seider,8482762,S. Edvinsson,3,2
2024-10-26,2024020122,2,REG,11:02,DET,sh,none,wrist,1451,8482078,L. Raymond,,,,,3,3
2024-10-26,2024020122,2,REG,15:54,BUF,ev,none,wrist,1551,8481524,B. Byram,8482671,O. Power,8481528,D. Cozens,4,3
2024-10-26,2024020122,3,REG,19:12,BUF,ev,empty-net,wrist,0651,8482097,J. Quinn,,,,,5,3
2024-10-26,2024020123,1,REG,01:18,PHI,ev,none,wrist,1551,8476461,S. Couturier,8477499,R. Ristolainen,8478439,T. Konecny,1,0
2024-10-26,2024020123,1,REG,03:51,PHI,ev,none,wrist,1551,8476372,N. Seeler,8478439,T. Konecny,8484387,M. Michkov,2,0
2024-10-26,2024020123,2,REG,14:54,MIN,ev,none,wrist,1551,8482122,B. Faber,8478864,K. Kaprizov,8478493,J. Eriksson Ek,2,1
2024-10-26,2024020123,2,REG,15:27,MIN,ev,none,wrist,1551,8475220,M. Foligno,8480990,D. Chisholm,,,2,2
2024-10-26,2024020123,2,REG,18:16,PHI,ev,none,wrist,1560,8484387,M. Michkov,8476461,S. Couturier,8480015,O. Tippett,3,2
2024-10-26,2024020123,2,REG,19:56,MIN,pp,none,wrist,1541,8478493,J. Eriksson Ek,8478864,K. Kaprizov,8481557,M. Boldy,3,3
2024-10-26,2024020123,3,REG,02:18,MIN,ev,none,tip-in,1551,8475220,M. Foligno,8474567,Z. Bogosian,8476463,J. Brodin,3,4
2024-10-26,2024020123,3,REG,04:55,PHI,pp,none,wrist,1451,8478439,T. Konecny,8480028,M. Frost,8480015,O. Tippett,4,4
2024-10-26,2024020123,3,REG,08:26,PHI,ev,none,wrist,1551,8476461,S. Couturier,8478439,T. Konecny,8476372,N. Seeler,5,4
2024-10-26,2024020123,3,REG,13:28,MIN,ev,none,wrist,1551,8478136,J. Middleton,,,,,5,5
2024-10-26,2024020123,3,REG,17:36,PHI,ev,none,backhand,1551,8477499,R. Ristolainen,8476461,S. Couturier,8478439,T. Konecny,6,5
2024-10-26,2024020123,3,REG,19:00,PHI,ev,empty-net,wrist,0541,8476461,S. Couturier,8480220,N. Cates,8477948,T. Sanheim,7,5
2024-10-26,2024020124,2,REG,07:51,LAK,pp,none,snap,1451,8482730,B. Clarke,8477960,A. Kempe,8477942,K. Fiala,1,0
2024-10-26,2024020124,2,REG,13:10,LAK,ev,none,wrist,1551,8476441,J. Edmundson,8471685,A. Kopitar,8482124,Q. Byfield,2,0
2024-10-26,2024020124,2,REG,15:55,UTA,ev,none,slap,1551,8479343,C. Keller,8479410,M. Sergachev,8477951,N. Schmaltz,2,1
2024-10-26,2024020124,3,REG,01:09,LAK,ev,none,slap,1551,8476441,J. Edmundson,8477960,A. Kempe,8482730,B. Clarke,3,1
2024-10-26,2024020124,3,REG,09:47,UTA,ev,none,tip-in,1551,8483431,L. Cooley,8480891,M. Kesselring,8482699,D. Guenther,3,2
2024-10-26,2024020125,2,REG,00:35,TOR,ev,none,wrist,1551,8482720,M. Knies,8479318,A. Matthews,8478483,M. Marner,0,1
2024-10-26,2024020125,2,REG,02:57,BOS,pp,none,snap,1451,8477956,D. Pastrnak,8473419,B. Marchand,8478401,P. Zacha,1,1
2024-10-26,2024020125,2,REG,07:44,TOR,ev,none,snap,1441,8476853,M. Rielly,8478483,M. Marner,8475690,C. Tanev,1,2
2024-10-26,2024020125,2,REG,12:38,BOS,ev,none,wrist,1551,8479638,J. Brazeau,8479365,T. Frederic,8483505,M. Poitras,2,2
2024-10-26,2024020125,2,REG,13:14,BOS,ev,none,wrist,1551,8480355,M. Kastelic,8481556,J. Beecher,8481043,C. Koepke,3,2
2024-10-26,2024020125,3,REG,18:43,TOR,ev,none,tip-in,0651,8479318,A. Matthews,8478483,M. Marner,8475166,J. Tavares,3,3
2024-10-26,2024020125,4,OT,02:26,BOS,ev,none,backhand,1331,8473419,B. Marchand,8477956,D. Pastrnak,,,4,3
2024-10-26,2024020126,1,REG,08:34,MTL,ev,none,wrist,1551,8478133,J. Evans,8476469,J. Armia,8475233,D. Savard,1,0
2024-10-26,2024020126,2,REG,01:12,MTL,ev,none,wrist,1551,8481523,K. Dach,8480018,N. Suzuki,8476875,M. Matheson,2,0
2024-10-26,2024020126,2,REG,01:33,STL,ev,none,wrist,1551,8476892,C. Parayko,8478472,M. Joseph,8470600,R. Suter,2,1
2024-10-26,2024020126,2,REG,04:02,STL,ev,none,snap,1551,8482089,J. Neighbours,8476438,B. Saad,8475170,B. Schenn,2,2
2024-10-26,2024020126,2,REG,14:04,MTL,pp,none,snap,1451,8481618,A. Newhook,8481523,K. Dach,8476875,M. Matheson,3,2
2024-10-26,2024020126,3,REG,05:19,MTL,ev,none,wrist,1551,8481540,C. Caufield,8480018,N. Suzuki,8483457,L. Hutson,4,2
2024-10-26,2024020126,3,REG,16:49,MTL,ev,empty-net,wrist,0651,8476469,J. Armia,8477989,C. Dvorak,8478133,J. Evans,5,2
2024-10-26,2024020127,2,REG,05:27,TBL,ev,none,tip-in,1551,8482070,M. Chaffee,8477426,N. Paul,8479591,M. Eyssimont,1,0
2024-10-26,2024020127,3,REG,02:26,TBL,ev,none,wrist,1551,8478010,B. Point,8476453,N. Kucherov,,,2,0
2024-10-26,2024020127,3,REG,03:10,TBL,ev,none,slap,1551,8483447,C. Geekie,8478519,A. Cirelli,8479542,B. Hagel,3,0
2024-10-26,2024020128,3,REG,04:13,NYR,ev,none,snap,1551,8479324,R. Lindgren,8482109,A. Lafrenière,8478550,A. Panarin,1,0
2024-10-26,2024020128,3,REG,11:53,NYR,ev,none,deflected,1551,8482157,W. Cuylle,8481554,K. Kakko,8480078,F. Chytil,2,0
2024-10-26,2024020128,3,REG,12:38,ANA,ev,none,wrist,1441,8482803,O. Zellweger,8484153,L. Carlsson,8478873,T. Terry,2,1
2024-10-26,2024020129,1,REG,00:28,CGY,ev,none,wrist,1551,8474150,M. Backlund,8480860,K. Bahl,8482074,C. Zary,1,0
2024-10-26,2024020129,1,REG,01:51,WPG,pp,none,wrist,1541,8477940,N. Ehlers,8478398,K. Connor,8477504,J. Morrissey,1,1
2024-10-26,2024020129,1,REG,17:37,WPG,sh,none,wrist,1451,8478398,K. Connor,8476392,A. Lowry,8480145,N. Pionk,1,2
2024-10-26,2024020129,2,REG,17:28,CGY,ev,none,wrist,1551,8478397,R. Andersson,8483808,A. Kuzmenko,,,2,2
2024-10-26,2024020129,3,REG,01:01,WPG,ev,none,slap,1551,8480049,D. Samberg,8480145,N. Pionk,8478891,M. Appleton,2,3
2024-10-26,2024020129,3,REG,04:19,CGY,ev,none,wrist,1551,8475172,N. Kadri,8483808,A. Kuzmenko,,,3,3
2024-10-26,2024020129,3,REG,16:16,WPG,pp,none,wrist,1541,8482149,C. Perfetti,8475799,N. Niederreiter,8476480,V. Namestnikov,3,4
2024-10-26,2024020129,3,REG,18:46,WPG,ev,empty-net,wrist,1560,8478891,M. Appleton,8475799,N. Niederreiter,8476392,A. Lowry,3,5
2024-10-26,2024020130,1,REG,01:32,NYI,ev,none,wrist,1551,8479395,D. Cholowski,8475231,C. Cizikas,,,1,0
2024-10-26,2024020130,1,REG,06:01,NYI,ev,none,poke,1551,8475151,K. Palmieri,8477506,R. Pulock,8484958,M. Tsyplakov,2,0
2024-10-26,2024020130,1,REG,11:41,NYI,ev,none,backhand,1551,8475754,B. Nelson,8484958,M. Tsyplakov,8475151,K. Palmieri,3,0
2024-10-26,2024020130,1,REG,13:27,FLA,ev,none,wrist,1551,8477933,S. Reinhart,8480185,E. Luostarinen,8482113,A. Lundell,3,1
2024-10-26,2024020130,2,REG,06:38,FLA,ev,none,poke,1551,8479314,M. Tkachuk,8477409,C. Verhaeghe,,,3,2
2024-10-26,2024020130,2,REG,18:16,FLA,ev,none,wrap-around,1551,8482713,M. Samoskevich,8475179,D. Kulikov,8481519,S. Knight,3,3
2024-10-26,2024020130,3,REG,06:19,FLA,ev,none,deflected,1551,8477935,S. Bennett,8479314,M. Tkachuk,8478859,N. Mikkola,3,4
2024-10-26,2024020130,3,REG,09:49,FLA,pp,none,wrist,1541,8479314,M. Tkachuk,8480871,A. Boqvist,8482113,A. Lundell,3,5
2024-10-26,2024020130,3,REG,17:43,FLA,sh,empty-net,wrist,1460,8478055,G. Forsling,,,,,3,6
2024-10-26,2024020131,2,REG,03:53,CBJ,ev,none,wrist,1551,8480893,K. Marchenko,8484166,A. Fantilli,8471677,J. Johnson,0,1
2024-10-26,2024020131,2,REG,06:42,CBJ,ev,none,wrist,1551,8479944,Z. Aston-Reese,8479671,M. Olivier,,,0,2
2024-10-26,2024020131,2,REG,10:40,NSH,ev,none,wrist,1441,8476887,F. Forsberg,8475158,R. O'Reilly,,,1,2
2024-10-26,2024020131,3,REG,00:26,NSH,ev,none,wrist,1551,8482062,C. Smith,8477446,M. McCarron,8476869,B. Skjei,2,2
2024-10-26,2024020131,3,REG,03:07,CBJ,ev,none,wrist,1551,8478460,Z. Werenski,8478099,K. Labanc,8476374,S. Kuraly,2,3
2024-10-26,2024020131,3,REG,04:09,NSH,ev,none,wrist,1551,8478851,A. Carrier,8482742,Z. L'Heureux,,,3,3
2024-10-26,2024020131,4,OT,01:44,NSH,ev,none,wrist,1331,8476539,J. Marchessault,8476869,B. Skjei,,,4,3
2024-10-26,2024020132,1,REG,09:17,DAL,ev,none,wrist,1551,8474149,E. Dadonov,8476902,E. Lindell,,,1,0
2024-10-26,2024020132,2,REG,14:42,DAL,ev,none,bat,1551,8473994,J. Benn,8480036,M. Heiskanen,8481581,T. Harley,2,0
2024-10-26,2024020132,3,REG,08:50,DAL,pp,none,snap,1451,8475168,M. Duchene,8482702,L. Stankoven,8480036,M. Heiskanen,3,0
2024-10-26,2024020132,3,REG,09:34,CHI,ev,none,poke,1551,8477987,R. Donato,8475225,C. Smith,8474034,P. Maroon,3,1
2024-10-26,2024020132,3,REG,14:15,CHI,ev,none,wrist,1551,8484144,C. Bedard,8474034,P. Maroon,8482700,N. Allan,3,2
2024-10-26,2024020132,3,REG,19:42,DAL,ev,empty-net,backhand,0651,8475168,M. Duchene,8475794,T. Seguin,,,4,2
2024-10-26,2024020133,1,REG,07:48,PIT,ev,none,tip-in,1551,8478463,A. Beauvillier,8477969,M. Pettersson,8471215,E. Malkin,0,1
2024-10-26,2024020133,2,REG,01:56,PIT,ev,none,wrap-around,1551,8475810,B. Rust,8478463,A. Beauvillier,8471215,E. Malkin,0,2
2024-10-26,2024020133,2,REG,04:06,VAN,ev,none,snap,1551,8480012,E. Pettersson,8478856,C. Garland,8474574,T. Myers,1,2
2024-10-26,2024020133,2,REG,04:49,VAN,ev,none,snap,1551,8480748,K. Sherwood,8476927,T. Blueger,8479576,V. Desharnais,2,2
2024-10-26,2024020133,2,REG,05:11,VAN,ev,none,deflected,1551,8476468,J. Miller,8478444,B. Boeser,,,3,2
2024-10-26,2024020133,2,REG,09:58,VAN,ev,none,snap,1551,8483395,A. Bains,8478466,D. Sprong,,,4,2
2024-10-26,2024020133,3,REG,13:22,PIT,ev,none,backhand,1551,8471215,E. Malkin,8476483,R. Rakell,8476891,M. Grzelcyk,4,3
2024-10-26,2024020134,1,REG,01:57,VGK,ev,none,slap,1551,8476871,T. Pearson,8476448,W. Karlsson,8482125,A. Holtz,1,0
2024-10-26,2024020134,1,REG,03:47,VGK,ev,none,slap,1551,8478403,J. Eichel,8475913,M. Stone,8474565,A. Pietrangelo,2,0
2024-10-26,2024020134,1,REG,16:46,VGK,ev,none,wrist,1551,8479353,B. Howden,8476881,T. Hertl,8481604,P. Dorofeyev,3,0
2024-10-26,2024020134,2,REG,10:13,SJS,ev,none,wrist,1551,8475798,M. Granlund,8482667,W. Eklund,8479983,M. Ferraro,3,1
2024-10-26,2024020134,2,REG,11:10,VGK,sh,none,wrist,1541,8476448,W. Karlsson,8474565,A. Pietrangelo,,,4,1
2024-10-26,2024020134,2,REG,19:26,VGK,pp,none,slap,1451,8481604,P. Dorofeyev,8477447,S. Theodore,8475913,M. Stone,5,1
2024-10-26,2024020134,2,REG,19:41,SJS,ev,none,wrist,1551,8481477,N. Sturm,,,,,5,2
2024-10-26,2024020134,3,REG,11:10,VGK,ev,none,wrist,1551,8475913,M. Stone,8478403,J. Eichel,8477964,I. Barbashev,6,2
2024-10-26,2024020134,3,REG,13:29,SJS,ev,none,wrist,1551,8479316,L. Kunin,8480188,F. Zetterlund,,,6,3
2024-10-26,2024020134,3,REG,17:07,VGK,ev,none,wrist,1551,8479353,B. Howden,8481604,P. Dorofeyev,8476881,T. Hertl,7,3
2024-10-26,2024020135,1,REG,04:25,CAR,pp,none,wrist,1541,8480830,A. Svechnikov,8480039,M. Necas,8482093,S. Jarvis,0,1
2024-10-26,2024020135,2,REG,16:49,CAR,ev,none,tip-in,1551,8480835,J. Drury,8482809,J. Blake,8470613,B. Burns,0,2
2024-10-26,2024020135,3,REG,10:21,SEA,ev,none,wrist,1551,8477955,J. McCann,8482665,M. Beniers,,,1,2
2024-10-26,2024020135,3,REG,15:38,CAR,ev,none,backhand,1551,8482093,S. Jarvis,8476921,J. Martinook,8476958,J. Slavin,1,3
2024-10-26,2024020135,3,REG,18:24,CAR,ev,empty-net,wrist,1560,8475200,D. Orlov,,,,,1,4
2024-10-27,2024020136,1,REG,03:28,DET,ev,none,wrist,1551,8477456,J. Compher,8474141,P. Kane,8477429,A. Copp,1,0
2024-10-27,2024020136,2,REG,08:46,EDM,ev,none,snap,1551,8477934,L. Draisaitl,8478402,C. McDavid,8480803,E. Bouchard,1,1
2024-10-27,2024020136,2,REG,09:28,DET,ev,none,tip-in,1551,8477429,A. Copp,8473507,J. Petry,8474141,P. Kane,2,1
2024-10-27,2024020136,3,REG,10:47,EDM,ev,none,slap,1551,8480803,E. Bouchard,8477934,L. Draisaitl,8475218,M. Ekholm,2,2
2024-10-27,2024020136,4,OT,00:18,EDM,ev,none,tip-in,1441,8477934,L. Draisaitl,8475218,M. Ekholm,8478402,C. McDavid,2,3
2024-10-27,2024020137,1,REG,04:47,ANA,ev,none,snap,1551,8476934,B. McGinn,8478873,T. Terry,8476458,R. Strome,0,1
2024-10-27,2024020137,2,REG,01:16,NJD,ev,none,backhand,1560,8481559,J. Hughes,8478414,T. Meier,8482110,D. Mercer,1,1
2024-10-27,2024020137,2,REG,04:42,NJD,ev,none,wrist,1551,8476474,S. Noesen,8480192,J. Kovacevic,8478399,J. Siegenthaler,2,1
2024-10-27,2024020137,2,REG,17:23,NJD,pp,none,snap,1451,8476474,S. Noesen,8479407,J. Bratt,8476462,D. Hamilton,3,1
2024-10-27,2024020137,2,REG,18:49,NJD,ev,none,wrist,1551,8481032,P. Cotter,8482110,D. Mercer,8478399,J. Siegenthaler,4,1
2024-10-27,2024020137,3,REG,01:50,NJD,ev,none,wrist,1441,8480002,N. Hischier,8476462,D. Hamilton,,,5,1
2024-10-27,2024020137,3,REG,13:10,ANA,ev,none,wrist,1551,8476458,R. Strome,8475764,C. Fowler,8483445,C. Gauthier,5,2
2024-10-27,2024020137,3,REG,19:01,NJD,ev,none,snap,1551,8475287,E. Haula,8476292,O. Palat,8475455,B. Dillon,6,2
2024-10-27,2024020138,1,REG,10:42,MTL,ev,none,wrist,1551,8480018,N. Suzuki,8481523,K. Dach,8481593,J. Struble,0,1
2024-10-27,2024020138,1,REG,17:24,PHI,ev,none,wrist,1551,8477948,T. Sanheim,8480068,R. Poehling,8477903,G. Hathaway,1,1
2024-10-27,2024020138,2,REG,04:48,MTL,ev,none,deflected,1551,8475848,B. Gallagher,8482733,L. Mailloux,8476981,J. Anderson,1,2
2024-10-27,2024020138,2,REG,12:48,MTL,pp,none,wrist,1541,8481540,C. Caufield,8480018,N. Suzuki,8476875,M. Matheson,1,3
2024-10-27,2024020138,2,REG,16:01,MTL,ev,none,snap,1551,8478133,J. Evans,8475848,B. Gallagher,8475233,D. Savard,1,4
2024-10-27,2024020138,3,REG,17:48,PHI,ev,none,wrist,1551,8477948,T. Sanheim,8480797,J. Farabee,8475235,N. Deslauriers,2,4
2024-10-27,2024020138,3,REG,18:17,PHI,ev,none,snap,1560,8478439,T. Konecny,8480015,O. Tippett,8477948,T. Sanheim,3,4
2024-10-27,2024020139,1,REG,19:52,COL,ev,none,snap,1560,8481042,N. Kovalenko,8479999,C. Mittelstadt,8477492,N. MacKinnon,1,0
2024-10-27,2024020139,2,REG,19:42,COL,ev,none,backhand,1551,8476312,J. Manson,8479999,C. Mittelstadt,8479398,S. Girard,2,0
2024-10-27,2024020139,3,REG,09:15,OTT,ev,none,wrist,1551,8480801,B. Tkachuk,8482095,T. Kleven,8476393,N. Cousins,2,1
2024-10-27,2024020139,3,REG,11:23,OTT,ev,none,backhand,1551,8476393,N. Cousins,8480801,B. Tkachuk,8482116,T. Stützle,2,2
2024-10-27,2024020139,3,REG,13:29,COL,ev,none,snap,1551,8481186,L. O'Connor,8479999,C. Mittelstadt,8479398,S. Girard,3,2
2024-10-27,2024020139,3,REG,15:01,COL,ev,none,wrist,1551,8479525,R. Colton,8480069,C. Makar,,,4,2
2024-10-27,2024020139,3,REG,16:48,OTT,ev,none,snap,1551,8473512,C. Giroux,8480208,D. Batherson,8478469,T. Chabot,4,3
2024-10-27,2024020139,3,REG,18:45,COL,ev,empty-net,wrist,0651,8477492,N. MacKinnon,8478420,M. Rantanen,,,5,3
2024-10-27,2024020139,3,REG,19:50,OTT,ev,none,slap,0651,8473512,C. Giroux,8480064,J. Norris,8480801,B. Tkachuk,5,4
2024-10-28,2024020140,1,REG,11:01,FLA,ev,none,wrist,1551,8480003,J. Boqvist,8482113,A. Lundell,8480185,E. Luostarinen,0,1
2024-10-28,2024020140,1,REG,11:56,FLA,pp,none,snap,1541,8477933,S. Reinhart,8477493,A. Barkov,8477409,C. Verhaeghe,0,2
2024-10-28,2024020140,2,REG,10:45,BUF,pp,none,bat,1451,8475722,J. Zucker,8479420,T. Thompson,8482175,J. Peterka,1,2
2024-10-28,2024020140,2,REG,12:37,BUF,ev,none,wrist,1551,8480839,R. Dahlin,8482671,O. Power,,,2,2
2024-10-28,2024020140,2,REG,16:44,FLA,ev,none,wrist,1551,8477409,C. Verhaeghe,8479314,M. Tkachuk,8477935,S. Bennett,2,3
2024-10-28,2024020140,3,REG,14:35,FLA,pp,none,wrist,1541,8477935,S. Bennett,8477220,N. Schmidt,,,2,4
2024-10-28,2024020140,3,REG,15:43,FLA,ev,none,wrist,1551,8477493,A. Barkov,8477933,S. Reinhart,8478055,G. Forsling,2,5
2024-10-28,2024020142,1,REG,02:18,CBJ,pp,none,tip-in,1451,8477497,S. Monahan,8480893,K. Marchenko,8478460,Z. Werenski,1,0
2024-10-28,2024020142,1,REG,10:44,CBJ,ev,none,snap,1551,8484166,A. Fantilli,8482705,C. Sillinger,,,2,0
2024-10-28,2024020142,1,REG,14:32,CBJ,ev,none,wrist,1551,8482705,C. Sillinger,,,,,3,0
2024-10-28,2024020142,2,REG,07:04,CBJ,ev,none,backhand,1551,8479671,M. Olivier,8474037,J. van Riemsdyk,,,4,0
2024-10-28,2024020142,3,REG,15:15,CBJ,ev,none,snap,1551,8482451,M. Pyyhtia,8484166,A. Fantilli,8482705,C. Sillinger,5,0
2024-10-28,2024020142,3,REG,16:39,CBJ,ev,none,snap,1551,8477497,S. Monahan,8482475,E. Chinakhov,8480893,K. Marchenko,6,0
2024-10-28,2024020142,3,REG,19:33,EDM,pp,none,wrist,1541,8475218,M. Ekholm,8477498,D. Nurse,8470621,C. Perry,6,1
2024-10-28,2024020141,1,REG,09:49,TBL,ev,none,backhand,1551,8478010,B. Point,8477404,J. Guentzel,,,1,0
2024-10-28,2024020141,1,REG,19:24,TBL,ev,none,wrist,1551,8482070,M. Chaffee,8478010,B. Point,,,2,0
2024-10-28,2024020141,2,REG,10:19,NSH,pp,none,wrist,1541,8475158,R. O'Reilly,8476539,J. Marchessault,8474564,S. Stamkos,2,1
2024-10-28,2024020141,2,REG,18:40,NSH,ev,none,wrist,1551,8474679,G. Nyquist,8474564,S. Stamkos,8476869,B. Skjei,2,2
2024-10-28,2024020141,4,OT,03:22,TBL,ev,none,wrist,1331,8477426,N. Paul,8477404,J. Guentzel,,,3,2
2024-10-28,2024020143,1,REG,11:56,TOR,ev,none,wrist,1551,8475166,J. Tavares,8474157,M. Pacioretty,8476931,J. McCabe,0,1
2024-10-28,2024020143,1,REG,17:47,TOR,ev,none,snap,1551,8477939,W. Nylander,8474157,M. Pacioretty,,,0,2
2024-10-28,2024020143,2,REG,00:56,TOR,ev,none,wrist,1551,8482720,M. Knies,8479318,A. Matthews,8478483,M. Marner,0,3
2024-10-28,2024020143,2,REG,03:25,TOR,ev,none,wrist,1551,8476853,M. Rielly,8477939,W. Nylander,8474157,M. Pacioretty,0,4
2024-10-28,2024020143,2,REG,06:19,WPG,pp,none,wrist,1451,8478398,K. Connor,8476460,M. Scheifele,8477504,J. Morrissey,1,4
2024-10-28,2024020143,2,REG,11:25,WPG,pp,none,snap,1451,8478398,K. Connor,8477504,J. Morrissey,8480014,G. Vilardi,2,4
2024-10-28,2024020143,2,REG,17:53,TOR,ev,none,bat,1551,8475166,J. Tavares,8475171,O. Ekman-Larsson,8477939,W. Nylander,2,5
2024-10-28,2024020143,3,REG,07:36,WPG,ev,none,snap,1560,8476460,M. Scheifele,8478398,K. Connor,8477504,J. Morrissey,3,5
2024-10-28,2024020143,3,REG,16:13,WPG,ev,none,deflected,1560,8480014,G. Vilardi,8478398,K. Connor,8477940,N. Ehlers,4,5
2024-10-28,2024020143,3,REG,19:35,TOR,ev,empty-net,backhand,1560,8475166,J. Tavares,8475690,C. Tanev,,,4,6
2024-10-28,2024020144,1,REG,08:47,CHI,pp,none,slap,1541,8480798,P. Kurashev,8481568,A. Vlasic,,,0,1
2024-10-28,2024020144,1,REG,10:16,COL,ev,none,wrist,1551,8479999,C. Mittelstadt,8481186,L. O'Connor,8484258,S. Malinski,1,1
2024-10-28,2024020144,1,REG,11:04,CHI,ev,none,deflected,1551,8482117,L. Reichel,8475225,C. Smith,,,1,2
2024-10-28,2024020144,1,REG,16:56,CHI,ev,none,backhand,1551,8477987,R. Donato,8477450,J. Dickinson,8476473,C. Murphy,1,3
2024-10-28,2024020144,1,REG,19:17,COL,pp,none,wrist,1351,8477492,N. MacKinnon,8480069,C. Makar,8480382,A. Georgiev,2,3
2024-10-28,2024020144,3,REG,19:02,CHI,ev,empty-net,wrist,1560,8477987,R. Donato,,,,,2,4
2024-10-28,2024020144,3,REG,19:41,CHI,ev,empty-net,wrist,1560,8481624,I. Mikheyev,8477987,R. Donato,8477450,J. Dickinson,2,5
2024-10-28,2024020145,1,REG,11:00,UTA,ev,none,snap,1551,8482699,D. Guenther,8479343,C. Keller,,,1,0
2024-10-28,2024020145,1,REG,16:24,UTA,ev,none,backhand,1551,8481711,M. Maccelli,8474013,I. Cole,8477951,N. Schmaltz,2,0
2024-10-28,2024020145,2,REG,09:12,SJS,ev,none,snap,1551,8480188,F. Zetterlund,8482101,D. Gushchin,8481567,H. Thrun,2,1
2024-10-28,2024020145,2,REG,10:38,UTA,ev,none,backhand,1551,8481711,M. Maccelli,8474013,I. Cole,8481609,V. Kolyachonok,3,1
2024-10-28,2024020145,2,REG,19:36,UTA,ev,none,snap,1551,8479410,M. Sergachev,8481609,V. Kolyachonok,8483431,L. Cooley,4,1
2024-10-28,2024020145,3,REG,15:28,SJS,ev,none,tip-in,0651,8480188,F. Zetterlund,8475798,M. Granlund,8478013,J. Walman,4,2
2024-10-28,2024020145,3,REG,15:53,SJS,ev,none,snap,0651,8475798,M. Granlund,8478013,J. Walman,8482667,W. Eklund,4,3
2024-10-28,2024020145,3,REG,17:18,SJS,ev,none,snap,0651,8475726,T. Toffoli,8478013,J. Walman,8477505,A. Wennberg,4,4
2024-10-28,2024020145,4,OT,01:26,SJS,pp,none,snap,1431,8477505,A. Wennberg,8475798,M. Granlund,8475726,T. Toffoli,4,5
2024-10-28,2024020146,1,REG,05:40,CAR,ev,none,slap,1551,8477478,W. Carrier,8482809,J. Blake,8480835,J. Drury,0,1
2024-10-28,2024020146,1,REG,07:17,VAN,ev,none,snap,1551,8478444,B. Boeser,8476468,J. Miller,8480800,Q. Hughes,1,1
2024-10-28,2024020146,1,REG,15:33,CAR,ev,none,wrist,1551,8480039,M. Necas,8480829,J. Kotkaniemi,8480762,E. Robinson,1,2
2024-10-28,2024020146,2,REG,01:53,CAR,ev,none,wrist,1551,8478458,J. Roslovic,8470613,B. Burns,8480830,A. Svechnikov,1,3
2024-10-28,2024020146,3,REG,07:56,VAN,ev,none,slap,1551,8480800,Q. Hughes,8478444,B. Boeser,8476468,J. Miller,2,3
2024-10-28,2024020146,3,REG,16:55,VAN,ev,none,wrist,1551,8480459,P. Suter,8478466,D. Sprong,8481535,N. Hoglander,3,3
2024-10-28,2024020146,4,OT,00:47,CAR,ev,none,backhand,1331,8478427,S. Aho,8476906,S. Gostisbehere,8480039,M. Necas,3,4
2024-10-28,2024020147,1,REG,06:39,VGK,ev,none,wrist,1551,8474565,A. Pietrangelo,8482125,A. Holtz,8476448,W. Karlsson,1,0
2024-10-28,2024020147,2,REG,03:30,VGK,ev,none,slap,1551,8475913,M. Stone,8478403,J. Eichel,,,2,0
2024-10-28,2024020147,3,REG,02:19,VGK,ev,none,tip-in,1551,8478434,K. Kolesar,8481655,C. Schwindt,8478462,N. Roy,3,0
2024-10-28,2024020147,3,REG,13:59,VGK,ev,none,snap,1551,8478434,K. Kolesar,8478462,N. Roy,,,4,0
2024-10-28,2024020147,3,REG,14:14,VGK,ev,none,wrist,1551,8478462,N. Roy,8478434,K. Kolesar,8481655,C. Schwindt,5,0
2024-10-29,2024020148,2,REG,05:32,PHI,ev,none,wrist,1551,8482159,T. Foerster,8482126,E. Andrae,8480028,M. Frost,0,1
2024-10-29,2024020148,3,REG,19:36,PHI,ev,empty-net,backhand,1560,8480797,J. Farabee,,,,,0,2
2024-10-29,2024020149,1,REG,00:25,SEA,ev,none,snap,1551,8476467,J. Oleksiak,8477444,A. Burakovsky,8476905,C. Stephenson,0,1
2024-10-29,2024020149,1,REG,03:49,SEA,ev,none,wrist,1551,8482858,R. Evans,8474586,J. Eberle,8477955,J. McCann,0,2
2024-10-29,2024020149,1,REG,07:27,SEA,pp,none,snap,1541,8475768,J. Schwartz,8476905,C. Stephenson,8477986,B. Montour,0,3
2024-10-29,2024020149,1,REG,10:33,SEA,ev,none,snap,1551,8477416,O. Bjorkstrand,8475768,J. Schwartz,,,0,4
2024-10-29,2024020149,1,REG,16:11,MTL,ev,none,wrist,1551,8481540,C. Caufield,8483515,J. Slafkovský,8482733,L. Mailloux,1,4
2024-10-29,2024020149,2,REG,01:32,SEA,pp,none,wrist,1541,8477986,B. Montour,8477416,O. Bjorkstrand,8476905,C. Stephenson,1,5
2024-10-29,2024020149,2,REG,08:44,SEA,ev,none,backhand,1551,8477986,B. Montour,8476467,J. Oleksiak,8475768,J. Schwartz,1,6
2024-10-29,2024020149,3,REG,14:12,SEA,pp,none,slap,1431,8477986,B. Montour,8477955,J. McCann,8476905,C. Stephenson,1,7
2024-10-29,2024020149,3,REG,15:14,SEA,ev,none,snap,1441,8480009,E. Tolvanen,8479372,J. Mahura,8482665,M. Beniers,1,8
2024-10-29,2024020149,3,REG,15:28,MTL,ev,none,wrist,1551,8476981,J. Anderson,8476875,M. Matheson,8481593,J. Struble,2,8
2024-10-29,2024020150,1,REG,01:04,OTT,ev,none,backhand,1551,8480064,J. Norris,8473512,C. Giroux,8480208,D. Batherson,1,0
2024-10-29,2024020150,1,REG,04:44,OTT,ev,none,wrist,1551,8479393,N. Gregor,8478020,M. Amadio,8482859,Z. Ostapchuk,2,0
2024-10-29,2024020150,1,REG,15:04,OTT,ev,none,snap,1551,8482116,T. Stützle,,,,,3,0
2024-10-29,2024020150,2,REG,08:55,OTT,pp,none,wrist,1451,8480801,B. Tkachuk,8480208,D. Batherson,8482116,T. Stützle,4,0
2024-10-29,2024020150,2,REG,11:08,OTT,pp,none,wrist,1451,8480801,B. Tkachuk,8482105,J. Sanderson,8482116,T. Stützle,5,0
2024-10-29,2024020150,2,REG,11:50,OTT,ev,none,snap,1551,8478874,A. Gaudette,8476393,N. Cousins,,,6,0
2024-10-29,2024020150,3,REG,07:31,OTT,ev,none,snap,1551,8482116,T. Stützle,8478469,T. Chabot,8473512,C. Giroux,7,0
2024-10-29,2024020150,3,REG,09:04,STL,pp,none,slap,1541,8482077,D. Holloway,8480074,A. Texier,8481598,P. Broberg,7,1
2024-10-29,2024020150,3,REG,15:27,OTT,ev,none,snap,1551,8478874,A. Gaudette,,,,,8,1
2024-10-29,2024020152,1,REG,14:05,ANA,pp,none,tip-in,1541,8484153,L. Carlsson,8478366,F. Vatrano,8482745,M. McTavish,0,1
2024-10-29,2024020152,2,REG,14:07,ANA,pp,none,snap,1541,8478873,T. Terry,8482745,M. McTavish,8482803,O. Zellweger,0,2
2024-10-29,2024020152,3,REG,05:31,NYI,pp,none,snap,1451,8478445,M. Barzal,8477500,B. Horvat,8480865,N. Dobson,1,2
2024-10-29,2024020152,3,REG,19:00,ANA,ev,empty-net,wrist,1560,8478366,F. Vatrano,8473986,A. Killorn,,,1,3
2024-10-29,2024020153,1,REG,11:36,PIT,pp,none,snap,1451,8481703,V. Puustinen,8476891,M. Grzelcyk,8471675,S. Crosby,1,0
2024-10-29,2024020153,1,REG,15:31,PIT,ev,none,snap,1551,8476483,R. Rakell,8471724,K. Letang,8471675,S. Crosby,2,0
2024-10-29,2024020153,1,REG,17:03,MIN,ev,none,wrist,1551,8480880,J. Lauko,8482177,M. Khusnutdinov,,,2,1
2024-10-29,2024020153,1,REG,17:58,MIN,ev,none,wrist,1551,8477919,F. Gaudreau,,,,,2,2
2024-10-29,2024020153,2,REG,01:38,MIN,ev,none,wrist,1551,8477919,F. Gaudreau,8478864,K. Kaprizov,8482122,B. Faber,2,3
2024-10-29,2024020153,2,REG,19:23,MIN,ev,none,tip-in,1551,8475692,M. Zuccarello,8478864,K. Kaprizov,8482079,M. Rossi,2,4
2024-10-29,2024020153,3,REG,03:36,PIT,ev,none,wrist,1551,8476483,R. Rakell,8477969,M. Pettersson,8471675,S. Crosby,3,4
2024-10-29,2024020153,3,REG,19:41,MIN,ev,empty-net,wrist,1560,8478864,K. Kaprizov,8477919,F. Gaudreau,8478136,J. Middleton,3,5
2024-10-29,2024020151,1,REG,03:23,WSH,ev,none,wrist,1551,8471214,A. Ovechkin,8478440,D. Strome,8481656,A. Protas,1,0
2024-10-29,2024020151,1,REG,04:21,NYR,ev,none,wrist,1551,8482157,W. Cuylle,8481554,K. Kakko,,,1,1
2024-10-29,2024020151,1,REG,05:10,WSH,ev,none,snap,1551,8471214,A. Ovechkin,8481656,A. Protas,8478440,D. Strome,2,1
2024-10-29,2024020151,1,REG,08:58,WSH,ev,none,tip-in,1551,8481580,C. McMichael,8479390,T. Raddysh,8480873,R. Sandin,3,1
2024-10-29,2024020151,2,REG,00:30,NYR,pp,none,deflected,1541,8475184,C. Kreider,8476459,M. Zibanejad,8476389,V. Trocheck,3,2
2024-10-29,2024020151,2,REG,04:30,WSH,ev,none,tip-in,1441,8481656,A. Protas,8480873,R. Sandin,8477845,T. van Riemsdyk,4,2
2024-10-29,2024020151,2,REG,04:44,NYR,ev,none,tip-in,1441,8480078,F. Chytil,8483768,V. Mancini,8482073,B. Schneider,4,3
2024-10-29,2024020151,3,REG,19:24,WSH,ev,empty-net,snap,0651,8475343,N. Dowd,8474590,J. Carlson,,,5,3
2024-10-29,2024020154,2,REG,02:20,SJS,ev,none,slap,1551,8478013,J. Walman,8481477,N. Sturm,8479336,C. Grundstrom,1,0
2024-10-29,2024020154,2,REG,03:18,LAK,ev,none,wrist,1551,8480851,A. Thomas,8482730,B. Clarke,8479675,T. Moore,1,1
2024-10-29,2024020154,3,REG,06:25,SJS,ev,none,wrist,1551,8480188,F. Zetterlund,8477505,A. Wennberg,8478013,J. Walman,2,1
2024-10-29,2024020154,3,REG,08:52,LAK,ev,none,wrist,1551,8482155,A. Laferriere,8477998,W. Foegele,,,2,2
2024-10-29,2024020154,3,REG,11:02,SJS,ev,none,backhand,1551,8475726,T. Toffoli,8478013,J. Walman,,,3,2
2024-10-29,2024020154,3,REG,19:22,SJS,ev,empty-net,wrist,0651,8482667,W. Eklund,8479316,L. Kunin,8479983,M. Ferraro,4,2
2024-10-30,2024020155,3,REG,05:43,CBJ,ev,none,wrist,1551,8476923,D. Severson,8476374,S. Kuraly,8478099,K. Labanc,1,0
2024-10-30,2024020155,3,REG,17:57,CBJ,ev,empty-net,wrist,0651,8479941,J. Danforth,8482705,C. Sillinger,8478500,I. Provorov,2,0
2024-10-30,2024020156,1,REG,02:48,WPG,ev,none,snap,1551,8480014,G. Vilardi,8478398,K. Connor,8479378,L. Stanley,0,1
2024-10-30,2024020156,1,REG,04:02,WPG,ev,none,wrist,1551,8480145,N. Pionk,8476460,M. Scheifele,8478398,K. Connor,0,2
2024-10-30,2024020156,1,REG,15:44,WPG,ev,none,backhand,1551,8478398,K. Connor,8480014,G. Vilardi,,,0,3
2024-10-30,2024020156,2,REG,08:13,DET,pp,none,snap,1451,8477946,D. Larkin,8482078,L. Raymond,8481542,M. Seider,1,3
2024-10-30,2024020156,2,REG,17:40,DET,pp,none,tip-in,1451,8479337,A. DeBrincat,8482078,L. Raymond,8481542,M. Seider,2,3
2024-10-30,2024020156,3,REG,00:10,WPG,ev,none,backhand,1551,8475799,N. Niederreiter,,,,,2,4
2024-10-30,2024020156,3,REG,07:19,WPG,pp,none,wrist,1541,8480145,N. Pionk,8480113,A. Iafallo,8476480,V. Namestnikov,2,5
2024-10-30,2024020156,3,REG,10:25,WPG,ev,none,snap,1551,8476525,C. Miller,8476392,A. Lowry,,,2,6
2024-10-30,2024020157,1,REG,01:01,TBL,ev,none,slap,1551,8476453,N. Kucherov,8478010,B. Point,8475167,V. Hedman,0,1
2024-10-30,2024020157,1,REG,03:36,TBL,ev,none,snap,1551,8477404,J. Guentzel,8476453,N. Kucherov,8474151,R. McDonagh,0,2
2024-10-30,2024020157,1,REG,05:32,TBL,ev,none,snap,1551,8483447,C. Geekie,8478519,A. Cirelli,8479542,B. Hagel,0,3
2024-10-30,2024020157,1,REG,14:56,COL,pp,none,tip-in,1451,8483930,I. Ivan,8480069,C. Makar,8477492,N. MacKinnon,1,3
2024-10-30,2024020157,2,REG,06:28,TBL,ev,none,snap,1551,8477404,J. Guentzel,8478010,B. Point,8476453,N. Kucherov,1,4
2024-10-30,2024020157,3,REG,10:57,COL,ev,none,wrist,1551,8480069,C. Makar,8478420,M. Rantanen,8477492,N. MacKinnon,2,4
2024-10-30,2024020157,3,REG,18:40,TBL,ev,empty-net,wrist,1560,8478519,A. Cirelli,8479542,B. Hagel,,,2,5
2024-10-30,2024020158,1,REG,04:41,UTA,ev,none,snap,1551,8477021,A. Kerfoot,8480891,M. Kesselring,8479410,M. Sergachev,1,0
2024-10-30,2024020158,1,REG,19:58,UTA,ev,none,snap,1441,8480849,B. Hayton,8477951,N. Schmaltz,8474013,I. Cole,2,0
2024-10-30,2024020158,2,REG,03:53,CGY,ev,none,snap,1551,8477511,A. Mantha,8477993,J. Kirkland,8477346,M. Weegar,2,1
2024-10-30,2024020158,2,REG,04:10,UTA,ev,none,slap,1551,8483472,M. Lamoureux,8478831,K. Stenlund,8480855,J. McBain,3,1
2024-10-30,2024020158,2,REG,16:32,UTA,pp,none,snap,1351,8479410,M. Sergachev,8482699,D. Guenther,8477951,N. Schmaltz,4,1
2024-10-30,2024020158,3,REG,05:13,UTA,pp,none,snap,1451,8479343,C. Keller,8482699,D. Guenther,8479410,M. Sergachev,5,1
2024-10-30,2024020160,1,REG,13:58,LAK,ev,none,backhand,1551,8477998,W. Foegele,,,,,1,0
2024-10-30,2024020160,1,REG,14:40,LAK,ev,none,wrist,1551,8477960,A. Kempe,8471685,A. Kopitar,8479998,M. Anderson,2,0
2024-10-30,2024020160,2,REG,10:11,LAK,ev,none,wrist,1551,8482155,A. Laferriere,8479998,M. Anderson,8482124,Q. Byfield,3,0
2024-10-30,2024020160,2,REG,10:55,LAK,ev,none,wrist,1551,8471685,A. Kopitar,8482730,B. Clarke,8477960,A. Kempe,4,0
2024-10-30,2024020160,2,REG,14:58,VGK,ev,none,wrist,1551,8476871,T. Pearson,8482125,A. Holtz,8476448,W. Karlsson,4,1
2024-10-30,2024020160,3,REG,06:23,LAK,pp,none,wrist,1451,8477942,K. Fiala,8471685,A. Kopitar,8482730,B. Clarke,5,1
2024-10-30,2024020160,3,REG,08:03,LAK,ev,none,wrist,1551,8476441,J. Edmundson,8482730,B. Clarke,8477942,K. Fiala,6,1
2024-10-30,2024020160,3,REG,11:04,VGK,pp,none,wrist,1531,8481604,P. Dorofeyev,8475913,M. Stone,8477447,S. Theodore,6,2
2024-10-30,2024020160,3,REG,17:03,VGK,ev,none,backhand,1551,8481604,P. Dorofeyev,8481527,K. Korczak,8476881,T. Hertl,6,3
2024-10-30,2024020159,1,REG,00:53,NJD,ev,none,wrist,1551,8480002,N. Hischier,8482110,D. Mercer,,,0,1
2024-10-30,2024020159,2,REG,01:35,NJD,sh,none,wrist,1451,8482110,D. Mercer,8480002,N. Hischier,,,0,2
2024-10-30,2024020159,2,REG,03:07,NJD,ev,none,wrist,1551,8478414,T. Meier,8480002,N. Hischier,,,0,3
2024-10-30,2024020159,2,REG,14:04,NJD,ev,none,wrist,1551,8476292,O. Palat,8476462,D. Hamilton,8481559,J. Hughes,0,4
2024-10-30,2024020159,3,REG,09:22,NJD,pp,none,wrist,1541,8481559,J. Hughes,8476474,S. Noesen,8479407,J. Bratt,0,5
2024-10-30,2024020159,3,REG,14:06,NJD,ev,none,wrist,1551,8475193,T. Tatar,8479414,N. Bastian,8475413,J. Dowling,0,6
2024-10-31,2024020161,1,REG,19:55,TOR,ev,none,snap,1551,8482720,M. Knies,8478483,M. Marner,8479318,A. Matthews,1,0
2024-10-31,2024020161,2,REG,01:39,TOR,ev,none,wrist,1551,8477939,W. Nylander,8476853,M. Rielly,8475166,J. Tavares,2,0
2024-10-31,2024020161,2,REG,09:24,TOR,ev,none,snap,1551,8477939,W. Nylander,8475166,J. Tavares,8474157,M. Pacioretty,3,0
2024-10-31,2024020161,3,REG,16:32,SEA,ev,none,wrist,0651,8480009,E. Tolvanen,8482858,R. Evans,8482665,M. Beniers,3,1
2024-10-31,2024020161,3,REG,18:17,TOR,ev,empty-net,wrist,0651,8479318,A. Matthews,,,,,4,1
2024-10-31,2024020162,1,REG,11:12,PHI,ev,none,wrist,1551,8477903,G. Hathaway,8480068,R. Poehling,8476372,N. Seeler,1,0
2024-10-31,2024020162,3,REG,09:58,STL,ev,none,wrist,1551,8477573,N. Walker,8481598,P. Broberg,8482737,Z. Bolduc,1,1
2024-10-31,2024020162,3,REG,16:59,PHI,ev,none,tip-in,1551,8481553,B. Brink,8480797,J. Farabee,8476872,S. Laughton,2,1
2024-10-31,2024020163,1,REG,15:50,ANA,ev,none,wrist,1551,8473986,A. Killorn,8481533,T. Zegras,8483445,C. Gauthier,0,1
2024-10-31,2024020163,3,REG,01:47,PIT,ev,none,deflected,1551,8471675,S. Crosby,8476891,M. Grzelcyk,8474578,E. Karlsson,1,1
2024-10-31,2024020163,4,OT,02:35,PIT,ev,none,wrist,1331,8471675,S. Crosby,8479996,C. Glass,,,2,1
2024-10-31,2024020164,2,REG,03:21,WSH,pp,none,tip-in,1451,8476880,T. Wilson,8471214,A. Ovechkin,8474590,J. Carlson,1,0
2024-10-31,2024020164,2,REG,09:52,MTL,pp,none,wrist,1541,8481540,C. Caufield,8480018,N. Suzuki,,,1,1
2024-10-31,2024020164,2,REG,10:31,MTL,ev,none,tip-in,1551,8475848,B. Gallagher,8483457,L. Hutson,8477989,C. Dvorak,1,2
2024-10-31,2024020164,2,REG,11:45,WSH,ev,none,snap,1551,8479520,B. Duhaime,8479390,T. Raddysh,8477845,T. van Riemsdyk,2,2
2024-10-31,2024020164,2,REG,12:39,WSH,ev,none,snap,1551,8477944,J. Vrana,,,,,3,2
2024-10-31,2024020164,2,REG,18:00,MTL,ev,none,slap,1551,8480018,N. Suzuki,8475233,D. Savard,8483457,L. Hutson,3,3
2024-10-31,2024020164,3,REG,04:21,WSH,ev,none,backhand,1551,8481580,C. McMichael,8477845,T. van Riemsdyk,8476880,T. Wilson,4,3
2024-10-31,2024020164,3,REG,04:57,WSH,ev,none,backhand,1551,8481656,A. Protas,8471214,A. Ovechkin,8478440,D. Strome,5,3
2024-10-31,2024020164,3,REG,12:27,WSH,ev,none,snap,1551,8471214,A. Ovechkin,8481656,A. Protas,8478440,D. Strome,6,3
2024-10-31,2024020165,1,REG,06:28,CAR,ev,none,snap,1560,8478458,J. Roslovic,8478427,S. Aho,8480830,A. Svechnikov,1,0
2024-10-31,2024020165,1,REG,13:11,BOS,pp,none,wrist,1531,8473419,B. Marchand,8477956,D. Pastrnak,8477496,E. Lindholm,1,1
2024-10-31,2024020165,1,REG,17:14,CAR,pp,none,tip-in,1451,8480830,A. Svechnikov,8476906,S. Gostisbehere,8480039,M. Necas,2,1
2024-10-31,2024020165,1,REG,17:52,CAR,ev,none,tip-in,1551,8482809,J. Blake,8475200,D. Orlov,8477478,W. Carrier,3,1
2024-10-31,2024020165,1,REG,18:06,CAR,pp,none,snap,1451,8480039,M. Necas,8482093,S. Jarvis,8476906,S. Gostisbehere,4,1
2024-10-31,2024020165,2,REG,03:38,BOS,ev,none,wrist,1551,8476854,H. Lindholm,8480355,M. Kastelic,8477956,D. Pastrnak,4,2
2024-10-31,2024020165,2,REG,08:51,CAR,pp,none,poke,1451,8480830,A. Svechnikov,8482093,S. Jarvis,8480039,M. Necas,5,2
2024-10-31,2024020165,2,REG,09:32,CAR,ev,none,snap,1551,8478458,J. Roslovic,8476921,J. Martinook,,,6,2
2024-10-31,2024020165,3,REG,07:36,CAR,ev,none,snap,1551,8480336,S. Walker,,,,,7,2
2024-10-31,2024020165,3,REG,12:13,CAR,ev,none,wrist,1551,8480829,J. Kotkaniemi,8480039,M. Necas,,,8,2
2024-10-31,2024020166,1,REG,00:37,EDM,ev,none,backhand,1551,8478042,V. Arvidsson,8477934,L. Draisaitl,8481617,V. Podkolzin,0,1
2024-10-31,2024020166,1,REG,05:05,NSH,pp,none,wrist,1451,8476887,F. Forsberg,,,,,1,1
2024-10-31,2024020166,1,REG,09:54,EDM,ev,none,backhand,1551,8470621,C. Perry,8479465,D. Caggiula,8481491,N. Philp,1,2
2024-10-31,2024020166,2,REG,09:03,EDM,ev,none,wrist,1551,8477934,L. Draisaitl,,,,,1,3
2024-10-31,2024020166,3,REG,01:48,EDM,ev,none,wrist,1551,8477934,L. Draisaitl,8475218,M. Ekholm,8480803,E. Bouchard,1,4
2024-10-31,2024020166,3,REG,12:46,EDM,ev,none,wrist,1551,8475786,Z. Hyman,8477498,D. Nurse,8475784,J. Skinner,1,5
2024-10-31,2024020167,1,REG,06:52,SJS,ev,none,wrist,1551,8484227,W. Smith,8479316,L. Kunin,8476879,C. Ceci,1,0
2024-10-31,2024020167,1,REG,07:29,CHI,ev,none,snap,1551,8477987,R. Donato,8481624,I. Mikheyev,8476473,C. Murphy,1,1
2024-10-31,2024020167,1,REG,08:19,CHI,ev,none,wrist,1551,8477479,T. Bertuzzi,8476473,C. Murphy,8475791,T. Hall,1,2
2024-10-31,2024020167,2,REG,01:30,SJS,ev,none,poke,1551,8477505,A. Wennberg,8480188,F. Zetterlund,8478013,J. Walman,2,2
2024-10-31,2024020167,2,REG,10:42,SJS,pp,none,wrist,1451,8484227,W. Smith,,,,,3,2
2024-11-01,2024020168,1,REG,00:28,FLA,ev,none,tip-in,1551,8478542,E. Rodrigues,8477932,A. Ekblad,8477493,A. Barkov,0,1
2024-11-01,2024020168,1,REG,07:11,FLA,ev,none,wrist,1551,8477493,A. Barkov,8477933,S. Reinhart,8478542,E. Rodrigues,0,2
2024-11-01,2024020168,1,REG,10:45,DAL,ev,none,snap,1551,8475794,T. Seguin,8480950,I. Lyubushkin,8475168,M. Duchene,1,2
2024-11-01,2024020168,1,REG,15:52,FLA,pp,none,tip-in,1541,8482113,A. Lundell,8477932,A. Ekblad,8477935,S. Bennett,1,3
2024-11-01,2024020168,2,REG,01:32,DAL,ev,none,snap,1551,8476902,E. Lindell,8480027,J. Robertson,8475168,M. Duchene,2,3
2024-11-01,2024020168,2,REG,06:07,FLA,sh,none,snap,1451,8477933,S. Reinhart,8477493,A. Barkov,8477932,A. Ekblad,2,4
2024-11-01,2024020168,3,REG,02:31,FLA,ev,none,snap,1551,8482713,M. Samoskevich,8478421,A. Greer,8478859,N. Mikkola,2,5
2024-11-01,2024020168,3,REG,10:08,FLA,ev,none,snap,1551,8477933,S. Reinhart,8477493,A. Barkov,8478055,G. Forsling,2,6
2024-11-01,2024020168,3,REG,15:38,DAL,ev,none,tip-in,1551,8482145,M. Bourque,8479351,S. Steel,8480950,I. Lyubushkin,3,6
2024-11-01,2024020168,3,REG,19:26,DAL,ev,none,snap,1551,8473994,J. Benn,8482702,L. Stankoven,8476902,E. Lindell,4,6
2024-11-01,2024020169,1,REG,09:03,BUF,pp,none,snap,1451,8481528,D. Cozens,8475722,J. Zucker,8480839,R. Dahlin,1,0
2024-11-01,2024020169,1,REG,09:43,NYI,ev,none,backhand,1551,8477500,B. Horvat,8475314,A. Lee,,,1,1
2024-11-01,2024020169,2,REG,05:25,NYI,ev,none,wrist,1551,8484958,M. Tsyplakov,,,,,1,2
2024-11-01,2024020169,2,REG,12:20,NYI,pp,none,snap,1541,8475151,K. Palmieri,8484958,M. Tsyplakov,8481601,S. Holmstrom,1,3
2024-11-01,2024020169,3,REG,05:27,BUF,ev,none,tip-in,1551,8475722,J. Zucker,8479420,T. Thompson,8481524,B. Byram,2,3
2024-11-01,2024020169,3,REG,08:08,NYI,ev,none,poke,1551,8476419,J. Pageau,8477500,B. Horvat,8475314,A. Lee,2,4
2024-11-01,2024020169,3,REG,18:59,BUF,ev,none,wrist,1560,8482671,O. Power,8480802,R. McLeod,8481524,B. Byram,3,4
2024-11-01,2024020170,1,REG,03:03,NYR,ev,none,wrist,1551,8478550,A. Panarin,8482109,A. Lafrenière,,,1,0
2024-11-01,2024020170,3,REG,02:56,NYR,pp,none,tip-in,1451,8482109,A. Lafrenière,8480078,F. Chytil,8475191,R. Smith,2,0
2024-11-01,2024020170,3,REG,12:28,OTT,ev,none,snap,1551,8478874,A. Gaudette,8480801,B. Tkachuk,8478469,T. Chabot,2,1
2024-11-01,2024020171,1,REG,05:13,WPG,ev,none,slap,1551,8477940,N. Ehlers,8476525,C. Miller,,,0,1
2024-11-01,2024020171,1,REG,11:02,CBJ,ev,none,snap,1551,8476374,S. Kuraly,8474037,J. van Riemsdyk,,,1,1
2024-11-01,2024020171,1,REG,15:14,WPG,ev,none,snap,1551,8477940,N. Ehlers,,,,,1,2
2024-11-01,2024020171,2,REG,02:20,WPG,ev,none,slap,1551,8478891,M. Appleton,8480145,N. Pionk,8476392,A. Lowry,1,3
2024-11-01,2024020171,2,REG,16:30,CBJ,pp,none,tip-in,1451,8477497,S. Monahan,8478460,Z. Werenski,8480893,K. Marchenko,2,3
2024-11-01,2024020171,2,REG,18:51,WPG,ev,none,wrist,1551,8477940,N. Ehlers,,,,,2,4
2024-11-01,2024020171,3,REG,11:39,WPG,pp,none,snap,1541,8477504,J. Morrissey,8476460,M. Scheifele,8477940,N. Ehlers,2,5
2024-11-01,2024020171,3,REG,14:54,WPG,ev,none,snap,1551,8480014,G. Vilardi,8478398,K. Connor,8477504,J. Morrissey,2,6
2024-11-01,2024020172,1,REG,19:15,TBL,pp,none,wrist,1541,8478010,B. Point,8475167,V. Hedman,8479542,B. Hagel,0,1
2024-11-01,2024020172,2,REG,00:47,MIN,ev,none,snap,1551,8478493,J. Eriksson Ek,8478864,K. Kaprizov,8475692,M. Zuccarello,1,1
2024-11-01,2024020172,3,REG,02:41,MIN,ev,none,wrist,1551,8482122,B. Faber,8478136,J. Middleton,8480880,J. Lauko,2,1
2024-11-01,2024020172,3,REG,06:23,TBL,pp,none,wrist,1541,8477404,J. Guentzel,8475167,V. Hedman,8476453,N. Kucherov,2,2
2024-11-01,2024020172,3,REG,14:37,MIN,ev,none,deflected,1551,8478864,K. Kaprizov,8482079,M. Rossi,8475692,M. Zuccarello,3,2
2024-11-01,2024020172,3,REG,16:57,MIN,ev,empty-net,wrist,0651,8481557,M. Boldy,,,,,4,2
2024-11-01,2024020172,3,REG,17:34,TBL,ev,none,wrist,0651,8477426,N. Paul,8474151,R. McDonagh,8478416,E. Cernak,4,3
2024-11-01,2024020172,3,REG,19:31,MIN,ev,empty-net,wrist,0651,8478864,K. Kaprizov,8477919,F. Gaudreau,,,5,3
2024-11-01,2024020173,3,REG,14:26,CGY,ev,none,tip-in,1551,8476399,B. Coleman,8480860,K. Bahl,8478397,R. Andersson,1,0
2024-11-01,2024020173,3,REG,14:54,CGY,ev,none,wrist,1551,8476456,J. Huberdeau,8477511,A. Mantha,8478435,D. Vladar,2,0
2024-11-01,2024020173,3,REG,16:45,CGY,ev,empty-net,wrist,0651,8476399,B. Coleman,,,,,3,0
2024-11-02,2024020174,1,REG,14:45,FLA,ev,none,tip-in,1551,8478542,E. Rodrigues,8478859,N. Mikkola,8477933,S. Reinhart,1,0
2024-11-02,2024020174,2,REG,08:47,FLA,pp,none,tip-in,1451,8479314,M. Tkachuk,8484304,U. Balinskis,8477493,A. Barkov,2,0
2024-11-02,2024020174,2,REG,11:22,DAL,pp,none,wrist,1541,8474149,E. Dadonov,8482740,W. Johnston,8475168,M. Duchene,2,1
2024-11-02,2024020174,2,REG,11:56,DAL,ev,none,backhand,1551,8475168,M. Duchene,8480036,M. Heiskanen,8481581,T. Harley,2,2
2024-11-02,2024020174,3,REG,02:32,FLA,ev,none,wrist,1551,8478421,A. Greer,8477931,T. Nosek,,,3,2
2024-11-02,2024020174,3,REG,19:00,FLA,ev,empty-net,snap,0651,8477933,S. Reinhart,8480185,E. Luostarinen,,,4,2
2024-11-02,2024020175,1,REG,13:28,BOS,ev,none,wrist,1551,8483505,M. Poitras,8476854,H. Lindholm,8479987,M. Geekie,0,1
2024-11-02,2024020175,2,REG,11:23,BOS,ev,none,snap,1551,8479638,J. Brazeau,8473419,B. Marchand,8477496,E. Lindholm,0,2
2024-11-02,2024020175,3,REG,16:21,BOS,ev,empty-net,wrist,1560,8473419,B. Marchand,8477956,D. Pastrnak,,,0,3
2024-11-02,2024020176,1,REG,03:57,LAK,pp,none,wrist,1451,8482155,A. Laferriere,8471685,A. Kopitar,8477942,K. Fiala,1,0
2024-11-02,2024020176,2,REG,18:37,LAK,ev,none,wrist,1551,8482155,A. Laferriere,8481532,A. Turcotte,8476479,P. Danault,2,0
2024-11-02,2024020176,3,REG,03:26,CHI,ev,none,wrist,1551,8473422,N. Foligno,8482700,N. Allan,,,2,1
2024-11-02,2024020176,3,REG,05:34,CHI,ev,none,snap,1551,8475225,C. Smith,8482117,L. Reichel,8481568,A. Vlasic,2,2
2024-11-02,2024020176,3,REG,11:48,LAK,ev,none,backhand,1551,8476479,P. Danault,8477942,K. Fiala,8479675,T. Moore,3,2
2024-11-02,2024020176,3,REG,19:29,CHI,ev,none,tip-in,0651,8477479,T. Bertuzzi,8477987,R. Donato,8477495,S. Jones,3,3
2024-11-02,2024020176,5,SO,00:00,CHI,ev,none,wrist,0101,8477987,R. Donato,,,,,3,4
2024-11-02,2024020177,1,REG,00:56,WSH,ev,none,snap,1551,8481656,A. Protas,8478440,D. Strome,8471214,A. Ovechkin,1,0
2024-11-02,2024020177,1,REG,01:42,WSH,ev,none,wrist,1551,8481580,C. McMichael,8480873,R. Sandin,,,2,0
2024-11-02,2024020177,1,REG,07:28,WSH,ev,none,wrist,1551,8478233,A. Mangiapane,8477944,J. Vrana,8482148,H. Lapierre,3,0
2024-11-02,2024020177,1,REG,14:34,WSH,ev,none,slap,1551,8471214,A. Ovechkin,8478440,D. Strome,8481656,A. Protas,4,0
2024-11-02,2024020177,1,REG,14:58,WSH,ev,none,backhand,1551,8475343,N. Dowd,8477845,T. van Riemsdyk,8479520,B. Duhaime,5,0
2024-11-02,2024020177,2,REG,00:49,CBJ,ev,none,wrist,1551,8476923,D. Severson,8484166,A. Fantilli,,,5,1
2024-11-02,2024020177,2,REG,04:51,WSH,ev,none,snap,1551,8481580,C. McMichael,8476880,T. Wilson,8479400,P. Dubois,6,1
2024-11-02,2024020177,2,REG,14:36,CBJ,ev,none,poke,1551,8478099,K. Labanc,8479944,Z. Aston-Reese,8477497,S. Monahan,6,2
2024-11-02,2024020177,3,REG,18:34,WSH,ev,none,snap,1551,8478440,D. Strome,8471214,A. Ovechkin,8479390,T. Raddysh,7,2
2024-11-02,2024020178,1,REG,05:28,OTT,ev,none,backhand,1551,8478874,A. Gaudette,8476393,N. Cousins,8479772,Z. MacEwen,1,0
2024-11-02,2024020178,2,REG,11:11,OTT,ev,none,deflected,1551,8480801,B. Tkachuk,8480879,J. Bernard-Docker,8482116,T. Stützle,2,0
2024-11-02,2024020178,3,REG,17:46,OTT,ev,empty-net,wrist,0651,8482116,T. Stützle,8478020,M. Amadio,,,3,0
2024-11-02,2024020179,1,REG,11:39,BUF,sh,none,snap,1451,8477949,A. Tuch,,,,,0,1
2024-11-02,2024020179,2,REG,07:49,DET,pp,none,snap,1451,8477946,D. Larkin,8474141,P. Kane,,,1,1
2024-11-02,2024020179,2,REG,14:38,DET,pp,none,snap,1451,8477946,D. Larkin,8479337,A. DeBrincat,8482078,L. Raymond,2,1
2024-11-02,2024020180,1,REG,15:57,PIT,ev,none,snap,1551,8471675,S. Crosby,8476483,R. Rakell,,,1,0
2024-11-02,2024020180,2,REG,18:40,PIT,pp,none,wrist,1451,8471675,S. Crosby,8471724,K. Letang,8474578,E. Karlsson,2,0
2024-11-02,2024020180,3,REG,05:32,MTL,ev,none,snap,1551,8477989,C. Dvorak,8482476,E. Heineman,8483515,J. Slafkovský,2,1
2024-11-02,2024020180,3,REG,19:15,PIT,ev,empty-net,wrist,0651,8481481,B. Lizotte,8474189,L. Eller,,,3,1
2024-11-02,2024020181,1,REG,05:25,TOR,ev,none,backhand,1551,8478483,M. Marner,8479982,C. Timmins,,,0,1
2024-11-02,2024020181,2,REG,03:29,STL,ev,none,slap,1551,8476892,C. Parayko,8477573,N. Walker,8470600,R. Suter,1,1
2024-11-02,2024020181,2,REG,08:08,STL,ev,none,wrist,1551,8479385,J. Kyrou,,,,,2,1
2024-11-02,2024020181,2,REG,12:33,STL,ev,none,slap,1551,8476892,C. Parayko,8470600,R. Suter,8482077,D. Holloway,3,1
2024-11-02,2024020181,3,REG,13:52,TOR,ev,none,backhand,1551,8478904,S. Lorentz,8480144,D. Kampf,8476931,J. McCabe,3,2
2024-11-02,2024020181,3,REG,19:21,STL,ev,empty-net,wrist,0651,8477402,P. Buchnevich,8476892,C. Parayko,,,4,2
2024-11-02,2024020182,2,REG,02:54,COL,pp,none,wrist,1431,8480069,C. Makar,8479999,C. Mittelstadt,8477492,N. MacKinnon,0,1
2024-11-02,2024020182,2,REG,08:31,NSH,pp,none,slap,1451,8474564,S. Stamkos,8474600,R. Josi,8475158,R. O'Reilly,1,1
2024-11-02,2024020182,2,REG,18:40,NSH,ev,none,tip-in,1551,8476925,C. Sissons,8481743,M. Del Gaizo,8482742,Z. L'Heureux,2,1
2024-11-02,2024020182,3,REG,05:15,NSH,pp,none,slap,1451,8474600,R. Josi,8474564,S. Stamkos,8476539,J. Marchessault,3,1
2024-11-02,2024020182,3,REG,17:43,COL,ev,none,backhand,0651,8477492,N. MacKinnon,8478038,D. Toews,8480069,C. Makar,3,2
2024-11-02,2024020182,3,REG,18:46,NSH,ev,empty-net,wrist,0651,8476887,F. Forsberg,8474679,G. Nyquist,,,4,2
2024-11-02,2024020182,3,REG,19:19,NSH,ev,empty-net,wrist,0651,8474679,G. Nyquist,,,,,5,2
2024-11-02,2024020183,1,REG,11:52,UTA,ev,none,slap,1551,8483431,L. Cooley,8475760,N. Bjugstad,8480855,J. McBain,0,1
2024-11-02,2024020183,2,REG,12:00,UTA,ev,none,snap,1551,8474013,I. Cole,8483431,L. Cooley,8479343,C. Keller,0,2
2024-11-02,2024020183,2,REG,15:06,VGK,ev,none,wrist,1551,8481604,P. Dorofeyev,8476881,T. Hertl,8479353,B. Howden,1,2
2024-11-02,2024020183,2,REG,19:59,VGK,ev,none,wrist,1551,8478396,N. Hanifin,8478462,N. Roy,8478434,K. Kolesar,2,2
2024-11-02,2024020183,3,REG,05:37,VGK,ev,none,backhand,1551,8476448,W. Karlsson,8478396,N. Hanifin,,,3,2
2024-11-02,2024020183,3,REG,13:10,UTA,ev,none,wrist,1551,8477021,A. Kerfoot,8475760,N. Bjugstad,8483472,M. Lamoureux,3,3
2024-11-02,2024020183,4,OT,02:15,VGK,ev,none,backhand,1331,8479353,B. Howden,8478396,N. Hanifin,8475913,M. Stone,4,3
2024-11-02,2024020184,2,REG,02:37,SJS,ev,none,snap,1551,8481477,N. Sturm,8479316,L. Kunin,,,1,0
2024-11-02,2024020184,2,REG,14:41,VAN,ev,none,wrist,1551,8480459,P. Suter,8481535,N. Hoglander,8478856,C. Garland,1,1
2024-11-02,2024020184,3,REG,15:38,VAN,ev,none,wrist,1551,8478498,J. DeBrusk,8480800,Q. Hughes,8479425,F. Hronek,1,2
2024-11-02,2024020184,3,REG,18:43,SJS,ev,none,wrist,1560,8475798,M. Granlund,8475726,T. Toffoli,8482667,W. Eklund,2,2
2024-11-02,2024020184,3,REG,19:34,VAN,ev,none,slap,1551,8480459,P. Suter,8478856,C. Garland,8477369,C. Soucy,2,3
2024-11-03,2024020185,1,REG,03:44,NYR,sh,none,wrist,1541,8475184,C. Kreider,8476459,M. Zibanejad,,,1,0
2024-11-03,2024020185,2,REG,01:21,NYR,ev,none,wrist,1551,8476389,V. Trocheck,8475191,R. Smith,,,2,0
2024-11-03,2024020185,2,REG,04:38,NYI,ev,none,wrist,1551,8475231,C. Cizikas,8478115,P. Engvall,8481601,S. Holmstrom,2,1
2024-11-03,2024020185,2,REG,11:04,NYR,pp,none,wrist,1451,8478550,A. Panarin,8476459,M. Zibanejad,8479323,A. Fox,3,1
2024-11-03,2024020185,2,REG,19:52,NYI,ev,none,wrist,1551,8475754,B. Nelson,8475151,K. Palmieri,8475314,A. Lee,3,2
2024-11-03,2024020185,3,REG,05:18,NYR,ev,none,deflected,1551,8481726,A. Edstrom,8482073,B. Schneider,8481708,Z. Jones,4,2
2024-11-03,2024020185,3,REG,16:37,NYR,ev,empty-net,wrist,0651,8478550,A. Panarin,8476885,J. Trouba,8476459,M. Zibanejad,5,2
2024-11-03,2024020186,1,REG,06:49,TBL,ev,none,wrist,1551,8479542,B. Hagel,,,,,0,1
2024-11-03,2024020186,1,REG,08:02,TBL,pp,none,wrist,1541,8478010,B. Point,8476453,N. Kucherov,8475167,V. Hedman,0,2
2024-11-03,2024020186,1,REG,12:23,WPG,ev,none,wrist,1551,8476480,V. Namestnikov,8477504,J. Morrissey,,,1,2
2024-11-03,2024020186,2,REG,05:49,WPG,ev,none,wrist,1551,8479378,L. Stanley,8477940,N. Ehlers,,,2,2
2024-11-03,2024020186,2,REG,07:36,WPG,ev,none,wrist,1551,8476460,M. Scheifele,8480014,G. Vilardi,,,3,2
2024-11-03,2024020186,2,REG,08:39,TBL,ev,none,wrist,1551,8482070,M. Chaffee,8477404,J. Guentzel,8477426,N. Paul,3,3
2024-11-03,2024020186,3,REG,04:03,WPG,pp,none,wrist,1451,8480113,A. Iafallo,8475799,N. Niederreiter,8482149,C. Perfetti,4,3
2024-11-03,2024020186,3,REG,06:51,TBL,ev,none,poke,1551,8476453,N. Kucherov,,,,,4,4
2024-11-03,2024020186,3,REG,07:38,WPG,ev,none,wrist,1551,8480049,D. Samberg,8478398,K. Connor,8476331,D. DeMelo,5,4
2024-11-03,2024020186,3,REG,17:15,WPG,ev,empty-net,wrist,0651,8477940,N. Ehlers,8476460,M. Scheifele,8476480,V. Namestnikov,6,4
2024-11-03,2024020186,3,REG,19:23,WPG,ev,empty-net,wrist,0651,8482149,C. Perfetti,8477504,J. Morrissey,,,7,4
2024-11-03,2024020187,1,REG,03:23,BOS,ev,none,tip-in,1551,8479638,J. Brazeau,8477507,N. Zadorov,8479325,C. McAvoy,1,0
2024-11-03,2024020187,1,REG,09:57,BOS,pp,none,wrist,1451,8475745,C. Coyle,8473419,B. Marchand,8477496,E. Lindholm,2,0
2024-11-03,2024020188,1,REG,14:01,CAR,ev,none,wrist,1551,8475200,D. Orlov,8480039,M. Necas,,,1,0
2024-11-03,2024020188,1,REG,19:16,WSH,pp,none,slap,1531,8471214,A. Ovechkin,8474590,J. Carlson,8478440,D. Strome,1,1
2024-11-03,2024020188,1,REG,19:49,WSH,ev,none,wrist,1551,8479520,B. Duhaime,8475343,N. Dowd,,,1,2
2024-11-03,2024020188,2,REG,02:29,CAR,ev,none,backhand,1551,8480039,M. Necas,8480762,E. Robinson,8480829,J. Kotkaniemi,2,2
2024-11-03,2024020188,2,REG,05:26,CAR,ev,none,slap,1551,8475200,D. Orlov,8480039,M. Necas,8478970,J. Chatfield,3,2
2024-11-03,2024020188,3,REG,19:51,CAR,ev,empty-net,wrist,0651,8480830,A. Svechnikov,,,,,4,2
2024-11-03,2024020189,1,REG,10:19,MIN,ev,none,deflected,1551,8477451,R. Hartman,8477919,F. Gaudreau,8474716,J. Spurgeon,1,0
2024-11-03,2024020189,1,REG,19:08,TOR,pp,none,wrist,1541,8477939,W. Nylander,8479318,A. Matthews,8478483,M. Marner,1,1
2024-11-03,2024020189,4,OT,02:14,MIN,ev,none,wrist,1331,8481557,M. Boldy,8482079,M. Rossi,8474716,J. Spurgeon,2,1
2024-11-03,2024020190,1,REG,00:20,EDM,ev,none,backhand,1551,8477934,L. Draisaitl,8481617,V. Podkolzin,,,0,1
2024-11-03,2024020190,1,REG,08:12,EDM,ev,none,wrist,1551,8475784,J. Skinner,8475786,Z. Hyman,,,0,2
2024-11-03,2024020190,2,REG,04:33,CGY,pp,none,tip-in,1451,8477511,A. Mantha,8475197,T. Barrie,8474150,M. Backlund,1,2
2024-11-03,2024020190,3,REG,04:28,CGY,ev,none,wrist,1551,8481068,Y. Sharangovich,8480860,K. Bahl,,,2,2
2024-11-03,2024020190,3,REG,10:10,EDM,pp,none,backhand,1541,8475786,Z. Hyman,8476454,R. Nugent-Hopkins,8477934,L. Draisaitl,2,3
2024-11-03,2024020190,3,REG,19:57,EDM,ev,empty-net,wrist,1560,8477406,M. Janmark,8477934,L. Draisaitl,8477498,D. Nurse,2,4
2024-11-03,2024020191,1,REG,12:57,CHI,ev,none,snap,1551,8482192,I. Phillips,8484144,C. Bedard,8475791,T. Hall,0,1
2024-11-03,2024020191,1,REG,16:44,CHI,pp,none,slap,1541,8476882,T. Teravainen,8475791,T. Hall,8481568,A. Vlasic,0,2
2024-11-03,2024020191,2,REG,18:05,CHI,pp,none,slap,1541,8477495,S. Jones,8484144,C. Bedard,8482117,L. Reichel,0,3
2024-11-03,2024020191,3,REG,10:16,ANA,ev,none,snap,1551,8476934,B. McGinn,8477527,R. Johnston,,,1,3
2024-11-03,2024020191,3,REG,17:43,CHI,ev,none,tip-in,1551,8477987,R. Donato,8484144,C. Bedard,8480798,P. Kurashev,1,4
2024-11-03,2024020191,3,REG,19:56,ANA,pp,none,snap,1460,8482745,M. McTavish,8478873,T. Terry,8476458,R. Strome,2,4
2024-11-04,2024020192,1,REG,13:24,LAK,ev,none,wrist,1551,8471685,A. Kopitar,8482730,B. Clarke,8477960,A. Kempe,0,1
2024-11-04,2024020192,3,REG,00:35,LAK,ev,none,wrist,1551,8477942,K. Fiala,8476479,P. Danault,8479675,T. Moore,0,2
2024-11-04,2024020192,3,REG,17:02,LAK,ev,empty-net,wrist,1560,8477960,A. Kempe,8473453,T. Lewis,8478882,V. Gavrikov,0,3
2024-11-04,2024020193,1,REG,05:18,NJD,ev,none,snap,1551,8476474,S. Noesen,8481032,P. Cotter,8479407,J. Bratt,0,1
2024-11-04,2024020193,2,REG,16:34,NJD,pp,none,snap,1541,8479407,J. Bratt,8480002,N. Hischier,8476462,D. Hamilton,0,2
2024-11-04,2024020193,3,REG,09:25,NJD,ev,none,backhand,1551,8478414,T. Meier,8482110,D. Mercer,,,0,3
2024-11-05,2024020194,1,REG,06:37,BUF,pp,none,wrist,1451,8482175,J. Peterka,8475722,J. Zucker,,,1,0
2024-11-05,2024020194,2,REG,00:17,BUF,ev,none,snap,1551,8481524,B. Byram,8480802,R. McLeod,8480839,R. Dahlin,2,0
2024-11-05,2024020194,2,REG,07:31,OTT,ev,none,poke,1551,8482092,R. Greig,8482116,T. Stützle,8480801,B. Tkachuk,2,1
2024-11-05,2024020194,3,REG,00:21,BUF,ev,none,wrist,1551,8481524,B. Byram,8478413,J. Greenway,8480802,R. McLeod,3,1
2024-11-05,2024020194,3,REG,00:37,BUF,ev,none,deflected,1551,8479420,T. Thompson,8477949,A. Tuch,8482175,J. Peterka,4,1
2024-11-05,2024020194,3,REG,12:08,BUF,pp,none,slap,1451,8482175,J. Peterka,8479420,T. Thompson,8480839,R. Dahlin,5,1
2024-11-05,2024020195,2,REG,08:44,TOR,pp,none,wrist,1451,8476853,M. Rielly,8478483,M. Marner,8482720,M. Knies,1,0
2024-11-05,2024020195,2,REG,09:58,TOR,pp,none,wrist,1451,8477939,W. Nylander,8478483,M. Marner,8476853,M. Rielly,2,0
2024-11-05,2024020195,3,REG,14:13,TOR,pp,none,tip-in,1451,8482720,M. Knies,8477939,W. Nylander,8476853,M. Rielly,3,0
2024-11-05,2024020195,3,REG,15:58,TOR,ev,empty-net,wrist,0651,8478904,S. Lorentz,8475690,C. Tanev,,,4,0
2024-11-05,2024020196,2,REG,04:20,CGY,ev,none,snap,1551,8482074,C. Zary,8475172,N. Kadri,8482624,D. Miromanov,0,1
2024-11-05,2024020196,2,REG,16:23,MTL,pp,none,wrist,1451,8475848,B. Gallagher,8476469,J. Armia,8482775,O. Kapanen,1,1
2024-11-05,2024020196,3,REG,05:56,MTL,sh,none,snap,1541,8476469,J. Armia,8478133,J. Evans,,,2,1
2024-11-05,2024020196,3,REG,17:14,CGY,ev,none,snap,1551,8482679,M. Coronato,8476399,B. Coleman,,,2,2
2024-11-05,2024020196,4,OT,00:07,CGY,ev,none,snap,1331,8482679,M. Coronato,,,,,2,3
2024-11-05,2024020197,1,REG,07:54,PHI,pp,none,wrist,1531,8478439,T. Konecny,8480015,O. Tippett,8484387,M. Michkov,0,1
2024-11-05,2024020197,1,REG,14:25,CAR,ev,none,snap,1551,8482809,J. Blake,8480835,J. Drury,8475200,D. Orlov,1,1
2024-11-05,2024020197,2,REG,08:56,CAR,ev,none,snap,1551,8480762,E. Robinson,8480039,M. Necas,8470613,B. Burns,2,1
2024-11-05,2024020197,2,REG,09:50,CAR,ev,none,backhand,1551,8476921,J. Martinook,8476958,J. Slavin,8470613,B. Burns,3,1
2024-11-05,2024020197,2,REG,13:30,PHI,ev,none,wrist,1551,8480015,O. Tippett,8478439,T. Konecny,8476461,S. Couturier,3,2
2024-11-05,2024020197,3,REG,01:18,PHI,ev,none,deflected,1551,8480028,M. Frost,8477948,T. Sanheim,8478439,T. Konecny,3,3
2024-11-05,2024020197,3,REG,01:47,CAR,ev,none,snap,1551,8478458,J. Roslovic,8480830,A. Svechnikov,8478427,S. Aho,4,3
2024-11-05,2024020197,3,REG,09:17,PHI,ev,none,tip-in,1551,8478439,T. Konecny,8476461,S. Couturier,,,4,4
2024-11-05,2024020197,3,REG,19:29,CAR,ev,none,snap,1551,8480039,M. Necas,,,,,5,4
2024-11-05,2024020197,3,REG,19:58,CAR,ev,empty-net,snap,0651,8482093,S. Jarvis,,,,,6,4
2024-11-05,2024020198,2,REG,05:27,PIT,ev,none,backhand,1551,8471675,S. Crosby,8471215,E. Malkin,8476483,R. Rakell,0,1
2024-11-05,2024020198,2,REG,12:21,NYI,ev,none,bat,1551,8475151,K. Palmieri,8477500,B. Horvat,8484958,M. Tsyplakov,1,1
2024-11-05,2024020198,2,REG,13:37,PIT,pp,none,slap,1541,8471215,E. Malkin,8476891,M. Grzelcyk,8476483,R. Rakell,1,2
2024-11-05,2024020198,3,REG,07:44,PIT,ev,none,wrist,1551,8478047,M. Bunting,8479344,J. Puljujarvi,8478569,N. Acciari,1,3
2024-11-05,2024020198,3,REG,09:41,NYI,pp,none,backhand,1451,8481601,S. Holmstrom,8475151,K. Palmieri,8477506,R. Pulock,2,3
2024-11-05,2024020198,3,REG,12:48,NYI,ev,none,snap,1551,8476419,J. Pageau,8477500,B. Horvat,8475314,A. Lee,3,3
2024-11-05,2024020198,5,SO,00:00,NYI,ev,none,backhand,1010,8477500,B. Horvat,,,,,4,3
2024-11-05,2024020199,2,REG,02:39,TBL,ev,none,backhand,1551,8480246,N. Perbix,8478519,A. Cirelli,8476453,N. Kucherov,0,1
2024-11-05,2024020199,2,REG,07:57,STL,ev,none,wrist,1551,8476897,O. Sundqvist,8482516,M. Kessel,8482737,Z. Bolduc,1,1
2024-11-05,2024020199,2,REG,18:25,STL,ev,none,wrist,1551,8480281,A. Toropchenko,8476889,R. Faksa,,,2,1
2024-11-05,2024020199,3,REG,08:51,STL,ev,none,snap,1551,8479385,J. Kyrou,8475170,B. Schenn,8476438,B. Saad,3,1
2024-11-05,2024020199,3,REG,11:43,TBL,ev,none,slap,1551,8475167,V. Hedman,8476453,N. Kucherov,,,3,2
2024-11-05,2024020200,2,REG,07:31,MIN,ev,none,wrist,1551,8474567,Z. Bogosian,8477919,F. Gaudreau,8477451,R. Hartman,1,0
2024-11-05,2024020200,2,REG,14:30,LAK,ev,none,backhand,1551,8477998,W. Foegele,8482155,A. Laferriere,8482124,Q. Byfield,1,1
2024-11-05,2024020200,2,REG,18:55,LAK,pp,none,snap,1541,8477942,K. Fiala,8482155,A. Laferriere,8471685,A. Kopitar,1,2
2024-11-05,2024020200,3,REG,07:39,LAK,ev,none,wrist,1551,8473453,T. Lewis,8481732,A. Lee,8479661,T. Jeannot,1,3
2024-11-05,2024020200,3,REG,14:12,LAK,ev,none,tip-in,1551,8482124,Q. Byfield,8478882,V. Gavrikov,8479675,T. Moore,1,4
2024-11-05,2024020200,3,REG,16:14,LAK,ev,empty-net,wrist,1560,8473453,T. Lewis,8476479,P. Danault,8479675,T. Moore,1,5
2024-11-05,2024020201,2,REG,17:57,WPG,pp,none,tip-in,1451,8480014,G. Vilardi,8477504,J. Morrissey,8476460,M. Scheifele,1,0
2024-11-05,2024020201,3,REG,07:30,WPG,ev,none,wrist,1551,8475799,N. Niederreiter,8478891,M. Appleton,8476392,A. Lowry,2,0
2024-11-05,2024020201,3,REG,17:01,WPG,ev,empty-net,wrist,0651,8475799,N. Niederreiter,8476392,A. Lowry,8480049,D. Samberg,3,0
2024-11-05,2024020202,1,REG,02:28,COL,ev,none,wrist,1551,8475780,C. Wagner,8477492,N. MacKinnon,8479398,S. Girard,1,0
2024-11-05,2024020202,1,REG,12:58,SEA,ev,none,deflected,1551,8475768,J. Schwartz,8482665,M. Beniers,8482858,R. Evans,1,1
2024-11-05,2024020202,1,REG,14:12,COL,ev,none,wrist,1551,8483930,I. Ivan,8481042,N. Kovalenko,8477492,N. MacKinnon,2,1
2024-11-05,2024020202,2,REG,00:23,SEA,pp,none,snap,1541,8477955,J. McCann,8476905,C. Stephenson,,,2,2
2024-11-05,2024020202,2,REG,06:44,COL,pp,none,snap,1451,8477476,A. Lehkonen,8477492,N. MacKinnon,8480069,C. Makar,3,2
2024-11-05,2024020202,2,REG,09:11,COL,pp,none,slap,1451,8478420,M. Rantanen,8480069,C. Makar,8477492,N. MacKinnon,4,2
2024-11-05,2024020202,3,REG,17:31,SEA,ev,none,tip-in,0651,8482665,M. Beniers,8477986,B. Montour,8477955,J. McCann,4,3
2024-11-05,2024020202,3,REG,17:55,COL,ev,empty-net,wrist,0651,8478420,M. Rantanen,8477476,A. Lehkonen,8477492,N. MacKinnon,5,3
2024-11-05,2024020202,3,REG,19:58,COL,pp,none,tip-in,1451,8481042,N. Kovalenko,8479999,C. Mittelstadt,8476312,J. Manson,6,3
2024-11-05,2024020203,1,REG,05:35,ANA,pp,none,snap,1451,8482803,O. Zellweger,8478873,T. Terry,8482745,M. McTavish,1,0
2024-11-05,2024020203,1,REG,16:22,VAN,pp,none,tip-in,1541,8478444,B. Boeser,8480800,Q. Hughes,8476468,J. Miller,1,1
2024-11-05,2024020203,1,REG,17:20,VAN,ev,none,slap,1551,8480748,K. Sherwood,8480073,E. Brannstrom,8478046,D. Heinen,1,2
2024-11-05,2024020203,2,REG,02:20,VAN,ev,none,tip-in,1551,8480012,E. Pettersson,8480800,Q. Hughes,8478856,C. Garland,1,3
2024-11-05,2024020203,3,REG,12:08,VAN,ev,none,tip-in,1551,8478498,J. DeBrusk,8478444,B. Boeser,8480800,Q. Hughes,1,4
2024-11-05,2024020203,3,REG,18:18,VAN,ev,none,wrist,1551,8478046,D. Heinen,8480748,K. Sherwood,8476927,T. Blueger,1,5
2024-11-05,2024020204,2,REG,18:49,SJS,ev,none,wrist,1551,8482144,J. Thompson,8484227,W. Smith,8480188,F. Zetterlund,1,0
2024-11-05,2024020204,3,REG,09:17,CBJ,ev,none,wrist,1551,8480893,K. Marchenko,8476923,D. Severson,8482475,E. Chinakhov,1,1
2024-11-05,2024020204,4,OT,03:11,SJS,ev,none,wrist,1331,8477505,A. Wennberg,8480188,F. Zetterlund,8477970,V. Vanecek,2,1
2024-11-06,2024020205,1,REG,03:12,NSH,ev,none,tip-in,1551,8481704,J. Parssinen,8482146,L. Evangelista,8481577,P. Tomasino,0,1
2024-11-06,2024020205,1,REG,04:26,WSH,ev,none,snap,1551,8481580,C. McMichael,8478911,M. Roy,8479400,P. Dubois,1,1
2024-11-06,2024020205,2,REG,15:03,WSH,ev,none,snap,1551,8481656,A. Protas,8471214,A. Ovechkin,8478440,D. Strome,2,1
2024-11-06,2024020205,2,REG,15:34,NSH,ev,none,tip-in,1551,8474564,S. Stamkos,8478851,A. Carrier,8475158,R. O'Reilly,2,2
2024-11-06,2024020205,3,REG,10:25,WSH,ev,none,snap,1551,8471214,A. Ovechkin,8478440,D. Strome,8480796,M. Fehérváry,3,2
2024-11-06,2024020206,1,REG,19:58,DET,ev,none,wrist,1551,8479337,A. DeBrincat,8477946,D. Larkin,,,0,1
2024-11-06,2024020206,2,REG,08:42,CHI,ev,none,backhand,1551,8473422,N. Foligno,8477479,T. Bertuzzi,8476473,C. Murphy,1,1
2024-11-06,2024020206,2,REG,12:27,DET,ev,none,wrist,1551,8477946,D. Larkin,8479337,A. DeBrincat,,,1,2
2024-11-06,2024020206,3,REG,03:03,DET,ev,none,deflected,1551,8480813,J. Veleno,8481542,M. Seider,8479992,M. Rasmussen,1,3
2024-11-06,2024020206,3,REG,17:47,DET,ev,empty-net,wrist,1560,8477429,A. Copp,8482078,L. Raymond,8482762,S. Edvinsson,1,4
2024-11-06,2024020207,1,REG,16:05,VGK,ev,none,wrist,1551,8478403,J. Eichel,8477447,S. Theodore,8477964,I. Barbashev,0,1
2024-11-06,2024020207,2,REG,12:18,EDM,ev,none,tip-in,1551,8476967,B. Kulak,8477498,D. Nurse,8477015,C. Brown,1,1
2024-11-06,2024020207,2,REG,15:56,EDM,ev,none,wrist,1551,8475786,Z. Hyman,,,,,2,1
2024-11-06,2024020207,3,REG,10:05,VGK,pp,none,wrist,1541,8478396,N. Hanifin,8476448,W. Karlsson,8478403,J. Eichel,2,2
2024-11-06,2024020207,3,REG,19:11,VGK,ev,none,snap,1551,8478396,N. Hanifin,8477964,I. Barbashev,8482125,A. Holtz,2,3
2024-11-06,2024020207,3,REG,19:55,VGK,ev,empty-net,wrist,1560,8475913,M. Stone,8478403,J. Eichel,8477964,I. Barbashev,2,4
2024-11-07,2024020208,1,REG,02:04,BOS,ev,none,backhand,1551,8476854,H. Lindholm,8477956,D. Pastrnak,8478401,P. Zacha,1,0
2024-11-07,2024020208,1,REG,02:23,CGY,ev,none,slap,1551,8475197,T. Barrie,8479066,R. Lomberg,8477993,J. Kirkland,1,1
2024-11-07,2024020208,2,REG,08:25,BOS,ev,none,slap,1551,8478401,P. Zacha,8477956,D. Pastrnak,,,2,1
2024-11-07,2024020208,2,REG,08:56,BOS,ev,none,snap,1551,8481043,C. Koepke,8475745,C. Coyle,,,3,1
2024-11-07,2024020208,3,REG,00:58,CGY,pp,none,tip-in,1541,8481068,Y. Sharangovich,8477346,M. Weegar,8482679,M. Coronato,3,2
2024-11-07,2024020208,3,REG,09:55,CGY,ev,none,wrist,1551,8475172,N. Kadri,8480860,K. Bahl,,,3,3
2024-11-07,2024020208,4,OT,04:40,BOS,ev,none,backhand,1331,8473419,B. Marchand,8477496,E. Lindholm,,,4,3
2024-11-07,2024020209,2,REG,15:49,NYI,ev,none,snap,1551,8475314,A. Lee,8477500,B. Horvat,8477506,R. Pulock,0,1
2024-11-07,2024020209,2,REG,18:22,NYI,ev,none,wrist,1551,8476419,J. Pageau,8477500,B. Horvat,8475314,A. Lee,0,2
2024-11-07,2024020209,3,REG,02:41,NYI,ev,none,backhand,1551,8480789,O. Wahlstrom,8474709,M. Martin,8481237,K. MacLean,0,3
2024-11-07,2024020209,3,REG,07:43,OTT,ev,none,wrist,1551,8475324,N. Jensen,8478469,T. Chabot,8482116,T. Stützle,1,3
2024-11-07,2024020209,3,REG,14:27,OTT,pp,none,wrist,1451,8480208,D. Batherson,8482116,T. Stützle,8482105,J. Sanderson,2,3
2024-11-07,2024020209,3,REG,19:50,NYI,ev,empty-net,wrist,1560,8477500,B. Horvat,8476429,S. Mayfield,,,2,4
2024-11-07,2024020211,1,REG,03:33,FLA,ev,none,wrap-around,1551,8477933,S. Reinhart,8477493,A. Barkov,8478859,N. Mikkola,1,0
2024-11-07,2024020211,1,REG,05:14,FLA,ev,none,wrist,1551,8479314,M. Tkachuk,8477409,C. Verhaeghe,8484304,U. Balinskis,2,0
2024-11-07,2024020211,2,REG,01:56,FLA,ev,none,snap,1551,8478542,E. Rodrigues,8477935,S. Bennett,8482113,A. Lundell,3,0
2024-11-07,2024020211,2,REG,11:18,FLA,pp,none,backhand,1451,8477409,C. Verhaeghe,8484304,U. Balinskis,8477493,A. Barkov,4,0
2024-11-07,2024020211,2,REG,13:52,NSH,pp,none,slap,1541,8474564,S. Stamkos,8474600,R. Josi,8476887,F. Forsberg,4,1
2024-11-07,2024020211,2,REG,19:32,FLA,ev,none,wrist,1551,8477409,C. Verhaeghe,8477493,A. Barkov,8479314,M. Tkachuk,5,1
2024-11-07,2024020211,3,REG,11:23,FLA,pp,none,deflected,1451,8477931,T. Nosek,8477220,N. Schmidt,8482713,M. Samoskevich,6,1
2024-11-07,2024020211,3,REG,11:51,NSH,ev,none,tip-in,1551,8481704,J. Parssinen,8481743,M. Del Gaizo,8482146,L. Evangelista,6,2
2024-11-07,2024020212,1,REG,01:33,NJD,ev,none,tip-in,1551,8479407,J. Bratt,8481559,J. Hughes,8476462,D. Hamilton,1,0
2024-11-07,2024020212,1,REG,12:38,NJD,ev,none,wrist,1551,8476292,O. Palat,8481559,J. Hughes,,,2,0
2024-11-07,2024020212,2,REG,05:00,MTL,ev,none,snap,1551,8481618,A. Newhook,8478133,J. Evans,8481593,J. Struble,2,1
2024-11-07,2024020212,2,REG,10:20,NJD,ev,none,wrist,1551,8478399,J. Siegenthaler,8475287,E. Haula,8481032,P. Cotter,3,1
2024-11-07,2024020212,2,REG,19:01,MTL,ev,none,snap,1551,8475848,B. Gallagher,8476981,J. Anderson,8477989,C. Dvorak,3,2
2024-11-07,2024020212,3,REG,06:23,NJD,ev,none,wrist,1551,8481559,J. Hughes,8479407,J. Bratt,,,4,2
2024-11-07,2024020212,3,REG,08:13,MTL,ev,none,wrist,1551,8481618,A. Newhook,8482087,K. Guhle,,,4,3
2024-11-07,2024020212,3,REG,19:34,NJD,ev,empty-net,wrist,0651,8479407,J. Bratt,,,,,5,3
2024-11-07,2024020213,1,REG,00:26,BUF,ev,none,wrist,1551,8480839,R. Dahlin,8481524,B. Byram,8480802,R. McLeod,0,1
2024-11-07,2024020213,2,REG,02:45,BUF,ev,none,snap,1551,8481528,D. Cozens,8484145,Z. Benson,8482097,J. Quinn,0,2
2024-11-07,2024020213,2,REG,11:39,BUF,ev,none,wrist,1551,8479420,T. Thompson,8482175,J. Peterka,8477365,C. Clifton,0,3
2024-11-07,2024020213,2,REG,12:09,BUF,ev,none,snap,1551,8478413,J. Greenway,8475722,J. Zucker,,,0,4
2024-11-07,2024020213,2,REG,13:51,BUF,ev,none,backhand,1551,8478043,S. Lafferty,8479359,B. Malenstyn,8481522,P. Krebs,0,5
2024-11-07,2024020213,3,REG,04:21,NYR,ev,none,tip-in,1551,8482157,W. Cuylle,8481708,Z. Jones,8478550,A. Panarin,1,5
2024-11-07,2024020213,3,REG,11:55,BUF,pp,none,wrist,1541,8484145,Z. Benson,8482097,J. Quinn,8477949,A. Tuch,1,6
2024-11-07,2024020214,1,REG,00:52,CAR,ev,none,snap,1551,8476921,J. Martinook,8473533,J. Staal,8478970,J. Chatfield,1,0
2024-11-07,2024020214,1,REG,08:47,CAR,ev,none,wrist,1551,8478458,J. Roslovic,8478427,S. Aho,8475200,D. Orlov,2,0
2024-11-07,2024020214,2,REG,09:27,CAR,ev,none,wrist,1551,8478458,J. Roslovic,8480830,A. Svechnikov,8478970,J. Chatfield,3,0
2024-11-07,2024020214,2,REG,13:52,CAR,ev,none,slap,1551,8476958,J. Slavin,8478427,S. Aho,8478458,J. Roslovic,4,0
2024-11-07,2024020214,3,REG,02:07,CAR,ev,none,snap,1551,8480762,E. Robinson,8480039,M. Necas,8478970,J. Chatfield,5,0
2024-11-07,2024020214,3,REG,05:08,PIT,ev,none,snap,1551,8481481,B. Lizotte,,,,,5,1
2024-11-07,2024020210,1,REG,19:15,TBL,ev,none,wrap-around,1551,8476453,N. Kucherov,8479542,B. Hagel,8482929,E. Lilleberg,1,0
2024-11-07,2024020210,3,REG,15:44,PHI,ev,none,backhand,1551,8480015,O. Tippett,8478439,T. Konecny,,,1,1
2024-11-07,2024020210,5,SO,00:00,PHI,ev,none,wrist,0101,8478439,T. Konecny,,,,,1,2
2024-11-07,2024020215,1,REG,00:18,UTA,ev,none,wrist,1551,8480891,M. Kesselring,8479343,C. Keller,8477951,N. Schmaltz,0,1
2024-11-07,2024020215,1,REG,18:41,STL,ev,none,wrist,1551,8476892,C. Parayko,8477402,P. Buchnevich,8482089,J. Neighbours,1,1
2024-11-07,2024020215,2,REG,18:09,UTA,ev,none,wrist,1551,8481711,M. Maccelli,8482699,D. Guenther,8483431,L. Cooley,1,2
2024-11-07,2024020215,3,REG,13:29,STL,ev,none,slap,1551,8479385,J. Kyrou,8477402,P. Buchnevich,,,2,2
2024-11-07,2024020215,3,REG,16:39,UTA,ev,none,wrist,1551,8482699,D. Guenther,,,,,2,3
2024-11-07,2024020215,3,REG,19:56,UTA,ev,empty-net,wrist,1560,8480855,J. McBain,8479410,M. Sergachev,8480849,B. Hayton,2,4
2024-11-07,2024020216,1,REG,11:06,DAL,ev,none,wrist,1551,8479351,S. Steel,8482702,L. Stankoven,8476902,E. Lindell,1,0
2024-11-07,2024020216,2,REG,10:15,DAL,ev,none,snap,1551,8475794,T. Seguin,8480878,N. Lundkvist,8479351,S. Steel,2,0
2024-11-07,2024020216,3,REG,09:00,CHI,pp,none,tip-in,1541,8477479,T. Bertuzzi,8484144,C. Bedard,8477987,R. Donato,2,1
2024-11-07,2024020216,3,REG,19:14,DAL,ev,empty-net,backhand,0651,8482702,L. Stankoven,8473994,J. Benn,8480950,I. Lyubushkin,3,1
2024-11-07,2024020217,1,REG,01:06,WPG,ev,none,wrist,1551,8480014,G. Vilardi,8476460,M. Scheifele,,,1,0
2024-11-07,2024020218,1,REG,01:43,LAK,ev,none,backhand,1551,8482124,Q. Byfield,8482155,A. Laferriere,8477998,W. Foegele,1,0
2024-11-07,2024020218,1,REG,14:20,VAN,pp,own-goal,,1541,8478856,C. Garland,,,,,1,1
2024-11-07,2024020218,2,REG,05:51,VAN,ev,none,wrist,1551,8478498,J. DeBrusk,8480800,Q. Hughes,8479425,F. Hronek,1,2
2024-11-07,2024020218,3,REG,02:44,VAN,ev,none,wrist,1551,8480800,Q. Hughes,,,,,1,3
2024-11-07,2024020218,3,REG,13:57,LAK,ev,none,wrist,1551,8478882,V. Gavrikov,8479675,T. Moore,8476479,P. Danault,2,3
2024-11-07,2024020218,3,REG,18:46,VAN,ev,empty-net,wrist,1560,8476468,J. Miller,,,,,2,4
2024-11-07,2024020219,1,REG,02:22,MIN,ev,none,wrist,1551,8474567,Z. Bogosian,8480990,D. Chisholm,8475220,M. Foligno,0,1
2024-11-07,2024020219,2,REG,04:36,SJS,ev,none,wrist,1551,8484801,M. Celebrini,8475798,M. Granlund,8481567,H. Thrun,1,1
2024-11-07,2024020219,2,REG,08:01,MIN,ev,none,slap,1551,8475692,M. Zuccarello,8478864,K. Kaprizov,8482079,M. Rossi,1,2
2024-11-07,2024020219,2,REG,13:26,MIN,pp,none,snap,1541,8481557,M. Boldy,8482122,B. Faber,8478864,K. Kaprizov,1,3
2024-11-07,2024020219,3,REG,06:02,MIN,ev,none,slap,1551,8476463,J. Brodin,8477919,F. Gaudreau,8478864,K. Kaprizov,1,4
2024-11-07,2024020219,3,REG,16:08,SJS,ev,none,wrist,1551,8484801,M. Celebrini,8475798,M. Granlund,8481567,H. Thrun,2,4
2024-11-07,2024020219,3,REG,18:25,MIN,ev,empty-net,wrist,1560,8481557,M. Boldy,,,,,2,5
2024-11-08,2024020220,1,REG,11:12,TOR,pp,none,wrist,1451,8478483,M. Marner,8477939,W. Nylander,8476853,M. Rielly,1,0
2024-11-08,2024020220,2,REG,09:10,DET,pp,none,wrist,1541,8477946,D. Larkin,8482078,L. Raymond,8479337,A. DeBrincat,1,1
2024-11-08,2024020220,2,REG,11:01,TOR,pp,none,wrist,1451,8475166,J. Tavares,8478483,M. Marner,8476853,M. Rielly,2,1
2024-11-08,2024020220,3,REG,18:30,TOR,ev,empty-net,wrist,0651,8475166,J. Tavares,,,,,3,1
2024-11-08,2024020221,1,REG,03:11,PIT,ev,none,snap,1551,8474578,E. Karlsson,8471215,E. Malkin,8471675,S. Crosby,0,1
2024-11-08,2024020221,1,REG,06:59,PIT,ev,none,tip-in,1551,8478047,M. Bunting,8474578,E. Karlsson,,,0,2
2024-11-08,2024020221,1,REG,08:22,WSH,ev,none,snap,1551,8480873,R. Sandin,8481580,C. McMichael,8476880,T. Wilson,1,2
2024-11-08,2024020221,2,REG,06:04,WSH,ev,none,snap,1551,8478233,A. Mangiapane,8477944,J. Vrana,8482148,H. Lapierre,2,2
2024-11-08,2024020221,3,REG,10:28,PIT,ev,none,snap,1551,8471215,E. Malkin,8475810,B. Rust,8471724,K. Letang,2,3
2024-11-08,2024020221,3,REG,19:37,PIT,ev,empty-net,snap,1560,8478569,N. Acciari,8477969,M. Pettersson,,,2,4
2024-11-08,2024020222,1,REG,07:31,MIN,ev,none,wrist,1551,8478136,J. Middleton,8478493,J. Eriksson Ek,,,0,1
2024-11-08,2024020222,1,REG,09:11,MIN,ev,none,wrist,1551,8475220,M. Foligno,8477919,F. Gaudreau,8482122,B. Faber,0,2
2024-11-08,2024020222,1,REG,12:32,MIN,ev,none,wrist,0651,8478864,K. Kaprizov,8480990,D. Chisholm,8475692,M. Zuccarello,0,3
2024-11-08,2024020222,3,REG,02:16,ANA,ev,none,snap,1551,8477952,R. Fabbri,,,,,1,3
2024-11-08,2024020222,3,REG,14:20,MIN,ev,none,wrist,1551,8482079,M. Rossi,8478864,K. Kaprizov,,,1,4
2024-11-08,2024020222,3,REG,17:44,MIN,pp,none,tip-in,1541,8478864,K. Kaprizov,8482079,M. Rossi,8482122,B. Faber,1,5
2024-11-08,2024020222,3,REG,19:47,ANA,ev,none,tip-in,1551,8482745,M. McTavish,8475462,R. Gudas,8480001,U. Vaakanainen,2,5
2024-11-08,2024020223,1,REG,10:13,VGK,pp,none,snap,1531,8481604,P. Dorofeyev,8478462,N. Roy,8478403,J. Eichel,0,1
2024-11-08,2024020223,1,REG,13:31,VGK,ev,none,wrist,1551,8478462,N. Roy,8477964,I. Barbashev,8478403,J. Eichel,0,2
2024-11-08,2024020223,1,REG,17:21,SEA,ev,none,wrist,1551,8479293,B. Tanev,,,,,1,2
2024-11-08,2024020223,2,REG,07:12,SEA,ev,none,snap,1551,8479293,B. Tanev,8481789,T. Kartye,,,2,2
2024-11-08,2024020223,3,REG,02:58,SEA,ev,none,deflected,1551,8477416,O. Bjorkstrand,,,,,3,2
2024-11-08,2024020223,3,REG,18:38,VGK,ev,none,snap,0651,8474565,A. Pietrangelo,8477447,S. Theodore,8478403,J. Eichel,3,3
2024-11-08,2024020223,4,OT,00:29,SEA,ev,none,backhand,1331,8477955,J. McCann,8477986,B. Montour,,,4,3
2024-11-09,2024020224,1,REG,01:11,BUF,ev,none,backhand,1551,8484145,Z. Benson,8480196,J. Bryson,8482671,O. Power,1,0
2024-11-09,2024020224,1,REG,13:37,BUF,pp,none,slap,1451,8479420,T. Thompson,8480839,R. Dahlin,8482175,J. Peterka,2,0
2024-11-09,2024020224,2,REG,17:44,CGY,ev,none,tip-in,1551,8482679,M. Coronato,8477346,M. Weegar,8476399,B. Coleman,2,1
2024-11-09,2024020224,3,REG,15:42,CGY,ev,none,wrist,1551,8474150,M. Backlund,8476456,J. Huberdeau,8483808,A. Kuzmenko,2,2
2024-11-09,2024020224,5,SO,00:00,BUF,ev,none,wrist,1010,8482175,J. Peterka,,,,,3,2
2024-11-09,2024020230,1,REG,07:28,WPG,pp,none,snap,1451,8480113,A. Iafallo,8476480,V. Namestnikov,8482149,C. Perfetti,1,0
2024-11-09,2024020230,1,REG,10:21,WPG,ev,none,wrist,1551,8480845,R. Kupari,8480113,A. Iafallo,,,2,0
2024-11-09,2024020230,2,REG,03:34,WPG,ev,none,wrap-around,1551,8476480,V. Namestnikov,8482149,C. Perfetti,8480145,N. Pionk,3,0
2024-11-09,2024020230,2,REG,07:14,WPG,pp,none,slap,1451,8477940,N. Ehlers,8476460,M. Scheifele,8480014,G. Vilardi,4,0
2024-11-09,2024020230,3,REG,18:38,DAL,ev,none,tip-in,1551,8478449,R. Hintz,8481581,T. Harley,8474149,E. Dadonov,4,1
2024-11-09,2024020225,1,REG,04:57,PHI,ev,none,snap,1551,8480797,J. Farabee,8476872,S. Laughton,8481553,B. Brink,0,1
2024-11-09,2024020225,2,REG,05:32,FLA,ev,none,slap,1551,8477220,N. Schmidt,8478542,E. Rodrigues,8477493,A. Barkov,1,1
2024-11-09,2024020225,2,REG,08:40,FLA,ev,none,snap,1551,8475179,D. Kulikov,8478542,E. Rodrigues,8477933,S. Reinhart,2,1
2024-11-09,2024020225,2,REG,13:00,PHI,ev,none,wrist,0651,8478409,A. Richard,8478439,T. Konecny,8477499,R. Ristolainen,2,2
2024-11-09,2024020225,2,REG,14:56,FLA,ev,none,slap,1551,8477935,S. Bennett,8477409,C. Verhaeghe,8478859,N. Mikkola,3,2
2024-11-09,2024020225,3,REG,09:47,PHI,ev,none,backhand,1551,8477903,G. Hathaway,8476872,S. Laughton,8476372,N. Seeler,3,3
2024-11-09,2024020225,5,SO,00:00,FLA,ev,none,backhand,1010,8478542,E. Rodrigues,,,,,4,3
2024-11-09,2024020226,1,REG,19:52,OTT,pp,none,wrist,1541,8480064,J. Norris,8480801,B. Tkachuk,8480208,D. Batherson,0,1
2024-11-09,2024020226,2,REG,04:51,BOS,ev,none,tip-in,1551,8478401,P. Zacha,8477956,D. Pastrnak,8477507,N. Zadorov,1,1
2024-11-09,2024020226,2,REG,05:06,BOS,ev,none,wrist,1551,8473419,B. Marchand,8479638,J. Brazeau,8476854,H. Lindholm,2,1
2024-11-09,2024020226,2,REG,17:16,OTT,ev,none,wrist,1551,8478020,M. Amadio,8479393,N. Gregor,8478469,T. Chabot,2,2
2024-11-09,2024020226,4,OT,00:21,OTT,ev,none,wrist,1331,8480801,B. Tkachuk,,,,,2,3
2024-11-09,2024020227,1,REG,14:55,TOR,ev,none,wrist,1551,8479982,C. Timmins,8481122,S. Benoit,8471817,R. Reaves,1,0
2024-11-09,2024020227,2,REG,05:39,TOR,pp,none,wrist,1451,8477939,W. Nylander,8482720,M. Knies,8476853,M. Rielly,2,0
2024-11-09,2024020227,2,REG,08:24,TOR,sh,none,wrist,1541,8478483,M. Marner,8480144,D. Kampf,,,3,0
2024-11-09,2024020227,2,REG,09:26,MTL,pp,none,bat,1541,8475848,B. Gallagher,8482476,E. Heineman,8483457,L. Hutson,3,1
2024-11-09,2024020227,2,REG,12:15,TOR,pp,none,wrist,1451,8475166,J. Tavares,8478483,M. Marner,8477939,W. Nylander,4,1
2024-11-09,2024020228,1,REG,13:13,NYR,pp,none,tip-in,1541,8475184,C. Kreider,8479323,A. Fox,8478550,A. Panarin,0,1
2024-11-09,2024020228,2,REG,16:52,NYR,ev,none,snap,1551,8476918,J. Vesey,8475842,S. Carrick,8481708,Z. Jones,0,2
2024-11-09,2024020228,2,REG,17:40,NYR,ev,none,wrist,1551,8478550,A. Panarin,8476459,M. Zibanejad,8482109,A. Lafrenière,0,3
2024-11-09,2024020228,3,REG,16:17,NYR,ev,empty-net,snap,1560,8475191,R. Smith,8479323,A. Fox,,,0,4
2024-11-09,2024020229,1,REG,00:59,WSH,ev,none,wrist,1551,8481580,C. McMichael,8479345,J. Chychrun,,,0,1
2024-11-09,2024020229,1,REG,07:07,STL,ev,none,wrist,1551,8481059,S. Perunovich,8482516,M. Kessel,8479385,J. Kyrou,1,1
2024-11-09,2024020229,2,REG,07:42,WSH,ev,none,snap,1551,8471214,A. Ovechkin,8481656,A. Protas,8478440,D. Strome,1,2
2024-11-09,2024020229,2,REG,10:53,WSH,ev,none,wrist,1551,8479345,J. Chychrun,8479400,P. Dubois,8476880,T. Wilson,1,3
2024-11-09,2024020229,3,REG,02:09,WSH,pp,none,wrist,1541,8471214,A. Ovechkin,8478440,D. Strome,8476880,T. Wilson,1,4
2024-11-09,2024020229,3,REG,03:51,WSH,ev,none,wrist,1551,8480873,R. Sandin,8475958,M. Sgarbossa,8478233,A. Mangiapane,1,5
2024-11-09,2024020229,3,REG,10:20,WSH,pp,none,wrist,1541,8481580,C. McMichael,8478440,D. Strome,8474590,J. Carlson,1,6
2024-11-09,2024020229,3,REG,15:27,WSH,ev,none,tip-in,1551,8475958,M. Sgarbossa,8478233,A. Mangiapane,8480796,M. Fehérváry,1,7
2024-11-09,2024020229,3,REG,16:45,WSH,ev,none,deflected,1551,8479520,B. Duhaime,8474590,J. Carlson,8479390,T. Raddysh,1,8
2024-11-09,2024020231,1,REG,13:09,NYI,ev,none,wrist,1551,8481601,S. Holmstrom,8481237,K. MacLean,,,1,0
2024-11-09,2024020231,2,REG,05:57,NJD,pp,none,wrist,1541,8481559,J. Hughes,8476462,D. Hamilton,8479407,J. Bratt,1,1
2024-11-09,2024020231,3,REG,10:30,NYI,ev,none,wrist,1551,8479395,D. Cholowski,8481601,S. Holmstrom,8478115,P. Engvall,2,1
2024-11-09,2024020231,3,REG,12:26,NYI,ev,none,wrist,1551,8475754,B. Nelson,8475151,K. Palmieri,8484958,M. Tsyplakov,3,1
2024-11-09,2024020231,3,REG,15:33,NJD,ev,none,wrist,1551,8482110,D. Mercer,8481032,P. Cotter,8478399,J. Siegenthaler,3,2
2024-11-09,2024020231,3,REG,19:10,NJD,ev,none,wrist,0651,8476474,S. Noesen,8481559,J. Hughes,8476462,D. Hamilton,3,3
2024-11-09,2024020231,4,OT,02:35,NJD,ev,none,wrist,1331,8481559,J. Hughes,8476462,D. Hamilton,,,3,4
2024-11-09,2024020232,1,REG,02:37,NSH,pp,none,snap,1451,8476887,F. Forsberg,8474600,R. Josi,8481704,J. Parssinen,1,0
2024-11-09,2024020232,1,REG,11:58,NSH,pp,none,tip-in,1451,8476539,J. Marchessault,8474600,R. Josi,8474564,S. Stamkos,2,0
2024-11-09,2024020232,2,REG,11:05,NSH,ev,none,snap,1551,8476887,F. Forsberg,,,,,3,0
2024-11-09,2024020232,3,REG,18:15,NSH,ev,empty-net,tip-in,0651,8474679,G. Nyquist,8476539,J. Marchessault,,,4,0
2024-11-09,2024020233,1,REG,09:02,CAR,ev,none,snap,1551,8480835,J. Drury,8476921,J. Martinook,8473533,J. Staal,0,1
2024-11-09,2024020233,2,REG,04:37,CAR,ev,none,wrist,1551,8476921,J. Martinook,8482093,S. Jarvis,8480336,S. Walker,0,2
2024-11-09,2024020233,2,REG,09:13,COL,sh,none,slap,1541,8480069,C. Makar,,,,,1,2
2024-11-09,2024020233,2,REG,10:57,COL,ev,none,backhand,1551,8484258,S. Malinski,8477492,N. MacKinnon,8479398,S. Girard,2,2
2024-11-09,2024020233,2,REG,12:26,CAR,pp,none,snap,1541,8480039,M. Necas,8482093,S. Jarvis,8480830,A. Svechnikov,2,3
2024-11-09,2024020233,2,REG,15:49,COL,ev,none,wrist,1551,8477492,N. MacKinnon,8477476,A. Lehkonen,8481206,J. Ludvig,3,3
2024-11-09,2024020233,2,REG,16:42,COL,ev,none,tip-in,1551,8477476,A. Lehkonen,8478420,M. Rantanen,8478038,D. Toews,4,3
2024-11-09,2024020233,2,REG,18:49,COL,pp,none,wrist,1451,8478420,M. Rantanen,8479999,C. Mittelstadt,8477492,N. MacKinnon,5,3
2024-11-09,2024020233,3,REG,02:50,CAR,ev,none,wrist,1551,8476921,J. Martinook,8480039,M. Necas,8478427,S. Aho,5,4
2024-11-09,2024020233,3,REG,19:10,COL,ev,empty-net,wrist,0651,8478420,M. Rantanen,8477492,N. MacKinnon,,,6,4
2024-11-09,2024020234,1,REG,13:26,CBJ,ev,none,tip-in,1551,8481716,D. Voronkov,8479941,J. Danforth,,,0,1
2024-11-09,2024020234,2,REG,04:16,LAK,ev,none,snap,1551,8478882,V. Gavrikov,8477960,A. Kempe,8471685,A. Kopitar,1,1
2024-11-09,2024020234,2,REG,06:12,LAK,ev,none,wrist,1551,8477998,W. Foegele,8480851,A. Thomas,8482726,S. Helenius,2,1
2024-11-09,2024020234,3,REG,00:30,LAK,sh,none,snap,1541,8479675,T. Moore,8476479,P. Danault,,,3,1
2024-11-09,2024020234,3,REG,00:49,CBJ,pp,none,wrist,1541,8478500,I. Provorov,8479941,J. Danforth,8484166,A. Fantilli,3,2
2024-11-09,2024020234,3,REG,07:05,LAK,ev,none,tip-in,1551,8482155,A. Laferriere,8476441,J. Edmundson,8477998,W. Foegele,4,2
2024-11-09,2024020234,3,REG,19:29,LAK,pp,empty-net,wrist,0551,8482730,B. Clarke,8471685,A. Kopitar,8477960,A. Kempe,5,2
2024-11-09,2024020235,1,REG,02:48,EDM,ev,none,wrist,1551,8477934,L. Draisaitl,8475786,Z. Hyman,8478402,C. McDavid,0,1
2024-11-09,2024020235,2,REG,03:30,EDM,ev,none,wrist,1551,8470621,C. Perry,8477406,M. Janmark,8478585,D. Ryan,0,2
2024-11-09,2024020235,2,REG,04:43,EDM,ev,none,wrist,1551,8478042,V. Arvidsson,8477934,L. Draisaitl,8476967,B. Kulak,0,3
2024-11-09,2024020235,2,REG,05:01,VAN,ev,none,tip-in,1551,8480012,E. Pettersson,8478498,J. DeBrusk,,,1,3
2024-11-09,2024020235,2,REG,07:00,VAN,ev,none,snap,1551,8479425,F. Hronek,8476927,T. Blueger,8478046,D. Heinen,2,3
2024-11-09,2024020235,3,REG,06:10,EDM,ev,none,wrist,1551,8477015,C. Brown,8474641,A. Henrique,8477406,M. Janmark,2,4
2024-11-09,2024020235,3,REG,07:16,EDM,pp,none,wrist,1541,8478402,C. McDavid,8475786,Z. Hyman,8476454,R. Nugent-Hopkins,2,5
2024-11-09,2024020235,3,REG,08:08,EDM,ev,none,wrist,1551,8476967,B. Kulak,8478402,C. McDavid,8480834,T. Emberson,2,6
2024-11-09,2024020235,3,REG,11:05,EDM,ev,none,wrist,1551,8477015,C. Brown,8477406,M. Janmark,,,2,7
2024-11-09,2024020235,3,REG,19:06,VAN,pp,none,wrist,1451,8480459,P. Suter,8480012,E. Pettersson,8480800,Q. Hughes,3,7
2024-11-10,2024020236,1,REG,16:21,SJS,ev,none,backhand,1551,8481477,N. Sturm,8479336,C. Grundstrom,8481567,H. Thrun,0,1
2024-11-10,2024020237,1,REG,16:44,CHI,ev,none,wrist,1551,8477450,J. Dickinson,,,,,1,0
2024-11-10,2024020237,3,REG,15:29,MIN,ev,none,wrist,1551,8481557,M. Boldy,8478864,K. Kaprizov,8475692,M. Zuccarello,1,1
2024-11-10,2024020237,4,OT,01:50,CHI,ev,none,wrist,1331,8480798,P. Kurashev,8477495,S. Jones,,,2,1
2024-11-10,2024020238,1,REG,03:13,ANA,ev,none,tip-in,1551,8481517,B. Leason,8483445,C. Gauthier,8477527,R. Johnston,1,0
2024-11-10,2024020238,1,REG,16:16,CBJ,pp,none,slap,1541,8482475,E. Chinakhov,8478460,Z. Werenski,8480893,K. Marchenko,1,1
2024-11-10,2024020238,2,REG,04:22,ANA,ev,none,wrist,1551,8481605,J. LaCombe,8475462,R. Gudas,8478873,T. Terry,2,1
2024-11-10,2024020238,3,REG,10:20,ANA,ev,none,wrist,1551,8484153,L. Carlsson,8475208,B. Dumoulin,8476458,R. Strome,3,1
2024-11-10,2024020238,3,REG,16:57,CBJ,ev,none,snap,1551,8480893,K. Marchenko,,,,,3,2
2024-11-10,2024020238,3,REG,18:20,ANA,ev,empty-net,wrist,0651,8480806,I. Lundestrom,8478366,F. Vatrano,8476934,B. McGinn,4,2
2024-11-11,2024020239,1,REG,04:14,MTL,ev,none,snap,1551,8476981,J. Anderson,8477989,C. Dvorak,8475848,B. Gallagher,0,1
2024-11-11,2024020239,1,REG,04:42,BUF,ev,none,wrist,1551,8479420,T. Thompson,8477949,A. Tuch,8480045,U. Luukkonen,1,1
2024-11-11,2024020239,2,REG,05:26,MTL,pp,none,tip-in,1541,8481540,C. Caufield,8483457,L. Hutson,8480018,N. Suzuki,1,2
2024-11-11,2024020239,2,REG,05:45,BUF,ev,none,tip-in,1551,8481528,D. Cozens,8480839,R. Dahlin,8477949,A. Tuch,2,2
2024-11-11,2024020239,2,REG,06:44,BUF,ev,none,snap,1551,8481522,P. Krebs,8481524,B. Byram,8482671,O. Power,3,2
2024-11-11,2024020239,2,REG,19:13,MTL,ev,none,wrist,1551,8480018,N. Suzuki,8483515,J. Slafkovský,8481523,K. Dach,3,3
2024-11-11,2024020239,2,REG,19:35,MTL,ev,none,wrist,1551,8480018,N. Suzuki,8483515,J. Slafkovský,8481523,K. Dach,3,4
2024-11-11,2024020239,3,REG,01:58,BUF,pp,none,slap,1451,8480839,R. Dahlin,8481528,D. Cozens,,,4,4
2024-11-11,2024020239,3,REG,03:51,BUF,ev,none,backhand,1551,8482175,J. Peterka,8482671,O. Power,,,5,4
2024-11-11,2024020239,3,REG,10:50,MTL,ev,none,wrist,1551,8482476,E. Heineman,8483457,L. Hutson,,,5,5
2024-11-11,2024020239,3,REG,12:58,MTL,pp,none,wrist,1541,8481540,C. Caufield,8483515,J. Slafkovský,8476875,M. Matheson,5,6
2024-11-11,2024020239,3,REG,19:11,MTL,ev,empty-net,wrist,1560,8477989,C. Dvorak,8476981,J. Anderson,8480018,N. Suzuki,5,7
2024-11-11,2024020240,1,REG,01:40,PHI,ev,none,wrist,1551,8473446,E. Johnson,8478409,A. Richard,,,1,0
2024-11-11,2024020240,1,REG,15:56,PHI,pp,none,snap,1451,8478439,T. Konecny,8484387,M. Michkov,8482126,E. Andrae,2,0
2024-11-11,2024020240,2,REG,05:09,PHI,ev,none,wrist,1551,8484387,M. Michkov,8480068,R. Poehling,8481178,E. Zamula,3,0
2024-11-11,2024020240,2,REG,15:29,SJS,ev,none,deflected,1551,8482144,J. Thompson,8482667,W. Eklund,8475798,M. Granlund,3,1
2024-11-11,2024020240,2,REG,18:33,SJS,ev,none,wrist,1551,8475798,M. Granlund,8482667,W. Eklund,8480188,F. Zetterlund,3,2
2024-11-11,2024020240,3,REG,17:36,SJS,ev,none,snap,1551,8476624,B. Goodrow,8481567,H. Thrun,8476879,C. Ceci,3,3
2024-11-11,2024020240,5,SO,00:00,PHI,ev,none,wrist,1010,8484387,M. Michkov,,,,,4,3
2024-11-11,2024020241,1,REG,02:33,DAL,ev,none,wrist,1551,8475168,M. Duchene,8478975,M. Marchment,8474090,B. Smith,0,1
2024-11-11,2024020241,1,REG,07:13,DAL,ev,none,snap,1551,8482702,L. Stankoven,8473994,J. Benn,8476902,E. Lindell,0,2
2024-11-11,2024020241,1,REG,10:16,DAL,ev,none,snap,1551,8478975,M. Marchment,8474090,B. Smith,,,0,3
2024-11-11,2024020241,1,REG,13:09,DAL,ev,none,snap,1551,8480036,M. Heiskanen,8478975,M. Marchment,8476902,E. Lindell,0,4
2024-11-11,2024020241,1,REG,14:37,DAL,ev,none,wrist,1551,8480036,M. Heiskanen,,,,,0,5
2024-11-11,2024020241,1,REG,18:39,DAL,pp,none,tip-in,1541,8475794,T. Seguin,8478975,M. Marchment,8475168,M. Duchene,0,6
2024-11-11,2024020241,2,REG,15:03,PIT,ev,none,wrist,1551,8478463,A. Beauvillier,8481703,V. Puustinen,8481030,J. St. Ivany,1,6
2024-11-11,2024020241,3,REG,15:10,DAL,pp,none,wrist,1541,8482740,W. Johnston,8475168,M. Duchene,8478975,M. Marchment,1,7
2024-11-11,2024020242,2,REG,10:42,CGY,ev,none,wrist,1551,8474150,M. Backlund,,,,,1,0
2024-11-11,2024020242,2,REG,11:18,CGY,ev,none,wrist,1551,8476456,J. Huberdeau,8483808,A. Kuzmenko,8481692,D. Wolf,2,0
2024-11-11,2024020242,3,REG,17:29,LAK,ev,none,wrist,0651,8479675,T. Moore,8471685,A. Kopitar,8482124,Q. Byfield,2,1
2024-11-11,2024020242,3,REG,19:40,CGY,ev,empty-net,wrist,0651,8479291,K. Rooney,8474150,M. Backlund,8482679,M. Coronato,3,1
2024-11-11,2024020243,1,REG,01:45,NSH,ev,none,wrist,0651,8482146,L. Evangelista,8481704,J. Parssinen,8481743,M. Del Gaizo,0,1
2024-11-11,2024020243,2,REG,04:32,COL,ev,none,slap,1551,8478038,D. Toews,8479398,S. Girard,8476391,T. Tynan,1,1
2024-11-11,2024020243,2,REG,11:37,COL,ev,none,slap,1551,8478420,M. Rantanen,8481641,J. Kiviranta,8477492,N. MacKinnon,2,1
2024-11-11,2024020243,3,REG,00:59,NSH,ev,none,wrist,1551,8476925,C. Sissons,8474600,R. Josi,,,2,2
2024-11-11,2024020243,4,OT,02:47,COL,ev,none,wrist,1331,8479398,S. Girard,,,,,3,2
2024-11-11,2024020244,1,REG,04:24,CAR,ev,none,tip-in,1551,8480762,E. Robinson,8480336,S. Walker,8480829,J. Kotkaniemi,0,1
2024-11-11,2024020244,1,REG,12:46,CAR,ev,none,wrist,1551,8480829,J. Kotkaniemi,8480039,M. Necas,8480762,E. Robinson,0,2
2024-11-11,2024020244,2,REG,03:38,CAR,sh,none,slap,1451,8473533,J. Staal,,,,,0,3
2024-11-11,2024020244,2,REG,06:13,CAR,ev,none,deflected,1551,8479370,T. Jost,8476958,J. Slavin,8480835,J. Drury,0,4
2024-11-11,2024020244,3,REG,06:11,VGK,ev,none,wrist,1551,8478403,J. Eichel,,,,,1,4
2024-11-11,2024020244,3,REG,14:28,CAR,ev,empty-net,wrist,1560,8476921,J. Martinook,8473533,J. Staal,8476958,J. Slavin,1,5
2024-11-11,2024020244,3,REG,19:47,VGK,pp,none,wrist,1451,8477964,I. Barbashev,8482125,A. Holtz,8478403,J. Eichel,2,5
2024-11-12,2024020245,1,REG,00:41,OTT,ev,none,wrist,1551,8480064,J. Norris,8473512,C. Giroux,8482245,A. Zub,0,1
2024-11-12,2024020245,2,REG,03:12,OTT,ev,none,wrist,1551,8482116,T. Stützle,8480208,D. Batherson,8478469,T. Chabot,0,2
2024-11-12,2024020245,2,REG,03:55,OTT,ev,none,wrist,1551,8478020,M. Amadio,8482245,A. Zub,,,0,3
2024-11-12,2024020247,1,REG,00:57,WPG,ev,none,wrist,1551,8476460,M. Scheifele,8477504,J. Morrissey,,,0,1
2024-11-12,2024020247,1,REG,13:07,NYR,ev,none,wrist,1551,8482157,W. Cuylle,8482073,B. Schneider,8480078,F. Chytil,1,1
2024-11-12,2024020247,2,REG,08:58,WPG,pp,none,snap,1541,8480014,G. Vilardi,8477940,N. Ehlers,8480145,N. Pionk,1,2
2024-11-12,2024020247,2,REG,12:51,NYR,pp,none,snap,1451,8482109,A. Lafrenière,8479323,A. Fox,8478550,A. Panarin,2,2
2024-11-12,2024020247,2,REG,16:03,WPG,ev,none,snap,1551,8478398,K. Connor,8480145,N. Pionk,,,2,3
2024-11-12,2024020247,3,REG,01:08,WPG,ev,none,tip-in,1551,8476460,M. Scheifele,8476331,D. DeMelo,8478398,K. Connor,2,4
2024-11-12,2024020247,3,REG,01:40,NYR,ev,none,backhand,1551,8481554,K. Kakko,8482157,W. Cuylle,8482073,B. Schneider,3,4
2024-11-12,2024020247,3,REG,13:08,WPG,ev,none,wrist,1551,8476480,V. Namestnikov,8477940,N. Ehlers,,,3,5
2024-11-12,2024020247,3,REG,19:40,WPG,ev,empty-net,wrist,1560,8478398,K. Connor,8480049,D. Samberg,8480145,N. Pionk,3,6
2024-11-12,2024020246,1,REG,08:30,NJD,ev,none,snap,1551,8481559,J. Hughes,8479407,J. Bratt,8476462,D. Hamilton,0,1
2024-11-12,2024020246,2,REG,08:41,FLA,pp,none,tip-in,1451,8477933,S. Reinhart,8484304,U. Balinskis,8477493,A. Barkov,1,1
2024-11-12,2024020246,2,REG,17:29,NJD,ev,none,snap,1551,8478414,T. Meier,8482110,D. Mercer,8478399,J. Siegenthaler,1,2
2024-11-12,2024020246,3,REG,15:07,NJD,ev,none,wrist,1551,8481032,P. Cotter,8480002,N. Hischier,8476462,D. Hamilton,1,3
2024-11-12,2024020246,3,REG,18:58,NJD,ev,empty-net,wrist,1560,8476292,O. Palat,8479407,J. Bratt,,,1,4
2024-11-12,2024020248,2,REG,09:24,STL,pp,none,wrist,1451,8475170,B. Schenn,8479385,J. Kyrou,8477402,P. Buchnevich,1,0
2024-11-12,2024020248,2,REG,12:12,STL,pp,none,wrist,1451,8476897,O. Sundqvist,8482077,D. Holloway,8476438,B. Saad,2,0
2024-11-12,2024020248,3,REG,04:53,BOS,ev,none,wrist,1551,8479987,M. Geekie,8477956,D. Pastrnak,,,2,1
2024-11-12,2024020248,3,REG,09:15,BOS,ev,none,slap,1551,8479325,C. McAvoy,8473419,B. Marchand,8479638,J. Brazeau,2,2
2024-11-12,2024020248,3,REG,18:13,BOS,ev,none,slap,1551,8477956,D. Pastrnak,8479325,C. McAvoy,8478401,P. Zacha,2,3
2024-11-12,2024020249,2,REG,00:36,EDM,pp,none,slap,1451,8477934,L. Draisaitl,8478402,C. McDavid,8480803,E. Bouchard,1,0
2024-11-12,2024020249,2,REG,15:58,NYI,ev,none,snap,1551,8475151,K. Palmieri,8484958,M. Tsyplakov,8475754,B. Nelson,1,1
2024-11-12,2024020249,3,REG,00:57,EDM,ev,none,slap,1551,8480803,E. Bouchard,8475218,M. Ekholm,8478402,C. McDavid,2,1
2024-11-12,2024020249,3,REG,10:19,EDM,ev,none,backhand,1551,8478402,C. McDavid,8476454,R. Nugent-Hopkins,,,3,1
2024-11-12,2024020249,3,REG,12:54,NYI,ev,none,snap,1551,8475314,A. Lee,8477506,R. Pulock,8476419,J. Pageau,3,2
2024-11-12,2024020249,3,REG,17:20,NYI,ev,none,snap,0651,8475314,A. Lee,8476419,J. Pageau,8475151,K. Palmieri,3,3
2024-11-12,2024020249,4,OT,01:52,EDM,ev,none,snap,1331,8477934,L. Draisaitl,8478402,C. McDavid,8480803,E. Bouchard,4,3
2024-11-12,2024020250,1,REG,19:00,CGY,ev,none,wrist,1551,8477993,J. Kirkland,,,,,0,1
2024-11-12,2024020250,2,REG,00:23,VAN,pp,none,tip-in,1451,8480012,E. Pettersson,8476468,J. Miller,8480800,Q. Hughes,1,1
2024-11-12,2024020250,2,REG,02:38,VAN,ev,none,wrist,1551,8480459,P. Suter,8476468,J. Miller,8480073,E. Brannstrom,2,1
2024-11-12,2024020250,3,REG,06:19,VAN,ev,none,snap,1551,8480073,E. Brannstrom,8480012,E. Pettersson,8478498,J. DeBrusk,3,1
2024-11-12,2024020251,1,REG,13:46,CBJ,ev,none,wrist,1551,8476374,S. Kuraly,8479944,Z. Aston-Reese,8478099,K. Labanc,0,1
2024-11-12,2024020251,1,REG,14:08,CBJ,ev,none,tip-in,1551,8479944,Z. Aston-Reese,8476374,S. Kuraly,8478099,K. Labanc,0,2
2024-11-12,2024020251,2,REG,02:50,SEA,ev,none,backhand,1551,8481789,T. Kartye,8477444,A. Burakovsky,8476826,Y. Gourde,1,2
2024-11-12,2024020251,2,REG,07:13,SEA,ev,none,wrist,1551,8479293,B. Tanev,,,,,2,2
2024-11-12,2024020251,2,REG,07:23,SEA,pp,none,tip-in,1451,8480009,E. Tolvanen,8474586,J. Eberle,8477955,J. McCann,3,2
2024-11-12,2024020251,2,REG,13:34,SEA,ev,none,wrist,1551,8478840,W. Borgen,8477416,O. Bjorkstrand,8475768,J. Schwartz,4,2
2024-11-12,2024020251,3,REG,18:42,SEA,ev,empty-net,wrist,0651,8477955,J. McCann,8474586,J. Eberle,8482858,R. Evans,5,2
2024-11-13,2024020252,2,REG,01:00,DET,ev,none,wrist,1551,8481013,J. Berggren,8475765,V. Tarasenko,8473507,J. Petry,0,1
2024-11-13,2024020252,2,REG,05:15,DET,pp,none,snap,1541,8474141,P. Kane,8477946,D. Larkin,8482078,L. Raymond,0,2
2024-11-13,2024020252,2,REG,07:19,PIT,ev,none,wrist,1551,8475810,B. Rust,8478047,M. Bunting,,,1,2
2024-11-13,2024020252,2,REG,12:23,PIT,ev,none,wrist,1551,8478463,A. Beauvillier,8477969,M. Pettersson,8471675,S. Crosby,2,2
2024-11-13,2024020252,4,OT,01:30,DET,ev,none,wrist,1331,8482762,S. Edvinsson,8479337,A. DeBrincat,8474141,P. Kane,2,3
2024-11-13,2024020253,1,REG,11:12,WSH,ev,none,backhand,1551,8479390,T. Raddysh,8481580,C. McMichael,8479400,P. Dubois,1,0
2024-11-13,2024020253,1,REG,12:11,TOR,ev,none,snap,1551,8482259,B. McMann,8475166,J. Tavares,8480995,P. Holmberg,1,1
2024-11-13,2024020253,1,REG,18:33,WSH,ev,none,snap,1551,8478440,D. Strome,8481656,A. Protas,8478911,M. Roy,2,1
2024-11-13,2024020253,2,REG,17:48,WSH,ev,none,snap,1551,8481656,A. Protas,8480873,R. Sandin,8471214,A. Ovechkin,3,1
2024-11-13,2024020253,3,REG,15:51,TOR,ev,none,snap,1551,8477939,W. Nylander,8482720,M. Knies,,,3,2
2024-11-13,2024020253,3,REG,19:12,TOR,pp,none,slap,0641,8478483,M. Marner,8476853,M. Rielly,8477939,W. Nylander,3,3
2024-11-13,2024020253,4,OT,04:13,TOR,ev,none,snap,1331,8475166,J. Tavares,8478483,M. Marner,,,3,4
2024-11-13,2024020254,1,REG,17:55,UTA,ev,none,snap,1551,8475760,N. Bjugstad,,,,,1,0
2024-11-13,2024020254,2,REG,10:04,CAR,pp,none,slap,1541,8480039,M. Necas,8476906,S. Gostisbehere,8478427,S. Aho,1,1
2024-11-13,2024020254,3,REG,05:09,UTA,ev,none,snap,1551,8480855,J. McBain,8480891,M. Kesselring,,,2,1
2024-11-13,2024020254,3,REG,07:11,UTA,ev,none,snap,1551,8479410,M. Sergachev,8482699,D. Guenther,8481711,M. Maccelli,3,1
2024-11-13,2024020254,3,REG,07:28,UTA,ev,none,snap,1551,8475760,N. Bjugstad,8480891,M. Kesselring,8479343,C. Keller,4,1
2024-11-13,2024020255,1,REG,00:32,LAK,ev,none,wrist,1551,8477960,A. Kempe,8479675,T. Moore,8471685,A. Kopitar,0,1
2024-11-13,2024020255,1,REG,03:40,COL,ev,none,snap,1551,8477476,A. Lehkonen,8478420,M. Rantanen,8477492,N. MacKinnon,1,1
2024-11-13,2024020255,1,REG,15:51,LAK,ev,none,snap,1551,8477960,A. Kempe,8471685,A. Kopitar,8479675,T. Moore,1,2
2024-11-13,2024020255,2,REG,16:07,COL,ev,none,snap,1551,8478420,M. Rantanen,8480069,C. Makar,,,2,2
2024-11-13,2024020255,3,REG,10:01,COL,ev,none,wrist,1551,8478420,M. Rantanen,8477492,N. MacKinnon,8481186,L. O'Connor,3,2
2024-11-13,2024020255,3,REG,18:01,COL,ev,empty-net,wrist,0651,8478420,M. Rantanen,8477492,N. MacKinnon,8477476,A. Lehkonen,4,2
2024-11-13,2024020256,1,REG,17:39,ANA,ev,none,snap,1551,8476934,B. McGinn,8483490,P. Mintyukov,8481517,B. Leason,1,0
2024-11-13,2024020256,1,REG,19:11,VGK,ev,none,snap,1551,8478462,N. Roy,8477447,S. Theodore,8481655,C. Schwindt,1,1
2024-11-13,2024020256,2,REG,06:43,VGK,pp,none,wrist,1541,8476881,T. Hertl,8478403,J. Eichel,8477447,S. Theodore,1,2
2024-11-13,2024020256,3,REG,04:29,VGK,ev,none,tip-in,1551,8481604,P. Dorofeyev,,,,,1,3
2024-11-13,2024020256,3,REG,19:46,ANA,ev,none,wrist,1551,8478366,F. Vatrano,8481517,B. Leason,8473986,A. Killorn,2,3
2024-11-14,2024020258,1,REG,02:31,PHI,ev,none,slap,1551,8477948,T. Sanheim,8482126,E. Andrae,8477903,G. Hathaway,0,1
2024-11-14,2024020258,1,REG,06:02,OTT,ev,none,wrist,1551,8480801,B. Tkachuk,8480064,J. Norris,8474612,T. Hamonic,1,1
2024-11-14,2024020258,2,REG,08:41,OTT,pp,none,snap,1451,8480208,D. Batherson,8482116,T. Stützle,8482105,J. Sanderson,2,1
2024-11-14,2024020258,2,REG,18:48,PHI,ev,none,snap,1551,8478439,T. Konecny,8480220,N. Cates,8476372,N. Seeler,2,2
2024-11-14,2024020258,3,REG,04:27,OTT,ev,none,wrist,1551,8480064,J. Norris,8478469,T. Chabot,8482092,R. Greig,3,2
2024-11-14,2024020258,3,REG,10:05,OTT,pp,none,backhand,1451,8478874,A. Gaudette,8478469,T. Chabot,8482092,R. Greig,4,2
2024-11-14,2024020258,3,REG,10:42,PHI,ev,none,snap,1551,8478409,A. Richard,8481553,B. Brink,8481178,E. Zamula,4,3
2024-11-14,2024020258,3,REG,12:45,PHI,ev,none,deflected,1551,8481553,B. Brink,8478409,A. Richard,8477948,T. Sanheim,4,4
2024-11-14,2024020258,4,OT,04:05,PHI,ev,none,wrist,1331,8484387,M. Michkov,8478439,T. Konecny,8477948,T. Sanheim,4,5
2024-11-14,2024020259,1,REG,07:24,TBL,ev,none,wrist,1551,8477404,J. Guentzel,8477426,N. Paul,8474151,R. McDonagh,1,0
2024-11-14,2024020259,2,REG,03:10,TBL,ev,none,wrist,1551,8479542,B. Hagel,8478178,D. Raddysh,8482929,E. Lilleberg,2,0
2024-11-14,2024020259,2,REG,04:07,TBL,pp,none,tip-in,1451,8478519,A. Cirelli,8475167,V. Hedman,8476453,N. Kucherov,3,0
2024-11-14,2024020259,2,REG,06:54,WPG,ev,none,tip-in,1551,8476392,A. Lowry,8476525,C. Miller,8477938,H. Fleury,3,1
2024-11-14,2024020259,3,REG,19:39,TBL,ev,empty-net,wrist,0651,8477404,J. Guentzel,8478416,E. Cernak,,,4,1
2024-11-14,2024020260,1,REG,10:01,NJD,ev,none,backhand,1551,8476474,S. Noesen,8482684,L. Hughes,8480002,N. Hischier,0,1
2024-11-14,2024020260,1,REG,12:13,FLA,ev,none,wrist,1551,8480003,J. Boqvist,8479314,M. Tkachuk,8477935,S. Bennett,1,1
2024-11-14,2024020260,1,REG,19:58,NJD,pp,none,snap,1541,8479407,J. Bratt,8476462,D. Hamilton,8481559,J. Hughes,1,2
2024-11-14,2024020260,2,REG,04:45,FLA,ev,none,snap,1551,8477933,S. Reinhart,8477493,A. Barkov,,,2,2
2024-11-14,2024020260,2,REG,05:56,NJD,pp,none,deflected,1541,8482110,D. Mercer,8481559,J. Hughes,8480002,N. Hischier,2,3
2024-11-14,2024020260,2,REG,19:49,NJD,pp,none,snap,1541,8476474,S. Noesen,8480002,N. Hischier,8481559,J. Hughes,2,4
2024-11-14,2024020260,3,REG,03:50,NJD,ev,none,wrist,1551,8479407,J. Bratt,,,,,2,5
2024-11-14,2024020260,3,REG,14:48,NJD,sh,empty-net,wrist,1460,8479407,J. Bratt,,,,,2,6
2024-11-14,2024020261,1,REG,02:51,SJS,ev,none,snap,1551,8480043,T. Liljegren,8479316,L. Kunin,8481477,N. Sturm,0,1
2024-11-14,2024020261,2,REG,11:41,NYR,ev,none,wrist,1551,8476459,M. Zibanejad,8479323,A. Fox,8475191,R. Smith,1,1
2024-11-14,2024020261,2,REG,13:15,NYR,ev,none,backhand,1551,8476918,J. Vesey,8475842,S. Carrick,,,2,1
2024-11-14,2024020261,2,REG,16:21,NYR,ev,none,tip-in,1551,8476389,V. Trocheck,8478550,A. Panarin,8482109,A. Lafrenière,3,1
2024-11-14,2024020261,3,REG,19:33,SJS,pp,none,wrist,0641,8480188,F. Zetterlund,8482667,W. Eklund,8475726,T. Toffoli,3,2
2024-11-14,2024020257,1,REG,03:11,STL,ev,none,slap,1551,8476438,B. Saad,8475170,B. Schenn,8476892,C. Parayko,0,1
2024-11-14,2024020257,1,REG,12:47,BUF,ev,none,wrist,1551,8484145,Z. Benson,8481522,P. Krebs,8482671,O. Power,1,1
2024-11-14,2024020257,1,REG,16:49,BUF,ev,none,wrist,1551,8480802,R. McLeod,8480196,J. Bryson,8477949,A. Tuch,2,1
2024-11-14,2024020257,2,REG,05:25,STL,ev,none,wrist,1551,8477402,P. Buchnevich,8479385,J. Kyrou,8482089,J. Neighbours,2,2
2024-11-14,2024020257,2,REG,17:15,STL,ev,none,wrist,1551,8476438,B. Saad,8475170,B. Schenn,8482077,D. Holloway,2,3
2024-11-14,2024020257,3,REG,12:57,BUF,ev,none,wrist,1551,8477949,A. Tuch,8480802,R. McLeod,8481524,B. Byram,3,3
2024-11-14,2024020257,4,OT,01:33,BUF,pp,none,slap,1341,8480839,R. Dahlin,8482175,J. Peterka,8482097,J. Quinn,4,3
2024-11-14,2024020262,1,REG,01:09,DAL,ev,none,snap,1551,8475168,M. Duchene,8478975,M. Marchment,8475794,T. Seguin,1,0
2024-11-14,2024020262,1,REG,06:36,DAL,ev,penalty-shot,wrist,1010,8474149,E. Dadonov,,,,,2,0
2024-11-14,2024020262,1,REG,17:48,BOS,ev,none,tip-in,1551,8475745,C. Coyle,8479365,T. Frederic,8482511,M. Lohrei,2,1
2024-11-14,2024020262,2,REG,14:15,DAL,ev,none,wrist,1551,8482702,L. Stankoven,8473994,J. Benn,8481581,T. Harley,3,1
2024-11-14,2024020262,2,REG,15:56,DAL,ev,none,poke,1551,8480840,O. Bäck,8476278,C. Blackwell,8476902,E. Lindell,4,1
2024-11-14,2024020262,2,REG,19:49,DAL,ev,none,snap,1551,8474149,E. Dadonov,8479351,S. Steel,8480840,O. Bäck,5,1
2024-11-14,2024020262,3,REG,00:47,DAL,ev,none,wrist,1551,8478449,R. Hintz,8480027,J. Robertson,8474090,B. Smith,6,1
2024-11-14,2024020262,3,REG,03:35,BOS,ev,none,wrist,1551,8477956,D. Pastrnak,8479987,M. Geekie,,,6,2
2024-11-14,2024020262,3,REG,17:19,DAL,ev,none,slap,1551,8478975,M. Marchment,8475794,T. Seguin,8475168,M. Duchene,7,2
2024-11-14,2024020263,2,REG,12:43,MIN,ev,none,wrist,1551,8481557,M. Boldy,8475149,M. Johansson,8478864,K. Kaprizov,1,0
2024-11-14,2024020263,3,REG,12:19,MIN,pp,none,wrist,1451,8482079,M. Rossi,8474716,J. Spurgeon,8480990,D. Chisholm,2,0
2024-11-14,2024020263,3,REG,19:40,MIN,ev,empty-net,wrist,0651,8478864,K. Kaprizov,8477919,F. Gaudreau,,,3,0
2024-11-14,2024020264,1,REG,08:22,NSH,ev,none,tip-in,1551,8477446,M. McCarron,8474600,R. Josi,,,0,1
2024-11-14,2024020264,2,REG,02:44,EDM,ev,none,snap,1441,8478402,C. McDavid,8477934,L. Draisaitl,8477498,D. Nurse,1,1
2024-11-14,2024020264,2,REG,05:30,EDM,ev,none,snap,1551,8477498,D. Nurse,8476967,B. Kulak,8477406,M. Janmark,2,1
2024-11-14,2024020264,3,REG,17:12,NSH,ev,none,wrist,1551,8482062,C. Smith,8482742,Z. L'Heureux,8478468,J. Lauzon,2,2
2024-11-14,2024020264,4,OT,02:33,EDM,ev,none,snap,1331,8477498,D. Nurse,8478402,C. McDavid,8477934,L. Draisaitl,3,2
2024-11-14,2024020265,1,REG,02:40,VAN,ev,none,snap,1551,8483476,J. Lekkerimäki,8476468,J. Miller,8479425,F. Hronek,1,0
2024-11-14,2024020265,1,REG,17:23,NYI,pp,none,wrist,1541,8476419,J. Pageau,8475314,A. Lee,8480789,O. Wahlstrom,1,1
2024-11-14,2024020265,2,REG,00:14,NYI,ev,none,wrist,1551,8476429,S. Mayfield,8477500,B. Horvat,,,1,2
2024-11-14,2024020265,2,REG,02:10,NYI,ev,none,wrist,1551,8478115,P. Engvall,8481601,S. Holmstrom,8480306,G. Hutton,1,3
2024-11-14,2024020265,3,REG,11:42,NYI,ev,none,snap,1551,8475314,A. Lee,8477500,B. Horvat,,,1,4
2024-11-14,2024020265,3,REG,17:54,NYI,ev,empty-net,wrist,1560,8480865,N. Dobson,8480306,G. Hutton,8475151,K. Palmieri,1,5
2024-11-14,2024020265,3,REG,18:34,VAN,ev,none,wrist,1551,8474574,T. Myers,8476927,T. Blueger,,,2,5
2024-11-14,2024020266,2,REG,04:18,SEA,ev,none,snap,1551,8482665,M. Beniers,8477955,J. McCann,8477416,O. Bjorkstrand,1,0
2024-11-14,2024020266,3,REG,01:34,SEA,pp,none,wrist,1451,8475768,J. Schwartz,8476905,C. Stephenson,8482858,R. Evans,2,0
2024-11-14,2024020266,3,REG,03:22,CHI,ev,none,wrist,1551,8477987,R. Donato,,,,,2,1
2024-11-14,2024020266,3,REG,19:41,SEA,ev,empty-net,wrist,0651,8479293,B. Tanev,,,,,3,1
2024-11-15,2024020267,1,REG,02:20,CBJ,ev,none,tip-in,1551,8479944,Z. Aston-Reese,8481161,J. Christiansen,8478099,K. Labanc,1,0
2024-11-15,2024020267,1,REG,08:39,CBJ,pp,none,slap,1451,8478460,Z. Werenski,8482475,E. Chinakhov,8484166,A. Fantilli,2,0
2024-11-15,2024020267,1,REG,11:51,PIT,ev,none,tip-in,1551,8478463,A. Beauvillier,8471675,S. Crosby,,,2,1
2024-11-15,2024020267,2,REG,12:06,PIT,pp,none,wrist,1541,8478047,M. Bunting,8478463,A. Beauvillier,8482055,D. O'Connor,2,2
2024-11-15,2024020267,2,REG,16:27,CBJ,ev,none,snap,1551,8479671,M. Olivier,8478460,Z. Werenski,8479371,D. Fabbro,3,2
2024-11-15,2024020267,3,REG,01:56,CBJ,ev,none,wrist,1551,8481716,D. Voronkov,8480893,K. Marchenko,8477497,S. Monahan,4,2
2024-11-15,2024020267,3,REG,09:49,CBJ,ev,none,snap,1551,8476923,D. Severson,8477497,S. Monahan,8481716,D. Voronkov,5,2
2024-11-15,2024020267,3,REG,15:32,CBJ,ev,empty-net,wrist,0651,8482705,C. Sillinger,8478500,I. Provorov,8479941,J. Danforth,6,2
2024-11-15,2024020268,1,REG,02:00,COL,ev,none,wrist,1551,8480448,P. Kelly,8479398,S. Girard,,,1,0
2024-11-15,2024020268,1,REG,04:25,WSH,pp,none,slap,1541,8477944,J. Vrana,8479400,P. Dubois,8471214,A. Ovechkin,1,1
2024-11-15,2024020268,1,REG,07:48,WSH,ev,none,slap,1551,8481580,C. McMichael,8476880,T. Wilson,8477845,T. van Riemsdyk,1,2
2024-11-15,2024020268,2,REG,01:53,WSH,ev,none,backhand,1551,8481580,C. McMichael,,,,,1,3
2024-11-15,2024020268,2,REG,04:03,COL,ev,none,backhand,1551,8481042,N. Kovalenko,8480448,P. Kelly,8477425,M. Wood,2,3
2024-11-15,2024020268,2,REG,09:21,WSH,ev,none,wrist,1551,8479345,J. Chychrun,8479400,P. Dubois,,,2,4
2024-11-15,2024020268,3,REG,19:57,WSH,ev,empty-net,wrist,1560,8480873,R. Sandin,8478440,D. Strome,8474590,J. Carlson,2,5
2024-11-15,2024020269,3,REG,06:38,CGY,ev,none,wrist,1551,8482624,D. Miromanov,8477346,M. Weegar,8475172,N. Kadri,1,0
2024-11-15,2024020269,3,REG,18:51,CGY,ev,empty-net,wrist,0651,8476399,B. Coleman,,,,,2,0
2024-11-15,2024020270,1,REG,11:16,UTA,ev,none,slap,1551,8483431,L. Cooley,8481711,M. Maccelli,8482699,D. Guenther,1,0
2024-11-15,2024020270,2,REG,06:59,UTA,pp,none,snap,1451,8479410,M. Sergachev,8479343,C. Keller,8477021,A. Kerfoot,2,0
2024-11-15,2024020270,2,REG,13:37,VGK,pp,none,backhand,1541,8476881,T. Hertl,8478462,N. Roy,8478403,J. Eichel,2,1
2024-11-15,2024020270,3,REG,08:23,VGK,pp,none,snap,1541,8476881,T. Hertl,8476448,W. Karlsson,8478403,J. Eichel,2,2
2024-11-15,2024020270,3,REG,18:42,VGK,ev,none,tip-in,1551,8476448,W. Karlsson,8481527,K. Korczak,8481655,C. Schwindt,2,3
2024-11-15,2024020270,3,REG,19:31,VGK,ev,empty-net,backhand,1560,8476448,W. Karlsson,,,,,2,4
2024-11-15,2024020271,1,REG,01:12,ANA,ev,none,slap,1551,8482803,O. Zellweger,8481605,J. LaCombe,8484153,L. Carlsson,1,0
2024-11-15,2024020271,1,REG,07:59,DET,pp,none,wrist,1541,8483464,M. Kasper,8477456,J. Compher,8481542,M. Seider,1,1
2024-11-15,2024020271,1,REG,19:16,DET,pp,none,snap,1531,8481013,J. Berggren,8475765,V. Tarasenko,8483464,M. Kasper,1,2
2024-11-15,2024020271,2,REG,01:05,DET,ev,none,wrist,1551,8482078,L. Raymond,8479337,A. DeBrincat,,,1,3
2024-11-15,2024020271,2,REG,17:44,ANA,pp,none,snap,1451,8481533,T. Zegras,8482803,O. Zellweger,8473986,A. Killorn,2,3
2024-11-15,2024020271,3,REG,03:54,ANA,pp,none,wrist,1451,8478873,T. Terry,8482803,O. Zellweger,8484153,L. Carlsson,3,3
2024-11-15,2024020271,3,REG,11:09,ANA,ev,none,snap,1551,8483445,C. Gauthier,8481563,D. Helleson,8475208,B. Dumoulin,4,3
2024-11-15,2024020271,3,REG,11:47,ANA,ev,none,tip-in,1551,8477527,R. Johnston,8478424,J. Harkins,8481563,D. Helleson,5,3
2024-11-15,2024020271,3,REG,16:16,DET,pp,none,snap,1541,8479337,A. DeBrincat,8481542,M. Seider,8482078,L. Raymond,5,4
2024-11-15,2024020271,3,REG,19:36,ANA,ev,empty-net,wrist,0651,8476458,R. Strome,8478366,F. Vatrano,8475208,B. Dumoulin,6,4
2024-11-16,2024020272,1,REG,06:25,STL,ev,none,snap,1551,8476889,R. Faksa,8481059,S. Perunovich,8480281,A. Toropchenko,0,1
2024-11-16,2024020272,1,REG,09:34,BOS,ev,none,wrist,1551,8479365,T. Frederic,8483567,G. Merkulov,8479325,C. McAvoy,1,1
2024-11-16,2024020272,1,REG,12:12,BOS,ev,none,tip-in,1551,8479365,T. Frederic,8482511,M. Lohrei,,,2,1
2024-11-16,2024020272,3,REG,09:18,STL,ev,none,wrist,1551,8477573,N. Walker,8476889,R. Faksa,8480281,A. Toropchenko,2,2
2024-11-16,2024020272,4,OT,02:53,STL,ev,none,wrist,1331,8475170,B. Schenn,8476892,C. Parayko,,,2,3
2024-11-16,2024020273,1,REG,08:10,SEA,ev,none,deflected,1551,8476826,Y. Gourde,8479293,B. Tanev,8481789,T. Kartye,1,0
2024-11-16,2024020273,1,REG,13:38,NYI,ev,none,wrist,1551,8478115,P. Engvall,8477506,R. Pulock,8479395,D. Cholowski,1,1
2024-11-16,2024020273,3,REG,04:49,NYI,sh,none,wrist,1451,8475754,B. Nelson,8480865,N. Dobson,8475151,K. Palmieri,1,2
2024-11-16,2024020273,3,REG,05:26,SEA,ev,none,wrist,1551,8477955,J. McCann,8477444,A. Burakovsky,8482858,R. Evans,2,2
2024-11-16,2024020273,3,REG,16:47,SEA,ev,none,slap,1551,8476467,J. Oleksiak,8476826,Y. Gourde,8479293,B. Tanev,3,2
2024-11-16,2024020274,1,REG,01:42,EDM,ev,none,snap,1551,8474641,A. Henrique,8477406,M. Janmark,8477015,C. Brown,0,1
2024-11-16,2024020274,1,REG,03:53,TOR,ev,none,backhand,1551,8482259,B. McMann,8475166,J. Tavares,8478483,M. Marner,1,1
2024-11-16,2024020274,2,REG,01:51,EDM,pp,none,wrist,1541,8478402,C. McDavid,8475786,Z. Hyman,8477934,L. Draisaitl,1,2
2024-11-16,2024020274,3,REG,13:08,TOR,ev,none,wrist,1551,8482720,M. Knies,,,,,2,2
2024-11-16,2024020274,3,REG,14:07,TOR,ev,none,wrist,1551,8482259,B. McMann,8475171,O. Ekman-Larsson,,,3,2
2024-11-16,2024020274,3,REG,18:31,EDM,ev,none,wrist,0651,8477934,L. Draisaitl,8476454,R. Nugent-Hopkins,8478402,C. McDavid,3,3
2024-11-16,2024020274,4,OT,00:40,TOR,ev,none,wrist,1331,8478483,M. Marner,,,,,4,3
2024-11-16,2024020275,1,REG,04:59,MTL,pp,none,slap,1451,8476875,M. Matheson,8481540,C. Caufield,8481523,K. Dach,1,0
2024-11-16,2024020275,2,REG,07:40,CBJ,ev,none,slap,1551,8479371,D. Fabbro,8478460,Z. Werenski,8478099,K. Labanc,1,1
2024-11-16,2024020275,2,REG,15:49,MTL,ev,none,snap,1551,8480018,N. Suzuki,8476469,J. Armia,8482964,A. Xhekaj,2,1
2024-11-16,2024020275,3,REG,11:04,MTL,ev,none,snap,1551,8483549,L. Condotta,8476469,J. Armia,,,3,1
2024-11-16,2024020275,3,REG,12:52,MTL,ev,none,tip-in,1551,8478133,J. Evans,8481540,C. Caufield,,,4,1
2024-11-16,2024020275,3,REG,15:55,MTL,ev,none,deflected,1441,8476981,J. Anderson,8476875,M. Matheson,8483457,L. Hutson,5,1
2024-11-16,2024020276,1,REG,14:27,TBL,ev,none,wrist,1551,8477426,N. Paul,8477404,J. Guentzel,8482929,E. Lilleberg,1,0
2024-11-16,2024020276,3,REG,00:39,TBL,ev,none,slap,1551,8478178,D. Raddysh,8476453,N. Kucherov,8478519,A. Cirelli,2,0
2024-11-16,2024020276,3,REG,07:40,TBL,pp,none,slap,1451,8475167,V. Hedman,8476453,N. Kucherov,8477404,J. Guentzel,3,0
2024-11-16,2024020276,3,REG,19:48,TBL,ev,awarded-empty-net,,0651,8478519,A. Cirelli,8479542,B. Hagel,8475167,V. Hedman,4,0
2024-11-16,2024020277,1,REG,14:59,FLA,ev,none,deflected,1551,8482713,M. Samoskevich,8478055,G. Forsling,8478421,A. Greer,1,0
2024-11-16,2024020277,2,REG,02:07,FLA,ev,none,wrist,1551,8477220,N. Schmidt,8477935,S. Bennett,8477933,S. Reinhart,2,0
2024-11-16,2024020277,2,REG,12:21,FLA,ev,none,snap,1551,8478542,E. Rodrigues,8477493,A. Barkov,8477932,A. Ekblad,3,0
2024-11-16,2024020277,2,REG,14:36,FLA,sh,none,backhand,1541,8477493,A. Barkov,8477933,S. Reinhart,8478055,G. Forsling,4,0
2024-11-16,2024020277,3,REG,03:23,FLA,ev,none,snap,1441,8475179,D. Kulikov,8477493,A. Barkov,8477933,S. Reinhart,5,0
2024-11-16,2024020278,1,REG,13:57,PHI,pp,none,poke,1451,8482159,T. Foerster,8478409,A. Richard,8480797,J. Farabee,1,0
2024-11-16,2024020278,1,REG,16:01,PHI,ev,none,snap,1551,8477948,T. Sanheim,8481178,E. Zamula,8478439,T. Konecny,2,0
2024-11-16,2024020278,2,REG,02:08,PHI,ev,none,wrist,1551,8481178,E. Zamula,8478409,A. Richard,8484387,M. Michkov,3,0
2024-11-16,2024020278,2,REG,17:07,PHI,ev,none,snap,1441,8478439,T. Konecny,8484387,M. Michkov,8477948,T. Sanheim,4,0
2024-11-16,2024020278,3,REG,10:06,BUF,pp,none,slap,1541,8480839,R. Dahlin,8477949,A. Tuch,8475722,J. Zucker,4,1
2024-11-16,2024020278,3,REG,18:55,BUF,ev,none,wrist,0651,8480802,R. McLeod,8482175,J. Peterka,8480839,R. Dahlin,4,2
2024-11-16,2024020278,3,REG,19:42,PHI,ev,empty-net,wrist,0651,8478439,T. Konecny,8476461,S. Couturier,,,5,2
2024-11-16,2024020279,1,REG,01:01,PIT,ev,none,backhand,1551,8475810,B. Rust,8478047,M. Bunting,8471215,E. Malkin,1,0
2024-11-16,2024020279,1,REG,06:34,PIT,ev,none,wrist,1551,8479344,J. Puljujarvi,8482055,D. O'Connor,8483503,O. Pickering,2,0
2024-11-16,2024020279,2,REG,04:19,PIT,ev,none,slap,1551,8471675,S. Crosby,8474578,E. Karlsson,8478463,A. Beauvillier,3,0
2024-11-16,2024020279,2,REG,12:05,SJS,pp,none,backhand,1541,8475726,T. Toffoli,8484227,W. Smith,,,3,1
2024-11-16,2024020279,3,REG,06:56,SJS,ev,none,snap,1551,8475798,M. Granlund,8480188,F. Zetterlund,8482667,W. Eklund,3,2
2024-11-16,2024020279,3,REG,11:40,SJS,ev,none,wrist,1551,8475726,T. Toffoli,8480848,T. Dellandrea,8478013,J. Walman,3,3
2024-11-16,2024020279,5,SO,00:00,PIT,ev,none,wrist,1010,8471215,E. Malkin,,,,,4,3
2024-11-16,2024020280,1,REG,08:00,CAR,ev,none,wrist,1551,8476921,J. Martinook,8473533,J. Staal,,,1,0
2024-11-16,2024020280,2,REG,19:18,CAR,pp,none,slap,1351,8478427,S. Aho,8480039,M. Necas,8476906,S. Gostisbehere,2,0
2024-11-16,2024020280,3,REG,00:43,CAR,pp,none,snap,1451,8482809,J. Blake,8480830,A. Svechnikov,8476906,S. Gostisbehere,3,0
2024-11-16,2024020280,3,REG,15:06,CAR,ev,empty-net,backhand,0651,8477478,W. Carrier,8473533,J. Staal,8476921,J. Martinook,4,0
2024-11-16,2024020281,1,REG,18:43,DAL,ev,none,wrist,1551,8478975,M. Marchment,8480950,I. Lyubushkin,8475794,T. Seguin,0,1
2024-11-16,2024020281,3,REG,11:24,DAL,ev,none,wrist,1551,8478975,M. Marchment,8479351,S. Steel,8480950,I. Lyubushkin,0,2
2024-11-16,2024020281,3,REG,14:10,MIN,ev,none,tip-in,1551,8478864,K. Kaprizov,8474716,J. Spurgeon,8481557,M. Boldy,1,2
2024-11-16,2024020282,1,REG,18:05,LAK,ev,none,snap,1551,8479998,M. Anderson,8476479,P. Danault,8479675,T. Moore,1,0
2024-11-16,2024020282,1,REG,18:27,LAK,ev,none,tip-in,1551,8479661,T. Jeannot,8473453,T. Lewis,8482726,S. Helenius,2,0
2024-11-16,2024020282,3,REG,00:15,LAK,ev,none,wrist,1551,8477960,A. Kempe,8477998,W. Foegele,8478882,V. Gavrikov,3,0
2024-11-16,2024020282,3,REG,18:33,DET,ev,none,backhand,0651,8477946,D. Larkin,8479337,A. DeBrincat,8475765,V. Tarasenko,3,1
2024-11-16,2024020282,3,REG,19:11,LAK,ev,empty-net,wrist,0651,8477960,A. Kempe,8471685,A. Kopitar,8473453,T. Lewis,4,1
2024-11-16,2024020283,1,REG,06:50,CHI,ev,none,wrist,1551,8481624,I. Mikheyev,8473422,N. Foligno,8482700,N. Allan,0,1
2024-11-16,2024020283,2,REG,04:56,VAN,pp,none,wrist,1451,8480012,E. Pettersson,8476468,J. Miller,8480800,Q. Hughes,1,1
2024-11-16,2024020283,3,REG,04:25,VAN,ev,none,slap,1551,8480073,E. Brannstrom,8480748,K. Sherwood,8478498,J. DeBrusk,2,1
2024-11-16,2024020283,3,REG,18:04,VAN,ev,empty-net,wrist,0651,8476468,J. Miller,8480459,P. Suter,,,3,1
2024-11-16,2024020283,3,REG,18:56,VAN,ev,empty-net,wrist,0651,8476927,T. Blueger,8478856,C. Garland,8478046,D. Heinen,4,1
2024-11-17,2024020284,1,REG,06:05,STL,ev,none,wrist,1551,8482089,J. Neighbours,8479385,J. Kyrou,,,0,1
2024-11-17,2024020284,1,REG,19:35,CAR,pp,none,wrist,1451,8480830,A. Svechnikov,8480039,M. Necas,8476906,S. Gostisbehere,1,1
2024-11-17,2024020284,2,REG,00:17,CAR,ev,none,wrist,1551,8480762,E. Robinson,8475200,D. Orlov,8480039,M. Necas,2,1
2024-11-17,2024020284,2,REG,12:26,CAR,ev,none,wrist,1551,8480039,M. Necas,8480762,E. Robinson,,,3,1
2024-11-17,2024020284,3,REG,16:47,CAR,ev,none,wrist,1551,8480039,M. Necas,8480762,E. Robinson,8480829,J. Kotkaniemi,4,1
2024-11-17,2024020286,1,REG,05:59,WSH,pp,none,wrist,1541,8471214,A. Ovechkin,8474590,J. Carlson,8478440,D. Strome,0,1
2024-11-17,2024020286,1,REG,12:26,WSH,ev,none,wrist,1551,8479345,J. Chychrun,8478440,D. Strome,,,0,2
2024-11-17,2024020286,1,REG,19:52,VGK,ev,none,wrist,1551,8479353,B. Howden,8474565,A. Pietrangelo,8476871,T. Pearson,1,2
2024-11-17,2024020286,2,REG,02:49,WSH,ev,none,snap,1551,8477944,J. Vrana,8481656,A. Protas,8480873,R. Sandin,1,3
2024-11-17,2024020286,2,REG,07:24,VGK,ev,none,wrist,1560,8478434,K. Kolesar,8476881,T. Hertl,8478403,J. Eichel,2,3
2024-11-17,2024020286,2,REG,17:38,WSH,ev,none,wrist,1551,8471214,A. Ovechkin,8478911,M. Roy,,,2,4
2024-11-17,2024020286,3,REG,19:23,WSH,ev,empty-net,backhand,1560,8471214,A. Ovechkin,8481656,A. Protas,8480796,M. Fehérváry,2,5
2024-11-17,2024020287,2,REG,17:30,NYR,ev,none,tip-in,1551,8482109,A. Lafrenière,8478550,A. Panarin,,,0,1
2024-11-17,2024020287,3,REG,02:58,NYR,ev,none,wrist,1551,8481708,Z. Jones,8481554,K. Kakko,8482157,W. Cuylle,0,2
2024-11-17,2024020285,1,REG,05:28,NSH,ev,none,wrist,1551,8482742,Z. L'Heureux,8482062,C. Smith,8477446,M. McCarron,0,1
2024-11-17,2024020285,1,REG,11:34,VAN,ev,none,tip-in,1551,8482691,A. Räty,8480073,E. Brannstrom,8478046,D. Heinen,1,1
2024-11-17,2024020285,2,REG,09:51,VAN,pp,none,slap,1451,8480012,E. Pettersson,8480800,Q. Hughes,8478856,C. Garland,2,1
2024-11-17,2024020285,2,REG,12:17,NSH,pp,none,wrist,1541,8474564,S. Stamkos,8474600,R. Josi,8475158,R. O'Reilly,2,2
2024-11-17,2024020285,2,REG,14:21,NSH,ev,none,slap,1551,8474600,R. Josi,8476869,B. Skjei,8476887,F. Forsberg,2,3
2024-11-17,2024020285,2,REG,19:38,NSH,pp,none,wrist,1541,8474564,S. Stamkos,8476539,J. Marchessault,8476887,F. Forsberg,2,4
2024-11-17,2024020285,3,REG,14:00,VAN,ev,none,wrist,1551,8480748,K. Sherwood,8478046,D. Heinen,8474574,T. Myers,3,4
2024-11-17,2024020285,3,REG,19:39,NSH,ev,empty-net,wrist,1560,8474679,G. Nyquist,,,,,3,5
2024-11-18,2024020288,1,REG,05:17,CBJ,ev,none,backhand,1551,8481716,D. Voronkov,8477497,S. Monahan,8479371,D. Fabbro,0,1
2024-11-18,2024020288,1,REG,10:39,CBJ,sh,none,backhand,1451,8479671,M. Olivier,,,,,0,2
2024-11-18,2024020288,1,REG,19:28,CBJ,ev,none,wrist,1551,8474037,J. van Riemsdyk,8478460,Z. Werenski,8484166,A. Fantilli,0,3
2024-11-18,2024020288,2,REG,14:30,BOS,pp,none,wrist,1451,8475745,C. Coyle,8479638,J. Brazeau,8482511,M. Lohrei,1,3
2024-11-18,2024020288,3,REG,07:19,CBJ,sh,none,wrist,1451,8479941,J. Danforth,8482705,C. Sillinger,,,1,4
2024-11-18,2024020288,3,REG,14:10,CBJ,ev,none,wrist,1551,8482475,E. Chinakhov,8477497,S. Monahan,,,1,5
2024-11-18,2024020289,2,REG,08:30,COL,ev,none,wrist,1551,8480069,C. Makar,8477492,N. MacKinnon,8478038,D. Toews,0,1
2024-11-18,2024020289,2,REG,15:08,COL,pp,none,wrist,1541,8480069,C. Makar,8479999,C. Mittelstadt,8478420,M. Rantanen,0,2
2024-11-18,2024020289,3,REG,08:34,COL,ev,none,wrist,1441,8479999,C. Mittelstadt,8478420,M. Rantanen,8477494,J. Drouin,0,3
2024-11-18,2024020289,3,REG,11:48,PHI,ev,none,snap,1551,8480015,O. Tippett,8478439,T. Konecny,8477948,T. Sanheim,1,3
2024-11-18,2024020289,3,REG,13:32,PHI,ev,none,poke,1551,8482159,T. Foerster,8481553,B. Brink,8482169,H. Grans,2,3
2024-11-18,2024020290,2,REG,19:29,MTL,ev,none,tip-in,1551,8475848,B. Gallagher,8476875,M. Matheson,,,1,0
2024-11-18,2024020290,3,REG,05:52,MTL,ev,none,wrist,1551,8482087,K. Guhle,8481540,C. Caufield,8478133,J. Evans,2,0
2024-11-18,2024020290,3,REG,16:52,MTL,ev,empty-net,snap,0651,8478133,J. Evans,8480018,N. Suzuki,,,3,0
2024-11-18,2024020291,1,REG,00:56,ANA,ev,none,snap,1551,8482803,O. Zellweger,8476458,R. Strome,,,0,1
2024-11-18,2024020291,1,REG,05:44,ANA,ev,none,snap,1551,8481517,B. Leason,8483490,P. Mintyukov,8475462,R. Gudas,0,2
2024-11-18,2024020291,2,REG,07:39,ANA,pp,none,snap,1541,8483445,C. Gauthier,8481517,B. Leason,8473986,A. Killorn,0,3
2024-11-18,2024020291,3,REG,03:31,DAL,ev,none,snap,1551,8476902,E. Lindell,8482145,M. Bourque,8473994,J. Benn,1,3
2024-11-18,2024020291,3,REG,12:08,DAL,ev,none,backhand,1551,8475168,M. Duchene,8475794,T. Seguin,8478975,M. Marchment,2,3
2024-11-18,2024020291,3,REG,14:32,ANA,ev,none,backhand,1551,8481605,J. LaCombe,8481517,B. Leason,8483445,C. Gauthier,2,4
2024-11-18,2024020292,1,REG,03:05,UTA,ev,none,snap,1551,8480855,J. McBain,8478831,K. Stenlund,8474013,I. Cole,1,0
2024-11-18,2024020292,1,REG,07:46,WSH,ev,none,wrap-around,1551,8478440,D. Strome,,,,,1,1
2024-11-18,2024020292,1,REG,07:56,WSH,ev,none,snap,1551,8475343,N. Dowd,8479520,B. Duhaime,8479390,T. Raddysh,1,2
2024-11-18,2024020292,1,REG,11:05,WSH,ev,none,snap,1551,8471214,A. Ovechkin,8479400,P. Dubois,,,1,3
2024-11-18,2024020292,2,REG,05:38,WSH,pp,none,slap,1531,8471214,A. Ovechkin,8474590,J. Carlson,8478440,D. Strome,1,4
2024-11-18,2024020292,2,REG,11:44,UTA,ev,none,snap,1551,8475760,N. Bjugstad,8477951,N. Schmaltz,8479343,C. Keller,2,4
2024-11-18,2024020292,3,REG,07:30,WSH,ev,none,wrist,1551,8479520,B. Duhaime,8477845,T. van Riemsdyk,8474189,L. Eller,2,5
2024-11-18,2024020292,3,REG,09:56,WSH,ev,none,snap,1551,8481656,A. Protas,8478233,A. Mangiapane,,,2,6
2024-11-18,2024020293,1,REG,07:28,DET,ev,none,backhand,1551,8477946,D. Larkin,8482762,S. Edvinsson,,,0,1
2024-11-18,2024020293,1,REG,10:28,SJS,pp,none,wrist,1451,8482667,W. Eklund,8477505,A. Wennberg,8478013,J. Walman,1,1
2024-11-18,2024020293,1,REG,18:48,DET,pp,none,wrist,1541,8483464,M. Kasper,8476979,E. Gustafsson,8475765,V. Tarasenko,1,2
2024-11-18,2024020293,2,REG,05:59,SJS,ev,none,wrist,1551,8482667,W. Eklund,8479983,M. Ferraro,8480188,F. Zetterlund,2,2
2024-11-18,2024020293,2,REG,08:11,DET,ev,own-goal,,1551,8479992,M. Rasmussen,,,,,2,3
2024-11-18,2024020293,2,REG,19:18,SJS,ev,none,wrist,1551,8475726,T. Toffoli,8477505,A. Wennberg,8480848,T. Dellandrea,3,3
2024-11-18,2024020293,3,REG,06:19,SJS,ev,none,wrist,1551,8479316,L. Kunin,8479336,C. Grundstrom,8481567,H. Thrun,4,3
2024-11-18,2024020293,3,REG,17:54,DET,pp,none,backhand,1541,8479337,A. DeBrincat,8482078,L. Raymond,8477946,D. Larkin,4,4
2024-11-18,2024020293,4,OT,00:46,SJS,ev,none,wrist,1331,8484801,M. Celebrini,8475798,M. Granlund,8476879,C. Ceci,5,4
2024-11-19,2024020294,1,REG,03:46,EDM,ev,none,wrist,1551,8480803,E. Bouchard,8477934,L. Draisaitl,8481617,V. Podkolzin,0,1
2024-11-19,2024020294,1,REG,15:40,OTT,ev,none,snap,1551,8482116,T. Stützle,8480208,D. Batherson,8475324,N. Jensen,1,1
2024-11-19,2024020294,1,REG,16:15,EDM,ev,none,wrist,1551,8478402,C. McDavid,8481617,V. Podkolzin,8480803,E. Bouchard,1,2
2024-11-19,2024020294,1,REG,19:19,EDM,pp,none,wrist,1531,8478402,C. McDavid,8480803,E. Bouchard,8477934,L. Draisaitl,1,3
2024-11-19,2024020294,2,REG,04:39,EDM,ev,none,backhand,1551,8477934,L. Draisaitl,8478402,C. McDavid,8474641,A. Henrique,1,4
2024-11-19,2024020294,3,REG,11:50,EDM,ev,none,tip-in,1551,8476454,R. Nugent-Hopkins,8478585,D. Ryan,8476967,B. Kulak,1,5
2024-11-19,2024020294,3,REG,17:36,OTT,ev,none,tip-in,1551,8480064,J. Norris,8475324,N. Jensen,8480801,B. Tkachuk,2,5
2024-11-19,2024020295,1,REG,12:05,PIT,ev,none,tip-in,1551,8479344,J. Puljujarvi,8477969,M. Pettersson,8481591,S. Poulin,1,0
2024-11-19,2024020295,2,REG,13:05,PIT,pp,none,snap,1451,8476483,R. Rakell,8471675,S. Crosby,8476891,M. Grzelcyk,2,0
2024-11-19,2024020295,3,REG,05:41,TBL,ev,none,backhand,1551,8478010,B. Point,8474151,R. McDonagh,8478178,D. Raddysh,2,1
2024-11-19,2024020295,3,REG,12:49,TBL,ev,none,wrist,1551,8478519,A. Cirelli,8475167,V. Hedman,8478178,D. Raddysh,2,2
2024-11-19,2024020295,4,OT,03:58,TBL,ev,none,wrist,1331,8478010,B. Point,8482655,J. Moser,8483447,C. Geekie,2,3
2024-11-19,2024020296,1,REG,12:24,MIN,ev,none,wrist,1551,8477451,R. Hartman,8482079,M. Rossi,8482122,B. Faber,0,1
2024-11-19,2024020296,2,REG,04:48,STL,ev,none,snap,1551,8481059,S. Perunovich,8479385,J. Kyrou,8482737,Z. Bolduc,1,1
2024-11-19,2024020296,3,REG,06:07,MIN,ev,none,tip-in,1551,8478864,K. Kaprizov,8478136,J. Middleton,8481557,M. Boldy,1,2
2024-11-19,2024020296,3,REG,10:37,STL,pp,none,tip-in,1451,8482089,J. Neighbours,8477402,P. Buchnevich,8480023,R. Thomas,2,2
2024-11-19,2024020296,3,REG,13:44,MIN,ev,none,slap,1551,8476463,J. Brodin,8474716,J. Spurgeon,8475149,M. Johansson,2,3
2024-11-19,2024020296,3,REG,18:37,MIN,ev,empty-net,wrist,1560,8478864,K. Kaprizov,,,,,2,4
2024-11-19,2024020297,1,REG,14:13,WPG,ev,none,backhand,1551,8478398,K. Connor,,,,,1,0
2024-11-19,2024020297,1,REG,17:40,WPG,ev,none,wrist,1551,8476460,M. Scheifele,8480014,G. Vilardi,8477504,J. Morrissey,2,0
2024-11-19,2024020297,2,REG,15:41,WPG,pp,none,snap,1451,8476460,M. Scheifele,8477940,N. Ehlers,8477504,J. Morrissey,3,0
2024-11-19,2024020297,2,REG,17:24,FLA,ev,none,wrist,1551,8478421,A. Greer,8477220,N. Schmidt,8477931,T. Nosek,3,1
2024-11-19,2024020297,3,REG,07:10,FLA,pp,none,snap,1541,8477933,S. Reinhart,8479314,M. Tkachuk,8477493,A. Barkov,3,2
2024-11-19,2024020297,3,REG,09:46,WPG,ev,none,wrist,1551,8476460,M. Scheifele,8478398,K. Connor,8477940,N. Ehlers,4,2
2024-11-19,2024020297,3,REG,16:38,FLA,pp,none,wrist,0641,8479314,M. Tkachuk,8477935,S. Bennett,8477409,C. Verhaeghe,4,3
2024-11-19,2024020297,3,REG,18:23,WPG,sh,empty-net,wrist,0641,8480289,M. Barron,8476392,A. Lowry,,,5,3
2024-11-19,2024020297,3,REG,18:44,WPG,sh,empty-net,wrist,0641,8480289,M. Barron,,,,,6,3
2024-11-19,2024020298,1,REG,17:03,CHI,ev,none,snap,1551,8477450,J. Dickinson,8484144,C. Bedard,8474673,T. Brodie,1,0
2024-11-19,2024020298,1,REG,19:05,ANA,ev,none,wrist,1551,8483490,P. Mintyukov,8481517,B. Leason,,,1,1
2024-11-19,2024020298,2,REG,03:54,CHI,ev,none,wrist,1551,8477450,J. Dickinson,8484144,C. Bedard,8476882,T. Teravainen,2,1
2024-11-19,2024020298,3,REG,05:10,ANA,ev,none,backhand,1551,8473986,A. Killorn,8481533,T. Zegras,,,2,2
2024-11-19,2024020298,3,REG,09:38,ANA,ev,none,tip-in,1551,8484153,L. Carlsson,8473986,A. Killorn,8481533,T. Zegras,2,3
2024-11-19,2024020299,2,REG,01:32,NYI,ev,none,wrist,1551,8478115,P. Engvall,8476429,S. Mayfield,8479395,D. Cholowski,0,1
2024-11-19,2024020299,3,REG,08:17,CGY,pp,none,slap,1451,8478397,R. Andersson,8475172,N. Kadri,8481028,M. Pospisil,1,1
2024-11-19,2024020299,5,SO,00:00,CGY,ev,none,backhand,1010,8483808,A. Kuzmenko,,,,,2,1
2024-11-19,2024020300,1,REG,00:34,VAN,ev,none,backhand,1551,8480800,Q. Hughes,8479425,F. Hronek,8480012,E. Pettersson,1,0
2024-11-19,2024020300,1,REG,02:31,NYR,ev,none,tip-in,1551,8476459,M. Zibanejad,8480817,K. Miller,8479323,A. Fox,1,1
2024-11-19,2024020300,1,REG,14:38,NYR,ev,none,wrist,1551,8482157,W. Cuylle,8481554,K. Kakko,8479323,A. Fox,1,2
2024-11-19,2024020300,1,REG,17:39,VAN,ev,none,wrist,1551,8480748,K. Sherwood,8480012,E. Pettersson,8477369,C. Soucy,2,2
2024-11-19,2024020300,2,REG,08:45,NYR,ev,none,wrist,1551,8481554,K. Kakko,8482157,W. Cuylle,8477380,J. Brodzinski,2,3
2024-11-19,2024020300,2,REG,13:02,VAN,ev,none,wrist,1551,8478856,C. Garland,8478057,D. Joshua,8480459,P. Suter,3,3
2024-11-19,2024020300,3,REG,10:43,NYR,ev,none,wrist,1551,8475184,C. Kreider,8475191,R. Smith,8476459,M. Zibanejad,3,4
2024-11-20,2024020301,1,REG,08:53,TOR,ev,none,snap,1551,8483489,F. Minten,8477939,W. Nylander,8475171,O. Ekman-Larsson,1,0
2024-11-20,2024020301,3,REG,03:01,TOR,pp,none,snap,1451,8477939,W. Nylander,8478483,M. Marner,8475166,J. Tavares,2,0
2024-11-20,2024020301,3,REG,16:41,TOR,ev,empty-net,wrist,0651,8480995,P. Holmberg,8478483,M. Marner,8475166,J. Tavares,3,0
2024-11-20,2024020302,1,REG,00:30,CAR,ev,none,slap,1551,8478970,J. Chatfield,8476921,J. Martinook,8477478,W. Carrier,0,1
2024-11-20,2024020302,2,REG,02:13,PHI,ev,none,wrist,1551,8480068,R. Poehling,8476372,N. Seeler,8480220,N. Cates,1,1
2024-11-20,2024020302,3,REG,01:03,CAR,ev,none,wrist,1551,8478427,S. Aho,,,,,1,2
2024-11-20,2024020302,3,REG,06:02,CAR,ev,none,tip-in,1551,8473533,J. Staal,8475200,D. Orlov,8478970,J. Chatfield,1,3
2024-11-20,2024020302,3,REG,06:57,CAR,ev,none,snap,1551,8478458,J. Roslovic,8478427,S. Aho,,,1,4
2024-11-20,2024020303,1,REG,15:33,DAL,ev,none,wrist,1551,8480027,J. Robertson,8476856,M. Dumba,8481581,T. Harley,1,0
2024-11-20,2024020303,1,REG,18:44,SJS,sh,none,snap,1451,8475798,M. Granlund,8482667,W. Eklund,,,1,1
2024-11-20,2024020303,2,REG,00:56,DAL,ev,none,snap,1551,8482740,W. Johnston,8478449,R. Hintz,8480027,J. Robertson,2,1
2024-11-20,2024020303,2,REG,10:56,DAL,ev,none,snap,1551,8473994,J. Benn,8482702,L. Stankoven,,,3,1
2024-11-20,2024020303,3,REG,13:25,SJS,ev,none,snap,1551,8478013,J. Walman,8475798,M. Granlund,8476879,C. Ceci,3,2
2024-11-20,2024020303,3,REG,18:33,DAL,ev,empty-net,snap,0651,8478449,R. Hintz,8482740,W. Johnston,8480027,J. Robertson,4,2
2024-11-20,2024020303,3,REG,19:06,DAL,ev,empty-net,snap,0651,8474149,E. Dadonov,8480840,O. Bäck,,,5,2
2024-11-20,2024020304,2,REG,15:55,SEA,ev,none,snap,1551,8478466,D. Sprong,8476905,C. Stephenson,8477986,B. Montour,1,0
2024-11-20,2024020304,3,REG,00:23,SEA,ev,none,tip-in,1551,8477986,B. Montour,8476905,C. Stephenson,8475768,J. Schwartz,2,0
2024-11-20,2024020304,3,REG,17:17,SEA,ev,empty-net,backhand,0651,8476826,Y. Gourde,8475768,J. Schwartz,8476905,C. Stephenson,3,0
2024-11-20,2024020305,3,REG,00:38,BUF,pp,none,tip-in,1541,8475722,J. Zucker,8480839,R. Dahlin,8477949,A. Tuch,0,1
2024-11-21,2024020306,2,REG,12:41,BOS,pp,none,wrist,1451,8477496,E. Lindholm,8473419,B. Marchand,8477956,D. Pastrnak,1,0
2024-11-21,2024020307,1,REG,06:45,VGK,ev,none,wrist,1551,8478403,J. Eichel,8477964,I. Barbashev,8477447,S. Theodore,0,1
2024-11-21,2024020307,2,REG,10:51,VGK,ev,none,wrist,1551,8479353,B. Howden,8477964,I. Barbashev,8478396,N. Hanifin,0,2
2024-11-21,2024020307,3,REG,07:17,OTT,pp,none,snap,1451,8478874,A. Gaudette,8482092,R. Greig,8473512,C. Giroux,1,2
2024-11-21,2024020307,3,REG,09:17,VGK,ev,none,wrist,1551,8481604,P. Dorofeyev,8476448,W. Karlsson,8482125,A. Holtz,1,3
2024-11-21,2024020307,3,REG,12:38,OTT,ev,none,wrist,1551,8480208,D. Batherson,8482105,J. Sanderson,8482116,T. Stützle,2,3
2024-11-21,2024020308,1,REG,05:51,NYI,ev,none,tip-in,1551,8481601,S. Holmstrom,8476429,S. Mayfield,,,0,1
2024-11-21,2024020308,3,REG,15:14,DET,ev,none,snap,1551,8481013,J. Berggren,8477456,J. Compher,,,1,1
2024-11-21,2024020308,3,REG,19:08,DET,ev,none,snap,1551,8482078,L. Raymond,8477946,D. Larkin,8482762,S. Edvinsson,2,1
2024-11-21,2024020309,1,REG,08:43,CAR,ev,none,wrist,1551,8478458,J. Roslovic,8480762,E. Robinson,8475200,D. Orlov,0,1
2024-11-21,2024020309,1,REG,14:45,NJD,ev,none,snap,1551,8479407,J. Bratt,8481559,J. Hughes,8476292,O. Palat,1,1
2024-11-21,2024020309,2,REG,00:46,NJD,pp,none,tip-in,1351,8476474,S. Noesen,8481559,J. Hughes,8479407,J. Bratt,2,1
2024-11-21,2024020309,3,REG,00:12,CAR,pp,none,snap,1541,8480830,A. Svechnikov,8480039,M. Necas,8476906,S. Gostisbehere,2,2
2024-11-21,2024020309,3,REG,10:35,NJD,ev,none,snap,1551,8476462,D. Hamilton,8482110,D. Mercer,8475193,T. Tatar,3,2
2024-11-21,2024020309,3,REG,14:05,NJD,pp,none,wrist,1451,8479407,J. Bratt,8476474,S. Noesen,8481559,J. Hughes,4,2
2024-11-21,2024020310,1,REG,17:04,WSH,ev,none,tip-in,1551,8479400,P. Dubois,8476880,T. Wilson,8477845,T. van Riemsdyk,1,0
2024-11-21,2024020310,2,REG,14:19,COL,pp,none,backhand,1541,8478420,M. Rantanen,8477494,J. Drouin,,,1,1
2024-11-21,2024020310,3,REG,03:29,COL,ev,none,tip-in,1551,8477425,M. Wood,8480069,C. Makar,8480448,P. Kelly,1,2
2024-11-21,2024020311,1,REG,01:51,TBL,pp,none,wrist,1541,8478010,B. Point,8476453,N. Kucherov,8477404,J. Guentzel,0,1
2024-11-21,2024020311,1,REG,03:58,TBL,ev,none,snap,1551,8479542,B. Hagel,8476453,N. Kucherov,8478519,A. Cirelli,0,2
2024-11-21,2024020311,1,REG,11:52,TBL,ev,none,deflected,1551,8474715,C. Atkinson,8475167,V. Hedman,8482070,M. Chaffee,0,3
2024-11-21,2024020311,1,REG,13:35,CBJ,ev,none,snap,1551,8477497,S. Monahan,8481716,D. Voronkov,8476923,D. Severson,1,3
2024-11-21,2024020311,2,REG,00:28,CBJ,ev,none,wrist,1551,8481716,D. Voronkov,8477497,S. Monahan,8478460,Z. Werenski,2,3
2024-11-21,2024020311,2,REG,01:55,CBJ,pp,none,slap,1451,8482660,K. Johnson,8478460,Z. Werenski,8480893,K. Marchenko,3,3
2024-11-21,2024020311,2,REG,02:11,TBL,ev,none,backhand,1551,8482070,M. Chaffee,8483447,C. Geekie,,,3,4
2024-11-21,2024020311,2,REG,03:42,CBJ,ev,none,wrist,1551,8478460,Z. Werenski,8480893,K. Marchenko,8477497,S. Monahan,4,4
2024-11-21,2024020311,2,REG,05:26,CBJ,ev,none,wrist,1551,8482475,E. Chinakhov,8482705,C. Sillinger,8479671,M. Olivier,5,4
2024-11-21,2024020311,2,REG,06:18,TBL,ev,none,snap,1551,8478519,A. Cirelli,8479542,B. Hagel,8476453,N. Kucherov,5,5
2024-11-21,2024020311,3,REG,10:39,CBJ,sh,none,snap,1541,8482660,K. Johnson,8478460,Z. Werenski,8477497,S. Monahan,6,5
2024-11-21,2024020311,3,REG,11:23,TBL,pp,none,tip-in,1541,8483447,C. Geekie,8482201,G. Goncalves,8482655,J. Moser,6,6
2024-11-21,2024020311,4,OT,01:26,CBJ,ev,none,wrist,1331,8478460,Z. Werenski,8482705,C. Sillinger,8478500,I. Provorov,7,6
2024-11-21,2024020312,1,REG,00:11,STL,ev,none,wrist,1551,8477573,N. Walker,8476889,R. Faksa,,,1,0
2024-11-21,2024020312,1,REG,08:23,SJS,pp,none,wrist,1541,8477505,A. Wennberg,8475798,M. Granlund,8484801,M. Celebrini,1,1
2024-11-21,2024020312,2,REG,11:47,STL,ev,none,tip-in,1551,8479385,J. Kyrou,8480058,P. Joseph,8480023,R. Thomas,2,1
2024-11-21,2024020312,3,REG,19:51,SJS,ev,none,wrist,0651,8477505,A. Wennberg,8475798,M. Granlund,8484801,M. Celebrini,2,2
2024-11-21,2024020312,5,SO,00:00,STL,ev,none,wrist,1010,8482089,J. Neighbours,,,,,3,2
2024-11-21,2024020313,1,REG,02:46,CHI,pp,none,snap,1451,8476882,T. Teravainen,8477479,T. Bertuzzi,8481568,A. Vlasic,1,0
2024-11-21,2024020313,2,REG,10:07,CHI,ev,none,backhand,1551,8475225,C. Smith,8474034,P. Maroon,8473422,N. Foligno,2,0
2024-11-21,2024020313,2,REG,10:41,FLA,ev,none,wrist,1551,8477933,S. Reinhart,8477932,A. Ekblad,8478055,G. Forsling,2,1
2024-11-21,2024020313,3,REG,19:00,CHI,ev,empty-net,poke,0651,8473422,N. Foligno,,,,,3,1
2024-11-21,2024020314,1,REG,07:26,CGY,ev,none,snap,1551,8482679,M. Coronato,8481068,Y. Sharangovich,8477346,M. Weegar,1,0
2024-11-21,2024020314,2,REG,08:29,CGY,pp,none,slap,1451,8481068,Y. Sharangovich,8477346,M. Weegar,8482679,M. Coronato,2,0
2024-11-21,2024020314,2,REG,16:37,NYR,ev,none,wrist,1551,8482109,A. Lafrenière,8476885,J. Trouba,8479324,R. Lindgren,2,1
2024-11-21,2024020314,2,REG,16:53,NYR,ev,none,tip-in,1551,8482157,W. Cuylle,8480817,K. Miller,8479323,A. Fox,2,2
2024-11-21,2024020314,3,REG,10:35,CGY,ev,none,wrist,1551,8482074,C. Zary,8476456,J. Huberdeau,8477346,M. Weegar,3,2
2024-11-21,2024020315,1,REG,00:27,EDM,ev,none,wrist,1551,8477934,L. Draisaitl,8478402,C. McDavid,,,1,0
2024-11-21,2024020315,1,REG,09:56,MIN,ev,none,wrist,1551,8481557,M. Boldy,8478864,K. Kaprizov,8476463,J. Brodin,1,1
2024-11-21,2024020315,2,REG,03:09,MIN,ev,none,snap,1551,8475220,M. Foligno,8480990,D. Chisholm,8477919,F. Gaudreau,1,2
2024-11-21,2024020315,2,REG,06:03,EDM,ev,none,wrap-around,1551,8470621,C. Perry,,,,,2,2
2024-11-21,2024020315,2,REG,09:10,MIN,ev,none,wrist,1551,8475149,M. Johansson,8477451,R. Hartman,,,2,3
2024-11-21,2024020315,2,REG,17:02,MIN,ev,none,tip-in,1551,8477919,F. Gaudreau,8477451,R. Hartman,,,2,4
2024-11-21,2024020315,3,REG,09:50,MIN,ev,none,snap,1551,8477919,F. Gaudreau,8478136,J. Middleton,8475220,M. Foligno,2,5
2024-11-21,2024020315,3,REG,19:35,EDM,ev,none,wrist,1560,8475784,J. Skinner,8470621,C. Perry,8474641,A. Henrique,3,5
2024-11-22,2024020316,1,REG,01:22,WPG,ev,none,backhand,1551,8475799,N. Niederreiter,,,,,0,1
2024-11-22,2024020316,2,REG,04:53,WPG,ev,none,backhand,1551,8476480,V. Namestnikov,8477940,N. Ehlers,,,0,2
2024-11-22,2024020316,2,REG,19:01,WPG,pp,none,wrist,1541,8480014,G. Vilardi,8478398,K. Connor,8477504,J. Morrissey,0,3
2024-11-22,2024020316,3,REG,05:49,PIT,pp,none,wrist,1451,8478047,M. Bunting,8475810,B. Rust,8471215,E. Malkin,1,3
2024-11-22,2024020316,3,REG,18:49,WPG,ev,empty-net,wrist,1560,8478398,K. Connor,8482149,C. Perfetti,8476460,M. Scheifele,1,4
2024-11-22,2024020317,1,REG,04:02,ANA,ev,none,snap,1551,8481563,D. Helleson,8481533,T. Zegras,8484153,L. Carlsson,1,0
2024-11-22,2024020317,2,REG,14:07,ANA,ev,none,tip-in,1551,8480806,I. Lundestrom,8477527,R. Johnston,8482803,O. Zellweger,2,0
2024-11-22,2024020317,2,REG,18:37,BUF,ev,own-goal,,1551,8477949,A. Tuch,,,,,2,1
2024-11-22,2024020317,2,REG,19:27,BUF,ev,none,wrist,1551,8475722,J. Zucker,8482671,O. Power,,,2,2
2024-11-22,2024020317,4,OT,04:00,BUF,ev,none,wrist,1331,8483468,J.Kulich,8482671,O. Power,8477949,A. Tuch,2,3
2024-11-23,2024020318,1,REG,11:29,CHI,ev,none,snap,1551,8482117,L. Reichel,8474034,P. Maroon,8476473,C. Murphy,0,1
2024-11-23,2024020318,2,REG,10:01,CHI,ev,none,backhand,1551,8474034,P. Maroon,8475225,C. Smith,8482117,L. Reichel,0,2
2024-11-23,2024020318,3,REG,07:27,PHI,ev,none,tip-in,1551,8476461,S. Couturier,8477499,R. Ristolainen,8478439,T. Konecny,1,2
2024-11-23,2024020318,3,REG,10:05,PHI,ev,none,wrist,1551,8480220,N. Cates,8481553,B. Brink,8482159,T. Foerster,2,2
2024-11-23,2024020318,4,OT,01:06,PHI,pp,none,snap,1341,8484387,M. Michkov,8478439,T. Konecny,8477948,T. Sanheim,3,2
2024-11-23,2024020319,1,REG,15:00,CGY,ev,none,tip-in,1551,8479291,K. Rooney,8482624,D. Miromanov,8477993,J. Kirkland,1,0
2024-11-23,2024020319,1,REG,16:03,MIN,ev,none,snap,1551,8475149,M. Johansson,8481557,M. Boldy,,,1,1
2024-11-23,2024020319,2,REG,19:29,CGY,pp,none,tip-in,1451,8481028,M. Pospisil,8475172,N. Kadri,8478397,R. Andersson,2,1
2024-11-23,2024020319,3,REG,03:53,CGY,pp,none,slap,1451,8481068,Y. Sharangovich,8482074,C. Zary,8477346,M. Weegar,3,1
2024-11-23,2024020319,3,REG,16:01,MIN,pp,none,wrist,1541,8482122,B. Faber,8482079,M. Rossi,8481557,M. Boldy,3,2
2024-11-23,2024020319,3,REG,19:26,MIN,ev,none,wrist,0651,8482079,M. Rossi,8478493,J. Eriksson Ek,,,3,3
2024-11-23,2024020319,5,SO,00:00,CGY,ev,none,wrist,1010,8478397,R. Andersson,,,,,4,3
2024-11-23,2024020320,2,REG,04:19,LAK,ev,none,wrist,1551,8477960,A. Kempe,8481532,A. Turcotte,8471685,A. Kopitar,1,0
2024-11-23,2024020320,2,REG,06:03,LAK,pp,none,snap,1451,8482124,Q. Byfield,8477942,K. Fiala,8471685,A. Kopitar,2,0
2024-11-23,2024020320,3,REG,18:26,SEA,ev,none,slap,0651,8477986,B. Montour,8477416,O. Bjorkstrand,8476826,Y. Gourde,2,1
2024-11-23,2024020321,1,REG,00:52,FLA,ev,none,snap,1551,8477409,C. Verhaeghe,8482113,A. Lundell,8482713,M. Samoskevich,1,0
2024-11-23,2024020321,1,REG,09:13,COL,ev,none,deflected,1551,8477494,J. Drouin,8480069,C. Makar,8477476,A. Lehkonen,1,1
2024-11-23,2024020321,1,REG,15:44,FLA,ev,none,backhand,1551,8477493,A. Barkov,8479314,M. Tkachuk,8478859,N. Mikkola,2,1
2024-11-23,2024020321,2,REG,00:34,COL,ev,none,backhand,1551,8477494,J. Drouin,8480069,C. Makar,8478038,D. Toews,2,2
2024-11-23,2024020321,2,REG,04:04,COL,ev,none,snap,1551,8481186,L. O'Connor,8478430,O. Kylington,8483930,I. Ivan,2,3
2024-11-23,2024020321,2,REG,08:54,COL,ev,none,wrist,1551,8479398,S. Girard,8478420,M. Rantanen,8477501,V. Nichushkin,2,4
2024-11-23,2024020321,2,REG,16:58,COL,ev,none,tip-in,1551,8478420,M. Rantanen,8479398,S. Girard,8478038,D. Toews,2,5
2024-11-23,2024020321,2,REG,18:40,FLA,pp,none,tip-in,1451,8477933,S. Reinhart,8477932,A. Ekblad,8479314,M. Tkachuk,3,5
2024-11-23,2024020321,3,REG,15:49,COL,ev,none,snap,1551,8478430,O. Kylington,8477501,V. Nichushkin,8478420,M. Rantanen,3,6
2024-11-23,2024020321,3,REG,17:15,COL,ev,empty-net,wrist,1560,8477501,V. Nichushkin,8477492,N. MacKinnon,8478420,M. Rantanen,3,7
2024-11-23,2024020321,3,REG,18:17,FLA,ev,none,wrist,1551,8482113,A. Lundell,8482713,M. Samoskevich,8484304,U. Balinskis,4,7
2024-11-23,2024020322,2,REG,04:39,VGK,ev,none,snap,1551,8476881,T. Hertl,8475188,B. McNabb,8477447,S. Theodore,0,1
2024-11-23,2024020322,2,REG,08:18,VGK,ev,none,snap,1551,8482250,C. Burke,8477964,I. Barbashev,8478403,J. Eichel,0,2
2024-11-23,2024020322,2,REG,09:09,VGK,ev,none,snap,1551,8477964,I. Barbashev,8478403,J. Eichel,,,0,3
2024-11-23,2024020322,2,REG,10:35,VGK,ev,none,snap,1551,8476871,T. Pearson,8478396,N. Hanifin,8481655,C. Schwindt,0,4
2024-11-23,2024020322,2,REG,17:02,VGK,ev,none,snap,1551,8478434,K. Kolesar,8480727,Z. Whitecloud,8478396,N. Hanifin,0,5
2024-11-23,2024020322,3,REG,02:03,MTL,pp,none,snap,1451,8482476,E. Heineman,8476469,J. Armia,8475848,B. Gallagher,1,5
2024-11-23,2024020322,3,REG,13:03,MTL,ev,none,snap,1551,8481593,J. Struble,8475848,B. Gallagher,8476981,J. Anderson,2,5
2024-11-23,2024020322,3,REG,18:12,VGK,ev,none,snap,1551,8478403,J. Eichel,8477964,I. Barbashev,8477447,S. Theodore,2,6
2024-11-23,2024020323,1,REG,18:36,VAN,pp,none,tip-in,1541,8478498,J. DeBrusk,8478856,C. Garland,8479425,F. Hronek,0,1
2024-11-23,2024020323,2,REG,03:41,OTT,pp,none,wrist,1451,8480801,B. Tkachuk,8482105,J. Sanderson,8480208,D. Batherson,1,1
2024-11-23,2024020323,2,REG,09:23,VAN,ev,none,wrist,1551,8476927,T. Blueger,8484136,M. Sasson,8474574,T. Myers,1,2
2024-11-23,2024020323,2,REG,13:01,VAN,ev,none,backhand,1551,8478498,J. DeBrusk,8480748,K. Sherwood,8480012,E. Pettersson,1,3
2024-11-23,2024020323,3,REG,08:41,VAN,ev,none,poke,1551,8480748,K. Sherwood,8478498,J. DeBrusk,8480012,E. Pettersson,1,4
2024-11-23,2024020323,3,REG,16:29,OTT,pp,none,wrist,1460,8473512,C. Giroux,8480064,J. Norris,,,2,4
2024-11-23,2024020323,3,REG,19:16,OTT,ev,none,snap,1560,8482116,T. Stützle,8473512,C. Giroux,8480208,D. Batherson,3,4
2024-11-23,2024020324,1,REG,08:33,BOS,pp,none,deflected,1541,8479638,J. Brazeau,8474870,T. Johnson,8482511,M. Lohrei,0,1
2024-11-23,2024020324,1,REG,19:02,DET,ev,none,wrist,1551,8482078,L. Raymond,8475765,V. Tarasenko,8477946,D. Larkin,1,1
2024-11-23,2024020324,3,REG,11:30,BOS,ev,none,wrist,1551,8473419,B. Marchand,8479369,A. Peeke,8477956,D. Pastrnak,1,2
2024-11-23,2024020325,1,REG,04:09,TBL,ev,none,wrist,1551,8478519,A. Cirelli,8479542,B. Hagel,8482070,M. Chaffee,1,0
2024-11-23,2024020325,1,REG,06:05,DAL,ev,none,tip-in,1551,8474149,E. Dadonov,8480950,I. Lyubushkin,8479351,S. Steel,1,1
2024-11-23,2024020325,1,REG,08:34,TBL,ev,none,wrist,1551,8478519,A. Cirelli,8482929,E. Lilleberg,8479542,B. Hagel,2,1
2024-11-23,2024020325,1,REG,15:49,DAL,ev,none,wrist,1551,8480036,M. Heiskanen,8475168,M. Duchene,,,2,2
2024-11-23,2024020325,3,REG,06:55,DAL,ev,none,wrist,1551,8475168,M. Duchene,8475794,T. Seguin,,,2,3
2024-11-23,2024020325,3,REG,07:53,DAL,pp,none,snap,1541,8478449,R. Hintz,8482740,W. Johnston,8480027,J. Robertson,2,4
2024-11-23,2024020326,1,REG,08:54,UTA,ev,none,wrist,1551,8480855,J. McBain,8482699,D. Guenther,8483431,L. Cooley,0,1
2024-11-23,2024020326,1,REG,13:07,UTA,ev,none,wrist,1551,8479410,M. Sergachev,8479343,C. Keller,8477951,N. Schmaltz,0,2
2024-11-23,2024020326,2,REG,03:11,PIT,pp,none,wrist,1351,8471675,S. Crosby,8474578,E. Karlsson,,,1,2
2024-11-23,2024020326,2,REG,10:37,UTA,pp,none,deflected,1541,8475760,N. Bjugstad,8480891,M. Kesselring,8479619,M. Carcone,1,3
2024-11-23,2024020326,3,REG,06:38,UTA,pp,none,wrist,1541,8482699,D. Guenther,8477951,N. Schmaltz,8479343,C. Keller,1,4
2024-11-23,2024020326,3,REG,07:25,UTA,ev,none,tip-in,1551,8477021,A. Kerfoot,8483472,M. Lamoureux,8479619,M. Carcone,1,5
2024-11-23,2024020326,3,REG,15:59,UTA,pp,none,wrist,1541,8482699,D. Guenther,8483431,L. Cooley,8479343,C. Keller,1,6
2024-11-23,2024020327,1,REG,13:52,WSH,ev,none,wrist,1551,8478911,M. Roy,8480873,R. Sandin,8482148,H. Lapierre,1,0
2024-11-23,2024020327,1,REG,16:31,NJD,pp,none,wrist,1541,8475193,T. Tatar,8475287,E. Haula,8482684,L. Hughes,1,1
2024-11-23,2024020327,2,REG,07:08,NJD,ev,none,wrist,1551,8475455,B. Dillon,8475193,T. Tatar,,,1,2
2024-11-23,2024020327,2,REG,15:42,NJD,pp,none,snap,1541,8476462,D. Hamilton,8479407,J. Bratt,8480002,N. Hischier,1,3
2024-11-23,2024020327,3,REG,04:54,WSH,pp,own-goal,,1451,8481580,C. McMichael,,,,,2,3
2024-11-23,2024020328,1,REG,02:04,CBJ,ev,none,snap,1551,8479371,D. Fabbro,,,,,1,0
2024-11-23,2024020328,1,REG,06:41,CAR,ev,none,wrist,1551,8478458,J. Roslovic,8478427,S. Aho,,,1,1
2024-11-23,2024020328,1,REG,10:20,CBJ,ev,none,wrist,1551,8480893,K. Marchenko,,,,,2,1
2024-11-23,2024020328,2,REG,05:40,CAR,ev,none,wrist,1551,8478970,J. Chatfield,8475200,D. Orlov,8480039,M. Necas,2,2
2024-11-23,2024020328,2,REG,07:10,CBJ,pp,none,snap,1451,8481716,D. Voronkov,8482660,K. Johnson,8478460,Z. Werenski,3,2
2024-11-23,2024020328,2,REG,10:39,CAR,pp,none,slap,1541,8478427,S. Aho,8480039,M. Necas,,,3,3
2024-11-23,2024020328,2,REG,13:23,CAR,ev,none,wrist,1551,8482809,J. Blake,8480829,J. Kotkaniemi,,,3,4
2024-11-23,2024020328,3,REG,18:54,CBJ,ev,none,snap,1560,8480893,K. Marchenko,8477497,S. Monahan,8482660,K. Johnson,4,4
2024-11-23,2024020328,5,SO,00:00,CBJ,ev,none,wrist,1010,8477497,S. Monahan,,,,,5,4
2024-11-23,2024020329,1,REG,09:55,NSH,ev,none,slap,1551,8474600,R. Josi,8476539,J. Marchessault,8476873,M. Jankowski,1,0
2024-11-23,2024020329,2,REG,09:58,WPG,ev,none,wrist,1551,8476392,A. Lowry,8475799,N. Niederreiter,8478891,M. Appleton,1,1
2024-11-23,2024020329,3,REG,03:20,NSH,pp,none,slap,1451,8474564,S. Stamkos,8476887,F. Forsberg,8476869,B. Skjei,2,1
2024-11-23,2024020329,3,REG,05:04,NSH,ev,none,wrist,1551,8476539,J. Marchessault,,,,,3,1
2024-11-23,2024020329,3,REG,18:40,NSH,ev,empty-net,wrist,0651,8474600,R. Josi,8475158,R. O'Reilly,,,4,1
2024-11-23,2024020330,1,REG,18:51,NYI,ev,none,wrist,1551,8475151,K. Palmieri,8475754,B. Nelson,,,1,0
2024-11-23,2024020330,2,REG,15:55,NYI,pp,none,snap,1451,8475754,B. Nelson,8484958,M. Tsyplakov,8481601,S. Holmstrom,2,0
2024-11-23,2024020330,3,REG,00:45,STL,pp,none,snap,1541,8482089,J. Neighbours,8477402,P. Buchnevich,8480023,R. Thomas,2,1
2024-11-23,2024020330,3,REG,19:23,NYI,ev,empty-net,wrist,0651,8475151,K. Palmieri,8475754,B. Nelson,,,3,1
2024-11-23,2024020331,1,REG,09:59,SJS,ev,none,wrist,1551,8480188,F. Zetterlund,8478013,J. Walman,8482667,W. Eklund,1,0
2024-11-23,2024020331,1,REG,11:03,BUF,ev,none,wrist,1551,8481522,P. Krebs,8481524,B. Byram,,,1,1
2024-11-23,2024020331,2,REG,04:07,SJS,ev,none,backhand,1551,8479316,L. Kunin,8475726,T. Toffoli,8477505,A. Wennberg,2,1
2024-11-23,2024020331,3,REG,02:07,BUF,ev,none,slap,1551,8481528,D. Cozens,8480839,R. Dahlin,8481524,B. Byram,2,2
2024-11-23,2024020331,3,REG,05:27,BUF,sh,none,wrist,1451,8477949,A. Tuch,,,,,2,3
2024-11-23,2024020331,3,REG,19:59,BUF,ev,empty-net,wrist,1560,8480839,R. Dahlin,,,,,2,4
2024-11-23,2024020332,1,REG,17:34,EDM,ev,none,snap,1551,8481617,V. Podkolzin,8477934,L. Draisaitl,8477015,C. Brown,1,0
2024-11-23,2024020332,1,REG,19:51,EDM,sh,none,wrist,1541,8477498,D. Nurse,8477406,M. Janmark,8477015,C. Brown,2,0
2024-11-23,2024020332,2,REG,08:54,EDM,ev,none,wrist,1441,8477934,L. Draisaitl,8478402,C. McDavid,,,3,0
2024-11-23,2024020332,2,REG,11:58,EDM,ev,none,wrist,1551,8480803,E. Bouchard,8477406,M. Janmark,8474641,A. Henrique,4,0
2024-11-23,2024020332,2,REG,15:02,NYR,ev,none,wrist,1551,8478550,A. Panarin,8479323,A. Fox,,,4,1
2024-11-23,2024020332,3,REG,05:49,EDM,ev,none,tip-in,1551,8478402,C. McDavid,8480803,E. Bouchard,8477953,K. Kapanen,5,1
2024-11-23,2024020332,3,REG,09:37,EDM,ev,none,wrist,1551,8478402,C. McDavid,8479442,T. Stecher,,,6,1
2024-11-23,2024020332,3,REG,16:29,NYR,ev,none,wrist,1551,8478550,A. Panarin,8482109,A. Lafrenière,,,6,2
2024-11-24,2024020333,1,REG,17:48,UTA,pp,none,tip-in,1541,8483431,L. Cooley,8482699,D. Guenther,8479410,M. Sergachev,0,1
2024-11-24,2024020333,2,REG,05:15,TOR,ev,none,wrist,1551,8478483,M. Marner,8475166,J. Tavares,8475690,C. Tanev,1,1
2024-11-24,2024020333,2,REG,09:34,TOR,pp,none,wrist,1451,8478483,M. Marner,8483489,F. Minten,8477939,W. Nylander,2,1
2024-11-24,2024020333,2,REG,10:50,TOR,ev,none,backhand,1551,8477939,W. Nylander,,,,,3,1
2024-11-24,2024020333,3,REG,01:51,UTA,ev,none,tip-in,1551,8480855,J. McBain,8483431,L. Cooley,8480891,M. Kesselring,3,2
2024-11-25,2024020334,1,REG,05:41,TBL,ev,none,wrist,1551,8480246,N. Perbix,,,,,1,0
2024-11-25,2024020334,1,REG,07:46,TBL,pp,none,wrist,1451,8477404,J. Guentzel,8479542,B. Hagel,8476453,N. Kucherov,2,0
2024-11-25,2024020334,1,REG,08:56,COL,ev,none,poke,1551,8483930,I. Ivan,8477501,V. Nichushkin,8476312,J. Manson,2,1
2024-11-25,2024020334,1,REG,10:03,TBL,ev,none,wrist,1551,8476453,N. Kucherov,8479542,B. Hagel,,,3,1
2024-11-25,2024020334,1,REG,13:15,TBL,sh,none,wrist,1541,8476822,L. Glendening,8479542,B. Hagel,,,4,1
2024-11-25,2024020334,1,REG,19:46,TBL,ev,none,snap,1551,8478519,A. Cirelli,8478416,E. Cernak,8479542,B. Hagel,5,1
2024-11-25,2024020334,2,REG,09:38,TBL,pp,none,wrist,1451,8478010,B. Point,8479542,B. Hagel,8476453,N. Kucherov,6,1
2024-11-25,2024020334,3,REG,01:08,COL,ev,none,wrist,1551,8483930,I. Ivan,,,,,6,2
2024-11-25,2024020334,3,REG,03:09,TBL,ev,none,wrist,1551,8477404,J. Guentzel,8480246,N. Perbix,,,7,2
2024-11-25,2024020334,3,REG,04:44,TBL,ev,none,wrist,1551,8479591,M. Eyssimont,8476878,Z. Girgensons,,,8,2
2024-11-25,2024020335,1,REG,07:00,FLA,ev,none,wrist,1551,8478859,N. Mikkola,8477935,S. Bennett,8477409,C. Verhaeghe,1,0
2024-11-25,2024020335,1,REG,17:49,WSH,ev,none,wrist,1551,8474189,L. Eller,8479345,J. Chychrun,8482148,H. Lapierre,1,1
2024-11-25,2024020335,3,REG,01:18,WSH,pp,none,wrist,1531,8479345,J. Chychrun,8478440,D. Strome,8476880,T. Wilson,1,2
2024-11-25,2024020335,3,REG,18:32,WSH,ev,empty-net,backhand,1560,8474189,L. Eller,8479400,P. Dubois,8479345,J. Chychrun,1,3
2024-11-25,2024020335,3,REG,19:37,WSH,ev,empty-net,wrist,1560,8483491,I. Miroshnichenko,8478911,M. Roy,,,1,4
2024-11-25,2024020336,1,REG,05:08,NSH,ev,none,wrist,1551,8476887,F. Forsberg,,,,,0,1
2024-11-25,2024020336,1,REG,11:29,NJD,ev,none,tip-in,1551,8475287,E. Haula,8480192,J. Kovacevic,8482110,D. Mercer,1,1
2024-11-25,2024020336,2,REG,03:52,NJD,ev,none,wrist,1551,8480002,N. Hischier,8478414,T. Meier,8482684,L. Hughes,2,1
2024-11-25,2024020336,2,REG,10:01,NJD,pp,none,wrist,1451,8480002,N. Hischier,,,,,3,1
2024-11-25,2024020336,2,REG,16:57,NJD,ev,none,snap,1551,8480002,N. Hischier,8476474,S. Noesen,,,4,1
2024-11-25,2024020336,3,REG,07:39,NSH,ev,none,backhand,1551,8482742,Z. L'Heureux,8474600,R. Josi,,,4,2
2024-11-25,2024020336,3,REG,17:25,NJD,ev,empty-net,wrist,0651,8475413,J. Dowling,8480192,J. Kovacevic,8475455,B. Dillon,5,2
2024-11-25,2024020337,1,REG,08:47,NYR,ev,none,deflected,1551,8482157,W. Cuylle,8481554,K. Kakko,8481708,Z. Jones,1,0
2024-11-25,2024020337,1,REG,11:45,STL,ev,none,snap,1551,8479385,J. Kyrou,8475170,B. Schenn,,,1,1
2024-11-25,2024020337,2,REG,04:30,STL,ev,none,snap,1551,8482737,Z. Bolduc,8476889,R. Faksa,8482077,D. Holloway,1,2
2024-11-25,2024020337,2,REG,07:20,NYR,ev,none,wrist,1551,8482157,W. Cuylle,8476459,M. Zibanejad,8482132,B. Berard,2,2
2024-11-25,2024020337,3,REG,01:12,STL,ev,none,snap,1441,8475170,B. Schenn,8481059,S. Perunovich,,,2,3
2024-11-25,2024020337,3,REG,08:25,STL,ev,none,snap,1551,8482737,Z. Bolduc,8476892,C. Parayko,8482077,D. Holloway,2,4
2024-11-25,2024020337,3,REG,17:15,STL,ev,empty-net,wrist,1560,8477402,P. Buchnevich,8476897,O. Sundqvist,8470600,R. Suter,2,5
2024-11-25,2024020338,1,REG,08:51,PHI,ev,none,tip-in,1551,8480028,M. Frost,8477499,R. Ristolainen,8480015,O. Tippett,1,0
2024-11-25,2024020338,1,REG,12:07,PHI,ev,none,wrist,1551,8476461,S. Couturier,8478439,T. Konecny,,,2,0
2024-11-25,2024020338,2,REG,00:28,PHI,ev,none,snap,1551,8482126,E. Andrae,8477903,G. Hathaway,8476872,S. Laughton,3,0
2024-11-25,2024020338,2,REG,07:42,VGK,ev,none,wrist,1551,8478403,J. Eichel,8477964,I. Barbashev,,,3,1
2024-11-25,2024020338,2,REG,11:32,VGK,ev,none,wrist,1551,8477964,I. Barbashev,8478403,J. Eichel,,,3,2
2024-11-25,2024020338,2,REG,13:18,PHI,ev,none,snap,1551,8484387,M. Michkov,8480028,M. Frost,,,4,2
2024-11-25,2024020338,2,REG,18:10,VGK,pp,none,slap,1541,8481604,P. Dorofeyev,8477447,S. Theodore,8476881,T. Hertl,4,3
2024-11-25,2024020338,3,REG,11:55,VGK,ev,none,wrist,1551,8476871,T. Pearson,8478396,N. Hanifin,8479980,N. Hague,4,4
2024-11-25,2024020338,5,SO,00:00,VGK,ev,none,snap,0101,8478403,J. Eichel,,,,,4,5
2024-11-25,2024020339,1,REG,00:18,DAL,ev,none,wrist,1551,8475794,T. Seguin,8478975,M. Marchment,8475168,M. Duchene,0,1
2024-11-25,2024020339,1,REG,06:36,CAR,sh,none,backhand,1541,8482093,S. Jarvis,8478427,S. Aho,,,1,1
2024-11-25,2024020339,1,REG,10:15,DAL,ev,none,snap,1551,8481581,T. Harley,8473994,J. Benn,8480036,M. Heiskanen,1,2
2024-11-25,2024020339,2,REG,07:13,DAL,ev,none,wrist,1551,8478975,M. Marchment,8475794,T. Seguin,8475168,M. Duchene,1,3
2024-11-25,2024020339,3,REG,01:10,CAR,ev,none,snap,1551,8478427,S. Aho,8482093,S. Jarvis,8475200,D. Orlov,2,3
2024-11-25,2024020339,3,REG,03:43,CAR,ev,none,wrist,1551,8470613,B. Burns,8473533,J. Staal,8476921,J. Martinook,3,3
2024-11-25,2024020339,3,REG,08:09,CAR,pp,none,snap,1451,8476906,S. Gostisbehere,8480039,M. Necas,8478427,S. Aho,4,3
2024-11-25,2024020339,3,REG,14:46,DAL,ev,none,wrist,1551,8480036,M. Heiskanen,8482740,W. Johnston,,,4,4
2024-11-25,2024020339,3,REG,17:53,CAR,pp,none,wrist,1451,8480039,M. Necas,8476906,S. Gostisbehere,8482093,S. Jarvis,5,4
2024-11-25,2024020339,3,REG,19:45,CAR,ev,empty-net,wrist,0651,8480830,A. Svechnikov,8478427,S. Aho,8476958,J. Slavin,6,4
2024-11-25,2024020340,1,REG,14:32,CGY,pp,none,wrist,1541,8476456,J. Huberdeau,8482679,M. Coronato,8482074,C. Zary,0,1
2024-11-25,2024020340,1,REG,17:05,OTT,ev,none,wrist,1551,8478874,A. Gaudette,8482092,R. Greig,8473512,C. Giroux,1,1
2024-11-25,2024020340,2,REG,03:18,OTT,pp,none,tip-in,1451,8480208,D. Batherson,8480801,B. Tkachuk,8482105,J. Sanderson,2,1
2024-11-25,2024020340,2,REG,13:17,OTT,ev,none,wrist,1551,8481133,C. Reinhardt,8482092,R. Greig,8482105,J. Sanderson,3,1
2024-11-25,2024020340,2,REG,15:27,CGY,ev,none,wrist,1551,8481068,Y. Sharangovich,,,,,3,2
2024-11-25,2024020340,3,REG,01:14,OTT,pp,none,wrist,1451,8480801,B. Tkachuk,8480208,D. Batherson,8482116,T. Stützle,4,2
2024-11-25,2024020340,3,REG,19:21,CGY,ev,none,snap,0651,8475172,N. Kadri,8481028,M. Pospisil,8474150,M. Backlund,4,3
2024-11-25,2024020341,1,REG,04:35,NYI,ev,none,wrist,1551,8475314,A. Lee,8476419,J. Pageau,8480865,N. Dobson,1,0
2024-11-25,2024020341,1,REG,13:25,DET,ev,none,slap,1551,8481542,M. Seider,8477429,A. Copp,8478432,C. Fischer,1,1
2024-11-25,2024020341,2,REG,07:42,NYI,ev,none,wrist,1551,8475151,K. Palmieri,8475754,B. Nelson,8483448,I. George,2,1
2024-11-25,2024020341,3,REG,11:20,DET,ev,none,wrist,1551,8477946,D. Larkin,8475718,J. Holl,8481607,A. Johansson,2,2
2024-11-25,2024020341,3,REG,13:53,DET,ev,none,tip-in,1551,8482078,L. Raymond,8482762,S. Edvinsson,8481542,M. Seider,2,3
2024-11-25,2024020341,3,REG,19:57,DET,ev,empty-net,wrist,1560,8482762,S. Edvinsson,,,,,2,4
2024-11-25,2024020342,1,REG,08:37,MIN,ev,none,wrist,1551,8478136,J. Middleton,8475149,M. Johansson,8482122,B. Faber,1,0
2024-11-25,2024020342,1,REG,10:03,WPG,ev,none,backhand,1551,8480113,A. Iafallo,8480845,R. Kupari,,,1,1
2024-11-25,2024020342,2,REG,12:05,WPG,ev,none,backhand,1551,8475799,N. Niederreiter,8480145,N. Pionk,8476480,V. Namestnikov,1,2
2024-11-25,2024020342,3,REG,13:20,WPG,pp,none,tip-in,1541,8480113,A. Iafallo,8480145,N. Pionk,8482149,C. Perfetti,1,3
2024-11-25,2024020342,3,REG,18:57,WPG,ev,empty-net,backhand,1560,8476392,A. Lowry,8478398,K. Connor,8476460,M. Scheifele,1,4
2024-11-25,2024020343,1,REG,07:12,SEA,ev,none,wrist,1551,8483524,S. Wright,8477416,O. Bjorkstrand,8482858,R. Evans,0,1
2024-11-25,2024020343,1,REG,15:59,ANA,ev,none,wrist,1560,8481533,T. Zegras,8478873,T. Terry,8475208,B. Dumoulin,1,1
2024-11-25,2024020343,2,REG,06:17,ANA,ev,none,tip-in,1551,8478366,F. Vatrano,8482803,O. Zellweger,8478873,T. Terry,2,1
2024-11-25,2024020343,3,REG,00:46,SEA,ev,none,tip-in,1551,8477444,A. Burakovsky,8477955,J. McCann,8482858,R. Evans,2,2
2024-11-25,2024020343,3,REG,01:10,SEA,ev,none,slap,1551,8477986,B. Montour,8483524,S. Wright,,,2,3
2024-11-25,2024020344,1,REG,01:47,SJS,ev,none,wrist,1551,8481477,N. Sturm,8479983,M. Ferraro,8482137,Y. Askarov,1,0
2024-11-25,2024020344,2,REG,02:32,LAK,ev,none,snap,1551,8482730,B. Clarke,8477960,A. Kempe,8471685,A. Kopitar,1,1
2024-11-25,2024020344,2,REG,08:58,LAK,ev,none,backhand,1551,8471685,A. Kopitar,8477960,A. Kempe,8477998,W. Foegele,1,2
2024-11-25,2024020344,2,REG,13:59,SJS,ev,none,wrist,1551,8480188,F. Zetterlund,8482667,W. Eklund,8484801,M. Celebrini,2,2
2024-11-25,2024020344,3,REG,01:03,SJS,ev,none,snap,1551,8484801,M. Celebrini,8481567,H. Thrun,8480172,J. Rutta,3,2
2024-11-25,2024020344,3,REG,02:14,SJS,ev,none,slap,1551,8480043,T. Liljegren,8484227,W. Smith,,,4,2
2024-11-25,2024020344,3,REG,03:43,SJS,pp,none,slap,1351,8484801,M. Celebrini,8482667,W. Eklund,8484227,W. Smith,5,2
2024-11-25,2024020344,3,REG,10:46,SJS,pp,none,tip-in,1451,8477505,A. Wennberg,8478013,J. Walman,,,6,2
2024-11-25,2024020344,3,REG,18:39,SJS,ev,none,wrist,1551,8479316,L. Kunin,,,,,7,2
2024-11-26,2024020345,2,REG,05:53,VAN,pp,none,backhand,1541,8478498,J. DeBrusk,8478856,C. Garland,8480800,Q. Hughes,0,1
2024-11-26,2024020345,3,REG,19:47,VAN,ev,empty-net,wrist,1560,8478856,C. Garland,8480459,P. Suter,,,0,2
2024-11-26,2024020346,2,REG,06:23,UTA,ev,none,snap,1551,8482699,D. Guenther,8479343,C. Keller,8477951,N. Schmaltz,0,1
2024-11-26,2024020346,2,REG,08:05,MTL,ev,none,snap,1551,8481593,J. Struble,8481540,C. Caufield,8475233,D. Savard,1,1
2024-11-26,2024020346,3,REG,00:46,MTL,ev,none,backhand,1551,8481618,A. Newhook,8477989,C. Dvorak,8482964,A. Xhekaj,2,1
2024-11-26,2024020346,3,REG,04:17,UTA,ev,none,snap,1551,8480855,J. McBain,8483431,L. Cooley,8482699,D. Guenther,2,2
2024-11-26,2024020346,4,OT,04:33,UTA,ev,none,snap,1331,8479410,M. Sergachev,8477951,N. Schmaltz,8480849,B. Hayton,2,3
2024-11-27,2024020347,1,REG,06:55,MIN,ev,none,wrist,1551,8478864,K. Kaprizov,8478493,J. Eriksson Ek,8481557,M. Boldy,0,1
2024-11-27,2024020348,1,REG,00:09,STL,ev,none,slap,1551,8480023,R. Thomas,8477402,P. Buchnevich,8475753,J. Faulk,0,1
2024-11-27,2024020348,1,REG,06:23,STL,ev,none,wrist,1551,8482077,D. Holloway,8476438,B. Saad,,,0,2
2024-11-27,2024020348,1,REG,16:05,STL,ev,none,snap,1551,8482077,D. Holloway,8482089,J. Neighbours,,,0,3
2024-11-27,2024020349,1,REG,04:53,CAR,ev,none,snap,1551,8480835,J. Drury,8480039,M. Necas,8475200,D. Orlov,1,0
2024-11-27,2024020349,1,REG,17:38,NYR,ev,none,wrist,1551,8477380,J. Brodzinski,8476918,J. Vesey,8479324,R. Lindgren,1,1
2024-11-27,2024020349,2,REG,01:12,CAR,pp,none,snap,1451,8482093,S. Jarvis,8480039,M. Necas,8478427,S. Aho,2,1
2024-11-27,2024020349,2,REG,09:13,NYR,ev,none,wrist,1551,8482132,B. Berard,8482157,W. Cuylle,8481708,Z. Jones,2,2
2024-11-27,2024020349,2,REG,18:49,NYR,ev,none,snap,1551,8481726,A. Edstrom,8475191,R. Smith,8479323,A. Fox,2,3
2024-11-27,2024020349,3,REG,09:54,CAR,ev,none,wrap-around,1551,8480829,J. Kotkaniemi,8480762,E. Robinson,8476906,S. Gostisbehere,3,3
2024-11-27,2024020349,3,REG,12:01,CAR,pp,none,wrist,1451,8482809,J. Blake,8480835,J. Drury,8478458,J. Roslovic,4,3
2024-11-27,2024020350,1,REG,06:33,DET,pp,none,snap,1451,8479337,A. DeBrincat,8479992,M. Rasmussen,8482078,L. Raymond,1,0
2024-11-27,2024020350,3,REG,17:12,CGY,pp,none,snap,1541,8482074,C. Zary,8477346,M. Weegar,8481068,Y. Sharangovich,1,1
2024-11-27,2024020350,4,OT,03:35,DET,pp,none,wrist,1341,8482078,L. Raymond,8479337,A. DeBrincat,8481542,M. Seider,2,1
2024-11-27,2024020351,1,REG,03:58,TBL,ev,none,backhand,1551,8478010,B. Point,8477404,J. Guentzel,,,1,0
2024-11-27,2024020351,1,REG,12:27,TBL,pp,none,snap,1451,8478010,B. Point,8476453,N. Kucherov,8475167,V. Hedman,2,0
2024-11-27,2024020351,2,REG,10:31,WSH,ev,none,wrist,0651,8478233,A. Mangiapane,8474189,L. Eller,8482148,H. Lapierre,2,1
2024-11-27,2024020351,2,REG,12:29,WSH,sh,none,wrist,1451,8481656,A. Protas,8476880,T. Wilson,,,2,2
2024-11-27,2024020351,2,REG,19:16,TBL,ev,none,backhand,1551,8479591,M. Eyssimont,8476878,Z. Girgensons,,,3,2
2024-11-27,2024020351,3,REG,01:37,WSH,ev,none,wrist,1551,8478440,D. Strome,8479390,T. Raddysh,8481656,A. Protas,3,3
2024-11-27,2024020351,3,REG,07:25,TBL,ev,own-goal,,1551,8478010,B. Point,,,,,4,3
2024-11-27,2024020351,3,REG,10:30,WSH,ev,none,wrist,1551,8474590,J. Carlson,,,,,4,4
2024-11-27,2024020351,3,REG,16:34,WSH,pp,none,deflected,1541,8476880,T. Wilson,8479345,J. Chychrun,8478440,D. Strome,4,5
2024-11-27,2024020352,1,REG,04:46,FLA,pp,none,slap,1451,8477493,A. Barkov,8477932,A. Ekblad,8477409,C. Verhaeghe,1,0
2024-11-27,2024020352,1,REG,05:36,FLA,ev,none,snap,1551,8482713,M. Samoskevich,8480185,E. Luostarinen,,,2,0
2024-11-27,2024020352,2,REG,17:04,FLA,sh,none,snap,1541,8477933,S. Reinhart,8477493,A. Barkov,,,3,0
2024-11-27,2024020352,2,REG,18:31,TOR,pp,none,wrist,1541,8478483,M. Marner,,,,,3,1
2024-11-27,2024020352,3,REG,14:37,FLA,pp,none,wrist,1451,8477409,C. Verhaeghe,8477935,S. Bennett,8478542,E. Rodrigues,4,1
2024-11-27,2024020352,3,REG,18:32,FLA,ev,empty-net,wrist,0651,8477935,S. Bennett,8477409,C. Verhaeghe,8479314,M. Tkachuk,5,1
2024-11-27,2024020353,1,REG,00:57,BOS,ev,none,snap,1551,8473419,B. Marchand,8477496,E. Lindholm,,,0,1
2024-11-27,2024020353,1,REG,06:31,BOS,ev,none,wrist,1551,8473419,B. Marchand,8479638,J. Brazeau,8477496,E. Lindholm,0,2
2024-11-27,2024020353,1,REG,12:50,NYI,ev,none,wrist,1551,8484958,M. Tsyplakov,8475754,B. Nelson,,,1,2
2024-11-27,2024020353,2,REG,08:52,NYI,ev,none,wrist,1551,8475754,B. Nelson,8484958,M. Tsyplakov,8483448,I. George,2,2
2024-11-27,2024020353,2,REG,11:59,BOS,ev,none,wrist,1551,8479987,M. Geekie,8478401,P. Zacha,8477956,D. Pastrnak,2,3
2024-11-27,2024020353,2,REG,19:52,NYI,ev,none,wrist,1551,8475754,B. Nelson,8477506,R. Pulock,8477500,B. Horvat,3,3
2024-11-27,2024020353,3,REG,10:48,BOS,ev,none,tip-in,1551,8478401,P. Zacha,8479369,A. Peeke,8477956,D. Pastrnak,3,4
2024-11-27,2024020353,3,REG,13:23,BOS,ev,none,backhand,1551,8478401,P. Zacha,8477956,D. Pastrnak,8477507,N. Zadorov,3,5
2024-11-27,2024020353,3,REG,17:58,BOS,ev,empty-net,backhand,1560,8477507,N. Zadorov,8477496,E. Lindholm,8479325,C. McAvoy,3,6
2024-11-27,2024020354,1,REG,03:59,PIT,ev,none,backhand,1551,8481481,B. Lizotte,8478854,R. Shea,8482055,D. O'Connor,1,0
2024-11-27,2024020354,1,REG,08:52,VAN,ev,none,snap,1551,8482691,A. Räty,8484136,M. Sasson,,,1,1
2024-11-27,2024020354,1,REG,12:53,PIT,ev,none,wrist,1551,8476483,R. Rakell,8475810,B. Rust,8477969,M. Pettersson,2,1
2024-11-27,2024020354,1,REG,15:14,PIT,pp,none,wrist,1451,8475763,K. Hayes,8471215,E. Malkin,8474578,E. Karlsson,3,1
2024-11-27,2024020354,1,REG,17:41,PIT,ev,none,wrist,1551,8475810,B. Rust,8471675,S. Crosby,8474578,E. Karlsson,4,1
2024-11-27,2024020354,2,REG,03:40,PIT,ev,none,wrist,1551,8475810,B. Rust,8471675,S. Crosby,8474578,E. Karlsson,5,1
2024-11-27,2024020354,2,REG,13:40,VAN,ev,none,slap,1551,8480459,P. Suter,8480800,Q. Hughes,8479425,F. Hronek,5,2
2024-11-27,2024020354,3,REG,00:40,VAN,ev,none,snap,1551,8480800,Q. Hughes,8480012,E. Pettersson,,,5,3
2024-11-27,2024020354,3,REG,18:14,VAN,ev,none,wrist,0651,8480012,E. Pettersson,8478856,C. Garland,8480800,Q. Hughes,5,4
2024-11-27,2024020355,1,REG,09:08,CBJ,ev,none,snap,1551,8479671,M. Olivier,8478460,Z. Werenski,8479944,Z. Aston-Reese,1,0
2024-11-27,2024020355,1,REG,13:00,MTL,ev,none,snap,1551,8483515,J. Slafkovský,,,,,1,1
2024-11-27,2024020355,2,REG,04:27,CBJ,ev,none,snap,1551,8482475,E. Chinakhov,8484166,A. Fantilli,8482660,K. Johnson,2,1
2024-11-27,2024020355,2,REG,06:34,MTL,pp,none,wrist,1541,8481540,C. Caufield,8483515,J. Slafkovský,,,2,2
2024-11-27,2024020355,3,REG,08:24,MTL,ev,none,backhand,1551,8482476,E. Heineman,8478133,J. Evans,8476469,J. Armia,2,3
2024-11-27,2024020355,3,REG,12:22,CBJ,ev,none,snap,1551,8478460,Z. Werenski,8476923,D. Severson,8481716,D. Voronkov,3,3
2024-11-27,2024020355,4,OT,00:44,MTL,ev,none,snap,1331,8480018,N. Suzuki,8483457,L. Hutson,,,3,4
2024-11-27,2024020356,1,REG,06:17,NSH,ev,none,wrist,1441,8474600,R. Josi,8478851,A. Carrier,,,1,0
2024-11-27,2024020356,1,REG,12:46,PHI,ev,none,wrist,1551,8476872,S. Laughton,8480068,R. Poehling,,,1,1
2024-11-27,2024020356,1,REG,16:18,NSH,ev,none,slap,1551,8475158,R. O'Reilly,8474679,G. Nyquist,8476869,B. Skjei,2,1
2024-11-27,2024020356,3,REG,19:48,PHI,ev,none,tip-in,0651,8480028,M. Frost,8477948,T. Sanheim,8476461,S. Couturier,2,2
2024-11-27,2024020356,4,OT,02:31,PHI,ev,none,tip-in,1331,8476461,S. Couturier,8478439,T. Konecny,8477499,R. Ristolainen,2,3
2024-11-27,2024020357,1,REG,00:17,CHI,ev,none,wrist,1551,8475791,T. Hall,8480798,P. Kurashev,8474166,A. Martinez,1,0
2024-11-27,2024020357,1,REG,05:43,CHI,ev,none,snap,1551,8475791,T. Hall,8477987,R. Donato,,,2,0
2024-11-27,2024020357,2,REG,00:41,CHI,pp,none,snap,1451,8484144,C. Bedard,8477479,T. Bertuzzi,,,3,0
2024-11-27,2024020357,2,REG,03:06,CHI,ev,none,snap,1551,8476882,T. Teravainen,8477479,T. Bertuzzi,8474673,T. Brodie,4,0
2024-11-27,2024020357,2,REG,03:41,DAL,ev,none,backhand,1551,8476278,C. Blackwell,8480036,M. Heiskanen,8482145,M. Bourque,4,1
2024-11-27,2024020357,2,REG,08:42,CHI,ev,none,snap,1551,8475791,T. Hall,8475225,C. Smith,8474034,P. Maroon,5,1
2024-11-27,2024020357,2,REG,13:18,CHI,ev,none,snap,1551,8481806,L. Crevier,8481624,I. Mikheyev,,,6,1
2024-11-27,2024020357,3,REG,13:43,DAL,pp,none,backhand,1541,8475168,M. Duchene,8482740,W. Johnston,8480027,J. Robertson,6,2
2024-11-27,2024020358,2,REG,13:09,VGK,ev,none,wrist,1551,8481604,P. Dorofeyev,8477964,I. Barbashev,8474565,A. Pietrangelo,0,1
2024-11-27,2024020358,2,REG,13:42,COL,ev,none,wrist,1551,8477501,V. Nichushkin,,,,,1,1
2024-11-27,2024020358,5,SO,00:00,COL,ev,none,wrist,1010,8477501,V. Nichushkin,,,,,2,1
2024-11-27,2024020359,1,REG,01:52,LAK,pp,none,tip-in,1451,8471685,A. Kopitar,8477960,A. Kempe,8482155,A. Laferriere,1,0
2024-11-27,2024020359,2,REG,07:10,LAK,ev,none,wrist,1551,8476479,P. Danault,8481532,A. Turcotte,8482155,A. Laferriere,2,0
2024-11-27,2024020359,2,REG,09:12,WPG,pp,none,wrist,1541,8480014,G. Vilardi,8477940,N. Ehlers,8478398,K. Connor,2,1
2024-11-27,2024020359,3,REG,05:21,LAK,ev,none,deflected,1551,8477942,K. Fiala,8482730,B. Clarke,8476441,J. Edmundson,3,1
2024-11-27,2024020359,3,REG,17:04,LAK,ev,empty-net,wrist,0651,8477960,A. Kempe,8471685,A. Kopitar,8478882,V. Gavrikov,4,1
2024-11-27,2024020360,1,REG,08:23,ANA,ev,none,wrist,1551,8478366,F. Vatrano,8478873,T. Terry,,,0,1
2024-11-27,2024020360,1,REG,12:43,ANA,ev,none,wrist,1551,8481517,B. Leason,8483445,C. Gauthier,8480806,I. Lundestrom,0,2
2024-11-27,2024020360,1,REG,16:34,SEA,ev,none,snap,1551,8480009,E. Tolvanen,8476826,Y. Gourde,8479293,B. Tanev,1,2
2024-11-27,2024020360,2,REG,08:58,SEA,ev,none,snap,1551,8477416,O. Bjorkstrand,8483524,S. Wright,,,2,2
2024-11-27,2024020360,2,REG,10:02,ANA,ev,none,wrist,1551,8473986,A. Killorn,8481533,T. Zegras,,,2,3
2024-11-27,2024020360,2,REG,19:23,ANA,pp,none,wrist,1541,8483445,C. Gauthier,8483490,P. Mintyukov,,,2,4
2024-11-27,2024020360,3,REG,13:55,ANA,ev,none,wrist,1551,8481533,T. Zegras,8473986,A. Killorn,8482745,M. McTavish,2,5
2024-11-27,2024020361,1,REG,04:35,OTT,ev,none,deflected,1551,8478874,A. Gaudette,8482116,T. Stützle,8480801,B. Tkachuk,0,1
2024-11-27,2024020361,1,REG,13:56,OTT,pp,none,snap,1541,8480064,J. Norris,8480208,D. Batherson,8482116,T. Stützle,0,2
2024-11-27,2024020361,2,REG,09:19,SJS,ev,none,wrist,1551,8479983,M. Ferraro,8484227,W. Smith,8480011,K. Kostin,1,2
2024-11-27,2024020361,2,REG,15:22,OTT,ev,none,slap,1551,8482095,T. Kleven,8473512,C. Giroux,,,1,3
2024-11-27,2024020361,3,REG,04:48,SJS,ev,none,wrist,1551,8484801,M. Celebrini,8482667,W. Eklund,8478013,J. Walman,2,3
2024-11-27,2024020361,3,REG,12:32,SJS,pp,none,tip-in,1451,8484227,W. Smith,8480188,F. Zetterlund,8480043,T. Liljegren,3,3
2024-11-27,2024020361,3,REG,15:48,OTT,ev,none,tip-in,1551,8478874,A. Gaudette,8482116,T. Stützle,8480801,B. Tkachuk,3,4
2024-11-29,2024020362,1,REG,03:14,PHI,ev,none,wrist,1551,8481553,B. Brink,8482159,T. Foerster,,,1,0
2024-11-29,2024020362,1,REG,04:24,PHI,ev,none,backhand,1551,8478439,T. Konecny,8476461,S. Couturier,8477499,R. Ristolainen,2,0
2024-11-29,2024020362,2,REG,10:20,NYR,ev,none,wrist,1551,8476389,V. Trocheck,8482157,W. Cuylle,8482073,B. Schneider,2,1
2024-11-29,2024020362,3,REG,19:32,PHI,ev,empty-net,wrist,0651,8478439,T. Konecny,8477948,T. Sanheim,,,3,1
2024-11-29,2024020363,1,REG,02:23,CHI,ev,none,wrist,1551,8477987,R. Donato,8477479,T. Bertuzzi,,,0,1
2024-11-29,2024020363,2,REG,05:43,CHI,pp,none,slap,1541,8477987,R. Donato,8481568,A. Vlasic,8484144,C. Bedard,0,2
2024-11-29,2024020363,2,REG,10:22,MIN,ev,none,tip-in,1551,8482079,M. Rossi,8475149,M. Johansson,8478864,K. Kaprizov,1,2
2024-11-29,2024020363,2,REG,10:39,MIN,ev,none,wrist,1551,8474716,J. Spurgeon,8481557,M. Boldy,8478493,J. Eriksson Ek,2,2
2024-11-29,2024020363,2,REG,17:33,MIN,ev,none,wrist,1551,8474716,J. Spurgeon,8478493,J. Eriksson Ek,8475220,M. Foligno,3,2
2024-11-29,2024020364,1,REG,17:33,BUF,ev,none,tip-in,1551,8481524,B. Byram,8484145,Z. Benson,,,1,0
2024-11-29,2024020364,2,REG,18:12,VAN,ev,none,wrist,1551,8478498,J. DeBrusk,8480459,P. Suter,8478444,B. Boeser,1,1
2024-11-29,2024020364,3,REG,05:15,VAN,pp,none,tip-in,1541,8478856,C. Garland,8478444,B. Boeser,8480800,Q. Hughes,1,2
2024-11-29,2024020364,3,REG,09:00,VAN,ev,none,wrist,1551,8480459,P. Suter,8478856,C. Garland,,,1,3
2024-11-29,2024020364,3,REG,13:18,BUF,ev,none,wrist,1551,8481528,D. Cozens,8477365,C. Clifton,,,2,3
2024-11-29,2024020364,3,REG,14:57,BUF,ev,none,tip-in,1551,8477949,A. Tuch,8481528,D. Cozens,8484145,Z. Benson,3,3
2024-11-29,2024020364,4,OT,03:59,VAN,ev,none,backhand,1331,8478856,C. Garland,8480800,Q. Hughes,8480012,E. Pettersson,3,4
2024-11-29,2024020365,1,REG,03:41,DET,pp,none,snap,1451,8475765,V. Tarasenko,8473507,J. Petry,8477456,J. Compher,1,0
2024-11-29,2024020365,1,REG,09:22,DET,ev,none,deflected,1551,8482078,L. Raymond,8475765,V. Tarasenko,8483464,M. Kasper,2,0
2024-11-29,2024020365,1,REG,16:05,NJD,pp,none,wrist,1541,8476462,D. Hamilton,8480002,N. Hischier,8481559,J. Hughes,2,1
2024-11-29,2024020365,1,REG,18:00,NJD,pp,none,slap,1541,8478414,T. Meier,8482684,L. Hughes,8475193,T. Tatar,2,2
2024-11-29,2024020365,2,REG,01:26,DET,ev,none,tip-in,1551,8477353,T. Motte,8475279,B. Chiarot,8477456,J. Compher,3,2
2024-11-29,2024020365,2,REG,11:10,NJD,ev,none,wrist,1551,8480002,N. Hischier,8478414,T. Meier,8480192,J. Kovacevic,3,3
2024-11-29,2024020365,2,REG,16:49,NJD,ev,none,deflected,1551,8476474,S. Noesen,,,,,3,4
2024-11-29,2024020365,3,REG,03:05,NJD,pp,none,wrist,1541,8481559,J. Hughes,8476462,D. Hamilton,8479407,J. Bratt,3,5
2024-11-29,2024020365,3,REG,03:27,DET,ev,none,wrist,1551,8475718,J. Holl,8477429,A. Copp,8479337,A. DeBrincat,4,5
2024-11-29,2024020366,1,REG,03:36,NYI,ev,none,wrist,1551,8481601,S. Holmstrom,8475314,A. Lee,,,0,1
2024-11-29,2024020366,1,REG,04:50,WSH,ev,none,snap,1551,8475343,N. Dowd,8483491,I. Miroshnichenko,8479520,B. Duhaime,1,1
2024-11-29,2024020366,1,REG,12:10,WSH,pp,none,slap,1451,8476880,T. Wilson,8481580,C. McMichael,8478440,D. Strome,2,1
2024-11-29,2024020366,2,REG,01:15,NYI,ev,none,tip-in,1551,8475314,A. Lee,8480865,N. Dobson,8483448,I. George,2,2
2024-11-29,2024020366,2,REG,16:28,NYI,ev,none,snap,1551,8481237,K. MacLean,8477500,B. Horvat,8475314,A. Lee,2,3
2024-11-29,2024020366,2,REG,18:09,NYI,ev,none,tip-in,1551,8481601,S. Holmstrom,8479395,D. Cholowski,8477500,B. Horvat,2,4
2024-11-29,2024020366,3,REG,01:20,WSH,pp,none,snap,1451,8478440,D. Strome,8479345,J. Chychrun,8481580,C. McMichael,3,4
2024-11-29,2024020366,3,REG,07:24,WSH,ev,none,wrist,1551,8476880,T. Wilson,8477845,T. van Riemsdyk,8481580,C. McMichael,4,4
2024-11-29,2024020366,4,OT,01:20,WSH,ev,none,snap,1331,8479345,J. Chychrun,8478440,D. Strome,8474590,J. Carlson,5,4
2024-11-29,2024020367,1,REG,02:26,FLA,ev,none,backhand,1551,8480003,J. Boqvist,8482113,A. Lundell,,,0,1
2024-11-29,2024020367,1,REG,05:42,CAR,pp,none,backhand,1451,8482093,S. Jarvis,8478427,S. Aho,8476906,S. Gostisbehere,1,1
2024-11-29,2024020367,1,REG,09:05,FLA,ev,none,wrist,1551,8477933,S. Reinhart,8477493,A. Barkov,,,1,2
2024-11-29,2024020367,1,REG,11:21,FLA,ev,none,wrist,1551,8477409,C. Verhaeghe,8479314,M. Tkachuk,8477932,A. Ekblad,1,3
2024-11-29,2024020367,2,REG,06:24,CAR,ev,none,snap,1551,8480336,S. Walker,8478458,J. Roslovic,8476906,S. Gostisbehere,2,3
2024-11-29,2024020367,2,REG,17:18,CAR,ev,none,tip-in,1551,8480762,E. Robinson,8478970,J. Chatfield,8482809,J. Blake,3,3
2024-11-29,2024020367,3,REG,04:58,FLA,ev,none,wrist,1551,8478421,A. Greer,8484304,U. Balinskis,,,3,4
2024-11-29,2024020367,3,REG,09:08,FLA,sh,none,wrist,1451,8482113,A. Lundell,8480185,E. Luostarinen,8477932,A. Ekblad,3,5
2024-11-29,2024020367,3,REG,19:53,FLA,ev,empty-net,wrist,1560,8477935,S. Bennett,8478542,E. Rodrigues,8480185,E. Luostarinen,3,6
2024-11-29,2024020368,1,REG,11:56,CBJ,pp,none,tip-in,1451,8484166,A. Fantilli,8478500,I. Provorov,,,1,0
2024-11-29,2024020368,1,REG,16:42,CBJ,ev,none,wrist,1551,8482660,K. Johnson,8482705,C. Sillinger,,,2,0
2024-11-29,2024020368,2,REG,04:43,CBJ,ev,none,wrist,1551,8478460,Z. Werenski,8480893,K. Marchenko,8481716,D. Voronkov,3,0
2024-11-29,2024020368,2,REG,14:59,CGY,ev,none,snap,1551,8476399,B. Coleman,8478397,R. Andersson,8480860,K. Bahl,3,1
2024-11-29,2024020368,3,REG,04:46,CBJ,ev,none,wrist,1551,8484166,A. Fantilli,8480893,K. Marchenko,8479371,D. Fabbro,4,1
2024-11-29,2024020368,3,REG,11:00,CGY,pp,none,wrist,1541,8475172,N. Kadri,8481028,M. Pospisil,8481692,D. Wolf,4,2
2024-11-29,2024020368,3,REG,18:20,CBJ,ev,empty-net,wrist,0651,8480893,K. Marchenko,8481716,D. Voronkov,8478460,Z. Werenski,5,2
2024-11-29,2024020369,1,REG,01:23,NSH,ev,none,wrist,1551,8474600,R. Josi,8474564,S. Stamkos,,,1,0
2024-11-29,2024020369,2,REG,04:06,TBL,sh,none,bat,1451,8478519,A. Cirelli,8476822,L. Glendening,,,1,1
2024-11-29,2024020369,2,REG,08:18,TBL,ev,none,tip-in,1551,8479542,B. Hagel,8478178,D. Raddysh,8475167,V. Hedman,1,2
2024-11-29,2024020369,2,REG,11:20,NSH,ev,none,wrist,1551,8474600,R. Josi,8476873,M. Jankowski,8482146,L. Evangelista,2,2
2024-11-29,2024020369,4,OT,01:01,TBL,pp,none,backhand,1431,8478010,B. Point,8476453,N. Kucherov,,,2,3
2024-11-29,2024020370,2,REG,02:48,ANA,ev,none,backhand,1551,8476458,R. Strome,8481563,D. Helleson,8478873,T. Terry,1,0
2024-11-29,2024020370,2,REG,10:46,LAK,ev,none,wrist,1551,8481532,A. Turcotte,8482155,A. Laferriere,,,1,1
2024-11-29,2024020370,3,REG,01:18,LAK,ev,none,wrist,1551,8482155,A. Laferriere,8482730,B. Clarke,8476479,P. Danault,1,2
2024-11-29,2024020371,1,REG,02:07,SJS,ev,none,slap,1551,8480043,T. Liljegren,8475726,T. Toffoli,8477505,A. Wennberg,1,0
2024-11-29,2024020371,1,REG,03:03,SEA,ev,none,wrist,1551,8477416,O. Bjorkstrand,8480009,E. Tolvanen,,,1,1
2024-11-29,2024020371,1,REG,16:25,SJS,ev,none,wrist,1551,8480011,K. Kostin,8480188,F. Zetterlund,8482667,W. Eklund,2,1
2024-11-29,2024020371,1,REG,16:58,SEA,ev,none,backhand,1551,8476905,C. Stephenson,8475768,J. Schwartz,,,2,2
2024-11-29,2024020371,1,REG,19:16,SEA,pp,none,wrist,1541,8483524,S. Wright,8477416,O. Bjorkstrand,8476905,C. Stephenson,2,3
2024-11-29,2024020371,2,REG,02:45,SJS,ev,none,wrist,1551,8484227,W. Smith,8475798,M. Granlund,,,3,3
2024-11-29,2024020371,2,REG,07:20,SEA,pp,none,wrist,1541,8483524,S. Wright,8476905,C. Stephenson,8482858,R. Evans,3,4
2024-11-29,2024020371,2,REG,08:24,SJS,ev,none,slap,1551,8478013,J. Walman,8482667,W. Eklund,8484801,M. Celebrini,4,4
2024-11-29,2024020371,2,REG,13:10,SJS,ev,none,wrist,1551,8475798,M. Granlund,8480011,K. Kostin,8484227,W. Smith,5,4
2024-11-29,2024020371,2,REG,14:03,SJS,ev,none,wrist,1551,8484801,M. Celebrini,8480188,F. Zetterlund,,,6,4
2024-11-29,2024020371,2,REG,19:43,SEA,ev,none,wrist,1551,8476826,Y. Gourde,8482858,R. Evans,8479293,B. Tanev,6,5
2024-11-29,2024020371,3,REG,07:37,SJS,ev,none,wrist,1551,8482206,E. Cardwell,8481477,N. Sturm,8481567,H. Thrun,7,5
2024-11-29,2024020371,3,REG,15:13,SJS,ev,empty-net,wrist,0651,8478013,J. Walman,,,,,8,5
2024-11-29,2024020372,1,REG,01:24,BOS,ev,none,wrist,1551,8475745,C. Coyle,8479365,T. Frederic,8474870,T. Johnson,1,0
2024-11-29,2024020372,2,REG,19:59,PIT,ev,none,snap,1551,8476483,R. Rakell,8471675,S. Crosby,8474578,E. Karlsson,1,1
2024-11-29,2024020372,3,REG,07:26,PIT,ev,none,wrist,1551,8481577,P. Tomasino,8471215,E. Malkin,,,1,2
2024-11-29,2024020374,1,REG,06:57,WPG,ev,none,tip-in,1551,8482149,C. Perfetti,8477504,J. Morrissey,8477940,N. Ehlers,0,1
2024-11-29,2024020374,1,REG,18:13,VGK,ev,none,wrist,1551,8479353,B. Howden,,,,,1,1
2024-11-29,2024020374,1,REG,19:44,VGK,ev,none,wrist,1551,8477964,I. Barbashev,8481604,P. Dorofeyev,8478403,J. Eichel,2,1
2024-11-29,2024020374,2,REG,14:28,WPG,ev,none,wrist,1551,8482149,C. Perfetti,8477504,J. Morrissey,8476480,V. Namestnikov,2,2
2024-11-29,2024020374,3,REG,04:43,VGK,ev,none,snap,1551,8477964,I. Barbashev,8478403,J. Eichel,8481604,P. Dorofeyev,3,2
2024-11-29,2024020374,3,REG,08:55,WPG,ev,none,wrist,1551,8480145,N. Pionk,8477938,H. Fleury,8478398,K. Connor,3,3
2024-11-29,2024020374,3,REG,15:55,VGK,ev,none,wrist,1551,8479353,B. Howden,8476448,W. Karlsson,8477447,S. Theodore,4,3
2024-11-29,2024020373,1,REG,05:36,DAL,pp,none,snap,1451,8475794,T. Seguin,8478975,M. Marchment,8475168,M. Duchene,1,0
2024-11-29,2024020373,1,REG,13:56,COL,pp,none,backhand,1541,8477501,V. Nichushkin,8478420,M. Rantanen,8480069,C. Makar,1,1
2024-11-29,2024020373,1,REG,14:28,DAL,ev,none,snap,1551,8478975,M. Marchment,8480036,M. Heiskanen,8475794,T. Seguin,2,1
2024-11-29,2024020373,2,REG,07:07,DAL,ev,none,wrist,1551,8473994,J. Benn,8480036,M. Heiskanen,8479351,S. Steel,3,1
2024-11-29,2024020373,2,REG,18:42,DAL,pp,none,snap,1451,8478449,R. Hintz,8482740,W. Johnston,8473994,J. Benn,4,1
2024-11-29,2024020373,3,REG,01:02,COL,ev,none,wrist,1551,8477476,A. Lehkonen,8477492,N. MacKinnon,8479398,S. Girard,4,2
2024-11-29,2024020373,3,REG,08:03,COL,ev,none,snap,1551,8478420,M. Rantanen,8480069,C. Makar,,,4,3
2024-11-29,2024020373,3,REG,17:17,DAL,ev,empty-net,wrist,0651,8478975,M. Marchment,,,,,5,3
2024-11-29,2024020375,1,REG,06:17,UTA,ev,none,snap,1551,8477021,A. Kerfoot,8478831,K. Stenlund,,,1,0
2024-11-29,2024020375,1,REG,17:15,UTA,ev,none,snap,1551,8483431,L. Cooley,8479976,J. Välimäki,8474145,R. Bortuzzo,2,0
2024-11-29,2024020375,2,REG,09:44,EDM,ev,none,snap,1551,8481617,V. Podkolzin,8477934,L. Draisaitl,8479442,T. Stecher,2,1
2024-11-29,2024020375,2,REG,14:01,EDM,pp,none,snap,1541,8477934,L. Draisaitl,8478402,C. McDavid,8480803,E. Bouchard,2,2
2024-11-29,2024020375,2,REG,16:22,EDM,pp,none,snap,1541,8478402,C. McDavid,8480803,E. Bouchard,8470621,C. Perry,2,3
2024-11-29,2024020375,3,REG,03:42,UTA,ev,none,snap,1551,8478474,L. Crouse,8475760,N. Bjugstad,8476874,O. Maatta,3,3
2024-11-29,2024020375,4,OT,01:18,EDM,ev,none,snap,1331,8476454,R. Nugent-Hopkins,,,,,3,4
2024-11-30,2024020376,1,REG,09:02,NYR,pp,none,snap,1351,8478550,A. Panarin,8479323,A. Fox,8476459,M. Zibanejad,1,0
2024-11-30,2024020376,1,REG,11:47,MTL,ev,none,snap,1551,8476875,M. Matheson,8475848,B. Gallagher,8483515,J. Slafkovský,1,1
2024-11-30,2024020376,1,REG,19:56,NYR,ev,none,tip-in,1551,8476389,V. Trocheck,8482109,A. Lafrenière,8479324,R. Lindgren,2,1
2024-11-30,2024020376,2,REG,17:03,NYR,pp,none,wrist,1451,8476459,M. Zibanejad,8478550,A. Panarin,8479323,A. Fox,3,1
2024-11-30,2024020376,3,REG,04:16,MTL,ev,none,wrist,1551,8481540,C. Caufield,8480018,N. Suzuki,,,3,2
2024-11-30,2024020376,3,REG,14:07,MTL,ev,none,wrist,1551,8480018,N. Suzuki,8483457,L. Hutson,8481540,C. Caufield,3,3
2024-11-30,2024020376,3,REG,19:36,NYR,pp,none,wrist,1451,8481554,K. Kakko,8482157,W. Cuylle,8481708,Z. Jones,4,3
2024-11-30,2024020377,2,REG,06:42,FLA,ev,none,wrist,1551,8477932,A. Ekblad,,,,,1,0
2024-11-30,2024020377,2,REG,19:59,FLA,pp,none,wrist,1451,8482713,M. Samoskevich,8479314,M. Tkachuk,8477493,A. Barkov,2,0
2024-11-30,2024020377,3,REG,08:19,FLA,ev,none,wrist,1551,8477935,S. Bennett,8480185,E. Luostarinen,8482113,A. Lundell,3,0
2024-11-30,2024020377,3,REG,11:37,FLA,pp,none,wrist,1451,8477493,A. Barkov,8479314,M. Tkachuk,8477933,S. Reinhart,4,0
2024-11-30,2024020377,3,REG,11:48,FLA,ev,none,backhand,1551,8480871,A. Boqvist,8478421,A. Greer,,,5,0
2024-11-30,2024020377,3,REG,13:01,FLA,pp,none,tip-in,1451,8478542,E. Rodrigues,8477220,N. Schmidt,8477409,C. Verhaeghe,6,0
2024-11-30,2024020378,1,REG,07:13,TOR,ev,none,tip-in,1551,8482720,M. Knies,8475690,C. Tanev,8479318,A. Matthews,0,1
2024-11-30,2024020378,2,REG,08:06,TOR,ev,none,wrist,1551,8475690,C. Tanev,8478483,M. Marner,8480995,P. Holmberg,0,2
2024-11-30,2024020378,2,REG,08:39,TOR,ev,none,wrist,1551,8481582,N. Robertson,8483489,F. Minten,8481122,S. Benoit,0,3
2024-11-30,2024020378,2,REG,18:59,TOR,ev,none,backhand,1551,8475166,J. Tavares,8478483,M. Marner,8476853,M. Rielly,0,4
2024-11-30,2024020378,3,REG,11:21,TBL,ev,none,slap,1551,8479591,M. Eyssimont,8478178,D. Raddysh,,,1,4
2024-11-30,2024020378,3,REG,15:19,TBL,ev,none,wrist,1560,8477404,J. Guentzel,8479542,B. Hagel,8475167,V. Hedman,2,4
2024-11-30,2024020378,3,REG,17:38,TBL,pp,none,tip-in,1460,8474715,C. Atkinson,8479542,B. Hagel,8475167,V. Hedman,3,4
2024-11-30,2024020378,3,REG,18:44,TOR,ev,empty-net,wrist,1560,8477939,W. Nylander,8479318,A. Matthews,8482720,M. Knies,3,5
2024-11-30,2024020379,1,REG,06:19,WSH,ev,none,snap,1551,8478233,A. Mangiapane,8482148,H. Lapierre,8474590,J. Carlson,0,1
2024-11-30,2024020379,1,REG,10:54,NJD,ev,none,backhand,1551,8480002,N. Hischier,8482684,L. Hughes,8478414,T. Meier,1,1
2024-11-30,2024020379,2,REG,02:38,NJD,ev,none,tip-in,1551,8475413,J. Dowling,8477488,B. Pesce,,,2,1
2024-11-30,2024020379,2,REG,09:49,WSH,pp,none,snap,1431,8481580,C. McMichael,8479400,P. Dubois,8474590,J. Carlson,2,2
2024-11-30,2024020379,2,REG,10:56,WSH,pp,none,wrist,1541,8479345,J. Chychrun,8474189,L. Eller,8480873,R. Sandin,2,3
2024-11-30,2024020379,2,REG,19:47,WSH,pp,none,wrist,1541,8480873,R. Sandin,8483491,I. Miroshnichenko,,,2,4
2024-11-30,2024020379,3,REG,02:03,NJD,pp,none,tip-in,1451,8476474,S. Noesen,8481559,J. Hughes,8479407,J. Bratt,3,4
2024-11-30,2024020379,3,REG,04:15,NJD,ev,none,wrist,1551,8479407,J. Bratt,8481559,J. Hughes,8476292,O. Palat,4,4
2024-11-30,2024020379,3,REG,13:54,WSH,ev,none,tip-in,1551,8479390,T. Raddysh,8480796,M. Fehérváry,8474590,J. Carlson,4,5
2024-11-30,2024020379,3,REG,14:04,WSH,ev,none,snap,1551,8479400,P. Dubois,8481656,A. Protas,8479390,T. Raddysh,4,6
2024-11-30,2024020379,3,REG,16:45,NJD,pp,none,snap,1460,8476474,S. Noesen,8478414,T. Meier,8481559,J. Hughes,5,6
2024-11-30,2024020380,1,REG,17:14,PIT,ev,none,backhand,1551,8478463,A. Beauvillier,8481481,B. Lizotte,8478047,M. Bunting,1,0
2024-11-30,2024020380,2,REG,02:40,PIT,pp,none,wrist,1451,8478047,M. Bunting,8476891,M. Grzelcyk,8471724,K. Letang,2,0
2024-11-30,2024020380,2,REG,09:02,PIT,pp,none,wrist,1451,8481577,P. Tomasino,8471724,K. Letang,8478047,M. Bunting,3,0
2024-11-30,2024020380,3,REG,05:25,PIT,ev,none,backhand,1551,8476483,R. Rakell,8471675,S. Crosby,8475810,B. Rust,4,0
2024-11-30,2024020380,3,REG,07:59,PIT,pp,none,slap,1451,8471724,K. Letang,8476891,M. Grzelcyk,8475763,K. Hayes,5,0
2024-11-30,2024020380,3,REG,14:27,CGY,ev,none,wrist,1551,8476456,J. Huberdeau,8475172,N. Kadri,8481028,M. Pospisil,5,1
2024-11-30,2024020380,3,REG,15:05,CGY,ev,none,wrist,1551,8475172,N. Kadri,8476456,J. Huberdeau,8480860,K. Bahl,5,2
2024-11-30,2024020380,3,REG,18:23,PIT,ev,none,wrist,1551,8481481,B. Lizotte,8482055,D. O'Connor,,,6,2
2024-11-30,2024020381,1,REG,09:15,PHI,ev,none,tip-in,1551,8480015,O. Tippett,8484387,M. Michkov,8480028,M. Frost,0,1
2024-11-30,2024020381,3,REG,11:11,STL,ev,none,wrist,1551,8482077,D. Holloway,8475170,B. Schenn,8482516,M. Kessel,1,1
2024-11-30,2024020381,3,REG,12:02,PHI,ev,none,wrist,1551,8482159,T. Foerster,8481553,B. Brink,8480220,N. Cates,1,2
2024-11-30,2024020381,3,REG,19:40,STL,pp,none,wrist,1460,8482089,J. Neighbours,8475753,J. Faulk,8479385,J. Kyrou,2,2
2024-11-30,2024020381,4,OT,00:28,PHI,ev,none,backhand,1331,8484387,M. Michkov,8478439,T. Konecny,,,2,3
2024-11-30,2024020382,1,REG,01:57,LAK,ev,none,deflected,1551,8482155,A. Laferriere,8476479,P. Danault,8481606,J. Spence,1,0
2024-11-30,2024020382,1,REG,19:14,OTT,ev,none,wrist,1551,8482116,T. Stützle,8480208,D. Batherson,8480801,B. Tkachuk,1,1
2024-11-30,2024020382,2,REG,06:11,OTT,ev,none,tip-in,1551,8478874,A. Gaudette,8478469,T. Chabot,8480879,J. Bernard-Docker,1,2
2024-11-30,2024020382,2,REG,07:26,LAK,ev,none,wrist,1551,8477942,K. Fiala,,,,,2,2
2024-11-30,2024020382,3,REG,01:37,LAK,ev,none,bat,1551,8471685,A. Kopitar,8479675,T. Moore,8478882,V. Gavrikov,3,2
2024-11-30,2024020382,3,REG,16:14,LAK,pp,none,snap,1451,8477960,A. Kempe,8477942,K. Fiala,8482124,Q. Byfield,4,2
2024-11-30,2024020382,3,REG,18:26,LAK,ev,empty-net,wrist,0651,8479675,T. Moore,8471685,A. Kopitar,8478882,V. Gavrikov,5,2
2024-11-30,2024020383,2,REG,07:23,NYI,pp,none,tip-in,1451,8475314,A. Lee,8475151,K. Palmieri,8479395,D. Cholowski,1,0
2024-11-30,2024020383,2,REG,09:28,NYI,ev,none,snap,1551,8481601,S. Holmstrom,8475314,A. Lee,,,2,0
2024-11-30,2024020383,3,REG,19:52,NYI,ev,empty-net,wrist,0651,8481601,S. Holmstrom,,,,,3,0
2024-11-30,2024020384,1,REG,18:57,MIN,ev,none,slap,1551,8480990,D. Chisholm,8477919,F. Gaudreau,,,1,0
2024-11-30,2024020384,1,REG,19:39,NSH,ev,none,snap,1551,8482768,F. Svechkov,8482146,L. Evangelista,8474600,R. Josi,1,1
2024-11-30,2024020384,2,REG,02:29,NSH,pp,none,tip-in,1541,8475158,R. O'Reilly,8474564,S. Stamkos,8474600,R. Josi,1,2
2024-11-30,2024020384,2,REG,08:24,MIN,pp,none,tip-in,1451,8478864,K. Kaprizov,8482079,M. Rossi,8474716,J. Spurgeon,2,2
2024-11-30,2024020384,4,OT,01:00,MIN,ev,none,wrist,1331,8474716,J. Spurgeon,8478864,K. Kaprizov,8478493,J. Eriksson Ek,3,2
2024-11-30,2024020385,1,REG,07:02,COL,pp,none,snap,1451,8481042,N. Kovalenko,8477476,A. Lehkonen,8479398,S. Girard,1,0
2024-11-30,2024020385,1,REG,11:48,EDM,ev,none,snap,1551,8477953,K. Kapanen,8478402,C. McDavid,8476454,R. Nugent-Hopkins,1,1
2024-11-30,2024020385,2,REG,13:48,EDM,ev,none,tip-in,1551,8481617,V. Podkolzin,8479442,T. Stecher,8477015,C. Brown,1,2
2024-11-30,2024020385,3,REG,03:56,EDM,ev,none,snap,1551,8476967,B. Kulak,8480834,T. Emberson,8475784,J. Skinner,1,3
2024-11-30,2024020385,3,REG,18:28,EDM,ev,empty-net,wrist,1560,8476454,R. Nugent-Hopkins,8474641,A. Henrique,8480803,E. Bouchard,1,4
2024-11-30,2024020386,1,REG,05:33,UTA,ev,none,wrist,1551,8479343,C. Keller,8480849,B. Hayton,,,0,1
2024-11-30,2024020386,1,REG,09:26,UTA,sh,none,wrist,1451,8477021,A. Kerfoot,,,,,0,2
2024-11-30,2024020386,1,REG,10:35,UTA,ev,none,wrist,1551,8477951,N. Schmaltz,8479343,C. Keller,8480849,B. Hayton,0,3
2024-11-30,2024020386,1,REG,18:44,UTA,ev,none,deflected,1551,8483431,L. Cooley,8476874,O. Maatta,8479410,M. Sergachev,0,4
2024-11-30,2024020386,2,REG,01:02,UTA,ev,none,snap,1551,8479619,M. Carcone,8477021,A. Kerfoot,8480891,M. Kesselring,0,5
2024-11-30,2024020386,2,REG,05:28,UTA,pp,none,snap,1541,8477951,N. Schmaltz,8483431,L. Cooley,8482699,D. Guenther,0,6
2024-11-30,2024020387,1,REG,16:54,SJS,ev,none,wrist,1551,8479983,M. Ferraro,8475798,M. Granlund,8480043,T. Liljegren,0,1
2024-11-30,2024020387,2,REG,01:51,SJS,ev,none,wrist,1551,8479316,L. Kunin,8480848,T. Dellandrea,8478013,J. Walman,0,2
2024-11-30,2024020387,2,REG,08:59,SJS,ev,none,snap,1551,8476879,C. Ceci,8484801,M. Celebrini,8478013,J. Walman,0,3
2024-11-30,2024020387,2,REG,09:45,SJS,ev,none,wrist,1551,8484227,W. Smith,8475798,M. Granlund,8480011,K. Kostin,0,4
2024-11-30,2024020387,2,REG,10:17,SEA,ev,none,snap,1551,8475768,J. Schwartz,8482665,M. Beniers,8477416,O. Bjorkstrand,1,4
2024-11-30,2024020387,3,REG,06:27,SEA,ev,none,wrist,1551,8477955,J. McCann,8482858,R. Evans,8477986,B. Montour,2,4
2024-12-01,2024020388,1,REG,13:57,DET,ev,none,snap,1551,8481013,J. Berggren,8476979,E. Gustafsson,8483464,M. Kasper,1,0
2024-12-01,2024020388,2,REG,00:23,VAN,pp,none,tip-in,1531,8478498,J. DeBrusk,8480012,E. Pettersson,8480800,Q. Hughes,1,1
2024-12-01,2024020388,2,REG,01:06,VAN,pp,none,wrist,1541,8478498,J. DeBrusk,8480800,Q. Hughes,8478444,B. Boeser,1,2
2024-12-01,2024020388,2,REG,06:38,DET,ev,none,slap,1551,8479337,A. DeBrincat,8477946,D. Larkin,8482078,L. Raymond,2,2
2024-12-01,2024020388,2,REG,17:47,VAN,ev,none,wrist,1551,8480459,P. Suter,8478057,D. Joshua,,,2,3
2024-12-01,2024020388,3,REG,02:24,DET,pp,none,snap,1451,8479992,M. Rasmussen,8482078,L. Raymond,8477946,D. Larkin,3,3
2024-12-01,2024020388,3,REG,04:50,DET,ev,none,snap,1551,8475765,V. Tarasenko,8481013,J. Berggren,8483464,M. Kasper,4,3
2024-12-01,2024020388,3,REG,16:40,VAN,ev,none,slap,1551,8480073,E. Brannstrom,8480012,E. Pettersson,8478498,J. DeBrusk,4,4
2024-12-01,2024020388,4,OT,04:00,VAN,ev,none,snap,1331,8478498,J. DeBrusk,8480012,E. Pettersson,8480800,Q. Hughes,4,5
2024-12-01,2024020389,1,REG,11:45,BOS,ev,none,wrap-around,1551,8479325,C. McAvoy,8477851,J. Oesterle,8479365,T. Frederic,1,0
2024-12-01,2024020389,1,REG,12:40,BOS,ev,none,backhand,1551,8477956,D. Pastrnak,8478401,P. Zacha,8479987,M. Geekie,2,0
2024-12-01,2024020389,1,REG,12:55,BOS,ev,none,backhand,1551,8475745,C. Coyle,8480355,M. Kastelic,,,3,0
2024-12-01,2024020389,2,REG,00:38,BOS,sh,none,backhand,1541,8479325,C. McAvoy,,,,,4,0
2024-12-01,2024020389,2,REG,05:42,MTL,ev,none,deflected,1551,8481540,C. Caufield,8482964,A. Xhekaj,8480018,N. Suzuki,4,1
2024-12-01,2024020389,3,REG,00:21,BOS,ev,none,wrist,1551,8475745,C. Coyle,8481043,C. Koepke,,,5,1
2024-12-01,2024020389,3,REG,02:28,MTL,ev,none,snap,1551,8482476,E. Heineman,8478133,J. Evans,8483457,L. Hutson,5,2
2024-12-01,2024020389,3,REG,06:38,MTL,ev,none,wrist,1551,8481540,C. Caufield,8480018,N. Suzuki,8483457,L. Hutson,5,3
2024-12-01,2024020389,3,REG,17:46,BOS,ev,empty-net,wrist,0651,8481043,C. Koepke,8481556,J. Beecher,8480355,M. Kastelic,6,3
2024-12-01,2024020390,1,REG,02:59,CHI,pp,none,wrist,1451,8484144,C. Bedard,8477987,R. Donato,8481568,A. Vlasic,1,0
2024-12-01,2024020390,1,REG,04:27,CBJ,ev,none,snap,1551,8478500,I. Provorov,8477497,S. Monahan,8476923,D. Severson,1,1
2024-12-01,2024020390,1,REG,11:23,CBJ,ev,none,slap,1551,8482660,K. Johnson,8476923,D. Severson,8482705,C. Sillinger,1,2
2024-12-01,2024020390,2,REG,03:00,CHI,pp,none,tip-in,1451,8475225,C. Smith,8475791,T. Hall,8474166,A. Martinez,2,2
2024-12-01,2024020390,2,REG,04:50,CBJ,ev,none,wrist,1551,8477497,S. Monahan,8476374,S. Kuraly,8478460,Z. Werenski,2,3
2024-12-01,2024020390,3,REG,03:08,CBJ,ev,none,snap,1441,8479371,D. Fabbro,8478460,Z. Werenski,8482705,C. Sillinger,2,4
2024-12-01,2024020390,3,REG,08:08,CHI,pp,none,tip-in,1351,8473422,N. Foligno,8476882,T. Teravainen,8484144,C. Bedard,3,4
2024-12-01,2024020390,3,REG,10:52,CBJ,ev,none,wrist,1551,8480893,K. Marchenko,,,,,3,5
2024-12-01,2024020390,3,REG,18:34,CBJ,ev,empty-net,wrist,1560,8481716,D. Voronkov,8476923,D. Severson,,,3,6
2024-12-01,2024020391,1,REG,03:16,WPG,ev,none,tip-in,1551,8476392,A. Lowry,8477938,H. Fleury,8480145,N. Pionk,0,1
2024-12-01,2024020391,1,REG,17:06,DAL,ev,none,snap,1551,8482740,W. Johnston,8481581,T. Harley,8480027,J. Robertson,1,1
2024-12-01,2024020391,3,REG,12:23,DAL,ev,none,backhand,1551,8478975,M. Marchment,8481581,T. Harley,8479979,J. Oettinger,2,1
2024-12-01,2024020391,3,REG,19:52,DAL,ev,empty-net,tip-in,0651,8478449,R. Hintz,8476902,E. Lindell,,,3,1
2024-12-01,2024020392,1,REG,14:45,ANA,pp,none,snap,1451,8478366,F. Vatrano,8476458,R. Strome,8478873,T. Terry,1,0
2024-12-01,2024020392,1,REG,17:36,OTT,pp,none,tip-in,1531,8480801,B. Tkachuk,8482116,T. Stützle,8480208,D. Batherson,1,1
2024-12-01,2024020392,1,REG,19:54,ANA,ev,none,backhand,1551,8481605,J. LaCombe,8478873,T. Terry,8478366,F. Vatrano,2,1
2024-12-01,2024020392,2,REG,00:37,OTT,ev,none,backhand,1551,8480801,B. Tkachuk,8478469,T. Chabot,8475324,N. Jensen,2,2
2024-12-01,2024020392,3,REG,04:37,ANA,ev,none,wrist,1551,8478366,F. Vatrano,8478873,T. Terry,8476458,R. Strome,3,2
2024-12-01,2024020392,3,REG,05:46,OTT,ev,none,tip-in,1551,8476393,N. Cousins,8478020,M. Amadio,,,3,3
2024-12-01,2024020392,5,SO,00:00,ANA,ev,none,wrist,1010,8478873,T. Terry,,,,,4,3
2024-12-02,2024020393,1,REG,01:27,NJD,ev,none,snap,1551,8479407,J. Bratt,8476292,O. Palat,8480192,J. Kovacevic,0,1
2024-12-02,2024020393,1,REG,07:10,NJD,ev,none,snap,1551,8482110,D. Mercer,8482684,L. Hughes,,,0,2
2024-12-02,2024020393,2,REG,09:04,NJD,pp,none,slap,1531,8476462,D. Hamilton,8481559,J. Hughes,8479407,J. Bratt,0,3
2024-12-02,2024020393,2,REG,12:38,NJD,ev,none,wrist,1551,8481559,J. Hughes,8482684,L. Hughes,8479407,J. Bratt,0,4
2024-12-02,2024020393,2,REG,13:29,NYR,pp,none,wrist,1451,8475184,C. Kreider,8476459,M. Zibanejad,8478550,A. Panarin,1,4
2024-12-02,2024020393,2,REG,18:56,NJD,pp,none,wrist,1431,8481559,J. Hughes,8479407,J. Bratt,8476462,D. Hamilton,1,5
2024-12-02,2024020394,1,REG,15:35,TOR,ev,none,wrist,1551,8479318,A. Matthews,8477939,W. Nylander,8475171,O. Ekman-Larsson,1,0
2024-12-02,2024020394,2,REG,11:59,TOR,ev,none,wrist,1551,8475166,J. Tavares,8478483,M. Marner,8480995,P. Holmberg,2,0
2024-12-02,2024020394,3,REG,03:26,CHI,ev,none,backhand,1551,8482117,L. Reichel,8474034,P. Maroon,8474673,T. Brodie,2,1
2024-12-02,2024020394,3,REG,03:47,TOR,ev,none,snap,1551,8483489,F. Minten,8479982,C. Timmins,8478904,S. Lorentz,3,1
2024-12-02,2024020394,3,REG,18:15,TOR,ev,empty-net,wrist,0651,8482720,M. Knies,8478483,M. Marner,8479026,P. Myers,4,1
2024-12-02,2024020395,2,REG,07:07,DAL,pp,none,snap,1541,8474149,E. Dadonov,8475168,M. Duchene,8480036,M. Heiskanen,0,1
2024-12-02,2024020395,2,REG,19:17,DAL,ev,none,snap,1551,8473994,J. Benn,8479351,S. Steel,,,0,2
2024-12-02,2024020395,3,REG,06:57,UTA,ev,none,snap,1551,8477951,N. Schmaltz,8481711,M. Maccelli,8475760,N. Bjugstad,1,2
2024-12-03,2024020396,1,REG,07:31,DET,ev,none,wrist,1551,8482078,L. Raymond,8482762,S. Edvinsson,,,0,1
2024-12-03,2024020396,1,REG,09:15,BOS,ev,none,slap,1551,8477507,N. Zadorov,8473419,B. Marchand,,,1,1
2024-12-03,2024020396,3,REG,01:19,DET,ev,none,wrist,1551,8482078,L. Raymond,8479992,M. Rasmussen,8482762,S. Edvinsson,1,2
2024-12-03,2024020396,3,REG,09:32,BOS,pp,none,tip-in,1451,8479638,J. Brazeau,8482511,M. Lohrei,8479365,T. Frederic,2,2
2024-12-03,2024020396,4,OT,02:15,BOS,ev,none,wrist,1331,8478401,P. Zacha,8477956,D. Pastrnak,,,3,2
2024-12-03,2024020397,1,REG,03:22,BUF,ev,none,wrist,1551,8479420,T. Thompson,8477365,C. Clifton,8477949,A. Tuch,1,0
2024-12-03,2024020397,1,REG,06:39,BUF,ev,none,backhand,1551,8479420,T. Thompson,8475722,J. Zucker,8481524,B. Byram,2,0
2024-12-03,2024020397,1,REG,06:50,BUF,ev,none,snap,1551,8482175,J. Peterka,8484145,Z. Benson,8481528,D. Cozens,3,0
2024-12-03,2024020397,1,REG,11:49,BUF,ev,none,backhand,1551,8479359,B. Malenstyn,8477979,N. Aube-Kubel,,,4,0
2024-12-03,2024020397,2,REG,02:24,COL,ev,none,wrist,1551,8477492,N. MacKinnon,,,,,4,1
2024-12-03,2024020397,3,REG,01:19,COL,ev,none,wrist,1551,8481641,J. Kiviranta,8475177,C. de Haan,8481186,L. O'Connor,4,2
2024-12-03,2024020397,3,REG,04:30,COL,ev,none,snap,1551,8481186,L. O'Connor,8479398,S. Girard,,,4,3
2024-12-03,2024020397,3,REG,07:39,COL,ev,none,tip-in,1551,8477492,N. MacKinnon,8478420,M. Rantanen,8478038,D. Toews,4,4
2024-12-03,2024020397,3,REG,15:38,COL,ev,none,wrist,1551,8477476,A. Lehkonen,8475177,C. de Haan,8477492,N. MacKinnon,4,5
2024-12-03,2024020398,2,REG,07:23,MTL,pp,none,wrist,1451,8479339,P. Laine,8483457,L. Hutson,8480018,N. Suzuki,1,0
2024-12-03,2024020398,2,REG,18:55,NYI,ev,none,snap,1551,8475314,A. Lee,8480789,O. Wahlstrom,8480865,N. Dobson,1,1
2024-12-03,2024020398,4,OT,02:39,MTL,ev,none,backhand,1331,8480018,N. Suzuki,8476875,M. Matheson,8481540,C. Caufield,2,1
2024-12-03,2024020399,1,REG,09:20,PIT,ev,none,wrist,1551,8483503,O. Pickering,8481481,B. Lizotte,,,1,0
2024-12-03,2024020399,1,REG,10:32,PIT,ev,none,wrist,1551,8471215,E. Malkin,8481577,P. Tomasino,8482055,D. O'Connor,2,0
2024-12-03,2024020399,1,REG,17:24,FLA,ev,none,wrist,1551,8479314,M. Tkachuk,8477493,A. Barkov,8475179,D. Kulikov,2,1
2024-12-03,2024020399,2,REG,06:54,PIT,ev,none,snap,1551,8471724,K. Letang,8476891,M. Grzelcyk,8481481,B. Lizotte,3,1
2024-12-03,2024020399,3,REG,03:45,PIT,ev,none,wrist,1551,8477969,M. Pettersson,8471675,S. Crosby,8476483,R. Rakell,4,1
2024-12-03,2024020399,3,REG,06:55,FLA,ev,none,wrist,1551,8477935,S. Bennett,8480003,J. Boqvist,8479314,M. Tkachuk,4,2
2024-12-03,2024020399,3,REG,08:58,FLA,ev,none,wrist,1551,8480871,A. Boqvist,8479314,M. Tkachuk,8480003,J. Boqvist,4,3
2024-12-03,2024020399,3,REG,11:27,FLA,pp,none,tip-in,1541,8479314,M. Tkachuk,8477932,A. Ekblad,,,4,4
2024-12-03,2024020399,4,OT,01:31,PIT,ev,none,wrist,1331,8475810,B. Rust,8471215,E. Malkin,,,5,4
2024-12-03,2024020400,1,REG,19:00,SJS,ev,none,wrist,1551,8475726,T. Toffoli,,,,,0,1
2024-12-03,2024020400,2,REG,13:02,WSH,ev,none,slap,1551,8475343,N. Dowd,8480796,M. Fehérváry,8483491,I. Miroshnichenko,1,1
2024-12-03,2024020400,4,OT,00:39,SJS,pp,none,slap,1431,8482667,W. Eklund,8475798,M. Granlund,8484801,M. Celebrini,1,2
2024-12-03,2024020401,1,REG,00:19,SEA,ev,none,snap,1551,8475768,J. Schwartz,8476826,Y. Gourde,8482665,M. Beniers,0,1
2024-12-03,2024020401,1,REG,04:56,CAR,ev,none,wrist,1551,8480762,E. Robinson,8480039,M. Necas,,,1,1
2024-12-03,2024020401,2,REG,05:56,SEA,ev,none,snap,1551,8480009,E. Tolvanen,8477416,O. Bjorkstrand,8478407,V. Dunn,1,2
2024-12-03,2024020401,3,REG,05:43,CAR,pp,none,backhand,1451,8480039,M. Necas,8478427,S. Aho,8476906,S. Gostisbehere,2,2
2024-12-03,2024020401,3,REG,10:48,SEA,ev,none,snap,1551,8476826,Y. Gourde,8475768,J. Schwartz,8482665,M. Beniers,2,3
2024-12-03,2024020401,3,REG,15:03,SEA,ev,none,backhand,1551,8479293,B. Tanev,8482751,R. Winterton,8477986,B. Montour,2,4
2024-12-03,2024020402,1,REG,08:37,VAN,pp,none,wrist,1541,8480800,Q. Hughes,8480012,E. Pettersson,8478856,C. Garland,0,1
2024-12-03,2024020402,2,REG,07:56,MIN,ev,none,wrist,1551,8477919,F. Gaudreau,8475220,M. Foligno,8482122,B. Faber,1,1
2024-12-03,2024020402,2,REG,19:18,VAN,ev,none,wrist,1551,8478498,J. DeBrusk,8480012,E. Pettersson,8477369,C. Soucy,1,2
2024-12-03,2024020402,3,REG,01:43,MIN,ev,none,wrist,1551,8478136,J. Middleton,,,,,2,2
2024-12-03,2024020402,4,OT,04:36,MIN,ev,none,wrist,1331,8478864,K. Kaprizov,8482079,M. Rossi,,,3,2
2024-12-03,2024020403,2,REG,18:04,STL,ev,none,deflected,1441,8479385,J. Kyrou,8475170,B. Schenn,8481598,P. Broberg,0,1
2024-12-03,2024020403,2,REG,18:43,STL,ev,none,wrist,1441,8482077,D. Holloway,8480023,R. Thomas,8481059,S. Perunovich,0,2
2024-12-03,2024020403,3,REG,06:38,STL,ev,none,wrist,1551,8479385,J. Kyrou,8482077,D. Holloway,8481059,S. Perunovich,0,3
2024-12-03,2024020403,3,REG,15:45,WPG,ev,none,wrist,1560,8476460,M. Scheifele,8480145,N. Pionk,8477504,J. Morrissey,1,3
2024-12-03,2024020403,3,REG,16:21,STL,ev,empty-net,wrist,1560,8480023,R. Thomas,8476889,R. Faksa,8476438,B. Saad,1,4
2024-12-03,2024020404,2,REG,10:14,CGY,pp,none,slap,1451,8478397,R. Andersson,8474150,M. Backlund,8475172,N. Kadri,1,0
2024-12-03,2024020404,3,REG,17:53,CGY,pp,none,wrist,1451,8480860,K. Bahl,8477346,M. Weegar,8476456,J. Huberdeau,2,0
2024-12-03,2024020404,3,REG,19:40,CGY,ev,empty-net,wrist,0651,8481068,Y. Sharangovich,8474150,M. Backlund,8476399,B. Coleman,3,0
2024-12-03,2024020405,1,REG,10:47,VGK,ev,none,wrist,1551,8477964,I. Barbashev,,,,,1,0
2024-12-04,2024020406,1,REG,05:26,NSH,ev,none,bat,1551,8476539,J. Marchessault,8474600,R. Josi,,,0,1
2024-12-04,2024020406,3,REG,00:31,TOR,ev,none,snap,1551,8479318,A. Matthews,8478483,M. Marner,8476853,M. Rielly,1,1
2024-12-04,2024020406,3,REG,02:29,TOR,ev,none,backhand,1551,8479318,A. Matthews,8478483,M. Marner,,,2,1
2024-12-04,2024020406,3,REG,05:06,TOR,pp,none,wrist,1351,8477939,W. Nylander,8482720,M. Knies,8478483,M. Marner,3,1
2024-12-04,2024020406,3,REG,16:38,NSH,ev,none,backhand,1551,8476873,M. Jankowski,8478851,A. Carrier,8482062,C. Smith,3,2
2024-12-04,2024020407,1,REG,01:23,CHI,ev,none,wrist,1551,8481568,A. Vlasic,8473422,N. Foligno,8476473,C. Murphy,1,0
2024-12-04,2024020407,1,REG,12:17,BOS,ev,none,wrist,1551,8479987,M. Geekie,8479638,J. Brazeau,8477851,J. Oesterle,1,1
2024-12-04,2024020407,2,REG,02:58,BOS,ev,none,snap,1551,8473419,B. Marchand,8477956,D. Pastrnak,8482511,M. Lohrei,1,2
2024-12-04,2024020407,2,REG,05:03,BOS,ev,none,backhand,1551,8473419,B. Marchand,8477956,D. Pastrnak,8477851,J. Oesterle,1,3
2024-12-04,2024020407,2,REG,18:23,CHI,ev,none,wrist,1551,8477450,J. Dickinson,8481624,I. Mikheyev,8476473,C. Murphy,2,3
2024-12-04,2024020407,3,REG,05:02,BOS,ev,none,wrist,1551,8479987,M. Geekie,8479638,J. Brazeau,8482511,M. Lohrei,2,4
2024-12-04,2024020408,1,REG,16:26,VGK,ev,none,snap,1551,8476448,W. Karlsson,8478109,V. Olofsson,8479980,N. Hague,0,1
2024-12-04,2024020408,2,REG,06:38,VGK,ev,none,snap,1551,8477447,S. Theodore,8478109,V. Olofsson,8478403,J. Eichel,0,2
2024-12-04,2024020408,2,REG,18:01,ANA,ev,none,wrist,1551,8481605,J. LaCombe,8483445,C. Gauthier,8482745,M. McTavish,1,2
2024-12-04,2024020408,3,REG,03:05,VGK,ev,none,tip-in,1551,8482125,A. Holtz,8476871,T. Pearson,8476881,T. Hertl,1,3
2024-12-04,2024020408,3,REG,19:16,VGK,ev,empty-net,wrist,1560,8477447,S. Theodore,8478403,J. Eichel,8476881,T. Hertl,1,4
2024-12-04,2024020409,1,REG,02:34,DAL,pp,none,wrist,1541,8482740,W. Johnston,8480027,J. Robertson,8473994,J. Benn,0,1
2024-12-04,2024020409,1,REG,13:40,DAL,ev,none,snap,1551,8478975,M. Marchment,8482702,L. Stankoven,,,0,2
2024-12-04,2024020409,2,REG,04:40,LAK,ev,none,wrist,1551,8479661,T. Jeannot,8477998,W. Foegele,,,1,2
2024-12-04,2024020409,2,REG,15:38,LAK,ev,none,deflected,1551,8476441,J. Edmundson,8477335,K. Burroughs,8471685,A. Kopitar,2,2
2024-12-04,2024020409,3,REG,02:22,LAK,ev,none,wrap-around,1551,8477998,W. Foegele,8479661,T. Jeannot,,,3,2
2024-12-05,2024020410,1,REG,03:27,BUF,pp,none,wrist,1451,8479420,T. Thompson,8475722,J. Zucker,8477949,A. Tuch,1,0
2024-12-05,2024020410,1,REG,04:14,WPG,ev,none,wrist,1551,8480014,G. Vilardi,8477938,H. Fleury,8476460,M. Scheifele,1,1
2024-12-05,2024020410,1,REG,11:29,BUF,ev,none,tip-in,1551,8481528,D. Cozens,8484145,Z. Benson,8477365,C. Clifton,2,1
2024-12-05,2024020410,2,REG,03:06,WPG,pp,none,slap,1531,8478398,K. Connor,8476460,M. Scheifele,8477504,J. Morrissey,2,2
2024-12-05,2024020410,4,OT,03:59,WPG,ev,none,wrist,1331,8476392,A. Lowry,8477504,J. Morrissey,8480014,G. Vilardi,2,3
2024-12-05,2024020411,1,REG,07:50,MTL,sh,none,snap,1541,8478133,J. Evans,,,,,1,0
2024-12-05,2024020411,3,REG,01:14,MTL,pp,none,snap,1351,8479339,P. Laine,8483457,L. Hutson,8480018,N. Suzuki,2,0
2024-12-05,2024020411,3,REG,19:14,MTL,ev,empty-net,snap,0651,8476469,J. Armia,8478133,J. Evans,8482964,A. Xhekaj,3,0
2024-12-05,2024020412,1,REG,12:14,OTT,ev,none,backhand,1551,8480064,J. Norris,8480801,B. Tkachuk,8480208,D. Batherson,1,0
2024-12-05,2024020412,3,REG,06:15,DET,pp,none,wrist,1431,8479337,A. DeBrincat,8477456,J. Compher,8475765,V. Tarasenko,1,1
2024-12-05,2024020412,3,REG,19:17,OTT,ev,none,wrist,1551,8480064,J. Norris,8480208,D. Batherson,8475324,N. Jensen,2,1
2024-12-05,2024020413,1,REG,01:26,TBL,ev,none,tip-in,1551,8474715,C. Atkinson,8483447,C. Geekie,,,1,0
2024-12-05,2024020413,1,REG,07:29,TBL,ev,none,wrist,1551,8483447,C. Geekie,8474715,C. Atkinson,8475167,V. Hedman,2,0
2024-12-05,2024020413,1,REG,08:32,TBL,ev,none,backhand,1551,8479542,B. Hagel,8477404,J. Guentzel,8474151,R. McDonagh,3,0
2024-12-05,2024020413,1,REG,08:55,TBL,ev,none,backhand,1551,8479542,B. Hagel,8478416,E. Cernak,,,4,0
2024-12-05,2024020413,1,REG,17:45,TBL,pp,none,tip-in,1451,8477404,J. Guentzel,8475167,V. Hedman,8478010,B. Point,5,0
2024-12-05,2024020413,2,REG,04:16,TBL,ev,none,tip-in,1551,8478519,A. Cirelli,8474151,R. McDonagh,8478010,B. Point,6,0
2024-12-05,2024020413,2,REG,18:32,TBL,ev,none,wrist,1551,8480246,N. Perbix,8478010,B. Point,8482929,E. Lilleberg,7,0
2024-12-05,2024020413,3,REG,00:14,SJS,ev,none,wrist,1551,8477505,A. Wennberg,8480188,F. Zetterlund,8480172,J. Rutta,7,1
2024-12-05,2024020413,3,REG,06:01,TBL,ev,none,backhand,1551,8477426,N. Paul,8478010,B. Point,8482655,J. Moser,8,1
2024-12-05,2024020414,1,REG,02:36,FLA,ev,none,wrist,1551,8478542,E. Rodrigues,,,,,0,1
2024-12-05,2024020414,1,REG,06:57,FLA,ev,none,wrist,1551,8478859,N. Mikkola,8479314,M. Tkachuk,8480003,J. Boqvist,0,2
2024-12-05,2024020414,2,REG,03:00,FLA,pp,none,backhand,1541,8477493,A. Barkov,8477933,S. Reinhart,8479314,M. Tkachuk,0,3
2024-12-05,2024020414,2,REG,07:13,PHI,pp,none,backhand,1451,8482159,T. Foerster,8480797,J. Farabee,8484387,M. Michkov,1,3
2024-12-05,2024020414,2,REG,09:31,PHI,ev,none,wrist,1551,8476372,N. Seeler,,,,,2,3
2024-12-05,2024020414,2,REG,13:35,FLA,pp,none,wrist,1541,8477409,C. Verhaeghe,8479314,M. Tkachuk,8477493,A. Barkov,2,4
2024-12-05,2024020414,2,REG,17:41,PHI,ev,none,snap,1551,8480015,O. Tippett,8484387,M. Michkov,,,3,4
2024-12-05,2024020414,2,REG,18:04,PHI,ev,none,backhand,1551,8480015,O. Tippett,8484387,M. Michkov,,,4,4
2024-12-05,2024020414,3,REG,05:39,PHI,ev,none,wrist,1551,8477903,G. Hathaway,8476872,S. Laughton,8477499,R. Ristolainen,5,4
2024-12-05,2024020414,3,REG,14:43,FLA,ev,none,snap,1441,8478055,G. Forsling,8477935,S. Bennett,8478542,E. Rodrigues,5,5
2024-12-05,2024020414,3,REG,18:01,FLA,pp,none,wrist,1541,8477933,S. Reinhart,8477409,C. Verhaeghe,8479314,M. Tkachuk,5,6
2024-12-05,2024020414,3,REG,19:49,FLA,pp,empty-net,wrist,1550,8479314,M. Tkachuk,8477933,S. Reinhart,8475179,D. Kulikov,5,7
2024-12-05,2024020415,1,REG,09:13,COL,ev,none,wrist,1551,8477476,A. Lehkonen,8480069,C. Makar,,,0,1
2024-12-05,2024020415,1,REG,16:05,CAR,ev,none,tip-in,1551,8480762,E. Robinson,8470613,B. Burns,8480039,M. Necas,1,1
2024-12-05,2024020415,2,REG,04:09,CAR,pp,none,snap,1451,8482093,S. Jarvis,8478427,S. Aho,8480830,A. Svechnikov,2,1
2024-12-05,2024020415,2,REG,06:41,CAR,ev,none,snap,1551,8478458,J. Roslovic,8480830,A. Svechnikov,8480336,S. Walker,3,1
2024-12-05,2024020415,3,REG,14:41,COL,ev,none,snap,1551,8477501,V. Nichushkin,8480448,P. Kelly,8478038,D. Toews,3,2
2024-12-05,2024020415,3,REG,17:49,CAR,pp,none,snap,1451,8480039,M. Necas,8480830,A. Svechnikov,8476906,S. Gostisbehere,4,2
2024-12-05,2024020415,3,REG,18:13,COL,ev,none,wrist,0651,8477501,V. Nichushkin,8477492,N. MacKinnon,8480069,C. Makar,4,3
2024-12-05,2024020415,3,REG,19:44,CAR,ev,empty-net,snap,0651,8480830,A. Svechnikov,8480835,J. Drury,8478427,S. Aho,5,3
2024-12-05,2024020416,1,REG,02:48,SEA,ev,none,tip-in,1551,8481789,T. Kartye,8478407,V. Dunn,8476457,A. Larsson,0,1
2024-12-05,2024020416,1,REG,16:58,SEA,pp,none,tip-in,1541,8477416,O. Bjorkstrand,8478407,V. Dunn,8476905,C. Stephenson,0,2
2024-12-05,2024020416,2,REG,03:55,SEA,ev,none,slap,1551,8478407,V. Dunn,8476457,A. Larsson,8482665,M. Beniers,0,3
2024-12-05,2024020416,2,REG,13:05,SEA,pp,none,wrist,1541,8483524,S. Wright,8477986,B. Montour,,,0,4
2024-12-05,2024020416,3,REG,11:57,NYI,ev,none,snap,1551,8480865,N. Dobson,8481601,S. Holmstrom,8475314,A. Lee,1,4
2024-12-05,2024020416,3,REG,15:37,NYI,ev,none,backhand,1560,8484958,M. Tsyplakov,8477506,R. Pulock,8477500,B. Horvat,2,4
2024-12-05,2024020416,3,REG,17:20,SEA,ev,empty-net,backhand,1560,8475768,J. Schwartz,8479293,B. Tanev,8476457,A. Larsson,2,5
2024-12-05,2024020417,1,REG,12:49,STL,pp,none,snap,1541,8482737,Z. Bolduc,8475170,B. Schenn,8481598,P. Broberg,0,1
2024-12-05,2024020417,1,REG,14:49,STL,ev,none,wrist,1551,8480023,R. Thomas,8482089,J. Neighbours,8470600,R. Suter,0,2
2024-12-05,2024020417,1,REG,15:04,CGY,ev,none,snap,1551,8481592,J. Pelletier,8479066,R. Lomberg,8482624,D. Miromanov,1,2
2024-12-05,2024020417,2,REG,05:23,CGY,pp,none,wrist,1451,8482679,M. Coronato,8482074,C. Zary,8477346,M. Weegar,2,2
2024-12-05,2024020417,3,REG,06:00,STL,ev,none,wrist,1551,8477402,P. Buchnevich,8480023,R. Thomas,8481598,P. Broberg,2,3
2024-12-05,2024020417,3,REG,07:06,CGY,ev,none,slap,1441,8477346,M. Weegar,8476456,J. Huberdeau,,,3,3
2024-12-05,2024020417,4,OT,02:25,STL,ev,none,poke,1331,8476892,C. Parayko,8480023,R. Thomas,8482077,D. Holloway,3,4
2024-12-05,2024020418,1,REG,02:31,CBJ,ev,none,tip-in,1551,8478099,K. Labanc,8482451,M. Pyyhtia,8478460,Z. Werenski,0,1
2024-12-05,2024020418,1,REG,09:46,EDM,ev,none,snap,1551,8475786,Z. Hyman,8478402,C. McDavid,8480803,E. Bouchard,1,1
2024-12-05,2024020418,2,REG,02:22,EDM,ev,none,backhand,1551,8477934,L. Draisaitl,8478402,C. McDavid,8480803,E. Bouchard,2,1
2024-12-05,2024020418,2,REG,04:02,EDM,pp,none,wrist,1451,8475218,M. Ekholm,8475784,J. Skinner,8474641,A. Henrique,3,1
2024-12-05,2024020418,2,REG,06:53,EDM,ev,none,snap,1551,8475786,Z. Hyman,8476454,R. Nugent-Hopkins,8478402,C. McDavid,4,1
2024-12-05,2024020418,2,REG,10:02,CBJ,ev,none,wrist,1551,8476923,D. Severson,8482705,C. Sillinger,8484166,A. Fantilli,4,2
2024-12-05,2024020418,2,REG,18:30,EDM,ev,none,backhand,1551,8475784,J. Skinner,8474641,A. Henrique,8477406,M. Janmark,5,2
2024-12-05,2024020418,3,REG,06:10,CBJ,ev,none,snap,1551,8482705,C. Sillinger,8480887,J. Harris,8481161,J. Christiansen,5,3
2024-12-05,2024020418,3,REG,13:37,EDM,pp,none,wrist,1451,8477934,L. Draisaitl,8478402,C. McDavid,8476454,R. Nugent-Hopkins,6,3
2024-12-06,2024020419,2,REG,01:06,WSH,ev,none,tip-in,1551,8475343,N. Dowd,8478911,M. Roy,,,0,1
2024-12-06,2024020419,2,REG,11:31,TOR,ev,none,backhand,1551,8475166,J. Tavares,8475690,C. Tanev,,,1,1
2024-12-06,2024020419,3,REG,09:51,WSH,ev,none,wrist,1551,8481580,C. McMichael,8479400,P. Dubois,,,1,2
2024-12-06,2024020419,3,REG,19:03,WSH,ev,empty-net,wrist,1560,8481656,A. Protas,8475343,N. Dowd,8476880,T. Wilson,1,3
2024-12-06,2024020420,1,REG,10:16,SEA,ev,none,snap,1551,8477444,A. Burakovsky,8478407,V. Dunn,,,0,1
2024-12-06,2024020420,1,REG,12:27,NJD,ev,none,wrist,1551,8482684,L. Hughes,8481559,J. Hughes,8479407,J. Bratt,1,1
2024-12-06,2024020420,2,REG,03:41,SEA,pp,none,snap,1541,8483524,S. Wright,8480009,E. Tolvanen,8475768,J. Schwartz,1,2
2024-12-06,2024020420,2,REG,08:03,NJD,ev,none,wrist,1551,8479407,J. Bratt,8481559,J. Hughes,8475455,B. Dillon,2,2
2024-12-06,2024020420,3,REG,00:53,NJD,ev,none,backhand,1551,8478414,T. Meier,,,,,3,2
2024-12-06,2024020421,2,REG,06:19,PIT,ev,none,wrist,1551,8481481,B. Lizotte,8479996,C. Glass,8474578,E. Karlsson,0,1
2024-12-06,2024020421,2,REG,07:28,NYR,ev,none,slap,1551,8478550,A. Panarin,8482109,A. Lafrenière,8476389,V. Trocheck,1,1
2024-12-06,2024020421,2,REG,19:58,NYR,ev,none,wrist,1551,8478550,A. Panarin,8476389,V. Trocheck,8482073,B. Schneider,2,1
2024-12-06,2024020421,3,REG,08:29,PIT,ev,none,snap,1551,8481577,P. Tomasino,8478047,M. Bunting,8477969,M. Pettersson,2,2
2024-12-06,2024020421,3,REG,09:53,NYR,ev,none,wrist,1551,8475191,R. Smith,8476459,M. Zibanejad,8475184,C. Kreider,3,2
2024-12-06,2024020421,3,REG,18:22,NYR,ev,none,wrist,1551,8476389,V. Trocheck,8482109,A. Lafrenière,8478550,A. Panarin,4,2
2024-12-06,2024020422,1,REG,07:10,CBJ,ev,none,wrist,1551,8479671,M. Olivier,8482705,C. Sillinger,8479944,Z. Aston-Reese,0,1
2024-12-06,2024020422,1,REG,12:18,CBJ,ev,none,slap,1441,8476923,D. Severson,8478500,I. Provorov,8480893,K. Marchenko,0,2
2024-12-06,2024020422,2,REG,03:52,VAN,ev,none,wrist,1551,8478444,B. Boeser,8480800,Q. Hughes,8479576,V. Desharnais,1,2
2024-12-06,2024020422,2,REG,19:00,VAN,ev,none,wrist,1551,8480748,K. Sherwood,8476927,T. Blueger,,,2,2
2024-12-06,2024020422,3,REG,02:17,VAN,ev,none,wrist,1551,8480459,P. Suter,8478856,C. Garland,,,3,2
2024-12-06,2024020422,3,REG,10:22,VAN,pp,none,tip-in,1451,8478498,J. DeBrusk,8480800,Q. Hughes,8478444,B. Boeser,4,2
2024-12-06,2024020422,3,REG,18:55,VAN,ev,empty-net,wrist,0651,8480459,P. Suter,8480012,E. Pettersson,,,5,2
2024-12-06,2024020423,1,REG,15:23,VGK,pp,none,wrist,1351,8476881,T. Hertl,8475913,M. Stone,8477447,S. Theodore,1,0
2024-12-06,2024020423,2,REG,06:39,DAL,ev,none,wrist,1551,8482145,M. Bourque,8480840,O. Bäck,8476278,C. Blackwell,1,1
2024-12-06,2024020423,2,REG,15:40,VGK,pp,none,slap,1451,8478403,J. Eichel,8477447,S. Theodore,,,2,1
2024-12-06,2024020423,2,REG,16:48,VGK,ev,none,snap,1551,8478462,N. Roy,,,,,3,1
2024-12-06,2024020423,3,REG,17:26,DAL,ev,none,wrist,0651,8478975,M. Marchment,8482740,W. Johnston,8480036,M. Heiskanen,3,2
2024-12-06,2024020424,2,REG,04:22,MIN,pp,none,snap,1541,8482079,M. Rossi,8478864,K. Kaprizov,8474716,J. Spurgeon,0,1
2024-12-06,2024020424,2,REG,08:03,MIN,ev,none,deflected,1551,8482079,M. Rossi,8481557,M. Boldy,8482122,B. Faber,0,2
2024-12-06,2024020424,2,REG,10:51,MIN,ev,none,wrist,1551,8481557,M. Boldy,8482079,M. Rossi,8478864,K. Kaprizov,0,3
2024-12-06,2024020424,3,REG,01:21,MIN,ev,none,wrist,1551,8478864,K. Kaprizov,8475220,M. Foligno,8481557,M. Boldy,0,4
2024-12-06,2024020424,3,REG,16:37,ANA,ev,none,tip-in,1551,8476934,B. McGinn,8475764,C. Fowler,8481517,B. Leason,1,4
2024-12-06,2024020424,3,REG,18:43,MIN,sh,empty-net,wrist,1460,8478508,Y. Trenin,,,,,1,5
2024-12-07,2024020425,1,REG,07:24,PHI,pp,none,wrist,1541,8484387,M. Michkov,8476461,S. Couturier,8482126,E. Andrae,0,1
2024-12-07,2024020425,1,REG,18:24,PHI,ev,none,wrist,1551,8484387,M. Michkov,8477948,T. Sanheim,,,0,2
2024-12-07,2024020425,2,REG,05:26,BOS,pp,none,backhand,1451,8479365,T. Frederic,8482511,M. Lohrei,8479987,M. Geekie,1,2
2024-12-07,2024020425,2,REG,15:29,PHI,ev,none,wrist,1551,8481546,C. York,8477948,T. Sanheim,8478439,T. Konecny,1,3
2024-12-07,2024020425,3,REG,05:18,BOS,ev,none,snap,1551,8479365,T. Frederic,8475745,C. Coyle,8480355,M. Kastelic,2,3
2024-12-07,2024020425,3,REG,14:38,BOS,ev,none,wrist,1551,8473419,B. Marchand,8479638,J. Brazeau,,,3,3
2024-12-07,2024020425,4,OT,02:49,BOS,ev,none,snap,1331,8478401,P. Zacha,8477956,D. Pastrnak,,,4,3
2024-12-07,2024020426,1,REG,10:14,BUF,ev,none,tip-in,1551,8482896,T. Kozak,8479359,B. Malenstyn,8478502,D. Gilbert,1,0
2024-12-07,2024020426,2,REG,03:18,UTA,ev,none,wrist,1551,8480891,M. Kesselring,8480849,B. Hayton,,,1,1
2024-12-07,2024020426,2,REG,03:42,UTA,ev,none,wrist,1551,8479410,M. Sergachev,8477021,A. Kerfoot,8479619,M. Carcone,1,2
2024-12-07,2024020426,2,REG,19:08,UTA,ev,none,wrist,1551,8477951,N. Schmaltz,8480891,M. Kesselring,8479343,C. Keller,1,3
2024-12-07,2024020426,3,REG,02:11,UTA,ev,none,wrist,1551,8480855,J. McBain,8483431,L. Cooley,8482699,D. Guenther,1,4
2024-12-07,2024020426,3,REG,12:07,UTA,ev,none,wrist,1551,8478831,K. Stenlund,8476874,O. Maatta,8477021,A. Kerfoot,1,5
2024-12-07,2024020426,3,REG,17:40,BUF,ev,none,wrist,1551,8483468,J.Kulich,8475722,J. Zucker,8482671,O. Power,2,5
2024-12-07,2024020427,1,REG,09:01,CHI,pp,none,slap,1451,8481568,A. Vlasic,8476882,T. Teravainen,8484144,C. Bedard,1,0
2024-12-07,2024020427,1,REG,13:31,WPG,ev,none,tip-in,1551,8480014,G. Vilardi,8479378,L. Stanley,8478398,K. Connor,1,1
2024-12-07,2024020427,1,REG,19:47,CHI,ev,none,wrist,1551,8474166,A. Martinez,8481624,I. Mikheyev,8477450,J. Dickinson,2,1
2024-12-07,2024020427,2,REG,13:10,WPG,ev,none,backhand,1551,8475799,N. Niederreiter,8478891,M. Appleton,8477938,H. Fleury,2,2
2024-12-07,2024020427,3,REG,10:18,WPG,ev,none,snap,1551,8476460,M. Scheifele,8478398,K. Connor,,,2,3
2024-12-07,2024020427,3,REG,18:19,WPG,ev,empty-net,wrist,1560,8478891,M. Appleton,,,,,2,4
2024-12-07,2024020428,1,REG,15:43,CAR,pp,none,wrist,1541,8480830,A. Svechnikov,8478427,S. Aho,8476906,S. Gostisbehere,0,1
2024-12-07,2024020428,2,REG,06:05,NYI,ev,none,snap,1551,8476419,J. Pageau,8480865,N. Dobson,8484958,M. Tsyplakov,1,1
2024-12-07,2024020428,2,REG,09:23,CAR,pp,none,wrist,1541,8480830,A. Svechnikov,8482093,S. Jarvis,8476906,S. Gostisbehere,1,2
2024-12-07,2024020428,2,REG,10:06,NYI,ev,none,wrist,1551,8480789,O. Wahlstrom,,,,,2,2
2024-12-07,2024020428,2,REG,16:16,NYI,ev,none,wrist,1551,8484958,M. Tsyplakov,8476419,J. Pageau,8477500,B. Horvat,3,2
2024-12-07,2024020428,2,REG,18:55,NYI,ev,none,wrist,1551,8477500,B. Horvat,8476419,J. Pageau,,,4,2
2024-12-07,2024020428,3,REG,19:11,CAR,ev,none,snap,0651,8480829,J. Kotkaniemi,8476906,S. Gostisbehere,8480039,M. Necas,4,3
2024-12-07,2024020429,1,REG,00:23,FLA,ev,none,bat,1551,8479314,M. Tkachuk,8477935,S. Bennett,,,1,0
2024-12-07,2024020429,2,REG,10:05,FLA,ev,none,backhand,1551,8479314,M. Tkachuk,8477931,T. Nosek,,,2,0
2024-12-07,2024020429,2,REG,13:17,FLA,pp,none,wrist,1451,8477493,A. Barkov,8477933,S. Reinhart,8477409,C. Verhaeghe,3,0
2024-12-07,2024020429,3,REG,18:35,SJS,pp,none,tip-in,0641,8475726,T. Toffoli,8475798,M. Granlund,8478013,J. Walman,3,1
2024-12-07,2024020430,1,REG,11:09,MTL,ev,none,snap,1551,8481618,A. Newhook,8481540,C. Caufield,8483457,L. Hutson,1,0
2024-12-07,2024020430,1,REG,16:00,MTL,ev,none,wrist,1551,8481540,C. Caufield,8480018,N. Suzuki,,,2,0
2024-12-07,2024020430,2,REG,00:33,WSH,ev,none,slap,1551,8479400,P. Dubois,8474590,J. Carlson,8479390,T. Raddysh,2,1
2024-12-07,2024020430,3,REG,07:10,WSH,ev,none,snap,1551,8476880,T. Wilson,8481656,A. Protas,8478911,M. Roy,2,2
2024-12-07,2024020430,3,REG,11:48,WSH,ev,none,snap,1551,8476880,T. Wilson,8479400,P. Dubois,8481656,A. Protas,2,3
2024-12-07,2024020430,3,REG,13:49,WSH,pp,none,snap,1541,8478440,D. Strome,8479345,J. Chychrun,8481580,C. McMichael,2,4
2024-12-07,2024020431,2,REG,05:07,OTT,ev,none,wrist,1551,8480879,J. Bernard-Docker,8482116,T. Stützle,8478874,A. Gaudette,1,0
2024-12-07,2024020431,2,REG,16:52,OTT,ev,none,wrist,1551,8473512,C. Giroux,8482116,T. Stützle,,,2,0
2024-12-07,2024020431,3,REG,12:37,OTT,ev,none,snap,1551,8476393,N. Cousins,8478020,M. Amadio,,,3,0
2024-12-07,2024020431,3,REG,18:03,NSH,ev,none,wrist,1551,8482768,F. Svechkov,8476873,M. Jankowski,8482742,Z. L'Heureux,3,1
2024-12-07,2024020432,1,REG,10:48,COL,ev,none,wrist,1551,8477501,V. Nichushkin,8479398,S. Girard,8479999,C. Mittelstadt,0,1
2024-12-07,2024020432,2,REG,02:44,COL,pp,none,wrist,1541,8480069,C. Makar,8477492,N. MacKinnon,8478420,M. Rantanen,0,2
2024-12-07,2024020432,2,REG,18:13,DET,ev,none,deflected,1551,8482078,L. Raymond,8477946,D. Larkin,,,1,2
2024-12-07,2024020433,1,REG,04:39,PIT,pp,none,wrist,1451,8476483,R. Rakell,8476891,M. Grzelcyk,8475763,K. Hayes,1,0
2024-12-07,2024020433,1,REG,06:35,TOR,ev,none,wrist,1551,8478483,M. Marner,8475171,O. Ekman-Larsson,8479318,A. Matthews,1,1
2024-12-07,2024020433,1,REG,14:15,PIT,ev,none,snap,1551,8475810,B. Rust,8471675,S. Crosby,8476483,R. Rakell,2,1
2024-12-07,2024020433,2,REG,02:32,TOR,pp,none,slap,1541,8477939,W. Nylander,8478483,M. Marner,8479318,A. Matthews,2,2
2024-12-07,2024020433,3,REG,05:34,PIT,pp,none,wrist,1451,8478047,M. Bunting,8475810,B. Rust,8474578,E. Karlsson,3,2
2024-12-07,2024020433,3,REG,19:20,PIT,sh,empty-net,wrist,0641,8481481,B. Lizotte,,,,,4,2
2024-12-07,2024020433,3,REG,19:34,PIT,sh,empty-net,wrist,0641,8471724,K. Letang,8477969,M. Pettersson,,,5,2
2024-12-07,2024020434,1,REG,19:17,LAK,ev,none,deflected,1551,8477960,A. Kempe,8471685,A. Kopitar,8479998,M. Anderson,1,0
2024-12-07,2024020434,2,REG,08:33,LAK,pp,none,snap,1451,8482155,A. Laferriere,8481606,J. Spence,8477942,K. Fiala,2,0
2024-12-07,2024020434,3,REG,18:06,LAK,ev,empty-net,wrist,0651,8479675,T. Moore,8477960,A. Kempe,,,3,0
2024-12-07,2024020434,3,REG,18:47,MIN,ev,none,wrist,1551,8478508,Y. Trenin,8475750,J. Merrill,8474567,Z. Bogosian,3,1
2024-12-07,2024020434,3,REG,18:55,LAK,ev,empty-net,wrist,0651,8479675,T. Moore,,,,,4,1
2024-12-07,2024020435,1,REG,12:25,EDM,ev,none,tip-in,1551,8470621,C. Perry,8477498,D. Nurse,8477934,L. Draisaitl,1,0
2024-12-07,2024020435,2,REG,05:19,EDM,ev,none,snap,1551,8478402,C. McDavid,,,,,2,0
2024-12-07,2024020435,2,REG,14:37,EDM,pp,none,tip-in,1451,8475786,Z. Hyman,8478402,C. McDavid,8477934,L. Draisaitl,3,0
2024-12-07,2024020435,3,REG,05:02,STL,ev,none,snap,1551,8482077,D. Holloway,8480023,R. Thomas,8476892,C. Parayko,3,1
2024-12-07,2024020435,3,REG,13:09,STL,pp,none,tip-in,1541,8482089,J. Neighbours,8479385,J. Kyrou,8477402,P. Buchnevich,3,2
2024-12-07,2024020435,3,REG,14:18,EDM,ev,none,snap,1551,8479442,T. Stecher,8475784,J. Skinner,,,4,2
2024-12-08,2024020436,1,REG,03:38,NYR,ev,none,wrist,1551,8475191,R. Smith,8480817,K. Miller,8476459,M. Zibanejad,1,0
2024-12-08,2024020436,2,REG,01:46,SEA,pp,none,wrist,1541,8477416,O. Bjorkstrand,8476905,C. Stephenson,8482665,M. Beniers,1,1
2024-12-08,2024020436,2,REG,02:50,NYR,ev,none,snap,1551,8480078,F. Chytil,8481554,K. Kakko,8482157,W. Cuylle,2,1
2024-12-08,2024020436,2,REG,04:47,NYR,pp,none,wrist,1451,8476389,V. Trocheck,8479323,A. Fox,,,3,1
2024-12-08,2024020436,2,REG,14:06,SEA,ev,none,wrist,1551,8479293,B. Tanev,8478477,M. Stephens,8481789,T. Kartye,3,2
2024-12-08,2024020436,2,REG,15:34,SEA,ev,none,slap,1551,8480009,E. Tolvanen,8477416,O. Bjorkstrand,8483524,S. Wright,3,3
2024-12-08,2024020436,2,REG,19:24,SEA,ev,none,wrist,1551,8477416,O. Bjorkstrand,8477986,B. Montour,8480009,E. Tolvanen,3,4
2024-12-08,2024020436,3,REG,01:00,SEA,ev,none,slap,1551,8478407,V. Dunn,8477444,A. Burakovsky,8476905,C. Stephenson,3,5
2024-12-08,2024020436,3,REG,11:13,SEA,ev,none,tip-in,1551,8483524,S. Wright,8480009,E. Tolvanen,8477416,O. Bjorkstrand,3,6
2024-12-08,2024020436,3,REG,12:27,NYR,ev,none,wrist,1551,8480817,K. Miller,8478550,A. Panarin,8479323,A. Fox,4,6
2024-12-08,2024020436,3,REG,14:57,NYR,ev,none,wrist,1551,8482109,A. Lafrenière,8476389,V. Trocheck,8478550,A. Panarin,5,6
2024-12-08,2024020436,3,REG,18:14,SEA,ev,empty-net,wrist,1560,8476826,Y. Gourde,8482665,M. Beniers,8476467,J. Oleksiak,5,7
2024-12-08,2024020437,1,REG,16:08,VAN,ev,none,backhand,1551,8480800,Q. Hughes,8480459,P. Suter,,,1,0
2024-12-08,2024020437,2,REG,04:40,TBL,ev,none,wrist,1551,8476453,N. Kucherov,8474151,R. McDonagh,8478010,B. Point,1,1
2024-12-08,2024020437,2,REG,06:29,TBL,pp,none,wrist,1541,8478010,B. Point,8476453,N. Kucherov,8475167,V. Hedman,1,2
2024-12-08,2024020437,3,REG,04:52,VAN,ev,none,snap,1551,8480748,K. Sherwood,8474574,T. Myers,8482691,A. Räty,2,2
2024-12-08,2024020437,3,REG,16:04,TBL,pp,none,deflected,1541,8477404,J. Guentzel,8476453,N. Kucherov,8478010,B. Point,2,3
2024-12-08,2024020437,3,REG,19:42,TBL,ev,empty-net,backhand,1560,8478010,B. Point,,,,,2,4
2024-12-08,2024020438,1,REG,05:37,OTT,ev,none,wrist,1551,8478874,A. Gaudette,8479393,N. Gregor,8482116,T. Stützle,1,0
2024-12-08,2024020438,1,REG,12:27,NYI,pp,none,wrist,1541,8475314,A. Lee,8480865,N. Dobson,8475151,K. Palmieri,1,1
2024-12-08,2024020438,1,REG,14:48,NYI,ev,none,tip-in,1551,8481237,K. MacLean,8479395,D. Cholowski,8478115,P. Engvall,1,2
2024-12-08,2024020438,2,REG,00:37,OTT,pp,none,wrist,1451,8480064,J. Norris,8480208,D. Batherson,8482116,T. Stützle,2,2
2024-12-08,2024020438,3,REG,13:46,NYI,pp,none,wrist,1541,8475151,K. Palmieri,8475314,A. Lee,8480865,N. Dobson,2,3
2024-12-08,2024020438,3,REG,19:09,NYI,ev,empty-net,wrist,1560,8477500,B. Horvat,,,,,2,4
2024-12-08,2024020439,2,REG,11:51,WPG,pp,none,wrist,1451,8478398,K. Connor,8477504,J. Morrissey,8476460,M. Scheifele,1,0
2024-12-08,2024020439,2,REG,13:53,CBJ,pp,none,deflected,1541,8481716,D. Voronkov,8480893,K. Marchenko,8478460,Z. Werenski,1,1
2024-12-08,2024020439,3,REG,07:15,CBJ,ev,none,backhand,1551,8482660,K. Johnson,8477497,S. Monahan,8474037,J. van Riemsdyk,1,2
2024-12-08,2024020439,3,REG,09:42,CBJ,ev,none,snap,1551,8482660,K. Johnson,8474037,J. van Riemsdyk,8478500,I. Provorov,1,3
2024-12-08,2024020439,3,REG,18:38,CBJ,ev,empty-net,wrist,1560,8476374,S. Kuraly,,,,,1,4
2024-12-08,2024020440,1,REG,04:07,COL,ev,none,wrist,1551,8479525,R. Colton,8479999,C. Mittelstadt,8477501,V. Nichushkin,0,1
2024-12-08,2024020440,1,REG,14:52,COL,ev,none,tip-in,1551,8481186,L. O'Connor,8475177,C. de Haan,8481641,J. Kiviranta,0,2
2024-12-08,2024020440,2,REG,14:36,COL,ev,none,wrist,1551,8477476,A. Lehkonen,8479999,C. Mittelstadt,,,0,3
2024-12-08,2024020440,3,REG,16:05,COL,ev,empty-net,snap,1560,8480448,P. Kelly,8478420,M. Rantanen,8475177,C. de Haan,0,4
2024-12-08,2024020441,2,REG,07:01,UTA,ev,none,backhand,1551,8479619,M. Carcone,8474145,R. Bortuzzo,,,0,1
2024-12-08,2024020441,2,REG,07:20,PHI,ev,none,wrist,1551,8480797,J. Farabee,8476372,N. Seeler,8478439,T. Konecny,1,1
2024-12-08,2024020441,2,REG,09:42,UTA,ev,none,tip-in,1551,8479976,J. Välimäki,8479410,M. Sergachev,8480855,J. McBain,1,2
2024-12-08,2024020441,2,REG,13:34,PHI,ev,none,snap,1551,8480015,O. Tippett,8476372,N. Seeler,8484387,M. Michkov,2,2
2024-12-08,2024020441,2,REG,15:30,UTA,pp,none,backhand,1541,8483431,L. Cooley,8482699,D. Guenther,8479343,C. Keller,2,3
2024-12-08,2024020441,3,REG,15:43,UTA,sh,none,wrist,1451,8478831,K. Stenlund,,,,,2,4
2024-12-08,2024020442,1,REG,01:00,CGY,ev,none,snap,1551,8476456,J. Huberdeau,8475172,N. Kadri,,,0,1
2024-12-08,2024020442,1,REG,04:26,DAL,sh,none,snap,1541,8482740,W. Johnston,,,,,1,1
2024-12-08,2024020442,2,REG,07:47,DAL,ev,none,snap,1551,8480027,J. Robertson,8480840,O. Bäck,8480950,I. Lyubushkin,2,1
2024-12-08,2024020442,2,REG,16:08,CGY,ev,none,deflected,1551,8482074,C. Zary,8482624,D. Miromanov,8483808,A. Kuzmenko,2,2
2024-12-08,2024020442,3,REG,05:13,DAL,ev,none,tip-in,1551,8478449,R. Hintz,8476902,E. Lindell,8480027,J. Robertson,3,2
2024-12-08,2024020442,3,REG,12:01,DAL,ev,none,snap,1551,8479351,S. Steel,8473994,J. Benn,,,4,2
2024-12-08,2024020442,3,REG,13:02,DAL,ev,none,wrist,1551,8481581,T. Harley,8480878,N. Lundkvist,8480840,O. Bäck,5,2
2024-12-08,2024020442,3,REG,19:02,DAL,ev,none,wrist,1441,8481581,T. Harley,8478975,M. Marchment,8475168,M. Duchene,6,2
2024-12-09,2024020443,1,REG,01:38,BUF,ev,none,wrist,1551,8484145,Z. Benson,8481528,D. Cozens,8481522,P. Krebs,1,0
2024-12-09,2024020443,1,REG,04:05,DET,ev,none,backhand,1551,8479337,A. DeBrincat,8477946,D. Larkin,,,1,1
2024-12-09,2024020443,1,REG,04:46,DET,ev,none,tip-in,1551,8477429,A. Copp,8477456,J. Compher,8481542,M. Seider,1,2
2024-12-09,2024020443,1,REG,10:25,BUF,ev,none,wrist,1551,8479420,T. Thompson,8475722,J. Zucker,,,2,2
2024-12-09,2024020443,1,REG,15:26,BUF,ev,none,wrist,1560,8475722,J. Zucker,8481522,P. Krebs,8480802,R. McLeod,3,2
2024-12-09,2024020443,2,REG,01:05,DET,ev,none,wrist,1551,8482078,L. Raymond,8477946,D. Larkin,8476979,E. Gustafsson,3,3
2024-12-09,2024020443,2,REG,02:26,BUF,ev,none,wrist,1551,8477979,N. Aube-Kubel,8479359,B. Malenstyn,8482671,O. Power,4,3
2024-12-09,2024020443,2,REG,09:46,BUF,ev,none,wrist,1551,8475722,J. Zucker,8480802,R. McLeod,,,5,3
2024-12-09,2024020443,3,REG,10:27,DET,ev,none,wrist,1551,8477429,A. Copp,8475279,B. Chiarot,8477456,J. Compher,5,4
2024-12-09,2024020443,3,REG,15:42,DET,ev,none,snap,1551,8481542,M. Seider,8482078,L. Raymond,8482762,S. Edvinsson,5,5
2024-12-09,2024020443,5,SO,00:00,DET,ev,none,wrist,0101,8477946,D. Larkin,,,,,5,6
2024-12-09,2024020444,1,REG,08:10,CHI,ev,none,snap,1551,8477479,T. Bertuzzi,8475791,T. Hall,,,0,1
2024-12-09,2024020444,1,REG,19:17,NYR,sh,none,snap,1541,8482157,W. Cuylle,8475842,S. Carrick,,,1,1
2024-12-09,2024020444,2,REG,06:16,CHI,ev,none,poke,1551,8475791,T. Hall,8484144,C. Bedard,8477450,J. Dickinson,1,2
2024-12-09,2024020445,1,REG,02:36,MTL,pp,none,snap,1451,8479339,P. Laine,8480018,N. Suzuki,8483457,L. Hutson,1,0
2024-12-09,2024020445,1,REG,10:49,ANA,ev,none,backhand,1551,8478873,T. Terry,8475764,C. Fowler,8478424,J. Harkins,1,1
2024-12-09,2024020445,2,REG,04:25,ANA,pp,none,tip-in,1541,8478873,T. Terry,8473986,A. Killorn,8478366,F. Vatrano,1,2
2024-12-09,2024020445,2,REG,04:36,MTL,ev,none,snap,1551,8481523,K. Dach,8483515,J. Slafkovský,8479339,P. Laine,2,2
2024-12-09,2024020445,5,SO,00:00,MTL,ev,none,snap,1010,8479339,P. Laine,,,,,3,2
2024-12-10,2024020446,2,REG,07:16,NJD,ev,none,wrist,1551,8476292,O. Palat,8479407,J. Bratt,,,1,0
2024-12-10,2024020446,3,REG,10:42,TOR,sh,none,wrist,1451,8480995,P. Holmberg,8480980,C. Dewar,8475690,C. Tanev,1,1
2024-12-10,2024020446,4,OT,02:51,TOR,ev,none,wrist,1331,8479318,A. Matthews,,,,,1,2
2024-12-10,2024020447,1,REG,06:31,COL,ev,none,snap,1551,8477492,N. MacKinnon,8478420,M. Rantanen,8478038,D. Toews,0,1
2024-12-10,2024020447,1,REG,18:22,COL,ev,none,wrist,1551,8478420,M. Rantanen,8480069,C. Makar,,,0,2
2024-12-10,2024020447,2,REG,05:46,COL,ev,none,snap,1551,8478420,M. Rantanen,8475177,C. de Haan,8477492,N. MacKinnon,0,3
2024-12-10,2024020447,2,REG,07:21,PIT,ev,none,wrist,1551,8479996,C. Glass,8471215,E. Malkin,8471724,K. Letang,1,3
2024-12-10,2024020447,2,REG,18:53,PIT,ev,none,wrist,1551,8478047,M. Bunting,8474578,E. Karlsson,8475810,B. Rust,2,3
2024-12-10,2024020447,3,REG,03:23,COL,ev,none,wrist,1551,8477501,V. Nichushkin,8477492,N. MacKinnon,,,2,4
2024-12-10,2024020447,3,REG,12:21,COL,ev,none,wrist,1551,8477476,A. Lehkonen,8478420,M. Rantanen,8477492,N. MacKinnon,2,5
2024-12-10,2024020447,3,REG,15:08,COL,ev,empty-net,wrist,1560,8478420,M. Rantanen,8477492,N. MacKinnon,8478038,D. Toews,2,6
2024-12-10,2024020448,1,REG,04:26,CAR,ev,none,snap,1551,8476906,S. Gostisbehere,8477478,W. Carrier,8478458,J. Roslovic,1,0
2024-12-10,2024020448,1,REG,18:51,SJS,ev,none,snap,1551,8479316,L. Kunin,8484801,M. Celebrini,8476879,C. Ceci,1,1
2024-12-10,2024020448,2,REG,11:44,SJS,ev,none,wrist,1551,8479316,L. Kunin,8482667,W. Eklund,,,1,2
2024-12-10,2024020448,3,REG,04:11,CAR,ev,none,snap,1551,8470613,B. Burns,8478427,S. Aho,8480039,M. Necas,2,2
2024-12-10,2024020448,3,REG,17:21,CAR,ev,none,wrist,1551,8478970,J. Chatfield,,,,,3,2
2024-12-10,2024020449,1,REG,04:37,PHI,ev,none,wrist,1551,8480220,N. Cates,8482159,T. Foerster,8481546,C. York,0,1
2024-12-10,2024020449,1,REG,10:56,PHI,ev,none,wrist,1551,8480015,O. Tippett,8482142,J. Drysdale,8480028,M. Frost,0,2
2024-12-10,2024020449,2,REG,06:11,PHI,pp,none,wrist,1541,8478439,T. Konecny,8484387,M. Michkov,8481553,B. Brink,0,3
2024-12-10,2024020449,2,REG,16:56,CBJ,pp,none,snap,1451,8478460,Z. Werenski,8480893,K. Marchenko,,,1,3
2024-12-10,2024020449,2,REG,19:00,PHI,ev,none,wrist,1551,8478439,T. Konecny,8480797,J. Farabee,8476372,N. Seeler,1,4
2024-12-10,2024020449,3,REG,01:55,PHI,ev,none,wrist,1551,8480028,M. Frost,8484387,M. Michkov,,,1,5
2024-12-10,2024020449,3,REG,11:42,CBJ,ev,none,tip-in,1551,8477497,S. Monahan,8479371,D. Fabbro,8482660,K. Johnson,2,5
2024-12-10,2024020449,3,REG,19:23,CBJ,ev,none,tip-in,1551,8482660,K. Johnson,8476923,D. Severson,8474037,J. van Riemsdyk,3,5
2024-12-10,2024020450,1,REG,13:51,LAK,ev,none,wrist,1551,8477960,A. Kempe,8471685,A. Kopitar,8479675,T. Moore,0,1
2024-12-10,2024020450,2,REG,03:09,LAK,ev,none,wrist,1551,8477942,K. Fiala,8476441,J. Edmundson,8481532,A. Turcotte,0,2
2024-12-10,2024020450,2,REG,09:47,NYI,ev,none,wrist,1551,8475314,A. Lee,8475151,K. Palmieri,8475754,B. Nelson,1,2
2024-12-10,2024020450,3,REG,19:46,LAK,ev,empty-net,wrist,1560,8479998,M. Anderson,8477960,A. Kempe,,,1,3
2024-12-10,2024020451,1,REG,07:45,NSH,ev,none,tip-in,1551,8476539,J. Marchessault,8474564,S. Stamkos,8476887,F. Forsberg,1,0
2024-12-10,2024020451,1,REG,10:22,CGY,ev,none,wrist,1551,8475172,N. Kadri,8476456,J. Huberdeau,,,1,1
2024-12-10,2024020451,1,REG,10:52,NSH,ev,none,snap,1551,8478438,T. Novak,8476873,M. Jankowski,8482146,L. Evangelista,2,1
2024-12-10,2024020451,2,REG,02:27,CGY,ev,none,deflected,1551,8479291,K. Rooney,8482652,W. Duehr,,,2,2
2024-12-10,2024020451,2,REG,07:41,NSH,ev,none,wrist,1551,8476539,J. Marchessault,8476887,F. Forsberg,,,3,2
2024-12-10,2024020451,2,REG,13:49,CGY,ev,none,wrist,1551,8481167,B. Pachal,8481592,J. Pelletier,8479291,K. Rooney,3,3
2024-12-10,2024020451,2,REG,18:41,CGY,pp,none,backhand,1541,8476456,J. Huberdeau,8482679,M. Coronato,8482074,C. Zary,3,4
2024-12-10,2024020452,1,REG,12:09,WPG,pp,none,wrist,1451,8476480,V. Namestnikov,8475799,N. Niederreiter,8480145,N. Pionk,1,0
2024-12-10,2024020452,1,REG,18:01,WPG,ev,none,snap,1551,8476460,M. Scheifele,8478398,K. Connor,8480014,G. Vilardi,2,0
2024-12-10,2024020452,2,REG,07:02,WPG,pp,none,snap,1451,8476460,M. Scheifele,8477504,J. Morrissey,,,3,0
2024-12-10,2024020452,2,REG,09:13,BOS,pp,none,slap,1541,8477956,D. Pastrnak,8479325,C. McAvoy,8473419,B. Marchand,3,1
2024-12-10,2024020452,3,REG,01:15,WPG,ev,none,snap,1551,8478398,K. Connor,8476460,M. Scheifele,,,4,1
2024-12-10,2024020452,3,REG,05:33,WPG,ev,none,wrist,1551,8480014,G. Vilardi,8478398,K. Connor,,,5,1
2024-12-10,2024020452,3,REG,07:19,WPG,pp,none,tip-in,1451,8480113,A. Iafallo,8480145,N. Pionk,8482787,N. Chibrikov,6,1
2024-12-10,2024020452,3,REG,16:16,WPG,ev,none,wrist,1551,8478891,M. Appleton,8477938,H. Fleury,8476392,A. Lowry,7,1
2024-12-10,2024020452,3,REG,16:26,WPG,ev,none,slap,1551,8482787,N. Chibrikov,8482149,C. Perfetti,,,8,1
2024-12-10,2024020453,1,REG,17:31,EDM,ev,none,snap,1551,8478402,C. McDavid,8477934,L. Draisaitl,8476967,B. Kulak,1,0
2024-12-10,2024020453,2,REG,10:02,TBL,ev,none,snap,1551,8477404,J. Guentzel,8476453,N. Kucherov,8478010,B. Point,1,1
2024-12-10,2024020453,2,REG,11:58,EDM,ev,own-goal,,1551,8477934,L. Draisaitl,,,,,2,1
2024-12-10,2024020454,1,REG,13:46,UTA,ev,none,slap,1551,8478831,K. Stenlund,8479619,M. Carcone,8476874,O. Maatta,1,0
2024-12-10,2024020454,2,REG,14:25,MIN,ev,none,snap,1551,8482177,M. Khusnutdinov,,,,,1,1
2024-12-10,2024020454,2,REG,15:01,MIN,ev,none,wrist,1551,8478864,K. Kaprizov,8475149,M. Johansson,,,1,2
2024-12-10,2024020454,3,REG,04:42,UTA,pp,none,wrist,1451,8479343,C. Keller,8479410,M. Sergachev,8482699,D. Guenther,2,2
2024-12-10,2024020454,3,REG,05:39,MIN,ev,none,snap,1551,8475149,M. Johansson,,,,,2,3
2024-12-10,2024020454,3,REG,09:54,UTA,pp,none,snap,1451,8479343,C. Keller,8482699,D. Guenther,8479410,M. Sergachev,3,3
2024-12-10,2024020454,3,REG,11:45,UTA,ev,none,backhand,1551,8479976,J. Välimäki,8478474,L. Crouse,,,4,3
2024-12-10,2024020454,3,REG,19:16,MIN,ev,none,snap,0651,8482079,M. Rossi,8475149,M. Johansson,8481557,M. Boldy,4,4
2024-12-10,2024020454,5,SO,00:00,MIN,ev,none,backhand,0101,8481557,M. Boldy,,,,,4,5
2024-12-10,2024020455,1,REG,08:02,VAN,ev,none,snap,1551,8478057,D. Joshua,8478856,C. Garland,8474574,T. Myers,1,0
2024-12-10,2024020455,1,REG,09:15,STL,ev,none,snap,1551,8482737,Z. Bolduc,8482077,D. Holloway,,,1,1
2024-12-10,2024020455,1,REG,17:30,STL,sh,none,wrist,1451,8480023,R. Thomas,8476892,C. Parayko,8477402,P. Buchnevich,1,2
2024-12-10,2024020455,2,REG,16:18,STL,pp,none,snap,1541,8479385,J. Kyrou,8480023,R. Thomas,8475753,J. Faulk,1,3
2024-12-10,2024020455,2,REG,18:32,VAN,pp,none,wrist,1451,8480012,E. Pettersson,8478444,B. Boeser,8478856,C. Garland,2,3
2024-12-10,2024020455,3,REG,18:08,VAN,ev,none,snap,1560,8478498,J. DeBrusk,8480012,E. Pettersson,8478444,B. Boeser,3,3
2024-12-10,2024020455,4,OT,01:40,STL,ev,none,wrist,1331,8482077,D. Holloway,8480023,R. Thomas,,,3,4
2024-12-10,2024020456,1,REG,15:39,SEA,ev,none,wrist,1551,8476905,C. Stephenson,8476826,Y. Gourde,8477955,J. McCann,1,0
2024-12-10,2024020456,2,REG,18:59,FLA,ev,none,slap,1551,8477493,A. Barkov,8477933,S. Reinhart,,,1,1
2024-12-10,2024020456,5,SO,00:00,FLA,ev,none,backhand,0101,8477493,A. Barkov,,,,,1,2
2024-12-11,2024020457,1,REG,07:01,NYR,pp,none,wrist,1541,8476459,M. Zibanejad,8478550,A. Panarin,8479323,A. Fox,0,1
2024-12-11,2024020457,3,REG,13:29,NYR,ev,none,snap,1551,8475191,R. Smith,8479323,A. Fox,8475842,S. Carrick,0,2
2024-12-11,2024020457,3,REG,15:09,BUF,ev,none,wrist,1551,8482671,O. Power,8481522,P. Krebs,8481524,B. Byram,1,2
2024-12-11,2024020457,3,REG,17:58,NYR,ev,empty-net,wrist,1560,8479323,A. Fox,8476389,V. Trocheck,,,1,3
2024-12-11,2024020457,3,REG,19:22,BUF,ev,none,slap,1560,8479420,T. Thompson,8482671,O. Power,8482175,J. Peterka,2,3
2024-12-11,2024020458,1,REG,02:55,OTT,ev,none,wrist,1551,8479393,N. Gregor,8482859,Z. Ostapchuk,8475324,N. Jensen,1,0
2024-12-11,2024020458,1,REG,11:15,OTT,pp,none,snap,1351,8480208,D. Batherson,8482116,T. Stützle,8482105,J. Sanderson,2,0
2024-12-11,2024020458,1,REG,18:25,OTT,pp,none,wrist,1451,8480208,D. Batherson,8480801,B. Tkachuk,8480064,J. Norris,3,0
2024-12-11,2024020458,2,REG,10:30,OTT,ev,none,wrist,1551,8480208,D. Batherson,,,,,4,0
2024-12-11,2024020458,3,REG,08:58,OTT,pp,none,bat,1451,8480801,B. Tkachuk,8480208,D. Batherson,8482116,T. Stützle,5,0
2024-12-11,2024020458,3,REG,12:42,ANA,ev,none,tip-in,1551,8483445,C. Gauthier,8482745,M. McTavish,,,5,1
2024-12-12,2024020459,1,REG,06:57,TOR,ev,none,backhand,1551,8474157,M. Pacioretty,8475166,J. Tavares,8476931,J. McCabe,1,0
2024-12-12,2024020459,1,REG,14:17,TOR,ev,none,bat,1551,8477939,W. Nylander,8474157,M. Pacioretty,8476853,M. Rielly,2,0
2024-12-12,2024020459,1,REG,15:56,ANA,pp,none,wrist,1541,8478366,F. Vatrano,8481605,J. LaCombe,8476458,R. Strome,2,1
2024-12-12,2024020459,2,REG,12:54,TOR,ev,none,tip-in,1551,8474157,M. Pacioretty,8479982,C. Timmins,8475166,J. Tavares,3,1
2024-12-12,2024020459,2,REG,13:59,ANA,ev,none,wrist,1551,8481605,J. LaCombe,8476458,R. Strome,8478873,T. Terry,3,2
2024-12-12,2024020460,1,REG,02:12,MTL,ev,none,backhand,1551,8480018,N. Suzuki,8481540,C. Caufield,,,1,0
2024-12-12,2024020460,1,REG,04:18,PIT,pp,none,snap,1541,8476483,R. Rakell,8471724,K. Letang,8476891,M. Grzelcyk,1,1
2024-12-12,2024020460,2,REG,10:03,PIT,ev,none,wrist,1551,8475810,B. Rust,8471675,S. Crosby,,,1,2
2024-12-12,2024020460,2,REG,13:27,PIT,ev,none,snap,1551,8475810,B. Rust,8476483,R. Rakell,8471675,S. Crosby,1,3
2024-12-12,2024020460,2,REG,14:36,MTL,ev,none,snap,1551,8476469,J. Armia,8482476,E. Heineman,8478133,J. Evans,2,3
2024-12-12,2024020460,3,REG,04:40,PIT,ev,none,snap,1551,8476483,R. Rakell,8475810,B. Rust,8471675,S. Crosby,2,4
2024-12-12,2024020460,3,REG,07:42,PIT,pp,none,snap,1541,8471724,K. Letang,8478047,M. Bunting,8476483,R. Rakell,2,5
2024-12-12,2024020460,3,REG,08:41,PIT,ev,none,poke,1551,8478463,A. Beauvillier,8479996,C. Glass,8482055,D. O'Connor,2,6
2024-12-12,2024020460,3,REG,11:56,PIT,ev,none,snap,1551,8475810,B. Rust,,,,,2,7
2024-12-12,2024020460,3,REG,14:20,PIT,ev,none,tip-in,1551,8476442,M. Nieto,8476891,M. Grzelcyk,8481481,B. Lizotte,2,8
2024-12-12,2024020460,3,REG,18:42,PIT,ev,none,snap,1551,8478569,N. Acciari,,,,,2,9
2024-12-12,2024020461,2,REG,16:41,LAK,ev,none,slap,1551,8481606,J. Spence,8482155,A. Laferriere,8476479,P. Danault,0,1
2024-12-12,2024020461,2,REG,18:56,NJD,ev,none,tip-in,1551,8476292,O. Palat,8481559,J. Hughes,8479407,J. Bratt,1,1
2024-12-12,2024020461,3,REG,12:58,NJD,ev,none,wrist,1551,8481559,J. Hughes,8476292,O. Palat,8475455,B. Dillon,2,1
2024-12-12,2024020461,3,REG,17:17,NJD,sh,none,wrist,1541,8477488,B. Pesce,8481559,J. Hughes,,,3,1
2024-12-12,2024020462,2,REG,13:22,PHI,ev,none,slap,1551,8476872,S. Laughton,,,,,1,0
2024-12-12,2024020462,3,REG,01:31,PHI,sh,none,tip-in,1541,8476872,S. Laughton,8478439,T. Konecny,8477948,T. Sanheim,2,0
2024-12-12,2024020462,3,REG,16:07,DET,ev,none,wrist,1551,8475279,B. Chiarot,8477429,A. Copp,8477456,J. Compher,2,1
2024-12-12,2024020462,3,REG,18:53,PHI,ev,empty-net,wrist,0651,8476872,S. Laughton,8478439,T. Konecny,8480220,N. Cates,3,1
2024-12-12,2024020462,3,REG,19:47,PHI,ev,empty-net,wrist,0651,8476872,S. Laughton,8477903,G. Hathaway,,,4,1
2024-12-12,2024020463,2,REG,14:12,CBJ,pp,none,snap,1451,8478460,Z. Werenski,8482660,K. Johnson,8477497,S. Monahan,1,0
2024-12-12,2024020463,3,REG,00:31,WSH,ev,none,snap,1551,8481656,A. Protas,8479400,P. Dubois,8479345,J. Chychrun,1,1
2024-12-12,2024020463,4,OT,02:23,WSH,ev,none,wrist,1331,8481656,A. Protas,8478440,D. Strome,8479345,J. Chychrun,1,2
2024-12-12,2024020464,1,REG,16:47,CHI,pp,none,wrist,1541,8484144,C. Bedard,8477987,R. Donato,8481568,A. Vlasic,0,1
2024-12-12,2024020464,2,REG,06:59,NYI,ev,none,slap,1551,8479395,D. Cholowski,8481601,S. Holmstrom,8476419,J. Pageau,1,1
2024-12-12,2024020464,2,REG,14:06,NYI,ev,none,snap,1551,8481601,S. Holmstrom,8477506,R. Pulock,8476419,J. Pageau,2,1
2024-12-12,2024020464,3,REG,05:39,NYI,ev,none,wrist,1551,8480865,N. Dobson,8475754,B. Nelson,8475314,A. Lee,3,1
2024-12-12,2024020464,3,REG,06:36,NYI,ev,none,wrist,1551,8477500,B. Horvat,8481601,S. Holmstrom,8476419,J. Pageau,4,1
2024-12-12,2024020464,3,REG,07:58,NYI,ev,none,wrist,1551,8484958,M. Tsyplakov,8475151,K. Palmieri,8480865,N. Dobson,5,1
2024-12-12,2024020464,3,REG,11:04,CHI,ev,none,slap,1551,8474673,T. Brodie,8484144,C. Bedard,8473422,N. Foligno,5,2
2024-12-12,2024020464,3,REG,18:50,CHI,ev,none,snap,1551,8477479,T. Bertuzzi,8475791,T. Hall,,,5,3
2024-12-12,2024020464,3,REG,19:50,CHI,ev,none,deflected,0651,8477479,T. Bertuzzi,8481568,A. Vlasic,8484144,C. Bedard,5,4
2024-12-12,2024020465,1,REG,01:21,SJS,ev,none,wrist,1551,8475726,T. Toffoli,8484801,M. Celebrini,8481042,N. Kovalenko,0,1
2024-12-12,2024020465,1,REG,10:26,STL,ev,none,wrist,1551,8482089,J. Neighbours,8470600,R. Suter,8476892,C. Parayko,1,1
2024-12-12,2024020465,2,REG,05:43,SJS,ev,none,wrist,1551,8484801,M. Celebrini,8480043,T. Liljegren,8481042,N. Kovalenko,1,2
2024-12-12,2024020465,2,REG,19:53,SJS,pp,none,wrist,1541,8484801,M. Celebrini,8475798,M. Granlund,8478013,J. Walman,1,3
2024-12-12,2024020465,3,REG,05:34,STL,ev,none,snap,1551,8475170,B. Schenn,8482737,Z. Bolduc,8482089,J. Neighbours,2,3
2024-12-12,2024020465,3,REG,06:01,SJS,ev,none,snap,1551,8478013,J. Walman,8481042,N. Kovalenko,8481477,N. Sturm,2,4
2024-12-12,2024020465,3,REG,07:57,STL,ev,none,wrist,1551,8479385,J. Kyrou,8477402,P. Buchnevich,8480023,R. Thomas,3,4
2024-12-12,2024020466,2,REG,11:40,NSH,ev,none,wrist,1441,8475158,R. O'Reilly,8476539,J. Marchessault,8482482,A. Wilsby,0,1
2024-12-12,2024020466,2,REG,13:33,NSH,ev,none,wrist,1551,8478438,T. Novak,8476539,J. Marchessault,8474564,S. Stamkos,0,2
2024-12-12,2024020466,2,REG,14:39,NSH,ev,none,tip-in,1551,8475158,R. O'Reilly,8475857,K. Gravel,,,0,3
2024-12-12,2024020466,3,REG,10:34,DAL,ev,none,snap,1551,8483425,L. Bichsel,8479351,S. Steel,8473994,J. Benn,1,3
2024-12-12,2024020466,3,REG,16:47,NSH,ev,empty-net,snap,1560,8482742,Z. L'Heureux,8475158,R. O'Reilly,8474679,G. Nyquist,1,4
2024-12-12,2024020468,1,REG,09:27,WPG,ev,none,wrist,1551,8482787,N. Chibrikov,8476480,V. Namestnikov,8482149,C. Perfetti,1,0
2024-12-12,2024020468,3,REG,04:34,VGK,ev,none,wrist,1551,8478434,K. Kolesar,,,,,1,1
2024-12-12,2024020468,3,REG,10:55,WPG,ev,none,slap,1551,8477504,J. Morrissey,8476331,D. DeMelo,8480113,A. Iafallo,2,1
2024-12-12,2024020468,3,REG,18:11,VGK,pp,none,snap,1531,8478109,V. Olofsson,8475913,M. Stone,8477447,S. Theodore,2,2
2024-12-12,2024020468,4,OT,03:47,VGK,ev,none,wrist,1331,8477964,I. Barbashev,8477447,S. Theodore,,,2,3
2024-12-12,2024020467,1,REG,06:59,EDM,pp,none,tip-in,1541,8475786,Z. Hyman,8477934,L. Draisaitl,8478402,C. McDavid,0,1
2024-12-12,2024020467,1,REG,15:40,EDM,ev,none,wrist,1551,8477953,K. Kapanen,8477934,L. Draisaitl,8481617,V. Podkolzin,0,2
2024-12-12,2024020467,1,REG,18:48,MIN,pp,none,deflected,1451,8477919,F. Gaudreau,8482122,B. Faber,8475149,M. Johansson,1,2
2024-12-12,2024020467,2,REG,01:55,EDM,sh,none,snap,1451,8477015,C. Brown,8477406,M. Janmark,8480834,T. Emberson,1,3
2024-12-12,2024020467,2,REG,12:54,EDM,pp,none,backhand,1541,8476454,R. Nugent-Hopkins,8477934,L. Draisaitl,8480803,E. Bouchard,1,4
2024-12-12,2024020467,2,REG,15:54,EDM,ev,none,deflected,1551,8477934,L. Draisaitl,8480803,E. Bouchard,8481617,V. Podkolzin,1,5
2024-12-12,2024020467,3,REG,06:55,EDM,ev,none,wrist,1551,8479442,T. Stecher,8477498,D. Nurse,8478402,C. McDavid,1,6
2024-12-12,2024020467,3,REG,17:26,EDM,ev,none,tip-in,1551,8478585,D. Ryan,8477498,D. Nurse,8477015,C. Brown,1,7
2024-12-12,2024020469,1,REG,08:26,UTA,ev,none,wrist,1551,8482699,D. Guenther,8480891,M. Kesselring,8474013,I. Cole,0,1
2024-12-12,2024020469,2,REG,08:05,UTA,ev,none,wrist,1551,8481609,V. Kolyachonok,8483431,L. Cooley,8482699,D. Guenther,0,2
2024-12-12,2024020469,2,REG,09:52,UTA,pp,none,snap,1541,8482699,D. Guenther,8477951,N. Schmaltz,8483431,L. Cooley,0,3
2024-12-12,2024020469,3,REG,15:26,COL,ev,none,wrist,1560,8477492,N. MacKinnon,8478038,D. Toews,8478420,M. Rantanen,1,3
2024-12-12,2024020469,3,REG,15:49,UTA,ev,empty-net,wrist,1560,8478831,K. Stenlund,8478474,L. Crouse,,,1,4
2024-12-12,2024020470,1,REG,04:42,CGY,ev,none,wrist,1551,8476456,J. Huberdeau,,,,,1,0
2024-12-12,2024020470,1,REG,18:40,TBL,ev,none,wrist,1551,8476453,N. Kucherov,,,,,1,1
2024-12-12,2024020470,2,REG,06:25,TBL,ev,none,wrist,1551,8477404,J. Guentzel,8482655,J. Moser,8476453,N. Kucherov,1,2
2024-12-12,2024020470,2,REG,07:55,TBL,pp,none,snap,1541,8478010,B. Point,8476453,N. Kucherov,8478178,D. Raddysh,1,3
2024-12-12,2024020470,2,REG,11:05,TBL,pp,none,wrist,1541,8478519,A. Cirelli,8478010,B. Point,8476453,N. Kucherov,1,4
2024-12-12,2024020470,2,REG,12:14,CGY,ev,none,wrist,1551,8475172,N. Kadri,8476456,J. Huberdeau,8480860,K. Bahl,2,4
2024-12-12,2024020470,2,REG,14:50,CGY,ev,none,snap,1551,8482074,C. Zary,8476399,B. Coleman,,,3,4
2024-12-12,2024020470,3,REG,00:43,TBL,ev,none,wrist,1551,8479542,B. Hagel,8478519,A. Cirelli,,,3,5
2024-12-12,2024020470,3,REG,11:34,TBL,pp,none,backhand,1541,8477404,J. Guentzel,8476453,N. Kucherov,8478010,B. Point,3,6
2024-12-12,2024020470,3,REG,13:24,TBL,ev,none,wrist,1551,8483447,C. Geekie,8479542,B. Hagel,8478519,A. Cirelli,3,7
2024-12-12,2024020470,3,REG,17:21,TBL,ev,none,tip-in,1551,8477404,J. Guentzel,8478010,B. Point,8476453,N. Kucherov,3,8
2024-12-12,2024020471,1,REG,02:23,VAN,ev,none,wrist,1551,8477369,C. Soucy,8484136,M. Sasson,8476927,T. Blueger,1,0
2024-12-12,2024020471,1,REG,18:41,VAN,ev,none,deflected,1551,8478046,D. Heinen,8484136,M. Sasson,8476927,T. Blueger,2,0
2024-12-12,2024020471,2,REG,04:53,VAN,ev,none,wrist,1551,8478444,B. Boeser,8476468,J. Miller,8480800,Q. Hughes,3,0
2024-12-12,2024020471,3,REG,12:55,VAN,pp,none,tip-in,1451,8478498,J. DeBrusk,8480800,Q. Hughes,8476468,J. Miller,4,0
2024-12-12,2024020472,1,REG,00:24,SEA,pp,none,tip-in,1451,8477416,O. Bjorkstrand,8482665,M. Beniers,8476905,C. Stephenson,1,0
2024-12-12,2024020472,1,REG,05:14,SEA,ev,none,backhand,1551,8475768,J. Schwartz,8483524,S. Wright,,,2,0
2024-12-12,2024020472,2,REG,10:28,BOS,ev,penalty-shot,backhand,0101,8473419,B. Marchand,,,,,2,1
2024-12-12,2024020472,3,REG,03:07,SEA,ev,none,bat,1551,8478407,V. Dunn,8477955,J. McCann,8477444,A. Burakovsky,3,1
2024-12-12,2024020472,3,REG,09:16,SEA,ev,none,wrist,1551,8477416,O. Bjorkstrand,8483524,S. Wright,8480009,E. Tolvanen,4,1
2024-12-12,2024020472,3,REG,18:06,SEA,ev,empty-net,wrist,0651,8477955,J. McCann,8479293,B. Tanev,,,5,1
2024-12-13,2024020473,2,REG,04:04,OTT,ev,none,wrist,1551,8481596,S. Pinto,8478020,M. Amadio,8475324,N. Jensen,0,1
2024-12-13,2024020473,3,REG,14:45,OTT,ev,none,wrist,1551,8475324,N. Jensen,8476393,N. Cousins,,,0,2
2024-12-13,2024020473,3,REG,19:13,OTT,ev,empty-net,wrist,1560,8481596,S. Pinto,8476393,N. Cousins,8478020,M. Amadio,0,3
2024-12-14,2024020474,2,REG,13:31,CHI,ev,none,snap,1551,8477450,J. Dickinson,8473422,N. Foligno,8474673,T. Brodie,0,1
2024-12-14,2024020474,3,REG,02:45,NJD,ev,none,wrist,1551,8482110,D. Mercer,8482684,L. Hughes,8478414,T. Meier,1,1
2024-12-14,2024020474,3,REG,10:28,NJD,ev,none,snap,1551,8481559,J. Hughes,8477488,B. Pesce,8479407,J. Bratt,2,1
2024-12-14,2024020474,3,REG,12:16,NJD,ev,none,wrist,1551,8480002,N. Hischier,8479407,J. Bratt,,,3,1
2024-12-14,2024020474,3,REG,12:34,NJD,ev,none,wrist,1551,8478414,T. Meier,8482110,D. Mercer,8477488,B. Pesce,4,1
2024-12-14,2024020475,1,REG,07:05,LAK,ev,none,snap,1551,8481532,A. Turcotte,8477960,A. Kempe,8471685,A. Kopitar,0,1
2024-12-14,2024020475,1,REG,15:06,LAK,ev,none,wrist,1551,8477998,W. Foegele,8482124,Q. Byfield,8479661,T. Jeannot,0,2
2024-12-14,2024020475,2,REG,02:46,LAK,ev,none,wrist,1551,8482124,Q. Byfield,8477998,W. Foegele,8479998,M. Anderson,0,3
2024-12-14,2024020475,2,REG,04:40,LAK,ev,none,wrist,1551,8477960,A. Kempe,8471685,A. Kopitar,8481532,A. Turcotte,0,4
2024-12-14,2024020475,2,REG,05:04,LAK,ev,none,snap,1551,8476479,P. Danault,8482730,B. Clarke,8480851,A. Thomas,0,5
2024-12-14,2024020475,2,REG,12:17,NYR,ev,none,wrist,1551,8480078,F. Chytil,8483768,V. Mancini,8478550,A. Panarin,1,5
2024-12-14,2024020476,1,REG,14:18,MIN,ev,none,snap,1551,8478864,K. Kaprizov,8475750,J. Merrill,8474567,Z. Bogosian,1,0
2024-12-14,2024020476,2,REG,15:21,MIN,ev,none,wrist,1441,8481557,M. Boldy,8482122,B. Faber,,,2,0
2024-12-14,2024020476,3,REG,09:34,MIN,ev,none,wrist,1551,8482079,M. Rossi,8475692,M. Zuccarello,8480990,D. Chisholm,3,0
2024-12-14,2024020476,3,REG,14:18,PHI,ev,none,snap,1551,8477948,T. Sanheim,8480068,R. Poehling,8477903,G. Hathaway,3,1
2024-12-14,2024020476,3,REG,17:50,MIN,ev,empty-net,wrist,0651,8478864,K. Kaprizov,8475220,M. Foligno,8476463,J. Brodin,4,1
2024-12-14,2024020477,1,REG,17:36,EDM,pp,none,snap,1451,8476454,R. Nugent-Hopkins,8478402,C. McDavid,8477934,L. Draisaitl,1,0
2024-12-14,2024020477,2,REG,01:13,EDM,ev,none,backhand,1551,8475786,Z. Hyman,8476454,R. Nugent-Hopkins,,,2,0
2024-12-14,2024020477,2,REG,06:53,EDM,ev,none,snap,1551,8477015,C. Brown,8477934,L. Draisaitl,8481617,V. Podkolzin,3,0
2024-12-14,2024020477,2,REG,10:46,EDM,ev,none,tip-in,1551,8477934,L. Draisaitl,8477498,D. Nurse,8477406,M. Janmark,4,0
2024-12-14,2024020477,2,REG,12:53,EDM,ev,none,snap,1551,8470621,C. Perry,8477015,C. Brown,8478585,D. Ryan,5,0
2024-12-14,2024020477,2,REG,15:35,VGK,ev,none,snap,1551,8478109,V. Olofsson,8476881,T. Hertl,8478396,N. Hanifin,5,1
2024-12-14,2024020477,2,REG,16:01,VGK,ev,none,wrist,1551,8477964,I. Barbashev,8478396,N. Hanifin,8478403,J. Eichel,5,2
2024-12-14,2024020477,3,REG,01:00,VGK,sh,none,wrap-around,1451,8479353,B. Howden,,,,,5,3
2024-12-14,2024020477,3,REG,01:38,EDM,ev,none,snap,1551,8475784,J. Skinner,8475218,M. Ekholm,8477498,D. Nurse,6,3
2024-12-14,2024020478,1,REG,07:34,OTT,ev,none,slap,1551,8478469,T. Chabot,8473512,C. Giroux,8478874,A. Gaudette,1,0
2024-12-14,2024020478,3,REG,02:40,PIT,ev,none,backhand,1551,8481481,B. Lizotte,8478569,N. Acciari,8476891,M. Grzelcyk,1,1
2024-12-14,2024020478,3,REG,06:38,OTT,ev,none,deflected,1551,8480208,D. Batherson,8478469,T. Chabot,8480064,J. Norris,2,1
2024-12-14,2024020478,3,REG,12:42,PIT,ev,none,wrist,1551,8471724,K. Letang,,,,,2,2
2024-12-14,2024020478,4,OT,01:46,OTT,ev,none,wrist,1331,8480801,B. Tkachuk,8482105,J. Sanderson,,,3,2
2024-12-14,2024020479,1,REG,09:07,DET,ev,none,deflected,1551,8479992,M. Rasmussen,8473507,J. Petry,8480813,J. Veleno,1,0
2024-12-14,2024020479,2,REG,11:40,TOR,pp,none,slap,1541,8479318,A. Matthews,8478483,M. Marner,8477939,W. Nylander,1,1
2024-12-14,2024020479,2,REG,19:42,DET,ev,none,wrist,1551,8481542,M. Seider,8477429,A. Copp,8474141,P. Kane,2,1
2024-12-14,2024020479,3,REG,01:07,TOR,ev,none,tip-in,1551,8482720,M. Knies,8478483,M. Marner,8476931,J. McCabe,2,2
2024-12-14,2024020479,3,REG,01:51,DET,ev,none,wrist,1551,8473507,J. Petry,8477456,J. Compher,,,3,2
2024-12-14,2024020479,3,REG,19:58,DET,ev,empty-net,wrist,0651,8482078,L. Raymond,8477946,D. Larkin,,,4,2
2024-12-14,2024020480,1,REG,01:36,BUF,ev,none,deflected,1551,8475722,J. Zucker,8478413,J. Greenway,8480802,R. McLeod,0,1
2024-12-14,2024020480,1,REG,17:09,WSH,pp,none,tip-in,1451,8476880,T. Wilson,8474590,J. Carlson,8481580,C. McMichael,1,1
2024-12-14,2024020480,2,REG,05:11,WSH,pp,none,wrist,1451,8476880,T. Wilson,8479345,J. Chychrun,,,2,1
2024-12-14,2024020480,2,REG,07:24,BUF,ev,none,tip-in,1551,8483468,J.Kulich,8481524,B. Byram,8479420,T. Thompson,2,2
2024-12-14,2024020480,3,REG,11:05,WSH,ev,none,tip-in,1551,8478440,D. Strome,8474590,J. Carlson,8479390,T. Raddysh,3,2
2024-12-14,2024020480,3,REG,18:30,WSH,ev,empty-net,snap,0651,8479345,J. Chychrun,8474590,J. Carlson,8479400,P. Dubois,4,2
2024-12-14,2024020481,1,REG,16:33,ANA,ev,none,snap,1551,8482745,M. McTavish,8477952,R. Fabbri,8481605,J. LaCombe,0,1
2024-12-14,2024020481,1,REG,17:09,CBJ,pp,none,wrist,1451,8480893,K. Marchenko,8482660,K. Johnson,8478460,Z. Werenski,1,1
2024-12-14,2024020481,1,REG,17:43,CBJ,ev,none,backhand,1551,8482705,C. Sillinger,8479944,Z. Aston-Reese,8479671,M. Olivier,2,1
2024-12-14,2024020481,2,REG,13:56,ANA,ev,none,snap,1551,8473986,A. Killorn,8476458,R. Strome,8478873,T. Terry,2,2
2024-12-14,2024020481,3,REG,11:25,CBJ,ev,none,wrist,1551,8474037,J. van Riemsdyk,8476923,D. Severson,8478099,K. Labanc,3,2
2024-12-14,2024020481,3,REG,17:14,ANA,ev,none,slap,0651,8481605,J. LaCombe,8478873,T. Terry,8473986,A. Killorn,3,3
2024-12-14,2024020481,4,OT,01:43,ANA,ev,none,wrist,1331,8473986,A. Killorn,8477952,R. Fabbri,,,3,4
2024-12-14,2024020482,1,REG,07:48,MTL,ev,none,wrist,1551,8483457,L. Hutson,8476875,M. Matheson,8481540,C. Caufield,0,1
2024-12-14,2024020482,1,REG,14:34,WPG,pp,none,snap,1451,8480014,G. Vilardi,8478398,K. Connor,8477504,J. Morrissey,1,1
2024-12-14,2024020482,1,REG,16:40,WPG,ev,none,wrist,1551,8476392,A. Lowry,8475799,N. Niederreiter,8476331,D. DeMelo,2,1
2024-12-14,2024020482,2,REG,06:26,WPG,pp,none,slap,1351,8478398,K. Connor,8477504,J. Morrissey,8480014,G. Vilardi,3,1
2024-12-14,2024020482,3,REG,08:00,MTL,ev,none,snap,1551,8476981,J. Anderson,8477989,C. Dvorak,8475848,B. Gallagher,3,2
2024-12-14,2024020482,3,REG,19:53,WPG,ev,empty-net,backhand,0651,8476480,V. Namestnikov,8480113,A. Iafallo,,,4,2
2024-12-14,2024020483,1,REG,09:08,STL,ev,none,wrist,1551,8479385,J. Kyrou,8480023,R. Thomas,8477402,P. Buchnevich,0,1
2024-12-14,2024020483,2,REG,02:39,DAL,pp,none,slap,1451,8480027,J. Robertson,8473994,J. Benn,8478449,R. Hintz,1,1
2024-12-14,2024020483,4,OT,02:31,DAL,ev,none,snap,1331,8475168,M. Duchene,8476902,E. Lindell,8480027,J. Robertson,2,1
2024-12-14,2024020484,2,REG,11:32,COL,ev,none,snap,1551,8479525,R. Colton,8479999,C. Mittelstadt,8478038,D. Toews,1,0
2024-12-14,2024020484,2,REG,18:52,COL,ev,none,snap,1551,8477492,N. MacKinnon,8478420,M. Rantanen,,,2,0
2024-12-14,2024020484,3,REG,03:30,COL,ev,none,wrist,1551,8477476,A. Lehkonen,8477492,N. MacKinnon,,,3,0
2024-12-14,2024020484,3,REG,13:03,NSH,ev,none,snap,1551,8474564,S. Stamkos,8476539,J. Marchessault,8476887,F. Forsberg,3,1
2024-12-14,2024020484,3,REG,15:08,NSH,ev,none,backhand,0651,8482146,L. Evangelista,8482482,A. Wilsby,8478438,T. Novak,3,2
2024-12-14,2024020484,3,REG,18:08,COL,ev,empty-net,wrist,0651,8477492,N. MacKinnon,8480069,C. Makar,8478420,M. Rantanen,4,2
2024-12-14,2024020484,3,REG,19:10,COL,ev,empty-net,wrist,0651,8477476,A. Lehkonen,8478420,M. Rantanen,8480448,P. Kelly,5,2
2024-12-14,2024020485,1,REG,08:57,CGY,ev,none,wrist,1551,8475172,N. Kadri,,,,,1,0
2024-12-14,2024020485,2,REG,19:05,CGY,ev,none,wrist,1551,8476399,B. Coleman,8482679,M. Coronato,8474150,M. Backlund,2,0
2024-12-14,2024020485,3,REG,06:17,CGY,ev,none,snap,1551,8474150,M. Backlund,8480860,K. Bahl,,,3,0
2024-12-14,2024020486,1,REG,05:12,BOS,pp,none,wrist,1541,8473419,B. Marchand,8477496,E. Lindholm,8477956,D. Pastrnak,0,1
2024-12-14,2024020486,1,REG,08:08,BOS,ev,none,snap,1551,8479987,M. Geekie,8477956,D. Pastrnak,8478401,P. Zacha,0,2
2024-12-14,2024020486,2,REG,01:12,BOS,ev,none,wrist,1551,8478401,P. Zacha,8477956,D. Pastrnak,8479987,M. Geekie,0,3
2024-12-14,2024020486,2,REG,11:49,BOS,ev,none,wrist,1551,8483397,M. McLaughlin,8479369,A. Peeke,,,0,4
2024-12-14,2024020486,3,REG,00:26,BOS,ev,none,wrap-around,1441,8477956,D. Pastrnak,8479325,C. McAvoy,8478401,P. Zacha,0,5
2024-12-14,2024020486,3,REG,10:13,VAN,ev,none,wrist,1551,8484136,M. Sasson,8476468,J. Miller,,,1,5
2024-12-14,2024020487,1,REG,07:27,UTA,ev,none,wrist,1551,8482699,D. Guenther,8483431,L. Cooley,8479410,M. Sergachev,0,1
2024-12-14,2024020487,1,REG,14:58,SJS,ev,none,wrist,1551,8477505,A. Wennberg,8476624,B. Goodrow,8476879,C. Ceci,1,1
2024-12-14,2024020487,2,REG,14:11,SJS,ev,none,wrist,1551,8475798,M. Granlund,8480188,F. Zetterlund,8482667,W. Eklund,2,1
2024-12-14,2024020487,2,REG,18:52,UTA,pp,none,slap,1541,8477951,N. Schmaltz,8483431,L. Cooley,8479343,C. Keller,2,2
2024-12-14,2024020487,3,REG,05:00,SJS,pp,none,wrist,1451,8480188,F. Zetterlund,8481042,N. Kovalenko,8484801,M. Celebrini,3,2
2024-12-14,2024020487,3,REG,09:49,UTA,ev,none,wrist,1551,8479619,M. Carcone,8478831,K. Stenlund,8477021,A. Kerfoot,3,3
2024-12-14,2024020487,3,REG,19:16,UTA,pp,none,wrist,1431,8479343,C. Keller,8479410,M. Sergachev,8477951,N. Schmaltz,3,4
2024-12-14,2024020488,1,REG,04:24,SEA,pp,none,slap,1451,8477986,B. Montour,8480009,E. Tolvanen,8483524,S. Wright,1,0
2024-12-14,2024020488,1,REG,08:16,TBL,ev,none,tip-in,1551,8479542,B. Hagel,8480246,N. Perbix,,,1,1
2024-12-14,2024020488,1,REG,13:21,TBL,ev,none,snap,1551,8478010,B. Point,8478178,D. Raddysh,8477404,J. Guentzel,1,2
2024-12-14,2024020488,3,REG,04:03,TBL,pp,none,bat,1541,8477404,J. Guentzel,8478010,B. Point,8476453,N. Kucherov,1,3
2024-12-14,2024020488,3,REG,16:08,TBL,ev,empty-net,wrist,1560,8479542,B. Hagel,8476453,N. Kucherov,,,1,4
2024-12-14,2024020488,3,REG,19:38,TBL,ev,none,wrist,1551,8483398,D. Carlile,8476822,L. Glendening,8479591,M. Eyssimont,1,5
2024-12-15,2024020489,1,REG,09:08,CHI,ev,none,wrist,1551,8481624,I. Mikheyev,8476882,T. Teravainen,8482700,N. Allan,1,0
2024-12-15,2024020489,1,REG,18:43,NYI,ev,none,slap,1551,8477506,R. Pulock,,,,,1,1
2024-12-15,2024020489,1,REG,19:40,CHI,ev,none,slap,1551,8475791,T. Hall,8476882,T. Teravainen,8481568,A. Vlasic,2,1
2024-12-15,2024020489,2,REG,02:25,NYI,ev,none,deflected,1551,8481601,S. Holmstrom,8478115,P. Engvall,8481237,K. MacLean,2,2
2024-12-15,2024020489,2,REG,15:19,CHI,pp,none,slap,1351,8476882,T. Teravainen,8484144,C. Bedard,8481568,A. Vlasic,3,2
2024-12-15,2024020489,3,REG,00:47,NYI,ev,none,wrist,1551,8480865,N. Dobson,8475754,B. Nelson,8484958,M. Tsyplakov,3,3
2024-12-15,2024020489,3,REG,19:06,CHI,ev,none,snap,1551,8484144,C. Bedard,8477987,R. Donato,,,4,3
2024-12-15,2024020489,3,REG,19:49,CHI,ev,empty-net,wrist,0651,8476473,C. Murphy,,,,,5,3
2024-12-15,2024020490,1,REG,01:03,BUF,pp,none,wrist,1541,8482097,J. Quinn,8482175,J. Peterka,8481524,B. Byram,0,1
2024-12-15,2024020490,1,REG,02:46,BUF,ev,none,wrist,1551,8477949,A. Tuch,8484145,Z. Benson,8479420,T. Thompson,0,2
2024-12-15,2024020490,1,REG,15:45,TOR,ev,none,wrist,1551,8477503,M. Domi,8481582,N. Robertson,8482259,B. McMann,1,2
2024-12-15,2024020490,2,REG,09:11,BUF,ev,none,wrist,1551,8482097,J. Quinn,8482175,J. Peterka,8480807,M. Samuelsson,1,3
2024-12-15,2024020490,2,REG,11:20,TOR,ev,none,wrist,1551,8481582,N. Robertson,8482259,B. McMann,8477503,M. Domi,2,3
2024-12-15,2024020490,2,REG,12:41,TOR,pp,none,tip-in,1451,8475166,J. Tavares,8479318,A. Matthews,8477939,W. Nylander,3,3
2024-12-15,2024020490,2,REG,13:51,TOR,ev,none,wrist,1551,8475166,J. Tavares,8475690,C. Tanev,8475171,O. Ekman-Larsson,4,3
2024-12-15,2024020490,3,REG,17:48,TOR,ev,empty-net,wrist,0651,8475166,J. Tavares,8482720,M. Knies,8478483,M. Marner,5,3
2024-12-15,2024020491,1,REG,08:28,CAR,sh,none,snap,1541,8478427,S. Aho,8482093,S. Jarvis,,,1,0
2024-12-15,2024020491,1,REG,19:08,CAR,ev,none,backhand,1551,8477478,W. Carrier,8473533,J. Staal,8476921,J. Martinook,2,0
2024-12-15,2024020491,2,REG,15:52,CBJ,ev,none,snap,1551,8481716,D. Voronkov,8480893,K. Marchenko,8478500,I. Provorov,2,1
2024-12-15,2024020491,2,REG,17:16,CAR,ev,none,tip-in,1551,8476921,J. Martinook,8473533,J. Staal,8475200,D. Orlov,3,1
2024-12-15,2024020491,3,REG,06:19,CAR,ev,none,snap,1551,8480829,J. Kotkaniemi,8480039,M. Necas,8480336,S. Walker,4,1
2024-12-15,2024020492,1,REG,18:51,STL,ev,none,slap,1551,8477402,P. Buchnevich,8482089,J. Neighbours,8480023,R. Thomas,1,0
2024-12-15,2024020492,2,REG,06:33,STL,ev,none,wrist,1551,8479385,J. Kyrou,8480281,A. Toropchenko,8475170,B. Schenn,2,0
2024-12-15,2024020492,2,REG,10:28,STL,ev,none,wrist,1551,8480023,R. Thomas,,,,,3,0
2024-12-15,2024020492,3,REG,10:18,NYR,ev,none,wrist,1551,8482132,B. Berard,,,,,3,1
2024-12-15,2024020492,3,REG,11:37,NYR,ev,none,snap,1551,8482157,W. Cuylle,8482109,A. Lafrenière,8480078,F. Chytil,3,2
2024-12-15,2024020493,1,REG,01:30,MIN,ev,none,snap,1551,8478864,K. Kaprizov,8475692,M. Zuccarello,,,1,0
2024-12-15,2024020493,1,REG,09:31,VGK,pp,none,wrist,1541,8478109,V. Olofsson,8477447,S. Theodore,8478403,J. Eichel,1,1
2024-12-15,2024020493,2,REG,06:04,VGK,ev,none,wrist,1551,8477447,S. Theodore,8478403,J. Eichel,8475913,M. Stone,1,2
2024-12-15,2024020493,2,REG,16:56,MIN,ev,none,wrist,1551,8478864,K. Kaprizov,8482122,B. Faber,8475692,M. Zuccarello,2,2
2024-12-15,2024020493,3,REG,03:49,VGK,ev,none,tip-in,1551,8478109,V. Olofsson,8476448,W. Karlsson,8481604,P. Dorofeyev,2,3
2024-12-16,2024020494,1,REG,15:39,WSH,ev,none,tip-in,1551,8478440,D. Strome,8479345,J. Chychrun,8479390,T. Raddysh,0,1
2024-12-16,2024020494,2,REG,13:28,DAL,pp,none,snap,1451,8478449,R. Hintz,8473994,J. Benn,8482740,W. Johnston,1,1
2024-12-16,2024020494,2,REG,17:35,DAL,ev,none,wrist,1551,8483425,L. Bichsel,8480027,J. Robertson,8482145,M. Bourque,2,1
2024-12-16,2024020494,3,REG,14:58,DAL,ev,none,snap,1551,8478449,R. Hintz,8480027,J. Robertson,,,3,1
2024-12-16,2024020495,1,REG,02:42,FLA,sh,none,snap,1451,8480003,J. Boqvist,,,,,0,1
2024-12-16,2024020495,1,REG,15:13,EDM,ev,none,snap,1551,8475786,Z. Hyman,8478402,C. McDavid,8480803,E. Bouchard,1,1
2024-12-16,2024020495,1,REG,19:32,FLA,pp,none,deflected,1541,8479314,M. Tkachuk,8477409,C. Verhaeghe,8477933,S. Reinhart,1,2
2024-12-16,2024020495,2,REG,06:20,EDM,ev,none,backhand,1551,8475786,Z. Hyman,8478402,C. McDavid,8477934,L. Draisaitl,2,2
2024-12-16,2024020495,2,REG,07:03,EDM,ev,none,snap,1551,8477015,C. Brown,8470621,C. Perry,,,3,2
2024-12-16,2024020495,2,REG,09:24,EDM,pp,none,snap,1451,8477934,L. Draisaitl,8478402,C. McDavid,8475218,M. Ekholm,4,2
2024-12-16,2024020495,2,REG,17:55,FLA,ev,none,snap,1551,8478055,G. Forsling,8482113,A. Lundell,8477932,A. Ekblad,4,3
2024-12-16,2024020495,3,REG,06:53,FLA,ev,none,snap,1551,8478859,N. Mikkola,8482113,A. Lundell,8480185,E. Luostarinen,4,4
2024-12-16,2024020495,3,REG,07:23,FLA,ev,none,snap,1551,8477933,S. Reinhart,,,,,4,5
2024-12-16,2024020495,3,REG,08:02,EDM,ev,none,wrist,1551,8477953,K. Kapanen,8476967,B. Kulak,,,5,5
2024-12-16,2024020495,3,REG,13:05,FLA,ev,none,snap,1551,8477409,C. Verhaeghe,8477935,S. Bennett,8478859,N. Mikkola,5,6
2024-12-16,2024020496,1,REG,16:14,VAN,ev,none,wrist,1551,8480748,K. Sherwood,8478046,D. Heinen,8480459,P. Suter,1,0
2024-12-16,2024020496,2,REG,16:04,VAN,sh,none,wrist,1541,8480748,K. Sherwood,,,,,2,0
2024-12-16,2024020496,3,REG,17:25,VAN,ev,empty-net,wrist,0651,8480748,K. Sherwood,8480800,Q. Hughes,,,3,0
2024-12-16,2024020496,3,REG,19:14,COL,ev,none,snap,0651,8477501,V. Nichushkin,8478420,M. Rantanen,8480069,C. Makar,3,1
2024-12-17,2024020497,1,REG,00:19,MTL,ev,none,snap,1551,8476469,J. Armia,8478133,J. Evans,8482476,E. Heineman,1,0
2024-12-17,2024020497,1,REG,06:26,MTL,pp,none,snap,1451,8479339,P. Laine,8480018,N. Suzuki,8483515,J. Slafkovský,2,0
2024-12-17,2024020497,2,REG,03:43,BUF,ev,none,snap,1551,8481528,D. Cozens,8482175,J. Peterka,8482671,O. Power,2,1
2024-12-17,2024020497,2,REG,05:54,MTL,ev,none,snap,1551,8483515,J. Slafkovský,8481540,C. Caufield,8475233,D. Savard,3,1
2024-12-17,2024020497,2,REG,09:45,MTL,pp,none,slap,1351,8479339,P. Laine,8480018,N. Suzuki,8483457,L. Hutson,4,1
2024-12-17,2024020497,2,REG,10:55,MTL,pp,none,snap,1351,8479339,P. Laine,8481540,C. Caufield,8483457,L. Hutson,5,1
2024-12-17,2024020497,2,REG,19:15,MTL,ev,none,snap,1551,8476981,J. Anderson,8477989,C. Dvorak,8475848,B. Gallagher,6,1
2024-12-17,2024020498,1,REG,03:21,TBL,ev,none,tip-in,1551,8476822,L. Glendening,8480246,N. Perbix,8482929,E. Lilleberg,1,0
2024-12-17,2024020498,2,REG,01:28,TBL,ev,none,wrist,1551,8477426,N. Paul,,,,,2,0
2024-12-17,2024020498,2,REG,07:36,TBL,ev,none,wrist,1551,8477404,J. Guentzel,8477426,N. Paul,,,3,0
2024-12-17,2024020498,2,REG,14:18,TBL,pp,none,wrist,1451,8482070,M. Chaffee,8477426,N. Paul,8479542,B. Hagel,4,0
2024-12-17,2024020498,3,REG,07:23,CBJ,ev,none,wrist,1551,8482451,M. Pyyhtia,8476374,S. Kuraly,,,4,1
2024-12-17,2024020498,3,REG,08:05,CBJ,ev,none,wrist,1551,8484166,A. Fantilli,8480893,K. Marchenko,,,4,2
2024-12-17,2024020498,3,REG,14:11,CBJ,pp,none,snap,1541,8482705,C. Sillinger,8481716,D. Voronkov,8480893,K. Marchenko,4,3
2024-12-17,2024020498,3,REG,17:51,TBL,ev,empty-net,wrist,0651,8478010,B. Point,8476453,N. Kucherov,8477404,J. Guentzel,5,3
2024-12-17,2024020499,1,REG,00:33,LAK,ev,none,wrist,1551,8477960,A. Kempe,8471685,A. Kopitar,8478882,V. Gavrikov,0,1
2024-12-17,2024020499,2,REG,06:22,PIT,ev,none,backhand,1551,8471215,E. Malkin,8478047,M. Bunting,8475810,B. Rust,1,1
2024-12-17,2024020499,2,REG,11:38,LAK,ev,none,wrist,1551,8481532,A. Turcotte,8478882,V. Gavrikov,8481606,J. Spence,1,2
2024-12-17,2024020499,3,REG,14:25,PIT,ev,none,wrist,1551,8476891,M. Grzelcyk,8471675,S. Crosby,8476483,R. Rakell,2,2
2024-12-17,2024020499,4,OT,01:44,PIT,ev,none,tip-in,1331,8476483,R. Rakell,8474578,E. Karlsson,8478047,M. Bunting,3,2
2024-12-17,2024020500,1,REG,05:47,CAR,pp,none,wrist,1451,8480830,A. Svechnikov,8478427,S. Aho,8476906,S. Gostisbehere,1,0
2024-12-17,2024020500,1,REG,08:21,CAR,ev,none,wrist,1551,8476921,J. Martinook,8473533,J. Staal,,,2,0
2024-12-17,2024020500,2,REG,11:13,CAR,ev,none,bat,1551,8479370,T. Jost,8476906,S. Gostisbehere,8478458,J. Roslovic,3,0
2024-12-17,2024020500,2,REG,19:44,CAR,ev,none,wrist,1551,8478427,S. Aho,8480762,E. Robinson,8476958,J. Slavin,4,0
2024-12-17,2024020501,1,REG,15:13,NJD,ev,none,slap,1551,8476292,O. Palat,8482684,L. Hughes,8477488,B. Pesce,0,1
2024-12-17,2024020501,2,REG,13:09,NJD,pp,none,wrist,1541,8476474,S. Noesen,8480002,N. Hischier,8481559,J. Hughes,0,2
2024-12-17,2024020501,3,REG,03:38,NJD,ev,none,wrist,1551,8475455,B. Dillon,,,,,0,3
2024-12-17,2024020501,3,REG,10:28,STL,ev,none,wrist,1560,8479385,J. Kyrou,8475753,J. Faulk,8475170,B. Schenn,1,3
2024-12-17,2024020501,3,REG,16:44,NJD,ev,empty-net,wrist,1560,8479407,J. Bratt,8481559,J. Hughes,,,1,4
2024-12-17,2024020502,1,REG,13:37,NSH,ev,none,wrist,1551,8476539,J. Marchessault,8474564,S. Stamkos,8476887,F. Forsberg,1,0
2024-12-17,2024020502,3,REG,11:59,NSH,ev,none,wrist,1551,8482482,A. Wilsby,8474564,S. Stamkos,8476887,F. Forsberg,2,0
2024-12-17,2024020503,1,REG,04:16,WSH,ev,none,wrist,1551,8479400,P. Dubois,,,,,0,1
2024-12-17,2024020503,1,REG,13:18,WSH,ev,none,wrist,1551,8478233,A. Mangiapane,8474189,L. Eller,8477944,J. Vrana,0,2
2024-12-17,2024020503,3,REG,00:51,CHI,sh,none,backhand,1541,8481624,I. Mikheyev,8476882,T. Teravainen,,,1,2
2024-12-17,2024020503,3,REG,14:07,CHI,ev,none,wrist,1551,8474673,T. Brodie,8481624,I. Mikheyev,8476882,T. Teravainen,2,2
2024-12-17,2024020503,3,REG,17:42,CHI,ev,none,wrist,1551,8477987,R. Donato,8476473,C. Murphy,8476882,T. Teravainen,3,2
2024-12-17,2024020504,2,REG,00:54,CGY,ev,none,wrist,1551,8482679,M. Coronato,8476399,B. Coleman,8474150,M. Backlund,1,0
2024-12-17,2024020504,2,REG,01:21,CGY,ev,none,wrist,1551,8475172,N. Kadri,8476456,J. Huberdeau,8481028,M. Pospisil,2,0
2024-12-17,2024020504,2,REG,06:31,BOS,ev,none,wrist,1551,8477496,E. Lindholm,,,,,2,1
2024-12-17,2024020504,2,REG,17:19,CGY,ev,none,wrist,1551,8479066,R. Lomberg,8482074,C. Zary,8481592,J. Pelletier,3,1
2024-12-17,2024020504,3,REG,04:14,BOS,ev,none,wrist,1551,8479987,M. Geekie,8479369,A. Peeke,8482511,M. Lohrei,3,2
2024-12-17,2024020504,3,REG,06:51,BOS,ev,none,wrist,1551,8483397,M. McLaughlin,8473419,B. Marchand,8477496,E. Lindholm,3,3
2024-12-17,2024020504,4,OT,04:22,BOS,ev,none,snap,1331,8477956,D. Pastrnak,8479325,C. McAvoy,,,3,4
2024-12-17,2024020505,2,REG,08:02,OTT,ev,none,wrist,1551,8481596,S. Pinto,8478020,M. Amadio,,,0,1
2024-12-17,2024020505,2,REG,12:45,OTT,ev,none,wrist,1551,8479393,N. Gregor,8482092,R. Greig,8482859,Z. Ostapchuk,0,2
2024-12-17,2024020505,3,REG,04:18,OTT,ev,none,wrist,1551,8482116,T. Stützle,8478874,A. Gaudette,8473512,C. Giroux,0,3
2024-12-17,2024020506,1,REG,12:18,WPG,ev,none,wrist,1551,8478398,K. Connor,8476460,M. Scheifele,8480014,G. Vilardi,0,1
2024-12-17,2024020506,2,REG,01:52,SJS,ev,none,wrist,1551,8475726,T. Toffoli,8481042,N. Kovalenko,8484801,M. Celebrini,1,1
2024-12-17,2024020506,2,REG,07:28,WPG,pp,none,snap,1541,8476460,M. Scheifele,8482149,C. Perfetti,8480014,G. Vilardi,1,2
2024-12-17,2024020506,2,REG,17:11,SJS,pp,none,backhand,1451,8484801,M. Celebrini,8478013,J. Walman,8475726,T. Toffoli,2,2
2024-12-17,2024020506,3,REG,04:44,SJS,ev,none,wrist,1551,8480188,F. Zetterlund,8478013,J. Walman,,,3,2
2024-12-17,2024020506,3,REG,11:56,WPG,pp,none,wrist,1541,8478398,K. Connor,8480014,G. Vilardi,8476460,M. Scheifele,3,3
2024-12-17,2024020506,3,REG,18:47,WPG,ev,none,tip-in,1551,8476392,A. Lowry,8476331,D. DeMelo,8478891,M. Appleton,3,4
2024-12-18,2024020507,1,REG,01:06,PHI,ev,none,backhand,1551,8478439,T. Konecny,8480797,J. Farabee,8476461,S. Couturier,0,1
2024-12-18,2024020507,1,REG,18:19,DET,pp,none,tip-in,1451,8477456,J. Compher,8477946,D. Larkin,8482078,L. Raymond,1,1
2024-12-18,2024020507,2,REG,10:15,DET,ev,none,snap,1551,8479337,A. DeBrincat,8474141,P. Kane,,,2,1
2024-12-18,2024020507,2,REG,10:40,PHI,ev,none,wrist,1551,8480220,N. Cates,8482159,T. Foerster,8476372,N. Seeler,2,2
2024-12-18,2024020507,2,REG,16:05,DET,ev,none,wrist,1551,8479992,M. Rasmussen,8477456,J. Compher,,,3,2
2024-12-18,2024020507,2,REG,17:27,DET,ev,none,snap,1551,8480813,J. Veleno,8478432,C. Fischer,,,4,2
2024-12-18,2024020507,3,REG,03:50,PHI,ev,none,tip-in,1551,8480068,R. Poehling,8476461,S. Couturier,8477948,T. Sanheim,4,3
2024-12-18,2024020507,3,REG,05:39,PHI,ev,none,wrist,1551,8480015,O. Tippett,8476872,S. Laughton,8482142,J. Drysdale,4,4
2024-12-18,2024020507,3,REG,07:22,DET,ev,none,wrist,1551,8474141,P. Kane,8481542,M. Seider,,,5,4
2024-12-18,2024020507,3,REG,18:48,DET,ev,empty-net,wrist,0651,8482078,L. Raymond,8477946,D. Larkin,,,6,4
2024-12-18,2024020508,1,REG,05:14,DAL,ev,none,wrist,1551,8479351,S. Steel,8480840,O. Bäck,8482702,L. Stankoven,1,0
2024-12-18,2024020508,1,REG,06:13,TOR,ev,none,snap,1551,8477503,M. Domi,8476853,M. Rielly,,,1,1
2024-12-18,2024020508,2,REG,00:22,DAL,ev,none,snap,1551,8474149,E. Dadonov,8482740,W. Johnston,8473994,J. Benn,2,1
2024-12-18,2024020508,2,REG,05:15,TOR,ev,none,snap,1551,8477939,W. Nylander,8479318,A. Matthews,8478483,M. Marner,2,2
2024-12-18,2024020508,2,REG,05:31,TOR,ev,none,snap,1551,8481582,N. Robertson,,,,,2,3
2024-12-18,2024020508,2,REG,11:01,TOR,ev,none,snap,1551,8482259,B. McMann,8481582,N. Robertson,,,2,4
2024-12-18,2024020508,3,REG,17:44,DAL,ev,none,wrist,1560,8476278,C. Blackwell,8474149,E. Dadonov,8480036,M. Heiskanen,3,4
2024-12-18,2024020508,3,REG,18:17,TOR,ev,empty-net,snap,1560,8477939,W. Nylander,8475166,J. Tavares,,,3,5
2024-12-18,2024020509,1,REG,03:48,FLA,ev,none,slap,1551,8477932,A. Ekblad,8480003,J. Boqvist,8482713,M. Samoskevich,0,1
2024-12-18,2024020509,1,REG,16:11,MIN,pp,none,backhand,1451,8482079,M. Rossi,8478864,K. Kaprizov,8481557,M. Boldy,1,1
2024-12-18,2024020509,1,REG,18:14,FLA,ev,none,wrist,1551,8482713,M. Samoskevich,8477932,A. Ekblad,,,1,2
2024-12-18,2024020509,2,REG,15:28,FLA,ev,none,poke,1551,8479314,M. Tkachuk,8477493,A. Barkov,8477409,C. Verhaeghe,1,3
2024-12-18,2024020509,2,REG,18:54,FLA,pp,none,wrist,1541,8479314,M. Tkachuk,8477409,C. Verhaeghe,8477932,A. Ekblad,1,4
2024-12-18,2024020509,3,REG,11:10,FLA,ev,none,wrist,1551,8478859,N. Mikkola,8482113,A. Lundell,8477933,S. Reinhart,1,5
2024-12-18,2024020509,3,REG,19:30,FLA,ev,none,wrist,1551,8480185,E. Luostarinen,8478542,E. Rodrigues,,,1,6
2024-12-18,2024020510,2,REG,12:39,VAN,pp,none,snap,1541,8478046,D. Heinen,8480800,Q. Hughes,,,0,1
2024-12-18,2024020510,3,REG,02:45,VAN,ev,none,wrist,1551,8478057,D. Joshua,8476927,T. Blueger,8480800,Q. Hughes,0,2
2024-12-18,2024020510,3,REG,09:02,UTA,ev,none,wrist,1551,8479343,C. Keller,8477951,N. Schmaltz,8480849,B. Hayton,1,2
2024-12-18,2024020510,3,REG,15:30,UTA,pp,none,deflected,1451,8482699,D. Guenther,8479343,C. Keller,8483431,L. Cooley,2,2
2024-12-18,2024020510,4,OT,04:48,UTA,ev,none,backhand,1331,8479410,M. Sergachev,8483431,L. Cooley,,,3,2
2024-12-18,2024020511,2,REG,04:45,ANA,ev,none,tip-in,1551,8478366,F. Vatrano,8475462,R. Gudas,8476458,R. Strome,1,0
2024-12-18,2024020511,2,REG,10:24,WPG,pp,none,tip-in,1541,8480014,G. Vilardi,8477940,N. Ehlers,8478398,K. Connor,1,1
2024-12-18,2024020511,3,REG,04:13,WPG,ev,none,slap,1551,8476460,M. Scheifele,8478398,K. Connor,,,1,2
2024-12-18,2024020511,3,REG,15:14,ANA,ev,none,snap,1551,8478366,F. Vatrano,8481605,J. LaCombe,8475462,R. Gudas,2,2
2024-12-18,2024020511,3,REG,19:34,ANA,ev,none,wrist,1551,8478873,T. Terry,8478366,F. Vatrano,,,3,2
2024-12-19,2024020512,1,REG,05:14,TBL,ev,none,backhand,1551,8478519,A. Cirelli,8483447,C. Geekie,8479542,B. Hagel,1,0
2024-12-19,2024020512,2,REG,03:42,TBL,ev,none,wrist,1551,8480246,N. Perbix,8476453,N. Kucherov,8478010,B. Point,2,0
2024-12-19,2024020512,2,REG,12:15,STL,ev,none,slap,1551,8477402,P. Buchnevich,8480023,R. Thomas,8475764,C. Fowler,2,1
2024-12-19,2024020512,2,REG,13:33,TBL,ev,none,snap,1551,8482201,G. Goncalves,8476453,N. Kucherov,,,3,1
2024-12-19,2024020514,1,REG,07:55,CBJ,ev,none,snap,1551,8478500,I. Provorov,8479944,Z. Aston-Reese,8479671,M. Olivier,1,0
2024-12-19,2024020514,2,REG,09:36,CBJ,pp,none,tip-in,1451,8478460,Z. Werenski,8480893,K. Marchenko,8477497,S. Monahan,2,0
2024-12-19,2024020514,2,REG,13:58,CBJ,ev,none,wrist,1551,8477497,S. Monahan,8481716,D. Voronkov,8480893,K. Marchenko,3,0
2024-12-19,2024020514,3,REG,17:10,NJD,ev,none,wrist,0651,8482684,L. Hughes,8481032,P. Cotter,8476292,O. Palat,3,1
2024-12-19,2024020514,3,REG,18:35,NJD,ev,none,tip-in,0651,8478414,T. Meier,8481559,J. Hughes,8482684,L. Hughes,3,2
2024-12-19,2024020514,3,REG,18:50,CBJ,ev,empty-net,wrist,0651,8477497,S. Monahan,,,,,4,2
2024-12-19,2024020513,1,REG,10:53,LAK,ev,none,backhand,1551,8477942,K. Fiala,8476479,P. Danault,,,0,1
2024-12-19,2024020513,1,REG,14:11,PHI,ev,none,backhand,1551,8480220,N. Cates,8481553,B. Brink,8482159,T. Foerster,1,1
2024-12-19,2024020513,2,REG,01:31,LAK,ev,none,wrist,1551,8479661,T. Jeannot,8477998,W. Foegele,8481606,J. Spence,1,2
2024-12-19,2024020513,2,REG,11:30,PHI,ev,none,wrist,1551,8482159,T. Foerster,8476872,S. Laughton,,,2,2
2024-12-19,2024020513,2,REG,15:04,PHI,ev,none,snap,1551,8482159,T. Foerster,8480028,M. Frost,8480015,O. Tippett,3,2
2024-12-19,2024020513,2,REG,19:16,LAK,ev,none,backhand,1551,8471685,A. Kopitar,8482155,A. Laferriere,8478882,V. Gavrikov,3,3
2024-12-19,2024020513,3,REG,01:54,LAK,ev,none,tip-in,1551,8477998,W. Foegele,8481606,J. Spence,8479421,J. Moverare,3,4
2024-12-19,2024020513,3,REG,10:39,LAK,ev,none,wrist,1551,8471685,A. Kopitar,8481532,A. Turcotte,8478882,V. Gavrikov,3,5
2024-12-19,2024020513,3,REG,16:23,LAK,ev,empty-net,wrist,1560,8482124,Q. Byfield,,,,,3,6
2024-12-19,2024020513,3,REG,17:34,LAK,ev,none,wrist,1551,8477942,K. Fiala,8482155,A. Laferriere,8482730,B. Clarke,3,7
2024-12-19,2024020515,1,REG,03:51,NSH,ev,none,wrist,1551,8476539,J. Marchessault,8476887,F. Forsberg,8474568,L. Schenn,1,0
2024-12-19,2024020515,1,REG,16:21,PIT,ev,none,backhand,1551,8475810,B. Rust,8476483,R. Rakell,8471675,S. Crosby,1,1
2024-12-19,2024020515,1,REG,17:57,NSH,pp,none,wrist,1451,8482146,L. Evangelista,8478438,T. Novak,8476869,B. Skjei,2,1
2024-12-19,2024020515,2,REG,03:38,NSH,ev,none,wrist,1560,8474564,S. Stamkos,8476887,F. Forsberg,8474679,G. Nyquist,3,1
2024-12-19,2024020515,2,REG,07:54,PIT,pp,none,tip-in,1541,8471675,S. Crosby,8474578,E. Karlsson,8475810,B. Rust,3,2
2024-12-19,2024020515,2,REG,09:08,PIT,ev,none,deflected,1551,8476483,R. Rakell,8471675,S. Crosby,8475810,B. Rust,3,3
2024-12-19,2024020515,3,REG,07:44,NSH,ev,none,snap,1551,8476869,B. Skjei,8475158,R. O'Reilly,8482742,Z. L'Heureux,4,3
2024-12-19,2024020515,3,REG,11:36,PIT,ev,none,wrist,1551,8474578,E. Karlsson,8476891,M. Grzelcyk,8471675,S. Crosby,4,4
2024-12-19,2024020515,4,OT,01:07,PIT,ev,none,wrist,1331,8475810,B. Rust,8471215,E. Malkin,8471724,K. Letang,4,5
2024-12-19,2024020516,2,REG,10:54,CHI,ev,none,deflected,1551,8481624,I. Mikheyev,8476882,T. Teravainen,,,1,0
2024-12-19,2024020516,3,REG,06:06,CHI,ev,none,wrist,1551,8481624,I. Mikheyev,8476882,T. Teravainen,8477479,T. Bertuzzi,2,0
2024-12-19,2024020516,3,REG,11:26,SEA,ev,none,snap,1551,8482858,R. Evans,8477416,O. Bjorkstrand,8477986,B. Montour,2,1
2024-12-19,2024020516,3,REG,15:11,CHI,ev,none,snap,1551,8482700,N. Allan,8477987,R. Donato,8476473,C. Murphy,3,1
2024-12-19,2024020517,1,REG,12:14,CGY,ev,none,wrist,1551,8476399,B. Coleman,8480860,K. Bahl,8482679,M. Coronato,1,0
2024-12-19,2024020517,1,REG,19:00,OTT,ev,none,wrist,1551,8476393,N. Cousins,8482105,J. Sanderson,8474612,T. Hamonic,1,1
2024-12-19,2024020517,3,REG,06:24,OTT,sh,none,wrist,1451,8482092,R. Greig,,,,,1,2
2024-12-19,2024020517,3,REG,07:16,CGY,pp,none,deflected,1451,8476456,J. Huberdeau,8482679,M. Coronato,8482074,C. Zary,2,2
2024-12-19,2024020517,4,OT,00:55,OTT,ev,none,wrist,1331,8480801,B. Tkachuk,8482116,T. Stützle,8476999,L. Ullmark,2,3
2024-12-19,2024020518,1,REG,01:07,BOS,ev,none,snap,1551,8477496,E. Lindholm,8473419,B. Marchand,8479325,C. McAvoy,0,1
2024-12-19,2024020518,1,REG,17:35,BOS,ev,none,backhand,1551,8480355,M. Kastelic,8481556,J. Beecher,8478443,B. Carlo,0,2
2024-12-19,2024020518,2,REG,11:17,EDM,ev,none,snap,1551,8475786,Z. Hyman,8477934,L. Draisaitl,,,1,2
2024-12-19,2024020518,3,REG,17:39,EDM,ev,none,poke,1551,8478402,C. McDavid,8475786,Z. Hyman,8477934,L. Draisaitl,2,2
2024-12-19,2024020518,4,OT,01:04,EDM,ev,none,snap,1331,8475218,M. Ekholm,8476454,R. Nugent-Hopkins,8477934,L. Draisaitl,3,2
2024-12-19,2024020519,1,REG,08:15,VAN,ev,none,wrist,1551,8476927,T. Blueger,8480748,K. Sherwood,8478046,D. Heinen,0,1
2024-12-19,2024020519,2,REG,17:35,VGK,ev,none,slap,1551,8474565,A. Pietrangelo,8477447,S. Theodore,8475913,M. Stone,1,1
2024-12-19,2024020519,3,REG,03:44,VGK,ev,none,wrist,1551,8476448,W. Karlsson,8479353,B. Howden,,,2,1
2024-12-19,2024020519,3,REG,19:10,VGK,ev,empty-net,backhand,0651,8479353,B. Howden,8478396,N. Hanifin,,,3,1
2024-12-19,2024020520,1,REG,03:40,COL,pp,none,backhand,1541,8477501,V. Nichushkin,8480069,C. Makar,8477492,N. MacKinnon,0,1
2024-12-19,2024020520,2,REG,04:26,SJS,ev,none,wrist,1551,8479336,C. Grundstrom,8480172,J. Rutta,8479316,L. Kunin,1,1
2024-12-19,2024020520,2,REG,09:29,SJS,ev,none,wrist,1551,8482667,W. Eklund,8476879,C. Ceci,8479316,L. Kunin,2,1
2024-12-19,2024020520,3,REG,08:26,COL,pp,none,slap,1541,8478420,M. Rantanen,8477492,N. MacKinnon,8480069,C. Makar,2,2
2024-12-19,2024020520,3,REG,13:06,COL,ev,none,wrist,1551,8481641,J. Kiviranta,8481186,L. O'Connor,,,2,3
2024-12-19,2024020520,3,REG,15:58,COL,ev,none,slap,1551,8481641,J. Kiviranta,8477476,A. Lehkonen,8479999,C. Mittelstadt,2,4
2024-12-20,2024020521,1,REG,01:29,TOR,ev,none,snap,1551,8482259,B. McMann,8477503,M. Domi,8481582,N. Robertson,0,1
2024-12-20,2024020521,1,REG,06:05,TOR,pp,none,wrist,1541,8479318,A. Matthews,8477939,W. Nylander,8478483,M. Marner,0,2
2024-12-20,2024020521,2,REG,01:53,TOR,ev,none,wrist,1551,8481582,N. Robertson,8476853,M. Rielly,8479982,C. Timmins,0,3
2024-12-20,2024020521,2,REG,02:22,BUF,ev,none,wrist,1551,8482175,J. Peterka,8481528,D. Cozens,8477365,C. Clifton,1,3
2024-12-20,2024020521,2,REG,04:27,TOR,ev,none,wrist,1551,8477503,M. Domi,8482259,B. McMann,8478483,M. Marner,1,4
2024-12-20,2024020521,2,REG,10:47,TOR,ev,none,tip-in,1551,8474157,M. Pacioretty,8477939,W. Nylander,8475166,J. Tavares,1,5
2024-12-20,2024020521,2,REG,15:56,BUF,ev,none,wrist,1441,8480807,M. Samuelsson,8482671,O. Power,8482175,J. Peterka,2,5
2024-12-20,2024020521,3,REG,11:56,BUF,ev,none,snap,1551,8482671,O. Power,8483468,J.Kulich,8480807,M. Samuelsson,3,5
2024-12-20,2024020521,3,REG,19:40,TOR,ev,empty-net,wrist,1560,8477939,W. Nylander,8475166,J. Tavares,8475690,C. Tanev,3,6
2024-12-20,2024020522,1,REG,07:09,MTL,ev,none,wrist,1551,8482476,E. Heineman,8478133,J. Evans,8476875,M. Matheson,0,1
2024-12-20,2024020522,1,REG,13:27,DET,ev,none,wrist,1551,8474141,P. Kane,8477429,A. Copp,8479337,A. DeBrincat,1,1
2024-12-20,2024020522,1,REG,18:31,MTL,sh,none,wrist,1451,8478133,J. Evans,,,,,1,2
2024-12-20,2024020522,1,REG,19:27,DET,ev,none,tip-in,1551,8480813,J. Veleno,8473507,J. Petry,8479992,M. Rasmussen,2,2
2024-12-20,2024020522,3,REG,01:40,DET,ev,none,snap,1551,8477353,T. Motte,8479992,M. Rasmussen,,,3,2
2024-12-20,2024020522,3,REG,08:42,MTL,ev,none,wrist,1551,8482964,A. Xhekaj,8476469,J. Armia,8482476,E. Heineman,3,3
2024-12-20,2024020522,3,REG,12:02,MTL,pp,none,slap,1541,8479339,P. Laine,8483457,L. Hutson,8481540,C. Caufield,3,4
2024-12-20,2024020523,1,REG,10:01,STL,ev,none,backhand,1551,8476897,O. Sundqvist,8480074,A. Texier,8482737,Z. Bolduc,0,1
2024-12-20,2024020523,2,REG,10:58,FLA,ev,none,snap,1551,8484304,U. Balinskis,8477493,A. Barkov,8479314,M. Tkachuk,1,1
2024-12-20,2024020523,4,OT,04:43,FLA,pp,none,snap,1341,8477493,A. Barkov,8477932,A. Ekblad,8477933,S. Reinhart,2,1
2024-12-20,2024020524,1,REG,19:17,WSH,ev,none,tip-in,1551,8481656,A. Protas,8478233,A. Mangiapane,8478911,M. Roy,1,0
2024-12-20,2024020524,2,REG,16:11,WSH,ev,none,snap,1551,8477944,J. Vrana,8482148,H. Lapierre,8479390,T. Raddysh,2,0
2024-12-20,2024020524,2,REG,19:33,WSH,ev,none,snap,1551,8481580,C. McMichael,8480796,M. Fehérváry,8479400,P. Dubois,3,0
2024-12-20,2024020524,3,REG,10:22,CAR,ev,none,wrist,1551,8482093,S. Jarvis,8478427,S. Aho,8470613,B. Burns,3,1
2024-12-20,2024020525,1,REG,01:46,DAL,ev,none,snap,1551,8478449,R. Hintz,8480878,N. Lundkvist,8480027,J. Robertson,1,0
2024-12-20,2024020525,1,REG,10:44,NYR,sh,none,snap,1451,8475191,R. Smith,,,,,1,1
2024-12-20,2024020525,1,REG,15:20,NYR,ev,none,slap,1551,8476389,V. Trocheck,8479323,A. Fox,8478550,A. Panarin,1,2
2024-12-20,2024020525,3,REG,17:54,NYR,ev,empty-net,snap,1560,8475184,C. Kreider,8482157,W. Cuylle,8476389,V. Trocheck,1,3
2024-12-20,2024020526,1,REG,10:20,MIN,ev,none,snap,1551,8475692,M. Zuccarello,8478864,K. Kaprizov,8482079,M. Rossi,1,0
2024-12-20,2024020526,1,REG,11:20,UTA,ev,none,deflected,1551,8482699,D. Guenther,8480855,J. McBain,8483431,L. Cooley,1,1
2024-12-20,2024020526,3,REG,10:01,UTA,pp,none,wrist,1541,8482699,D. Guenther,8479410,M. Sergachev,8479343,C. Keller,1,2
2024-12-20,2024020527,2,REG,02:40,ANA,ev,none,tip-in,1551,8484153,L. Carlsson,8476885,J. Trouba,8476934,B. McGinn,1,0
2024-12-20,2024020527,2,REG,06:40,COL,sh,none,snap,1451,8480448,P. Kelly,8481186,L. O'Connor,,,1,1
2024-12-20,2024020527,2,REG,10:57,COL,ev,none,wrist,1551,8477501,V. Nichushkin,8480069,C. Makar,8477492,N. MacKinnon,1,2
2024-12-20,2024020527,3,REG,03:30,COL,pp,none,snap,1541,8480069,C. Makar,8477492,N. MacKinnon,8478420,M. Rantanen,1,3
2024-12-20,2024020527,3,REG,13:05,ANA,ev,none,deflected,1551,8473986,A. Killorn,8483490,P. Mintyukov,,,2,3
2024-12-20,2024020527,3,REG,18:41,COL,ev,empty-net,wrist,1560,8477492,N. MacKinnon,8478420,M. Rantanen,8477501,V. Nichushkin,2,4
2024-12-21,2024020528,1,REG,14:16,NSH,ev,none,wrist,1551,8482742,Z. L'Heureux,8474679,G. Nyquist,8475158,R. O'Reilly,1,0
2024-12-21,2024020528,2,REG,14:00,NSH,ev,none,wrist,1551,8476539,J. Marchessault,8474600,R. Josi,8476887,F. Forsberg,2,0
2024-12-21,2024020528,3,REG,09:24,LAK,ev,none,wrist,1551,8482124,Q. Byfield,8477998,W. Foegele,8478882,V. Gavrikov,2,1
2024-12-21,2024020528,3,REG,13:23,LAK,ev,none,wrist,0651,8482155,A. Laferriere,8476479,P. Danault,8476441,J. Edmundson,2,2
2024-12-21,2024020528,4,OT,01:03,NSH,ev,none,backhand,1331,8483565,N. Blankenburg,8476887,F. Forsberg,,,3,2
2024-12-21,2024020529,1,REG,12:19,CGY,sh,none,backhand,1541,8476456,J. Huberdeau,8476399,B. Coleman,8477346,M. Weegar,1,0
2024-12-21,2024020529,1,REG,13:26,CGY,ev,none,wrist,1551,8475172,N. Kadri,,,,,2,0
2024-12-21,2024020529,2,REG,10:09,CHI,ev,none,snap,1551,8484144,C. Bedard,8475791,T. Hall,8477479,T. Bertuzzi,2,1
2024-12-21,2024020529,2,REG,10:37,CGY,ev,none,wrist,1551,8482074,C. Zary,8481592,J. Pelletier,8481068,Y. Sharangovich,3,1
2024-12-21,2024020529,2,REG,12:40,CGY,pp,none,wrist,1451,8482679,M. Coronato,8476456,J. Huberdeau,8482074,C. Zary,4,1
2024-12-21,2024020529,2,REG,17:51,CGY,ev,none,tip-in,1551,8476399,B. Coleman,8479402,J. Bean,8477346,M. Weegar,5,1
2024-12-21,2024020529,3,REG,00:57,CHI,ev,none,wrist,1551,8477479,T. Bertuzzi,8484144,C. Bedard,8475791,T. Hall,5,2
2024-12-21,2024020529,3,REG,11:30,CHI,pp,none,snap,1531,8477479,T. Bertuzzi,8484144,C. Bedard,8476882,T. Teravainen,5,3
2024-12-21,2024020529,3,REG,18:52,CHI,ev,none,wrist,0651,8481624,I. Mikheyev,8473422,N. Foligno,8476882,T. Teravainen,5,4
2024-12-21,2024020529,3,REG,19:37,CGY,ev,empty-net,wrist,0651,8474150,M. Backlund,8482679,M. Coronato,,,6,4
2024-12-21,2024020530,1,REG,03:23,SJS,ev,none,snap,1551,8479316,L. Kunin,8477505,A. Wennberg,8480043,T. Liljegren,0,1
2024-12-21,2024020530,1,REG,07:07,EDM,ev,none,wrist,1551,8475786,Z. Hyman,8478402,C. McDavid,8480803,E. Bouchard,1,1
2024-12-21,2024020530,1,REG,08:21,SJS,ev,none,snap,0651,8480172,J. Rutta,8478013,J. Walman,8484801,M. Celebrini,1,2
2024-12-21,2024020530,3,REG,19:42,EDM,ev,none,snap,1560,8475218,M. Ekholm,8470621,C. Perry,8478402,C. McDavid,2,2
2024-12-21,2024020530,4,OT,00:18,EDM,ev,none,snap,1331,8477934,L. Draisaitl,8478402,C. McDavid,8480803,E. Bouchard,3,2
2024-12-21,2024020531,1,REG,08:15,BOS,ev,none,wrist,1551,8475745,C. Coyle,8477507,N. Zadorov,,,1,0
2024-12-21,2024020531,2,REG,18:23,BUF,pp,none,snap,1541,8482175,J. Peterka,8475722,J. Zucker,,,1,1
2024-12-21,2024020531,3,REG,18:15,BOS,pp,none,slap,1451,8479987,M. Geekie,8477956,D. Pastrnak,8482511,M. Lohrei,2,1
2024-12-21,2024020531,3,REG,19:08,BOS,ev,empty-net,wrist,0651,8473419,B. Marchand,8477956,D. Pastrnak,8479325,C. McAvoy,3,1
2024-12-21,2024020532,1,REG,01:47,NYI,ev,none,wrist,1551,8484958,M. Tsyplakov,8477500,B. Horvat,8481601,S. Holmstrom,0,1
2024-12-21,2024020532,1,REG,04:48,NYI,ev,none,snap,1551,8477500,B. Horvat,8481014,A. Romanov,,,0,2
2024-12-21,2024020532,1,REG,12:29,TOR,ev,none,backhand,1551,8477939,W. Nylander,8475166,J. Tavares,8475171,O. Ekman-Larsson,1,2
2024-12-21,2024020532,1,REG,16:08,NYI,ev,none,wrist,1551,8476419,J. Pageau,8475314,A. Lee,8481014,A. Romanov,1,3
2024-12-21,2024020532,2,REG,05:43,TOR,ev,none,snap,1551,8477939,W. Nylander,8480144,D. Kampf,8482720,M. Knies,2,3
2024-12-21,2024020532,3,REG,05:23,NYI,ev,none,wrist,1551,8483448,I. George,8477407,A. Duclair,8476429,S. Mayfield,2,4
2024-12-21,2024020532,3,REG,10:36,NYI,ev,none,wrist,1551,8480865,N. Dobson,8481601,S. Holmstrom,8477500,B. Horvat,2,5
2024-12-21,2024020532,3,REG,13:49,TOR,ev,none,wrist,1551,8482259,B. McMann,8478483,M. Marner,8476931,J. McCabe,3,5
2024-12-21,2024020532,3,REG,17:40,NYI,ev,empty-net,wrist,1560,8478445,M. Barzal,8475314,A. Lee,,,3,6
2024-12-21,2024020533,1,REG,06:41,DET,ev,none,deflected,1551,8480813,J. Veleno,8481013,J. Berggren,8481542,M. Seider,0,1
2024-12-21,2024020533,1,REG,14:14,MTL,ev,none,tip-in,1551,8483515,J. Slafkovský,8480018,N. Suzuki,8483457,L. Hutson,1,1
2024-12-21,2024020533,1,REG,15:26,MTL,ev,none,snap,1551,8478133,J. Evans,8476469,J. Armia,8478851,A. Carrier,2,1
2024-12-21,2024020533,1,REG,19:21,MTL,pp,none,snap,1451,8479339,P. Laine,8483457,L. Hutson,8480018,N. Suzuki,3,1
2024-12-21,2024020533,2,REG,02:40,MTL,ev,none,snap,1551,8482476,E. Heineman,8477989,C. Dvorak,,,4,1
2024-12-21,2024020533,2,REG,13:03,MTL,ev,none,slap,1551,8475848,B. Gallagher,8476981,J. Anderson,8475233,D. Savard,5,1
2024-12-21,2024020534,2,REG,17:32,NJD,ev,none,wrist,1551,8476474,S. Noesen,8480002,N. Hischier,8478414,T. Meier,1,0
2024-12-21,2024020534,3,REG,07:47,NJD,ev,none,snap,1551,8480002,N. Hischier,8476462,D. Hamilton,8475455,B. Dillon,2,0
2024-12-21,2024020534,3,REG,18:27,NJD,ev,empty-net,snap,0651,8478414,T. Meier,8479407,J. Bratt,8480002,N. Hischier,3,0
2024-12-21,2024020535,1,REG,15:47,CBJ,ev,none,wrist,1551,8479671,M. Olivier,8482660,K. Johnson,,,0,1
2024-12-21,2024020535,2,REG,07:05,CBJ,ev,none,wrist,1551,8482451,M. Pyyhtia,8476374,S. Kuraly,,,0,2
2024-12-21,2024020535,3,REG,06:53,PHI,ev,none,wrist,1551,8480028,M. Frost,8480015,O. Tippett,8478439,T. Konecny,1,2
2024-12-21,2024020535,3,REG,08:48,PHI,ev,none,snap,1551,8480220,N. Cates,8482159,T. Foerster,8481546,C. York,2,2
2024-12-21,2024020535,3,REG,10:01,CBJ,ev,none,wrist,1551,8480893,K. Marchenko,8481716,D. Voronkov,8478500,I. Provorov,2,3
2024-12-21,2024020535,3,REG,11:51,PHI,ev,none,snap,1551,8480028,M. Frost,8480015,O. Tippett,8478439,T. Konecny,3,3
2024-12-21,2024020535,3,REG,15:49,CBJ,ev,none,snap,1551,8481161,J. Christiansen,8481716,D. Voronkov,,,3,4
2024-12-21,2024020535,3,REG,18:16,PHI,ev,none,tip-in,1560,8482159,T. Foerster,8478439,T. Konecny,8480015,O. Tippett,4,4
2024-12-21,2024020535,4,OT,03:30,PHI,ev,none,backhand,1331,8480015,O. Tippett,8480220,N. Cates,,,5,4
2024-12-21,2024020536,1,REG,06:51,WPG,pp,none,wrist,1451,8477940,N. Ehlers,8478398,K. Connor,8477504,J. Morrissey,1,0
2024-12-21,2024020536,1,REG,17:54,WPG,ev,none,wrist,1551,8480289,M. Barron,8480113,A. Iafallo,8476392,A. Lowry,2,0
2024-12-21,2024020536,2,REG,05:19,WPG,pp,none,slap,1451,8480145,N. Pionk,8482149,C. Perfetti,8475799,N. Niederreiter,3,0
2024-12-21,2024020536,3,REG,02:07,WPG,ev,none,snap,1551,8482149,C. Perfetti,,,,,4,0
2024-12-21,2024020536,3,REG,07:36,WPG,ev,none,tip-in,1551,8476480,V. Namestnikov,8480145,N. Pionk,8482149,C. Perfetti,5,0
2024-12-21,2024020537,1,REG,01:45,OTT,ev,none,tip-in,1551,8473512,C. Giroux,8478469,T. Chabot,,,0,1
2024-12-21,2024020537,1,REG,16:22,OTT,ev,none,snap,1551,8481596,S. Pinto,8478020,M. Amadio,8476393,N. Cousins,0,2
2024-12-21,2024020537,1,REG,18:04,VAN,ev,none,snap,1551,8478444,B. Boeser,8480800,Q. Hughes,8476858,P. Di Giuseppe,1,2
2024-12-21,2024020537,1,REG,19:42,VAN,ev,none,wrist,1551,8480800,Q. Hughes,8478856,C. Garland,8476468,J. Miller,2,2
2024-12-21,2024020537,2,REG,04:24,OTT,ev,none,wrist,1551,8481596,S. Pinto,8480208,D. Batherson,8482105,J. Sanderson,2,3
2024-12-21,2024020537,2,REG,13:36,VAN,ev,none,deflected,1551,8478498,J. DeBrusk,8480800,Q. Hughes,8474574,T. Myers,3,3
2024-12-21,2024020537,2,REG,15:30,OTT,sh,none,snap,1451,8480064,J. Norris,8473512,C. Giroux,8482105,J. Sanderson,3,4
2024-12-21,2024020537,3,REG,15:10,VAN,ev,none,snap,1551,8478444,B. Boeser,8480459,P. Suter,8476858,P. Di Giuseppe,4,4
2024-12-21,2024020537,4,OT,00:15,OTT,ev,none,wrist,1331,8482105,J. Sanderson,8482116,T. Stützle,8481596,S. Pinto,4,5
2024-12-21,2024020538,1,REG,02:34,SEA,pp,none,snap,1541,8478407,V. Dunn,8477416,O. Bjorkstrand,8476905,C. Stephenson,0,1
2024-12-21,2024020538,1,REG,12:39,VGK,ev,none,wrist,1551,8478434,K. Kolesar,8478109,V. Olofsson,8475188,B. McNabb,1,1
2024-12-21,2024020538,1,REG,13:50,VGK,ev,none,wrist,1551,8479353,B. Howden,8478403,J. Eichel,,,2,1
2024-12-21,2024020538,1,REG,17:48,VGK,ev,none,wrist,1551,8479980,N. Hague,8475913,M. Stone,8478403,J. Eichel,3,1
2024-12-21,2024020538,3,REG,08:09,VGK,ev,none,tip-in,1551,8476448,W. Karlsson,8478434,K. Kolesar,,,4,1
2024-12-21,2024020538,3,REG,11:28,VGK,ev,none,snap,1551,8478396,N. Hanifin,8475913,M. Stone,8476871,T. Pearson,5,1
2024-12-21,2024020538,3,REG,13:58,SEA,pp,none,snap,1541,8475768,J. Schwartz,8483524,S. Wright,8476905,C. Stephenson,5,2
2024-12-21,2024020538,3,REG,18:51,VGK,ev,empty-net,snap,0651,8475913,M. Stone,8479353,B. Howden,,,6,2
2024-12-22,2024020539,1,REG,00:17,NYR,ev,none,tip-in,1551,8476918,J. Vesey,8477244,C. Ruhwedel,8481726,A. Edstrom,1,0
2024-12-22,2024020539,2,REG,09:14,CAR,ev,none,wrist,1551,8477478,W. Carrier,8476958,J. Slavin,8473533,J. Staal,1,1
2024-12-22,2024020539,2,REG,14:32,CAR,pp,none,tip-in,1541,8478458,J. Roslovic,8475200,D. Orlov,8481611,P. Kochetkov,1,2
2024-12-22,2024020539,3,REG,18:18,CAR,ev,empty-net,wrist,1560,8478427,S. Aho,8480830,A. Svechnikov,8481611,P. Kochetkov,1,3
2024-12-22,2024020540,1,REG,15:51,FLA,pp,none,tip-in,1541,8477933,S. Reinhart,8477932,A. Ekblad,8479314,M. Tkachuk,0,1
2024-12-22,2024020540,1,REG,19:55,TBL,ev,none,wrist,1551,8477426,N. Paul,8475167,V. Hedman,8478178,D. Raddysh,1,1
2024-12-22,2024020540,2,REG,10:28,FLA,sh,none,backhand,1451,8478421,A. Greer,8477931,T. Nosek,,,1,2
2024-12-22,2024020540,2,REG,11:10,FLA,sh,none,wrist,1451,8480185,E. Luostarinen,,,,,1,3
2024-12-22,2024020540,3,REG,03:26,TBL,ev,none,wrist,1551,8478010,B. Point,8477404,J. Guentzel,8478178,D. Raddysh,2,3
2024-12-22,2024020540,3,REG,19:29,FLA,ev,empty-net,wrist,1560,8477933,S. Reinhart,8482113,A. Lundell,8477493,A. Barkov,2,4
2024-12-22,2024020541,1,REG,10:20,WSH,ev,none,snap,1551,8481656,A. Protas,8479400,P. Dubois,8481580,C. McMichael,1,0
2024-12-22,2024020541,2,REG,04:10,LAK,pp,none,snap,1541,8477942,K. Fiala,8477960,A. Kempe,8482730,B. Clarke,1,1
2024-12-22,2024020541,2,REG,14:18,WSH,pp,none,snap,1451,8477944,J. Vrana,8479400,P. Dubois,,,2,1
2024-12-22,2024020541,3,REG,19:06,WSH,ev,empty-net,wrist,0651,8481656,A. Protas,,,,,3,1
2024-12-22,2024020542,1,REG,01:26,UTA,ev,none,deflected,1551,8479343,C. Keller,8479976,J. Välimäki,8480849,B. Hayton,1,0
2024-12-22,2024020542,1,REG,04:56,ANA,ev,none,wrist,1551,8477952,R. Fabbri,8482745,M. McTavish,,,1,1
2024-12-22,2024020542,1,REG,16:09,UTA,ev,none,backhand,1441,8480849,B. Hayton,8476874,O. Maatta,8479343,C. Keller,2,1
2024-12-22,2024020542,2,REG,02:39,UTA,pp,none,slap,1451,8483431,L. Cooley,8479343,C. Keller,8479410,M. Sergachev,3,1
2024-12-22,2024020542,2,REG,05:57,UTA,ev,none,snap,1551,8479343,C. Keller,8479410,M. Sergachev,8477951,N. Schmaltz,4,1
2024-12-22,2024020542,2,REG,10:49,ANA,ev,none,snap,1551,8480806,I. Lundestrom,8482803,O. Zellweger,8478424,J. Harkins,4,2
2024-12-22,2024020542,3,REG,12:35,ANA,ev,none,deflected,1551,8477952,R. Fabbri,8483445,C. Gauthier,8483490,P. Mintyukov,4,3
2024-12-22,2024020542,3,REG,15:15,ANA,pp,none,snap,1541,8481517,B. Leason,8483445,C. Gauthier,8482803,O. Zellweger,4,4
2024-12-22,2024020542,5,SO,00:00,ANA,ev,none,snap,0101,8482745,M. McTavish,,,,,4,5
2024-12-22,2024020543,1,REG,10:05,COL,pp,none,wrist,1451,8480069,C. Makar,8478420,M. Rantanen,8477492,N. MacKinnon,1,0
2024-12-22,2024020543,1,REG,17:55,SEA,ev,none,wrist,1551,8477955,J. McCann,8483524,S. Wright,8476826,Y. Gourde,1,1
2024-12-22,2024020543,2,REG,04:01,SEA,ev,none,snap,1551,8481554,K. Kakko,8482665,M. Beniers,,,1,2
2024-12-22,2024020543,2,REG,04:12,COL,ev,none,snap,1551,8477501,V. Nichushkin,8477492,N. MacKinnon,,,2,2
2024-12-22,2024020543,2,REG,12:01,COL,ev,none,snap,1551,8481641,J. Kiviranta,8478420,M. Rantanen,8480069,C. Makar,3,2
2024-12-22,2024020543,3,REG,17:26,COL,ev,empty-net,wrist,0651,8481641,J. Kiviranta,,,,,4,2
2024-12-22,2024020543,3,REG,18:28,COL,ev,empty-net,wrist,0651,8481641,J. Kiviranta,8480448,P. Kelly,8480069,C. Makar,5,2
2024-12-22,2024020544,1,REG,14:26,EDM,ev,none,snap,1551,8478042,V. Arvidsson,8478402,C. McDavid,,,1,0
2024-12-22,2024020544,2,REG,00:25,OTT,ev,none,snap,1551,8476393,N. Cousins,,,,,1,1
2024-12-22,2024020544,2,REG,14:05,EDM,pp,none,wrist,1451,8475786,Z. Hyman,8478042,V. Arvidsson,8477934,L. Draisaitl,2,1
2024-12-22,2024020544,3,REG,01:38,EDM,ev,none,wrist,1551,8474641,A. Henrique,8477406,M. Janmark,8477015,C. Brown,3,1
2024-12-23,2024020545,1,REG,04:29,NJD,ev,none,wrist,1551,8481559,J. Hughes,8479407,J. Bratt,8476462,D. Hamilton,1,0
2024-12-23,2024020545,2,REG,04:41,NJD,pp,none,snap,1451,8478414,T. Meier,8482110,D. Mercer,8476292,O. Palat,2,0
2024-12-23,2024020545,2,REG,11:13,NJD,pp,none,wrist,1341,8481559,J. Hughes,8482684,L. Hughes,8479407,J. Bratt,3,0
2024-12-23,2024020545,3,REG,08:00,NJD,ev,none,wrist,1551,8476474,S. Noesen,8480002,N. Hischier,8478414,T. Meier,4,0
2024-12-23,2024020545,3,REG,12:35,NJD,pp,none,bat,1451,8482110,D. Mercer,8481559,J. Hughes,8482684,L. Hughes,5,0
2024-12-23,2024020546,1,REG,16:04,WPG,pp,none,wrist,1541,8478398,K. Connor,8480014,G. Vilardi,8477504,J. Morrissey,0,1
2024-12-23,2024020546,2,REG,01:16,WPG,ev,none,backhand,1551,8478398,K. Connor,8476460,M. Scheifele,,,0,2
2024-12-23,2024020546,2,REG,05:25,TOR,pp,none,backhand,1451,8475166,J. Tavares,8478483,M. Marner,8477939,W. Nylander,1,2
2024-12-23,2024020546,3,REG,03:27,WPG,ev,none,tip-in,1551,8476460,M. Scheifele,8480014,G. Vilardi,8478398,K. Connor,1,3
2024-12-23,2024020546,3,REG,11:57,WPG,ev,none,poke,1551,8476460,M. Scheifele,8480014,G. Vilardi,8477504,J. Morrissey,1,4
2024-12-23,2024020546,3,REG,13:42,TOR,ev,none,wrist,1551,8475166,J. Tavares,8476931,J. McCabe,8477939,W. Nylander,2,4
2024-12-23,2024020546,3,REG,19:39,WPG,ev,empty-net,wrist,1560,8476460,M. Scheifele,8478398,K. Connor,,,2,5
2024-12-23,2024020547,1,REG,19:12,BOS,pp,none,backhand,1451,8479638,J. Brazeau,8479987,M. Geekie,8482511,M. Lohrei,1,0
2024-12-23,2024020547,2,REG,04:50,WSH,pp,none,slap,1541,8477944,J. Vrana,8480873,R. Sandin,8479400,P. Dubois,1,1
2024-12-23,2024020547,3,REG,13:41,BOS,ev,none,backhand,1551,8477496,E. Lindholm,8473419,B. Marchand,8475745,C. Coyle,2,1
2024-12-23,2024020547,3,REG,15:59,BOS,ev,none,backhand,1551,8475745,C. Coyle,8473419,B. Marchand,8479325,C. McAvoy,3,1
2024-12-23,2024020547,3,REG,18:38,BOS,ev,empty-net,wrist,0651,8473419,B. Marchand,,,,,4,1
2024-12-23,2024020548,1,REG,16:14,STL,ev,none,slap,1551,8482077,D. Holloway,8475764,C. Fowler,8479385,J. Kyrou,0,1
2024-12-23,2024020548,2,REG,00:18,STL,ev,none,snap,1551,8480074,A. Texier,8480023,R. Thomas,8477402,P. Buchnevich,0,2
2024-12-23,2024020548,2,REG,07:45,STL,ev,none,snap,1551,8482077,D. Holloway,8475170,B. Schenn,8476892,C. Parayko,0,3
2024-12-23,2024020548,3,REG,15:54,STL,ev,empty-net,wrist,1560,8482077,D. Holloway,8476892,C. Parayko,8480023,R. Thomas,0,4
2024-12-23,2024020549,1,REG,06:56,TBL,ev,none,backhand,1441,8476453,N. Kucherov,8475167,V. Hedman,8478519,A. Cirelli,0,1
2024-12-23,2024020549,1,REG,09:20,TBL,ev,none,wrist,1551,8477404,J. Guentzel,8479542,B. Hagel,8475167,V. Hedman,0,2
2024-12-23,2024020549,1,REG,16:24,TBL,pp,none,wrist,1541,8482070,M. Chaffee,8478519,A. Cirelli,8477426,N. Paul,0,3
2024-12-23,2024020549,3,REG,14:18,TBL,sh,empty-net,wrist,1460,8479542,B. Hagel,8478416,E. Cernak,,,0,4
2024-12-23,2024020550,1,REG,01:29,PIT,ev,none,slap,1551,8475810,B. Rust,8471675,S. Crosby,8476483,R. Rakell,1,0
2024-12-23,2024020550,1,REG,06:12,PHI,ev,none,wrist,1551,8481178,E. Zamula,8480068,R. Poehling,8476872,S. Laughton,1,1
2024-12-23,2024020550,1,REG,11:53,PIT,ev,none,wrist,1551,8476483,R. Rakell,8475810,B. Rust,8474578,E. Karlsson,2,1
2024-12-23,2024020550,1,REG,16:15,PIT,pp,none,wrist,1451,8478047,M. Bunting,8471215,E. Malkin,8471675,S. Crosby,3,1
2024-12-23,2024020550,1,REG,17:44,PIT,pp,none,tip-in,1451,8481577,P. Tomasino,8471675,S. Crosby,8476483,R. Rakell,4,1
2024-12-23,2024020550,2,REG,04:29,PHI,ev,none,wrist,1551,8480220,N. Cates,8481553,B. Brink,8481546,C. York,4,2
2024-12-23,2024020550,2,REG,13:06,PHI,ev,none,wrist,1551,8476461,S. Couturier,8478439,T. Konecny,8476872,S. Laughton,4,3
2024-12-23,2024020550,2,REG,18:48,PIT,ev,none,slap,1551,8478047,M. Bunting,8471215,E. Malkin,8474578,E. Karlsson,5,3
2024-12-23,2024020550,3,REG,17:30,PIT,ev,empty-net,wrist,0651,8471675,S. Crosby,,,,,6,3
2024-12-23,2024020550,3,REG,19:48,PIT,pp,none,backhand,1451,8481481,B. Lizotte,8478854,R. Shea,8476442,M. Nieto,7,3
2024-12-23,2024020551,1,REG,12:03,CBJ,ev,none,wrist,1551,8481716,D. Voronkov,8477497,S. Monahan,,,1,0
2024-12-23,2024020551,1,REG,18:45,CBJ,ev,none,bat,1551,8482660,K. Johnson,8478460,Z. Werenski,8479671,M. Olivier,2,0
2024-12-23,2024020551,2,REG,02:03,MTL,ev,none,wrist,1551,8475233,D. Savard,8481540,C. Caufield,8480018,N. Suzuki,2,1
2024-12-23,2024020551,2,REG,03:34,CBJ,ev,none,slap,1551,8480887,J. Harris,8477497,S. Monahan,8480893,K. Marchenko,3,1
2024-12-23,2024020551,2,REG,07:03,MTL,ev,none,wrist,1551,8483457,L. Hutson,8483515,J. Slafkovský,8481540,C. Caufield,3,2
2024-12-23,2024020551,2,REG,14:26,MTL,ev,none,wrist,1551,8478133,J. Evans,8482476,E. Heineman,8475233,D. Savard,3,3
2024-12-23,2024020551,3,REG,00:20,MTL,ev,none,wrist,1551,8476469,J. Armia,8478133,J. Evans,8478851,A. Carrier,3,4
2024-12-23,2024020551,3,REG,03:24,CBJ,pp,none,snap,1451,8481716,D. Voronkov,8480893,K. Marchenko,8478460,Z. Werenski,4,4
2024-12-23,2024020551,3,REG,17:48,CBJ,ev,none,snap,1551,8480893,K. Marchenko,8477497,S. Monahan,8478460,Z. Werenski,5,4
2024-12-23,2024020552,1,REG,02:07,BUF,ev,none,wrist,1551,8479359,B. Malenstyn,8480196,J. Bryson,8480802,R. McLeod,0,1
2024-12-23,2024020552,1,REG,16:49,BUF,ev,none,wrist,1551,8483468,J.Kulich,8481528,D. Cozens,8480839,R. Dahlin,0,2
2024-12-23,2024020552,2,REG,06:53,BUF,pp,none,slap,1541,8475722,J. Zucker,8482097,J. Quinn,8480839,R. Dahlin,0,3
2024-12-23,2024020552,2,REG,15:45,BUF,ev,none,wrist,1551,8484145,Z. Benson,8480839,R. Dahlin,8483468,J.Kulich,0,4
2024-12-23,2024020552,2,REG,18:21,BUF,ev,none,wrist,1551,8482097,J. Quinn,8481528,D. Cozens,8482175,J. Peterka,0,5
2024-12-23,2024020552,2,REG,19:05,NYI,ev,none,tip-in,1551,8475151,K. Palmieri,8477407,A. Duclair,8483448,I. George,1,5
2024-12-23,2024020552,3,REG,10:07,BUF,ev,empty-net,wrist,1560,8479420,T. Thompson,8480839,R. Dahlin,,,1,6
2024-12-23,2024020552,3,REG,15:49,BUF,ev,none,wrist,1551,8483468,J.Kulich,,,,,1,7
2024-12-23,2024020553,1,REG,13:34,NSH,ev,none,wrist,1551,8474564,S. Stamkos,8476887,F. Forsberg,,,1,0
2024-12-23,2024020553,2,REG,11:45,NSH,ev,none,wrist,1551,8476539,J. Marchessault,8478438,T. Novak,8482146,L. Evangelista,2,0
2024-12-23,2024020553,3,REG,00:30,NSH,pp,none,wrist,1451,8475158,R. O'Reilly,8476887,F. Forsberg,8476539,J. Marchessault,3,0
2024-12-23,2024020553,3,REG,02:52,NSH,ev,none,snap,1551,8476873,M. Jankowski,8476925,C. Sissons,,,4,0
2024-12-23,2024020553,3,REG,04:37,CAR,ev,none,wrist,1551,8473533,J. Staal,8476921,J. Martinook,8477478,W. Carrier,4,1
2024-12-23,2024020553,3,REG,05:17,CAR,ev,none,wrist,1551,8478427,S. Aho,8482093,S. Jarvis,8478458,J. Roslovic,4,2
2024-12-23,2024020553,3,REG,16:48,NSH,ev,empty-net,wrist,0651,8476539,J. Marchessault,8476887,F. Forsberg,,,5,2
2024-12-23,2024020554,1,REG,06:47,CHI,ev,none,snap,1551,8484144,C. Bedard,8475791,T. Hall,,,0,1
2024-12-23,2024020554,1,REG,11:11,MIN,ev,none,wrist,1551,8478864,K. Kaprizov,8482079,M. Rossi,8475692,M. Zuccarello,1,1
2024-12-23,2024020554,2,REG,06:16,CHI,ev,none,wrist,1551,8473422,N. Foligno,8483493,F. Nazar,8477987,R. Donato,1,2
2024-12-23,2024020554,2,REG,07:05,MIN,ev,none,backhand,1551,8474716,J. Spurgeon,8478508,Y. Trenin,8476913,D. Shore,2,2
2024-12-23,2024020554,3,REG,02:43,MIN,ev,none,snap,1551,8482122,B. Faber,8476463,J. Brodin,8482177,M. Khusnutdinov,3,2
2024-12-23,2024020554,3,REG,18:36,MIN,ev,empty-net,wrist,0651,8475220,M. Foligno,8478508,Y. Trenin,,,4,2
2024-12-23,2024020554,3,REG,19:27,CHI,ev,none,wrist,0651,8477450,J. Dickinson,8482117,L. Reichel,8475791,T. Hall,4,3
2024-12-23,2024020555,1,REG,11:36,SJS,pp,none,slap,1531,8482667,W. Eklund,8475798,M. Granlund,8484801,M. Celebrini,0,1
2024-12-23,2024020555,1,REG,14:10,VAN,ev,none,tip-in,1551,8478444,B. Boeser,8480800,Q. Hughes,8479576,V. Desharnais,1,1
2024-12-23,2024020555,2,REG,16:42,VAN,ev,none,wrist,1551,8480748,K. Sherwood,8476927,T. Blueger,8481535,N. Hoglander,2,1
2024-12-23,2024020555,2,REG,17:08,VAN,ev,none,wrist,1551,8480012,E. Pettersson,8478498,J. DeBrusk,8478856,C. Garland,3,1
2024-12-23,2024020555,2,REG,17:52,VAN,pp,none,wrist,1351,8480012,E. Pettersson,8476468,J. Miller,8480800,Q. Hughes,4,1
2024-12-23,2024020555,3,REG,04:21,SJS,ev,none,slap,1551,8476879,C. Ceci,8480188,F. Zetterlund,,,4,2
2024-12-23,2024020555,3,REG,19:54,SJS,ev,none,snap,0651,8479316,L. Kunin,8484801,M. Celebrini,8475726,T. Toffoli,4,3
2024-12-23,2024020556,1,REG,11:02,DAL,ev,none,snap,1551,8476278,C. Blackwell,8480840,O. Bäck,8479351,S. Steel,0,1
2024-12-23,2024020556,1,REG,12:41,UTA,ev,none,tip-in,1551,8478831,K. Stenlund,8474013,I. Cole,8479619,M. Carcone,1,1
2024-12-23,2024020556,2,REG,12:39,DAL,ev,none,wrist,1551,8478449,R. Hintz,8482145,M. Bourque,8480027,J. Robertson,1,2
2024-12-23,2024020556,2,REG,17:50,DAL,ev,none,snap,1551,8473994,J. Benn,8482740,W. Johnston,8481581,T. Harley,1,3
2024-12-23,2024020556,3,REG,11:39,UTA,ev,none,tip-in,1551,8480849,B. Hayton,8477951,N. Schmaltz,8479343,C. Keller,2,3
2024-12-23,2024020557,1,REG,19:19,VGK,sh,none,snap,1541,8476871,T. Pearson,8478434,K. Kolesar,,,1,0
2024-12-23,2024020557,3,REG,01:13,ANA,ev,none,snap,1551,8482745,M. McTavish,8475462,R. Gudas,8477952,R. Fabbri,1,1
2024-12-23,2024020557,3,REG,09:36,VGK,ev,none,backhand,1551,8476881,T. Hertl,8478403,J. Eichel,8477447,S. Theodore,2,1
2024-12-23,2024020557,3,REG,15:50,VGK,ev,none,tip-in,1551,8478434,K. Kolesar,8476448,W. Karlsson,8476881,T. Hertl,3,1
2024-12-27,2024020558,1,REG,09:51,BUF,ev,none,tip-in,1551,8484145,Z. Benson,8480839,R. Dahlin,8481524,B. Byram,1,0
2024-12-27,2024020558,1,REG,12:23,BUF,ev,none,tip-in,1551,8477949,A. Tuch,8479420,T. Thompson,8480839,R. Dahlin,2,0
2024-12-27,2024020558,1,REG,12:38,BUF,ev,none,wrist,1551,8482097,J. Quinn,8481528,D. Cozens,8482175,J. Peterka,3,0
2024-12-27,2024020558,1,REG,19:18,BUF,ev,none,wrist,1551,8481528,D. Cozens,8482097,J. Quinn,,,4,0
2024-12-27,2024020558,2,REG,16:39,CHI,ev,none,wrist,1551,8477479,T. Bertuzzi,8475791,T. Hall,8484144,C. Bedard,4,1
2024-12-27,2024020558,3,REG,03:06,CHI,ev,none,wrist,1551,8477495,S. Jones,8474034,P. Maroon,8482117,L. Reichel,4,2
2024-12-27,2024020558,3,REG,05:48,BUF,ev,none,wrist,1551,8477949,A. Tuch,8480802,R. McLeod,8478043,S. Lafferty,5,2
2024-12-27,2024020558,3,REG,15:06,BUF,ev,none,snap,1551,8477949,A. Tuch,,,,,6,2
2024-12-27,2024020559,1,REG,02:29,TOR,ev,none,snap,1551,8480144,D. Kampf,8478904,S. Lorentz,,,0,1
2024-12-27,2024020559,1,REG,08:16,TOR,ev,none,slap,1551,8478483,M. Marner,8475166,J. Tavares,8479026,P. Myers,0,2
2024-12-27,2024020559,1,REG,19:28,TOR,pp,none,slap,1541,8478483,M. Marner,8477939,W. Nylander,8475166,J. Tavares,0,3
2024-12-27,2024020559,2,REG,16:23,TOR,ev,none,tip-in,1551,8478483,M. Marner,8475171,O. Ekman-Larsson,8474157,M. Pacioretty,0,4
2024-12-27,2024020559,2,REG,19:58,TOR,ev,none,snap,1551,8481582,N. Robertson,8477503,M. Domi,8482259,B. McMann,0,5
2024-12-27,2024020559,3,REG,08:17,DET,pp,none,slap,1451,8482078,L. Raymond,8481542,M. Seider,8477946,D. Larkin,1,5
2024-12-27,2024020559,3,REG,12:08,DET,ev,none,wrist,1551,8482762,S. Edvinsson,8475765,V. Tarasenko,8477456,J. Compher,2,5
2024-12-27,2024020560,1,REG,10:03,CAR,ev,none,poke,1551,8480762,E. Robinson,8482809,J. Blake,8470613,B. Burns,0,1
2024-12-27,2024020560,1,REG,16:12,NJD,ev,none,deflected,1551,8476292,O. Palat,8480192,J. Kovacevic,8478399,J. Siegenthaler,1,1
2024-12-27,2024020560,1,REG,16:54,NJD,ev,none,deflected,1551,8480002,N. Hischier,8476474,S. Noesen,8482684,L. Hughes,2,1
2024-12-27,2024020560,2,REG,00:22,CAR,ev,none,wrist,1551,8470613,B. Burns,8478458,J. Roslovic,,,2,2
2024-12-27,2024020560,2,REG,04:15,NJD,ev,none,wrist,1551,8482684,L. Hughes,8477488,B. Pesce,8479407,J. Bratt,3,2
2024-12-27,2024020560,2,REG,08:47,NJD,ev,none,wrist,1551,8482110,D. Mercer,8481559,J. Hughes,8475455,B. Dillon,4,2
2024-12-27,2024020561,1,REG,11:29,CBJ,pp,none,snap,1451,8477497,S. Monahan,8478460,Z. Werenski,8480893,K. Marchenko,1,0
2024-12-27,2024020561,1,REG,15:13,BOS,ev,none,wrist,1551,8478401,P. Zacha,8477956,D. Pastrnak,,,1,1
2024-12-27,2024020561,2,REG,07:00,CBJ,ev,none,wrist,1551,8484166,A. Fantilli,8481716,D. Voronkov,8478500,I. Provorov,2,1
2024-12-27,2024020561,2,REG,08:13,CBJ,ev,none,snap,1551,8477497,S. Monahan,8478460,Z. Werenski,8479371,D. Fabbro,3,1
2024-12-27,2024020561,2,REG,09:47,CBJ,pp,none,backhand,1451,8481716,D. Voronkov,8482660,K. Johnson,8478460,Z. Werenski,4,1
2024-12-27,2024020561,2,REG,19:14,CBJ,pp,none,wrist,1451,8481716,D. Voronkov,8480893,K. Marchenko,8478460,Z. Werenski,5,1
2024-12-27,2024020561,3,REG,03:04,CBJ,ev,none,snap,1551,8480893,K. Marchenko,8482451,M. Pyyhtia,8471677,J. Johnson,6,1
2024-12-27,2024020561,3,REG,04:08,BOS,ev,none,wrist,1551,8475745,C. Coyle,8477496,E. Lindholm,8473419,B. Marchand,6,2
2024-12-27,2024020562,1,REG,01:20,STL,ev,none,wrist,1551,8480023,R. Thomas,,,,,1,0
2024-12-27,2024020562,1,REG,02:47,STL,ev,none,wrist,1551,8482737,Z. Bolduc,8476897,O. Sundqvist,8475753,J. Faulk,2,0
2024-12-27,2024020562,1,REG,05:42,NSH,ev,none,wrist,1551,8476873,M. Jankowski,8476925,C. Sissons,8477446,M. McCarron,2,1
2024-12-27,2024020562,1,REG,09:57,STL,ev,none,wrist,1551,8479385,J. Kyrou,8475764,C. Fowler,8482077,D. Holloway,3,1
2024-12-27,2024020562,1,REG,13:17,NSH,pp,none,snap,1541,8474564,S. Stamkos,8476539,J. Marchessault,8475158,R. O'Reilly,3,2
2024-12-27,2024020562,1,REG,18:05,STL,ev,none,slap,1551,8475764,C. Fowler,8482077,D. Holloway,,,4,2
2024-12-27,2024020562,2,REG,05:31,NSH,ev,none,backhand,1551,8483565,N. Blankenburg,,,,,4,3
2024-12-27,2024020562,2,REG,15:29,STL,ev,none,wrist,1551,8481598,P. Broberg,,,,,5,3
2024-12-27,2024020562,3,REG,11:00,NSH,pp,none,wrist,1541,8476539,J. Marchessault,8474564,S. Stamkos,8476887,F. Forsberg,5,4
2024-12-27,2024020562,3,REG,15:10,STL,pp,none,wrist,1341,8480023,R. Thomas,8479385,J. Kyrou,8475764,C. Fowler,6,4
2024-12-27,2024020562,3,REG,18:45,STL,sh,empty-net,wrist,0641,8476892,C. Parayko,8477573,N. Walker,,,7,4
2024-12-27,2024020563,1,REG,09:52,DAL,ev,none,snap,1551,8474149,E. Dadonov,8482740,W. Johnston,8473994,J. Benn,1,0
2024-12-27,2024020563,2,REG,15:08,DAL,ev,none,snap,1551,8482740,W. Johnston,8474149,E. Dadonov,8480950,I. Lyubushkin,2,0
2024-12-27,2024020563,3,REG,10:36,MIN,ev,none,snap,1551,8476463,J. Brodin,8475692,M. Zuccarello,,,2,1
2024-12-27,2024020563,3,REG,11:33,MIN,ev,none,deflected,1551,8475220,M. Foligno,8474716,J. Spurgeon,8480990,D. Chisholm,2,2
2024-12-27,2024020563,4,OT,00:35,MIN,ev,none,wrap-around,1331,8482122,B. Faber,8481557,M. Boldy,8482079,M. Rossi,2,3
2024-12-27,2024020564,2,REG,11:52,COL,ev,none,snap,1551,8477476,A. Lehkonen,8477492,N. MacKinnon,8484258,S. Malinski,0,1
2024-12-27,2024020564,3,REG,03:42,UTA,pp,none,tip-in,1451,8477951,N. Schmaltz,8479410,M. Sergachev,8483431,L. Cooley,1,1
2024-12-27,2024020564,3,REG,14:44,COL,ev,none,snap,1551,8477476,A. Lehkonen,8477501,V. Nichushkin,8477492,N. MacKinnon,1,2
2024-12-27,2024020564,3,REG,18:10,COL,ev,empty-net,wrist,1560,8478420,M. Rantanen,8477492,N. MacKinnon,,,1,3
2024-12-27,2024020564,3,REG,19:34,COL,ev,empty-net,snap,1560,8477476,A. Lehkonen,,,,,1,4
2024-12-27,2024020565,1,REG,06:58,VGK,ev,none,wrist,1551,8478396,N. Hanifin,8478109,V. Olofsson,8474565,A. Pietrangelo,0,1
2024-12-27,2024020565,1,REG,14:40,SJS,ev,none,slap,1551,8482166,S. Mukhamadullin,8480188,F. Zetterlund,8484227,W. Smith,1,1
2024-12-27,2024020565,2,REG,03:27,VGK,ev,none,backhand,1551,8475913,M. Stone,8478109,V. Olofsson,8480727,Z. Whitecloud,1,2
2024-12-27,2024020565,2,REG,05:53,SJS,ev,none,wrist,1551,8484227,W. Smith,8484801,M. Celebrini,8480188,F. Zetterlund,2,2
2024-12-27,2024020565,2,REG,15:57,SJS,ev,none,wrist,1551,8475726,T. Toffoli,8475798,M. Granlund,8476624,B. Goodrow,3,2
2024-12-27,2024020565,3,REG,01:03,VGK,sh,none,wrist,1451,8475188,B. McNabb,8478403,J. Eichel,8474565,A. Pietrangelo,3,3
2024-12-27,2024020565,3,REG,01:26,VGK,sh,none,wrist,1451,8478403,J. Eichel,8475913,M. Stone,8475188,B. McNabb,3,4
2024-12-27,2024020565,3,REG,05:46,VGK,ev,none,backhand,1551,8481604,P. Dorofeyev,8479353,B. Howden,8481655,C. Schwindt,3,5
2024-12-27,2024020565,3,REG,19:28,VGK,ev,empty-net,wrist,1450,8479353,B. Howden,8476448,W. Karlsson,8474565,A. Pietrangelo,3,6
2024-12-28,2024020566,2,REG,01:39,MTL,ev,none,wrist,1551,8481523,K. Dach,8481618,A. Newhook,8482087,K. Guhle,0,1
2024-12-28,2024020566,2,REG,13:51,MTL,ev,none,backhand,1551,8481523,K. Dach,8481618,A. Newhook,,,0,2
2024-12-28,2024020566,2,REG,17:19,MTL,sh,none,wrist,1451,8478133,J. Evans,,,,,0,3
2024-12-28,2024020566,3,REG,14:17,MTL,ev,none,wrist,1551,8481540,C. Caufield,8483515,J. Slafkovský,,,0,4
2024-12-28,2024020567,1,REG,16:03,VAN,pp,none,poke,1451,8478444,B. Boeser,8478498,J. DeBrusk,8476468,J. Miller,1,0
2024-12-28,2024020567,2,REG,01:18,SEA,ev,none,wrist,1551,8482665,M. Beniers,8476467,J. Oleksiak,,,1,1
2024-12-28,2024020567,2,REG,08:36,VAN,ev,none,slap,1551,8478856,C. Garland,8476927,T. Blueger,8477369,C. Soucy,2,1
2024-12-28,2024020567,2,REG,15:14,VAN,ev,none,snap,1551,8478444,B. Boeser,8477369,C. Soucy,8478046,D. Heinen,3,1
2024-12-28,2024020567,3,REG,03:09,VAN,ev,none,wrist,1551,8478498,J. DeBrusk,8476468,J. Miller,8475762,D. Forbort,4,1
2024-12-28,2024020567,3,REG,15:15,SEA,ev,none,wrist,1551,8475768,J. Schwartz,8478407,V. Dunn,8478466,D. Sprong,4,2
2024-12-28,2024020567,3,REG,18:48,SEA,ev,none,snap,0651,8478407,V. Dunn,,,,,4,3
2024-12-28,2024020567,3,REG,19:10,SEA,ev,none,wrist,0651,8475768,J. Schwartz,8477416,O. Bjorkstrand,,,4,4
2024-12-28,2024020567,4,OT,02:15,SEA,ev,none,wrist,1331,8478407,V. Dunn,,,,,4,5
2024-12-28,2024020568,2,REG,04:03,PHI,ev,none,snap,1551,8480220,N. Cates,8481553,B. Brink,8481546,C. York,0,1
2024-12-28,2024020568,2,REG,15:38,ANA,ev,none,snap,1551,8478873,T. Terry,8475462,R. Gudas,8481605,J. LaCombe,1,1
2024-12-28,2024020568,3,REG,05:57,PHI,ev,none,backhand,1551,8480028,M. Frost,8476872,S. Laughton,,,1,2
2024-12-28,2024020568,3,REG,17:40,PHI,ev,empty-net,wrist,1560,8480797,J. Farabee,,,,,1,3
2024-12-28,2024020569,1,REG,09:43,EDM,ev,none,wrist,1551,8477953,K. Kapanen,8477015,C. Brown,8480834,T. Emberson,0,1
2024-12-28,2024020569,1,REG,12:32,LAK,ev,none,wrist,1551,8482124,Q. Byfield,8477998,W. Foegele,8482730,B. Clarke,1,1
2024-12-28,2024020569,1,REG,17:35,LAK,ev,none,wrist,1551,8477998,W. Foegele,8481606,J. Spence,8482124,Q. Byfield,2,1
2024-12-28,2024020569,2,REG,03:20,EDM,pp,none,wrist,1541,8476454,R. Nugent-Hopkins,8478402,C. McDavid,8475786,Z. Hyman,2,2
2024-12-28,2024020569,2,REG,11:59,EDM,ev,none,wrist,1551,8478042,V. Arvidsson,8481617,V. Podkolzin,8477934,L. Draisaitl,2,3
2024-12-28,2024020569,3,REG,02:32,LAK,ev,none,tip-in,1551,8479661,T. Jeannot,8481606,J. Spence,8477998,W. Foegele,3,3
2024-12-28,2024020569,4,OT,03:19,LAK,ev,none,wrist,1331,8482124,Q. Byfield,8476479,P. Danault,8477960,A. Kempe,4,3
2024-12-28,2024020570,1,REG,02:29,BOS,ev,none,backhand,1551,8479638,J. Brazeau,8478443,B. Carlo,8482511,M. Lohrei,1,0
2024-12-28,2024020570,2,REG,06:29,BOS,ev,none,wrist,1551,8479987,M. Geekie,,,,,2,0
2024-12-28,2024020570,2,REG,08:18,BOS,ev,none,snap,1551,8477956,D. Pastrnak,8479987,M. Geekie,8478401,P. Zacha,3,0
2024-12-28,2024020570,3,REG,06:06,BOS,ev,none,wrist,1551,8481043,C. Koepke,,,,,4,0
2024-12-28,2024020571,1,REG,03:14,TOR,ev,none,deflected,1551,8475166,J. Tavares,8481122,S. Benoit,8474157,M. Pacioretty,1,0
2024-12-28,2024020571,1,REG,04:46,WSH,ev,none,snap,1551,8478233,A. Mangiapane,8482148,H. Lapierre,,,1,1
2024-12-28,2024020571,1,REG,08:54,WSH,ev,none,slap,1551,8479345,J. Chychrun,8477845,T. van Riemsdyk,8479390,T. Raddysh,1,2
2024-12-28,2024020571,2,REG,08:10,TOR,ev,none,snap,1551,8482259,B. McMann,8477503,M. Domi,8478483,M. Marner,2,2
2024-12-28,2024020571,2,REG,09:53,WSH,ev,none,wrist,1551,8475343,N. Dowd,8480873,R. Sandin,8478233,A. Mangiapane,2,3
2024-12-28,2024020571,3,REG,12:36,WSH,pp,none,tip-in,1541,8476880,T. Wilson,8479345,J. Chychrun,8478440,D. Strome,2,4
2024-12-28,2024020571,3,REG,16:37,WSH,ev,empty-net,wrist,1560,8471214,A. Ovechkin,8481656,A. Protas,8479400,P. Dubois,2,5
2024-12-28,2024020572,1,REG,02:27,TBL,pp,none,wrist,1451,8476453,N. Kucherov,8478010,B. Point,8477404,J. Guentzel,1,0
2024-12-28,2024020572,1,REG,09:23,NYR,ev,none,wrist,1551,8478550,A. Panarin,8476389,V. Trocheck,8479323,A. Fox,1,1
2024-12-28,2024020572,1,REG,18:11,TBL,sh,none,wrist,1541,8474151,R. McDonagh,8478519,A. Cirelli,,,2,1
2024-12-28,2024020572,2,REG,03:35,TBL,ev,none,backhand,1551,8478010,B. Point,8476453,N. Kucherov,,,3,1
2024-12-28,2024020572,2,REG,05:02,TBL,sh,none,wrist,1541,8478519,A. Cirelli,8479542,B. Hagel,,,4,1
2024-12-28,2024020572,2,REG,08:08,TBL,pp,none,deflected,1451,8477404,J. Guentzel,8478010,B. Point,8476453,N. Kucherov,5,1
2024-12-28,2024020572,3,REG,00:13,NYR,sh,none,snap,1451,8476389,V. Trocheck,8479324,R. Lindgren,,,5,2
2024-12-28,2024020572,3,REG,14:12,TBL,ev,none,wrist,1551,8477426,N. Paul,,,,,6,2
2024-12-28,2024020573,2,REG,02:56,NJD,ev,none,wrist,1551,8481032,P. Cotter,,,,,0,1
2024-12-28,2024020573,2,REG,19:30,CAR,ev,none,slap,1551,8475200,D. Orlov,8480336,S. Walker,8482093,S. Jarvis,1,1
2024-12-28,2024020573,3,REG,01:05,NJD,ev,none,snap,1551,8476292,O. Palat,8479407,J. Bratt,8476462,D. Hamilton,1,2
2024-12-28,2024020573,3,REG,01:56,CAR,ev,none,wrist,1551,8478427,S. Aho,8478458,J. Roslovic,,,2,2
2024-12-28,2024020573,3,REG,10:43,CAR,pp,none,tip-in,1451,8482809,J. Blake,8480829,J. Kotkaniemi,8470613,B. Burns,3,2
2024-12-28,2024020573,3,REG,12:06,CAR,ev,none,snap,1551,8478458,J. Roslovic,8482093,S. Jarvis,8480336,S. Walker,4,2
2024-12-28,2024020573,3,REG,16:38,CAR,ev,empty-net,snap,0651,8478458,J. Roslovic,8478427,S. Aho,8482093,S. Jarvis,5,2
2024-12-28,2024020574,1,REG,10:40,OTT,pp,none,wrist,1541,8482116,T. Stützle,8480208,D. Batherson,8480801,B. Tkachuk,0,1
2024-12-28,2024020574,2,REG,04:03,OTT,pp,none,tip-in,1541,8482092,R. Greig,8478469,T. Chabot,8473512,C. Giroux,0,2
2024-12-28,2024020574,2,REG,12:46,WPG,ev,none,snap,1551,8478398,K. Connor,8476460,M. Scheifele,8477504,J. Morrissey,1,2
2024-12-28,2024020574,2,REG,15:01,WPG,ev,none,backhand,1551,8476460,M. Scheifele,8477940,N. Ehlers,8476525,C. Miller,2,2
2024-12-28,2024020574,3,REG,09:47,WPG,pp,none,snap,1451,8480014,G. Vilardi,8477940,N. Ehlers,8478398,K. Connor,3,2
2024-12-28,2024020574,3,REG,11:19,WPG,ev,none,wrist,1551,8477940,N. Ehlers,8479378,L. Stanley,,,4,2
2024-12-28,2024020575,1,REG,14:47,NYI,ev,none,snap,1551,8476419,J. Pageau,8478445,M. Barzal,,,1,0
2024-12-28,2024020575,1,REG,16:03,PIT,pp,none,wrist,1541,8478047,M. Bunting,8476483,R. Rakell,,,1,1
2024-12-28,2024020575,2,REG,05:39,NYI,ev,none,wrist,1551,8477407,A. Duclair,8475151,K. Palmieri,8475754,B. Nelson,2,1
2024-12-28,2024020575,2,REG,08:36,NYI,ev,own-goal,,1551,8475314,A. Lee,,,,,3,1
2024-12-28,2024020575,2,REG,09:39,NYI,ev,none,tip-in,1551,8475231,C. Cizikas,8481014,A. Romanov,8477500,B. Horvat,4,1
2024-12-28,2024020575,2,REG,13:49,PIT,ev,none,poke,1551,8478569,N. Acciari,8476442,M. Nieto,8474578,E. Karlsson,4,2
2024-12-28,2024020575,2,REG,19:56,PIT,ev,none,tip-in,1551,8476483,R. Rakell,8476891,M. Grzelcyk,8471215,E. Malkin,4,3
2024-12-28,2024020575,3,REG,14:43,NYI,ev,none,wrist,1551,8475231,C. Cizikas,8481601,S. Holmstrom,,,5,3
2024-12-28,2024020575,3,REG,19:38,NYI,ev,empty-net,wrap-around,0651,8475314,A. Lee,,,,,6,3
2024-12-28,2024020576,1,REG,04:40,CGY,ev,none,tip-in,1551,8476456,J. Huberdeau,8477346,M. Weegar,8475172,N. Kadri,0,1
2024-12-28,2024020576,2,REG,03:04,SJS,pp,none,slap,1451,8484801,M. Celebrini,8477505,A. Wennberg,8475726,T. Toffoli,1,1
2024-12-28,2024020576,2,REG,06:50,CGY,pp,none,wrist,1541,8474150,M. Backlund,8475172,N. Kadri,8478397,R. Andersson,1,2
2024-12-28,2024020576,3,REG,19:59,CGY,ev,empty-net,backhand,1560,8476456,J. Huberdeau,8475172,N. Kadri,8481692,D. Wolf,1,3
2024-12-29,2024020582,1,REG,06:52,BUF,ev,none,tip-in,1551,8481522,P. Krebs,8481524,B. Byram,8480839,R. Dahlin,0,1
2024-12-29,2024020582,1,REG,13:06,BUF,pp,none,wrist,1541,8479420,T. Thompson,8475722,J. Zucker,8482097,J. Quinn,0,2
2024-12-29,2024020582,1,REG,15:47,STL,ev,none,wrist,1441,8475170,B. Schenn,8476892,C. Parayko,8482089,J. Neighbours,1,2
2024-12-29,2024020582,3,REG,05:56,STL,ev,none,wrist,1551,8477573,N. Walker,8476892,C. Parayko,8480281,A. Toropchenko,2,2
2024-12-29,2024020582,3,REG,10:30,BUF,pp,none,wrist,1541,8475722,J. Zucker,8482097,J. Quinn,8479420,T. Thompson,2,3
2024-12-29,2024020582,3,REG,16:19,BUF,ev,none,wrist,1551,8483468,J.Kulich,8480807,M. Samuelsson,,,2,4
2024-12-29,2024020578,1,REG,08:03,EDM,pp,none,snap,1431,8477934,L. Draisaitl,8478402,C. McDavid,8480803,E. Bouchard,0,1
2024-12-29,2024020578,1,REG,11:49,EDM,ev,none,snap,1551,8480803,E. Bouchard,8478042,V. Arvidsson,8477015,C. Brown,0,2
2024-12-29,2024020578,1,REG,13:52,ANA,ev,none,snap,1551,8483445,C. Gauthier,8481605,J. LaCombe,,,1,2
2024-12-29,2024020578,2,REG,09:10,EDM,pp,none,slap,1541,8477934,L. Draisaitl,8478402,C. McDavid,8475786,Z. Hyman,1,3
2024-12-29,2024020578,2,REG,12:19,ANA,ev,none,snap,1551,8481563,D. Helleson,,,,,2,3
2024-12-29,2024020578,2,REG,17:33,ANA,ev,none,snap,1551,8477952,R. Fabbri,8482745,M. McTavish,8483445,C. Gauthier,3,3
2024-12-29,2024020578,3,REG,17:24,ANA,ev,none,wrist,1551,8476458,R. Strome,8478873,T. Terry,,,4,3
2024-12-29,2024020578,3,REG,19:08,ANA,ev,empty-net,snap,0651,8482745,M. McTavish,8477952,R. Fabbri,,,5,3
2024-12-29,2024020579,1,REG,03:19,DET,ev,none,wrist,1551,8479337,A. DeBrincat,8475279,B. Chiarot,8481542,M. Seider,1,0
2024-12-29,2024020579,1,REG,06:44,DET,pp,none,wrist,1451,8474141,P. Kane,8476979,E. Gustafsson,8482078,L. Raymond,2,0
2024-12-29,2024020579,1,REG,12:04,WSH,ev,none,snap,1551,8471214,A. Ovechkin,8479345,J. Chychrun,8481580,C. McMichael,2,1
2024-12-29,2024020579,1,REG,12:35,DET,ev,none,snap,1551,8479337,A. DeBrincat,8474141,P. Kane,8477429,A. Copp,3,1
2024-12-29,2024020579,1,REG,14:18,DET,ev,none,wrist,1551,8482078,L. Raymond,8477946,D. Larkin,8480813,J. Veleno,4,1
2024-12-29,2024020579,3,REG,10:27,WSH,ev,none,backhand,1551,8475343,N. Dowd,8479390,T. Raddysh,8479520,B. Duhaime,4,2
2024-12-29,2024020580,1,REG,12:07,MTL,ev,none,snap,1551,8481618,A. Newhook,8476875,M. Matheson,8479339,P. Laine,0,1
2024-12-29,2024020580,2,REG,00:37,TBL,ev,none,wrist,1551,8479542,B. Hagel,,,,,1,1
2024-12-29,2024020580,2,REG,12:34,MTL,ev,none,tip-in,1551,8477989,C. Dvorak,8482087,K. Guhle,8478851,A. Carrier,1,2
2024-12-29,2024020580,2,REG,18:28,MTL,ev,none,wrist,1551,8478133,J. Evans,8476469,J. Armia,,,1,3
2024-12-29,2024020580,2,REG,18:54,TBL,ev,none,wrist,1551,8476453,N. Kucherov,8478010,B. Point,8478178,D. Raddysh,2,3
2024-12-29,2024020580,3,REG,12:32,MTL,ev,none,wrist,1551,8476469,J. Armia,8482476,E. Heineman,,,2,4
2024-12-29,2024020580,3,REG,18:08,MTL,ev,empty-net,wrist,1560,8475848,B. Gallagher,8476981,J. Anderson,8478851,A. Carrier,2,5
2024-12-29,2024020581,1,REG,03:54,PIT,ev,none,wrist,1551,8478463,A. Beauvillier,8478047,M. Bunting,8476891,M. Grzelcyk,1,0
2024-12-29,2024020581,2,REG,01:36,PIT,pp,none,wrist,1451,8478047,M. Bunting,8471675,S. Crosby,8481577,P. Tomasino,2,0
2024-12-29,2024020581,3,REG,06:57,PIT,pp,none,deflected,1451,8471215,E. Malkin,8481577,P. Tomasino,8479996,C. Glass,3,0
2024-12-29,2024020581,3,REG,12:59,NYI,ev,none,tip-in,0651,8475314,A. Lee,8481014,A. Romanov,,,3,1
2024-12-29,2024020581,3,REG,16:10,NYI,ev,none,deflected,0651,8477500,B. Horvat,8477506,R. Pulock,8476917,A. Pelech,3,2
2024-12-29,2024020583,1,REG,17:19,MIN,ev,none,tip-in,1551,8477919,F. Gaudreau,8480990,D. Chisholm,8475220,M. Foligno,1,0
2024-12-29,2024020583,2,REG,01:47,OTT,ev,none,wrist,1551,8482092,R. Greig,8480801,B. Tkachuk,8474612,T. Hamonic,1,1
2024-12-29,2024020583,3,REG,12:42,OTT,pp,none,snap,1541,8480064,J. Norris,8482105,J. Sanderson,8480208,D. Batherson,1,2
2024-12-29,2024020583,3,REG,19:16,OTT,ev,empty-net,wrist,1560,8473512,C. Giroux,,,,,1,3
2024-12-29,2024020584,2,REG,15:59,VGK,ev,none,tip-in,1551,8479353,B. Howden,8474565,A. Pietrangelo,8476871,T. Pearson,1,0
2024-12-29,2024020584,3,REG,14:41,VGK,pp,none,slap,1451,8478109,V. Olofsson,8477447,S. Theodore,8478403,J. Eichel,2,0
2024-12-29,2024020584,3,REG,19:53,VGK,ev,empty-net,wrist,0651,8476871,T. Pearson,8481604,P. Dorofeyev,8477447,S. Theodore,3,0
2024-12-29,2024020577,1,REG,12:20,CHI,pp,none,wrist,1451,8484144,C. Bedard,8477495,S. Jones,8476882,T. Teravainen,1,0
2024-12-29,2024020577,1,REG,17:12,DAL,ev,none,wrist,1551,8473994,J. Benn,8474149,E. Dadonov,8482702,L. Stankoven,1,1
2024-12-29,2024020577,2,REG,08:23,DAL,pp,none,wrist,1541,8480027,J. Robertson,8473994,J. Benn,8480036,M. Heiskanen,1,2
2024-12-29,2024020577,2,REG,14:46,DAL,ev,none,snap,1551,8474149,E. Dadonov,8475168,M. Duchene,8480027,J. Robertson,1,3
2024-12-29,2024020577,3,REG,00:10,DAL,ev,none,deflected,1551,8482740,W. Johnston,8475168,M. Duchene,8473994,J. Benn,1,4
2024-12-29,2024020577,3,REG,02:55,DAL,ev,none,snap,1551,8475168,M. Duchene,8482740,W. Johnston,8480036,M. Heiskanen,1,5
2024-12-29,2024020585,1,REG,05:14,LAK,ev,none,slap,1551,8477942,K. Fiala,8482155,A. Laferriere,8476479,P. Danault,1,0
2024-12-29,2024020585,1,REG,08:17,PHI,ev,none,wrist,1441,8482159,T. Foerster,8481546,C. York,8477948,T. Sanheim,1,1
2024-12-29,2024020585,1,REG,14:09,PHI,ev,none,wrist,1551,8476872,S. Laughton,8484387,M. Michkov,8480028,M. Frost,1,2
2024-12-29,2024020585,1,REG,16:54,LAK,ev,none,slap,1551,8477960,A. Kempe,8482730,B. Clarke,8481532,A. Turcotte,2,2
2024-12-29,2024020585,2,REG,11:03,PHI,ev,none,wrist,1551,8484387,M. Michkov,8476872,S. Laughton,8477499,R. Ristolainen,2,3
2024-12-29,2024020585,2,REG,13:42,PHI,ev,none,wrist,1551,8480797,J. Farabee,8477903,G. Hathaway,8480068,R. Poehling,2,4
2024-12-29,2024020585,2,REG,15:04,LAK,ev,none,wrist,1551,8477998,W. Foegele,,,,,3,4
2024-12-29,2024020585,3,REG,06:44,LAK,ev,none,deflected,1551,8471685,A. Kopitar,8482124,Q. Byfield,8479421,J. Moverare,4,4
2024-12-29,2024020585,3,REG,08:55,LAK,pp,none,tip-in,1451,8471685,A. Kopitar,8477960,A. Kempe,,,5,4
2024-12-30,2024020586,1,REG,03:04,FLA,ev,none,tip-in,1551,8480185,E. Luostarinen,8478055,G. Forsling,,,1,0
2024-12-30,2024020586,1,REG,05:21,FLA,ev,none,deflected,1551,8482713,M. Samoskevich,8475179,D. Kulikov,8484304,U. Balinskis,2,0
2024-12-30,2024020586,2,REG,14:25,NYR,ev,none,wrist,1551,8480078,F. Chytil,8482132,B. Berard,,,2,1
2024-12-30,2024020586,2,REG,16:17,NYR,ev,none,tip-in,1551,8479324,R. Lindgren,8479323,A. Fox,8475842,S. Carrick,2,2
2024-12-30,2024020586,2,REG,16:55,FLA,ev,none,wrist,1551,8480003,J. Boqvist,8482113,A. Lundell,8484304,U. Balinskis,3,2
2024-12-30,2024020586,3,REG,05:19,NYR,pp,none,snap,1541,8475184,C. Kreider,8478550,A. Panarin,8476389,V. Trocheck,3,3
2024-12-30,2024020586,3,REG,11:38,FLA,ev,none,wrist,1551,8480003,J. Boqvist,8480871,A. Boqvist,,,4,3
2024-12-30,2024020586,3,REG,19:23,FLA,ev,empty-net,backhand,0651,8477493,A. Barkov,,,,,5,3
2024-12-30,2024020587,2,REG,17:18,WPG,ev,none,wrist,1551,8476331,D. DeMelo,8480289,M. Barron,8479378,L. Stanley,1,0
2024-12-30,2024020587,3,REG,13:44,WPG,pp,none,snap,1351,8480014,G. Vilardi,8477940,N. Ehlers,8478398,K. Connor,2,0
2024-12-30,2024020587,3,REG,14:46,WPG,pp,none,wrist,1451,8480014,G. Vilardi,8478398,K. Connor,8477940,N. Ehlers,3,0
2024-12-30,2024020588,1,REG,08:41,UTA,pp,none,slap,1541,8483431,L. Cooley,8479343,C. Keller,8477951,N. Schmaltz,0,1
2024-12-30,2024020588,1,REG,18:06,SEA,ev,none,wrist,1551,8476826,Y. Gourde,8482858,R. Evans,8475768,J. Schwartz,1,1
2024-12-30,2024020588,1,REG,18:57,SEA,ev,none,tip-in,1551,8477444,A. Burakovsky,8475768,J. Schwartz,8476457,A. Larsson,2,1
2024-12-30,2024020588,2,REG,19:01,UTA,ev,none,wrist,1551,8477021,A. Kerfoot,8479619,M. Carcone,8474013,I. Cole,2,2
2024-12-30,2024020588,3,REG,07:22,SEA,ev,none,wrist,1551,8475768,J. Schwartz,8481554,K. Kakko,,,3,2
2024-12-30,2024020588,3,REG,11:09,SEA,ev,none,wrist,1551,8482665,M. Beniers,8481554,K. Kakko,8478407,V. Dunn,4,2
2024-12-30,2024020588,3,REG,18:12,SEA,ev,empty-net,poke,0651,8477955,J. McCann,8477416,O. Bjorkstrand,,,5,2
2024-12-31,2024020589,1,REG,01:21,BOS,ev,none,snap,1551,8479638,J. Brazeau,8478450,P. Wotherspoon,,,0,1
2024-12-31,2024020589,1,REG,12:05,WSH,ev,none,snap,1551,8481656,A. Protas,8479400,P. Dubois,8476880,T. Wilson,1,1
2024-12-31,2024020589,1,REG,17:11,WSH,pp,none,snap,1451,8479345,J. Chychrun,8478440,D. Strome,8474590,J. Carlson,2,1
2024-12-31,2024020589,3,REG,19:51,WSH,ev,empty-net,wrist,0651,8481656,A. Protas,8476880,T. Wilson,8475343,N. Dowd,3,1
2024-12-31,2024020590,1,REG,17:54,TOR,ev,none,wrist,1551,8480144,D. Kampf,8477939,W. Nylander,8475690,C. Tanev,1,0
2024-12-31,2024020590,2,REG,11:59,NYI,ev,none,snap,1551,8476419,J. Pageau,8480865,N. Dobson,8478445,M. Barzal,1,1
2024-12-31,2024020590,2,REG,12:15,TOR,ev,none,wrist,1551,8478904,S. Lorentz,8471817,R. Reaves,8480980,C. Dewar,2,1
2024-12-31,2024020590,3,REG,19:27,TOR,pp,empty-net,wrist,0551,8475166,J. Tavares,8477939,W. Nylander,8478483,M. Marner,3,1
2024-12-31,2024020591,1,REG,02:23,VGK,ev,none,wrist,1551,8480727,Z. Whitecloud,8476881,T. Hertl,8478434,K. Kolesar,1,0
2024-12-31,2024020591,1,REG,19:48,VGK,ev,none,wrist,1551,8478396,N. Hanifin,,,,,2,0
2024-12-31,2024020591,2,REG,17:27,MTL,ev,none,wrist,1551,8481540,C. Caufield,8480018,N. Suzuki,8483515,J. Slafkovský,2,1
2024-12-31,2024020591,3,REG,07:58,MTL,ev,none,wrist,1551,8482476,E. Heineman,8475233,D. Savard,,,2,2
2024-12-31,2024020591,3,REG,10:09,MTL,ev,none,backhand,1551,8481523,K. Dach,8476981,J. Anderson,,,2,3
2024-12-31,2024020592,1,REG,01:40,STL,pp,none,wrist,1541,8475764,C. Fowler,8477402,P. Buchnevich,8480023,R. Thomas,0,1
2024-12-31,2024020592,1,REG,08:10,STL,pp,none,wrist,1541,8479385,J. Kyrou,8482089,J. Neighbours,8482077,D. Holloway,0,2
2024-12-31,2024020592,1,REG,15:26,CHI,pp,none,snap,1451,8475791,T. Hall,8477987,R. Donato,,,1,2
2024-12-31,2024020592,2,REG,07:15,STL,ev,none,slap,1551,8475753,J. Faulk,8481598,P. Broberg,8476897,O. Sundqvist,1,3
2024-12-31,2024020592,2,REG,13:34,STL,ev,none,wrist,1551,8482077,D. Holloway,8475753,J. Faulk,8475170,B. Schenn,1,4
2024-12-31,2024020592,2,REG,17:51,STL,ev,none,wrist,1551,8475764,C. Fowler,8480074,A. Texier,,,1,5
2024-12-31,2024020592,3,REG,11:15,CHI,pp,none,wrist,1451,8477479,T. Bertuzzi,8477495,S. Jones,8484144,C. Bedard,2,5
2024-12-31,2024020592,3,REG,16:18,STL,ev,none,snap,1551,8480074,A. Texier,8475753,J. Faulk,8477573,N. Walker,2,6
2024-12-31,2024020593,1,REG,07:52,DET,ev,none,wrist,1551,8481013,J. Berggren,8475765,V. Tarasenko,8477456,J. Compher,1,0
2024-12-31,2024020593,1,REG,18:29,PIT,ev,none,slap,1551,8482055,D. O'Connor,8479996,C. Glass,,,1,1
2024-12-31,2024020593,2,REG,03:41,DET,pp,none,wrist,1451,8474141,P. Kane,8479337,A. DeBrincat,8482078,L. Raymond,2,1
2024-12-31,2024020593,3,REG,03:18,PIT,pp,none,poke,1541,8482055,D. O'Connor,8474578,E. Karlsson,8471675,S. Crosby,2,2
2024-12-31,2024020593,3,REG,14:26,DET,pp,none,poke,1451,8477456,J. Compher,8476979,E. Gustafsson,8481013,J. Berggren,3,2
2024-12-31,2024020593,3,REG,19:46,DET,ev,empty-net,snap,0651,8477946,D. Larkin,8482078,L. Raymond,8480813,J. Veleno,4,2
2024-12-31,2024020594,1,REG,04:48,CBJ,ev,none,wrist,1551,8480893,K. Marchenko,8477497,S. Monahan,8483485,D. Mateychuk,1,0
2024-12-31,2024020594,1,REG,09:59,CAR,pp,none,wrist,1541,8480883,T. Smith,8478427,S. Aho,8480039,M. Necas,1,1
2024-12-31,2024020594,1,REG,15:43,CBJ,ev,none,wrist,1551,8480893,K. Marchenko,8481716,D. Voronkov,8477497,S. Monahan,2,1
2024-12-31,2024020594,2,REG,05:47,CAR,ev,none,tip-in,1551,8478458,J. Roslovic,8482093,S. Jarvis,8478427,S. Aho,2,2
2024-12-31,2024020594,2,REG,08:18,CAR,ev,none,backhand,1551,8480829,J. Kotkaniemi,8480762,E. Robinson,,,2,3
2024-12-31,2024020594,3,REG,04:58,CBJ,pp,none,snap,1451,8481716,D. Voronkov,8477497,S. Monahan,8478460,Z. Werenski,3,3
2024-12-31,2024020594,5,SO,00:00,CBJ,ev,none,wrist,1010,8484166,A. Fantilli,,,,,4,3
2024-12-31,2024020595,2,REG,09:49,DAL,ev,none,wrist,1551,8478449,R. Hintz,8480027,J. Robertson,8481581,T. Harley,1,0
2024-12-31,2024020595,2,REG,10:20,BUF,ev,none,snap,1551,8475722,J. Zucker,8479420,T. Thompson,8481524,B. Byram,1,1
2024-12-31,2024020595,3,REG,02:35,DAL,ev,none,wrist,1551,8480027,J. Robertson,,,,,2,1
2024-12-31,2024020595,3,REG,04:57,BUF,ev,none,deflected,1551,8479359,B. Malenstyn,8478043,S. Lafferty,8480802,R. McLeod,2,2
2024-12-31,2024020595,3,REG,11:32,DAL,ev,none,tip-in,1551,8482740,W. Johnston,8481581,T. Harley,,,3,2
2024-12-31,2024020595,3,REG,18:23,DAL,ev,empty-net,wrist,0651,8476902,E. Lindell,8480027,J. Robertson,8479193,C. DeSmith,4,2
2024-12-31,2024020596,1,REG,07:54,MIN,ev,none,deflected,1551,8482079,M. Rossi,8475692,M. Zuccarello,8476463,J. Brodin,1,0
2024-12-31,2024020596,1,REG,11:00,NSH,ev,none,deflected,1551,8476925,C. Sissons,8476869,B. Skjei,8483565,N. Blankenburg,1,1
2024-12-31,2024020596,1,REG,15:14,NSH,ev,none,slap,1551,8476539,J. Marchessault,8474564,S. Stamkos,,,1,2
2024-12-31,2024020596,2,REG,06:19,MIN,pp,none,wrist,1451,8475692,M. Zuccarello,8478493,J. Eriksson Ek,8479406,F. Gustavsson,2,2
2024-12-31,2024020596,2,REG,08:57,MIN,ev,none,wrist,1551,8476463,J. Brodin,8475220,M. Foligno,8482079,M. Rossi,3,2
2024-12-31,2024020596,2,REG,12:01,NSH,ev,none,wrist,1551,8475158,R. O'Reilly,8474679,G. Nyquist,8476869,B. Skjei,3,3
2024-12-31,2024020596,2,REG,17:08,MIN,pp,none,slap,1451,8480990,D. Chisholm,8477451,R. Hartman,8475149,M. Johansson,4,3
2024-12-31,2024020596,3,REG,07:07,MIN,pp,none,poke,1451,8482079,M. Rossi,8478493,J. Eriksson Ek,8482122,B. Faber,5,3
2024-12-31,2024020597,1,REG,11:51,COL,ev,none,tip-in,1551,8477476,A. Lehkonen,8476312,J. Manson,8479398,S. Girard,1,0
2024-12-31,2024020597,2,REG,10:20,WPG,ev,none,snap,1551,8480845,R. Kupari,8480289,M. Barron,8480145,N. Pionk,1,1
2024-12-31,2024020597,2,REG,16:37,COL,ev,none,wrist,1551,8478038,D. Toews,8480069,C. Makar,8481186,L. O'Connor,2,1
2024-12-31,2024020597,2,REG,18:32,WPG,ev,none,wrist,1551,8480014,G. Vilardi,8479378,L. Stanley,8475799,N. Niederreiter,2,2
2024-12-31,2024020597,3,REG,07:22,COL,ev,none,tip-in,1551,8479999,C. Mittelstadt,8476312,J. Manson,8477494,J. Drouin,3,2
2024-12-31,2024020597,3,REG,18:31,COL,ev,empty-net,wrist,0651,8478420,M. Rantanen,8477492,N. MacKinnon,8481641,J. Kiviranta,4,2
2024-12-31,2024020597,3,REG,19:53,COL,ev,empty-net,wrist,0651,8479525,R. Colton,8477494,J. Drouin,,,5,2
2024-12-31,2024020598,1,REG,10:05,ANA,ev,none,wrist,1551,8478873,T. Terry,8476458,R. Strome,8478366,F. Vatrano,1,0
2024-12-31,2024020598,3,REG,03:57,ANA,ev,none,wrist,1551,8477952,R. Fabbri,8483445,C. Gauthier,8475208,B. Dumoulin,2,0
2024-12-31,2024020598,3,REG,05:31,NJD,ev,none,wrist,1551,8478399,J. Siegenthaler,,,,,2,1
2024-12-31,2024020598,3,REG,13:20,NJD,ev,none,wrist,1551,8478414,T. Meier,8476462,D. Hamilton,8476474,S. Noesen,2,2
2024-12-31,2024020598,3,REG,16:36,ANA,ev,none,slap,1551,8476458,R. Strome,8481605,J. LaCombe,8478366,F. Vatrano,3,2
2024-12-31,2024020599,1,REG,05:59,PHI,ev,none,wrist,1551,8476372,N. Seeler,8482142,J. Drysdale,,,0,1
2024-12-31,2024020599,2,REG,12:09,PHI,ev,none,backhand,1551,8480068,R. Poehling,8481178,E. Zamula,8481553,B. Brink,0,2
2024-12-31,2024020599,2,REG,13:44,PHI,pp,none,slap,1541,8478439,T. Konecny,8480015,O. Tippett,8482142,J. Drysdale,0,3
2024-12-31,2024020599,3,REG,02:30,PHI,ev,none,wrist,1551,8481178,E. Zamula,8481553,B. Brink,8480220,N. Cates,0,4
2024-12-31,2024020600,1,REG,14:31,CGY,ev,none,tip-in,1551,8482074,C. Zary,8481068,Y. Sharangovich,8481592,J. Pelletier,1,0
2024-12-31,2024020600,3,REG,06:15,VAN,pp,none,tip-in,1541,8478444,B. Boeser,8476468,J. Miller,8480073,E. Brannstrom,1,1
2024-12-31,2024020600,3,REG,09:18,CGY,ev,none,wrist,1551,8475172,N. Kadri,8476456,J. Huberdeau,8481028,M. Pospisil,2,1
2024-12-31,2024020600,3,REG,18:58,CGY,ev,empty-net,snap,0651,8476456,J. Huberdeau,,,,,3,1
2024-12-31,2024020601,1,REG,04:26,EDM,ev,none,slap,1551,8475218,M. Ekholm,8481617,V. Podkolzin,8480803,E. Bouchard,1,0
2024-12-31,2024020601,1,REG,06:00,UTA,ev,none,snap,1551,8480855,J. McBain,8482699,D. Guenther,8483431,L. Cooley,1,1
2024-12-31,2024020601,2,REG,04:53,EDM,ev,none,wrist,1551,8476454,R. Nugent-Hopkins,8478402,C. McDavid,8477015,C. Brown,2,1
2024-12-31,2024020601,2,REG,05:13,EDM,ev,none,snap,1551,8479442,T. Stecher,8477015,C. Brown,8478402,C. McDavid,3,1
2024-12-31,2024020601,3,REG,18:58,EDM,ev,empty-net,wrist,0651,8477934,L. Draisaitl,8480834,T. Emberson,8475218,M. Ekholm,4,1
2025-01-01,2024020602,2,REG,06:23,LAK,ev,none,wrist,1551,8481732,A. Lee,8481606,J. Spence,8479421,J. Moverare,1,0
2025-01-01,2024020602,3,REG,11:01,LAK,ev,none,wrist,1551,8482124,Q. Byfield,8476479,P. Danault,8479998,M. Anderson,2,0
2025-01-01,2024020602,3,REG,15:35,LAK,ev,empty-net,wrist,0651,8477960,A. Kempe,8477998,W. Foegele,8479998,M. Anderson,3,0
2025-01-02,2024020603,1,REG,00:35,CAR,ev,none,wrist,1551,8470613,B. Burns,8476958,J. Slavin,8482093,S. Jarvis,0,1
2025-01-02,2024020603,2,REG,02:17,FLA,ev,none,backhand,1551,8482113,A. Lundell,8480003,J. Boqvist,8478542,E. Rodrigues,1,1
2025-01-02,2024020603,3,REG,12:30,CAR,ev,none,slap,1551,8476958,J. Slavin,8480829,J. Kotkaniemi,8480336,S. Walker,1,2
2025-01-02,2024020603,3,REG,19:32,CAR,ev,empty-net,tip-in,1560,8480039,M. Necas,8480830,A. Svechnikov,8473533,J. Staal,1,3
2025-01-02,2024020604,1,REG,09:48,NYR,ev,none,wrist,1551,8476459,M. Zibanejad,8475191,R. Smith,8475184,C. Kreider,1,0
2025-01-02,2024020604,1,REG,12:53,NYR,ev,none,snap,1551,8482132,B. Berard,8480078,F. Chytil,,,2,0
2025-01-02,2024020604,2,REG,07:57,BOS,ev,none,wrist,1551,8477496,E. Lindholm,8477956,D. Pastrnak,8479325,C. McAvoy,2,1
2025-01-02,2024020605,1,REG,10:19,WSH,ev,none,snap,1551,8476880,T. Wilson,8480873,R. Sandin,,,1,0
2025-01-02,2024020605,1,REG,11:24,MIN,ev,none,tip-in,1551,8477451,R. Hartman,8474567,Z. Bogosian,8478493,J. Eriksson Ek,1,1
2025-01-02,2024020605,1,REG,19:07,MIN,sh,none,backhand,1451,8478508,Y. Trenin,,,,,1,2
2025-01-02,2024020605,2,REG,15:08,WSH,pp,none,snap,1451,8471214,A. Ovechkin,8478440,D. Strome,,,2,2
2025-01-02,2024020605,3,REG,05:34,WSH,ev,none,wrist,1551,8480796,M. Fehérváry,8479400,P. Dubois,,,3,2
2025-01-02,2024020605,3,REG,11:19,MIN,ev,none,snap,1551,8482079,M. Rossi,8477451,R. Hartman,8476463,J. Brodin,3,3
2025-01-02,2024020605,5,SO,00:00,MIN,ev,none,snap,0101,8481557,M. Boldy,,,,,3,4
2025-01-02,2024020606,1,REG,02:42,CBJ,pp,none,tip-in,1451,8474037,J. van Riemsdyk,8482705,C. Sillinger,8478500,I. Provorov,1,0
2025-01-02,2024020606,1,REG,06:55,DET,ev,none,snap,1551,8474141,P. Kane,8477429,A. Copp,8479337,A. DeBrincat,1,1
2025-01-02,2024020606,1,REG,14:39,DET,ev,none,slap,1551,8476979,E. Gustafsson,8475718,J. Holl,,,1,2
2025-01-02,2024020606,1,REG,17:09,DET,pp,none,snap,1541,8479337,A. DeBrincat,8481542,M. Seider,8477946,D. Larkin,1,3
2025-01-02,2024020606,2,REG,11:09,CBJ,ev,none,snap,1551,8478460,Z. Werenski,,,,,2,3
2025-01-02,2024020606,2,REG,18:40,CBJ,ev,none,snap,1551,8477497,S. Monahan,8474037,J. van Riemsdyk,8478460,Z. Werenski,3,3
2025-01-02,2024020606,3,REG,04:54,DET,pp,none,snap,1541,8477946,D. Larkin,8479337,A. DeBrincat,8474141,P. Kane,3,4
2025-01-02,2024020606,3,REG,17:19,CBJ,ev,none,wrist,1551,8474037,J. van Riemsdyk,8484166,A. Fantilli,8478460,Z. Werenski,4,4
2025-01-02,2024020606,3,REG,19:24,DET,ev,none,wrist,1551,8481013,J. Berggren,8477353,T. Motte,8475279,B. Chiarot,4,5
2025-01-02,2024020607,2,REG,10:43,TOR,ev,none,wrist,1551,8482259,B. McMann,8481582,N. Robertson,,,0,1
2025-01-02,2024020607,2,REG,18:15,NYI,ev,none,wrist,1551,8476429,S. Mayfield,8478445,M. Barzal,8476917,A. Pelech,1,1
2025-01-02,2024020607,3,REG,17:01,TOR,pp,none,wrist,1541,8482259,B. McMann,8475171,O. Ekman-Larsson,8477503,M. Domi,1,2
2025-01-02,2024020608,1,REG,04:39,DAL,pp,none,snap,1451,8478449,R. Hintz,8480027,J. Robertson,8480036,M. Heiskanen,1,0
2025-01-02,2024020608,1,REG,07:45,OTT,ev,none,snap,1551,8480801,B. Tkachuk,8481596,S. Pinto,,,1,1
2025-01-02,2024020608,1,REG,08:09,OTT,ev,none,snap,1551,8482092,R. Greig,8480801,B. Tkachuk,,,1,2
2025-01-02,2024020608,2,REG,10:19,DAL,ev,none,snap,1551,8473994,J. Benn,8475168,M. Duchene,8482740,W. Johnston,2,2
2025-01-02,2024020608,2,REG,11:27,DAL,ev,none,snap,1551,8478449,R. Hintz,8480027,J. Robertson,8474149,E. Dadonov,3,2
2025-01-02,2024020608,3,REG,13:37,DAL,ev,none,snap,1551,8475168,M. Duchene,8482740,W. Johnston,,,4,2
2025-01-02,2024020609,1,REG,00:33,WPG,ev,none,wrist,1551,8476460,M. Scheifele,8478398,K. Connor,8480014,G. Vilardi,1,0
2025-01-02,2024020609,1,REG,17:17,WPG,ev,none,snap,1551,8476392,A. Lowry,8480113,A. Iafallo,8477504,J. Morrissey,2,0
2025-01-02,2024020609,1,REG,18:58,ANA,ev,none,tip-in,1551,8484153,L. Carlsson,8475462,R. Gudas,8473986,A. Killorn,2,1
2025-01-02,2024020609,2,REG,06:52,ANA,ev,none,snap,1551,8478873,T. Terry,8476458,R. Strome,8475208,B. Dumoulin,2,2
2025-01-02,2024020609,3,REG,17:16,WPG,ev,none,wrap-around,1551,8480113,A. Iafallo,8475799,N. Niederreiter,8477504,J. Morrissey,3,2
2025-01-02,2024020609,3,REG,18:10,ANA,ev,none,slap,0651,8475462,R. Gudas,8478366,F. Vatrano,8478873,T. Terry,3,3
2025-01-02,2024020609,4,OT,03:34,ANA,ev,none,wrist,1331,8478873,T. Terry,8476434,J. Gibson,,,3,4
2025-01-02,2024020610,1,REG,13:17,BUF,pp,none,tip-in,1541,8475722,J. Zucker,8482097,J. Quinn,8479420,T. Thompson,0,1
2025-01-02,2024020610,1,REG,17:10,BUF,ev,none,backhand,1551,8481524,B. Byram,8475722,J. Zucker,8481528,D. Cozens,0,2
2025-01-02,2024020610,2,REG,11:08,BUF,pp,none,tip-in,1541,8475722,J. Zucker,8479420,T. Thompson,8480839,R. Dahlin,0,3
2025-01-02,2024020610,2,REG,14:58,COL,ev,none,wrist,1551,8480069,C. Makar,8477494,J. Drouin,8478038,D. Toews,1,3
2025-01-02,2024020610,3,REG,01:05,COL,ev,none,wrist,1551,8479525,R. Colton,8479398,S. Girard,,,2,3
2025-01-02,2024020610,3,REG,01:27,BUF,ev,none,wrap-around,1551,8484145,Z. Benson,8481522,P. Krebs,8482175,J. Peterka,2,4
2025-01-02,2024020610,3,REG,04:17,COL,pp,none,snap,1351,8478420,M. Rantanen,8477492,N. MacKinnon,8479999,C. Mittelstadt,3,4
2025-01-02,2024020610,3,REG,16:09,BUF,ev,none,snap,1551,8475722,J. Zucker,8479420,T. Thompson,,,3,5
2025-01-02,2024020610,3,REG,17:34,COL,ev,none,slap,1560,8480069,C. Makar,8477492,N. MacKinnon,8478038,D. Toews,4,5
2025-01-02,2024020610,3,REG,19:52,COL,ev,none,snap,1560,8477494,J. Drouin,8477492,N. MacKinnon,8478420,M. Rantanen,5,5
2025-01-02,2024020610,4,OT,00:48,COL,ev,none,wrist,1331,8478038,D. Toews,,,,,6,5
2025-01-02,2024020611,1,REG,08:51,UTA,ev,none,wrist,1551,8478474,L. Crouse,8474013,I. Cole,,,0,1
2025-01-02,2024020611,1,REG,19:12,CGY,pp,none,wrist,1451,8476399,B. Coleman,8475172,N. Kadri,8478397,R. Andersson,1,1
2025-01-02,2024020611,2,REG,06:19,UTA,pp,none,tip-in,1541,8483431,L. Cooley,8482699,D. Guenther,8479343,C. Keller,1,2
2025-01-02,2024020611,2,REG,07:26,CGY,ev,none,deflected,1551,8482074,C. Zary,8481068,Y. Sharangovich,8477346,M. Weegar,2,2
2025-01-02,2024020611,2,REG,15:14,CGY,ev,none,snap,1551,8481167,B. Pachal,8482679,M. Coronato,8476399,B. Coleman,3,2
2025-01-02,2024020611,3,REG,00:37,UTA,ev,none,tip-in,1551,8479343,C. Keller,8476874,O. Maatta,8480849,B. Hayton,3,3
2025-01-02,2024020611,3,REG,02:35,UTA,ev,none,wrist,1551,8478474,L. Crouse,8475760,N. Bjugstad,8476874,O. Maatta,3,4
2025-01-02,2024020611,3,REG,19:00,UTA,ev,empty-net,wrist,1560,8478831,K. Stenlund,8477021,A. Kerfoot,8479410,M. Sergachev,3,5
2025-01-02,2024020612,1,REG,00:21,PHI,ev,none,wrist,1551,8482159,T. Foerster,8480220,N. Cates,8481553,B. Brink,0,1
2025-01-02,2024020612,2,REG,00:51,VGK,ev,none,tip-in,1551,8475913,M. Stone,8478403,J. Eichel,8478396,N. Hanifin,1,1
2025-01-02,2024020612,2,REG,02:13,VGK,ev,none,wrap-around,1551,8479980,N. Hague,8478434,K. Kolesar,,,2,1
2025-01-02,2024020612,2,REG,18:22,VGK,ev,none,snap,1551,8481604,P. Dorofeyev,8477447,S. Theodore,8475188,B. McNabb,3,1
2025-01-02,2024020612,3,REG,02:46,VGK,ev,none,wrist,1551,8482125,A. Holtz,8478396,N. Hanifin,8474565,A. Pietrangelo,4,1
2025-01-02,2024020612,3,REG,04:56,PHI,pp,none,wrist,1541,8478439,T. Konecny,8480015,O. Tippett,8480028,M. Frost,4,2
2025-01-02,2024020612,3,REG,19:24,VGK,ev,empty-net,wrist,0651,8476871,T. Pearson,8475913,M. Stone,8478403,J. Eichel,5,2
2025-01-02,2024020613,1,REG,01:52,SEA,ev,none,wrist,1551,8476905,C. Stephenson,8477444,A. Burakovsky,8478407,V. Dunn,1,0
2025-01-02,2024020613,1,REG,13:17,VAN,ev,none,snap,1551,8484136,M. Sasson,8478046,D. Heinen,8481535,N. Hoglander,1,1
2025-01-02,2024020613,2,REG,07:49,VAN,ev,none,wrist,1551,8478856,C. Garland,8476858,P. Di Giuseppe,8475762,D. Forbort,1,2
2025-01-02,2024020613,3,REG,05:35,VAN,ev,none,wrist,1551,8474574,T. Myers,8476468,J. Miller,8478498,J. DeBrusk,1,3
2025-01-02,2024020613,3,REG,09:05,SEA,pp,none,slap,1451,8482665,M. Beniers,8483524,S. Wright,8477986,B. Montour,2,3
2025-01-02,2024020613,3,REG,19:07,SEA,ev,none,wrist,1560,8478407,V. Dunn,8477444,A. Burakovsky,8482665,M. Beniers,3,3
2025-01-02,2024020613,5,SO,00:00,VAN,ev,none,wrist,0101,8476468,J. Miller,,,,,3,4
2025-01-02,2024020614,1,REG,13:52,SJS,ev,none,wrist,1551,8475726,T. Toffoli,8471709,M. Vlasic,8480172,J. Rutta,1,0
2025-01-02,2024020614,2,REG,12:55,SJS,ev,none,wrist,1551,8479983,M. Ferraro,8475798,M. Granlund,,,2,0
2025-01-02,2024020614,2,REG,17:44,TBL,ev,none,tip-in,1551,8478519,A. Cirelli,8478416,E. Cernak,8479542,B. Hagel,2,1
2025-01-03,2024020615,2,REG,00:36,FLA,ev,none,snap,1551,8478055,G. Forsling,8477493,A. Barkov,8477933,S. Reinhart,1,0
2025-01-03,2024020615,2,REG,11:09,PIT,pp,none,slap,1541,8471675,S. Crosby,8475810,B. Rust,8476891,M. Grzelcyk,1,1
2025-01-03,2024020615,3,REG,08:48,FLA,pp,none,deflected,1451,8479314,M. Tkachuk,8477409,C. Verhaeghe,8480871,A. Boqvist,2,1
2025-01-03,2024020615,3,REG,19:20,PIT,pp,none,snap,0641,8476483,R. Rakell,8478047,M. Bunting,8471215,E. Malkin,2,2
2025-01-03,2024020615,5,SO,00:00,FLA,ev,none,snap,1010,8477933,S. Reinhart,,,,,3,2
2025-01-03,2024020616,1,REG,03:21,CHI,pp,none,snap,1351,8477479,T. Bertuzzi,8476882,T. Teravainen,8484144,C. Bedard,1,0
2025-01-03,2024020616,1,REG,18:24,MTL,ev,none,wrist,1551,8481540,C. Caufield,8476875,M. Matheson,8480018,N. Suzuki,1,1
2025-01-03,2024020616,2,REG,07:05,CHI,ev,none,tip-in,1551,8473422,N. Foligno,8482176,W. Kaiser,8477450,J. Dickinson,2,1
2025-01-03,2024020616,3,REG,03:01,CHI,ev,none,snap,1551,8474034,P. Maroon,8477987,R. Donato,8475225,C. Smith,3,1
2025-01-03,2024020616,3,REG,09:45,MTL,pp,none,bat,1541,8482476,E. Heineman,8476875,M. Matheson,8481523,K. Dach,3,2
2025-01-03,2024020616,3,REG,15:51,CHI,ev,none,wrist,1551,8473422,N. Foligno,8475791,T. Hall,8481568,A. Vlasic,4,2
2025-01-03,2024020617,1,REG,07:26,STL,ev,none,backhand,1551,8475170,B. Schenn,8482077,D. Holloway,,,1,0
2025-01-03,2024020617,1,REG,15:50,STL,ev,none,backhand,1551,8476438,B. Saad,,,,,2,0
2025-01-03,2024020617,2,REG,14:15,STL,ev,none,snap,1551,8476438,B. Saad,8477402,P. Buchnevich,8480023,R. Thomas,3,0
2025-01-03,2024020617,3,REG,18:07,STL,ev,none,wrist,1551,8476438,B. Saad,8476892,C. Parayko,,,4,0
2025-01-03,2024020618,1,REG,16:54,EDM,pp,none,wrist,1451,8476454,R. Nugent-Hopkins,8480803,E. Bouchard,,,1,0
2025-01-03,2024020618,2,REG,07:57,EDM,ev,none,snap,1551,8477498,D. Nurse,8475784,J. Skinner,8470621,C. Perry,2,0
2025-01-03,2024020618,2,REG,18:32,ANA,ev,none,wrist,1551,8481517,B. Leason,,,,,2,1
2025-01-03,2024020618,3,REG,06:53,ANA,pp,none,snap,1541,8481605,J. LaCombe,8476458,R. Strome,8484153,L. Carlsson,2,2
2025-01-03,2024020618,3,REG,18:25,EDM,ev,none,snap,1551,8477934,L. Draisaitl,8475786,Z. Hyman,8477498,D. Nurse,3,2
2025-01-03,2024020619,2,REG,16:53,NSH,ev,none,slap,1551,8474564,S. Stamkos,8476539,J. Marchessault,8476887,F. Forsberg,0,1
2025-01-03,2024020619,3,REG,18:16,NSH,ev,empty-net,wrist,1560,8474679,G. Nyquist,8483565,N. Blankenburg,8476925,C. Sissons,0,2
2025-01-03,2024020619,3,REG,19:29,NSH,ev,empty-net,wrist,1560,8476925,C. Sissons,8474600,R. Josi,8474679,G. Nyquist,0,3
2025-01-04,2024020620,1,REG,07:00,NYR,ev,none,snap,1551,8475184,C. Kreider,,,,,0,1
2025-01-04,2024020620,1,REG,18:46,WSH,pp,none,snap,1451,8478440,D. Strome,8479345,J. Chychrun,8476880,T. Wilson,1,1
2025-01-04,2024020620,2,REG,02:29,WSH,ev,none,tip-in,1551,8474189,L. Eller,8480796,M. Fehérváry,8477845,T. van Riemsdyk,2,1
2025-01-04,2024020620,2,REG,10:08,WSH,ev,none,snap,1551,8478233,A. Mangiapane,8475343,N. Dowd,8480873,R. Sandin,3,1
2025-01-04,2024020620,2,REG,16:26,NYR,ev,none,snap,1551,8475842,S. Carrick,8481726,A. Edstrom,,,3,2
2025-01-04,2024020620,2,REG,18:13,WSH,pp,none,snap,1451,8481580,C. McMichael,8478440,D. Strome,8478233,A. Mangiapane,4,2
2025-01-04,2024020620,3,REG,08:32,NYR,ev,none,snap,1551,8480078,F. Chytil,8480001,U. Vaakanainen,8482073,B. Schneider,4,3
2025-01-04,2024020620,3,REG,10:50,WSH,ev,none,backhand,1551,8471214,A. Ovechkin,8478440,D. Strome,,,5,3
2025-01-04,2024020620,3,REG,13:04,NYR,ev,none,snap,1551,8476459,M. Zibanejad,8475191,R. Smith,,,5,4
2025-01-04,2024020620,3,REG,14:00,WSH,ev,none,backhand,1551,8481656,A. Protas,8479400,P. Dubois,8479345,J. Chychrun,6,4
2025-01-04,2024020620,3,REG,19:22,WSH,ev,empty-net,wrist,0651,8476880,T. Wilson,8471214,A. Ovechkin,8480796,M. Fehérváry,7,4
2025-01-04,2024020622,1,REG,17:40,SJS,ev,none,wrist,1551,8481042,N. Kovalenko,8482667,W. Eklund,8479316,L. Kunin,1,0
2025-01-04,2024020622,2,REG,04:19,NJD,pp,none,deflected,1541,8480002,N. Hischier,8481559,J. Hughes,8479407,J. Bratt,1,1
2025-01-04,2024020622,3,REG,01:53,SJS,ev,none,wrist,1551,8484801,M. Celebrini,8484227,W. Smith,8484911,C. Graf,2,1
2025-01-04,2024020622,3,REG,05:07,NJD,ev,none,wrist,1551,8481032,P. Cotter,8482684,L. Hughes,,,2,2
2025-01-04,2024020622,3,REG,19:35,SJS,ev,none,slap,1551,8476879,C. Ceci,8477505,A. Wennberg,,,3,2
2025-01-04,2024020621,1,REG,06:25,DET,pp,none,wrist,1541,8477946,D. Larkin,8482078,L. Raymond,8481542,M. Seider,0,1
2025-01-04,2024020621,2,REG,04:33,DET,pp,none,slap,1541,8482078,L. Raymond,8481542,M. Seider,8474141,P. Kane,0,2
2025-01-04,2024020621,2,REG,05:48,WPG,ev,none,slap,1551,8477504,J. Morrissey,8476460,M. Scheifele,8475799,N. Niederreiter,1,2
2025-01-04,2024020621,3,REG,07:14,DET,ev,none,tip-in,1551,8479337,A. DeBrincat,8474141,P. Kane,,,1,3
2025-01-04,2024020621,3,REG,16:45,WPG,ev,none,tip-in,1551,8477940,N. Ehlers,8480145,N. Pionk,8476480,V. Namestnikov,2,3
2025-01-04,2024020621,3,REG,19:31,DET,ev,empty-net,wrist,1560,8477946,D. Larkin,8482078,L. Raymond,8481542,M. Seider,2,4
2025-01-04,2024020623,1,REG,03:29,TOR,ev,none,wrist,1551,8476931,J. McCabe,8478483,M. Marner,8475690,C. Tanev,1,0
2025-01-04,2024020623,2,REG,03:37,TOR,ev,none,tip-in,1551,8482720,M. Knies,8479318,A. Matthews,8478483,M. Marner,2,0
2025-01-04,2024020623,2,REG,03:49,BOS,ev,none,wrist,1551,8479987,M. Geekie,8478401,P. Zacha,8475745,C. Coyle,2,1
2025-01-04,2024020623,2,REG,18:44,BOS,ev,none,wrist,1551,8479365,T. Frederic,8479325,C. McAvoy,,,2,2
2025-01-04,2024020623,3,REG,03:43,TOR,ev,none,backhand,1551,8482720,M. Knies,8475166,J. Tavares,8478483,M. Marner,3,2
2025-01-04,2024020623,3,REG,04:17,BOS,ev,none,snap,1551,8477956,D. Pastrnak,,,,,3,3
2025-01-04,2024020623,3,REG,05:28,TOR,ev,none,slap,1551,8482720,M. Knies,8479318,A. Matthews,8476931,J. McCabe,4,3
2025-01-04,2024020623,3,REG,17:55,TOR,ev,empty-net,wrist,0651,8478483,M. Marner,8482720,M. Knies,,,5,3
2025-01-04,2024020623,3,REG,18:10,BOS,ev,none,snap,0651,8477956,D. Pastrnak,8478401,P. Zacha,8473419,B. Marchand,5,4
2025-01-04,2024020623,3,REG,19:29,TOR,ev,empty-net,poke,0651,8479318,A. Matthews,8478483,M. Marner,8482720,M. Knies,6,4
2025-01-04,2024020624,1,REG,13:03,MIN,ev,none,slap,1551,8475692,M. Zuccarello,8482079,M. Rossi,8481557,M. Boldy,0,1
2025-01-04,2024020624,2,REG,11:30,MIN,pp,none,tip-in,1541,8478493,J. Eriksson Ek,8475692,M. Zuccarello,8482079,M. Rossi,0,2
2025-01-04,2024020624,3,REG,09:20,MIN,ev,none,wrist,1551,8481557,M. Boldy,8482079,M. Rossi,8476463,J. Brodin,0,3
2025-01-04,2024020624,3,REG,17:14,MIN,ev,empty-net,wrist,1560,8475692,M. Zuccarello,8481557,M. Boldy,8482079,M. Rossi,0,4
2025-01-04,2024020625,1,REG,19:01,CBJ,ev,none,wrist,1551,8481716,D. Voronkov,8478460,Z. Werenski,8478500,I. Provorov,1,0
2025-01-04,2024020625,2,REG,02:15,CBJ,pp,none,snap,1451,8480893,K. Marchenko,8477497,S. Monahan,8482660,K. Johnson,2,0
2025-01-04,2024020625,3,REG,03:44,CBJ,sh,none,snap,1541,8482451,M. Pyyhtia,8478500,I. Provorov,8477497,S. Monahan,3,0
2025-01-04,2024020625,3,REG,04:54,STL,pp,none,wrist,1541,8479385,J. Kyrou,8482089,J. Neighbours,8482077,D. Holloway,3,1
2025-01-04,2024020625,3,REG,05:25,CBJ,ev,none,snap,1551,8484166,A. Fantilli,8478460,Z. Werenski,8479371,D. Fabbro,4,1
2025-01-04,2024020625,3,REG,06:55,STL,ev,none,wrist,1551,8475764,C. Fowler,8482077,D. Holloway,8479385,J. Kyrou,4,2
2025-01-04,2024020625,3,REG,07:24,CBJ,ev,none,backhand,1551,8481716,D. Voronkov,8477497,S. Monahan,8480887,J. Harris,5,2
2025-01-04,2024020625,3,REG,12:54,STL,ev,none,slap,1551,8476892,C. Parayko,8477402,P. Buchnevich,8480074,A. Texier,5,3
2025-01-04,2024020625,3,REG,16:16,STL,ev,none,wrist,0651,8475170,B. Schenn,8475764,C. Fowler,8479385,J. Kyrou,5,4
2025-01-04,2024020625,3,REG,18:59,CBJ,ev,empty-net,snap,0651,8479671,M. Olivier,8478500,I. Provorov,8482705,C. Sillinger,6,4
2025-01-04,2024020626,1,REG,09:01,COL,pp,none,deflected,1451,8478420,M. Rantanen,8477492,N. MacKinnon,8480069,C. Makar,1,0
2025-01-04,2024020626,3,REG,13:25,MTL,ev,none,wrist,1551,8481540,C. Caufield,8480018,N. Suzuki,8483457,L. Hutson,1,1
2025-01-04,2024020626,5,SO,00:00,MTL,ev,none,wrist,0101,8481540,C. Caufield,,,,,1,2
2025-01-04,2024020628,2,REG,00:16,DAL,ev,none,wrist,1551,8473994,J. Benn,8482740,W. Johnston,8475168,M. Duchene,1,0
2025-01-04,2024020628,2,REG,01:30,UTA,ev,none,snap,1551,8481711,M. Maccelli,8478474,L. Crouse,8475760,N. Bjugstad,1,1
2025-01-04,2024020628,2,REG,10:30,DAL,ev,none,deflected,1551,8480840,O. Bäck,8484938,A. Hyry,8480878,N. Lundkvist,2,1
2025-01-04,2024020628,2,REG,13:37,UTA,ev,none,wrist,1551,8481711,M. Maccelli,8477021,A. Kerfoot,8474013,I. Cole,2,2
2025-01-04,2024020628,4,OT,03:01,DAL,ev,none,wrist,1331,8481581,T. Harley,8475168,M. Duchene,8482740,W. Johnston,3,2
2025-01-04,2024020629,1,REG,01:09,TBL,ev,none,snap,1551,8475167,V. Hedman,8478010,B. Point,8477404,J. Guentzel,0,1
2025-01-04,2024020629,1,REG,07:58,LAK,ev,none,wrist,1551,8479998,M. Anderson,8476479,P. Danault,,,1,1
2025-01-04,2024020629,3,REG,14:12,LAK,ev,none,snap,1551,8477960,A. Kempe,8481532,A. Turcotte,,,2,1
2025-01-04,2024020627,2,REG,04:21,NSH,pp,none,backhand,1541,8475158,R. O'Reilly,8482768,F. Svechkov,8476887,F. Forsberg,0,1
2025-01-04,2024020627,2,REG,11:37,NSH,pp,none,wrist,1541,8475158,R. O'Reilly,8476539,J. Marchessault,8476887,F. Forsberg,0,2
2025-01-04,2024020627,2,REG,18:22,CGY,ev,none,slap,1551,8474150,M. Backlund,8478397,R. Andersson,,,1,2
2025-01-04,2024020627,3,REG,09:19,NSH,ev,none,backhand,1551,8482768,F. Svechkov,,,,,1,3
2025-01-04,2024020627,3,REG,18:33,NSH,ev,empty-net,wrist,1560,8475158,R. O'Reilly,8474564,S. Stamkos,8476925,C. Sissons,1,4
2025-01-04,2024020630,1,REG,04:53,VGK,ev,none,snap,1551,8479550,T. Laczynski,8479353,B. Howden,8480727,Z. Whitecloud,1,0
2025-01-04,2024020630,1,REG,12:23,VGK,ev,none,snap,1551,8475913,M. Stone,8478403,J. Eichel,8476871,T. Pearson,2,0
2025-01-04,2024020630,3,REG,07:44,VGK,ev,none,snap,1551,8478403,J. Eichel,8476871,T. Pearson,8478396,N. Hanifin,3,0
2025-01-04,2024020630,3,REG,17:42,BUF,pp,none,tip-in,0641,8475722,J. Zucker,8480839,R. Dahlin,8482175,J. Peterka,3,1
2025-01-04,2024020631,1,REG,00:57,EDM,ev,none,wrist,1551,8481617,V. Podkolzin,8477934,L. Draisaitl,8478042,V. Arvidsson,0,1
2025-01-04,2024020631,1,REG,05:18,EDM,ev,none,wrist,1551,8475784,J. Skinner,8477953,K. Kapanen,8478585,D. Ryan,0,2
2025-01-04,2024020631,2,REG,11:52,EDM,ev,none,wrist,1551,8476454,R. Nugent-Hopkins,8477015,C. Brown,8476967,B. Kulak,0,3
2025-01-04,2024020631,2,REG,15:56,SEA,ev,none,wrist,1551,8476905,C. Stephenson,,,,,1,3
2025-01-04,2024020631,3,REG,07:27,SEA,ev,none,wrist,1551,8475768,J. Schwartz,8478407,V. Dunn,8481554,K. Kakko,2,3
2025-01-04,2024020631,3,REG,18:02,EDM,ev,empty-net,wrist,1560,8477934,L. Draisaitl,8478042,V. Arvidsson,8480803,E. Bouchard,2,4
2025-01-05,2024020632,1,REG,05:37,CHI,ev,none,snap,1551,8477479,T. Bertuzzi,8484144,C. Bedard,,,1,0
2025-01-05,2024020632,1,REG,15:12,NYR,ev,none,wrist,1551,8477380,J. Brodzinski,8479323,A. Fox,8479324,R. Lindgren,1,1
2025-01-05,2024020632,1,REG,18:22,NYR,ev,none,wrist,1551,8478840,W. Borgen,,,,,1,2
2025-01-05,2024020632,2,REG,03:28,NYR,ev,none,wrist,1551,8480078,F. Chytil,8479323,A. Fox,8482132,B. Berard,1,3
2025-01-05,2024020632,2,REG,09:54,NYR,ev,none,backhand,1551,8475191,R. Smith,8476459,M. Zibanejad,8479324,R. Lindgren,1,4
2025-01-05,2024020632,2,REG,15:16,NYR,ev,none,tip-in,1551,8476389,V. Trocheck,8478550,A. Panarin,8482109,A. Lafrenière,1,5
2025-01-05,2024020632,2,REG,18:00,CHI,ev,none,wrist,1551,8482176,W. Kaiser,8483493,F. Nazar,8474673,T. Brodie,2,5
2025-01-05,2024020632,3,REG,08:36,NYR,ev,none,deflected,1551,8480078,F. Chytil,8480817,K. Miller,8482132,B. Berard,2,6
2025-01-05,2024020633,1,REG,03:01,BOS,ev,none,deflected,1551,8481043,C. Koepke,8480355,M. Kastelic,8479325,C. McAvoy,1,0
2025-01-05,2024020633,1,REG,03:22,NYI,sh,none,snap,1451,8477500,B. Horvat,8476419,J. Pageau,8477506,R. Pulock,1,1
2025-01-05,2024020633,1,REG,05:33,NYI,ev,none,snap,1551,8477506,R. Pulock,8478445,M. Barzal,8476917,A. Pelech,1,2
2025-01-05,2024020633,2,REG,04:11,NYI,ev,none,snap,1551,8475314,A. Lee,8481014,A. Romanov,,,1,3
2025-01-05,2024020633,2,REG,10:18,BOS,ev,none,snap,1551,8479638,J. Brazeau,8479369,A. Peeke,,,2,3
2025-01-05,2024020633,3,REG,03:41,NYI,ev,none,backhand,1551,8475314,A. Lee,8477506,R. Pulock,,,2,4
2025-01-05,2024020633,3,REG,04:35,BOS,ev,none,slap,1551,8477956,D. Pastrnak,8479987,M. Geekie,,,3,4
2025-01-05,2024020633,3,REG,12:44,BOS,ev,none,tip-in,1551,8477956,D. Pastrnak,8478401,P. Zacha,8477507,N. Zadorov,4,4
2025-01-05,2024020633,4,OT,03:10,NYI,ev,none,snap,1331,8477500,B. Horvat,,,,,4,5
2025-01-05,2024020634,1,REG,03:47,PIT,ev,none,wrist,1551,8475763,K. Hayes,8482055,D. O'Connor,,,0,1
2025-01-05,2024020634,1,REG,05:08,PIT,ev,none,wrist,1551,8478047,M. Bunting,8474578,E. Karlsson,8475810,B. Rust,0,2
2025-01-05,2024020634,2,REG,04:15,CAR,ev,none,snap,1551,8482093,S. Jarvis,8478427,S. Aho,,,1,2
2025-01-05,2024020634,2,REG,12:45,CAR,ev,none,snap,1551,8478970,J. Chatfield,8478427,S. Aho,8482093,S. Jarvis,2,2
2025-01-05,2024020634,2,REG,16:18,CAR,ev,none,snap,1551,8482093,S. Jarvis,8480830,A. Svechnikov,8473533,J. Staal,3,2
2025-01-05,2024020634,3,REG,01:51,PIT,ev,none,slap,1551,8474578,E. Karlsson,8476891,M. Grzelcyk,8476483,R. Rakell,3,3
2025-01-05,2024020634,4,OT,01:30,CAR,ev,none,snap,1331,8478427,S. Aho,8475200,D. Orlov,8480039,M. Necas,4,3
2025-01-05,2024020635,1,REG,03:24,PHI,ev,none,wrist,1551,8482159,T. Foerster,8480220,N. Cates,8477499,R. Ristolainen,0,1
2025-01-05,2024020635,1,REG,04:02,TOR,ev,none,wrist,1551,8482720,M. Knies,8479318,A. Matthews,8475690,C. Tanev,1,1
2025-01-05,2024020635,1,REG,18:52,TOR,ev,none,poke,1551,8475171,O. Ekman-Larsson,8478904,S. Lorentz,8480980,C. Dewar,2,1
2025-01-05,2024020635,2,REG,11:08,PHI,ev,none,wrist,1551,8476872,S. Laughton,8476461,S. Couturier,8477499,R. Ristolainen,2,2
2025-01-05,2024020635,4,OT,02:25,TOR,ev,none,wrist,1331,8476853,M. Rielly,8479318,A. Matthews,8475166,J. Tavares,3,2
2025-01-05,2024020636,1,REG,05:24,ANA,ev,none,snap,1551,8478873,T. Terry,8476458,R. Strome,8478366,F. Vatrano,1,0
2025-01-05,2024020636,1,REG,17:03,ANA,ev,none,tip-in,1551,8478366,F. Vatrano,8476885,J. Trouba,8478873,T. Terry,2,0
2025-01-05,2024020636,2,REG,09:12,TBL,pp,none,slap,1541,8477404,J. Guentzel,8476453,N. Kucherov,8478010,B. Point,2,1
2025-01-05,2024020636,3,REG,16:26,ANA,ev,none,wrist,1551,8481605,J. LaCombe,8473986,A. Killorn,8484153,L. Carlsson,3,1
2025-01-05,2024020636,3,REG,18:28,ANA,ev,empty-net,wrist,0651,8478366,F. Vatrano,8476458,R. Strome,,,4,1
2025-01-06,2024020637,1,REG,04:42,BUF,ev,none,tip-in,1551,8477949,A. Tuch,8482175,J. Peterka,,,1,0
2025-01-06,2024020637,1,REG,06:10,WSH,pp,none,slap,1541,8476880,T. Wilson,8479345,J. Chychrun,8478440,D. Strome,1,1
2025-01-06,2024020637,2,REG,01:07,BUF,ev,none,wrist,1441,8477949,A. Tuch,,,,,2,1
2025-01-06,2024020637,2,REG,11:29,WSH,ev,none,wrist,1551,8476880,T. Wilson,8481656,A. Protas,8474590,J. Carlson,2,2
2025-01-06,2024020637,2,REG,12:49,BUF,pp,none,slap,1451,8479420,T. Thompson,8480839,R. Dahlin,8482175,J. Peterka,3,2
2025-01-06,2024020637,3,REG,15:47,WSH,ev,none,tip-in,1551,8481656,A. Protas,8474590,J. Carlson,8479400,P. Dubois,3,3
2025-01-06,2024020637,5,SO,00:00,BUF,ev,none,wrist,1010,8482175,J. Peterka,,,,,4,3
2025-01-06,2024020638,1,REG,01:07,MTL,ev,none,snap,1551,8481540,C. Caufield,8483515,J. Slafkovský,8480018,N. Suzuki,1,0
2025-01-06,2024020638,1,REG,10:47,VAN,ev,none,snap,1551,8476468,J. Miller,8481535,N. Hoglander,8480800,Q. Hughes,1,1
2025-01-06,2024020638,2,REG,03:21,VAN,ev,none,backhand,1551,8476468,J. Miller,8483476,J. Lekkerimäki,8474574,T. Myers,1,2
2025-01-06,2024020638,2,REG,03:41,VAN,ev,none,wrist,1551,8483476,J. Lekkerimäki,8478444,B. Boeser,8476468,J. Miller,1,3
2025-01-06,2024020638,2,REG,10:35,MTL,ev,none,wrist,1551,8482087,K. Guhle,8478851,A. Carrier,8476469,J. Armia,2,3
2025-01-06,2024020638,3,REG,02:01,MTL,pp,none,snap,1451,8481523,K. Dach,8483457,L. Hutson,8480018,N. Suzuki,3,3
2025-01-06,2024020638,3,REG,06:54,MTL,ev,none,wrist,1551,8483457,L. Hutson,,,,,4,3
2025-01-06,2024020638,3,REG,08:51,VAN,pp,none,snap,1541,8478498,J. DeBrusk,8476468,J. Miller,8480800,Q. Hughes,4,4
2025-01-06,2024020638,4,OT,00:48,MTL,pp,none,wrist,1341,8480018,N. Suzuki,8483457,L. Hutson,8481540,C. Caufield,5,4
2025-01-06,2024020639,1,REG,15:57,FLA,ev,none,snap,1551,8477409,C. Verhaeghe,8482113,A. Lundell,8480003,J. Boqvist,0,1
2025-01-06,2024020639,2,REG,18:18,COL,ev,none,wrist,1551,8478038,D. Toews,8479999,C. Mittelstadt,,,1,1
2025-01-06,2024020639,3,REG,08:54,COL,ev,none,wrist,1551,8478038,D. Toews,8479525,R. Colton,8481704,J. Parssinen,2,1
2025-01-06,2024020639,3,REG,18:03,COL,ev,empty-net,wrist,0651,8478420,M. Rantanen,8478038,D. Toews,8477492,N. MacKinnon,3,1
2025-01-06,2024020640,1,REG,07:56,NJD,ev,none,wrist,1551,8482110,D. Mercer,8480002,N. Hischier,8478414,T. Meier,0,1
2025-01-06,2024020640,1,REG,15:47,SEA,ev,none,wrist,1551,8476457,A. Larsson,8476905,C. Stephenson,,,1,1
2025-01-06,2024020640,2,REG,19:35,NJD,ev,none,wrist,1551,8481032,P. Cotter,8482110,D. Mercer,8480192,J. Kovacevic,1,2
2025-01-06,2024020640,3,REG,01:24,SEA,pp,none,snap,1451,8483524,S. Wright,8481554,K. Kakko,8477955,J. McCann,2,2
2025-01-06,2024020640,3,REG,02:01,NJD,ev,none,wrist,1551,8476292,O. Palat,8481559,J. Hughes,8476462,D. Hamilton,2,3
2025-01-07,2024020029,1,REG,16:38,TBL,ev,none,wrist,1551,8479542,B. Hagel,8478178,D. Raddysh,,,1,0
2025-01-07,2024020029,2,REG,06:31,CAR,ev,none,backhand,1551,8480830,A. Svechnikov,8473533,J. Staal,,,1,1
2025-01-07,2024020029,2,REG,09:17,TBL,pp,none,snap,1451,8477426,N. Paul,8478178,D. Raddysh,8483447,C. Geekie,2,1
2025-01-07,2024020029,3,REG,09:56,CAR,ev,none,wrist,1551,8473533,J. Staal,8470613,B. Burns,,,2,2
2025-01-07,2024020029,3,REG,19:08,TBL,ev,none,wrist,1551,8478010,B. Point,8476453,N. Kucherov,8477404,J. Guentzel,3,2
2025-01-07,2024020641,1,REG,06:33,EDM,ev,none,wrist,1551,8474641,A. Henrique,8470621,C. Perry,8476967,B. Kulak,0,1
2025-01-07,2024020641,2,REG,11:11,EDM,pp,none,snap,1541,8478402,C. McDavid,8476454,R. Nugent-Hopkins,,,0,2
2025-01-07,2024020641,2,REG,16:35,EDM,ev,none,snap,1551,8474641,A. Henrique,8475784,J. Skinner,8475786,Z. Hyman,0,3
2025-01-07,2024020641,3,REG,16:25,EDM,ev,empty-net,wrist,1560,8478042,V. Arvidsson,8476967,B. Kulak,,,0,4
2025-01-07,2024020642,1,REG,08:30,DET,pp,none,snap,1451,8477946,D. Larkin,8479337,A. DeBrincat,8482078,L. Raymond,1,0
2025-01-07,2024020642,2,REG,12:25,OTT,ev,none,slap,1551,8478469,T. Chabot,8475324,N. Jensen,8476393,N. Cousins,1,1
2025-01-07,2024020642,2,REG,19:05,OTT,pp,none,snap,1541,8480801,B. Tkachuk,8482105,J. Sanderson,8482116,T. Stützle,1,2
2025-01-07,2024020642,3,REG,05:00,DET,ev,none,snap,1551,8480813,J. Veleno,8482762,S. Edvinsson,8477353,T. Motte,2,2
2025-01-07,2024020642,4,OT,02:21,DET,pp,none,snap,1341,8474141,P. Kane,8477946,D. Larkin,,,3,2
2025-01-07,2024020643,1,REG,06:56,NYR,ev,none,snap,1551,8482109,A. Lafrenière,8478550,A. Panarin,8479324,R. Lindgren,1,0
2025-01-07,2024020643,1,REG,09:55,NYR,ev,none,tip-in,1551,8476389,V. Trocheck,8478840,W. Borgen,8478550,A. Panarin,2,0
2025-01-07,2024020643,1,REG,11:24,NYR,ev,none,backhand,1551,8482109,A. Lafrenière,8478550,A. Panarin,8476389,V. Trocheck,3,0
2025-01-07,2024020643,1,REG,12:57,DAL,ev,none,deflected,1551,8475168,M. Duchene,8476902,E. Lindell,,,3,1
2025-01-07,2024020643,1,REG,15:56,DAL,pp,none,backhand,1541,8474149,E. Dadonov,8482145,M. Bourque,8481581,T. Harley,3,2
2025-01-07,2024020643,2,REG,13:14,DAL,ev,none,backhand,1551,8480027,J. Robertson,8474149,E. Dadonov,8478449,R. Hintz,3,3
2025-01-07,2024020643,3,REG,12:56,NYR,pp,none,tip-in,1451,8476389,V. Trocheck,8476459,M. Zibanejad,8479323,A. Fox,4,3
2025-01-07,2024020643,3,REG,17:21,DAL,ev,none,wrist,1551,8481581,T. Harley,8479351,S. Steel,,,4,4
2025-01-07,2024020643,4,OT,02:17,DAL,pp,none,tip-in,1431,8473994,J. Benn,8480027,J. Robertson,8481581,T. Harley,4,5
2025-01-07,2024020645,1,REG,03:20,CBJ,pp,none,tip-in,1541,8481716,D. Voronkov,8480893,K. Marchenko,8477497,S. Monahan,0,1
2025-01-07,2024020645,2,REG,00:51,PIT,pp,none,tip-in,1451,8478047,M. Bunting,8471675,S. Crosby,8474578,E. Karlsson,1,1
2025-01-07,2024020645,3,REG,00:24,PIT,ev,none,wrist,1551,8476483,R. Rakell,8474578,E. Karlsson,8476891,M. Grzelcyk,2,1
2025-01-07,2024020645,3,REG,10:09,PIT,ev,none,wrist,1551,8476483,R. Rakell,8471675,S. Crosby,,,3,1
2025-01-07,2024020645,3,REG,12:05,CBJ,ev,none,wrist,1551,8481716,D. Voronkov,8480893,K. Marchenko,8484166,A. Fantilli,3,2
2025-01-07,2024020645,3,REG,17:24,CBJ,pp,none,tip-in,1541,8484166,A. Fantilli,8482660,K. Johnson,8478460,Z. Werenski,3,3
2025-01-07,2024020645,5,SO,00:00,CBJ,ev,none,wrist,0101,8482660,K. Johnson,,,,,3,4
2025-01-07,2024020644,1,REG,08:19,PHI,ev,none,wrist,1551,8478439,T. Konecny,8476461,S. Couturier,8481546,C. York,1,0
2025-01-07,2024020644,2,REG,01:19,TOR,pp,none,wrist,1541,8475166,J. Tavares,8479318,A. Matthews,8478483,M. Marner,1,1
2025-01-07,2024020644,2,REG,07:14,PHI,ev,none,backhand,1441,8478439,T. Konecny,8480220,N. Cates,,,2,1
2025-01-07,2024020644,2,REG,07:55,TOR,ev,none,snap,1551,8479318,A. Matthews,8478483,M. Marner,8475166,J. Tavares,2,2
2025-01-07,2024020644,3,REG,13:21,TOR,ev,none,tip-in,1551,8482720,M. Knies,8476853,M. Rielly,8479026,P. Myers,2,3
2025-01-07,2024020646,1,REG,01:23,MIN,ev,none,slap,1551,8474567,Z. Bogosian,8478136,J. Middleton,8477451,R. Hartman,1,0
2025-01-07,2024020646,1,REG,02:12,MIN,ev,none,slap,1551,8475750,J. Merrill,8476463,J. Brodin,,,2,0
2025-01-07,2024020646,1,REG,13:26,STL,ev,none,snap,1551,8477402,P. Buchnevich,8482077,D. Holloway,8475753,J. Faulk,2,1
2025-01-07,2024020646,2,REG,01:24,STL,pp,none,wrist,1541,8479385,J. Kyrou,8475753,J. Faulk,8482077,D. Holloway,2,2
2025-01-07,2024020646,2,REG,02:51,STL,ev,none,wrist,1551,8482089,J. Neighbours,8476897,O. Sundqvist,8482737,Z. Bolduc,2,3
2025-01-07,2024020646,2,REG,04:33,STL,ev,none,wrist,1551,8480023,R. Thomas,8470600,R. Suter,8476438,B. Saad,2,4
2025-01-07,2024020646,2,REG,09:41,MIN,ev,none,wrist,1551,8478493,J. Eriksson Ek,8477451,R. Hartman,8475149,M. Johansson,3,4
2025-01-07,2024020646,3,REG,01:16,MIN,ev,none,wrist,1551,8478136,J. Middleton,8475692,M. Zuccarello,,,4,4
2025-01-07,2024020646,3,REG,03:57,MIN,ev,none,snap,1551,8481557,M. Boldy,8475692,M. Zuccarello,,,5,4
2025-01-07,2024020646,3,REG,19:24,MIN,ev,empty-net,wrist,0651,8475149,M. Johansson,,,,,6,4
2025-01-07,2024020647,1,REG,06:30,WPG,ev,own-goal,,1551,8480289,M. Barron,,,,,1,0
2025-01-07,2024020647,1,REG,06:46,WPG,ev,none,slap,1551,8477504,J. Morrissey,8476331,D. DeMelo,8476392,A. Lowry,2,0
2025-01-07,2024020647,1,REG,18:36,WPG,ev,none,wrist,1551,8478398,K. Connor,8476460,M. Scheifele,8481572,V. Heinola,3,0
2025-01-07,2024020647,2,REG,16:45,NSH,pp,none,wrist,1541,8476887,F. Forsberg,8474600,R. Josi,8476539,J. Marchessault,3,1
2025-01-07,2024020647,3,REG,07:51,WPG,pp,none,tip-in,1451,8480014,G. Vilardi,8477940,N. Ehlers,8476460,M. Scheifele,4,1
2025-01-07,2024020647,3,REG,09:25,NSH,ev,none,slap,1551,8474600,R. Josi,8476994,V. Hinostroza,8474679,G. Nyquist,4,2
2025-01-07,2024020647,3,REG,17:55,WPG,ev,empty-net,wrist,0651,8475799,N. Niederreiter,8476392,A. Lowry,,,5,2
2025-01-07,2024020648,1,REG,19:04,CGY,ev,none,deflected,1551,8477346,M. Weegar,8476399,B. Coleman,8477810,J. Hanley,0,1
2025-01-07,2024020648,2,REG,08:34,ANA,ev,none,wrist,1441,8473986,A. Killorn,8480806,I. Lundestrom,8481605,J. LaCombe,1,1
2025-01-07,2024020648,2,REG,12:44,CGY,ev,none,tip-in,1551,8475172,N. Kadri,8477346,M. Weegar,8477810,J. Hanley,1,2
2025-01-07,2024020648,3,REG,07:36,ANA,pp,none,tip-in,1451,8482745,M. McTavish,8483445,C. Gauthier,8483490,P. Mintyukov,2,2
2025-01-07,2024020648,4,OT,02:05,CGY,pp,none,tip-in,1431,8476456,J. Huberdeau,8482679,M. Coronato,,,2,3
2025-01-07,2024020649,1,REG,08:39,VGK,ev,none,wrist,1551,8475913,M. Stone,8477447,S. Theodore,8476448,W. Karlsson,0,1
2025-01-07,2024020649,1,REG,10:08,VGK,ev,none,wrist,1551,8480727,Z. Whitecloud,8479353,B. Howden,8478434,K. Kolesar,0,2
2025-01-07,2024020649,2,REG,09:49,SJS,pp,none,wrist,1451,8482667,W. Eklund,8484911,C. Graf,8477505,A. Wennberg,1,2
2025-01-07,2024020649,3,REG,01:10,VGK,pp,none,slap,1541,8478109,V. Olofsson,8478403,J. Eichel,8477447,S. Theodore,1,3
2025-01-07,2024020649,3,REG,10:41,SJS,pp,none,wrist,1451,8480043,T. Liljegren,8482667,W. Eklund,8480188,F. Zetterlund,2,3
2025-01-07,2024020649,3,REG,18:40,VGK,ev,empty-net,wrist,1560,8476881,T. Hertl,8475913,M. Stone,,,2,4
2025-01-08,2024020650,1,REG,19:27,WSH,ev,none,backhand,1551,8479400,P. Dubois,8478911,M. Roy,8481580,C. McMichael,1,0
2025-01-08,2024020650,2,REG,19:23,VAN,pp,none,snap,1541,8478856,C. Garland,8480748,K. Sherwood,8480800,Q. Hughes,1,1
2025-01-08,2024020650,4,OT,04:19,WSH,ev,none,snap,1331,8479400,P. Dubois,8481656,A. Protas,,,2,1
2025-01-08,2024020651,1,REG,06:14,COL,ev,none,backhand,1551,8481704,J. Parssinen,,,,,0,1
2025-01-08,2024020651,1,REG,16:48,CHI,ev,none,wrist,1551,8481624,I. Mikheyev,8484144,C. Bedard,,,1,1
2025-01-08,2024020651,2,REG,10:17,CHI,ev,none,wrist,1551,8483493,F. Nazar,8482703,C. Dach,8476882,T. Teravainen,2,1
2025-01-08,2024020651,3,REG,11:54,CHI,ev,none,wrist,1551,8484144,C. Bedard,8477479,T. Bertuzzi,8477495,S. Jones,3,1
2025-01-08,2024020652,2,REG,01:05,FLA,pp,none,snap,1541,8477933,S. Reinhart,8479314,M. Tkachuk,8477493,A. Barkov,0,1
2025-01-08,2024020652,3,REG,01:48,FLA,ev,none,snap,1551,8480003,J. Boqvist,8477409,C. Verhaeghe,8482113,A. Lundell,0,2
2025-01-08,2024020652,3,REG,13:41,UTA,pp,none,snap,1451,8483431,L. Cooley,8479343,C. Keller,8479410,M. Sergachev,1,2
2025-01-08,2024020652,3,REG,17:59,FLA,ev,empty-net,backhand,1560,8480003,J. Boqvist,8478055,G. Forsling,,,1,3
2025-01-08,2024020652,3,REG,19:38,FLA,ev,empty-net,wrist,1560,8480185,E. Luostarinen,8479314,M. Tkachuk,,,1,4
2025-01-09,2024020654,1,REG,10:17,BUF,ev,none,wrist,1551,8482097,J. Quinn,8480802,R. McLeod,8484145,Z. Benson,0,1
2025-01-09,2024020654,1,REG,13:17,BUF,ev,none,wrist,1551,8482097,J. Quinn,8481522,P. Krebs,8480802,R. McLeod,0,2
2025-01-09,2024020654,2,REG,04:11,BUF,ev,none,wrist,1551,8481528,D. Cozens,,,,,0,3
2025-01-09,2024020654,2,REG,10:22,BUF,ev,none,wrist,1551,8480802,R. McLeod,8480839,R. Dahlin,8477949,A. Tuch,0,4
2025-01-09,2024020655,2,REG,14:07,TBL,sh,none,snap,1541,8478519,A. Cirelli,8479542,B. Hagel,8474151,R. McDonagh,1,0
2025-01-09,2024020655,2,REG,19:10,TBL,ev,none,wrist,1551,8479591,M. Eyssimont,8477426,N. Paul,8474151,R. McDonagh,2,0
2025-01-09,2024020655,3,REG,02:05,BOS,ev,none,snap,1551,8482511,M. Lohrei,8479369,A. Peeke,8473419,B. Marchand,2,1
2025-01-09,2024020655,3,REG,18:28,TBL,ev,empty-net,wrist,0651,8479542,B. Hagel,8476453,N. Kucherov,8478416,E. Cernak,3,1
2025-01-09,2024020655,3,REG,19:24,TBL,pp,none,wrist,1451,8478010,B. Point,8476453,N. Kucherov,8475167,V. Hedman,4,1
2025-01-09,2024020656,1,REG,12:05,NYR,pp,none,deflected,1451,8479323,A. Fox,8476389,V. Trocheck,,,1,0
2025-01-09,2024020656,2,REG,04:03,NJD,ev,none,tip-in,1551,8481559,J. Hughes,8477488,B. Pesce,8476292,O. Palat,1,1
2025-01-09,2024020656,2,REG,08:28,NJD,ev,none,snap,1551,8479407,J. Bratt,8481559,J. Hughes,8476462,D. Hamilton,1,2
2025-01-09,2024020656,2,REG,17:13,NYR,pp,none,snap,1451,8478550,A. Panarin,8476459,M. Zibanejad,8479323,A. Fox,2,2
2025-01-09,2024020656,4,OT,02:48,NYR,ev,none,snap,1331,8475842,S. Carrick,8475191,R. Smith,,,3,2
2025-01-09,2024020657,1,REG,01:45,DAL,ev,none,wrist,1551,8482145,M. Bourque,8476856,M. Dumba,8482702,L. Stankoven,0,1
2025-01-09,2024020657,1,REG,09:38,DAL,ev,none,wrist,1551,8478449,R. Hintz,8474149,E. Dadonov,8480027,J. Robertson,0,2
2025-01-09,2024020657,2,REG,08:41,DAL,ev,none,wrist,1551,8482740,W. Johnston,8473994,J. Benn,8480878,N. Lundkvist,0,3
2025-01-09,2024020657,3,REG,06:47,PHI,ev,none,wrist,1551,8480028,M. Frost,8478439,T. Konecny,8481178,E. Zamula,1,3
2025-01-09,2024020657,3,REG,16:47,DAL,ev,empty-net,wrist,1560,8480036,M. Heiskanen,8476902,E. Lindell,8480027,J. Robertson,1,4
2025-01-09,2024020658,1,REG,03:19,PIT,ev,none,wrist,1551,8476483,R. Rakell,8475810,B. Rust,8477969,M. Pettersson,1,0
2025-01-09,2024020658,1,REG,07:22,PIT,ev,none,snap,1551,8475810,B. Rust,8477969,M. Pettersson,8471675,S. Crosby,2,0
2025-01-09,2024020658,1,REG,09:46,PIT,ev,none,snap,1551,8475763,K. Hayes,8482055,D. O'Connor,8479344,J. Puljujarvi,3,0
2025-01-09,2024020658,1,REG,12:33,EDM,ev,none,backhand,1551,8477934,L. Draisaitl,8475786,Z. Hyman,8478402,C. McDavid,3,1
2025-01-09,2024020658,1,REG,13:41,PIT,ev,none,wrist,1551,8482055,D. O'Connor,8475810,B. Rust,8471675,S. Crosby,4,1
2025-01-09,2024020658,2,REG,05:42,PIT,pp,none,snap,1451,8471675,S. Crosby,8478047,M. Bunting,8474578,E. Karlsson,5,1
2025-01-09,2024020658,2,REG,10:58,EDM,ev,none,slap,1551,8477934,L. Draisaitl,8478402,C. McDavid,8475218,M. Ekholm,5,2
2025-01-09,2024020658,2,REG,19:15,EDM,pp,none,wrist,1541,8476454,R. Nugent-Hopkins,8478402,C. McDavid,8480803,E. Bouchard,5,3
2025-01-09,2024020660,1,REG,11:58,CBJ,ev,none,tip-in,1551,8476374,S. Kuraly,8478500,I. Provorov,8479671,M. Olivier,1,0
2025-01-09,2024020660,1,REG,12:08,SEA,ev,none,slap,1551,8480009,E. Tolvanen,8483524,S. Wright,8477955,J. McCann,1,1
2025-01-09,2024020660,2,REG,03:29,CBJ,ev,none,backhand,1551,8483432,L. Del Bel Belluz,8474037,J. van Riemsdyk,8476923,D. Severson,2,1
2025-01-09,2024020660,2,REG,10:53,CBJ,ev,none,snap,1551,8478460,Z. Werenski,8484166,A. Fantilli,8481716,D. Voronkov,3,1
2025-01-09,2024020660,2,REG,12:27,CBJ,ev,none,wrist,1551,8483485,D. Mateychuk,8474037,J. van Riemsdyk,8483432,L. Del Bel Belluz,4,1
2025-01-09,2024020660,2,REG,15:45,CBJ,ev,none,wrist,1551,8482660,K. Johnson,8478460,Z. Werenski,8479371,D. Fabbro,5,1
2025-01-09,2024020660,3,REG,08:44,SEA,ev,none,snap,1551,8480009,E. Tolvanen,8476905,C. Stephenson,8477986,B. Montour,5,2
2025-01-09,2024020660,3,REG,19:31,CBJ,ev,empty-net,wrist,0651,8480893,K. Marchenko,8483485,D. Mateychuk,,,6,2
2025-01-09,2024020659,1,REG,01:59,TOR,ev,none,snap,1551,8481582,N. Robertson,8477503,M. Domi,8478904,S. Lorentz,0,1
2025-01-09,2024020659,1,REG,07:29,TOR,ev,none,snap,1551,8477939,W. Nylander,,,,,0,2
2025-01-09,2024020659,1,REG,13:58,CAR,ev,none,wrist,1551,8480762,E. Robinson,8480883,T. Smith,8480039,M. Necas,1,2
2025-01-09,2024020659,1,REG,14:15,CAR,ev,none,wrist,1551,8473533,J. Staal,8480830,A. Svechnikov,8476921,J. Martinook,2,2
2025-01-09,2024020659,2,REG,00:35,CAR,sh,none,snap,1541,8473533,J. Staal,8476921,J. Martinook,8476958,J. Slavin,3,2
2025-01-09,2024020659,2,REG,01:11,TOR,pp,none,backhand,1541,8479318,A. Matthews,8482720,M. Knies,8478483,M. Marner,3,3
2025-01-09,2024020659,2,REG,04:58,CAR,ev,none,snap,1551,8482809,J. Blake,8484929,J. Jaaska,8475200,D. Orlov,4,3
2025-01-09,2024020659,3,REG,00:20,CAR,ev,none,tip-in,1551,8473533,J. Staal,8470613,B. Burns,8476921,J. Martinook,5,3
2025-01-09,2024020659,3,REG,16:23,CAR,ev,empty-net,snap,0651,8482093,S. Jarvis,,,,,6,3
2025-01-09,2024020661,1,REG,02:45,STL,ev,none,snap,1551,8480023,R. Thomas,,,,,1,0
2025-01-09,2024020661,1,REG,04:31,STL,ev,none,wrist,1551,8481006,T. Tucker,8476897,O. Sundqvist,8482737,Z. Bolduc,2,0
2025-01-09,2024020661,1,REG,06:40,STL,ev,none,backhand,1551,8479385,J. Kyrou,8475764,C. Fowler,8475170,B. Schenn,3,0
2025-01-09,2024020661,1,REG,13:55,STL,ev,none,wrist,1551,8482077,D. Holloway,8479385,J. Kyrou,8475170,B. Schenn,4,0
2025-01-09,2024020661,1,REG,16:00,ANA,ev,none,deflected,1551,8481754,N. Nesterenko,8481605,J. LaCombe,,,4,1
2025-01-09,2024020661,2,REG,04:45,STL,ev,none,backhand,1551,8480023,R. Thomas,8477402,P. Buchnevich,8476438,B. Saad,5,1
2025-01-09,2024020661,2,REG,08:02,STL,ev,none,wrist,1551,8477402,P. Buchnevich,8476438,B. Saad,8470600,R. Suter,6,1
2025-01-09,2024020661,2,REG,14:38,ANA,ev,none,wrist,1551,8482118,S. Colangelo,8476458,R. Strome,8475462,R. Gudas,6,2
2025-01-09,2024020662,1,REG,03:46,COL,ev,none,wrist,1551,8481186,L. O'Connor,8476312,J. Manson,,,0,1
2025-01-09,2024020662,1,REG,16:52,COL,ev,none,wrist,1551,8479525,R. Colton,,,,,0,2
2025-01-09,2024020662,1,REG,18:27,MIN,ev,none,wrist,1551,8474567,Z. Bogosian,8477919,F. Gaudreau,8478508,Y. Trenin,1,2
2025-01-09,2024020662,2,REG,13:00,COL,ev,none,wrist,1551,8478420,M. Rantanen,8477492,N. MacKinnon,8477494,J. Drouin,1,3
2025-01-09,2024020662,3,REG,04:23,COL,ev,none,wrist,1551,8480448,P. Kelly,8481641,J. Kiviranta,8481186,L. O'Connor,1,4
2025-01-09,2024020662,3,REG,07:42,COL,sh,none,snap,1451,8477476,A. Lehkonen,8476312,J. Manson,,,1,5
2025-01-09,2024020662,3,REG,08:48,COL,ev,none,snap,1551,8477492,N. MacKinnon,8477494,J. Drouin,8478420,M. Rantanen,1,6
2025-01-09,2024020663,1,REG,17:04,NYI,ev,none,wrist,1551,8475314,A. Lee,8475754,B. Nelson,,,0,1
2025-01-09,2024020663,2,REG,05:30,NYI,ev,none,snap,1551,8475754,B. Nelson,8478445,M. Barzal,8481014,A. Romanov,0,2
2025-01-09,2024020663,2,REG,10:41,NYI,ev,none,wrist,1551,8477500,B. Horvat,8475151,K. Palmieri,8481014,A. Romanov,0,3
2025-01-09,2024020663,3,REG,17:26,NYI,ev,empty-net,wrist,1560,8475231,C. Cizikas,8476419,J. Pageau,8480865,N. Dobson,0,4
2025-01-10,2024020664,1,REG,04:26,DET,ev,none,snap,1551,8479337,A. DeBrincat,8474141,P. Kane,8475718,J. Holl,1,0
2025-01-10,2024020664,1,REG,10:56,CHI,ev,none,snap,1551,8477987,R. Donato,8484144,C. Bedard,8481624,I. Mikheyev,1,1
2025-01-10,2024020664,2,REG,00:41,DET,pp,none,snap,1451,8482078,L. Raymond,8479337,A. DeBrincat,8474141,P. Kane,2,1
2025-01-10,2024020664,3,REG,05:00,DET,ev,none,wrist,1551,8477429,A. Copp,8476979,E. Gustafsson,8474141,P. Kane,3,1
2025-01-10,2024020664,3,REG,07:07,DET,ev,none,snap,1551,8481607,A. Johansson,8482078,L. Raymond,8483464,M. Kasper,4,1
2025-01-10,2024020664,3,REG,10:16,CHI,ev,none,backhand,1551,8476882,T. Teravainen,8482700,N. Allan,8482703,C. Dach,4,2
2025-01-10,2024020664,3,REG,17:06,CHI,ev,none,snap,0651,8476882,T. Teravainen,,,,,4,3
2025-01-10,2024020664,3,REG,18:21,DET,ev,empty-net,snap,0651,8483464,M. Kasper,8482762,S. Edvinsson,,,5,3
2025-01-10,2024020665,1,REG,02:56,WSH,pp,none,snap,1451,8479345,J. Chychrun,,,,,1,0
2025-01-10,2024020665,2,REG,04:56,MTL,ev,none,snap,1551,8481540,C. Caufield,8483515,J. Slafkovský,8482087,K. Guhle,1,1
2025-01-10,2024020665,2,REG,13:22,MTL,sh,none,backhand,1451,8476981,J. Anderson,,,,,1,2
2025-01-10,2024020665,3,REG,01:54,WSH,ev,none,snap,1551,8474189,L. Eller,8483573,E. Frank,8479390,T. Raddysh,2,2
2025-01-10,2024020665,4,OT,01:15,MTL,ev,none,wrist,1331,8480018,N. Suzuki,8481540,C. Caufield,8483457,L. Hutson,2,3
2025-01-10,2024020666,1,REG,14:41,CAR,ev,none,snap,1551,8473533,J. Staal,8475200,D. Orlov,,,1,0
2025-01-10,2024020666,2,REG,01:37,CAR,ev,none,wrist,1551,8480830,A. Svechnikov,8473533,J. Staal,,,2,0
2025-01-10,2024020667,2,REG,04:39,LAK,ev,none,tip-in,1551,8481532,A. Turcotte,8477960,A. Kempe,8479421,J. Moverare,0,1
2025-01-10,2024020667,3,REG,10:22,WPG,pp,none,wrist,1451,8476460,M. Scheifele,8480014,G. Vilardi,8478398,K. Connor,1,1
2025-01-10,2024020667,4,OT,01:14,LAK,ev,none,wrist,1331,8477960,A. Kempe,8482730,B. Clarke,8471685,A. Kopitar,1,2
2025-01-10,2024020668,1,REG,00:58,SJS,ev,none,wrist,1551,8480188,F. Zetterlund,8475798,M. Granlund,8476879,C. Ceci,0,1
2025-01-10,2024020668,2,REG,05:57,UTA,ev,none,snap,1551,8477951,N. Schmaltz,8479343,C. Keller,8480084,N. DeSimone,1,1
2025-01-10,2024020668,3,REG,18:28,UTA,ev,none,snap,1551,8480849,B. Hayton,8475760,N. Bjugstad,8476874,O. Maatta,2,1
2025-01-11,2024020669,1,REG,06:02,BOS,pp,none,backhand,1541,8479987,M. Geekie,8482511,M. Lohrei,8477956,D. Pastrnak,0,1
2025-01-11,2024020669,1,REG,15:29,FLA,pp,none,bat,1451,8478542,E. Rodrigues,8484304,U. Balinskis,8482113,A. Lundell,1,1
2025-01-11,2024020669,2,REG,16:11,BOS,ev,none,tip-in,1551,8477956,D. Pastrnak,8479987,M. Geekie,8479365,T. Frederic,1,2
2025-01-11,2024020669,3,REG,00:43,FLA,ev,none,tip-in,1551,8477933,S. Reinhart,8477493,A. Barkov,8478055,G. Forsling,2,2
2025-01-11,2024020669,3,REG,02:06,BOS,ev,none,wrist,1551,8480789,O. Wahlstrom,8479325,C. McAvoy,8479638,J. Brazeau,2,3
2025-01-11,2024020669,3,REG,19:57,FLA,ev,none,wrist,1560,8477933,S. Reinhart,8477935,S. Bennett,8479314,M. Tkachuk,3,3
2025-01-11,2024020669,4,OT,04:58,BOS,pp,none,wrist,1431,8477956,D. Pastrnak,8482511,M. Lohrei,8477496,E. Lindholm,3,4
2025-01-11,2024020670,1,REG,02:37,BUF,ev,none,wrist,1551,8478043,S. Lafferty,8481522,P. Krebs,8482175,J. Peterka,1,0
2025-01-11,2024020670,1,REG,17:17,BUF,pp,none,slap,1451,8482097,J. Quinn,8480839,R. Dahlin,8482175,J. Peterka,2,0
2025-01-11,2024020670,2,REG,12:48,SEA,ev,none,wrist,1551,8482858,R. Evans,8476905,C. Stephenson,,,2,1
2025-01-11,2024020670,2,REG,19:12,SEA,ev,none,backhand,1551,8477444,A. Burakovsky,8479372,J. Mahura,8476905,C. Stephenson,2,2
2025-01-11,2024020670,3,REG,03:08,SEA,ev,none,wrist,1551,8477416,O. Bjorkstrand,,,,,2,3
2025-01-11,2024020670,3,REG,03:46,SEA,ev,none,wrist,1551,8481554,K. Kakko,8479372,J. Mahura,8475768,J. Schwartz,2,4
2025-01-11,2024020670,3,REG,05:26,SEA,pp,none,snap,1541,8481554,K. Kakko,8477955,J. McCann,8483524,S. Wright,2,5
2025-01-11,2024020670,3,REG,16:25,SEA,ev,empty-net,wrist,1560,8479293,B. Tanev,8477955,J. McCann,8476467,J. Oleksiak,2,6
2025-01-11,2024020671,1,REG,03:16,OTT,ev,none,slap,1551,8482095,T. Kleven,8473512,C. Giroux,8478874,A. Gaudette,0,1
2025-01-11,2024020671,1,REG,05:14,OTT,pp,none,slap,1541,8481596,S. Pinto,8473512,C. Giroux,8478469,T. Chabot,0,2
2025-01-11,2024020671,1,REG,19:04,OTT,sh,none,wrist,1451,8481596,S. Pinto,8482092,R. Greig,,,0,3
2025-01-11,2024020671,2,REG,00:41,OTT,pp,none,wrist,1541,8480208,D. Batherson,8480064,J. Norris,8482105,J. Sanderson,0,4
2025-01-11,2024020671,2,REG,07:06,OTT,ev,none,wrist,1551,8482116,T. Stützle,8473512,C. Giroux,8475324,N. Jensen,0,5
2025-01-11,2024020672,1,REG,00:31,VAN,ev,none,tip-in,1551,8478444,B. Boeser,8474574,T. Myers,8480012,E. Pettersson,0,1
2025-01-11,2024020672,2,REG,18:12,VAN,ev,own-goal,,0651,8480800,Q. Hughes,,,,,0,2
2025-01-11,2024020672,3,REG,00:47,VAN,ev,none,snap,1551,8480748,K. Sherwood,8480800,Q. Hughes,8474574,T. Myers,0,3
2025-01-11,2024020673,2,REG,15:14,MTL,pp,none,slap,1351,8479339,P. Laine,8480018,N. Suzuki,8483457,L. Hutson,1,0
2025-01-11,2024020673,2,REG,17:34,DAL,ev,none,snap,1551,8473994,J. Benn,8482145,M. Bourque,,,1,1
2025-01-11,2024020673,5,SO,00:00,DAL,ev,none,snap,0101,8480027,J. Robertson,,,,,1,2
2025-01-11,2024020674,1,REG,08:10,NJD,ev,none,tip-in,1551,8476292,O. Palat,8476462,D. Hamilton,8479407,J. Bratt,1,0
2025-01-11,2024020674,1,REG,09:57,TBL,ev,none,wrist,1551,8475167,V. Hedman,8477426,N. Paul,,,1,1
2025-01-11,2024020674,2,REG,15:16,NJD,ev,none,wrist,1551,8481559,J. Hughes,,,,,2,1
2025-01-11,2024020674,3,REG,08:05,TBL,ev,none,wrist,1551,8476453,N. Kucherov,8479542,B. Hagel,8474151,R. McDonagh,2,2
2025-01-11,2024020674,4,OT,03:19,NJD,pp,none,snap,1341,8476474,S. Noesen,8481559,J. Hughes,8479407,J. Bratt,3,2
2025-01-11,2024020675,1,REG,06:48,PHI,ev,none,snap,1551,8480028,M. Frost,8478439,T. Konecny,8480015,O. Tippett,1,0
2025-01-11,2024020675,1,REG,18:11,PHI,pp,none,wrist,1451,8482142,J. Drysdale,8478439,T. Konecny,8480028,M. Frost,2,0
2025-01-11,2024020675,2,REG,16:12,PHI,ev,none,snap,1551,8480015,O. Tippett,8478439,T. Konecny,,,3,0
2025-01-11,2024020675,3,REG,00:24,PHI,ev,none,snap,1551,8480068,R. Poehling,8477903,G. Hathaway,8477948,T. Sanheim,4,0
2025-01-11,2024020675,3,REG,07:36,PHI,pp,none,snap,1451,8484387,M. Michkov,8478439,T. Konecny,8482142,J. Drysdale,5,0
2025-01-11,2024020675,3,REG,08:55,PHI,ev,none,backhand,1551,8477903,G. Hathaway,8480068,R. Poehling,8476872,S. Laughton,6,0
2025-01-11,2024020676,1,REG,04:45,CHI,ev,none,wrist,1551,8476882,T. Teravainen,8477450,J. Dickinson,8473422,N. Foligno,1,0
2025-01-11,2024020676,1,REG,15:01,CHI,ev,none,snap,1551,8473422,N. Foligno,8476882,T. Teravainen,8474166,A. Martinez,2,0
2025-01-11,2024020676,2,REG,00:22,EDM,ev,none,snap,1551,8481617,V. Podkolzin,8478042,V. Arvidsson,8477934,L. Draisaitl,2,1
2025-01-11,2024020676,2,REG,10:03,CHI,ev,none,wrist,1551,8477987,R. Donato,8482700,N. Allan,8475791,T. Hall,3,1
2025-01-11,2024020676,2,REG,15:49,EDM,ev,none,tip-in,1551,8474641,A. Henrique,8480834,T. Emberson,8481617,V. Podkolzin,3,2
2025-01-11,2024020676,2,REG,17:30,EDM,ev,none,wrist,1551,8470621,C. Perry,8477953,K. Kapanen,,,3,3
2025-01-11,2024020676,3,REG,07:18,EDM,pp,none,wrist,1541,8475786,Z. Hyman,8477934,L. Draisaitl,8480803,E. Bouchard,3,4
2025-01-11,2024020677,1,REG,15:38,CBJ,ev,none,wrist,1551,8484166,A. Fantilli,8480893,K. Marchenko,8481716,D. Voronkov,0,1
2025-01-11,2024020677,2,REG,16:51,CBJ,pp,none,snap,1541,8482705,C. Sillinger,8474037,J. van Riemsdyk,8483432,L. Del Bel Belluz,0,2
2025-01-11,2024020677,3,REG,19:48,STL,pp,none,wrist,1460,8476892,C. Parayko,8482737,Z. Bolduc,8475753,J. Faulk,1,2
2025-01-11,2024020678,1,REG,01:08,WPG,ev,none,wrist,1551,8477940,N. Ehlers,8480049,D. Samberg,,,1,0
2025-01-11,2024020678,2,REG,15:53,WPG,ev,none,wrist,1551,8476460,M. Scheifele,8478398,K. Connor,8477504,J. Morrissey,2,0
2025-01-11,2024020678,3,REG,19:03,WPG,ev,empty-net,wrist,0651,8477940,N. Ehlers,8476392,A. Lowry,8480113,A. Iafallo,3,0
2025-01-11,2024020679,2,REG,09:03,WSH,pp,none,wrist,1541,8476880,T. Wilson,8478440,D. Strome,8471214,A. Ovechkin,0,1
2025-01-11,2024020679,2,REG,16:14,NSH,pp,none,wrist,1451,8476887,F. Forsberg,8476539,J. Marchessault,8474600,R. Josi,1,1
2025-01-11,2024020679,3,REG,08:30,WSH,ev,none,wrist,1551,8483573,E. Frank,8478911,M. Roy,8480796,M. Fehérváry,1,2
2025-01-11,2024020679,3,REG,14:54,WSH,ev,none,backhand,1551,8478233,A. Mangiapane,8479520,B. Duhaime,8474590,J. Carlson,1,3
2025-01-11,2024020679,3,REG,19:01,WSH,ev,empty-net,snap,1560,8471214,A. Ovechkin,,,,,1,4
2025-01-11,2024020680,2,REG,01:13,UTA,ev,none,tip-in,1551,8477951,N. Schmaltz,8480891,M. Kesselring,8483431,L. Cooley,1,0
2025-01-11,2024020680,3,REG,03:36,NYI,ev,none,snap,1551,8475754,B. Nelson,8475314,A. Lee,8478445,M. Barzal,1,1
2025-01-11,2024020680,3,REG,18:35,NYI,ev,none,snap,1551,8478445,M. Barzal,8475314,A. Lee,8475754,B. Nelson,1,2
2025-01-11,2024020681,1,REG,06:19,LAK,ev,none,wrist,1551,8479421,J. Moverare,,,,,0,1
2025-01-11,2024020681,2,REG,08:58,CGY,ev,none,wrist,1551,8482679,M. Coronato,8476399,B. Coleman,,,1,1
2025-01-11,2024020681,3,REG,04:36,CGY,pp,none,wrist,1451,8476456,J. Huberdeau,8482679,M. Coronato,8475172,N. Kadri,2,1
2025-01-11,2024020682,2,REG,06:16,VGK,pp,none,wrist,1451,8475913,M. Stone,8478403,J. Eichel,8476881,T. Hertl,1,0
2025-01-11,2024020682,2,REG,09:54,NYR,pp,none,wrist,1541,8476389,V. Trocheck,8476459,M. Zibanejad,8478550,A. Panarin,1,1
2025-01-11,2024020682,3,REG,05:57,NYR,ev,none,tip-in,1551,8481726,A. Edstrom,8477380,J. Brodzinski,8482460,M. Rempe,1,2
2025-01-11,2024020683,1,REG,05:51,MIN,ev,none,backhand,1551,8482079,M. Rossi,8475692,M. Zuccarello,8481557,M. Boldy,0,1
2025-01-11,2024020683,2,REG,04:34,MIN,ev,none,wrist,1551,8481557,M. Boldy,8475692,M. Zuccarello,,,0,2
2025-01-11,2024020683,2,REG,17:30,SJS,ev,none,backhand,1551,8482667,W. Eklund,8484801,M. Celebrini,8478013,J. Walman,1,2
2025-01-11,2024020683,3,REG,18:43,MIN,ev,none,wrist,1551,8475692,M. Zuccarello,8480990,D. Chisholm,,,1,3
2025-01-12,2024020684,1,REG,03:22,DET,ev,none,tip-in,1551,8483464,M. Kasper,8477946,D. Larkin,8482078,L. Raymond,1,0
2025-01-12,2024020684,1,REG,03:33,DET,ev,none,tip-in,1551,8477456,J. Compher,8475765,V. Tarasenko,8481607,A. Johansson,2,0
2025-01-12,2024020684,1,REG,06:16,DET,pp,none,slap,1451,8479337,A. DeBrincat,8482078,L. Raymond,8481542,M. Seider,3,0
2025-01-12,2024020684,1,REG,07:53,DET,ev,none,wrist,1551,8474141,P. Kane,8476979,E. Gustafsson,8477429,A. Copp,4,0
2025-01-12,2024020684,2,REG,04:17,DET,pp,none,snap,1451,8476979,E. Gustafsson,8475765,V. Tarasenko,8483464,M. Kasper,5,0
2025-01-12,2024020684,2,REG,15:21,DET,pp,none,snap,1451,8477946,D. Larkin,8474141,P. Kane,8481542,M. Seider,6,0
2025-01-12,2024020684,2,REG,18:00,SEA,pp,none,wrist,1541,8477416,O. Bjorkstrand,8475768,J. Schwartz,8478407,V. Dunn,6,1
2025-01-12,2024020684,3,REG,06:54,SEA,ev,none,wrist,1551,8482665,M. Beniers,8475768,J. Schwartz,8481554,K. Kakko,6,2
2025-01-12,2024020685,1,REG,04:31,DAL,ev,none,wrist,1551,8480027,J. Robertson,8478449,R. Hintz,8474149,E. Dadonov,0,1
2025-01-12,2024020685,2,REG,03:14,OTT,ev,none,tip-in,1551,8480064,J. Norris,8480208,D. Batherson,8475324,N. Jensen,1,1
2025-01-12,2024020685,2,REG,03:53,OTT,ev,none,wrist,1551,8482116,T. Stützle,8482105,J. Sanderson,8473512,C. Giroux,2,1
2025-01-12,2024020685,3,REG,00:21,OTT,ev,none,backhand,1551,8478146,M. Highmore,8476393,N. Cousins,8481596,S. Pinto,3,1
2025-01-12,2024020685,3,REG,19:07,DAL,pp,none,snap,0641,8474149,E. Dadonov,8476278,C. Blackwell,8482702,L. Stankoven,3,2
2025-01-12,2024020686,1,REG,14:20,PIT,ev,none,wrist,1551,8476483,R. Rakell,8475810,B. Rust,8477969,M. Pettersson,1,0
2025-01-12,2024020686,2,REG,06:54,TBL,ev,none,wrist,1441,8479542,B. Hagel,8478519,A. Cirelli,8482929,E. Lilleberg,1,1
2025-01-12,2024020686,2,REG,16:04,TBL,ev,none,slap,1551,8476453,N. Kucherov,8475167,V. Hedman,8477404,J. Guentzel,1,2
2025-01-12,2024020686,3,REG,02:17,PIT,pp,none,wrist,1451,8475763,K. Hayes,8476483,R. Rakell,8471675,S. Crosby,2,2
2025-01-12,2024020686,3,REG,16:57,TBL,ev,none,wrist,1551,8476453,N. Kucherov,,,,,2,3
2025-01-12,2024020686,3,REG,18:48,TBL,ev,empty-net,wrist,1560,8478519,A. Cirelli,8476453,N. Kucherov,8479542,B. Hagel,2,4
2025-01-12,2024020686,3,REG,19:39,TBL,ev,empty-net,wrist,1560,8477426,N. Paul,8477404,J. Guentzel,8474151,R. McDonagh,2,5
2025-01-12,2024020687,1,REG,09:35,ANA,ev,none,snap,1551,8478424,J. Harkins,8481754,N. Nesterenko,8475208,B. Dumoulin,0,1
2025-01-12,2024020687,3,REG,01:18,ANA,ev,none,snap,1551,8483445,C. Gauthier,8482745,M. McTavish,8481605,J. LaCombe,0,2
2025-01-12,2024020687,3,REG,07:48,CAR,pp,none,snap,1451,8480830,A. Svechnikov,8478427,S. Aho,8480039,M. Necas,1,2
2025-01-12,2024020687,3,REG,19:04,CAR,ev,none,snap,1560,8482093,S. Jarvis,8480039,M. Necas,8470613,B. Burns,2,2
2025-01-12,2024020687,4,OT,01:52,ANA,ev,none,snap,1331,8483445,C. Gauthier,8481605,J. LaCombe,8478366,F. Vatrano,2,3
2025-01-12,2024020688,1,REG,12:09,MIN,ev,none,snap,1551,8477451,R. Hartman,8474567,Z. Bogosian,,,0,1
2025-01-12,2024020688,2,REG,05:21,VGK,pp,none,snap,1451,8481604,P. Dorofeyev,8475913,M. Stone,8477447,S. Theodore,1,1
2025-01-12,2024020688,3,REG,04:09,VGK,ev,none,backhand,1551,8478434,K. Kolesar,8480727,Z. Whitecloud,8478462,N. Roy,2,1
2025-01-12,2024020688,3,REG,15:40,VGK,ev,none,snap,1551,8476881,T. Hertl,8481604,P. Dorofeyev,8477447,S. Theodore,3,1
2025-01-12,2024020688,3,REG,17:48,VGK,pp,none,snap,1451,8481604,P. Dorofeyev,8475913,M. Stone,8476881,T. Hertl,4,1
2025-01-13,2024020689,1,REG,07:59,FLA,sh,none,wrist,1451,8477933,S. Reinhart,,,,,0,1
2025-01-13,2024020689,1,REG,09:34,FLA,ev,none,wrist,1551,8484304,U. Balinskis,8478542,E. Rodrigues,8477220,N. Schmidt,0,2
2025-01-13,2024020689,2,REG,07:51,PHI,ev,none,wrist,1551,8477903,G. Hathaway,,,,,1,2
2025-01-13,2024020689,3,REG,02:01,PHI,pp,none,wrist,1451,8480220,N. Cates,8477948,T. Sanheim,8477499,R. Ristolainen,2,2
2025-01-13,2024020689,3,REG,03:35,FLA,pp,none,wrist,1541,8477933,S. Reinhart,8479314,M. Tkachuk,8477493,A. Barkov,2,3
2025-01-13,2024020689,3,REG,05:59,PHI,pp,none,wrist,1451,8480028,M. Frost,8484387,M. Michkov,8482142,J. Drysdale,3,3
2025-01-13,2024020689,3,REG,14:09,PHI,ev,none,backhand,1551,8480220,N. Cates,8482159,T. Foerster,8481178,E. Zamula,4,3
2025-01-13,2024020690,1,REG,01:14,CGY,ev,none,snap,1551,8481592,J. Pelletier,8482209,R. Kerins,8481167,B. Pachal,0,1
2025-01-13,2024020690,1,REG,02:38,CHI,ev,none,snap,1551,8481806,L. Crevier,8482117,L. Reichel,,,1,1
2025-01-13,2024020690,1,REG,11:47,CGY,ev,none,wrist,1551,8481592,J. Pelletier,8480860,K. Bahl,8482209,R. Kerins,1,2
2025-01-13,2024020690,1,REG,14:08,CGY,ev,none,tip-in,1551,8474150,M. Backlund,8482679,M. Coronato,8476399,B. Coleman,1,3
2025-01-13,2024020690,2,REG,01:55,CGY,ev,none,wrist,1551,8479402,J. Bean,8481068,Y. Sharangovich,8481592,J. Pelletier,1,4
2025-01-13,2024020690,2,REG,11:29,CHI,pp,none,snap,1451,8484144,C. Bedard,8477495,S. Jones,8476882,T. Teravainen,2,4
2025-01-13,2024020690,2,REG,13:38,CGY,sh,none,wrist,1451,8481068,Y. Sharangovich,8476456,J. Huberdeau,,,2,5
2025-01-13,2024020691,2,REG,18:37,EDM,ev,none,snap,1441,8478402,C. McDavid,8477498,D. Nurse,8477934,L. Draisaitl,1,0
2025-01-14,2024020692,1,REG,04:24,BOS,ev,none,wrist,1551,8479365,T. Frederic,8483505,M. Poitras,8475745,C. Coyle,1,0
2025-01-14,2024020692,1,REG,09:31,BOS,ev,none,snap,1551,8478450,P. Wotherspoon,8477956,D. Pastrnak,8478401,P. Zacha,2,0
2025-01-14,2024020692,2,REG,01:13,BOS,ev,none,wrist,1551,8473419,B. Marchand,8477956,D. Pastrnak,,,3,0
2025-01-14,2024020692,2,REG,06:05,BOS,ev,none,snap,1441,8477956,D. Pastrnak,8478401,P. Zacha,8479369,A. Peeke,4,0
2025-01-14,2024020692,2,REG,08:50,TBL,ev,none,tip-in,1551,8483447,C. Geekie,8475167,V. Hedman,8478178,D. Raddysh,4,1
2025-01-14,2024020692,2,REG,19:42,TBL,ev,none,snap,1551,8475167,V. Hedman,8476453,N. Kucherov,8477426,N. Paul,4,2
2025-01-14,2024020692,3,REG,16:30,BOS,sh,empty-net,snap,0641,8479369,A. Peeke,8477496,E. Lindholm,,,5,2
2025-01-14,2024020692,3,REG,16:56,BOS,sh,empty-net,wrist,0641,8478401,P. Zacha,8473419,B. Marchand,8477507,N. Zadorov,6,2
2025-01-14,2024020693,1,REG,04:15,TOR,ev,none,wrist,1551,8479318,A. Matthews,8478483,M. Marner,,,1,0
2025-01-14,2024020693,1,REG,08:33,DAL,ev,none,backhand,1551,8482702,L. Stankoven,8479351,S. Steel,8475168,M. Duchene,1,1
2025-01-14,2024020693,2,REG,12:35,DAL,pp,none,deflected,1541,8482145,M. Bourque,8482702,L. Stankoven,8481581,T. Harley,1,2
2025-01-14,2024020693,3,REG,01:06,DAL,pp,none,between-legs,1541,8475168,M. Duchene,8482740,W. Johnston,8480036,M. Heiskanen,1,3
2025-01-14,2024020693,3,REG,02:54,DAL,ev,none,deflected,1551,8482702,L. Stankoven,8475168,M. Duchene,8480027,J. Robertson,1,4
2025-01-14,2024020694,1,REG,01:45,SJS,ev,none,wrist,1551,8480172,J. Rutta,8484227,W. Smith,8477505,A. Wennberg,0,1
2025-01-14,2024020694,1,REG,17:41,SJS,sh,none,wrist,1451,8481477,N. Sturm,8482667,W. Eklund,8471709,M. Vlasic,0,2
2025-01-14,2024020694,2,REG,01:28,DET,ev,none,snap,1551,8475765,V. Tarasenko,8482762,S. Edvinsson,8481013,J. Berggren,1,2
2025-01-14,2024020694,3,REG,00:26,SJS,ev,none,wrist,1551,8482667,W. Eklund,8484801,M. Celebrini,8475726,T. Toffoli,1,3
2025-01-14,2024020694,3,REG,06:05,DET,ev,none,snap,1551,8475765,V. Tarasenko,8476979,E. Gustafsson,8479992,M. Rasmussen,2,3
2025-01-14,2024020694,3,REG,07:43,SJS,pp,none,backhand,1541,8475798,M. Granlund,8484801,M. Celebrini,8475726,T. Toffoli,2,4
2025-01-14,2024020694,3,REG,09:56,DET,ev,none,wrist,1551,8482078,L. Raymond,8477946,D. Larkin,,,3,4
2025-01-14,2024020694,3,REG,10:57,SJS,ev,none,wrist,1551,8475726,T. Toffoli,8482667,W. Eklund,,,3,5
2025-01-14,2024020694,3,REG,18:22,SJS,ev,empty-net,wrist,1560,8479983,M. Ferraro,,,,,3,6
2025-01-14,2024020696,1,REG,02:12,SEA,sh,none,wrist,1451,8476905,C. Stephenson,8477955,J. McCann,8478916,J. Daccord,0,1
2025-01-14,2024020696,1,REG,09:19,PIT,ev,none,poke,1551,8481577,P. Tomasino,8482055,D. O'Connor,8471724,K. Letang,1,1
2025-01-14,2024020696,2,REG,04:42,PIT,ev,none,wrist,1560,8475810,B. Rust,8474578,E. Karlsson,8471215,E. Malkin,2,1
2025-01-14,2024020696,3,REG,08:04,SEA,ev,none,wrist,1551,8476467,J. Oleksiak,8477416,O. Bjorkstrand,8476457,A. Larsson,2,2
2025-01-14,2024020696,3,REG,08:54,SEA,ev,none,wrist,1551,8480009,E. Tolvanen,8483524,S. Wright,8479372,J. Mahura,2,3
2025-01-14,2024020696,3,REG,18:57,SEA,ev,empty-net,wrist,1560,8481554,K. Kakko,8476457,A. Larsson,,,2,4
2025-01-14,2024020697,1,REG,07:34,WSH,ev,none,deflected,1551,8479520,B. Duhaime,8479345,J. Chychrun,8475343,N. Dowd,1,0
2025-01-14,2024020697,1,REG,14:30,WSH,ev,none,snap,1551,8474590,J. Carlson,,,,,2,0
2025-01-14,2024020697,2,REG,19:01,WSH,ev,none,snap,1551,8483573,E. Frank,8479400,P. Dubois,8479520,B. Duhaime,3,0
2025-01-14,2024020698,1,REG,03:44,PHI,ev,none,tip-in,1551,8481553,B. Brink,8476372,N. Seeler,8482142,J. Drysdale,0,1
2025-01-14,2024020698,1,REG,10:27,CBJ,ev,none,snap,1551,8478460,Z. Werenski,,,,,1,1
2025-01-14,2024020698,3,REG,08:13,PHI,ev,none,wrist,1551,8480015,O. Tippett,8480028,M. Frost,,,1,2
2025-01-14,2024020698,3,REG,15:23,CBJ,ev,none,snap,1551,8478460,Z. Werenski,8480893,K. Marchenko,8484166,A. Fantilli,2,2
2025-01-14,2024020698,5,SO,00:00,CBJ,ev,none,snap,1010,8482660,K. Johnson,,,,,3,2
2025-01-14,2024020695,3,REG,00:41,FLA,ev,none,wrist,1551,8480003,J. Boqvist,8477409,C. Verhaeghe,8477220,N. Schmidt,0,1
2025-01-14,2024020695,3,REG,02:27,NJD,ev,none,wrist,1551,8480002,N. Hischier,8478414,T. Meier,8479414,N. Bastian,1,1
2025-01-14,2024020695,5,SO,00:00,FLA,ev,none,wrist,0101,8482113,A. Lundell,,,,,1,2
2025-01-14,2024020699,2,REG,08:42,OTT,ev,none,tip-in,1551,8478874,A. Gaudette,8482095,T. Kleven,8481596,S. Pinto,0,1
2025-01-14,2024020699,3,REG,18:36,OTT,ev,empty-net,slap,1560,8482245,A. Zub,8480064,J. Norris,8480208,D. Batherson,0,2
2025-01-14,2024020700,1,REG,00:49,STL,ev,none,wrist,1551,8476892,C. Parayko,8475170,B. Schenn,8475764,C. Fowler,1,0
2025-01-14,2024020700,3,REG,06:06,CGY,ev,none,wrist,1551,8480860,K. Bahl,8481028,M. Pospisil,,,1,1
2025-01-14,2024020700,3,REG,11:11,STL,ev,none,tip-in,1551,8476889,R. Faksa,8481006,T. Tucker,8480281,A. Toropchenko,2,1
2025-01-14,2024020701,1,REG,09:44,NSH,ev,none,wrist,1551,8474564,S. Stamkos,8476887,F. Forsberg,,,1,0
2025-01-14,2024020701,1,REG,12:06,NSH,ev,none,wrist,1551,8476887,F. Forsberg,8474564,S. Stamkos,,,2,0
2025-01-14,2024020701,2,REG,05:29,NSH,ev,none,slap,1551,8482111,J. Barron,8474600,R. Josi,8474679,G. Nyquist,3,0
2025-01-14,2024020701,2,REG,08:41,NSH,ev,none,wrist,1551,8474564,S. Stamkos,8476539,J. Marchessault,,,4,0
2025-01-14,2024020701,2,REG,09:12,VGK,ev,none,wrist,1551,8481604,P. Dorofeyev,8478109,V. Olofsson,8476881,T. Hertl,4,1
2025-01-14,2024020701,2,REG,14:02,VGK,pp,none,wrist,1541,8481604,P. Dorofeyev,8476881,T. Hertl,8475913,M. Stone,4,2
2025-01-14,2024020701,3,REG,15:20,VGK,ev,none,snap,1551,8481604,P. Dorofeyev,8478109,V. Olofsson,8477447,S. Theodore,4,3
2025-01-14,2024020701,3,REG,19:58,NSH,ev,empty-net,wrist,0651,8475158,R. O'Reilly,8476925,C. Sissons,,,5,3
2025-01-14,2024020702,1,REG,06:59,WPG,ev,none,wrist,1551,8478398,K. Connor,8480014,G. Vilardi,,,1,0
2025-01-14,2024020702,1,REG,13:01,WPG,ev,none,backhand,1551,8478398,K. Connor,8480145,N. Pionk,8480014,G. Vilardi,2,0
2025-01-14,2024020702,1,REG,13:37,WPG,ev,none,wrist,1551,8478398,K. Connor,8480014,G. Vilardi,8476460,M. Scheifele,3,0
2025-01-14,2024020702,2,REG,00:39,WPG,ev,none,slap,1551,8480145,N. Pionk,8482149,C. Perfetti,8475799,N. Niederreiter,4,0
2025-01-14,2024020702,2,REG,15:06,WPG,ev,none,wrist,1551,8475799,N. Niederreiter,8480845,R. Kupari,8482149,C. Perfetti,5,0
2025-01-14,2024020702,3,REG,01:31,WPG,pp,none,snap,1451,8476460,M. Scheifele,8477940,N. Ehlers,8478398,K. Connor,6,0
2025-01-14,2024020702,3,REG,09:16,VAN,ev,none,snap,1551,8481535,N. Hoglander,,,,,6,1
2025-01-14,2024020703,1,REG,04:53,COL,ev,none,wrist,1551,8480448,P. Kelly,8479525,R. Colton,8480069,C. Makar,1,0
2025-01-14,2024020703,1,REG,11:55,NYR,sh,none,wrist,1451,8475842,S. Carrick,,,,,1,1
2025-01-14,2024020703,2,REG,09:59,NYR,ev,none,snap,1551,8481726,A. Edstrom,8475842,S. Carrick,,,1,2
2025-01-14,2024020703,3,REG,18:47,COL,ev,none,snap,1560,8477476,A. Lehkonen,8478420,M. Rantanen,8477492,N. MacKinnon,2,2
2025-01-14,2024020703,4,OT,04:23,COL,ev,none,slap,1331,8478038,D. Toews,8477492,N. MacKinnon,8481186,L. O'Connor,3,2
2025-01-14,2024020704,1,REG,02:11,UTA,pp,none,wrist,1351,8482659,J. Doan,8479343,C. Keller,8477951,N. Schmaltz,1,0
2025-01-14,2024020704,1,REG,03:18,MTL,ev,none,snap,1551,8476875,M. Matheson,8481540,C. Caufield,8483457,L. Hutson,1,1
2025-01-14,2024020704,1,REG,19:06,UTA,ev,none,backhand,1551,8475760,N. Bjugstad,8480891,M. Kesselring,8481711,M. Maccelli,2,1
2025-01-14,2024020704,2,REG,10:40,MTL,ev,none,snap,1551,8479339,P. Laine,8481618,A. Newhook,8478851,A. Carrier,2,2
2025-01-14,2024020704,2,REG,18:34,MTL,ev,none,backhand,1441,8481523,K. Dach,8483457,L. Hutson,,,2,3
2025-01-14,2024020704,3,REG,03:07,UTA,ev,none,wrist,1551,8483431,L. Cooley,8479343,C. Keller,8477951,N. Schmaltz,3,3
2025-01-14,2024020704,3,REG,06:33,MTL,ev,none,tip-in,1551,8481540,C. Caufield,8483457,L. Hutson,8476875,M. Matheson,3,4
2025-01-14,2024020704,3,REG,16:15,MTL,ev,none,snap,1551,8481523,K. Dach,8478851,A. Carrier,,,3,5
2025-01-15,2024020705,1,REG,00:43,BUF,ev,none,wrist,1551,8480802,R. McLeod,8477365,C. Clifton,8479359,B. Malenstyn,1,0
2025-01-15,2024020705,2,REG,08:18,BUF,ev,none,wrist,1551,8481528,D. Cozens,8477949,A. Tuch,,,2,0
2025-01-15,2024020705,2,REG,19:56,BUF,ev,none,wrist,1551,8480802,R. McLeod,8475722,J. Zucker,,,3,0
2025-01-15,2024020705,3,REG,03:45,CAR,ev,none,wrist,1551,8476958,J. Slavin,8470613,B. Burns,8480829,J. Kotkaniemi,3,1
2025-01-15,2024020705,3,REG,16:50,CAR,ev,none,slap,0651,8480039,M. Necas,8476906,S. Gostisbehere,8470613,B. Burns,3,2
2025-01-15,2024020705,3,REG,19:36,BUF,ev,awarded-empty-net,,0651,8480802,R. McLeod,8479420,T. Thompson,8475722,J. Zucker,4,2
2025-01-15,2024020706,1,REG,03:02,MIN,pp,none,wrist,1451,8481557,M. Boldy,8478493,J. Eriksson Ek,8475692,M. Zuccarello,1,0
2025-01-15,2024020706,1,REG,16:11,MIN,pp,none,snap,1451,8482079,M. Rossi,8481557,M. Boldy,8475692,M. Zuccarello,2,0
2025-01-15,2024020706,1,REG,16:32,EDM,ev,none,wrist,1551,8475786,Z. Hyman,8477934,L. Draisaitl,8478402,C. McDavid,2,1
2025-01-15,2024020706,1,REG,18:28,EDM,pp,none,snap,1541,8478402,C. McDavid,8476454,R. Nugent-Hopkins,8480803,E. Bouchard,2,2
2025-01-15,2024020706,2,REG,04:09,MIN,ev,none,backhand,1551,8477451,R. Hartman,8478493,J. Eriksson Ek,,,3,2
2025-01-15,2024020706,2,REG,14:15,EDM,ev,none,tip-in,1551,8476454,R. Nugent-Hopkins,8480834,T. Emberson,8476967,B. Kulak,3,3
2025-01-15,2024020706,3,REG,01:28,EDM,ev,none,tip-in,1551,8481617,V. Podkolzin,8478042,V. Arvidsson,8477384,J. Brown,3,4
2025-01-15,2024020706,3,REG,12:49,EDM,ev,none,wrist,1551,8478402,C. McDavid,,,,,3,5
2025-01-16,2024020707,1,REG,02:21,NJD,ev,none,backhand,1551,8481559,J. Hughes,8480192,J. Kovacevic,,,0,1
2025-01-16,2024020707,2,REG,06:14,TOR,ev,none,wrist,1551,8477939,W. Nylander,8477503,M. Domi,8475690,C. Tanev,1,1
2025-01-16,2024020707,2,REG,08:14,NJD,pp,none,wrist,1541,8480002,N. Hischier,8479407,J. Bratt,8481559,J. Hughes,1,2
2025-01-16,2024020707,3,REG,07:43,TOR,pp,none,wrist,1451,8479318,A. Matthews,8477939,W. Nylander,8482259,B. McMann,2,2
2025-01-16,2024020707,3,REG,09:44,NJD,pp,none,wrist,1541,8480002,N. Hischier,8478414,T. Meier,8481559,J. Hughes,2,3
2025-01-16,2024020707,3,REG,15:47,TOR,ev,none,wrist,1551,8479318,A. Matthews,8478483,M. Marner,8476931,J. McCabe,3,3
2025-01-16,2024020707,4,OT,01:10,TOR,ev,none,wrist,1331,8477939,W. Nylander,8478483,M. Marner,8476931,J. McCabe,4,3
2025-01-16,2024020708,4,OT,03:07,WSH,ev,none,snap,1331,8471214,A. Ovechkin,8480873,R. Sandin,,,0,1
2025-01-16,2024020709,1,REG,06:03,ANA,ev,none,tip-in,1551,8478873,T. Terry,8476458,R. Strome,8475208,B. Dumoulin,0,1
2025-01-16,2024020709,1,REG,14:19,TBL,pp,none,snap,1451,8478519,A. Cirelli,8479542,B. Hagel,8475167,V. Hedman,1,1
2025-01-16,2024020709,2,REG,02:51,TBL,pp,none,poke,1451,8477404,J. Guentzel,8476453,N. Kucherov,8478178,D. Raddysh,2,1
2025-01-16,2024020709,2,REG,11:26,ANA,ev,none,wrist,1551,8484153,L. Carlsson,8482745,M. McTavish,,,2,2
2025-01-16,2024020709,2,REG,15:26,TBL,ev,none,wrist,1441,8478010,B. Point,8476453,N. Kucherov,8480246,N. Perbix,3,2
2025-01-16,2024020709,3,REG,09:53,ANA,ev,none,tip-in,1551,8477952,R. Fabbri,8476885,J. Trouba,8483490,P. Mintyukov,3,3
2025-01-16,2024020709,5,SO,00:00,TBL,ev,none,snap,1010,8477404,J. Guentzel,,,,,4,3
2025-01-16,2024020710,1,REG,08:48,DET,pp,none,wrist,1541,8481013,J. Berggren,8476979,E. Gustafsson,8475765,V. Tarasenko,0,1
2025-01-16,2024020710,1,REG,11:01,FLA,ev,none,tip-in,1551,8482113,A. Lundell,8477409,C. Verhaeghe,8475179,D. Kulikov,1,1
2025-01-16,2024020710,2,REG,07:52,DET,pp,none,tip-in,1541,8477946,D. Larkin,8474141,P. Kane,8479337,A. DeBrincat,1,2
2025-01-16,2024020710,2,REG,08:21,FLA,ev,none,snap,1551,8478542,E. Rodrigues,8482713,M. Samoskevich,,,2,2
2025-01-16,2024020710,2,REG,13:44,DET,pp,none,snap,1541,8474141,P. Kane,8482078,L. Raymond,8481542,M. Seider,2,3
2025-01-16,2024020710,2,REG,15:41,DET,ev,none,snap,1551,8483464,M. Kasper,8477946,D. Larkin,,,2,4
2025-01-16,2024020710,3,REG,18:38,DET,ev,empty-net,wrist,1560,8477946,D. Larkin,8483464,M. Kasper,8482078,L. Raymond,2,5
2025-01-16,2024020711,1,REG,12:11,CBJ,ev,none,snap,1551,8484166,A. Fantilli,8478460,Z. Werenski,,,1,0
2025-01-16,2024020711,1,REG,16:17,CBJ,ev,none,snap,1551,8482660,K. Johnson,8476374,S. Kuraly,,,2,0
2025-01-16,2024020711,2,REG,06:37,CBJ,ev,none,tip-in,1551,8474037,J. van Riemsdyk,8476923,D. Severson,8482660,K. Johnson,3,0
2025-01-16,2024020711,3,REG,07:32,SJS,ev,none,wrist,1551,8475726,T. Toffoli,8484801,M. Celebrini,,,3,1
2025-01-16,2024020711,3,REG,17:59,CBJ,ev,empty-net,wrist,0651,8474037,J. van Riemsdyk,8480893,K. Marchenko,,,4,1
2025-01-16,2024020712,1,REG,09:21,NYI,pp,none,slap,1451,8477500,B. Horvat,8475754,B. Nelson,,,1,0
2025-01-16,2024020712,2,REG,05:15,PHI,ev,none,wrist,1551,8476461,S. Couturier,8480797,J. Farabee,8484387,M. Michkov,1,1
2025-01-16,2024020712,2,REG,09:29,PHI,sh,none,slap,1451,8477903,G. Hathaway,8478439,T. Konecny,8477948,T. Sanheim,1,2
2025-01-16,2024020712,2,REG,13:41,PHI,ev,none,tip-in,1551,8480028,M. Frost,8480015,O. Tippett,8478439,T. Konecny,1,3
2025-01-16,2024020712,3,REG,00:30,NYI,ev,none,wrist,1551,8478445,M. Barzal,8480865,N. Dobson,,,2,3
2025-01-16,2024020712,3,REG,05:16,PHI,ev,none,wrist,1551,8481546,C. York,8480797,J. Farabee,8476461,S. Couturier,2,4
2025-01-16,2024020712,3,REG,17:16,NYI,pp,none,deflected,1460,8475314,A. Lee,8477500,B. Horvat,8475151,K. Palmieri,3,4
2025-01-16,2024020712,3,REG,18:48,PHI,ev,empty-net,wrist,1560,8480220,N. Cates,8478439,T. Konecny,,,3,5
2025-01-16,2024020713,1,REG,04:55,STL,ev,none,snap,1551,8475170,B. Schenn,8482077,D. Holloway,,,1,0
2025-01-16,2024020713,1,REG,13:53,STL,ev,none,slap,1551,8476892,C. Parayko,8475764,C. Fowler,8480023,R. Thomas,2,0
2025-01-16,2024020713,1,REG,15:40,STL,ev,none,wrist,1551,8479385,J. Kyrou,8482077,D. Holloway,8481006,T. Tucker,3,0
2025-01-16,2024020713,2,REG,11:14,CGY,ev,none,wrist,1551,8481068,Y. Sharangovich,8481592,J. Pelletier,8482209,R. Kerins,3,1
2025-01-16,2024020713,2,REG,17:39,STL,pp,none,tip-in,1451,8475170,B. Schenn,8482089,J. Neighbours,8475753,J. Faulk,4,1
2025-01-16,2024020714,1,REG,08:07,NSH,pp,none,slap,1451,8474564,S. Stamkos,8474600,R. Josi,8476539,J. Marchessault,1,0
2025-01-16,2024020714,2,REG,06:30,CHI,ev,none,snap,1551,8484144,C. Bedard,8477479,T. Bertuzzi,,,1,1
2025-01-16,2024020714,2,REG,07:57,CHI,ev,none,wrist,1551,8474166,A. Martinez,8477495,S. Jones,8477479,T. Bertuzzi,1,2
2025-01-16,2024020714,3,REG,16:57,NSH,ev,none,slap,1551,8476887,F. Forsberg,8483565,N. Blankenburg,,,2,2
2025-01-16,2024020714,5,SO,00:00,NSH,ev,none,snap,1010,8475158,R. O'Reilly,,,,,3,2
2025-01-16,2024020715,1,REG,03:50,DAL,ev,none,snap,1551,8480027,J. Robertson,8474149,E. Dadonov,8482740,W. Johnston,1,0
2025-01-16,2024020715,1,REG,04:37,MTL,ev,none,snap,1551,8483515,J. Slafkovský,8481540,C. Caufield,8480018,N. Suzuki,1,1
2025-01-16,2024020715,3,REG,09:15,MTL,ev,none,tip-in,1551,8481618,A. Newhook,8483457,L. Hutson,,,1,2
2025-01-16,2024020715,3,REG,19:43,MTL,ev,empty-net,wrist,1560,8476469,J. Armia,8480018,N. Suzuki,,,1,3
2025-01-16,2024020716,1,REG,08:12,SEA,ev,none,tip-in,1551,8482665,M. Beniers,8481554,K. Kakko,8475768,J. Schwartz,0,1
2025-01-16,2024020716,2,REG,09:35,WPG,pp,none,slap,1451,8476460,M. Scheifele,8478398,K. Connor,8477504,J. Morrissey,1,1
2025-01-16,2024020716,3,REG,19:33,WPG,ev,none,wrist,1551,8476331,D. DeMelo,8477940,N. Ehlers,,,2,1
2025-01-16,2024020717,1,REG,01:01,UTA,ev,none,wrist,1551,8481711,M. Maccelli,8480849,B. Hayton,8474013,I. Cole,1,0
2025-01-16,2024020717,1,REG,03:42,NYR,ev,none,snap,1551,8478550,A. Panarin,8482109,A. Lafrenière,,,1,1
2025-01-16,2024020717,1,REG,08:12,UTA,ev,none,poke,1551,8481711,M. Maccelli,8480849,B. Hayton,8479410,M. Sergachev,2,1
2025-01-16,2024020717,1,REG,16:25,NYR,ev,none,poke,1551,8481560,A. Kaliyev,8480078,F. Chytil,8480001,U. Vaakanainen,2,2
2025-01-16,2024020717,2,REG,00:57,UTA,pp,none,slap,1451,8483431,L. Cooley,8479343,C. Keller,8477951,N. Schmaltz,3,2
2025-01-16,2024020717,3,REG,00:28,NYR,sh,none,snap,1451,8475191,R. Smith,8482073,B. Schneider,8479324,R. Lindgren,3,3
2025-01-16,2024020717,3,REG,10:22,NYR,ev,none,snap,1551,8475184,C. Kreider,8475842,S. Carrick,,,3,4
2025-01-16,2024020717,3,REG,19:22,NYR,ev,empty-net,snap,1560,8478550,A. Panarin,8475842,S. Carrick,8479323,A. Fox,3,5
2025-01-16,2024020718,1,REG,05:17,COL,ev,none,wrist,1551,8481186,L. O'Connor,8481641,J. Kiviranta,8478420,M. Rantanen,1,0
2025-01-16,2024020718,1,REG,10:04,COL,ev,none,wrist,1551,8477492,N. MacKinnon,8477494,J. Drouin,8475177,C. de Haan,2,0
2025-01-16,2024020718,1,REG,11:48,COL,ev,none,wrist,1551,8477492,N. MacKinnon,8478038,D. Toews,,,3,0
2025-01-16,2024020718,1,REG,19:18,EDM,ev,none,slap,1551,8478042,V. Arvidsson,8477498,D. Nurse,8481617,V. Podkolzin,3,1
2025-01-16,2024020718,2,REG,06:17,EDM,ev,none,slap,1551,8476967,B. Kulak,,,,,3,2
2025-01-16,2024020718,2,REG,14:49,EDM,ev,none,wrist,1551,8478402,C. McDavid,8477934,L. Draisaitl,8480803,E. Bouchard,3,3
2025-01-16,2024020718,3,REG,13:05,EDM,ev,none,slap,1551,8480803,E. Bouchard,8478402,C. McDavid,8477934,L. Draisaitl,3,4
2025-01-16,2024020719,1,REG,00:51,LAK,ev,none,tip-in,1551,8481532,A. Turcotte,8477960,A. Kempe,,,0,1
2025-01-16,2024020719,1,REG,09:18,LAK,ev,none,wrist,1551,8481532,A. Turcotte,8477942,K. Fiala,8479998,M. Anderson,0,2
2025-01-16,2024020719,1,REG,09:42,LAK,ev,none,wrist,1551,8477960,A. Kempe,8481532,A. Turcotte,8471685,A. Kopitar,0,3
2025-01-16,2024020719,2,REG,14:52,VAN,ev,none,wrist,1441,8480800,Q. Hughes,8478856,C. Garland,8479425,F. Hronek,1,3
2025-01-16,2024020719,2,REG,15:58,LAK,pp,none,wrist,1541,8477942,K. Fiala,8479675,T. Moore,8476441,J. Edmundson,1,4
2025-01-16,2024020719,3,REG,11:36,LAK,ev,none,backhand,1551,8477998,W. Foegele,8482124,Q. Byfield,8482730,B. Clarke,1,5
2025-01-17,2024020720,1,REG,15:16,BUF,pp,none,wrist,1451,8482671,O. Power,8484145,Z. Benson,8481524,B. Byram,1,0
2025-01-17,2024020720,2,REG,01:41,PIT,pp,none,snap,1541,8476483,R. Rakell,8475810,B. Rust,8476891,M. Grzelcyk,1,1
2025-01-17,2024020720,2,REG,02:08,PIT,ev,none,snap,1551,8478463,A. Beauvillier,8479996,C. Glass,,,1,2
2025-01-17,2024020720,2,REG,11:43,PIT,pp,none,snap,1541,8479996,C. Glass,8481577,P. Tomasino,8477968,A. Nedeljkovic,1,3
2025-01-17,2024020720,3,REG,01:09,PIT,pp,none,wrist,1541,8475810,B. Rust,8476891,M. Grzelcyk,8478047,M. Bunting,1,4
2025-01-17,2024020720,3,REG,14:46,BUF,ev,none,wrist,1560,8484145,Z. Benson,8479420,T. Thompson,8477949,A. Tuch,2,4
2025-01-17,2024020720,3,REG,17:18,PIT,ev,empty-net,wrist,1560,8477968,A. Nedeljkovic,,,,,2,5
2025-01-17,2024020721,2,REG,04:22,VGK,ev,none,backhand,1551,8476881,T. Hertl,8474565,A. Pietrangelo,8478109,V. Olofsson,0,1
2025-01-17,2024020721,2,REG,11:57,CAR,ev,none,snap,1551,8482093,S. Jarvis,8476921,J. Martinook,8476958,J. Slavin,1,1
2025-01-17,2024020721,3,REG,00:46,CAR,ev,none,backhand,1551,8482809,J. Blake,8480830,A. Svechnikov,8475200,D. Orlov,2,1
2025-01-17,2024020721,3,REG,06:09,CAR,ev,none,snap,1551,8482093,S. Jarvis,8473533,J. Staal,8476921,J. Martinook,3,1
2025-01-17,2024020721,3,REG,09:52,VGK,pp,none,wrist,1541,8477447,S. Theodore,8481604,P. Dorofeyev,8478403,J. Eichel,3,2
2025-01-18,2024020722,1,REG,02:17,NJD,ev,none,wrist,1551,8476462,D. Hamilton,8479414,N. Bastian,8475193,T. Tatar,1,0
2025-01-18,2024020722,2,REG,01:56,PHI,ev,none,snap,1551,8484387,M. Michkov,8476461,S. Couturier,,,1,1
2025-01-18,2024020722,3,REG,12:44,PHI,pp,none,wrist,1541,8481553,B. Brink,8480220,N. Cates,8482159,T. Foerster,1,2
2025-01-18,2024020722,3,REG,19:58,PHI,ev,empty-net,wrist,1560,8478439,T. Konecny,8482159,T. Foerster,8480220,N. Cates,1,3
2025-01-18,2024020723,1,REG,01:47,OTT,ev,none,wrist,1551,8478874,A. Gaudette,8475324,N. Jensen,8473512,C. Giroux,1,0
2025-01-18,2024020723,1,REG,07:35,OTT,ev,none,wrist,1551,8482116,T. Stützle,,,,,2,0
2025-01-18,2024020723,1,REG,11:07,BOS,pp,none,backhand,1541,8478401,P. Zacha,8477956,D. Pastrnak,8482511,M. Lohrei,2,1
2025-01-18,2024020723,1,REG,19:22,BOS,ev,none,wrist,1551,8477956,D. Pastrnak,8479987,M. Geekie,8482511,M. Lohrei,2,2
2025-01-18,2024020723,2,REG,01:06,BOS,ev,none,wrist,1551,8479987,M. Geekie,8478401,P. Zacha,8477956,D. Pastrnak,2,3
2025-01-18,2024020723,2,REG,05:41,OTT,pp,none,tip-in,1451,8480064,J. Norris,8482105,J. Sanderson,8482116,T. Stützle,3,3
2025-01-18,2024020723,2,REG,14:38,BOS,ev,none,wrist,1551,8481556,J. Beecher,8480355,M. Kastelic,,,3,4
2025-01-18,2024020723,3,REG,11:23,BOS,ev,none,wrist,1551,8479968,V. Lettieri,8479638,J. Brazeau,8477851,J. Oesterle,3,5
2025-01-18,2024020723,3,REG,16:47,OTT,ev,none,snap,1560,8475324,N. Jensen,8481596,S. Pinto,8480208,D. Batherson,4,5
2025-01-18,2024020723,3,REG,19:48,OTT,ev,none,snap,1560,8480064,J. Norris,8473512,C. Giroux,8478469,T. Chabot,5,5
2025-01-18,2024020723,5,SO,00:00,OTT,ev,none,wrist,1010,8482116,T. Stützle,,,,,6,5
2025-01-18,2024020724,1,REG,03:24,DAL,pp,none,wrist,1541,8475168,M. Duchene,8482740,W. Johnston,8480027,J. Robertson,0,1
2025-01-18,2024020724,1,REG,13:07,COL,ev,none,wrist,1551,8479999,C. Mittelstadt,8477476,A. Lehkonen,,,1,1
2025-01-18,2024020724,2,REG,10:31,COL,pp,none,wrist,1451,8480069,C. Makar,8477492,N. MacKinnon,8478420,M. Rantanen,2,1
2025-01-18,2024020724,2,REG,11:56,COL,ev,none,wrist,1551,8477476,A. Lehkonen,8477494,J. Drouin,,,3,1
2025-01-18,2024020724,2,REG,18:30,COL,ev,none,wrist,1551,8477494,J. Drouin,8477476,A. Lehkonen,8476312,J. Manson,4,1
2025-01-18,2024020724,3,REG,08:13,COL,ev,none,wrist,1551,8477476,A. Lehkonen,8479999,C. Mittelstadt,8476312,J. Manson,5,1
2025-01-18,2024020724,3,REG,11:08,DAL,ev,none,wrist,1551,8480027,J. Robertson,8482740,W. Johnston,8480950,I. Lyubushkin,5,2
2025-01-18,2024020724,3,REG,11:47,DAL,pp,none,wrist,1541,8480027,J. Robertson,8475168,M. Duchene,8482740,W. Johnston,5,3
2025-01-18,2024020724,3,REG,13:13,COL,ev,none,wrist,1551,8480069,C. Makar,8477494,J. Drouin,8479999,C. Mittelstadt,6,3
2025-01-18,2024020725,2,REG,11:22,FLA,ev,none,snap,1551,8480003,J. Boqvist,8477931,T. Nosek,8475179,D. Kulikov,1,0
2025-01-18,2024020725,3,REG,04:43,FLA,ev,none,wrist,1551,8482113,A. Lundell,,,,,2,0
2025-01-18,2024020725,3,REG,19:53,FLA,ev,empty-net,wrist,0651,8478055,G. Forsling,8481519,S. Knight,,,3,0
2025-01-18,2024020726,1,REG,05:08,MTL,ev,none,snap,1560,8481523,K. Dach,8482087,K. Guhle,8479339,P. Laine,1,0
2025-01-18,2024020726,1,REG,18:21,MTL,pp,none,slap,1451,8479339,P. Laine,8483457,L. Hutson,8480018,N. Suzuki,2,0
2025-01-18,2024020726,1,REG,18:30,MTL,ev,none,backhand,1551,8476981,J. Anderson,8476469,J. Armia,8478851,A. Carrier,3,0
2025-01-18,2024020726,2,REG,09:32,TOR,ev,none,snap,1551,8482259,B. McMann,,,,,3,1
2025-01-18,2024020726,2,REG,18:46,TOR,pp,none,tip-in,1541,8481582,N. Robertson,8475171,O. Ekman-Larsson,8480995,P. Holmberg,3,2
2025-01-18,2024020726,3,REG,00:24,TOR,ev,none,backhand,1551,8477939,W. Nylander,8482259,B. McMann,,,3,3
2025-01-18,2024020726,3,REG,04:31,TOR,pp,none,snap,1541,8475171,O. Ekman-Larsson,8477503,M. Domi,,,3,4
2025-01-18,2024020726,3,REG,07:58,TOR,sh,none,slap,1451,8479318,A. Matthews,8478483,M. Marner,8476853,M. Rielly,3,5
2025-01-18,2024020726,3,REG,14:45,TOR,ev,none,snap,1551,8478904,S. Lorentz,8475171,O. Ekman-Larsson,8478483,M. Marner,3,6
2025-01-18,2024020726,3,REG,18:26,TOR,sh,empty-net,wrist,1460,8480144,D. Kampf,8482720,M. Knies,,,3,7
2025-01-18,2024020727,1,REG,02:02,TBL,ev,none,backhand,1551,8478010,B. Point,8482929,E. Lilleberg,8480246,N. Perbix,1,0
2025-01-18,2024020727,2,REG,00:16,TBL,pp,none,wrist,1451,8477404,J. Guentzel,8476453,N. Kucherov,8478178,D. Raddysh,2,0
2025-01-18,2024020727,2,REG,01:50,TBL,ev,none,wrist,1551,8476453,N. Kucherov,8475167,V. Hedman,8477404,J. Guentzel,3,0
2025-01-18,2024020727,2,REG,03:58,TBL,ev,none,wrist,1551,8482070,M. Chaffee,8474715,C. Atkinson,,,4,0
2025-01-18,2024020727,2,REG,14:12,DET,pp,none,snap,1541,8482078,L. Raymond,8474141,P. Kane,8481542,M. Seider,4,1
2025-01-18,2024020727,2,REG,15:06,TBL,pp,none,slap,1451,8478178,D. Raddysh,8476453,N. Kucherov,8477404,J. Guentzel,5,1
2025-01-18,2024020728,5,SO,00:00,NYR,ev,none,snap,1010,8476389,V. Trocheck,,,,,1,0
2025-01-18,2024020729,1,REG,07:42,WSH,ev,none,slap,1551,8479345,J. Chychrun,8481656,A. Protas,8475343,N. Dowd,1,0
2025-01-18,2024020729,2,REG,12:08,WSH,ev,none,snap,1551,8481656,A. Protas,8479400,P. Dubois,8481580,C. McMichael,2,0
2025-01-18,2024020729,3,REG,11:29,PIT,ev,none,snap,1551,8475810,B. Rust,8471675,S. Crosby,8476483,R. Rakell,2,1
2025-01-18,2024020729,3,REG,17:50,WSH,pp,none,snap,1451,8479400,P. Dubois,8481580,C. McMichael,,,3,1
2025-01-18,2024020729,3,REG,18:30,WSH,ev,empty-net,snap,0651,8479520,B. Duhaime,8476880,T. Wilson,8475343,N. Dowd,4,1
2025-01-18,2024020730,1,REG,13:32,CGY,ev,none,snap,1551,8482679,M. Coronato,8476399,B. Coleman,,,0,1
2025-01-18,2024020730,2,REG,15:14,CGY,pp,none,wrist,1541,8483808,A. Kuzmenko,8476399,B. Coleman,8482209,R. Kerins,0,2
2025-01-18,2024020730,3,REG,02:15,WPG,ev,none,tip-in,1551,8476392,A. Lowry,8476525,C. Miller,8479378,L. Stanley,1,2
2025-01-18,2024020730,3,REG,18:55,CGY,ev,empty-net,backhand,1560,8476399,B. Coleman,,,,,1,3
2025-01-18,2024020731,2,REG,08:47,NYI,ev,none,backhand,1551,8478445,M. Barzal,,,,,1,0
2025-01-18,2024020731,2,REG,10:02,SJS,ev,none,wrist,1551,8476624,B. Goodrow,8480172,J. Rutta,,,1,1
2025-01-18,2024020731,2,REG,10:42,NYI,ev,none,wrist,1551,8475754,B. Nelson,8475151,K. Palmieri,8476917,A. Pelech,2,1
2025-01-18,2024020731,2,REG,19:33,NYI,ev,none,slap,1551,8480865,N. Dobson,8478445,M. Barzal,8477500,B. Horvat,3,1
2025-01-18,2024020731,3,REG,01:03,NYI,ev,none,slap,1551,8477506,R. Pulock,8477407,A. Duclair,8475754,B. Nelson,4,1
2025-01-18,2024020732,1,REG,09:29,VGK,ev,none,snap,1551,8478109,V. Olofsson,8474565,A. Pietrangelo,8476881,T. Hertl,0,1
2025-01-18,2024020732,1,REG,16:00,CHI,ev,none,wrist,1551,8482117,L. Reichel,8473422,N. Foligno,8482703,C. Dach,1,1
2025-01-18,2024020732,1,REG,16:40,CHI,pp,none,tip-in,1451,8477479,T. Bertuzzi,8477495,S. Jones,8476882,T. Teravainen,2,1
2025-01-18,2024020732,1,REG,19:42,CHI,ev,none,wrist,1551,8475791,T. Hall,8474034,P. Maroon,8477987,R. Donato,3,1
2025-01-18,2024020732,2,REG,08:10,VGK,ev,none,wrist,1551,8476881,T. Hertl,8477447,S. Theodore,8478492,I. Samsonov,3,2
2025-01-18,2024020732,2,REG,14:42,VGK,pp,none,tip-in,1541,8476881,T. Hertl,8477447,S. Theodore,8478403,J. Eichel,3,3
2025-01-18,2024020732,2,REG,18:58,CHI,ev,none,wrist,1551,8477495,S. Jones,8484144,C. Bedard,8483493,F. Nazar,4,3
2025-01-18,2024020732,3,REG,04:08,CHI,pp,none,snap,1451,8477479,T. Bertuzzi,8476882,T. Teravainen,8477495,S. Jones,5,3
2025-01-18,2024020733,1,REG,06:23,MIN,ev,none,wrist,1551,8483460,D.Jiricek,8481557,M. Boldy,8482079,M. Rossi,0,1
2025-01-18,2024020733,1,REG,08:22,NSH,ev,none,snap,1551,8476925,C. Sissons,8477446,M. McCarron,8474568,L. Schenn,1,1
2025-01-18,2024020733,1,REG,17:29,NSH,pp,none,poke,1451,8476887,F. Forsberg,8475158,R. O'Reilly,8474600,R. Josi,2,1
2025-01-18,2024020733,2,REG,00:54,NSH,ev,none,tip-in,1551,8474564,S. Stamkos,8476887,F. Forsberg,8474600,R. Josi,3,1
2025-01-18,2024020733,2,REG,02:07,NSH,ev,none,wrist,1551,8482768,F. Svechkov,8478438,T. Novak,,,4,1
2025-01-18,2024020733,3,REG,02:28,MIN,pp,none,snap,1541,8481557,M. Boldy,8475692,M. Zuccarello,,,4,2
2025-01-18,2024020733,3,REG,16:20,NSH,ev,none,backhand,1551,8476887,F. Forsberg,,,,,5,2
2025-01-18,2024020733,3,REG,18:11,NSH,ev,empty-net,wrist,0651,8476869,B. Skjei,8476887,F. Forsberg,8476539,J. Marchessault,6,2
2025-01-18,2024020734,1,REG,02:05,STL,ev,none,snap,1551,8481006,T. Tucker,8476897,O. Sundqvist,,,0,1
2025-01-18,2024020734,1,REG,06:06,UTA,pp,none,snap,1451,8480891,M. Kesselring,8483431,L. Cooley,8479343,C. Keller,1,1
2025-01-18,2024020734,1,REG,08:25,UTA,ev,none,snap,1551,8477951,N. Schmaltz,8479343,C. Keller,8478507,J. Marino,2,1
2025-01-18,2024020734,1,REG,10:31,UTA,ev,none,snap,1551,8479343,C. Keller,8483431,L. Cooley,,,3,1
2025-01-18,2024020734,2,REG,01:32,STL,pp,none,snap,1541,8482089,J. Neighbours,8482077,D. Holloway,8475170,B. Schenn,3,2
2025-01-18,2024020734,2,REG,10:42,UTA,ev,none,snap,1551,8483431,L. Cooley,8479343,C. Keller,8479976,J. Välimäki,4,2
2025-01-18,2024020735,1,REG,14:38,VAN,pp,none,wrist,1451,8480800,Q. Hughes,8476468,J. Miller,,,1,0
2025-01-18,2024020735,1,REG,15:49,VAN,ev,none,snap,1551,8478046,D. Heinen,8474574,T. Myers,8476858,P. Di Giuseppe,2,0
2025-01-18,2024020735,1,REG,18:00,VAN,pp,none,wrist,1451,8480800,Q. Hughes,8476468,J. Miller,8478444,B. Boeser,3,0
2025-01-18,2024020735,2,REG,04:01,EDM,ev,none,wrist,1551,8477934,L. Draisaitl,,,,,3,1
2025-01-18,2024020735,2,REG,13:38,EDM,pp,none,snap,1541,8477934,L. Draisaitl,8476454,R. Nugent-Hopkins,8478402,C. McDavid,3,2
2025-01-18,2024020736,1,REG,00:28,SEA,ev,none,wrist,1551,8475768,J. Schwartz,8481554,K. Kakko,,,1,0
2025-01-18,2024020736,1,REG,06:07,LAK,pp,none,wrist,1541,8477960,A. Kempe,8471685,A. Kopitar,8477942,K. Fiala,1,1
2025-01-18,2024020736,1,REG,07:40,SEA,ev,none,wrist,1551,8475768,J. Schwartz,8482665,M. Beniers,8481554,K. Kakko,2,1
2025-01-18,2024020736,1,REG,18:43,LAK,ev,none,slap,1551,8481606,J. Spence,8476479,P. Danault,8479675,T. Moore,2,2
2025-01-18,2024020736,2,REG,01:37,SEA,ev,none,tip-in,1551,8476905,C. Stephenson,8477416,O. Bjorkstrand,8477444,A. Burakovsky,3,2
2025-01-18,2024020736,3,REG,18:50,SEA,ev,empty-net,wrist,0651,8475768,J. Schwartz,8481554,K. Kakko,,,4,2
2025-01-19,2024020737,2,REG,13:16,OTT,ev,none,wrist,1551,8482859,Z. Ostapchuk,8478020,M. Amadio,8478146,M. Highmore,0,1
2025-01-19,2024020737,2,REG,14:34,NJD,ev,none,backhand,1551,8475193,T. Tatar,8477508,C. Lazar,8482684,L. Hughes,1,1
2025-01-19,2024020737,3,REG,02:50,OTT,ev,none,wrist,1551,8482245,A. Zub,8481596,S. Pinto,,,1,2
2025-01-19,2024020738,1,REG,11:17,NYR,ev,none,snap,1551,8482109,A. Lafrenière,8480817,K. Miller,,,0,1
2025-01-19,2024020738,1,REG,13:52,MTL,ev,none,tip-in,1551,8475848,B. Gallagher,8477989,C. Dvorak,8476981,J. Anderson,1,1
2025-01-19,2024020738,1,REG,14:38,NYR,ev,none,snap,1551,8482157,W. Cuylle,,,,,1,2
2025-01-19,2024020738,2,REG,05:07,MTL,ev,none,snap,1551,8477989,C. Dvorak,8475848,B. Gallagher,8481618,A. Newhook,2,2
2025-01-19,2024020738,2,REG,10:24,NYR,pp,none,snap,1541,8476459,M. Zibanejad,8479323,A. Fox,8478550,A. Panarin,2,3
2025-01-19,2024020738,2,REG,15:05,MTL,ev,none,snap,1551,8480018,N. Suzuki,,,,,3,3
2025-01-19,2024020738,2,REG,16:20,NYR,ev,none,tip-in,1551,8475184,C. Kreider,8479323,A. Fox,8479324,R. Lindgren,3,4
2025-01-19,2024020738,3,REG,12:52,MTL,ev,none,snap,1551,8483515,J. Slafkovský,8481540,C. Caufield,8483457,L. Hutson,4,4
2025-01-19,2024020738,4,OT,03:20,MTL,ev,none,snap,1331,8479339,P. Laine,8482087,K. Guhle,8478133,J. Evans,5,4
2025-01-19,2024020739,1,REG,05:26,DAL,ev,none,snap,1551,8481712,M. Blümel,8484829,J. Hryckowian,8476278,C. Blackwell,1,0
2025-01-19,2024020739,1,REG,13:05,DAL,pp,none,wrist,1451,8480027,J. Robertson,8475168,M. Duchene,8480036,M. Heiskanen,2,0
2025-01-19,2024020739,1,REG,14:18,DAL,ev,none,backhand,1551,8482145,M. Bourque,8480950,I. Lyubushkin,8475168,M. Duchene,3,0
2025-01-19,2024020739,3,REG,12:01,DET,ev,none,tip-in,1551,8483464,M. Kasper,8482762,S. Edvinsson,8477946,D. Larkin,3,1
2025-01-19,2024020739,3,REG,14:09,DAL,ev,none,backhand,1551,8482740,W. Johnston,8480027,J. Robertson,,,4,1
2025-01-20,2024020740,1,REG,09:21,BOS,ev,none,tip-in,1551,8479968,V. Lettieri,8477851,J. Oesterle,8480789,O. Wahlstrom,1,0
2025-01-20,2024020740,1,REG,13:16,SJS,ev,none,snap,1551,8476624,B. Goodrow,8481477,N. Sturm,8480848,T. Dellandrea,1,1
2025-01-20,2024020740,2,REG,07:02,BOS,pp,none,snap,1451,8477956,D. Pastrnak,8478401,P. Zacha,8477496,E. Lindholm,2,1
2025-01-20,2024020740,2,REG,08:52,SJS,ev,none,wrist,1551,8484227,W. Smith,8475798,M. Granlund,,,2,2
2025-01-20,2024020740,2,REG,15:18,SJS,ev,none,wrist,1551,8480188,F. Zetterlund,8484227,W. Smith,,,2,3
2025-01-20,2024020740,3,REG,08:22,BOS,ev,none,snap,1551,8475745,C. Coyle,8483505,M. Poitras,8473419,B. Marchand,3,3
2025-01-20,2024020740,3,REG,14:11,BOS,ev,none,wrist,1551,8475745,C. Coyle,8483505,M. Poitras,8482511,M. Lohrei,4,3
2025-01-20,2024020740,3,REG,18:45,BOS,ev,empty-net,backhand,0651,8473419,B. Marchand,8477956,D. Pastrnak,8478443,B. Carlo,5,3
2025-01-20,2024020740,3,REG,19:35,BOS,ev,empty-net,wrist,0651,8477496,E. Lindholm,8475745,C. Coyle,8479369,A. Peeke,6,3
2025-01-20,2024020741,1,REG,12:18,MIN,ev,none,wrist,1551,8478136,J. Middleton,8483499,L. Ohgren,8477919,F. Gaudreau,0,1
2025-01-20,2024020741,2,REG,18:52,COL,ev,none,snap,1551,8477492,N. MacKinnon,8479398,S. Girard,,,1,1
2025-01-20,2024020741,3,REG,02:08,MIN,ev,none,wrist,1551,8478508,Y. Trenin,8483460,D.Jiricek,8483499,L. Ohgren,1,2
2025-01-20,2024020741,3,REG,03:43,MIN,ev,none,wrist,1551,8482122,B. Faber,8477451,R. Hartman,8478136,J. Middleton,1,3
2025-01-20,2024020742,1,REG,05:07,BUF,ev,none,wrist,1551,8482097,J. Quinn,8482671,O. Power,8481522,P. Krebs,0,1
2025-01-20,2024020742,1,REG,05:34,SEA,ev,none,wrist,1551,8477401,J. Hayden,8478477,M. Stephens,8482858,R. Evans,1,1
2025-01-20,2024020742,1,REG,11:06,SEA,ev,none,snap,1551,8476905,C. Stephenson,8477416,O. Bjorkstrand,8482858,R. Evans,2,1
2025-01-20,2024020742,2,REG,06:41,SEA,pp,none,wrist,1451,8482665,M. Beniers,8476905,C. Stephenson,8478407,V. Dunn,3,1
2025-01-20,2024020742,2,REG,09:31,BUF,pp,none,tip-in,1541,8475722,J. Zucker,8480839,R. Dahlin,8479420,T. Thompson,3,2
2025-01-20,2024020742,2,REG,15:38,BUF,ev,none,wrist,1551,8479420,T. Thompson,8480807,M. Samuelsson,8481522,P. Krebs,3,3
2025-01-20,2024020742,2,REG,16:34,SEA,ev,none,snap,1551,8476467,J. Oleksiak,8483524,S. Wright,8477955,J. McCann,4,3
2025-01-20,2024020742,3,REG,10:25,SEA,ev,none,slap,1551,8476457,A. Larsson,8477955,J. McCann,8480009,E. Tolvanen,5,3
2025-01-20,2024020742,3,REG,18:39,BUF,ev,none,snap,0651,8477949,A. Tuch,8475722,J. Zucker,8481528,D. Cozens,5,4
2025-01-20,2024020742,3,REG,18:56,SEA,ev,empty-net,wrist,0651,8477955,J. McCann,8476467,J. Oleksiak,8476457,A. Larsson,6,4
2025-01-20,2024020743,1,REG,08:25,STL,ev,none,wrist,1551,8475170,B. Schenn,8482077,D. Holloway,8479385,J. Kyrou,0,1
2025-01-20,2024020743,1,REG,14:09,VGK,pp,none,wrist,1451,8476881,T. Hertl,8481604,P. Dorofeyev,8477447,S. Theodore,1,1
2025-01-20,2024020743,1,REG,19:43,STL,ev,none,wrist,1551,8477573,N. Walker,8481598,P. Broberg,8476889,R. Faksa,1,2
2025-01-20,2024020743,2,REG,06:31,STL,ev,none,snap,1551,8482089,J. Neighbours,8480023,R. Thomas,8476892,C. Parayko,1,3
2025-01-20,2024020743,2,REG,07:25,VGK,ev,none,snap,1551,8479353,B. Howden,8477447,S. Theodore,8475188,B. McNabb,2,3
2025-01-20,2024020743,2,REG,19:29,STL,pp,none,slap,1541,8475764,C. Fowler,8479385,J. Kyrou,8477402,P. Buchnevich,2,4
2025-01-20,2024020743,3,REG,16:50,VGK,ev,none,slap,1560,8478403,J. Eichel,8477447,S. Theodore,8474565,A. Pietrangelo,3,4
2025-01-20,2024020743,3,REG,19:30,VGK,ev,none,slap,1560,8481604,P. Dorofeyev,8477447,S. Theodore,8478403,J. Eichel,4,4
2025-01-20,2024020743,5,SO,00:00,STL,ev,none,wrist,0101,8475170,B. Schenn,,,,,4,5
2025-01-20,2024020744,1,REG,04:06,TOR,ev,none,wrist,1551,8479318,A. Matthews,8482720,M. Knies,8475171,O. Ekman-Larsson,1,0
2025-01-20,2024020744,2,REG,13:45,TOR,ev,none,wrist,1551,8477939,W. Nylander,8476853,M. Rielly,8478904,S. Lorentz,2,0
2025-01-20,2024020744,2,REG,16:07,TBL,ev,none,tip-in,1551,8477426,N. Paul,8478178,D. Raddysh,8478010,B. Point,2,1
2025-01-20,2024020744,2,REG,19:37,TOR,ev,none,snap,1551,8482720,M. Knies,8478483,M. Marner,8479318,A. Matthews,3,1
2025-01-20,2024020744,3,REG,08:07,TBL,ev,none,snap,1551,8478178,D. Raddysh,8475167,V. Hedman,8476453,N. Kucherov,3,2
2025-01-20,2024020744,3,REG,10:09,TOR,pp,none,wrist,1451,8482720,M. Knies,8478483,M. Marner,8482259,B. McMann,4,2
2025-01-20,2024020744,3,REG,12:05,TBL,pp,none,tip-in,1541,8477426,N. Paul,8479542,B. Hagel,8475167,V. Hedman,4,3
2025-01-20,2024020744,3,REG,18:55,TOR,ev,empty-net,wrist,0651,8478483,M. Marner,,,,,5,3
2025-01-20,2024020745,1,REG,04:52,CBJ,pp,none,wrist,1541,8482660,K. Johnson,8480893,K. Marchenko,8481716,D. Voronkov,0,1
2025-01-20,2024020745,2,REG,00:43,NYI,ev,none,snap,1551,8477500,B. Horvat,8478445,M. Barzal,8476917,A. Pelech,1,1
2025-01-20,2024020745,2,REG,02:57,NYI,sh,none,wrist,1541,8481601,S. Holmstrom,8476419,J. Pageau,,,2,1
2025-01-20,2024020745,2,REG,05:47,NYI,pp,none,snap,1451,8477500,B. Horvat,8478445,M. Barzal,8480865,N. Dobson,3,1
2025-01-20,2024020746,1,REG,09:46,CHI,ev,none,wrist,1551,8480798,P. Kurashev,8477987,R. Donato,8481806,L. Crevier,1,0
2025-01-20,2024020746,1,REG,16:55,CHI,ev,none,wrist,1551,8477479,T. Bertuzzi,8477495,S. Jones,8483493,F. Nazar,2,0
2025-01-20,2024020746,2,REG,01:25,CAR,sh,none,backhand,1451,8482093,S. Jarvis,8478427,S. Aho,8476958,J. Slavin,2,1
2025-01-20,2024020746,2,REG,07:26,CAR,ev,none,wrist,1551,8480829,J. Kotkaniemi,8480762,E. Robinson,8476958,J. Slavin,2,2
2025-01-20,2024020746,2,REG,19:41,CHI,ev,none,wrist,1551,8477987,R. Donato,8475791,T. Hall,8480798,P. Kurashev,3,2
2025-01-20,2024020746,3,REG,13:37,CAR,ev,none,wrist,1551,8473533,J. Staal,8476921,J. Martinook,8475200,D. Orlov,3,3
2025-01-20,2024020746,4,OT,00:59,CAR,ev,none,slap,1331,8478427,S. Aho,8480039,M. Necas,8476958,J. Slavin,3,4
2025-01-20,2024020747,2,REG,16:00,UTA,ev,none,slap,1551,8476874,O. Maatta,8477951,N. Schmaltz,8479343,C. Keller,1,0
2025-01-20,2024020747,2,REG,19:42,UTA,ev,none,snap,1551,8483431,L. Cooley,8480849,B. Hayton,,,2,0
2025-01-20,2024020747,3,REG,04:53,UTA,ev,none,wrist,1551,8480849,B. Hayton,8482659,J. Doan,8478831,K. Stenlund,3,0
2025-01-20,2024020747,3,REG,08:04,UTA,ev,none,slap,1551,8481711,M. Maccelli,8482659,J. Doan,8480849,B. Hayton,4,0
2025-01-20,2024020747,3,REG,08:32,WPG,ev,none,snap,1551,8475799,N. Niederreiter,8477940,N. Ehlers,8476460,M. Scheifele,4,1
2025-01-20,2024020747,3,REG,11:48,WPG,ev,none,slap,1551,8476331,D. DeMelo,8477940,N. Ehlers,8480049,D. Samberg,4,2
2025-01-20,2024020747,3,REG,17:55,UTA,ev,empty-net,snap,0651,8479343,C. Keller,8477951,N. Schmaltz,,,5,2
2025-01-20,2024020748,1,REG,10:09,PIT,pp,own-goal,,1541,8475763,K. Hayes,,,,,0,1
2025-01-20,2024020748,1,REG,14:09,PIT,ev,none,tip-in,1551,8471675,S. Crosby,8476891,M. Grzelcyk,8478463,A. Beauvillier,0,2
2025-01-20,2024020748,2,REG,08:26,PIT,ev,none,wrist,1551,8471215,E. Malkin,8481577,P. Tomasino,8477969,M. Pettersson,0,3
2025-01-20,2024020748,2,REG,16:02,LAK,pp,none,slap,1351,8477960,A. Kempe,8471685,A. Kopitar,8481606,J. Spence,1,3
2025-01-20,2024020748,2,REG,19:00,PIT,ev,none,tip-in,1551,8479996,C. Glass,8475763,K. Hayes,8483503,O. Pickering,1,4
2025-01-20,2024020748,3,REG,06:57,PIT,ev,none,backhand,1551,8478463,A. Beauvillier,8471724,K. Letang,8471675,S. Crosby,1,5
2025-01-21,2024020749,1,REG,14:20,TBL,ev,none,snap,1551,8476453,N. Kucherov,8478519,A. Cirelli,8482929,E. Lilleberg,0,1
2025-01-21,2024020749,2,REG,02:45,TBL,ev,none,backhand,1551,8477404,J. Guentzel,8479591,M. Eyssimont,,,0,2
2025-01-21,2024020749,2,REG,05:32,MTL,pp,none,wrist,1451,8483515,J. Slafkovský,8479339,P. Laine,8483457,L. Hutson,1,2
2025-01-21,2024020749,2,REG,07:21,MTL,ev,none,slap,1551,8481618,A. Newhook,8479339,P. Laine,,,2,2
2025-01-21,2024020749,3,REG,17:45,MTL,ev,none,snap,1551,8478133,J. Evans,8476469,J. Armia,8478851,A. Carrier,3,2
2025-01-21,2024020750,1,REG,18:48,NYR,ev,none,backhand,1551,8482109,A. Lafrenière,8476389,V. Trocheck,8479323,A. Fox,1,0
2025-01-21,2024020750,2,REG,01:50,NYR,ev,none,wrist,1551,8481560,A. Kaliyev,8480001,U. Vaakanainen,8482073,B. Schneider,2,0
2025-01-21,2024020750,3,REG,03:34,NYR,ev,none,backhand,1551,8482460,M. Rempe,8481726,A. Edstrom,8475842,S. Carrick,3,0
2025-01-21,2024020750,3,REG,09:01,NYR,pp,none,wrist,1351,8478550,A. Panarin,8479323,A. Fox,8476459,M. Zibanejad,4,0
2025-01-21,2024020750,3,REG,09:57,NYR,pp,none,wrist,1451,8482157,W. Cuylle,8482109,A. Lafrenière,8480817,K. Miller,5,0
2025-01-21,2024020751,2,REG,05:21,PHI,ev,none,backhand,1551,8480797,J. Farabee,8476461,S. Couturier,8484387,M. Michkov,1,0
2025-01-21,2024020751,3,REG,00:30,DET,ev,none,wrist,1551,8475279,B. Chiarot,8482078,L. Raymond,8477946,D. Larkin,1,1
2025-01-21,2024020751,4,OT,04:34,PHI,ev,none,poke,1331,8477499,R. Ristolainen,8480015,O. Tippett,8480797,J. Farabee,2,1
2025-01-21,2024020752,1,REG,01:07,SJS,ev,none,wrist,1551,8484801,M. Celebrini,8476879,C. Ceci,8482667,W. Eklund,0,1
2025-01-21,2024020752,1,REG,11:42,SJS,ev,none,wrist,1551,8479316,L. Kunin,8476879,C. Ceci,,,0,2
2025-01-21,2024020752,1,REG,11:56,SJS,ev,none,slap,1551,8475798,M. Granlund,8484227,W. Smith,8480188,F. Zetterlund,0,3
2025-01-21,2024020752,1,REG,12:20,NSH,ev,none,wrist,1551,8478438,T. Novak,8474568,L. Schenn,8482742,Z. L'Heureux,1,3
2025-01-21,2024020752,1,REG,19:31,SJS,ev,none,backhand,1551,8478013,J. Walman,8477505,A. Wennberg,,,1,4
2025-01-21,2024020752,2,REG,04:28,SJS,pp,none,snap,1541,8475798,M. Granlund,8482667,W. Eklund,8484801,M. Celebrini,1,5
2025-01-21,2024020752,2,REG,12:40,NSH,pp,none,wrist,1451,8482768,F. Svechkov,8476925,C. Sissons,8478438,T. Novak,2,5
2025-01-21,2024020752,2,REG,13:33,NSH,ev,none,wrist,1551,8482111,J. Barron,8476887,F. Forsberg,8474564,S. Stamkos,3,5
2025-01-21,2024020752,3,REG,00:28,NSH,ev,none,wrist,1551,8476539,J. Marchessault,8474564,S. Stamkos,8482482,A. Wilsby,4,5
2025-01-21,2024020752,3,REG,05:23,NSH,pp,none,slap,1451,8474600,R. Josi,8476887,F. Forsberg,8476539,J. Marchessault,5,5
2025-01-21,2024020752,3,REG,08:09,NSH,ev,none,snap,1551,8483565,N. Blankenburg,8478438,T. Novak,8476539,J. Marchessault,6,5
2025-01-21,2024020752,3,REG,18:38,NSH,ev,empty-net,wrist,0651,8476887,F. Forsberg,8474600,R. Josi,,,7,5
2025-01-21,2024020753,2,REG,17:07,CAR,ev,none,snap,1551,8480829,J. Kotkaniemi,8480039,M. Necas,,,0,1
2025-01-21,2024020753,3,REG,10:11,DAL,ev,none,backhand,1551,8481581,T. Harley,8482740,W. Johnston,8480036,M. Heiskanen,1,1
2025-01-21,2024020753,3,REG,10:35,CAR,ev,none,deflected,1551,8480829,J. Kotkaniemi,8480336,S. Walker,8480762,E. Robinson,1,2
2025-01-21,2024020754,1,REG,03:02,EDM,ev,none,backhand,1551,8477934,L. Draisaitl,8477498,D. Nurse,8481617,V. Podkolzin,1,0
2025-01-21,2024020754,1,REG,09:01,WSH,ev,none,wrist,1551,8476880,T. Wilson,8481656,A. Protas,8474590,J. Carlson,1,1
2025-01-21,2024020754,2,REG,08:14,WSH,ev,none,slap,1551,8478911,M. Roy,8479400,P. Dubois,8481580,C. McMichael,1,2
2025-01-21,2024020754,3,REG,03:49,WSH,ev,none,wrist,1551,8479400,P. Dubois,8474189,L. Eller,8480313,L. Thompson,1,3
2025-01-21,2024020754,3,REG,04:50,EDM,ev,none,slap,1551,8470621,C. Perry,8477934,L. Draisaitl,,,2,3
2025-01-21,2024020755,1,REG,17:34,BUF,ev,none,wrist,1551,8479420,T. Thompson,8483468,J.Kulich,,,0,1
2025-01-21,2024020755,2,REG,03:05,VAN,ev,none,backhand,1551,8476858,P. Di Giuseppe,8477369,C. Soucy,8476468,J. Miller,1,1
2025-01-21,2024020755,2,REG,10:29,VAN,ev,none,wrist,1551,8480012,E. Pettersson,8480800,Q. Hughes,8478444,B. Boeser,2,1
2025-01-21,2024020755,3,REG,08:42,BUF,ev,none,tip-in,1551,8483468,J.Kulich,8482175,J. Peterka,8480839,R. Dahlin,2,2
2025-01-21,2024020755,3,REG,13:33,BUF,ev,none,slap,1551,8482175,J. Peterka,8480839,R. Dahlin,8483468,J.Kulich,2,3
2025-01-21,2024020756,1,REG,04:57,ANA,pp,none,wrist,1451,8478366,F. Vatrano,8478873,T. Terry,8476458,R. Strome,1,0
2025-01-21,2024020756,1,REG,08:58,FLA,ev,none,backhand,1551,8477933,S. Reinhart,8479314,M. Tkachuk,8477493,A. Barkov,1,1
2025-01-21,2024020756,1,REG,17:57,FLA,ev,none,wrist,1551,8478542,E. Rodrigues,8478421,A. Greer,8477931,T. Nosek,1,2
2025-01-21,2024020756,1,REG,18:49,FLA,ev,none,wrist,1551,8477409,C. Verhaeghe,8482713,M. Samoskevich,,,1,3
2025-01-21,2024020756,1,REG,19:12,ANA,ev,none,wrist,1551,8482745,M. McTavish,8475462,R. Gudas,,,2,3
2025-01-21,2024020756,3,REG,00:19,FLA,ev,none,snap,1551,8477935,S. Bennett,8482713,M. Samoskevich,8478859,N. Mikkola,2,4
2025-01-21,2024020756,3,REG,04:17,FLA,ev,none,wrist,1551,8484304,U. Balinskis,8477931,T. Nosek,8477409,C. Verhaeghe,2,5
2025-01-22,2024020758,1,REG,05:50,BOS,ev,none,snap,1551,8479987,M. Geekie,8477956,D. Pastrnak,8478401,P. Zacha,0,1
2025-01-22,2024020758,2,REG,01:24,NJD,ev,none,snap,1551,8482110,D. Mercer,8478414,T. Meier,,,1,1
2025-01-22,2024020758,2,REG,04:12,NJD,pp,none,snap,1451,8476462,D. Hamilton,8479407,J. Bratt,8480002,N. Hischier,2,1
2025-01-22,2024020758,2,REG,16:01,NJD,pp,none,backhand,1451,8476474,S. Noesen,8480002,N. Hischier,8481559,J. Hughes,3,1
2025-01-22,2024020758,2,REG,16:13,NJD,ev,none,snap,1551,8482110,D. Mercer,8475413,J. Dowling,8478414,T. Meier,4,1
2025-01-22,2024020758,3,REG,13:32,NJD,pp,none,tip-in,1451,8480002,N. Hischier,8476462,D. Hamilton,,,5,1
2025-01-22,2024020757,1,REG,15:40,CBJ,sh,none,snap,1451,8484166,A. Fantilli,8478500,I. Provorov,8479671,M. Olivier,0,1
2025-01-22,2024020757,2,REG,13:40,CBJ,ev,none,snap,1551,8474037,J. van Riemsdyk,8483432,L. Del Bel Belluz,8482660,K. Johnson,0,2
2025-01-22,2024020757,2,REG,15:21,CBJ,ev,none,snap,1551,8484166,A. Fantilli,8481716,D. Voronkov,8478460,Z. Werenski,0,3
2025-01-22,2024020757,3,REG,05:56,CBJ,ev,none,wrist,1551,8483432,L. Del Bel Belluz,,,,,0,4
2025-01-22,2024020757,3,REG,09:22,TOR,ev,none,snap,1551,8479318,A. Matthews,8477939,W. Nylander,8475171,O. Ekman-Larsson,1,4
2025-01-22,2024020757,3,REG,12:02,CBJ,ev,empty-net,wrist,1450,8484166,A. Fantilli,8480893,K. Marchenko,8479371,D. Fabbro,1,5
2025-01-22,2024020759,2,REG,06:09,COL,ev,none,snap,1551,8477492,N. MacKinnon,8478038,D. Toews,8477494,J. Drouin,1,0
2025-01-22,2024020759,2,REG,10:56,WPG,ev,none,tip-in,1551,8480289,M. Barron,8481019,D. Gustafsson,8477504,J. Morrissey,1,1
2025-01-22,2024020759,2,REG,18:44,WPG,ev,none,deflected,1551,8480014,G. Vilardi,8477504,J. Morrissey,8476480,V. Namestnikov,1,2
2025-01-22,2024020759,3,REG,07:05,COL,ev,none,snap,1551,8480069,C. Makar,8478420,M. Rantanen,8477494,J. Drouin,2,2
2025-01-22,2024020759,4,OT,00:17,WPG,ev,none,slap,1331,8480145,N. Pionk,8476480,V. Namestnikov,8476945,C. Hellebuyck,2,3
2025-01-22,2024020760,2,REG,07:27,FLA,pp,none,wrist,1541,8478542,E. Rodrigues,8482113,A. Lundell,8482713,M. Samoskevich,0,1
2025-01-22,2024020760,3,REG,06:41,LAK,ev,none,backhand,1551,8482726,S. Helenius,8479661,T. Jeannot,8481606,J. Spence,1,1
2025-01-22,2024020760,3,REG,13:12,LAK,ev,none,tip-in,1551,8477960,A. Kempe,8477942,K. Fiala,8482730,B. Clarke,2,1
2025-01-23,2024020761,2,REG,02:06,BOS,ev,none,wrist,1551,8479987,M. Geekie,8477956,D. Pastrnak,8478443,B. Carlo,1,0
2025-01-23,2024020761,3,REG,19:55,BOS,ev,empty-net,wrist,0651,8477956,D. Pastrnak,,,,,2,0
2025-01-23,2024020762,1,REG,13:00,DET,ev,none,snap,1551,8481013,J. Berggren,8477946,D. Larkin,,,1,0
2025-01-23,2024020762,1,REG,19:56,DET,ev,none,wrist,1551,8479337,A. DeBrincat,8482078,L. Raymond,8481542,M. Seider,2,0
2025-01-23,2024020762,2,REG,04:25,DET,sh,none,wrist,1541,8477429,A. Copp,8482762,S. Edvinsson,,,3,0
2025-01-23,2024020762,2,REG,05:29,MTL,ev,none,backhand,1551,8481523,K. Dach,8477989,C. Dvorak,8475848,B. Gallagher,3,1
2025-01-23,2024020762,2,REG,07:50,DET,pp,none,backhand,1451,8477946,D. Larkin,8475765,V. Tarasenko,8481542,M. Seider,4,1
2025-01-23,2024020762,2,REG,11:06,MTL,ev,none,wrist,1551,8482087,K. Guhle,8479339,P. Laine,8481523,K. Dach,4,2
2025-01-23,2024020763,1,REG,01:25,PHI,ev,none,deflected,1551,8480015,O. Tippett,8478439,T. Konecny,8480028,M. Frost,0,1
2025-01-23,2024020763,1,REG,09:00,NYR,ev,none,deflected,1551,8482073,B. Schneider,8481560,A. Kaliyev,8475191,R. Smith,1,1
2025-01-23,2024020763,1,REG,10:24,NYR,ev,none,tip-in,1551,8481726,A. Edstrom,8479324,R. Lindgren,8479323,A. Fox,2,1
2025-01-23,2024020763,2,REG,04:44,NYR,ev,none,wrist,1551,8480817,K. Miller,8478840,W. Borgen,8478550,A. Panarin,3,1
2025-01-23,2024020763,3,REG,05:15,NYR,ev,none,tip-in,1551,8480078,F. Chytil,8480001,U. Vaakanainen,8480817,K. Miller,4,1
2025-01-23,2024020763,3,REG,16:53,NYR,sh,empty-net,wrist,0641,8479323,A. Fox,,,,,5,1
2025-01-23,2024020763,3,REG,18:15,NYR,pp,none,backhand,1451,8475191,R. Smith,8482109,A. Lafrenière,8480078,F. Chytil,6,1
2025-01-23,2024020764,1,REG,07:08,CBJ,ev,none,snap,1551,8482660,K. Johnson,8483432,L. Del Bel Belluz,8474037,J. van Riemsdyk,0,1
2025-01-23,2024020764,1,REG,09:48,CBJ,ev,none,snap,1551,8480893,K. Marchenko,8484166,A. Fantilli,8471677,J. Johnson,0,2
2025-01-23,2024020764,2,REG,02:48,CAR,pp,none,snap,1451,8482093,S. Jarvis,8478427,S. Aho,8480039,M. Necas,1,2
2025-01-23,2024020764,2,REG,07:11,CAR,ev,none,backhand,1551,8480762,E. Robinson,8482093,S. Jarvis,8475883,F. Andersen,2,2
2025-01-23,2024020764,2,REG,07:58,CAR,ev,none,snap,1551,8482809,J. Blake,8478427,S. Aho,,,3,2
2025-01-23,2024020764,2,REG,08:33,CAR,ev,none,snap,1551,8478427,S. Aho,8482809,J. Blake,,,4,2
2025-01-23,2024020764,2,REG,11:34,CAR,ev,none,snap,1551,8476921,J. Martinook,8482093,S. Jarvis,8473533,J. Staal,5,2
2025-01-23,2024020764,2,REG,13:21,CBJ,ev,none,tip-in,1551,8474037,J. van Riemsdyk,8482660,K. Johnson,8471677,J. Johnson,5,3
2025-01-23,2024020764,2,REG,14:43,CBJ,ev,none,tip-in,1551,8481716,D. Voronkov,8478460,Z. Werenski,8484166,A. Fantilli,5,4
2025-01-23,2024020764,3,REG,11:13,CAR,ev,none,snap,1551,8480829,J. Kotkaniemi,8480039,M. Necas,,,6,4
2025-01-23,2024020764,3,REG,18:08,CAR,ev,empty-net,backhand,0651,8482093,S. Jarvis,8480830,A. Svechnikov,8473533,J. Staal,7,4
2025-01-23,2024020765,1,REG,00:19,VGK,ev,none,wrist,1551,8475913,M. Stone,,,,,0,1
2025-01-23,2024020765,1,REG,08:54,VGK,ev,none,wrist,1551,8478109,V. Olofsson,8477964,I. Barbashev,8474565,A. Pietrangelo,0,2
2025-01-23,2024020765,1,REG,10:22,STL,ev,none,snap,1551,8479385,J. Kyrou,8482077,D. Holloway,,,1,2
2025-01-23,2024020765,2,REG,06:30,VGK,pp,none,wrist,1541,8481604,P. Dorofeyev,8475913,M. Stone,8478403,J. Eichel,1,3
2025-01-23,2024020765,3,REG,16:34,STL,ev,none,wrist,1560,8480023,R. Thomas,8477402,P. Buchnevich,8475753,J. Faulk,2,3
2025-01-23,2024020765,3,REG,19:33,VGK,ev,empty-net,wrist,1560,8476881,T. Hertl,,,,,2,4
2025-01-23,2024020766,1,REG,01:46,UTA,ev,none,wrist,1551,8480849,B. Hayton,8480084,N. DeSimone,,,0,1
2025-01-23,2024020766,1,REG,15:55,UTA,pp,none,wrist,1541,8479343,C. Keller,8481711,M. Maccelli,8477951,N. Schmaltz,0,2
2025-01-23,2024020766,2,REG,14:14,UTA,ev,none,bat,1551,8478474,L. Crouse,8476874,O. Maatta,,,0,3
2025-01-23,2024020766,3,REG,01:48,UTA,ev,none,backhand,1551,8480849,B. Hayton,8480084,N. DeSimone,,,0,4
2025-01-23,2024020767,1,REG,12:00,CGY,sh,none,wrist,1541,8476456,J. Huberdeau,8481167,B. Pachal,,,1,0
2025-01-23,2024020767,2,REG,02:50,BUF,ev,none,wrist,1551,8480807,M. Samuelsson,8480035,H. Jokiharju,8478043,S. Lafferty,1,1
2025-01-23,2024020767,2,REG,07:18,BUF,ev,none,tip-in,1551,8479420,T. Thompson,8480807,M. Samuelsson,8482175,J. Peterka,1,2
2025-01-23,2024020767,2,REG,10:31,CGY,ev,none,backhand,1551,8475172,N. Kadri,8476456,J. Huberdeau,8481592,J. Pelletier,2,2
2025-01-23,2024020767,3,REG,03:29,CGY,ev,none,tip-in,1551,8481592,J. Pelletier,8481167,B. Pachal,8475172,N. Kadri,3,2
2025-01-23,2024020767,3,REG,17:15,CGY,ev,empty-net,tip-in,0651,8481068,Y. Sharangovich,8476456,J. Huberdeau,8475172,N. Kadri,4,2
2025-01-23,2024020767,3,REG,17:52,CGY,sh,empty-net,wrist,0641,8474150,M. Backlund,8476399,B. Coleman,,,5,2
2025-01-23,2024020768,1,REG,05:52,EDM,ev,none,wrist,1551,8475786,Z. Hyman,8477934,L. Draisaitl,8478042,V. Arvidsson,1,0
2025-01-23,2024020768,1,REG,14:21,EDM,pp,none,snap,1451,8477934,L. Draisaitl,8475786,Z. Hyman,8476454,R. Nugent-Hopkins,2,0
2025-01-23,2024020768,1,REG,14:41,EDM,ev,none,backhand,1551,8474641,A. Henrique,8475218,M. Ekholm,8470621,C. Perry,3,0
2025-01-23,2024020768,2,REG,01:59,EDM,ev,none,tip-in,1551,8475786,Z. Hyman,8481491,N. Philp,,,4,0
2025-01-23,2024020768,2,REG,12:02,EDM,pp,none,snap,1451,8476454,R. Nugent-Hopkins,8477934,L. Draisaitl,8480803,E. Bouchard,5,0
2025-01-23,2024020768,2,REG,12:27,VAN,ev,none,snap,1551,8478444,B. Boeser,8476468,J. Miller,8480459,P. Suter,5,1
2025-01-23,2024020768,2,REG,15:06,VAN,ev,none,slap,1551,8479425,F. Hronek,8480800,Q. Hughes,8478444,B. Boeser,5,2
2025-01-23,2024020768,3,REG,10:21,EDM,ev,none,wrist,1551,8477953,K. Kapanen,8480834,T. Emberson,,,6,2
2025-01-23,2024020769,1,REG,09:28,ANA,ev,none,wrist,1551,8482745,M. McTavish,8477952,R. Fabbri,8476885,J. Trouba,1,0
2025-01-23,2024020769,1,REG,19:01,ANA,ev,none,wrist,1551,8473986,A. Killorn,8481563,D. Helleson,8481533,T. Zegras,2,0
2025-01-23,2024020769,2,REG,05:32,PIT,pp,none,snap,1541,8478047,M. Bunting,8475810,B. Rust,8476483,R. Rakell,2,1
2025-01-23,2024020769,3,REG,02:06,ANA,ev,none,wrist,1551,8482745,M. McTavish,8475208,B. Dumoulin,8478873,T. Terry,3,1
2025-01-23,2024020769,3,REG,06:52,ANA,ev,none,wrist,1551,8478366,F. Vatrano,8476458,R. Strome,8478873,T. Terry,4,1
2025-01-23,2024020769,3,REG,18:00,ANA,ev,empty-net,wrist,0651,8473986,A. Killorn,8476885,J. Trouba,8480806,I. Lundestrom,5,1
2025-01-23,2024020770,2,REG,04:36,WSH,ev,own-goal,,1551,8481656,A. Protas,,,,,0,1
2025-01-23,2024020770,2,REG,18:05,WSH,ev,none,wrist,1551,8483573,E. Frank,,,,,0,2
2025-01-23,2024020770,3,REG,16:32,WSH,ev,empty-net,wrist,1560,8471214,A. Ovechkin,8477845,T. van Riemsdyk,8479345,J. Chychrun,0,3
2025-01-23,2024020771,1,REG,03:58,NSH,pp,none,snap,1541,8474679,G. Nyquist,8478438,T. Novak,8476869,B. Skjei,0,1
2025-01-23,2024020771,1,REG,04:52,NSH,ev,none,wrist,1551,8478438,T. Novak,8482742,Z. L'Heureux,8482768,F. Svechkov,0,2
2025-01-23,2024020771,1,REG,06:53,NSH,ev,none,tip-in,1551,8476887,F. Forsberg,8482111,J. Barron,,,0,3
2025-01-23,2024020771,1,REG,08:12,SJS,ev,none,tip-in,1551,8482652,W. Duehr,8481042,N. Kovalenko,8479983,M. Ferraro,1,3
2025-01-23,2024020771,1,REG,16:34,SJS,ev,none,snap,1551,8479983,M. Ferraro,8475798,M. Granlund,8480043,T. Liljegren,2,3
2025-01-23,2024020771,2,REG,01:38,NSH,ev,none,wrap-around,1551,8476887,F. Forsberg,8476925,C. Sissons,8476869,B. Skjei,2,4
2025-01-23,2024020771,2,REG,07:07,NSH,pp,none,wrist,1541,8474564,S. Stamkos,8476539,J. Marchessault,8474600,R. Josi,2,5
2025-01-23,2024020771,2,REG,12:39,SJS,ev,none,wrist,1551,8481567,H. Thrun,8477505,A. Wennberg,8481042,N. Kovalenko,3,5
2025-01-23,2024020771,2,REG,13:54,SJS,ev,none,backhand,1551,8480188,F. Zetterlund,8484227,W. Smith,8475798,M. Granlund,4,5
2025-01-23,2024020771,2,REG,15:21,SJS,pp,none,snap,1451,8484801,M. Celebrini,8475798,M. Granlund,8482667,W. Eklund,5,5
2025-01-23,2024020771,3,REG,08:16,NSH,pp,none,wrist,1541,8482768,F. Svechkov,8476869,B. Skjei,8482742,Z. L'Heureux,5,6
2025-01-24,2024020772,1,REG,14:14,PHI,ev,none,wrist,1551,8482159,T. Foerster,8478439,T. Konecny,8473446,E. Johnson,0,1
2025-01-24,2024020772,1,REG,17:08,NYI,ev,none,snap,1551,8477407,A. Duclair,8475754,B. Nelson,8475151,K. Palmieri,1,1
2025-01-24,2024020772,1,REG,18:03,NYI,ev,none,wrist,1551,8477500,B. Horvat,8478445,M. Barzal,8481014,A. Romanov,2,1
2025-01-24,2024020772,2,REG,13:56,NYI,ev,none,wrist,1551,8475754,B. Nelson,8475151,K. Palmieri,8476917,A. Pelech,3,1
2025-01-24,2024020774,1,REG,04:04,VGK,pp,none,slap,1541,8478403,J. Eichel,8475913,M. Stone,,,0,1
2025-01-24,2024020774,1,REG,06:19,DAL,pp,none,tip-in,1451,8478449,R. Hintz,8474149,E. Dadonov,8482702,L. Stankoven,1,1
2025-01-24,2024020774,2,REG,07:31,DAL,ev,none,snap,1551,8480027,J. Robertson,8475168,M. Duchene,8482740,W. Johnston,2,1
2025-01-24,2024020774,2,REG,08:57,VGK,pp,none,snap,1541,8477447,S. Theodore,8476881,T. Hertl,8475913,M. Stone,2,2
2025-01-24,2024020774,2,REG,16:18,DAL,ev,none,tip-in,1551,8473994,J. Benn,8475168,M. Duchene,8480036,M. Heiskanen,3,2
2025-01-24,2024020774,2,REG,17:54,DAL,ev,none,snap,1551,8480027,J. Robertson,8482740,W. Johnston,8474149,E. Dadonov,4,2
2025-01-24,2024020774,3,REG,10:35,VGK,ev,none,snap,1551,8478403,J. Eichel,8475188,B. McNabb,8475913,M. Stone,4,3
2025-01-24,2024020773,1,REG,10:59,TBL,pp,none,wrist,1541,8482070,M. Chaffee,8476453,N. Kucherov,8478010,B. Point,0,1
2025-01-24,2024020773,1,REG,16:29,CHI,ev,none,snap,1551,8482703,C. Dach,8477987,R. Donato,8473422,N. Foligno,1,1
2025-01-24,2024020773,1,REG,18:47,CHI,ev,none,wrist,1551,8483493,F. Nazar,8484144,C. Bedard,,,2,1
2025-01-24,2024020773,2,REG,04:59,CHI,ev,none,snap,1551,8481806,L. Crevier,8483493,F. Nazar,8482117,L. Reichel,3,1
2025-01-24,2024020773,2,REG,19:52,TBL,ev,none,tip-in,1551,8477426,N. Paul,8475167,V. Hedman,8479542,B. Hagel,3,2
2025-01-24,2024020773,3,REG,19:18,TBL,pp,none,wrist,0641,8477404,J. Guentzel,8476453,N. Kucherov,8478178,D. Raddysh,3,3
2025-01-24,2024020773,4,OT,00:58,TBL,pp,none,slap,1431,8476453,N. Kucherov,8475167,V. Hedman,8477404,J. Guentzel,3,4
2025-01-24,2024020775,1,REG,17:52,WPG,pp,none,snap,1451,8482149,C. Perfetti,8477940,N. Ehlers,8480014,G. Vilardi,1,0
2025-01-24,2024020775,2,REG,01:13,UTA,pp,none,tip-in,1541,8477951,N. Schmaltz,8480891,M. Kesselring,8479343,C. Keller,1,1
2025-01-24,2024020775,2,REG,08:48,WPG,ev,none,snap,1551,8481019,D. Gustafsson,8476331,D. DeMelo,,,2,1
2025-01-24,2024020775,3,REG,01:19,UTA,ev,none,wrist,1551,8480849,B. Hayton,8478507,J. Marino,8479343,C. Keller,2,2
2025-01-24,2024020775,3,REG,05:51,WPG,ev,none,snap,1551,8482149,C. Perfetti,8476480,V. Namestnikov,8476331,D. DeMelo,3,2
2025-01-24,2024020775,3,REG,12:16,WPG,ev,none,backhand,1551,8477940,N. Ehlers,,,,,4,2
2025-01-24,2024020775,3,REG,18:15,WPG,ev,empty-net,wrist,0651,8482149,C. Perfetti,8477940,N. Ehlers,8480145,N. Pionk,5,2
2025-01-25,2024020776,2,REG,01:30,COL,ev,none,snap,1551,8477476,A. Lehkonen,8481704,J. Parssinen,8479999,C. Mittelstadt,0,1
2025-01-25,2024020776,3,REG,00:25,BOS,ev,none,wrist,1551,8479987,M. Geekie,8477956,D. Pastrnak,8479369,A. Peeke,1,1
2025-01-25,2024020776,3,REG,05:44,BOS,ev,none,snap,1551,8479987,M. Geekie,8477956,D. Pastrnak,8478401,P. Zacha,2,1
2025-01-25,2024020776,3,REG,19:57,BOS,ev,empty-net,wrist,0651,8477956,D. Pastrnak,8473419,B. Marchand,8475745,C. Coyle,3,1
2025-01-25,2024020777,1,REG,16:28,BUF,ev,none,snap,1551,8477949,A. Tuch,8475722,J. Zucker,8480196,J. Bryson,0,1
2025-01-25,2024020777,1,REG,16:45,EDM,ev,none,snap,1551,8475784,J. Skinner,8480834,T. Emberson,,,1,1
2025-01-25,2024020777,2,REG,07:46,BUF,ev,none,slap,1551,8483468,J.Kulich,8482671,O. Power,8481528,D. Cozens,1,2
2025-01-25,2024020777,2,REG,13:20,EDM,ev,none,snap,1551,8476454,R. Nugent-Hopkins,8477953,K. Kapanen,8475218,M. Ekholm,2,2
2025-01-25,2024020777,3,REG,08:59,EDM,ev,none,snap,1551,8476454,R. Nugent-Hopkins,8477498,D. Nurse,8480803,E. Bouchard,3,2
2025-01-25,2024020778,2,REG,02:16,SEA,ev,none,snap,1551,8477416,O. Bjorkstrand,8477444,A. Burakovsky,8476905,C. Stephenson,1,0
2025-01-25,2024020778,2,REG,04:34,PIT,ev,none,snap,1551,8471675,S. Crosby,8476483,R. Rakell,8471724,K. Letang,1,1
2025-01-25,2024020778,2,REG,17:46,SEA,pp,none,slap,1351,8478407,V. Dunn,8477955,J. McCann,8476905,C. Stephenson,2,1
2025-01-25,2024020778,3,REG,05:06,SEA,ev,none,snap,1551,8480009,E. Tolvanen,8477955,J. McCann,8483524,S. Wright,3,1
2025-01-25,2024020778,3,REG,13:06,SEA,ev,none,snap,1551,8482665,M. Beniers,8481554,K. Kakko,,,4,1
2025-01-25,2024020779,1,REG,15:52,NJD,ev,none,backhand,1551,8480002,N. Hischier,8479407,J. Bratt,8476474,S. Noesen,0,1
2025-01-25,2024020779,1,REG,17:48,NJD,ev,none,snap,1551,8479407,J. Bratt,8476462,D. Hamilton,8475455,B. Dillon,0,2
2025-01-25,2024020779,2,REG,03:50,MTL,ev,none,snap,1551,8480018,N. Suzuki,8481540,C. Caufield,8483515,J. Slafkovský,1,2
2025-01-25,2024020779,2,REG,12:56,NJD,ev,none,snap,1551,8475193,T. Tatar,8476462,D. Hamilton,8477508,C. Lazar,1,3
2025-01-25,2024020779,2,REG,17:05,MTL,ev,none,snap,1551,8481540,C. Caufield,8480018,N. Suzuki,8483515,J. Slafkovský,2,3
2025-01-25,2024020779,3,REG,03:34,MTL,ev,none,slap,1551,8478851,A. Carrier,8482087,K. Guhle,8480018,N. Suzuki,3,3
2025-01-25,2024020779,4,OT,04:06,NJD,ev,none,snap,1331,8481559,J. Hughes,8478414,T. Meier,,,3,4
2025-01-25,2024020780,1,REG,03:46,TOR,ev,none,wrist,1551,8482259,B. McMann,8478483,M. Marner,8475171,O. Ekman-Larsson,0,1
2025-01-25,2024020780,1,REG,10:43,OTT,pp,none,slap,1341,8482116,T. Stützle,8482105,J. Sanderson,8473512,C. Giroux,1,1
2025-01-25,2024020780,3,REG,10:47,OTT,ev,none,deflected,1551,8481596,S. Pinto,8478146,M. Highmore,8478469,T. Chabot,2,1
2025-01-25,2024020781,2,REG,09:55,DET,ev,none,tip-in,1551,8483464,M. Kasper,8477456,J. Compher,8478432,C. Fischer,1,0
2025-01-25,2024020781,3,REG,19:32,DET,ev,empty-net,backhand,0651,8479992,M. Rasmussen,8481607,A. Johansson,,,2,0
2025-01-25,2024020782,1,REG,09:24,CBJ,ev,none,wrist,1551,8478460,Z. Werenski,8483432,L. Del Bel Belluz,8482660,K. Johnson,1,0
2025-01-25,2024020782,1,REG,12:55,LAK,ev,none,wrist,1551,8476479,P. Danault,8477942,K. Fiala,,,1,1
2025-01-25,2024020782,3,REG,02:51,CBJ,ev,none,wrist,1551,8479371,D. Fabbro,8476923,D. Severson,8474037,J. van Riemsdyk,2,1
2025-01-25,2024020782,3,REG,18:55,LAK,ev,none,wrist,0651,8482124,Q. Byfield,8482155,A. Laferriere,8477942,K. Fiala,2,2
2025-01-25,2024020782,4,OT,03:45,CBJ,ev,none,wrist,1331,8480893,K. Marchenko,8478500,I. Provorov,8479941,J. Danforth,3,2
2025-01-25,2024020783,1,REG,07:07,DAL,ev,none,wrist,1551,8474149,E. Dadonov,8480027,J. Robertson,8480036,M. Heiskanen,0,1
2025-01-25,2024020783,1,REG,09:36,DAL,pp,none,snap,1541,8476902,E. Lindell,8478449,R. Hintz,8474149,E. Dadonov,0,2
2025-01-25,2024020784,1,REG,06:58,CGY,pp,none,tip-in,1541,8483808,A. Kuzmenko,8475172,N. Kadri,8477346,M. Weegar,0,1
2025-01-25,2024020784,1,REG,09:34,MIN,ev,none,wrist,1551,8478493,J. Eriksson Ek,8475692,M. Zuccarello,8478864,K. Kaprizov,1,1
2025-01-25,2024020784,2,REG,12:28,CGY,ev,none,wrist,1551,8481028,M. Pospisil,8483808,A. Kuzmenko,8481068,Y. Sharangovich,1,2
2025-01-25,2024020784,2,REG,19:52,CGY,pp,none,snap,1541,8478397,R. Andersson,8474150,M. Backlund,8481028,M. Pospisil,1,3
2025-01-25,2024020784,3,REG,11:53,CGY,ev,none,wrist,1551,8478056,C. Bishop,8479066,R. Lomberg,,,1,4
2025-01-25,2024020784,3,REG,14:15,MIN,pp,none,wrist,1451,8477919,F. Gaudreau,8477451,R. Hartman,8482079,M. Rossi,2,4
2025-01-25,2024020784,3,REG,14:29,CGY,ev,none,wrap-around,1551,8483808,A. Kuzmenko,8481068,Y. Sharangovich,8477346,M. Weegar,2,5
2025-01-25,2024020784,3,REG,18:46,MIN,ev,none,wrist,1551,8475220,M. Foligno,8482079,M. Rossi,8481557,M. Boldy,3,5
2025-01-25,2024020784,3,REG,19:33,MIN,ev,none,tip-in,1560,8475692,M. Zuccarello,8474716,J. Spurgeon,8482079,M. Rossi,4,5
2025-01-25,2024020785,1,REG,05:18,CAR,ev,none,wrist,1551,8478458,J. Roslovic,8480829,J. Kotkaniemi,8475200,D. Orlov,0,1
2025-01-25,2024020785,1,REG,06:30,CAR,ev,none,wrist,1551,8478427,S. Aho,8478970,J. Chatfield,,,0,2
2025-01-25,2024020785,1,REG,17:53,NYI,ev,none,wrist,1551,8481014,A. Romanov,8475231,C. Cizikas,8476917,A. Pelech,1,2
2025-01-25,2024020785,3,REG,06:26,NYI,ev,none,backhand,1551,8475314,A. Lee,8477500,B. Horvat,8481014,A. Romanov,2,2
2025-01-25,2024020785,4,OT,02:03,NYI,ev,none,wrist,1331,8475754,B. Nelson,8475151,K. Palmieri,,,3,2
2025-01-25,2024020786,1,REG,12:23,VAN,ev,none,backhand,1551,8480800,Q. Hughes,8481535,N. Hoglander,8479425,F. Hronek,1,0
2025-01-25,2024020786,2,REG,01:24,VAN,ev,none,wrist,1551,8480800,Q. Hughes,8478444,B. Boeser,8479425,F. Hronek,2,0
2025-01-25,2024020786,3,REG,12:31,WSH,ev,none,wrist,1551,8479400,P. Dubois,8481656,A. Protas,8481580,C. McMichael,2,1
2025-01-25,2024020787,1,REG,04:15,ANA,ev,none,wrist,1551,8483490,P. Mintyukov,8481517,B. Leason,8478424,J. Harkins,1,0
2025-01-25,2024020787,1,REG,14:50,NSH,ev,none,backhand,1551,8474679,G. Nyquist,8476887,F. Forsberg,,,1,1
2025-01-25,2024020787,1,REG,19:55,ANA,ev,none,tip-in,1551,8482745,M. McTavish,8473986,A. Killorn,8481533,T. Zegras,2,1
2025-01-25,2024020787,2,REG,05:07,NSH,ev,none,backhand,1551,8475158,R. O'Reilly,8476887,F. Forsberg,8482482,A. Wilsby,2,2
2025-01-25,2024020787,2,REG,10:46,ANA,ev,none,wrist,1551,8478424,J. Harkins,8475462,R. Gudas,8481517,B. Leason,3,2
2025-01-25,2024020787,2,REG,11:48,ANA,ev,none,wrist,1551,8481533,T. Zegras,8481563,D. Helleson,8475208,B. Dumoulin,4,2
2025-01-25,2024020787,2,REG,14:20,ANA,pp,none,slap,1451,8482745,M. McTavish,8478873,T. Terry,8481605,J. LaCombe,5,2
2025-01-25,2024020788,1,REG,05:47,FLA,ev,none,slap,1551,8477220,N. Schmidt,,,,,0,1
2025-01-25,2024020788,1,REG,06:50,SJS,ev,none,tip-in,1551,8476879,C. Ceci,8478013,J. Walman,,,1,1
2025-01-25,2024020788,1,REG,07:22,SJS,ev,none,snap,1551,8484227,W. Smith,8479983,M. Ferraro,8480188,F. Zetterlund,2,1
2025-01-25,2024020788,1,REG,14:27,FLA,ev,none,deflected,1551,8477935,S. Bennett,8478421,A. Greer,8478859,N. Mikkola,2,2
2025-01-25,2024020788,1,REG,17:08,FLA,ev,none,snap,1551,8477932,A. Ekblad,8479314,M. Tkachuk,,,2,3
2025-01-25,2024020788,2,REG,03:01,FLA,ev,none,backhand,1551,8478421,A. Greer,8477931,T. Nosek,,,2,4
2025-01-25,2024020788,2,REG,05:35,FLA,pp,none,tip-in,1541,8479314,M. Tkachuk,8477493,A. Barkov,8477932,A. Ekblad,2,5
2025-01-25,2024020788,2,REG,13:07,FLA,ev,none,wrist,1551,8480003,J. Boqvist,8482113,A. Lundell,8477409,C. Verhaeghe,2,6
2025-01-25,2024020788,2,REG,16:25,FLA,ev,none,backhand,1551,8477933,S. Reinhart,8479314,M. Tkachuk,8477493,A. Barkov,2,7
2025-01-26,2024020789,1,REG,05:43,COL,ev,none,tip-in,1551,8480835,J. Drury,8479387,K. Middleton,8477494,J. Drouin,0,1
2025-01-26,2024020789,1,REG,06:26,COL,ev,none,snap,1551,8480069,C. Makar,8480039,M. Necas,8477492,N. MacKinnon,0,2
2025-01-26,2024020789,1,REG,07:10,NYR,ev,none,wrist,1551,8475842,S. Carrick,8482460,M. Rempe,8480001,U. Vaakanainen,1,2
2025-01-26,2024020789,1,REG,08:36,NYR,ev,none,wrist,1551,8476389,V. Trocheck,8482109,A. Lafrenière,8478550,A. Panarin,2,2
2025-01-26,2024020789,1,REG,14:36,COL,pp,none,snap,1541,8480069,C. Makar,8477492,N. MacKinnon,8480039,M. Necas,2,3
2025-01-26,2024020789,2,REG,16:01,COL,ev,none,snap,1551,8481704,J. Parssinen,8479999,C. Mittelstadt,,,2,4
2025-01-26,2024020789,2,REG,18:05,NYR,ev,none,poke,1551,8478840,W. Borgen,8475191,R. Smith,8482157,W. Cuylle,3,4
2025-01-26,2024020789,3,REG,15:02,NYR,ev,none,wrist,1551,8478550,A. Panarin,8476389,V. Trocheck,8475191,R. Smith,4,4
2025-01-26,2024020789,3,REG,19:45,COL,ev,none,snap,1551,8477476,A. Lehkonen,8480069,C. Makar,,,4,5
2025-01-26,2024020790,2,REG,12:16,OTT,sh,none,wrist,1541,8482092,R. Greig,8481596,S. Pinto,8482245,A. Zub,1,0
2025-01-26,2024020790,2,REG,13:52,UTA,ev,none,wrist,1551,8479343,C. Keller,8476874,O. Maatta,8478507,J. Marino,1,1
2025-01-26,2024020790,3,REG,07:33,OTT,ev,none,backhand,1551,8473512,C. Giroux,8482116,T. Stützle,8482105,J. Sanderson,2,1
2025-01-26,2024020790,3,REG,13:22,OTT,ev,none,wrist,1551,8480801,B. Tkachuk,8482116,T. Stützle,8473512,C. Giroux,3,1
2025-01-26,2024020791,1,REG,05:28,WPG,ev,none,backhand,1551,8478398,K. Connor,8480014,G. Vilardi,8481019,D. Gustafsson,1,0
2025-01-26,2024020791,2,REG,10:17,WPG,ev,none,wrist,1551,8478891,M. Appleton,,,,,2,0
2025-01-26,2024020791,2,REG,15:08,CGY,pp,none,slap,1541,8477346,M. Weegar,8481068,Y. Sharangovich,8476456,J. Huberdeau,2,1
2025-01-26,2024020791,2,REG,19:09,WPG,ev,none,snap,1551,8480014,G. Vilardi,8480049,D. Samberg,8476460,M. Scheifele,3,1
2025-01-26,2024020791,3,REG,03:07,WPG,pp,none,wrist,1451,8480014,G. Vilardi,8478398,K. Connor,8477940,N. Ehlers,4,1
2025-01-26,2024020791,3,REG,04:27,CGY,ev,none,wrist,1551,8475172,N. Kadri,8479402,J. Bean,,,4,2
2025-01-26,2024020791,3,REG,07:08,WPG,pp,none,snap,1451,8476460,M. Scheifele,8480014,G. Vilardi,8478398,K. Connor,5,2
2025-01-26,2024020792,1,REG,05:43,MIN,ev,none,wrist,1551,8474716,J. Spurgeon,8481557,M. Boldy,8482079,M. Rossi,0,1
2025-01-26,2024020792,1,REG,07:17,MIN,ev,none,wrist,1551,8477919,F. Gaudreau,8475220,M. Foligno,,,0,2
2025-01-26,2024020792,2,REG,10:45,MIN,pp,none,tip-in,1541,8478493,J. Eriksson Ek,8478864,K. Kaprizov,8481557,M. Boldy,0,3
2025-01-26,2024020792,3,REG,00:56,CHI,pp,none,wrist,1451,8477495,S. Jones,8484144,C. Bedard,8477479,T. Bertuzzi,1,3
2025-01-26,2024020792,3,REG,04:16,CHI,ev,none,wrist,1441,8483493,F. Nazar,8482807,E. Del Mastro,,,2,3
2025-01-26,2024020792,3,REG,18:18,MIN,ev,empty-net,wrist,1560,8475220,M. Foligno,8481557,M. Boldy,8474567,Z. Bogosian,2,4
2025-01-26,2024020793,1,REG,05:26,VGK,ev,none,slap,1551,8475188,B. McNabb,8478434,K. Kolesar,8478462,N. Roy,1,0
2025-01-26,2024020793,2,REG,05:40,VGK,ev,none,wrist,1551,8476871,T. Pearson,8478462,N. Roy,8478434,K. Kolesar,2,0
2025-01-26,2024020793,3,REG,01:56,FLA,ev,none,tip-in,1551,8482113,A. Lundell,8480185,E. Luostarinen,8484304,U. Balinskis,2,1
2025-01-26,2024020793,3,REG,11:31,VGK,ev,none,wrist,1551,8478403,J. Eichel,8477964,I. Barbashev,8482125,A. Holtz,3,1
2025-01-26,2024020793,3,REG,19:31,VGK,ev,empty-net,wrist,0651,8476881,T. Hertl,8478462,N. Roy,8475188,B. McNabb,4,1
2025-01-27,2024020794,1,REG,14:50,LAK,ev,none,wrist,1551,8477942,K. Fiala,8481606,J. Spence,8482155,A. Laferriere,0,1
2025-01-27,2024020794,1,REG,17:05,LAK,ev,own-goal,,1551,8482124,Q. Byfield,,,,,0,2
2025-01-27,2024020794,1,REG,17:40,DET,ev,none,backhand,1551,8482078,L. Raymond,8483464,M. Kasper,8477946,D. Larkin,1,2
2025-01-27,2024020794,2,REG,06:03,DET,pp,none,slap,1351,8479337,A. DeBrincat,8482078,L. Raymond,8481542,M. Seider,2,2
2025-01-27,2024020794,2,REG,16:53,DET,ev,none,snap,1551,8481725,E. Soderblom,8478432,C. Fischer,8481607,A. Johansson,3,2
2025-01-27,2024020794,3,REG,10:05,DET,ev,none,snap,1551,8483464,M. Kasper,8482078,L. Raymond,,,4,2
2025-01-27,2024020794,3,REG,19:53,DET,ev,empty-net,snap,0651,8483464,M. Kasper,8477946,D. Larkin,8482078,L. Raymond,5,2
2025-01-27,2024020795,1,REG,11:04,PHI,pp,none,slap,1451,8481553,B. Brink,8477499,R. Ristolainen,8478439,T. Konecny,1,0
2025-01-27,2024020795,1,REG,11:32,PHI,ev,none,wrist,1551,8480797,J. Farabee,8476872,S. Laughton,,,2,0
2025-01-27,2024020795,2,REG,02:49,PHI,ev,none,tip-in,1551,8477903,G. Hathaway,8481546,C. York,8477499,R. Ristolainen,3,0
2025-01-27,2024020795,2,REG,18:47,NJD,ev,none,wrist,1551,8476462,D. Hamilton,,,,,3,1
2025-01-27,2024020795,3,REG,18:38,NJD,ev,none,slap,0651,8478414,T. Meier,8479407,J. Bratt,8481559,J. Hughes,3,2
2025-01-27,2024020795,3,REG,19:45,PHI,ev,empty-net,wrist,0651,8476872,S. Laughton,8478439,T. Konecny,,,4,2
2025-01-27,2024020796,1,REG,02:52,VAN,ev,none,tip-in,1551,8478856,C. Garland,8480800,Q. Hughes,8478498,J. DeBrusk,0,1
2025-01-27,2024020796,1,REG,15:53,VAN,pp,none,wrist,1541,8478856,C. Garland,8480012,E. Pettersson,8478444,B. Boeser,0,2
2025-01-27,2024020796,2,REG,08:26,VAN,pp,none,wrist,1541,8476468,J. Miller,8480800,Q. Hughes,8480947,K. Lankinen,0,3
2025-01-27,2024020796,2,REG,10:08,STL,pp,none,slap,1451,8482077,D. Holloway,8475753,J. Faulk,8482089,J. Neighbours,1,3
2025-01-27,2024020796,2,REG,13:36,VAN,sh,none,wrist,1451,8480459,P. Suter,8474574,T. Myers,,,1,4
2025-01-27,2024020796,3,REG,04:22,STL,ev,none,backhand,1551,8476892,C. Parayko,8478472,M. Joseph,,,2,4
2025-01-27,2024020796,3,REG,17:57,VAN,ev,empty-net,wrist,1560,8474574,T. Myers,8480459,P. Suter,,,2,5
2025-01-27,2024020797,1,REG,03:37,SEA,ev,none,snap,1551,8480009,E. Tolvanen,8477401,J. Hayden,8483524,S. Wright,0,1
2025-01-27,2024020797,1,REG,14:27,EDM,ev,none,deflected,1551,8477406,M. Janmark,8477015,C. Brown,8476454,R. Nugent-Hopkins,1,1
2025-01-27,2024020797,1,REG,17:41,SEA,ev,none,slap,1551,8478407,V. Dunn,8482665,M. Beniers,,,1,2
2025-01-27,2024020797,2,REG,01:57,EDM,ev,none,snap,1551,8478402,C. McDavid,8477934,L. Draisaitl,8475218,M. Ekholm,2,2
2025-01-27,2024020797,2,REG,09:38,EDM,ev,none,snap,1551,8470621,C. Perry,8477498,D. Nurse,,,3,2
2025-01-27,2024020797,3,REG,19:02,EDM,ev,empty-net,snap,0651,8475218,M. Ekholm,,,,,4,2
2025-01-27,2024020798,2,REG,07:41,SJS,ev,none,wrist,1551,8475798,M. Granlund,8484227,W. Smith,,,1,0
2025-01-27,2024020798,3,REG,00:24,PIT,ev,none,backhand,1551,8471675,S. Crosby,8475810,B. Rust,8476891,M. Grzelcyk,1,1
2025-01-27,2024020798,3,REG,03:41,SJS,ev,none,wrist,1551,8484801,M. Celebrini,8475726,T. Toffoli,,,2,1
2025-01-28,2024020799,1,REG,12:44,BOS,ev,none,snap,1551,8482511,M. Lohrei,,,,,0,1
2025-01-28,2024020799,1,REG,13:39,BUF,ev,none,slap,1551,8479420,T. Thompson,8481528,D. Cozens,8482175,J. Peterka,1,1
2025-01-28,2024020799,2,REG,04:43,BUF,ev,none,wrist,1551,8479420,T. Thompson,8480802,R. McLeod,8480807,M. Samuelsson,2,1
2025-01-28,2024020799,2,REG,06:32,BUF,ev,none,wrist,1551,8482175,J. Peterka,8482671,O. Power,8479420,T. Thompson,3,1
2025-01-28,2024020799,3,REG,03:13,BUF,ev,none,wrist,1551,8479420,T. Thompson,8480839,R. Dahlin,8481524,B. Byram,4,1
2025-01-28,2024020799,3,REG,10:13,BOS,pp,none,snap,1541,8473419,B. Marchand,8477496,E. Lindholm,8477956,D. Pastrnak,4,2
2025-01-28,2024020799,3,REG,10:43,BUF,ev,none,wrist,1551,8482175,J. Peterka,8483468,J.Kulich,,,5,2
2025-01-28,2024020799,3,REG,14:26,BUF,ev,empty-net,wrist,0651,8482175,J. Peterka,,,,,6,2
2025-01-28,2024020799,3,REG,19:47,BUF,pp,none,tip-in,1451,8484145,Z. Benson,8482097,J. Quinn,8481528,D. Cozens,7,2
2025-01-28,2024020800,1,REG,11:03,MTL,ev,none,snap,1551,8483515,J. Slafkovský,8480018,N. Suzuki,8481540,C. Caufield,1,0
2025-01-28,2024020800,1,REG,15:36,WPG,ev,none,snap,1551,8478398,K. Connor,8480014,G. Vilardi,8476331,D. DeMelo,1,1
2025-01-28,2024020800,2,REG,10:44,WPG,ev,none,snap,1551,8476460,M. Scheifele,8480014,G. Vilardi,8477504,J. Morrissey,1,2
2025-01-28,2024020800,2,REG,19:58,WPG,ev,none,snap,1551,8478398,K. Connor,8481019,D. Gustafsson,,,1,3
2025-01-28,2024020800,3,REG,18:15,WPG,ev,empty-net,backhand,1560,8480845,R. Kupari,8477940,N. Ehlers,8482149,C. Perfetti,1,4
2025-01-28,2024020801,1,REG,03:34,TBL,ev,none,wrist,1551,8478010,B. Point,8476453,N. Kucherov,8477404,J. Guentzel,1,0
2025-01-28,2024020801,2,REG,10:19,CHI,pp,none,wrist,1541,8484144,C. Bedard,8477495,S. Jones,8473422,N. Foligno,1,1
2025-01-28,2024020801,2,REG,18:14,CHI,ev,none,wrist,1551,8482172,L. Slaggert,8482117,L. Reichel,,,1,2
2025-01-28,2024020801,3,REG,08:02,CHI,ev,none,wrist,1551,8477987,R. Donato,8477495,S. Jones,8480798,P. Kurashev,1,3
2025-01-28,2024020801,3,REG,19:03,CHI,ev,empty-net,wrist,1560,8476882,T. Teravainen,8477450,J. Dickinson,,,1,4
2025-01-28,2024020802,1,REG,00:56,CAR,ev,none,wrist,1551,8480830,A. Svechnikov,8475791,T. Hall,8480829,J. Kotkaniemi,0,1
2025-01-28,2024020802,2,REG,19:29,CAR,ev,none,backhand,1551,8480830,A. Svechnikov,8478420,M. Rantanen,8482809,J. Blake,0,2
2025-01-28,2024020802,3,REG,01:04,CAR,ev,none,wrist,1551,8478427,S. Aho,8480830,A. Svechnikov,,,0,3
2025-01-28,2024020802,3,REG,02:30,CAR,ev,none,snap,1551,8482093,S. Jarvis,8476921,J. Martinook,,,0,4
2025-01-28,2024020803,2,REG,04:11,NYI,ev,none,backhand,1551,8475314,A. Lee,8475754,B. Nelson,8477950,T. DeAngelo,1,0
2025-01-28,2024020803,2,REG,13:00,COL,ev,none,tip-in,1551,8477476,A. Lehkonen,8477492,N. MacKinnon,8480039,M. Necas,1,1
2025-01-28,2024020803,3,REG,01:54,NYI,ev,none,wrist,1551,8481601,S. Holmstrom,8476419,J. Pageau,,,2,1
2025-01-28,2024020803,3,REG,11:23,NYI,ev,none,wrist,1551,8477500,B. Horvat,8475314,A. Lee,8481059,S. Perunovich,3,1
2025-01-28,2024020803,3,REG,14:55,COL,ev,none,wrist,1551,8480835,J. Drury,8480039,M. Necas,8476312,J. Manson,3,2
2025-01-28,2024020803,3,REG,17:31,NYI,ev,none,wrist,1551,8481014,A. Romanov,8481601,S. Holmstrom,8475231,C. Cizikas,4,2
2025-01-28,2024020803,3,REG,18:50,NYI,ev,empty-net,backhand,0651,8481601,S. Holmstrom,8476419,J. Pageau,,,5,2
2025-01-28,2024020804,1,REG,01:51,WSH,ev,none,wrist,1551,8479400,P. Dubois,,,,,0,1
2025-01-28,2024020804,2,REG,12:17,CGY,pp,none,tip-in,1451,8476399,B. Coleman,8475197,T. Barrie,8483808,A. Kuzmenko,1,1
2025-01-28,2024020804,2,REG,15:12,WSH,pp,none,backhand,1531,8478440,D. Strome,8474590,J. Carlson,8479345,J. Chychrun,1,2
2025-01-28,2024020804,3,REG,17:35,WSH,ev,none,wrist,1551,8481656,A. Protas,8474189,L. Eller,8477845,T. van Riemsdyk,1,3
2025-01-28,2024020805,1,REG,01:54,VGK,ev,none,snap,1551,8478403,J. Eichel,8477964,I. Barbashev,8475913,M. Stone,1,0
2025-01-28,2024020805,1,REG,03:41,DAL,ev,none,wrist,1551,8482145,M. Bourque,8475168,M. Duchene,8480036,M. Heiskanen,1,1
2025-01-28,2024020805,1,REG,06:35,VGK,ev,none,wrist,1551,8476881,T. Hertl,8479980,N. Hague,8481604,P. Dorofeyev,2,1
2025-01-28,2024020805,2,REG,03:57,VGK,pp,none,wrist,1351,8481604,P. Dorofeyev,8475913,M. Stone,8478403,J. Eichel,3,1
2025-01-28,2024020805,2,REG,05:04,DAL,sh,none,wrist,1451,8482740,W. Johnston,8478449,R. Hintz,,,3,2
2025-01-28,2024020805,3,REG,11:54,DAL,ev,none,wrist,1551,8482740,W. Johnston,8478449,R. Hintz,8480027,J. Robertson,3,3
2025-01-28,2024020805,4,OT,00:20,DAL,ev,none,wrist,1331,8482740,W. Johnston,8478449,R. Hintz,8476902,E. Lindell,3,4
2025-01-28,2024020806,1,REG,01:23,ANA,ev,none,wrist,1551,8478873,T. Terry,8476458,R. Strome,8478366,F. Vatrano,0,1
2025-01-28,2024020806,1,REG,06:43,SEA,ev,none,slap,1551,8480009,E. Tolvanen,8477986,B. Montour,,,1,1
2025-01-28,2024020806,1,REG,08:20,SEA,ev,none,backhand,1551,8478477,M. Stephens,8476467,J. Oleksiak,8481789,T. Kartye,2,1
2025-01-28,2024020806,1,REG,11:59,ANA,ev,none,backhand,1551,8483445,C. Gauthier,8477952,R. Fabbri,,,2,2
2025-01-28,2024020806,1,REG,14:01,SEA,ev,none,wrist,1551,8475768,J. Schwartz,8481554,K. Kakko,8482665,M. Beniers,3,2
2025-01-28,2024020806,2,REG,01:04,ANA,ev,none,slap,1551,8482745,M. McTavish,8476458,R. Strome,8481605,J. LaCombe,3,3
2025-01-28,2024020806,2,REG,05:39,ANA,ev,none,snap,1551,8477952,R. Fabbri,8482745,M. McTavish,,,3,4
2025-01-28,2024020806,2,REG,07:58,ANA,ev,none,wrist,1551,8481605,J. LaCombe,8480806,I. Lundestrom,8481517,B. Leason,3,5
2025-01-28,2024020806,3,REG,06:15,SEA,pp,none,snap,1451,8483524,S. Wright,8477955,J. McCann,8477986,B. Montour,4,5
2025-01-28,2024020806,3,REG,18:44,ANA,ev,empty-net,wrist,1560,8478366,F. Vatrano,,,,,4,6
2025-01-29,2024020807,1,REG,07:07,MIN,ev,none,snap,1551,8482177,M. Khusnutdinov,8480880,J. Lauko,8476913,D. Shore,0,1
2025-01-29,2024020807,1,REG,15:35,MIN,pp,none,wrist,1541,8474716,J. Spurgeon,8475692,M. Zuccarello,8478493,J. Eriksson Ek,0,2
2025-01-29,2024020807,3,REG,08:16,TOR,ev,none,wrist,1551,8477939,W. Nylander,8480995,P. Holmberg,8477503,M. Domi,1,2
2025-01-29,2024020807,3,REG,19:45,MIN,ev,empty-net,poke,1560,8475220,M. Foligno,8477919,F. Gaudreau,,,1,3
2025-01-29,2024020808,1,REG,04:55,FLA,ev,none,wrist,1551,8477935,S. Bennett,8479314,M. Tkachuk,8475179,D. Kulikov,1,0
2025-01-29,2024020808,3,REG,04:43,FLA,pp,none,backhand,1351,8477493,A. Barkov,8479314,M. Tkachuk,8477933,S. Reinhart,2,0
2025-01-29,2024020808,3,REG,18:48,FLA,ev,empty-net,wrist,0651,8479314,M. Tkachuk,8480185,E. Luostarinen,8477932,A. Ekblad,3,0
2025-01-29,2024020809,2,REG,00:54,NJD,pp,none,snap,1451,8476292,O. Palat,8481559,J. Hughes,8479407,J. Bratt,1,0
2025-01-29,2024020809,2,REG,06:27,NJD,ev,none,wrist,1551,8482684,L. Hughes,,,,,2,0
2025-01-29,2024020809,2,REG,12:41,NJD,pp,none,snap,1451,8479414,N. Bastian,8478414,T. Meier,8482684,L. Hughes,3,0
2025-01-29,2024020809,2,REG,13:43,NJD,ev,none,wrist,1551,8482110,D. Mercer,8478414,T. Meier,8477488,B. Pesce,4,0
2025-01-29,2024020809,3,REG,01:58,NJD,ev,none,snap,1551,8481559,J. Hughes,8479407,J. Bratt,8477488,B. Pesce,5,0
2025-01-29,2024020810,1,REG,07:11,VAN,ev,none,wrist,1551,8481535,N. Hoglander,8480800,Q. Hughes,8480012,E. Pettersson,0,1
2025-01-29,2024020810,1,REG,08:41,NSH,ev,none,deflected,1551,8478438,T. Novak,8482742,Z. L'Heureux,8482111,J. Barron,1,1
2025-01-29,2024020810,2,REG,01:28,VAN,ev,none,tip-in,1551,8481024,L. Karlsson,8474574,T. Myers,8480800,Q. Hughes,1,2
2025-01-29,2024020810,3,REG,19:41,VAN,pp,empty-net,wrist,1550,8480459,P. Suter,8475762,D. Forbort,8476468,J. Miller,1,3
2025-01-29,2024020811,1,REG,14:51,UTA,pp,none,snap,1451,8479410,M. Sergachev,8477951,N. Schmaltz,8483431,L. Cooley,1,0
2025-01-29,2024020811,2,REG,06:40,PIT,ev,none,slap,1551,8477969,M. Pettersson,8471675,S. Crosby,8476891,M. Grzelcyk,1,1
2025-01-29,2024020811,2,REG,08:36,UTA,ev,none,snap,1551,8479619,M. Carcone,8478507,J. Marino,8475760,N. Bjugstad,2,1
2025-01-29,2024020811,3,REG,06:17,PIT,ev,none,snap,1551,8474578,E. Karlsson,,,,,2,2
2025-01-29,2024020811,4,OT,03:54,PIT,ev,none,backhand,1331,8471675,S. Crosby,8479996,C. Glass,8476483,R. Rakell,2,3
2025-01-30,2024020812,1,REG,02:55,WPG,pp,none,backhand,1541,8476480,V. Namestnikov,8475799,N. Niederreiter,8482149,C. Perfetti,0,1
2025-01-30,2024020812,1,REG,11:31,WPG,ev,none,tip-in,1551,8476460,M. Scheifele,8480145,N. Pionk,8480049,D. Samberg,0,2
2025-01-30,2024020812,1,REG,15:34,BOS,pp,none,snap,1451,8473419,B. Marchand,8477496,E. Lindholm,8477956,D. Pastrnak,1,2
2025-01-30,2024020812,3,REG,00:11,BOS,sh,none,snap,1541,8477496,E. Lindholm,8478401,P. Zacha,,,2,2
2025-01-30,2024020812,3,REG,00:35,WPG,pp,none,snap,1541,8476460,M. Scheifele,8477940,N. Ehlers,8477504,J. Morrissey,2,3
2025-01-30,2024020812,3,REG,01:17,WPG,ev,none,poke,1551,8477940,N. Ehlers,,,,,2,4
2025-01-30,2024020812,3,REG,05:57,WPG,ev,none,wrist,1551,8484135,P. Ford,8480113,A. Iafallo,8479378,L. Stanley,2,5
2025-01-30,2024020812,3,REG,19:23,WPG,sh,empty-net,wrist,1460,8478398,K. Connor,8476480,V. Namestnikov,,,2,6
2025-01-30,2024020813,2,REG,03:41,MIN,ev,none,snap,1551,8483499,L. Ohgren,8477919,F. Gaudreau,8478508,Y. Trenin,0,1
2025-01-30,2024020813,2,REG,05:47,MIN,ev,none,snap,1551,8482079,M. Rossi,8475220,M. Foligno,8477451,R. Hartman,0,2
2025-01-30,2024020813,3,REG,05:56,MIN,ev,none,snap,1551,8476913,D. Shore,8482079,M. Rossi,,,0,3
2025-01-30,2024020813,3,REG,18:33,MIN,ev,empty-net,snap,1560,8477919,F. Gaudreau,8478508,Y. Trenin,8474716,J. Spurgeon,0,4
2025-01-30,2024020814,2,REG,04:08,OTT,pp,none,deflected,1451,8482092,R. Greig,8474102,D. Perron,8478469,T. Chabot,1,0
2025-01-30,2024020814,2,REG,07:43,WSH,ev,none,wrist,1551,8481580,C. McMichael,8479400,P. Dubois,8478911,M. Roy,1,1
2025-01-30,2024020814,2,REG,17:37,OTT,sh,penalty-shot,wrist,1010,8480064,J. Norris,,,,,2,1
2025-01-30,2024020814,2,REG,18:15,OTT,sh,none,wrist,1541,8481596,S. Pinto,8480064,J. Norris,8482105,J. Sanderson,3,1
2025-01-30,2024020814,3,REG,07:58,WSH,pp,none,wrist,1541,8478440,D. Strome,8474590,J. Carlson,8471214,A. Ovechkin,3,2
2025-01-30,2024020814,3,REG,10:38,OTT,pp,none,wrist,1451,8482105,J. Sanderson,8473512,C. Giroux,8482116,T. Stützle,4,2
2025-01-30,2024020814,3,REG,13:01,WSH,pp,none,wrist,1541,8471214,A. Ovechkin,8481656,A. Protas,8481580,C. McMichael,4,3
2025-01-30,2024020814,3,REG,14:31,WSH,ev,none,wrist,1551,8478440,D. Strome,8471214,A. Ovechkin,8476880,T. Wilson,4,4
2025-01-30,2024020814,4,OT,01:46,OTT,ev,none,wrist,1331,8478469,T. Chabot,8481596,S. Pinto,8480064,J. Norris,5,4
2025-01-30,2024020815,1,REG,04:45,TBL,ev,none,wrist,1551,8479542,B. Hagel,8482201,G. Goncalves,8476883,A. Vasilevskiy,1,0
2025-01-30,2024020815,3,REG,15:39,TBL,ev,none,wrist,1551,8479542,B. Hagel,8476453,N. Kucherov,,,2,0
2025-01-30,2024020815,3,REG,18:43,TBL,sh,empty-net,backhand,0641,8478519,A. Cirelli,8479542,B. Hagel,,,3,0
2025-01-30,2024020817,1,REG,16:57,CAR,sh,none,snap,1541,8482093,S. Jarvis,8484929,J. Jaaska,,,1,0
2025-01-30,2024020817,1,REG,18:38,CHI,ev,none,snap,1551,8481624,I. Mikheyev,8473422,N. Foligno,8477450,J. Dickinson,1,1
2025-01-30,2024020817,2,REG,04:52,CAR,ev,none,snap,1551,8478420,M. Rantanen,8478458,J. Roslovic,8475200,D. Orlov,2,1
2025-01-30,2024020817,2,REG,05:59,CAR,ev,none,snap,1551,8476958,J. Slavin,8482809,J. Blake,8484929,J. Jaaska,3,1
2025-01-30,2024020817,3,REG,06:29,CHI,ev,none,wrist,1551,8484144,C. Bedard,8477495,S. Jones,,,3,2
2025-01-30,2024020816,2,REG,10:02,NYI,ev,none,wrist,1551,8481601,S. Holmstrom,8481059,S. Perunovich,8476419,J. Pageau,0,1
2025-01-30,2024020816,2,REG,17:08,NYI,ev,none,snap,1551,8483553,M. Gatcomb,8481237,K. MacLean,8484958,M. Tsyplakov,0,2
2025-01-30,2024020816,3,REG,09:53,NYI,ev,none,wrist,1441,8475151,K. Palmieri,8475231,C. Cizikas,8476917,A. Pelech,0,3
2025-01-30,2024020818,1,REG,11:54,ANA,sh,none,snap,1451,8478366,F. Vatrano,8481605,J. LaCombe,,,0,1
2025-01-30,2024020818,2,REG,00:15,CGY,ev,none,backhand,1551,8483609,A. Klapka,8481028,M. Pospisil,8479402,J. Bean,1,1
2025-01-30,2024020818,2,REG,19:16,CGY,ev,none,deflected,1551,8476399,B. Coleman,8482679,M. Coronato,,,2,1
2025-01-30,2024020818,3,REG,16:10,CGY,ev,none,wrist,1551,8482679,M. Coronato,8476399,B. Coleman,,,3,1
2025-01-30,2024020818,3,REG,17:37,CGY,ev,empty-net,wrist,0651,8482679,M. Coronato,8477810,J. Hanley,,,4,1
2025-01-30,2024020819,1,REG,06:49,EDM,pp,none,snap,1451,8477934,L. Draisaitl,8480803,E. Bouchard,8478402,C. McDavid,1,0
2025-01-30,2024020819,1,REG,10:29,EDM,ev,none,snap,1551,8475784,J. Skinner,8475786,Z. Hyman,8474641,A. Henrique,2,0
2025-01-30,2024020819,2,REG,09:59,DET,ev,none,tip-in,1551,8479992,M. Rasmussen,8481013,J. Berggren,8481725,E. Soderblom,2,1
2025-01-30,2024020819,2,REG,11:47,DET,ev,none,snap,1551,8477946,D. Larkin,8483464,M. Kasper,,,2,2
2025-01-30,2024020819,5,SO,00:00,DET,ev,none,snap,0101,8482078,L. Raymond,,,,,2,3
2025-01-30,2024020820,1,REG,04:58,VGK,ev,none,snap,1551,8476881,T. Hertl,8481604,P. Dorofeyev,8479980,N. Hague,1,0
2025-01-30,2024020820,1,REG,18:34,CBJ,ev,none,wrist,1551,8484166,A. Fantilli,8481716,D. Voronkov,,,1,1
2025-01-30,2024020820,4,OT,00:52,CBJ,ev,none,snap,1331,8482705,C. Sillinger,8478460,Z. Werenski,8482660,K. Johnson,1,2
2025-01-30,2024020821,1,REG,03:55,SEA,ev,none,wrist,1551,8476905,C. Stephenson,8477416,O. Bjorkstrand,8480009,E. Tolvanen,1,0
2025-01-30,2024020821,1,REG,17:55,SJS,ev,none,wrist,1551,8479336,C. Grundstrom,8484227,W. Smith,8475798,M. Granlund,1,1
2025-01-30,2024020821,2,REG,02:03,SEA,ev,none,wrist,1551,8477416,O. Bjorkstrand,8476905,C. Stephenson,8478407,V. Dunn,2,1
2025-01-30,2024020821,2,REG,02:54,SEA,ev,none,wrist,1551,8477986,B. Montour,8483524,S. Wright,,,3,1
2025-01-30,2024020821,2,REG,05:58,SEA,ev,none,wrist,1551,8475768,J. Schwartz,8476467,J. Oleksiak,,,4,1
2025-01-30,2024020821,2,REG,07:52,SEA,pp,none,slap,1351,8477986,B. Montour,8477955,J. McCann,8476905,C. Stephenson,5,1
2025-01-30,2024020821,3,REG,08:06,SJS,ev,none,wrist,1551,8475726,T. Toffoli,8484801,M. Celebrini,8481567,H. Thrun,5,2
2025-01-30,2024020821,3,REG,12:18,SEA,ev,none,wrist,1551,8480009,E. Tolvanen,8479372,J. Mahura,,,6,2
2025-01-31,2024020822,1,REG,02:25,BUF,ev,none,poke,1551,8480802,R. McLeod,8480839,R. Dahlin,8482097,J. Quinn,1,0
2025-01-31,2024020822,1,REG,08:41,BUF,ev,none,wrist,1551,8483468,J.Kulich,8480839,R. Dahlin,8482671,O. Power,2,0
2025-01-31,2024020822,1,REG,10:56,NSH,ev,none,tip-in,1551,8482146,L. Evangelista,8482111,J. Barron,8475158,R. O'Reilly,2,1
2025-01-31,2024020822,1,REG,17:06,NSH,ev,none,slap,1551,8476869,B. Skjei,8476925,C. Sissons,8477446,M. McCarron,2,2
2025-01-31,2024020822,2,REG,02:51,NSH,ev,none,tip-in,1551,8478438,T. Novak,8476869,B. Skjei,8482768,F. Svechkov,2,3
2025-01-31,2024020822,2,REG,12:26,BUF,ev,none,tip-in,1551,8475722,J. Zucker,8477949,A. Tuch,,,3,3
2025-01-31,2024020822,3,REG,17:56,BUF,ev,none,wrist,1551,8483468,J.Kulich,8479420,T. Thompson,8482175,J. Peterka,4,3
2025-01-31,2024020823,1,REG,09:12,DAL,ev,none,snap,1551,8480840,O. Bäck,8476278,C. Blackwell,,,1,0
2025-01-31,2024020823,2,REG,05:08,VAN,ev,none,snap,1551,8478856,C. Garland,8481535,N. Hoglander,8479425,F. Hronek,1,1
2025-01-31,2024020823,2,REG,16:29,DAL,pp,none,snap,1451,8480027,J. Robertson,8482740,W. Johnston,8475168,M. Duchene,2,1
2025-01-31,2024020823,3,REG,04:04,DAL,ev,none,backhand,1551,8478449,R. Hintz,8480027,J. Robertson,8476902,E. Lindell,3,1
2025-01-31,2024020823,3,REG,16:33,DAL,sh,empty-net,wrist,0641,8478449,R. Hintz,,,,,4,1
2025-01-31,2024020823,3,REG,17:51,VAN,pp,none,wrist,1541,8478498,J. DeBrusk,8480012,E. Pettersson,8480800,Q. Hughes,4,2
2025-01-31,2024020823,3,REG,19:07,DAL,ev,empty-net,snap,0651,8480027,J. Robertson,8481581,T. Harley,8478449,R. Hintz,5,2
2025-01-31,2024020823,3,REG,19:56,VAN,ev,none,slap,1551,8477369,C. Soucy,8476858,P. Di Giuseppe,8478046,D. Heinen,5,3
2025-01-31,2024020824,1,REG,04:57,COL,ev,none,bat,1551,8477494,J. Drouin,8481704,J. Parssinen,8479387,K. Middleton,1,0
2025-01-31,2024020824,1,REG,07:39,COL,ev,none,wrist,1551,8480039,M. Necas,8478038,D. Toews,8477476,A. Lehkonen,2,0
2025-01-31,2024020824,1,REG,14:43,COL,pp,none,snap,1451,8477494,J. Drouin,,,,,3,0
2025-01-31,2024020824,1,REG,17:25,COL,pp,none,wrist,1451,8480069,C. Makar,8477492,N. MacKinnon,8477494,J. Drouin,4,0
2025-01-31,2024020824,3,REG,13:21,COL,ev,none,wrist,1551,8481641,J. Kiviranta,,,,,5,0
2025-01-31,2024020825,2,REG,00:41,UTA,pp,none,tip-in,1451,8477951,N. Schmaltz,8480849,B. Hayton,8479343,C. Keller,1,0
2025-01-31,2024020825,3,REG,00:29,UTA,ev,none,wrist,1551,8477021,A. Kerfoot,8478507,J. Marino,8479343,C. Keller,2,0
2025-01-31,2024020825,3,REG,06:25,CBJ,ev,none,snap,1551,8480893,K. Marchenko,8484166,A. Fantilli,8478460,Z. Werenski,2,1
2025-01-31,2024020825,3,REG,11:42,CBJ,ev,none,snap,1551,8482660,K. Johnson,8474037,J. van Riemsdyk,8479371,D. Fabbro,2,2
2025-01-31,2024020825,4,OT,01:01,CBJ,ev,none,snap,1331,8478460,Z. Werenski,8482705,C. Sillinger,,,2,3
2025-02-01,2024020826,1,REG,00:07,CHI,ev,none,backhand,1551,8482172,L. Slaggert,8477987,R. Donato,,,0,1
2025-02-01,2024020826,1,REG,05:28,FLA,ev,none,wrist,1551,8479981,J. Gadjovich,8478421,A. Greer,8478859,N. Mikkola,1,1
2025-02-01,2024020826,1,REG,10:19,FLA,ev,none,wrist,1551,8477933,S. Reinhart,8477493,A. Barkov,8477932,A. Ekblad,2,1
2025-02-01,2024020826,2,REG,16:29,FLA,ev,none,tip-in,1551,8479314,M. Tkachuk,8477933,S. Reinhart,8477409,C. Verhaeghe,3,1
2025-02-01,2024020826,3,REG,00:10,FLA,ev,none,snap,1551,8478542,E. Rodrigues,8482113,A. Lundell,,,4,1
2025-02-01,2024020826,3,REG,09:37,FLA,pp,none,wrist,1451,8477409,C. Verhaeghe,8477933,S. Reinhart,8477493,A. Barkov,5,1
2025-02-01,2024020827,1,REG,10:21,BOS,pp,none,slap,1451,8479325,C. McAvoy,8478401,P. Zacha,8477956,D. Pastrnak,1,0
2025-02-01,2024020827,1,REG,10:55,NYR,ev,none,slap,1551,8476468,J. Miller,8478550,A. Panarin,,,1,1
2025-02-01,2024020827,1,REG,17:09,BOS,ev,none,snap,1551,8477956,D. Pastrnak,8483505,M. Poitras,8478443,B. Carlo,2,1
2025-02-01,2024020827,2,REG,03:39,BOS,ev,none,tip-in,1551,8475745,C. Coyle,8479369,A. Peeke,8473419,B. Marchand,3,1
2025-02-01,2024020827,2,REG,17:10,BOS,pp,none,snap,1451,8478401,P. Zacha,8477496,E. Lindholm,8473419,B. Marchand,4,1
2025-02-01,2024020827,3,REG,00:35,NYR,pp,none,tip-in,1541,8476468,J. Miller,8476459,M. Zibanejad,8475184,C. Kreider,4,2
2025-02-01,2024020827,3,REG,01:21,BOS,ev,none,slap,1551,8477956,D. Pastrnak,8483505,M. Poitras,,,5,2
2025-02-01,2024020827,3,REG,10:47,NYR,ev,none,tip-in,1551,8477380,J. Brodzinski,8479324,R. Lindgren,8478840,W. Borgen,5,3
2025-02-01,2024020827,3,REG,16:38,BOS,ev,empty-net,wrist,0651,8477956,D. Pastrnak,8479987,M. Geekie,,,6,3
2025-02-01,2024020828,1,REG,18:01,OTT,sh,none,backhand,1541,8480064,J. Norris,8482105,J. Sanderson,8482245,A. Zub,1,0
2025-02-01,2024020828,2,REG,07:38,OTT,ev,none,wrist,1441,8482116,T. Stützle,8480801,B. Tkachuk,8482105,J. Sanderson,2,0
2025-02-01,2024020828,2,REG,08:45,OTT,ev,none,wrist,1551,8478020,M. Amadio,8482092,R. Greig,8481596,S. Pinto,3,0
2025-02-01,2024020828,3,REG,00:38,OTT,pp,none,wrist,1451,8482105,J. Sanderson,8480208,D. Batherson,8482116,T. Stützle,4,0
2025-02-01,2024020828,3,REG,01:37,OTT,pp,none,wrist,1451,8480801,B. Tkachuk,8473512,C. Giroux,8480208,D. Batherson,5,0
2025-02-01,2024020828,3,REG,02:52,OTT,pp,none,slap,1351,8480208,D. Batherson,8482116,T. Stützle,8482105,J. Sanderson,6,0
2025-02-01,2024020829,2,REG,05:39,TBL,ev,none,tip-in,1551,8477404,J. Guentzel,8478416,E. Cernak,8482201,G. Goncalves,1,0
2025-02-01,2024020829,2,REG,18:16,NYI,ev,none,wrist,1551,8480871,A. Boqvist,8478445,M. Barzal,8481601,S. Holmstrom,1,1
2025-02-01,2024020829,3,REG,06:41,NYI,ev,none,snap,1551,8475151,K. Palmieri,8484958,M. Tsyplakov,,,1,2
2025-02-01,2024020829,3,REG,19:13,TBL,ev,none,snap,1560,8476453,N. Kucherov,8478178,D. Raddysh,8478010,B. Point,2,2
2025-02-01,2024020829,4,OT,00:33,NYI,ev,none,wrist,1331,8477950,T. DeAngelo,8477500,B. Horvat,8481601,S. Holmstrom,2,3
2025-02-01,2024020830,1,REG,10:00,PIT,ev,none,slap,1551,8481577,P. Tomasino,8474578,E. Karlsson,8471724,K. Letang,1,0
2025-02-01,2024020830,2,REG,10:43,PIT,ev,none,slap,1551,8471675,S. Crosby,8476483,R. Rakell,8474578,E. Karlsson,2,0
2025-02-01,2024020830,3,REG,17:59,PIT,ev,empty-net,wrist,0651,8475810,B. Rust,8476483,R. Rakell,8471675,S. Crosby,3,0
2025-02-01,2024020831,1,REG,09:13,WPG,pp,none,snap,1541,8482149,C. Perfetti,8476480,V. Namestnikov,8480145,N. Pionk,0,1
2025-02-01,2024020831,1,REG,12:41,WPG,ev,none,wrist,1551,8480049,D. Samberg,8482149,C. Perfetti,8476480,V. Namestnikov,0,2
2025-02-01,2024020831,2,REG,01:12,WSH,ev,none,wrist,1551,8479400,P. Dubois,8474590,J. Carlson,8481580,C. McMichael,1,2
2025-02-01,2024020831,2,REG,04:03,WPG,ev,none,tip-in,1551,8480113,A. Iafallo,8480145,N. Pionk,8480049,D. Samberg,1,3
2025-02-01,2024020831,2,REG,04:54,WSH,ev,none,snap,1551,8479390,T. Raddysh,8478911,M. Roy,,,2,3
2025-02-01,2024020831,3,REG,01:10,WPG,ev,none,wrist,1551,8477504,J. Morrissey,8476460,M. Scheifele,,,2,4
2025-02-01,2024020831,3,REG,07:26,WSH,ev,none,wrist,1551,8476880,T. Wilson,8478440,D. Strome,8478911,M. Roy,3,4
2025-02-01,2024020831,3,REG,12:21,WSH,ev,none,slap,1551,8471214,A. Ovechkin,8476880,T. Wilson,8478911,M. Roy,4,4
2025-02-01,2024020831,4,OT,01:57,WPG,ev,none,snap,1331,8477504,J. Morrissey,8476460,M. Scheifele,8478398,K. Connor,4,5
2025-02-01,2024020832,1,REG,15:22,CAR,ev,none,tip-in,1551,8480829,J. Kotkaniemi,8480336,S. Walker,8476906,S. Gostisbehere,1,0
2025-02-01,2024020832,1,REG,17:57,LAK,ev,none,snap,1551,8476479,P. Danault,,,,,1,1
2025-02-01,2024020832,2,REG,01:03,LAK,ev,none,snap,1551,8479675,T. Moore,8476479,P. Danault,8478882,V. Gavrikov,1,2
2025-02-01,2024020832,2,REG,16:58,LAK,ev,none,wrist,1551,8477942,K. Fiala,8482124,Q. Byfield,8474563,D. Doughty,1,3
2025-02-01,2024020832,3,REG,05:44,CAR,ev,none,wrist,1551,8480762,E. Robinson,8470613,B. Burns,8476958,J. Slavin,2,3
2025-02-01,2024020832,3,REG,11:40,LAK,ev,none,wrist,1551,8477942,K. Fiala,8482124,Q. Byfield,,,2,4
2025-02-01,2024020833,1,REG,06:32,TOR,ev,none,snap,1551,8477939,W. Nylander,8475166,J. Tavares,,,0,1
2025-02-01,2024020833,1,REG,09:08,TOR,pp,none,backhand,1541,8482720,M. Knies,8479318,A. Matthews,8478483,M. Marner,0,2
2025-02-01,2024020833,1,REG,12:50,TOR,pp,none,backhand,1541,8482259,B. McMann,8476853,M. Rielly,8477503,M. Domi,0,3
2025-02-01,2024020833,2,REG,11:27,EDM,ev,none,slap,1551,8480803,E. Bouchard,8476967,B. Kulak,8478042,V. Arvidsson,1,3
2025-02-01,2024020833,3,REG,00:18,TOR,ev,none,deflected,1551,8478483,M. Marner,8479318,A. Matthews,8482720,M. Knies,1,4
2025-02-01,2024020833,3,REG,06:04,EDM,ev,none,snap,1551,8475786,Z. Hyman,8476454,R. Nugent-Hopkins,8480803,E. Bouchard,2,4
2025-02-01,2024020833,3,REG,11:33,EDM,ev,none,snap,1551,8470621,C. Perry,8476967,B. Kulak,8477934,L. Draisaitl,3,4
2025-02-01,2024020834,1,REG,08:27,DET,ev,none,snap,1551,8477946,D. Larkin,8478432,C. Fischer,8479942,D. Shine,0,1
2025-02-01,2024020834,1,REG,19:14,DET,ev,none,wrist,1551,8482762,S. Edvinsson,8481013,J. Berggren,8481725,E. Soderblom,0,2
2025-02-01,2024020834,3,REG,08:34,CGY,pp,none,wrist,1451,8475172,N. Kadri,8477346,M. Weegar,8482679,M. Coronato,1,2
2025-02-01,2024020834,3,REG,19:06,DET,ev,awarded-empty-net,wrist,1560,8477429,A. Copp,8479337,A. DeBrincat,8475765,V. Tarasenko,1,3
2025-02-02,2024020835,1,REG,08:11,BUF,ev,none,wrist,1551,8479420,T. Thompson,8482671,O. Power,8481524,B. Byram,1,0
2025-02-02,2024020835,1,REG,15:50,BUF,ev,none,poke,1551,8482175,J. Peterka,8479420,T. Thompson,8478502,D. Gilbert,2,0
2025-02-02,2024020835,1,REG,19:31,BUF,sh,none,backhand,1541,8480802,R. McLeod,8477949,A. Tuch,8480839,R. Dahlin,3,0
2025-02-02,2024020835,2,REG,04:38,NJD,ev,none,wrist,1551,8481032,P. Cotter,8475413,J. Dowling,8476462,D. Hamilton,3,1
2025-02-02,2024020835,2,REG,17:25,BUF,ev,none,tip-in,1551,8475722,J. Zucker,8479420,T. Thompson,8480839,R. Dahlin,4,1
2025-02-02,2024020835,3,REG,00:18,NJD,ev,none,wrist,1551,8481032,P. Cotter,8477488,B. Pesce,,,4,2
2025-02-02,2024020835,3,REG,05:32,NJD,sh,none,backhand,1451,8481559,J. Hughes,8479407,J. Bratt,,,4,3
2025-02-02,2024020836,2,REG,08:33,COL,ev,none,snap,1551,8479398,S. Girard,8479999,C. Mittelstadt,8477494,J. Drouin,1,0
2025-02-02,2024020836,2,REG,17:28,COL,pp,none,wrist,1451,8477492,N. MacKinnon,8480069,C. Makar,8477494,J. Drouin,2,0
2025-02-02,2024020837,1,REG,10:35,MTL,sh,none,wrist,1451,8476469,J. Armia,8478133,J. Evans,,,0,1
2025-02-02,2024020837,1,REG,14:57,MTL,pp,none,wrist,1541,8477989,C. Dvorak,8476875,M. Matheson,8481618,A. Newhook,0,2
2025-02-02,2024020837,2,REG,13:37,ANA,ev,none,tip-in,1551,8482745,M. McTavish,8473986,A. Killorn,8484153,L. Carlsson,1,2
2025-02-02,2024020837,2,REG,14:17,ANA,ev,none,snap,1551,8478366,F. Vatrano,8476458,R. Strome,8481533,T. Zegras,2,2
2025-02-02,2024020837,3,REG,11:11,ANA,ev,none,snap,1551,8473986,A. Killorn,8484153,L. Carlsson,,,3,2
2025-02-02,2024020838,1,REG,00:39,FLA,ev,none,backhand,1551,8477409,C. Verhaeghe,8477933,S. Reinhart,8477493,A. Barkov,1,0
2025-02-02,2024020838,1,REG,12:52,FLA,ev,none,wrist,1551,8477409,C. Verhaeghe,8478055,G. Forsling,,,2,0
2025-02-02,2024020838,2,REG,03:10,NYI,ev,none,wrist,1551,8481237,K. MacLean,8477950,T. DeAngelo,8479395,D. Cholowski,2,1
2025-02-02,2024020838,2,REG,10:00,NYI,pp,none,wrist,1541,8476419,J. Pageau,8475231,C. Cizikas,8479395,D. Cholowski,2,2
2025-02-02,2024020838,2,REG,14:51,NYI,ev,none,tip-in,1551,8483553,M. Gatcomb,8476917,A. Pelech,8484958,M. Tsyplakov,2,3
2025-02-02,2024020838,2,REG,17:52,FLA,ev,none,backhand,1551,8478542,E. Rodrigues,8482113,A. Lundell,8480185,E. Luostarinen,3,3
2025-02-02,2024020838,2,REG,19:09,FLA,ev,none,wrist,1551,8477933,S. Reinhart,8478055,G. Forsling,8477493,A. Barkov,4,3
2025-02-02,2024020838,3,REG,10:41,FLA,pp,none,wrist,1451,8477409,C. Verhaeghe,8479314,M. Tkachuk,8477493,A. Barkov,5,3
2025-02-02,2024020838,3,REG,18:21,FLA,ev,empty-net,wrist,0651,8479314,M. Tkachuk,8477932,A. Ekblad,8477409,C. Verhaeghe,6,3
2025-02-02,2024020839,1,REG,19:41,VGK,pp,none,snap,1541,8478403,J. Eichel,8475913,M. Stone,8481604,P. Dorofeyev,0,1
2025-02-02,2024020839,2,REG,01:18,NYR,ev,none,wrist,1551,8482109,A. Lafrenière,8479323,A. Fox,8475191,R. Smith,1,1
2025-02-02,2024020839,2,REG,09:16,VGK,ev,none,snap,1551,8478403,J. Eichel,8478434,K. Kolesar,8477447,S. Theodore,1,2
2025-02-02,2024020839,3,REG,05:04,NYR,pp,none,backhand,1451,8476459,M. Zibanejad,8476468,J. Miller,8478550,A. Panarin,2,2
2025-02-02,2024020839,3,REG,11:33,NYR,ev,none,snap,1551,8480817,K. Miller,8476459,M. Zibanejad,8478550,A. Panarin,3,2
2025-02-02,2024020839,3,REG,18:19,NYR,pp,none,wrist,1451,8478550,A. Panarin,8476459,M. Zibanejad,8476468,J. Miller,4,2
2025-02-02,2024020840,1,REG,06:43,CBJ,ev,none,snap,1551,8482705,C. Sillinger,8482660,K. Johnson,8474037,J. van Riemsdyk,0,1
2025-02-02,2024020840,1,REG,13:36,DAL,ev,none,tip-in,1551,8478975,M. Marchment,8483425,L. Bichsel,8482145,M. Bourque,1,1
2025-02-02,2024020840,2,REG,04:58,CBJ,ev,none,snap,1551,8481716,D. Voronkov,8484166,A. Fantilli,8480893,K. Marchenko,1,2
2025-02-02,2024020840,2,REG,06:03,DAL,ev,none,snap,1551,8482702,L. Stankoven,8475798,M. Granlund,,,2,2
2025-02-02,2024020840,2,REG,12:02,CBJ,ev,none,snap,1551,8478500,I. Provorov,8482451,M. Pyyhtia,8479941,J. Danforth,2,3
2025-02-02,2024020840,2,REG,15:49,DAL,pp,none,snap,1451,8482740,W. Johnston,8481581,T. Harley,8480027,J. Robertson,3,3
2025-02-02,2024020840,3,REG,11:22,DAL,ev,none,tip-in,1551,8474149,E. Dadonov,8481581,T. Harley,8480950,I. Lyubushkin,4,3
2025-02-02,2024020840,3,REG,15:47,DAL,ev,none,backhand,1551,8474149,E. Dadonov,8482740,W. Johnston,8473994,J. Benn,5,3
2025-02-02,2024020841,1,REG,17:41,STL,ev,none,wrist,1551,8480074,A. Texier,8476889,R. Faksa,8480281,A. Toropchenko,0,1
2025-02-02,2024020841,3,REG,03:27,UTA,ev,none,slap,1551,8480891,M. Kesselring,8475760,N. Bjugstad,8478831,K. Stenlund,1,1
2025-02-02,2024020841,3,REG,07:13,STL,ev,none,slap,1551,8479385,J. Kyrou,8480023,R. Thomas,8477402,P. Buchnevich,1,2
2025-02-02,2024020842,1,REG,04:19,VAN,ev,none,tip-in,1551,8480459,P. Suter,8483678,E. Pettersson,8480748,K. Sherwood,1,0
2025-02-02,2024020842,1,REG,06:14,DET,ev,none,wrist,1551,8479337,A. DeBrincat,8477429,A. Copp,,,1,1
2025-02-02,2024020842,2,REG,05:54,DET,ev,none,wrist,1551,8475279,B. Chiarot,8481013,J. Berggren,8481725,E. Soderblom,1,2
2025-02-02,2024020842,3,REG,10:46,VAN,ev,none,wrist,1551,8480078,F. Chytil,,,,,2,2
2025-02-02,2024020842,4,OT,04:18,DET,ev,none,snap,1331,8479337,A. DeBrincat,8482078,L. Raymond,8481542,M. Seider,2,3
2025-02-02,2024020843,1,REG,14:03,CGY,ev,none,wrist,1551,8480028,M. Frost,8481068,Y. Sharangovich,8481028,M. Pospisil,0,1
2025-02-02,2024020843,1,REG,16:43,CGY,pp,none,wrist,1541,8481068,Y. Sharangovich,8474150,M. Backlund,8478397,R. Andersson,0,2
2025-02-02,2024020843,1,REG,17:56,CGY,pp,none,slap,1531,8476456,J. Huberdeau,8475172,N. Kadri,8477346,M. Weegar,0,3
2025-02-02,2024020843,2,REG,14:31,SEA,ev,none,snap,1551,8481554,K. Kakko,8475768,J. Schwartz,8479372,J. Mahura,1,3
2025-02-02,2024020843,3,REG,05:41,SEA,ev,none,deflected,1551,8479293,B. Tanev,8477955,J. McCann,8483524,S. Wright,2,3
2025-02-03,2024020844,2,REG,03:59,NSH,ev,none,wrist,1551,8476887,F. Forsberg,8474600,R. Josi,8476994,V. Hinostroza,1,0
2025-02-03,2024020844,2,REG,10:00,OTT,ev,none,bat,1551,8478874,A. Gaudette,8482116,T. Stützle,8474102,D. Perron,1,1
2025-02-03,2024020844,2,REG,13:04,OTT,ev,none,wrist,1551,8482105,J. Sanderson,8478146,M. Highmore,8482245,A. Zub,1,2
2025-02-03,2024020844,3,REG,00:47,NSH,pp,none,snap,1451,8476539,J. Marchessault,8475158,R. O'Reilly,8476887,F. Forsberg,2,2
2025-02-03,2024020844,3,REG,06:17,OTT,ev,none,snap,1551,8481596,S. Pinto,8478874,A. Gaudette,8478469,T. Chabot,2,3
2025-02-03,2024020844,3,REG,14:06,OTT,pp,none,deflected,1541,8474102,D. Perron,8480801,B. Tkachuk,8482245,A. Zub,2,4
2025-02-03,2024020844,3,REG,17:09,OTT,ev,empty-net,wrist,1560,8482092,R. Greig,8480801,B. Tkachuk,8473512,C. Giroux,2,5
2025-02-04,2024020845,2,REG,05:46,BOS,ev,none,tip-in,1551,8479325,C. McAvoy,8477956,D. Pastrnak,8483505,M. Poitras,1,0
2025-02-04,2024020845,2,REG,14:14,BOS,ev,none,snap,1551,8479365,T. Frederic,8483505,M. Poitras,8478443,B. Carlo,2,0
2025-02-04,2024020845,3,REG,19:14,BOS,ev,empty-net,snap,0651,8479987,M. Geekie,,,,,3,0
2025-02-04,2024020846,1,REG,10:07,BUF,ev,none,snap,1551,8481524,B. Byram,8475722,J. Zucker,8477949,A. Tuch,1,0
2025-02-04,2024020846,2,REG,01:47,CBJ,ev,none,backhand,1551,8482660,K. Johnson,8474037,J. van Riemsdyk,8478500,I. Provorov,1,1
2025-02-04,2024020846,2,REG,12:17,BUF,ev,none,tip-in,1551,8477949,A. Tuch,8478502,D. Gilbert,8481524,B. Byram,2,1
2025-02-04,2024020846,2,REG,18:56,BUF,ev,none,tip-in,1551,8477949,A. Tuch,8480839,R. Dahlin,8475722,J. Zucker,3,1
2025-02-04,2024020846,3,REG,12:38,CBJ,ev,none,tip-in,1551,8478500,I. Provorov,8476923,D. Severson,8483432,L. Del Bel Belluz,3,2
2025-02-04,2024020847,1,REG,14:09,OTT,pp,none,wrist,1541,8478020,M. Amadio,8482092,R. Greig,8474102,D. Perron,0,1
2025-02-04,2024020847,2,REG,01:44,TBL,ev,none,tip-in,1551,8476822,L. Glendening,8482929,E. Lilleberg,8480246,N. Perbix,1,1
2025-02-04,2024020847,2,REG,07:38,TBL,pp,none,slap,1451,8476453,N. Kucherov,8475167,V. Hedman,,,2,1
2025-02-04,2024020847,2,REG,09:30,OTT,ev,none,wrist,1551,8473512,C. Giroux,8478469,T. Chabot,8482116,T. Stützle,2,2
2025-02-04,2024020847,3,REG,01:56,TBL,ev,none,wrist,1551,8479542,B. Hagel,,,,,3,2
2025-02-04,2024020847,3,REG,18:25,TBL,ev,empty-net,wrist,0651,8474151,R. McDonagh,8475167,V. Hedman,8478519,A. Cirelli,4,2
2025-02-04,2024020847,3,REG,18:40,OTT,ev,none,wrist,0651,8480208,D. Batherson,8482105,J. Sanderson,8478469,T. Chabot,4,3
2025-02-04,2024020848,1,REG,19:43,NJD,ev,none,deflected,1551,8481559,J. Hughes,8479407,J. Bratt,8476292,O. Palat,0,1
2025-02-04,2024020848,2,REG,09:14,NJD,ev,none,slap,1441,8481559,J. Hughes,8479407,J. Bratt,,,0,2
2025-02-04,2024020848,2,REG,14:56,PIT,ev,none,wrap-around,1551,8476483,R. Rakell,8471675,S. Crosby,8474578,E. Karlsson,1,2
2025-02-04,2024020848,3,REG,07:53,PIT,ev,none,wrist,1441,8475763,K. Hayes,8480058,P. Joseph,8478463,A. Beauvillier,2,2
2025-02-04,2024020848,5,SO,00:00,NJD,ev,none,wrist,0101,8478414,T. Meier,,,,,2,3
2025-02-04,2024020849,1,REG,14:08,WSH,ev,none,snap,1551,8478233,A. Mangiapane,8480873,R. Sandin,8475343,N. Dowd,1,0
2025-02-04,2024020849,1,REG,19:30,FLA,ev,none,backhand,1551,8477935,S. Bennett,8480003,J. Boqvist,,,1,1
2025-02-04,2024020849,2,REG,01:15,WSH,sh,none,snap,1541,8476880,T. Wilson,8481656,A. Protas,,,2,1
2025-02-04,2024020849,2,REG,04:14,FLA,ev,none,backhand,1551,8477493,A. Barkov,8477409,C. Verhaeghe,8477933,S. Reinhart,2,2
2025-02-04,2024020849,3,REG,02:19,WSH,ev,none,wrist,1551,8474189,L. Eller,8474590,J. Carlson,,,3,2
2025-02-04,2024020849,3,REG,06:10,WSH,ev,none,snap,1560,8475343,N. Dowd,8478233,A. Mangiapane,8478440,D. Strome,4,2
2025-02-04,2024020849,3,REG,07:46,FLA,ev,none,snap,1441,8479314,M. Tkachuk,8477220,N. Schmidt,8477935,S. Bennett,4,3
2025-02-04,2024020849,3,REG,18:21,WSH,ev,empty-net,wrist,0651,8481656,A. Protas,,,,,5,3
2025-02-04,2024020849,3,REG,19:59,WSH,ev,empty-net,wrist,0651,8471214,A. Ovechkin,8480796,M. Fehérváry,8475343,N. Dowd,6,3
2025-02-04,2024020850,1,REG,18:21,NYI,ev,none,backhand,1551,8477500,B. Horvat,8476917,A. Pelech,8484958,M. Tsyplakov,1,0
2025-02-04,2024020850,3,REG,07:40,VGK,ev,none,backhand,1551,8476438,B. Saad,8479980,N. Hague,8478462,N. Roy,1,1
2025-02-04,2024020850,3,REG,10:43,NYI,ev,none,tip-in,1551,8475754,B. Nelson,8481014,A. Romanov,8477950,T. DeAngelo,2,1
2025-02-04,2024020851,2,REG,05:50,EDM,pp,none,wrist,1541,8478402,C. McDavid,8480803,E. Bouchard,8477934,L. Draisaitl,0,1
2025-02-04,2024020851,3,REG,05:12,STL,pp,none,backhand,1451,8479385,J. Kyrou,8475170,B. Schenn,8482077,D. Holloway,1,1
2025-02-04,2024020851,3,REG,08:58,STL,ev,none,snap,1551,8476892,C. Parayko,8480023,R. Thomas,8477402,P. Buchnevich,2,1
2025-02-04,2024020851,3,REG,17:46,EDM,ev,none,snap,0651,8477934,L. Draisaitl,8478402,C. McDavid,8475218,M. Ekholm,2,2
2025-02-04,2024020851,4,OT,02:33,EDM,ev,none,snap,1331,8477015,C. Brown,8478402,C. McDavid,8480803,E. Bouchard,2,3
2025-02-04,2024020852,1,REG,19:18,WPG,pp,none,snap,1451,8475799,N. Niederreiter,8480113,A. Iafallo,8476480,V. Namestnikov,1,0
2025-02-04,2024020852,2,REG,03:13,WPG,pp,none,slap,1451,8480145,N. Pionk,8482149,C. Perfetti,8475799,N. Niederreiter,2,0
2025-02-04,2024020852,3,REG,16:17,WPG,ev,none,poke,1551,8480845,R. Kupari,8478891,M. Appleton,8481019,D. Gustafsson,3,0
2025-02-04,2024020853,1,REG,14:16,CGY,pp,none,wrist,1351,8482679,M. Coronato,8476456,J. Huberdeau,8475172,N. Kadri,1,0
2025-02-04,2024020853,2,REG,02:36,TOR,pp,none,snap,1541,8477939,W. Nylander,8482720,M. Knies,8479318,A. Matthews,1,1
2025-02-04,2024020853,2,REG,03:17,TOR,pp,none,backhand,1541,8475166,J. Tavares,8479318,A. Matthews,8476853,M. Rielly,1,2
2025-02-04,2024020853,2,REG,05:58,CGY,pp,none,tip-in,1351,8481068,Y. Sharangovich,8477346,M. Weegar,8475172,N. Kadri,2,2
2025-02-04,2024020853,2,REG,12:28,TOR,ev,none,wrist,1551,8482259,B. McMann,8478904,S. Lorentz,,,2,3
2025-02-04,2024020853,2,REG,18:18,TOR,ev,none,wrist,1551,8477939,W. Nylander,8474157,M. Pacioretty,,,2,4
2025-02-04,2024020853,3,REG,05:44,TOR,ev,none,poke,1551,8482720,M. Knies,8479318,A. Matthews,,,2,5
2025-02-04,2024020853,3,REG,06:02,CGY,ev,none,tip-in,1551,8480797,J. Farabee,8476456,J. Huberdeau,8477346,M. Weegar,3,5
2025-02-04,2024020853,3,REG,19:16,TOR,ev,empty-net,wrist,1560,8477939,W. Nylander,,,,,3,6
2025-02-04,2024020854,1,REG,02:02,PHI,ev,none,snap,1551,8479022,R. Abols,8477948,T. Sanheim,,,0,1
2025-02-04,2024020854,2,REG,03:32,UTA,ev,none,slap,1551,8479410,M. Sergachev,8482699,D. Guenther,8480849,B. Hayton,1,1
2025-02-04,2024020854,2,REG,04:29,PHI,ev,none,tip-in,1551,8482159,T. Foerster,8476461,S. Couturier,8481553,B. Brink,1,2
2025-02-04,2024020854,3,REG,08:40,UTA,ev,none,snap,1551,8482699,D. Guenther,8480849,B. Hayton,8479410,M. Sergachev,2,2
2025-02-04,2024020854,4,OT,04:59,UTA,ev,none,snap,1331,8482699,D. Guenther,8479410,M. Sergachev,8479343,C. Keller,3,2
2025-02-04,2024020855,2,REG,04:26,VAN,ev,none,wrist,1551,8478498,J. DeBrusk,8479425,F. Hronek,,,1,0
2025-02-04,2024020855,3,REG,08:20,VAN,pp,none,tip-in,1451,8478444,B. Boeser,8478498,J. DeBrusk,8479425,F. Hronek,2,0
2025-02-04,2024020855,3,REG,19:51,VAN,ev,empty-net,backhand,0651,8482055,D. O'Connor,8480078,F. Chytil,8474574,T. Myers,3,0
2025-02-04,2024020857,1,REG,03:36,DET,ev,none,tip-in,1551,8482078,L. Raymond,8477946,D. Larkin,8483464,M. Kasper,0,1
2025-02-04,2024020857,1,REG,09:28,SEA,ev,none,snap,1551,8482665,M. Beniers,8481554,K. Kakko,,,1,1
2025-02-04,2024020857,1,REG,19:30,DET,pp,none,wrist,1541,8481542,M. Seider,8479337,A. DeBrincat,,,1,2
2025-02-04,2024020857,2,REG,06:29,SEA,ev,none,wrist,1551,8483524,S. Wright,8477444,A. Burakovsky,8479985,C. Fleury,2,2
2025-02-04,2024020857,2,REG,12:07,DET,pp,none,wrist,1541,8481013,J. Berggren,8477429,A. Copp,,,2,3
2025-02-04,2024020857,3,REG,03:21,DET,ev,none,backhand,1551,8481725,E. Soderblom,8480813,J. Veleno,8482762,S. Edvinsson,2,4
2025-02-04,2024020857,3,REG,10:10,SEA,ev,none,snap,1551,8483524,S. Wright,8477955,J. McCann,8478407,V. Dunn,3,4
2025-02-04,2024020857,3,REG,17:04,SEA,ev,none,wrist,1551,8476905,C. Stephenson,8479293,B. Tanev,8480009,E. Tolvanen,4,4
2025-02-04,2024020857,5,SO,00:00,DET,ev,none,backhand,0101,8474141,P. Kane,,,,,4,5
2025-02-04,2024020856,1,REG,17:47,ANA,ev,none,wrist,1551,8483445,C. Gauthier,8477952,R. Fabbri,,,1,0
2025-02-04,2024020856,3,REG,01:29,DAL,ev,none,wrist,1551,8476278,C. Blackwell,8479351,S. Steel,8473994,J. Benn,1,1
2025-02-04,2024020856,3,REG,04:07,ANA,ev,none,tip-in,1551,8481533,T. Zegras,8473986,A. Killorn,8482803,O. Zellweger,2,1
2025-02-04,2024020858,1,REG,05:52,SJS,pp,none,slap,1451,8484801,M. Celebrini,8475726,T. Toffoli,8482667,W. Eklund,1,0
2025-02-04,2024020858,2,REG,00:52,MTL,pp,none,snap,1541,8481540,C. Caufield,8480018,N. Suzuki,8483457,L. Hutson,1,1
2025-02-04,2024020858,2,REG,04:53,MTL,ev,none,slap,1551,8481618,A. Newhook,8478851,A. Carrier,8481523,K. Dach,1,2
2025-02-04,2024020858,2,REG,14:51,SJS,ev,none,wrist,1551,8484911,C. Graf,8476624,B. Goodrow,,,2,2
2025-02-04,2024020858,3,REG,02:40,MTL,pp,none,wrist,1541,8475848,B. Gallagher,8481523,K. Dach,8481618,A. Newhook,2,3
2025-02-04,2024020858,3,REG,10:27,SJS,pp,none,backhand,1451,8475726,T. Toffoli,8484801,M. Celebrini,8478013,J. Walman,3,3
2025-02-04,2024020858,3,REG,15:56,MTL,sh,none,wrist,1451,8476469,J. Armia,8478133,J. Evans,,,3,4
2025-02-05,2024020859,2,REG,06:07,NYR,ev,none,slap,1551,8478550,A. Panarin,8476459,M. Zibanejad,,,1,0
2025-02-05,2024020859,2,REG,15:03,BOS,ev,none,wrist,1551,8477956,D. Pastrnak,8478401,P. Zacha,8479325,C. McAvoy,1,1
2025-02-05,2024020859,2,REG,15:19,BOS,ev,none,snap,1551,8477496,E. Lindholm,8473419,B. Marchand,8477507,N. Zadorov,1,2
2025-02-05,2024020859,3,REG,05:27,NYR,ev,none,tip-in,1551,8476389,V. Trocheck,8480817,K. Miller,8477380,J. Brodzinski,2,2
2025-02-05,2024020859,3,REG,11:54,NYR,sh,none,wrist,1541,8475184,C. Kreider,8476459,M. Zibanejad,8479323,A. Fox,3,2
2025-02-05,2024020860,2,REG,08:51,EDM,ev,none,snap,1551,8478042,V. Arvidsson,8477406,M. Janmark,8476967,B. Kulak,0,1
2025-02-05,2024020860,2,REG,19:54,CHI,ev,none,tip-in,1551,8482117,L. Reichel,8476882,T. Teravainen,8481624,I. Mikheyev,1,1
2025-02-05,2024020860,3,REG,01:11,EDM,ev,none,backhand,1551,8475784,J. Skinner,8477934,L. Draisaitl,8481617,V. Podkolzin,1,2
2025-02-05,2024020860,3,REG,08:18,EDM,ev,none,wrist,1551,8477934,L. Draisaitl,8475784,J. Skinner,,,1,3
2025-02-05,2024020860,3,REG,12:12,CHI,pp,none,tip-in,1451,8477987,R. Donato,8476882,T. Teravainen,8484144,C. Bedard,2,3
2025-02-05,2024020860,3,REG,16:16,CHI,ev,none,snap,1551,8474166,A. Martinez,8477987,R. Donato,,,3,3
2025-02-05,2024020860,4,OT,01:36,EDM,pp,none,snap,1431,8475786,Z. Hyman,8478402,C. McDavid,8480803,E. Bouchard,3,4
2025-02-05,2024020861,1,REG,01:39,LAK,ev,none,slap,1551,8478882,V. Gavrikov,8482124,Q. Byfield,,,1,0
2025-02-05,2024020861,2,REG,03:51,MTL,ev,none,snap,1551,8476875,M. Matheson,8481540,C. Caufield,8483457,L. Hutson,1,1
2025-02-05,2024020861,2,REG,05:23,LAK,ev,penalty-shot,wrist,1010,8477998,W. Foegele,,,,,2,1
2025-02-05,2024020861,3,REG,00:15,LAK,ev,none,slap,1551,8482730,B. Clarke,8471685,A. Kopitar,8481532,A. Turcotte,3,1
2025-02-05,2024020861,3,REG,03:37,MTL,ev,none,wrist,1551,8478851,A. Carrier,,,,,3,2
2025-02-05,2024020861,3,REG,10:46,LAK,ev,none,slap,1551,8477942,K. Fiala,8482155,A. Laferriere,8482124,Q. Byfield,4,2
2025-02-05,2024020861,3,REG,13:37,MTL,ev,none,snap,1551,8482733,L. Mailloux,8481618,A. Newhook,8481523,K. Dach,4,3
2025-02-05,2024020861,3,REG,14:12,LAK,ev,none,slap,1551,8477942,K. Fiala,8478882,V. Gavrikov,8482124,Q. Byfield,5,3
2025-02-05,2024020861,3,REG,17:30,LAK,ev,empty-net,wrist,0651,8479675,T. Moore,8477998,W. Foegele,,,6,3
2025-02-06,2024020862,1,REG,09:23,TBL,pp,none,wrist,1451,8477404,J. Guentzel,8478010,B. Point,8476453,N. Kucherov,1,0
2025-02-06,2024020862,2,REG,05:27,OTT,ev,none,tip-in,1551,8478020,M. Amadio,8482116,T. Stützle,8478469,T. Chabot,1,1
2025-02-06,2024020862,2,REG,10:14,TBL,ev,none,wrist,1551,8479542,B. Hagel,8474151,R. McDonagh,8476883,A. Vasilevskiy,2,1
2025-02-06,2024020862,3,REG,15:44,TBL,ev,none,wrist,1551,8478010,B. Point,8476453,N. Kucherov,8482201,G. Goncalves,3,1
2025-02-06,2024020862,3,REG,19:08,TBL,ev,empty-net,slap,0651,8478416,E. Cernak,8478010,B. Point,,,4,1
2025-02-06,2024020862,3,REG,19:34,TBL,ev,none,wrist,1551,8482070,M. Chaffee,8476822,L. Glendening,8478178,D. Raddysh,5,1
2025-02-06,2024020863,2,REG,03:09,VGK,ev,none,deflected,1551,8478462,N. Roy,8475188,B. McNabb,,,0,1
2025-02-06,2024020863,2,REG,11:18,VGK,ev,none,wrist,1551,8477447,S. Theodore,8478109,V. Olofsson,8477964,I. Barbashev,0,2
2025-02-06,2024020863,3,REG,04:06,VGK,ev,none,tip-in,1551,8478403,J. Eichel,8478396,N. Hanifin,8480727,Z. Whitecloud,0,3
2025-02-06,2024020863,3,REG,15:43,NJD,pp,none,snap,1451,8476292,O. Palat,8476474,S. Noesen,8479407,J. Bratt,1,3
2025-02-06,2024020864,1,REG,17:31,PHI,ev,none,wrist,1551,8484387,M. Michkov,8477948,T. Sanheim,,,1,0
2025-02-06,2024020864,1,REG,19:07,WSH,ev,none,snap,1551,8471214,A. Ovechkin,8480796,M. Fehérváry,8478440,D. Strome,1,1
2025-02-06,2024020864,2,REG,04:17,WSH,ev,none,tip-in,1551,8481580,C. McMichael,8481656,A. Protas,8479345,J. Chychrun,1,2
2025-02-06,2024020864,2,REG,07:23,PHI,pp,none,tip-in,1451,8482159,T. Foerster,8482126,E. Andrae,8478439,T. Konecny,2,2
2025-02-06,2024020864,2,REG,11:19,PHI,ev,none,tip-in,1551,8484387,M. Michkov,8479022,R. Abols,8482142,J. Drysdale,3,2
2025-02-06,2024020864,3,REG,06:23,WSH,ev,none,snap,1551,8474189,L. Eller,8479390,T. Raddysh,,,3,3
2025-02-06,2024020864,3,REG,12:05,WSH,ev,none,snap,1551,8479345,J. Chychrun,8474590,J. Carlson,8479390,T. Raddysh,3,4
2025-02-06,2024020865,1,REG,05:51,CBJ,ev,none,snap,1551,8479941,J. Danforth,8480887,J. Harris,,,1,0
2025-02-06,2024020865,2,REG,02:06,UTA,ev,none,snap,1551,8478474,L. Crouse,8482659,J. Doan,8480891,M. Kesselring,1,1
2025-02-06,2024020865,2,REG,12:33,UTA,ev,none,wrist,1551,8476874,O. Maatta,8475760,N. Bjugstad,8477070,L. O'Brien,1,2
2025-02-06,2024020865,2,REG,19:21,CBJ,sh,none,snap,1541,8478500,I. Provorov,8478460,Z. Werenski,,,2,2
2025-02-06,2024020865,4,OT,04:27,UTA,ev,none,snap,1331,8482699,D. Guenther,8478971,C. Ingram,,,2,3
2025-02-06,2024020867,1,REG,02:55,MIN,ev,none,backhand,1551,8478508,Y. Trenin,8482177,M. Khusnutdinov,8474567,Z. Bogosian,1,0
2025-02-06,2024020867,3,REG,00:49,MIN,ev,none,tip-in,1551,8476994,V. Hinostroza,8474716,J. Spurgeon,8476463,J. Brodin,2,0
2025-02-06,2024020867,3,REG,17:12,CAR,ev,none,wrist,0651,8478427,S. Aho,8482093,S. Jarvis,8480830,A. Svechnikov,2,1
2025-02-06,2024020866,1,REG,03:31,STL,ev,none,backhand,1551,8482737,Z. Bolduc,8470600,R. Suter,8480281,A. Toropchenko,1,0
2025-02-06,2024020866,1,REG,07:09,FLA,ev,none,deflected,1551,8482713,M. Samoskevich,8477935,S. Bennett,8479314,M. Tkachuk,1,1
2025-02-06,2024020866,1,REG,16:54,FLA,pp,none,tip-in,1541,8479314,M. Tkachuk,8477932,A. Ekblad,8477493,A. Barkov,1,2
2025-02-06,2024020866,2,REG,05:18,STL,pp,none,tip-in,1451,8476897,O. Sundqvist,8480023,R. Thomas,8482737,Z. Bolduc,2,2
2025-02-06,2024020866,3,REG,19:48,FLA,ev,none,tip-in,1551,8479314,M. Tkachuk,8477933,S. Reinhart,8477493,A. Barkov,2,3
2025-02-06,2024020868,1,REG,03:22,CGY,pp,none,wrist,1351,8476456,J. Huberdeau,8477346,M. Weegar,8482679,M. Coronato,1,0
2025-02-06,2024020868,2,REG,01:20,COL,ev,none,wrist,1551,8480069,C. Makar,8477492,N. MacKinnon,8478038,D. Toews,1,1
2025-02-06,2024020868,2,REG,05:34,COL,ev,none,backhand,1551,8477476,A. Lehkonen,8477492,N. MacKinnon,8480039,M. Necas,1,2
2025-02-06,2024020868,2,REG,19:42,COL,pp,none,tip-in,1541,8480039,M. Necas,8477492,N. MacKinnon,8480069,C. Makar,1,3
2025-02-06,2024020868,3,REG,12:53,COL,ev,none,snap,1551,8480039,M. Necas,8484258,S. Malinski,8480448,P. Kelly,1,4
2025-02-06,2024020868,3,REG,18:14,CGY,ev,none,wrist,1551,8478397,R. Andersson,8481028,M. Pospisil,8475172,N. Kadri,2,4
2025-02-06,2024020869,1,REG,07:23,TOR,ev,none,slap,1551,8479026,P. Myers,8475166,J. Tavares,8478483,M. Marner,0,1
2025-02-06,2024020869,1,REG,18:53,TOR,pp,none,tip-in,1541,8482259,B. McMann,8476853,M. Rielly,8477503,M. Domi,0,2
2025-02-06,2024020869,2,REG,12:37,TOR,ev,none,tip-in,1551,8482720,M. Knies,8476931,J. McCabe,8479318,A. Matthews,0,3
2025-02-06,2024020869,3,REG,05:43,SEA,ev,none,wrist,1551,8480009,E. Tolvanen,8477416,O. Bjorkstrand,8478916,J. Daccord,1,3
2025-02-06,2024020870,3,REG,08:04,VAN,pp,none,tip-in,1541,8478057,D. Joshua,8480459,P. Suter,8474574,T. Myers,0,1
2025-02-06,2024020870,3,REG,18:32,SJS,ev,none,wrist,1560,8475726,T. Toffoli,8482667,W. Eklund,,,1,1
2025-02-06,2024020870,4,OT,00:33,VAN,ev,penalty-shot,wrist,0101,8482055,D. O'Connor,,,,,1,2
2025-02-07,2024020871,1,REG,08:31,NYR,ev,none,wrist,1551,8476389,V. Trocheck,8482109,A. Lafrenière,,,1,0
2025-02-07,2024020871,2,REG,02:25,PIT,ev,none,snap,1551,8481481,B. Lizotte,8478569,N. Acciari,8474578,E. Karlsson,1,1
2025-02-07,2024020871,2,REG,03:39,NYR,ev,none,wrist,1551,8479323,A. Fox,8476389,V. Trocheck,8479324,R. Lindgren,2,1
2025-02-07,2024020871,2,REG,09:07,PIT,ev,none,wrist,1551,8476483,R. Rakell,8475810,B. Rust,8478463,A. Beauvillier,2,2
2025-02-07,2024020871,2,REG,11:59,PIT,pp,none,snap,1541,8481577,P. Tomasino,8475810,B. Rust,8478047,M. Bunting,2,3
2025-02-07,2024020872,1,REG,01:05,NYI,ev,none,wrist,1551,8481601,S. Holmstrom,8476419,J. Pageau,,,0,1
2025-02-07,2024020872,1,REG,04:27,WPG,ev,none,wrist,1551,8480113,A. Iafallo,8480049,D. Samberg,8483471,B. Lambert,1,1
2025-02-07,2024020872,1,REG,12:07,NYI,ev,none,backhand,1551,8483553,M. Gatcomb,,,,,1,2
2025-02-07,2024020872,2,REG,04:23,WPG,ev,none,snap,1551,8480014,G. Vilardi,8478398,K. Connor,8476460,M. Scheifele,2,2
2025-02-07,2024020872,2,REG,14:50,WPG,ev,none,snap,1551,8477940,N. Ehlers,8482149,C. Perfetti,8476480,V. Namestnikov,3,2
2025-02-07,2024020872,2,REG,18:18,WPG,ev,none,wrist,1551,8480014,G. Vilardi,8476460,M. Scheifele,8478398,K. Connor,4,2
2025-02-07,2024020872,3,REG,11:07,NYI,ev,none,snap,1551,8475151,K. Palmieri,8475314,A. Lee,8481014,A. Romanov,4,3
2025-02-07,2024020873,1,REG,08:37,CHI,ev,none,snap,1551,8483493,F. Nazar,8481568,A. Vlasic,8476882,T. Teravainen,1,0
2025-02-07,2024020873,1,REG,08:57,NSH,ev,none,wrist,1551,8476925,C. Sissons,8482062,C. Smith,,,1,1
2025-02-07,2024020873,1,REG,14:54,CHI,ev,none,wrist,1551,8474034,P. Maroon,,,,,2,1
2025-02-07,2024020873,2,REG,05:47,CHI,pp,none,slap,1451,8484144,C. Bedard,8477987,R. Donato,8477495,S. Jones,3,1
2025-02-07,2024020873,2,REG,15:24,CHI,ev,none,backhand,1551,8477987,R. Donato,8476882,T. Teravainen,8483493,F. Nazar,4,1
2025-02-07,2024020873,2,REG,19:51,CHI,pp,none,wrist,1451,8477495,S. Jones,8477987,R. Donato,8484144,C. Bedard,5,1
2025-02-07,2024020873,3,REG,13:18,CHI,ev,none,wrist,1551,8477987,R. Donato,8481568,A. Vlasic,,,6,1
2025-02-07,2024020873,3,REG,18:57,NSH,ev,none,wrist,1551,8478438,T. Novak,8483565,N. Blankenburg,8476539,J. Marchessault,6,2
2025-02-07,2024020874,1,REG,09:48,COL,pp,none,snap,1541,8477492,N. MacKinnon,8480069,C. Makar,8477476,A. Lehkonen,0,1
2025-02-07,2024020874,1,REG,10:39,EDM,pp,none,snap,1451,8477934,L. Draisaitl,8476454,R. Nugent-Hopkins,8480803,E. Bouchard,1,1
2025-02-07,2024020874,1,REG,11:46,COL,ev,none,snap,1551,8480069,C. Makar,8477492,N. MacKinnon,8478038,D. Toews,1,2
2025-02-07,2024020874,1,REG,12:22,EDM,ev,none,backhand,1551,8470621,C. Perry,8474641,A. Henrique,8477953,K. Kapanen,2,2
2025-02-07,2024020874,1,REG,18:08,COL,ev,none,snap,1551,8477476,A. Lehkonen,8477492,N. MacKinnon,8478038,D. Toews,2,3
2025-02-07,2024020874,2,REG,06:39,COL,sh,none,snap,1451,8480069,C. Makar,8480448,P. Kelly,,,2,4
2025-02-07,2024020874,2,REG,07:48,EDM,pp,none,snap,1451,8470621,C. Perry,8475784,J. Skinner,8475218,M. Ekholm,3,4
2025-02-07,2024020874,2,REG,15:59,EDM,ev,none,snap,1441,8477934,L. Draisaitl,8476454,R. Nugent-Hopkins,,,4,4
2025-02-07,2024020874,3,REG,15:38,COL,ev,none,snap,1551,8480039,M. Necas,8477492,N. MacKinnon,,,4,5
2025-02-07,2024020875,1,REG,00:11,LAK,ev,none,wrist,1551,8477998,W. Foegele,8476479,P. Danault,,,1,0
2025-02-07,2024020875,1,REG,19:58,DAL,ev,none,snap,1551,8475168,M. Duchene,8474090,B. Smith,8476856,M. Dumba,1,1
2025-02-07,2024020875,2,REG,08:16,LAK,ev,none,snap,1551,8477942,K. Fiala,8476479,P. Danault,,,2,1
2025-02-07,2024020875,2,REG,09:29,DAL,ev,none,wrist,1551,8481581,T. Harley,8476879,C. Ceci,8475168,M. Duchene,2,2
2025-02-07,2024020875,2,REG,11:43,LAK,ev,none,wrist,1551,8482155,A. Laferriere,8482124,Q. Byfield,8477942,K. Fiala,3,2
2025-02-07,2024020875,3,REG,06:53,DAL,ev,none,wrist,1551,8482145,M. Bourque,8473994,J. Benn,8474149,E. Dadonov,3,3
2025-02-07,2024020875,3,REG,09:41,DAL,ev,none,snap,1551,8475168,M. Duchene,8475798,M. Granlund,8476902,E. Lindell,3,4
2025-02-07,2024020875,3,REG,11:40,LAK,ev,none,deflected,1551,8471685,A. Kopitar,8477960,A. Kempe,8479675,T. Moore,4,4
2025-02-07,2024020875,5,SO,00:00,LAK,ev,none,backhand,1010,8477960,A. Kempe,,,,,5,4
2025-02-08,2024020876,1,REG,13:43,NJD,ev,none,snap,1551,8479407,J. Bratt,8475193,T. Tatar,8476462,D. Hamilton,0,1
2025-02-08,2024020876,2,REG,12:44,NJD,ev,none,backhand,1551,8481032,P. Cotter,8479407,J. Bratt,8481559,J. Hughes,0,2
2025-02-08,2024020876,3,REG,01:53,NJD,ev,none,wrist,1551,8481559,J. Hughes,8477488,B. Pesce,,,0,3
2025-02-08,2024020876,3,REG,10:09,NJD,ev,none,slap,1551,8482684,L. Hughes,8478414,T. Meier,8482110,D. Mercer,0,4
2025-02-08,2024020877,1,REG,01:28,TBL,ev,none,wrist,1551,8479542,B. Hagel,8476453,N. Kucherov,8478416,E. Cernak,0,1
2025-02-08,2024020877,1,REG,02:56,TBL,ev,none,wrist,1551,8478416,E. Cernak,8476453,N. Kucherov,8474151,R. McDonagh,0,2
2025-02-08,2024020877,1,REG,09:47,DET,ev,none,snap,1551,8475765,V. Tarasenko,8481542,M. Seider,8479337,A. DeBrincat,1,2
2025-02-08,2024020877,1,REG,11:49,TBL,ev,none,wrist,1551,8478010,B. Point,8482201,G. Goncalves,8479542,B. Hagel,1,3
2025-02-08,2024020877,1,REG,15:13,TBL,ev,none,snap,1551,8477426,N. Paul,8479542,B. Hagel,8478416,E. Cernak,1,4
2025-02-08,2024020877,1,REG,16:54,DET,pp,none,snap,1451,8474141,P. Kane,8479337,A. DeBrincat,8482078,L. Raymond,2,4
2025-02-08,2024020877,2,REG,14:29,DET,ev,none,wrist,1551,8479337,A. DeBrincat,,,,,3,4
2025-02-08,2024020877,3,REG,04:10,TBL,ev,none,wrist,1551,8482663,D. Duke,8482070,M. Chaffee,8480246,N. Perbix,3,5
2025-02-08,2024020877,3,REG,17:57,TBL,ev,empty-net,wrist,1560,8479542,B. Hagel,8476453,N. Kucherov,8474151,R. McDonagh,3,6
2025-02-08,2024020878,1,REG,10:09,CAR,ev,none,snap,1551,8478970,J. Chatfield,8473533,J. Staal,8480830,A. Svechnikov,1,0
2025-02-08,2024020878,1,REG,17:35,UTA,pp,none,snap,1541,8482659,J. Doan,8481711,M. Maccelli,8479619,M. Carcone,1,1
2025-02-08,2024020878,2,REG,06:25,CAR,pp,none,slap,1451,8482093,S. Jarvis,8470613,B. Burns,8480830,A. Svechnikov,2,1
2025-02-08,2024020878,2,REG,08:35,CAR,ev,none,backhand,1551,8478427,S. Aho,,,,,3,1
2025-02-08,2024020878,2,REG,10:19,UTA,ev,none,backhand,1551,8479343,C. Keller,,,,,3,2
2025-02-08,2024020878,2,REG,14:14,CAR,sh,none,wrist,1541,8478427,S. Aho,8482093,S. Jarvis,8478970,J. Chatfield,4,2
2025-02-08,2024020878,2,REG,19:15,CAR,ev,none,backhand,1551,8482093,S. Jarvis,8482809,J. Blake,,,5,2
2025-02-08,2024020878,3,REG,16:11,UTA,pp,none,slap,1531,8479343,C. Keller,8479410,M. Sergachev,8482699,D. Guenther,5,3
2025-02-08,2024020878,3,REG,17:16,CAR,ev,empty-net,wrist,0651,8476921,J. Martinook,8478427,S. Aho,8482093,S. Jarvis,6,3
2025-02-08,2024020878,3,REG,18:34,CAR,ev,none,wrist,1551,8478458,J. Roslovic,8482809,J. Blake,8484929,J. Jaaska,7,3
2025-02-08,2024020879,1,REG,03:17,BOS,ev,none,wrist,1551,8473419,B. Marchand,8477507,N. Zadorov,,,1,0
2025-02-08,2024020879,1,REG,13:49,BOS,ev,none,slap,1551,8477507,N. Zadorov,,,,,2,0
2025-02-08,2024020879,1,REG,15:09,VGK,pp,none,tip-in,1541,8475913,M. Stone,8477447,S. Theodore,8476438,B. Saad,2,1
2025-02-08,2024020879,2,REG,15:07,BOS,ev,none,wrist,1551,8479987,M. Geekie,8477956,D. Pastrnak,,,3,1
2025-02-08,2024020879,2,REG,19:26,VGK,ev,none,slap,1551,8480727,Z. Whitecloud,8478396,N. Hanifin,8479353,B. Howden,3,2
2025-02-08,2024020879,3,REG,04:54,VGK,ev,none,wrist,1551,8481604,P. Dorofeyev,8477447,S. Theodore,8478403,J. Eichel,3,3
2025-02-08,2024020879,3,REG,18:50,VGK,pp,none,wrist,1541,8476881,T. Hertl,8478403,J. Eichel,8475913,M. Stone,3,4
2025-02-08,2024020880,1,REG,06:38,OTT,pp,none,wrist,1541,8480801,B. Tkachuk,8480208,D. Batherson,8482116,T. Stützle,0,1
2025-02-08,2024020880,2,REG,06:18,FLA,pp,none,wrist,1451,8479314,M. Tkachuk,8477933,S. Reinhart,8477493,A. Barkov,1,1
2025-02-08,2024020880,2,REG,11:36,FLA,ev,none,tip-in,1560,8477493,A. Barkov,8479314,M. Tkachuk,8477409,C. Verhaeghe,2,1
2025-02-08,2024020880,2,REG,16:26,FLA,ev,none,snap,1551,8478055,G. Forsling,8477220,N. Schmidt,,,3,1
2025-02-08,2024020880,2,REG,17:58,FLA,ev,none,slap,1551,8477935,S. Bennett,8479314,M. Tkachuk,8478542,E. Rodrigues,4,1
2025-02-08,2024020880,3,REG,18:38,FLA,sh,empty-net,wrist,0641,8482113,A. Lundell,,,,,5,1
2025-02-08,2024020881,1,REG,01:44,PHI,ev,none,backhand,1551,8476872,S. Laughton,8478439,T. Konecny,8483808,A. Kuzmenko,1,0
2025-02-08,2024020881,2,REG,04:19,PIT,ev,none,snap,1551,8474578,E. Karlsson,8476891,M. Grzelcyk,8476483,R. Rakell,1,1
2025-02-08,2024020881,2,REG,12:26,PHI,ev,none,deflected,1551,8477903,G. Hathaway,,,,,2,1
2025-02-08,2024020881,3,REG,04:27,PHI,ev,none,slap,1560,8478439,T. Konecny,8481546,C. York,8477948,T. Sanheim,3,1
2025-02-08,2024020881,3,REG,05:42,PIT,ev,none,backhand,1551,8478463,A. Beauvillier,8475763,K. Hayes,8478046,D. Heinen,3,2
2025-02-08,2024020882,1,REG,01:56,NYR,ev,none,wrap-around,1551,8481560,A. Kaliyev,8479324,R. Lindgren,8476459,M. Zibanejad,0,1
2025-02-08,2024020882,1,REG,14:31,CBJ,ev,none,wrist,1551,8482660,K. Johnson,8478460,Z. Werenski,8484166,A. Fantilli,1,1
2025-02-08,2024020882,1,REG,15:29,CBJ,ev,none,tip-in,1551,8479941,J. Danforth,8471677,J. Johnson,8479944,Z. Aston-Reese,2,1
2025-02-08,2024020882,2,REG,06:38,NYR,ev,none,wrist,1441,8476459,M. Zibanejad,8479323,A. Fox,8475184,C. Kreider,2,2
2025-02-08,2024020882,2,REG,17:17,CBJ,ev,none,deflected,1551,8474037,J. van Riemsdyk,8476923,D. Severson,8482705,C. Sillinger,3,2
2025-02-08,2024020882,3,REG,01:57,NYR,ev,none,tip-in,1551,8480001,U. Vaakanainen,8482157,W. Cuylle,8476389,V. Trocheck,3,3
2025-02-08,2024020882,3,REG,18:21,NYR,ev,none,snap,1551,8482157,W. Cuylle,8476389,V. Trocheck,,,3,4
2025-02-08,2024020883,1,REG,05:04,CHI,ev,none,wrist,1551,8475225,C. Smith,8474034,P. Maroon,8474166,A. Martinez,0,1
2025-02-08,2024020883,1,REG,05:42,CHI,ev,none,wrist,1551,8477987,R. Donato,8484144,C. Bedard,,,0,2
2025-02-08,2024020883,2,REG,01:40,STL,ev,none,slap,1551,8481598,P. Broberg,8478472,M. Joseph,8475170,B. Schenn,1,2
2025-02-08,2024020883,2,REG,01:50,STL,ev,none,wrist,1551,8477573,N. Walker,,,,,2,2
2025-02-08,2024020883,2,REG,17:09,STL,ev,none,snap,1551,8478472,M. Joseph,8475170,B. Schenn,8482077,D. Holloway,3,2
2025-02-08,2024020883,3,REG,03:50,CHI,ev,none,snap,1551,8474166,A. Martinez,8476882,T. Teravainen,8481624,I. Mikheyev,3,3
2025-02-08,2024020883,3,REG,04:32,STL,ev,none,wrist,1551,8475764,C. Fowler,8480023,R. Thomas,8477402,P. Buchnevich,4,3
2025-02-08,2024020883,3,REG,06:08,CHI,ev,none,slap,1551,8476882,T. Teravainen,8473422,N. Foligno,8481624,I. Mikheyev,4,4
2025-02-08,2024020883,3,REG,11:08,CHI,ev,none,backhand,1551,8481624,I. Mikheyev,8473422,N. Foligno,8481568,A. Vlasic,4,5
2025-02-08,2024020883,3,REG,15:23,STL,ev,none,poke,1551,8480023,R. Thomas,8481598,P. Broberg,8482737,Z. Bolduc,5,5
2025-02-08,2024020883,5,SO,00:00,STL,ev,none,backhand,1010,8476889,R. Faksa,,,,,6,5
2025-02-08,2024020884,1,REG,07:00,VAN,ev,none,snap,1551,8479425,F. Hronek,8480012,E. Pettersson,8475762,D. Forbort,1,0
2025-02-08,2024020884,2,REG,19:54,TOR,ev,none,wrist,1551,8476853,M. Rielly,8475171,O. Ekman-Larsson,8479318,A. Matthews,1,1
2025-02-08,2024020884,3,REG,08:56,VAN,pp,none,wrist,1451,8478444,B. Boeser,8480078,F. Chytil,8479425,F. Hronek,2,1
2025-02-08,2024020885,1,REG,06:57,NSH,ev,none,wrist,1551,8478438,T. Novak,,,,,1,0
2025-02-08,2024020885,1,REG,09:26,NSH,ev,none,tip-in,1551,8476869,B. Skjei,8475158,R. O'Reilly,8476539,J. Marchessault,2,0
2025-02-08,2024020885,1,REG,15:21,BUF,ev,none,snap,1551,8481524,B. Byram,8475722,J. Zucker,8477949,A. Tuch,2,1
2025-02-08,2024020885,1,REG,18:25,BUF,ev,none,wrist,1551,8480839,R. Dahlin,8484145,Z. Benson,8480802,R. McLeod,2,2
2025-02-08,2024020885,2,REG,14:31,NSH,pp,none,wrist,1451,8476887,F. Forsberg,8475158,R. O'Reilly,8474600,R. Josi,3,2
2025-02-08,2024020885,2,REG,15:13,NSH,ev,none,snap,1551,8476869,B. Skjei,8475158,R. O'Reilly,8476539,J. Marchessault,4,2
2025-02-08,2024020885,2,REG,17:43,BUF,ev,none,wrist,1551,8477949,A. Tuch,8481524,B. Byram,8480839,R. Dahlin,4,3
2025-02-08,2024020885,3,REG,06:58,NSH,ev,none,wrist,1551,8476887,F. Forsberg,8475158,R. O'Reilly,8476539,J. Marchessault,5,3
2025-02-08,2024020885,3,REG,12:30,BUF,pp,none,wrist,1541,8481528,D. Cozens,8477949,A. Tuch,8482671,O. Power,5,4
2025-02-08,2024020885,3,REG,19:24,NSH,ev,empty-net,wrist,0651,8476539,J. Marchessault,,,,,6,4
2025-02-08,2024020886,1,REG,03:19,MIN,ev,none,wrist,1551,8482079,M. Rossi,8481557,M. Boldy,8474716,J. Spurgeon,1,0
2025-02-08,2024020886,1,REG,03:32,NYI,ev,none,wrist,1551,8475151,K. Palmieri,8475754,B. Nelson,8484958,M. Tsyplakov,1,1
2025-02-08,2024020886,2,REG,00:28,NYI,ev,none,snap,1551,8475754,B. Nelson,8484958,M. Tsyplakov,8475151,K. Palmieri,1,2
2025-02-08,2024020886,2,REG,07:17,NYI,ev,none,tip-in,1551,8475314,A. Lee,8481059,S. Perunovich,,,1,3
2025-02-08,2024020886,2,REG,13:21,MIN,pp,none,slap,1451,8477919,F. Gaudreau,8483499,L. Ohgren,8482122,B. Faber,2,3
2025-02-08,2024020886,2,REG,17:59,MIN,ev,none,tip-in,1551,8481557,M. Boldy,8476463,J. Brodin,8474716,J. Spurgeon,3,3
2025-02-08,2024020886,2,REG,18:50,MIN,ev,none,tip-in,1551,8478508,Y. Trenin,8478136,J. Middleton,8482177,M. Khusnutdinov,4,3
2025-02-08,2024020886,3,REG,05:53,MIN,ev,own-goal,,1551,8481557,M. Boldy,,,,,5,3
2025-02-08,2024020886,3,REG,15:46,MIN,ev,empty-net,backhand,0651,8475220,M. Foligno,,,,,6,3
2025-02-08,2024020887,2,REG,02:22,CGY,ev,none,wrist,1551,8480028,M. Frost,8481068,Y. Sharangovich,8477346,M. Weegar,1,0
2025-02-08,2024020887,3,REG,06:37,CGY,ev,none,tip-in,1551,8475172,N. Kadri,8476456,J. Huberdeau,8482624,D. Miromanov,2,0
2025-02-08,2024020887,3,REG,13:12,SEA,ev,none,snap,1551,8483524,S. Wright,8476457,A. Larsson,8477444,A. Burakovsky,2,1
2025-02-08,2024020887,3,REG,15:19,SEA,ev,none,wrist,1551,8477444,A. Burakovsky,8483524,S. Wright,,,2,2
2025-02-08,2024020887,4,OT,02:58,SEA,pp,none,wrist,1431,8482665,M. Beniers,8478407,V. Dunn,8476905,C. Stephenson,2,3
2025-02-08,2024020889,1,REG,01:25,SJS,ev,none,wrist,1551,8482667,W. Eklund,8484801,M. Celebrini,8475726,T. Toffoli,1,0
2025-02-08,2024020889,1,REG,02:46,SJS,ev,none,backhand,1551,8480188,F. Zetterlund,8484227,W. Smith,8479249,A. Poturalski,2,0
2025-02-08,2024020889,1,REG,03:02,DAL,ev,none,wrist,1551,8475168,M. Duchene,8475798,M. Granlund,,,2,1
2025-02-08,2024020889,1,REG,10:08,DAL,ev,none,wrist,1551,8480027,J. Robertson,8476856,M. Dumba,8483425,L. Bichsel,2,2
2025-02-08,2024020889,1,REG,13:24,DAL,ev,none,slap,1551,8478975,M. Marchment,8475168,M. Duchene,8475798,M. Granlund,2,3
2025-02-08,2024020889,2,REG,07:30,DAL,pp,none,tip-in,1541,8475168,M. Duchene,8481581,T. Harley,8482740,W. Johnston,2,4
2025-02-08,2024020889,2,REG,15:42,DAL,ev,none,wrist,1551,8482145,M. Bourque,8473994,J. Benn,8474149,E. Dadonov,2,5
2025-02-08,2024020889,3,REG,11:20,DAL,ev,none,tip-in,1551,8482740,W. Johnston,8480840,O. Bäck,8476278,C. Blackwell,2,6
2025-02-08,2024020889,3,REG,12:33,DAL,ev,none,wrist,1551,8481581,T. Harley,8476902,E. Lindell,8478449,R. Hintz,2,7
2025-02-08,2024020889,3,REG,13:00,SJS,ev,none,wrist,1551,8482652,W. Duehr,8479336,C. Grundstrom,8480848,T. Dellandrea,3,7
2025-02-08,2024020889,3,REG,13:37,DAL,ev,none,wrist,1551,8473994,J. Benn,8483425,L. Bichsel,,,3,8
2025-02-08,2024020888,3,REG,07:04,ANA,ev,none,wrist,0651,8475208,B. Dumoulin,8476885,J. Trouba,8484153,L. Carlsson,0,1
2025-02-08,2024020888,3,REG,17:21,LAK,ev,none,backhand,1551,8477960,A. Kempe,8476479,P. Danault,8477998,W. Foegele,1,1
2025-02-08,2024020888,5,SO,00:00,ANA,ev,none,wrist,0101,8481533,T. Zegras,,,,,1,2
2025-02-09,2024020890,1,REG,01:10,UTA,ev,none,wrist,1551,8482659,J. Doan,8480855,J. McBain,8478971,C. Ingram,0,1
2025-02-09,2024020890,1,REG,01:42,UTA,ev,none,tip-in,1551,8479619,M. Carcone,8482699,D. Guenther,8480084,N. DeSimone,0,2
2025-02-09,2024020890,1,REG,03:47,WSH,pp,none,slap,1451,8476880,T. Wilson,8479400,P. Dubois,8478440,D. Strome,1,2
2025-02-09,2024020890,1,REG,07:07,UTA,ev,none,wrist,1551,8480855,J. McBain,8480891,M. Kesselring,8482659,J. Doan,1,3
2025-02-09,2024020890,1,REG,12:38,WSH,pp,none,wrist,1451,8479400,P. Dubois,8476880,T. Wilson,8471214,A. Ovechkin,2,3
2025-02-09,2024020890,2,REG,02:47,UTA,pp,none,slap,1541,8482699,D. Guenther,8479343,C. Keller,8479410,M. Sergachev,2,4
2025-02-09,2024020890,3,REG,04:49,WSH,ev,none,wrist,1551,8478440,D. Strome,8471214,A. Ovechkin,8481580,C. McMichael,3,4
2025-02-09,2024020890,3,REG,18:29,WSH,ev,none,deflected,1560,8476880,T. Wilson,8471214,A. Ovechkin,8474590,J. Carlson,4,4
2025-02-09,2024020890,5,SO,00:00,UTA,ev,none,wrist,0101,8477951,N. Schmaltz,,,,,4,5
2025-02-09,2024020891,1,REG,06:56,TBL,ev,none,backhand,1551,8477426,N. Paul,8479542,B. Hagel,,,0,1
2025-02-09,2024020891,1,REG,10:28,TBL,ev,none,snap,1551,8475167,V. Hedman,8482201,G. Goncalves,8478519,A. Cirelli,0,2
2025-02-09,2024020891,1,REG,18:53,MTL,pp,none,snap,1451,8475848,B. Gallagher,8481618,A. Newhook,8476875,M. Matheson,1,2
2025-02-09,2024020891,2,REG,01:05,TBL,pp,none,snap,1541,8478010,B. Point,8477404,J. Guentzel,8475167,V. Hedman,1,3
2025-02-09,2024020891,2,REG,06:43,TBL,ev,none,snap,1551,8476878,Z. Girgensons,8474715,C. Atkinson,8479591,M. Eyssimont,1,4
2025-02-09,2024020891,2,REG,12:45,MTL,ev,none,snap,1551,8477989,C. Dvorak,8475233,D. Savard,8483515,J. Slafkovský,2,4
2025-02-09,2024020891,3,REG,09:19,MTL,ev,none,snap,1551,8475848,B. Gallagher,,,,,3,4
2025-02-09,2024020891,3,REG,19:44,TBL,ev,empty-net,snap,1560,8478519,A. Cirelli,8477404,J. Guentzel,8479542,B. Hagel,3,5
2025-02-22,2024020894,1,REG,07:54,DET,ev,none,backhand,1551,8479337,A. DeBrincat,8477429,A. Copp,8475765,V. Tarasenko,1,0
2025-02-22,2024020894,2,REG,05:41,DET,pp,none,wrist,1451,8477946,D. Larkin,8479337,A. DeBrincat,8482078,L. Raymond,2,0
2025-02-22,2024020894,2,REG,08:05,MIN,pp,none,bat,1541,8476994,V. Hinostroza,8481557,M. Boldy,,,2,1
2025-02-22,2024020894,3,REG,00:22,DET,pp,none,wrist,1451,8482078,L. Raymond,8477946,D. Larkin,8474141,P. Kane,3,1
2025-02-22,2024020894,3,REG,13:07,MIN,ev,none,wrist,0541,8481557,M. Boldy,8475149,M. Johansson,8477919,F. Gaudreau,3,2
2025-02-22,2024020894,3,REG,18:29,MIN,ev,none,snap,0651,8475220,M. Foligno,8482079,M. Rossi,8475149,M. Johansson,3,3
2025-02-22,2024020894,4,OT,03:35,MIN,ev,none,wrist,1441,8482079,M. Rossi,8478493,J. Eriksson Ek,,,3,4
2025-02-22,2024020892,1,REG,02:07,PHI,ev,none,wrist,1551,8484387,M. Michkov,8476872,S. Laughton,8481178,E. Zamula,1,0
2025-02-22,2024020892,1,REG,07:06,EDM,ev,none,wrist,1551,8475906,J. Klingberg,8480834,T. Emberson,8477015,C. Brown,1,1
2025-02-22,2024020892,1,REG,09:31,EDM,ev,none,backhand,1551,8477934,L. Draisaitl,8483512,M. Savoie,8475906,J. Klingberg,1,2
2025-02-22,2024020892,2,REG,01:45,PHI,ev,none,backhand,1551,8480015,O. Tippett,,,,,2,2
2025-02-22,2024020892,2,REG,07:13,PHI,ev,none,wrist,1551,8476461,S. Couturier,8484387,M. Michkov,,,3,2
2025-02-22,2024020892,2,REG,08:34,EDM,ev,none,wrist,1551,8475218,M. Ekholm,8477934,L. Draisaitl,,,3,3
2025-02-22,2024020892,2,REG,12:26,PHI,ev,none,wrist,1551,8480015,O. Tippett,8484387,M. Michkov,8476461,S. Couturier,4,3
2025-02-22,2024020892,2,REG,15:37,PHI,pp,none,tip-in,1451,8483808,A. Kuzmenko,8478439,T. Konecny,8477499,R. Ristolainen,5,3
2025-02-22,2024020892,3,REG,17:01,PHI,ev,empty-net,wrist,0651,8477499,R. Ristolainen,8476461,S. Couturier,,,6,3
2025-02-22,2024020893,1,REG,05:13,WSH,ev,none,tip-in,1551,8483573,E. Frank,8478233,A. Mangiapane,8480873,R. Sandin,0,1
2025-02-22,2024020893,1,REG,18:21,PIT,pp,none,slap,1451,8471724,K. Letang,8471215,E. Malkin,8481577,P. Tomasino,1,1
2025-02-22,2024020893,2,REG,01:10,WSH,ev,none,wrist,1551,8480796,M. Fehérváry,8479520,B. Duhaime,8479390,T. Raddysh,1,2
2025-02-22,2024020893,2,REG,06:36,PIT,ev,none,backhand,1551,8471675,S. Crosby,8476483,R. Rakell,8474578,E. Karlsson,2,2
2025-02-22,2024020893,2,REG,10:38,WSH,ev,none,wrist,1551,8479345,J. Chychrun,8479400,P. Dubois,8481580,C. McMichael,2,3
2025-02-22,2024020893,2,REG,14:17,WSH,ev,none,wrist,1551,8479345,J. Chychrun,8479400,P. Dubois,8477845,T. van Riemsdyk,2,4
2025-02-22,2024020893,2,REG,14:25,WSH,ev,none,wrist,1551,8481656,A. Protas,8480873,R. Sandin,8474590,J. Carlson,2,5
2025-02-22,2024020893,2,REG,18:05,WSH,ev,none,tip-in,1551,8476880,T. Wilson,8480796,M. Fehérváry,8478911,M. Roy,2,6
2025-02-22,2024020893,3,REG,13:11,WSH,pp,none,wrist,1541,8478440,D. Strome,8479390,T. Raddysh,8479400,P. Dubois,2,7
2025-02-22,2024020893,3,REG,14:22,PIT,ev,none,wrist,1551,8478046,D. Heinen,8481577,P. Tomasino,8475763,K. Hayes,3,7
2025-02-22,2024020893,3,REG,17:19,WSH,ev,none,wrist,1551,8479520,B. Duhaime,8478911,M. Roy,,,3,8
2025-02-22,2024020895,1,REG,01:46,BUF,ev,none,wrist,1551,8482097,J. Quinn,,,,,1,0
2025-02-22,2024020895,1,REG,11:58,BUF,ev,none,tip-in,1551,8480839,R. Dahlin,8478413,J. Greenway,,,2,0
2025-02-22,2024020895,1,REG,15:32,BUF,ev,none,backhand,1551,8479420,T. Thompson,8482175,J. Peterka,,,3,0
2025-02-22,2024020895,1,REG,17:33,BUF,ev,none,tip-in,1551,8480802,R. McLeod,8480839,R. Dahlin,8475722,J. Zucker,4,0
2025-02-22,2024020895,1,REG,18:21,BUF,pp,none,wrist,1451,8480839,R. Dahlin,8479420,T. Thompson,8475722,J. Zucker,5,0
2025-02-22,2024020895,2,REG,05:29,NYR,pp,none,tip-in,1541,8475184,C. Kreider,8478550,A. Panarin,8476468,J. Miller,5,1
2025-02-22,2024020895,2,REG,11:25,NYR,ev,none,bat,1551,8476459,M. Zibanejad,8479323,A. Fox,8476468,J. Miller,5,2
2025-02-22,2024020895,3,REG,03:47,BUF,ev,none,wrist,1551,8479420,T. Thompson,8483468,J.Kulich,8480839,R. Dahlin,6,2
2025-02-22,2024020895,3,REG,05:40,BUF,ev,none,wrist,1551,8480802,R. McLeod,8475722,J. Zucker,8482671,O. Power,7,2
2025-02-22,2024020895,3,REG,19:24,BUF,ev,none,wrist,1551,8480035,H. Jokiharju,8484145,Z. Benson,8478502,D. Gilbert,8,2
2025-02-22,2024020896,1,REG,06:32,SEA,pp,none,wrist,1541,8481554,K. Kakko,8482665,M. Beniers,8483524,S. Wright,0,1
2025-02-22,2024020896,2,REG,11:37,FLA,ev,none,backhand,1551,8480185,E. Luostarinen,8482113,A. Lundell,8478859,N. Mikkola,1,1
2025-02-22,2024020896,3,REG,07:03,SEA,ev,none,wrist,1551,8477955,J. McCann,8476457,A. Larsson,8483524,S. Wright,1,2
2025-02-22,2024020897,1,REG,03:58,DAL,ev,none,wrist,1551,8474149,E. Dadonov,8476856,M. Dumba,8482145,M. Bourque,0,1
2025-02-22,2024020897,1,REG,05:44,DAL,pp,none,wrist,1541,8481581,T. Harley,8475168,M. Duchene,8482740,W. Johnston,0,2
2025-02-22,2024020897,3,REG,10:00,NJD,pp,none,snap,1451,8481559,J. Hughes,8476462,D. Hamilton,8479407,J. Bratt,1,2
2025-02-22,2024020897,3,REG,10:35,DAL,ev,none,wrist,1551,8475168,M. Duchene,8473994,J. Benn,,,1,3
2025-02-22,2024020897,3,REG,11:40,NJD,ev,none,slap,1551,8481559,J. Hughes,8479407,J. Bratt,8476462,D. Hamilton,2,3
2025-02-22,2024020897,3,REG,19:51,DAL,sh,empty-net,wrist,1460,8482740,W. Johnston,,,,,2,4
2025-02-22,2024020898,2,REG,01:15,COL,ev,none,slap,1551,8484258,S. Malinski,8477494,J. Drouin,8481704,J. Parssinen,0,1
2025-02-22,2024020898,2,REG,01:45,NSH,ev,none,slap,1551,8482111,J. Barron,8476925,C. Sissons,8482062,C. Smith,1,1
2025-02-22,2024020898,3,REG,09:11,NSH,ev,none,wrist,1551,8476539,J. Marchessault,8474568,L. Schenn,8474600,R. Josi,2,1
2025-02-22,2024020899,1,REG,17:27,ANA,ev,none,wrist,1441,8481533,T. Zegras,8481605,J. LaCombe,8484153,L. Carlsson,0,1
2025-02-22,2024020899,1,REG,19:22,ANA,ev,none,tip-in,1551,8478366,F. Vatrano,8475462,R. Gudas,8481605,J. LaCombe,0,2
2025-02-22,2024020899,2,REG,09:08,BOS,pp,none,snap,1351,8477496,E. Lindholm,8477956,D. Pastrnak,8482511,M. Lohrei,1,2
2025-02-22,2024020899,3,REG,18:49,BOS,ev,none,slap,1560,8479987,M. Geekie,8482511,M. Lohrei,8473419,B. Marchand,2,2
2025-02-22,2024020899,4,OT,03:39,ANA,ev,none,slap,1331,8484153,L. Carlsson,8475208,B. Dumoulin,8478873,T. Terry,2,3
2025-02-22,2024020900,1,REG,02:50,TOR,ev,none,snap,1551,8482634,A. Steeves,8475166,J. Tavares,,,1,0
2025-02-22,2024020900,1,REG,03:29,TOR,ev,own-goal,,1551,8480995,P. Holmberg,,,,,2,0
2025-02-22,2024020900,1,REG,06:39,TOR,ev,none,snap,1551,8480144,D. Kampf,8478904,S. Lorentz,8482634,A. Steeves,3,0
2025-02-22,2024020900,1,REG,15:06,TOR,ev,none,wrist,1551,8475166,J. Tavares,8477939,W. Nylander,8480995,P. Holmberg,4,0
2025-02-22,2024020900,3,REG,12:25,CAR,ev,none,tip-in,1551,8476906,S. Gostisbehere,8478427,S. Aho,8480830,A. Svechnikov,4,1
2025-02-22,2024020900,3,REG,14:46,CAR,ev,none,slap,0541,8480830,A. Svechnikov,8478420,M. Rantanen,8476906,S. Gostisbehere,4,2
2025-02-22,2024020900,3,REG,15:06,CAR,ev,none,wrist,1551,8476958,J. Slavin,8473533,J. Staal,8470613,B. Burns,4,3
2025-02-22,2024020900,3,REG,18:37,TOR,ev,empty-net,backhand,0651,8479318,A. Matthews,8475690,C. Tanev,,,5,3
2025-02-22,2024020900,3,REG,19:40,TOR,ev,empty-net,wrist,0651,8480995,P. Holmberg,8477939,W. Nylander,,,6,3
2025-02-22,2024020901,1,REG,02:28,MTL,ev,none,wrist,1551,8475848,B. Gallagher,,,,,0,1
2025-02-22,2024020901,1,REG,04:28,MTL,ev,none,wrist,1551,8481540,C. Caufield,8482964,A. Xhekaj,8475233,D. Savard,0,2
2025-02-22,2024020901,1,REG,13:20,OTT,pp,none,wrist,1451,8482105,J. Sanderson,8480208,D. Batherson,8482116,T. Stützle,1,2
2025-02-22,2024020901,1,REG,15:54,OTT,ev,none,wrist,1551,8482116,T. Stützle,,,,,2,2
2025-02-22,2024020901,1,REG,16:13,MTL,pp,none,slap,1541,8479339,P. Laine,8483457,L. Hutson,8480018,N. Suzuki,2,3
2025-02-22,2024020901,2,REG,05:14,MTL,ev,none,wrist,1551,8476981,J. Anderson,8475848,B. Gallagher,8477989,C. Dvorak,2,4
2025-02-22,2024020901,2,REG,11:32,MTL,ev,none,slap,1551,8483515,J. Slafkovský,8480018,N. Suzuki,8481593,J. Struble,2,5
2025-02-22,2024020902,1,REG,04:10,CBJ,ev,none,snap,1551,8482660,K. Johnson,8482705,C. Sillinger,8478460,Z. Werenski,1,0
2025-02-22,2024020902,2,REG,01:12,CBJ,pp,none,wrist,1451,8482660,K. Johnson,8478460,Z. Werenski,8481716,D. Voronkov,2,0
2025-02-22,2024020902,2,REG,04:53,CHI,pp,none,tip-in,1541,8475225,C. Smith,8481568,A. Vlasic,8483493,F. Nazar,2,1
2025-02-22,2024020902,2,REG,12:42,CBJ,ev,none,wrist,1551,8483485,D. Mateychuk,,,,,3,1
2025-02-22,2024020902,3,REG,13:51,CBJ,ev,none,wrist,1551,8478460,Z. Werenski,8476432,B. Jenner,8482705,C. Sillinger,4,1
2025-02-22,2024020902,3,REG,14:44,CBJ,ev,none,wrist,1551,8484166,A. Fantilli,8480893,K. Marchenko,8481716,D. Voronkov,5,1
2025-02-22,2024020903,1,REG,04:58,WPG,ev,none,snap,1551,8477940,N. Ehlers,8482149,C. Perfetti,8476480,V. Namestnikov,0,1
2025-02-22,2024020903,1,REG,15:34,STL,ev,none,wrist,1551,8480023,R. Thomas,8477402,P. Buchnevich,,,1,1
2025-02-22,2024020903,2,REG,11:01,WPG,ev,none,wrist,1551,8480014,G. Vilardi,8476460,M. Scheifele,8476525,C. Miller,1,2
2025-02-22,2024020903,3,REG,00:16,STL,ev,none,wrap-around,1441,8480023,R. Thomas,8477402,P. Buchnevich,8475764,C. Fowler,2,2
2025-02-22,2024020903,3,REG,17:10,STL,pp,none,slap,1451,8477402,P. Buchnevich,8480023,R. Thomas,8476897,O. Sundqvist,3,2
2025-02-22,2024020903,3,REG,19:32,WPG,ev,none,tip-in,0651,8480014,G. Vilardi,8478398,K. Connor,8482149,C. Perfetti,3,3
2025-02-22,2024020903,5,SO,00:00,WPG,ev,none,wrist,0101,8478398,K. Connor,,,,,3,4
2025-02-22,2024020904,1,REG,07:54,UTA,pp,none,tip-in,1541,8480849,B. Hayton,8477951,N. Schmaltz,8482699,D. Guenther,0,1
2025-02-22,2024020904,1,REG,08:22,LAK,ev,none,slap,1551,8474563,D. Doughty,8477942,K. Fiala,8476441,J. Edmundson,1,1
2025-02-22,2024020904,2,REG,05:50,UTA,pp,none,wrist,1541,8480849,B. Hayton,8477951,N. Schmaltz,8479343,C. Keller,1,2
2025-02-22,2024020904,2,REG,07:59,LAK,pp,none,slap,1451,8477942,K. Fiala,8471685,A. Kopitar,8474563,D. Doughty,2,2
2025-02-22,2024020904,2,REG,16:10,LAK,ev,none,backhand,1551,8482155,A. Laferriere,8474563,D. Doughty,8476441,J. Edmundson,3,2
2025-02-22,2024020904,3,REG,09:41,LAK,ev,none,backhand,1551,8473453,T. Lewis,8481606,J. Spence,8476479,P. Danault,4,2
2025-02-22,2024020904,3,REG,11:00,UTA,ev,none,wrist,1551,8480849,B. Hayton,8479619,M. Carcone,8480434,S. Durzi,4,3
2025-02-22,2024020904,3,REG,18:30,LAK,ev,empty-net,wrist,0651,8479998,M. Anderson,8476479,P. Danault,,,5,3
2025-02-22,2024020905,2,REG,06:22,VAN,ev,none,wrist,1551,8478498,J. DeBrusk,8480748,K. Sherwood,8477369,C. Soucy,0,1
2025-02-22,2024020905,2,REG,11:02,VGK,ev,none,wrist,1551,8477964,I. Barbashev,8478109,V. Olofsson,8481527,K. Korczak,1,1
2025-02-22,2024020905,3,REG,00:18,VGK,ev,none,snap,1551,8476438,B. Saad,8480727,Z. Whitecloud,8479353,B. Howden,2,1
2025-02-22,2024020905,3,REG,19:29,VGK,ev,empty-net,backhand,0651,8476881,T. Hertl,8479353,B. Howden,8478462,N. Roy,3,1
2025-02-23,2024020906,1,REG,01:42,EDM,pp,none,snap,1541,8477934,L. Draisaitl,8476454,R. Nugent-Hopkins,8478402,C. McDavid,0,1
2025-02-23,2024020906,1,REG,17:15,WSH,ev,none,snap,1551,8476880,T. Wilson,8479400,P. Dubois,8478911,M. Roy,1,1
2025-02-23,2024020906,1,REG,19:36,WSH,pp,none,snap,1451,8479345,J. Chychrun,8476880,T. Wilson,8478440,D. Strome,2,1
2025-02-23,2024020906,2,REG,08:53,WSH,ev,none,snap,1551,8471214,A. Ovechkin,8478440,D. Strome,8481656,A. Protas,3,1
2025-02-23,2024020906,2,REG,18:39,WSH,pp,none,slap,1451,8471214,A. Ovechkin,8479345,J. Chychrun,,,4,1
2025-02-23,2024020906,2,REG,19:45,WSH,ev,none,snap,1551,8481580,C. McMichael,8474590,J. Carlson,8481656,A. Protas,5,1
2025-02-23,2024020906,3,REG,06:35,EDM,ev,none,backhand,1551,8476454,R. Nugent-Hopkins,8478042,V. Arvidsson,8475786,Z. Hyman,5,2
2025-02-23,2024020906,3,REG,10:38,WSH,ev,none,snap,1551,8478440,D. Strome,8481656,A. Protas,8474590,J. Carlson,6,2
2025-02-23,2024020906,3,REG,15:05,EDM,ev,none,wrap-around,1551,8475784,J. Skinner,,,,,6,3
2025-02-23,2024020906,3,REG,17:22,WSH,ev,empty-net,snap,0651,8471214,A. Ovechkin,,,,,7,3
2025-02-23,2024020907,1,REG,12:53,PIT,ev,none,tip-in,1551,8471215,E. Malkin,8479996,C. Glass,8478046,D. Heinen,1,0
2025-02-23,2024020907,1,REG,19:12,NYR,pp,none,wrist,1541,8482157,W. Cuylle,8480817,K. Miller,8475191,R. Smith,1,1
2025-02-23,2024020907,2,REG,17:00,NYR,ev,none,snap,1551,8476468,J. Miller,8479323,A. Fox,8478550,A. Panarin,1,2
2025-02-23,2024020907,3,REG,00:57,PIT,ev,none,wrist,1551,8478854,R. Shea,8471215,E. Malkin,8474578,E. Karlsson,2,2
2025-02-23,2024020907,3,REG,03:31,PIT,ev,none,wrist,1551,8478854,R. Shea,8471675,S. Crosby,8475763,K. Hayes,3,2
2025-02-23,2024020907,3,REG,04:21,NYR,ev,none,wrist,1551,8476918,J. Vesey,8476389,V. Trocheck,8479324,R. Lindgren,3,3
2025-02-23,2024020907,3,REG,11:26,NYR,ev,none,wrist,1551,8479323,A. Fox,8475191,R. Smith,8476459,M. Zibanejad,3,4
2025-02-23,2024020907,3,REG,19:53,NYR,ev,empty-net,wrist,1560,8476468,J. Miller,8476918,J. Vesey,8479324,R. Lindgren,3,5
2025-02-23,2024020908,1,REG,03:11,DET,ev,none,deflected,1551,8483464,M. Kasper,8482078,L. Raymond,,,1,0
2025-02-23,2024020908,1,REG,04:29,DET,pp,none,wrist,1351,8479337,A. DeBrincat,8477946,D. Larkin,8474141,P. Kane,2,0
2025-02-23,2024020908,1,REG,05:06,DET,pp,none,snap,1451,8474141,P. Kane,8481542,M. Seider,8482078,L. Raymond,3,0
2025-02-23,2024020908,1,REG,08:24,ANA,ev,none,snap,1551,8476458,R. Strome,8478873,T. Terry,8478366,F. Vatrano,3,1
2025-02-23,2024020908,2,REG,02:14,DET,pp,none,deflected,1451,8479992,M. Rasmussen,8477456,J. Compher,8476979,E. Gustafsson,4,1
2025-02-23,2024020908,2,REG,07:04,ANA,ev,none,deflected,1551,8483445,C. Gauthier,8481605,J. LaCombe,8482745,M. McTavish,4,2
2025-02-23,2024020908,3,REG,17:44,ANA,ev,none,slap,0651,8482803,O. Zellweger,8484153,L. Carlsson,8477952,R. Fabbri,4,3
2025-02-23,2024020908,3,REG,19:07,ANA,ev,none,backhand,0651,8483445,C. Gauthier,,,,,4,4
2025-02-23,2024020908,4,OT,04:00,DET,ev,none,wrist,1331,8474141,P. Kane,8483464,M. Kasper,,,5,4
2025-02-23,2024020909,2,REG,09:27,TBL,sh,none,backhand,1541,8479542,B. Hagel,8474151,R. McDonagh,8482929,E. Lilleberg,1,0
2025-02-23,2024020909,3,REG,11:15,TBL,ev,none,wrist,1551,8476453,N. Kucherov,8478010,B. Point,,,2,0
2025-02-23,2024020909,3,REG,12:58,TBL,ev,none,tip-in,1551,8476822,L. Glendening,8474715,C. Atkinson,8479591,M. Eyssimont,3,0
2025-02-23,2024020909,3,REG,15:24,SEA,ev,none,tip-in,1551,8483524,S. Wright,8477986,B. Montour,8479372,J. Mahura,3,1
2025-02-23,2024020909,3,REG,18:14,TBL,ev,empty-net,wrist,0651,8477426,N. Paul,8479542,B. Hagel,8478519,A. Cirelli,4,1
2025-02-23,2024020910,1,REG,07:49,COL,ev,none,tip-in,1551,8478038,D. Toews,8480069,C. Makar,8477476,A. Lehkonen,0,1
2025-02-23,2024020910,2,REG,10:45,STL,ev,none,snap,1551,8475170,B. Schenn,8479385,J. Kyrou,8475753,J. Faulk,1,1
2025-02-23,2024020910,2,REG,14:13,STL,ev,none,wrist,1551,8476892,C. Parayko,8477402,P. Buchnevich,8480023,R. Thomas,2,1
2025-02-23,2024020910,2,REG,19:50,STL,ev,none,tip-in,1551,8482077,D. Holloway,8475753,J. Faulk,8479385,J. Kyrou,3,1
2025-02-23,2024020911,1,REG,13:45,NJD,ev,none,snap,1551,8476292,O. Palat,8482684,L. Hughes,8476462,D. Hamilton,0,1
2025-02-23,2024020911,2,REG,09:14,NJD,ev,none,snap,1551,8476462,D. Hamilton,8480002,N. Hischier,8479407,J. Bratt,0,2
2025-02-23,2024020911,2,REG,14:28,NJD,ev,none,wrist,1551,8483429,S. Casey,8482684,L. Hughes,8481559,J. Hughes,0,3
2025-02-23,2024020911,3,REG,05:06,NJD,pp,none,wrist,1541,8476474,S. Noesen,8480002,N. Hischier,8479407,J. Bratt,0,4
2025-02-23,2024020911,3,REG,09:27,NJD,ev,none,wrist,1551,8475193,T. Tatar,8480002,N. Hischier,,,0,5
2025-02-23,2024020912,1,REG,19:49,CHI,pp,none,wrist,1451,8476882,T. Teravainen,8477479,T. Bertuzzi,8477987,R. Donato,1,0
2025-02-23,2024020912,2,REG,07:09,TOR,pp,none,snap,1541,8481582,N. Robertson,8477503,M. Domi,8482259,B. McMann,1,1
2025-02-23,2024020912,2,REG,09:45,TOR,ev,none,slap,1551,8476931,J. McCabe,8475690,C. Tanev,8479318,A. Matthews,1,2
2025-02-23,2024020912,2,REG,19:45,TOR,ev,none,snap,1551,8481582,N. Robertson,8477503,M. Domi,8478904,S. Lorentz,1,3
2025-02-23,2024020912,2,REG,19:53,CHI,ev,none,wrist,1551,8480798,P. Kurashev,8483493,F. Nazar,8477479,T. Bertuzzi,2,3
2025-02-23,2024020912,3,REG,12:07,TOR,ev,none,wrist,1551,8475690,C. Tanev,8476931,J. McCabe,8480144,D. Kampf,2,4
2025-02-23,2024020912,3,REG,18:28,TOR,ev,empty-net,deflected,1560,8480995,P. Holmberg,8477939,W. Nylander,8475166,J. Tavares,2,5
2025-02-23,2024020913,1,REG,02:10,DAL,ev,none,wrist,1551,8479351,S. Steel,8480840,O. Bäck,8476879,C. Ceci,0,1
2025-02-23,2024020913,2,REG,03:44,NYI,ev,none,backhand,1551,8478115,P. Engvall,8481237,K. MacLean,8483553,M. Gatcomb,1,1
2025-02-23,2024020913,2,REG,08:48,DAL,ev,none,wrist,1551,8480027,J. Robertson,8478449,R. Hintz,8482145,M. Bourque,1,2
2025-02-23,2024020913,2,REG,08:55,NYI,ev,none,wrist,1551,8475151,K. Palmieri,8477950,T. DeAngelo,8475754,B. Nelson,2,2
2025-02-23,2024020913,2,REG,15:53,DAL,pp,none,wrist,1541,8480027,J. Robertson,8478449,R. Hintz,8475168,M. Duchene,2,3
2025-02-23,2024020913,2,REG,17:28,DAL,pp,none,wrist,1541,8480027,J. Robertson,8482740,W. Johnston,8475168,M. Duchene,2,4
2025-02-23,2024020913,3,REG,09:17,NYI,ev,none,backhand,1551,8477407,A. Duclair,8477500,B. Horvat,,,3,4
2025-02-23,2024020914,1,REG,03:41,SJS,ev,none,wrist,1551,8484801,M. Celebrini,8475726,T. Toffoli,8478013,J. Walman,0,1
2025-02-23,2024020914,1,REG,07:27,CGY,pp,none,wrist,1451,8475172,N. Kadri,8480028,M. Frost,8477346,M. Weegar,1,1
2025-02-23,2024020914,2,REG,03:35,CGY,ev,none,backhand,1551,8479291,K. Rooney,8479066,R. Lomberg,8481028,M. Pospisil,2,1
2025-02-23,2024020914,3,REG,01:54,SJS,ev,none,backhand,1551,8475726,T. Toffoli,8482667,W. Eklund,8482166,S. Mukhamadullin,2,2
2025-02-23,2024020914,3,REG,13:28,CGY,ev,none,wrist,1441,8477810,J. Hanley,8476456,J. Huberdeau,8475172,N. Kadri,3,2
2025-02-23,2024020915,2,REG,01:43,VAN,pp,none,snap,1541,8478498,J. DeBrusk,8480012,E. Pettersson,8480459,P. Suter,0,1
2025-02-23,2024020915,2,REG,03:51,UTA,ev,none,tip-in,1551,8483431,L. Cooley,8478507,J. Marino,8479343,C. Keller,1,1
2025-02-23,2024020915,3,REG,14:07,UTA,pp,none,tip-in,1451,8482699,D. Guenther,8477951,N. Schmaltz,8479343,C. Keller,2,1
2025-02-24,2024020916,1,REG,15:07,SJS,pp,none,slap,1431,8482667,W. Eklund,8484801,M. Celebrini,8484227,W. Smith,0,1
2025-02-24,2024020916,3,REG,19:34,WPG,ev,none,slap,1560,8477504,J. Morrissey,,,,,1,1
2025-02-24,2024020916,4,OT,01:33,WPG,ev,none,backhand,1331,8476460,M. Scheifele,8477940,N. Ehlers,8478398,K. Connor,2,1
2025-02-24,2024020917,1,REG,10:30,LAK,pp,none,tip-in,1451,8479675,T. Moore,8482124,Q. Byfield,8481606,J. Spence,1,0
2025-02-24,2024020917,2,REG,10:26,VGK,ev,none,wrist,1551,8475188,B. McNabb,8476881,T. Hertl,8481527,K. Korczak,1,1
2025-02-24,2024020917,2,REG,16:41,VGK,ev,none,tip-in,1551,8475913,M. Stone,8478396,N. Hanifin,8479353,B. Howden,1,2
2025-02-24,2024020917,3,REG,00:42,LAK,ev,none,wrist,1551,8479675,T. Moore,8477998,W. Foegele,8475311,D. Kuemper,2,2
2025-02-24,2024020917,3,REG,08:31,LAK,ev,none,backhand,1551,8477998,W. Foegele,8482124,Q. Byfield,,,3,2
2025-02-24,2024020917,3,REG,15:28,LAK,ev,none,slap,1551,8476441,J. Edmundson,8477960,A. Kempe,8482124,Q. Byfield,4,2
2025-02-24,2024020917,3,REG,17:41,LAK,ev,none,backhand,1551,8477942,K. Fiala,8477960,A. Kempe,8482124,Q. Byfield,5,2
2025-02-25,2024020918,1,REG,00:29,BOS,ev,none,wrist,1551,8477956,D. Pastrnak,8482511,M. Lohrei,8478401,P. Zacha,1,0
2025-02-25,2024020918,1,REG,13:59,BOS,pp,none,snap,1451,8473419,B. Marchand,8477956,D. Pastrnak,8482511,M. Lohrei,2,0
2025-02-25,2024020918,2,REG,10:00,BOS,pp,none,snap,1451,8479987,M. Geekie,8477496,E. Lindholm,8473419,B. Marchand,3,0
2025-02-25,2024020918,2,REG,13:52,TOR,ev,none,wrist,1551,8476853,M. Rielly,8482720,M. Knies,8475171,O. Ekman-Larsson,3,1
2025-02-25,2024020918,3,REG,00:59,TOR,pp,none,wrist,1541,8478483,M. Marner,8475166,J. Tavares,8476853,M. Rielly,3,2
2025-02-25,2024020918,3,REG,06:40,TOR,ev,none,wrist,1551,8481582,N. Robertson,8476853,M. Rielly,8476932,A. Stolarz,3,3
2025-02-25,2024020918,3,REG,10:33,BOS,ev,none,wrist,1551,8477956,D. Pastrnak,,,,,4,3
2025-02-25,2024020918,3,REG,19:14,TOR,ev,none,snap,0651,8480995,P. Holmberg,8481582,N. Robertson,8475171,O. Ekman-Larsson,4,4
2025-02-25,2024020918,4,OT,04:08,TOR,ev,none,wrist,1331,8478483,M. Marner,8479318,A. Matthews,8476853,M. Rielly,4,5
2025-02-25,2024020919,1,REG,03:05,ANA,pp,none,slap,1531,8482745,M. McTavish,8481605,J. LaCombe,8478873,T. Terry,0,1
2025-02-25,2024020919,2,REG,04:58,ANA,pp,none,slap,1541,8484153,L. Carlsson,8483490,P. Mintyukov,8480806,I. Lundestrom,0,2
2025-02-25,2024020919,3,REG,01:56,BUF,ev,none,snap,1551,8482175,J. Peterka,8481528,D. Cozens,8482671,O. Power,1,2
2025-02-25,2024020919,3,REG,05:34,BUF,ev,none,tip-in,1551,8477949,A. Tuch,8481528,D. Cozens,,,2,2
2025-02-25,2024020919,3,REG,09:31,BUF,ev,none,wrist,1551,8480035,H. Jokiharju,8482097,J. Quinn,8481528,D. Cozens,3,2
2025-02-25,2024020920,1,REG,08:05,MTL,ev,none,tip-in,1551,8483515,J. Slafkovský,8481593,J. Struble,8480018,N. Suzuki,1,0
2025-02-25,2024020920,1,REG,17:37,MTL,ev,none,tip-in,1551,8479339,P. Laine,8478851,A. Carrier,8481618,A. Newhook,2,0
2025-02-25,2024020920,2,REG,10:04,MTL,pp,none,snap,1451,8480018,N. Suzuki,8479339,P. Laine,8481540,C. Caufield,3,0
2025-02-25,2024020920,3,REG,10:22,MTL,pp,none,snap,1451,8483457,L. Hutson,8479339,P. Laine,8480018,N. Suzuki,4,0
2025-02-25,2024020922,1,REG,03:56,PHI,ev,none,slap,1551,8477499,R. Ristolainen,8481178,E. Zamula,8484387,M. Michkov,1,0
2025-02-25,2024020922,1,REG,12:19,PHI,ev,none,wrist,1551,8480220,N. Cates,8481553,B. Brink,8481592,J. Pelletier,2,0
2025-02-25,2024020922,2,REG,06:09,PIT,ev,none,backhand,1551,8481577,P. Tomasino,8478047,M. Bunting,8471724,K. Letang,2,1
2025-02-25,2024020922,2,REG,11:55,PHI,ev,none,wrist,1551,8482159,T. Foerster,8482142,J. Drysdale,8481553,B. Brink,3,1
2025-02-25,2024020922,2,REG,18:55,PHI,ev,none,wrist,1551,8480220,N. Cates,8481553,B. Brink,8482159,T. Foerster,4,1
2025-02-25,2024020922,2,REG,19:05,PHI,ev,none,deflected,1551,8481553,B. Brink,8480220,N. Cates,8482159,T. Foerster,5,1
2025-02-25,2024020922,3,REG,06:06,PHI,ev,none,wrist,1551,8480015,O. Tippett,8476461,S. Couturier,8484387,M. Michkov,6,1
2025-02-25,2024020923,1,REG,11:47,CGY,ev,none,deflected,1551,8481028,M. Pospisil,8482470,I. Solovyov,8479066,R. Lomberg,0,1
2025-02-25,2024020923,1,REG,16:42,CGY,ev,none,snap,1551,8482679,M. Coronato,8480860,K. Bahl,,,0,2
2025-02-25,2024020923,3,REG,04:52,WSH,pp,none,snap,1451,8471214,A. Ovechkin,8474590,J. Carlson,8478440,D. Strome,1,2
2025-02-25,2024020923,3,REG,15:32,CGY,ev,none,snap,1551,8476456,J. Huberdeau,8475172,N. Kadri,,,1,3
2025-02-25,2024020924,1,REG,00:30,CBJ,ev,none,snap,1551,8480893,K. Marchenko,8478500,I. Provorov,8481716,D. Voronkov,1,0
2025-02-25,2024020924,1,REG,04:37,CBJ,ev,none,tip-in,1551,8479671,M. Olivier,8476923,D. Severson,8479944,Z. Aston-Reese,2,0
2025-02-25,2024020924,1,REG,09:37,DAL,ev,none,snap,1551,8473994,J. Benn,8482740,W. Johnston,8481581,T. Harley,2,1
2025-02-25,2024020924,2,REG,01:11,CBJ,ev,none,snap,1551,8480893,K. Marchenko,8484166,A. Fantilli,,,3,1
2025-02-25,2024020924,2,REG,08:46,CBJ,ev,none,slap,1551,8478500,I. Provorov,8482660,K. Johnson,8476432,B. Jenner,4,1
2025-02-25,2024020924,2,REG,09:38,DAL,ev,none,wrist,1551,8478449,R. Hintz,8475798,M. Granlund,8480027,J. Robertson,4,2
2025-02-25,2024020924,2,REG,13:57,DAL,ev,none,wrist,1551,8480027,J. Robertson,8475798,M. Granlund,,,4,3
2025-02-25,2024020924,3,REG,02:37,CBJ,ev,none,tip-in,1551,8474037,J. van Riemsdyk,8476374,S. Kuraly,,,5,3
2025-02-25,2024020924,3,REG,17:53,DAL,ev,none,wrist,0651,8482145,M. Bourque,8474149,E. Dadonov,8482702,L. Stankoven,5,4
2025-02-25,2024020924,3,REG,19:28,CBJ,ev,empty-net,wrist,0651,8484166,A. Fantilli,8481716,D. Voronkov,8480893,K. Marchenko,6,4
2025-02-25,2024020921,1,REG,11:53,EDM,pp,none,wrist,1541,8477934,L. Draisaitl,8478402,C. McDavid,8480803,E. Bouchard,0,1
2025-02-25,2024020921,1,REG,13:11,TBL,ev,none,backhand,1551,8479591,M. Eyssimont,8482201,G. Goncalves,,,1,1
2025-02-25,2024020921,2,REG,00:29,TBL,ev,none,wrap-around,1551,8479542,B. Hagel,8476878,Z. Girgensons,8478519,A. Cirelli,2,1
2025-02-25,2024020921,2,REG,05:38,TBL,pp,none,slap,1351,8475167,V. Hedman,8478010,B. Point,8476453,N. Kucherov,3,1
2025-02-25,2024020921,3,REG,07:23,TBL,ev,none,tip-in,1551,8477426,N. Paul,8477404,J. Guentzel,8476453,N. Kucherov,4,1
2025-02-25,2024020925,1,REG,06:22,NYR,ev,none,snap,1551,8480001,U. Vaakanainen,8475191,R. Smith,,,0,1
2025-02-25,2024020925,1,REG,08:19,NYI,ev,none,snap,1551,8481014,A. Romanov,8477950,T. DeAngelo,8475754,B. Nelson,1,1
2025-02-25,2024020925,1,REG,12:39,NYR,ev,none,wrist,1551,8477380,J. Brodzinski,8482073,B. Schneider,8480001,U. Vaakanainen,1,2
2025-02-25,2024020925,1,REG,19:12,NYR,ev,none,wrist,1551,8477380,J. Brodzinski,8479323,A. Fox,8479324,R. Lindgren,1,3
2025-02-25,2024020925,2,REG,11:21,NYR,ev,none,snap,1551,8476468,J. Miller,8476459,M. Zibanejad,8480001,U. Vaakanainen,1,4
2025-02-25,2024020925,2,REG,16:30,NYR,ev,none,tip-in,1551,8482460,M. Rempe,8477380,J. Brodzinski,8479324,R. Lindgren,1,5
2025-02-25,2024020926,1,REG,08:04,STL,ev,none,snap,1551,8479385,J. Kyrou,8475764,C. Fowler,8476892,C. Parayko,1,0
2025-02-25,2024020926,1,REG,12:48,STL,pp,none,wrist,1451,8476897,O. Sundqvist,8477402,P. Buchnevich,8480023,R. Thomas,2,0
2025-02-25,2024020926,2,REG,05:10,STL,ev,none,bat,1551,8480023,R. Thomas,8482089,J. Neighbours,8481598,P. Broberg,3,0
2025-02-25,2024020926,2,REG,08:23,STL,ev,none,wrist,1551,8482737,Z. Bolduc,8476897,O. Sundqvist,8475753,J. Faulk,4,0
2025-02-25,2024020926,2,REG,09:45,STL,ev,none,wrist,1551,8475764,C. Fowler,8482077,D. Holloway,8475170,B. Schenn,5,0
2025-02-25,2024020926,2,REG,11:55,STL,ev,none,wrist,1551,8482089,J. Neighbours,8475764,C. Fowler,8476892,C. Parayko,6,0
2025-02-25,2024020926,3,REG,00:20,STL,ev,none,tip-in,1551,8482737,Z. Bolduc,8478472,M. Joseph,8476897,O. Sundqvist,7,0
2025-02-25,2024020926,3,REG,05:13,SEA,ev,none,wrist,1551,8478407,V. Dunn,,,,,7,1
2025-02-25,2024020926,3,REG,12:09,SEA,ev,none,wrist,1551,8475768,J. Schwartz,8481554,K. Kakko,8476457,A. Larsson,7,2
2025-02-25,2024020927,1,REG,01:23,FLA,pp,none,wrist,1541,8477935,S. Bennett,8477933,S. Reinhart,8477493,A. Barkov,0,1
2025-02-25,2024020927,2,REG,04:21,FLA,ev,none,wrist,1551,8482088,J. Sourdif,8480003,J. Boqvist,8478859,N. Mikkola,0,2
2025-02-25,2024020927,3,REG,04:30,NSH,ev,none,backhand,1551,8477446,M. McCarron,8476925,C. Sissons,8482062,C. Smith,1,2
2025-02-25,2024020927,3,REG,09:02,FLA,ev,none,wrist,1551,8478055,G. Forsling,8477932,A. Ekblad,8477493,A. Barkov,1,3
2025-02-25,2024020927,3,REG,15:34,FLA,ev,none,backhand,1441,8482713,M. Samoskevich,8477935,S. Bennett,,,1,4
2025-02-25,2024020928,1,REG,07:17,MIN,pp,none,wrist,1451,8482079,M. Rossi,8481557,M. Boldy,8474716,J. Spurgeon,1,0
2025-02-25,2024020928,1,REG,11:11,MIN,ev,none,wrist,1551,8480880,J. Lauko,8476913,D. Shore,8478508,Y. Trenin,2,0
2025-02-25,2024020928,2,REG,10:12,DET,ev,none,snap,1551,8475765,V. Tarasenko,8476979,E. Gustafsson,8483464,M. Kasper,2,1
2025-02-25,2024020928,2,REG,13:12,DET,ev,none,slap,1551,8482762,S. Edvinsson,8479337,A. DeBrincat,8477456,J. Compher,2,2
2025-02-25,2024020928,3,REG,11:35,DET,ev,none,slap,1551,8482762,S. Edvinsson,8481607,A. Johansson,8481725,E. Soderblom,2,3
2025-02-25,2024020929,1,REG,13:34,CHI,pp,none,snap,1541,8477495,S. Jones,8477987,R. Donato,8476882,T. Teravainen,0,1
2025-02-25,2024020929,2,REG,19:16,UTA,ev,none,snap,1551,8479343,C. Keller,8480891,M. Kesselring,8483431,L. Cooley,1,1
2025-02-25,2024020929,3,REG,12:12,UTA,ev,none,backhand,1551,8478474,L. Crouse,8482659,J. Doan,8476874,O. Maatta,2,1
2025-02-26,2024020930,1,REG,07:46,WPG,ev,none,tip-in,1551,8482149,C. Perfetti,8477940,N. Ehlers,,,0,1
2025-02-26,2024020930,1,REG,09:03,WPG,ev,own-goal,,1551,8478891,M. Appleton,,,,,0,2
2025-02-26,2024020930,2,REG,08:04,WPG,ev,none,snap,1551,8478398,K. Connor,8480014,G. Vilardi,8476331,D. DeMelo,0,3
2025-02-26,2024020930,2,REG,08:53,OTT,ev,none,wrist,1551,8478469,T. Chabot,8482116,T. Stützle,,,1,3
2025-02-26,2024020930,3,REG,17:04,WPG,ev,empty-net,wrist,1560,8476460,M. Scheifele,8478398,K. Connor,,,1,4
2025-02-26,2024020931,1,REG,08:54,COL,ev,none,backhand,1551,8477476,A. Lehkonen,8480039,M. Necas,8477492,N. MacKinnon,1,0
2025-02-26,2024020931,3,REG,02:57,COL,pp,none,wrist,1451,8477492,N. MacKinnon,8480039,M. Necas,8480069,C. Makar,2,0
2025-02-26,2024020931,3,REG,08:28,NJD,ev,none,slap,1551,8481559,J. Hughes,8482684,L. Hughes,,,2,1
2025-02-26,2024020931,3,REG,14:14,COL,pp,none,bat,1451,8477492,N. MacKinnon,8480069,C. Makar,8480039,M. Necas,3,1
2025-02-26,2024020931,3,REG,16:40,COL,ev,none,backhand,1551,8479999,C. Mittelstadt,8477494,J. Drouin,8479525,R. Colton,4,1
2025-02-26,2024020931,3,REG,18:18,COL,ev,none,tip-in,1551,8481186,L. O'Connor,8480448,P. Kelly,8477425,M. Wood,5,1
2025-02-26,2024020932,1,REG,09:56,VAN,ev,none,wrist,1551,8481535,N. Hoglander,8475762,D. Forbort,,,0,1
2025-02-26,2024020932,2,REG,13:07,VAN,pp,none,wrist,1541,8478856,C. Garland,8480078,F. Chytil,8478057,D. Joshua,0,2
2025-02-26,2024020932,3,REG,09:16,LAK,ev,none,snap,1551,8477960,A. Kempe,8478882,V. Gavrikov,8482124,Q. Byfield,1,2
2025-02-26,2024020932,3,REG,14:01,LAK,ev,none,tip-in,1551,8477998,W. Foegele,8481606,J. Spence,8479421,J. Moverare,2,2
2025-02-26,2024020932,4,OT,04:26,VAN,ev,none,wrist,1441,8478856,C. Garland,8480800,Q. Hughes,8480078,F. Chytil,2,3
2025-02-27,2024020933,1,REG,16:11,NYI,ev,none,wrist,1551,8481014,A. Romanov,8476419,J. Pageau,8477506,R. Pulock,0,1
2025-02-27,2024020933,2,REG,04:21,NYI,ev,none,wrist,1551,8475151,K. Palmieri,8475754,B. Nelson,8476917,A. Pelech,0,2
2025-02-27,2024020933,3,REG,10:04,BOS,ev,none,wrist,1551,8477956,D. Pastrnak,8478450,P. Wotherspoon,8478401,P. Zacha,1,2
2025-02-27,2024020934,1,REG,03:56,SJS,ev,none,snap,1551,8480188,F. Zetterlund,8484227,W. Smith,8477505,A. Wennberg,0,1
2025-02-27,2024020934,1,REG,06:49,MTL,ev,none,snap,1551,8480018,N. Suzuki,8481540,C. Caufield,8483515,J. Slafkovský,1,1
2025-02-27,2024020934,1,REG,12:38,SJS,ev,none,snap,1551,8481477,N. Sturm,8480011,K. Kostin,8484911,C. Graf,1,2
2025-02-27,2024020934,1,REG,19:04,MTL,ev,none,snap,1551,8480018,N. Suzuki,8483457,L. Hutson,8481593,J. Struble,2,2
2025-02-27,2024020934,2,REG,17:21,SJS,ev,none,snap,1551,8484227,W. Smith,8482166,S. Mukhamadullin,8477505,A. Wennberg,2,3
2025-02-27,2024020934,3,REG,02:22,MTL,ev,none,backhand,1551,8481618,A. Newhook,8479339,P. Laine,8483424,O. Beck,3,3
2025-02-27,2024020934,4,OT,03:21,MTL,ev,none,snap,1331,8481540,C. Caufield,8480018,N. Suzuki,8478470,S. Montembeault,4,3
2025-02-27,2024020935,2,REG,00:27,DET,ev,none,snap,1551,8479337,A. DeBrincat,8477456,J. Compher,,,1,0
2025-02-27,2024020935,2,REG,04:16,CBJ,ev,none,tip-in,1551,8474037,J. van Riemsdyk,8481161,J. Christiansen,8476432,B. Jenner,1,1
2025-02-27,2024020935,2,REG,09:43,CBJ,ev,none,bat,1551,8476374,S. Kuraly,8479671,M. Olivier,8476425,J. LaBate,1,2
2025-02-27,2024020935,2,REG,12:08,CBJ,ev,none,tip-in,1551,8482660,K. Johnson,8479371,D. Fabbro,8476432,B. Jenner,1,3
2025-02-27,2024020935,2,REG,15:01,CBJ,ev,none,snap,1551,8474037,J. van Riemsdyk,8476432,B. Jenner,8482660,K. Johnson,1,4
2025-02-27,2024020935,2,REG,16:39,DET,pp,none,snap,1451,8477456,J. Compher,8481013,J. Berggren,8476979,E. Gustafsson,2,4
2025-02-27,2024020935,3,REG,19:03,CBJ,ev,empty-net,tip-in,1560,8480893,K. Marchenko,8484166,A. Fantilli,,,2,5
2025-02-27,2024020936,1,REG,19:15,TBL,pp,none,wrist,1451,8476453,N. Kucherov,8477404,J. Guentzel,8475167,V. Hedman,1,0
2025-02-27,2024020936,3,REG,03:51,TBL,ev,none,wrist,1551,8478416,E. Cernak,8479542,B. Hagel,8478519,A. Cirelli,2,0
2025-02-27,2024020936,3,REG,17:10,TBL,ev,empty-net,wrist,0651,8479542,B. Hagel,8475167,V. Hedman,,,3,0
2025-02-27,2024020937,1,REG,12:28,FLA,ev,none,wrist,1551,8484304,U. Balinskis,8482113,A. Lundell,,,1,0
2025-02-27,2024020937,1,REG,14:41,EDM,ev,none,wrist,1551,8476967,B. Kulak,8481617,V. Podkolzin,8475906,J. Klingberg,1,1
2025-02-27,2024020937,2,REG,15:30,FLA,ev,none,tip-in,1551,8482113,A. Lundell,8477932,A. Ekblad,,,2,1
2025-02-27,2024020937,2,REG,17:30,EDM,ev,none,wrist,1551,8477934,L. Draisaitl,8475906,J. Klingberg,,,2,2
2025-02-27,2024020937,3,REG,11:08,FLA,ev,none,snap,1551,8477220,N. Schmidt,8478421,A. Greer,8482113,A. Lundell,3,2
2025-02-27,2024020937,3,REG,13:51,FLA,ev,none,wrist,1551,8477409,C. Verhaeghe,8477933,S. Reinhart,8477932,A. Ekblad,4,2
2025-02-27,2024020937,3,REG,16:35,EDM,ev,none,wrist,0651,8475786,Z. Hyman,8478402,C. McDavid,8475218,M. Ekholm,4,3
2025-02-27,2024020939,1,REG,11:14,STL,ev,none,slap,1551,8481598,P. Broberg,8478472,M. Joseph,,,0,1
2025-02-27,2024020939,1,REG,15:04,WSH,ev,none,backhand,1551,8479400,P. Dubois,8479390,T. Raddysh,8481580,C. McMichael,1,1
2025-02-27,2024020939,1,REG,17:45,STL,ev,none,backhand,1551,8481598,P. Broberg,8482089,J. Neighbours,8477402,P. Buchnevich,1,2
2025-02-27,2024020939,2,REG,16:55,WSH,ev,none,snap,1551,8481580,C. McMichael,8478911,M. Roy,8483573,E. Frank,2,2
2025-02-27,2024020939,2,REG,17:23,STL,ev,none,tip-in,1551,8482077,D. Holloway,8470600,R. Suter,8475170,B. Schenn,2,3
2025-02-27,2024020939,2,REG,17:58,STL,ev,none,snap,1551,8476892,C. Parayko,8477402,P. Buchnevich,8480023,R. Thomas,2,4
2025-02-27,2024020939,3,REG,18:05,STL,ev,empty-net,snap,1560,8482089,J. Neighbours,8475170,B. Schenn,8476889,R. Faksa,2,5
2025-02-27,2024020940,1,REG,06:09,CAR,ev,none,tip-in,1551,8473533,J. Staal,8476921,J. Martinook,,,1,0
2025-02-27,2024020940,1,REG,07:57,CAR,ev,none,snap,1551,8478427,S. Aho,8478420,M. Rantanen,,,2,0
2025-02-27,2024020940,1,REG,09:41,CAR,pp,none,wrist,1451,8478420,M. Rantanen,8480830,A. Svechnikov,8476906,S. Gostisbehere,3,0
2025-02-27,2024020940,1,REG,19:04,BUF,pp,none,snap,1541,8477949,A. Tuch,,,,,3,1
2025-02-27,2024020940,2,REG,15:52,CAR,ev,none,snap,1551,8475791,T. Hall,8478458,J. Roslovic,8480829,J. Kotkaniemi,4,1
2025-02-27,2024020940,3,REG,01:15,BUF,ev,none,snap,1551,8482175,J. Peterka,8480802,R. McLeod,8482097,J. Quinn,4,2
2025-02-27,2024020940,3,REG,17:49,CAR,ev,empty-net,wrist,0651,8482093,S. Jarvis,,,,,5,2
2025-02-27,2024020938,1,REG,02:00,PHI,ev,none,wrist,1551,8480220,N. Cates,8481553,B. Brink,8481178,E. Zamula,0,1
2025-02-27,2024020938,2,REG,01:44,PHI,ev,none,slap,1551,8480015,O. Tippett,8476372,N. Seeler,8484387,M. Michkov,0,2
2025-02-27,2024020938,2,REG,07:24,PHI,ev,none,backhand,1551,8484387,M. Michkov,8480015,O. Tippett,8477499,R. Ristolainen,0,3
2025-02-27,2024020938,2,REG,09:05,PIT,ev,none,backhand,1551,8481577,P. Tomasino,8471215,E. Malkin,8478046,D. Heinen,1,3
2025-02-27,2024020938,2,REG,09:35,PIT,ev,none,slap,1551,8474578,E. Karlsson,8471675,S. Crosby,,,2,3
2025-02-27,2024020938,2,REG,11:05,PHI,pp,none,wrist,1541,8484387,M. Michkov,8483808,A. Kuzmenko,8478439,T. Konecny,2,4
2025-02-27,2024020938,2,REG,18:17,PIT,ev,none,snap,1551,8474578,E. Karlsson,8476891,M. Grzelcyk,8471215,E. Malkin,3,4
2025-02-27,2024020938,3,REG,02:30,PIT,ev,none,snap,1551,8471215,E. Malkin,8478463,A. Beauvillier,8477435,R. Graves,4,4
2025-02-27,2024020938,4,OT,01:03,PIT,ev,none,snap,1331,8471215,E. Malkin,8471724,K. Letang,8474578,E. Karlsson,5,4
2025-02-27,2024020941,1,REG,04:26,NSH,ev,none,wrist,1551,8476887,F. Forsberg,8474679,G. Nyquist,8475158,R. O'Reilly,1,0
2025-02-27,2024020941,1,REG,11:05,WPG,ev,none,slap,1551,8480145,N. Pionk,8480845,R. Kupari,8480113,A. Iafallo,1,1
2025-02-27,2024020941,1,REG,15:29,NSH,pp,none,slap,1451,8478438,T. Novak,8482111,J. Barron,8482146,L. Evangelista,2,1
2025-02-27,2024020942,1,REG,03:59,UTA,pp,none,wrist,1451,8480849,B. Hayton,8479343,C. Keller,8479410,M. Sergachev,1,0
2025-02-27,2024020942,1,REG,19:30,UTA,pp,none,slap,1351,8482699,D. Guenther,8479343,C. Keller,8480849,B. Hayton,2,0
2025-02-27,2024020942,2,REG,16:02,MIN,ev,none,snap,1551,8477919,F. Gaudreau,8481557,M. Boldy,,,2,1
2025-02-27,2024020942,2,REG,17:50,UTA,ev,none,snap,1551,8480434,S. Durzi,8482659,J. Doan,8476874,O. Maatta,3,1
2025-02-27,2024020942,3,REG,03:47,UTA,ev,none,snap,1551,8477951,N. Schmaltz,8483431,L. Cooley,8479343,C. Keller,4,1
2025-02-27,2024020942,3,REG,09:30,UTA,ev,none,snap,1551,8479343,C. Keller,8477951,N. Schmaltz,8479410,M. Sergachev,5,1
2025-02-27,2024020942,3,REG,15:01,UTA,ev,none,tip-in,1551,8483431,L. Cooley,8479343,C. Keller,8477951,N. Schmaltz,6,1
2025-02-27,2024020943,1,REG,01:06,VGK,ev,none,wrist,1551,8478434,K. Kolesar,8479353,B. Howden,,,1,0
2025-02-27,2024020943,1,REG,06:58,CHI,ev,none,wrist,1551,8473422,N. Foligno,8481568,A. Vlasic,8476882,T. Teravainen,1,1
2025-02-27,2024020943,1,REG,08:57,VGK,ev,none,wrist,1551,8479980,N. Hague,8479353,B. Howden,8477964,I. Barbashev,2,1
2025-02-27,2024020943,1,REG,12:17,VGK,pp,none,tip-in,1451,8477964,I. Barbashev,8474565,A. Pietrangelo,8478109,V. Olofsson,3,1
2025-02-27,2024020943,1,REG,16:54,VGK,pp,none,snap,1451,8476881,T. Hertl,8478403,J. Eichel,8478396,N. Hanifin,4,1
2025-02-27,2024020943,1,REG,18:57,VGK,ev,none,wrist,1551,8481604,P. Dorofeyev,8476881,T. Hertl,,,5,1
2025-02-27,2024020943,2,REG,01:01,CHI,ev,none,deflected,1551,8482703,C. Dach,8483493,F. Nazar,8477479,T. Bertuzzi,5,2
2025-02-27,2024020943,2,REG,05:30,CHI,ev,none,snap,1551,8482807,E. Del Mastro,8477987,R. Donato,8476473,C. Murphy,5,3
2025-02-27,2024020943,2,REG,13:38,VGK,ev,none,wrist,1551,8478434,K. Kolesar,8477964,I. Barbashev,8478462,N. Roy,6,3
2025-02-27,2024020943,3,REG,06:56,CHI,ev,none,wrist,1551,8481624,I. Mikheyev,8483493,F. Nazar,8476473,C. Murphy,6,4
2025-02-27,2024020943,3,REG,09:44,CHI,ev,none,snap,1551,8480798,P. Kurashev,8475225,C. Smith,8476473,C. Murphy,6,5
2025-02-27,2024020943,3,REG,15:45,VGK,ev,none,tip-in,1551,8477964,I. Barbashev,8479353,B. Howden,8478396,N. Hanifin,7,5
2025-02-27,2024020944,1,REG,03:17,VAN,ev,none,slap,1551,8474574,T. Myers,8482055,D. O'Connor,8478856,C. Garland,0,1
2025-02-27,2024020944,1,REG,16:52,VAN,ev,none,poke,1551,8480459,P. Suter,8474574,T. Myers,8478444,B. Boeser,0,2
2025-02-27,2024020944,2,REG,05:27,ANA,ev,none,wrist,1551,8478366,F. Vatrano,8476458,R. Strome,8478873,T. Terry,1,2
2025-02-27,2024020944,2,REG,09:09,ANA,ev,none,snap,1551,8483445,C. Gauthier,8480806,I. Lundestrom,,,2,2
2025-02-27,2024020944,2,REG,18:41,ANA,ev,none,wrist,1551,8476458,R. Strome,8482745,M. McTavish,8478873,T. Terry,3,2
2025-02-27,2024020944,3,REG,15:46,ANA,ev,none,wrist,1441,8481605,J. LaCombe,8482745,M. McTavish,,,4,2
2025-02-27,2024020944,3,REG,17:54,ANA,ev,empty-net,wrist,0651,8478873,T. Terry,8476458,R. Strome,8480806,I. Lundestrom,5,2
2025-02-28,2024020945,1,REG,01:47,TOR,pp,none,slap,1541,8475171,O. Ekman-Larsson,8477503,M. Domi,8476853,M. Rielly,0,1
2025-02-28,2024020945,1,REG,13:08,NYR,ev,none,tip-in,1551,8476459,M. Zibanejad,8478840,W. Borgen,8476468,J. Miller,1,1
2025-02-28,2024020945,2,REG,00:51,TOR,ev,none,poke,1551,8477939,W. Nylander,,,,,1,2
2025-02-28,2024020945,3,REG,03:47,NYR,sh,none,backhand,1541,8482157,W. Cuylle,8476459,M. Zibanejad,,,2,2
2025-02-28,2024020945,3,REG,06:21,TOR,ev,none,snap,1551,8482720,M. Knies,8479318,A. Matthews,8478483,M. Marner,2,3
2025-02-28,2024020946,1,REG,04:21,DAL,ev,none,snap,1551,8480027,J. Robertson,8481581,T. Harley,8478449,R. Hintz,1,0
2025-02-28,2024020946,1,REG,06:44,LAK,ev,none,snap,1551,8477998,W. Foegele,8476479,P. Danault,8479998,M. Anderson,1,1
2025-02-28,2024020946,1,REG,11:59,DAL,pp,none,tip-in,1451,8475168,M. Duchene,8478449,R. Hintz,8480027,J. Robertson,2,1
2025-02-28,2024020946,1,REG,14:11,DAL,ev,none,snap,1551,8482702,L. Stankoven,8476902,E. Lindell,8479351,S. Steel,3,1
2025-02-28,2024020946,2,REG,04:57,DAL,pp,none,tip-in,1451,8482740,W. Johnston,8478449,R. Hintz,8481581,T. Harley,4,1
2025-02-28,2024020946,2,REG,13:51,LAK,ev,none,wrap-around,1551,8479675,T. Moore,,,,,4,2
2025-02-28,2024020946,3,REG,04:06,DAL,ev,none,backhand,1551,8482702,L. Stankoven,8478449,R. Hintz,8480027,J. Robertson,5,2
2025-02-28,2024020946,3,REG,06:19,DAL,sh,none,backhand,1541,8479351,S. Steel,,,,,6,2
2025-02-28,2024020947,1,REG,04:14,MIN,ev,none,snap,1551,8475692,M. Zuccarello,8475149,M. Johansson,,,0,1
2025-02-28,2024020947,1,REG,13:58,COL,pp,none,snap,1451,8477501,V. Nichushkin,8477492,N. MacKinnon,8480039,M. Necas,1,1
2025-02-28,2024020947,1,REG,17:42,MIN,pp,none,tip-in,1541,8476994,V. Hinostroza,8482122,B. Faber,8482079,M. Rossi,1,2
2025-02-28,2024020947,2,REG,08:57,COL,ev,none,snap,1551,8477494,J. Drouin,8478430,O. Kylington,,,2,2
2025-02-28,2024020947,2,REG,09:49,COL,ev,none,backhand,1551,8480835,J. Drury,8480069,C. Makar,8479525,R. Colton,3,2
2025-02-28,2024020947,2,REG,14:39,COL,ev,none,snap,1551,8479525,R. Colton,8478430,O. Kylington,8481641,J. Kiviranta,4,2
2025-02-28,2024020947,3,REG,19:52,COL,pp,empty-net,wrist,0551,8479525,R. Colton,8478038,D. Toews,8478406,M. Blackwood,5,2
2025-03-01,2024020949,1,REG,02:37,NYI,ev,none,snap,1551,8476419,J. Pageau,8475231,C. Cizikas,8480871,A. Boqvist,1,0
2025-03-01,2024020949,1,REG,12:27,NYI,pp,none,backhand,1451,8475151,K. Palmieri,8480871,A. Boqvist,8475754,B. Nelson,2,0
2025-03-01,2024020949,1,REG,19:31,NYI,ev,none,snap,1551,8477500,B. Horvat,8475314,A. Lee,,,3,0
2025-03-01,2024020949,2,REG,01:03,NSH,ev,none,backhand,1551,8476925,C. Sissons,,,,,3,1
2025-03-01,2024020949,2,REG,02:38,NYI,sh,none,snap,1541,8475754,B. Nelson,8481601,S. Holmstrom,,,4,1
2025-03-01,2024020949,2,REG,04:58,NSH,ev,none,wrist,1551,8481743,M. Del Gaizo,8476925,C. Sissons,8475158,R. O'Reilly,4,2
2025-03-01,2024020949,2,REG,16:21,NYI,ev,none,wrist,1551,8475754,B. Nelson,8481014,A. Romanov,8481601,S. Holmstrom,5,2
2025-03-01,2024020949,3,REG,05:21,NYI,ev,none,wrist,1551,8475231,C. Cizikas,8477392,H. Fasching,8476419,J. Pageau,6,2
2025-03-01,2024020949,3,REG,05:51,NSH,ev,none,tip-in,1551,8482062,C. Smith,8481743,M. Del Gaizo,8476925,C. Sissons,6,3
2025-03-01,2024020949,3,REG,18:56,NSH,ev,none,snap,1551,8482062,C. Smith,8478438,T. Novak,8483565,N. Blankenburg,6,4
2025-03-01,2024020949,3,REG,19:48,NYI,ev,own-goal-empty-net,,0651,8478009,I. Sorokin,,,,,7,4
2025-03-01,2024020950,1,REG,17:11,TBL,pp,none,snap,1541,8482070,M. Chaffee,8478010,B. Point,8476453,N. Kucherov,0,1
2025-03-01,2024020950,3,REG,06:08,TBL,ev,none,snap,1551,8482201,G. Goncalves,8477426,N. Paul,,,0,2
2025-03-01,2024020950,3,REG,16:01,WSH,ev,none,snap,1551,8471214,A. Ovechkin,8478911,M. Roy,,,1,2
2025-03-01,2024020950,3,REG,19:01,TBL,ev,empty-net,snap,1560,8479542,B. Hagel,,,,,1,3
2025-03-01,2024020951,2,REG,04:47,FLA,ev,none,wrist,1551,8479981,J. Gadjovich,8478421,A. Greer,8477220,N. Schmidt,1,0
2025-03-01,2024020951,2,REG,19:24,FLA,ev,none,wrist,1551,8478542,E. Rodrigues,8477932,A. Ekblad,8477935,S. Bennett,2,0
2025-03-01,2024020951,3,REG,16:08,FLA,ev,none,backhand,1551,8482713,M. Samoskevich,8477935,S. Bennett,8478542,E. Rodrigues,3,0
2025-03-01,2024020952,1,REG,01:32,BOS,ev,none,wrist,1551,8477956,D. Pastrnak,8478401,P. Zacha,8479987,M. Geekie,0,1
2025-03-01,2024020952,1,REG,06:33,BOS,pp,none,snap,1541,8482511,M. Lohrei,8478401,P. Zacha,8477956,D. Pastrnak,0,2
2025-03-01,2024020952,3,REG,14:01,PIT,sh,none,wrist,1541,8478463,A. Beauvillier,8475763,K. Hayes,,,1,2
2025-03-01,2024020952,3,REG,19:19,BOS,sh,empty-net,wrist,1460,8475745,C. Coyle,8477507,N. Zadorov,,,1,3
2025-03-01,2024020952,3,REG,19:38,PIT,pp,none,wrist,1460,8476483,R. Rakell,8475810,B. Rust,8471675,S. Crosby,2,3
2025-03-01,2024020948,2,REG,05:31,CBJ,ev,none,wrist,1551,8483485,D. Mateychuk,8476432,B. Jenner,8474037,J. van Riemsdyk,1,0
2025-03-01,2024020948,2,REG,13:06,DET,pp,none,snap,1541,8479337,A. DeBrincat,8474141,P. Kane,8481542,M. Seider,1,1
2025-03-01,2024020948,2,REG,17:23,CBJ,pp,none,wrist,1451,8481716,D. Voronkov,8482660,K. Johnson,8478460,Z. Werenski,2,1
2025-03-01,2024020948,2,REG,17:55,CBJ,ev,none,backhand,1551,8479671,M. Olivier,8479941,J. Danforth,,,3,1
2025-03-01,2024020948,3,REG,03:34,DET,ev,none,wrist,1551,8474141,P. Kane,8482762,S. Edvinsson,8481607,A. Johansson,3,2
2025-03-01,2024020948,3,REG,16:36,DET,ev,none,snap,1551,8479337,A. DeBrincat,8476979,E. Gustafsson,8474141,P. Kane,3,3
2025-03-01,2024020948,3,REG,17:43,CBJ,ev,none,snap,1551,8479941,J. Danforth,8479944,Z. Aston-Reese,8478500,I. Provorov,4,3
2025-03-01,2024020948,3,REG,18:52,CBJ,ev,empty-net,wrist,0651,8484166,A. Fantilli,8478460,Z. Werenski,8476432,B. Jenner,5,3
2025-03-01,2024020953,2,REG,01:13,MTL,pp,none,slap,1541,8481540,C. Caufield,8479339,P. Laine,8480018,N. Suzuki,0,1
2025-03-01,2024020953,2,REG,06:04,BUF,ev,none,wrist,1551,8477949,A. Tuch,8480196,J. Bryson,,,1,1
2025-03-01,2024020953,2,REG,07:33,BUF,ev,none,slap,1551,8483468,J.Kulich,8480839,R. Dahlin,8482175,J. Peterka,2,1
2025-03-01,2024020953,2,REG,13:33,MTL,ev,none,wrist,1551,8476981,J. Anderson,8477989,C. Dvorak,8483457,L. Hutson,2,2
2025-03-01,2024020953,2,REG,19:57,MTL,ev,none,tip-in,1441,8481618,A. Newhook,8476875,M. Matheson,8483457,L. Hutson,2,3
2025-03-01,2024020953,3,REG,18:22,MTL,ev,empty-net,wrist,1560,8478133,J. Evans,8477989,C. Dvorak,,,2,4
2025-03-01,2024020954,1,REG,11:05,OTT,sh,none,wrist,1541,8481596,S. Pinto,8482092,R. Greig,,,1,0
2025-03-01,2024020954,2,REG,05:17,SJS,pp,none,wrist,1541,8475726,T. Toffoli,8484227,W. Smith,8484801,M. Celebrini,1,1
2025-03-01,2024020954,2,REG,09:47,SJS,pp,none,slap,1541,8480043,T. Liljegren,8477505,A. Wennberg,8480011,K. Kostin,1,2
2025-03-01,2024020954,3,REG,01:26,OTT,pp,none,wrist,1351,8480801,B. Tkachuk,8482116,T. Stützle,8482105,J. Sanderson,2,2
2025-03-01,2024020954,3,REG,03:00,OTT,ev,none,wrist,1551,8482116,T. Stützle,8482092,R. Greig,,,3,2
2025-03-01,2024020954,3,REG,08:31,OTT,ev,none,wrist,1551,8474102,D. Perron,8478469,T. Chabot,8480208,D. Batherson,4,2
2025-03-01,2024020954,3,REG,18:33,SJS,pp,none,wrist,0641,8484227,W. Smith,8482667,W. Eklund,8484801,M. Celebrini,4,3
2025-03-01,2024020954,3,REG,19:00,OTT,ev,empty-net,wrist,0651,8478020,M. Amadio,8482245,A. Zub,,,5,3
2025-03-01,2024020955,1,REG,05:08,EDM,sh,none,deflected,1451,8474641,A. Henrique,8477406,M. Janmark,,,0,1
2025-03-01,2024020955,2,REG,16:29,EDM,ev,none,wrist,1551,8470621,C. Perry,8477934,L. Draisaitl,8476967,B. Kulak,0,2
2025-03-01,2024020955,3,REG,04:26,CAR,pp,none,tip-in,1451,8478427,S. Aho,8478420,M. Rantanen,8476906,S. Gostisbehere,1,2
2025-03-01,2024020955,3,REG,19:59,EDM,pp,empty-net,slap,1550,8480803,E. Bouchard,8477934,L. Draisaitl,8478402,C. McDavid,1,3
2025-03-01,2024020956,1,REG,09:58,WPG,ev,none,snap,1551,8476460,M. Scheifele,8480014,G. Vilardi,8478398,K. Connor,1,0
2025-03-01,2024020956,2,REG,03:48,PHI,ev,none,wrist,1551,8482142,J. Drysdale,8480220,N. Cates,8476372,N. Seeler,1,1
2025-03-01,2024020956,5,SO,00:00,PHI,ev,none,backhand,0101,8484387,M. Michkov,,,,,1,2
2025-03-01,2024020957,1,REG,03:43,LAK,pp,none,slap,1541,8477942,K. Fiala,8474563,D. Doughty,8471685,A. Kopitar,0,1
2025-03-01,2024020957,1,REG,09:37,STL,ev,none,wrist,1551,8476892,C. Parayko,8479385,J. Kyrou,8482077,D. Holloway,1,1
2025-03-01,2024020957,1,REG,18:07,STL,ev,none,wrist,1551,8477402,P. Buchnevich,8480023,R. Thomas,8482089,J. Neighbours,2,1
2025-03-01,2024020957,2,REG,09:27,STL,ev,none,wrist,1551,8482737,Z. Bolduc,8478472,M. Joseph,,,3,1
2025-03-01,2024020957,3,REG,01:34,STL,ev,none,wrist,1551,8482077,D. Holloway,8475170,B. Schenn,8470600,R. Suter,4,1
2025-03-01,2024020958,1,REG,09:34,NJD,ev,none,bat,1551,8480002,N. Hischier,8482684,L. Hughes,8475193,T. Tatar,0,1
2025-03-01,2024020958,2,REG,10:03,UTA,ev,none,snap,1551,8479410,M. Sergachev,8477070,L. O'Brien,8478831,K. Stenlund,1,1
2025-03-01,2024020958,3,REG,00:14,NJD,ev,none,snap,1551,8478414,T. Meier,8482110,D. Mercer,8480192,J. Kovacevic,1,2
2025-03-01,2024020958,3,REG,12:44,NJD,ev,none,snap,1551,8477508,C. Lazar,8481559,J. Hughes,8479414,N. Bastian,1,3
2025-03-01,2024020959,2,REG,07:48,CHI,ev,none,snap,1551,8482176,W. Kaiser,8476882,T. Teravainen,8481624,I. Mikheyev,0,1
2025-03-01,2024020959,2,REG,08:33,ANA,ev,none,backhand,1551,8484153,L. Carlsson,8478366,F. Vatrano,,,1,1
2025-03-01,2024020959,2,REG,10:24,CHI,pp,none,wrist,1541,8474034,P. Maroon,8482117,L. Reichel,8474166,A. Martinez,1,2
2025-03-01,2024020959,2,REG,13:16,CHI,ev,none,wrist,1551,8476882,T. Teravainen,8477987,R. Donato,8474673,T. Brodie,1,3
2025-03-01,2024020959,2,REG,14:41,ANA,ev,none,wrist,1551,8481605,J. LaCombe,8476458,R. Strome,8478366,F. Vatrano,2,3
2025-03-01,2024020959,3,REG,04:53,CHI,ev,none,snap,1551,8482117,L. Reichel,8475225,C. Smith,8474166,A. Martinez,2,4
2025-03-01,2024020959,3,REG,07:40,CHI,pp,none,wrist,1531,8477987,R. Donato,8477479,T. Bertuzzi,8481568,A. Vlasic,2,5
2025-03-01,2024020959,3,REG,10:56,CHI,ev,none,wrist,1551,8477987,R. Donato,8476882,T. Teravainen,,,2,6
2025-03-01,2024020959,3,REG,17:16,ANA,ev,none,snap,1551,8484153,L. Carlsson,8475208,B. Dumoulin,,,3,6
2025-03-01,2024020960,1,REG,05:47,SEA,ev,none,snap,1551,8477444,A. Burakovsky,8483524,S. Wright,,,1,0
2025-03-01,2024020960,1,REG,11:35,VAN,ev,none,wrist,1551,8480459,P. Suter,,,,,1,1
2025-03-01,2024020960,1,REG,16:27,VAN,ev,none,wrist,1551,8480078,F. Chytil,8474574,T. Myers,8477969,M. Pettersson,1,2
2025-03-01,2024020960,2,REG,04:11,SEA,ev,none,tip-in,1551,8477416,O. Bjorkstrand,8477986,B. Montour,8483524,S. Wright,2,2
2025-03-01,2024020960,2,REG,08:05,VAN,sh,none,backhand,1451,8478057,D. Joshua,8482055,D. O'Connor,,,2,3
2025-03-01,2024020960,2,REG,12:08,SEA,ev,none,tip-in,1551,8482665,M. Beniers,8478407,V. Dunn,,,3,3
2025-03-01,2024020960,2,REG,13:08,SEA,ev,none,tip-in,1551,8480009,E. Tolvanen,8482858,R. Evans,8476905,C. Stephenson,4,3
2025-03-01,2024020960,3,REG,05:38,SEA,ev,none,slap,1551,8477986,B. Montour,8477955,J. McCann,8474586,J. Eberle,5,3
2025-03-01,2024020960,3,REG,18:29,SEA,ev,empty-net,wrist,0651,8480009,E. Tolvanen,8478407,V. Dunn,,,6,3
2025-03-02,2024020961,1,REG,02:15,TOR,ev,none,wrist,1551,8477503,M. Domi,8482259,B. McMann,8481582,N. Robertson,0,1
2025-03-02,2024020961,1,REG,04:39,TOR,ev,none,wrist,1551,8479982,C. Timmins,8480995,P. Holmberg,8477939,W. Nylander,0,2
2025-03-02,2024020961,1,REG,10:27,PIT,ev,none,tip-in,1551,8479996,C. Glass,8478854,R. Shea,8481481,B. Lizotte,1,2
2025-03-02,2024020961,1,REG,11:29,PIT,ev,none,wrist,1551,8476483,R. Rakell,8476891,M. Grzelcyk,8471675,S. Crosby,2,2
2025-03-02,2024020961,1,REG,13:51,PIT,pp,none,wrist,1451,8471675,S. Crosby,8474578,E. Karlsson,8475810,B. Rust,3,2
2025-03-02,2024020961,2,REG,04:08,TOR,ev,none,wrist,1551,8479318,A. Matthews,8482720,M. Knies,8478483,M. Marner,3,3
2025-03-02,2024020961,2,REG,15:38,PIT,ev,none,backhand,1551,8475810,B. Rust,8471675,S. Crosby,8474578,E. Karlsson,4,3
2025-03-02,2024020961,2,REG,19:04,TOR,ev,none,wrist,1551,8475166,J. Tavares,8476931,J. McCabe,,,4,4
2025-03-02,2024020961,2,REG,19:59,TOR,ev,none,wrist,1551,8482720,M. Knies,,,,,4,5
2025-03-02,2024020961,3,REG,00:10,PIT,ev,none,backhand,1551,8476483,R. Rakell,8475810,B. Rust,8471724,K. Letang,5,5
2025-03-02,2024020961,4,OT,01:00,TOR,ev,none,wrist,1331,8477939,W. Nylander,8476853,M. Rielly,8479318,A. Matthews,5,6
2025-03-02,2024020962,2,REG,05:01,MIN,ev,none,deflected,1551,8477919,F. Gaudreau,8475149,M. Johansson,8475692,M. Zuccarello,1,0
2025-03-02,2024020963,2,REG,19:25,CAR,ev,none,snap,1551,8476958,J. Slavin,8482809,J. Blake,,,1,0
2025-03-02,2024020963,3,REG,07:06,CGY,pp,none,slap,1541,8475172,N. Kadri,8476456,J. Huberdeau,8477346,M. Weegar,1,1
2025-03-02,2024020963,4,OT,03:16,CAR,ev,none,slap,1331,8478427,S. Aho,8476958,J. Slavin,8482809,J. Blake,2,1
2025-03-02,2024020964,1,REG,01:56,DAL,pp,none,snap,1451,8478975,M. Marchment,8482145,M. Bourque,8475798,M. Granlund,1,0
2025-03-02,2024020964,1,REG,03:22,STL,ev,none,snap,1551,8482737,Z. Bolduc,8476897,O. Sundqvist,8481598,P. Broberg,1,1
2025-03-02,2024020964,1,REG,13:28,DAL,ev,none,snap,1551,8475168,M. Duchene,8478975,M. Marchment,8476879,C. Ceci,2,1
2025-03-02,2024020964,1,REG,18:34,STL,pp,none,snap,1541,8482077,D. Holloway,8475170,B. Schenn,8479385,J. Kyrou,2,2
2025-03-02,2024020964,1,REG,19:58,DAL,pp,none,snap,1451,8482740,W. Johnston,8478449,R. Hintz,8481581,T. Harley,3,2
2025-03-02,2024020964,2,REG,01:06,DAL,ev,none,snap,1551,8478449,R. Hintz,8480027,J. Robertson,8482702,L. Stankoven,4,2
2025-03-02,2024020964,2,REG,08:02,STL,ev,none,bat,1551,8477573,N. Walker,8480281,A. Toropchenko,8480023,R. Thomas,4,3
2025-03-02,2024020964,3,REG,09:14,DAL,pp,none,snap,1451,8482740,W. Johnston,8478449,R. Hintz,8475168,M. Duchene,5,3
2025-03-02,2024020964,3,REG,11:11,DAL,pp,none,snap,1451,8482740,W. Johnston,8478449,R. Hintz,8481581,T. Harley,6,3
2025-03-02,2024020965,1,REG,08:32,NYR,ev,none,slap,1551,8478550,A. Panarin,8482109,A. Lafrenière,8475177,C. de Haan,1,0
2025-03-02,2024020965,2,REG,01:02,NYR,pp,none,wrist,1451,8476468,J. Miller,8478550,A. Panarin,8476459,M. Zibanejad,2,0
2025-03-02,2024020965,2,REG,03:25,NYR,ev,none,backhand,1551,8480817,K. Miller,8476468,J. Miller,8476459,M. Zibanejad,3,0
2025-03-02,2024020965,3,REG,16:57,NYR,ev,none,wrist,1551,8482132,B. Berard,8475842,S. Carrick,,,4,0
2025-03-02,2024020966,3,REG,01:27,VGK,pp,none,tip-in,1451,8475913,M. Stone,8478396,N. Hanifin,8478403,J. Eichel,1,0
2025-03-02,2024020966,3,REG,09:10,VGK,pp,none,slap,1451,8478396,N. Hanifin,8478403,J. Eichel,,,2,0
2025-03-03,2024020967,1,REG,01:41,WSH,ev,none,wrist,1551,8481580,C. McMichael,8480796,M. Fehérváry,8479400,P. Dubois,1,0
2025-03-03,2024020967,1,REG,03:34,WSH,ev,none,wrist,1441,8479400,P. Dubois,8481580,C. McMichael,8480873,R. Sandin,2,0
2025-03-03,2024020967,2,REG,06:53,WSH,pp,none,slap,1451,8476880,T. Wilson,8479400,P. Dubois,8478440,D. Strome,3,0
2025-03-03,2024020967,2,REG,12:18,OTT,ev,none,tip-in,1551,8481596,S. Pinto,8482105,J. Sanderson,8473512,C. Giroux,3,1
2025-03-03,2024020967,3,REG,01:05,OTT,pp,none,slap,1541,8473512,C. Giroux,8482105,J. Sanderson,8482116,T. Stützle,3,2
2025-03-03,2024020967,3,REG,08:01,OTT,ev,none,tip-in,1551,8481596,S. Pinto,8478020,M. Amadio,8478469,T. Chabot,3,3
2025-03-03,2024020967,3,REG,12:43,WSH,ev,none,snap,1551,8480796,M. Fehérváry,8476880,T. Wilson,8481656,A. Protas,4,3
2025-03-03,2024020967,3,REG,18:52,OTT,pp,none,wrist,0641,8480801,B. Tkachuk,8482116,T. Stützle,8482105,J. Sanderson,4,4
2025-03-03,2024020967,5,SO,00:00,WSH,ev,none,backhand,1010,8478440,D. Strome,,,,,5,4
2025-03-03,2024020968,1,REG,09:42,MTL,pp,none,snap,1451,8481540,C. Caufield,8480018,N. Suzuki,8483457,L. Hutson,1,0
2025-03-03,2024020968,1,REG,11:41,MTL,sh,none,snap,1541,8480018,N. Suzuki,8476875,M. Matheson,,,2,0
2025-03-03,2024020968,1,REG,13:42,MTL,pp,none,snap,1451,8483515,J. Slafkovský,8480018,N. Suzuki,8483457,L. Hutson,3,0
2025-03-03,2024020968,2,REG,18:07,BUF,ev,none,snap,1551,8477949,A. Tuch,8481528,D. Cozens,8478502,D. Gilbert,3,1
2025-03-03,2024020968,3,REG,03:24,BUF,ev,none,slap,1551,8479420,T. Thompson,8482175,J. Peterka,8480196,J. Bryson,3,2
2025-03-03,2024020968,3,REG,18:59,BUF,ev,none,snap,0651,8480839,R. Dahlin,8482175,J. Peterka,8483468,J.Kulich,3,3
2025-03-03,2024020968,4,OT,01:21,MTL,ev,none,snap,1331,8476875,M. Matheson,8483515,J. Slafkovský,8480018,N. Suzuki,4,3
2025-03-03,2024020969,2,REG,09:02,FLA,ev,none,snap,1551,8477493,A. Barkov,,,,,1,0
2025-03-03,2024020969,2,REG,15:16,FLA,pp,none,snap,1451,8477493,A. Barkov,8482713,M. Samoskevich,8477932,A. Ekblad,2,0
2025-03-03,2024020969,3,REG,02:07,TBL,ev,none,backhand,1551,8478010,B. Point,8478178,D. Raddysh,8477404,J. Guentzel,2,1
2025-03-03,2024020970,1,REG,15:03,NYR,ev,none,deflected,1551,8482157,W. Cuylle,8481708,Z. Jones,8476468,J. Miller,1,0
2025-03-03,2024020970,1,REG,19:15,NYR,sh,none,wrist,1541,8478840,W. Borgen,8475842,S. Carrick,8482157,W. Cuylle,2,0
2025-03-03,2024020970,3,REG,03:43,NYR,ev,none,snap,1551,8476468,J. Miller,8478550,A. Panarin,,,3,0
2025-03-03,2024020970,3,REG,14:51,NYR,ev,empty-net,wrist,0651,8478550,A. Panarin,8482109,A. Lafrenière,8476389,V. Trocheck,4,0
2025-03-03,2024020971,2,REG,08:28,TOR,pp,none,tip-in,1451,8475166,J. Tavares,8478483,M. Marner,8477939,W. Nylander,1,0
2025-03-03,2024020971,2,REG,19:55,TOR,pp,none,tip-in,1451,8482720,M. Knies,8479318,A. Matthews,8475166,J. Tavares,2,0
2025-03-03,2024020971,3,REG,02:23,SJS,ev,none,wrist,1551,8482144,J. Thompson,8477505,A. Wennberg,8482667,W. Eklund,2,1
2025-03-03,2024020971,3,REG,10:10,SJS,ev,none,wrist,1551,8475726,T. Toffoli,8477505,A. Wennberg,8482166,S. Mukhamadullin,2,2
2025-03-03,2024020971,5,SO,00:00,SJS,ev,none,wrist,0101,8480188,F. Zetterlund,,,,,2,3
2025-03-03,2024020972,1,REG,10:57,CHI,ev,none,wrist,1551,8474166,A. Martinez,8477479,T. Bertuzzi,,,1,0
2025-03-03,2024020972,1,REG,11:39,LAK,ev,none,wrist,1551,8471685,A. Kopitar,8481532,A. Turcotte,8477960,A. Kempe,1,1
2025-03-03,2024020972,2,REG,00:46,CHI,ev,none,wrist,1551,8481624,I. Mikheyev,8476882,T. Teravainen,8477987,R. Donato,2,1
2025-03-03,2024020972,2,REG,13:30,CHI,ev,none,wrist,1551,8482807,E. Del Mastro,8474034,P. Maroon,8482117,L. Reichel,3,1
2025-03-03,2024020972,3,REG,01:20,CHI,ev,none,snap,1551,8476960,A. Athanasiou,8482703,C. Dach,,,4,1
2025-03-03,2024020972,3,REG,18:30,CHI,ev,empty-net,wrist,0651,8477987,R. Donato,8481624,I. Mikheyev,8476882,T. Teravainen,5,1
2025-03-04,2024020973,1,REG,04:25,BOS,ev,none,snap,1551,8475745,C. Coyle,8477496,E. Lindholm,,,1,0
2025-03-04,2024020973,1,REG,05:32,NSH,ev,none,wrist,1551,8478438,T. Novak,,,,,1,1
2025-03-04,2024020973,1,REG,11:33,NSH,ev,none,snap,1551,8475158,R. O'Reilly,8482146,L. Evangelista,8474564,S. Stamkos,1,2
2025-03-04,2024020973,2,REG,05:08,BOS,ev,none,wrist,1551,8477851,J. Oesterle,8478450,P. Wotherspoon,8477956,D. Pastrnak,2,2
2025-03-04,2024020973,2,REG,06:25,NSH,ev,none,slap,1551,8474564,S. Stamkos,8475158,R. O'Reilly,,,2,3
2025-03-04,2024020973,3,REG,05:35,BOS,ev,none,snap,1551,8479987,M. Geekie,8478401,P. Zacha,8477956,D. Pastrnak,3,3
2025-03-04,2024020973,3,REG,08:28,NSH,ev,none,snap,1551,8476539,J. Marchessault,8477446,M. McCarron,8476887,F. Forsberg,3,4
2025-03-04,2024020973,3,REG,09:31,NSH,ev,none,bat,1551,8475158,R. O'Reilly,8474564,S. Stamkos,8482146,L. Evangelista,3,5
2025-03-04,2024020973,3,REG,17:52,NSH,ev,empty-net,wrist,1560,8476873,M. Jankowski,8476925,C. Sissons,,,3,6
2025-03-04,2024020974,2,REG,01:01,SJS,ev,none,wrist,1551,8480043,T. Liljegren,8482667,W. Eklund,8478013,J. Walman,0,1
2025-03-04,2024020974,2,REG,05:13,BUF,pp,none,slap,1451,8482175,J. Peterka,8480839,R. Dahlin,8482097,J. Quinn,1,1
2025-03-04,2024020974,2,REG,18:22,SJS,ev,none,wrist,1551,8481477,N. Sturm,8484911,C. Graf,8480011,K. Kostin,1,2
2025-03-04,2024020974,3,REG,02:19,SJS,ev,none,wrist,1551,8482667,W. Eklund,8475726,T. Toffoli,8482166,S. Mukhamadullin,1,3
2025-03-04,2024020974,3,REG,06:55,BUF,ev,none,slap,1551,8479420,T. Thompson,8482175,J. Peterka,8477365,C. Clifton,2,3
2025-03-04,2024020974,3,REG,07:58,SJS,ev,none,wrist,1551,8484801,M. Celebrini,8482166,S. Mukhamadullin,8484227,W. Smith,2,4
2025-03-04,2024020974,3,REG,12:49,SJS,ev,none,wrist,1551,8484227,W. Smith,8480188,F. Zetterlund,,,2,5
2025-03-04,2024020974,3,REG,18:01,SJS,ev,empty-net,wrist,1560,8475726,T. Toffoli,8478013,J. Walman,8480043,T. Liljegren,2,6
2025-03-04,2024020975,1,REG,18:59,CAR,ev,none,backhand,1551,8476921,J. Martinook,8478970,J. Chatfield,,,0,1
2025-03-04,2024020975,2,REG,01:29,CAR,ev,none,wrap-around,1551,8473533,J. Staal,8476921,J. Martinook,8476906,S. Gostisbehere,0,2
2025-03-04,2024020975,3,REG,10:05,DET,ev,none,snap,1551,8481725,E. Soderblom,,,,,1,2
2025-03-04,2024020976,1,REG,00:30,TBL,ev,none,tip-in,1551,8482070,M. Chaffee,8482929,E. Lilleberg,8478178,D. Raddysh,1,0
2025-03-04,2024020976,1,REG,01:37,TBL,ev,none,wrist,1551,8476453,N. Kucherov,8477404,J. Guentzel,,,2,0
2025-03-04,2024020976,1,REG,17:20,CBJ,ev,none,wrist,1551,8478460,Z. Werenski,,,,,2,1
2025-03-04,2024020976,2,REG,01:27,TBL,ev,none,tip-in,1551,8477404,J. Guentzel,8475167,V. Hedman,8478010,B. Point,3,1
2025-03-04,2024020976,2,REG,06:36,TBL,ev,none,slap,1551,8475167,V. Hedman,8476453,N. Kucherov,8478178,D. Raddysh,4,1
2025-03-04,2024020976,2,REG,10:49,CBJ,sh,none,snap,1451,8478460,Z. Werenski,8484166,A. Fantilli,8482660,K. Johnson,4,2
2025-03-04,2024020976,3,REG,09:44,TBL,pp,none,slap,1451,8475167,V. Hedman,8478010,B. Point,8476453,N. Kucherov,5,2
2025-03-04,2024020976,3,REG,17:53,TBL,ev,empty-net,wrist,0651,8477404,J. Guentzel,,,,,6,2
2025-03-04,2024020977,1,REG,07:40,CGY,ev,none,tip-in,1551,8482074,C. Zary,8481167,B. Pachal,8476456,J. Huberdeau,0,1
2025-03-04,2024020977,1,REG,08:13,CGY,ev,none,wrist,1551,8475172,N. Kadri,8477810,J. Hanley,,,0,2
2025-03-04,2024020977,1,REG,09:32,CGY,ev,none,wrist,1551,8482074,C. Zary,8479066,R. Lomberg,8479291,K. Rooney,0,3
2025-03-04,2024020977,1,REG,09:54,PHI,ev,none,snap,1551,8480220,N. Cates,8482159,T. Foerster,8481553,B. Brink,1,3
2025-03-04,2024020977,1,REG,17:11,PHI,ev,none,snap,1551,8483808,A. Kuzmenko,,,,,2,3
2025-03-04,2024020977,1,REG,17:29,CGY,ev,none,wrist,1551,8481068,Y. Sharangovich,8481028,M. Pospisil,8480028,M. Frost,2,4
2025-03-04,2024020977,2,REG,16:33,CGY,pp,none,wrist,1541,8477346,M. Weegar,8480028,M. Frost,8476456,J. Huberdeau,2,5
2025-03-04,2024020977,3,REG,10:43,PHI,ev,none,wrist,1551,8476461,S. Couturier,8484387,M. Michkov,8483808,A. Kuzmenko,3,5
2025-03-04,2024020977,3,REG,18:59,CGY,ev,empty-net,wrist,1560,8482679,M. Coronato,8475172,N. Kadri,8477346,M. Weegar,3,6
2025-03-04,2024020978,1,REG,16:49,NYI,pp,none,snap,1451,8475151,K. Palmieri,8475754,B. Nelson,8477500,B. Horvat,1,0
2025-03-04,2024020978,2,REG,01:33,NYI,ev,none,wrist,1551,8475754,B. Nelson,8484958,M. Tsyplakov,8480865,N. Dobson,2,0
2025-03-04,2024020978,2,REG,08:48,WPG,pp,none,slap,1541,8477504,J. Morrissey,8476460,M. Scheifele,8478398,K. Connor,2,1
2025-03-04,2024020978,3,REG,04:03,NYI,ev,none,slap,1551,8477506,R. Pulock,8475314,A. Lee,8475231,C. Cizikas,3,1
2025-03-04,2024020978,3,REG,12:51,WPG,pp,none,wrist,1541,8477940,N. Ehlers,8478398,K. Connor,8477504,J. Morrissey,3,2
2025-03-04,2024020979,1,REG,01:39,DAL,ev,none,snap,1551,8482740,W. Johnston,,,,,1,0
2025-03-04,2024020979,2,REG,06:30,DAL,ev,none,wrist,1551,8480950,I. Lyubushkin,8480027,J. Robertson,8478449,R. Hintz,2,0
2025-03-04,2024020979,2,REG,07:09,NJD,pp,none,snap,1541,8478414,T. Meier,8480002,N. Hischier,8482684,L. Hughes,2,1
2025-03-04,2024020979,2,REG,19:46,DAL,pp,none,wrist,1351,8478449,R. Hintz,8482740,W. Johnston,8481581,T. Harley,3,1
2025-03-04,2024020979,3,REG,12:18,NJD,pp,none,tip-in,1541,8480002,N. Hischier,8482684,L. Hughes,8479407,J. Bratt,3,2
2025-03-04,2024020979,3,REG,15:52,NJD,ev,none,snap,0651,8477488,B. Pesce,8478414,T. Meier,8479407,J. Bratt,3,3
2025-03-04,2024020979,3,REG,19:55,DAL,ev,none,wrist,1551,8481581,T. Harley,8480027,J. Robertson,8478449,R. Hintz,4,3
2025-03-04,2024020980,2,REG,06:36,COL,ev,none,snap,1551,8477476,A. Lehkonen,8477492,N. MacKinnon,8480069,C. Makar,1,0
2025-03-04,2024020980,2,REG,18:04,PIT,ev,none,tip-in,1551,8476483,R. Rakell,8475810,B. Rust,8471675,S. Crosby,1,1
2025-03-04,2024020980,3,REG,15:51,COL,pp,none,snap,1451,8479999,C. Mittelstadt,8477501,V. Nichushkin,8477492,N. MacKinnon,2,1
2025-03-04,2024020980,3,REG,18:52,COL,ev,empty-net,snap,0651,8477476,A. Lehkonen,,,,,3,1
2025-03-04,2024020980,3,REG,19:52,COL,ev,empty-net,snap,0651,8480835,J. Drury,8480448,P. Kelly,,,4,1
2025-03-04,2024020981,1,REG,10:05,EDM,pp,none,snap,1451,8477934,L. Draisaitl,8478402,C. McDavid,8475218,M. Ekholm,1,0
2025-03-04,2024020981,1,REG,11:57,ANA,ev,none,wrist,1551,8484153,L. Carlsson,,,,,1,1
2025-03-04,2024020981,1,REG,13:37,ANA,ev,none,snap,1551,8482745,M. McTavish,8483445,C. Gauthier,8481605,J. LaCombe,1,2
2025-03-04,2024020981,1,REG,18:26,ANA,ev,none,tip-in,1551,8482118,S. Colangelo,8481605,J. LaCombe,8483445,C. Gauthier,1,3
2025-03-04,2024020981,1,REG,18:38,ANA,ev,none,snap,1551,8482745,M. McTavish,8482118,S. Colangelo,8483445,C. Gauthier,1,4
2025-03-04,2024020981,2,REG,13:22,ANA,ev,none,wrist,1551,8476458,R. Strome,8481605,J. LaCombe,8478366,F. Vatrano,1,5
2025-03-04,2024020981,3,REG,03:56,ANA,ev,none,snap,1551,8473986,A. Killorn,8481533,T. Zegras,8484153,L. Carlsson,1,6
2025-03-04,2024020981,3,REG,04:44,EDM,pp,none,wrist,1451,8478402,C. McDavid,8477934,L. Draisaitl,8480803,E. Bouchard,2,6
2025-03-04,2024020982,1,REG,12:27,MIN,pp,none,deflected,1541,8476994,V. Hinostroza,8475692,M. Zuccarello,8481557,M. Boldy,0,1
2025-03-04,2024020982,1,REG,16:40,SEA,ev,none,slap,1560,8476457,A. Larsson,8481554,K. Kakko,8475768,J. Schwartz,1,1
2025-03-04,2024020982,1,REG,18:23,MIN,ev,none,wrist,1551,8474716,J. Spurgeon,8477451,R. Hartman,8480990,D. Chisholm,1,2
2025-03-04,2024020982,2,REG,01:41,MIN,ev,none,wrist,1551,8477919,F. Gaudreau,8475149,M. Johansson,8474716,J. Spurgeon,1,3
2025-03-04,2024020982,2,REG,08:22,MIN,ev,none,snap,1551,8475692,M. Zuccarello,8475149,M. Johansson,8477919,F. Gaudreau,1,4
2025-03-04,2024020982,2,REG,14:10,SEA,pp,none,wrist,1451,8483524,S. Wright,8477416,O. Bjorkstrand,8481554,K. Kakko,2,4
2025-03-04,2024020982,2,REG,19:48,SEA,ev,none,slap,1551,8477986,B. Montour,8474586,J. Eberle,8476826,Y. Gourde,3,4
2025-03-05,2024020983,1,REG,01:04,WSH,ev,none,snap,1551,8479400,P. Dubois,8476880,T. Wilson,,,0,1
2025-03-05,2024020983,1,REG,13:37,NYR,ev,none,tip-in,1551,8478550,A. Panarin,8481708,Z. Jones,8482109,A. Lafrenière,1,1
2025-03-05,2024020983,2,REG,08:05,NYR,ev,none,backhand,1551,8475842,S. Carrick,8480817,K. Miller,8478840,W. Borgen,2,1
2025-03-05,2024020983,3,REG,10:28,WSH,pp,none,wrist,1541,8471214,A. Ovechkin,8478233,A. Mangiapane,8483573,E. Frank,2,2
2025-03-05,2024020983,4,OT,04:07,WSH,ev,none,tip-in,1331,8476880,T. Wilson,8478440,D. Strome,,,2,3
2025-03-05,2024020984,1,REG,02:25,OTT,ev,none,tip-in,1551,8480801,B. Tkachuk,8482245,A. Zub,8482105,J. Sanderson,0,1
2025-03-05,2024020984,1,REG,11:38,CHI,ev,none,backhand,1551,8477987,R. Donato,8482172,L. Slaggert,,,1,1
2025-03-05,2024020984,1,REG,12:22,CHI,pp,none,bat,1451,8476882,T. Teravainen,8477479,T. Bertuzzi,8481568,A. Vlasic,2,1
2025-03-05,2024020984,1,REG,14:09,OTT,ev,none,bat,1551,8474102,D. Perron,8480208,D. Batherson,8480064,J. Norris,2,2
2025-03-05,2024020984,2,REG,10:29,OTT,ev,none,slap,1551,8480064,J. Norris,8480208,D. Batherson,8482105,J. Sanderson,2,3
2025-03-05,2024020984,3,REG,01:47,CHI,ev,none,wrist,1551,8475225,C. Smith,8474034,P. Maroon,,,3,3
2025-03-05,2024020984,4,OT,00:46,OTT,ev,none,deflected,1331,8482116,T. Stützle,,,,,3,4
2025-03-05,2024020985,1,REG,04:33,VGK,ev,none,wrist,1551,8476881,T. Hertl,8476438,B. Saad,,,1,0
2025-03-05,2024020985,1,REG,11:18,VGK,ev,none,backhand,1551,8479353,B. Howden,8477964,I. Barbashev,8478434,K. Kolesar,2,0
2025-03-05,2024020985,1,REG,15:03,VGK,pp,none,slap,1451,8478403,J. Eichel,8478396,N. Hanifin,8481604,P. Dorofeyev,3,0
2025-03-05,2024020985,2,REG,00:17,VGK,ev,none,wrist,1551,8478396,N. Hanifin,8478403,J. Eichel,8476871,T. Pearson,4,0
2025-03-05,2024020985,2,REG,13:33,VGK,ev,none,poke,1551,8476871,T. Pearson,8481527,K. Korczak,8476881,T. Hertl,5,0
2025-03-05,2024020985,2,REG,18:01,TOR,pp,none,wrist,1541,8479318,A. Matthews,8475166,J. Tavares,8477939,W. Nylander,5,1
2025-03-05,2024020985,3,REG,13:27,TOR,ev,none,wrist,1551,8478483,M. Marner,,,,,5,2
2025-03-05,2024020986,1,REG,13:21,ANA,ev,none,tip-in,1551,8482118,S. Colangelo,8483445,C. Gauthier,8482745,M. McTavish,0,1
2025-03-05,2024020986,2,REG,01:05,VAN,pp,none,wrist,1451,8478498,J. DeBrusk,8478444,B. Boeser,8479425,F. Hronek,1,1
2025-03-05,2024020986,2,REG,10:33,VAN,ev,none,wrist,1551,8476927,T. Blueger,8479425,F. Hronek,8483678,E. Pettersson,2,1
2025-03-05,2024020986,2,REG,18:51,VAN,ev,none,slap,1551,8477369,C. Soucy,8481535,N. Hoglander,8480748,K. Sherwood,3,1
2025-03-05,2024020986,3,REG,13:27,ANA,ev,none,wrist,1551,8475208,B. Dumoulin,8480806,I. Lundestrom,8481517,B. Leason,3,2
2025-03-05,2024020987,1,REG,18:50,STL,ev,none,backhand,1551,8482089,J. Neighbours,8476892,C. Parayko,,,0,1
2025-03-05,2024020987,1,REG,19:22,LAK,ev,none,wrist,1551,8482124,Q. Byfield,8477942,K. Fiala,8478882,V. Gavrikov,1,1
2025-03-05,2024020987,2,REG,10:14,LAK,ev,none,tip-in,1551,8479675,T. Moore,8479998,M. Anderson,8477998,W. Foegele,2,1
2025-03-05,2024020987,2,REG,19:13,STL,pp,none,snap,1541,8480023,R. Thomas,8477402,P. Buchnevich,8475764,C. Fowler,2,2
2025-03-05,2024020987,5,SO,00:00,STL,ev,none,wrist,0101,8480023,R. Thomas,,,,,2,3
2025-03-06,2024020988,1,REG,02:08,UTA,ev,none,snap,1551,8482699,D. Guenther,8477021,A. Kerfoot,8480891,M. Kesselring,0,1
2025-03-06,2024020988,1,REG,03:17,DET,ev,none,wrist,1551,8477946,D. Larkin,8481725,E. Soderblom,8475765,V. Tarasenko,1,1
2025-03-06,2024020988,1,REG,08:49,DET,ev,none,snap,1560,8481013,J. Berggren,8477353,T. Motte,8474141,P. Kane,2,1
2025-03-06,2024020988,2,REG,13:01,UTA,pp,none,snap,1541,8477951,N. Schmaltz,8480849,B. Hayton,8479343,C. Keller,2,2
2025-03-06,2024020988,3,REG,02:55,UTA,ev,none,wrist,1551,8478831,K. Stenlund,8480891,M. Kesselring,,,2,3
2025-03-06,2024020988,3,REG,07:51,UTA,ev,none,snap,1551,8478474,L. Crouse,8480855,J. McBain,8482659,J. Doan,2,4
2025-03-06,2024020989,1,REG,05:01,TBL,ev,none,backhand,1551,8477426,N. Paul,8474151,R. McDonagh,8479542,B. Hagel,1,0
2025-03-06,2024020989,1,REG,05:17,BUF,ev,none,wrist,1551,8480839,R. Dahlin,8480802,R. McLeod,8484145,Z. Benson,1,1
2025-03-06,2024020989,1,REG,05:53,TBL,ev,none,wrist,1551,8478178,D. Raddysh,8476878,Z. Girgensons,,,2,1
2025-03-06,2024020989,1,REG,08:20,BUF,ev,none,snap,1551,8477949,A. Tuch,,,,,2,2
2025-03-06,2024020989,1,REG,17:09,BUF,ev,none,wrist,1551,8481522,P. Krebs,8480802,R. McLeod,8484145,Z. Benson,2,3
2025-03-06,2024020989,2,REG,00:58,TBL,ev,none,snap,1551,8477404,J. Guentzel,8478416,E. Cernak,8476453,N. Kucherov,3,3
2025-03-06,2024020989,2,REG,09:35,BUF,pp,none,wrist,1541,8479420,T. Thompson,8480839,R. Dahlin,8482175,J. Peterka,3,4
2025-03-06,2024020989,2,REG,12:40,BUF,ev,none,wrist,1551,8482175,J. Peterka,,,,,3,5
2025-03-06,2024020989,2,REG,17:43,TBL,ev,none,backhand,1551,8477404,J. Guentzel,8478010,B. Point,8477426,N. Paul,4,5
2025-03-06,2024020989,2,REG,18:46,TBL,pp,none,slap,1451,8477404,J. Guentzel,8479542,B. Hagel,8478178,D. Raddysh,5,5
2025-03-06,2024020989,3,REG,01:40,TBL,ev,none,wrist,1551,8477416,O. Bjorkstrand,8476826,Y. Gourde,8476453,N. Kucherov,6,5
2025-03-06,2024020990,1,REG,05:58,FLA,pp,none,snap,1451,8477933,S. Reinhart,8477493,A. Barkov,8477932,A. Ekblad,1,0
2025-03-06,2024020990,2,REG,06:34,FLA,pp,none,wrist,1451,8482713,M. Samoskevich,8477493,A. Barkov,8477933,S. Reinhart,2,0
2025-03-06,2024020990,3,REG,17:48,FLA,ev,empty-net,wrist,0651,8477493,A. Barkov,8477933,S. Reinhart,8477935,S. Bennett,3,0
2025-03-06,2024020991,1,REG,08:32,WPG,pp,none,backhand,1541,8476460,M. Scheifele,8480014,G. Vilardi,8478398,K. Connor,0,1
2025-03-06,2024020991,1,REG,15:13,WPG,pp,none,wrist,1541,8477940,N. Ehlers,8476460,M. Scheifele,8480014,G. Vilardi,0,2
2025-03-06,2024020991,2,REG,05:28,WPG,ev,none,wrist,1551,8478398,K. Connor,8476460,M. Scheifele,8480014,G. Vilardi,0,3
2025-03-06,2024020991,2,REG,09:03,WPG,ev,none,wrist,1551,8476392,A. Lowry,8478891,M. Appleton,8475799,N. Niederreiter,0,4
2025-03-06,2024020991,3,REG,17:18,PHI,ev,none,snap,1551,8484387,M. Michkov,,,,,1,4
2025-03-06,2024020992,1,REG,06:29,CAR,sh,none,backhand,1541,8478427,S. Aho,,,,,1,0
2025-03-06,2024020992,1,REG,18:55,BOS,ev,none,snap,1551,8479987,M. Geekie,8478401,P. Zacha,8479369,A. Peeke,1,1
2025-03-06,2024020992,2,REG,02:06,CAR,ev,none,wrist,1551,8470613,B. Burns,8480829,J. Kotkaniemi,8475791,T. Hall,2,1
2025-03-06,2024020992,3,REG,01:14,BOS,ev,none,backhand,1551,8479987,M. Geekie,8477956,D. Pastrnak,8479369,A. Peeke,2,2
2025-03-06,2024020992,3,REG,19:41,CAR,ev,none,snap,1551,8482093,S. Jarvis,,,,,3,2
2025-03-06,2024020993,1,REG,00:32,SEA,ev,none,backhand,1551,8476457,A. Larsson,8478407,V. Dunn,8481554,K. Kakko,0,1
2025-03-06,2024020993,1,REG,07:15,NSH,ev,none,wrist,1551,8476887,F. Forsberg,8476925,C. Sissons,,,1,1
2025-03-06,2024020993,2,REG,03:33,NSH,ev,none,wrist,1551,8476869,B. Skjei,8474564,S. Stamkos,8475158,R. O'Reilly,2,1
2025-03-06,2024020993,2,REG,05:48,NSH,ev,none,deflected,1551,8476887,F. Forsberg,8476539,J. Marchessault,8481743,M. Del Gaizo,3,1
2025-03-06,2024020993,2,REG,19:51,NSH,ev,none,wrap-around,1551,8477446,M. McCarron,8482103,O. Wiesblatt,8482111,J. Barron,4,1
2025-03-06,2024020993,3,REG,13:31,SEA,pp,none,slap,1541,8477955,J. McCann,8475768,J. Schwartz,8477444,A. Burakovsky,4,2
2025-03-06,2024020993,3,REG,17:15,NSH,ev,empty-net,wrist,0651,8482146,L. Evangelista,8474564,S. Stamkos,8481056,S. Stastney,5,2
2025-03-06,2024020993,3,REG,18:14,SEA,ev,none,tip-in,1551,8479591,M. Eyssimont,8479372,J. Mahura,,,5,3
2025-03-06,2024020994,1,REG,02:13,CGY,ev,none,snap,1551,8480797,J. Farabee,8476399,B. Coleman,,,0,1
2025-03-06,2024020994,2,REG,02:29,CGY,ev,none,snap,1551,8474150,M. Backlund,,,,,0,2
2025-03-06,2024020994,2,REG,04:06,DAL,ev,none,snap,1551,8482740,W. Johnston,8476856,M. Dumba,8473994,J. Benn,1,2
2025-03-06,2024020994,3,REG,09:00,DAL,ev,none,snap,1551,8480027,J. Robertson,8478449,R. Hintz,8482740,W. Johnston,2,2
2025-03-06,2024020994,4,OT,04:17,DAL,ev,none,tip-in,1331,8480027,J. Robertson,8478449,R. Hintz,8475168,M. Duchene,3,2
2025-03-06,2024020995,1,REG,09:34,EDM,ev,none,backhand,1551,8470621,C. Perry,8479368,M. Jones,8478402,C. McDavid,1,0
2025-03-06,2024020995,1,REG,15:14,MTL,ev,none,wrist,1551,8481540,C. Caufield,,,,,1,1
2025-03-06,2024020995,2,REG,01:06,EDM,pp,none,snap,1451,8477934,L. Draisaitl,8480803,E. Bouchard,8476454,R. Nugent-Hopkins,2,1
2025-03-06,2024020995,2,REG,10:19,MTL,ev,none,slap,1551,8476469,J. Armia,8483457,L. Hutson,8478133,J. Evans,2,2
2025-03-06,2024020995,4,OT,04:53,EDM,ev,none,snap,1331,8480803,E. Bouchard,8478402,C. McDavid,8477934,L. Draisaitl,3,2
2025-03-06,2024020996,1,REG,04:19,COL,sh,none,wrist,1541,8481641,J. Kiviranta,8480069,C. Makar,,,1,0
2025-03-06,2024020996,1,REG,06:43,COL,pp,none,slap,1451,8480069,C. Makar,8477494,J. Drouin,8477492,N. MacKinnon,2,0
2025-03-06,2024020996,1,REG,10:08,SJS,pp,none,snap,1541,8480188,F. Zetterlund,8484911,C. Graf,,,2,1
2025-03-06,2024020996,1,REG,19:57,COL,pp,none,snap,1451,8477494,J. Drouin,8480039,M. Necas,8477476,A. Lehkonen,3,1
2025-03-06,2024020996,2,REG,00:40,COL,pp,none,slap,1451,8480039,M. Necas,8480069,C. Makar,8477492,N. MacKinnon,4,1
2025-03-06,2024020996,2,REG,10:54,COL,ev,none,snap,1551,8477492,N. MacKinnon,8480069,C. Makar,8476312,J. Manson,5,1
2025-03-06,2024020996,3,REG,05:21,COL,ev,none,snap,1551,8477492,N. MacKinnon,8477476,A. Lehkonen,8480069,C. Makar,6,1
2025-03-06,2024020996,3,REG,08:10,SJS,pp,none,snap,1541,8484801,M. Celebrini,8484227,W. Smith,8482667,W. Eklund,6,2
2025-03-06,2024020996,3,REG,09:00,COL,ev,none,wrist,1551,8480069,C. Makar,8477492,N. MacKinnon,8478038,D. Toews,7,2
2025-03-06,2024020996,3,REG,17:24,SJS,ev,none,snap,1551,8482667,W. Eklund,8475726,T. Toffoli,8477505,A. Wennberg,7,3
2025-03-07,2024020997,1,REG,18:17,WPG,ev,none,backhand,1551,8480113,A. Iafallo,8476525,C. Miller,8479378,L. Stanley,0,1
2025-03-07,2024020997,2,REG,03:48,WPG,pp,none,snap,1541,8477504,J. Morrissey,8477940,N. Ehlers,8478398,K. Connor,0,2
2025-03-07,2024020997,2,REG,19:30,WPG,ev,none,wrist,1551,8477940,N. Ehlers,8476331,D. DeMelo,8477504,J. Morrissey,0,3
2025-03-07,2024020997,3,REG,00:31,NJD,ev,none,slap,1551,8482110,D. Mercer,8480192,J. Kovacevic,8476292,O. Palat,1,3
2025-03-07,2024020997,3,REG,11:56,WPG,ev,none,wrist,1551,8476392,A. Lowry,,,,,1,4
2025-03-07,2024020997,3,REG,14:21,WPG,ev,none,wrist,1551,8478398,K. Connor,8476460,M. Scheifele,8480014,G. Vilardi,1,5
2025-03-07,2024020997,3,REG,16:55,WPG,ev,none,snap,1551,8482149,C. Perfetti,8480049,D. Samberg,8477940,N. Ehlers,1,6
2025-03-07,2024020998,1,REG,00:43,DET,ev,none,snap,1551,8477946,D. Larkin,8482078,L. Raymond,,,0,1
2025-03-07,2024020998,1,REG,07:00,DET,pp,none,slap,1541,8481542,M. Seider,8474141,P. Kane,8482078,L. Raymond,0,2
2025-03-07,2024020998,1,REG,18:39,WSH,ev,none,wrist,1551,8479390,T. Raddysh,8478233,A. Mangiapane,8480873,R. Sandin,1,2
2025-03-07,2024020998,3,REG,00:51,WSH,sh,none,snap,1541,8481656,A. Protas,8476880,T. Wilson,,,2,2
2025-03-07,2024020998,3,REG,01:57,WSH,ev,none,snap,1551,8479345,J. Chychrun,8478440,D. Strome,8479400,P. Dubois,3,2
2025-03-07,2024020998,3,REG,05:17,WSH,ev,none,snap,1551,8481656,A. Protas,8481580,C. McMichael,8474590,J. Carlson,4,2
2025-03-07,2024020998,3,REG,09:19,WSH,sh,none,backhand,1541,8476880,T. Wilson,8481656,A. Protas,,,5,2
2025-03-07,2024020999,1,REG,00:56,UTA,ev,none,slap,1551,8477951,N. Schmaltz,8479343,C. Keller,,,0,1
2025-03-07,2024020999,2,REG,09:23,CHI,ev,none,wrist,1551,8482176,W. Kaiser,8484144,C. Bedard,,,1,1
2025-03-07,2024020999,2,REG,12:50,CHI,ev,none,backhand,1551,8481624,I. Mikheyev,8477987,R. Donato,,,2,1
2025-03-07,2024020999,2,REG,14:30,CHI,ev,penalty-shot,backhand,1010,8483493,F. Nazar,,,,,3,1
2025-03-07,2024020999,3,REG,05:04,UTA,ev,none,wrist,1551,8478507,J. Marino,8479410,M. Sergachev,,,3,2
2025-03-07,2024020999,3,REG,12:16,UTA,pp,none,slap,1541,8479343,C. Keller,8479410,M. Sergachev,8480849,B. Hayton,3,3
2025-03-07,2024020999,4,OT,03:10,CHI,ev,none,wrist,1331,8484144,C. Bedard,8482807,E. Del Mastro,8476882,T. Teravainen,4,3
2025-03-07,2024021000,1,REG,16:14,VAN,pp,none,slap,1451,8480012,E. Pettersson,8479425,F. Hronek,8478444,B. Boeser,1,0
2025-03-07,2024021000,3,REG,07:12,MIN,pp,none,slap,1541,8482122,B. Faber,8482079,M. Rossi,8481557,M. Boldy,1,1
2025-03-07,2024021000,3,REG,16:15,VAN,ev,none,wrist,1551,8480748,K. Sherwood,8479425,F. Hronek,,,2,1
2025-03-07,2024021000,3,REG,19:06,VAN,ev,empty-net,backhand,0651,8476927,T. Blueger,8480459,P. Suter,,,3,1
2025-03-07,2024021001,1,REG,12:58,VGK,ev,none,wrist,1551,8476871,T. Pearson,8475913,M. Stone,8480727,Z. Whitecloud,1,0
2025-03-07,2024021001,2,REG,04:38,VGK,ev,none,snap,1551,8477964,I. Barbashev,8475913,M. Stone,8479980,N. Hague,2,0
2025-03-07,2024021001,3,REG,02:00,VGK,ev,none,wrist,1551,8476438,B. Saad,8476881,T. Hertl,8475188,B. McNabb,3,0
2025-03-07,2024021001,3,REG,02:54,VGK,ev,none,wrist,1551,8475913,M. Stone,8476871,T. Pearson,8478403,J. Eichel,4,0
2025-03-07,2024021002,1,REG,02:37,STL,ev,none,snap,1551,8480281,A. Toropchenko,8475181,N. Leddy,8475764,C. Fowler,0,1
2025-03-07,2024021002,1,REG,14:48,ANA,pp,none,deflected,1451,8482118,S. Colangelo,8481605,J. LaCombe,8482745,M. McTavish,1,1
2025-03-07,2024021002,2,REG,10:49,STL,ev,none,wrist,1551,8475170,B. Schenn,8482077,D. Holloway,8479385,J. Kyrou,1,2
2025-03-07,2024021002,3,REG,05:21,STL,ev,none,wrist,1551,8482737,Z. Bolduc,8475764,C. Fowler,8480281,A. Toropchenko,1,3
2025-03-07,2024021002,3,REG,16:58,ANA,ev,none,snap,1551,8478366,F. Vatrano,8478873,T. Terry,,,2,3
2025-03-07,2024021002,3,REG,18:13,STL,ev,empty-net,wrist,1560,8475170,B. Schenn,8475753,J. Faulk,,,2,4
2025-03-07,2024021002,3,REG,19:17,ANA,ev,none,tip-in,1560,8473986,A. Killorn,8478873,T. Terry,8478366,F. Vatrano,3,4
2025-03-08,2024021003,1,REG,08:37,NYR,ev,none,wrist,1551,8477369,C. Soucy,8478550,A. Panarin,8476389,V. Trocheck,0,1
2025-03-08,2024021003,2,REG,03:55,NYR,ev,none,snap,1551,8476459,M. Zibanejad,8476468,J. Miller,8482157,W. Cuylle,0,2
2025-03-08,2024021003,2,REG,04:06,OTT,ev,none,tip-in,1551,8480801,B. Tkachuk,8475324,N. Jensen,,,1,2
2025-03-08,2024021003,3,REG,07:08,NYR,ev,none,snap,1551,8478550,A. Panarin,8477380,J. Brodzinski,8480817,K. Miller,1,3
2025-03-08,2024021003,3,REG,10:16,OTT,ev,none,wrist,1551,8482092,R. Greig,8481528,D. Cozens,8478469,T. Chabot,2,3
2025-03-08,2024021003,3,REG,17:08,OTT,ev,none,wrist,1551,8478020,M. Amadio,8474102,D. Perron,,,3,3
2025-03-08,2024021003,4,OT,00:33,OTT,ev,none,wrist,1331,8480801,B. Tkachuk,8482116,T. Stützle,,,4,3
2025-03-08,2024021004,1,REG,19:28,PHI,ev,none,wrist,1551,8480015,O. Tippett,8484387,M. Michkov,8476461,S. Couturier,1,0
2025-03-08,2024021004,2,REG,10:11,SEA,ev,none,snap,1551,8481789,T. Kartye,8478407,V. Dunn,,,1,1
2025-03-08,2024021004,2,REG,18:57,SEA,ev,none,snap,1441,8482665,M. Beniers,8482858,R. Evans,8476457,A. Larsson,1,2
2025-03-08,2024021004,2,REG,19:38,SEA,sh,none,snap,1451,8476905,C. Stephenson,,,,,1,3
2025-03-08,2024021004,3,REG,03:55,SEA,ev,none,slap,1551,8477986,B. Montour,8482665,M. Beniers,,,1,4
2025-03-08,2024021005,2,REG,10:32,BOS,ev,none,wrist,1551,8481043,C. Koepke,,,,,0,1
2025-03-08,2024021005,3,REG,13:16,BOS,ev,none,slap,1551,8480355,M. Kastelic,8477887,P. Brown,8480070,I. Mitchell,0,2
2025-03-08,2024021005,3,REG,14:52,BOS,ev,empty-net,wrist,1560,8477507,N. Zadorov,8481556,J. Beecher,,,0,3
2025-03-08,2024021005,3,REG,15:53,BOS,ev,none,snap,1551,8481043,C. Koepke,8477956,D. Pastrnak,8479999,C. Mittelstadt,0,4
2025-03-08,2024021006,1,REG,07:20,FLA,ev,none,wrist,1551,8478421,A. Greer,8477220,N. Schmidt,8475179,D. Kulikov,1,0
2025-03-08,2024021006,2,REG,09:32,FLA,ev,none,snap,1551,8477409,C. Verhaeghe,8477493,A. Barkov,8477932,A. Ekblad,2,0
2025-03-08,2024021006,2,REG,17:09,FLA,ev,none,wrist,1551,8482113,A. Lundell,8477220,N. Schmidt,8480003,J. Boqvist,3,0
2025-03-08,2024021006,3,REG,19:26,FLA,ev,empty-net,wrist,0651,8477935,S. Bennett,8477933,S. Reinhart,8478859,N. Mikkola,4,0
2025-03-08,2024021007,1,REG,00:56,COL,ev,none,tip-in,1551,8477501,V. Nichushkin,8479324,R. Lindgren,8476312,J. Manson,1,0
2025-03-08,2024021007,1,REG,03:04,TOR,ev,none,wrist,1551,8478483,M. Marner,8482720,M. Knies,8479318,A. Matthews,1,1
2025-03-08,2024021007,1,REG,06:08,COL,ev,none,wrist,1551,8477501,V. Nichushkin,8475754,B. Nelson,8484258,S. Malinski,2,1
2025-03-08,2024021007,1,REG,12:51,TOR,ev,none,wrist,1551,8475166,J. Tavares,8477939,W. Nylander,,,2,2
2025-03-08,2024021007,1,REG,16:04,TOR,ev,none,slap,1551,8478483,M. Marner,8482259,B. McMann,8479318,A. Matthews,2,3
2025-03-08,2024021007,2,REG,12:45,TOR,pp,none,wrist,1541,8475166,J. Tavares,8479318,A. Matthews,8477939,W. Nylander,2,4
2025-03-08,2024021007,2,REG,15:11,COL,ev,none,wrist,1551,8481641,J. Kiviranta,8479525,R. Colton,8484258,S. Malinski,3,4
2025-03-08,2024021007,3,REG,11:55,COL,ev,none,snap,1551,8477494,J. Drouin,8475745,C. Coyle,8479525,R. Colton,4,4
2025-03-08,2024021007,3,REG,15:45,COL,pp,none,wrist,1451,8477492,N. MacKinnon,8480039,M. Necas,8478038,D. Toews,5,4
2025-03-08,2024021007,3,REG,18:06,COL,ev,empty-net,wrist,0651,8477501,V. Nichushkin,8477476,A. Lehkonen,8480069,C. Makar,6,4
2025-03-08,2024021007,3,REG,19:07,COL,ev,empty-net,wrist,0651,8477492,N. MacKinnon,8477501,V. Nichushkin,,,7,4
2025-03-08,2024021008,2,REG,16:21,CGY,ev,none,wrist,1551,8480797,J. Farabee,8474150,M. Backlund,8477346,M. Weegar,1,0
2025-03-08,2024021009,2,REG,01:56,CHI,ev,none,wrist,1551,8481568,A. Vlasic,8484144,C. Bedard,8482703,C. Dach,0,1
2025-03-08,2024021009,2,REG,02:36,NSH,pp,none,wrist,1451,8474564,S. Stamkos,8476539,J. Marchessault,8483565,N. Blankenburg,1,1
2025-03-08,2024021009,2,REG,12:20,NSH,ev,none,snap,1551,8474564,S. Stamkos,8475158,R. O'Reilly,,,2,1
2025-03-08,2024021009,3,REG,12:22,CHI,ev,none,wrist,1551,8481624,I. Mikheyev,8477987,R. Donato,8476473,C. Murphy,2,2
2025-03-08,2024021009,4,OT,02:39,NSH,ev,none,slap,1331,8474564,S. Stamkos,8482768,F. Svechkov,8481056,S. Stastney,3,2
2025-03-08,2024021010,1,REG,14:35,LAK,ev,none,tip-in,1551,8471685,A. Kopitar,8474563,D. Doughty,8479998,M. Anderson,1,0
2025-03-08,2024021010,3,REG,04:16,STL,ev,none,slap,1551,8475181,N. Leddy,8482089,J. Neighbours,8482737,Z. Bolduc,1,1
2025-03-08,2024021010,4,OT,00:27,LAK,ev,none,snap,1331,8482124,Q. Byfield,8477960,A. Kempe,,,2,1
2025-03-08,2024021011,1,REG,05:48,DAL,pp,none,snap,1541,8482740,W. Johnston,8480027,J. Robertson,8478420,M. Rantanen,0,1
2025-03-08,2024021011,1,REG,06:12,EDM,ev,none,snap,1551,8475786,Z. Hyman,8478402,C. McDavid,8477498,D. Nurse,1,1
2025-03-08,2024021011,1,REG,12:26,EDM,ev,none,backhand,1551,8475786,Z. Hyman,8478013,J. Walman,,,2,1
2025-03-08,2024021011,1,REG,17:42,EDM,ev,none,slap,1551,8478042,V. Arvidsson,8480803,E. Bouchard,8477934,L. Draisaitl,3,1
2025-03-08,2024021011,2,REG,05:20,EDM,ev,none,backhand,1551,8478402,C. McDavid,8476454,R. Nugent-Hopkins,8475786,Z. Hyman,4,1
2025-03-08,2024021011,2,REG,17:40,EDM,ev,none,snap,1551,8477015,C. Brown,,,,,5,1
2025-03-08,2024021011,3,REG,05:06,DAL,pp,none,snap,1541,8478420,M. Rantanen,8475168,M. Duchene,8481581,T. Harley,5,2
2025-03-08,2024021011,3,REG,05:17,DAL,ev,none,backhand,1551,8473994,J. Benn,8474149,E. Dadonov,8476879,C. Ceci,5,3
2025-03-08,2024021011,3,REG,09:18,DAL,ev,none,slap,1551,8476856,M. Dumba,8478975,M. Marchment,8475798,M. Granlund,5,4
2025-03-08,2024021012,1,REG,10:43,NYI,pp,none,wrist,1541,8477407,A. Duclair,8481601,S. Holmstrom,8480865,N. Dobson,0,1
2025-03-08,2024021012,1,REG,19:21,NYI,ev,none,slap,1551,8476419,J. Pageau,8480865,N. Dobson,8476917,A. Pelech,0,2
2025-03-08,2024021012,2,REG,06:27,SJS,pp,none,tip-in,1451,8481042,N. Kovalenko,8482166,S. Mukhamadullin,8484801,M. Celebrini,1,2
2025-03-08,2024021012,3,REG,01:13,NYI,ev,none,slap,1551,8475314,A. Lee,8481601,S. Holmstrom,8476419,J. Pageau,1,3
2025-03-08,2024021012,3,REG,03:51,NYI,pp,none,slap,1541,8480871,A. Boqvist,8476419,J. Pageau,8477950,T. DeAngelo,1,4
2025-03-08,2024021012,3,REG,18:33,SJS,pp,none,wrist,1460,8484227,W. Smith,8484801,M. Celebrini,8477505,A. Wennberg,2,4
2025-03-09,2024021013,1,REG,11:10,NJD,ev,none,wrist,1551,8479996,C. Glass,8476474,S. Noesen,8482684,L. Hughes,0,1
2025-03-09,2024021013,2,REG,05:39,NJD,ev,none,wrist,1551,8475287,E. Haula,8480192,J. Kovacevic,8475455,B. Dillon,0,2
2025-03-09,2024021013,3,REG,15:14,PHI,ev,none,wrist,1551,8482142,J. Drysdale,8478439,T. Konecny,8482159,T. Foerster,1,2
2025-03-09,2024021013,3,REG,19:42,NJD,pp,empty-net,snap,1550,8482110,D. Mercer,8475287,E. Haula,8476292,O. Palat,1,3
2025-03-09,2024021014,1,REG,12:37,SEA,ev,none,snap,1551,8483524,S. Wright,8477444,A. Burakovsky,8476457,A. Larsson,0,1
2025-03-09,2024021014,2,REG,00:35,WSH,ev,none,snap,1551,8480796,M. Fehérváry,8481656,A. Protas,8481580,C. McMichael,1,1
2025-03-09,2024021014,2,REG,02:51,WSH,ev,none,wrist,1551,8478440,D. Strome,8480873,R. Sandin,8474590,J. Carlson,2,1
2025-03-09,2024021014,2,REG,07:23,SEA,ev,none,snap,1551,8474586,J. Eberle,8476905,C. Stephenson,8480009,E. Tolvanen,2,2
2025-03-09,2024021014,3,REG,15:44,WSH,ev,none,tip-in,1551,8481580,C. McMichael,8474590,J. Carlson,8479345,J. Chychrun,3,2
2025-03-09,2024021014,3,REG,18:31,WSH,ev,empty-net,backhand,0651,8471214,A. Ovechkin,8476880,T. Wilson,8475343,N. Dowd,4,2
2025-03-09,2024021015,2,REG,15:22,PIT,pp,none,wrist,1541,8471215,E. Malkin,8471724,K. Letang,8476891,M. Grzelcyk,0,1
2025-03-09,2024021015,3,REG,09:21,PIT,ev,none,wrist,1551,8471675,S. Crosby,8474578,E. Karlsson,8476483,R. Rakell,0,2
2025-03-09,2024021015,3,REG,14:54,MIN,pp,none,wrist,1451,8477451,R. Hartman,8474716,J. Spurgeon,8475149,M. Johansson,1,2
2025-03-09,2024021015,3,REG,18:47,PIT,ev,empty-net,poke,1560,8471675,S. Crosby,8477465,T. Jarry,,,1,3
2025-03-09,2024021016,1,REG,18:05,CAR,ev,none,deflected,1551,8476873,M. Jankowski,8482666,S. Morrow,,,1,0
2025-03-09,2024021016,2,REG,05:21,CAR,ev,none,backhand,1551,8476873,M. Jankowski,8478458,J. Roslovic,8480762,E. Robinson,2,0
2025-03-09,2024021016,3,REG,02:34,CAR,pp,none,tip-in,1451,8482702,L. Stankoven,8476906,S. Gostisbehere,8478427,S. Aho,3,0
2025-03-09,2024021016,3,REG,17:14,WPG,ev,none,snap,0651,8480113,A. Iafallo,,,,,3,1
2025-03-09,2024021016,3,REG,17:58,CAR,ev,empty-net,wrist,0651,8482093,S. Jarvis,8476921,J. Martinook,8473533,J. Staal,4,1
2025-03-09,2024021016,3,REG,19:08,WPG,ev,none,snap,1551,8476392,A. Lowry,,,,,4,2
2025-03-09,2024021017,1,REG,05:56,CBJ,ev,none,wrist,1551,8479941,J. Danforth,8478460,Z. Werenski,,,0,1
2025-03-09,2024021017,1,REG,19:31,NYR,ev,none,tip-in,1551,8478550,A. Panarin,8482109,A. Lafrenière,8476389,V. Trocheck,1,1
2025-03-09,2024021017,2,REG,03:07,CBJ,ev,none,wrist,1551,8484166,A. Fantilli,8481716,D. Voronkov,,,1,2
2025-03-09,2024021017,2,REG,03:33,CBJ,ev,none,wrist,1551,8484166,A. Fantilli,8481716,D. Voronkov,,,1,3
2025-03-09,2024021017,2,REG,06:54,NYR,sh,none,snap,1541,8482073,B. Schneider,8476389,V. Trocheck,8476459,M. Zibanejad,2,3
2025-03-09,2024021017,2,REG,07:36,NYR,sh,none,snap,1541,8475184,C. Kreider,8476459,M. Zibanejad,,,3,3
2025-03-09,2024021017,2,REG,17:03,CBJ,ev,none,tip-in,1551,8479671,M. Olivier,8478460,Z. Werenski,8479371,D. Fabbro,3,4
2025-03-09,2024021017,2,REG,18:47,CBJ,ev,none,snap,1551,8479371,D. Fabbro,8476374,S. Kuraly,8474037,J. van Riemsdyk,3,5
2025-03-09,2024021017,3,REG,10:17,CBJ,ev,none,deflected,1551,8482660,K. Johnson,8479671,M. Olivier,8476432,B. Jenner,3,6
2025-03-09,2024021017,3,REG,11:51,CBJ,ev,none,snap,1551,8484166,A. Fantilli,8480893,K. Marchenko,8476923,D. Severson,3,7
2025-03-09,2024021018,1,REG,11:22,LAK,ev,none,tip-in,1551,8471685,A. Kopitar,8476441,J. Edmundson,8482730,B. Clarke,0,1
2025-03-09,2024021018,1,REG,18:29,LAK,ev,none,backhand,1551,8482730,B. Clarke,8477960,A. Kempe,8476441,J. Edmundson,0,2
2025-03-09,2024021018,2,REG,01:56,LAK,ev,none,deflected,1551,8482124,Q. Byfield,8477942,K. Fiala,8482155,A. Laferriere,0,3
2025-03-09,2024021018,2,REG,05:00,VGK,ev,none,backhand,1551,8478462,N. Roy,8475188,B. McNabb,8475191,R. Smith,1,3
2025-03-09,2024021018,2,REG,09:47,VGK,ev,none,wrist,1551,8476881,T. Hertl,8481527,K. Korczak,8481604,P. Dorofeyev,2,3
2025-03-09,2024021018,2,REG,18:51,LAK,ev,none,wrist,1551,8477998,W. Foegele,8476479,P. Danault,8478882,V. Gavrikov,2,4
2025-03-09,2024021018,3,REG,04:02,LAK,ev,none,snap,1551,8479675,T. Moore,8476479,P. Danault,8477998,W. Foegele,2,5
2025-03-09,2024021018,3,REG,08:28,VGK,pp,none,wrist,1451,8476881,T. Hertl,8475913,M. Stone,8478403,J. Eichel,3,5
2025-03-09,2024021018,3,REG,10:57,LAK,pp,none,snap,1541,8477960,A. Kempe,8471685,A. Kopitar,8477942,K. Fiala,3,6
2025-03-09,2024021018,3,REG,11:33,VGK,ev,none,slap,1551,8476438,B. Saad,,,,,4,6
2025-03-09,2024021018,3,REG,17:48,VGK,ev,none,wrist,1560,8476881,T. Hertl,8475913,M. Stone,8478403,J. Eichel,5,6
2025-03-09,2024021019,2,REG,05:17,DAL,ev,none,wrist,1551,8481581,T. Harley,8474149,E. Dadonov,8480950,I. Lyubushkin,0,1
2025-03-09,2024021019,2,REG,11:35,VAN,ev,none,wrist,1551,8475762,D. Forbort,8478856,C. Garland,8481535,N. Hoglander,1,1
2025-03-09,2024021019,2,REG,19:34,DAL,ev,none,wrist,1551,8475798,M. Granlund,8476879,C. Ceci,8475168,M. Duchene,1,2
2025-03-09,2024021019,3,REG,08:26,DAL,ev,none,tip-in,1551,8480027,J. Robertson,8475168,M. Duchene,,,1,3
2025-03-09,2024021019,3,REG,18:52,DAL,ev,empty-net,wrist,1560,8478420,M. Rantanen,8476879,C. Ceci,,,1,4
2025-03-09,2024021020,1,REG,17:52,ANA,ev,none,wrist,1551,8482118,S. Colangelo,8483445,C. Gauthier,8482745,M. McTavish,1,0
2025-03-09,2024021020,2,REG,14:56,ANA,ev,none,wrist,1551,8481563,D. Helleson,8483490,P. Mintyukov,8481533,T. Zegras,2,0
2025-03-09,2024021020,3,REG,00:43,ANA,pp,none,wrist,1451,8482745,M. McTavish,8484153,L. Carlsson,,,3,0
2025-03-09,2024021020,3,REG,08:18,ANA,ev,empty-net,wrist,0651,8482118,S. Colangelo,8480806,I. Lundestrom,,,4,0
2025-03-09,2024021020,3,REG,15:10,NYI,ev,none,wrist,1551,8477950,T. DeAngelo,8484958,M. Tsyplakov,8480871,A. Boqvist,4,1
2025-03-10,2024021021,1,REG,13:28,BUF,ev,none,wrist,1551,8479420,T. Thompson,,,,,1,0
2025-03-10,2024021021,2,REG,01:35,EDM,ev,none,wrist,1551,8477498,D. Nurse,8479442,T. Stecher,8477934,L. Draisaitl,1,1
2025-03-10,2024021021,2,REG,03:52,BUF,ev,none,wrist,1551,8477949,A. Tuch,8480802,R. McLeod,,,2,1
2025-03-10,2024021021,2,REG,09:12,EDM,pp,none,slap,1541,8480803,E. Bouchard,8478402,C. McDavid,8477934,L. Draisaitl,2,2
2025-03-10,2024021021,3,REG,03:20,BUF,ev,none,wrist,1551,8479420,T. Thompson,8480064,J. Norris,,,3,2
2025-03-10,2024021022,2,REG,07:39,OTT,pp,none,wrist,1451,8474102,D. Perron,8473512,C. Giroux,,,1,0
2025-03-10,2024021022,3,REG,02:58,DET,ev,none,wrist,1551,8477946,D. Larkin,8482078,L. Raymond,,,1,1
2025-03-10,2024021022,3,REG,14:56,OTT,pp,none,snap,1451,8481528,D. Cozens,8482105,J. Sanderson,8480801,B. Tkachuk,2,1
2025-03-10,2024021023,3,REG,00:31,COL,ev,none,tip-in,1551,8477476,A. Lehkonen,8478038,D. Toews,8477492,N. MacKinnon,1,0
2025-03-10,2024021023,3,REG,03:27,COL,ev,none,snap,1551,8480039,M. Necas,8477492,N. MacKinnon,,,2,0
2025-03-10,2024021023,3,REG,19:06,COL,ev,empty-net,wrist,0651,8481641,J. Kiviranta,,,,,3,0
2025-03-10,2024021024,1,REG,12:42,TOR,pp,none,snap,1541,8477939,W. Nylander,8478483,M. Marner,8482720,M. Knies,0,1
2025-03-10,2024021024,1,REG,19:38,TOR,pp,none,slap,1541,8475714,C. Jarnkrok,8477503,M. Domi,8476853,M. Rielly,0,2
2025-03-10,2024021024,2,REG,04:48,TOR,ev,none,snap,1551,8481122,S. Benoit,8480144,D. Kampf,8480995,P. Holmberg,0,3
2025-03-10,2024021024,2,REG,08:14,UTA,ev,none,tip-in,1551,8479619,M. Carcone,8482659,J. Doan,8480855,J. McBain,1,3
2025-03-10,2024021024,2,REG,09:03,UTA,ev,none,tip-in,1551,8477951,N. Schmaltz,8476874,O. Maatta,8479343,C. Keller,2,3
2025-03-10,2024021024,2,REG,12:11,UTA,pp,none,deflected,1451,8480849,B. Hayton,8479410,M. Sergachev,8482699,D. Guenther,3,3
2025-03-10,2024021024,5,SO,00:00,TOR,ev,none,wrist,0101,8478483,M. Marner,,,,,3,4
2025-03-11,2024021025,1,REG,04:27,FLA,ev,none,slap,1551,8475179,D. Kulikov,8477935,S. Bennett,,,0,1
2025-03-11,2024021025,3,REG,04:49,FLA,pp,none,slap,1531,8482713,M. Samoskevich,8477495,S. Jones,,,0,2
2025-03-11,2024021025,3,REG,08:56,BOS,pp,none,wrist,1451,8477956,D. Pastrnak,8479999,C. Mittelstadt,8477496,E. Lindholm,1,2
2025-03-11,2024021025,3,REG,13:51,BOS,ev,none,wrist,1551,8482511,M. Lohrei,,,,,2,2
2025-03-11,2024021025,3,REG,16:43,BOS,ev,none,snap,1551,8478401,P. Zacha,8477956,D. Pastrnak,8477507,N. Zadorov,3,2
2025-03-11,2024021026,1,REG,06:37,NJD,pp,none,tip-in,1451,8480002,N. Hischier,8479407,J. Bratt,8482684,L. Hughes,1,0
2025-03-11,2024021026,1,REG,10:49,NJD,ev,none,backhand,1551,8481032,P. Cotter,,,,,2,0
2025-03-11,2024021026,1,REG,18:51,NJD,ev,none,wrist,1551,8479407,J. Bratt,8479996,C. Glass,,,3,0
2025-03-11,2024021026,2,REG,03:30,CBJ,ev,none,tip-in,1551,8479671,M. Olivier,8483485,D. Mateychuk,8482660,K. Johnson,3,1
2025-03-11,2024021026,2,REG,07:16,CBJ,ev,none,backhand,1551,8480893,K. Marchenko,8484166,A. Fantilli,8478460,Z. Werenski,3,2
2025-03-11,2024021026,2,REG,16:49,NJD,ev,none,wrist,1551,8478414,T. Meier,8476474,S. Noesen,8475208,B. Dumoulin,4,2
2025-03-11,2024021026,3,REG,00:26,NJD,ev,none,wrist,1551,8482684,L. Hughes,8479996,C. Glass,8479407,J. Bratt,5,2
2025-03-11,2024021026,3,REG,10:29,CBJ,ev,none,wrist,1551,8479671,M. Olivier,8476432,B. Jenner,,,5,3
2025-03-11,2024021027,1,REG,00:24,OTT,ev,none,wrist,1551,8480801,B. Tkachuk,8473512,C. Giroux,8482116,T. Stützle,0,1
2025-03-11,2024021027,2,REG,03:05,PHI,ev,none,backhand,1551,8482142,J. Drysdale,8478439,T. Konecny,8480245,O. Lycksell,1,1
2025-03-11,2024021027,2,REG,04:14,OTT,ev,none,wrist,1551,8482095,T. Kleven,8474102,D. Perron,8480208,D. Batherson,1,2
2025-03-11,2024021027,2,REG,08:45,PHI,ev,none,wrist,1551,8479022,R. Abols,8481546,C. York,8481592,J. Pelletier,2,2
2025-03-11,2024021027,2,REG,15:01,OTT,ev,none,wrist,1551,8478020,M. Amadio,8478874,A. Gaudette,8482105,J. Sanderson,2,3
2025-03-11,2024021027,3,REG,10:59,OTT,ev,none,wrist,1551,8481528,D. Cozens,,,,,2,4
2025-03-11,2024021027,3,REG,19:25,OTT,ev,empty-net,wrist,1560,8481596,S. Pinto,8478020,M. Amadio,8482105,J. Sanderson,2,5
2025-03-11,2024021028,1,REG,17:48,PIT,pp,none,tip-in,1451,8471675,S. Crosby,8476483,R. Rakell,8475763,K. Hayes,1,0
2025-03-11,2024021028,2,REG,03:02,PIT,ev,none,wrist,1551,8471675,S. Crosby,8476483,R. Rakell,,,2,0
2025-03-11,2024021028,2,REG,14:29,VGK,pp,none,slap,1541,8481604,P. Dorofeyev,8478396,N. Hanifin,8478403,J. Eichel,2,1
2025-03-11,2024021028,3,REG,19:53,VGK,ev,none,slap,0651,8478396,N. Hanifin,8475913,M. Stone,8481604,P. Dorofeyev,2,2
2025-03-11,2024021028,4,OT,00:49,PIT,ev,none,wrist,1331,8474578,E. Karlsson,8471215,E. Malkin,8471724,K. Letang,3,2
2025-03-11,2024021029,1,REG,04:29,CAR,sh,none,snap,1541,8482093,S. Jarvis,8478427,S. Aho,,,1,0
2025-03-11,2024021029,2,REG,12:56,CAR,ev,none,backhand,1551,8476921,J. Martinook,,,,,2,0
2025-03-11,2024021029,2,REG,19:15,CAR,ev,none,snap,1551,8478458,J. Roslovic,8475791,T. Hall,8478970,J. Chatfield,3,0
2025-03-11,2024021029,3,REG,04:38,TBL,ev,none,snap,1551,8482201,G. Goncalves,8479542,B. Hagel,8478178,D. Raddysh,3,1
2025-03-11,2024021029,3,REG,06:26,CAR,ev,none,wrist,1551,8480336,S. Walker,8473533,J. Staal,,,4,1
2025-03-11,2024021030,2,REG,11:01,MIN,ev,none,wrist,1551,8475692,M. Zuccarello,8482079,M. Rossi,8481557,M. Boldy,1,0
2025-03-11,2024021030,3,REG,14:20,COL,ev,none,tip-in,1551,8481641,J. Kiviranta,8479525,R. Colton,8479398,S. Girard,1,1
2025-03-11,2024021030,5,SO,00:00,MIN,ev,none,wrist,1010,8475692,M. Zuccarello,,,,,2,1
2025-03-11,2024021031,1,REG,05:18,WPG,ev,none,deflected,1551,8476480,V. Namestnikov,8482149,C. Perfetti,8477940,N. Ehlers,1,0
2025-03-11,2024021031,1,REG,11:00,NYR,pp,none,wrist,1541,8476459,M. Zibanejad,8476468,J. Miller,8478550,A. Panarin,1,1
2025-03-11,2024021031,2,REG,05:06,WPG,pp,none,wrist,1451,8480014,G. Vilardi,8482149,C. Perfetti,8478398,K. Connor,2,1
2025-03-11,2024021032,1,REG,01:06,MTL,ev,none,backhand,1551,8480018,N. Suzuki,8481540,C. Caufield,8483515,J. Slafkovský,0,1
2025-03-11,2024021032,1,REG,08:34,MTL,ev,none,wrist,1551,8483515,J. Slafkovský,,,,,0,2
2025-03-11,2024021032,2,REG,08:59,MTL,ev,none,wrist,1551,8481540,C. Caufield,8480018,N. Suzuki,8483515,J. Slafkovský,0,3
2025-03-11,2024021032,3,REG,04:05,VAN,ev,none,wrist,1551,8479425,F. Hronek,8477969,M. Pettersson,,,1,3
2025-03-11,2024021032,3,REG,11:08,VAN,pp,none,wrist,1451,8480012,E. Pettersson,8479425,F. Hronek,8478856,C. Garland,2,3
2025-03-11,2024021032,3,REG,19:43,MTL,ev,empty-net,wrist,1560,8476875,M. Matheson,,,,,2,4
2025-03-11,2024021033,1,REG,02:07,WSH,ev,none,backhand,1551,8478440,D. Strome,8476880,T. Wilson,8471214,A. Ovechkin,0,1
2025-03-11,2024021033,1,REG,04:51,ANA,ev,none,snap,1551,8476885,J. Trouba,8478873,T. Terry,8478366,F. Vatrano,1,1
2025-03-11,2024021033,1,REG,05:20,ANA,ev,none,slap,1551,8481563,D. Helleson,8481533,T. Zegras,8484153,L. Carlsson,2,1
2025-03-11,2024021033,1,REG,18:14,WSH,ev,none,wrist,1551,8481656,A. Protas,8471214,A. Ovechkin,8479400,P. Dubois,2,2
2025-03-11,2024021033,2,REG,05:19,WSH,ev,none,tip-in,1551,8479400,P. Dubois,8478911,M. Roy,8479345,J. Chychrun,2,3
2025-03-11,2024021033,3,REG,04:26,ANA,ev,none,snap,1551,8483490,P. Mintyukov,8483445,C. Gauthier,8481563,D. Helleson,3,3
2025-03-11,2024021033,3,REG,04:57,WSH,ev,none,backhand,1551,8481656,A. Protas,8479400,P. Dubois,8481580,C. McMichael,3,4
2025-03-11,2024021033,3,REG,06:18,ANA,ev,none,snap,1551,8478366,F. Vatrano,8476458,R. Strome,8483490,P. Mintyukov,4,4
2025-03-11,2024021033,3,REG,13:25,WSH,ev,none,snap,1551,8475343,N. Dowd,8476880,T. Wilson,8479520,B. Duhaime,4,5
2025-03-11,2024021033,3,REG,18:24,WSH,ev,none,backhand,1551,8478463,A. Beauvillier,8479520,B. Duhaime,8480873,R. Sandin,4,6
2025-03-11,2024021033,3,REG,19:43,WSH,ev,empty-net,wrist,1560,8481656,A. Protas,8471214,A. Ovechkin,8474590,J. Carlson,4,7
2025-03-11,2024021034,1,REG,15:33,LAK,ev,none,slap,1560,8478882,V. Gavrikov,8471685,A. Kopitar,8481606,J. Spence,1,0
2025-03-11,2024021034,2,REG,08:37,NYI,ev,none,wrist,1551,8475314,A. Lee,8476419,J. Pageau,8476917,A. Pelech,1,1
2025-03-11,2024021034,2,REG,09:14,LAK,ev,none,snap,1551,8476479,P. Danault,8479675,T. Moore,8477998,W. Foegele,2,1
2025-03-11,2024021034,2,REG,14:00,LAK,sh,none,snap,1541,8482124,Q. Byfield,,,,,3,1
2025-03-11,2024021034,3,REG,18:43,LAK,sh,empty-net,slap,0641,8474563,D. Doughty,,,,,4,1
2025-03-11,2024021035,2,REG,08:11,NSH,pp,none,wrist,1541,8476887,F. Forsberg,8482768,F. Svechkov,8483565,N. Blankenburg,0,1
2025-03-11,2024021035,2,REG,15:17,NSH,pp,none,wrist,1541,8474564,S. Stamkos,8476869,B. Skjei,,,0,2
2025-03-11,2024021035,3,REG,03:42,SJS,ev,none,wrist,1551,8480825,P. Giles,8479336,C. Grundstrom,,,1,2
2025-03-11,2024021035,3,REG,03:56,SJS,ev,none,wrist,1551,8484911,C. Graf,8484227,W. Smith,,,2,2
2025-03-11,2024021035,3,REG,06:32,NSH,ev,none,wrist,1551,8479356,K. Bellows,8476887,F. Forsberg,,,2,3
2025-03-12,2024021036,1,REG,07:38,BUF,ev,none,wrist,1551,8479420,T. Thompson,8481524,B. Byram,,,0,1
2025-03-12,2024021036,1,REG,12:36,DET,ev,none,tip-in,1551,8483464,M. Kasper,8482762,S. Edvinsson,8474141,P. Kane,1,1
2025-03-12,2024021036,1,REG,15:40,DET,ev,none,wrist,1551,8479337,A. DeBrincat,8474141,P. Kane,8483464,M. Kasper,2,1
2025-03-12,2024021036,1,REG,19:07,DET,pp,none,snap,1451,8474141,P. Kane,8479337,A. DeBrincat,8477946,D. Larkin,3,1
2025-03-12,2024021036,1,REG,19:25,BUF,ev,none,snap,1551,8480064,J. Norris,8484145,Z. Benson,8479420,T. Thompson,3,2
2025-03-12,2024021036,2,REG,10:54,DET,ev,none,wrist,1551,8475765,V. Tarasenko,8477946,D. Larkin,,,4,2
2025-03-12,2024021036,2,REG,18:12,BUF,pp,none,wrist,1541,8484145,Z. Benson,8482671,O. Power,8480802,R. McLeod,4,3
2025-03-12,2024021036,3,REG,01:36,DET,pp,none,wrist,1451,8474141,P. Kane,8479337,A. DeBrincat,8482078,L. Raymond,5,3
2025-03-12,2024021036,3,REG,05:39,DET,ev,none,snap,1551,8483464,M. Kasper,8479337,A. DeBrincat,8474141,P. Kane,6,3
2025-03-12,2024021036,3,REG,14:31,DET,pp,none,snap,1451,8481542,M. Seider,8477946,D. Larkin,8482078,L. Raymond,7,3
2025-03-12,2024021037,1,REG,13:33,VAN,ev,none,snap,1551,8480459,P. Suter,8477969,M. Pettersson,8479425,F. Hronek,0,1
2025-03-12,2024021037,1,REG,17:53,CGY,ev,none,wrist,1551,8475172,N. Kadri,8478397,R. Andersson,8480860,K. Bahl,1,1
2025-03-12,2024021037,2,REG,10:32,VAN,pp,none,tip-in,1541,8478498,J. DeBrusk,8480800,Q. Hughes,8480012,E. Pettersson,1,2
2025-03-12,2024021037,2,REG,13:58,CGY,sh,none,wrist,1541,8476456,J. Huberdeau,8479291,K. Rooney,8477346,M. Weegar,2,2
2025-03-12,2024021037,2,REG,16:01,CGY,pp,none,wrist,1451,8476456,J. Huberdeau,8477346,M. Weegar,8475172,N. Kadri,3,2
2025-03-12,2024021037,3,REG,13:16,VAN,ev,none,snap,1551,8480012,E. Pettersson,8481535,N. Hoglander,8483768,V. Mancini,3,3
2025-03-12,2024021037,5,SO,00:00,VAN,ev,none,wrist,0101,8478856,C. Garland,,,,,3,4
2025-03-12,2024021038,1,REG,11:03,UTA,ev,none,tip-in,1551,8480855,J. McBain,8474013,I. Cole,8482659,J. Doan,1,0
2025-03-12,2024021038,2,REG,14:31,UTA,ev,none,snap,1551,8477021,A. Kerfoot,8482699,D. Guenther,8480849,B. Hayton,2,0
2025-03-12,2024021038,2,REG,15:53,ANA,ev,none,snap,1551,8473986,A. Killorn,8484153,L. Carlsson,8483445,C. Gauthier,2,1
2025-03-12,2024021038,3,REG,03:22,ANA,pp,none,slap,1541,8482745,M. McTavish,8481533,T. Zegras,8481605,J. LaCombe,2,2
2025-03-12,2024021038,3,REG,07:03,UTA,pp,none,slap,1451,8482699,D. Guenther,8479410,M. Sergachev,8479343,C. Keller,3,2
2025-03-12,2024021039,1,REG,04:54,SEA,ev,none,wrist,1551,8477986,B. Montour,8474586,J. Eberle,,,1,0
2025-03-12,2024021039,2,REG,04:47,SEA,ev,none,wrist,1551,8480009,E. Tolvanen,8474586,J. Eberle,8476905,C. Stephenson,2,0
2025-03-12,2024021039,2,REG,07:11,MTL,pp,none,slap,1541,8479339,P. Laine,8480018,N. Suzuki,8483457,L. Hutson,2,1
2025-03-12,2024021039,2,REG,11:21,MTL,ev,none,wrist,1441,8481618,A. Newhook,8479339,P. Laine,,,2,2
2025-03-12,2024021039,2,REG,14:04,MTL,ev,none,wrist,1551,8483515,J. Slafkovský,8481540,C. Caufield,8483457,L. Hutson,2,3
2025-03-12,2024021039,3,REG,07:18,MTL,ev,none,tip-in,1551,8483515,J. Slafkovský,8481593,J. Struble,8480018,N. Suzuki,2,4
2025-03-12,2024021039,3,REG,10:53,SEA,pp,none,snap,1451,8483497,J. Nyman,8474586,J. Eberle,8477986,B. Montour,3,4
2025-03-12,2024021039,3,REG,17:48,SEA,pp,none,tip-in,1460,8482665,M. Beniers,8478407,V. Dunn,8477986,B. Montour,4,4
2025-03-12,2024021039,4,OT,00:04,SEA,ev,none,wrist,1331,8477986,B. Montour,8476905,C. Stephenson,,,5,4
2025-03-13,2024021040,1,REG,02:00,TOR,ev,none,wrist,1551,8475166,J. Tavares,8477939,W. Nylander,8481122,S. Benoit,1,0
2025-03-13,2024021040,1,REG,17:51,FLA,pp,none,wrist,1541,8477935,S. Bennett,8482713,M. Samoskevich,8477933,S. Reinhart,1,1
2025-03-13,2024021040,2,REG,13:56,FLA,ev,none,wrist,1551,8478859,N. Mikkola,8478421,A. Greer,,,1,2
2025-03-13,2024021040,2,REG,17:13,FLA,pp,none,wrist,1541,8477935,S. Bennett,8477933,S. Reinhart,8482713,M. Samoskevich,1,3
2025-03-13,2024021040,3,REG,04:26,TOR,ev,none,wrist,1551,8477503,M. Domi,8475714,C. Jarnkrok,8475171,O. Ekman-Larsson,2,3
2025-03-13,2024021041,1,REG,03:44,OTT,ev,none,snap,1551,8481596,S. Pinto,8482092,R. Greig,8478020,M. Amadio,1,0
2025-03-13,2024021041,1,REG,09:09,OTT,ev,none,slap,1551,8482095,T. Kleven,8484321,N. Matinpalo,8480208,D. Batherson,2,0
2025-03-13,2024021041,1,REG,10:57,BOS,ev,none,wrist,1551,8479999,C. Mittelstadt,8479968,V. Lettieri,8478450,P. Wotherspoon,2,1
2025-03-13,2024021041,1,REG,16:21,OTT,pp,none,snap,1451,8480208,D. Batherson,8480801,B. Tkachuk,8482116,T. Stützle,3,1
2025-03-13,2024021041,1,REG,16:43,OTT,ev,none,wrist,1551,8482092,R. Greig,8481596,S. Pinto,,,4,1
2025-03-13,2024021041,2,REG,06:59,BOS,ev,none,tip-in,1551,8477956,D. Pastrnak,8481556,J. Beecher,,,4,2
2025-03-13,2024021041,2,REG,11:01,OTT,ev,none,wrist,1551,8480208,D. Batherson,8481528,D. Cozens,8478469,T. Chabot,5,2
2025-03-13,2024021041,2,REG,13:55,BOS,ev,none,wrist,1551,8482177,M. Khusnutdinov,8477496,E. Lindholm,8480880,J. Lauko,5,3
2025-03-13,2024021041,3,REG,18:44,OTT,ev,empty-net,snap,0651,8473512,C. Giroux,,,,,6,3
2025-03-13,2024021043,1,REG,08:29,TBL,pp,none,tip-in,1541,8482201,G. Goncalves,8476826,Y. Gourde,8474151,R. McDonagh,0,1
2025-03-13,2024021043,1,REG,14:20,PHI,ev,none,wrist,1551,8481553,B. Brink,8480245,O. Lycksell,8480068,R. Poehling,1,1
2025-03-13,2024021043,2,REG,00:15,TBL,ev,none,wrist,1551,8476878,Z. Girgensons,8478416,E. Cernak,8479542,B. Hagel,1,2
2025-03-13,2024021043,2,REG,10:55,PHI,ev,none,backhand,1551,8481553,B. Brink,8476461,S. Couturier,,,2,2
2025-03-13,2024021043,2,REG,19:01,PHI,ev,none,wrist,1551,8480068,R. Poehling,8480245,O. Lycksell,8481553,B. Brink,3,2
2025-03-13,2024021043,3,REG,03:50,TBL,ev,none,snap,1551,8474715,C. Atkinson,8475167,V. Hedman,8482655,J. Moser,3,3
2025-03-13,2024021043,5,SO,00:00,PHI,ev,none,wrist,1010,8480015,O. Tippett,,,,,4,3
2025-03-13,2024021044,1,REG,02:17,PIT,ev,none,wrist,1551,8477435,R. Graves,8481481,B. Lizotte,,,1,0
2025-03-13,2024021044,2,REG,02:20,PIT,ev,none,snap,1551,8479982,C. Timmins,8478046,D. Heinen,8481577,P. Tomasino,2,0
2025-03-13,2024021044,2,REG,11:35,STL,pp,none,snap,1541,8482737,Z. Bolduc,8480023,R. Thomas,8477402,P. Buchnevich,2,1
2025-03-13,2024021044,2,REG,17:42,PIT,ev,none,tip-in,1551,8480980,C. Dewar,8481481,B. Lizotte,8474578,E. Karlsson,3,1
2025-03-13,2024021044,3,REG,01:26,STL,pp,none,slap,1541,8482077,D. Holloway,8475753,J. Faulk,8482089,J. Neighbours,3,2
2025-03-13,2024021044,3,REG,07:15,PIT,ev,none,tip-in,1551,8475810,B. Rust,8476483,R. Rakell,8471675,S. Crosby,4,2
2025-03-13,2024021044,3,REG,08:56,STL,ev,none,wrist,1551,8480281,A. Toropchenko,8470600,R. Suter,,,4,3
2025-03-13,2024021044,3,REG,19:52,PIT,ev,empty-net,snap,0651,8476483,R. Rakell,8471675,S. Crosby,8475810,B. Rust,5,3
2025-03-13,2024021045,1,REG,12:00,VGK,pp,none,wrist,1541,8478462,N. Roy,8478403,J. Eichel,8476881,T. Hertl,0,1
2025-03-13,2024021045,1,REG,19:01,VGK,ev,none,backhand,1551,8476438,B. Saad,8475191,R. Smith,8478462,N. Roy,0,2
2025-03-13,2024021045,2,REG,12:17,VGK,ev,none,wrist,1551,8481604,P. Dorofeyev,8476881,T. Hertl,8476438,B. Saad,0,3
2025-03-13,2024021045,3,REG,15:38,VGK,ev,empty-net,wrist,1560,8474565,A. Pietrangelo,8478434,K. Kolesar,8475188,B. McNabb,0,4
2025-03-13,2024021042,2,REG,03:58,NJD,ev,none,snap,1551,8477488,B. Pesce,8475287,E. Haula,8479407,J. Bratt,1,0
2025-03-13,2024021042,2,REG,10:05,EDM,ev,none,wrist,1551,8477934,L. Draisaitl,8478402,C. McDavid,8476967,B. Kulak,1,1
2025-03-13,2024021042,3,REG,04:18,EDM,ev,none,wrist,1551,8480803,E. Bouchard,8478013,J. Walman,8478402,C. McDavid,1,2
2025-03-13,2024021042,3,REG,06:50,NJD,ev,none,wrist,1551,8479407,J. Bratt,8477488,B. Pesce,8478414,T. Meier,2,2
2025-03-13,2024021042,3,REG,08:25,NJD,ev,none,slap,1551,8483495,S. Nemec,8479407,J. Bratt,8480002,N. Hischier,3,2
2025-03-13,2024021046,2,REG,06:45,NYR,ev,none,wrist,1551,8476389,V. Trocheck,8482157,W. Cuylle,8480817,K. Miller,0,1
2025-03-13,2024021046,3,REG,03:55,MIN,pp,none,snap,1451,8475149,M. Johansson,8474679,G. Nyquist,8474716,J. Spurgeon,1,1
2025-03-13,2024021046,3,REG,06:38,NYR,ev,none,wrist,1551,8477380,J. Brodzinski,8481708,Z. Jones,8482460,M. Rempe,1,2
2025-03-13,2024021046,3,REG,08:42,MIN,pp,none,wrist,1451,8477919,F. Gaudreau,8477451,R. Hartman,8474716,J. Spurgeon,2,2
2025-03-13,2024021046,4,OT,01:51,NYR,ev,none,backhand,1331,8482073,B. Schneider,8478550,A. Panarin,8476468,J. Miller,2,3
2025-03-13,2024021047,1,REG,13:08,LAK,ev,none,wrist,1551,8477998,W. Foegele,8479675,T. Moore,,,1,0
2025-03-13,2024021047,3,REG,01:05,LAK,pp,none,slap,1451,8477942,K. Fiala,8471685,A. Kopitar,8474563,D. Doughty,2,0
2025-03-13,2024021047,3,REG,01:52,LAK,ev,none,wrist,1551,8482124,Q. Byfield,8477942,K. Fiala,8478882,V. Gavrikov,3,0
2025-03-13,2024021048,1,REG,03:48,SJS,ev,none,slap,1551,8484227,W. Smith,8484801,M. Celebrini,8482667,W. Eklund,1,0
2025-03-13,2024021048,1,REG,10:16,SJS,ev,none,wrist,1551,8484911,C. Graf,8477505,A. Wennberg,8479983,M. Ferraro,2,0
2025-03-13,2024021048,2,REG,00:10,CHI,ev,none,wrist,1551,8483493,F. Nazar,8482176,W. Kaiser,8473422,N. Foligno,2,1
2025-03-13,2024021048,2,REG,10:17,SJS,pp,none,tip-in,1451,8484911,C. Graf,8484227,W. Smith,8482166,S. Mukhamadullin,3,1
2025-03-13,2024021048,2,REG,13:18,CHI,ev,none,wrist,1551,8481624,I. Mikheyev,8477987,R. Donato,8476882,T. Teravainen,3,2
2025-03-13,2024021048,3,REG,19:27,SJS,ev,empty-net,wrist,0651,8475726,T. Toffoli,,,,,4,2
2025-03-14,2024021049,1,REG,18:07,DET,ev,none,snap,1551,8479337,A. DeBrincat,8475279,B. Chiarot,,,0,1
2025-03-14,2024021049,2,REG,00:22,CAR,ev,none,tip-in,1551,8475791,T. Hall,8480829,J. Kotkaniemi,8478458,J. Roslovic,1,1
2025-03-14,2024021049,2,REG,05:44,CAR,ev,none,wrist,1551,8478458,J. Roslovic,8480829,J. Kotkaniemi,8482666,S. Morrow,2,1
2025-03-14,2024021049,2,REG,12:18,CAR,ev,none,snap,1551,8478970,J. Chatfield,8480336,S. Walker,8482093,S. Jarvis,3,1
2025-03-14,2024021049,3,REG,02:53,DET,ev,none,wrist,1551,8479992,M. Rasmussen,8477353,T. Motte,,,3,2
2025-03-14,2024021049,3,REG,18:49,CAR,ev,empty-net,backhand,0651,8480762,E. Robinson,8470613,B. Burns,,,4,2
2025-03-14,2024021050,2,REG,08:46,EDM,ev,none,slap,1551,8477934,L. Draisaitl,8477015,C. Brown,8480803,E. Bouchard,0,1
2025-03-14,2024021050,3,REG,01:21,NYI,ev,none,snap,1551,8477500,B. Horvat,,,,,1,1
2025-03-14,2024021050,4,OT,03:53,EDM,ev,none,snap,1331,8477934,L. Draisaitl,8478402,C. McDavid,8475717,C. Pickard,1,2
2025-03-14,2024021051,1,REG,08:01,WPG,ev,none,wrist,1551,8480049,D. Samberg,8476460,M. Scheifele,8478398,K. Connor,1,0
2025-03-14,2024021051,1,REG,17:02,WPG,ev,none,snap,1551,8478398,K. Connor,8476460,M. Scheifele,8480014,G. Vilardi,2,0
2025-03-14,2024021051,2,REG,06:43,WPG,ev,none,slap,1551,8478398,K. Connor,8477504,J. Morrissey,8476460,M. Scheifele,3,0
2025-03-14,2024021051,3,REG,07:26,WPG,ev,none,tip-in,1551,8480289,M. Barron,8479293,B. Tanev,8476331,D. DeMelo,4,0
2025-03-14,2024021051,3,REG,16:11,DAL,ev,none,snap,1551,8478975,M. Marchment,8474149,E. Dadonov,8476879,C. Ceci,4,1
2025-03-14,2024021052,1,REG,13:21,COL,ev,none,wrist,1551,8479324,R. Lindgren,8479525,R. Colton,,,0,1
2025-03-14,2024021052,2,REG,15:24,COL,ev,none,wrist,1551,8480448,P. Kelly,8481186,L. O'Connor,8480835,J. Drury,0,2
2025-03-14,2024021052,3,REG,03:08,CGY,ev,none,wrist,1551,8476399,B. Coleman,8482679,M. Coronato,8477346,M. Weegar,1,2
2025-03-14,2024021052,3,REG,05:55,COL,ev,none,wrist,1551,8480448,P. Kelly,8479525,R. Colton,,,1,3
2025-03-14,2024021052,3,REG,16:22,CGY,pp,none,deflected,1451,8476456,J. Huberdeau,8478397,R. Andersson,8480797,J. Farabee,2,3
2025-03-14,2024021052,3,REG,18:21,COL,ev,empty-net,wrist,1560,8477501,V. Nichushkin,8479398,S. Girard,,,2,4
2025-03-14,2024021053,2,REG,15:52,ANA,ev,none,snap,1551,8478873,T. Terry,8478366,F. Vatrano,,,1,0
2025-03-14,2024021053,3,REG,04:25,NSH,pp,none,slap,1541,8477944,J. Vrana,8476869,B. Skjei,8475158,R. O'Reilly,1,1
2025-03-14,2024021053,3,REG,11:20,ANA,ev,none,wrist,1551,8473986,A. Killorn,8481533,T. Zegras,8484153,L. Carlsson,2,1
2025-03-14,2024021054,1,REG,00:51,SEA,ev,none,wrist,1551,8480009,E. Tolvanen,8476905,C. Stephenson,,,1,0
2025-03-14,2024021054,1,REG,16:48,UTA,ev,none,wrist,1551,8477951,N. Schmaltz,8478831,K. Stenlund,8478507,J. Marino,1,1
2025-03-14,2024021054,2,REG,07:35,UTA,ev,none,wrist,1551,8478831,K. Stenlund,8478507,J. Marino,8479619,M. Carcone,1,2
2025-03-14,2024021054,2,REG,18:54,SEA,ev,none,deflected,1551,8477986,B. Montour,8474586,J. Eberle,8480009,E. Tolvanen,2,2
2025-03-14,2024021054,3,REG,10:29,SEA,ev,none,wrap-around,1551,8481554,K. Kakko,,,,,3,2
2025-03-14,2024021054,3,REG,18:51,SEA,ev,empty-net,wrist,0651,8480009,E. Tolvanen,8474586,J. Eberle,,,4,2
2025-03-15,2024021055,1,REG,12:07,VGK,ev,none,tip-in,1551,8479353,B. Howden,8476871,T. Pearson,8477964,I. Barbashev,0,1
2025-03-15,2024021055,2,REG,12:06,VGK,ev,none,backhand,1551,8481604,P. Dorofeyev,8476881,T. Hertl,,,0,2
2025-03-15,2024021055,2,REG,12:13,BUF,ev,none,wrist,1551,8480802,R. McLeod,8480196,J. Bryson,8481524,B. Byram,1,2
2025-03-15,2024021055,3,REG,09:53,BUF,pp,none,snap,1451,8475722,J. Zucker,,,,,2,2
2025-03-15,2024021055,3,REG,17:27,VGK,ev,none,backhand,1551,8478403,J. Eichel,8475913,M. Stone,8474565,A. Pietrangelo,2,3
2025-03-15,2024021055,3,REG,19:46,BUF,ev,none,slap,1560,8480839,R. Dahlin,8481524,B. Byram,8479420,T. Thompson,3,3
2025-03-15,2024021055,5,SO,00:00,BUF,ev,none,wrist,1010,8477949,A. Tuch,,,,,4,3
2025-03-15,2024021056,1,REG,10:08,NJD,ev,none,wrist,1551,8479996,C. Glass,8479407,J. Bratt,8482684,L. Hughes,0,1
2025-03-15,2024021056,1,REG,17:11,PIT,ev,none,wrist,1551,8480980,C. Dewar,8478569,N. Acciari,8479982,C. Timmins,1,1
2025-03-15,2024021056,1,REG,17:36,PIT,ev,none,backhand,1551,8478046,D. Heinen,8481577,P. Tomasino,8481609,V. Kolyachonok,2,1
2025-03-15,2024021056,2,REG,04:24,PIT,ev,none,wrist,1551,8476483,R. Rakell,8471675,S. Crosby,8479982,C. Timmins,3,1
2025-03-15,2024021056,3,REG,02:22,PIT,ev,none,wrist,1551,8481577,P. Tomasino,,,,,4,1
2025-03-15,2024021056,3,REG,05:40,NJD,pp,none,wrist,1541,8478414,T. Meier,8479407,J. Bratt,8483495,S. Nemec,4,2
2025-03-15,2024021056,3,REG,06:40,NJD,pp,none,tip-in,1541,8480002,N. Hischier,8482684,L. Hughes,8479407,J. Bratt,4,3
2025-03-15,2024021056,3,REG,14:17,PIT,pp,none,snap,1451,8474578,E. Karlsson,8471215,E. Malkin,8471724,K. Letang,5,3
2025-03-15,2024021056,3,REG,19:05,PIT,ev,empty-net,wrist,0651,8480980,C. Dewar,8481481,B. Lizotte,,,6,3
2025-03-15,2024021056,3,REG,19:38,PIT,ev,none,wrist,1551,8475763,K. Hayes,8480205,E. Bemstrom,,,7,3
2025-03-15,2024021057,1,REG,07:33,WSH,ev,none,wrist,1551,8478440,D. Strome,8471214,A. Ovechkin,8476880,T. Wilson,0,1
2025-03-15,2024021057,1,REG,17:26,WSH,ev,none,backhand,1551,8481656,A. Protas,8474189,L. Eller,8476880,T. Wilson,0,2
2025-03-15,2024021057,1,REG,18:55,WSH,ev,none,snap,1551,8479390,T. Raddysh,8474590,J. Carlson,8479400,P. Dubois,0,3
2025-03-15,2024021057,3,REG,06:19,SJS,ev,none,wrist,1551,8484801,M. Celebrini,8475726,T. Toffoli,,,1,3
2025-03-15,2024021057,3,REG,06:59,WSH,ev,none,wrist,1551,8477845,T. van Riemsdyk,8474189,L. Eller,8478233,A. Mangiapane,1,4
2025-03-15,2024021057,3,REG,10:54,WSH,ev,none,tip-in,1551,8471214,A. Ovechkin,8480796,M. Fehérváry,8479400,P. Dubois,1,5
2025-03-15,2024021058,1,REG,02:22,TBL,ev,none,wrist,1551,8475167,V. Hedman,8476826,Y. Gourde,8478178,D. Raddysh,0,1
2025-03-15,2024021058,1,REG,15:58,BOS,ev,none,slap,1551,8477496,E. Lindholm,8479369,A. Peeke,8480880,J. Lauko,1,1
2025-03-15,2024021058,2,REG,02:13,TBL,ev,none,wrist,1551,8477426,N. Paul,8482929,E. Lilleberg,8482201,G. Goncalves,1,2
2025-03-15,2024021058,2,REG,07:22,TBL,ev,none,tip-in,1551,8478519,A. Cirelli,8474151,R. McDonagh,8476826,Y. Gourde,1,3
2025-03-15,2024021058,2,REG,17:08,TBL,ev,none,wrist,1551,8478178,D. Raddysh,8482929,E. Lilleberg,8477426,N. Paul,1,4
2025-03-15,2024021058,3,REG,00:23,BOS,ev,none,wrist,1551,8482177,M. Khusnutdinov,8480035,H. Jokiharju,8477496,E. Lindholm,2,4
2025-03-15,2024021058,3,REG,16:31,TBL,ev,empty-net,backhand,1560,8479542,B. Hagel,8476453,N. Kucherov,8478416,E. Cernak,2,5
2025-03-15,2024021058,3,REG,19:15,TBL,ev,empty-net,deflected,1560,8478519,A. Cirelli,8475167,V. Hedman,,,2,6
2025-03-15,2024021059,2,REG,06:49,TOR,ev,none,backhand,1551,8477939,W. Nylander,8481582,N. Robertson,8478443,B. Carlo,1,0
2025-03-15,2024021059,2,REG,07:57,OTT,ev,none,wrist,1551,8482105,J. Sanderson,8482116,T. Stützle,8480801,B. Tkachuk,1,1
2025-03-15,2024021059,2,REG,08:55,TOR,ev,none,wrist,1551,8479318,A. Matthews,,,,,2,1
2025-03-15,2024021059,2,REG,12:16,OTT,ev,none,snap,1551,8474102,D. Perron,8480208,D. Batherson,,,2,2
2025-03-15,2024021059,2,REG,14:08,OTT,pp,none,wrist,1541,8473512,C. Giroux,8478469,T. Chabot,,,2,3
2025-03-15,2024021059,3,REG,19:53,OTT,ev,empty-net,wrist,1560,8478020,M. Amadio,8482092,R. Greig,,,2,4
2025-03-15,2024021060,1,REG,05:15,MTL,pp,none,snap,1451,8479339,P. Laine,8483457,L. Hutson,8481540,C. Caufield,1,0
2025-03-15,2024021060,1,REG,15:56,MTL,ev,none,snap,1551,8481540,C. Caufield,8483515,J. Slafkovský,,,2,0
2025-03-15,2024021060,2,REG,03:51,FLA,ev,none,wrist,1551,8482713,M. Samoskevich,8477409,C. Verhaeghe,8477935,S. Bennett,2,1
2025-03-15,2024021060,3,REG,08:11,MTL,ev,none,tip-in,1551,8477989,C. Dvorak,8475233,D. Savard,,,3,1
2025-03-15,2024021061,1,REG,08:21,CAR,ev,none,snap,1551,8478427,S. Aho,8482809,J. Blake,8482093,S. Jarvis,0,1
2025-03-15,2024021061,1,REG,15:46,CAR,ev,none,snap,1551,8476873,M. Jankowski,8480762,E. Robinson,8479370,T. Jost,0,2
2025-03-15,2024021061,2,REG,00:19,CAR,pp,none,snap,1541,8475791,T. Hall,8478427,S. Aho,8476906,S. Gostisbehere,0,3
2025-03-15,2024021061,2,REG,13:15,CAR,ev,none,snap,1551,8476873,M. Jankowski,8480762,E. Robinson,8476906,S. Gostisbehere,0,4
2025-03-15,2024021061,3,REG,19:28,CAR,ev,none,backhand,1551,8482666,S. Morrow,8482702,L. Stankoven,8475791,T. Hall,0,5
2025-03-15,2024021062,1,REG,01:43,NYR,ev,none,backhand,1551,8482109,A. Lafrenière,8476459,M. Zibanejad,,,0,1
2025-03-15,2024021062,2,REG,11:36,NYR,ev,none,snap,1551,8478550,A. Panarin,8482109,A. Lafrenière,8478840,W. Borgen,0,2
2025-03-15,2024021062,3,REG,14:38,NYR,ev,none,snap,1551,8476389,V. Trocheck,8478550,A. Panarin,8482157,W. Cuylle,0,3
2025-03-15,2024021062,3,REG,16:41,NYR,sh,empty-net,snap,1460,8476389,V. Trocheck,8476468,J. Miller,8479323,A. Fox,0,4
2025-03-15,2024021063,1,REG,04:17,STL,ev,none,backhand,1551,8475170,B. Schenn,8475764,C. Fowler,8480281,A. Toropchenko,0,1
2025-03-15,2024021063,2,REG,10:51,STL,ev,none,wrist,1551,8482089,J. Neighbours,8480023,R. Thomas,8477402,P. Buchnevich,0,2
2025-03-15,2024021063,2,REG,12:22,STL,ev,none,backhand,1551,8479385,J. Kyrou,8475170,B. Schenn,8475764,C. Fowler,0,3
2025-03-15,2024021063,2,REG,12:47,MIN,ev,none,wrist,1551,8478136,J. Middleton,,,,,1,3
2025-03-15,2024021063,3,REG,11:30,STL,ev,none,wrap-around,1551,8479385,J. Kyrou,8482077,D. Holloway,8475753,J. Faulk,1,4
2025-03-15,2024021063,3,REG,17:40,STL,ev,empty-net,wrist,1560,8479385,J. Kyrou,8477402,P. Buchnevich,8480023,R. Thomas,1,5
2025-03-15,2024021064,4,OT,03:20,LAK,ev,none,wrist,1331,8482124,Q. Byfield,8477960,A. Kempe,8482730,B. Clarke,1,0
2025-03-15,2024021065,1,REG,17:46,VAN,ev,none,wrist,1551,8480800,Q. Hughes,8479425,F. Hronek,8480012,E. Pettersson,1,0
2025-03-15,2024021065,1,REG,18:21,VAN,ev,none,wrist,1551,8474574,T. Myers,8480748,K. Sherwood,8476927,T. Blueger,2,0
2025-03-15,2024021065,2,REG,08:08,VAN,ev,none,backhand,1551,8478856,C. Garland,8480459,P. Suter,8481535,N. Hoglander,3,0
2025-03-15,2024021065,2,REG,18:51,CHI,ev,none,wrist,1551,8481568,A. Vlasic,8477987,R. Donato,8476882,T. Teravainen,3,1
2025-03-15,2024021065,3,REG,04:01,VAN,ev,none,wrist,1551,8480012,E. Pettersson,8481535,N. Hoglander,,,4,1
2025-03-15,2024021065,3,REG,05:22,CHI,ev,none,wrist,1441,8482176,W. Kaiser,8484783,A. Levshunov,8477987,R. Donato,4,2
2025-03-15,2024021065,3,REG,09:50,VAN,ev,none,snap,1551,8482496,N. Aman,8480748,K. Sherwood,8476927,T. Blueger,5,2
2025-03-15,2024021065,3,REG,09:58,VAN,ev,none,snap,1551,8480459,P. Suter,8478856,C. Garland,8478057,D. Joshua,6,2
2025-03-16,2024021066,2,REG,07:58,DET,ev,none,wrist,1551,8481607,A. Johansson,8475765,V. Tarasenko,8477456,J. Compher,1,0
2025-03-16,2024021066,3,REG,04:51,DET,ev,none,wrist,1551,8482078,L. Raymond,8481725,E. Soderblom,,,2,0
2025-03-16,2024021066,3,REG,11:14,DET,ev,none,tip-in,1551,8483464,M. Kasper,8476979,E. Gustafsson,8474141,P. Kane,3,0
2025-03-16,2024021067,1,REG,04:10,DAL,ev,none,wrist,1551,8480027,J. Robertson,8478449,R. Hintz,8478420,M. Rantanen,0,1
2025-03-16,2024021067,1,REG,14:09,COL,pp,none,tip-in,1451,8480039,M. Necas,8480069,C. Makar,8477494,J. Drouin,1,1
2025-03-16,2024021067,2,REG,06:24,COL,ev,none,wrist,1551,8477501,V. Nichushkin,8478038,D. Toews,8480069,C. Makar,2,1
2025-03-16,2024021067,2,REG,17:19,COL,ev,none,slap,1551,8477494,J. Drouin,8484258,S. Malinski,8477501,V. Nichushkin,3,1
2025-03-16,2024021067,3,REG,14:12,DAL,ev,none,wrist,1551,8482145,M. Bourque,8473994,J. Benn,8482740,W. Johnston,3,2
2025-03-16,2024021067,3,REG,14:32,DAL,ev,none,wrist,1551,8475168,M. Duchene,8476902,E. Lindell,8478975,M. Marchment,3,3
2025-03-16,2024021067,4,OT,00:34,COL,ev,none,wrist,1331,8480069,C. Makar,8477492,N. MacKinnon,8475754,B. Nelson,4,3
2025-03-16,2024021069,1,REG,19:17,EDM,pp,none,backhand,1541,8470621,C. Perry,8476454,R. Nugent-Hopkins,8477934,L. Draisaitl,0,1
2025-03-16,2024021069,2,REG,05:00,NYR,ev,none,wrist,1551,8482157,W. Cuylle,8478550,A. Panarin,8476389,V. Trocheck,1,1
2025-03-16,2024021069,3,REG,06:09,EDM,ev,none,deflected,1551,8478042,V. Arvidsson,8476454,R. Nugent-Hopkins,,,1,2
2025-03-16,2024021069,3,REG,16:35,EDM,ev,none,snap,1551,8478402,C. McDavid,8476454,R. Nugent-Hopkins,8476967,B. Kulak,1,3
2025-03-16,2024021070,2,REG,01:00,FLA,ev,none,snap,1551,8477933,S. Reinhart,8477493,A. Barkov,8478055,G. Forsling,0,1
2025-03-16,2024021070,2,REG,04:48,FLA,pp,none,deflected,1541,8477493,A. Barkov,8477933,S. Reinhart,8480185,E. Luostarinen,0,2
2025-03-16,2024021070,3,REG,06:29,NYI,ev,none,wrap-around,1551,8483553,M. Gatcomb,8477950,T. DeAngelo,8478115,P. Engvall,1,2
2025-03-16,2024021070,3,REG,12:16,NYI,ev,none,wrist,1551,8484958,M. Tsyplakov,8476422,M. Reilly,8477950,T. DeAngelo,2,2
2025-03-16,2024021070,3,REG,12:33,NYI,ev,none,wrist,1551,8480865,N. Dobson,8475314,A. Lee,,,3,2
2025-03-16,2024021070,3,REG,19:53,NYI,ev,empty-net,wrist,0651,8481601,S. Holmstrom,8476419,J. Pageau,,,4,2
2025-03-16,2024021068,1,REG,00:41,STL,ev,none,snap,1551,8475170,B. Schenn,8482077,D. Holloway,8479385,J. Kyrou,1,0
2025-03-16,2024021068,1,REG,01:30,STL,ev,none,tip-in,1551,8477402,P. Buchnevich,8482089,J. Neighbours,8475764,C. Fowler,2,0
2025-03-16,2024021068,2,REG,08:19,STL,pp,none,slap,1451,8482077,D. Holloway,8475753,J. Faulk,8479385,J. Kyrou,3,0
2025-03-16,2024021068,2,REG,10:06,ANA,ev,none,snap,1551,8483445,C. Gauthier,8475462,R. Gudas,8482745,M. McTavish,3,1
2025-03-16,2024021068,2,REG,15:39,STL,ev,none,snap,1551,8476889,R. Faksa,8480281,A. Toropchenko,8477573,N. Walker,4,1
2025-03-16,2024021068,2,REG,18:10,STL,sh,none,wrist,1541,8478472,M. Joseph,,,,,5,1
2025-03-16,2024021068,3,REG,02:23,ANA,ev,none,tip-in,1551,8481754,N. Nesterenko,8483445,C. Gauthier,8482745,M. McTavish,5,2
2025-03-16,2024021068,3,REG,06:18,STL,pp,none,snap,1451,8482089,J. Neighbours,8479385,J. Kyrou,8475753,J. Faulk,6,2
2025-03-16,2024021068,3,REG,12:19,STL,pp,none,wrist,1451,8476897,O. Sundqvist,8482737,Z. Bolduc,8480023,R. Thomas,7,2
2025-03-16,2024021071,2,REG,02:37,VAN,pp,none,wrist,1451,8480800,Q. Hughes,8480012,E. Pettersson,8478498,J. DeBrusk,1,0
2025-03-16,2024021071,2,REG,12:04,UTA,ev,none,snap,1551,8478831,K. Stenlund,8475760,N. Bjugstad,8479619,M. Carcone,1,1
2025-03-16,2024021071,3,REG,05:08,UTA,ev,none,wrist,1551,8483431,L. Cooley,8480434,S. Durzi,8477951,N. Schmaltz,1,2
2025-03-16,2024021071,3,REG,19:29,UTA,ev,empty-net,wrist,1560,8479343,C. Keller,8477951,N. Schmaltz,,,1,3
2025-03-16,2024021072,1,REG,09:58,SEA,pp,none,snap,1451,8483497,J. Nyman,8474586,J. Eberle,8476905,C. Stephenson,1,0
2025-03-16,2024021072,1,REG,15:23,SEA,ev,none,wrist,1551,8479591,M. Eyssimont,8482858,R. Evans,8477986,B. Montour,2,0
2025-03-16,2024021072,1,REG,19:43,WPG,ev,none,wrist,1551,8482149,C. Perfetti,8480049,D. Samberg,8476480,V. Namestnikov,2,1
2025-03-16,2024021072,2,REG,11:42,WPG,ev,none,wrist,1551,8478398,K. Connor,8480289,M. Barron,,,2,2
2025-03-16,2024021072,4,OT,01:47,WPG,ev,none,wrist,1331,8480049,D. Samberg,8482149,C. Perfetti,8476480,V. Namestnikov,2,3
2025-03-17,2024021073,1,REG,04:19,BUF,pp,none,snap,1541,8481522,P. Krebs,8482097,J. Quinn,8482671,O. Power,0,1
2025-03-17,2024021073,1,REG,13:00,BOS,ev,none,snap,1551,8478401,P. Zacha,8479987,M. Geekie,8477956,D. Pastrnak,1,1
2025-03-17,2024021073,1,REG,15:13,BOS,ev,none,wrist,1551,8479987,M. Geekie,8478450,P. Wotherspoon,,,2,1
2025-03-17,2024021073,2,REG,12:48,BUF,ev,none,wrist,1551,8482671,O. Power,8480802,R. McLeod,8481524,B. Byram,2,2
2025-03-17,2024021073,4,OT,04:49,BUF,pp,none,tip-in,1431,8477949,A. Tuch,8482671,O. Power,8482097,J. Quinn,2,3
2025-03-17,2024021074,1,REG,18:31,TBL,ev,none,wrist,1441,8476453,N. Kucherov,,,,,1,0
2025-03-17,2024021074,3,REG,18:30,TBL,pp,empty-net,wrist,0551,8477404,J. Guentzel,8476453,N. Kucherov,8478010,B. Point,2,0
2025-03-17,2024021075,2,REG,13:35,NJD,ev,none,backhand,1551,8478414,T. Meier,8476474,S. Noesen,8480002,N. Hischier,0,1
2025-03-17,2024021075,2,REG,14:14,NJD,ev,none,snap,1551,8479407,J. Bratt,8475208,B. Dumoulin,8479996,C. Glass,0,2
2025-03-17,2024021075,3,REG,13:24,CBJ,ev,none,snap,1551,8479671,M. Olivier,8479941,J. Danforth,8479944,Z. Aston-Reese,1,2
2025-03-17,2024021076,1,REG,01:47,TOR,ev,none,slap,1551,8477503,M. Domi,8481122,S. Benoit,8475171,O. Ekman-Larsson,1,0
2025-03-17,2024021076,1,REG,19:13,CGY,ev,none,wrist,1551,8478397,R. Andersson,8476456,J. Huberdeau,8481028,M. Pospisil,1,1
2025-03-17,2024021076,2,REG,01:39,TOR,pp,none,slap,1451,8477939,W. Nylander,8478483,M. Marner,8479318,A. Matthews,2,1
2025-03-17,2024021076,2,REG,09:34,TOR,ev,none,snap,1551,8481582,N. Robertson,8477503,M. Domi,8475171,O. Ekman-Larsson,3,1
2025-03-17,2024021076,2,REG,15:41,TOR,pp,none,wrist,1451,8479318,A. Matthews,8477939,W. Nylander,8478483,M. Marner,4,1
2025-03-17,2024021076,2,REG,18:54,TOR,pp,none,snap,1451,8479318,A. Matthews,8482720,M. Knies,8477939,W. Nylander,5,1
2025-03-17,2024021076,3,REG,03:03,TOR,ev,none,wrist,1560,8482259,B. McMann,8476853,M. Rielly,8475714,C. Jarnkrok,6,1
2025-03-17,2024021076,3,REG,19:12,CGY,ev,none,wrist,1551,8480860,K. Bahl,8478211,D. Hunt,8481068,Y. Sharangovich,6,2
2025-03-17,2024021077,1,REG,04:59,LAK,pp,none,snap,1541,8477960,A. Kempe,8477942,K. Fiala,8474563,D. Doughty,0,1
2025-03-17,2024021077,2,REG,01:51,MIN,pp,none,tip-in,1451,8477451,R. Hartman,8474716,J. Spurgeon,,,1,1
2025-03-17,2024021077,3,REG,15:22,MIN,pp,none,wrist,1451,8475692,M. Zuccarello,8481557,M. Boldy,8477451,R. Hartman,2,1
2025-03-17,2024021077,3,REG,19:04,MIN,ev,empty-net,slap,0651,8475149,M. Johansson,8474716,J. Spurgeon,,,3,1
2025-03-18,2024021078,1,REG,02:07,MTL,ev,none,wrist,1551,8477989,C. Dvorak,8475848,B. Gallagher,8475233,D. Savard,1,0
2025-03-18,2024021078,1,REG,16:42,OTT,ev,none,snap,1551,8480208,D. Batherson,8481528,D. Cozens,,,1,1
2025-03-18,2024021078,2,REG,12:38,OTT,ev,none,snap,1441,8478020,M. Amadio,8474612,T. Hamonic,8473512,C. Giroux,1,2
2025-03-18,2024021078,3,REG,03:38,MTL,ev,none,snap,1551,8483457,L. Hutson,8478133,J. Evans,,,2,2
2025-03-18,2024021078,3,REG,06:13,OTT,ev,none,slap,1551,8474612,T. Hamonic,8474102,D. Perron,8482095,T. Kleven,2,3
2025-03-18,2024021078,3,REG,10:22,MTL,ev,none,snap,1551,8476981,J. Anderson,8478851,A. Carrier,8477989,C. Dvorak,3,3
2025-03-18,2024021078,3,REG,15:23,MTL,pp,none,snap,1451,8480018,N. Suzuki,8475848,B. Gallagher,8482476,E. Heineman,4,3
2025-03-18,2024021078,3,REG,18:16,MTL,ev,empty-net,snap,0651,8476981,J. Anderson,8477989,C. Dvorak,8478133,J. Evans,5,3
2025-03-18,2024021078,3,REG,19:01,MTL,ev,empty-net,backhand,0651,8475848,B. Gallagher,8477989,C. Dvorak,8478851,A. Carrier,6,3
2025-03-18,2024021079,1,REG,01:13,NYR,ev,none,snap,1551,8478550,A. Panarin,8480001,U. Vaakanainen,8482157,W. Cuylle,1,0
2025-03-18,2024021079,1,REG,10:22,CGY,ev,none,wrist,1551,8475172,N. Kadri,8477346,M. Weegar,8482074,C. Zary,1,1
2025-03-18,2024021079,1,REG,18:03,CGY,pp,none,wrist,1541,8482679,M. Coronato,8475172,N. Kadri,8477346,M. Weegar,1,2
2025-03-18,2024021080,1,REG,04:40,PIT,ev,none,tip-in,1551,8479533,J. Koppanen,8481609,V. Kolyachonok,8471724,K. Letang,1,0
2025-03-18,2024021080,1,REG,19:45,PIT,ev,none,wrist,1551,8471675,S. Crosby,8479982,C. Timmins,8477435,R. Graves,2,0
2025-03-18,2024021080,3,REG,00:17,NYI,ev,none,wrist,1551,8475151,K. Palmieri,,,,,2,1
2025-03-18,2024021080,3,REG,05:34,NYI,ev,none,backhand,1551,8480865,N. Dobson,8477500,B. Horvat,8475151,K. Palmieri,2,2
2025-03-18,2024021080,3,REG,13:08,NYI,ev,none,deflected,1551,8478115,P. Engvall,8480865,N. Dobson,8477392,H. Fasching,2,3
2025-03-18,2024021080,3,REG,18:28,NYI,ev,empty-net,wrist,1560,8481601,S. Holmstrom,8475151,K. Palmieri,,,2,4
2025-03-18,2024021081,1,REG,06:36,WSH,ev,none,wrist,1551,8478440,D. Strome,8474590,J. Carlson,8480873,R. Sandin,1,0
2025-03-18,2024021081,1,REG,12:28,DET,ev,none,snap,1551,8477946,D. Larkin,8475279,B. Chiarot,,,1,1
2025-03-18,2024021081,3,REG,08:16,WSH,ev,none,snap,1551,8479400,P. Dubois,8481656,A. Protas,8479345,J. Chychrun,2,1
2025-03-18,2024021081,3,REG,14:21,WSH,ev,none,snap,1551,8476880,T. Wilson,8481656,A. Protas,8480796,M. Fehérváry,3,1
2025-03-18,2024021081,3,REG,15:27,WSH,ev,none,backhand,1551,8481580,C. McMichael,8471214,A. Ovechkin,8478440,D. Strome,4,1
2025-03-18,2024021082,1,REG,06:04,STL,pp,none,slap,1541,8475753,J. Faulk,8482077,D. Holloway,8482089,J. Neighbours,0,1
2025-03-18,2024021082,1,REG,18:16,STL,ev,none,backhand,1551,8482089,J. Neighbours,8475753,J. Faulk,8480023,R. Thomas,0,2
2025-03-18,2024021082,2,REG,18:50,STL,ev,none,wrist,1551,8479385,J. Kyrou,8482077,D. Holloway,8475764,C. Fowler,0,3
2025-03-18,2024021082,2,REG,19:59,NSH,ev,none,slap,1551,8476869,B. Skjei,8474564,S. Stamkos,8476887,F. Forsberg,1,3
2025-03-18,2024021082,3,REG,13:45,STL,ev,none,wrist,1551,8479385,J. Kyrou,8482077,D. Holloway,,,1,4
2025-03-18,2024021083,1,REG,11:42,DAL,pp,none,tip-in,1451,8482740,W. Johnston,8481581,T. Harley,8478449,R. Hintz,1,0
2025-03-18,2024021083,2,REG,02:48,ANA,ev,none,tip-in,1551,8481754,N. Nesterenko,8483490,P. Mintyukov,8482745,M. McTavish,1,1
2025-03-18,2024021083,2,REG,04:25,DAL,ev,none,snap,1551,8475798,M. Granlund,8475168,M. Duchene,8478975,M. Marchment,2,1
2025-03-18,2024021083,2,REG,13:03,ANA,pp,none,poke,1531,8484153,L. Carlsson,8476458,R. Strome,8478873,T. Terry,2,2
2025-03-18,2024021083,2,REG,19:20,ANA,ev,penalty-shot,wrist,0101,8484153,L. Carlsson,,,,,2,3
2025-03-18,2024021083,3,REG,04:37,DAL,ev,none,snap,1551,8481581,T. Harley,8473994,J. Benn,8482145,M. Bourque,3,3
2025-03-18,2024021083,4,OT,02:32,DAL,ev,none,backhand,1331,8475798,M. Granlund,8481581,T. Harley,8478449,R. Hintz,4,3
2025-03-18,2024021084,1,REG,03:46,CHI,pp,none,wrist,1451,8484144,C. Bedard,8484783,A. Levshunov,8477479,T. Bertuzzi,1,0
2025-03-18,2024021084,1,REG,17:13,CHI,ev,none,deflected,1551,8477479,T. Bertuzzi,8481568,A. Vlasic,8482117,L. Reichel,2,0
2025-03-18,2024021084,1,REG,17:44,SEA,ev,none,wrist,1551,8476457,A. Larsson,8482665,M. Beniers,8475768,J. Schwartz,2,1
2025-03-18,2024021084,2,REG,05:55,SEA,ev,none,snap,1551,8474586,J. Eberle,8476905,C. Stephenson,8476467,J. Oleksiak,2,2
2025-03-18,2024021084,2,REG,06:21,SEA,ev,none,snap,1551,8477955,J. McCann,8477444,A. Burakovsky,,,2,3
2025-03-18,2024021084,2,REG,12:53,SEA,ev,none,snap,1551,8482665,M. Beniers,8476457,A. Larsson,8478407,V. Dunn,2,4
2025-03-18,2024021084,2,REG,15:13,SEA,ev,none,backhand,1551,8483524,S. Wright,8479591,M. Eyssimont,8477986,B. Montour,2,5
2025-03-18,2024021084,3,REG,06:55,SEA,ev,none,slap,1551,8483524,S. Wright,8476457,A. Larsson,8477444,A. Burakovsky,2,6
2025-03-18,2024021085,1,REG,12:28,EDM,sh,none,backhand,1541,8476454,R. Nugent-Hopkins,,,,,1,0
2025-03-18,2024021085,1,REG,15:14,EDM,ev,none,tip-in,1551,8475786,Z. Hyman,8476454,R. Nugent-Hopkins,8478402,C. McDavid,2,0
2025-03-18,2024021085,1,REG,19:56,EDM,ev,none,backhand,1551,8478402,C. McDavid,8480803,E. Bouchard,8475218,M. Ekholm,3,0
2025-03-18,2024021085,2,REG,07:41,EDM,ev,none,deflected,1551,8475786,Z. Hyman,8475218,M. Ekholm,8478402,C. McDavid,4,0
2025-03-18,2024021085,2,REG,09:53,EDM,ev,none,snap,1551,8481617,V. Podkolzin,8476454,R. Nugent-Hopkins,,,5,0
2025-03-18,2024021085,2,REG,16:26,UTA,ev,none,slap,1551,8480434,S. Durzi,8483431,L. Cooley,8479619,M. Carcone,5,1
2025-03-18,2024021085,3,REG,00:33,EDM,ev,none,snap,1551,8475218,M. Ekholm,8475786,Z. Hyman,,,6,1
2025-03-18,2024021085,3,REG,02:36,EDM,ev,none,backhand,1551,8478042,V. Arvidsson,,,,,7,1
2025-03-18,2024021086,1,REG,04:55,VAN,ev,none,snap,1551,8482055,D. O'Connor,8480800,Q. Hughes,8476927,T. Blueger,1,0
2025-03-18,2024021086,1,REG,14:50,WPG,ev,none,wrist,1551,8477940,N. Ehlers,8476480,V. Namestnikov,,,1,1
2025-03-18,2024021086,1,REG,18:29,VAN,pp,none,tip-in,1451,8478444,B. Boeser,8480800,Q. Hughes,8483476,J. Lekkerimäki,2,1
2025-03-18,2024021086,1,REG,19:57,VAN,ev,none,wrist,1551,8481535,N. Hoglander,8478444,B. Boeser,8480012,E. Pettersson,3,1
2025-03-18,2024021086,2,REG,07:07,WPG,ev,none,poke,1551,8480113,A. Iafallo,8479293,B. Tanev,8474568,L. Schenn,3,2
2025-03-18,2024021086,2,REG,13:57,VAN,ev,none,wrist,1551,8478444,B. Boeser,8477969,M. Pettersson,8481535,N. Hoglander,4,2
2025-03-18,2024021086,2,REG,14:43,VAN,ev,none,wrist,1551,8480459,P. Suter,8480748,K. Sherwood,8478498,J. DeBrusk,5,2
2025-03-18,2024021086,3,REG,19:56,VAN,ev,empty-net,wrist,0651,8480459,P. Suter,,,,,6,2
2025-03-19,2024021087,2,REG,00:28,TOR,pp,none,wrist,1451,8479318,A. Matthews,8478483,M. Marner,8475166,J. Tavares,1,0
2025-03-19,2024021087,2,REG,02:48,COL,pp,none,wrist,1541,8477501,V. Nichushkin,8477492,N. MacKinnon,8480069,C. Makar,1,1
2025-03-19,2024021087,3,REG,02:53,TOR,sh,none,wrist,1541,8478904,S. Lorentz,8481122,S. Benoit,,,2,1
2025-03-19,2024021088,1,REG,02:47,MIN,ev,none,wrist,1551,8477451,R. Hartman,8474567,Z. Bogosian,8476994,V. Hinostroza,1,0
2025-03-19,2024021088,1,REG,03:59,MIN,ev,none,wrist,1551,8481557,M. Boldy,,,,,2,0
2025-03-19,2024021088,1,REG,04:29,MIN,ev,none,wrist,1551,8483499,L. Ohgren,8477919,F. Gaudreau,8474679,G. Nyquist,3,0
2025-03-19,2024021088,3,REG,18:23,MIN,ev,empty-net,backhand,0541,8481557,M. Boldy,8474567,Z. Bogosian,,,4,0
2025-03-20,2024021089,1,REG,10:29,COL,ev,none,wrist,1551,8477492,N. MacKinnon,8477494,J. Drouin,8480069,C. Makar,0,1
2025-03-20,2024021089,1,REG,11:28,COL,ev,none,wrist,1551,8475754,B. Nelson,8484258,S. Malinski,8480039,M. Necas,0,2
2025-03-20,2024021089,1,REG,14:23,COL,pp,none,wrist,1541,8480069,C. Makar,8477494,J. Drouin,8477501,V. Nichushkin,0,3
2025-03-20,2024021089,1,REG,17:29,COL,ev,none,wrist,1551,8481641,J. Kiviranta,8479525,R. Colton,8475745,C. Coyle,0,4
2025-03-20,2024021089,2,REG,01:54,COL,pp,none,tip-in,1541,8475754,B. Nelson,8477476,A. Lehkonen,8479525,R. Colton,0,5
2025-03-20,2024021089,3,REG,15:59,OTT,pp,none,snap,1451,8481528,D. Cozens,8482116,T. Stützle,8482105,J. Sanderson,1,5
2025-03-20,2024021090,1,REG,17:09,NJD,ev,none,wrap-around,1551,8480002,N. Hischier,8476474,S. Noesen,8480192,J. Kovacevic,1,0
2025-03-20,2024021090,2,REG,05:25,NJD,ev,none,wrist,1551,8475287,E. Haula,8475208,B. Dumoulin,,,2,0
2025-03-20,2024021090,2,REG,11:58,CGY,pp,none,wrist,1541,8482679,M. Coronato,8476456,J. Huberdeau,8480028,M. Frost,2,1
2025-03-20,2024021090,2,REG,19:32,NJD,ev,none,wrist,1551,8481032,P. Cotter,8480002,N. Hischier,8475455,B. Dillon,3,1
2025-03-20,2024021090,3,REG,06:50,CGY,ev,none,snap,1551,8482074,C. Zary,8481028,M. Pospisil,8477810,J. Hanley,3,2
2025-03-20,2024021090,3,REG,15:40,CGY,ev,none,wrist,1551,8482624,D. Miromanov,8476399,B. Coleman,8480797,J. Farabee,3,3
2025-03-20,2024021090,3,REG,16:40,CGY,ev,none,snap,1551,8476456,J. Huberdeau,,,,,3,4
2025-03-20,2024021090,3,REG,19:48,CGY,ev,empty-net,wrist,1560,8475172,N. Kadri,,,,,3,5
2025-03-20,2024021091,1,REG,12:30,TOR,ev,none,snap,1551,8475166,J. Tavares,8476931,J. McCabe,8477939,W. Nylander,0,1
2025-03-20,2024021091,1,REG,19:12,NYR,ev,none,snap,1551,8478840,W. Borgen,8477369,C. Soucy,8477380,J. Brodzinski,1,1
2025-03-20,2024021091,1,REG,19:50,TOR,ev,none,tip-in,1551,8482259,B. McMann,8476931,J. McCabe,8475166,J. Tavares,1,2
2025-03-20,2024021091,2,REG,01:22,NYR,ev,none,snap,1551,8478550,A. Panarin,8476389,V. Trocheck,8479323,A. Fox,2,2
2025-03-20,2024021091,2,REG,04:16,TOR,ev,none,slap,1551,8475166,J. Tavares,8482259,B. McMann,8476931,J. McCabe,2,3
2025-03-20,2024021091,2,REG,14:26,TOR,ev,none,snap,1551,8482720,M. Knies,8477939,W. Nylander,,,2,4
2025-03-20,2024021091,3,REG,19:25,NYR,ev,none,tip-in,1560,8475184,C. Kreider,8478550,A. Panarin,8476389,V. Trocheck,3,4
2025-03-20,2024021092,1,REG,14:25,WSH,ev,none,slap,1551,8471214,A. Ovechkin,8481656,A. Protas,8477845,T. van Riemsdyk,1,0
2025-03-20,2024021092,2,REG,01:56,WSH,ev,none,tip-in,1551,8479520,B. Duhaime,8478911,M. Roy,8478463,A. Beauvillier,2,0
2025-03-20,2024021092,2,REG,11:06,WSH,ev,none,snap,1551,8478233,A. Mangiapane,8478463,A. Beauvillier,,,3,0
2025-03-20,2024021092,3,REG,05:10,PHI,ev,own-goal,,1551,8480068,R. Poehling,,,,,3,1
2025-03-20,2024021092,3,REG,17:24,PHI,ev,none,wrist,0651,8476461,S. Couturier,8480068,R. Poehling,8480015,O. Tippett,3,2
2025-03-20,2024021093,4,OT,00:29,FLA,pp,none,snap,1431,8477493,A. Barkov,8477495,S. Jones,8477933,S. Reinhart,0,1
2025-03-20,2024021094,1,REG,05:37,NYI,pp,none,snap,1451,8477407,A. Duclair,8475314,A. Lee,8476419,J. Pageau,1,0
2025-03-20,2024021094,1,REG,11:58,MTL,ev,none,backhand,1551,8482749,J. Roy,8481593,J. Struble,8479339,P. Laine,1,1
2025-03-20,2024021094,2,REG,16:40,NYI,pp,none,slap,1451,8481601,S. Holmstrom,8480865,N. Dobson,8477950,T. DeAngelo,2,1
2025-03-20,2024021094,3,REG,02:31,NYI,ev,none,snap,1551,8477500,B. Horvat,8480865,N. Dobson,8478009,I. Sorokin,3,1
2025-03-20,2024021094,3,REG,04:32,MTL,pp,none,slap,1541,8479339,P. Laine,8480018,N. Suzuki,,,3,2
2025-03-20,2024021094,3,REG,14:16,MTL,ev,none,wrist,1551,8475848,B. Gallagher,,,,,3,3
2025-03-20,2024021094,4,OT,03:37,NYI,ev,none,snap,1331,8477500,B. Horvat,8477950,T. DeAngelo,8478009,I. Sorokin,4,3
2025-03-20,2024021095,2,REG,15:47,STL,ev,none,wrist,1551,8482737,Z. Bolduc,8476897,O. Sundqvist,8478472,M. Joseph,1,0
2025-03-20,2024021095,3,REG,01:11,VAN,ev,none,wrist,1551,8480748,K. Sherwood,8479425,F. Hronek,8477969,M. Pettersson,1,1
2025-03-20,2024021095,3,REG,06:35,VAN,ev,none,wrist,1551,8478444,B. Boeser,8481535,N. Hoglander,8480012,E. Pettersson,1,2
2025-03-20,2024021095,3,REG,09:28,STL,ev,none,snap,1551,8481006,T. Tucker,8475170,B. Schenn,,,2,2
2025-03-20,2024021095,3,REG,09:52,STL,ev,none,snap,1551,8482077,D. Holloway,8479385,J. Kyrou,8481006,T. Tucker,3,2
2025-03-20,2024021095,3,REG,19:56,VAN,ev,none,slap,0651,8478444,B. Boeser,8480012,E. Pettersson,8480800,Q. Hughes,3,3
2025-03-20,2024021095,4,OT,03:42,STL,ev,none,backhand,1331,8481598,P. Broberg,8475170,B. Schenn,8482077,D. Holloway,4,3
2025-03-20,2024021096,1,REG,07:07,NSH,pp,none,slap,1451,8474564,S. Stamkos,8476887,F. Forsberg,8476539,J. Marchessault,1,0
2025-03-20,2024021096,2,REG,07:29,ANA,ev,none,wrist,1551,8481605,J. LaCombe,8482745,M. McTavish,8481517,B. Leason,1,1
2025-03-20,2024021096,2,REG,13:19,ANA,ev,none,wrist,1551,8478873,T. Terry,8481533,T. Zegras,8483490,P. Mintyukov,1,2
2025-03-20,2024021096,2,REG,15:36,ANA,ev,none,bat,1551,8481533,T. Zegras,8481563,D. Helleson,8482745,M. McTavish,1,3
2025-03-20,2024021096,3,REG,19:24,ANA,ev,empty-net,wrist,1560,8473986,A. Killorn,8476458,R. Strome,,,1,4
2025-03-20,2024021097,1,REG,04:35,TBL,ev,none,snap,1551,8479542,B. Hagel,8478519,A. Cirelli,8476453,N. Kucherov,0,1
2025-03-20,2024021097,2,REG,07:21,TBL,ev,none,backhand,1551,8478519,A. Cirelli,8479542,B. Hagel,8476826,Y. Gourde,0,2
2025-03-20,2024021097,2,REG,07:58,DAL,ev,none,tip-in,1551,8480840,O. Bäck,8476278,C. Blackwell,8479351,S. Steel,1,2
2025-03-20,2024021097,2,REG,13:48,DAL,pp,none,poke,1451,8478975,M. Marchment,8473994,J. Benn,8475168,M. Duchene,2,2
2025-03-20,2024021097,5,SO,00:00,TBL,ev,none,snap,0101,8482201,G. Goncalves,,,,,2,3
2025-03-20,2024021098,1,REG,08:45,LAK,ev,none,wrist,1551,8479675,T. Moore,,,,,0,1
2025-03-20,2024021098,1,REG,09:44,LAK,ev,none,tip-in,1551,8481532,A. Turcotte,8478882,V. Gavrikov,8481606,J. Spence,0,2
2025-03-20,2024021098,2,REG,10:50,CHI,pp,none,slap,1451,8484144,C. Bedard,8477479,T. Bertuzzi,8476882,T. Teravainen,1,2
2025-03-20,2024021098,3,REG,19:41,LAK,ev,empty-net,wrist,1560,8476441,J. Edmundson,,,,,1,3
2025-03-20,2024021099,1,REG,05:28,EDM,ev,none,wrist,1551,8475784,J. Skinner,,,,,1,0
2025-03-20,2024021099,1,REG,13:39,WPG,ev,none,snap,1551,8482149,C. Perfetti,8480049,D. Samberg,8477940,N. Ehlers,1,1
2025-03-20,2024021099,2,REG,05:30,EDM,ev,none,snap,1551,8475784,J. Skinner,8478402,C. McDavid,8477498,D. Nurse,2,1
2025-03-20,2024021099,2,REG,07:41,WPG,ev,none,tip-in,1551,8477504,J. Morrissey,8475799,N. Niederreiter,8480289,M. Barron,2,2
2025-03-20,2024021099,3,REG,03:56,WPG,ev,none,backhand,1551,8479293,B. Tanev,8480113,A. Iafallo,8477938,H. Fleury,2,3
2025-03-20,2024021099,3,REG,14:26,EDM,ev,none,snap,1551,8475786,Z. Hyman,8477498,D. Nurse,8478013,J. Walman,3,3
2025-03-20,2024021099,4,OT,01:13,WPG,ev,none,snap,1331,8478398,K. Connor,8476460,M. Scheifele,8477504,J. Morrissey,3,4
2025-03-20,2024021100,1,REG,17:27,UTA,ev,none,snap,1551,8483431,L. Cooley,8477951,N. Schmaltz,8479343,C. Keller,1,0
2025-03-20,2024021100,1,REG,19:49,BUF,pp,none,snap,1541,8482175,J. Peterka,8475722,J. Zucker,8479420,T. Thompson,1,1
2025-03-20,2024021100,2,REG,11:50,UTA,ev,none,snap,1551,8479410,M. Sergachev,8480855,J. McBain,,,2,1
2025-03-20,2024021100,3,REG,01:32,BUF,sh,none,backhand,1451,8480802,R. McLeod,,,,,2,2
2025-03-20,2024021100,3,REG,14:13,UTA,ev,none,wrist,1551,8482699,D. Guenther,8480849,B. Hayton,8479619,M. Carcone,3,2
2025-03-20,2024021100,3,REG,18:50,UTA,ev,own-goal-empty-net,,0651,8478831,K. Stenlund,,,,,4,2
2025-03-20,2024021100,3,REG,19:41,UTA,sh,empty-net,snap,0641,8479410,M. Sergachev,8478872,K. Vejmelka,,,5,2
2025-03-20,2024021101,2,REG,09:19,VGK,pp,none,wrist,1451,8481604,P. Dorofeyev,8478403,J. Eichel,8478396,N. Hanifin,1,0
2025-03-20,2024021101,2,REG,19:10,VGK,ev,none,wrist,1551,8481604,P. Dorofeyev,8474565,A. Pietrangelo,8476438,B. Saad,2,0
2025-03-20,2024021101,3,REG,05:47,VGK,ev,none,wrist,1551,8479353,B. Howden,8476448,W. Karlsson,,,3,0
2025-03-20,2024021101,3,REG,10:21,VGK,ev,none,backhand,1551,8481604,P. Dorofeyev,8476438,B. Saad,8478396,N. Hanifin,4,0
2025-03-20,2024021101,3,REG,14:24,VGK,ev,none,snap,1551,8477964,I. Barbashev,8478403,J. Eichel,,,5,0
2025-03-20,2024021101,3,REG,17:49,BOS,ev,none,wrist,1551,8479987,M. Geekie,8478401,P. Zacha,8477956,D. Pastrnak,5,1
2025-03-20,2024021102,1,REG,13:00,SJS,sh,none,wrist,1541,8482667,W. Eklund,8480848,T. Dellandrea,,,1,0
2025-03-20,2024021102,2,REG,10:31,CAR,ev,none,snap,1551,8482093,S. Jarvis,,,,,1,1
2025-03-20,2024021102,3,REG,04:58,CAR,ev,none,slap,1551,8478427,S. Aho,8482809,J. Blake,8470613,B. Burns,1,2
2025-03-20,2024021102,3,REG,14:18,CAR,ev,none,slap,1551,8480336,S. Walker,8475791,T. Hall,8476906,S. Gostisbehere,1,3
2025-03-21,2024021103,1,REG,05:28,PIT,ev,none,backhand,1551,8471215,E. Malkin,8481577,P. Tomasino,8480980,C. Dewar,1,0
2025-03-21,2024021103,1,REG,13:51,PIT,ev,none,backhand,1551,8478569,N. Acciari,8481481,B. Lizotte,,,2,0
2025-03-21,2024021103,1,REG,14:07,CBJ,ev,none,tip-in,1551,8476432,B. Jenner,8483485,D. Mateychuk,8478500,I. Provorov,2,1
2025-03-21,2024021103,1,REG,14:53,PIT,ev,none,wrist,1551,8476483,R. Rakell,8475810,B. Rust,8471675,S. Crosby,3,1
2025-03-21,2024021103,2,REG,01:35,CBJ,ev,none,backhand,1551,8479941,J. Danforth,8479671,M. Olivier,8476923,D. Severson,3,2
2025-03-21,2024021103,2,REG,08:15,PIT,ev,none,wrist,1551,8478147,B. Imama,8478046,D. Heinen,8475763,K. Hayes,4,2
2025-03-21,2024021103,2,REG,15:31,PIT,ev,none,tip-in,1551,8471675,S. Crosby,8476891,M. Grzelcyk,,,5,2
2025-03-21,2024021103,3,REG,03:45,CBJ,ev,none,wrist,1551,8482660,K. Johnson,8476374,S. Kuraly,8482475,E. Chinakhov,5,3
2025-03-21,2024021103,3,REG,18:03,PIT,ev,empty-net,wrist,0651,8475810,B. Rust,8476483,R. Rakell,8477968,A. Nedeljkovic,6,3
2025-03-22,2024021104,1,REG,11:51,VAN,ev,none,snap,1551,8478057,D. Joshua,8480800,Q. Hughes,8482496,N. Aman,0,1
2025-03-22,2024021104,2,REG,11:03,NYR,ev,none,tip-in,1551,8479323,A. Fox,8482073,B. Schneider,8482747,B. Othmann,1,1
2025-03-22,2024021104,3,REG,01:39,NYR,ev,none,wrist,1551,8477380,J. Brodzinski,8476468,J. Miller,8482109,A. Lafrenière,2,1
2025-03-22,2024021104,3,REG,11:22,VAN,ev,none,wrist,1551,8482055,D. O'Connor,8482496,N. Aman,8483768,V. Mancini,2,2
2025-03-22,2024021104,3,REG,12:40,NYR,ev,none,deflected,1551,8480817,K. Miller,8476389,V. Trocheck,8478840,W. Borgen,3,2
2025-03-22,2024021104,3,REG,15:10,VAN,ev,none,wrist,1551,8478444,B. Boeser,8478498,J. DeBrusk,,,3,3
2025-03-22,2024021104,3,REG,15:47,NYR,ev,none,snap,1551,8477380,J. Brodzinski,8482109,A. Lafrenière,8477369,C. Soucy,4,3
2025-03-22,2024021104,3,REG,19:43,NYR,ev,empty-net,wrist,0651,8476468,J. Miller,8479323,A. Fox,,,5,3
2025-03-22,2024021105,1,REG,06:27,DAL,ev,none,snap,1551,8481581,T. Harley,8476278,C. Blackwell,8479351,S. Steel,1,0
2025-03-22,2024021105,1,REG,08:59,DAL,ev,none,snap,1551,8476902,E. Lindell,8475798,M. Granlund,8475168,M. Duchene,2,0
2025-03-22,2024021105,2,REG,13:03,PHI,ev,none,snap,1551,8478439,T. Konecny,8476461,S. Couturier,8481546,C. York,2,1
2025-03-22,2024021105,2,REG,18:48,PHI,ev,none,snap,1551,8480068,R. Poehling,8484387,M. Michkov,8482159,T. Foerster,2,2
2025-03-22,2024021105,4,OT,00:09,DAL,ev,none,backhand,1331,8481581,T. Harley,8480027,J. Robertson,,,3,2
2025-03-22,2024021106,2,REG,00:56,MIN,ev,none,wrist,1551,8482079,M. Rossi,8478508,Y. Trenin,8476994,V. Hinostroza,1,0
2025-03-22,2024021106,2,REG,05:07,MIN,ev,none,deflected,1560,8479638,J. Brazeau,8476867,B. Gaunce,8481557,M. Boldy,2,0
2025-03-22,2024021106,2,REG,08:11,MIN,ev,none,wrist,1551,8475692,M. Zuccarello,8481557,M. Boldy,8474567,Z. Bogosian,3,0
2025-03-22,2024021106,3,REG,06:48,BUF,ev,none,wrist,1441,8482175,J. Peterka,8482671,O. Power,8480839,R. Dahlin,3,1
2025-03-22,2024021106,3,REG,19:27,MIN,ev,empty-net,wrist,0651,8477919,F. Gaudreau,8475692,M. Zuccarello,8476463,J. Brodin,4,1
2025-03-22,2024021107,2,REG,15:13,STL,ev,none,bat,1551,8480023,R. Thomas,8482077,D. Holloway,8479385,J. Kyrou,1,0
2025-03-22,2024021107,2,REG,17:20,STL,ev,none,snap,1551,8480281,A. Toropchenko,8476889,R. Faksa,8477573,N. Walker,2,0
2025-03-22,2024021107,2,REG,19:06,CHI,sh,none,wrist,1451,8481624,I. Mikheyev,,,,,2,1
2025-03-22,2024021107,3,REG,01:12,STL,ev,none,snap,1551,8477573,N. Walker,8480281,A. Toropchenko,8475753,J. Faulk,3,1
2025-03-22,2024021107,3,REG,07:43,STL,ev,none,backhand,1551,8482737,Z. Bolduc,8481598,P. Broberg,8475170,B. Schenn,4,1
2025-03-22,2024021108,1,REG,00:36,CGY,ev,none,wrist,1551,8482679,M. Coronato,8476456,J. Huberdeau,,,0,1
2025-03-22,2024021108,1,REG,10:46,NYI,ev,none,wrist,1551,8477500,B. Horvat,8477950,T. DeAngelo,8481601,S. Holmstrom,1,1
2025-03-22,2024021108,1,REG,17:41,NYI,ev,none,snap,1551,8483553,M. Gatcomb,8484958,M. Tsyplakov,8480865,N. Dobson,2,1
2025-03-22,2024021108,2,REG,06:03,CGY,ev,none,snap,1551,8482679,M. Coronato,8476456,J. Huberdeau,8478397,R. Andersson,2,2
2025-03-22,2024021108,3,REG,17:09,NYI,ev,none,snap,1551,8481237,K. MacLean,8484958,M. Tsyplakov,8480865,N. Dobson,3,2
2025-03-22,2024021108,3,REG,17:38,CGY,ev,none,tip-in,1551,8476456,J. Huberdeau,8478397,R. Andersson,8480860,K. Bahl,3,3
2025-03-22,2024021108,4,OT,03:53,CGY,ev,none,snap,1331,8475172,N. Kadri,8478397,R. Andersson,,,3,4
2025-03-22,2024021109,1,REG,03:03,LAK,ev,none,snap,1551,8477960,A. Kempe,8482726,S. Helenius,8479661,T. Jeannot,1,0
2025-03-22,2024021109,1,REG,14:39,LAK,pp,none,tip-in,1451,8471685,A. Kopitar,8483808,A. Kuzmenko,8474563,D. Doughty,2,0
2025-03-22,2024021109,1,REG,19:55,LAK,ev,none,snap,1551,8483808,A. Kuzmenko,8471685,A. Kopitar,,,3,0
2025-03-22,2024021109,2,REG,05:58,LAK,ev,none,wrist,1551,8479675,T. Moore,8476479,P. Danault,8477998,W. Foegele,4,0
2025-03-22,2024021109,2,REG,06:49,LAK,ev,none,wrist,1551,8479661,T. Jeannot,8481532,A. Turcotte,8474563,D. Doughty,5,0
2025-03-22,2024021109,2,REG,08:41,LAK,ev,none,wrist,1551,8482124,Q. Byfield,8477942,K. Fiala,,,6,0
2025-03-22,2024021109,2,REG,14:17,CAR,ev,none,slap,1551,8475200,D. Orlov,8478970,J. Chatfield,8482702,L. Stankoven,6,1
2025-03-22,2024021109,3,REG,18:03,LAK,ev,none,slap,1551,8477942,K. Fiala,8482155,A. Laferriere,8482124,Q. Byfield,7,1
2025-03-22,2024021109,3,REG,18:11,CAR,ev,none,wrist,1551,8476873,M. Jankowski,8480762,E. Robinson,8482666,S. Morrow,7,2
2025-03-22,2024021110,1,REG,03:15,WSH,ev,none,wrist,1551,8481580,C. McMichael,8476880,T. Wilson,,,1,0
2025-03-22,2024021110,1,REG,06:35,FLA,ev,none,snap,1551,8477935,S. Bennett,8482713,M. Samoskevich,8478055,G. Forsling,1,1
2025-03-22,2024021110,1,REG,12:24,WSH,ev,none,slap,1551,8474590,J. Carlson,8481580,C. McMichael,8479400,P. Dubois,2,1
2025-03-22,2024021110,1,REG,13:56,FLA,ev,none,slap,1551,8477495,S. Jones,8477935,S. Bennett,8478542,E. Rodrigues,2,2
2025-03-22,2024021110,1,REG,14:56,WSH,ev,none,wrist,1551,8478463,A. Beauvillier,8480873,R. Sandin,8477845,T. van Riemsdyk,3,2
2025-03-22,2024021110,1,REG,15:27,FLA,ev,none,snap,1551,8479981,J. Gadjovich,8481477,N. Sturm,,,3,3
2025-03-22,2024021110,2,REG,00:07,WSH,ev,none,backhand,1551,8476880,T. Wilson,8478911,M. Roy,8480796,M. Fehérváry,4,3
2025-03-22,2024021110,2,REG,00:59,WSH,ev,none,deflected,1551,8478440,D. Strome,8471214,A. Ovechkin,8481656,A. Protas,5,3
2025-03-22,2024021110,2,REG,05:57,WSH,ev,none,tip-in,1560,8478233,A. Mangiapane,8471214,A. Ovechkin,8480796,M. Fehérváry,6,3
2025-03-22,2024021111,1,REG,06:42,UTA,ev,none,snap,1551,8482659,J. Doan,8480855,J. McBain,8478474,L. Crouse,1,0
2025-03-22,2024021111,1,REG,17:42,UTA,ev,none,snap,1551,8483431,L. Cooley,8480891,M. Kesselring,8477951,N. Schmaltz,2,0
2025-03-22,2024021111,1,REG,18:49,TBL,pp,none,snap,1541,8478010,B. Point,8477404,J. Guentzel,8477416,O. Bjorkstrand,2,1
2025-03-22,2024021111,2,REG,05:22,TBL,ev,none,slap,1551,8478519,A. Cirelli,8479542,B. Hagel,8476453,N. Kucherov,2,2
2025-03-22,2024021111,2,REG,05:58,UTA,ev,none,tip-in,1551,8477021,A. Kerfoot,8478831,K. Stenlund,8478507,J. Marino,3,2
2025-03-22,2024021111,2,REG,17:23,TBL,ev,none,tip-in,1551,8477404,J. Guentzel,8480246,N. Perbix,8476826,Y. Gourde,3,3
2025-03-22,2024021111,2,REG,17:53,UTA,ev,none,tip-in,1551,8483431,L. Cooley,8478507,J. Marino,8477951,N. Schmaltz,4,3
2025-03-22,2024021111,3,REG,01:10,UTA,ev,none,backhand,1551,8477951,N. Schmaltz,8483431,L. Cooley,8479343,C. Keller,5,3
2025-03-22,2024021111,3,REG,02:54,TBL,ev,none,tip-in,1551,8478010,B. Point,8474151,R. McDonagh,8477404,J. Guentzel,5,4
2025-03-22,2024021111,3,REG,19:03,UTA,sh,empty-net,snap,0641,8477021,A. Kerfoot,8474013,I. Cole,,,6,4
2025-03-22,2024021112,1,REG,07:35,COL,ev,none,slap,1551,8484258,S. Malinski,8481641,J. Kiviranta,8479525,R. Colton,0,1
2025-03-22,2024021112,1,REG,10:09,COL,ev,none,snap,1551,8479324,R. Lindgren,8475754,B. Nelson,8477476,A. Lehkonen,0,2
2025-03-22,2024021112,2,REG,05:24,COL,pp,none,snap,1541,8480039,M. Necas,8477494,J. Drouin,8477501,V. Nichushkin,0,3
2025-03-22,2024021112,2,REG,05:51,MTL,ev,none,tip-in,1551,8483515,J. Slafkovský,8481593,J. Struble,8480018,N. Suzuki,1,3
2025-03-22,2024021112,3,REG,03:58,COL,ev,none,tip-in,1551,8475754,B. Nelson,8478038,D. Toews,,,1,4
2025-03-22,2024021112,3,REG,09:24,MTL,ev,none,snap,1551,8482749,J. Roy,8481618,A. Newhook,8479339,P. Laine,2,4
2025-03-22,2024021112,3,REG,09:54,MTL,ev,none,snap,1551,8483515,J. Slafkovský,8478851,A. Carrier,,,3,4
2025-03-22,2024021112,3,REG,13:32,MTL,ev,none,backhand,1551,8477989,C. Dvorak,8475848,B. Gallagher,,,4,4
2025-03-22,2024021112,5,SO,00:00,COL,ev,none,wrist,0101,8475754,B. Nelson,,,,,4,5
2025-03-22,2024021113,2,REG,04:05,OTT,ev,none,tip-in,1551,8480801,B. Tkachuk,8482105,J. Sanderson,8482116,T. Stützle,0,1
2025-03-22,2024021113,2,REG,04:38,OTT,ev,none,tip-in,1551,8480208,D. Batherson,8481528,D. Cozens,8474612,T. Hamonic,0,2
2025-03-22,2024021113,2,REG,07:13,NJD,pp,none,slap,1451,8480002,N. Hischier,8479407,J. Bratt,8482684,L. Hughes,1,2
2025-03-22,2024021113,2,REG,08:44,OTT,pp,none,deflected,1541,8474102,D. Perron,8473512,C. Giroux,8482092,R. Greig,1,3
2025-03-22,2024021113,3,REG,19:36,NJD,ev,none,snap,1560,8475287,E. Haula,8482684,L. Hughes,8479996,C. Glass,2,3
2025-03-22,2024021114,1,REG,09:16,TOR,pp,none,wrist,1541,8475166,J. Tavares,8478483,M. Marner,8479318,A. Matthews,0,1
2025-03-22,2024021114,1,REG,13:05,TOR,ev,none,wrist,1551,8478483,M. Marner,8479318,A. Matthews,,,0,2
2025-03-22,2024021114,2,REG,01:39,NSH,pp,none,snap,1451,8478047,M. Bunting,8482768,F. Svechkov,8482146,L. Evangelista,1,2
2025-03-22,2024021114,2,REG,09:15,NSH,ev,none,wrist,1551,8479356,K. Bellows,8482062,C. Smith,8482768,F. Svechkov,2,2
2025-03-22,2024021114,2,REG,19:13,NSH,ev,none,poke,1551,8476887,F. Forsberg,8482146,L. Evangelista,8483565,N. Blankenburg,3,2
2025-03-22,2024021114,3,REG,10:17,NSH,ev,none,wrist,1551,8482146,L. Evangelista,8476887,F. Forsberg,,,4,2
2025-03-22,2024021114,3,REG,19:23,NSH,ev,empty-net,backhand,0651,8476887,F. Forsberg,8481056,S. Stastney,8477446,M. McCarron,5,2
2025-03-22,2024021115,1,REG,04:47,DET,pp,none,wrist,1541,8482078,L. Raymond,8477946,D. Larkin,8474141,P. Kane,0,1
2025-03-22,2024021115,1,REG,11:47,VGK,pp,none,wrist,1451,8476881,T. Hertl,8475913,M. Stone,8478403,J. Eichel,1,1
2025-03-22,2024021115,1,REG,16:32,VGK,ev,none,tip-in,1551,8476881,T. Hertl,8475188,B. McNabb,8481527,K. Korczak,2,1
2025-03-22,2024021115,1,REG,19:57,VGK,ev,none,wrist,1551,8478462,N. Roy,8477964,I. Barbashev,8478403,J. Eichel,3,1
2025-03-22,2024021115,2,REG,01:49,DET,pp,none,wrist,1541,8474141,P. Kane,8481542,M. Seider,8477946,D. Larkin,3,2
2025-03-22,2024021115,2,REG,07:07,VGK,ev,none,snap,1551,8475913,M. Stone,8474565,A. Pietrangelo,8478396,N. Hanifin,4,2
2025-03-22,2024021115,2,REG,08:02,VGK,pp,none,wrist,1451,8476881,T. Hertl,8475913,M. Stone,8478403,J. Eichel,5,2
2025-03-22,2024021115,3,REG,09:36,DET,ev,none,snap,1551,8479337,A. DeBrincat,8474141,P. Kane,8482762,S. Edvinsson,5,3
2025-03-22,2024021115,3,REG,17:59,VGK,ev,empty-net,backhand,0651,8478403,J. Eichel,8477964,I. Barbashev,,,6,3
2025-03-22,2024021116,1,REG,14:30,EDM,pp,none,snap,1451,8474641,A. Henrique,8475218,M. Ekholm,8477498,D. Nurse,1,0
2025-03-22,2024021116,1,REG,15:49,SEA,pp,none,wrist,1541,8481554,K. Kakko,8482665,M. Beniers,8483497,J. Nyman,1,1
2025-03-22,2024021116,2,REG,03:48,EDM,ev,none,snap,1551,8476454,R. Nugent-Hopkins,8477953,K. Kapanen,8477498,D. Nurse,2,1
2025-03-22,2024021116,2,REG,07:01,SEA,ev,none,backhand,1551,8481554,K. Kakko,8483497,J. Nyman,,,2,2
2025-03-22,2024021116,2,REG,12:31,EDM,ev,none,snap,1551,8475784,J. Skinner,8477015,C. Brown,8475218,M. Ekholm,3,2
2025-03-22,2024021116,2,REG,18:11,EDM,pp,none,snap,1451,8476454,R. Nugent-Hopkins,8475786,Z. Hyman,8480803,E. Bouchard,4,2
2025-03-22,2024021116,3,REG,05:57,SEA,ev,none,snap,1551,8477444,A. Burakovsky,8477955,J. McCann,,,4,3
2025-03-22,2024021116,3,REG,17:43,EDM,sh,empty-net,wrist,0641,8476454,R. Nugent-Hopkins,8478013,J. Walman,,,5,3
2025-03-22,2024021116,3,REG,17:57,SEA,pp,none,tip-in,0641,8475768,J. Schwartz,8477955,J. McCann,8478407,V. Dunn,5,4
2025-03-22,2024021117,2,REG,02:13,SJS,ev,none,wrist,1551,8482667,W. Eklund,8484801,M. Celebrini,8484152,L. Cagnoni,1,0
2025-03-22,2024021117,2,REG,16:50,BOS,ev,none,wrist,1551,8479999,C. Mittelstadt,8481043,C. Koepke,,,1,1
2025-03-22,2024021117,3,REG,16:37,SJS,ev,none,backhand,1551,8479523,L. Carlsson,8484227,W. Smith,8484801,M. Celebrini,2,1
2025-03-22,2024021117,3,REG,19:10,SJS,ev,empty-net,wrist,0651,8476624,B. Goodrow,8482667,W. Eklund,8479523,L. Carlsson,3,1
2025-03-23,2024021118,1,REG,03:59,PHI,ev,none,wrist,1551,8482142,J. Drysdale,8484387,M. Michkov,8476461,S. Couturier,0,1
2025-03-23,2024021118,1,REG,07:14,CHI,ev,none,deflected,1551,8474034,P. Maroon,8473422,N. Foligno,8481624,I. Mikheyev,1,1
2025-03-23,2024021118,1,REG,08:01,CHI,ev,none,wrist,1551,8480813,J. Veleno,8477479,T. Bertuzzi,8480798,P. Kurashev,2,1
2025-03-23,2024021118,1,REG,08:13,PHI,ev,none,wrist,1551,8477948,T. Sanheim,8478439,T. Konecny,8484387,M. Michkov,2,2
2025-03-23,2024021118,1,REG,11:59,PHI,ev,none,backhand,1551,8481553,B. Brink,8480220,N. Cates,8482159,T. Foerster,2,3
2025-03-23,2024021118,1,REG,18:12,CHI,ev,none,wrist,1551,8484144,C. Bedard,,,,,3,3
2025-03-23,2024021118,2,REG,02:37,CHI,ev,none,backhand,1551,8477479,T. Bertuzzi,8480798,P. Kurashev,8480813,J. Veleno,4,3
2025-03-23,2024021118,2,REG,06:43,CHI,pp,none,tip-in,1351,8477987,R. Donato,8476882,T. Teravainen,8484144,C. Bedard,5,3
2025-03-23,2024021118,2,REG,10:14,PHI,ev,none,tip-in,1551,8478439,T. Konecny,8482142,J. Drysdale,8476461,S. Couturier,5,4
2025-03-23,2024021118,2,REG,13:27,CHI,pp,none,wrist,1451,8477987,R. Donato,8476882,T. Teravainen,8477479,T. Bertuzzi,6,4
2025-03-23,2024021118,3,REG,02:13,CHI,ev,none,wrist,1551,8482117,L. Reichel,8474034,P. Maroon,8481568,A. Vlasic,7,4
2025-03-23,2024021119,1,REG,09:15,BUF,ev,none,wrist,1551,8482175,J. Peterka,8480879,J. Bernard-Docker,8480802,R. McLeod,0,1
2025-03-23,2024021119,2,REG,02:05,WPG,pp,none,wrist,1451,8475799,N. Niederreiter,8482149,C. Perfetti,8476480,V. Namestnikov,1,1
2025-03-23,2024021119,2,REG,18:46,BUF,ev,none,slap,1551,8480839,R. Dahlin,8480879,J. Bernard-Docker,8480802,R. McLeod,1,2
2025-03-23,2024021119,3,REG,07:13,BUF,pp,none,backhand,1541,8482896,T. Kozak,8480807,M. Samuelsson,,,1,3
2025-03-23,2024021119,3,REG,07:41,WPG,ev,none,wrist,1551,8476525,C. Miller,8476460,M. Scheifele,8479378,L. Stanley,2,3
2025-03-23,2024021119,3,REG,13:21,BUF,sh,none,wrist,1451,8477949,A. Tuch,8480802,R. McLeod,8477365,C. Clifton,2,4
2025-03-23,2024021119,3,REG,16:32,WPG,ev,none,slap,1551,8477940,N. Ehlers,8479378,L. Stanley,8476331,D. DeMelo,3,4
2025-03-23,2024021119,3,REG,19:13,BUF,ev,empty-net,backhand,1560,8480802,R. McLeod,,,,,3,5
2025-03-23,2024021120,1,REG,11:25,FLA,ev,none,snap,1551,8477933,S. Reinhart,8478055,G. Forsling,,,1,0
2025-03-23,2024021120,1,REG,14:26,PIT,pp,none,backhand,1541,8475810,B. Rust,8474578,E. Karlsson,8471675,S. Crosby,1,1
2025-03-23,2024021120,1,REG,19:25,PIT,ev,none,tip-in,1551,8475810,B. Rust,8471675,S. Crosby,8476483,R. Rakell,1,2
2025-03-23,2024021120,2,REG,06:51,PIT,pp,none,slap,1541,8471215,E. Malkin,8475810,B. Rust,8476891,M. Grzelcyk,1,3
2025-03-23,2024021120,2,REG,09:25,FLA,pp,none,wrist,1451,8477933,S. Reinhart,8477493,A. Barkov,8475683,S. Bobrovsky,2,3
2025-03-23,2024021120,3,REG,14:29,FLA,ev,none,slap,1551,8482113,A. Lundell,8480185,E. Luostarinen,8477220,N. Schmidt,3,3
2025-03-23,2024021120,5,SO,00:00,FLA,ev,none,backhand,1010,8477493,A. Barkov,,,,,4,3
2025-03-23,2024021121,1,REG,12:13,STL,ev,none,snap,1551,8479385,J. Kyrou,8480023,R. Thomas,8482089,J. Neighbours,1,0
2025-03-23,2024021121,1,REG,16:57,STL,pp,none,tip-in,1451,8480074,A. Texier,8480023,R. Thomas,8482737,Z. Bolduc,2,0
2025-03-23,2024021121,2,REG,01:04,NSH,pp,none,wrist,1541,8476887,F. Forsberg,8483565,N. Blankenburg,8474564,S. Stamkos,2,1
2025-03-23,2024021121,3,REG,10:30,STL,ev,none,wrist,1551,8475753,J. Faulk,8482089,J. Neighbours,8480023,R. Thomas,3,1
2025-03-23,2024021121,3,REG,19:22,STL,ev,empty-net,wrist,0651,8475170,B. Schenn,8482077,D. Holloway,8475753,J. Faulk,4,1
2025-03-23,2024021122,1,REG,11:02,VGK,pp,none,snap,1451,8478462,N. Roy,8476448,W. Karlsson,8474565,A. Pietrangelo,1,0
2025-03-23,2024021122,1,REG,13:33,VGK,ev,none,wrist,1551,8476881,T. Hertl,8475191,R. Smith,,,2,0
2025-03-23,2024021122,1,REG,19:13,VGK,ev,none,slap,1551,8478403,J. Eichel,8480727,Z. Whitecloud,,,3,0
2025-03-23,2024021122,2,REG,17:38,TBL,ev,none,snap,1551,8477426,N. Paul,8482201,G. Goncalves,8478178,D. Raddysh,3,1
2025-03-23,2024021122,3,REG,17:18,VGK,ev,empty-net,wrist,0651,8479980,N. Hague,8474565,A. Pietrangelo,8479353,B. Howden,4,1
2025-03-23,2024021122,3,REG,19:55,TBL,pp,none,slap,0641,8476453,N. Kucherov,8475167,V. Hedman,8479542,B. Hagel,4,2
2025-03-23,2024021123,2,REG,07:59,CAR,ev,none,backhand,1551,8476873,M. Jankowski,8479370,T. Jost,8470613,B. Burns,0,1
2025-03-23,2024021123,2,REG,13:04,ANA,ev,none,snap,1551,8473986,A. Killorn,8481605,J. LaCombe,,,1,1
2025-03-23,2024021123,2,REG,14:37,CAR,ev,none,backhand,1551,8476921,J. Martinook,8476906,S. Gostisbehere,8482702,L. Stankoven,1,2
2025-03-23,2024021123,3,REG,02:32,CAR,pp,none,snap,1541,8475791,T. Hall,8482809,J. Blake,8482093,S. Jarvis,1,3
2025-03-23,2024021123,3,REG,16:37,ANA,ev,none,poke,1551,8481533,T. Zegras,8476885,J. Trouba,8482803,O. Zellweger,2,3
2025-03-23,2024021123,3,REG,17:13,CAR,ev,none,backhand,1551,8475791,T. Hall,8480829,J. Kotkaniemi,8478458,J. Roslovic,2,4
2025-03-23,2024021123,3,REG,18:02,CAR,ev,empty-net,backhand,1560,8475791,T. Hall,8478458,J. Roslovic,,,2,5
2025-03-23,2024021124,1,REG,00:19,BOS,ev,none,backhand,1551,8477496,E. Lindholm,8481043,C. Koepke,,,0,1
2025-03-23,2024021124,1,REG,02:43,LAK,ev,none,backhand,1551,8471685,A. Kopitar,8477960,A. Kempe,8482730,B. Clarke,1,1
2025-03-23,2024021124,1,REG,19:31,LAK,ev,none,wrist,1551,8477998,W. Foegele,8476479,P. Danault,8473453,T. Lewis,2,1
2025-03-23,2024021124,2,REG,02:07,BOS,ev,none,wrist,1551,8479987,M. Geekie,8478401,P. Zacha,,,2,2
2025-03-23,2024021124,2,REG,08:46,LAK,ev,none,slap,1551,8474563,D. Doughty,8479998,M. Anderson,8482124,Q. Byfield,3,2
2025-03-23,2024021124,2,REG,17:38,LAK,ev,none,slap,1551,8483808,A. Kuzmenko,8477960,A. Kempe,8481606,J. Spence,4,2
2025-03-23,2024021124,3,REG,04:05,LAK,ev,none,wrist,1551,8482124,Q. Byfield,8477942,K. Fiala,8482155,A. Laferriere,5,2
2025-03-23,2024021124,3,REG,09:20,LAK,ev,none,tip-in,1551,8479661,T. Jeannot,8482730,B. Clarke,8476441,J. Edmundson,6,2
2025-03-23,2024021124,3,REG,16:03,LAK,ev,none,wrist,1551,8482726,S. Helenius,8476441,J. Edmundson,8479661,T. Jeannot,7,2
2025-03-24,2024021125,1,REG,10:09,VAN,ev,none,snap,1551,8480459,P. Suter,8477969,M. Pettersson,,,0,1
2025-03-24,2024021125,2,REG,10:24,NJD,pp,none,wrist,1451,8478414,T. Meier,8482110,D. Mercer,8479407,J. Bratt,1,1
2025-03-24,2024021125,3,REG,11:02,NJD,ev,none,snap,1551,8478414,T. Meier,8475455,B. Dillon,8480002,N. Hischier,2,1
2025-03-24,2024021125,3,REG,11:47,VAN,ev,none,snap,1551,8483476,J. Lekkerimäki,8475762,D. Forbort,8482496,N. Aman,2,2
2025-03-24,2024021125,3,REG,13:25,NJD,ev,none,backhand,1551,8475287,E. Haula,8475208,B. Dumoulin,,,3,2
2025-03-24,2024021125,3,REG,19:24,VAN,ev,none,deflected,0651,8478856,C. Garland,8480459,P. Suter,8478498,J. DeBrusk,3,3
2025-03-24,2024021125,5,SO,00:00,VAN,ev,none,wrist,0101,8483476,J. Lekkerimäki,,,,,3,4
2025-03-24,2024021126,1,REG,13:16,NYI,ev,none,wrist,1551,8478115,P. Engvall,8480871,A. Boqvist,8477950,T. DeAngelo,1,0
2025-03-24,2024021126,1,REG,18:41,NYI,ev,none,wrist,1551,8475151,K. Palmieri,8477500,B. Horvat,8477506,R. Pulock,2,0
2025-03-24,2024021126,2,REG,05:31,CBJ,ev,none,snap,1551,8484166,A. Fantilli,8479371,D. Fabbro,8478007,E. Merzlikins,2,1
2025-03-24,2024021126,2,REG,17:13,CBJ,sh,none,snap,1451,8476432,B. Jenner,8477497,S. Monahan,,,2,2
2025-03-24,2024021126,2,REG,19:12,NYI,ev,none,deflected,1551,8475314,A. Lee,8476422,M. Reilly,8480871,A. Boqvist,3,2
2025-03-24,2024021126,3,REG,12:56,CBJ,ev,none,slap,1551,8480893,K. Marchenko,8478500,I. Provorov,8477497,S. Monahan,3,3
2025-03-24,2024021126,5,SO,00:00,CBJ,ev,none,backhand,0101,8484166,A. Fantilli,,,,,3,4
2025-03-24,2024021127,2,REG,15:01,DAL,pp,none,tip-in,1451,8482740,W. Johnston,8481581,T. Harley,8478449,R. Hintz,1,0
2025-03-24,2024021127,2,REG,15:59,DAL,ev,none,snap,1551,8475168,M. Duchene,8475798,M. Granlund,8473994,J. Benn,2,0
2025-03-24,2024021127,3,REG,19:17,DAL,ev,empty-net,snap,0651,8478975,M. Marchment,8478449,R. Hintz,8478420,M. Rantanen,3,0
2025-03-24,2024021128,1,REG,03:46,UTA,pp,none,slap,1451,8482699,D. Guenther,8479343,C. Keller,8483431,L. Cooley,1,0
2025-03-24,2024021128,1,REG,05:08,DET,ev,none,slap,1551,8481725,E. Soderblom,8475765,V. Tarasenko,,,1,1
2025-03-24,2024021128,2,REG,01:34,DET,ev,none,snap,1551,8483464,M. Kasper,8479337,A. DeBrincat,8482762,S. Edvinsson,1,2
2025-03-24,2024021128,3,REG,09:51,DET,ev,none,tip-in,1551,8475766,A. Watson,8482762,S. Edvinsson,,,1,3
2025-03-24,2024021128,3,REG,17:06,DET,ev,empty-net,backhand,1560,8479337,A. DeBrincat,8474141,P. Kane,,,1,4
2025-03-24,2024021128,3,REG,18:32,DET,ev,none,snap,1551,8477353,T. Motte,8475225,C. Smith,,,1,5
2025-03-25,2024021129,1,REG,01:35,OTT,pp,none,wrist,1541,8480801,B. Tkachuk,8480208,D. Batherson,8481528,D. Cozens,0,1
2025-03-25,2024021129,1,REG,18:31,BUF,ev,none,snap,1551,8482097,J. Quinn,8482175,J. Peterka,8480802,R. McLeod,1,1
2025-03-25,2024021129,2,REG,07:39,OTT,pp,none,wrist,1541,8474102,D. Perron,8482092,R. Greig,8473512,C. Giroux,1,2
2025-03-25,2024021129,2,REG,12:59,BUF,ev,none,wrist,1551,8480879,J. Bernard-Docker,8482896,T. Kozak,8481522,P. Krebs,2,2
2025-03-25,2024021129,3,REG,01:23,BUF,ev,none,wrist,1551,8479420,T. Thompson,8484145,Z. Benson,8480839,R. Dahlin,3,2
2025-03-25,2024021130,1,REG,07:59,PHI,ev,none,wrist,1551,8480068,R. Poehling,8481592,J. Pelletier,8479022,R. Abols,0,1
2025-03-25,2024021130,1,REG,10:37,TOR,ev,none,snap,1551,8475166,J. Tavares,8477939,W. Nylander,,,1,1
2025-03-25,2024021130,1,REG,15:11,TOR,pp,none,wrist,1451,8477939,W. Nylander,8482720,M. Knies,8479318,A. Matthews,2,1
2025-03-25,2024021130,2,REG,01:45,TOR,ev,none,snap,1551,8482259,B. McMann,8475166,J. Tavares,8477939,W. Nylander,3,1
2025-03-25,2024021130,2,REG,07:49,TOR,ev,none,wrist,1551,8475166,J. Tavares,8478483,M. Marner,8482720,M. Knies,4,1
2025-03-25,2024021130,2,REG,11:55,TOR,ev,none,wrist,1551,8477939,W. Nylander,8475166,J. Tavares,8482259,B. McMann,5,1
2025-03-25,2024021130,2,REG,15:08,TOR,ev,none,wrist,1551,8480144,D. Kampf,8475714,C. Jarnkrok,8478904,S. Lorentz,6,1
2025-03-25,2024021130,2,REG,18:17,PHI,ev,none,tip-in,1551,8476461,S. Couturier,8482142,J. Drysdale,8484387,M. Michkov,6,2
2025-03-25,2024021130,3,REG,11:32,TOR,ev,none,wrist,1551,8477503,M. Domi,8476931,J. McCabe,,,7,2
2025-03-25,2024021131,1,REG,12:13,TBL,ev,none,wrist,1551,8478519,A. Cirelli,8477426,N. Paul,8474151,R. McDonagh,1,0
2025-03-25,2024021131,1,REG,13:30,TBL,ev,none,snap,1551,8474151,R. McDonagh,8476453,N. Kucherov,8478416,E. Cernak,2,0
2025-03-25,2024021131,1,REG,15:12,TBL,ev,none,snap,1551,8478519,A. Cirelli,8479542,B. Hagel,8482655,J. Moser,3,0
2025-03-25,2024021131,1,REG,16:00,TBL,ev,none,wrist,1551,8478010,B. Point,8477404,J. Guentzel,8476453,N. Kucherov,4,0
2025-03-25,2024021131,2,REG,15:31,TBL,pp,none,snap,1451,8476453,N. Kucherov,8478178,D. Raddysh,8477416,O. Bjorkstrand,5,0
2025-03-25,2024021131,2,REG,19:19,TBL,ev,none,tip-in,1551,8479542,B. Hagel,8480246,N. Perbix,8482929,E. Lilleberg,6,0
2025-03-25,2024021131,3,REG,14:15,PIT,ev,none,tip-in,1551,8475810,B. Rust,8476891,M. Grzelcyk,8471675,S. Crosby,6,1
2025-03-25,2024021132,1,REG,05:14,NSH,pp,none,wrist,1541,8478047,M. Bunting,8479356,K. Bellows,8476869,B. Skjei,0,1
2025-03-25,2024021132,2,REG,04:01,NSH,ev,none,wrist,1551,8482146,L. Evangelista,8476887,F. Forsberg,8481743,M. Del Gaizo,0,2
2025-03-25,2024021132,2,REG,06:02,CAR,pp,none,backhand,1451,8475791,T. Hall,8482093,S. Jarvis,8476906,S. Gostisbehere,1,2
2025-03-25,2024021132,3,REG,12:48,NSH,ev,none,tip-in,1551,8482146,L. Evangelista,8481743,M. Del Gaizo,8475158,R. O'Reilly,1,3
2025-03-25,2024021133,1,REG,18:07,STL,ev,none,wrist,1551,8479385,J. Kyrou,8481598,P. Broberg,8482077,D. Holloway,1,0
2025-03-25,2024021133,1,REG,18:54,MTL,ev,none,tip-in,1551,8480018,N. Suzuki,8483457,L. Hutson,8481540,C. Caufield,1,1
2025-03-25,2024021133,1,REG,19:54,STL,ev,none,tip-in,1551,8482077,D. Holloway,8481598,P. Broberg,8480023,R. Thomas,2,1
2025-03-25,2024021133,2,REG,03:21,STL,ev,none,wrist,1441,8480023,R. Thomas,8481598,P. Broberg,8476889,R. Faksa,3,1
2025-03-25,2024021133,2,REG,09:09,STL,ev,none,wrist,1551,8480074,A. Texier,8475764,C. Fowler,8478472,M. Joseph,4,1
2025-03-25,2024021133,3,REG,10:12,STL,ev,none,wrist,1551,8481598,P. Broberg,8482089,J. Neighbours,8480023,R. Thomas,5,1
2025-03-25,2024021133,3,REG,18:02,STL,pp,none,snap,1451,8482737,Z. Bolduc,8480023,R. Thomas,8475764,C. Fowler,6,1
2025-03-25,2024021134,1,REG,06:23,VGK,ev,none,wrist,1551,8478403,J. Eichel,8475913,M. Stone,8477447,S. Theodore,0,1
2025-03-25,2024021134,2,REG,08:22,VGK,ev,none,wrist,1551,8479353,B. Howden,8478396,N. Hanifin,,,0,2
2025-03-25,2024021134,3,REG,01:42,MIN,ev,none,snap,1551,8475149,M. Johansson,8475692,M. Zuccarello,,,1,2
2025-03-25,2024021134,3,REG,14:57,VGK,pp,none,wrist,1541,8478403,J. Eichel,8478396,N. Hanifin,8476448,W. Karlsson,1,3
2025-03-25,2024021134,3,REG,16:57,VGK,ev,empty-net,wrist,1560,8476871,T. Pearson,,,,,1,4
2025-03-25,2024021134,3,REG,17:28,VGK,ev,none,wrist,1551,8478403,J. Eichel,8475913,M. Stone,8481527,K. Korczak,1,5
2025-03-25,2024021135,1,REG,06:50,WPG,ev,none,slap,1551,8477504,J. Morrissey,8476460,M. Scheifele,8476331,D. DeMelo,1,0
2025-03-25,2024021135,1,REG,19:20,WSH,ev,none,wrist,1551,8478233,A. Mangiapane,8479345,J. Chychrun,,,1,1
2025-03-25,2024021135,2,REG,19:48,WPG,ev,none,wrist,1551,8478891,M. Appleton,8475799,N. Niederreiter,8482149,C. Perfetti,2,1
2025-03-25,2024021135,3,REG,16:00,WSH,ev,none,snap,1551,8471214,A. Ovechkin,8481656,A. Protas,8477845,T. van Riemsdyk,2,2
2025-03-25,2024021135,4,OT,01:28,WPG,ev,none,wrist,1331,8477940,N. Ehlers,8480049,D. Samberg,8476392,A. Lowry,3,2
2025-03-25,2024021136,1,REG,06:00,DET,pp,none,snap,1541,8477456,J. Compher,8479992,M. Rasmussen,8475765,V. Tarasenko,0,1
2025-03-25,2024021136,1,REG,06:44,COL,ev,none,wrist,1551,8480069,C. Makar,8478038,D. Toews,,,1,1
2025-03-25,2024021136,1,REG,12:52,COL,ev,none,backhand,1551,8477501,V. Nichushkin,8477494,J. Drouin,8477492,N. MacKinnon,2,1
2025-03-25,2024021136,2,REG,04:39,COL,pp,none,slap,1451,8478038,D. Toews,8480039,M. Necas,8475754,B. Nelson,3,1
2025-03-25,2024021136,3,REG,08:34,COL,pp,none,snap,1451,8477492,N. MacKinnon,8477494,J. Drouin,8480039,M. Necas,4,1
2025-03-25,2024021136,3,REG,16:53,DET,ev,none,snap,1551,8475766,A. Watson,8477456,J. Compher,8482762,S. Edvinsson,4,2
2025-03-25,2024021136,3,REG,17:56,COL,ev,empty-net,wrist,0651,8481186,L. O'Connor,8478038,D. Toews,,,5,2
2025-03-25,2024021137,1,REG,10:58,CGY,ev,none,wrist,1551,8483609,A. Klapka,8479291,K. Rooney,8482624,D. Miromanov,1,0
2025-03-25,2024021137,2,REG,10:25,SEA,pp,none,wrist,1541,8475768,J. Schwartz,8477955,J. McCann,8477444,A. Burakovsky,1,1
2025-03-25,2024021137,2,REG,18:42,SEA,ev,none,snap,1551,8481789,T. Kartye,8478407,V. Dunn,,,1,2
2025-03-25,2024021137,3,REG,13:42,CGY,pp,none,wrist,1451,8475172,N. Kadri,8476456,J. Huberdeau,8480028,M. Frost,2,2
2025-03-25,2024021137,3,REG,15:49,CGY,ev,none,slap,1551,8478397,R. Andersson,8482679,M. Coronato,8476456,J. Huberdeau,3,2
2025-03-25,2024021137,3,REG,18:30,SEA,ev,none,wrist,0651,8474586,J. Eberle,8482665,M. Beniers,8475768,J. Schwartz,3,3
2025-03-25,2024021137,4,OT,03:58,CGY,ev,none,wrist,1331,8475172,N. Kadri,8482679,M. Coronato,,,4,3
2025-03-25,2024021138,2,REG,02:10,NYR,ev,none,wrist,1551,8476468,J. Miller,8482109,A. Lafrenière,8482073,B. Schneider,0,1
2025-03-25,2024021138,2,REG,10:54,LAK,pp,none,tip-in,1451,8477942,K. Fiala,8483808,A. Kuzmenko,8471685,A. Kopitar,1,1
2025-03-25,2024021138,2,REG,17:48,LAK,pp,none,wrist,1451,8476479,P. Danault,8479675,T. Moore,8477998,W. Foegele,2,1
2025-03-25,2024021138,3,REG,19:45,LAK,ev,empty-net,backhand,0651,8477942,K. Fiala,,,,,3,1
2025-03-26,2024021139,2,REG,02:39,VAN,ev,none,tip-in,1551,8480748,K. Sherwood,8480800,Q. Hughes,8479425,F. Hronek,0,1
2025-03-26,2024021139,2,REG,05:35,NYI,sh,none,wrist,1541,8475231,C. Cizikas,8476419,J. Pageau,,,1,1
2025-03-26,2024021139,2,REG,09:00,NYI,ev,none,wrist,1441,8477950,T. DeAngelo,8475231,C. Cizikas,,,2,1
2025-03-26,2024021139,2,REG,13:59,VAN,ev,none,tip-in,1551,8482691,A. Räty,8477969,M. Pettersson,8480748,K. Sherwood,2,2
2025-03-26,2024021139,2,REG,19:37,VAN,ev,none,wrist,1551,8475762,D. Forbort,8478498,J. DeBrusk,8480459,P. Suter,2,3
2025-03-26,2024021139,3,REG,01:05,VAN,ev,none,wrist,1551,8476927,T. Blueger,8478856,C. Garland,8482055,D. O'Connor,2,4
2025-03-26,2024021139,3,REG,18:08,VAN,ev,empty-net,wrist,1560,8480748,K. Sherwood,8480459,P. Suter,8482055,D. O'Connor,2,5
2025-03-26,2024021140,1,REG,06:23,NJD,ev,none,snap,1551,8479414,N. Bastian,8482684,L. Hughes,8475193,T. Tatar,0,1
2025-03-26,2024021140,1,REG,06:50,NJD,pp,none,wrist,1541,8482110,D. Mercer,8482684,L. Hughes,8480002,N. Hischier,0,2
2025-03-26,2024021140,1,REG,09:06,CHI,pp,none,tip-in,1451,8477479,T. Bertuzzi,8477987,R. Donato,8484783,A. Levshunov,1,2
2025-03-26,2024021140,2,REG,03:14,NJD,sh,none,wrist,1451,8476292,O. Palat,8479407,J. Bratt,,,1,3
2025-03-26,2024021140,2,REG,05:26,CHI,ev,none,wrist,1551,8481624,I. Mikheyev,8476882,T. Teravainen,8473422,N. Foligno,2,3
2025-03-26,2024021140,2,REG,11:01,NJD,pp,none,wrist,1541,8482110,D. Mercer,8482684,L. Hughes,8479407,J. Bratt,2,4
2025-03-26,2024021140,3,REG,17:10,CHI,ev,none,snap,1560,8483493,F. Nazar,8477987,R. Donato,8484783,A. Levshunov,3,4
2025-03-26,2024021140,3,REG,19:47,NJD,ev,empty-net,wrist,1560,8476474,S. Noesen,8480002,N. Hischier,,,3,5
2025-03-26,2024021141,1,REG,14:26,DAL,ev,none,wrist,1551,8482740,W. Johnston,8473994,J. Benn,8481581,T. Harley,0,1
2025-03-26,2024021141,2,REG,05:01,DAL,ev,none,wrist,1551,8480027,J. Robertson,8478449,R. Hintz,8478420,M. Rantanen,0,2
2025-03-26,2024021141,2,REG,10:42,DAL,ev,none,snap,1551,8480027,J. Robertson,8478449,R. Hintz,,,0,3
2025-03-26,2024021141,2,REG,15:30,DAL,pp,none,tip-in,1531,8480027,J. Robertson,8481581,T. Harley,8478449,R. Hintz,0,4
2025-03-26,2024021141,3,REG,09:30,EDM,pp,none,backhand,1451,8470621,C. Perry,8478013,J. Walman,8474641,A. Henrique,1,4
2025-03-26,2024021141,3,REG,13:54,EDM,pp,none,snap,1451,8474641,A. Henrique,8470621,C. Perry,8480803,E. Bouchard,2,4
2025-03-26,2024021141,3,REG,18:35,EDM,ev,none,backhand,1560,8475786,Z. Hyman,8480803,E. Bouchard,8475218,M. Ekholm,3,4
2025-03-26,2024021142,1,REG,17:33,ANA,sh,none,wrist,1541,8484153,L. Carlsson,8473986,A. Killorn,8481563,D. Helleson,1,0
2025-03-26,2024021142,2,REG,13:58,ANA,ev,none,wrist,1551,8481754,N. Nesterenko,,,,,2,0
2025-03-26,2024021142,2,REG,16:20,BOS,pp,none,snap,1531,8477956,D. Pastrnak,8479987,M. Geekie,8477496,E. Lindholm,2,1
2025-03-26,2024021142,2,REG,17:57,ANA,ev,none,wrist,1551,8481605,J. LaCombe,,,,,3,1
2025-03-26,2024021142,2,REG,18:45,ANA,ev,none,wrist,1551,8483445,C. Gauthier,8473986,A. Killorn,,,4,1
2025-03-26,2024021142,3,REG,04:02,ANA,ev,none,snap,1551,8484153,L. Carlsson,8481605,J. LaCombe,,,5,1
2025-03-26,2024021142,3,REG,12:25,ANA,ev,none,wrist,1551,8482745,M. McTavish,,,,,6,1
2025-03-26,2024021142,3,REG,12:46,BOS,ev,none,snap,1551,8479987,M. Geekie,8478401,P. Zacha,,,6,2
2025-03-27,2024021143,1,REG,00:27,BUF,ev,none,wrist,1551,8479420,T. Thompson,8484145,Z. Benson,8480839,R. Dahlin,1,0
2025-03-27,2024021143,1,REG,04:44,BUF,ev,none,tip-in,1551,8481522,P. Krebs,8477949,A. Tuch,8477365,C. Clifton,2,0
2025-03-27,2024021143,1,REG,11:11,PIT,ev,none,snap,1551,8471675,S. Crosby,8476483,R. Rakell,8476891,M. Grzelcyk,2,1
2025-03-27,2024021143,2,REG,03:36,BUF,ev,none,snap,1551,8483468,J.Kulich,8481524,B. Byram,8479420,T. Thompson,3,1
2025-03-27,2024021143,2,REG,05:20,BUF,ev,none,wrist,1551,8480807,M. Samuelsson,8482765,I. Rosen,8480839,R. Dahlin,4,1
2025-03-27,2024021143,2,REG,11:34,BUF,ev,none,snap,1551,8483468,J.Kulich,8481524,B. Byram,8482097,J. Quinn,5,1
2025-03-27,2024021143,2,REG,12:02,BUF,ev,none,backhand,1551,8482896,T. Kozak,8479359,B. Malenstyn,8481522,P. Krebs,6,1
2025-03-27,2024021143,2,REG,19:34,BUF,ev,none,snap,1441,8477949,A. Tuch,8482671,O. Power,8482896,T. Kozak,7,1
2025-03-27,2024021143,3,REG,02:16,PIT,ev,own-goal,,1551,8481481,B. Lizotte,,,,,7,2
2025-03-27,2024021143,3,REG,13:54,PIT,ev,none,wrist,1551,8475763,K. Hayes,8479982,C. Timmins,8477435,R. Graves,7,3
2025-03-27,2024021144,1,REG,05:49,OTT,ev,none,snap,1551,8478469,T. Chabot,8480188,F. Zetterlund,,,0,1
2025-03-27,2024021144,1,REG,13:01,OTT,ev,none,wrist,1551,8482116,T. Stützle,,,,,0,2
2025-03-27,2024021144,2,REG,01:33,OTT,ev,none,snap,1551,8474102,D. Perron,8480208,D. Batherson,,,0,3
2025-03-27,2024021144,3,REG,05:25,DET,pp,none,deflected,1451,8474141,P. Kane,8479337,A. DeBrincat,8482078,L. Raymond,1,3
2025-03-27,2024021144,3,REG,08:44,OTT,ev,none,snap,1551,8478020,M. Amadio,8478146,M. Highmore,,,1,4
2025-03-27,2024021144,3,REG,11:50,DET,ev,none,wrist,1551,8482078,L. Raymond,8483464,M. Kasper,,,2,4
2025-03-27,2024021144,3,REG,15:30,DET,ev,none,wrist,1551,8475765,V. Tarasenko,8477456,J. Compher,8475225,C. Smith,3,4
2025-03-27,2024021145,1,REG,01:30,TBL,ev,none,backhand,1551,8477404,J. Guentzel,8476453,N. Kucherov,8474151,R. McDonagh,1,0
2025-03-27,2024021145,1,REG,04:20,TBL,ev,none,snap,1551,8475167,V. Hedman,8482655,J. Moser,8479542,B. Hagel,2,0
2025-03-27,2024021145,2,REG,05:05,TBL,ev,none,tip-in,1551,8482201,G. Goncalves,8482929,E. Lilleberg,8476826,Y. Gourde,3,0
2025-03-27,2024021145,2,REG,09:14,TBL,ev,none,backhand,1551,8476453,N. Kucherov,8478010,B. Point,8478178,D. Raddysh,4,0
2025-03-27,2024021145,2,REG,17:54,TBL,pp,none,wrist,1451,8477404,J. Guentzel,8476453,N. Kucherov,8475167,V. Hedman,5,0
2025-03-27,2024021145,2,REG,19:36,TBL,ev,none,snap,1551,8477416,O. Bjorkstrand,8476826,Y. Gourde,8474151,R. McDonagh,6,0
2025-03-27,2024021145,3,REG,08:59,TBL,ev,none,bat,1551,8478010,B. Point,8476453,N. Kucherov,8475167,V. Hedman,7,0
2025-03-27,2024021145,3,REG,14:54,TBL,ev,none,snap,1551,8477416,O. Bjorkstrand,8480246,N. Perbix,,,8,0
2025-03-27,2024021146,1,REG,01:55,PHI,ev,none,wrist,1551,8484387,M. Michkov,8478439,T. Konecny,8476461,S. Couturier,1,0
2025-03-27,2024021146,1,REG,07:55,MTL,ev,none,snap,1551,8481618,A. Newhook,8475233,D. Savard,8483457,L. Hutson,1,1
2025-03-27,2024021146,1,REG,10:13,PHI,ev,none,wrist,1551,8475235,N. Deslauriers,8480245,O. Lycksell,8479022,R. Abols,2,1
2025-03-27,2024021146,1,REG,11:15,PHI,ev,none,deflected,1551,8476461,S. Couturier,8484387,M. Michkov,8481592,J. Pelletier,3,1
2025-03-27,2024021146,3,REG,02:15,MTL,ev,none,snap,1551,8481540,C. Caufield,8481593,J. Struble,8483457,L. Hutson,3,2
2025-03-27,2024021146,3,REG,10:09,PHI,ev,none,wrist,1551,8482159,T. Foerster,8476372,N. Seeler,8481553,B. Brink,4,2
2025-03-27,2024021146,3,REG,11:43,PHI,pp,none,wrist,1451,8476461,S. Couturier,,,,,5,2
2025-03-27,2024021146,3,REG,13:34,MTL,ev,none,backhand,1551,8477989,C. Dvorak,8476981,J. Anderson,8475848,B. Gallagher,5,3
2025-03-27,2024021146,3,REG,13:52,PHI,ev,none,wrist,1551,8484387,M. Michkov,,,,,6,3
2025-03-27,2024021146,3,REG,16:47,MTL,ev,none,snap,0651,8479339,P. Laine,8480018,N. Suzuki,8483515,J. Slafkovský,6,4
2025-03-27,2024021148,1,REG,06:00,MIN,ev,none,wrist,1551,8475750,J. Merrill,8476913,D. Shore,,,1,0
2025-03-27,2024021148,1,REG,07:08,WSH,ev,none,wrist,1551,8478911,M. Roy,8479390,T. Raddysh,8474189,L. Eller,1,1
2025-03-27,2024021148,1,REG,08:49,WSH,ev,none,wrist,1551,8479520,B. Duhaime,8475343,N. Dowd,8478463,A. Beauvillier,1,2
2025-03-27,2024021148,2,REG,12:25,MIN,pp,none,tip-in,1451,8477919,F. Gaudreau,8481557,M. Boldy,8475149,M. Johansson,2,2
2025-03-27,2024021148,2,REG,19:51,MIN,ev,none,wrist,1551,8481557,M. Boldy,8482079,M. Rossi,8476994,V. Hinostroza,3,2
2025-03-27,2024021148,3,REG,18:39,MIN,ev,empty-net,wrist,0651,8477919,F. Gaudreau,8474716,J. Spurgeon,,,4,2
2025-03-27,2024021147,1,REG,02:48,NSH,ev,none,wrist,1551,8482768,F. Svechkov,8478047,M. Bunting,8477971,A. Englund,1,0
2025-03-27,2024021147,1,REG,10:16,NSH,pp,none,wrist,1451,8476869,B. Skjei,8482146,L. Evangelista,8479356,K. Bellows,2,0
2025-03-27,2024021147,2,REG,10:35,STL,ev,none,wrist,1551,8482077,D. Holloway,8480023,R. Thomas,,,2,1
2025-03-27,2024021147,3,REG,11:57,STL,ev,none,snap,1551,8475764,C. Fowler,8482089,J. Neighbours,8475170,B. Schenn,2,2
2025-03-27,2024021147,3,REG,12:19,STL,ev,none,wrist,1551,8482077,D. Holloway,8480023,R. Thomas,8475181,N. Leddy,2,3
2025-03-27,2024021150,1,REG,07:09,DAL,ev,none,wrist,1551,8478449,R. Hintz,8478420,M. Rantanen,8480027,J. Robertson,0,1
2025-03-27,2024021150,2,REG,08:12,CGY,ev,none,wrist,1551,8475172,N. Kadri,8481028,M. Pospisil,8482074,C. Zary,1,1
2025-03-27,2024021150,2,REG,12:55,DAL,ev,none,wrist,1551,8482740,W. Johnston,,,,,1,2
2025-03-27,2024021150,2,REG,14:11,DAL,ev,none,snap,1551,8475798,M. Granlund,8478975,M. Marchment,8475168,M. Duchene,1,3
2025-03-27,2024021150,3,REG,00:16,CGY,pp,none,wrist,1451,8475172,N. Kadri,8476456,J. Huberdeau,8480028,M. Frost,2,3
2025-03-27,2024021150,3,REG,13:22,DAL,ev,none,wrist,1551,8478420,M. Rantanen,8478449,R. Hintz,8480027,J. Robertson,2,4
2025-03-27,2024021150,3,REG,18:11,DAL,ev,empty-net,wrist,1560,8475168,M. Duchene,8478975,M. Marchment,8475798,M. Granlund,2,5
2025-03-27,2024021149,2,REG,05:25,COL,ev,none,snap,1551,8481186,L. O'Connor,8480069,C. Makar,8480835,J. Drury,1,0
2025-03-27,2024021149,2,REG,06:57,COL,ev,none,backhand,1551,8480039,M. Necas,8479398,S. Girard,8475754,B. Nelson,2,0
2025-03-27,2024021149,2,REG,15:29,COL,pp,none,slap,1451,8480039,M. Necas,8480069,C. Makar,8477494,J. Drouin,3,0
2025-03-27,2024021149,3,REG,04:56,COL,pp,none,snap,1451,8477494,J. Drouin,8477492,N. MacKinnon,8480039,M. Necas,4,0
2025-03-27,2024021151,2,REG,01:18,SEA,pp,none,tip-in,1451,8475768,J. Schwartz,8477444,A. Burakovsky,8477955,J. McCann,1,0
2025-03-27,2024021151,2,REG,03:24,SEA,ev,none,wrist,1551,8475768,J. Schwartz,,,,,2,0
2025-03-27,2024021151,2,REG,10:50,SEA,ev,none,tip-in,1551,8483497,J. Nyman,8476457,A. Larsson,8478407,V. Dunn,3,0
2025-03-27,2024021151,2,REG,11:06,SEA,ev,none,snap,1551,8482665,M. Beniers,8481554,K. Kakko,8483497,J. Nyman,4,0
2025-03-27,2024021151,2,REG,12:41,SEA,ev,none,wrist,1551,8477444,A. Burakovsky,8482858,R. Evans,,,5,0
2025-03-27,2024021151,3,REG,04:59,EDM,ev,none,wrist,1551,8475786,Z. Hyman,,,,,5,1
2025-03-27,2024021151,3,REG,08:53,SEA,ev,none,bat,1551,8477955,J. McCann,8479591,M. Eyssimont,8476457,A. Larsson,6,1
2025-03-27,2024021152,1,REG,07:50,SJS,ev,none,wrist,1551,8475726,T. Toffoli,8479523,L. Carlsson,8480043,T. Liljegren,1,0
2025-03-27,2024021152,1,REG,14:40,TOR,pp,none,wrist,1541,8477939,W. Nylander,8482720,M. Knies,8475166,J. Tavares,1,1
2025-03-27,2024021152,1,REG,17:45,SJS,sh,none,wrist,1541,8484911,C. Graf,8479983,M. Ferraro,,,2,1
2025-03-27,2024021152,2,REG,01:39,SJS,ev,none,wrist,1551,8477505,A. Wennberg,8475726,T. Toffoli,8480043,T. Liljegren,3,1
2025-03-27,2024021152,2,REG,04:46,TOR,pp,none,wrist,1541,8479318,A. Matthews,8482720,M. Knies,8478483,M. Marner,3,2
2025-03-27,2024021152,2,REG,13:18,SJS,ev,none,deflected,1551,8482667,W. Eklund,,,,,4,2
2025-03-27,2024021152,2,REG,15:13,TOR,ev,none,slap,1551,8476872,S. Laughton,8480144,D. Kampf,8475171,O. Ekman-Larsson,4,3
2025-03-27,2024021152,3,REG,03:02,SJS,pp,none,wrist,1451,8475726,T. Toffoli,8482667,W. Eklund,8484801,M. Celebrini,5,3
2025-03-27,2024021152,3,REG,19:01,TOR,ev,none,tip-in,0651,8475166,J. Tavares,8478483,M. Marner,,,5,4
2025-03-27,2024021152,3,REG,19:46,TOR,ev,none,wrist,0651,8477939,W. Nylander,8478483,M. Marner,8479318,A. Matthews,5,5
2025-03-27,2024021152,5,SO,00:00,SJS,ev,none,wrist,1010,8484801,M. Celebrini,,,,,6,5
2025-03-28,2024021153,2,REG,02:28,FLA,pp,none,wrist,1451,8477935,S. Bennett,8477493,A. Barkov,8482713,M. Samoskevich,1,0
2025-03-28,2024021153,3,REG,01:55,UTA,ev,none,snap,1441,8480434,S. Durzi,8480849,B. Hayton,,,1,1
2025-03-28,2024021153,4,OT,04:18,FLA,ev,none,backhand,1331,8477935,S. Bennett,8473419,B. Marchand,8478055,G. Forsling,2,1
2025-03-28,2024021154,1,REG,00:23,MTL,ev,none,slap,1551,8476981,J. Anderson,8475848,B. Gallagher,8477989,C. Dvorak,0,1
2025-03-28,2024021154,1,REG,00:41,CAR,ev,own-goal,,1551,8482809,J. Blake,,,,,1,1
2025-03-28,2024021154,2,REG,13:46,CAR,pp,none,snap,1451,8475791,T. Hall,8482809,J. Blake,8482093,S. Jarvis,2,1
2025-03-28,2024021154,2,REG,16:10,CAR,ev,none,snap,1551,8478427,S. Aho,8482093,S. Jarvis,8482809,J. Blake,3,1
2025-03-28,2024021154,3,REG,19:00,CAR,ev,empty-net,bat,0651,8480830,A. Svechnikov,8476921,J. Martinook,,,4,1
2025-03-28,2024021155,1,REG,08:51,VAN,pp,none,tip-in,1541,8481024,L. Karlsson,8480748,K. Sherwood,8478856,C. Garland,0,1
2025-03-28,2024021155,1,REG,10:35,VAN,ev,none,wrist,1551,8478444,B. Boeser,8480800,Q. Hughes,8480459,P. Suter,0,2
2025-03-28,2024021155,1,REG,13:26,VAN,pp,none,snap,1541,8478498,J. DeBrusk,8478444,B. Boeser,8480459,P. Suter,0,3
2025-03-28,2024021155,2,REG,00:34,CBJ,ev,none,deflected,1551,8476432,B. Jenner,8483485,D. Mateychuk,8475790,E. Gudbranson,1,3
2025-03-28,2024021155,2,REG,04:54,CBJ,ev,none,wrist,1551,8480893,K. Marchenko,8477497,S. Monahan,8479371,D. Fabbro,2,3
2025-03-28,2024021155,2,REG,08:44,CBJ,ev,none,wrist,1551,8479371,D. Fabbro,8482705,C. Sillinger,8479671,M. Olivier,3,3
2025-03-28,2024021155,2,REG,11:23,VAN,sh,none,tip-in,1451,8474574,T. Myers,8480748,K. Sherwood,8480459,P. Suter,3,4
2025-03-28,2024021155,3,REG,06:42,VAN,ev,none,wrist,1551,8482691,A. Räty,8478057,D. Joshua,8480800,Q. Hughes,3,5
2025-03-28,2024021155,3,REG,07:03,CBJ,ev,none,slap,1551,8483485,D. Mateychuk,8476432,B. Jenner,8484166,A. Fantilli,4,5
2025-03-28,2024021155,3,REG,16:46,CBJ,pp,none,deflected,1451,8476432,B. Jenner,8480893,K. Marchenko,8478460,Z. Werenski,5,5
2025-03-28,2024021155,3,REG,17:08,CBJ,ev,none,wrist,1551,8479671,M. Olivier,8479371,D. Fabbro,8479941,J. Danforth,6,5
2025-03-28,2024021155,3,REG,17:31,VAN,ev,none,snap,1551,8482691,A. Räty,8478057,D. Joshua,8480748,K. Sherwood,6,6
2025-03-28,2024021155,5,SO,00:00,CBJ,ev,none,backhand,1010,8482660,K. Johnson,,,,,7,6
2025-03-28,2024021156,1,REG,00:58,WPG,ev,none,backhand,1551,8480113,A. Iafallo,8478398,K. Connor,8476460,M. Scheifele,1,0
2025-03-28,2024021156,1,REG,01:52,WPG,ev,none,wrist,1551,8481019,D. Gustafsson,8480289,M. Barron,8479293,B. Tanev,2,0
2025-03-28,2024021156,2,REG,15:45,WPG,pp,none,wrist,1451,8480113,A. Iafallo,8477940,N. Ehlers,8477504,J. Morrissey,3,0
2025-03-28,2024021156,2,REG,19:18,WPG,ev,none,wrist,1551,8476460,M. Scheifele,8478398,K. Connor,,,4,0
2025-03-28,2024021157,1,REG,16:15,CHI,ev,none,wrist,1551,8477987,R. Donato,8482807,E. Del Mastro,8481624,I. Mikheyev,1,0
2025-03-28,2024021157,2,REG,06:41,VGK,ev,none,wrist,1551,8475913,M. Stone,8477964,I. Barbashev,8478403,J. Eichel,1,1
2025-03-28,2024021157,2,REG,07:34,VGK,ev,none,snap,1551,8478109,V. Olofsson,8476448,W. Karlsson,8478434,K. Kolesar,1,2
2025-03-28,2024021157,2,REG,16:14,CHI,ev,none,wrist,1560,8477987,R. Donato,8480813,J. Veleno,8482176,W. Kaiser,2,2
2025-03-28,2024021157,2,REG,16:29,CHI,ev,none,slap,1551,8477987,R. Donato,8481624,I. Mikheyev,8484144,C. Bedard,3,2
2025-03-28,2024021157,3,REG,02:06,VGK,ev,none,wrist,1551,8478109,V. Olofsson,8475191,R. Smith,8476448,W. Karlsson,3,3
2025-03-28,2024021157,3,REG,16:49,VGK,pp,none,slap,1541,8481604,P. Dorofeyev,8478396,N. Hanifin,8476448,W. Karlsson,3,4
2025-03-28,2024021157,3,REG,19:16,VGK,ev,empty-net,wrist,1560,8479353,B. Howden,8475913,M. Stone,,,3,5
2025-03-28,2024021158,1,REG,03:20,NYR,ev,none,backhand,1551,8479323,A. Fox,8478550,A. Panarin,8480817,K. Miller,0,1
2025-03-28,2024021158,1,REG,16:55,ANA,sh,none,wrist,1541,8473986,A. Killorn,8484153,L. Carlsson,,,1,1
2025-03-28,2024021158,1,REG,18:48,NYR,ev,none,backhand,1551,8476468,J. Miller,8482157,W. Cuylle,8482109,A. Lafrenière,1,2
2025-03-28,2024021158,2,REG,00:14,NYR,ev,none,snap,1551,8482109,A. Lafrenière,8476468,J. Miller,,,1,3
2025-03-28,2024021158,3,REG,02:22,ANA,ev,none,snap,1551,8484153,L. Carlsson,8482803,O. Zellweger,8481533,T. Zegras,2,3
2025-03-28,2024021158,3,REG,04:35,NYR,pp,none,snap,1541,8476459,M. Zibanejad,8479323,A. Fox,8478550,A. Panarin,2,4
2025-03-28,2024021158,3,REG,14:12,ANA,ev,none,backhand,1551,8483445,C. Gauthier,8484153,L. Carlsson,8481605,J. LaCombe,3,4
2025-03-28,2024021158,3,REG,18:15,ANA,ev,none,snap,1551,8482803,O. Zellweger,8483490,P. Mintyukov,8484153,L. Carlsson,4,4
2025-03-28,2024021158,4,OT,00:59,ANA,ev,none,tip-in,1331,8482745,M. McTavish,8481605,J. LaCombe,8483445,C. Gauthier,5,4
2025-03-29,2024021159,1,REG,05:27,PHI,ev,none,wrist,1551,8484387,M. Michkov,8478439,T. Konecny,8481178,E. Zamula,1,0
2025-03-29,2024021159,1,REG,05:56,PHI,ev,none,wrist,1551,8481592,J. Pelletier,8480015,O. Tippett,8480068,R. Poehling,2,0
2025-03-29,2024021159,1,REG,10:57,BUF,ev,none,snap,1551,8482097,J. Quinn,8482175,J. Peterka,8480802,R. McLeod,2,1
2025-03-29,2024021159,2,REG,01:41,BUF,ev,none,snap,1551,8482175,J. Peterka,8482097,J. Quinn,8481522,P. Krebs,2,2
2025-03-29,2024021159,2,REG,08:13,BUF,pp,none,snap,1541,8482097,J. Quinn,8480802,R. McLeod,8482671,O. Power,2,3
2025-03-29,2024021159,2,REG,10:36,PHI,ev,none,backhand,1551,8484387,M. Michkov,8478439,T. Konecny,,,3,3
2025-03-29,2024021159,2,REG,14:11,PHI,ev,none,wrist,1551,8480220,N. Cates,8482159,T. Foerster,8481553,B. Brink,4,3
2025-03-29,2024021159,3,REG,06:39,PHI,pp,none,tip-in,1451,8480068,R. Poehling,8480015,O. Tippett,8480245,O. Lycksell,5,3
2025-03-29,2024021159,3,REG,10:13,PHI,ev,none,slap,1551,8482159,T. Foerster,8481553,B. Brink,8480220,N. Cates,6,3
2025-03-29,2024021159,3,REG,15:05,BUF,sh,none,snap,1451,8477949,A. Tuch,8480802,R. McLeod,,,6,4
2025-03-29,2024021159,3,REG,15:34,PHI,pp,none,wrist,1451,8480068,R. Poehling,8480220,N. Cates,,,7,4
2025-03-29,2024021160,1,REG,02:02,TBL,ev,none,snap,1551,8476453,N. Kucherov,8475167,V. Hedman,8477404,J. Guentzel,1,0
2025-03-29,2024021160,1,REG,07:31,TBL,ev,none,snap,1551,8480246,N. Perbix,,,,,2,0
2025-03-29,2024021160,1,REG,17:57,TBL,ev,none,wrist,1551,8478010,B. Point,8474151,R. McDonagh,8476453,N. Kucherov,3,0
2025-03-29,2024021160,2,REG,19:43,TBL,ev,none,wrist,1560,8478010,B. Point,8476453,N. Kucherov,8479542,B. Hagel,4,0
2025-03-29,2024021160,3,REG,05:58,NYI,pp,none,slap,1541,8477506,R. Pulock,8475314,A. Lee,8480871,A. Boqvist,4,1
2025-03-29,2024021160,3,REG,07:47,NYI,ev,none,snap,1551,8483553,M. Gatcomb,,,,,4,2
2025-03-29,2024021160,3,REG,08:47,NYI,ev,none,wrist,1551,8477950,T. DeAngelo,8484958,M. Tsyplakov,8476917,A. Pelech,4,3
2025-03-29,2024021160,3,REG,19:46,TBL,ev,empty-net,wrist,0651,8477404,J. Guentzel,8476453,N. Kucherov,8475167,V. Hedman,5,3
2025-03-29,2024021161,1,REG,10:57,STL,pp,none,snap,1541,8482737,Z. Bolduc,8480023,R. Thomas,8476897,O. Sundqvist,0,1
2025-03-29,2024021161,1,REG,12:09,COL,ev,none,snap,1551,8477492,N. MacKinnon,8478038,D. Toews,,,1,1
2025-03-29,2024021161,3,REG,08:54,STL,ev,none,snap,1551,8477402,P. Buchnevich,8470600,R. Suter,8480023,R. Thomas,1,2
2025-03-29,2024021162,1,REG,00:29,NJD,ev,none,wrist,1551,8480002,N. Hischier,8479407,J. Bratt,8476474,S. Noesen,0,1
2025-03-29,2024021162,1,REG,05:46,NJD,ev,none,wrist,1551,8481032,P. Cotter,8475208,B. Dumoulin,8481518,N. Foote,0,2
2025-03-29,2024021162,1,REG,16:31,MIN,ev,none,tip-in,1551,8475220,M. Foligno,8474716,J. Spurgeon,8474679,G. Nyquist,1,2
2025-03-29,2024021162,3,REG,03:13,NJD,ev,none,wrist,1551,8480002,N. Hischier,,,,,1,3
2025-03-29,2024021162,3,REG,05:22,MIN,ev,none,wrist,1551,8477451,R. Hartman,8475220,M. Foligno,8474567,Z. Bogosian,2,3
2025-03-29,2024021162,3,REG,14:50,NJD,pp,none,wrist,1541,8480002,N. Hischier,8482684,L. Hughes,8479407,J. Bratt,2,4
2025-03-29,2024021162,3,REG,16:46,NJD,ev,none,wrist,1551,8475193,T. Tatar,8476292,O. Palat,8475413,J. Dowling,2,5
2025-03-29,2024021163,2,REG,05:53,NSH,pp,none,tip-in,1451,8475158,R. O'Reilly,8483565,N. Blankenburg,8476887,F. Forsberg,1,0
2025-03-29,2024021163,2,REG,08:26,VGK,ev,none,wrist,1551,8478403,J. Eichel,8477447,S. Theodore,8475913,M. Stone,1,1
2025-03-29,2024021163,3,REG,06:25,VGK,pp,none,backhand,1541,8475191,R. Smith,8477964,I. Barbashev,8478109,V. Olofsson,1,2
2025-03-29,2024021163,3,REG,19:15,VGK,ev,empty-net,wrist,1560,8479353,B. Howden,8478403,J. Eichel,8477447,S. Theodore,1,3
2025-03-29,2024021164,1,REG,07:24,OTT,ev,none,tip-in,1551,8482092,R. Greig,8478469,T. Chabot,8481596,S. Pinto,1,0
2025-03-29,2024021164,1,REG,07:55,CBJ,ev,none,wrist,1551,8476432,B. Jenner,8478460,Z. Werenski,8483485,D. Mateychuk,1,1
2025-03-29,2024021164,1,REG,14:08,OTT,ev,none,wrist,1551,8480208,D. Batherson,8481528,D. Cozens,8482245,A. Zub,2,1
2025-03-29,2024021164,2,REG,09:17,OTT,ev,none,deflected,1551,8482105,J. Sanderson,8481596,S. Pinto,8482092,R. Greig,3,1
2025-03-29,2024021164,3,REG,11:02,CBJ,ev,none,wrist,1551,8480893,K. Marchenko,8478460,Z. Werenski,,,3,2
2025-03-29,2024021165,2,REG,01:57,LAK,ev,none,backhand,1551,8482155,A. Laferriere,8476479,P. Danault,,,1,0
2025-03-29,2024021165,3,REG,00:55,TOR,sh,none,snap,1451,8479318,A. Matthews,8476931,J. McCabe,,,1,1
2025-03-29,2024021165,3,REG,12:04,TOR,pp,none,snap,1431,8475166,J. Tavares,8479318,A. Matthews,8476853,M. Rielly,1,2
2025-03-29,2024021165,3,REG,18:35,TOR,ev,empty-net,wrist,1560,8475166,J. Tavares,8478483,M. Marner,,,1,3
2025-03-29,2024021166,1,REG,05:37,DET,ev,none,snap,1551,8483464,M. Kasper,,,,,1,0
2025-03-29,2024021166,2,REG,00:53,DET,pp,none,slap,1451,8482078,L. Raymond,8481542,M. Seider,8474141,P. Kane,2,0
2025-03-29,2024021166,2,REG,02:12,BOS,pp,none,tip-in,1541,8479987,M. Geekie,8477956,D. Pastrnak,8482511,M. Lohrei,2,1
2025-03-29,2024021167,1,REG,04:32,CGY,ev,none,snap,1551,8481068,Y. Sharangovich,8475172,N. Kadri,8481167,B. Pachal,0,1
2025-03-29,2024021167,2,REG,16:20,EDM,ev,none,snap,1551,8478042,V. Arvidsson,8477934,L. Draisaitl,8477498,D. Nurse,1,1
2025-03-29,2024021167,3,REG,07:55,CGY,ev,none,snap,1551,8481167,B. Pachal,8475172,N. Kadri,,,1,2
2025-03-29,2024021167,3,REG,16:48,EDM,ev,none,snap,1551,8477934,L. Draisaitl,8480803,E. Bouchard,8477498,D. Nurse,2,2
2025-03-29,2024021167,4,OT,02:25,EDM,ev,none,snap,1331,8477934,L. Draisaitl,8475784,J. Skinner,,,3,2
2025-03-29,2024021168,1,REG,12:04,NYR,ev,none,wrist,1551,8478550,A. Panarin,8482073,B. Schneider,8480001,U. Vaakanainen,0,1
2025-03-29,2024021168,1,REG,13:58,NYR,ev,none,wrist,1551,8478550,A. Panarin,8478840,W. Borgen,8476389,V. Trocheck,0,2
2025-03-29,2024021168,2,REG,04:48,NYR,ev,none,snap,1551,8479323,A. Fox,8482747,B. Othmann,8476459,M. Zibanejad,0,3
2025-03-29,2024021168,3,REG,03:08,NYR,ev,none,snap,1551,8477380,J. Brodzinski,8475184,C. Kreider,8480001,U. Vaakanainen,0,4
2025-03-29,2024021168,3,REG,05:47,NYR,ev,none,backhand,1441,8479323,A. Fox,8476468,J. Miller,8480817,K. Miller,0,5
2025-03-29,2024021168,3,REG,16:53,NYR,sh,none,snap,1451,8476389,V. Trocheck,8476468,J. Miller,,,0,6
2025-03-29,2024021168,3,REG,17:46,SJS,pp,none,wrist,1451,8483481,C. Lund,8484911,C. Graf,8484227,W. Smith,1,6
2025-03-29,2024021169,1,REG,01:27,SEA,ev,none,bat,1551,8480009,E. Tolvanen,8477955,J. McCann,8477444,A. Burakovsky,1,0
2025-03-29,2024021169,1,REG,11:50,DAL,ev,none,snap,1551,8480027,J. Robertson,8482145,M. Bourque,8479351,S. Steel,1,1
2025-03-29,2024021169,1,REG,18:24,DAL,pp,none,snap,1541,8478449,R. Hintz,8480027,J. Robertson,8478420,M. Rantanen,1,2
2025-03-29,2024021169,3,REG,00:28,DAL,pp,none,wrist,1541,8478975,M. Marchment,8475168,M. Duchene,8475798,M. Granlund,1,3
2025-03-29,2024021169,3,REG,12:56,DAL,ev,none,backhand,1551,8482740,W. Johnston,8478420,M. Rantanen,8483425,L. Bichsel,1,4
2025-03-29,2024021169,3,REG,16:26,DAL,ev,empty-net,backhand,1560,8478420,M. Rantanen,8478449,R. Hintz,,,1,5
2025-03-30,2024021170,1,REG,12:03,MTL,pp,none,slap,1541,8479339,P. Laine,8483457,L. Hutson,8480018,N. Suzuki,0,1
2025-03-30,2024021170,1,REG,13:16,FLA,ev,none,backhand,1551,8477933,S. Reinhart,8477493,A. Barkov,8477409,C. Verhaeghe,1,1
2025-03-30,2024021170,2,REG,11:27,MTL,pp,none,wrist,1541,8483515,J. Slafkovský,8480018,N. Suzuki,8483457,L. Hutson,1,2
2025-03-30,2024021170,2,REG,16:24,FLA,ev,none,slap,1551,8477495,S. Jones,8477493,A. Barkov,8478542,E. Rodrigues,2,2
2025-03-30,2024021170,3,REG,02:02,MTL,ev,none,snap,1551,8480018,N. Suzuki,8483457,L. Hutson,8483515,J. Slafkovský,2,3
2025-03-30,2024021170,3,REG,18:16,MTL,ev,empty-net,wrist,1560,8475848,B. Gallagher,8477989,C. Dvorak,,,2,4
2025-03-30,2024021171,1,REG,10:06,WSH,ev,none,slap,1551,8479345,J. Chychrun,8471214,A. Ovechkin,8478440,D. Strome,1,0
2025-03-30,2024021171,1,REG,12:49,BUF,pp,none,wrist,1541,8479420,T. Thompson,8477949,A. Tuch,8482175,J. Peterka,1,1
2025-03-30,2024021171,2,REG,02:14,BUF,ev,none,snap,1551,8480802,R. McLeod,8482097,J. Quinn,8482671,O. Power,1,2
2025-03-30,2024021171,2,REG,02:46,WSH,ev,none,snap,1551,8479345,J. Chychrun,,,,,2,2
2025-03-30,2024021171,2,REG,05:17,BUF,ev,none,tip-in,1551,8477949,A. Tuch,8477365,C. Clifton,8475722,J. Zucker,2,3
2025-03-30,2024021171,2,REG,11:52,BUF,ev,none,backhand,1551,8478043,S. Lafferty,8477365,C. Clifton,,,2,4
2025-03-30,2024021171,3,REG,00:37,WSH,sh,none,snap,1541,8481656,A. Protas,8476880,T. Wilson,8480796,M. Fehérváry,3,4
2025-03-30,2024021171,3,REG,01:28,BUF,pp,none,snap,1541,8479420,T. Thompson,8475722,J. Zucker,8482175,J. Peterka,3,5
2025-03-30,2024021171,3,REG,05:52,BUF,ev,none,wrist,1551,8482097,J. Quinn,,,,,3,6
2025-03-30,2024021171,3,REG,09:11,WSH,ev,none,tip-in,1551,8471214,A. Ovechkin,8480873,R. Sandin,8477845,T. van Riemsdyk,4,6
2025-03-30,2024021171,3,REG,14:03,WSH,pp,none,tip-in,1451,8479400,P. Dubois,8471214,A. Ovechkin,8478440,D. Strome,5,6
2025-03-30,2024021171,3,REG,15:34,BUF,ev,none,tip-in,1551,8477949,A. Tuch,8480807,M. Samuelsson,,,5,7
2025-03-30,2024021171,3,REG,19:36,BUF,ev,empty-net,wrist,1560,8481522,P. Krebs,8482097,J. Quinn,,,5,8
2025-03-30,2024021172,1,REG,18:55,VAN,ev,none,wrist,1551,8480459,P. Suter,8474574,T. Myers,8478498,J. DeBrusk,0,1
2025-03-30,2024021172,2,REG,09:26,WPG,ev,none,wrist,1551,8478398,K. Connor,8476460,M. Scheifele,8476525,C. Miller,1,1
2025-03-30,2024021172,3,REG,06:24,WPG,ev,none,wrist,1551,8478891,M. Appleton,8476392,A. Lowry,8477940,N. Ehlers,2,1
2025-03-30,2024021172,3,REG,12:11,WPG,ev,none,wrist,1551,8482149,C. Perfetti,8476480,V. Namestnikov,8478398,K. Connor,3,1
2025-03-30,2024021173,2,REG,08:21,UTA,ev,none,wrist,1551,8480084,N. DeSimone,8477021,A. Kerfoot,8478831,K. Stenlund,0,1
2025-03-30,2024021173,2,REG,11:02,CHI,ev,none,wrist,1551,8480813,J. Veleno,8484783,A. Levshunov,8473422,N. Foligno,1,1
2025-03-30,2024021173,2,REG,14:55,CHI,ev,none,wrist,1551,8477987,R. Donato,8484144,C. Bedard,,,2,1
2025-03-30,2024021173,2,REG,16:37,UTA,ev,none,wrist,1551,8479410,M. Sergachev,8478507,J. Marino,8478474,L. Crouse,2,2
2025-03-30,2024021173,2,REG,17:08,UTA,ev,none,wrist,1551,8477021,A. Kerfoot,8479410,M. Sergachev,8478507,J. Marino,2,3
2025-03-30,2024021173,3,REG,10:57,UTA,ev,none,slap,1551,8479977,K. Yamamoto,8477021,A. Kerfoot,,,2,4
2025-03-30,2024021173,3,REG,12:54,UTA,ev,none,wrist,1551,8483431,L. Cooley,8479343,C. Keller,8482699,D. Guenther,2,5
2025-03-30,2024021174,4,OT,01:16,PIT,pp,none,slap,1341,8471675,S. Crosby,8474578,E. Karlsson,8476483,R. Rakell,1,0
2025-03-30,2024021175,1,REG,04:41,CAR,ev,none,wrist,1551,8476873,M. Jankowski,8480762,E. Robinson,8479370,T. Jost,1,0
2025-03-30,2024021175,1,REG,04:54,CAR,ev,none,snap,1551,8482702,L. Stankoven,8476921,J. Martinook,,,2,0
2025-03-30,2024021175,1,REG,06:10,NYI,ev,none,snap,1551,8478115,P. Engvall,8476917,A. Pelech,,,2,1
2025-03-30,2024021175,1,REG,11:27,NYI,pp,none,wrist,1541,8475151,K. Palmieri,8480865,N. Dobson,8477500,B. Horvat,2,2
2025-03-30,2024021175,2,REG,01:37,NYI,ev,none,wrist,1551,8478115,P. Engvall,,,,,2,3
2025-03-30,2024021175,2,REG,08:35,CAR,pp,none,slap,1451,8478427,S. Aho,8476906,S. Gostisbehere,8475791,T. Hall,3,3
2025-03-30,2024021175,2,REG,17:29,CAR,sh,none,snap,1541,8482093,S. Jarvis,8478427,S. Aho,8476958,J. Slavin,4,3
2025-03-30,2024021175,3,REG,04:05,NYI,ev,none,wrist,1551,8475314,A. Lee,8477500,B. Horvat,8475151,K. Palmieri,4,4
2025-03-30,2024021175,3,REG,09:19,CAR,ev,none,slap,1551,8475200,D. Orlov,8480830,A. Svechnikov,8479370,T. Jost,5,4
2025-03-30,2024021175,3,REG,17:14,CAR,ev,none,snap,1551,8482093,S. Jarvis,8478427,S. Aho,,,6,4
2025-03-30,2024021176,1,REG,19:24,TOR,ev,none,backhand,1551,8477503,M. Domi,8475714,C. Jarnkrok,8476872,S. Laughton,0,1
2025-03-30,2024021176,2,REG,06:29,TOR,ev,none,wrist,1551,8478483,M. Marner,,,,,0,2
2025-03-30,2024021176,2,REG,07:50,ANA,ev,none,wrist,1551,8484153,L. Carlsson,8482803,O. Zellweger,8483445,C. Gauthier,1,2
2025-03-30,2024021176,3,REG,02:16,ANA,pp,none,wrist,1451,8482118,S. Colangelo,8481533,T. Zegras,8481605,J. LaCombe,2,2
2025-03-30,2024021176,3,REG,11:35,TOR,ev,none,tip-in,1551,8478904,S. Lorentz,8480144,D. Kampf,8481122,S. Benoit,2,3
2025-03-30,2024021177,1,REG,05:35,LAK,ev,none,slap,1551,8476479,P. Danault,8482124,Q. Byfield,8479675,T. Moore,1,0
2025-03-30,2024021177,1,REG,15:13,LAK,pp,none,snap,1451,8477960,A. Kempe,8471685,A. Kopitar,8474563,D. Doughty,2,0
2025-03-30,2024021177,2,REG,04:52,SJS,ev,none,wrist,1551,8483481,C. Lund,8479983,M. Ferraro,,,2,1
2025-03-30,2024021177,2,REG,06:57,LAK,ev,none,wrist,1551,8479675,T. Moore,8471685,A. Kopitar,8483808,A. Kuzmenko,3,1
2025-03-30,2024021177,2,REG,13:31,LAK,pp,none,deflected,1451,8477998,W. Foegele,8482730,B. Clarke,8482124,Q. Byfield,4,1
2025-03-30,2024021177,2,REG,19:03,LAK,ev,none,tip-in,1551,8477998,W. Foegele,8479998,M. Anderson,8474563,D. Doughty,5,1
2025-03-30,2024021177,2,REG,19:38,LAK,ev,none,slap,1551,8477960,A. Kempe,8478882,V. Gavrikov,8483808,A. Kuzmenko,6,1
2025-03-30,2024021177,3,REG,14:49,LAK,ev,none,wrist,1551,8483808,A. Kuzmenko,8471685,A. Kopitar,8478882,V. Gavrikov,7,1
2025-03-30,2024021177,3,REG,15:22,LAK,ev,none,wrist,1551,8473453,T. Lewis,8479421,J. Moverare,8481606,J. Spence,8,1
2025-03-31,2024021178,1,REG,12:30,NJD,ev,none,wrist,1551,8482684,L. Hughes,8477488,B. Pesce,8475413,J. Dowling,1,0
2025-03-31,2024021178,3,REG,02:57,MIN,ev,none,tip-in,1551,8476994,V. Hinostroza,8478136,J. Middleton,8475750,J. Merrill,1,1
2025-03-31,2024021178,3,REG,09:12,NJD,ev,none,tip-in,1551,8480002,N. Hischier,8476474,S. Noesen,8482684,L. Hughes,2,1
2025-03-31,2024021178,3,REG,17:52,MIN,ev,none,backhand,1551,8481557,M. Boldy,8475220,M. Foligno,,,2,2
2025-03-31,2024021178,5,SO,00:00,NJD,ev,none,wrist,1010,8481032,P. Cotter,,,,,3,2
2025-03-31,2024021179,2,REG,08:50,PHI,ev,none,tip-in,1551,8480068,R. Poehling,8478439,T. Konecny,8484387,M. Michkov,1,0
2025-03-31,2024021179,2,REG,13:14,NSH,ev,none,backhand,1551,8482742,Z. L'Heureux,8477446,M. McCarron,8476869,B. Skjei,1,1
2025-03-31,2024021179,2,REG,13:48,PHI,ev,none,snap,1551,8482142,J. Drysdale,8484387,M. Michkov,8478439,T. Konecny,2,1
2025-03-31,2024021180,1,REG,16:31,COL,ev,none,wrist,1551,8480069,C. Makar,8477492,N. MacKinnon,8478038,D. Toews,1,0
2025-03-31,2024021180,2,REG,07:59,COL,ev,none,wrist,1551,8481186,L. O'Connor,8480448,P. Kelly,,,2,0
2025-03-31,2024021180,3,REG,10:57,CGY,ev,none,poke,1551,8479066,R. Lomberg,8483609,A. Klapka,8477346,M. Weegar,2,1
2025-03-31,2024021180,3,REG,11:29,CGY,ev,none,wrist,1551,8483609,A. Klapka,8479066,R. Lomberg,8479291,K. Rooney,2,2
2025-03-31,2024021180,5,SO,00:00,CGY,ev,none,wrist,0101,8481068,Y. Sharangovich,,,,,2,3
2025-03-31,2024021181,1,REG,01:02,SEA,ev,none,wrist,1551,8481554,K. Kakko,8475768,J. Schwartz,8476457,A. Larsson,1,0
2025-03-31,2024021181,1,REG,02:34,DAL,ev,none,tip-in,1551,8475168,M. Duchene,8478975,M. Marchment,8476856,M. Dumba,1,1
2025-03-31,2024021181,1,REG,03:19,DAL,ev,none,snap,1551,8482740,W. Johnston,8476902,E. Lindell,8480840,O. Bäck,1,2
2025-03-31,2024021181,3,REG,18:53,DAL,ev,empty-net,wrist,1560,8475798,M. Granlund,8476902,E. Lindell,8478975,M. Marchment,1,3
2025-04-01,2024021182,1,REG,13:32,WSH,sh,none,wrist,1451,8475343,N. Dowd,8479520,B. Duhaime,,,0,1
2025-04-01,2024021182,1,REG,15:43,WSH,pp,none,wrist,1541,8471214,A. Ovechkin,8478440,D. Strome,8474590,J. Carlson,0,2
2025-04-01,2024021182,2,REG,06:05,BOS,ev,none,wrist,1551,8479968,V. Lettieri,8482177,M. Khusnutdinov,,,1,2
2025-04-01,2024021182,2,REG,17:12,BOS,pp,none,tip-in,1451,8477956,D. Pastrnak,8479987,M. Geekie,8482511,M. Lohrei,2,2
2025-04-01,2024021182,3,REG,10:37,WSH,ev,none,snap,1551,8478440,D. Strome,8481656,A. Protas,8480796,M. Fehérváry,2,3
2025-04-01,2024021182,3,REG,14:46,WSH,ev,none,deflected,1551,8476880,T. Wilson,8479400,P. Dubois,8471214,A. Ovechkin,2,4
2025-04-01,2024021182,3,REG,15:13,BOS,ev,none,wrist,1551,8477956,D. Pastrnak,8479987,M. Geekie,8478401,P. Zacha,3,4
2025-04-01,2024021183,1,REG,04:43,MTL,ev,none,tip-in,1551,8476981,J. Anderson,8482087,K. Guhle,8483457,L. Hutson,1,0
2025-04-01,2024021183,1,REG,10:37,FLA,ev,none,wrist,1551,8478859,N. Mikkola,8482113,A. Lundell,,,1,1
2025-04-01,2024021183,2,REG,18:47,FLA,pp,none,snap,1541,8482713,M. Samoskevich,8477495,S. Jones,,,1,2
2025-04-01,2024021183,3,REG,19:51,MTL,ev,none,backhand,1560,8480018,N. Suzuki,8483457,L. Hutson,8483515,J. Slafkovský,2,2
2025-04-01,2024021183,4,OT,00:29,MTL,ev,none,wrap-around,1331,8480018,N. Suzuki,8481540,C. Caufield,8483457,L. Hutson,3,2
2025-04-01,2024021184,1,REG,08:38,BUF,ev,none,backhand,1551,8477949,A. Tuch,8480807,M. Samuelsson,8475722,J. Zucker,0,1
2025-04-01,2024021184,1,REG,11:51,BUF,ev,none,slap,1551,8480839,R. Dahlin,8482097,J. Quinn,8480807,M. Samuelsson,0,2
2025-04-01,2024021184,2,REG,12:36,BUF,ev,none,snap,1441,8479420,T. Thompson,8482175,J. Peterka,8480839,R. Dahlin,0,3
2025-04-01,2024021184,2,REG,13:46,OTT,ev,none,wrist,1551,8473512,C. Giroux,8482095,T. Kleven,8476999,L. Ullmark,1,3
2025-04-01,2024021184,3,REG,09:59,BUF,ev,none,snap,1551,8481522,P. Krebs,,,,,1,4
2025-04-01,2024021184,3,REG,10:22,OTT,ev,none,wrist,1551,8482105,J. Sanderson,8478020,M. Amadio,8482245,A. Zub,2,4
2025-04-01,2024021184,3,REG,17:21,BUF,sh,empty-net,wrist,1460,8480802,R. McLeod,8477949,A. Tuch,8477365,C. Clifton,2,5
2025-04-01,2024021185,1,REG,01:15,CBJ,ev,none,snap,1551,8480893,K. Marchenko,8478460,Z. Werenski,,,1,0
2025-04-01,2024021185,1,REG,16:34,CBJ,ev,none,snap,1551,8484166,A. Fantilli,8483485,D. Mateychuk,8482660,K. Johnson,2,0
2025-04-01,2024021185,1,REG,18:10,CBJ,pp,none,slap,1451,8477497,S. Monahan,8482660,K. Johnson,8478460,Z. Werenski,3,0
2025-04-01,2024021185,1,REG,18:34,NSH,ev,none,wrist,1551,8476887,F. Forsberg,8482146,L. Evangelista,8475158,R. O'Reilly,3,1
2025-04-01,2024021185,2,REG,04:12,CBJ,ev,none,snap,1551,8480893,K. Marchenko,8477497,S. Monahan,,,4,1
2025-04-01,2024021185,2,REG,05:43,NSH,ev,none,wrist,1551,8478047,M. Bunting,8482768,F. Svechkov,8482146,L. Evangelista,4,2
2025-04-01,2024021185,2,REG,06:26,NSH,ev,none,slap,1551,8482111,J. Barron,8477944,J. Vrana,,,4,3
2025-04-01,2024021185,2,REG,12:00,CBJ,ev,none,wrist,1551,8484166,A. Fantilli,8476432,B. Jenner,,,5,3
2025-04-01,2024021185,2,REG,16:47,CBJ,pp,none,wrist,1451,8477497,S. Monahan,8480893,K. Marchenko,8476432,B. Jenner,6,3
2025-04-01,2024021185,2,REG,19:41,CBJ,ev,none,wrist,1551,8479371,D. Fabbro,8484166,A. Fantilli,8482660,K. Johnson,7,3
2025-04-01,2024021185,3,REG,05:23,CBJ,ev,none,slap,1551,8480893,K. Marchenko,8477497,S. Monahan,8479371,D. Fabbro,8,3
2025-04-01,2024021185,3,REG,09:02,NSH,ev,none,slap,1551,8477851,J. Oesterle,8482062,C. Smith,8477446,M. McCarron,8,4
2025-04-01,2024021186,1,REG,08:46,TBL,ev,none,tip-in,1551,8477416,O. Bjorkstrand,8478178,D. Raddysh,8478010,B. Point,0,1
2025-04-01,2024021186,1,REG,10:57,NYI,sh,none,snap,1541,8477500,B. Horvat,8477506,R. Pulock,,,1,1
2025-04-01,2024021186,2,REG,08:09,TBL,ev,none,wrist,1551,8477404,J. Guentzel,8476453,N. Kucherov,8478010,B. Point,1,2
2025-04-01,2024021186,2,REG,10:41,TBL,ev,none,snap,1551,8475167,V. Hedman,8476453,N. Kucherov,8477404,J. Guentzel,1,3
2025-04-01,2024021186,3,REG,16:29,TBL,ev,empty-net,wrist,1560,8477426,N. Paul,8478519,A. Cirelli,8478416,E. Cernak,1,4
2025-04-01,2024021187,3,REG,05:13,DET,ev,none,wrist,1551,8477456,J. Compher,8481013,J. Berggren,8475765,V. Tarasenko,0,1
2025-04-01,2024021187,3,REG,19:31,STL,ev,none,snap,1560,8479385,J. Kyrou,8475764,C. Fowler,8482077,D. Holloway,1,1
2025-04-01,2024021187,4,OT,03:27,STL,ev,none,backhand,1331,8475764,C. Fowler,8480023,R. Thomas,,,2,1
2025-04-01,2024021188,1,REG,17:46,UTA,ev,none,snap,1551,8478831,K. Stenlund,8477021,A. Kerfoot,8474013,I. Cole,1,0
2025-04-01,2024021188,2,REG,02:25,UTA,ev,none,backhand,1551,8480849,B. Hayton,8480434,S. Durzi,8477951,N. Schmaltz,2,0
2025-04-01,2024021188,2,REG,13:00,CGY,ev,none,slap,1551,8478397,R. Andersson,,,,,2,1
2025-04-01,2024021188,3,REG,19:42,UTA,ev,empty-net,snap,0651,8479343,C. Keller,8482699,D. Guenther,8483431,L. Cooley,3,1
2025-04-01,2024021189,1,REG,04:34,VGK,ev,none,snap,1551,8478462,N. Roy,8481604,P. Dorofeyev,,,1,0
2025-04-01,2024021189,2,REG,00:19,EDM,ev,none,slap,1551,8478013,J. Walman,8481617,V. Podkolzin,8480803,E. Bouchard,1,1
2025-04-01,2024021189,2,REG,16:03,EDM,pp,none,snap,1531,8477934,L. Draisaitl,8476454,R. Nugent-Hopkins,8480803,E. Bouchard,1,2
2025-04-01,2024021189,2,REG,18:20,EDM,ev,none,poke,1551,8478042,V. Arvidsson,8477953,K. Kapanen,8474641,A. Henrique,1,3
2025-04-01,2024021189,3,REG,02:35,VGK,ev,none,wrist,1551,8481604,P. Dorofeyev,8481527,K. Korczak,,,2,3
2025-04-01,2024021190,1,REG,02:04,ANA,ev,none,tip-in,1551,8481533,T. Zegras,8482118,S. Colangelo,8482745,M. McTavish,1,0
2025-04-01,2024021190,1,REG,05:28,SJS,ev,none,snap,1551,8482166,S. Mukhamadullin,8479983,M. Ferraro,8480848,T. Dellandrea,1,1
2025-04-01,2024021190,1,REG,08:13,ANA,pp,none,wrist,1451,8481605,J. LaCombe,8481533,T. Zegras,8482745,M. McTavish,2,1
2025-04-01,2024021190,1,REG,19:01,ANA,ev,none,tip-in,1551,8482118,S. Colangelo,8482745,M. McTavish,8475462,R. Gudas,3,1
2025-04-01,2024021190,3,REG,04:08,SJS,ev,none,snap,1551,8471709,M. Vlasic,8482144,J. Thompson,,,3,2
2025-04-01,2024021190,3,REG,16:46,SJS,ev,none,slap,1551,8477505,A. Wennberg,8482667,W. Eklund,,,3,3
2025-04-01,2024021190,5,SO,00:00,ANA,ev,none,wrist,1010,8482745,M. McTavish,,,,,4,3
2025-04-01,2024021191,1,REG,08:28,LAK,ev,none,tip-in,1551,8479675,T. Moore,8476441,J. Edmundson,,,1,0
2025-04-01,2024021191,1,REG,09:50,LAK,ev,none,snap,1551,8471685,A. Kopitar,8483808,A. Kuzmenko,8477960,A. Kempe,2,0
2025-04-01,2024021191,2,REG,11:40,WPG,ev,none,snap,1551,8482149,C. Perfetti,8480289,M. Barron,,,2,1
2025-04-01,2024021191,2,REG,16:07,LAK,ev,none,wrist,1551,8483808,A. Kuzmenko,,,,,3,1
2025-04-01,2024021191,3,REG,19:05,LAK,ev,empty-net,wrist,0651,8477960,A. Kempe,8471685,A. Kopitar,8477998,W. Foegele,4,1
2025-04-02,2024021192,1,REG,09:00,MIN,pp,none,tip-in,1541,8474679,G. Nyquist,8475149,M. Johansson,8475692,M. Zuccarello,0,1
2025-04-02,2024021192,1,REG,12:45,NYR,ev,none,snap,1551,8482073,B. Schneider,8480001,U. Vaakanainen,8478550,A. Panarin,1,1
2025-04-02,2024021192,1,REG,15:00,MIN,ev,none,wrist,1551,8482122,B. Faber,8475149,M. Johansson,8477919,F. Gaudreau,1,2
2025-04-02,2024021192,2,REG,02:51,NYR,ev,none,snap,1551,8480817,K. Miller,8476468,J. Miller,8478840,W. Borgen,2,2
2025-04-02,2024021192,2,REG,07:21,NYR,ev,none,backhand,1551,8475184,C. Kreider,,,,,3,2
2025-04-02,2024021192,2,REG,09:50,MIN,sh,none,wrist,1451,8475149,M. Johansson,8474679,G. Nyquist,8482122,B. Faber,3,3
2025-04-02,2024021192,2,REG,18:56,NYR,ev,none,wrist,1551,8478550,A. Panarin,,,,,4,3
2025-04-02,2024021192,3,REG,00:22,MIN,ev,none,snap,1551,8482079,M. Rossi,8481557,M. Boldy,,,4,4
2025-04-02,2024021192,4,OT,00:24,NYR,ev,none,tip-in,1331,8476389,V. Trocheck,8478550,A. Panarin,8480817,K. Miller,5,4
2025-04-02,2024021193,1,REG,06:14,CAR,ev,none,snap,1551,8480336,S. Walker,,,,,1,0
2025-04-02,2024021193,1,REG,10:11,CAR,pp,none,wrist,1451,8482809,J. Blake,8475791,T. Hall,8476906,S. Gostisbehere,2,0
2025-04-02,2024021193,1,REG,13:21,CAR,pp,none,slap,1451,8482093,S. Jarvis,8476906,S. Gostisbehere,8478427,S. Aho,3,0
2025-04-02,2024021193,2,REG,09:27,CAR,ev,none,wrist,1551,8482702,L. Stankoven,8478458,J. Roslovic,,,4,0
2025-04-02,2024021193,2,REG,19:25,WSH,pp,none,slap,1531,8471214,A. Ovechkin,8479345,J. Chychrun,8478440,D. Strome,4,1
2025-04-02,2024021193,3,REG,06:55,CAR,pp,none,backhand,1451,8482809,J. Blake,8482093,S. Jarvis,,,5,1
2025-04-02,2024021194,2,REG,01:03,FLA,ev,none,slap,1551,8478055,G. Forsling,8477933,S. Reinhart,8477935,S. Bennett,0,1
2025-04-02,2024021194,2,REG,11:31,TOR,ev,none,tip-in,1551,8475166,J. Tavares,8477939,W. Nylander,,,1,1
2025-04-02,2024021194,3,REG,10:50,TOR,ev,none,snap,1551,8478483,M. Marner,8479318,A. Matthews,8482720,M. Knies,2,1
2025-04-02,2024021194,3,REG,15:09,TOR,ev,none,backhand,1551,8482720,M. Knies,8478483,M. Marner,8476931,J. McCabe,3,1
2025-04-02,2024021194,3,REG,17:22,FLA,pp,none,wrist,1541,8477933,S. Reinhart,8482713,M. Samoskevich,8477495,S. Jones,3,2
2025-04-02,2024021195,1,REG,14:39,CHI,sh,none,snap,1541,8481624,I. Mikheyev,8483493,F. Nazar,8476473,C. Murphy,1,0
2025-04-02,2024021195,2,REG,08:17,CHI,ev,none,slap,1551,8476473,C. Murphy,8484144,C. Bedard,8482807,E. Del Mastro,2,0
2025-04-02,2024021195,3,REG,09:17,COL,ev,none,wrist,1551,8480069,C. Makar,8477492,N. MacKinnon,8477501,V. Nichushkin,2,1
2025-04-02,2024021195,3,REG,19:49,COL,ev,none,tip-in,0651,8480039,M. Necas,8475754,B. Nelson,8480069,C. Makar,2,2
2025-04-02,2024021195,5,SO,00:00,COL,ev,none,wrist,0101,8477476,A. Lehkonen,,,,,2,3
2025-04-02,2024021196,1,REG,16:42,SEA,ev,none,wrist,1551,8479591,M. Eyssimont,,,,,0,1
2025-04-02,2024021196,2,REG,09:49,SEA,ev,none,wrist,1551,8476905,C. Stephenson,8477444,A. Burakovsky,8477955,J. McCann,0,2
2025-04-02,2024021196,2,REG,16:00,SEA,ev,none,wrist,1551,8483524,S. Wright,8477955,J. McCann,8478407,V. Dunn,0,3
2025-04-02,2024021196,3,REG,08:55,SEA,ev,none,wrist,1551,8477444,A. Burakovsky,8477955,J. McCann,,,0,4
2025-04-02,2024021196,3,REG,16:24,SEA,ev,empty-net,wrist,1560,8476457,A. Larsson,8481789,T. Kartye,8478407,V. Dunn,0,5
2025-04-03,2024021197,2,REG,00:40,MTL,ev,none,snap,1551,8477989,C. Dvorak,8475848,B. Gallagher,,,1,0
2025-04-03,2024021197,2,REG,14:24,MTL,ev,none,snap,1551,8481540,C. Caufield,8480018,N. Suzuki,8483515,J. Slafkovský,2,0
2025-04-03,2024021197,3,REG,03:00,MTL,ev,none,snap,1551,8475848,B. Gallagher,8478133,J. Evans,,,3,0
2025-04-03,2024021197,3,REG,13:19,BOS,ev,none,snap,1551,8477496,E. Lindholm,8477956,D. Pastrnak,8479987,M. Geekie,3,1
2025-04-03,2024021197,3,REG,18:03,MTL,ev,empty-net,snap,0651,8480018,N. Suzuki,8478133,J. Evans,8476469,J. Armia,4,1
2025-04-03,2024021198,1,REG,13:45,OTT,ev,none,snap,1551,8481596,S. Pinto,8482092,R. Greig,,,1,0
2025-04-03,2024021198,2,REG,05:17,OTT,pp,none,slap,1451,8482105,J. Sanderson,8482116,T. Stützle,8482092,R. Greig,2,0
2025-04-03,2024021198,2,REG,07:00,TBL,ev,none,wrist,1551,8479542,B. Hagel,8476826,Y. Gourde,8474151,R. McDonagh,2,1
2025-04-03,2024021199,1,REG,03:25,COL,ev,none,wrist,1551,8477492,N. MacKinnon,8477476,A. Lehkonen,8478038,D. Toews,0,1
2025-04-03,2024021199,1,REG,06:35,CBJ,ev,none,backhand,1551,8477497,S. Monahan,8479371,D. Fabbro,8481716,D. Voronkov,1,1
2025-04-03,2024021199,1,REG,18:05,COL,ev,none,snap,1551,8475754,B. Nelson,8480069,C. Makar,8478038,D. Toews,1,2
2025-04-03,2024021199,2,REG,04:16,CBJ,ev,none,snap,1551,8479944,Z. Aston-Reese,,,,,2,2
2025-04-03,2024021199,2,REG,07:56,CBJ,ev,none,snap,1551,8476432,B. Jenner,8471677,J. Johnson,8482660,K. Johnson,3,2
2025-04-03,2024021199,2,REG,12:39,COL,ev,none,snap,1551,8475745,C. Coyle,8477425,M. Wood,8473446,E. Johnson,3,3
2025-04-03,2024021199,2,REG,14:02,COL,ev,none,snap,1551,8480448,P. Kelly,8480835,J. Drury,,,3,4
2025-04-03,2024021199,2,REG,19:22,COL,pp,none,snap,1541,8480069,C. Makar,8477492,N. MacKinnon,8475745,C. Coyle,3,5
2025-04-03,2024021199,3,REG,04:01,COL,ev,none,snap,1551,8478038,D. Toews,8480069,C. Makar,8477492,N. MacKinnon,3,6
2025-04-03,2024021199,3,REG,05:49,COL,ev,none,snap,1551,8477425,M. Wood,8475745,C. Coyle,,,3,7
2025-04-03,2024021200,1,REG,03:32,PIT,ev,none,wrist,1551,8475810,B. Rust,8483487,R. McGroarty,,,0,1
2025-04-03,2024021200,2,REG,00:39,STL,ev,none,snap,1551,8482089,J. Neighbours,8480023,R. Thomas,8481598,P. Broberg,1,1
2025-04-03,2024021200,2,REG,04:22,PIT,ev,none,wrist,1551,8480980,C. Dewar,8476483,R. Rakell,8475810,B. Rust,1,2
2025-04-03,2024021200,2,REG,06:48,STL,ev,none,backhand,1551,8477402,P. Buchnevich,8477573,N. Walker,,,2,2
2025-04-03,2024021200,2,REG,08:05,STL,ev,none,snap,1551,8479385,J. Kyrou,8475764,C. Fowler,,,3,2
2025-04-03,2024021200,3,REG,05:56,STL,ev,none,snap,1551,8482089,J. Neighbours,8483516,J. Snuggerud,8476897,O. Sundqvist,4,2
2025-04-03,2024021200,3,REG,11:15,PIT,pp,none,snap,1541,8476483,R. Rakell,8471675,S. Crosby,8476891,M. Grzelcyk,4,3
2025-04-03,2024021200,3,REG,19:35,PIT,ev,none,wrist,0651,8483487,R. McGroarty,8482758,V. Koivunen,8474578,E. Karlsson,4,4
2025-04-03,2024021200,4,OT,02:12,STL,pp,none,snap,1341,8480023,R. Thomas,8479385,J. Kyrou,,,5,4
2025-04-03,2024021201,2,REG,04:37,NSH,ev,none,snap,1551,8474564,S. Stamkos,8476887,F. Forsberg,8483565,N. Blankenburg,0,1
2025-04-03,2024021201,2,REG,19:24,DAL,ev,none,tip-in,1551,8475798,M. Granlund,8475168,M. Duchene,8478975,M. Marchment,1,1
2025-04-03,2024021201,3,REG,00:39,DAL,ev,none,snap,1551,8478975,M. Marchment,8475168,M. Duchene,,,2,1
2025-04-03,2024021201,3,REG,05:47,DAL,ev,none,tip-in,1551,8478449,R. Hintz,8480027,J. Robertson,8478420,M. Rantanen,3,1
2025-04-03,2024021201,3,REG,09:45,DAL,ev,none,wrist,1551,8482740,W. Johnston,8482145,M. Bourque,,,4,1
2025-04-03,2024021201,3,REG,12:42,DAL,ev,none,snap,1551,8483425,L. Bichsel,8478420,M. Rantanen,8480027,J. Robertson,5,1
2025-04-03,2024021202,2,REG,06:56,LAK,ev,none,deflected,1551,8477960,A. Kempe,8483808,A. Kuzmenko,8474563,D. Doughty,0,1
2025-04-03,2024021202,2,REG,12:21,UTA,ev,none,snap,1551,8478474,L. Crouse,8482659,J. Doan,8480855,J. McBain,1,1
2025-04-03,2024021202,3,REG,04:06,LAK,ev,none,snap,1441,8477942,K. Fiala,,,,,1,2
2025-04-03,2024021202,3,REG,04:50,LAK,ev,none,backhand,1441,8479675,T. Moore,8476479,P. Danault,,,1,3
2025-04-03,2024021202,3,REG,18:10,LAK,ev,empty-net,wrist,1560,8474563,D. Doughty,8482124,Q. Byfield,,,1,4
2025-04-03,2024021202,3,REG,19:40,UTA,pp,none,backhand,1451,8480855,J. McBain,8479977,K. Yamamoto,8480434,S. Durzi,2,4
2025-04-03,2024021203,1,REG,00:16,CGY,ev,none,wrist,1551,8475172,N. Kadri,8481068,Y. Sharangovich,8477346,M. Weegar,1,0
2025-04-03,2024021203,1,REG,08:01,ANA,ev,none,wrist,1551,8482803,O. Zellweger,8476458,R. Strome,8478873,T. Terry,1,1
2025-04-03,2024021203,2,REG,10:25,CGY,sh,none,snap,1541,8476399,B. Coleman,,,,,2,1
2025-04-03,2024021203,2,REG,15:19,CGY,ev,none,wrist,1551,8479291,K. Rooney,8483609,A. Klapka,8479066,R. Lomberg,3,1
2025-04-03,2024021203,3,REG,01:17,CGY,pp,none,wrist,1451,8476399,B. Coleman,8481068,Y. Sharangovich,8478397,R. Andersson,4,1
2025-04-03,2024021204,1,REG,13:01,WPG,ev,none,snap,1551,8476460,M. Scheifele,8480113,A. Iafallo,8474568,L. Schenn,0,1
2025-04-03,2024021204,1,REG,18:15,WPG,ev,none,wrist,1551,8476392,A. Lowry,8475799,N. Niederreiter,8479378,L. Stanley,0,2
2025-04-03,2024021204,2,REG,11:53,WPG,pp,none,slap,1541,8476525,C. Miller,8478891,M. Appleton,8475799,N. Niederreiter,0,3
2025-04-03,2024021204,3,REG,19:08,WPG,ev,empty-net,backhand,1560,8482149,C. Perfetti,8478398,K. Connor,,,0,4
2025-04-03,2024021205,1,REG,06:22,EDM,ev,none,wrist,1551,8477015,C. Brown,8475784,J. Skinner,8478013,J. Walman,0,1
2025-04-03,2024021205,1,REG,08:10,SJS,ev,none,wrist,1551,8482144,J. Thompson,8477505,A. Wennberg,8479983,M. Ferraro,1,1
2025-04-03,2024021205,2,REG,02:59,EDM,pp,none,slap,1541,8478042,V. Arvidsson,8477934,L. Draisaitl,8480803,E. Bouchard,1,2
2025-04-03,2024021205,2,REG,08:48,SJS,ev,none,snap,1551,8475726,T. Toffoli,8479983,M. Ferraro,8484801,M. Celebrini,2,2
2025-04-03,2024021205,2,REG,14:57,EDM,ev,none,tip-in,1551,8475784,J. Skinner,8480803,E. Bouchard,8477406,M. Janmark,2,3
2025-04-04,2024021206,1,REG,09:03,DET,ev,none,slap,1551,8475279,B. Chiarot,8479337,A. DeBrincat,8477946,D. Larkin,1,0
2025-04-04,2024021206,1,REG,09:29,DET,ev,none,backhand,1551,8483464,M. Kasper,8481725,E. Soderblom,8482078,L. Raymond,2,0
2025-04-04,2024021206,2,REG,01:57,CAR,ev,none,snap,1551,8482809,J. Blake,8482093,S. Jarvis,,,2,1
2025-04-04,2024021206,2,REG,09:05,DET,ev,none,snap,1551,8474141,P. Kane,,,,,3,1
2025-04-04,2024021206,2,REG,09:26,DET,ev,none,backhand,1551,8479992,M. Rasmussen,8477353,T. Motte,,,4,1
2025-04-04,2024021206,2,REG,12:36,CAR,ev,none,tip-in,1551,8480762,E. Robinson,8482785,J. Robidas,8476958,J. Slavin,4,2
2025-04-04,2024021206,3,REG,12:44,CAR,ev,none,tip-in,1551,8470613,B. Burns,8478458,J. Roslovic,8476958,J. Slavin,4,3
2025-04-04,2024021206,3,REG,19:59,DET,ev,empty-net,wrist,0651,8479337,A. DeBrincat,8477946,D. Larkin,,,5,3
2025-04-04,2024021207,1,REG,03:52,WSH,ev,none,snap,1551,8471214,A. Ovechkin,8478440,D. Strome,8474590,J. Carlson,1,0
2025-04-04,2024021207,1,REG,13:55,CHI,ev,none,snap,1551,8477479,T. Bertuzzi,8482172,L. Slaggert,8483493,F. Nazar,1,1
2025-04-04,2024021207,2,REG,00:31,CHI,ev,none,snap,1551,8483493,F. Nazar,8484197,O. Moore,8474034,P. Maroon,1,2
2025-04-04,2024021207,2,REG,07:09,WSH,ev,none,wrist,1551,8480796,M. Fehérváry,8481580,C. McMichael,8474590,J. Carlson,2,2
2025-04-04,2024021207,2,REG,07:19,CHI,ev,none,wrist,1551,8480798,P. Kurashev,8482172,L. Slaggert,8484197,O. Moore,2,3
2025-04-04,2024021207,3,REG,03:46,WSH,pp,own-goal,,1451,8478440,D. Strome,,,,,3,3
2025-04-04,2024021207,3,REG,06:13,WSH,pp,none,snap,1451,8471214,A. Ovechkin,8474590,J. Carlson,8478233,A. Mangiapane,4,3
2025-04-04,2024021207,3,REG,18:24,WSH,ev,empty-net,backhand,0651,8484186,R. Leonard,,,,,5,3
2025-04-04,2024021208,2,REG,01:42,MIN,ev,none,wrist,1551,8475692,M. Zuccarello,8475149,M. Johansson,,,0,1
2025-04-04,2024021208,2,REG,02:18,NYI,ev,none,tip-in,1551,8475231,C. Cizikas,8480865,N. Dobson,8478115,P. Engvall,1,1
2025-04-04,2024021208,2,REG,04:02,NYI,ev,none,backhand,1551,8481601,S. Holmstrom,8484958,M. Tsyplakov,8477506,R. Pulock,2,1
2025-04-04,2024021208,3,REG,03:36,NYI,pp,none,slap,1451,8480865,N. Dobson,8477950,T. DeAngelo,,,3,1
2025-04-05,2024021209,2,REG,10:56,NJD,pp,none,slap,1451,8478414,T. Meier,8482684,L. Hughes,8480002,N. Hischier,1,0
2025-04-05,2024021209,2,REG,12:23,NJD,sh,none,snap,1541,8479407,J. Bratt,8480002,N. Hischier,8475455,B. Dillon,2,0
2025-04-05,2024021209,3,REG,14:59,NJD,ev,none,snap,1551,8478414,T. Meier,8483429,S. Casey,8482110,D. Mercer,3,0
2025-04-05,2024021209,3,REG,16:12,NJD,ev,empty-net,snap,0651,8480002,N. Hischier,8479407,J. Bratt,,,4,0
2025-04-05,2024021210,1,REG,11:21,OTT,ev,none,snap,1551,8482105,J. Sanderson,8481596,S. Pinto,,,1,0
2025-04-05,2024021210,1,REG,14:17,OTT,pp,none,tip-in,1451,8480208,D. Batherson,8481528,D. Cozens,8482105,J. Sanderson,2,0
2025-04-05,2024021210,3,REG,17:40,OTT,ev,empty-net,snap,0651,8478146,M. Highmore,8478469,T. Chabot,,,3,0
2025-04-05,2024021211,1,REG,04:16,PIT,pp,none,snap,1541,8471675,S. Crosby,8471215,E. Malkin,8471724,K. Letang,0,1
2025-04-05,2024021211,1,REG,10:43,DAL,ev,none,snap,1551,8474149,E. Dadonov,8480840,O. Bäck,8483425,L. Bichsel,1,1
2025-04-05,2024021211,2,REG,12:36,DAL,pp,none,snap,1451,8474149,E. Dadonov,8475168,M. Duchene,8476856,M. Dumba,2,1
2025-04-05,2024021211,3,REG,00:20,PIT,ev,none,snap,1551,8471675,S. Crosby,8483487,R. McGroarty,,,2,2
2025-04-05,2024021211,3,REG,03:11,DAL,ev,none,backhand,1551,8474149,E. Dadonov,8481581,T. Harley,8480950,I. Lyubushkin,3,2
2025-04-05,2024021211,3,REG,08:49,PIT,ev,none,backhand,1551,8475810,B. Rust,8471675,S. Crosby,,,3,3
2025-04-05,2024021211,3,REG,18:17,PIT,ev,none,snap,1551,8481481,B. Lizotte,8478046,D. Heinen,,,3,4
2025-04-05,2024021211,3,REG,18:45,PIT,ev,empty-net,wrist,1560,8471675,S. Crosby,8479982,C. Timmins,,,3,5
2025-04-05,2024021212,1,REG,01:21,ANA,ev,none,wrist,1551,8478873,T. Terry,8483490,P. Mintyukov,8478366,F. Vatrano,0,1
2025-04-05,2024021212,1,REG,09:40,VAN,ev,none,snap,1551,8483678,E. Pettersson,8481024,L. Karlsson,8475762,D. Forbort,1,1
2025-04-05,2024021212,1,REG,10:46,VAN,ev,none,wrist,1551,8479425,F. Hronek,8476927,T. Blueger,,,2,1
2025-04-05,2024021212,1,REG,11:32,VAN,pp,none,tip-in,1451,8478444,B. Boeser,8480800,Q. Hughes,8483476,J. Lekkerimäki,3,1
2025-04-05,2024021212,1,REG,13:25,VAN,pp,none,backhand,1451,8478856,C. Garland,8480800,Q. Hughes,8478444,B. Boeser,4,1
2025-04-05,2024021212,1,REG,14:10,VAN,ev,none,wrist,1551,8478057,D. Joshua,8480748,K. Sherwood,8477969,M. Pettersson,5,1
2025-04-05,2024021212,2,REG,02:49,ANA,ev,none,wrist,1551,8481533,T. Zegras,8475462,R. Gudas,8482745,M. McTavish,5,2
2025-04-05,2024021212,3,REG,05:33,VAN,ev,none,wrist,1551,8484136,M. Sasson,,,,,6,2
2025-04-05,2024021213,2,REG,09:20,LAK,ev,none,backhand,1551,8477942,K. Fiala,8482155,A. Laferriere,8481606,J. Spence,1,0
2025-04-05,2024021213,2,REG,16:08,LAK,ev,none,snap,1551,8483808,A. Kuzmenko,8477960,A. Kempe,8474563,D. Doughty,2,0
2025-04-05,2024021213,3,REG,17:03,LAK,ev,empty-net,wrist,0651,8473453,T. Lewis,,,,,3,0
2025-04-05,2024021214,1,REG,18:49,BOS,ev,none,snap,1551,8479987,M. Geekie,8477956,D. Pastrnak,8477507,N. Zadorov,1,0
2025-04-05,2024021214,1,REG,19:47,BOS,ev,none,wrist,1551,8477496,E. Lindholm,8477956,D. Pastrnak,8479987,M. Geekie,2,0
2025-04-05,2024021214,2,REG,10:14,BOS,ev,none,wrist,1551,8477956,D. Pastrnak,8477496,E. Lindholm,8479987,M. Geekie,3,0
2025-04-05,2024021214,3,REG,01:28,BOS,ev,none,bat,1551,8477956,D. Pastrnak,8479987,M. Geekie,8477496,E. Lindholm,4,0
2025-04-05,2024021214,3,REG,15:18,BOS,ev,none,wrist,1551,8477956,D. Pastrnak,8479987,M. Geekie,8482511,M. Lohrei,5,0
2025-04-05,2024021214,3,REG,19:05,CAR,ev,none,wrist,1551,8482785,J. Robidas,8482666,S. Morrow,8476906,S. Gostisbehere,5,1
2025-04-05,2024021215,2,REG,01:35,TBL,ev,none,wrist,1551,8478010,B. Point,8476453,N. Kucherov,,,0,1
2025-04-05,2024021215,2,REG,04:47,BUF,ev,none,wrist,1551,8479420,T. Thompson,8484145,Z. Benson,,,1,1
2025-04-05,2024021215,2,REG,13:01,TBL,ev,none,wrist,1551,8482201,G. Goncalves,8477416,O. Bjorkstrand,8476826,Y. Gourde,1,2
2025-04-05,2024021215,3,REG,05:07,BUF,pp,none,wrist,1451,8475722,J. Zucker,8477949,A. Tuch,8480839,R. Dahlin,2,2
2025-04-05,2024021215,5,SO,00:00,BUF,ev,none,wrist,1010,8482097,J. Quinn,,,,,3,2
2025-04-05,2024021216,1,REG,10:03,TOR,ev,none,wrist,1551,8481582,N. Robertson,8480995,P. Holmberg,,,1,0
2025-04-05,2024021216,2,REG,12:28,TOR,ev,none,wrist,1551,8481582,N. Robertson,8477503,M. Domi,,,2,0
2025-04-05,2024021216,3,REG,01:11,TOR,ev,none,wrist,1551,8477939,W. Nylander,8476853,M. Rielly,8478443,B. Carlo,3,0
2025-04-05,2024021216,3,REG,04:21,TOR,ev,none,wrist,1441,8477939,W. Nylander,8476853,M. Rielly,8479318,A. Matthews,4,0
2025-04-05,2024021216,3,REG,16:27,TOR,ev,none,wrist,1551,8479318,A. Matthews,8478483,M. Marner,8482720,M. Knies,5,0
2025-04-05,2024021217,1,REG,04:10,PHI,ev,none,backhand,1551,8480068,R. Poehling,8481592,J. Pelletier,8481546,C. York,0,1
2025-04-05,2024021217,3,REG,01:24,MTL,ev,none,snap,1551,8475848,B. Gallagher,8478133,J. Evans,8477989,C. Dvorak,1,1
2025-04-05,2024021217,3,REG,02:40,MTL,ev,none,snap,1551,8483457,L. Hutson,8480018,N. Suzuki,,,2,1
2025-04-05,2024021217,3,REG,10:39,MTL,sh,none,snap,1541,8480018,N. Suzuki,8482087,K. Guhle,,,3,1
2025-04-05,2024021217,3,REG,19:20,PHI,pp,none,snap,0641,8482159,T. Foerster,8478439,T. Konecny,8480068,R. Poehling,3,2
2025-04-05,2024021218,1,REG,00:49,STL,pp,none,snap,1451,8482737,Z. Bolduc,8480023,R. Thomas,8475764,C. Fowler,1,0
2025-04-05,2024021218,1,REG,07:41,STL,ev,none,backhand,1551,8482089,J. Neighbours,8480023,R. Thomas,,,2,0
2025-04-05,2024021218,2,REG,01:01,STL,ev,none,backhand,1551,8477402,P. Buchnevich,8483516,J. Snuggerud,,,3,0
2025-04-05,2024021218,2,REG,08:53,STL,pp,none,wrist,1451,8482737,Z. Bolduc,8480023,R. Thomas,8475764,C. Fowler,4,0
2025-04-05,2024021218,2,REG,15:32,COL,ev,none,backhand,1551,8479525,R. Colton,8481186,L. O'Connor,,,4,1
2025-04-05,2024021218,2,REG,17:45,COL,ev,none,snap,1551,8477425,M. Wood,8475745,C. Coyle,,,4,2
2025-04-05,2024021218,3,REG,17:42,COL,ev,none,wrist,0651,8477492,N. MacKinnon,8475754,B. Nelson,8480069,C. Makar,4,3
2025-04-05,2024021218,3,REG,19:29,STL,ev,empty-net,wrist,0651,8480023,R. Thomas,8475764,C. Fowler,,,5,3
2025-04-05,2024021218,3,REG,19:51,COL,ev,none,wrist,0651,8484258,S. Malinski,8478038,D. Toews,,,5,4
2025-04-05,2024021219,1,REG,04:24,UTA,pp,none,snap,1451,8479343,C. Keller,8480849,B. Hayton,8477951,N. Schmaltz,1,0
2025-04-05,2024021219,2,REG,00:57,UTA,pp,none,backhand,1451,8480849,B. Hayton,8482699,D. Guenther,8479343,C. Keller,2,0
2025-04-05,2024021219,2,REG,16:57,UTA,ev,none,wrist,1551,8478831,K. Stenlund,8479410,M. Sergachev,8478507,J. Marino,3,0
2025-04-05,2024021219,3,REG,02:45,WPG,pp,none,wrist,1541,8476460,M. Scheifele,,,,,3,1
2025-04-05,2024021219,3,REG,17:19,UTA,ev,empty-net,snap,0651,8475760,N. Bjugstad,8478831,K. Stenlund,8476874,O. Maatta,4,1
2025-04-05,2024021220,1,REG,18:39,VGK,ev,none,backhand,1551,8481604,P. Dorofeyev,8477447,S. Theodore,8476438,B. Saad,0,1
2025-04-05,2024021220,2,REG,09:57,VGK,ev,none,tip-in,1551,8475191,R. Smith,8477447,S. Theodore,8478109,V. Olofsson,0,2
2025-04-05,2024021220,2,REG,19:52,CGY,ev,none,wrist,1551,8477810,J. Hanley,8475172,N. Kadri,8476399,B. Coleman,1,2
2025-04-05,2024021220,3,REG,00:43,CGY,ev,none,wrist,1551,8482679,M. Coronato,8474150,M. Backlund,,,2,2
2025-04-05,2024021220,4,OT,04:31,VGK,ev,none,backhand,1441,8475191,R. Smith,8477447,S. Theodore,8479353,B. Howden,2,3
2025-04-05,2024021221,1,REG,05:46,SEA,ev,none,wrist,1551,8477955,J. McCann,8477444,A. Burakovsky,8479372,J. Mahura,0,1
2025-04-05,2024021221,1,REG,09:26,SEA,ev,none,snap,1551,8477444,A. Burakovsky,8476457,A. Larsson,8477955,J. McCann,0,2
2025-04-05,2024021221,1,REG,14:18,SJS,ev,none,wrist,1551,8484227,W. Smith,8475726,T. Toffoli,8484801,M. Celebrini,1,2
2025-04-05,2024021221,2,REG,07:39,SEA,ev,none,wrist,1551,8476905,C. Stephenson,,,,,1,3
2025-04-05,2024021221,2,REG,11:36,SEA,ev,none,slap,1551,8475768,J. Schwartz,,,,,1,4
2025-04-05,2024021221,2,REG,18:07,SEA,ev,none,wrist,1551,8477955,J. McCann,8483524,S. Wright,8481554,K. Kakko,1,5
2025-04-06,2024021222,1,REG,07:06,NYI,ev,none,wrist,1551,8477500,B. Horvat,8481601,S. Holmstrom,8475314,A. Lee,1,0
2025-04-06,2024021222,1,REG,09:00,NYI,ev,none,tip-in,1551,8483553,M. Gatcomb,8481237,K. MacLean,8481014,A. Romanov,2,0
2025-04-06,2024021222,2,REG,07:26,WSH,pp,none,wrist,1541,8471214,A. Ovechkin,8476880,T. Wilson,8478440,D. Strome,2,1
2025-04-06,2024021222,2,REG,10:26,NYI,ev,none,wrist,1551,8483553,M. Gatcomb,8474709,M. Martin,8481237,K. MacLean,3,1
2025-04-06,2024021222,3,REG,04:20,NYI,ev,none,poke,1551,8476419,J. Pageau,,,,,4,1
2025-04-06,2024021223,1,REG,05:51,DAL,ev,none,wrist,1551,8480027,J. Robertson,8478420,M. Rantanen,8476902,E. Lindell,0,1
2025-04-06,2024021223,3,REG,03:08,MIN,ev,none,wrist,1551,8481557,M. Boldy,8477451,R. Hartman,8474716,J. Spurgeon,1,1
2025-04-06,2024021223,3,REG,05:00,MIN,ev,none,wrist,1551,8475220,M. Foligno,8482079,M. Rossi,8481557,M. Boldy,2,1
2025-04-06,2024021223,3,REG,13:05,DAL,ev,none,snap,1551,8481581,T. Harley,8478975,M. Marchment,8475168,M. Duchene,2,2
2025-04-06,2024021223,4,OT,00:58,MIN,pp,none,tip-in,1341,8482079,M. Rossi,8475692,M. Zuccarello,8481557,M. Boldy,3,2
2025-04-06,2024021224,1,REG,02:24,OTT,ev,none,wrist,1551,8478874,A. Gaudette,8478469,T. Chabot,8475324,N. Jensen,1,0
2025-04-06,2024021224,1,REG,04:26,OTT,ev,none,backhand,1551,8484321,N. Matinpalo,8473512,C. Giroux,8480188,F. Zetterlund,2,0
2025-04-06,2024021224,3,REG,04:32,OTT,ev,none,bat,1551,8474102,D. Perron,8480208,D. Batherson,8478469,T. Chabot,3,0
2025-04-06,2024021224,3,REG,19:19,OTT,ev,empty-net,wrist,0651,8481596,S. Pinto,8482105,J. Sanderson,8482092,R. Greig,4,0
2025-04-06,2024021225,2,REG,04:37,DET,pp,none,wrist,1451,8479337,A. DeBrincat,8482078,L. Raymond,8474141,P. Kane,1,0
2025-04-06,2024021225,2,REG,11:23,DET,ev,none,snap,1551,8477456,J. Compher,8483464,M. Kasper,8473507,J. Petry,2,0
2025-04-06,2024021225,3,REG,19:20,FLA,ev,none,deflected,0651,8482113,A. Lundell,8482713,M. Samoskevich,8477409,C. Verhaeghe,2,1
2025-04-06,2024021226,1,REG,03:37,BOS,ev,none,backhand,1551,8477496,E. Lindholm,8477956,D. Pastrnak,8480035,H. Jokiharju,0,1
2025-04-06,2024021226,1,REG,14:27,BOS,ev,none,wrist,1551,8479987,M. Geekie,8477956,D. Pastrnak,,,0,2
2025-04-06,2024021226,2,REG,07:35,BUF,ev,none,wrist,1551,8479420,T. Thompson,8484145,Z. Benson,8481524,B. Byram,1,2
2025-04-06,2024021226,2,REG,10:49,BUF,ev,none,tip-in,1551,8477949,A. Tuch,8480839,R. Dahlin,8482175,J. Peterka,2,2
2025-04-06,2024021226,2,REG,16:38,BOS,pp,none,wrist,1541,8479999,C. Mittelstadt,8477956,D. Pastrnak,8482511,M. Lohrei,2,3
2025-04-06,2024021226,2,REG,18:31,BUF,ev,none,wrist,1551,8480839,R. Dahlin,8477949,A. Tuch,8481522,P. Krebs,3,3
2025-04-06,2024021226,3,REG,01:59,BUF,ev,none,wrist,1551,8475722,J. Zucker,8481524,B. Byram,8481522,P. Krebs,4,3
2025-04-06,2024021226,3,REG,05:51,BUF,ev,none,backhand,1551,8479420,T. Thompson,8483468,J.Kulich,8482671,O. Power,5,3
2025-04-06,2024021226,3,REG,19:14,BUF,ev,empty-net,wrist,0651,8479420,T. Thompson,,,,,6,3
2025-04-06,2024021227,2,REG,18:55,CHI,sh,none,wrist,1541,8483493,F. Nazar,8476882,T. Teravainen,,,1,0
2025-04-06,2024021227,3,REG,09:40,CHI,ev,none,wrist,1551,8481624,I. Mikheyev,8484144,C. Bedard,8483506,S. Rinzel,2,0
2025-04-06,2024021227,3,REG,14:36,PIT,pp,none,snap,1541,8476483,R. Rakell,8475810,B. Rust,8482758,V. Koivunen,2,1
2025-04-06,2024021227,3,REG,19:04,CHI,ev,empty-net,wrist,0651,8481624,I. Mikheyev,8473422,N. Foligno,8480813,J. Veleno,3,1
2025-04-06,2024021228,1,REG,04:19,NSH,ev,none,wrist,1551,8474564,S. Stamkos,8476887,F. Forsberg,,,1,0
2025-04-06,2024021228,2,REG,01:40,MTL,ev,none,wrist,1551,8481540,C. Caufield,8480018,N. Suzuki,,,1,1
2025-04-06,2024021228,2,REG,05:47,MTL,ev,none,snap,1551,8479339,P. Laine,8483457,L. Hutson,8481618,A. Newhook,1,2
2025-04-06,2024021229,1,REG,04:46,VAN,ev,none,wrist,1551,8481535,N. Hoglander,8480459,P. Suter,8478444,B. Boeser,1,0
2025-04-06,2024021229,1,REG,08:36,VGK,ev,none,backhand,1551,8477964,I. Barbashev,8475913,M. Stone,,,1,1
2025-04-06,2024021229,1,REG,13:15,VGK,ev,none,slap,1551,8478462,N. Roy,8476871,T. Pearson,8478434,K. Kolesar,1,2
2025-04-06,2024021229,2,REG,08:03,VAN,ev,none,wrist,1551,8482691,A. Räty,8479425,F. Hronek,8480748,K. Sherwood,2,2
2025-04-06,2024021229,3,REG,16:46,VGK,ev,none,wrist,1551,8478109,V. Olofsson,8476448,W. Karlsson,8474565,A. Pietrangelo,2,3
2025-04-07,2024021230,1,REG,13:09,TBL,pp,none,wrist,1541,8476453,N. Kucherov,8478010,B. Point,8477404,J. Guentzel,0,1
2025-04-07,2024021230,1,REG,13:45,TBL,ev,none,backhand,1551,8476826,Y. Gourde,8482201,G. Goncalves,8475167,V. Hedman,0,2
2025-04-07,2024021230,1,REG,14:54,TBL,pp,none,poke,1541,8478010,B. Point,8477404,J. Guentzel,8476453,N. Kucherov,0,3
2025-04-07,2024021230,2,REG,03:16,NYR,pp,none,tip-in,1451,8476459,M. Zibanejad,8478550,A. Panarin,8476468,J. Miller,1,3
2025-04-07,2024021230,3,REG,15:40,TBL,pp,none,wrist,1541,8478010,B. Point,8477404,J. Guentzel,8476453,N. Kucherov,1,4
2025-04-07,2024021230,3,REG,17:18,TBL,ev,empty-net,wrist,1560,8479542,B. Hagel,8474151,R. McDonagh,,,1,5
2025-04-07,2024021231,2,REG,02:34,WPG,ev,none,snap,1551,8480289,M. Barron,8477504,J. Morrissey,,,1,0
2025-04-07,2024021231,2,REG,07:27,STL,ev,none,wrist,1551,8477402,P. Buchnevich,8480023,R. Thomas,8481598,P. Broberg,1,1
2025-04-07,2024021231,3,REG,07:05,WPG,ev,none,wrist,1551,8480113,A. Iafallo,8478398,K. Connor,,,2,1
2025-04-07,2024021231,3,REG,19:51,WPG,ev,empty-net,wrist,0651,8476392,A. Lowry,8476460,M. Scheifele,,,3,1
2025-04-07,2024021232,1,REG,17:51,EDM,ev,none,tip-in,1551,8474641,A. Henrique,8478013,J. Walman,8470621,C. Perry,0,1
2025-04-07,2024021232,2,REG,02:20,ANA,ev,none,snap,1551,8483445,C. Gauthier,8484153,L. Carlsson,,,1,1
2025-04-07,2024021232,2,REG,07:10,ANA,ev,none,backhand,1551,8483445,C. Gauthier,8481563,D. Helleson,8480806,I. Lundestrom,2,1
2025-04-07,2024021232,3,REG,05:33,ANA,ev,none,wrist,1551,8482745,M. McTavish,8481533,T. Zegras,,,3,1
2025-04-07,2024021232,3,REG,16:29,EDM,ev,none,tip-in,0651,8475784,J. Skinner,8480803,E. Bouchard,8474641,A. Henrique,3,2
2025-04-07,2024021233,1,REG,01:48,LAK,ev,none,backhand,1551,8482124,Q. Byfield,8477335,K. Burroughs,8482155,A. Laferriere,1,0
2025-04-07,2024021233,1,REG,18:35,SEA,ev,none,wrist,1551,8482665,M. Beniers,8476467,J. Oleksiak,8481554,K. Kakko,1,1
2025-04-07,2024021233,1,REG,19:29,SEA,ev,none,wrist,1441,8477986,B. Montour,8474586,J. Eberle,8476905,C. Stephenson,1,2
2025-04-07,2024021234,1,REG,19:35,SJS,ev,none,wrist,1551,8484227,W. Smith,8481042,N. Kovalenko,8484801,M. Celebrini,1,0
2025-04-07,2024021234,3,REG,08:12,CGY,ev,none,wrist,1551,8483609,A. Klapka,8475172,N. Kadri,8480860,K. Bahl,1,1
2025-04-07,2024021234,3,REG,11:00,CGY,pp,none,tip-in,1541,8476456,J. Huberdeau,8480028,M. Frost,8477346,M. Weegar,1,2
2025-04-07,2024021234,3,REG,15:30,CGY,ev,none,wrist,1551,8482679,M. Coronato,,,,,1,3
2025-04-07,2024021234,3,REG,18:01,SJS,pp,none,slap,1460,8484227,W. Smith,8480043,T. Liljegren,8484801,M. Celebrini,2,3
2025-04-08,2024021235,2,REG,01:32,BUF,ev,none,wrist,1551,8479420,T. Thompson,,,,,1,0
2025-04-08,2024021235,2,REG,16:45,BUF,sh,none,wrist,1541,8477949,A. Tuch,8481524,B. Byram,8480802,R. McLeod,2,0
2025-04-08,2024021235,3,REG,01:58,BUF,ev,none,wrist,1551,8482175,J. Peterka,8482097,J. Quinn,,,3,0
2025-04-08,2024021236,1,REG,09:54,DET,ev,none,tip-in,1551,8477946,D. Larkin,8474141,P. Kane,,,0,1
2025-04-08,2024021236,2,REG,16:29,MTL,ev,none,backhand,1551,8481540,C. Caufield,8476875,M. Matheson,8480018,N. Suzuki,1,1
2025-04-08,2024021236,3,REG,10:48,MTL,ev,none,snap,1551,8476981,J. Anderson,8477989,C. Dvorak,8475848,B. Gallagher,2,1
2025-04-08,2024021236,3,REG,18:54,MTL,ev,empty-net,snap,0651,8475848,B. Gallagher,8476981,J. Anderson,,,3,1
2025-04-08,2024021236,3,REG,19:07,MTL,ev,empty-net,snap,0651,8480018,N. Suzuki,8478133,J. Evans,8478851,A. Carrier,4,1
2025-04-08,2024021237,1,REG,09:26,FLA,ev,none,wrist,1551,8478055,G. Forsling,8482113,A. Lundell,,,1,0
2025-04-08,2024021237,2,REG,01:06,TOR,ev,none,wrist,1551,8475166,J. Tavares,,,,,1,1
2025-04-08,2024021237,3,REG,01:04,FLA,ev,none,backhand,1551,8480185,E. Luostarinen,,,,,2,1
2025-04-08,2024021237,3,REG,19:13,FLA,ev,empty-net,wrist,0651,8477409,C. Verhaeghe,8473419,B. Marchand,8477493,A. Barkov,3,1
2025-04-08,2024021238,1,REG,09:38,BOS,ev,none,snap,1551,8477956,D. Pastrnak,8479987,M. Geekie,,,0,1
2025-04-08,2024021238,1,REG,19:24,BOS,ev,none,wrist,1551,8480828,M. Callahan,8478450,P. Wotherspoon,8477956,D. Pastrnak,0,2
2025-04-08,2024021238,2,REG,03:45,BOS,ev,none,wrist,1551,8480880,J. Lauko,,,,,0,3
2025-04-08,2024021238,2,REG,13:51,NJD,ev,none,tip-in,1560,8476474,S. Noesen,8478466,D. Sprong,8480002,N. Hischier,1,3
2025-04-08,2024021238,2,REG,14:10,NJD,ev,none,deflected,1551,8478414,T. Meier,8475287,E. Haula,,,2,3
2025-04-08,2024021238,2,REG,19:07,BOS,ev,none,wrist,1551,8479999,C. Mittelstadt,8482763,F. Lysell,8480035,H. Jokiharju,2,4
2025-04-08,2024021238,3,REG,04:58,BOS,ev,none,snap,1551,8479987,M. Geekie,8477956,D. Pastrnak,8477507,N. Zadorov,2,5
2025-04-08,2024021238,3,REG,06:55,BOS,ev,none,wrist,1551,8483489,F. Minten,8479968,V. Lettieri,8479369,A. Peeke,2,6
2025-04-08,2024021238,3,REG,10:50,BOS,ev,none,snap,1551,8481043,C. Koepke,,,,,2,7
2025-04-08,2024021239,1,REG,07:00,CBJ,ev,none,snap,1551,8481716,D. Voronkov,8479671,M. Olivier,,,1,0
2025-04-08,2024021239,1,REG,16:38,CBJ,ev,none,snap,1551,8479941,J. Danforth,8483485,D. Mateychuk,8476374,S. Kuraly,2,0
2025-04-08,2024021239,2,REG,16:18,OTT,pp,none,snap,1541,8480188,F. Zetterlund,8473512,C. Giroux,8478469,T. Chabot,2,1
2025-04-08,2024021239,2,REG,19:38,CBJ,ev,none,deflected,1551,8479671,M. Olivier,8479941,J. Danforth,8475790,E. Gudbranson,3,1
2025-04-08,2024021239,3,REG,02:37,CBJ,pp,none,wrist,1451,8477497,S. Monahan,8482660,K. Johnson,8478460,Z. Werenski,4,1
2025-04-08,2024021239,3,REG,11:42,CBJ,ev,none,snap,1551,8484166,A. Fantilli,8482660,K. Johnson,8478500,I. Provorov,5,1
2025-04-08,2024021239,3,REG,15:10,OTT,ev,none,backhand,1551,8478469,T. Chabot,8480208,D. Batherson,8474102,D. Perron,5,2
2025-04-08,2024021240,1,REG,19:44,PIT,pp,none,wrist,1451,8471675,S. Crosby,8476483,R. Rakell,8475810,B. Rust,1,0
2025-04-08,2024021240,2,REG,04:45,PIT,ev,none,wrist,1551,8474578,E. Karlsson,8482758,V. Koivunen,8475810,B. Rust,2,0
2025-04-08,2024021240,3,REG,04:28,PIT,ev,none,wrist,1551,8471724,K. Letang,8471215,E. Malkin,8479982,C. Timmins,3,0
2025-04-08,2024021240,3,REG,07:42,PIT,ev,none,wrist,1551,8475763,K. Hayes,8478046,D. Heinen,8480980,C. Dewar,4,0
2025-04-08,2024021240,3,REG,18:13,PIT,ev,none,wrist,1551,8475763,K. Hayes,8478046,D. Heinen,8478569,N. Acciari,5,0
2025-04-08,2024021241,1,REG,04:16,NYI,ev,none,tip-in,1551,8481601,S. Holmstrom,8477506,R. Pulock,8476419,J. Pageau,0,1
2025-04-08,2024021241,1,REG,06:44,NSH,ev,none,wrist,1551,8475158,R. O'Reilly,8478047,M. Bunting,8482146,L. Evangelista,1,1
2025-04-08,2024021241,1,REG,11:45,NSH,ev,none,wrist,1551,8476887,F. Forsberg,,,,,2,1
2025-04-08,2024021241,1,REG,16:12,NYI,ev,none,deflected,1551,8475314,A. Lee,8477500,B. Horvat,8476917,A. Pelech,2,2
2025-04-08,2024021241,2,REG,04:36,NYI,ev,none,wrist,1551,8481601,S. Holmstrom,8476419,J. Pageau,8484958,M. Tsyplakov,2,3
2025-04-08,2024021241,2,REG,07:24,NSH,pp,none,slap,1451,8474564,S. Stamkos,8483565,N. Blankenburg,8476539,J. Marchessault,3,3
2025-04-08,2024021241,2,REG,12:09,NYI,ev,none,wrist,1551,8484958,M. Tsyplakov,8481601,S. Holmstrom,8476419,J. Pageau,3,4
2025-04-08,2024021241,2,REG,13:25,NSH,ev,none,deflected,1551,8477446,M. McCarron,8476869,B. Skjei,8476539,J. Marchessault,4,4
2025-04-08,2024021241,3,REG,15:21,NYI,ev,none,backhand,1551,8475151,K. Palmieri,,,,,4,5
2025-04-08,2024021241,3,REG,16:19,NYI,sh,none,snap,1451,8476429,S. Mayfield,8481601,S. Holmstrom,8481014,A. Romanov,4,6
2025-04-08,2024021241,3,REG,17:53,NSH,pp,none,wrist,1350,8474564,S. Stamkos,8476539,J. Marchessault,8476887,F. Forsberg,5,6
2025-04-08,2024021241,3,REG,19:20,NSH,ev,none,tip-in,1560,8478047,M. Bunting,8474564,S. Stamkos,8476869,B. Skjei,6,6
2025-04-08,2024021241,4,OT,01:56,NSH,ev,none,wrist,1331,8482768,F. Svechkov,8476869,B. Skjei,8474564,S. Stamkos,7,6
2025-04-08,2024021242,1,REG,13:48,DAL,pp,none,snap,1451,8478420,M. Rantanen,8482740,W. Johnston,8481581,T. Harley,1,0
2025-04-08,2024021242,1,REG,18:01,DAL,pp,none,snap,1451,8478975,M. Marchment,8473994,J. Benn,8475798,M. Granlund,2,0
2025-04-08,2024021242,2,REG,07:28,DAL,pp,none,snap,1451,8475168,M. Duchene,8473994,J. Benn,8475798,M. Granlund,3,0
2025-04-08,2024021242,3,REG,00:17,VAN,pp,none,wrist,1541,8478498,J. DeBrusk,8478856,C. Garland,8480800,Q. Hughes,3,1
2025-04-08,2024021242,3,REG,04:39,VAN,pp,none,snap,1541,8483768,V. Mancini,8482691,A. Räty,8481024,L. Karlsson,3,2
2025-04-08,2024021242,3,REG,17:15,DAL,ev,none,snap,1551,8482145,M. Bourque,8480027,J. Robertson,8476879,C. Ceci,4,2
2025-04-08,2024021242,3,REG,17:39,DAL,ev,empty-net,snap,0651,8475798,M. Granlund,8476902,E. Lindell,8475168,M. Duchene,5,2
2025-04-08,2024021242,3,REG,19:00,VAN,ev,none,snap,1551,8482691,A. Räty,8477969,M. Pettersson,,,5,3
2025-04-08,2024021242,3,REG,19:30,VAN,ev,none,snap,0651,8480459,P. Suter,8478856,C. Garland,8479425,F. Hronek,5,4
2025-04-08,2024021242,3,REG,19:53,VAN,ev,none,snap,0651,8480459,P. Suter,8479425,F. Hronek,8480800,Q. Hughes,5,5
2025-04-08,2024021242,4,OT,03:44,VAN,ev,none,snap,1441,8480748,K. Sherwood,8478856,C. Garland,,,5,6
2025-04-08,2024021243,1,REG,02:44,UTA,ev,none,wrist,1551,8479410,M. Sergachev,8478831,K. Stenlund,8480434,S. Durzi,1,0
2025-04-08,2024021243,1,REG,12:54,UTA,pp,none,wrist,1351,8479343,C. Keller,8479410,M. Sergachev,8482699,D. Guenther,2,0
2025-04-08,2024021243,1,REG,16:28,UTA,pp,none,slap,1451,8479977,K. Yamamoto,8482659,J. Doan,8483431,L. Cooley,3,0
2025-04-08,2024021243,2,REG,00:16,UTA,ev,none,snap,1551,8478474,L. Crouse,,,,,4,0
2025-04-08,2024021243,2,REG,11:15,UTA,ev,none,wrist,1551,8483431,L. Cooley,8482699,D. Guenther,8479343,C. Keller,5,0
2025-04-08,2024021243,2,REG,16:05,UTA,pp,none,poke,1341,8477951,N. Schmaltz,8482699,D. Guenther,8479410,M. Sergachev,6,0
2025-04-08,2024021243,2,REG,18:07,UTA,ev,none,snap,1551,8479619,M. Carcone,8480891,M. Kesselring,8478831,K. Stenlund,7,0
2025-04-08,2024021243,3,REG,00:23,SEA,pp,none,wrist,1541,8477955,J. McCann,8477444,A. Burakovsky,8478407,V. Dunn,7,1
2025-04-08,2024021244,1,REG,11:10,VGK,sh,none,wrist,1451,8476448,W. Karlsson,8475191,R. Smith,,,0,1
2025-04-08,2024021244,2,REG,00:40,VGK,ev,none,wrist,1551,8475188,B. McNabb,,,,,0,2
2025-04-08,2024021244,2,REG,09:46,COL,pp,none,backhand,1451,8477501,V. Nichushkin,8477492,N. MacKinnon,8475745,C. Coyle,1,2
2025-04-08,2024021244,2,REG,17:08,COL,ev,none,snap,1551,8476918,J. Vesey,8475745,C. Coyle,8477425,M. Wood,2,2
2025-04-08,2024021244,5,SO,00:00,COL,ev,none,wrist,1010,8475745,C. Coyle,,,,,3,2
2025-04-09,2024021245,1,REG,01:13,TOR,ev,none,slap,1551,8478483,M. Marner,8479318,A. Matthews,,,0,1
2025-04-09,2024021245,1,REG,03:33,TOR,ev,none,snap,1551,8482720,M. Knies,8479318,A. Matthews,8478483,M. Marner,0,2
2025-04-09,2024021245,1,REG,18:58,TBL,ev,none,wrist,1551,8480246,N. Perbix,8478519,A. Cirelli,8479542,B. Hagel,1,2
2025-04-09,2024021245,3,REG,00:50,TBL,pp,none,slap,1451,8477416,O. Bjorkstrand,8476453,N. Kucherov,8475167,V. Hedman,2,2
2025-04-09,2024021245,3,REG,02:03,TOR,pp,none,snap,1541,8482720,M. Knies,8475166,J. Tavares,8478483,M. Marner,2,3
2025-04-09,2024021245,3,REG,11:05,TBL,pp,none,snap,1451,8475167,V. Hedman,8477416,O. Bjorkstrand,8479542,B. Hagel,3,3
2025-04-09,2024021245,4,OT,02:56,TOR,ev,none,snap,1331,8482720,M. Knies,8479318,A. Matthews,8476853,M. Rielly,3,4
2025-04-09,2024021246,1,REG,11:33,NYR,sh,none,backhand,1541,8476389,V. Trocheck,8476459,M. Zibanejad,8471734,J. Quick,1,0
2025-04-09,2024021246,2,REG,09:03,PHI,ev,none,wrist,1551,8482159,T. Foerster,8480220,N. Cates,,,1,1
2025-04-09,2024021246,2,REG,16:43,PHI,sh,none,wrist,1451,8477903,G. Hathaway,8480068,R. Poehling,,,1,2
2025-04-09,2024021246,2,REG,18:32,NYR,ev,none,backhand,1551,8478550,A. Panarin,8476459,M. Zibanejad,8480001,U. Vaakanainen,2,2
2025-04-09,2024021246,3,REG,03:05,PHI,ev,none,wrist,1551,8477948,T. Sanheim,8480220,N. Cates,8481553,B. Brink,2,3
2025-04-09,2024021246,3,REG,05:38,NYR,ev,none,wrist,1551,8477380,J. Brodzinski,8480001,U. Vaakanainen,8482073,B. Schneider,3,3
2025-04-09,2024021246,3,REG,07:01,NYR,ev,none,slap,1551,8476468,J. Miller,8476459,M. Zibanejad,8482157,W. Cuylle,4,3
2025-04-09,2024021246,3,REG,08:01,PHI,ev,none,deflected,1551,8481592,J. Pelletier,8480015,O. Tippett,8480068,R. Poehling,4,4
2025-04-09,2024021246,3,REG,11:55,PHI,ev,none,wrist,1551,8476461,S. Couturier,8484387,M. Michkov,8478439,T. Konecny,4,5
2025-04-09,2024021246,3,REG,15:33,PHI,ev,none,slap,1551,8482159,T. Foerster,8477948,T. Sanheim,8476372,N. Seeler,4,6
2025-04-09,2024021246,3,REG,18:10,NYR,ev,none,snap,1560,8475184,C. Kreider,8476459,M. Zibanejad,8479323,A. Fox,5,6
2025-04-09,2024021246,3,REG,19:05,PHI,ev,empty-net,wrist,1560,8482159,T. Foerster,8481553,B. Brink,8476372,N. Seeler,5,7
2025-04-09,2024021246,3,REG,19:47,PHI,ev,empty-net,wrist,1560,8480015,O. Tippett,8476461,S. Couturier,8476372,N. Seeler,5,8
2025-04-09,2024021247,1,REG,12:11,SJS,ev,none,wrist,1551,8475726,T. Toffoli,8482667,W. Eklund,8477505,A. Wennberg,0,1
2025-04-09,2024021247,1,REG,14:16,MIN,ev,none,wrist,1551,8475149,M. Johansson,8477919,F. Gaudreau,8474679,G. Nyquist,1,1
2025-04-09,2024021247,1,REG,18:48,MIN,ev,none,wrist,1551,8482122,B. Faber,8481557,M. Boldy,,,2,1
2025-04-09,2024021247,2,REG,07:29,SJS,ev,none,wrist,1551,8484801,M. Celebrini,8482144,J. Thompson,8484227,W. Smith,2,2
2025-04-09,2024021247,2,REG,07:47,MIN,ev,none,wrist,1551,8478493,J. Eriksson Ek,8475220,M. Foligno,8481557,M. Boldy,3,2
2025-04-09,2024021247,2,REG,08:35,SJS,ev,none,wrist,1551,8479336,C. Grundstrom,8483481,C. Lund,,,3,3
2025-04-09,2024021247,2,REG,12:28,SJS,ev,none,wrist,1551,8484801,M. Celebrini,8484227,W. Smith,8480043,T. Liljegren,3,4
2025-04-09,2024021247,2,REG,17:02,MIN,pp,none,wrist,1341,8478864,K. Kaprizov,8475692,M. Zuccarello,8482079,M. Rossi,4,4
2025-04-09,2024021247,2,REG,19:48,MIN,pp,none,poke,1451,8478493,J. Eriksson Ek,8482079,M. Rossi,8481557,M. Boldy,5,4
2025-04-09,2024021247,3,REG,01:02,MIN,pp,none,wrist,1451,8478493,J. Eriksson Ek,8478864,K. Kaprizov,8475692,M. Zuccarello,6,4
2025-04-09,2024021247,3,REG,02:06,MIN,ev,none,snap,1551,8478493,J. Eriksson Ek,8481557,M. Boldy,8475220,M. Foligno,7,4
2025-04-09,2024021247,3,REG,04:44,SJS,ev,none,wrist,1551,8481042,N. Kovalenko,8484801,M. Celebrini,8481567,H. Thrun,7,5
2025-04-09,2024021247,3,REG,10:02,SJS,ev,none,wrist,1551,8484801,M. Celebrini,8484227,W. Smith,8482144,J. Thompson,7,6
2025-04-09,2024021247,3,REG,19:08,SJS,ev,none,wrist,0651,8484227,W. Smith,8480043,T. Liljegren,8484801,M. Celebrini,7,7
2025-04-09,2024021247,4,OT,01:01,MIN,ev,none,snap,1331,8478864,K. Kaprizov,8475692,M. Zuccarello,8474716,J. Spurgeon,8,7
2025-04-09,2024021248,1,REG,08:44,STL,sh,none,backhand,1451,8470600,R. Suter,8477402,P. Buchnevich,8481006,T. Tucker,0,1
2025-04-09,2024021248,2,REG,01:30,EDM,ev,none,snap,1551,8477015,C. Brown,8478402,C. McDavid,,,1,1
2025-04-09,2024021248,2,REG,12:39,EDM,ev,none,backhand,1551,8481617,V. Podkolzin,8477498,D. Nurse,8478402,C. McDavid,2,1
2025-04-09,2024021248,3,REG,00:14,STL,ev,none,snap,1551,8479385,J. Kyrou,8477402,P. Buchnevich,8480023,R. Thomas,2,2
2025-04-09,2024021248,3,REG,01:41,EDM,ev,none,wrist,1560,8478042,V. Arvidsson,8476967,B. Kulak,8477498,D. Nurse,3,2
2025-04-09,2024021248,3,REG,05:25,STL,ev,none,wrist,1551,8477402,P. Buchnevich,8479385,J. Kyrou,8480023,R. Thomas,3,3
2025-04-09,2024021248,3,REG,19:39,EDM,ev,none,backhand,1551,8477015,C. Brown,8478402,C. McDavid,8480803,E. Bouchard,4,3
2025-04-09,2024021249,2,REG,14:18,CGY,ev,none,tip-in,1551,8474150,M. Backlund,8477346,M. Weegar,8477810,J. Hanley,0,1
2025-04-09,2024021249,3,REG,11:49,ANA,ev,none,snap,1551,8481533,T. Zegras,8478430,O. Kylington,,,1,1
2025-04-09,2024021249,3,REG,13:44,CGY,ev,none,snap,1551,8481068,Y. Sharangovich,8480797,J. Farabee,8477810,J. Hanley,1,2
2025-04-09,2024021249,3,REG,15:18,CGY,ev,none,wrist,1551,8482679,M. Coronato,8474150,M. Backlund,8476399,B. Coleman,1,3
2025-04-09,2024021249,3,REG,16:03,ANA,ev,none,slap,1551,8478366,F. Vatrano,8482803,O. Zellweger,8476458,R. Strome,2,3
2025-04-09,2024021249,3,REG,16:11,ANA,ev,none,wrist,1551,8483445,C. Gauthier,8484153,L. Carlsson,8473986,A. Killorn,3,3
2025-04-09,2024021249,4,OT,01:11,ANA,ev,none,snap,1331,8483445,C. Gauthier,8484153,L. Carlsson,,,4,3
2025-04-10,2024021250,1,REG,10:39,BOS,ev,none,deflected,1551,8477956,D. Pastrnak,8477496,E. Lindholm,8479987,M. Geekie,1,0
2025-04-10,2024021250,2,REG,07:55,CHI,ev,none,wrist,1551,8473422,N. Foligno,,,,,1,1
2025-04-10,2024021250,3,REG,03:14,CHI,ev,none,wrist,1551,8477987,R. Donato,8480798,P. Kurashev,8483506,S. Rinzel,1,2
2025-04-10,2024021250,3,REG,04:23,CHI,ev,none,snap,1551,8477479,T. Bertuzzi,,,,,1,3
2025-04-10,2024021250,3,REG,04:47,CHI,ev,none,snap,1551,8483466,K. Korchinski,8484144,C. Bedard,8484197,O. Moore,1,4
2025-04-10,2024021250,3,REG,11:08,BOS,ev,none,wrist,1551,8479987,M. Geekie,8477956,D. Pastrnak,,,2,4
2025-04-10,2024021250,3,REG,19:33,CHI,sh,empty-net,wrist,1460,8473422,N. Foligno,8481568,A. Vlasic,,,2,5
2025-04-10,2024021251,1,REG,06:13,DET,ev,none,wrist,1551,8479337,A. DeBrincat,8477946,D. Larkin,8475279,B. Chiarot,0,1
2025-04-10,2024021251,2,REG,02:58,FLA,pp,none,wrist,1451,8478542,E. Rodrigues,8477220,N. Schmidt,8478055,G. Forsling,1,1
2025-04-10,2024021251,2,REG,08:46,FLA,ev,none,wrist,1551,8482713,M. Samoskevich,8478055,G. Forsling,8484304,U. Balinskis,2,1
2025-04-10,2024021251,2,REG,16:21,FLA,ev,none,wrist,1551,8473419,B. Marchand,8484304,U. Balinskis,8480185,E. Luostarinen,3,1
2025-04-10,2024021251,3,REG,14:03,FLA,ev,none,tip-in,1551,8477493,A. Barkov,8477495,S. Jones,8477933,S. Reinhart,4,1
2025-04-10,2024021253,1,REG,11:54,BUF,ev,none,wrist,1551,8482175,J. Peterka,8480802,R. McLeod,8480839,R. Dahlin,0,1
2025-04-10,2024021253,1,REG,14:39,BUF,ev,none,wrist,1551,8480839,R. Dahlin,8484145,Z. Benson,8483468,J.Kulich,0,2
2025-04-10,2024021253,1,REG,19:51,CBJ,ev,none,backhand,1551,8474037,J. van Riemsdyk,8482660,K. Johnson,8478460,Z. Werenski,1,2
2025-04-10,2024021253,3,REG,04:00,CBJ,ev,none,wrist,1551,8479944,Z. Aston-Reese,8475790,E. Gudbranson,,,2,2
2025-04-10,2024021253,3,REG,06:42,CBJ,pp,none,wrist,1451,8476432,B. Jenner,8480893,K. Marchenko,8477497,S. Monahan,3,2
2025-04-10,2024021252,1,REG,05:42,CAR,ev,none,snap,1551,8482702,L. Stankoven,8480830,A. Svechnikov,8478458,J. Roslovic,0,1
2025-04-10,2024021252,1,REG,07:14,CAR,ev,none,backhand,1551,8482809,J. Blake,8482093,S. Jarvis,,,0,2
2025-04-10,2024021252,1,REG,18:06,WSH,pp,none,tip-in,1451,8479400,P. Dubois,8478233,A. Mangiapane,8480873,R. Sandin,1,2
2025-04-10,2024021252,2,REG,10:50,WSH,pp,none,snap,1451,8478440,D. Strome,8471214,A. Ovechkin,,,2,2
2025-04-10,2024021252,2,REG,16:51,WSH,ev,none,bat,1551,8475343,N. Dowd,8479520,B. Duhaime,8474590,J. Carlson,3,2
2025-04-10,2024021252,2,REG,17:29,WSH,ev,none,wrist,1551,8476880,T. Wilson,8481580,C. McMichael,,,4,2
2025-04-10,2024021252,3,REG,04:42,CAR,ev,none,snap,1551,8476921,J. Martinook,8470613,B. Burns,8473533,J. Staal,4,3
2025-04-10,2024021252,3,REG,18:15,CAR,ev,none,wrist,0651,8482093,S. Jarvis,8478427,S. Aho,8470613,B. Burns,4,4
2025-04-10,2024021252,5,SO,00:00,WSH,ev,none,wrist,1010,8479400,P. Dubois,,,,,5,4
2025-04-10,2024021254,1,REG,03:17,NYR,ev,none,wrist,1551,8476459,M. Zibanejad,8476468,J. Miller,8482157,W. Cuylle,0,1
2025-04-10,2024021254,1,REG,12:49,NYR,ev,none,snap,1551,8482157,W. Cuylle,8476459,M. Zibanejad,8476468,J. Miller,0,2
2025-04-10,2024021254,1,REG,13:51,NYR,pp,none,wrist,1541,8476389,V. Trocheck,8478550,A. Panarin,8479323,A. Fox,0,3
2025-04-10,2024021254,1,REG,19:15,NYR,ev,none,snap,1551,8478550,A. Panarin,8476389,V. Trocheck,8479323,A. Fox,0,4
2025-04-10,2024021254,2,REG,08:19,NYR,ev,none,wrap-around,1551,8481704,J. Parssinen,8482109,A. Lafrenière,,,0,5
2025-04-10,2024021254,2,REG,19:06,NYI,pp,none,wrist,1451,8484958,M. Tsyplakov,8481601,S. Holmstrom,8476917,A. Pelech,1,5
2025-04-10,2024021254,3,REG,07:54,NYR,ev,none,backhand,1551,8482132,B. Berard,8482460,M. Rempe,8475842,S. Carrick,1,6
2025-04-10,2024021254,3,REG,10:52,NYI,ev,none,slap,1551,8477392,H. Fasching,8475231,C. Cizikas,8478115,P. Engvall,2,6
2025-04-10,2024021254,3,REG,12:37,NYR,ev,none,wrist,1551,8482132,B. Berard,8475842,S. Carrick,8480817,K. Miller,2,7
2025-04-10,2024021254,3,REG,15:54,NYR,ev,none,wrist,1551,8482109,A. Lafrenière,8479323,A. Fox,8481704,J. Parssinen,2,8
2025-04-10,2024021254,3,REG,18:51,NYR,ev,none,snap,1551,8478550,A. Panarin,8481704,J. Parssinen,,,2,9
2025-04-10,2024021255,1,REG,18:37,WPG,ev,none,tip-in,1551,8475799,N. Niederreiter,8477504,J. Morrissey,8476392,A. Lowry,0,1
2025-04-10,2024021255,2,REG,03:37,WPG,ev,none,snap,1551,8480289,M. Barron,8479293,B. Tanev,8479378,L. Stanley,0,2
2025-04-10,2024021255,3,REG,06:20,WPG,ev,none,snap,1551,8478398,K. Connor,8476460,M. Scheifele,8480113,A. Iafallo,0,3
2025-04-10,2024021255,3,REG,08:40,WPG,ev,none,snap,1551,8478398,K. Connor,8479994,J. Anderson-Dolan,8477504,J. Morrissey,0,4
2025-04-10,2024021256,2,REG,04:50,VAN,ev,none,tip-in,1551,8478498,J. DeBrusk,8480748,K. Sherwood,,,0,1
2025-04-10,2024021256,2,REG,07:51,VAN,ev,none,wrist,1551,8480748,K. Sherwood,8478057,D. Joshua,8475762,D. Forbort,0,2
2025-04-10,2024021256,2,REG,16:36,COL,ev,none,tip-in,1551,8478038,D. Toews,8475745,C. Coyle,8480069,C. Makar,1,2
2025-04-10,2024021256,3,REG,06:14,VAN,ev,none,snap,1551,8478057,D. Joshua,8482691,A. Räty,8477969,M. Pettersson,1,3
2025-04-10,2024021256,3,REG,18:02,VAN,ev,empty-net,wrist,1560,8481535,N. Hoglander,8478856,C. Garland,8479425,F. Hronek,1,4
2025-04-10,2024021257,2,REG,04:49,UTA,ev,none,snap,1551,8475760,N. Bjugstad,8477021,A. Kerfoot,,,1,0
2025-04-10,2024021257,2,REG,13:54,UTA,ev,none,wrist,1551,8482659,J. Doan,8480855,J. McBain,8480084,N. DeSimone,2,0
2025-04-10,2024021257,2,REG,17:21,NSH,pp,none,snap,1541,8483565,N. Blankenburg,8476539,J. Marchessault,8475158,R. O'Reilly,2,1
2025-04-10,2024021257,3,REG,01:19,NSH,pp,none,wrist,1541,8476887,F. Forsberg,8476869,B. Skjei,8474564,S. Stamkos,2,2
2025-04-10,2024021257,3,REG,03:17,NSH,ev,none,wrist,1551,8475158,R. O'Reilly,8478047,M. Bunting,,,2,3
2025-04-10,2024021257,3,REG,05:42,UTA,ev,none,snap,1551,8482699,D. Guenther,8483431,L. Cooley,8479343,C. Keller,3,3
2025-04-10,2024021257,5,SO,00:00,NSH,ev,none,backhand,0101,8476887,F. Forsberg,,,,,3,4
2025-04-10,2024021258,1,REG,06:58,VGK,ev,none,wrist,1551,8477964,I. Barbashev,,,,,1,0
2025-04-10,2024021258,2,REG,07:56,VGK,ev,none,wrist,1551,8476448,W. Karlsson,8475191,R. Smith,8475188,B. McNabb,2,0
2025-04-10,2024021258,2,REG,17:21,SEA,ev,none,wrist,1551,8477955,J. McCann,8474586,J. Eberle,8476457,A. Larsson,2,1
2025-04-10,2024021259,1,REG,01:24,LAK,pp,none,wrist,1451,8482124,Q. Byfield,8483808,A. Kuzmenko,8477960,A. Kempe,1,0
2025-04-10,2024021259,2,REG,01:46,ANA,ev,none,snap,1551,8483445,C. Gauthier,8484153,L. Carlsson,8473986,A. Killorn,1,1
2025-04-10,2024021259,2,REG,02:17,LAK,ev,none,tip-in,1551,8471685,A. Kopitar,8479998,M. Anderson,8483808,A. Kuzmenko,2,1
2025-04-10,2024021259,2,REG,05:30,LAK,pp,none,slap,1451,8477942,K. Fiala,8477960,A. Kempe,8471685,A. Kopitar,3,1
2025-04-10,2024021259,2,REG,16:34,LAK,ev,none,backhand,1551,8482155,A. Laferriere,8479998,M. Anderson,8482124,Q. Byfield,4,1
2025-04-10,2024021259,3,REG,01:08,LAK,pp,none,slap,1451,8477942,K. Fiala,8483808,A. Kuzmenko,8477960,A. Kempe,5,1
2025-04-10,2024021259,3,REG,10:47,LAK,ev,none,slap,1551,8481606,J. Spence,8476479,P. Danault,8479675,T. Moore,6,1
2025-04-11,2024021260,1,REG,00:28,OTT,ev,none,snap,1551,8481596,S. Pinto,8482092,R. Greig,8478020,M. Amadio,1,0
2025-04-11,2024021260,1,REG,04:18,OTT,ev,none,snap,1551,8481528,D. Cozens,8484321,N. Matinpalo,8482095,T. Kleven,2,0
2025-04-11,2024021260,2,REG,01:05,OTT,ev,none,snap,1551,8482092,R. Greig,8478020,M. Amadio,8482105,J. Sanderson,3,0
2025-04-11,2024021260,2,REG,02:26,MTL,ev,none,wrist,1551,8477989,C. Dvorak,8476469,J. Armia,8481593,J. Struble,3,1
2025-04-11,2024021260,2,REG,14:14,OTT,ev,none,deflected,1551,8480208,D. Batherson,8478469,T. Chabot,8475324,N. Jensen,4,1
2025-04-11,2024021260,2,REG,15:32,MTL,ev,none,wrist,1551,8480018,N. Suzuki,8483515,J. Slafkovský,8481540,C. Caufield,4,2
2025-04-11,2024021260,3,REG,17:44,OTT,ev,empty-net,wrist,0651,8481596,S. Pinto,8482245,A. Zub,,,5,2
2025-04-11,2024021261,1,REG,01:01,TBL,ev,none,snap,1551,8478519,A. Cirelli,8479542,B. Hagel,8478178,D. Raddysh,1,0
2025-04-11,2024021261,2,REG,04:07,DET,ev,none,snap,1551,8474141,P. Kane,,,,,1,1
2025-04-11,2024021261,2,REG,16:37,DET,ev,none,snap,1551,8477353,T. Motte,8475718,J. Holl,8478021,W. Lagesson,1,2
2025-04-11,2024021261,2,REG,17:52,TBL,ev,none,deflected,1551,8482201,G. Goncalves,,,,,2,2
2025-04-11,2024021261,3,REG,01:38,TBL,ev,none,wrist,1551,8482201,G. Goncalves,8479542,B. Hagel,8478519,A. Cirelli,3,2
2025-04-11,2024021261,3,REG,12:59,DET,ev,none,snap,1551,8483464,M. Kasper,8479337,A. DeBrincat,8474141,P. Kane,3,3
2025-04-11,2024021261,4,OT,03:22,DET,ev,none,wrist,1331,8483464,M. Kasper,,,,,3,4
2025-04-11,2024021262,1,REG,00:15,NJD,ev,none,wrist,1551,8475287,E. Haula,8482110,D. Mercer,8477488,B. Pesce,1,0
2025-04-11,2024021262,1,REG,06:17,NJD,ev,none,deflected,1551,8476292,O. Palat,8479996,C. Glass,8483429,S. Casey,2,0
2025-04-11,2024021262,1,REG,16:10,PIT,ev,own-goal,,1551,8471215,E. Malkin,,,,,2,1
2025-04-11,2024021262,2,REG,01:05,PIT,pp,none,deflected,1541,8481703,V. Puustinen,8471215,E. Malkin,8476891,M. Grzelcyk,2,2
2025-04-11,2024021262,3,REG,13:21,PIT,pp,none,tip-in,1541,8471675,S. Crosby,8475810,B. Rust,8476891,M. Grzelcyk,2,3
2025-04-11,2024021262,3,REG,18:24,PIT,ev,empty-net,wrist,1560,8475810,B. Rust,8471675,S. Crosby,8482758,V. Koivunen,2,4
2025-04-11,2024021263,1,REG,06:47,EDM,pp,none,slap,1451,8480803,E. Bouchard,8478402,C. McDavid,8474641,A. Henrique,1,0
2025-04-11,2024021263,1,REG,15:41,EDM,ev,none,tip-in,1551,8480834,T. Emberson,8478402,C. McDavid,8480803,E. Bouchard,2,0
2025-04-11,2024021263,1,REG,17:13,SJS,ev,none,snap,1551,8484227,W. Smith,8481042,N. Kovalenko,,,2,1
2025-04-11,2024021263,2,REG,05:44,SJS,ev,none,snap,1551,8481567,H. Thrun,8482667,W. Eklund,,,2,2
2025-04-11,2024021263,3,REG,07:32,EDM,pp,none,tip-in,1451,8470621,C. Perry,8478402,C. McDavid,8474641,A. Henrique,3,2
2025-04-11,2024021263,3,REG,19:34,EDM,ev,empty-net,snap,0651,8477015,C. Brown,8477498,D. Nurse,8478402,C. McDavid,4,2
2025-04-11,2024021264,1,REG,16:25,CGY,ev,none,wrist,1551,8474150,M. Backlund,8476399,B. Coleman,,,1,0
2025-04-11,2024021264,2,REG,05:31,CGY,ev,none,tip-in,1551,8481068,Y. Sharangovich,8481028,M. Pospisil,,,2,0
2025-04-11,2024021264,2,REG,07:23,CGY,pp,none,wrist,1451,8475172,N. Kadri,8480028,M. Frost,8482679,M. Coronato,3,0
2025-04-11,2024021264,3,REG,07:20,CGY,ev,none,wrist,1551,8479066,R. Lomberg,,,,,4,0
2025-04-11,2024021264,3,REG,15:39,MIN,ev,none,wrist,1551,8478508,Y. Trenin,,,,,4,1
2025-04-11,2024021264,3,REG,18:30,MIN,ev,none,wrist,0651,8474679,G. Nyquist,8477919,F. Gaudreau,,,4,2
2025-04-12,2024021265,2,REG,03:28,PHI,pp,none,backhand,1451,8482159,T. Foerster,8476461,S. Couturier,8484387,M. Michkov,1,0
2025-04-12,2024021265,2,REG,10:54,NYI,pp,none,tip-in,1541,8475314,A. Lee,8480865,N. Dobson,8477950,T. DeAngelo,1,1
2025-04-12,2024021265,2,REG,17:58,NYI,ev,none,wrist,1551,8480865,N. Dobson,8477500,B. Horvat,8476429,S. Mayfield,1,2
2025-04-12,2024021265,3,REG,04:29,PHI,ev,none,backhand,1551,8481592,J. Pelletier,8480015,O. Tippett,8480068,R. Poehling,2,2
2025-04-12,2024021265,3,REG,10:34,PHI,ev,none,wrist,1551,8482159,T. Foerster,8480015,O. Tippett,8480220,N. Cates,3,2
2025-04-12,2024021265,3,REG,18:59,NYI,ev,none,wrist,0651,8477500,B. Horvat,8477950,T. DeAngelo,8475314,A. Lee,3,3
2025-04-12,2024021265,5,SO,00:00,PHI,ev,none,snap,1010,8481553,B. Brink,,,,,4,3
2025-04-12,2024021270,1,REG,01:00,CBJ,ev,none,snap,1551,8478460,Z. Werenski,8477497,S. Monahan,8479371,D. Fabbro,1,0
2025-04-12,2024021270,1,REG,04:45,CBJ,ev,none,snap,1551,8482660,K. Johnson,8474037,J. van Riemsdyk,,,2,0
2025-04-12,2024021270,1,REG,19:24,CBJ,ev,none,snap,1551,8484166,A. Fantilli,8482660,K. Johnson,8474037,J. van Riemsdyk,3,0
2025-04-12,2024021270,2,REG,02:01,CBJ,ev,none,wrist,1551,8484166,A. Fantilli,8483485,D. Mateychuk,,,4,0
2025-04-12,2024021270,2,REG,04:37,CBJ,ev,none,wrist,1551,8477497,S. Monahan,8480893,K. Marchenko,,,5,0
2025-04-12,2024021270,2,REG,05:14,CBJ,ev,none,wrist,1551,8482705,C. Sillinger,8481716,D. Voronkov,,,6,0
2025-04-12,2024021270,3,REG,17:41,CBJ,ev,none,snap,1551,8474037,J. van Riemsdyk,8479671,M. Olivier,,,7,0
2025-04-12,2024021266,1,REG,09:02,CAR,ev,none,snap,1551,8478970,J. Chatfield,8475200,D. Orlov,8482093,S. Jarvis,1,0
2025-04-12,2024021266,1,REG,17:46,CAR,ev,none,snap,1551,8482093,S. Jarvis,8478427,S. Aho,8482809,J. Blake,2,0
2025-04-12,2024021266,2,REG,02:02,CAR,ev,none,snap,1551,8482809,J. Blake,8482093,S. Jarvis,8478427,S. Aho,3,0
2025-04-12,2024021266,2,REG,12:59,CAR,ev,none,wrist,1551,8476873,M. Jankowski,8477478,W. Carrier,8479370,T. Jost,4,0
2025-04-12,2024021266,2,REG,19:43,NYR,ev,none,snap,1551,8482157,W. Cuylle,8476468,J. Miller,,,4,1
2025-04-12,2024021266,3,REG,03:45,CAR,ev,none,snap,1551,8473533,J. Staal,,,,,5,1
2025-04-12,2024021266,3,REG,06:07,NYR,pp,none,snap,1541,8476468,J. Miller,8476389,V. Trocheck,8478550,A. Panarin,5,2
2025-04-12,2024021266,3,REG,09:02,NYR,ev,none,backhand,1551,8479323,A. Fox,8478550,A. Panarin,8476389,V. Trocheck,5,3
2025-04-12,2024021266,3,REG,16:27,CAR,ev,empty-net,snap,0651,8476921,J. Martinook,8473533,J. Staal,,,6,3
2025-04-12,2024021266,3,REG,17:59,CAR,ev,empty-net,slap,0651,8482702,L. Stankoven,8476958,J. Slavin,,,7,3
2025-04-12,2024021267,1,REG,04:03,LAK,ev,none,wrist,1551,8482124,Q. Byfield,8483808,A. Kuzmenko,8482155,A. Laferriere,1,0
2025-04-12,2024021267,1,REG,07:14,LAK,pp,none,wrist,1451,8477942,K. Fiala,8483808,A. Kuzmenko,8482124,Q. Byfield,2,0
2025-04-12,2024021267,1,REG,10:39,COL,pp,none,wrist,1531,8475754,B. Nelson,8475745,C. Coyle,8480039,M. Necas,2,1
2025-04-12,2024021267,2,REG,02:13,COL,ev,none,wrist,1551,8477501,V. Nichushkin,8477476,A. Lehkonen,8479398,S. Girard,2,2
2025-04-12,2024021267,2,REG,10:57,LAK,ev,none,snap,1551,8482155,A. Laferriere,8482730,B. Clarke,8482124,Q. Byfield,3,2
2025-04-12,2024021267,2,REG,16:02,LAK,ev,none,backhand,1551,8471685,A. Kopitar,8477960,A. Kempe,8479998,M. Anderson,4,2
2025-04-12,2024021267,3,REG,09:18,COL,ev,none,wrist,1551,8484258,S. Malinski,8477501,V. Nichushkin,,,4,3
2025-04-12,2024021267,3,REG,12:11,LAK,ev,none,snap,1551,8477942,K. Fiala,8482155,A. Laferriere,,,5,3
2025-04-12,2024021267,3,REG,17:20,COL,ev,none,wrist,0651,8475754,B. Nelson,,,,,5,4
2025-04-12,2024021268,1,REG,19:41,BUF,pp,none,wrist,1541,8480839,R. Dahlin,8475722,J. Zucker,8482175,J. Peterka,0,1
2025-04-12,2024021268,2,REG,05:00,FLA,ev,none,backhand,1551,8477409,C. Verhaeghe,8477495,S. Jones,8478542,E. Rodrigues,1,1
2025-04-12,2024021268,2,REG,14:47,FLA,ev,none,tip-in,1551,8479344,J. Puljujarvi,8484304,U. Balinskis,8477409,C. Verhaeghe,2,1
2025-04-12,2024021268,3,REG,12:18,BUF,pp,none,snap,1531,8482175,J. Peterka,8480839,R. Dahlin,8477949,A. Tuch,2,2
2025-04-12,2024021268,5,SO,00:00,FLA,ev,none,wrist,1010,8482113,A. Lundell,,,,,3,2
2025-04-12,2024021269,4,OT,00:36,TOR,ev,none,wrist,1331,8478483,M. Marner,8477939,W. Nylander,8475166,J. Tavares,1,0
2025-04-12,2024021271,1,REG,10:40,CHI,sh,none,wrist,1541,8473422,N. Foligno,,,,,1,0
2025-04-12,2024021271,1,REG,13:21,CHI,pp,none,slap,1451,8484144,C. Bedard,8483506,S. Rinzel,8483493,F. Nazar,2,0
2025-04-12,2024021271,2,REG,11:15,WPG,pp,none,snap,1541,8475799,N. Niederreiter,8480049,D. Samberg,8480145,N. Pionk,2,1
2025-04-12,2024021271,2,REG,16:03,WPG,ev,none,wrist,1551,8478398,K. Connor,8480113,A. Iafallo,,,2,2
2025-04-12,2024021271,3,REG,02:08,WPG,ev,none,slap,1551,8477504,J. Morrissey,8476480,V. Namestnikov,8482149,C. Perfetti,2,3
2025-04-12,2024021271,3,REG,10:53,CHI,ev,none,slap,1551,8477987,R. Donato,8484144,C. Bedard,8481568,A. Vlasic,3,3
2025-04-12,2024021271,3,REG,14:05,CHI,ev,none,slap,1551,8483493,F. Nazar,8477479,T. Bertuzzi,8484783,A. Levshunov,4,3
2025-04-12,2024021271,3,REG,16:13,WPG,ev,none,wrist,1551,8477504,J. Morrissey,8476331,D. DeMelo,8478398,K. Connor,4,4
2025-04-12,2024021271,5,SO,00:00,WPG,ev,none,wrist,0101,8482149,C. Perfetti,,,,,4,5
2025-04-12,2024021272,1,REG,02:48,DAL,pp,none,snap,1451,8482740,W. Johnston,8478449,R. Hintz,8478420,M. Rantanen,1,0
2025-04-12,2024021272,1,REG,08:11,UTA,pp,none,tip-in,1541,8480849,B. Hayton,8479410,M. Sergachev,8482699,D. Guenther,1,1
2025-04-12,2024021272,2,REG,00:32,DAL,sh,none,slap,1541,8474090,B. Smith,8476278,C. Blackwell,8479351,S. Steel,2,1
2025-04-12,2024021272,2,REG,01:21,UTA,pp,none,slap,1541,8480434,S. Durzi,8483431,L. Cooley,8480855,J. McBain,2,2
2025-04-12,2024021272,2,REG,07:04,UTA,ev,none,wrist,1551,8483431,L. Cooley,8476874,O. Maatta,,,2,3
2025-04-12,2024021272,2,REG,18:06,UTA,pp,none,snap,1541,8482659,J. Doan,8480855,J. McBain,8483431,L. Cooley,2,4
2025-04-12,2024021272,2,REG,18:53,DAL,ev,none,snap,1551,8480027,J. Robertson,8476856,M. Dumba,8478420,M. Rantanen,3,4
2025-04-12,2024021272,3,REG,05:32,UTA,pp,none,wrist,1541,8477951,N. Schmaltz,8480849,B. Hayton,8482699,D. Guenther,3,5
2025-04-12,2024021273,1,REG,03:11,VAN,ev,none,wrist,1551,8477969,M. Pettersson,8481024,L. Karlsson,8476927,T. Blueger,1,0
2025-04-12,2024021273,2,REG,13:08,VAN,pp,none,tip-in,1451,8478498,J. DeBrusk,8481535,N. Hoglander,8480800,Q. Hughes,2,0
2025-04-12,2024021273,3,REG,00:22,MIN,ev,none,snap,1551,8482122,B. Faber,,,,,2,1
2025-04-12,2024021273,3,REG,13:14,MIN,ev,none,wrist,1551,8475220,M. Foligno,8477451,R. Hartman,8479638,J. Brazeau,2,2
2025-04-12,2024021273,4,OT,02:47,MIN,ev,none,wrist,1331,8475692,M. Zuccarello,8478864,K. Kaprizov,8482122,B. Faber,2,3
2025-04-12,2024021274,1,REG,08:11,NSH,ev,none,slap,1551,8477851,J. Oesterle,8482146,L. Evangelista,8478047,M. Bunting,0,1
2025-04-12,2024021274,2,REG,04:02,VGK,ev,none,snap,1551,8479353,B. Howden,8475188,B. McNabb,8476871,T. Pearson,1,1
2025-04-12,2024021274,2,REG,05:36,VGK,ev,none,wrist,1551,8478462,N. Roy,8478434,K. Kolesar,8477447,S. Theodore,2,1
2025-04-12,2024021274,2,REG,11:09,VGK,pp,none,wrist,1451,8482125,A. Holtz,8476448,W. Karlsson,8475191,R. Smith,3,1
2025-04-12,2024021274,3,REG,01:02,NSH,ev,none,wrist,1551,8476539,J. Marchessault,8482742,Z. L'Heureux,8482111,J. Barron,3,2
2025-04-12,2024021274,3,REG,04:58,NSH,ev,none,deflected,1551,8481743,M. Del Gaizo,8477971,A. Englund,8482146,L. Evangelista,3,3
2025-04-12,2024021274,3,REG,18:05,VGK,ev,none,slap,1551,8478396,N. Hanifin,8480727,Z. Whitecloud,8475191,R. Smith,4,3
2025-04-12,2024021274,3,REG,19:58,VGK,ev,empty-net,backhand,0651,8477964,I. Barbashev,8478462,N. Roy,8479353,B. Howden,5,3
2025-04-12,2024021275,2,REG,03:44,SEA,ev,none,wrist,1551,8475768,J. Schwartz,8474586,J. Eberle,,,1,0
2025-04-12,2024021275,3,REG,01:06,STL,ev,none,backhand,1551,8476889,R. Faksa,8477573,N. Walker,8475181,N. Leddy,1,1
2025-04-12,2024021275,3,REG,06:44,SEA,ev,none,wrist,1551,8479591,M. Eyssimont,8481789,T. Kartye,,,2,1
2025-04-12,2024021275,3,REG,07:21,STL,ev,none,backhand,1551,8476892,C. Parayko,8480023,R. Thomas,8479385,J. Kyrou,2,2
2025-04-12,2024021275,3,REG,07:34,STL,ev,none,slap,1551,8475181,N. Leddy,8482737,Z. Bolduc,8478472,M. Joseph,2,3
2025-04-12,2024021275,3,REG,09:53,SEA,ev,none,deflected,1551,8483524,S. Wright,8476467,J. Oleksiak,8481789,T. Kartye,3,3
2025-04-12,2024021275,5,SO,00:00,SEA,ev,none,wrist,1010,8476905,C. Stephenson,,,,,4,3
2025-04-13,2024021276,2,REG,11:43,PHI,ev,none,backhand,1551,8475235,N. Deslauriers,8481546,C. York,8477903,G. Hathaway,0,1
2025-04-13,2024021276,2,REG,12:36,OTT,ev,none,snap,1551,8482116,T. Stützle,8478469,T. Chabot,8474612,T. Hamonic,1,1
2025-04-13,2024021276,2,REG,17:17,PHI,ev,none,wrap-around,1551,8480220,N. Cates,8482126,E. Andrae,8481553,B. Brink,1,2
2025-04-13,2024021276,3,REG,04:41,OTT,ev,none,wrist,1551,8480188,F. Zetterlund,8481596,S. Pinto,8478469,T. Chabot,2,2
2025-04-13,2024021276,3,REG,07:33,PHI,ev,none,wrist,1551,8477903,G. Hathaway,8476372,N. Seeler,,,2,3
2025-04-13,2024021276,3,REG,12:54,OTT,ev,none,wrist,1551,8478469,T. Chabot,8481065,A. Crookshank,8482116,T. Stützle,3,3
2025-04-13,2024021276,4,OT,01:40,OTT,pp,none,wrist,1341,8482116,T. Stützle,8480208,D. Batherson,8473512,C. Giroux,4,3
2025-04-13,2024021277,2,REG,19:03,NYI,ev,none,wrist,1551,8477500,B. Horvat,,,,,0,1
2025-04-13,2024021278,1,REG,19:57,BOS,ev,none,wrist,1441,8477496,E. Lindholm,8477956,D. Pastrnak,8480035,H. Jokiharju,0,1
2025-04-13,2024021278,2,REG,08:52,BOS,pp,none,wrist,1541,8482763,F. Lysell,8478401,P. Zacha,8482177,M. Khusnutdinov,0,2
2025-04-13,2024021278,2,REG,11:56,BOS,ev,none,slap,1551,8479987,M. Geekie,8477956,D. Pastrnak,8477496,E. Lindholm,0,3
2025-04-13,2024021278,2,REG,19:44,PIT,pp,none,wrist,1451,8476483,R. Rakell,8481577,P. Tomasino,8482758,V. Koivunen,1,3
2025-04-13,2024021278,3,REG,17:30,BOS,ev,empty-net,wrist,1560,8480880,J. Lauko,8478401,P. Zacha,8477507,N. Zadorov,1,4
2025-04-13,2024021279,1,REG,19:43,TOR,ev,none,wrist,1551,8480995,P. Holmberg,8476853,M. Rielly,8478443,B. Carlo,0,1
2025-04-13,2024021279,2,REG,10:20,TOR,ev,none,slap,1551,8479318,A. Matthews,8476853,M. Rielly,8478483,M. Marner,0,2
2025-04-13,2024021279,3,REG,01:25,TOR,ev,none,tip-in,1551,8477939,W. Nylander,8477503,M. Domi,8481122,S. Benoit,0,3
2025-04-13,2024021279,3,REG,07:58,CAR,pp,none,slap,1451,8478427,S. Aho,8482093,S. Jarvis,8470613,B. Burns,1,3
2025-04-13,2024021279,3,REG,15:43,TOR,ev,none,wrist,1551,8475166,J. Tavares,8477503,M. Domi,8476853,M. Rielly,1,4
2025-04-13,2024021280,1,REG,16:35,TBL,ev,none,wrist,1551,8477404,J. Guentzel,8479542,B. Hagel,8478519,A. Cirelli,1,0
2025-04-13,2024021280,1,REG,19:37,BUF,ev,none,wrist,1551,8483468,J.Kulich,8479420,T. Thompson,,,1,1
2025-04-13,2024021280,1,REG,19:52,BUF,ev,none,wrist,1551,8477365,C. Clifton,8481522,P. Krebs,8482097,J. Quinn,1,2
2025-04-13,2024021280,2,REG,03:02,TBL,ev,none,snap,1551,8474151,R. McDonagh,8479542,B. Hagel,8478519,A. Cirelli,2,2
2025-04-13,2024021280,2,REG,06:34,TBL,ev,none,snap,1551,8476453,N. Kucherov,8475167,V. Hedman,8476826,Y. Gourde,3,2
2025-04-13,2024021280,2,REG,14:21,TBL,ev,none,snap,1551,8483447,C. Geekie,8482201,G. Goncalves,8477426,N. Paul,4,2
2025-04-13,2024021280,2,REG,16:45,TBL,ev,none,snap,1551,8482929,E. Lilleberg,8482070,M. Chaffee,8482201,G. Goncalves,5,2
2025-04-13,2024021280,3,REG,02:39,TBL,ev,none,snap,1551,8476453,N. Kucherov,,,,,6,2
2025-04-13,2024021280,3,REG,08:39,BUF,pp,none,tip-in,1531,8477949,A. Tuch,8480839,R. Dahlin,8482175,J. Peterka,6,3
2025-04-13,2024021280,3,REG,13:12,TBL,pp,none,wrist,1451,8477404,J. Guentzel,8476453,N. Kucherov,8479542,B. Hagel,7,3
2025-04-13,2024021280,3,REG,18:23,BUF,ev,none,snap,1551,8478043,S. Lafferty,8480839,R. Dahlin,,,7,4
2025-04-13,2024021281,1,REG,01:10,WSH,ev,none,slap,1551,8471214,A. Ovechkin,8478440,D. Strome,,,1,0
2025-04-13,2024021281,1,REG,14:36,CBJ,ev,none,snap,1551,8478460,Z. Werenski,8478500,I. Provorov,8477497,S. Monahan,1,1
2025-04-13,2024021281,2,REG,04:39,CBJ,ev,none,snap,1551,8484166,A. Fantilli,,,,,1,2
2025-04-13,2024021281,3,REG,01:57,CBJ,ev,none,wrist,1551,8484166,A. Fantilli,8482660,K. Johnson,8474037,J. van Riemsdyk,1,3
2025-04-13,2024021281,3,REG,15:48,CBJ,ev,none,snap,1551,8481716,D. Voronkov,,,,,1,4
2025-04-13,2024021282,2,REG,00:59,EDM,ev,none,backhand,1551,8477015,C. Brown,8478402,C. McDavid,,,0,1
2025-04-13,2024021282,2,REG,06:16,WPG,pp,none,snap,1451,8480113,A. Iafallo,8476460,M. Scheifele,8476525,C. Miller,1,1
2025-04-13,2024021282,2,REG,12:39,EDM,ev,none,slap,1551,8474641,A. Henrique,8470621,C. Perry,8480803,E. Bouchard,1,2
2025-04-13,2024021282,3,REG,12:25,EDM,ev,none,wrist,1551,8470621,C. Perry,8478585,D. Ryan,,,1,3
2025-04-13,2024021282,3,REG,18:40,EDM,ev,empty-net,backhand,1560,8478042,V. Arvidsson,8476967,B. Kulak,8478402,C. McDavid,1,4
2025-04-13,2024021283,1,REG,03:09,SJS,ev,none,wrist,1551,8475726,T. Toffoli,8479523,L. Carlsson,8479393,N. Gregor,0,1
2025-04-13,2024021283,1,REG,09:24,CGY,ev,none,slap,1551,8477346,M. Weegar,8483609,A. Klapka,8476456,J. Huberdeau,1,1
2025-04-13,2024021283,1,REG,14:15,CGY,ev,none,snap,1551,8483609,A. Klapka,8475172,N. Kadri,8476456,J. Huberdeau,2,1
2025-04-13,2024021283,2,REG,04:20,SJS,ev,none,backhand,1551,8480172,J. Rutta,8482667,W. Eklund,8475726,T. Toffoli,2,2
2025-04-13,2024021283,3,REG,01:30,CGY,ev,none,snap,1551,8481068,Y. Sharangovich,8480028,M. Frost,8481167,B. Pachal,3,2
2025-04-13,2024021283,3,REG,10:55,CGY,ev,none,wrist,1551,8482679,M. Coronato,8474150,M. Backlund,8476399,B. Coleman,4,2
2025-04-13,2024021283,3,REG,17:16,CGY,ev,empty-net,snap,0651,8481068,Y. Sharangovich,8478397,R. Andersson,,,5,2
2025-04-13,2024021284,1,REG,18:52,ANA,ev,none,snap,1551,8482745,M. McTavish,8481754,N. Nesterenko,8478873,T. Terry,1,0
2025-04-13,2024021284,2,REG,07:35,ANA,ev,none,snap,1551,8482118,S. Colangelo,8473986,A. Killorn,8478366,F. Vatrano,2,0
2025-04-13,2024021284,3,REG,10:05,COL,ev,none,wrist,1551,8483569,W. Aamodt,8480039,M. Necas,8480835,J. Drury,2,1
2025-04-13,2024021284,3,REG,14:34,COL,pp,none,tip-in,1541,8480835,J. Drury,8484258,S. Malinski,8475745,C. Coyle,2,2
2025-04-13,2024021284,3,REG,17:51,COL,ev,none,wrist,1551,8475745,C. Coyle,8476918,J. Vesey,8481186,L. O'Connor,2,3
2025-04-13,2024021284,3,REG,19:12,COL,ev,empty-net,wrist,1560,8473446,E. Johnson,8475745,C. Coyle,,,2,4
2025-04-14,2024021285,1,REG,06:00,MTL,ev,none,wrist,1551,8481618,A. Newhook,8484984,I. Demidov,8476469,J. Armia,1,0
2025-04-14,2024021285,1,REG,13:32,MTL,ev,none,backhand,1551,8484984,I. Demidov,8476469,J. Armia,8476875,M. Matheson,2,0
2025-04-14,2024021285,1,REG,18:40,CHI,pp,none,snap,1541,8477479,T. Bertuzzi,8483493,F. Nazar,8484144,C. Bedard,2,1
2025-04-14,2024021285,2,REG,16:41,CHI,pp,none,slap,1541,8483493,F. Nazar,8476882,T. Teravainen,8483506,S. Rinzel,2,2
2025-04-14,2024021285,3,REG,05:39,CHI,ev,none,snap,1551,8482117,L. Reichel,8482172,L. Slaggert,8480813,J. Veleno,2,3
2025-04-14,2024021285,3,REG,17:03,MTL,pp,none,deflected,1451,8483515,J. Slafkovský,8481540,C. Caufield,8483457,L. Hutson,3,3
2025-04-14,2024021285,5,SO,00:00,CHI,ev,none,backhand,0101,8483493,F. Nazar,,,,,3,4
2025-04-14,2024021286,1,REG,04:27,DET,ev,none,wrist,1551,8481607,A. Johansson,8477946,D. Larkin,8481013,J. Berggren,1,0
2025-04-14,2024021286,1,REG,07:15,DAL,ev,none,poke,1551,8483425,L. Bichsel,8473994,J. Benn,8478420,M. Rantanen,1,1
2025-04-14,2024021286,1,REG,13:52,DET,ev,none,snap,1551,8479337,A. DeBrincat,8474141,P. Kane,8483464,M. Kasper,2,1
2025-04-14,2024021286,2,REG,09:00,DAL,ev,none,tip-in,1551,8474149,E. Dadonov,8478449,R. Hintz,,,2,2
2025-04-14,2024021286,2,REG,11:25,DAL,sh,none,snap,1451,8476278,C. Blackwell,8479351,S. Steel,8476879,C. Ceci,2,3
2025-04-14,2024021286,3,REG,01:15,DET,ev,none,snap,1551,8481013,J. Berggren,8482078,L. Raymond,8481542,M. Seider,3,3
2025-04-14,2024021286,3,REG,04:19,DET,pp,none,wrist,1451,8481542,M. Seider,8482078,L. Raymond,8477946,D. Larkin,4,3
2025-04-14,2024021286,3,REG,09:49,DET,ev,none,snap,1551,8482078,L. Raymond,,,,,5,3
2025-04-14,2024021286,3,REG,12:56,DAL,ev,none,snap,1551,8482740,W. Johnston,8473994,J. Benn,8474090,B. Smith,5,4
2025-04-14,2024021286,3,REG,18:04,DET,ev,empty-net,snap,0651,8475765,V. Tarasenko,8479992,M. Rasmussen,8481542,M. Seider,6,4
2025-04-14,2024021287,1,REG,02:22,FLA,pp,none,slap,1451,8477933,S. Reinhart,8477935,S. Bennett,8478542,E. Rodrigues,1,0
2025-04-14,2024021287,1,REG,08:43,NYR,ev,none,wrist,1551,8482460,M. Rempe,8480817,K. Miller,8481704,J. Parssinen,1,1
2025-04-14,2024021287,2,REG,04:32,FLA,ev,none,deflected,1551,8477409,C. Verhaeghe,8478055,G. Forsling,8477493,A. Barkov,2,1
2025-04-14,2024021287,2,REG,13:54,FLA,ev,none,snap,1551,8477933,S. Reinhart,8477493,A. Barkov,8477495,S. Jones,3,1
2025-04-14,2024021287,2,REG,15:55,NYR,ev,none,tip-in,1551,8481704,J. Parssinen,8480817,K. Miller,8482157,W. Cuylle,3,2
2025-04-14,2024021287,2,REG,17:33,NYR,ev,none,wrist,1551,8476468,J. Miller,8476459,M. Zibanejad,8475184,C. Kreider,3,3
2025-04-14,2024021287,3,REG,03:40,NYR,sh,none,snap,1451,8476389,V. Trocheck,8476468,J. Miller,,,3,4
2025-04-14,2024021287,3,REG,16:31,NYR,ev,none,wrist,1551,8477380,J. Brodzinski,8475184,C. Kreider,8482460,M. Rempe,3,5
2025-04-14,2024021288,1,REG,06:10,NSH,pp,none,wrist,1451,8475158,R. O'Reilly,8476887,F. Forsberg,,,1,0
2025-04-14,2024021288,1,REG,12:30,UTA,ev,none,wrist,1551,8480891,M. Kesselring,8474013,I. Cole,8477021,A. Kerfoot,1,1
2025-04-14,2024021288,1,REG,18:21,UTA,ev,none,wrist,1551,8475760,N. Bjugstad,8477021,A. Kerfoot,8478831,K. Stenlund,1,2
2025-04-14,2024021288,2,REG,03:03,UTA,ev,none,wrist,1551,8483431,L. Cooley,8479343,C. Keller,,,1,3
2025-04-14,2024021288,2,REG,04:13,UTA,pp,none,snap,1531,8477951,N. Schmaltz,8480849,B. Hayton,8479343,C. Keller,1,4
2025-04-14,2024021288,2,REG,11:01,NSH,ev,none,wrist,1551,8482146,L. Evangelista,8475158,R. O'Reilly,8476869,B. Skjei,2,4
2025-04-14,2024021288,2,REG,14:20,NSH,ev,none,wrist,1551,8478047,M. Bunting,8484241,M. Wood,8482111,J. Barron,3,4
2025-04-14,2024021288,3,REG,12:05,UTA,ev,none,wrist,1551,8479343,C. Keller,8483431,L. Cooley,8480891,M. Kesselring,3,5
2025-04-14,2024021288,3,REG,18:13,UTA,ev,empty-net,wrist,1560,8479343,C. Keller,8482699,D. Guenther,8483431,L. Cooley,3,6
2025-04-14,2024021288,3,REG,19:35,UTA,ev,none,tip-in,1551,8478831,K. Stenlund,8476874,O. Maatta,8477021,A. Kerfoot,3,7
2025-04-14,2024021289,1,REG,02:55,LAK,ev,none,snap,1551,8477998,W. Foegele,8476479,P. Danault,8479675,T. Moore,0,1
2025-04-14,2024021289,1,REG,09:26,LAK,pp,none,tip-in,1541,8482124,Q. Byfield,8477960,A. Kempe,8477942,K. Fiala,0,2
2025-04-14,2024021289,1,REG,18:45,LAK,ev,none,snap,1551,8478882,V. Gavrikov,8479675,T. Moore,8477998,W. Foegele,0,3
2025-04-14,2024021289,2,REG,07:43,LAK,pp,none,slap,1541,8477942,K. Fiala,8477960,A. Kempe,8471685,A. Kopitar,0,4
2025-04-14,2024021289,3,REG,08:13,LAK,ev,none,wrist,1551,8477960,A. Kempe,8471685,A. Kopitar,8479998,M. Anderson,0,5
2025-04-14,2024021290,2,REG,04:20,SJS,pp,none,wrist,1541,8484801,M. Celebrini,8475726,T. Toffoli,8484152,L. Cagnoni,0,1
2025-04-14,2024021290,3,REG,09:03,VAN,ev,none,backhand,1551,8481024,L. Karlsson,8476927,T. Blueger,8482055,D. O'Connor,1,1
2025-04-14,2024021290,4,OT,04:42,VAN,ev,none,wrist,1331,8478498,J. DeBrusk,8478444,B. Boeser,8480800,Q. Hughes,2,1
2025-04-15,2024021291,1,REG,07:25,NJD,ev,none,slap,1551,8478414,T. Meier,8477488,B. Pesce,8482684,L. Hughes,0,1
2025-04-15,2024021291,1,REG,08:43,BOS,ev,none,slap,1560,8479987,M. Geekie,8477956,D. Pastrnak,8477507,N. Zadorov,1,1
2025-04-15,2024021291,2,REG,00:29,BOS,ev,none,backhand,1551,8477956,D. Pastrnak,8477496,E. Lindholm,,,2,1
2025-04-15,2024021291,2,REG,04:07,NJD,pp,none,wrist,1541,8476474,S. Noesen,8480002,N. Hischier,8478414,T. Meier,2,2
2025-04-15,2024021291,2,REG,04:37,NJD,ev,none,wrist,1551,8483495,S. Nemec,8483397,M. McLaughlin,,,2,3
2025-04-15,2024021291,2,REG,13:37,NJD,pp,none,deflected,1541,8482110,D. Mercer,8480002,N. Hischier,8482684,L. Hughes,2,4
2025-04-15,2024021291,2,REG,16:53,BOS,ev,none,snap,1551,8481558,J. Farinacci,8480880,J. Lauko,,,3,4
2025-04-15,2024021291,3,REG,05:08,BOS,ev,none,snap,1551,8482177,M. Khusnutdinov,8482763,F. Lysell,8477507,N. Zadorov,4,4
2025-04-15,2024021291,4,OT,01:30,NJD,ev,none,snap,1331,8475208,B. Dumoulin,8482110,D. Mercer,8478414,T. Meier,4,5
2025-04-15,2024021292,2,REG,14:15,TOR,ev,none,slap,1551,8478904,S. Lorentz,8476872,S. Laughton,8475714,C. Jarnkrok,0,1
2025-04-15,2024021292,3,REG,15:39,TOR,ev,none,snap,1551,8478483,M. Marner,8479318,A. Matthews,8482720,M. Knies,0,2
2025-04-15,2024021292,3,REG,18:08,TOR,ev,empty-net,wrist,1560,8479318,A. Matthews,,,,,0,3
2025-04-15,2024021292,3,REG,18:43,TOR,ev,none,backhand,1551,8481582,N. Robertson,8480995,P. Holmberg,8482259,B. McMann,0,4
2025-04-15,2024021293,1,REG,01:28,CHI,ev,none,wrist,1551,8484144,C. Bedard,8477987,R. Donato,8483466,K. Korchinski,0,1
2025-04-15,2024021293,1,REG,06:13,CHI,ev,none,snap,1551,8480813,J. Veleno,8484197,O. Moore,8473422,N. Foligno,0,2
2025-04-15,2024021293,1,REG,06:56,OTT,ev,none,wrist,1551,8476393,N. Cousins,8478502,D. Gilbert,8484321,N. Matinpalo,1,2
2025-04-15,2024021293,2,REG,01:19,OTT,pp,none,wrist,1451,8478469,T. Chabot,8482116,T. Stützle,8481528,D. Cozens,2,2
2025-04-15,2024021293,2,REG,02:24,CHI,pp,none,wrist,1541,8484144,C. Bedard,8477479,T. Bertuzzi,8483506,S. Rinzel,2,3
2025-04-15,2024021293,2,REG,15:06,OTT,pp,none,snap,1451,8480208,D. Batherson,8481528,D. Cozens,,,3,3
2025-04-15,2024021293,4,OT,00:48,CHI,ev,none,snap,1331,8483493,F. Nazar,8484144,C. Bedard,,,3,4
2025-04-15,2024021295,2,REG,02:32,CBJ,ev,none,slap,1551,8479371,D. Fabbro,8478460,Z. Werenski,8477497,S. Monahan,0,1
2025-04-15,2024021295,2,REG,17:01,CBJ,pp,none,wrist,1541,8482660,K. Johnson,8477497,S. Monahan,8478460,Z. Werenski,0,2
2025-04-15,2024021295,3,REG,13:26,CBJ,ev,none,tip-in,1551,8484166,A. Fantilli,8480893,K. Marchenko,8478500,I. Provorov,0,3
2025-04-15,2024021294,1,REG,01:32,TBL,ev,none,snap,1551,8478010,B. Point,8476826,Y. Gourde,8482655,J. Moser,1,0
2025-04-15,2024021294,1,REG,15:25,TBL,ev,none,slap,1551,8483447,C. Geekie,8478010,B. Point,8475167,V. Hedman,2,0
2025-04-15,2024021294,1,REG,18:09,TBL,sh,none,snap,1541,8477404,J. Guentzel,8478519,A. Cirelli,,,3,0
2025-04-15,2024021294,2,REG,04:42,TBL,ev,none,snap,1551,8476453,N. Kucherov,8476826,Y. Gourde,8478010,B. Point,4,0
2025-04-15,2024021294,2,REG,05:36,FLA,ev,none,wrist,1551,8473419,B. Marchand,8477409,C. Verhaeghe,8482641,M. Kiersted,4,1
2025-04-15,2024021294,3,REG,11:22,TBL,pp,none,slap,1351,8478178,D. Raddysh,8476453,N. Kucherov,8475167,V. Hedman,5,1
2025-04-15,2024021296,1,REG,08:15,WSH,pp,none,wrist,1541,8478440,D. Strome,8479400,P. Dubois,8480873,R. Sandin,0,1
2025-04-15,2024021296,2,REG,07:52,WSH,ev,none,snap,1551,8478440,D. Strome,8471214,A. Ovechkin,,,0,2
2025-04-15,2024021296,3,REG,11:36,NYI,ev,none,deflected,1551,8476419,J. Pageau,,,,,1,2
2025-04-15,2024021296,3,REG,18:49,WSH,ev,empty-net,wrist,1560,8478440,D. Strome,8476880,T. Wilson,8475343,N. Dowd,1,3
2025-04-15,2024021297,1,REG,08:08,STL,ev,none,snap,1551,8475170,B. Schenn,8483516,J. Snuggerud,8477402,P. Buchnevich,1,0
2025-04-15,2024021297,1,REG,11:17,STL,ev,none,snap,1551,8477402,P. Buchnevich,8482089,J. Neighbours,8480023,R. Thomas,2,0
2025-04-15,2024021297,1,REG,14:45,STL,pp,none,deflected,1451,8483516,J. Snuggerud,8482737,Z. Bolduc,8477402,P. Buchnevich,3,0
2025-04-15,2024021297,1,REG,19:13,STL,pp,none,snap,1451,8482737,Z. Bolduc,8480023,R. Thomas,8475764,C. Fowler,4,0
2025-04-15,2024021297,2,REG,05:40,UTA,pp,none,slap,1541,8479343,C. Keller,8479410,M. Sergachev,8477951,N. Schmaltz,4,1
2025-04-15,2024021297,3,REG,06:59,STL,pp,none,snap,1451,8479385,J. Kyrou,8475170,B. Schenn,8476897,O. Sundqvist,5,1
2025-04-15,2024021297,3,REG,17:24,STL,ev,none,wrist,1551,8479385,J. Kyrou,8480281,A. Toropchenko,8475764,C. Fowler,6,1
2025-04-15,2024021298,1,REG,09:47,MIN,ev,none,wrist,1551,8475149,M. Johansson,8475692,M. Zuccarello,8478136,J. Middleton,1,0
2025-04-15,2024021298,1,REG,13:48,ANA,ev,none,backhand,1551,8473986,A. Killorn,8483445,C. Gauthier,8484153,L. Carlsson,1,1
2025-04-15,2024021298,3,REG,08:45,ANA,ev,none,backhand,1551,8482118,S. Colangelo,8482745,M. McTavish,8481533,T. Zegras,1,2
2025-04-15,2024021298,3,REG,19:38,MIN,ev,none,wrist,1560,8478493,J. Eriksson Ek,8481557,M. Boldy,8475692,M. Zuccarello,2,2
2025-04-15,2024021298,4,OT,04:42,MIN,ev,none,wrist,1331,8481557,M. Boldy,8475149,M. Johansson,8476463,J. Brodin,3,2
2025-04-15,2024021299,1,REG,05:25,VGK,ev,none,wrist,1551,8481604,P. Dorofeyev,8476881,T. Hertl,8476438,B. Saad,0,1
2025-04-15,2024021299,1,REG,10:11,CGY,pp,none,snap,1451,8480028,M. Frost,8477346,M. Weegar,8482679,M. Coronato,1,1
2025-04-15,2024021299,1,REG,14:52,VGK,ev,none,snap,1551,8478462,N. Roy,8477964,I. Barbashev,8478434,K. Kolesar,1,2
2025-04-15,2024021299,1,REG,19:36,VGK,ev,none,wrist,1551,8476881,T. Hertl,8476438,B. Saad,8479980,N. Hague,1,3
2025-04-15,2024021299,3,REG,00:32,CGY,pp,none,wrist,1451,8475172,N. Kadri,8476456,J. Huberdeau,8482679,M. Coronato,2,3
2025-04-15,2024021299,3,REG,01:04,CGY,ev,none,wrist,1551,8474150,M. Backlund,8476399,B. Coleman,8480860,K. Bahl,3,3
2025-04-15,2024021299,3,REG,11:01,CGY,ev,none,tip-in,1551,8483609,A. Klapka,8481167,B. Pachal,8475172,N. Kadri,4,3
2025-04-15,2024021299,3,REG,11:12,VGK,ev,none,snap,1551,8476438,B. Saad,,,,,4,4
2025-04-15,2024021299,5,SO,00:00,CGY,ev,none,wrist,1010,8480028,M. Frost,,,,,5,4
2025-04-15,2024021300,1,REG,15:14,LAK,ev,none,tip-in,1551,8482726,S. Helenius,8478882,V. Gavrikov,8481606,J. Spence,0,1
2025-04-15,2024021300,1,REG,16:23,LAK,pp,none,tip-in,1541,8481532,A. Turcotte,8477960,A. Kempe,8477942,K. Fiala,0,2
2025-04-15,2024021300,2,REG,05:26,SEA,sh,none,wrist,1541,8481789,T. Kartye,,,,,1,2
2025-04-15,2024021300,2,REG,13:24,SEA,pp,none,wrist,1451,8477986,B. Montour,8477444,A. Burakovsky,8481554,K. Kakko,2,2
2025-04-15,2024021300,2,REG,16:05,LAK,ev,none,backhand,1551,8477998,W. Foegele,8476479,P. Danault,8478882,V. Gavrikov,2,3
2025-04-15,2024021300,2,REG,17:17,LAK,ev,none,snap,1551,8482155,A. Laferriere,8477942,K. Fiala,8482408,J. Malott,2,4
2025-04-15,2024021300,3,REG,01:41,LAK,ev,none,wrist,1551,8477960,A. Kempe,8481532,A. Turcotte,8483808,A. Kuzmenko,2,5
2025-04-15,2024021300,3,REG,02:38,LAK,ev,none,wrist,1551,8482726,S. Helenius,8479421,J. Moverare,8473453,T. Lewis,2,6
2025-04-15,2024021300,3,REG,05:12,SEA,ev,none,wrist,1551,8475768,J. Schwartz,8476467,J. Oleksiak,8482866,V. Ottavainen,3,6
2025-04-15,2024021300,3,REG,13:34,SEA,pp,none,tip-in,1451,8482665,M. Beniers,8474586,J. Eberle,8477955,J. McCann,4,6
2025-04-15,2024021300,3,REG,19:30,SEA,pp,none,snap,1460,8480009,E. Tolvanen,8483524,S. Wright,8478407,V. Dunn,5,6
2025-04-16,2024021301,1,REG,03:50,MTL,ev,none,snap,1551,8482087,K. Guhle,8483515,J. Slafkovský,8480018,N. Suzuki,1,0
2025-04-16,2024021301,1,REG,09:56,CAR,ev,none,snap,1551,8475791,T. Hall,8480336,S. Walker,8480829,J. Kotkaniemi,1,1
2025-04-16,2024021301,2,REG,16:22,MTL,ev,none,snap,1551,8480018,N. Suzuki,8478851,A. Carrier,,,2,1
2025-04-16,2024021301,2,REG,18:48,MTL,ev,none,snap,1551,8482087,K. Guhle,8481540,C. Caufield,8483457,L. Hutson,3,1
2025-04-16,2024021301,3,REG,14:10,CAR,ev,none,snap,1551,8479370,T. Jost,8484203,B. Nadeau,8475200,D. Orlov,3,2
2025-04-16,2024021301,3,REG,18:05,MTL,ev,empty-net,snap,0651,8478133,J. Evans,,,,,4,2
2025-04-16,2024021302,2,REG,13:49,WPG,ev,none,slap,1551,8480145,N. Pionk,8482149,C. Perfetti,8476480,V. Namestnikov,1,0
2025-04-16,2024021302,3,REG,05:45,ANA,ev,none,wrist,1551,8478873,T. Terry,8478366,F. Vatrano,8482178,I. Moore,1,1
2025-04-16,2024021302,4,OT,01:11,WPG,ev,none,wrist,1331,8476460,M. Scheifele,8477504,J. Morrissey,8478398,K. Connor,2,1
2025-04-16,2024021303,1,REG,17:07,DET,ev,none,snap,1551,8481013,J. Berggren,8482762,S. Edvinsson,8482078,L. Raymond,0,1
2025-04-16,2024021303,2,REG,05:20,DET,ev,none,wrist,1551,8477456,J. Compher,8479992,M. Rasmussen,8473507,J. Petry,0,2
2025-04-16,2024021303,3,REG,02:55,DET,ev,none,snap,1551,8477946,D. Larkin,8482762,S. Edvinsson,8481542,M. Seider,0,3
2025-04-16,2024021303,3,REG,11:32,NJD,pp,none,tip-in,1451,8475287,E. Haula,8478466,D. Sprong,8483429,S. Casey,1,3
2025-04-16,2024021303,3,REG,14:21,NJD,ev,none,snap,1551,8482110,D. Mercer,8475287,E. Haula,8482635,M. Hardman,2,3
2025-04-16,2024021303,3,REG,17:09,DET,ev,none,wrist,1441,8479337,A. DeBrincat,8477946,D. Larkin,8481542,M. Seider,2,4
2025-04-16,2024021303,3,REG,19:50,DET,ev,empty-net,wrist,1560,8483464,M. Kasper,8482078,L. Raymond,8481013,J. Berggren,2,5
2025-04-16,2024021304,1,REG,00:16,DAL,ev,none,wrist,1551,8478975,M. Marchment,8475168,M. Duchene,8475794,T. Seguin,0,1
2025-04-16,2024021304,1,REG,13:02,NSH,ev,none,slap,1551,8477851,J. Oesterle,8475158,R. O'Reilly,,,1,1
2025-04-16,2024021304,1,REG,13:51,NSH,ev,none,tip-in,1551,8477944,J. Vrana,8477851,J. Oesterle,8482768,F. Svechkov,2,1
2025-04-16,2024021304,1,REG,19:45,NSH,ev,none,tip-in,1551,8482111,J. Barron,8482146,L. Evangelista,8475158,R. O'Reilly,3,1
2025-04-16,2024021304,2,REG,06:31,NSH,ev,none,wrist,1551,8476539,J. Marchessault,8474564,S. Stamkos,8476887,F. Forsberg,4,1
2025-04-16,2024021304,2,REG,09:49,NSH,pp,none,snap,1451,8475158,R. O'Reilly,8476887,F. Forsberg,8476539,J. Marchessault,5,1
2025-04-16,2024021305,1,REG,08:23,VAN,ev,none,backhand,1551,8480459,P. Suter,8478856,C. Garland,8481535,N. Hoglander,1,0
2025-04-16,2024021305,2,REG,18:33,VGK,ev,none,wrist,1551,8478109,V. Olofsson,8476448,W. Karlsson,8477447,S. Theodore,1,1
2025-04-16,2024021305,3,REG,07:59,VGK,ev,none,wrist,1551,8481604,P. Dorofeyev,8478109,V. Olofsson,8477018,B. Hutton,1,2
2025-04-16,2024021305,3,REG,10:45,VGK,ev,none,tip-in,1551,8478403,J. Eichel,8477018,B. Hutton,8479353,B. Howden,1,3
2025-04-16,2024021305,3,REG,18:28,VGK,ev,empty-net,wrist,1560,8481655,C. Schwindt,8477447,S. Theodore,,,1,4
2025-04-16,2024021306,1,REG,08:20,EDM,ev,none,wrist,1551,8480834,T. Emberson,8478402,C. McDavid,8475784,J. Skinner,0,1
2025-04-16,2024021306,2,REG,10:17,EDM,ev,none,wrist,1551,8479368,M. Jones,8474641,A. Henrique,8480834,T. Emberson,0,2
2025-04-16,2024021306,3,REG,17:23,EDM,ev,empty-net,wrist,1560,8470621,C. Perry,8477953,K. Kapanen,,,0,3
2025-04-17,2024021307,1,REG,04:35,BUF,ev,none,tip-in,1551,8477949,A. Tuch,8475722,J. Zucker,8480879,J. Bernard-Docker,1,0
2025-04-17,2024021307,1,REG,13:49,BUF,sh,none,backhand,1541,8481522,P. Krebs,8477949,A. Tuch,8477365,C. Clifton,2,0
2025-04-17,2024021307,1,REG,15:09,PHI,pp,none,wrist,1541,8484387,M. Michkov,8482159,T. Foerster,8476461,S. Couturier,2,1
2025-04-17,2024021307,1,REG,16:11,BUF,ev,none,wrist,1551,8482097,J. Quinn,8480802,R. McLeod,8482175,J. Peterka,3,1
2025-04-17,2024021307,2,REG,01:24,BUF,ev,none,wrist,1551,8482175,J. Peterka,8480802,R. McLeod,8482097,J. Quinn,4,1
2025-04-17,2024021307,2,REG,07:11,PHI,ev,none,wrist,1551,8484387,M. Michkov,8476461,S. Couturier,8478439,T. Konecny,4,2
2025-04-17,2024021307,3,REG,00:15,PHI,ev,none,tip-in,1551,8482159,T. Foerster,8480220,N. Cates,8481553,B. Brink,4,3
2025-04-17,2024021307,3,REG,19:12,BUF,ev,empty-net,wrist,0651,8480802,R. McLeod,,,,,5,3
2025-04-17,2024021307,3,REG,19:41,PHI,ev,none,slap,0651,8481553,B. Brink,8484387,M. Michkov,8480068,R. Poehling,5,4
2025-04-17,2024021308,1,REG,17:53,TOR,ev,none,wrist,1551,8479318,A. Matthews,8482720,M. Knies,8478483,M. Marner,1,0
2025-04-17,2024021308,1,REG,19:19,DET,ev,none,backhand,1551,8475766,A. Watson,8475718,J. Holl,,,1,1
2025-04-17,2024021308,2,REG,02:16,DET,ev,none,wrist,1551,8475718,J. Holl,8483464,M. Kasper,8475765,V. Tarasenko,1,2
2025-04-17,2024021308,2,REG,05:50,DET,pp,none,slap,1541,8479337,A. DeBrincat,8481542,M. Seider,8474141,P. Kane,1,3
2025-04-17,2024021308,3,REG,03:43,TOR,ev,none,wrist,1551,8479026,P. Myers,8478904,S. Lorentz,8475714,C. Jarnkrok,2,3
2025-04-17,2024021308,3,REG,19:58,TOR,ev,none,wrist,1560,8475690,C. Tanev,8478483,M. Marner,8480995,P. Holmberg,3,3
2025-04-17,2024021308,4,OT,00:56,TOR,ev,none,wrist,1331,8476872,S. Laughton,8477541,D. Mermis,8482720,M. Knies,4,3
2025-04-17,2024021309,1,REG,11:55,OTT,ev,none,snap,1551,8478874,A. Gaudette,8476393,N. Cousins,,,1,0
2025-04-17,2024021309,1,REG,16:35,OTT,pp,none,wrist,1451,8481528,D. Cozens,8480208,D. Batherson,8482105,J. Sanderson,2,0
2025-04-17,2024021309,1,REG,17:22,OTT,ev,none,snap,1551,8481596,S. Pinto,8478020,M. Amadio,8482092,R. Greig,3,0
2025-04-17,2024021309,1,REG,17:33,CAR,ev,none,wrist,1551,8480829,J. Kotkaniemi,8480830,A. Svechnikov,8475791,T. Hall,3,1
2025-04-17,2024021309,1,REG,19:18,CAR,ev,none,bat,1551,8480291,S. Brind'Amour,8477478,W. Carrier,8482666,S. Morrow,3,2
2025-04-17,2024021309,2,REG,00:50,CAR,pp,none,slap,1541,8480830,A. Svechnikov,8482702,L. Stankoven,8476906,S. Gostisbehere,3,3
2025-04-17,2024021309,2,REG,04:05,CAR,ev,none,wrist,1551,8478458,J. Roslovic,,,,,3,4
2025-04-17,2024021309,2,REG,06:32,CAR,ev,none,snap,1551,8479370,T. Jost,8475791,T. Hall,,,3,5
2025-04-17,2024021309,3,REG,04:17,OTT,ev,none,wrist,1551,8478874,A. Gaudette,8482116,T. Stützle,,,4,5
2025-04-17,2024021309,3,REG,10:01,OTT,ev,none,backhand,1551,8480208,D. Batherson,8480188,F. Zetterlund,8481528,D. Cozens,5,5
2025-04-17,2024021309,3,REG,13:38,OTT,pp,none,snap,1451,8480208,D. Batherson,8482116,T. Stützle,8481528,D. Cozens,6,5
2025-04-17,2024021309,3,REG,18:48,OTT,pp,none,wrist,1460,8482116,T. Stützle,8482105,J. Sanderson,8482095,T. Kleven,7,5
2025-04-17,2024021310,2,REG,01:02,NYR,sh,none,snap,1541,8476389,V. Trocheck,8476468,J. Miller,,,1,0
2025-04-17,2024021310,3,REG,04:02,NYR,ev,none,snap,1551,8475184,C. Kreider,8476459,M. Zibanejad,8482157,W. Cuylle,2,0
2025-04-17,2024021310,3,REG,12:50,NYR,ev,none,slap,1551,8476459,M. Zibanejad,8480817,K. Miller,,,3,0
2025-04-17,2024021310,3,REG,16:24,NYR,ev,none,tip-in,1551,8476459,M. Zibanejad,8475184,C. Kreider,,,4,0
2025-04-17,2024021311,1,REG,04:08,WSH,ev,none,wrist,1551,8481580,C. McMichael,8476880,T. Wilson,,,0,1
2025-04-17,2024021311,1,REG,04:54,PIT,ev,none,wrist,1551,8475810,B. Rust,8482758,V. Koivunen,8476891,M. Grzelcyk,1,1
2025-04-17,2024021311,2,REG,07:19,PIT,pp,none,wrist,1451,8475810,B. Rust,8471675,S. Crosby,8482758,V. Koivunen,2,1
2025-04-17,2024021311,2,REG,11:56,PIT,ev,none,snap,1551,8471675,S. Crosby,8481577,P. Tomasino,8480980,C. Dewar,3,1
2025-04-17,2024021311,2,REG,16:56,WSH,pp,none,slap,1541,8471214,A. Ovechkin,8478440,D. Strome,8479400,P. Dubois,3,2
2025-04-17,2024021311,3,REG,08:46,PIT,sh,none,wrist,1541,8478046,D. Heinen,,,,,4,2
2025-04-17,2024021311,3,REG,09:01,PIT,ev,none,wrist,1551,8481577,P. Tomasino,8476483,R. Rakell,8476891,M. Grzelcyk,5,2
2025-04-17,2024021312,2,REG,02:21,CBJ,ev,none,wrist,1551,8482705,C. Sillinger,,,,,1,0
2025-04-17,2024021312,2,REG,07:43,CBJ,ev,none,snap,1551,8479371,D. Fabbro,8480887,J. Harris,,,2,0
2025-04-17,2024021312,2,REG,10:09,CBJ,ev,none,snap,1551,8481716,D. Voronkov,8478460,Z. Werenski,8482705,C. Sillinger,3,0
2025-04-17,2024021312,2,REG,15:14,CBJ,ev,none,slap,1551,8476374,S. Kuraly,8479941,J. Danforth,8475790,E. Gudbranson,4,0
2025-04-17,2024021312,2,REG,17:27,CBJ,ev,none,snap,1551,8478460,Z. Werenski,8477497,S. Monahan,8480893,K. Marchenko,5,0
2025-04-17,2024021312,3,REG,14:48,NYI,ev,none,wrist,1551,8477392,H. Fasching,8475231,C. Cizikas,,,5,1
2025-04-17,2024021312,3,REG,18:37,CBJ,ev,none,wrist,1551,8484166,A. Fantilli,8474037,J. van Riemsdyk,,,6,1
2025-04-17,2024020653,2,REG,02:15,CGY,ev,none,wrist,1551,8475172,N. Kadri,8483609,A. Klapka,8481167,B. Pachal,0,1
2025-04-17,2024020653,3,REG,06:05,CGY,ev,none,wrist,1551,8484821,S. Morton,8479066,R. Lomberg,8478211,D. Hunt,0,2
2025-04-17,2024020653,3,REG,07:28,CGY,ev,none,slap,1551,8475172,N. Kadri,8478211,D. Hunt,8481068,Y. Sharangovich,0,3
2025-04-17,2024020653,3,REG,08:24,CGY,ev,none,snap,1551,8484768,Z. Parekh,8474150,M. Backlund,,,0,4
2025-04-17,2024020653,3,REG,11:35,CGY,ev,none,snap,1551,8474150,M. Backlund,8482679,M. Coronato,,,0,5
2025-04-17,2024020653,3,REG,13:49,LAK,pp,none,wrist,1451,8483406,T. Ward,8481606,J. Spence,8482730,B. Clarke,1,5
2025-04-19,2024030151,1,REG,09:31,STL,pp,none,wrist,1541,8480023,R. Thomas,8475764,C. Fowler,8477402,P. Buchnevich,0,1
2025-04-19,2024030151,1,REG,13:38,WPG,pp,none,wrist,1451,8476460,M. Scheifele,8478398,K. Connor,8477504,J. Morrissey,1,1
2025-04-19,2024030151,1,REG,15:02,WPG,ev,none,tip-in,1551,8479994,J. Anderson-Dolan,8480289,M. Barron,8474568,L. Schenn,2,1
2025-04-19,2024030151,1,REG,18:10,STL,ev,none,wrist,1551,8476897,O. Sundqvist,8482737,Z. Bolduc,8475753,J. Faulk,2,2
2025-04-19,2024030151,2,REG,01:13,STL,pp,none,wrist,1541,8479385,J. Kyrou,8475753,J. Faulk,8482089,J. Neighbours,2,3
2025-04-19,2024030151,3,REG,09:18,WPG,ev,none,wrist,1551,8480113,A. Iafallo,8476460,M. Scheifele,8478398,K. Connor,3,3
2025-04-19,2024030151,3,REG,18:24,WPG,ev,none,snap,1551,8478398,K. Connor,8476460,M. Scheifele,8477504,J. Morrissey,4,3
2025-04-19,2024030151,3,REG,19:07,WPG,ev,empty-net,wrist,0651,8476392,A. Lowry,8478891,M. Appleton,,,5,3
2025-04-19,2024030161,2,REG,09:30,COL,ev,none,deflected,1551,8477476,A. Lehkonen,8477492,N. MacKinnon,8480039,M. Necas,0,1
2025-04-19,2024030161,2,REG,16:38,COL,pp,none,wrist,1541,8477492,N. MacKinnon,8480069,C. Makar,8477494,J. Drouin,0,2
2025-04-19,2024030161,3,REG,06:45,DAL,pp,none,tip-in,1451,8478449,R. Hintz,8481581,T. Harley,8482740,W. Johnston,1,2
2025-04-19,2024030161,3,REG,12:56,COL,ev,none,tip-in,1551,8478038,D. Toews,8476312,J. Manson,8481186,L. O'Connor,1,3
2025-04-19,2024030161,3,REG,16:52,COL,ev,empty-net,wrist,1560,8477492,N. MacKinnon,8481186,L. O'Connor,8479324,R. Lindgren,1,4
2025-04-19,2024030161,3,REG,17:03,COL,ev,none,snap,1551,8475745,C. Coyle,8480835,J. Drury,8480448,P. Kelly,1,5
2025-04-20,2024030141,1,REG,02:24,CAR,ev,none,snap,1551,8478970,J. Chatfield,8480762,E. Robinson,8478458,J. Roslovic,1,0
2025-04-20,2024030141,2,REG,06:37,CAR,ev,none,snap,1551,8482702,L. Stankoven,8476921,J. Martinook,8476958,J. Slavin,2,0
2025-04-20,2024030141,2,REG,13:08,CAR,pp,none,snap,1451,8482702,L. Stankoven,8475791,T. Hall,8480829,J. Kotkaniemi,3,0
2025-04-20,2024030141,2,REG,18:51,NJD,ev,none,snap,1441,8480002,N. Hischier,8479407,J. Bratt,8477488,B. Pesce,3,1
2025-04-20,2024030141,3,REG,17:32,CAR,ev,empty-net,wrist,0651,8480830,A. Svechnikov,8475791,T. Hall,,,4,1
2025-04-20,2024030111,1,REG,07:09,TOR,ev,none,wrist,1551,8475171,O. Ekman-Larsson,8476872,S. Laughton,8475714,C. Jarnkrok,1,0
2025-04-20,2024030111,1,REG,12:18,TOR,ev,none,wrist,1551,8478483,M. Marner,8479318,A. Matthews,,,2,0
2025-04-20,2024030111,1,REG,16:18,OTT,ev,none,snap,1551,8480208,D. Batherson,8481528,D. Cozens,8474102,D. Perron,2,1
2025-04-20,2024030111,2,REG,04:07,TOR,pp,none,wrist,1451,8475166,J. Tavares,8477939,W. Nylander,8478483,M. Marner,3,1
2025-04-20,2024030111,2,REG,07:19,TOR,pp,none,wrist,1351,8477939,W. Nylander,8475166,J. Tavares,,,4,1
2025-04-20,2024030111,3,REG,04:00,OTT,ev,none,snap,0651,8482092,R. Greig,8478020,M. Amadio,8481596,S. Pinto,4,2
2025-04-20,2024030111,3,REG,04:45,TOR,ev,none,wrist,1551,8476853,M. Rielly,8481582,N. Robertson,8482259,B. McMann,5,2
2025-04-20,2024030111,3,REG,13:13,TOR,pp,none,wrist,1451,8482720,M. Knies,8479318,A. Matthews,8478483,M. Marner,6,2
2025-04-20,2024030171,1,REG,15:22,VGK,ev,none,snap,1551,8476881,T. Hertl,8474565,A. Pietrangelo,8476438,B. Saad,1,0
2025-04-20,2024030171,1,REG,17:42,MIN,ev,none,wrist,1551,8481557,M. Boldy,8478864,K. Kaprizov,8477451,R. Hartman,1,1
2025-04-20,2024030171,2,REG,13:33,VGK,pp,none,slap,1451,8481604,P. Dorofeyev,8477447,S. Theodore,8476881,T. Hertl,2,1
2025-04-20,2024030171,3,REG,02:28,VGK,ev,none,wrist,1551,8479353,B. Howden,8478462,N. Roy,8478396,N. Hanifin,3,1
2025-04-20,2024030171,3,REG,11:46,MIN,ev,none,wrap-around,1551,8481557,M. Boldy,8478864,K. Kaprizov,,,3,2
2025-04-20,2024030171,3,REG,19:59,VGK,pp,empty-net,wrist,0551,8479353,B. Howden,,,,,4,2
2025-04-21,2024030131,1,REG,18:34,WSH,pp,none,snap,1451,8471214,A. Ovechkin,8476880,T. Wilson,8478440,D. Strome,1,0
2025-04-21,2024030131,2,REG,12:09,WSH,ev,none,wrist,1551,8478463,A. Beauvillier,8471214,A. Ovechkin,8478440,D. Strome,2,0
2025-04-21,2024030131,3,REG,10:32,MTL,pp,none,wrist,1541,8481540,C. Caufield,8479339,P. Laine,8483457,L. Hutson,2,1
2025-04-21,2024030131,3,REG,15:45,MTL,ev,none,snap,1551,8480018,N. Suzuki,8478851,A. Carrier,8483457,L. Hutson,2,2
2025-04-21,2024030131,4,OT,02:26,WSH,ev,none,bat,1551,8471214,A. Ovechkin,8478463,A. Beauvillier,8478440,D. Strome,3,2
2025-04-21,2024030152,1,REG,16:32,WPG,ev,none,backhand,1551,8476460,M. Scheifele,8476331,D. DeMelo,,,1,0
2025-04-21,2024030152,1,REG,19:58,STL,pp,none,wrist,1541,8483516,J. Snuggerud,8477402,P. Buchnevich,8475764,C. Fowler,1,1
2025-04-21,2024030152,3,REG,01:43,WPG,ev,none,wrist,1551,8478398,K. Connor,8482149,C. Perfetti,8476460,M. Scheifele,2,1
2025-04-21,2024030162,1,REG,08:48,COL,pp,none,wrist,1541,8477492,N. MacKinnon,8480069,C. Makar,8477494,J. Drouin,0,1
2025-04-21,2024030162,1,REG,19:06,DAL,pp,none,slap,1451,8475794,T. Seguin,8478975,M. Marchment,8473994,J. Benn,1,1
2025-04-21,2024030162,2,REG,03:40,DAL,ev,none,wrist,1551,8481581,T. Harley,8479351,S. Steel,8480840,O. Bäck,2,1
2025-04-21,2024030162,2,REG,04:42,COL,ev,none,wrist,1551,8480835,J. Drury,8481186,L. O'Connor,8479324,R. Lindgren,2,2
2025-04-21,2024030162,2,REG,19:27,COL,ev,none,backhand,1551,8481186,L. O'Connor,8477476,A. Lehkonen,8479398,S. Girard,2,3
2025-04-21,2024030162,3,REG,10:13,DAL,ev,none,snap,1551,8474149,E. Dadonov,8482740,W. Johnston,,,3,3
2025-04-21,2024030162,4,OT,17:46,DAL,ev,none,snap,1551,8476278,C. Blackwell,8479351,S. Steel,8476879,C. Ceci,4,3
2025-04-21,2024030181,1,REG,02:49,LAK,pp,none,tip-in,1451,8483808,A. Kuzmenko,8477942,K. Fiala,8477960,A. Kempe,1,0
2025-04-21,2024030181,1,REG,19:27,LAK,ev,none,wrist,1551,8482124,Q. Byfield,8474563,D. Doughty,8479998,M. Anderson,2,0
2025-04-21,2024030181,2,REG,14:47,LAK,ev,none,backhand,1551,8477960,A. Kempe,8483808,A. Kuzmenko,8471685,A. Kopitar,3,0
2025-04-21,2024030181,2,REG,17:43,LAK,ev,none,wrist,1551,8476479,P. Danault,8482124,Q. Byfield,,,4,0
2025-04-21,2024030181,2,REG,19:54,EDM,ev,none,slap,1551,8477934,L. Draisaitl,8478402,C. McDavid,8480803,E. Bouchard,4,1
2025-04-21,2024030181,3,REG,02:19,EDM,ev,none,wrist,1551,8477406,M. Janmark,8479365,T. Frederic,8475784,J. Skinner,4,2
2025-04-21,2024030181,3,REG,04:59,LAK,pp,none,slap,1351,8477942,K. Fiala,8477960,A. Kempe,8483808,A. Kuzmenko,5,2
2025-04-21,2024030181,3,REG,07:43,EDM,ev,none,wrist,1551,8470621,C. Perry,8478402,C. McDavid,8480803,E. Bouchard,5,3
2025-04-21,2024030181,3,REG,17:56,EDM,ev,none,wrist,0651,8475786,Z. Hyman,8478402,C. McDavid,8470621,C. Perry,5,4
2025-04-21,2024030181,3,REG,18:32,EDM,ev,none,wrist,0651,8478402,C. McDavid,8477934,L. Draisaitl,8480803,E. Bouchard,5,5
2025-04-21,2024030181,3,REG,19:18,LAK,ev,none,wrist,1551,8476479,P. Danault,8479675,T. Moore,8478882,V. Gavrikov,6,5
2025-04-22,2024030142,1,REG,03:51,NJD,ev,none,snap,1551,8479407,J. Bratt,8475287,E. Haula,8476462,D. Hamilton,0,1
2025-04-22,2024030142,2,REG,02:57,CAR,ev,none,snap,1551,8476906,S. Gostisbehere,8482809,J. Blake,8478427,S. Aho,1,1
2025-04-22,2024030142,2,REG,05:54,CAR,sh,none,snap,1541,8476921,J. Martinook,8475200,D. Orlov,,,2,1
2025-04-22,2024030142,3,REG,19:23,CAR,ev,empty-net,poke,0651,8482093,S. Jarvis,8476921,J. Martinook,,,3,1
2025-04-22,2024030112,1,REG,03:43,TOR,ev,none,deflected,1551,8476853,M. Rielly,8477939,W. Nylander,8475166,J. Tavares,1,0
2025-04-22,2024030112,1,REG,08:20,TOR,pp,none,wrist,1451,8475166,J. Tavares,8478483,M. Marner,8479318,A. Matthews,2,0
2025-04-22,2024030112,2,REG,15:41,OTT,pp,none,backhand,1541,8480801,B. Tkachuk,8473512,C. Giroux,8478469,T. Chabot,2,1
2025-04-22,2024030112,3,REG,14:47,OTT,ev,none,tip-in,1551,8478874,A. Gaudette,8482095,T. Kleven,8482116,T. Stützle,2,2
2025-04-22,2024030112,4,OT,03:09,TOR,ev,none,wrist,1551,8477503,M. Domi,8481122,S. Benoit,,,3,2
2025-04-22,2024030121,1,REG,03:44,FLA,ev,none,bat,1551,8477935,S. Bennett,8482713,M. Samoskevich,,,0,1
2025-04-22,2024030121,1,REG,12:21,TBL,pp,none,wrist,1451,8477404,J. Guentzel,8476453,N. Kucherov,8475167,V. Hedman,1,1
2025-04-22,2024030121,1,REG,19:15,FLA,ev,none,tip-in,1551,8477933,S. Reinhart,8475179,D. Kulikov,8477409,C. Verhaeghe,1,2
2025-04-22,2024030121,2,REG,04:41,FLA,ev,none,wrist,1551,8477220,N. Schmidt,8473419,B. Marchand,8477935,S. Bennett,1,3
2025-04-22,2024030121,2,REG,04:55,FLA,pp,none,wrist,1541,8479314,M. Tkachuk,8477933,S. Reinhart,8477493,A. Barkov,1,4
2025-04-22,2024030121,2,REG,09:44,FLA,pp,none,snap,1541,8479314,M. Tkachuk,,,,,1,5
2025-04-22,2024030121,2,REG,13:04,TBL,ev,none,snap,1551,8478010,B. Point,8474151,R. McDonagh,8482201,G. Goncalves,2,5
2025-04-22,2024030121,3,REG,05:09,FLA,pp,none,wrist,1541,8477220,N. Schmidt,8479314,M. Tkachuk,8477493,A. Barkov,2,6
2025-04-22,2024030172,1,REG,09:56,MIN,ev,none,wrist,1551,8481557,M. Boldy,8478864,K. Kaprizov,8476463,J. Brodin,0,1
2025-04-22,2024030172,1,REG,11:35,MIN,ev,none,wrist,1551,8475220,M. Foligno,8477451,R. Hartman,,,0,2
2025-04-22,2024030172,1,REG,17:15,MIN,ev,none,wrist,1551,8475692,M. Zuccarello,8475149,M. Johansson,,,0,3
2025-04-22,2024030172,2,REG,03:59,MIN,ev,none,snap,1551,8478864,K. Kaprizov,8481557,M. Boldy,,,0,4
2025-04-22,2024030172,2,REG,12:04,VGK,ev,none,wrist,1551,8478396,N. Hanifin,,,,,1,4
2025-04-22,2024030172,3,REG,02:26,VGK,ev,none,wrist,1551,8476881,T. Hertl,8474565,A. Pietrangelo,8476438,B. Saad,2,4
2025-04-22,2024030172,3,REG,17:34,MIN,ev,empty-net,wrist,1560,8478864,K. Kaprizov,,,,,2,5
2025-04-23,2024030132,2,REG,01:16,MTL,ev,none,wrist,1551,8477989,C. Dvorak,8476981,J. Anderson,8475848,B. Gallagher,0,1
2025-04-23,2024030132,2,REG,03:47,WSH,ev,none,backhand,1551,8481580,C. McMichael,8479390,T. Raddysh,,,1,1
2025-04-23,2024030132,2,REG,04:47,WSH,ev,none,backhand,1551,8478440,D. Strome,8478463,A. Beauvillier,8484186,R. Leonard,2,1
2025-04-23,2024030132,3,REG,19:58,WSH,ev,empty-net,wrist,0651,8481580,C. McMichael,8479400,P. Dubois,8476880,T. Wilson,3,1
2025-04-23,2024030163,1,REG,08:09,COL,ev,none,wrist,1441,8477501,V. Nichushkin,8479398,S. Girard,8484258,S. Malinski,1,0
2025-04-23,2024030163,3,REG,09:18,DAL,pp,none,tip-in,1541,8473994,J. Benn,8481581,T. Harley,8475798,M. Granlund,1,1
2025-04-23,2024030163,4,OT,05:31,DAL,ev,none,wrist,1551,8475794,T. Seguin,8478975,M. Marchment,8478420,M. Rantanen,1,2
2025-04-23,2024030182,1,REG,08:44,LAK,pp,none,wrist,1451,8482730,B. Clarke,8477998,W. Foegele,8476479,P. Danault,1,0
2025-04-23,2024030182,2,REG,04:14,LAK,ev,none,wrist,1551,8482124,Q. Byfield,8478882,V. Gavrikov,8477998,W. Foegele,2,0
2025-04-23,2024030182,2,REG,10:37,LAK,pp,none,wrist,1451,8483808,A. Kuzmenko,8477960,A. Kempe,8471685,A. Kopitar,3,0
2025-04-23,2024030182,2,REG,13:54,EDM,ev,none,deflected,1551,8477934,L. Draisaitl,8475906,J. Klingberg,,,3,1
2025-04-23,2024030182,3,REG,04:05,EDM,ev,none,tip-in,1551,8478042,V. Arvidsson,8476967,B. Kulak,8481617,V. Podkolzin,3,2
2025-04-23,2024030182,3,REG,06:46,LAK,ev,none,snap,1551,8477960,A. Kempe,8471685,A. Kopitar,,,4,2
2025-04-23,2024030182,3,REG,09:07,LAK,pp,none,wrist,1451,8471685,A. Kopitar,8477942,K. Fiala,8477960,A. Kempe,5,2
2025-04-23,2024030182,3,REG,11:09,LAK,ev,none,snap,1551,8477960,A. Kempe,8483808,A. Kuzmenko,8471685,A. Kopitar,6,2
2025-04-24,2024030122,1,REG,04:15,FLA,ev,none,slap,1551,8477220,N. Schmidt,8477933,S. Reinhart,8477493,A. Barkov,0,1
2025-04-24,2024030122,3,REG,19:56,FLA,ev,empty-net,wrist,1560,8477935,S. Bennett,8477495,S. Jones,,,0,2
2025-04-24,2024030113,2,REG,01:38,OTT,pp,none,wrist,1351,8473512,C. Giroux,8482105,J. Sanderson,8480208,D. Batherson,1,0
2025-04-24,2024030113,2,REG,08:31,TOR,pp,none,backhand,1541,8482720,M. Knies,8477939,W. Nylander,8478483,M. Marner,1,1
2025-04-24,2024030113,3,REG,00:32,TOR,ev,none,snap,1551,8479318,A. Matthews,8478483,M. Marner,8476853,M. Rielly,1,2
2025-04-24,2024030113,3,REG,11:22,OTT,ev,none,wrist,1551,8480801,B. Tkachuk,8473512,C. Giroux,8482095,T. Kleven,2,2
2025-04-24,2024030113,4,OT,01:19,TOR,ev,none,slap,1551,8481122,S. Benoit,8479318,A. Matthews,,,2,3
2025-04-24,2024030173,1,REG,03:13,MIN,pp,none,wrist,1451,8478864,K. Kaprizov,8484798,Z. Buium,8481557,M. Boldy,1,0
2025-04-24,2024030173,1,REG,06:51,MIN,ev,none,wrist,1551,8482079,M. Rossi,8478508,Y. Trenin,8479638,J. Brazeau,2,0
2025-04-24,2024030173,1,REG,10:48,VGK,ev,none,slap,1441,8474565,A. Pietrangelo,8478396,N. Hanifin,,,2,1
2025-04-24,2024030173,2,REG,11:05,MIN,ev,none,wrist,1551,8481557,M. Boldy,,,,,3,1
2025-04-24,2024030173,2,REG,19:58,MIN,pp,none,deflected,1451,8478864,K. Kaprizov,8477451,R. Hartman,8482079,M. Rossi,4,1
2025-04-24,2024030173,3,REG,11:34,VGK,sh,none,backhand,1451,8475191,R. Smith,8476448,W. Karlsson,8480727,Z. Whitecloud,4,2
2025-04-24,2024030173,3,REG,18:27,MIN,sh,empty-net,wrist,0641,8475220,M. Foligno,8474567,Z. Bogosian,,,5,2
2025-04-24,2024030153,1,REG,00:48,STL,ev,none,tip-in,1551,8477402,P. Buchnevich,8483516,J. Snuggerud,8475764,C. Fowler,1,0
2025-04-24,2024030153,1,REG,03:11,STL,pp,none,tip-in,1451,8477402,P. Buchnevich,8480023,R. Thomas,8475764,C. Fowler,2,0
2025-04-24,2024030153,1,REG,15:51,STL,ev,none,wrist,1551,8475764,C. Fowler,8480023,R. Thomas,8477402,P. Buchnevich,3,0
2025-04-24,2024030153,3,REG,04:32,WPG,ev,none,wrist,1551,8481019,D. Gustafsson,8479994,J. Anderson-Dolan,8480289,M. Barron,3,1
2025-04-24,2024030153,3,REG,05:24,STL,ev,none,backhand,1551,8477402,P. Buchnevich,8480023,R. Thomas,,,4,1
2025-04-24,2024030153,3,REG,07:56,STL,pp,none,wrist,1351,8479385,J. Kyrou,8475764,C. Fowler,,,5,1
2025-04-24,2024030153,3,REG,10:32,STL,ev,none,tip-in,1551,8480281,A. Toropchenko,8482089,J. Neighbours,8476889,R. Faksa,6,1
2025-04-24,2024030153,3,REG,12:50,WPG,pp,none,slap,1541,8480145,N. Pionk,8476525,C. Miller,8478891,M. Appleton,6,2
2025-04-24,2024030153,3,REG,16:17,STL,pp,none,slap,1451,8476892,C. Parayko,8475764,C. Fowler,8480023,R. Thomas,7,2
2025-04-25,2024030133,1,REG,03:20,WSH,ev,none,tip-in,1551,8481580,C. McMichael,8478911,M. Roy,8480873,R. Sandin,0,1
2025-04-25,2024030133,1,REG,19:07,MTL,ev,none,snap,1551,8478851,A. Carrier,8481618,A. Newhook,8478133,J. Evans,1,1
2025-04-25,2024030133,2,REG,08:37,MTL,pp,none,backhand,1451,8480018,N. Suzuki,,,,,2,1
2025-04-25,2024030133,2,REG,10:47,WSH,ev,none,slap,1551,8479345,J. Chychrun,8478233,A. Mangiapane,8474189,L. Eller,2,2
2025-04-25,2024030133,2,REG,19:51,MTL,ev,none,snap,1551,8481540,C. Caufield,8483457,L. Hutson,,,3,2
2025-04-25,2024030133,3,REG,02:39,WSH,ev,none,snap,1551,8471214,A. Ovechkin,8478440,D. Strome,8478463,A. Beauvillier,3,3
2025-04-25,2024030133,3,REG,04:17,MTL,ev,none,tip-in,1551,8477989,C. Dvorak,8475233,D. Savard,8476469,J. Armia,4,3
2025-04-25,2024030133,3,REG,13:23,MTL,ev,none,tip-in,1551,8483515,J. Slafkovský,8481540,C. Caufield,,,5,3
2025-04-25,2024030133,3,REG,17:35,MTL,pp,none,snap,1451,8481618,A. Newhook,8475848,B. Gallagher,8476875,M. Matheson,6,3
2025-04-25,2024030143,1,REG,16:11,NJD,ev,none,wrist,1551,8480002,N. Hischier,8478414,T. Meier,8476292,O. Palat,1,0
2025-04-25,2024030143,3,REG,01:18,NJD,ev,none,poke,1551,8482110,D. Mercer,8479407,J. Bratt,,,2,0
2025-04-25,2024030143,3,REG,06:11,CAR,pp,none,snap,1541,8482093,S. Jarvis,8478427,S. Aho,8476906,S. Gostisbehere,2,1
2025-04-25,2024030143,3,REG,12:20,CAR,pp,none,slap,1541,8478427,S. Aho,8480830,A. Svechnikov,,,2,2
2025-04-25,2024030143,5,OT,02:36,NJD,ev,none,snap,1551,8483495,S. Nemec,,,,,3,2
2025-04-25,2024030183,1,REG,02:49,EDM,ev,none,snap,1551,8476454,R. Nugent-Hopkins,8475786,Z. Hyman,8478402,C. McDavid,1,0
2025-04-25,2024030183,1,REG,08:43,EDM,pp,none,slap,1451,8480803,E. Bouchard,8477934,L. Draisaitl,,,2,0
2025-04-25,2024030183,1,REG,17:18,LAK,ev,none,snap,1441,8477960,A. Kempe,8474563,D. Doughty,8471685,A. Kopitar,2,1
2025-04-25,2024030183,2,REG,05:43,LAK,pp,none,snap,1541,8477942,K. Fiala,8477960,A. Kempe,8471685,A. Kopitar,2,2
2025-04-25,2024030183,2,REG,15:07,LAK,pp,none,wrist,1541,8474563,D. Doughty,8479675,T. Moore,8476479,P. Danault,2,3
2025-04-25,2024030183,2,REG,17:19,EDM,ev,none,tip-in,1551,8477015,C. Brown,8475169,E. Kane,8474641,A. Henrique,3,3
2025-04-25,2024030183,2,REG,17:28,LAK,ev,none,poke,1551,8479675,T. Moore,8476441,J. Edmundson,8476479,P. Danault,3,4
2025-04-25,2024030183,3,REG,13:18,EDM,ev,none,wrist,1551,8475169,E. Kane,8478402,C. McDavid,8478013,J. Walman,4,4
2025-04-25,2024030183,3,REG,13:28,EDM,pp,none,tip-in,1451,8480803,E. Bouchard,8477934,L. Draisaitl,,,5,4
2025-04-25,2024030183,3,REG,18:20,EDM,ev,empty-net,snap,0651,8478402,C. McDavid,8475786,Z. Hyman,,,6,4
2025-04-25,2024030183,3,REG,19:52,EDM,ev,empty-net,snap,0651,8477015,C. Brown,8481617,V. Podkolzin,,,7,4
2025-04-26,2024030123,1,REG,02:43,FLA,ev,none,backhand,1551,8479314,M. Tkachuk,8477935,S. Bennett,8478542,E. Rodrigues,1,0
2025-04-26,2024030123,1,REG,17:15,TBL,ev,none,deflected,1551,8478010,B. Point,8477404,J. Guentzel,8476453,N. Kucherov,1,1
2025-04-26,2024030123,2,REG,13:17,TBL,ev,none,snap,1551,8477426,N. Paul,8482201,G. Goncalves,8474151,R. McDonagh,1,2
2025-04-26,2024030123,3,REG,00:21,TBL,ev,none,bat,1441,8477404,J. Guentzel,8476453,N. Kucherov,8474151,R. McDonagh,1,3
2025-04-26,2024030123,3,REG,14:19,TBL,ev,none,wrist,1551,8476822,L. Glendening,8476826,Y. Gourde,8482201,G. Goncalves,1,4
2025-04-26,2024030123,3,REG,15:00,TBL,ev,empty-net,wrist,1560,8478519,A. Cirelli,8477404,J. Guentzel,8476453,N. Kucherov,1,5
2025-04-26,2024030174,1,REG,06:47,VGK,pp,none,wrist,1541,8477447,S. Theodore,8477964,I. Barbashev,8478403,J. Eichel,0,1
2025-04-26,2024030174,1,REG,10:43,MIN,ev,none,wrist,1551,8482079,M. Rossi,8479638,J. Brazeau,8478508,Y. Trenin,1,1
2025-04-26,2024030174,2,REG,01:24,MIN,ev,none,backhand,1551,8475220,M. Foligno,8477451,R. Hartman,8475692,M. Zuccarello,2,1
2025-04-26,2024030174,3,REG,04:50,VGK,pp,none,wrist,1541,8478462,N. Roy,8476881,T. Hertl,8481604,P. Dorofeyev,2,2
2025-04-26,2024030174,3,REG,10:03,VGK,ev,none,deflected,1551,8476881,T. Hertl,8475913,M. Stone,8475188,B. McNabb,2,3
2025-04-26,2024030174,3,REG,10:57,MIN,ev,none,wrap-around,1551,8474716,J. Spurgeon,8478864,K. Kaprizov,8478493,J. Eriksson Ek,3,3
2025-04-26,2024030174,4,OT,17:26,VGK,ev,none,backhand,1551,8477964,I. Barbashev,8478462,N. Roy,8475191,R. Smith,3,4
2025-04-26,2024030114,1,REG,09:03,OTT,pp,none,slap,1451,8482116,T. Stützle,8482105,J. Sanderson,8480801,B. Tkachuk,1,0
2025-04-26,2024030114,1,REG,14:11,OTT,sh,none,wrist,1541,8481596,S. Pinto,,,,,2,0
2025-04-26,2024030114,1,REG,19:05,TOR,ev,none,tip-in,1551,8475166,J. Tavares,8477939,W. Nylander,8475690,C. Tanev,2,1
2025-04-26,2024030114,2,REG,10:12,TOR,ev,none,wrist,1551,8482720,M. Knies,8478483,M. Marner,8479318,A. Matthews,2,2
2025-04-26,2024030114,3,REG,07:32,OTT,ev,none,wrist,1551,8474102,D. Perron,8482245,A. Zub,8478874,A. Gaudette,3,2
2025-04-26,2024030114,3,REG,14:31,TOR,ev,none,snap,1551,8475171,O. Ekman-Larsson,8477939,W. Nylander,8476931,J. McCabe,3,3
2025-04-26,2024030114,4,OT,17:42,OTT,ev,none,wrist,1551,8482105,J. Sanderson,,,,,4,3
2025-04-26,2024030164,1,REG,12:39,COL,sh,none,wrist,1541,8481186,L. O'Connor,,,,,1,0
2025-04-26,2024030164,1,REG,19:36,COL,pp,none,slap,1451,8477492,N. MacKinnon,8478038,D. Toews,8477494,J. Drouin,2,0
2025-04-26,2024030164,2,REG,13:10,COL,ev,none,snap,1551,8476455,G. Landeskog,8475754,B. Nelson,,,3,0
2025-04-26,2024030164,3,REG,10:46,COL,ev,none,wrist,1551,8479398,S. Girard,8475754,B. Nelson,8476455,G. Landeskog,4,0
2025-04-27,2024030154,1,REG,13:58,WPG,ev,none,backhand,1551,8478398,K. Connor,8482149,C. Perfetti,8480049,D. Samberg,0,1
2025-04-27,2024030154,1,REG,19:37,STL,ev,none,tip-in,1551,8482089,J. Neighbours,8476892,C. Parayko,8475764,C. Fowler,1,1
2025-04-27,2024030154,2,REG,10:46,STL,ev,none,slap,1551,8481006,T. Tucker,8475181,N. Leddy,8480074,A. Texier,2,1
2025-04-27,2024030154,2,REG,17:23,STL,ev,none,wrist,1551,8475170,B. Schenn,8476892,C. Parayko,8482089,J. Neighbours,3,1
2025-04-27,2024030154,2,REG,18:54,STL,ev,none,slap,1551,8475753,J. Faulk,8482089,J. Neighbours,8475170,B. Schenn,4,1
2025-04-27,2024030154,3,REG,02:01,STL,ev,none,backhand,1551,8480023,R. Thomas,8476897,O. Sundqvist,8477402,P. Buchnevich,5,1
2025-04-27,2024030144,1,REG,00:52,CAR,ev,none,wrist,1551,8480830,A. Svechnikov,8470613,B. Burns,8482809,J. Blake,0,1
2025-04-27,2024030144,1,REG,09:47,CAR,ev,none,wrist,1551,8476958,J. Slavin,,,,,0,2
2025-04-27,2024030144,2,REG,00:42,CAR,pp,none,tip-in,1541,8480830,A. Svechnikov,8482093,S. Jarvis,8478427,S. Aho,0,3
2025-04-27,2024030144,2,REG,02:45,NJD,ev,none,snap,1551,8480002,N. Hischier,8476292,O. Palat,8478414,T. Meier,1,3
2025-04-27,2024030144,2,REG,07:34,NJD,ev,none,wrist,1551,8478414,T. Meier,,,,,2,3
2025-04-27,2024030144,3,REG,14:14,CAR,ev,none,slap,1551,8470613,B. Burns,,,,,2,4
2025-04-27,2024030144,3,REG,16:43,CAR,ev,empty-net,wrist,1560,8480830,A. Svechnikov,8482809,J. Blake,8478427,S. Aho,2,5
2025-04-27,2024030134,2,REG,01:25,WSH,ev,none,backhand,1551,8478440,D. Strome,8478463,A. Beauvillier,,,0,1
2025-04-27,2024030134,2,REG,10:33,MTL,pp,none,snap,1451,8483515,J. Slafkovský,8484984,I. Demidov,8483457,L. Hutson,1,1
2025-04-27,2024030134,2,REG,18:32,MTL,pp,none,slap,1451,8481540,C. Caufield,8483457,L. Hutson,8484984,I. Demidov,2,1
2025-04-27,2024030134,3,REG,06:39,WSH,ev,none,backhand,1551,8479520,B. Duhaime,8479345,J. Chychrun,8477845,T. van Riemsdyk,2,2
2025-04-27,2024030134,3,REG,16:23,WSH,ev,none,snap,1551,8478233,A. Mangiapane,8478440,D. Strome,8477845,T. van Riemsdyk,2,3
2025-04-27,2024030134,3,REG,17:21,WSH,ev,empty-net,snap,1560,8479520,B. Duhaime,8475343,N. Dowd,,,2,4
2025-04-27,2024030134,3,REG,19:05,WSH,ev,empty-net,snap,1560,8476880,T. Wilson,8481580,C. McMichael,,,2,5
2025-04-27,2024030184,1,REG,10:35,LAK,ev,none,snap,1551,8479675,T. Moore,8476479,P. Danault,,,0,1
2025-04-27,2024030184,2,REG,01:31,LAK,ev,none,wrist,1551,8477998,W. Foegele,8476479,P. Danault,,,0,2
2025-04-27,2024030184,2,REG,04:11,EDM,pp,none,bat,1451,8470621,C. Perry,8477934,L. Draisaitl,8476454,R. Nugent-Hopkins,1,2
2025-04-27,2024030184,2,REG,07:32,LAK,ev,none,snap,1551,8477942,K. Fiala,8482155,A. Laferriere,,,1,3
2025-04-27,2024030184,3,REG,07:51,EDM,ev,none,snap,1551,8480803,E. Bouchard,8477934,L. Draisaitl,8478402,C. McDavid,2,3
2025-04-27,2024030184,3,REG,19:31,EDM,ev,none,slap,1560,8480803,E. Bouchard,8477934,L. Draisaitl,8478402,C. McDavid,3,3
2025-04-27,2024030184,4,OT,18:18,EDM,pp,none,snap,1451,8477934,L. Draisaitl,,,,,4,3
2025-04-28,2024030124,2,REG,09:06,FLA,ev,none,wrist,1551,8482113,A. Lundell,8473419,B. Marchand,8480185,E. Luostarinen,1,0
2025-04-28,2024030124,2,REG,12:21,TBL,ev,none,wrist,1551,8482070,M. Chaffee,8482929,E. Lilleberg,8480246,N. Perbix,1,1
2025-04-28,2024030124,2,REG,12:32,TBL,ev,none,snap,1551,8478416,E. Cernak,8477404,J. Guentzel,,,1,2
2025-04-28,2024030124,3,REG,16:13,FLA,ev,none,wrist,1551,8477932,A. Ekblad,8477933,S. Reinhart,,,2,2
2025-04-28,2024030124,3,REG,16:24,FLA,ev,none,snap,1551,8477495,S. Jones,8482113,A. Lundell,8475179,D. Kulikov,3,2
2025-04-28,2024030124,3,REG,18:20,FLA,ev,empty-net,wrist,0651,8477409,C. Verhaeghe,8477493,A. Barkov,,,4,2
2025-04-28,2024030165,1,REG,00:09,DAL,ev,none,snap,1551,8482740,W. Johnston,8474149,E. Dadonov,8476879,C. Ceci,1,0
2025-04-28,2024030165,1,REG,19:15,DAL,ev,none,wrist,1551,8481581,T. Harley,8482740,W. Johnston,,,2,0
2025-04-28,2024030165,2,REG,01:12,DAL,ev,none,snap,1551,8478420,M. Rantanen,8478449,R. Hintz,8480950,I. Lyubushkin,3,0
2025-04-28,2024030165,2,REG,12:11,COL,ev,none,tip-in,1551,8477476,A. Lehkonen,8480039,M. Necas,8477492,N. MacKinnon,3,1
2025-04-28,2024030165,2,REG,14:38,COL,ev,none,wrist,1551,8477492,N. MacKinnon,8478038,D. Toews,8480039,M. Necas,3,2
2025-04-28,2024030165,2,REG,16:48,DAL,pp,none,wrist,1451,8482740,W. Johnston,8475168,M. Duchene,8478420,M. Rantanen,4,2
2025-04-28,2024030165,2,REG,18:32,DAL,ev,none,tip-in,1551,8478975,M. Marchment,8475755,A. Petrovic,8475794,T. Seguin,5,2
2025-04-28,2024030165,3,REG,17:55,DAL,ev,empty-net,wrist,0651,8478449,R. Hintz,8478420,M. Rantanen,,,6,2
2025-04-29,2024030115,2,REG,03:46,OTT,ev,none,snap,1551,8478469,T. Chabot,8480801,B. Tkachuk,8482116,T. Stützle,0,1
2025-04-29,2024030115,3,REG,08:24,OTT,sh,none,snap,1451,8481528,D. Cozens,8478874,A. Gaudette,,,0,2
2025-04-29,2024030115,3,REG,17:09,OTT,ev,empty-net,wrist,1560,8482116,T. Stützle,8473512,C. Giroux,8480801,B. Tkachuk,0,3
2025-04-29,2024030115,3,REG,19:13,OTT,ev,empty-net,wrist,1560,8480801,B. Tkachuk,8482116,T. Stützle,,,0,4
2025-04-29,2024030145,1,REG,03:46,NJD,ev,none,deflected,1551,8482110,D. Mercer,8477488,B. Pesce,,,0,1
2025-04-29,2024030145,1,REG,05:31,NJD,ev,none,snap,1551,8478414,T. Meier,8477488,B. Pesce,,,0,2
2025-04-29,2024030145,1,REG,09:55,NJD,ev,none,tip-in,1551,8476474,S. Noesen,8483495,S. Nemec,8476462,D. Hamilton,0,3
2025-04-29,2024030145,2,REG,01:46,CAR,ev,none,snap,1551,8475791,T. Hall,8482702,L. Stankoven,8476958,J. Slavin,1,3
2025-04-29,2024030145,2,REG,04:01,CAR,ev,none,wrist,1551,8482809,J. Blake,8476873,M. Jankowski,,,2,3
2025-04-29,2024030145,2,REG,05:40,CAR,ev,none,snap,1551,8480830,A. Svechnikov,8475200,D. Orlov,8478427,S. Aho,3,3
2025-04-29,2024030145,2,REG,07:26,NJD,ev,none,wrist,1551,8480002,N. Hischier,8481032,P. Cotter,8476474,S. Noesen,3,4
2025-04-29,2024030145,2,REG,11:27,CAR,pp,none,snap,1351,8478427,S. Aho,8482093,S. Jarvis,8476906,S. Gostisbehere,4,4
2025-04-29,2024030145,5,OT,04:17,CAR,pp,none,slap,1451,8478427,S. Aho,8476906,S. Gostisbehere,8482093,S. Jarvis,5,4
2025-04-29,2024030175,1,REG,08:25,VGK,sh,none,wrist,1541,8476448,W. Karlsson,8478403,J. Eichel,,,1,0
2025-04-29,2024030175,1,REG,08:38,MIN,pp,none,snap,1541,8478864,K. Kaprizov,8475692,M. Zuccarello,8478493,J. Eriksson Ek,1,1
2025-04-29,2024030175,1,REG,13:24,VGK,ev,none,slap,1551,8475913,M. Stone,8478403,J. Eichel,,,2,1
2025-04-29,2024030175,3,REG,03:31,MIN,ev,none,wrist,1551,8481557,M. Boldy,8478493,J. Eriksson Ek,8478136,J. Middleton,2,2
2025-04-29,2024030175,4,OT,04:05,VGK,ev,none,snap,1551,8479353,B. Howden,8476871,T. Pearson,8479980,N. Hague,3,2
2025-04-29,2024030185,2,REG,03:33,LAK,pp,none,tip-in,1451,8483808,A. Kuzmenko,8471685,A. Kopitar,8477960,A. Kempe,1,0
2025-04-29,2024030185,2,REG,06:16,EDM,ev,none,wrist,1551,8475169,E. Kane,8475906,J. Klingberg,,,1,1
2025-04-29,2024030185,3,REG,07:12,EDM,ev,none,wrist,1551,8477406,M. Janmark,8478042,V. Arvidsson,8481617,V. Podkolzin,1,2
2025-04-29,2024030185,3,REG,19:02,EDM,ev,empty-net,wrist,1560,8476454,R. Nugent-Hopkins,8478402,C. McDavid,8477934,L. Draisaitl,1,3
2025-04-30,2024030135,1,REG,09:12,WSH,pp,none,slap,1451,8471214,A. Ovechkin,8478440,D. Strome,,,1,0
2025-04-30,2024030135,1,REG,11:15,WSH,ev,none,wrist,1551,8479345,J. Chychrun,8479400,P. Dubois,8476880,T. Wilson,2,0
2025-04-30,2024030135,2,REG,16:59,WSH,pp,none,snap,1451,8476880,T. Wilson,8474590,J. Carlson,8478440,D. Strome,3,0
2025-04-30,2024030135,3,REG,02:40,MTL,ev,none,tip-in,1551,8482476,E. Heineman,8476469,J. Armia,8482775,O. Kapanen,3,1
2025-04-30,2024030135,3,REG,19:34,WSH,ev,empty-net,snap,0651,8479520,B. Duhaime,8481580,C. McMichael,,,4,1
2025-04-30,2024030125,1,REG,02:33,TBL,ev,none,wrist,1551,8482201,G. Goncalves,8476822,L. Glendening,8475167,V. Hedman,1,0
2025-04-30,2024030125,1,REG,05:21,FLA,pp,none,snap,1541,8477409,C. Verhaeghe,8479314,M. Tkachuk,8477933,S. Reinhart,1,1
2025-04-30,2024030125,1,REG,10:06,FLA,ev,none,deflected,1551,8482113,A. Lundell,8473419,B. Marchand,8480185,E. Luostarinen,1,2
2025-04-30,2024030125,1,REG,12:16,TBL,ev,none,snap,1551,8477426,N. Paul,8483447,C. Geekie,,,2,2
2025-04-30,2024030125,2,REG,00:52,FLA,ev,none,tip-in,1551,8477493,A. Barkov,8478055,G. Forsling,8480185,E. Luostarinen,2,3
2025-04-30,2024030125,2,REG,09:57,TBL,pp,none,wrist,1451,8477404,J. Guentzel,8475167,V. Hedman,,,3,3
2025-04-30,2024030125,2,REG,15:13,FLA,ev,none,wrist,1551,8477935,S. Bennett,8482113,A. Lundell,8480185,E. Luostarinen,3,4
2025-04-30,2024030125,3,REG,13:02,FLA,ev,none,snap,1551,8480185,E. Luostarinen,8473419,B. Marchand,8482113,A. Lundell,3,5
2025-04-30,2024030125,3,REG,15:36,FLA,ev,empty-net,wrist,1560,8477933,S. Reinhart,,,,,3,6
2025-04-30,2024030155,1,REG,01:23,WPG,ev,none,wrist,1551,8478398,K. Connor,8476460,M. Scheifele,8478891,M. Appleton,1,0
2025-04-30,2024030155,1,REG,03:42,STL,ev,none,tip-in,1551,8477573,N. Walker,8476892,C. Parayko,8475764,C. Fowler,1,1
2025-04-30,2024030155,1,REG,08:39,WPG,ev,none,tip-in,1551,8475799,N. Niederreiter,8480049,D. Samberg,8480145,N. Pionk,2,1
2025-04-30,2024030155,2,REG,06:06,STL,ev,none,wrist,1551,8483516,J. Snuggerud,8480023,R. Thomas,,,2,2
2025-04-30,2024030155,2,REG,11:05,WPG,ev,none,wrist,1551,8476331,D. DeMelo,8478398,K. Connor,8476480,V. Namestnikov,3,2
2025-04-30,2024030155,2,REG,18:51,WPG,ev,none,snap,1551,8476480,V. Namestnikov,8478398,K. Connor,8478891,M. Appleton,4,2
2025-04-30,2024030155,3,REG,16:47,WPG,ev,empty-net,wrist,0651,8476392,A. Lowry,8475799,N. Niederreiter,8478891,M. Appleton,5,2
2025-04-30,2024030155,3,REG,19:07,STL,ev,none,snap,1551,8477573,N. Walker,8476889,R. Faksa,8480281,A. Toropchenko,5,3
2025-05-01,2024030116,1,REG,18:50,TOR,pp,none,wrist,1541,8479318,A. Matthews,8478483,M. Marner,8477939,W. Nylander,0,1
2025-05-01,2024030116,2,REG,00:43,TOR,ev,none,wrist,1551,8477939,W. Nylander,8474157,M. Pacioretty,,,0,2
2025-05-01,2024030116,2,REG,07:28,OTT,ev,none,tip-in,1551,8480801,B. Tkachuk,8478469,T. Chabot,8473512,C. Giroux,1,2
2025-05-01,2024030116,3,REG,12:40,OTT,ev,none,backhand,1551,8474102,D. Perron,8478469,T. Chabot,,,2,2
2025-05-01,2024030116,3,REG,14:21,TOR,ev,none,wrist,1551,8474157,M. Pacioretty,8477503,M. Domi,8480995,P. Holmberg,2,3
2025-05-01,2024030116,3,REG,19:41,TOR,ev,empty-net,backhand,1560,8477939,W. Nylander,8476872,S. Laughton,,,2,4
2025-05-01,2024030176,1,REG,03:30,VGK,pp,none,wrist,1541,8477447,S. Theodore,8478109,V. Olofsson,8478403,J. Eichel,0,1
2025-05-01,2024030176,1,REG,19:56,MIN,ev,none,wrist,1551,8477451,R. Hartman,8475220,M. Foligno,,,1,1
2025-05-01,2024030176,2,REG,16:12,VGK,ev,none,wrist,1551,8478403,J. Eichel,8475913,M. Stone,8475188,B. McNabb,1,2
2025-05-01,2024030176,3,REG,16:02,VGK,ev,none,bat,1551,8475913,M. Stone,8475188,B. McNabb,8477447,S. Theodore,1,3
2025-05-01,2024030176,3,REG,16:33,MIN,ev,none,wrap-around,1551,8477451,R. Hartman,8475149,M. Johansson,8478136,J. Middleton,2,3
2025-05-01,2024030166,1,REG,06:29,COL,ev,none,tip-in,1551,8477501,V. Nichushkin,8475754,B. Nelson,8476455,G. Landeskog,1,0
2025-05-01,2024030166,1,REG,18:40,COL,ev,none,tip-in,1551,8477476,A. Lehkonen,8480069,C. Makar,8480039,M. Necas,2,0
2025-05-01,2024030166,2,REG,01:18,DAL,pp,none,snap,1541,8478449,R. Hintz,8478420,M. Rantanen,8482740,W. Johnston,2,1
2025-05-01,2024030166,2,REG,03:41,DAL,ev,none,wrist,1551,8475798,M. Granlund,8478449,R. Hintz,8478420,M. Rantanen,2,2
2025-05-01,2024030166,2,REG,04:34,COL,ev,none,snap,1551,8480039,M. Necas,8480069,C. Makar,8478038,D. Toews,3,2
2025-05-01,2024030166,2,REG,07:51,DAL,ev,none,wrist,1551,8478449,R. Hintz,8478420,M. Rantanen,,,3,3
2025-05-01,2024030166,2,REG,18:35,DAL,ev,none,wrist,1551,8478420,M. Rantanen,8478449,R. Hintz,8476879,C. Ceci,3,4
2025-05-01,2024030166,3,REG,06:02,COL,ev,none,wrist,1551,8477501,V. Nichushkin,8476455,G. Landeskog,8475754,B. Nelson,4,4
2025-05-01,2024030166,3,REG,09:04,COL,ev,none,backhand,1551,8477492,N. MacKinnon,,,,,5,4
2025-05-01,2024030166,3,REG,18:44,COL,ev,empty-net,snap,0651,8476312,J. Manson,8477492,N. MacKinnon,,,6,4
2025-05-01,2024030166,3,REG,19:03,COL,ev,empty-net,wrist,0651,8480069,C. Makar,8477492,N. MacKinnon,,,7,4
2025-05-01,2024030186,1,REG,01:19,LAK,ev,none,snap,1551,8482124,Q. Byfield,8477942,K. Fiala,8482155,A. Laferriere,0,1
2025-05-01,2024030186,1,REG,03:04,EDM,ev,none,snap,1551,8474641,A. Henrique,8477015,C. Brown,8479365,T. Frederic,1,1
2025-05-01,2024030186,1,REG,03:37,LAK,ev,none,snap,1551,8482730,B. Clarke,8476479,P. Danault,,,1,2
2025-05-01,2024030186,1,REG,05:55,EDM,pp,none,snap,1451,8476454,R. Nugent-Hopkins,8478402,C. McDavid,8475786,Z. Hyman,2,2
2025-05-01,2024030186,1,REG,12:49,EDM,ev,none,tip-in,1551,8475786,Z. Hyman,8477498,D. Nurse,8476454,R. Nugent-Hopkins,3,2
2025-05-01,2024030186,2,REG,14:59,EDM,ev,none,wrist,1551,8477498,D. Nurse,8481617,V. Podkolzin,8477406,M. Janmark,4,2
2025-05-01,2024030186,2,REG,16:35,EDM,ev,none,tip-in,1551,8479365,T. Frederic,8477015,C. Brown,8476967,B. Kulak,5,2
2025-05-01,2024030186,2,REG,18:01,LAK,ev,none,snap,1551,8481606,J. Spence,8477942,K. Fiala,8482726,S. Helenius,5,3
2025-05-01,2024030186,3,REG,19:05,LAK,ev,none,tip-in,0651,8471685,A. Kopitar,8474563,D. Doughty,8482155,A. Laferriere,5,4
2025-05-01,2024030186,3,REG,19:58,EDM,ev,empty-net,snap,0651,8477015,C. Brown,,,,,6,4
2025-05-02,2024030156,1,REG,06:05,STL,ev,none,slap,1551,8481598,P. Broberg,8480023,R. Thomas,8483516,J. Snuggerud,1,0
2025-05-02,2024030156,2,REG,05:43,WPG,pp,none,bat,1541,8482149,C. Perfetti,8478398,K. Connor,8477504,J. Morrissey,1,1
2025-05-02,2024030156,2,REG,11:34,STL,ev,none,snap,1551,8477573,N. Walker,8481598,P. Broberg,8476889,R. Faksa,2,1
2025-05-02,2024030156,2,REG,12:27,STL,ev,none,wrist,1551,8475170,B. Schenn,8482089,J. Neighbours,8470600,R. Suter,3,1
2025-05-02,2024030156,2,REG,13:40,STL,ev,none,wrist,1551,8475764,C. Fowler,8476892,C. Parayko,8480281,A. Toropchenko,4,1
2025-05-02,2024030156,2,REG,16:57,STL,ev,none,wrist,1551,8480281,A. Toropchenko,8476889,R. Faksa,,,5,1
2025-05-02,2024030156,3,REG,08:54,WPG,pp,none,poke,1541,8475799,N. Niederreiter,8478891,M. Appleton,8476480,V. Namestnikov,5,2
2025-05-03,2024030167,2,REG,09:50,COL,sh,none,wrist,1451,8476312,J. Manson,8481186,L. O'Connor,,,0,1
2025-05-03,2024030167,3,REG,00:31,COL,ev,none,snap,0651,8477492,N. MacKinnon,8479324,R. Lindgren,8477501,V. Nichushkin,0,2
2025-05-03,2024030167,3,REG,07:49,DAL,ev,none,wrist,1551,8478420,M. Rantanen,8480840,O. Bäck,8480950,I. Lyubushkin,1,2
2025-05-03,2024030167,3,REG,13:46,DAL,pp,none,wrap-around,1451,8478420,M. Rantanen,8481581,T. Harley,8475168,M. Duchene,2,2
2025-05-03,2024030167,3,REG,16:04,DAL,pp,none,snap,1451,8482740,W. Johnston,8475168,M. Duchene,8478420,M. Rantanen,3,2
2025-05-03,2024030167,3,REG,19:57,DAL,ev,empty-net,snap,0651,8478420,M. Rantanen,8475794,T. Seguin,8476902,E. Lindell,4,2
2025-05-04,2024030157,1,REG,01:10,STL,ev,none,backhand,1551,8479385,J. Kyrou,8476892,C. Parayko,8477402,P. Buchnevich,0,1
2025-05-04,2024030157,1,REG,07:16,STL,ev,none,wrist,1551,8478472,M. Joseph,,,,,0,2
2025-05-04,2024030157,2,REG,11:41,WPG,pp,none,tip-in,1451,8482149,C. Perfetti,8478398,K. Connor,8480145,N. Pionk,1,2
2025-05-04,2024030157,2,REG,19:25,STL,ev,none,wrist,1551,8476889,R. Faksa,8477573,N. Walker,,,1,3
2025-05-04,2024030157,3,REG,18:04,WPG,ev,none,wrist,1560,8476480,V. Namestnikov,8480145,N. Pionk,8480049,D. Samberg,2,3
2025-05-04,2024030157,3,REG,19:57,WPG,ev,none,tip-in,1560,8482149,C. Perfetti,8478398,K. Connor,8477940,N. Ehlers,3,3
2025-05-04,2024030157,5,OT,16:10,WPG,ev,none,deflected,1551,8476392,A. Lowry,8480145,N. Pionk,8478398,K. Connor,4,3
2025-05-05,2024030211,1,REG,00:33,TOR,ev,none,wrist,1551,8477939,W. Nylander,8474157,M. Pacioretty,8476931,J. McCabe,1,0
2025-05-05,2024030211,1,REG,12:51,TOR,ev,none,wrist,1551,8477939,W. Nylander,8475171,O. Ekman-Larsson,8474157,M. Pacioretty,2,0
2025-05-05,2024030211,1,REG,16:57,FLA,pp,none,snap,1541,8477495,S. Jones,8479314,M. Tkachuk,8477409,C. Verhaeghe,2,1
2025-05-05,2024030211,1,REG,17:16,TOR,ev,none,wrist,1551,8476853,M. Rielly,8477939,W. Nylander,,,3,1
2025-05-05,2024030211,2,REG,07:50,TOR,ev,none,wrist,1551,8475690,C. Tanev,8476931,J. McCabe,8482720,M. Knies,4,1
2025-05-05,2024030211,3,REG,01:39,FLA,ev,none,tip-in,1551,8480185,E. Luostarinen,8482113,A. Lundell,8473419,B. Marchand,4,2
2025-05-05,2024030211,3,REG,04:30,FLA,ev,none,wrist,1551,8484304,U. Balinskis,8477220,N. Schmidt,8473419,B. Marchand,4,3
2025-05-05,2024030211,3,REG,14:00,TOR,ev,none,backhand,1551,8482720,M. Knies,8478483,M. Marner,8475690,C. Tanev,5,3
2025-05-05,2024030211,3,REG,18:05,FLA,ev,none,wrist,0651,8477935,S. Bennett,8477409,C. Verhaeghe,,,5,4
2025-05-06,2024030221,2,REG,03:53,WSH,ev,none,snap,1551,8481656,A. Protas,8479520,B. Duhaime,8474590,J. Carlson,1,0
2025-05-06,2024030221,3,REG,09:42,CAR,ev,none,snap,1551,8482702,L. Stankoven,8480829,J. Kotkaniemi,,,1,1
2025-05-06,2024030221,4,OT,03:06,CAR,ev,none,slap,1551,8476958,J. Slavin,8476921,J. Martinook,8475200,D. Orlov,1,2
2025-05-06,2024030241,1,REG,02:13,VGK,pp,none,deflected,1451,8475913,M. Stone,8476448,W. Karlsson,8477447,S. Theodore,1,0
2025-05-06,2024030241,1,REG,09:03,VGK,ev,none,wrist,1551,8475913,M. Stone,8478403,J. Eichel,,,2,0
2025-05-06,2024030241,1,REG,16:26,EDM,ev,none,wrist,1551,8470621,C. Perry,8478402,C. McDavid,8477934,L. Draisaitl,2,1
2025-05-06,2024030241,3,REG,00:57,EDM,ev,none,backhand,1551,8477934,L. Draisaitl,8480803,E. Bouchard,8478402,C. McDavid,2,2
2025-05-06,2024030241,3,REG,16:58,EDM,ev,none,snap,1551,8475786,Z. Hyman,8475169,E. Kane,8476454,R. Nugent-Hopkins,2,3
2025-05-06,2024030241,3,REG,18:14,EDM,ev,none,wrist,1551,8477015,C. Brown,8480803,E. Bouchard,,,2,4
2025-05-07,2024030212,1,REG,10:58,FLA,pp,none,wrist,1541,8477493,A. Barkov,8477495,S. Jones,,,0,1
2025-05-07,2024030212,1,REG,18:19,TOR,pp,none,tip-in,1451,8474157,M. Pacioretty,8476853,M. Rielly,8477503,M. Domi,1,1
2025-05-07,2024030212,2,REG,00:15,FLA,ev,none,backhand,1551,8473419,B. Marchand,8482113,A. Lundell,8480185,E. Luostarinen,1,2
2025-05-07,2024030212,2,REG,04:18,TOR,ev,none,backhand,1551,8477939,W. Nylander,8474157,M. Pacioretty,8475171,O. Ekman-Larsson,2,2
2025-05-07,2024030212,2,REG,17:09,TOR,ev,none,wrist,1551,8477503,M. Domi,8478904,S. Lorentz,8476853,M. Rielly,3,2
2025-05-07,2024030212,3,REG,05:33,FLA,ev,none,snap,1551,8482113,A. Lundell,8477932,A. Ekblad,8480185,E. Luostarinen,3,3
2025-05-07,2024030212,3,REG,05:50,TOR,ev,none,wrist,1551,8478483,M. Marner,8476931,J. McCabe,8479318,A. Matthews,4,3
2025-05-07,2024030231,2,REG,03:30,WPG,ev,none,backhand,1551,8475799,N. Niederreiter,8478891,M. Appleton,8477938,H. Fleury,1,0
2025-05-07,2024030231,2,REG,08:43,DAL,ev,none,poke,1551,8478420,M. Rantanen,8474149,E. Dadonov,8479351,S. Steel,1,1
2025-05-07,2024030231,2,REG,14:21,DAL,ev,none,tip-in,1551,8478420,M. Rantanen,8481581,T. Harley,8480950,I. Lyubushkin,1,2
2025-05-07,2024030231,2,REG,16:38,DAL,pp,none,wrist,1541,8478420,M. Rantanen,8475168,M. Duchene,8478449,R. Hintz,1,3
2025-05-07,2024030231,2,REG,17:35,WPG,ev,none,wrist,1551,8476460,M. Scheifele,8480014,G. Vilardi,,,2,3
2025-05-08,2024030222,2,REG,02:16,WSH,ev,none,wrist,1551,8481580,C. McMichael,,,,,1,0
2025-05-08,2024030222,3,REG,01:54,WSH,pp,none,snap,1451,8474590,J. Carlson,8476880,T. Wilson,8478440,D. Strome,2,0
2025-05-08,2024030222,3,REG,09:26,CAR,pp,none,slap,1541,8476906,S. Gostisbehere,8482093,S. Jarvis,8478427,S. Aho,2,1
2025-05-08,2024030222,3,REG,19:00,WSH,ev,empty-net,slap,0651,8476880,T. Wilson,8481656,A. Protas,,,3,1
2025-05-08,2024030242,1,REG,08:42,VGK,pp,none,snap,1451,8478109,V. Olofsson,8475913,M. Stone,8478403,J. Eichel,1,0
2025-05-08,2024030242,2,REG,11:31,EDM,ev,none,slap,1551,8478013,J. Walman,8481617,V. Podkolzin,8478042,V. Arvidsson,1,1
2025-05-08,2024030242,2,REG,15:18,EDM,ev,none,snap,1551,8481617,V. Podkolzin,8478042,V. Arvidsson,8475906,J. Klingberg,1,2
2025-05-08,2024030242,2,REG,17:17,EDM,ev,none,snap,1441,8477498,D. Nurse,8476454,R. Nugent-Hopkins,,,1,3
2025-05-08,2024030242,2,REG,18:10,VGK,ev,none,tip-in,1551,8476448,W. Karlsson,8478403,J. Eichel,8474565,A. Pietrangelo,2,3
2025-05-08,2024030242,3,REG,01:52,EDM,ev,none,wrist,1551,8475169,E. Kane,8475786,Z. Hyman,8476454,R. Nugent-Hopkins,2,4
2025-05-08,2024030242,3,REG,04:32,VGK,pp,none,snap,1451,8478109,V. Olofsson,8478403,J. Eichel,8475913,M. Stone,3,4
2025-05-08,2024030242,3,REG,11:58,VGK,ev,none,wrist,1551,8474565,A. Pietrangelo,8478396,N. Hanifin,8478109,V. Olofsson,4,4
2025-05-08,2024030242,4,OT,15:20,EDM,ev,none,wrist,1551,8477934,L. Draisaitl,8478402,C. McDavid,8470621,C. Perry,4,5
2025-05-09,2024030213,1,REG,00:23,TOR,ev,none,wrist,1551,8482720,M. Knies,8479318,A. Matthews,8478483,M. Marner,0,1
2025-05-09,2024030213,1,REG,05:57,TOR,ev,none,wrap-around,1551,8475166,J. Tavares,8474157,M. Pacioretty,8477939,W. Nylander,0,2
2025-05-09,2024030213,1,REG,07:38,FLA,ev,none,wrist,1551,8477493,A. Barkov,8477933,S. Reinhart,8478542,E. Rodrigues,1,2
2025-05-09,2024030213,2,REG,02:52,TOR,pp,none,tip-in,1541,8475166,J. Tavares,8478483,M. Marner,8477939,W. Nylander,1,3
2025-05-09,2024030213,2,REG,04:13,FLA,ev,none,poke,1551,8477933,S. Reinhart,8478542,E. Rodrigues,8477932,A. Ekblad,2,3
2025-05-09,2024030213,2,REG,05:17,FLA,ev,none,wrist,1551,8477409,C. Verhaeghe,8477935,S. Bennett,8479314,M. Tkachuk,3,3
2025-05-09,2024030213,2,REG,15:07,FLA,ev,none,tip-in,1551,8479981,J. Gadjovich,8477931,T. Nosek,8477220,N. Schmidt,4,3
2025-05-09,2024030213,3,REG,10:56,TOR,ev,none,snap,1551,8476853,M. Rielly,8479318,A. Matthews,8482720,M. Knies,4,4
2025-05-09,2024030213,4,OT,15:27,FLA,ev,none,wrist,1551,8473419,B. Marchand,8475179,D. Kulikov,8477409,C. Verhaeghe,5,4
2025-05-09,2024030232,1,REG,03:35,WPG,pp,none,tip-in,1451,8480014,G. Vilardi,8477940,N. Ehlers,8477504,J. Morrissey,1,0
2025-05-09,2024030232,1,REG,07:07,WPG,ev,none,wrist,1551,8477940,N. Ehlers,8477938,H. Fleury,8476460,M. Scheifele,2,0
2025-05-09,2024030232,2,REG,11:02,WPG,ev,none,wrist,1551,8476392,A. Lowry,8476331,D. DeMelo,8475799,N. Niederreiter,3,0
2025-05-09,2024030232,3,REG,16:20,WPG,ev,empty-net,slap,0651,8477940,N. Ehlers,8476331,D. DeMelo,,,4,0
2025-05-10,2024030223,2,REG,12:34,CAR,ev,none,snap,1551,8480830,A. Svechnikov,,,,,1,0
2025-05-10,2024030223,2,REG,18:57,CAR,pp,none,snap,1451,8478458,J. Roslovic,8470613,B. Burns,8475791,T. Hall,2,0
2025-05-10,2024030223,3,REG,03:14,CAR,ev,none,snap,1551,8480762,E. Robinson,8482702,L. Stankoven,8478458,J. Roslovic,3,0
2025-05-10,2024030223,3,REG,16:44,CAR,pp,none,wrist,1451,8482809,J. Blake,8476906,S. Gostisbehere,8482093,S. Jarvis,4,0
2025-05-10,2024030243,1,REG,07:19,EDM,ev,none,snap,1551,8470621,C. Perry,8478402,C. McDavid,8477934,L. Draisaitl,1,0
2025-05-10,2024030243,1,REG,11:12,EDM,pp,none,tip-in,1451,8470621,C. Perry,8480803,E. Bouchard,8476454,R. Nugent-Hopkins,2,0
2025-05-10,2024030243,1,REG,15:17,VGK,ev,none,wrist,1551,8478462,N. Roy,8479980,N. Hague,8478434,K. Kolesar,2,1
2025-05-10,2024030243,1,REG,16:11,VGK,ev,none,backhand,1551,8475191,R. Smith,8478403,J. Eichel,8480727,Z. Whitecloud,2,2
2025-05-10,2024030243,2,REG,17:05,VGK,ev,none,snap,1551,8476448,W. Karlsson,8478396,N. Hanifin,8474565,A. Pietrangelo,2,3
2025-05-10,2024030243,3,REG,16:58,EDM,ev,none,snap,1551,8478402,C. McDavid,8480803,E. Bouchard,8477934,L. Draisaitl,3,3
2025-05-10,2024030243,3,REG,19:59,VGK,ev,none,wrist,1551,8475191,R. Smith,8476448,W. Karlsson,8475188,B. McNabb,3,4
2025-05-11,2024030233,1,REG,02:27,DAL,pp,none,tip-in,1451,8478449,R. Hintz,8478420,M. Rantanen,8481581,T. Harley,1,0
2025-05-11,2024030233,1,REG,09:53,WPG,ev,none,wrap-around,1551,8478398,K. Connor,8480014,G. Vilardi,,,1,1
2025-05-11,2024030233,1,REG,15:12,DAL,ev,none,snap,1551,8481581,T. Harley,8475798,M. Granlund,8479351,S. Steel,2,1
2025-05-11,2024030233,2,REG,10:07,WPG,ev,none,snap,1551,8475799,N. Niederreiter,8477504,J. Morrissey,8476525,C. Miller,2,2
2025-05-11,2024030233,3,REG,03:51,DAL,ev,none,deflected,1551,8475755,A. Petrovic,8478420,M. Rantanen,8479351,S. Steel,3,2
2025-05-11,2024030233,3,REG,04:40,DAL,ev,none,snap,1551,8478420,M. Rantanen,8478449,R. Hintz,8475798,M. Granlund,4,2
2025-05-11,2024030233,3,REG,14:06,DAL,ev,none,snap,1551,8482740,W. Johnston,8473994,J. Benn,8474149,E. Dadonov,5,2
2025-05-11,2024030214,1,REG,15:45,FLA,pp,none,snap,1451,8477409,C. Verhaeghe,8479314,M. Tkachuk,8477493,A. Barkov,1,0
2025-05-11,2024030214,3,REG,12:09,FLA,ev,none,wrist,1551,8477935,S. Bennett,8477932,A. Ekblad,,,2,0
2025-05-12,2024030224,1,REG,10:24,CAR,ev,none,wrist,1551,8476906,S. Gostisbehere,8480829,J. Kotkaniemi,8480762,E. Robinson,1,0
2025-05-12,2024030224,2,REG,01:05,CAR,ev,none,bat,1551,8482093,S. Jarvis,8478427,S. Aho,8475200,D. Orlov,2,0
2025-05-12,2024030224,3,REG,05:18,WSH,ev,none,snap,1551,8479345,J. Chychrun,8478911,M. Roy,8479400,P. Dubois,2,1
2025-05-12,2024030224,3,REG,08:24,CAR,ev,none,snap,1551,8475791,T. Hall,8478458,J. Roslovic,8480336,S. Walker,3,1
2025-05-12,2024030224,3,REG,12:14,WSH,pp,none,slap,1531,8471214,A. Ovechkin,8478440,D. Strome,8479345,J. Chychrun,3,2
2025-05-12,2024030224,3,REG,16:45,CAR,ev,none,snap,1551,8480336,S. Walker,8475791,T. Hall,,,4,2
2025-05-12,2024030224,3,REG,17:39,CAR,ev,empty-net,wrist,0651,8480830,A. Svechnikov,8473533,J. Staal,8476921,J. Martinook,5,2
2025-05-12,2024030244,1,REG,01:27,EDM,ev,none,snap,1551,8474641,A. Henrique,8477015,C. Brown,,,1,0
2025-05-12,2024030244,1,REG,13:03,EDM,ev,none,between-legs,1551,8474641,A. Henrique,8475786,Z. Hyman,8475169,E. Kane,2,0
2025-05-12,2024030244,2,REG,07:38,EDM,ev,none,snap,1551,8475169,E. Kane,8478402,C. McDavid,8480803,E. Bouchard,3,0
2025-05-13,2024030234,1,REG,08:36,DAL,pp,none,snap,1451,8475798,M. Granlund,8481581,T. Harley,8480027,J. Robertson,1,0
2025-05-13,2024030234,2,REG,01:02,WPG,ev,none,snap,1551,8477940,N. Ehlers,8478398,K. Connor,8477504,J. Morrissey,1,1
2025-05-13,2024030234,2,REG,17:52,DAL,ev,none,snap,1551,8475798,M. Granlund,8478420,M. Rantanen,,,2,1
2025-05-13,2024030234,3,REG,07:23,DAL,pp,none,slap,1451,8475798,M. Granlund,8480036,M. Heiskanen,8475168,M. Duchene,3,1
2025-05-14,2024030215,1,REG,14:38,FLA,ev,none,wrist,1551,8477932,A. Ekblad,8477933,S. Reinhart,8480003,J. Boqvist,0,1
2025-05-14,2024030215,2,REG,06:08,FLA,ev,none,slap,1551,8475179,D. Kulikov,8477220,N. Schmidt,8479314,M. Tkachuk,0,2
2025-05-14,2024030215,2,REG,10:05,FLA,ev,none,snap,1551,8480003,J. Boqvist,8477933,S. Reinhart,8478055,G. Forsling,0,3
2025-05-14,2024030215,2,REG,14:01,FLA,ev,none,slap,1551,8478859,N. Mikkola,8482113,A. Lundell,8480185,E. Luostarinen,0,4
2025-05-14,2024030215,3,REG,06:23,FLA,ev,none,wrist,1551,8478421,A. Greer,8479981,J. Gadjovich,8477220,N. Schmidt,0,5
2025-05-14,2024030215,3,REG,09:10,FLA,pp,none,wrist,1541,8477935,S. Bennett,8477932,A. Ekblad,8473419,B. Marchand,0,6
2025-05-14,2024030215,3,REG,18:54,TOR,ev,none,backhand,1551,8481582,N. Robertson,8477503,M. Domi,8478904,S. Lorentz,1,6
2025-05-14,2024030245,4,OT,07:19,EDM,ev,none,backhand,1551,8477953,K. Kapanen,8477934,L. Draisaitl,8477498,D. Nurse,0,1
2025-05-15,2024030225,1,REG,09:38,CAR,ev,none,snap,1551,8473533,J. Staal,8476921,J. Martinook,,,0,1
2025-05-15,2024030225,1,REG,13:41,WSH,ev,none,backhand,1551,8478463,A. Beauvillier,,,,,1,1
2025-05-15,2024030225,3,REG,18:01,CAR,ev,none,snap,1551,8480830,A. Svechnikov,8480336,S. Walker,8482093,S. Jarvis,1,2
2025-05-15,2024030225,3,REG,19:33,CAR,ev,empty-net,wrist,1560,8482093,S. Jarvis,,,,,1,3
2025-05-15,2024030235,2,REG,06:17,WPG,ev,none,wrist,1441,8476460,M. Scheifele,8478398,K. Connor,8480145,N. Pionk,1,0
2025-05-15,2024030235,3,REG,02:20,WPG,pp,none,wrist,1351,8477940,N. Ehlers,8478398,K. Connor,8476460,M. Scheifele,2,0
2025-05-15,2024030235,3,REG,12:07,WPG,pp,none,wrist,1451,8476480,V. Namestnikov,8480113,A. Iafallo,8480145,N. Pionk,3,0
2025-05-15,2024030235,3,REG,19:15,WPG,ev,empty-net,slap,0651,8477940,N. Ehlers,8482149,C. Perfetti,8476480,V. Namestnikov,4,0
2025-05-16,2024030216,3,REG,06:20,TOR,ev,none,wrist,1551,8479318,A. Matthews,8478483,M. Marner,,,0,1
2025-05-16,2024030216,3,REG,14:17,TOR,ev,none,backhand,1551,8474157,M. Pacioretty,8482259,B. McMann,8477503,M. Domi,0,2
2025-05-17,2024030236,2,REG,05:28,WPG,ev,none,snap,1551,8476460,M. Scheifele,8478398,K. Connor,8480014,G. Vilardi,0,1
2025-05-17,2024030236,2,REG,11:12,DAL,ev,none,snap,1551,8479351,S. Steel,8481581,T. Harley,8480036,M. Heiskanen,1,1
2025-05-17,2024030236,4,OT,01:33,DAL,pp,none,snap,1451,8481581,T. Harley,8475794,T. Seguin,8478975,M. Marchment,2,1
2025-05-18,2024030217,2,REG,03:15,FLA,ev,none,wrist,1551,8477495,S. Jones,8478542,E. Rodrigues,8477493,A. Barkov,0,1
2025-05-18,2024030217,2,REG,07:18,FLA,ev,none,wrist,1551,8482113,A. Lundell,8480185,E. Luostarinen,8473419,B. Marchand,0,2
2025-05-18,2024030217,2,REG,09:39,FLA,ev,none,wrist,1551,8479981,J. Gadjovich,8478421,A. Greer,8477495,S. Jones,0,3
2025-05-18,2024030217,3,REG,02:07,TOR,ev,none,snap,1551,8477503,M. Domi,8482259,B. McMann,,,1,3
2025-05-18,2024030217,3,REG,02:54,FLA,ev,none,tip-in,1551,8480185,E. Luostarinen,8473419,B. Marchand,,,1,4
2025-05-18,2024030217,3,REG,09:24,FLA,ev,none,snap,1551,8477933,S. Reinhart,8477493,A. Barkov,,,1,5
2025-05-18,2024030217,3,REG,16:57,FLA,ev,empty-net,wrist,1560,8473419,B. Marchand,8480185,E. Luostarinen,,,1,6
2025-05-20,2024030311,1,REG,08:30,FLA,pp,none,backhand,1541,8477409,C. Verhaeghe,8477493,A. Barkov,8479314,M. Tkachuk,0,1
2025-05-20,2024030311,1,REG,12:29,FLA,ev,none,snap,1551,8477932,A. Ekblad,8478542,E. Rodrigues,,,0,2
2025-05-20,2024030311,1,REG,19:44,CAR,ev,none,deflected,1551,8478427,S. Aho,8482093,S. Jarvis,8480830,A. Svechnikov,1,2
2025-05-20,2024030311,2,REG,03:33,FLA,ev,none,snap,1551,8478421,A. Greer,8478859,N. Mikkola,8477931,T. Nosek,1,3
2025-05-20,2024030311,3,REG,06:08,FLA,pp,none,snap,1541,8477935,S. Bennett,8478542,E. Rodrigues,8477409,C. Verhaeghe,1,4
2025-05-20,2024030311,3,REG,14:55,FLA,ev,none,snap,1551,8480185,E. Luostarinen,8477931,T. Nosek,8478055,G. Forsling,1,5
2025-05-20,2024030311,3,REG,16:19,CAR,pp,none,wrist,1451,8482809,J. Blake,8482093,S. Jarvis,8476906,S. Gostisbehere,2,5
2025-05-21,2024030321,1,REG,10:19,EDM,ev,none,snap,1551,8477934,L. Draisaitl,8477498,D. Nurse,8478402,C. McDavid,0,1
2025-05-21,2024030321,1,REG,15:22,DAL,ev,none,snap,1551,8475794,T. Seguin,,,,,1,1
2025-05-21,2024030321,2,REG,06:08,EDM,pp,none,snap,1541,8476454,R. Nugent-Hopkins,8478402,C. McDavid,8477934,L. Draisaitl,1,2
2025-05-21,2024030321,2,REG,07:48,EDM,ev,none,wrist,1551,8480803,E. Bouchard,8476454,R. Nugent-Hopkins,8477934,L. Draisaitl,1,3
2025-05-21,2024030321,3,REG,00:32,DAL,pp,none,wrist,1451,8480036,M. Heiskanen,8475798,M. Granlund,8478975,M. Marchment,2,3
2025-05-21,2024030321,3,REG,03:49,DAL,pp,none,wrist,1451,8475798,M. Granlund,8480036,M. Heiskanen,8475794,T. Seguin,3,3
2025-05-21,2024030321,3,REG,05:58,DAL,pp,none,wrist,1451,8475168,M. Duchene,8478449,R. Hintz,8478420,M. Rantanen,4,3
2025-05-21,2024030321,3,REG,16:02,DAL,ev,none,tip-in,1551,8475794,T. Seguin,8479351,S. Steel,8480027,J. Robertson,5,3
2025-05-21,2024030321,3,REG,16:45,DAL,ev,empty-net,wrist,0651,8476902,E. Lindell,,,,,6,3
2025-05-22,2024030312,1,REG,01:17,FLA,ev,none,snap,1551,8478055,G. Forsling,8479314,M. Tkachuk,8477935,S. Bennett,0,1
2025-05-22,2024030312,1,REG,11:41,FLA,ev,none,tip-in,1551,8479314,M. Tkachuk,8477409,C. Verhaeghe,8478859,N. Mikkola,0,2
2025-05-22,2024030312,1,REG,15:50,FLA,pp,none,tip-in,1541,8477935,S. Bennett,8477409,C. Verhaeghe,8478542,E. Rodrigues,0,3
2025-05-22,2024030312,2,REG,19:21,FLA,ev,none,snap,1551,8477935,S. Bennett,8477409,C. Verhaeghe,8477932,A. Ekblad,0,4
2025-05-22,2024030312,3,REG,13:49,FLA,pp,none,tip-in,1541,8477493,A. Barkov,8477932,A. Ekblad,8478542,E. Rodrigues,0,5
2025-05-23,2024030322,1,REG,05:51,EDM,pp,none,tip-in,1541,8476454,R. Nugent-Hopkins,8480803,E. Bouchard,8477934,L. Draisaitl,0,1
2025-05-23,2024030322,2,REG,15:23,EDM,ev,none,snap,1551,8476967,B. Kulak,8478402,C. McDavid,8480803,E. Bouchard,0,2
2025-05-23,2024030322,2,REG,16:36,EDM,ev,none,tip-in,1551,8477015,C. Brown,8476454,R. Nugent-Hopkins,8478013,J. Walman,0,3
2025-05-24,2024030313,1,REG,12:07,FLA,ev,none,backhand,1551,8478859,N. Mikkola,8478542,E. Rodrigues,8477493,A. Barkov,1,0
2025-05-24,2024030313,2,REG,14:51,CAR,pp,none,wrist,1541,8482702,L. Stankoven,8470613,B. Burns,8480829,J. Kotkaniemi,1,1
2025-05-24,2024030313,3,REG,01:29,FLA,ev,none,backhand,1551,8480003,J. Boqvist,8478542,E. Rodrigues,8477932,A. Ekblad,2,1
2025-05-24,2024030313,3,REG,06:26,FLA,ev,none,snap,1551,8478859,N. Mikkola,8477935,S. Bennett,8479314,M. Tkachuk,3,1
2025-05-24,2024030313,3,REG,06:55,FLA,ev,none,snap,1551,8477493,A. Barkov,8479314,M. Tkachuk,,,4,1
2025-05-24,2024030313,3,REG,09:31,FLA,ev,none,wrist,1551,8477493,A. Barkov,8480003,J. Boqvist,,,5,1
2025-05-24,2024030313,3,REG,10:37,FLA,ev,none,wrist,1551,8473419,B. Marchand,8482113,A. Lundell,8480003,J. Boqvist,6,1
2025-05-24,2024030313,3,REG,11:01,CAR,pp,none,backhand,1541,8482093,S. Jarvis,8482702,L. Stankoven,8478427,S. Aho,6,2
2025-05-25,2024030323,1,REG,14:02,EDM,ev,none,slap,1551,8480803,E. Bouchard,8476454,R. Nugent-Hopkins,8476967,B. Kulak,1,0
2025-05-25,2024030323,1,REG,14:38,EDM,ev,none,snap,1551,8478402,C. McDavid,8476454,R. Nugent-Hopkins,8475786,Z. Hyman,2,0
2025-05-25,2024030323,2,REG,15:35,DAL,ev,none,tip-in,1551,8480027,J. Robertson,8483425,L. Bichsel,8478420,M. Rantanen,2,1
2025-05-25,2024030323,2,REG,19:41,EDM,ev,none,snap,1551,8478402,C. McDavid,8480803,E. Bouchard,,,3,1
2025-05-25,2024030323,3,REG,03:25,EDM,ev,none,snap,1551,8475786,Z. Hyman,8476454,R. Nugent-Hopkins,8475169,E. Kane,4,1
2025-05-25,2024030323,3,REG,12:06,EDM,ev,none,tip-in,1551,8475786,Z. Hyman,8475169,E. Kane,,,5,1
2025-05-25,2024030323,3,REG,17:40,EDM,pp,none,snap,1451,8475906,J. Klingberg,8477934,L. Draisaitl,8475169,E. Kane,6,1
2025-05-26,2024030314,2,REG,10:45,CAR,ev,none,snap,1551,8482702,L. Stankoven,8482100,A. Nikishin,,,0,1
2025-05-26,2024030314,3,REG,17:49,CAR,ev,empty-net,wrist,1560,8478427,S. Aho,8480830,A. Svechnikov,8482093,S. Jarvis,0,2
2025-05-26,2024030314,3,REG,18:15,CAR,ev,empty-net,wrist,1560,8473533,J. Staal,8470613,B. Burns,,,0,3
2025-05-27,2024030324,1,REG,11:23,EDM,pp,none,slap,1451,8477934,L. Draisaitl,8476454,R. Nugent-Hopkins,8470621,C. Perry,1,0
2025-05-27,2024030324,2,REG,06:57,DAL,pp,none,snap,1541,8480027,J. Robertson,8481581,T. Harley,8475798,M. Granlund,1,1
2025-05-27,2024030324,2,REG,09:20,EDM,pp,none,tip-in,1451,8470621,C. Perry,8476454,R. Nugent-Hopkins,8478402,C. McDavid,2,1
2025-05-27,2024030324,3,REG,17:33,EDM,ev,empty-net,backhand,0651,8477953,K. Kapanen,8476967,B. Kulak,8477934,L. Draisaitl,3,1
2025-05-27,2024030324,3,REG,19:10,EDM,ev,empty-net,wrist,0651,8474641,A. Henrique,8478402,C. McDavid,8478013,J. Walman,4,1
2025-05-28,2024030315,1,REG,04:39,CAR,ev,none,wrist,1551,8478427,S. Aho,,,,,1,0
2025-05-28,2024030315,1,REG,18:54,CAR,ev,none,snap,1551,8478427,S. Aho,8482093,S. Jarvis,,,2,0
2025-05-28,2024030315,2,REG,07:23,FLA,pp,none,tip-in,1541,8479314,M. Tkachuk,8477932,A. Ekblad,8477495,S. Jones,2,1
2025-05-28,2024030315,2,REG,07:53,FLA,ev,none,wrist,1551,8478542,E. Rodrigues,8477935,S. Bennett,8479314,M. Tkachuk,2,2
2025-05-28,2024030315,2,REG,11:59,FLA,ev,none,tip-in,1551,8482113,A. Lundell,8473419,B. Marchand,,,2,3
2025-05-28,2024030315,3,REG,08:30,CAR,ev,none,wrist,1551,8482093,S. Jarvis,8480830,A. Svechnikov,8476906,S. Gostisbehere,3,3
2025-05-28,2024030315,3,REG,12:21,FLA,ev,none,snap,1551,8477409,C. Verhaeghe,8477493,A. Barkov,8477933,S. Reinhart,3,4
2025-05-28,2024030315,3,REG,19:06,FLA,ev,empty-net,wrist,1560,8477935,S. Bennett,8477493,A. Barkov,8477933,S. Reinhart,3,5
2025-05-29,2024030325,1,REG,02:31,EDM,pp,none,snap,1541,8470621,C. Perry,8478402,C. McDavid,8477934,L. Draisaitl,0,1
2025-05-29,2024030325,1,REG,07:09,EDM,ev,none,wrist,1551,8477406,M. Janmark,8478042,V. Arvidsson,8478013,J. Walman,0,2
2025-05-29,2024030325,1,REG,08:07,EDM,ev,none,snap,1551,8475784,J. Skinner,8474641,A. Henrique,8479365,T. Frederic,0,3
2025-05-29,2024030325,1,REG,11:40,DAL,ev,none,wrist,1551,8480027,J. Robertson,8482740,W. Johnston,,,1,3
2025-05-29,2024030325,2,REG,12:27,DAL,pp,none,wrist,1451,8478449,R. Hintz,8482740,W. Johnston,8481581,T. Harley,2,3
2025-05-29,2024030325,2,REG,14:28,EDM,ev,none,snap,1551,8478402,C. McDavid,8475218,M. Ekholm,,,2,4
2025-05-29,2024030325,3,REG,00:38,DAL,ev,none,wrist,1551,8480027,J. Robertson,8478420,M. Rantanen,8481581,T. Harley,3,4
2025-05-29,2024030325,3,REG,03:21,EDM,ev,none,wrist,1551,8475169,E. Kane,8477934,L. Draisaitl,8478013,J. Walman,3,5
2025-05-29,2024030325,3,REG,19:49,EDM,ev,empty-net,wrist,1560,8477953,K. Kapanen,,,,,3,6
2025-06-04,2024030411,1,REG,01:06,EDM,ev,none,snap,1551,8477934,L. Draisaitl,8477953,K. Kapanen,8478013,J. Walman,1,0
2025-06-04,2024030411,1,REG,10:49,FLA,ev,none,deflected,1551,8477935,S. Bennett,8477409,C. Verhaeghe,8479314,M. Tkachuk,1,1
2025-06-04,2024030411,1,REG,12:30,FLA,pp,none,wrist,1541,8473419,B. Marchand,8477220,N. Schmidt,8478542,E. Rodrigues,1,2
2025-06-04,2024030411,2,REG,02:00,FLA,ev,none,snap,1551,8477935,S. Bennett,8477220,N. Schmidt,8477409,C. Verhaeghe,1,3
2025-06-04,2024030411,2,REG,03:17,EDM,ev,none,slap,1551,8478042,V. Arvidsson,8481617,V. Podkolzin,8480803,E. Bouchard,2,3
2025-06-04,2024030411,3,REG,06:33,EDM,ev,none,snap,1551,8475218,M. Ekholm,8478402,C. McDavid,8477953,K. Kapanen,3,3
2025-06-04,2024030411,4,OT,19:29,EDM,pp,none,snap,1451,8477934,L. Draisaitl,8478402,C. McDavid,8470621,C. Perry,4,3
2025-06-06,2024030412,1,REG,02:07,FLA,pp,none,wrist,1541,8477935,S. Bennett,8477220,N. Schmidt,8478542,E. Rodrigues,0,1
2025-06-06,2024030412,1,REG,07:39,EDM,ev,none,snap,1551,8475169,E. Kane,8478042,V. Arvidsson,8480803,E. Bouchard,1,1
2025-06-06,2024030412,1,REG,09:19,EDM,ev,none,snap,1441,8480803,E. Bouchard,8478402,C. McDavid,8477934,L. Draisaitl,2,1
2025-06-06,2024030412,1,REG,11:37,FLA,ev,none,snap,1551,8477495,S. Jones,8480185,E. Luostarinen,8477220,N. Schmidt,2,2
2025-06-06,2024030412,1,REG,12:37,EDM,pp,none,snap,1451,8477934,L. Draisaitl,8478402,C. McDavid,8480803,E. Bouchard,3,2
2025-06-06,2024030412,2,REG,08:23,FLA,ev,none,snap,1551,8475179,D. Kulikov,8477409,C. Verhaeghe,8477495,S. Jones,3,3
2025-06-06,2024030412,2,REG,12:09,FLA,sh,none,snap,1451,8473419,B. Marchand,8482113,A. Lundell,,,3,4
2025-06-06,2024030412,3,REG,19:42,EDM,ev,none,snap,1560,8470621,C. Perry,8478013,J. Walman,8478402,C. McDavid,4,4
2025-06-06,2024030412,5,OT,08:05,FLA,ev,none,backhand,1551,8473419,B. Marchand,8482113,A. Lundell,,,4,5
2025-06-09,2024030413,1,REG,00:56,FLA,ev,none,wrist,1551,8473419,B. Marchand,8482113,A. Lundell,8480185,E. Luostarinen,1,0
2025-06-09,2024030413,1,REG,17:45,FLA,pp,none,snap,1451,8477409,C. Verhaeghe,8478542,E. Rodrigues,8477220,N. Schmidt,2,0
2025-06-09,2024030413,2,REG,01:40,EDM,pp,none,snap,1541,8470621,C. Perry,8480803,E. Bouchard,8475218,M. Ekholm,2,1
2025-06-09,2024030413,2,REG,03:00,FLA,ev,none,wrist,1551,8477933,S. Reinhart,8477409,C. Verhaeghe,,,3,1
2025-06-09,2024030413,2,REG,07:26,FLA,ev,none,wrist,1551,8477935,S. Bennett,8480185,E. Luostarinen,,,4,1
2025-06-09,2024030413,3,REG,03:27,FLA,pp,none,snap,1451,8477932,A. Ekblad,8477933,S. Reinhart,8479314,M. Tkachuk,5,1
2025-06-09,2024030413,3,REG,16:10,FLA,pp,none,slap,1351,8478542,E. Rodrigues,8478859,N. Mikkola,8478055,G. Forsling,6,1
2025-06-12,2024030414,1,REG,11:40,FLA,pp,none,snap,1351,8479314,M. Tkachuk,8477493,A. Barkov,,,1,0
2025-06-12,2024030414,1,REG,16:56,FLA,pp,none,wrist,1451,8479314,M. Tkachuk,8477933,S. Reinhart,8477493,A. Barkov,2,0
2025-06-12,2024030414,1,REG,19:18,FLA,ev,none,wrist,1551,8482113,A. Lundell,8477409,C. Verhaeghe,8477933,S. Reinhart,3,0
2025-06-12,2024030414,2,REG,03:33,EDM,pp,none,snap,1541,8476454,R. Nugent-Hopkins,8477934,L. Draisaitl,8478402,C. McDavid,3,1
2025-06-12,2024030414,2,REG,12:47,EDM,ev,none,snap,1551,8477498,D. Nurse,8475218,M. Ekholm,8474641,A. Henrique,3,2
2025-06-12,2024030414,2,REG,15:05,EDM,ev,none,backhand,1551,8481617,V. Podkolzin,8477498,D. Nurse,8477934,L. Draisaitl,3,3
2025-06-12,2024030414,3,REG,13:36,EDM,ev,none,slap,1551,8478013,J. Walman,8477953,K. Kapanen,8476454,R. Nugent-Hopkins,3,4
2025-06-12,2024030414,3,REG,19:40,FLA,ev,none,wrist,1560,8477933,S. Reinhart,8479314,M. Tkachuk,8477935,S. Bennett,4,4
2025-06-12,2024030414,4,OT,11:18,EDM,ev,none,backhand,1551,8477934,L. Draisaitl,8481617,V. Podkolzin,8475218,M. Ekholm,4,5
2025-06-14,2024030415,1,REG,09:12,FLA,ev,none,snap,1551,8473419,B. Marchand,8482113,A. Lundell,,,0,1
2025-06-14,2024030415,1,REG,18:06,FLA,ev,none,snap,1551,8477935,S. Bennett,8479314,M. Tkachuk,,,0,2
2025-06-14,2024030415,3,REG,05:12,FLA,ev,none,backhand,1551,8473419,B. Marchand,8480185,E. Luostarinen,,,0,3
2025-06-14,2024030415,3,REG,07:24,EDM,ev,none,wrist,1551,8478402,C. McDavid,8480803,E. Bouchard,8475218,M. Ekholm,1,3
2025-06-14,2024030415,3,REG,08:10,FLA,ev,none,snap,1551,8477933,S. Reinhart,8477493,A. Barkov,,,1,4
2025-06-14,2024030415,3,REG,16:47,EDM,ev,none,slap,1560,8470621,C. Perry,8477934,L. Draisaitl,8477498,D. Nurse,2,4
2025-06-14,2024030415,3,REG,18:41,FLA,ev,empty-net,snap,1560,8480185,E. Luostarinen,,,,,2,5
2025-06-17,2024030416,1,REG,04:36,FLA,ev,none,snap,1551,8477933,S. Reinhart,,,,,1,0
2025-06-17,2024030416,1,REG,19:13,FLA,ev,none,wrist,1551,8479314,M. Tkachuk,8480185,E. Luostarinen,8482113,A. Lundell,2,0
2025-06-17,2024030416,2,REG,17:31,FLA,ev,none,deflected,1551,8477933,S. Reinhart,8477493,A. Barkov,8477409,C. Verhaeghe,3,0
2025-06-17,2024030416,3,REG,13:26,FLA,ev,empty-net,snap,0651,8477933,S. Reinhart,8477493,A. Barkov,8477409,C. Verhaeghe,4,0
2025-06-17,2024030416,3,REG,14:55,FLA,ev,empty-net,wrist,0651,8477933,S. Reinhart,8477409,C. Verhaeghe,8477932,A. Ekblad,5,0
2025-06-17,2024030416,3,REG,15:18,EDM,ev,none,backhand,1551,8481617,V. Podkolzin,8478013,J. Walman,8477015,C. Brown,5,1
