datums,game_id,sezona,loma,vards,home_team,away_team,pen_home,pen_away,pen_total,pen_p1,pen_p2,pen_p3,pim_home,pim_away
2023-10-10,2023020001,20232024,referee,Chris Rooney,TBL,NSH,4,5,9,3,2,4,8,10
2023-10-10,2023020001,20232024,referee,Jake Brenk,TBL,NSH,4,5,9,3,2,4,8,10
2023-10-10,2023020001,20232024,linesman,Shandor Alphonso,TBL,NSH,4,5,9,3,2,4,8,10
2023-10-10,2023020001,20232024,linesman,David Brisebois,TBL,NSH,4,5,9,3,2,4,8,10
2023-10-10,2023020002,20232024,referee,Kelly Sutherland,PIT,CHI,4,2,6,2,2,2,8,4
2023-10-10,2023020002,20232024,referee,Thomas John Luxmore,PIT,CHI,4,2,6,2,2,2,8,4
2023-10-10,2023020002,20232024,linesman,Brad Kovachik,PIT,CHI,4,2,6,2,2,2,8,4
2023-10-10,2023020002,20232024,linesman,Jesse Marquis,PIT,CHI,4,2,6,2,2,2,8,4
2023-10-10,2023020003,20232024,referee,Wes McCauley,VGK,SEA,3,4,7,2,3,2,6,8
2023-10-10,2023020003,20232024,referee,Chris Lee,VGK,SEA,3,4,7,2,3,2,6,8
2023-10-10,2023020003,20232024,linesman,Scott Cherrey,VGK,SEA,3,4,7,2,3,2,6,8
2023-10-10,2023020003,20232024,linesman,Brandon Gawryletz,VGK,SEA,3,4,7,2,3,2,6,8
2023-10-11,2023020004,20232024,referee,Chris Rooney,CAR,OTT,5,7,12,2,6,4,10,14
2023-10-11,2023020004,20232024,referee,Peter MacDougall,CAR,OTT,5,7,12,2,6,4,10,14
2023-10-11,2023020004,20232024,linesman,Shandor Alphonso,CAR,OTT,5,7,12,2,6,4,10,14
2023-10-11,2023020004,20232024,linesman,Ben O'Quinn,CAR,OTT,5,7,12,2,6,4,10,14
2023-10-11,2023020005,20232024,referee,Francis Charron,TOR,MTL,4,5,9,2,4,3,8,10
2023-10-11,2023020005,20232024,referee,Kevin Pollock,TOR,MTL,4,5,9,2,4,3,8,10
2023-10-11,2023020005,20232024,linesman,Travis Gawryletz,TOR,MTL,4,5,9,2,4,3,8,10
2023-10-11,2023020005,20232024,linesman,Derek Nansen,TOR,MTL,4,5,9,2,4,3,8,10
2023-10-11,2023020006,20232024,referee,Jean Hebert,BOS,CHI,4,4,8,2,3,3,8,8
2023-10-11,2023020006,20232024,referee,Brandon Blandina,BOS,CHI,4,4,8,2,3,3,8,8
2023-10-11,2023020006,20232024,linesman,CJ Murray,BOS,CHI,4,4,8,2,3,3,8,8
2023-10-11,2023020006,20232024,linesman,Matt MacPherson,BOS,CHI,4,4,8,2,3,3,8,8
2023-10-11,2023020007,20232024,referee,Tom Chmielewski,CGY,WPG,4,3,7,3,4,0,8,6
2023-10-11,2023020007,20232024,referee,Graham Skilliter,CGY,WPG,4,3,7,3,4,0,8,6
2023-10-11,2023020007,20232024,linesman,Caleb Apperson,CGY,WPG,4,3,7,3,4,0,8,6
2023-10-11,2023020007,20232024,linesman,Travis Toomey,CGY,WPG,4,3,7,3,4,0,8,6
2023-10-11,2023020008,20232024,referee,Wes McCauley,LAK,COL,5,7,12,5,5,2,10,14
2023-10-11,2023020008,20232024,referee,Steve Kozari,LAK,COL,5,7,12,5,5,2,10,14
2023-10-11,2023020008,20232024,linesman,Brandon Gawryletz,LAK,COL,5,7,12,5,5,2,10,14
2023-10-11,2023020008,20232024,linesman,Kiel Murchison,LAK,COL,5,7,12,5,5,2,10,14
2023-10-11,2023020009,20232024,referee,Chris Schlenker,VAN,EDM,4,6,10,3,3,4,8,12
2023-10-11,2023020009,20232024,referee,Gord Dwyer,VAN,EDM,4,6,10,3,3,4,8,12
2023-10-11,2023020009,20232024,linesman,Bevan Mills,VAN,EDM,4,6,10,3,3,4,8,12
2023-10-11,2023020009,20232024,linesman,Trent Knorr,VAN,EDM,4,6,10,3,3,4,8,12
2023-10-12,2023020010,20232024,referee,Francis Charron,BUF,NYR,5,4,9,3,2,4,10,8
2023-10-12,2023020010,20232024,referee,Furman South,BUF,NYR,5,4,9,3,2,4,10,8
2023-10-12,2023020010,20232024,linesman,Travis Gawryletz,BUF,NYR,5,4,9,3,2,4,10,8
2023-10-12,2023020010,20232024,linesman,Jesse Marquis,BUF,NYR,5,4,9,3,2,4,10,8
2023-10-12,2023020011,20232024,referee,Kelly Sutherland,CBJ,PHI,4,5,9,0,4,5,8,10
2023-10-12,2023020011,20232024,referee,Justin Kea,CBJ,PHI,4,5,9,0,4,5,8,10
2023-10-12,2023020011,20232024,linesman,Brad Kovachik,CBJ,PHI,4,5,9,0,4,5,8,10
2023-10-12,2023020011,20232024,linesman,Tyson Baker,CBJ,PHI,4,5,9,0,4,5,8,10
2023-10-12,2023020012,20232024,referee,Jean Hebert,NJD,DET,4,6,10,4,2,4,8,12
2023-10-12,2023020012,20232024,referee,Peter MacDougall,NJD,DET,4,6,10,4,2,4,8,12
2023-10-12,2023020012,20232024,linesman,CJ Murray,NJD,DET,4,6,10,4,2,4,8,12
2023-10-12,2023020012,20232024,linesman,Kilian McNamara,NJD,DET,4,6,10,4,2,4,8,12
2023-10-12,2023020013,20232024,referee,Frederick L'Ecuyer,DAL,STL,3,3,6,3,3,0,6,6
2023-10-12,2023020013,20232024,referee,Jake Brenk,DAL,STL,3,3,6,3,3,0,6,6
2023-10-12,2023020013,20232024,linesman,Kyle Flemington,DAL,STL,3,3,6,3,3,0,6,6
2023-10-12,2023020013,20232024,linesman,Tommy Hughes,DAL,STL,3,3,6,3,3,0,6,6
2023-10-12,2023020014,20232024,referee,Corey Syvret,MIN,FLA,5,6,11,1,5,5,10,12
2023-10-12,2023020014,20232024,referee,Eric Furlatt,MIN,FLA,5,6,11,1,5,5,10,12
2023-10-12,2023020014,20232024,linesman,Michel Cormier,MIN,FLA,5,6,11,1,5,5,10,12
2023-10-12,2023020014,20232024,linesman,Mark Shewchyk,MIN,FLA,5,6,11,1,5,5,10,12
2023-10-12,2023020015,20232024,referee,Jon McIsaac,NSH,SEA,3,4,7,3,3,1,6,8
2023-10-12,2023020015,20232024,referee,Thomas John Luxmore,NSH,SEA,3,4,7,3,3,1,6,8
2023-10-12,2023020015,20232024,linesman,David Brisebois,NSH,SEA,3,4,7,3,3,1,6,8
2023-10-12,2023020015,20232024,linesman,Dan Kelly,NSH,SEA,3,4,7,3,3,1,6,8
2023-10-12,2023020016,20232024,referee,Gord Dwyer,SJS,VGK,1,2,3,2,1,0,2,4
2023-10-12,2023020016,20232024,referee,Chris Lee,SJS,VGK,1,2,3,2,1,0,2,4
2023-10-12,2023020016,20232024,linesman,Scott Cherrey,SJS,VGK,1,2,3,2,1,0,2,4
2023-10-12,2023020016,20232024,linesman,Trent Knorr,SJS,VGK,1,2,3,2,1,0,2,4
2023-10-13,2023020017,20232024,referee,Garrett Rank,NJD,ARI,7,6,13,2,9,2,14,12
2023-10-13,2023020017,20232024,referee,Brandon Blandina,NJD,ARI,7,6,13,2,9,2,14,12
2023-10-13,2023020017,20232024,linesman,Shandor Alphonso,NJD,ARI,7,6,13,2,9,2,14,12
2023-10-13,2023020017,20232024,linesman,CJ Murray,NJD,ARI,7,6,13,2,9,2,14,12
2023-10-13,2023020018,20232024,referee,Kyle Rehman,WSH,PIT,4,4,8,1,5,2,8,8
2023-10-13,2023020018,20232024,referee,Mitch Dunning,WSH,PIT,4,4,8,1,5,2,8,8
2023-10-13,2023020018,20232024,linesman,Ben O'Quinn,WSH,PIT,4,4,8,1,5,2,8,8
2023-10-13,2023020018,20232024,linesman,Kilian McNamara,WSH,PIT,4,4,8,1,5,2,8,8
2023-10-14,2023020019,20232024,referee,Francois St-Laurent,OTT,PHI,8,7,15,7,3,5,16,14
2023-10-14,2023020019,20232024,referee,Pierre Lambert,OTT,PHI,8,7,15,7,3,5,16,14
2023-10-14,2023020019,20232024,linesman,Ryan Gibbons,OTT,PHI,8,7,15,7,3,5,16,14
2023-10-14,2023020019,20232024,linesman,Ryan Daisy,OTT,PHI,8,7,15,7,3,5,16,14
2023-10-14,2023020020,20232024,referee,Corey Syvret,WPG,FLA,8,7,15,4,5,6,16,14
2023-10-14,2023020020,20232024,referee,Eric Furlatt,WPG,FLA,8,7,15,4,5,6,16,14
2023-10-14,2023020020,20232024,linesman,Michel Cormier,WPG,FLA,8,7,15,4,5,6,16,14
2023-10-14,2023020020,20232024,linesman,Mark Shewchyk,WPG,FLA,8,7,15,4,5,6,16,14
2023-10-14,2023020021,20232024,referee,Garrett Rank,BOS,NSH,7,5,12,5,4,3,14,10
2023-10-14,2023020021,20232024,referee,Peter MacDougall,BOS,NSH,7,5,12,5,4,3,14,10
2023-10-14,2023020021,20232024,linesman,Ryan Galloway,BOS,NSH,7,5,12,5,4,3,14,10
2023-10-14,2023020021,20232024,linesman,Ryan Jackson,BOS,NSH,7,5,12,5,4,3,14,10
2023-10-14,2023020022,20232024,referee,Jean Hebert,CBJ,NYR,3,1,4,2,0,2,6,2
2023-10-14,2023020022,20232024,referee,Mitch Dunning,CBJ,NYR,3,1,4,2,0,2,6,2
2023-10-14,2023020022,20232024,linesman,James Tobias,CBJ,NYR,3,1,4,2,0,2,6,2
2023-10-14,2023020022,20232024,linesman,Tommy Hughes,CBJ,NYR,3,1,4,2,0,2,6,2
2023-10-14,2023020023,20232024,referee,Kelly Sutherland,DET,TBL,3,2,5,1,1,3,6,4
2023-10-14,2023020023,20232024,referee,Justin Kea,DET,TBL,3,2,5,1,1,3,6,4
2023-10-14,2023020023,20232024,linesman,Travis Gawryletz,DET,TBL,3,2,5,1,1,3,6,4
2023-10-14,2023020023,20232024,linesman,Jesse Marquis,DET,TBL,3,2,5,1,1,3,6,4
2023-10-14,2023020024,20232024,referee,Ghislain Hebert,MTL,CHI,10,4,14,7,4,3,20,8
2023-10-14,2023020024,20232024,referee,Michael Markovic,MTL,CHI,10,4,14,7,4,3,20,8
2023-10-14,2023020024,20232024,linesman,Justin Johnson,MTL,CHI,10,4,14,7,4,3,20,8
2023-10-14,2023020024,20232024,linesman,Libor Suchanek,MTL,CHI,10,4,14,7,4,3,20,8
2023-10-14,2023020025,20232024,referee,Jon McIsaac,PIT,CGY,4,3,7,5,2,0,8,6
2023-10-14,2023020025,20232024,referee,Jake Brenk,PIT,CGY,4,3,7,5,2,0,8,6
2023-10-14,2023020025,20232024,linesman,Tyson Baker,PIT,CGY,4,3,7,5,2,0,8,6
2023-10-14,2023020025,20232024,linesman,David Brisebois,PIT,CGY,4,3,7,5,2,0,8,6
2023-10-14,2023020026,20232024,referee,Dan O'Rourke,TOR,MIN,2,4,6,4,1,1,4,8
2023-10-14,2023020026,20232024,referee,Furman South,TOR,MIN,2,4,6,4,1,1,4,8
2023-10-14,2023020026,20232024,linesman,Andrew Smith,TOR,MIN,2,4,6,4,1,1,4,8
2023-10-14,2023020026,20232024,linesman,Devin Berg,TOR,MIN,2,4,6,4,1,1,4,8
2023-10-14,2023020027,20232024,referee,Kyle Rehman,NYI,BUF,2,3,5,1,0,4,4,6
2023-10-14,2023020027,20232024,referee,Brandon Blandina,NYI,BUF,2,3,5,1,0,4,4,6
2023-10-14,2023020027,20232024,linesman,Shandor Alphonso,NYI,BUF,2,3,5,1,0,4,4,6
2023-10-14,2023020027,20232024,linesman,Kilian McNamara,NYI,BUF,2,3,5,1,0,4,4,6
2023-10-14,2023020028,20232024,referee,Frederick L'Ecuyer,STL,SEA,1,4,5,3,1,1,2,8
2023-10-14,2023020028,20232024,referee,Thomas John Luxmore,STL,SEA,1,4,5,3,1,1,2,8
2023-10-14,2023020028,20232024,linesman,Kyle Flemington,STL,SEA,1,4,5,3,1,1,2,8
2023-10-14,2023020028,20232024,linesman,Dan Kelly,STL,SEA,1,4,5,3,1,1,2,8
2023-10-14,2023020029,20232024,referee,Graham Skilliter,EDM,VAN,3,7,10,2,5,3,6,14
2023-10-14,2023020029,20232024,referee,Chris Lee,EDM,VAN,3,7,10,2,5,3,6,14
2023-10-14,2023020029,20232024,linesman,Kiel Murchison,EDM,VAN,3,7,10,2,5,3,6,14
2023-10-14,2023020029,20232024,linesman,Travis Toomey,EDM,VAN,3,7,10,2,5,3,6,14
2023-10-14,2023020030,20232024,referee,Kendrick Nicholson,SJS,COL,4,3,7,2,4,1,8,6
2023-10-14,2023020030,20232024,referee,Cody Beach,SJS,COL,4,3,7,2,4,1,8,6
2023-10-14,2023020030,20232024,linesman,Scott Cherrey,SJS,COL,4,3,7,2,4,1,8,6
2023-10-14,2023020030,20232024,linesman,Joe Mahon,SJS,COL,4,3,7,2,4,1,8,6
2023-10-14,2023020031,20232024,referee,Steve Kozari,VGK,ANA,6,6,12,2,3,7,12,12
2023-10-14,2023020031,20232024,referee,Jordan Samuels-Thomas,VGK,ANA,6,6,12,2,3,7,12,12
2023-10-14,2023020031,20232024,linesman,Steve Barton,VGK,ANA,6,6,12,2,3,7,12,12
2023-10-14,2023020031,20232024,linesman,Caleb Apperson,VGK,ANA,6,6,12,2,3,7,12,12
2023-10-14,2023020032,20232024,referee,Gord Dwyer,LAK,CAR,5,8,13,3,5,5,10,16
2023-10-14,2023020032,20232024,referee,Brandon Schrader,LAK,CAR,5,8,13,3,5,5,10,16
2023-10-14,2023020032,20232024,linesman,Mitch Hunt,LAK,CAR,5,8,13,3,5,5,10,16
2023-10-14,2023020032,20232024,linesman,Trent Knorr,LAK,CAR,5,8,13,3,5,5,10,16
2023-10-15,2023020033,20232024,referee,Dan O'Rourke,OTT,TBL,3,4,7,3,2,2,6,8
2023-10-15,2023020033,20232024,referee,Michael Markovic,OTT,TBL,3,4,7,3,2,2,6,8
2023-10-15,2023020033,20232024,linesman,Justin Johnson,OTT,TBL,3,4,7,3,2,2,6,8
2023-10-15,2023020033,20232024,linesman,Ryan Gibbons,OTT,TBL,3,4,7,3,2,2,6,8
2023-10-15,2023020034,20232024,referee,Kendrick Nicholson,ANA,CAR,9,5,14,6,6,2,18,10
2023-10-15,2023020034,20232024,referee,Brandon Schrader,ANA,CAR,9,5,14,6,6,2,18,10
2023-10-15,2023020034,20232024,linesman,Steve Barton,ANA,CAR,9,5,14,6,6,2,18,10
2023-10-15,2023020034,20232024,linesman,Caleb Apperson,ANA,CAR,9,5,14,6,6,2,18,10
2023-10-16,2023020035,20232024,referee,Jon McIsaac,CBJ,DET,5,4,9,2,4,3,10,8
2023-10-16,2023020035,20232024,referee,Frederick L'Ecuyer,CBJ,DET,5,4,9,2,4,3,10,8
2023-10-16,2023020035,20232024,linesman,James Tobias,CBJ,DET,5,4,9,2,4,3,10,8
2023-10-16,2023020035,20232024,linesman,Travis Gawryletz,CBJ,DET,5,4,9,2,4,3,10,8
2023-10-16,2023020036,20232024,referee,Kyle Rehman,NJD,FLA,5,6,11,2,4,5,10,12
2023-10-16,2023020036,20232024,referee,Carter Sandlak,NJD,FLA,5,6,11,2,4,5,10,12
2023-10-16,2023020036,20232024,linesman,Julien Fournier,NJD,FLA,5,6,11,2,4,5,10,12
2023-10-16,2023020036,20232024,linesman,Jonathan Deschamps,NJD,FLA,5,6,11,2,4,5,10,12
2023-10-16,2023020037,20232024,referee,Kelly Sutherland,NYR,ARI,9,7,16,2,5,9,18,14
2023-10-16,2023020037,20232024,referee,Beau Halkidis,NYR,ARI,9,7,16,2,5,9,18,14
2023-10-16,2023020037,20232024,linesman,Tommy Hughes,NYR,ARI,9,7,16,2,5,9,18,14
2023-10-16,2023020037,20232024,linesman,Jonny Murray,NYR,ARI,9,7,16,2,5,9,18,14
2023-10-16,2023020038,20232024,referee,Francois St-Laurent,TOR,CHI,4,3,7,2,2,3,8,6
2023-10-16,2023020038,20232024,referee,Eric Furlatt,TOR,CHI,4,3,7,2,2,3,8,6
2023-10-16,2023020038,20232024,linesman,Ryan Gibbons,TOR,CHI,4,3,7,2,2,3,8,6
2023-10-16,2023020038,20232024,linesman,Libor Suchanek,TOR,CHI,4,3,7,2,2,3,8,6
2023-10-16,2023020039,20232024,referee,Brian Pochmara,WSH,CGY,5,2,7,3,1,3,10,4
2023-10-16,2023020039,20232024,referee,Brandon Blandina,WSH,CGY,5,2,7,3,1,3,10,4
2023-10-16,2023020039,20232024,linesman,Brad Kovachik,WSH,CGY,5,2,7,3,1,3,10,4
2023-10-16,2023020039,20232024,linesman,Ryan Galloway,WSH,CGY,5,2,7,3,1,3,10,4
2023-10-17,2023020042,20232024,referee,Kyle Rehman,PHI,VAN,5,6,11,1,2,8,10,12
2023-10-17,2023020042,20232024,referee,Brandon Blandina,PHI,VAN,5,6,11,1,2,8,10,12
2023-10-17,2023020042,20232024,linesman,Ryan Galloway,PHI,VAN,5,6,11,1,2,8,10,12
2023-10-17,2023020042,20232024,linesman,Jonny Murray,PHI,VAN,5,6,11,1,2,8,10,12
2023-10-17,2023020041,20232024,referee,Dan O'Rourke,MTL,MIN,10,7,17,2,7,8,20,14
2023-10-17,2023020041,20232024,referee,Michael Markovic,MTL,MIN,10,7,17,2,7,8,20,14
2023-10-17,2023020041,20232024,linesman,Andrew Smith,MTL,MIN,10,7,17,2,7,8,20,14
2023-10-17,2023020041,20232024,linesman,Michel Cormier,MTL,MIN,10,7,17,2,7,8,20,14
2023-10-17,2023020040,20232024,referee,Francois St-Laurent,BUF,TBL,4,3,7,3,3,1,8,6
2023-10-17,2023020040,20232024,referee,Frederick L'Ecuyer,BUF,TBL,4,3,7,3,3,1,8,6
2023-10-17,2023020040,20232024,linesman,Julien Fournier,BUF,TBL,4,3,7,3,3,1,8,6
2023-10-17,2023020040,20232024,linesman,Matt MacPherson,BUF,TBL,4,3,7,3,3,1,8,6
2023-10-17,2023020043,20232024,referee,Chris Rooney,NYI,ARI,4,4,8,3,5,0,8,8
2023-10-17,2023020043,20232024,referee,Carter Sandlak,NYI,ARI,4,4,8,3,5,0,8,8
2023-10-17,2023020043,20232024,linesman,Brad Kovachik,NYI,ARI,4,4,8,3,5,0,8,8
2023-10-17,2023020043,20232024,linesman,Jonathan Deschamps,NYI,ARI,4,4,8,3,5,0,8,8
2023-10-17,2023020044,20232024,referee,Tom Chmielewski,NSH,EDM,3,3,6,2,3,1,6,6
2023-10-17,2023020044,20232024,referee,Ghislain Hebert,NSH,EDM,3,3,6,2,3,1,6,6
2023-10-17,2023020044,20232024,linesman,Ryan Daisy,NSH,EDM,3,3,6,2,3,1,6,6
2023-10-17,2023020044,20232024,linesman,Devin Berg,NSH,EDM,3,3,6,2,3,1,6,6
2023-10-17,2023020045,20232024,referee,Kevin Pollock,WPG,LAK,7,6,13,2,8,3,14,12
2023-10-17,2023020045,20232024,referee,Pierre Lambert,WPG,LAK,7,6,13,2,8,3,14,12
2023-10-17,2023020045,20232024,linesman,Justin Johnson,WPG,LAK,7,6,13,2,8,3,14,12
2023-10-17,2023020045,20232024,linesman,Derek Nansen,WPG,LAK,7,6,13,2,8,3,14,12
2023-10-17,2023020046,20232024,referee,Trevor Hanson,SEA,COL,3,5,8,1,4,3,6,10
2023-10-17,2023020046,20232024,referee,Steve Kozari,SEA,COL,3,5,8,1,4,3,6,10
2023-10-17,2023020046,20232024,linesman,Kiel Murchison,SEA,COL,3,5,8,1,4,3,6,10
2023-10-17,2023020046,20232024,linesman,Travis Toomey,SEA,COL,3,5,8,1,4,3,6,10
2023-10-17,2023020047,20232024,referee,Graham Skilliter,SJS,CAR,7,6,13,3,8,2,14,12
2023-10-17,2023020047,20232024,referee,Cody Beach,SJS,CAR,7,6,13,3,8,2,14,12
2023-10-17,2023020047,20232024,linesman,Steve Barton,SJS,CAR,7,6,13,3,8,2,14,12
2023-10-17,2023020047,20232024,linesman,Brandon Gawryletz,SJS,CAR,7,6,13,3,8,2,14,12
2023-10-17,2023020048,20232024,referee,Chris Schlenker,VGK,DAL,2,4,6,2,4,0,4,8
2023-10-17,2023020048,20232024,referee,Kendrick Nicholson,VGK,DAL,2,4,6,2,4,0,4,8
2023-10-17,2023020048,20232024,linesman,Bevan Mills,VGK,DAL,2,4,6,2,4,0,4,8
2023-10-17,2023020048,20232024,linesman,Caleb Apperson,VGK,DAL,2,4,6,2,4,0,4,8
2023-10-18,2023020049,20232024,referee,Eric Furlatt,OTT,WSH,4,7,11,1,3,7,8,14
2023-10-18,2023020049,20232024,referee,Morgan MacPhee,OTT,WSH,4,7,11,1,3,7,8,14
2023-10-18,2023020049,20232024,linesman,Andrew Smith,OTT,WSH,4,7,11,1,3,7,8,14
2023-10-18,2023020049,20232024,linesman,Libor Suchanek,OTT,WSH,4,7,11,1,3,7,8,14
2023-10-18,2023020050,20232024,referee,Wes McCauley,DET,PIT,4,4,8,1,5,2,8,8
2023-10-18,2023020050,20232024,referee,Brian Pochmara,DET,PIT,4,4,8,1,5,2,8,8
2023-10-18,2023020050,20232024,linesman,Ryan Gibbons,DET,PIT,4,4,8,1,5,2,8,8
2023-10-18,2023020050,20232024,linesman,Matt MacPherson,DET,PIT,4,4,8,1,5,2,8,8
2023-10-19,2023020051,20232024,referee,Garrett Rank,BUF,CGY,6,6,12,5,2,5,12,12
2023-10-19,2023020051,20232024,referee,Michael Markovic,BUF,CGY,6,6,12,5,2,5,12,12
2023-10-19,2023020051,20232024,linesman,Scott Cherrey,BUF,CGY,6,6,12,5,2,5,12,12
2023-10-19,2023020051,20232024,linesman,Julien Fournier,BUF,CGY,6,6,12,5,2,5,12,12
2023-10-19,2023020052,20232024,referee,Gord Dwyer,FLA,TOR,5,4,9,1,7,1,10,8
2023-10-19,2023020052,20232024,referee,Mitch Dunning,FLA,TOR,5,4,9,1,7,1,10,8
2023-10-19,2023020052,20232024,linesman,Devin Berg,FLA,TOR,5,4,9,1,7,1,10,8
2023-10-19,2023020052,20232024,linesman,Kilian McNamara,FLA,TOR,5,4,9,1,7,1,10,8
2023-10-19,2023020053,20232024,referee,Chris Rooney,NYR,NSH,4,4,8,2,4,2,8,8
2023-10-19,2023020053,20232024,referee,Dan O'Rourke,NYR,NSH,4,4,8,2,4,2,8,8
2023-10-19,2023020053,20232024,linesman,Kyle Flemington,NYR,NSH,4,4,8,2,4,2,8,8
2023-10-19,2023020053,20232024,linesman,Brad Kovachik,NYR,NSH,4,4,8,2,4,2,8,8
2023-10-19,2023020055,20232024,referee,Ghislain Hebert,TBL,VAN,1,3,4,2,1,1,2,6
2023-10-19,2023020055,20232024,referee,Corey Syvret,TBL,VAN,1,3,4,2,1,1,2,6
2023-10-19,2023020055,20232024,linesman,CJ Murray,TBL,VAN,1,3,4,2,1,1,2,6
2023-10-19,2023020055,20232024,linesman,Ryan Daisy,TBL,VAN,1,3,4,2,1,1,2,6
2023-10-19,2023020054,20232024,referee,Frederick L'Ecuyer,PHI,EDM,2,4,6,1,4,1,4,8
2023-10-19,2023020054,20232024,referee,Carter Sandlak,PHI,EDM,2,4,6,1,4,1,4,8
2023-10-19,2023020054,20232024,linesman,Jonathan Deschamps,PHI,EDM,2,4,6,1,4,1,4,8
2023-10-19,2023020054,20232024,linesman,Jonny Murray,PHI,EDM,2,4,6,1,4,1,4,8
2023-10-19,2023020056,20232024,referee,Kendrick Nicholson,MIN,LAK,0,4,4,2,1,1,0,8
2023-10-19,2023020056,20232024,referee,Kevin Pollock,MIN,LAK,0,4,4,2,1,1,0,8
2023-10-19,2023020056,20232024,linesman,Shandor Alphonso,MIN,LAK,0,4,4,2,1,1,0,8
2023-10-19,2023020056,20232024,linesman,Tyson Baker,MIN,LAK,0,4,4,2,1,1,0,8
2023-10-19,2023020057,20232024,referee,Wes McCauley,STL,ARI,4,2,6,1,2,3,8,4
2023-10-19,2023020057,20232024,referee,Tom Chmielewski,STL,ARI,4,2,6,1,2,3,8,4
2023-10-19,2023020057,20232024,linesman,Ryan Gibbons,STL,ARI,4,2,6,1,2,3,8,4
2023-10-19,2023020057,20232024,linesman,Ryan Jackson,STL,ARI,4,2,6,1,2,3,8,4
2023-10-19,2023020058,20232024,referee,Trevor Hanson,WPG,VGK,2,2,4,1,1,2,4,4
2023-10-19,2023020058,20232024,referee,Pierre Lambert,WPG,VGK,2,2,4,1,1,2,4,4
2023-10-19,2023020058,20232024,linesman,Derek Nansen,WPG,VGK,2,2,4,1,1,2,4,4
2023-10-19,2023020058,20232024,linesman,Trent Knorr,WPG,VGK,2,2,4,1,1,2,4,4
2023-10-19,2023020059,20232024,referee,Graham Skilliter,ANA,DAL,5,4,9,4,5,0,10,8
2023-10-19,2023020059,20232024,referee,Cody Beach,ANA,DAL,5,4,9,4,5,0,10,8
2023-10-19,2023020059,20232024,linesman,Bevan Mills,ANA,DAL,5,4,9,4,5,0,10,8
2023-10-19,2023020059,20232024,linesman,Brandon Gawryletz,ANA,DAL,5,4,9,4,5,0,10,8
2023-10-19,2023020060,20232024,referee,Francis Charron,SEA,CAR,2,4,6,2,2,2,4,8
2023-10-19,2023020060,20232024,referee,Jake Brenk,SEA,CAR,2,4,6,2,2,2,4,8
2023-10-19,2023020060,20232024,linesman,Joe Mahon,SEA,CAR,2,4,6,2,2,2,4,8
2023-10-19,2023020060,20232024,linesman,Travis Toomey,SEA,CAR,2,4,6,2,2,2,4,8
2023-10-19,2023020061,20232024,referee,Kyle Rehman,COL,CHI,4,3,7,2,3,2,8,6
2023-10-19,2023020061,20232024,referee,Jean Hebert,COL,CHI,4,3,7,2,3,2,8,6
2023-10-19,2023020061,20232024,linesman,Steve Barton,COL,CHI,4,3,7,2,3,2,8,6
2023-10-19,2023020061,20232024,linesman,Travis Gawryletz,COL,CHI,4,3,7,2,3,2,8,6
2023-10-19,2023020062,20232024,referee,Chris Schlenker,SJS,BOS,1,3,4,0,2,2,2,6
2023-10-19,2023020062,20232024,referee,Steve Kozari,SJS,BOS,1,3,4,0,2,2,2,6
2023-10-19,2023020062,20232024,linesman,James Tobias,SJS,BOS,1,3,4,0,2,2,2,6
2023-10-19,2023020062,20232024,linesman,Caleb Apperson,SJS,BOS,1,3,4,0,2,2,2,6
2023-10-20,2023020063,20232024,referee,Kelly Sutherland,CBJ,CGY,3,2,5,2,1,2,6,4
2023-10-20,2023020063,20232024,referee,Peter MacDougall,CBJ,CGY,3,2,5,2,1,2,6,4
2023-10-20,2023020063,20232024,linesman,Matt MacPherson,CBJ,CGY,3,2,5,2,1,2,6,4
2023-10-20,2023020063,20232024,linesman,David Brisebois,CBJ,CGY,3,2,5,2,1,2,6,4
2023-10-20,2023020064,20232024,referee,Chris Rooney,NYI,NJD,6,3,9,4,3,2,12,6
2023-10-20,2023020064,20232024,referee,Brandon Schrader,NYI,NJD,6,3,9,4,3,2,12,6
2023-10-20,2023020064,20232024,linesman,Kyle Flemington,NYI,NJD,6,3,9,4,3,2,12,6
2023-10-20,2023020064,20232024,linesman,Tommy Hughes,NYI,NJD,6,3,9,4,3,2,12,6
2023-10-21,2023020065,20232024,referee,Garrett Rank,OTT,DET,8,9,17,7,7,3,16,18
2023-10-21,2023020065,20232024,referee,Furman South,OTT,DET,8,9,17,7,7,3,16,18
2023-10-21,2023020065,20232024,linesman,Mitch Hunt,OTT,DET,8,9,17,7,7,3,16,18
2023-10-21,2023020065,20232024,linesman,Mark Shewchyk,OTT,DET,8,9,17,7,7,3,16,18
2023-10-21,2023020066,20232024,referee,Kyle Rehman,ARI,ANA,5,7,12,3,5,4,10,14
2023-10-21,2023020066,20232024,referee,Jake Brenk,ARI,ANA,5,7,12,3,5,4,10,14
2023-10-21,2023020066,20232024,linesman,James Tobias,ARI,ANA,5,7,12,3,5,4,10,14
2023-10-21,2023020066,20232024,linesman,Travis Gawryletz,ARI,ANA,5,7,12,3,5,4,10,14
2023-10-21,2023020067,20232024,referee,Michael Markovic,BUF,NYI,3,3,6,4,2,0,6,6
2023-10-21,2023020067,20232024,referee,Peter MacDougall,BUF,NYI,3,3,6,4,2,0,6,6
2023-10-21,2023020067,20232024,linesman,Andrew Smith,BUF,NYI,3,3,6,4,2,0,6,6
2023-10-21,2023020067,20232024,linesman,David Brisebois,BUF,NYI,3,3,6,4,2,0,6,6
2023-10-21,2023020068,20232024,referee,Francois St-Laurent,FLA,VAN,3,2,5,2,2,1,6,4
2023-10-21,2023020068,20232024,referee,Ghislain Hebert,FLA,VAN,3,2,5,2,2,1,6,4
2023-10-21,2023020068,20232024,linesman,Devin Berg,FLA,VAN,3,2,5,2,2,1,6,4
2023-10-21,2023020068,20232024,linesman,Jonny Murray,FLA,VAN,3,2,5,2,2,1,6,4
2023-10-21,2023020069,20232024,referee,Eric Furlatt,MTL,WSH,5,6,11,3,2,6,10,12
2023-10-21,2023020069,20232024,referee,Beau Halkidis,MTL,WSH,5,6,11,3,2,6,10,12
2023-10-21,2023020069,20232024,linesman,Jonathan Deschamps,MTL,WSH,5,6,11,3,2,6,10,12
2023-10-21,2023020069,20232024,linesman,Dan Kelly,MTL,WSH,5,6,11,3,2,6,10,12
2023-10-21,2023020070,20232024,referee,Brian Pochmara,TBL,TOR,2,4,6,4,2,0,4,8
2023-10-21,2023020070,20232024,referee,Thomas John Luxmore,TBL,TOR,2,4,6,4,2,0,4,8
2023-10-21,2023020070,20232024,linesman,Ryan Daisy,TBL,TOR,2,4,6,4,2,0,4,8
2023-10-21,2023020070,20232024,linesman,Kilian McNamara,TBL,TOR,2,4,6,4,2,0,4,8
2023-10-21,2023020071,20232024,referee,Kelly Sutherland,CHI,VGK,5,5,10,6,1,3,10,10
2023-10-21,2023020071,20232024,referee,Justin Kea,CHI,VGK,5,5,10,6,1,3,10,10
2023-10-21,2023020071,20232024,linesman,Shandor Alphonso,CHI,VGK,5,5,10,6,1,3,10,10
2023-10-21,2023020071,20232024,linesman,Jesse Marquis,CHI,VGK,5,5,10,6,1,3,10,10
2023-10-21,2023020072,20232024,referee,Jean Hebert,DAL,PHI,2,4,6,1,2,3,4,8
2023-10-21,2023020072,20232024,referee,Corey Syvret,DAL,PHI,2,4,6,1,2,3,4,8
2023-10-21,2023020072,20232024,linesman,Justin Johnson,DAL,PHI,2,4,6,1,2,3,4,8
2023-10-21,2023020072,20232024,linesman,Ben O'Quinn,DAL,PHI,2,4,6,1,2,3,4,8
2023-10-21,2023020073,20232024,referee,Wes McCauley,MIN,CBJ,3,3,6,2,2,2,6,6
2023-10-21,2023020073,20232024,referee,Pierre Lambert,MIN,CBJ,3,3,6,2,2,2,6,6
2023-10-21,2023020073,20232024,linesman,Steve Barton,MIN,CBJ,3,3,6,2,2,2,6,6
2023-10-21,2023020073,20232024,linesman,Ryan Galloway,MIN,CBJ,3,3,6,2,2,2,6,6
2023-10-21,2023020074,20232024,referee,Gord Dwyer,NSH,SJS,2,5,7,2,3,2,4,10
2023-10-21,2023020074,20232024,referee,Mitch Dunning,NSH,SJS,2,5,7,2,3,2,4,10
2023-10-21,2023020074,20232024,linesman,Kyle Flemington,NSH,SJS,2,5,7,2,3,2,4,10
2023-10-21,2023020074,20232024,linesman,CJ Murray,NSH,SJS,2,5,7,2,3,2,4,10
2023-10-21,2023020075,20232024,referee,Carter Sandlak,STL,PIT,2,2,4,1,1,2,4,4
2023-10-21,2023020075,20232024,referee,Kevin Pollock,STL,PIT,2,2,4,1,1,2,4,4
2023-10-21,2023020075,20232024,linesman,Julien Fournier,STL,PIT,2,2,4,1,1,2,4,4
2023-10-21,2023020075,20232024,linesman,Ryan Jackson,STL,PIT,2,2,4,1,1,2,4,4
2023-10-21,2023020076,20232024,referee,Tom Chmielewski,COL,CAR,5,5,10,3,5,2,10,10
2023-10-21,2023020076,20232024,referee,Jordan Samuels-Thomas,COL,CAR,5,5,10,3,5,2,10,10
2023-10-21,2023020076,20232024,linesman,Brandon Gawryletz,COL,CAR,5,5,10,3,5,2,10,10
2023-10-21,2023020076,20232024,linesman,Tyson Baker,COL,CAR,5,5,10,3,5,2,10,10
2023-10-21,2023020077,20232024,referee,Trevor Hanson,EDM,WPG,6,5,11,4,7,0,12,10
2023-10-21,2023020077,20232024,referee,Steve Kozari,EDM,WPG,6,5,11,4,7,0,12,10
2023-10-21,2023020077,20232024,linesman,Trent Knorr,EDM,WPG,6,5,11,4,7,0,12,10
2023-10-21,2023020077,20232024,linesman,Caleb Apperson,EDM,WPG,6,5,11,4,7,0,12,10
2023-10-21,2023020078,20232024,referee,Chris Schlenker,SEA,NYR,3,5,8,0,3,5,6,10
2023-10-21,2023020078,20232024,referee,Graham Skilliter,SEA,NYR,3,5,8,0,3,5,6,10
2023-10-21,2023020078,20232024,linesman,Bevan Mills,SEA,NYR,3,5,8,0,3,5,6,10
2023-10-21,2023020078,20232024,linesman,Joe Mahon,SEA,NYR,3,5,8,0,3,5,6,10
2023-10-21,2023020079,20232024,referee,Francis Charron,LAK,BOS,4,6,10,5,2,3,8,12
2023-10-21,2023020079,20232024,referee,Cody Beach,LAK,BOS,4,6,10,5,2,3,8,12
2023-10-21,2023020079,20232024,linesman,Ryan Gibbons,LAK,BOS,4,6,10,5,2,3,8,12
2023-10-21,2023020079,20232024,linesman,Travis Toomey,LAK,BOS,4,6,10,5,2,3,8,12
2023-10-22,2023020080,20232024,referee,Chris Lee,DET,CGY,2,5,7,2,0,5,4,10
2023-10-22,2023020080,20232024,referee,Brandon Schrader,DET,CGY,2,5,7,2,0,5,4,10
2023-10-22,2023020080,20232024,linesman,Michel Cormier,DET,CGY,2,5,7,2,0,5,4,10
2023-10-22,2023020080,20232024,linesman,Matt MacPherson,DET,CGY,2,5,7,2,0,5,4,10
2023-10-22,2023020081,20232024,referee,Francis Charron,ANA,BOS,6,4,10,4,5,1,12,8
2023-10-22,2023020081,20232024,referee,Jake Brenk,ANA,BOS,6,4,10,4,5,1,12,8
2023-10-22,2023020081,20232024,linesman,James Tobias,ANA,BOS,6,4,10,4,5,1,12,8
2023-10-22,2023020081,20232024,linesman,Travis Toomey,ANA,BOS,6,4,10,4,5,1,12,8
2023-10-23,2023020082,20232024,referee,Furman South,BUF,MTL,3,5,8,3,3,2,6,10
2023-10-23,2023020082,20232024,referee,Tom Chmielewski,BUF,MTL,3,5,8,3,3,2,6,10
2023-10-23,2023020082,20232024,linesman,Mitch Hunt,BUF,MTL,3,5,8,3,3,2,6,10
2023-10-23,2023020082,20232024,linesman,Brad Kovachik,BUF,MTL,3,5,8,3,3,2,6,10
2023-10-24,2023020083,20232024,referee,Kelly Sutherland,WSH,TOR,3,3,6,4,2,0,6,6
2023-10-24,2023020083,20232024,referee,Frederick L'Ecuyer,WSH,TOR,3,3,6,4,2,0,6,6
2023-10-24,2023020083,20232024,linesman,Scott Cherrey,WSH,TOR,3,3,6,4,2,0,6,6
2023-10-24,2023020083,20232024,linesman,Julien Fournier,WSH,TOR,3,3,6,4,2,0,6,6
2023-10-24,2023020085,20232024,referee,Ghislain Hebert,OTT,BUF,6,8,14,2,3,9,12,16
2023-10-24,2023020085,20232024,referee,Kevin Pollock,OTT,BUF,6,8,14,2,3,9,12,16
2023-10-24,2023020085,20232024,linesman,Andrew Smith,OTT,BUF,6,8,14,2,3,9,12,16
2023-10-24,2023020085,20232024,linesman,Shandor Alphonso,OTT,BUF,6,8,14,2,3,9,12,16
2023-10-24,2023020086,20232024,referee,Brian Pochmara,TBL,CAR,6,6,12,2,3,7,12,12
2023-10-24,2023020086,20232024,referee,Carter Sandlak,TBL,CAR,6,6,12,2,3,7,12,12
2023-10-24,2023020086,20232024,linesman,Tommy Hughes,TBL,CAR,6,6,12,2,3,7,12,12
2023-10-24,2023020086,20232024,linesman,Derek Nansen,TBL,CAR,6,6,12,2,3,7,12,12
2023-10-24,2023020087,20232024,referee,Thomas John Luxmore,MTL,NJD,4,4,8,2,3,3,8,8
2023-10-24,2023020087,20232024,referee,Pierre Lambert,MTL,NJD,4,4,8,2,3,3,8,8
2023-10-24,2023020087,20232024,linesman,Ryan Daisy,MTL,NJD,4,4,8,2,3,3,8,8
2023-10-24,2023020087,20232024,linesman,Ben O'Quinn,MTL,NJD,4,4,8,2,3,3,8,8
2023-10-24,2023020088,20232024,referee,Furman South,PIT,DAL,3,4,7,4,1,2,6,8
2023-10-24,2023020088,20232024,referee,Chris Lee,PIT,DAL,3,4,7,4,1,2,6,8
2023-10-24,2023020088,20232024,linesman,CJ Murray,PIT,DAL,3,4,7,4,1,2,6,8
2023-10-24,2023020088,20232024,linesman,Brad Kovachik,PIT,DAL,3,4,7,4,1,2,6,8
2023-10-24,2023020089,20232024,referee,Jean Hebert,FLA,SJS,3,4,7,1,4,2,6,8
2023-10-24,2023020089,20232024,referee,Brandon Blandina,FLA,SJS,3,4,7,1,4,2,6,8
2023-10-24,2023020089,20232024,linesman,Libor Suchanek,FLA,SJS,3,4,7,1,4,2,6,8
2023-10-24,2023020089,20232024,linesman,Kilian McNamara,FLA,SJS,3,4,7,1,4,2,6,8
2023-10-24,2023020090,20232024,referee,Francois St-Laurent,NYI,COL,5,6,11,4,4,3,10,12
2023-10-24,2023020090,20232024,referee,Corey Syvret,NYI,COL,5,6,11,4,4,3,10,12
2023-10-24,2023020090,20232024,linesman,Ryan Jackson,NYI,COL,5,6,11,4,4,3,10,12
2023-10-24,2023020090,20232024,linesman,Dan Kelly,NYI,COL,5,6,11,4,4,3,10,12
2023-10-24,2023020091,20232024,referee,Mitch Dunning,DET,SEA,6,7,13,3,3,7,12,14
2023-10-24,2023020091,20232024,referee,Jake Brenk,DET,SEA,6,7,13,3,3,7,12,14
2023-10-24,2023020091,20232024,linesman,Devin Berg,DET,SEA,6,7,13,3,3,7,12,14
2023-10-24,2023020091,20232024,linesman,Tyson Baker,DET,SEA,6,7,13,3,3,7,12,14
2023-10-24,2023020084,20232024,referee,Tom Chmielewski,CBJ,ANA,4,7,11,3,3,5,8,14
2023-10-24,2023020084,20232024,referee,Morgan MacPhee,CBJ,ANA,4,7,11,3,3,5,8,14
2023-10-24,2023020084,20232024,linesman,Kyle Flemington,CBJ,ANA,4,7,11,3,3,5,8,14
2023-10-24,2023020084,20232024,linesman,Jesse Marquis,CBJ,ANA,4,7,11,3,3,5,8,14
2023-10-24,2023020092,20232024,referee,Gord Dwyer,CHI,BOS,5,4,9,4,3,2,10,8
2023-10-24,2023020092,20232024,referee,Kendrick Nicholson,CHI,BOS,5,4,9,4,3,2,10,8
2023-10-24,2023020092,20232024,linesman,Bevan Mills,CHI,BOS,5,4,9,4,3,2,10,8
2023-10-24,2023020092,20232024,linesman,David Brisebois,CHI,BOS,5,4,9,4,3,2,10,8
2023-10-24,2023020093,20232024,referee,Jon McIsaac,WPG,STL,4,3,7,1,3,3,8,6
2023-10-24,2023020093,20232024,referee,Garrett Rank,WPG,STL,4,3,7,1,3,3,8,6
2023-10-24,2023020093,20232024,linesman,Jonathan Deschamps,WPG,STL,4,3,7,1,3,3,8,6
2023-10-24,2023020093,20232024,linesman,Ryan Galloway,WPG,STL,4,3,7,1,3,3,8,6
2023-10-24,2023020094,20232024,referee,Peter MacDougall,MIN,EDM,6,4,10,5,1,4,12,8
2023-10-24,2023020094,20232024,referee,Justin Kea,MIN,EDM,6,4,10,5,1,4,12,8
2023-10-24,2023020094,20232024,linesman,Justin Johnson,MIN,EDM,6,4,10,5,1,4,12,8
2023-10-24,2023020094,20232024,linesman,Jonny Murray,MIN,EDM,6,4,10,5,1,4,12,8
2023-10-24,2023020095,20232024,referee,Wes McCauley,NSH,VAN,1,3,4,1,0,3,2,6
2023-10-24,2023020095,20232024,referee,Brandon Schrader,NSH,VAN,1,3,4,1,0,3,2,6
2023-10-24,2023020095,20232024,linesman,Michel Cormier,NSH,VAN,1,3,4,1,0,3,2,6
2023-10-24,2023020095,20232024,linesman,Matt MacPherson,NSH,VAN,1,3,4,1,0,3,2,6
2023-10-24,2023020096,20232024,referee,Chris Schlenker,CGY,NYR,5,4,9,0,7,2,10,8
2023-10-24,2023020096,20232024,referee,Michael Markovic,CGY,NYR,5,4,9,0,7,2,10,8
2023-10-24,2023020096,20232024,linesman,Brandon Gawryletz,CGY,NYR,5,4,9,0,7,2,10,8
2023-10-24,2023020096,20232024,linesman,Mark Shewchyk,CGY,NYR,5,4,9,0,7,2,10,8
2023-10-24,2023020097,20232024,referee,Trevor Hanson,LAK,ARI,4,4,8,1,3,4,8,8
2023-10-24,2023020097,20232024,referee,Jordan Samuels-Thomas,LAK,ARI,4,4,8,1,3,4,8,8
2023-10-24,2023020097,20232024,linesman,James Tobias,LAK,ARI,4,4,8,1,3,4,8,8
2023-10-24,2023020097,20232024,linesman,Travis Toomey,LAK,ARI,4,4,8,1,3,4,8,8
2023-10-24,2023020098,20232024,referee,Kyle Rehman,VGK,PHI,2,3,5,1,2,2,4,6
2023-10-24,2023020098,20232024,referee,Steve Kozari,VGK,PHI,2,3,5,1,2,2,4,6
2023-10-24,2023020098,20232024,linesman,Ryan Gibbons,VGK,PHI,2,3,5,1,2,2,4,6
2023-10-24,2023020098,20232024,linesman,Kiel Murchison,VGK,PHI,2,3,5,1,2,2,4,6
2023-10-25,2023020099,20232024,referee,Francois St-Laurent,NJD,WSH,3,1,4,0,3,1,6,2
2023-10-25,2023020099,20232024,referee,Graham Skilliter,NJD,WSH,3,1,4,0,3,1,6,2
2023-10-25,2023020099,20232024,linesman,Scott Cherrey,NJD,WSH,3,1,4,0,3,1,6,2
2023-10-25,2023020099,20232024,linesman,Dan Kelly,NJD,WSH,3,1,4,0,3,1,6,2
2023-10-26,2023020100,20232024,referee,Thomas John Luxmore,BOS,ANA,6,4,10,2,5,3,12,8
2023-10-26,2023020100,20232024,referee,Ghislain Hebert,BOS,ANA,6,4,10,2,5,3,12,8
2023-10-26,2023020100,20232024,linesman,Trent Knorr,BOS,ANA,6,4,10,2,5,3,12,8
2023-10-26,2023020100,20232024,linesman,Ryan Daisy,BOS,ANA,6,4,10,2,5,3,12,8
2023-10-26,2023020101,20232024,referee,Brian Pochmara,CAR,SEA,1,1,2,0,2,0,2,2
2023-10-26,2023020101,20232024,referee,Carter Sandlak,CAR,SEA,1,1,2,0,2,0,2,2
2023-10-26,2023020101,20232024,linesman,Tommy Hughes,CAR,SEA,1,1,2,0,2,0,2,2
2023-10-26,2023020101,20232024,linesman,Kilian McNamara,CAR,SEA,1,1,2,0,2,0,2,2
2023-10-26,2023020102,20232024,referee,Gord Dwyer,DET,WPG,3,2,5,4,0,1,6,4
2023-10-26,2023020102,20232024,referee,Peter MacDougall,DET,WPG,3,2,5,4,0,1,6,4
2023-10-26,2023020102,20232024,linesman,Brandon Grillo,DET,WPG,3,2,5,4,0,1,6,4
2023-10-26,2023020102,20232024,linesman,David Brisebois,DET,WPG,3,2,5,4,0,1,6,4
2023-10-26,2023020103,20232024,referee,Kevin Pollock,MTL,CBJ,6,7,13,6,4,3,12,14
2023-10-26,2023020103,20232024,referee,Cody Beach,MTL,CBJ,6,7,13,6,4,3,12,14
2023-10-26,2023020103,20232024,linesman,Kyle Flemington,MTL,CBJ,6,7,13,6,4,3,12,14
2023-10-26,2023020103,20232024,linesman,Ben O'Quinn,MTL,CBJ,6,7,13,6,4,3,12,14
2023-10-26,2023020105,20232024,referee,Kendrick Nicholson,PIT,COL,5,2,7,2,3,2,10,4
2023-10-26,2023020105,20232024,referee,Justin Kea,PIT,COL,5,2,7,2,3,2,10,4
2023-10-26,2023020105,20232024,linesman,Bevan Mills,PIT,COL,5,2,7,2,3,2,10,4
2023-10-26,2023020105,20232024,linesman,Michel Cormier,PIT,COL,5,2,7,2,3,2,10,4
2023-10-26,2023020106,20232024,referee,Chris Lee,TBL,SJS,3,5,8,3,4,1,6,10
2023-10-26,2023020106,20232024,referee,Brandon Blandina,TBL,SJS,3,5,8,3,4,1,6,10
2023-10-26,2023020106,20232024,linesman,Libor Suchanek,TBL,SJS,3,5,8,3,4,1,6,10
2023-10-26,2023020106,20232024,linesman,Derek Nansen,TBL,SJS,3,5,8,3,4,1,6,10
2023-10-26,2023020104,20232024,referee,Chris Rooney,PHI,MIN,2,3,5,1,3,1,4,6
2023-10-26,2023020104,20232024,referee,Corey Syvret,PHI,MIN,2,3,5,1,3,1,4,6
2023-10-26,2023020104,20232024,linesman,Jesse Marquis,PHI,MIN,2,3,5,1,3,1,4,6
2023-10-26,2023020104,20232024,linesman,Dan Kelly,PHI,MIN,2,3,5,1,3,1,4,6
2023-10-26,2023020107,20232024,referee,Frederick L'Ecuyer,NYI,OTT,8,5,13,4,8,1,16,10
2023-10-26,2023020107,20232024,referee,Graham Skilliter,NYI,OTT,8,5,13,4,8,1,16,10
2023-10-26,2023020107,20232024,linesman,Scott Cherrey,NYI,OTT,8,5,13,4,8,1,16,10
2023-10-26,2023020107,20232024,linesman,CJ Murray,NYI,OTT,8,5,13,4,8,1,16,10
2023-10-26,2023020108,20232024,referee,Tom Chmielewski,DAL,TOR,4,2,6,2,1,3,8,4
2023-10-26,2023020108,20232024,referee,Brandon Schrader,DAL,TOR,4,2,6,2,1,3,8,4
2023-10-26,2023020108,20232024,linesman,Kiel Murchison,DAL,TOR,4,2,6,2,1,3,8,4
2023-10-26,2023020108,20232024,linesman,Jonny Murray,DAL,TOR,4,2,6,2,1,3,8,4
2023-10-26,2023020109,20232024,referee,Eric Furlatt,CGY,STL,6,4,10,3,4,3,12,8
2023-10-26,2023020109,20232024,referee,Michael Markovic,CGY,STL,6,4,10,3,4,3,12,8
2023-10-26,2023020109,20232024,linesman,Jonathan Deschamps,CGY,STL,6,4,10,3,4,3,12,8
2023-10-26,2023020109,20232024,linesman,Mark Shewchyk,CGY,STL,6,4,10,3,4,3,12,8
2023-10-26,2023020110,20232024,referee,Jon McIsaac,EDM,NYR,3,2,5,2,1,2,6,4
2023-10-26,2023020110,20232024,referee,Garrett Rank,EDM,NYR,3,2,5,2,1,2,6,4
2023-10-26,2023020110,20232024,linesman,Brandon Gawryletz,EDM,NYR,3,2,5,2,1,2,6,4
2023-10-26,2023020110,20232024,linesman,Ryan Galloway,EDM,NYR,3,2,5,2,1,2,6,4
2023-10-27,2023020111,20232024,referee,Dan O'Rourke,VGK,CHI,0,4,4,0,2,2,0,8
2023-10-27,2023020111,20232024,referee,Trevor Hanson,VGK,CHI,0,4,4,0,2,2,0,8
2023-10-27,2023020111,20232024,linesman,Travis Gawryletz,VGK,CHI,0,4,4,0,2,2,0,8
2023-10-27,2023020111,20232024,linesman,Tyson Baker,VGK,CHI,0,4,4,0,2,2,0,8
2023-10-27,2023020112,20232024,referee,Francois St-Laurent,CAR,SJS,3,5,8,4,2,2,6,10
2023-10-27,2023020112,20232024,referee,Pierre Lambert,CAR,SJS,3,5,8,4,2,2,6,10
2023-10-27,2023020112,20232024,linesman,Julien Fournier,CAR,SJS,3,5,8,4,2,2,6,10
2023-10-27,2023020112,20232024,linesman,Kilian McNamara,CAR,SJS,3,5,8,4,2,2,6,10
2023-10-27,2023020113,20232024,referee,Chris Rooney,NJD,BUF,3,3,6,3,1,2,6,6
2023-10-27,2023020113,20232024,referee,Beau Halkidis,NJD,BUF,3,3,6,3,1,2,6,6
2023-10-27,2023020113,20232024,linesman,Caleb Apperson,NJD,BUF,3,3,6,3,1,2,6,6
2023-10-27,2023020113,20232024,linesman,Devin Berg,NJD,BUF,3,3,6,3,1,2,6,6
2023-10-27,2023020114,20232024,referee,Thomas John Luxmore,WSH,MIN,6,4,10,3,3,4,12,8
2023-10-27,2023020114,20232024,referee,Graham Skilliter,WSH,MIN,6,4,10,3,3,4,12,8
2023-10-27,2023020114,20232024,linesman,Trent Knorr,WSH,MIN,6,4,10,3,3,4,12,8
2023-10-27,2023020114,20232024,linesman,Jesse Marquis,WSH,MIN,6,4,10,3,3,4,12,8
2023-10-27,2023020115,20232024,referee,Kyle Rehman,ARI,LAK,5,2,7,2,4,1,10,4
2023-10-27,2023020115,20232024,referee,Mitch Dunning,ARI,LAK,5,2,7,2,4,1,10,4
2023-10-27,2023020115,20232024,linesman,Kiel Murchison,ARI,LAK,5,2,7,2,4,1,10,4
2023-10-27,2023020115,20232024,linesman,Joe Mahon,ARI,LAK,5,2,7,2,4,1,10,4
2023-10-27,2023020116,20232024,referee,Jon McIsaac,VAN,STL,5,7,12,4,2,6,10,14
2023-10-27,2023020116,20232024,referee,Michael Markovic,VAN,STL,5,7,12,4,2,6,10,14
2023-10-27,2023020116,20232024,linesman,Ryan Galloway,VAN,STL,5,7,12,4,2,6,10,14
2023-10-27,2023020116,20232024,linesman,Mark Shewchyk,VAN,STL,5,7,12,4,2,6,10,14
2023-10-28,2023020117,20232024,referee,Wes McCauley,PHI,ANA,2,4,6,1,2,3,4,8
2023-10-28,2023020117,20232024,referee,Peter MacDougall,PHI,ANA,2,4,6,1,2,3,4,8
2023-10-28,2023020117,20232024,linesman,Scott Cherrey,PHI,ANA,2,4,6,1,2,3,4,8
2023-10-28,2023020117,20232024,linesman,CJ Murray,PHI,ANA,2,4,6,1,2,3,4,8
2023-10-28,2023020118,20232024,referee,Furman South,FLA,SEA,1,1,2,1,1,0,2,2
2023-10-28,2023020118,20232024,referee,Chris Lee,FLA,SEA,1,1,2,1,1,0,2,2
2023-10-28,2023020118,20232024,linesman,Libor Suchanek,FLA,SEA,1,1,2,1,1,0,2,2
2023-10-28,2023020118,20232024,linesman,Derek Nansen,FLA,SEA,1,1,2,1,1,0,2,2
2023-10-28,2023020119,20232024,referee,Frederick L'Ecuyer,BOS,DET,5,5,10,5,3,2,10,10
2023-10-28,2023020119,20232024,referee,Jake Brenk,BOS,DET,5,5,10,5,3,2,10,10
2023-10-28,2023020119,20232024,linesman,Ben O'Quinn,BOS,DET,5,5,10,5,3,2,10,10
2023-10-28,2023020119,20232024,linesman,Dan Kelly,BOS,DET,5,5,10,5,3,2,10,10
2023-10-28,2023020120,20232024,referee,Ghislain Hebert,CBJ,NYI,3,3,6,3,2,1,6,6
2023-10-28,2023020120,20232024,referee,Kendrick Nicholson,CBJ,NYI,3,3,6,3,2,1,6,6
2023-10-28,2023020120,20232024,linesman,Bevan Mills,CBJ,NYI,3,3,6,3,2,1,6,6
2023-10-28,2023020120,20232024,linesman,Ryan Daisy,CBJ,NYI,3,3,6,3,2,1,6,6
2023-10-28,2023020121,20232024,referee,Chris Schlenker,MTL,WPG,4,2,6,3,2,1,8,4
2023-10-28,2023020121,20232024,referee,Kelly Sutherland,MTL,WPG,4,2,6,3,2,1,8,4
2023-10-28,2023020121,20232024,linesman,Kyle Flemington,MTL,WPG,4,2,6,3,2,1,8,4
2023-10-28,2023020121,20232024,linesman,Steve Barton,MTL,WPG,4,2,6,3,2,1,8,4
2023-10-28,2023020122,20232024,referee,Jean Hebert,NSH,TOR,4,5,9,3,2,4,8,10
2023-10-28,2023020122,20232024,referee,Carter Sandlak,NSH,TOR,4,5,9,3,2,4,8,10
2023-10-28,2023020122,20232024,linesman,Tommy Hughes,NSH,TOR,4,5,9,3,2,4,8,10
2023-10-28,2023020122,20232024,linesman,Jonny Murray,NSH,TOR,4,5,9,3,2,4,8,10
2023-10-28,2023020123,20232024,referee,Gord Dwyer,PIT,OTT,3,2,5,3,2,0,6,4
2023-10-28,2023020123,20232024,referee,Corey Syvret,PIT,OTT,3,2,5,3,2,0,6,4
2023-10-28,2023020123,20232024,linesman,Brandon Grillo,PIT,OTT,3,2,5,3,2,0,6,4
2023-10-28,2023020123,20232024,linesman,Michel Cormier,PIT,OTT,3,2,5,3,2,0,6,4
2023-10-28,2023020124,20232024,referee,Jon McIsaac,VAN,NYR,6,6,12,4,3,5,12,12
2023-10-28,2023020124,20232024,referee,Michael Markovic,VAN,NYR,6,6,12,4,3,5,12,12
2023-10-28,2023020124,20232024,linesman,Jonathan Deschamps,VAN,NYR,6,6,12,4,3,5,12,12
2023-10-28,2023020124,20232024,linesman,Mark Shewchyk,VAN,NYR,6,6,12,4,3,5,12,12
2023-10-28,2023020125,20232024,referee,Dan O'Rourke,LAK,VGK,2,4,6,1,1,4,4,8
2023-10-28,2023020125,20232024,referee,Mitch Dunning,LAK,VGK,2,4,6,1,1,4,4,8
2023-10-28,2023020125,20232024,linesman,Travis Gawryletz,LAK,VGK,2,4,6,1,1,4,4,8
2023-10-28,2023020125,20232024,linesman,Tyson Baker,LAK,VGK,2,4,6,1,1,4,4,8
2023-10-29,2023020126,20232024,referee,Thomas John Luxmore,BUF,COL,6,3,9,2,4,3,12,6
2023-10-29,2023020126,20232024,referee,Graham Skilliter,BUF,COL,6,3,9,2,4,3,12,6
2023-10-29,2023020126,20232024,linesman,James Tobias,BUF,COL,6,3,9,2,4,3,12,6
2023-10-29,2023020126,20232024,linesman,Caleb Apperson,BUF,COL,6,3,9,2,4,3,12,6
2023-10-29,2023020127,20232024,referee,Jake Brenk,NJD,MIN,6,3,9,2,5,2,12,6
2023-10-29,2023020127,20232024,referee,Steve Kozari,NJD,MIN,6,3,9,2,5,2,12,6
2023-10-29,2023020127,20232024,linesman,Trent Knorr,NJD,MIN,6,3,9,2,5,2,12,6
2023-10-29,2023020127,20232024,linesman,Devin Berg,NJD,MIN,6,3,9,2,5,2,12,6
2023-10-29,2023020128,20232024,referee,Wes McCauley,WSH,SJS,0,3,3,1,2,0,0,6
2023-10-29,2023020128,20232024,referee,Pierre Lambert,WSH,SJS,0,3,3,1,2,0,0,6
2023-10-29,2023020128,20232024,linesman,Bevan Mills,WSH,SJS,0,3,3,1,2,0,0,6
2023-10-29,2023020128,20232024,linesman,Jesse Marquis,WSH,SJS,0,3,3,1,2,0,0,6
2023-10-29,2023020129,20232024,referee,Garrett Rank,EDM,CGY,6,2,8,5,1,2,12,4
2023-10-29,2023020129,20232024,referee,Eric Furlatt,EDM,CGY,6,2,8,5,1,2,12,4
2023-10-29,2023020129,20232024,linesman,Andrew Smith,EDM,CGY,6,2,8,5,1,2,12,4
2023-10-29,2023020129,20232024,linesman,Travis Toomey,EDM,CGY,6,2,8,5,1,2,12,4
2023-10-30,2023020130,20232024,referee,Chris Schlenker,BOS,FLA,2,1,3,1,2,0,4,2
2023-10-30,2023020130,20232024,referee,Kelly Sutherland,BOS,FLA,2,1,3,1,2,0,4,2
2023-10-30,2023020130,20232024,linesman,Steve Barton,BOS,FLA,2,1,3,1,2,0,4,2
2023-10-30,2023020130,20232024,linesman,Jesse Marquis,BOS,FLA,2,1,3,1,2,0,4,2
2023-10-30,2023020131,20232024,referee,Ghislain Hebert,PHI,CAR,1,5,6,1,4,1,2,10
2023-10-30,2023020131,20232024,referee,Beau Halkidis,PHI,CAR,1,5,6,1,4,1,2,10
2023-10-30,2023020131,20232024,linesman,Ryan Jackson,PHI,CAR,1,5,6,1,4,1,2,10
2023-10-30,2023020131,20232024,linesman,Devin Berg,PHI,CAR,1,5,6,1,4,1,2,10
2023-10-30,2023020132,20232024,referee,Frederick L'Ecuyer,PIT,ANA,3,7,10,3,4,3,6,14
2023-10-30,2023020132,20232024,referee,Brandon Blandina,PIT,ANA,3,7,10,3,4,3,6,14
2023-10-30,2023020132,20232024,linesman,CJ Murray,PIT,ANA,3,7,10,3,4,3,6,14
2023-10-30,2023020132,20232024,linesman,Ryan Daisy,PIT,ANA,3,7,10,3,4,3,6,14
2023-10-30,2023020133,20232024,referee,Furman South,TBL,SEA,2,2,4,1,3,0,4,4
2023-10-30,2023020133,20232024,referee,Jean Hebert,TBL,SEA,2,2,4,1,3,0,4,4
2023-10-30,2023020133,20232024,linesman,Libor Suchanek,TBL,SEA,2,2,4,1,3,0,4,4
2023-10-30,2023020133,20232024,linesman,Jonny Murray,TBL,SEA,2,2,4,1,3,0,4,4
2023-10-30,2023020134,20232024,referee,Pierre Lambert,NYI,DET,2,2,4,0,3,1,4,4
2023-10-30,2023020134,20232024,referee,Steve Kozari,NYI,DET,2,2,4,0,3,1,4,4
2023-10-30,2023020134,20232024,linesman,Trent Knorr,NYI,DET,2,2,4,0,3,1,4,4
2023-10-30,2023020134,20232024,linesman,Ben O'Quinn,NYI,DET,2,2,4,0,3,1,4,4
2023-10-30,2023020135,20232024,referee,Brian Pochmara,WPG,NYR,3,3,6,0,3,3,6,6
2023-10-30,2023020135,20232024,referee,Cody Beach,WPG,NYR,3,3,6,0,3,3,6,6
2023-10-30,2023020135,20232024,linesman,Shandor Alphonso,WPG,NYR,3,3,6,0,3,3,6,6
2023-10-30,2023020135,20232024,linesman,Jonathan Deschamps,WPG,NYR,3,3,6,0,3,3,6,6
2023-10-30,2023020136,20232024,referee,Gord Dwyer,DAL,CBJ,3,3,6,4,1,1,6,6
2023-10-30,2023020136,20232024,referee,Carter Sandlak,DAL,CBJ,3,3,6,4,1,1,6,6
2023-10-30,2023020136,20232024,linesman,Tommy Hughes,DAL,CBJ,3,3,6,4,1,1,6,6
2023-10-30,2023020136,20232024,linesman,Matt MacPherson,DAL,CBJ,3,3,6,4,1,1,6,6
2023-10-30,2023020137,20232024,referee,Dan O'Rourke,ARI,CHI,3,5,8,2,2,4,6,10
2023-10-30,2023020137,20232024,referee,Brandon Schrader,ARI,CHI,3,5,8,2,2,4,6,10
2023-10-30,2023020137,20232024,linesman,Julien Fournier,ARI,CHI,3,5,8,2,2,4,6,10
2023-10-30,2023020137,20232024,linesman,Tyson Baker,ARI,CHI,3,5,8,2,2,4,6,10
2023-10-30,2023020138,20232024,referee,Jon McIsaac,VGK,MTL,4,3,7,1,4,2,8,6
2023-10-30,2023020138,20232024,referee,Mitch Dunning,VGK,MTL,4,3,7,1,4,2,8,6
2023-10-30,2023020138,20232024,linesman,Brandon Gawryletz,VGK,MTL,4,3,7,1,4,2,8,6
2023-10-30,2023020138,20232024,linesman,Joe Mahon,VGK,MTL,4,3,7,1,4,2,8,6
2023-10-31,2023020139,20232024,referee,Chris Rooney,TOR,LAK,4,4,8,2,3,3,8,8
2023-10-31,2023020139,20232024,referee,Kendrick Nicholson,TOR,LAK,4,4,8,2,3,3,8,8
2023-10-31,2023020139,20232024,linesman,Bevan Mills,TOR,LAK,4,4,8,2,3,3,8,8
2023-10-31,2023020139,20232024,linesman,Caleb Apperson,TOR,LAK,4,4,8,2,3,3,8,8
2023-10-31,2023020140,20232024,referee,Trevor Hanson,VAN,NSH,4,3,7,3,2,2,8,6
2023-10-31,2023020140,20232024,referee,Eric Furlatt,VAN,NSH,4,3,7,3,2,2,8,6
2023-10-31,2023020140,20232024,linesman,Andrew Smith,VAN,NSH,4,3,7,3,2,2,8,6
2023-10-31,2023020140,20232024,linesman,Ryan Gibbons,VAN,NSH,4,3,7,3,2,2,8,6
2023-11-01,2023020141,20232024,referee,Chris Schlenker,PHI,BUF,2,3,5,0,3,2,4,6
2023-11-01,2023020141,20232024,referee,Steve Kozari,PHI,BUF,2,3,5,0,3,2,4,6
2023-11-01,2023020141,20232024,linesman,Steve Barton,PHI,BUF,2,3,5,0,3,2,4,6
2023-11-01,2023020141,20232024,linesman,Trent Knorr,PHI,BUF,2,3,5,0,3,2,4,6
2023-11-01,2023020142,20232024,referee,Trevor Hanson,CGY,DAL,2,5,7,3,1,3,4,10
2023-11-01,2023020142,20232024,referee,Brian Pochmara,CGY,DAL,2,5,7,3,1,3,4,10
2023-11-01,2023020142,20232024,linesman,Andrew Smith,CGY,DAL,2,5,7,3,1,3,4,10
2023-11-01,2023020142,20232024,linesman,Shandor Alphonso,CGY,DAL,2,5,7,3,1,3,4,10
2023-11-01,2023020143,20232024,referee,Tom Chmielewski,COL,STL,4,3,7,3,2,2,8,6
2023-11-01,2023020143,20232024,referee,Chris Lee,COL,STL,4,3,7,3,2,2,8,6
2023-11-01,2023020143,20232024,linesman,Travis Gawryletz,COL,STL,4,3,7,3,2,2,8,6
2023-11-01,2023020143,20232024,linesman,Brad Kovachik,COL,STL,4,3,7,3,2,2,8,6
2023-11-01,2023020144,20232024,referee,Mitch Dunning,ANA,ARI,5,5,10,5,3,2,10,10
2023-11-01,2023020144,20232024,referee,Kevin Pollock,ANA,ARI,5,5,10,5,3,2,10,10
2023-11-01,2023020144,20232024,linesman,Julien Fournier,ANA,ARI,5,5,10,5,3,2,10,10
2023-11-01,2023020144,20232024,linesman,Matt MacPherson,ANA,ARI,5,5,10,5,3,2,10,10
2023-11-02,2023020146,20232024,referee,Jake Brenk,CBJ,TBL,4,5,9,1,5,3,8,10
2023-11-02,2023020146,20232024,referee,Michael Markovic,CBJ,TBL,4,5,9,1,5,3,8,10
2023-11-02,2023020146,20232024,linesman,Scott Cherrey,CBJ,TBL,4,5,9,1,5,3,8,10
2023-11-02,2023020146,20232024,linesman,Justin Johnson,CBJ,TBL,4,5,9,1,5,3,8,10
2023-11-02,2023020147,20232024,referee,Kendrick Nicholson,DET,FLA,5,5,10,2,6,2,10,10
2023-11-02,2023020147,20232024,referee,Jordan Samuels-Thomas,DET,FLA,5,5,10,2,6,2,10,10
2023-11-02,2023020147,20232024,linesman,Kyle Flemington,DET,FLA,5,5,10,2,6,2,10,10
2023-11-02,2023020147,20232024,linesman,Kiel Murchison,DET,FLA,5,5,10,2,6,2,10,10
2023-11-02,2023020148,20232024,referee,Thomas John Luxmore,NYR,CAR,2,5,7,4,2,1,4,10
2023-11-02,2023020148,20232024,referee,Steve Kozari,NYR,CAR,2,5,7,4,2,1,4,10
2023-11-02,2023020148,20232024,linesman,James Tobias,NYR,CAR,2,5,7,4,2,1,4,10
2023-11-02,2023020148,20232024,linesman,Ryan Jackson,NYR,CAR,2,5,7,4,2,1,4,10
2023-11-02,2023020149,20232024,referee,Chris Rooney,OTT,LAK,4,3,7,3,2,2,8,6
2023-11-02,2023020149,20232024,referee,Beau Halkidis,OTT,LAK,4,3,7,3,2,2,8,6
2023-11-02,2023020149,20232024,linesman,Caleb Apperson,OTT,LAK,4,3,7,3,2,2,8,6
2023-11-02,2023020149,20232024,linesman,Kilian McNamara,OTT,LAK,4,3,7,3,2,2,8,6
2023-11-02,2023020150,20232024,referee,Jon McIsaac,WSH,NYI,2,3,5,3,2,0,4,6
2023-11-02,2023020150,20232024,referee,Chris Schlenker,WSH,NYI,2,3,5,3,2,0,4,6
2023-11-02,2023020150,20232024,linesman,Libor Suchanek,WSH,NYI,2,3,5,3,2,0,4,6
2023-11-02,2023020150,20232024,linesman,Brandon Grillo,WSH,NYI,2,3,5,3,2,0,4,6
2023-11-02,2023020145,20232024,referee,Wes McCauley,BOS,TOR,2,1,3,0,2,1,4,2
2023-11-02,2023020145,20232024,referee,Francois St-Laurent,BOS,TOR,2,1,3,0,2,1,4,2
2023-11-02,2023020145,20232024,linesman,Steve Barton,BOS,TOR,2,1,3,0,2,1,4,2
2023-11-02,2023020145,20232024,linesman,Mark Shewchyk,BOS,TOR,2,1,3,0,2,1,4,2
2023-11-02,2023020151,20232024,referee,Chris Lee,MIN,NJD,5,2,7,1,3,3,10,4
2023-11-02,2023020151,20232024,referee,Justin Kea,MIN,NJD,5,2,7,1,3,3,10,4
2023-11-02,2023020151,20232024,linesman,Brad Kovachik,MIN,NJD,5,2,7,1,3,3,10,4
2023-11-02,2023020151,20232024,linesman,Travis Toomey,MIN,NJD,5,2,7,1,3,3,10,4
2023-11-02,2023020152,20232024,referee,Trevor Hanson,EDM,DAL,2,4,6,0,4,2,4,8
2023-11-02,2023020152,20232024,referee,Brian Pochmara,EDM,DAL,2,4,6,0,4,2,4,8
2023-11-02,2023020152,20232024,linesman,Shandor Alphonso,EDM,DAL,2,4,6,0,4,2,4,8
2023-11-02,2023020152,20232024,linesman,Derek Nansen,EDM,DAL,2,4,6,0,4,2,4,8
2023-11-02,2023020153,20232024,referee,Jean Hebert,ARI,MTL,5,4,9,2,2,5,10,8
2023-11-02,2023020153,20232024,referee,Corey Syvret,ARI,MTL,5,4,9,2,2,5,10,8
2023-11-02,2023020153,20232024,linesman,Ryan Galloway,ARI,MTL,5,4,9,2,2,5,10,8
2023-11-02,2023020153,20232024,linesman,David Brisebois,ARI,MTL,5,4,9,2,2,5,10,8
2023-11-02,2023020154,20232024,referee,Graham Skilliter,SEA,NSH,5,5,10,6,2,2,10,10
2023-11-02,2023020154,20232024,referee,Morgan MacPhee,SEA,NSH,5,5,10,6,2,2,10,10
2023-11-02,2023020154,20232024,linesman,Ryan Gibbons,SEA,NSH,5,5,10,6,2,2,10,10
2023-11-02,2023020154,20232024,linesman,Michel Cormier,SEA,NSH,5,5,10,6,2,2,10,10
2023-11-02,2023020155,20232024,referee,Kyle Rehman,VGK,WPG,5,5,10,2,5,3,10,10
2023-11-02,2023020155,20232024,referee,Brandon Blandina,VGK,WPG,5,5,10,2,5,3,10,10
2023-11-02,2023020155,20232024,linesman,Julien Fournier,VGK,WPG,5,5,10,2,5,3,10,10
2023-11-02,2023020155,20232024,linesman,Mitch Hunt,VGK,WPG,5,5,10,2,5,3,10,10
2023-11-02,2023020156,20232024,referee,Kevin Pollock,SJS,VAN,5,3,8,3,3,2,10,6
2023-11-02,2023020156,20232024,referee,Brandon Schrader,SJS,VAN,5,3,8,3,3,2,10,6
2023-11-02,2023020156,20232024,linesman,Matt MacPherson,SJS,VAN,5,3,8,3,3,2,10,6
2023-11-02,2023020156,20232024,linesman,Dan Kelly,SJS,VAN,5,3,8,3,3,2,10,6
2023-11-03,2023020157,20232024,referee,Garrett Rank,BUF,PHI,3,3,6,2,1,3,6,6
2023-11-03,2023020157,20232024,referee,Pierre Lambert,BUF,PHI,3,3,6,2,1,3,6,6
2023-11-03,2023020157,20232024,linesman,Scott Cherrey,BUF,PHI,3,3,6,2,1,3,6,6
2023-11-03,2023020157,20232024,linesman,Kiel Murchison,BUF,PHI,3,3,6,2,1,3,6,6
2023-11-03,2023020158,20232024,referee,Dan O'Rourke,STL,NJD,2,3,5,3,0,2,4,6
2023-11-03,2023020158,20232024,referee,Furman South,STL,NJD,2,3,5,3,0,2,4,6
2023-11-03,2023020158,20232024,linesman,Brandon Gawryletz,STL,NJD,2,3,5,3,0,2,4,6
2023-11-03,2023020158,20232024,linesman,Travis Toomey,STL,NJD,2,3,5,3,0,2,4,6
2023-11-04,2023020159,20232024,referee,Kelly Sutherland,EDM,NSH,5,4,9,2,5,2,10,8
2023-11-04,2023020159,20232024,referee,Brian Pochmara,EDM,NSH,5,4,9,2,5,2,10,8
2023-11-04,2023020159,20232024,linesman,Shandor Alphonso,EDM,NSH,5,4,9,2,5,2,10,8
2023-11-04,2023020159,20232024,linesman,Travis Gawryletz,EDM,NSH,5,4,9,2,5,2,10,8
2023-11-04,2023020160,20232024,referee,Peter MacDougall,ARI,WPG,3,3,6,2,3,1,6,6
2023-11-04,2023020160,20232024,referee,Brandon Blandina,ARI,WPG,3,3,6,2,3,1,6,6
2023-11-04,2023020160,20232024,linesman,Michel Cormier,ARI,WPG,3,3,6,2,3,1,6,6
2023-11-04,2023020160,20232024,linesman,Ryan Galloway,ARI,WPG,3,3,6,2,3,1,6,6
2023-11-04,2023020161,20232024,referee,Garrett Rank,DET,BOS,5,11,16,5,5,6,10,22
2023-11-04,2023020161,20232024,referee,Michael Markovic,DET,BOS,5,11,16,5,5,6,10,22
2023-11-04,2023020161,20232024,linesman,CJ Murray,DET,BOS,5,11,16,5,5,6,10,22
2023-11-04,2023020161,20232024,linesman,Devin Berg,DET,BOS,5,11,16,5,5,6,10,22
2023-11-04,2023020162,20232024,referee,Eric Furlatt,OTT,TBL,3,4,7,0,2,5,6,8
2023-11-04,2023020162,20232024,referee,Kendrick Nicholson,OTT,TBL,3,4,7,0,2,5,6,8
2023-11-04,2023020162,20232024,linesman,Steve Barton,OTT,TBL,3,4,7,0,2,5,6,8
2023-11-04,2023020162,20232024,linesman,Kilian McNamara,OTT,TBL,3,4,7,0,2,5,6,8
2023-11-04,2023020164,20232024,referee,Dan O'Rourke,STL,MTL,4,1,5,2,1,2,8,2
2023-11-04,2023020164,20232024,referee,Justin Kea,STL,MTL,4,1,5,2,1,2,8,2
2023-11-04,2023020164,20232024,linesman,Julien Fournier,STL,MTL,4,1,5,2,1,2,8,2
2023-11-04,2023020164,20232024,linesman,Travis Toomey,STL,MTL,4,1,5,2,1,2,8,2
2023-11-04,2023020165,20232024,referee,Ghislain Hebert,TOR,BUF,3,4,7,3,4,0,6,8
2023-11-04,2023020165,20232024,referee,Pierre Lambert,TOR,BUF,3,4,7,3,4,0,6,8
2023-11-04,2023020165,20232024,linesman,Jonathan Deschamps,TOR,BUF,3,4,7,3,4,0,6,8
2023-11-04,2023020165,20232024,linesman,Tyson Baker,TOR,BUF,3,4,7,3,4,0,6,8
2023-11-04,2023020166,20232024,referee,Thomas John Luxmore,WSH,CBJ,5,4,9,2,2,5,10,8
2023-11-04,2023020166,20232024,referee,Steve Kozari,WSH,CBJ,5,4,9,2,2,5,10,8
2023-11-04,2023020166,20232024,linesman,Ryan Jackson,WSH,CBJ,5,4,9,2,2,5,10,8
2023-11-04,2023020166,20232024,linesman,Mark Shewchyk,WSH,CBJ,5,4,9,2,2,5,10,8
2023-11-04,2023020163,20232024,referee,Jon McIsaac,PHI,LAK,5,4,9,3,5,1,10,8
2023-11-04,2023020163,20232024,referee,Chris Schlenker,PHI,LAK,5,4,9,3,5,1,10,8
2023-11-04,2023020163,20232024,linesman,Tommy Hughes,PHI,LAK,5,4,9,3,5,1,10,8
2023-11-04,2023020163,20232024,linesman,Ben O'Quinn,PHI,LAK,5,4,9,3,5,1,10,8
2023-11-04,2023020167,20232024,referee,Wes McCauley,NYI,CAR,4,2,6,4,1,1,8,4
2023-11-04,2023020167,20232024,referee,Francois St-Laurent,NYI,CAR,4,2,6,4,1,1,8,4
2023-11-04,2023020167,20232024,linesman,Libor Suchanek,NYI,CAR,4,2,6,4,1,1,8,4
2023-11-04,2023020167,20232024,linesman,James Tobias,NYI,CAR,4,2,6,4,1,1,8,4
2023-11-04,2023020168,20232024,referee,Furman South,CHI,FLA,4,4,8,4,1,3,8,8
2023-11-04,2023020168,20232024,referee,Jake Brenk,CHI,FLA,4,4,8,4,1,3,8,8
2023-11-04,2023020168,20232024,linesman,Brandon Gawryletz,CHI,FLA,4,4,8,4,1,3,8,8
2023-11-04,2023020168,20232024,linesman,Jonny Murray,CHI,FLA,4,4,8,4,1,3,8,8
2023-11-04,2023020169,20232024,referee,Tom Chmielewski,MIN,NYR,1,4,5,4,0,1,2,8
2023-11-04,2023020169,20232024,referee,Carter Sandlak,MIN,NYR,1,4,5,4,0,1,2,8
2023-11-04,2023020169,20232024,linesman,Brad Kovachik,MIN,NYR,1,4,5,4,0,1,2,8
2023-11-04,2023020169,20232024,linesman,Ryan Daisy,MIN,NYR,1,4,5,4,0,1,2,8
2023-11-04,2023020170,20232024,referee,Trevor Hanson,SEA,CGY,3,2,5,0,3,2,6,4
2023-11-04,2023020170,20232024,referee,Kevin Pollock,SEA,CGY,3,2,5,0,3,2,6,4
2023-11-04,2023020170,20232024,linesman,Bevan Mills,SEA,CGY,3,2,5,0,3,2,6,4
2023-11-04,2023020170,20232024,linesman,Mitch Hunt,SEA,CGY,3,2,5,0,3,2,6,4
2023-11-04,2023020171,20232024,referee,Kyle Rehman,SJS,PIT,4,6,10,3,4,3,8,12
2023-11-04,2023020171,20232024,referee,Corey Syvret,SJS,PIT,4,6,10,3,4,3,8,12
2023-11-04,2023020171,20232024,linesman,Ryan Gibbons,SJS,PIT,4,6,10,3,4,3,8,12
2023-11-04,2023020171,20232024,linesman,Dan Kelly,SJS,PIT,4,6,10,3,4,3,8,12
2023-11-04,2023020172,20232024,referee,Graham Skilliter,VAN,DAL,3,5,8,4,4,0,6,10
2023-11-04,2023020172,20232024,referee,Cody Beach,VAN,DAL,3,5,8,4,4,0,6,10
2023-11-04,2023020172,20232024,linesman,Derek Nansen,VAN,DAL,3,5,8,4,4,0,6,10
2023-11-04,2023020172,20232024,linesman,Trent Knorr,VAN,DAL,3,5,8,4,4,0,6,10
2023-11-04,2023020173,20232024,referee,Jean Hebert,VGK,COL,6,7,13,5,6,2,12,14
2023-11-04,2023020173,20232024,referee,Brandon Schrader,VGK,COL,6,7,13,5,6,2,12,14
2023-11-04,2023020173,20232024,linesman,Matt MacPherson,VGK,COL,6,7,13,5,6,2,12,14
2023-11-04,2023020173,20232024,linesman,David Brisebois,VGK,COL,6,7,13,5,6,2,12,14
2023-11-05,2023020174,20232024,referee,Frederick L'Ecuyer,CHI,NJD,3,2,5,1,2,2,6,4
2023-11-05,2023020174,20232024,referee,Tom Chmielewski,CHI,NJD,3,2,5,1,2,2,6,4
2023-11-05,2023020174,20232024,linesman,Kiel Murchison,CHI,NJD,3,2,5,1,2,2,6,4
2023-11-05,2023020174,20232024,linesman,Ryan Daisy,CHI,NJD,3,2,5,1,2,2,6,4
2023-11-05,2023020175,20232024,referee,Corey Syvret,ANA,VGK,5,3,8,2,4,2,10,6
2023-11-05,2023020175,20232024,referee,Peter MacDougall,ANA,VGK,5,3,8,2,4,2,10,6
2023-11-05,2023020175,20232024,linesman,Michel Cormier,ANA,VGK,5,3,8,2,4,2,10,6
2023-11-05,2023020175,20232024,linesman,David Brisebois,ANA,VGK,5,3,8,2,4,2,10,6
2023-11-06,2023020176,20232024,referee,Dan O'Rourke,FLA,CBJ,3,2,5,0,2,3,6,4
2023-11-06,2023020176,20232024,referee,Thomas John Luxmore,FLA,CBJ,3,2,5,0,2,3,6,4
2023-11-06,2023020176,20232024,linesman,Jesse Marquis,FLA,CBJ,3,2,5,0,2,3,6,4
2023-11-06,2023020176,20232024,linesman,Ben O'Quinn,FLA,CBJ,3,2,5,0,2,3,6,4
2023-11-06,2023020177,20232024,referee,Garrett Rank,TOR,TBL,3,3,6,3,1,2,6,6
2023-11-06,2023020177,20232024,referee,Gord Dwyer,TOR,TBL,3,3,6,3,1,2,6,6
2023-11-06,2023020177,20232024,linesman,Scott Cherrey,TOR,TBL,3,3,6,3,1,2,6,6
2023-11-06,2023020177,20232024,linesman,Mark Shewchyk,TOR,TBL,3,3,6,3,1,2,6,6
2023-11-06,2023020178,20232024,referee,Jean Hebert,DAL,BOS,4,3,7,2,2,3,8,6
2023-11-06,2023020178,20232024,referee,Brandon Blandina,DAL,BOS,4,3,7,2,2,3,8,6
2023-11-06,2023020178,20232024,linesman,Jonny Murray,DAL,BOS,4,3,7,2,2,3,8,6
2023-11-06,2023020178,20232024,linesman,Dan Kelly,DAL,BOS,4,3,7,2,2,3,8,6
2023-11-06,2023020179,20232024,referee,Kelly Sutherland,VAN,EDM,4,7,11,3,2,6,8,14
2023-11-06,2023020179,20232024,referee,Kevin Pollock,VAN,EDM,4,7,11,3,2,6,8,14
2023-11-06,2023020179,20232024,linesman,Travis Gawryletz,VAN,EDM,4,7,11,3,2,6,8,14
2023-11-06,2023020179,20232024,linesman,Derek Nansen,VAN,EDM,4,7,11,3,2,6,8,14
2023-11-07,2023020180,20232024,referee,Jon McIsaac,CAR,BUF,4,4,8,3,3,2,8,8
2023-11-07,2023020180,20232024,referee,Beau Halkidis,CAR,BUF,4,4,8,3,3,2,8,8
2023-11-07,2023020180,20232024,linesman,Jesse Marquis,CAR,BUF,4,4,8,3,3,2,8,8
2023-11-07,2023020180,20232024,linesman,Ben O'Quinn,CAR,BUF,4,4,8,3,3,2,8,8
2023-11-07,2023020181,20232024,referee,Chris Rooney,MTL,TBL,7,8,15,4,3,8,14,16
2023-11-07,2023020181,20232024,referee,Gord Dwyer,MTL,TBL,7,8,15,4,3,8,14,16
2023-11-07,2023020181,20232024,linesman,Jonathan Deschamps,MTL,TBL,7,8,15,4,3,8,14,16
2023-11-07,2023020181,20232024,linesman,Tyson Baker,MTL,TBL,7,8,15,4,3,8,14,16
2023-11-07,2023020182,20232024,referee,Jake Brenk,NYI,MIN,6,7,13,4,5,4,12,14
2023-11-07,2023020182,20232024,referee,Eric Furlatt,NYI,MIN,6,7,13,4,5,4,12,14
2023-11-07,2023020182,20232024,linesman,Tommy Hughes,NYI,MIN,6,7,13,4,5,4,12,14
2023-11-07,2023020182,20232024,linesman,Ryan Jackson,NYI,MIN,6,7,13,4,5,4,12,14
2023-11-07,2023020183,20232024,referee,Mitch Dunning,NYR,DET,6,3,9,2,5,2,12,6
2023-11-07,2023020183,20232024,referee,Chris Lee,NYR,DET,6,3,9,2,5,2,12,6
2023-11-07,2023020183,20232024,linesman,Andrew Smith,NYR,DET,6,3,9,2,5,2,12,6
2023-11-07,2023020183,20232024,linesman,Libor Suchanek,NYR,DET,6,3,9,2,5,2,12,6
2023-11-07,2023020184,20232024,referee,Jean Hebert,STL,WPG,4,2,6,2,3,1,8,4
2023-11-07,2023020184,20232024,referee,Brandon Blandina,STL,WPG,4,2,6,2,3,1,8,4
2023-11-07,2023020184,20232024,linesman,Ryan Daisy,STL,WPG,4,2,6,2,3,1,8,4
2023-11-07,2023020184,20232024,linesman,Dan Kelly,STL,WPG,4,2,6,2,3,1,8,4
2023-11-07,2023020185,20232024,referee,Ghislain Hebert,ARI,SEA,5,6,11,3,5,3,10,12
2023-11-07,2023020185,20232024,referee,Corey Syvret,ARI,SEA,5,6,11,3,5,3,10,12
2023-11-07,2023020185,20232024,linesman,Kyle Flemington,ARI,SEA,5,6,11,3,5,3,10,12
2023-11-07,2023020185,20232024,linesman,Caleb Apperson,ARI,SEA,5,6,11,3,5,3,10,12
2023-11-07,2023020186,20232024,referee,Chris Schlenker,CGY,NSH,2,3,5,2,2,1,4,6
2023-11-07,2023020186,20232024,referee,Kelly Sutherland,CGY,NSH,2,3,5,2,2,1,4,6
2023-11-07,2023020186,20232024,linesman,Derek Nansen,CGY,NSH,2,3,5,2,2,1,4,6
2023-11-07,2023020186,20232024,linesman,Joe Mahon,CGY,NSH,2,3,5,2,2,1,4,6
2023-11-07,2023020187,20232024,referee,Trevor Hanson,ANA,PIT,2,3,5,1,4,0,4,6
2023-11-07,2023020187,20232024,referee,Brandon Schrader,ANA,PIT,2,3,5,1,4,0,4,6
2023-11-07,2023020187,20232024,linesman,Mitch Hunt,ANA,PIT,2,3,5,1,4,0,4,6
2023-11-07,2023020187,20232024,linesman,Trent Knorr,ANA,PIT,2,3,5,1,4,0,4,6
2023-11-07,2023020188,20232024,referee,Frederick L'Ecuyer,COL,NJD,3,6,9,2,7,0,6,12
2023-11-07,2023020188,20232024,referee,Graham Skilliter,COL,NJD,3,6,9,2,7,0,6,12
2023-11-07,2023020188,20232024,linesman,Kiel Murchison,COL,NJD,3,6,9,2,7,0,6,12
2023-11-07,2023020188,20232024,linesman,Jonny Murray,COL,NJD,3,6,9,2,7,0,6,12
2023-11-07,2023020189,20232024,referee,Tom Chmielewski,SJS,PHI,6,6,12,7,4,1,12,12
2023-11-07,2023020189,20232024,referee,Peter MacDougall,SJS,PHI,6,6,12,7,4,1,12,12
2023-11-07,2023020189,20232024,linesman,Michel Cormier,SJS,PHI,6,6,12,7,4,1,12,12
2023-11-07,2023020189,20232024,linesman,David Brisebois,SJS,PHI,6,6,12,7,4,1,12,12
2023-11-08,2023020190,20232024,referee,Brian Pochmara,TOR,OTT,3,2,5,2,1,2,6,4
2023-11-08,2023020190,20232024,referee,Michael Markovic,TOR,OTT,3,2,5,2,1,2,6,4
2023-11-08,2023020190,20232024,linesman,Brad Kovachik,TOR,OTT,3,2,5,2,1,2,6,4
2023-11-08,2023020190,20232024,linesman,Ryan Galloway,TOR,OTT,3,2,5,2,1,2,6,4
2023-11-08,2023020191,20232024,referee,Francois St-Laurent,WSH,FLA,1,2,3,0,2,1,2,4
2023-11-08,2023020191,20232024,referee,Chris Lee,WSH,FLA,1,2,3,0,2,1,2,4
2023-11-08,2023020191,20232024,linesman,Shandor Alphonso,WSH,FLA,1,2,3,0,2,1,2,4
2023-11-08,2023020191,20232024,linesman,Julien Fournier,WSH,FLA,1,2,3,0,2,1,2,4
2023-11-08,2023020192,20232024,referee,Frederick L'Ecuyer,VGK,LAK,4,2,6,1,4,1,8,4
2023-11-08,2023020192,20232024,referee,Graham Skilliter,VGK,LAK,4,2,6,1,4,1,8,4
2023-11-08,2023020192,20232024,linesman,Steve Barton,VGK,LAK,4,2,6,1,4,1,8,4
2023-11-08,2023020192,20232024,linesman,Michel Cormier,VGK,LAK,4,2,6,1,4,1,8,4
2023-11-09,2023020193,20232024,referee,Eric Furlatt,BOS,NYI,1,3,4,1,1,2,2,6
2023-11-09,2023020193,20232024,referee,Justin Kea,BOS,NYI,1,3,4,1,1,2,2,6
2023-11-09,2023020193,20232024,linesman,Shandor Alphonso,BOS,NYI,1,3,4,1,1,2,2,6
2023-11-09,2023020193,20232024,linesman,Matt MacPherson,BOS,NYI,1,3,4,1,1,2,2,6
2023-11-09,2023020195,20232024,referee,Brian Pochmara,DET,MTL,5,5,10,4,4,2,10,10
2023-11-09,2023020195,20232024,referee,Brandon Blandina,DET,MTL,5,5,10,4,4,2,10,10
2023-11-09,2023020195,20232024,linesman,Tommy Hughes,DET,MTL,5,5,10,4,4,2,10,10
2023-11-09,2023020195,20232024,linesman,Brad Kovachik,DET,MTL,5,5,10,4,4,2,10,10
2023-11-09,2023020196,20232024,referee,Francois St-Laurent,NYR,MIN,1,1,2,0,1,1,2,2
2023-11-09,2023020196,20232024,referee,Gord Dwyer,NYR,MIN,1,1,2,0,1,1,2,2
2023-11-09,2023020196,20232024,linesman,Julien Fournier,NYR,MIN,1,1,2,0,1,1,2,2
2023-11-09,2023020196,20232024,linesman,Kilian McNamara,NYR,MIN,1,1,2,0,1,1,2,2
2023-11-09,2023020197,20232024,referee,Chris Rooney,OTT,VAN,3,2,5,3,1,1,6,4
2023-11-09,2023020197,20232024,referee,Jordan Samuels-Thomas,OTT,VAN,3,2,5,3,1,1,6,4
2023-11-09,2023020197,20232024,linesman,Jonathan Deschamps,OTT,VAN,3,2,5,3,1,1,6,4
2023-11-09,2023020197,20232024,linesman,Tyson Baker,OTT,VAN,3,2,5,3,1,1,6,4
2023-11-09,2023020198,20232024,referee,Kyle Rehman,TBL,CHI,6,4,10,1,4,5,12,8
2023-11-09,2023020198,20232024,referee,Mitch Dunning,TBL,CHI,6,4,10,1,4,5,12,8
2023-11-09,2023020198,20232024,linesman,Andrew Smith,TBL,CHI,6,4,10,1,4,5,12,8
2023-11-09,2023020198,20232024,linesman,Ben O'Quinn,TBL,CHI,6,4,10,1,4,5,12,8
2023-11-09,2023020194,20232024,referee,Jon McIsaac,CBJ,DAL,3,2,5,2,3,0,6,4
2023-11-09,2023020194,20232024,referee,Furman South,CBJ,DAL,3,2,5,2,3,0,6,4
2023-11-09,2023020194,20232024,linesman,James Tobias,CBJ,DAL,3,2,5,2,3,0,6,4
2023-11-09,2023020194,20232024,linesman,Brandon Grillo,CBJ,DAL,3,2,5,2,3,0,6,4
2023-11-09,2023020199,20232024,referee,Pierre Lambert,STL,ARI,2,7,9,5,3,1,4,14
2023-11-09,2023020199,20232024,referee,Cody Beach,STL,ARI,2,7,9,5,3,1,4,14
2023-11-09,2023020199,20232024,linesman,Scott Cherrey,STL,ARI,2,7,9,5,3,1,4,14
2023-11-09,2023020199,20232024,linesman,Ryan Daisy,STL,ARI,2,7,9,5,3,1,4,14
2023-11-09,2023020200,20232024,referee,Carter Sandlak,WPG,NSH,5,4,9,1,4,4,10,8
2023-11-09,2023020200,20232024,referee,Kendrick Nicholson,WPG,NSH,5,4,9,1,4,4,10,8
2023-11-09,2023020200,20232024,linesman,Justin Johnson,WPG,NSH,5,4,9,1,4,4,10,8
2023-11-09,2023020200,20232024,linesman,Devin Berg,WPG,NSH,5,4,9,1,4,4,10,8
2023-11-09,2023020201,20232024,referee,Kelly Sutherland,COL,SEA,5,4,9,0,4,5,10,8
2023-11-09,2023020201,20232024,referee,Peter MacDougall,COL,SEA,5,4,9,0,4,5,10,8
2023-11-09,2023020201,20232024,linesman,Steve Barton,COL,SEA,5,4,9,0,4,5,10,8
2023-11-09,2023020201,20232024,linesman,Jonny Murray,COL,SEA,5,4,9,0,4,5,10,8
2023-11-09,2023020202,20232024,referee,Ghislain Hebert,LAK,PIT,3,4,7,3,2,2,6,8
2023-11-09,2023020202,20232024,referee,Brandon Schrader,LAK,PIT,3,4,7,3,2,2,6,8
2023-11-09,2023020202,20232024,linesman,Kyle Flemington,LAK,PIT,3,4,7,3,2,2,6,8
2023-11-09,2023020202,20232024,linesman,Trent Knorr,LAK,PIT,3,4,7,3,2,2,6,8
2023-11-09,2023020203,20232024,referee,Tom Chmielewski,SJS,EDM,4,2,6,2,0,4,8,4
2023-11-09,2023020203,20232024,referee,Morgan MacPhee,SJS,EDM,4,2,6,2,0,4,8,4
2023-11-09,2023020203,20232024,linesman,Caleb Apperson,SJS,EDM,4,2,6,2,0,4,8,4
2023-11-09,2023020203,20232024,linesman,David Brisebois,SJS,EDM,4,2,6,2,0,4,8,4
2023-11-10,2023020204,20232024,referee,Jon McIsaac,BUF,MIN,5,4,9,3,4,2,10,8
2023-11-10,2023020204,20232024,referee,Wes McCauley,BUF,MIN,5,4,9,3,4,2,10,8
2023-11-10,2023020204,20232024,linesman,James Tobias,BUF,MIN,5,4,9,3,4,2,10,8
2023-11-10,2023020204,20232024,linesman,Brandon Grillo,BUF,MIN,5,4,9,3,4,2,10,8
2023-11-10,2023020205,20232024,referee,Garrett Rank,FLA,CAR,3,2,5,1,2,2,6,4
2023-11-10,2023020205,20232024,referee,Mitch Dunning,FLA,CAR,3,2,5,1,2,2,6,4
2023-11-10,2023020205,20232024,linesman,Andrew Smith,FLA,CAR,3,2,5,1,2,2,6,4
2023-11-10,2023020205,20232024,linesman,Travis Toomey,FLA,CAR,3,2,5,1,2,2,6,4
2023-11-10,2023020206,20232024,referee,Gord Dwyer,NJD,WSH,4,4,8,4,1,3,8,8
2023-11-10,2023020206,20232024,referee,Justin Kea,NJD,WSH,4,4,8,4,1,3,8,8
2023-11-10,2023020206,20232024,linesman,Matt MacPherson,NJD,WSH,4,4,8,4,1,3,8,8
2023-11-10,2023020206,20232024,linesman,Kilian McNamara,NJD,WSH,4,4,8,4,1,3,8,8
2023-11-10,2023020207,20232024,referee,Chris Lee,TOR,CGY,3,2,5,5,0,0,6,4
2023-11-10,2023020207,20232024,referee,Kevin Pollock,TOR,CGY,3,2,5,5,0,0,6,4
2023-11-10,2023020207,20232024,linesman,Brandon Gawryletz,TOR,CGY,3,2,5,5,0,0,6,4
2023-11-10,2023020207,20232024,linesman,Ryan Galloway,TOR,CGY,3,2,5,5,0,0,6,4
2023-11-10,2023020208,20232024,referee,Frederick L'Ecuyer,ANA,PHI,3,6,9,2,4,3,6,12
2023-11-10,2023020208,20232024,referee,Graham Skilliter,ANA,PHI,3,6,9,2,4,3,6,12
2023-11-10,2023020208,20232024,linesman,Bevan Mills,ANA,PHI,3,6,9,2,4,3,6,12
2023-11-10,2023020208,20232024,linesman,Ryan Gibbons,ANA,PHI,3,6,9,2,4,3,6,12
2023-11-10,2023020209,20232024,referee,Thomas John Luxmore,VGK,SJS,5,1,6,1,0,5,10,2
2023-11-10,2023020209,20232024,referee,Ghislain Hebert,VGK,SJS,5,1,6,1,0,5,10,2
2023-11-10,2023020209,20232024,linesman,Kyle Flemington,VGK,SJS,5,1,6,1,0,5,10,2
2023-11-10,2023020209,20232024,linesman,Mitch Hunt,VGK,SJS,5,1,6,1,0,5,10,2
2023-11-11,2023020210,20232024,referee,Francois St-Laurent,DET,CBJ,3,3,6,1,4,1,6,6
2023-11-11,2023020210,20232024,referee,Pierre Lambert,DET,CBJ,3,3,6,1,4,1,6,6
2023-11-11,2023020210,20232024,linesman,Jonathan Deschamps,DET,CBJ,3,3,6,1,4,1,6,6
2023-11-11,2023020210,20232024,linesman,Mark Shewchyk,DET,CBJ,3,3,6,1,4,1,6,6
2023-11-11,2023020211,20232024,referee,Carter Sandlak,WPG,DAL,4,3,7,3,2,2,8,6
2023-11-11,2023020211,20232024,referee,Kendrick Nicholson,WPG,DAL,4,3,7,3,2,2,8,6
2023-11-11,2023020211,20232024,linesman,Ryan Jackson,WPG,DAL,4,3,7,3,2,2,8,6
2023-11-11,2023020211,20232024,linesman,Devin Berg,WPG,DAL,4,3,7,3,2,2,8,6
2023-11-11,2023020212,20232024,referee,Chris Rooney,MTL,BOS,4,4,8,0,4,4,8,8
2023-11-11,2023020212,20232024,referee,Chris Lee,MTL,BOS,4,4,8,0,4,4,8,8
2023-11-11,2023020212,20232024,linesman,Derek Nansen,MTL,BOS,4,4,8,0,4,4,8,8
2023-11-11,2023020212,20232024,linesman,Ryan Galloway,MTL,BOS,4,4,8,0,4,4,8,8
2023-11-11,2023020213,20232024,referee,Corey Syvret,OTT,CGY,3,5,8,2,5,1,6,10
2023-11-11,2023020213,20232024,referee,Jake Brenk,OTT,CGY,3,5,8,2,5,1,6,10
2023-11-11,2023020213,20232024,linesman,Brandon Gawryletz,OTT,CGY,3,5,8,2,5,1,6,10
2023-11-11,2023020213,20232024,linesman,Dan Kelly,OTT,CGY,3,5,8,2,5,1,6,10
2023-11-11,2023020214,20232024,referee,Kyle Rehman,TBL,CAR,3,3,6,1,2,3,6,6
2023-11-11,2023020214,20232024,referee,Mitch Dunning,TBL,CAR,3,3,6,1,2,3,6,6
2023-11-11,2023020214,20232024,linesman,Julien Fournier,TBL,CAR,3,3,6,1,2,3,6,6
2023-11-11,2023020214,20232024,linesman,Ben O'Quinn,TBL,CAR,3,3,6,1,2,3,6,6
2023-11-11,2023020215,20232024,referee,Dan O'Rourke,TOR,VAN,6,2,8,4,4,0,12,4
2023-11-11,2023020215,20232024,referee,Beau Halkidis,TOR,VAN,6,2,8,4,4,0,12,4
2023-11-11,2023020215,20232024,linesman,Libor Suchanek,TOR,VAN,6,2,8,4,4,0,12,4
2023-11-11,2023020215,20232024,linesman,Tyson Baker,TOR,VAN,6,2,8,4,4,0,12,4
2023-11-11,2023020216,20232024,referee,Gord Dwyer,NYI,WSH,1,1,2,1,1,0,2,2
2023-11-11,2023020216,20232024,referee,Jordan Samuels-Thomas,NYI,WSH,1,1,2,1,1,0,2,2
2023-11-11,2023020216,20232024,linesman,Travis Gawryletz,NYI,WSH,1,1,2,1,1,0,2,2
2023-11-11,2023020216,20232024,linesman,Kilian McNamara,NYI,WSH,1,1,2,1,1,0,2,2
2023-11-11,2023020217,20232024,referee,Wes McCauley,PIT,BUF,2,3,5,1,2,2,4,6
2023-11-11,2023020217,20232024,referee,Eric Furlatt,PIT,BUF,2,3,5,1,2,2,4,6
2023-11-11,2023020217,20232024,linesman,Tommy Hughes,PIT,BUF,2,3,5,1,2,2,4,6
2023-11-11,2023020217,20232024,linesman,Brad Kovachik,PIT,BUF,2,3,5,1,2,2,4,6
2023-11-11,2023020218,20232024,referee,Furman South,NSH,ARI,4,4,8,1,3,4,8,8
2023-11-11,2023020218,20232024,referee,Brian Pochmara,NSH,ARI,4,4,8,1,3,4,8,8
2023-11-11,2023020218,20232024,linesman,Scott Cherrey,NSH,ARI,4,4,8,1,3,4,8,8
2023-11-11,2023020218,20232024,linesman,Jonny Murray,NSH,ARI,4,4,8,1,3,4,8,8
2023-11-11,2023020219,20232024,referee,Tom Chmielewski,COL,STL,4,3,7,1,3,3,8,6
2023-11-11,2023020219,20232024,referee,Peter MacDougall,COL,STL,4,3,7,1,3,3,8,6
2023-11-11,2023020219,20232024,linesman,Trent Knorr,COL,STL,4,3,7,1,3,3,8,6
2023-11-11,2023020219,20232024,linesman,Caleb Apperson,COL,STL,4,3,7,1,3,3,8,6
2023-11-11,2023020220,20232024,referee,Frederick L'Ecuyer,SEA,EDM,4,4,8,3,4,1,8,8
2023-11-11,2023020220,20232024,referee,Brandon Schrader,SEA,EDM,4,4,8,3,4,1,8,8
2023-11-11,2023020220,20232024,linesman,Steve Barton,SEA,EDM,4,4,8,3,4,1,8,8
2023-11-11,2023020220,20232024,linesman,Joe Mahon,SEA,EDM,4,4,8,3,4,1,8,8
2023-11-11,2023020221,20232024,referee,Trevor Hanson,LAK,PHI,4,3,7,1,1,5,8,6
2023-11-11,2023020221,20232024,referee,Thomas John Luxmore,LAK,PHI,4,3,7,1,1,5,8,6
2023-11-11,2023020221,20232024,linesman,Bevan Mills,LAK,PHI,4,3,7,1,1,5,8,6
2023-11-11,2023020221,20232024,linesman,Mitch Hunt,LAK,PHI,4,3,7,1,1,5,8,6
2023-11-12,2023020222,20232024,referee,Garrett Rank,FLA,CHI,3,4,7,2,4,1,6,8
2023-11-12,2023020222,20232024,referee,Jean Hebert,FLA,CHI,3,4,7,2,4,1,6,8
2023-11-12,2023020222,20232024,linesman,Andrew Smith,FLA,CHI,3,4,7,2,4,1,6,8
2023-11-12,2023020222,20232024,linesman,Travis Toomey,FLA,CHI,3,4,7,2,4,1,6,8
2023-11-12,2023020223,20232024,referee,Chris Schlenker,MIN,DAL,5,5,10,3,4,3,10,10
2023-11-12,2023020223,20232024,referee,Francois St-Laurent,MIN,DAL,5,5,10,3,4,3,10,10
2023-11-12,2023020223,20232024,linesman,Kyle Flemington,MIN,DAL,5,5,10,3,4,3,10,10
2023-11-12,2023020223,20232024,linesman,Ryan Gibbons,MIN,DAL,5,5,10,3,4,3,10,10
2023-11-12,2023020224,20232024,referee,Corey Syvret,MTL,VAN,2,2,4,0,1,3,4,4
2023-11-12,2023020224,20232024,referee,Jake Brenk,MTL,VAN,2,2,4,0,1,3,4,4
2023-11-12,2023020224,20232024,linesman,Libor Suchanek,MTL,VAN,2,2,4,0,1,3,4,4
2023-11-12,2023020224,20232024,linesman,Brandon Gawryletz,MTL,VAN,2,2,4,0,1,3,4,4
2023-11-12,2023020225,20232024,referee,Kevin Pollock,NYR,CBJ,3,5,8,1,3,4,6,10
2023-11-12,2023020225,20232024,referee,Brandon Blandina,NYR,CBJ,3,5,8,1,3,4,6,10
2023-11-12,2023020225,20232024,linesman,Travis Gawryletz,NYR,CBJ,3,5,8,1,3,4,6,10
2023-11-12,2023020225,20232024,linesman,Matt MacPherson,NYR,CBJ,3,5,8,1,3,4,6,10
2023-11-12,2023020226,20232024,referee,Thomas John Luxmore,ANA,SJS,4,7,11,1,6,4,8,14
2023-11-12,2023020226,20232024,referee,Ghislain Hebert,ANA,SJS,4,7,11,1,6,4,8,14
2023-11-12,2023020226,20232024,linesman,Bevan Mills,ANA,SJS,4,7,11,1,6,4,8,14
2023-11-12,2023020226,20232024,linesman,Justin Johnson,ANA,SJS,4,7,11,1,6,4,8,14
2023-11-13,2023020227,20232024,referee,Dan O'Rourke,EDM,NYI,3,3,6,0,3,3,6,6
2023-11-13,2023020227,20232024,referee,Carter Sandlak,EDM,NYI,3,3,6,0,3,3,6,6
2023-11-13,2023020227,20232024,linesman,Steve Barton,EDM,NYI,3,3,6,0,3,3,6,6
2023-11-13,2023020227,20232024,linesman,Kiel Murchison,EDM,NYI,3,3,6,0,3,3,6,6
2023-11-13,2023020228,20232024,referee,Ghislain Hebert,SEA,COL,7,4,11,2,3,6,14,8
2023-11-13,2023020228,20232024,referee,Michael Markovic,SEA,COL,7,4,11,2,3,6,14,8
2023-11-13,2023020228,20232024,linesman,Trent Knorr,SEA,COL,7,4,11,2,3,6,14,8
2023-11-13,2023020228,20232024,linesman,Jesse Marquis,SEA,COL,7,4,11,2,3,6,14,8
2023-11-14,2023020229,20232024,referee,Brian Pochmara,BUF,BOS,4,3,7,2,3,2,8,6
2023-11-14,2023020229,20232024,referee,Corey Syvret,BUF,BOS,4,3,7,2,3,2,8,6
2023-11-14,2023020229,20232024,linesman,Brad Kovachik,BUF,BOS,4,3,7,2,3,2,8,6
2023-11-14,2023020229,20232024,linesman,David Brisebois,BUF,BOS,4,3,7,2,3,2,8,6
2023-11-14,2023020230,20232024,referee,Jean Hebert,CBJ,PIT,1,4,5,1,2,2,2,8
2023-11-14,2023020230,20232024,referee,Cody Beach,CBJ,PIT,1,4,5,1,2,2,2,8
2023-11-14,2023020230,20232024,linesman,Travis Gawryletz,CBJ,PIT,1,4,5,1,2,2,2,8
2023-11-14,2023020230,20232024,linesman,Tyson Baker,CBJ,PIT,1,4,5,1,2,2,2,8
2023-11-14,2023020231,20232024,referee,Jake Brenk,MTL,CGY,3,4,7,2,2,3,6,8
2023-11-14,2023020231,20232024,referee,Pierre Lambert,MTL,CGY,3,4,7,2,2,3,6,8
2023-11-14,2023020231,20232024,linesman,Libor Suchanek,MTL,CGY,3,4,7,2,2,3,6,8
2023-11-14,2023020231,20232024,linesman,James Tobias,MTL,CGY,3,4,7,2,2,3,6,8
2023-11-14,2023020232,20232024,referee,Kelly Sutherland,WSH,VGK,2,2,4,2,1,1,4,4
2023-11-14,2023020232,20232024,referee,Kevin Pollock,WSH,VGK,2,2,4,2,1,1,4,4
2023-11-14,2023020232,20232024,linesman,CJ Murray,WSH,VGK,2,2,4,2,1,1,4,4
2023-11-14,2023020232,20232024,linesman,Derek Nansen,WSH,VGK,2,2,4,2,1,1,4,4
2023-11-14,2023020233,20232024,referee,Thomas John Luxmore,DAL,ARI,2,4,6,2,3,1,4,8
2023-11-14,2023020233,20232024,referee,Graham Skilliter,DAL,ARI,2,4,6,2,3,1,4,8
2023-11-14,2023020233,20232024,linesman,Ben O'Quinn,DAL,ARI,2,4,6,2,3,1,4,8
2023-11-14,2023020233,20232024,linesman,Mark Shewchyk,DAL,ARI,2,4,6,2,3,1,4,8
2023-11-14,2023020234,20232024,referee,Wes McCauley,NSH,ANA,3,5,8,4,2,2,6,10
2023-11-14,2023020234,20232024,referee,Brandon Blandina,NSH,ANA,3,5,8,4,2,2,6,10
2023-11-14,2023020234,20232024,linesman,Travis Toomey,NSH,ANA,3,5,8,4,2,2,6,10
2023-11-14,2023020234,20232024,linesman,Dan Kelly,NSH,ANA,3,5,8,4,2,2,6,10
2023-11-14,2023020235,20232024,referee,Garrett Rank,STL,TBL,2,0,2,1,0,1,4,0
2023-11-14,2023020235,20232024,referee,Francois St-Laurent,STL,TBL,2,0,2,1,0,1,4,0
2023-11-14,2023020235,20232024,linesman,Andrew Smith,STL,TBL,2,0,2,1,0,1,4,0
2023-11-14,2023020235,20232024,linesman,Michel Cormier,STL,TBL,2,0,2,1,0,1,4,0
2023-11-14,2023020236,20232024,referee,Chris Schlenker,WPG,NJD,7,6,13,2,2,9,14,12
2023-11-14,2023020236,20232024,referee,Furman South,WPG,NJD,7,6,13,2,2,9,14,12
2023-11-14,2023020236,20232024,linesman,Ryan Gibbons,WPG,NJD,7,6,13,2,2,9,14,12
2023-11-14,2023020236,20232024,linesman,Brandon Gawryletz,WPG,NJD,7,6,13,2,2,9,14,12
2023-11-14,2023020237,20232024,referee,Trevor Hanson,SJS,FLA,3,3,6,2,2,2,6,6
2023-11-14,2023020237,20232024,referee,Michael Markovic,SJS,FLA,3,3,6,2,2,2,6,6
2023-11-14,2023020237,20232024,linesman,Justin Johnson,SJS,FLA,3,3,6,2,2,2,6,6
2023-11-14,2023020237,20232024,linesman,Trent Knorr,SJS,FLA,3,3,6,2,2,2,6,6
2023-11-15,2023020238,20232024,referee,Kevin Pollock,CAR,PHI,1,3,4,0,2,2,2,6
2023-11-15,2023020238,20232024,referee,Brandon Blandina,CAR,PHI,1,3,4,0,2,2,2,6
2023-11-15,2023020238,20232024,linesman,CJ Murray,CAR,PHI,1,3,4,0,2,2,2,6
2023-11-15,2023020238,20232024,linesman,Derek Nansen,CAR,PHI,1,3,4,0,2,2,2,6
2023-11-15,2023020239,20232024,referee,Dan O'Rourke,EDM,SEA,6,4,10,1,4,5,12,8
2023-11-15,2023020239,20232024,referee,Steve Kozari,EDM,SEA,6,4,10,1,4,5,12,8
2023-11-15,2023020239,20232024,linesman,Caleb Apperson,EDM,SEA,6,4,10,1,4,5,12,8
2023-11-15,2023020239,20232024,linesman,Ryan Galloway,EDM,SEA,6,4,10,1,4,5,12,8
2023-11-15,2023020240,20232024,referee,Garrett Rank,COL,ANA,4,5,9,3,4,2,8,10
2023-11-15,2023020240,20232024,referee,Carter Sandlak,COL,ANA,4,5,9,3,4,2,8,10
2023-11-15,2023020240,20232024,linesman,Scott Cherrey,COL,ANA,4,5,9,3,4,2,8,10
2023-11-15,2023020240,20232024,linesman,Jesse Marquis,COL,ANA,4,5,9,3,4,2,8,10
2023-11-15,2023020241,20232024,referee,Trevor Hanson,VAN,NYI,2,6,8,2,3,3,4,12
2023-11-15,2023020241,20232024,referee,Tom Chmielewski,VAN,NYI,2,6,8,2,3,3,4,12
2023-11-15,2023020241,20232024,linesman,Mitch Hunt,VAN,NYI,2,6,8,2,3,3,4,12
2023-11-15,2023020241,20232024,linesman,Kiel Murchison,VAN,NYI,2,6,8,2,3,3,4,12
2023-11-16,2023020242,20232024,referee,Jon McIsaac,OTT,DET,3,6,9,4,0,5,6,12
2023-11-16,2023020242,20232024,referee,Kyle Rehman,OTT,DET,3,6,9,4,0,5,6,12
2023-11-16,2023020242,20232024,linesman,Ryan Daisy,OTT,DET,3,6,9,4,0,5,6,12
2023-11-16,2023020242,20232024,linesman,Devin Berg,OTT,DET,3,6,9,4,0,5,6,12
2023-11-16,2023020243,20232024,referee,Brian Pochmara,CBJ,ARI,2,3,5,2,1,2,4,6
2023-11-16,2023020243,20232024,referee,Mitch Dunning,CBJ,ARI,2,3,5,2,1,2,4,6
2023-11-16,2023020243,20232024,linesman,Kyle Flemington,CBJ,ARI,2,3,5,2,1,2,4,6
2023-11-16,2023020243,20232024,linesman,Kilian McNamara,CBJ,ARI,2,3,5,2,1,2,4,6
2023-11-16,2023020244,20232024,referee,Ghislain Hebert,MTL,VGK,7,3,10,2,4,4,14,6
2023-11-16,2023020244,20232024,referee,Brandon Schrader,MTL,VGK,7,3,10,2,4,4,14,6
2023-11-16,2023020244,20232024,linesman,James Tobias,MTL,VGK,7,3,10,2,4,4,14,6
2023-11-16,2023020244,20232024,linesman,Joe Mahon,MTL,VGK,7,3,10,2,4,4,14,6
2023-11-16,2023020245,20232024,referee,Jean Hebert,PIT,NJD,1,3,4,1,0,3,2,6
2023-11-16,2023020245,20232024,referee,Gord Dwyer,PIT,NJD,1,3,4,1,0,3,2,6
2023-11-16,2023020245,20232024,linesman,Travis Gawryletz,PIT,NJD,1,3,4,1,0,3,2,6
2023-11-16,2023020245,20232024,linesman,Dan Kelly,PIT,NJD,1,3,4,1,0,3,2,6
2023-11-16,2023020246,20232024,referee,Corey Syvret,CHI,TBL,4,3,7,2,3,2,8,6
2023-11-16,2023020246,20232024,referee,Chris Lee,CHI,TBL,4,3,7,2,3,2,8,6
2023-11-16,2023020246,20232024,linesman,Michel Cormier,CHI,TBL,4,3,7,2,3,2,8,6
2023-11-16,2023020246,20232024,linesman,Mark Shewchyk,CHI,TBL,4,3,7,2,3,2,8,6
2023-11-16,2023020247,20232024,referee,Dan O'Rourke,CGY,VAN,5,4,9,2,4,3,10,8
2023-11-16,2023020247,20232024,referee,Furman South,CGY,VAN,5,4,9,2,4,3,10,8
2023-11-16,2023020247,20232024,linesman,Ryan Gibbons,CGY,VAN,5,4,9,2,4,3,10,8
2023-11-16,2023020247,20232024,linesman,Ryan Galloway,CGY,VAN,5,4,9,2,4,3,10,8
2023-11-16,2023020248,20232024,referee,Tom Chmielewski,SEA,NYI,5,4,9,3,3,3,10,8
2023-11-16,2023020248,20232024,referee,Justin Kea,SEA,NYI,5,4,9,3,3,3,10,8
2023-11-16,2023020248,20232024,linesman,Bevan Mills,SEA,NYI,5,4,9,3,3,3,10,8
2023-11-16,2023020248,20232024,linesman,Julien Fournier,SEA,NYI,5,4,9,3,3,3,10,8
2023-11-16,2023020249,20232024,referee,Graham Skilliter,LAK,FLA,6,3,9,4,3,2,12,6
2023-11-16,2023020249,20232024,referee,Jordan Samuels-Thomas,LAK,FLA,6,3,9,4,3,2,12,6
2023-11-16,2023020249,20232024,linesman,Scott Cherrey,LAK,FLA,6,3,9,4,3,2,12,6
2023-11-16,2023020249,20232024,linesman,Brandon Grillo,LAK,FLA,6,3,9,4,3,2,12,6
2023-11-16,2023020250,20232024,referee,Chris Rooney,SJS,STL,4,1,5,1,3,1,8,2
2023-11-16,2023020250,20232024,referee,Beau Halkidis,SJS,STL,4,1,5,1,3,1,8,2
2023-11-16,2023020250,20232024,linesman,Tommy Hughes,SJS,STL,4,1,5,1,3,1,8,2
2023-11-16,2023020250,20232024,linesman,Ben O'Quinn,SJS,STL,4,1,5,1,3,1,8,2
2023-11-17,2023020251,20232024,referee,Kyle Rehman,DET,TOR,5,6,11,3,7,1,10,12
2023-11-17,2023020251,20232024,referee,Kendrick Nicholson,DET,TOR,5,6,11,3,7,1,10,12
2023-11-17,2023020251,20232024,linesman,Shandor Alphonso,DET,TOR,5,6,11,3,7,1,10,12
2023-11-17,2023020251,20232024,linesman,Ryan Daisy,DET,TOR,5,6,11,3,7,1,10,12
2023-11-17,2023020252,20232024,referee,Frederick L'Ecuyer,WPG,BUF,2,4,6,2,2,2,4,8
2023-11-17,2023020252,20232024,referee,Steve Kozari,WPG,BUF,2,4,6,2,2,2,4,8
2023-11-17,2023020252,20232024,linesman,Kiel Murchison,WPG,BUF,2,4,6,2,2,2,4,8
2023-11-17,2023020252,20232024,linesman,David Brisebois,WPG,BUF,2,4,6,2,2,2,4,8
2023-11-17,2023020253,20232024,referee,Chris Rooney,ANA,FLA,4,3,7,2,2,3,8,6
2023-11-17,2023020253,20232024,referee,Beau Halkidis,ANA,FLA,4,3,7,2,2,3,8,6
2023-11-17,2023020253,20232024,linesman,Tommy Hughes,ANA,FLA,4,3,7,2,2,3,8,6
2023-11-17,2023020253,20232024,linesman,Jesse Marquis,ANA,FLA,4,3,7,2,2,3,8,6
2023-11-18,2023020254,20232024,referee,Jon McIsaac,OTT,MIN,4,4,8,3,2,3,8,8
2023-11-18,2023020254,20232024,referee,Kendrick Nicholson,OTT,MIN,4,4,8,3,2,3,8,8
2023-11-18,2023020254,20232024,linesman,Shandor Alphonso,OTT,MIN,4,4,8,3,2,3,8,8
2023-11-18,2023020254,20232024,linesman,Devin Berg,OTT,MIN,4,4,8,3,2,3,8,8
2023-11-18,2023020255,20232024,referee,Brian Pochmara,PHI,VGK,5,4,9,1,4,4,10,8
2023-11-18,2023020255,20232024,referee,Morgan MacPhee,PHI,VGK,5,4,9,1,4,4,10,8
2023-11-18,2023020255,20232024,linesman,Mark Shewchyk,PHI,VGK,5,4,9,1,4,4,10,8
2023-11-18,2023020255,20232024,linesman,Dan Kelly,PHI,VGK,5,4,9,1,4,4,10,8
2023-11-18,2023020256,20232024,referee,Corey Syvret,NSH,CHI,2,3,5,3,1,1,4,6
2023-11-18,2023020256,20232024,referee,Chris Lee,NSH,CHI,2,3,5,3,1,1,4,6
2023-11-18,2023020256,20232024,linesman,Kyle Flemington,NSH,CHI,2,3,5,3,1,1,4,6
2023-11-18,2023020256,20232024,linesman,Kilian McNamara,NSH,CHI,2,3,5,3,1,1,4,6
2023-11-18,2023020257,20232024,referee,Jean Hebert,TBL,EDM,6,5,11,5,3,3,12,10
2023-11-18,2023020257,20232024,referee,Cody Beach,TBL,EDM,6,5,11,5,3,3,12,10
2023-11-18,2023020257,20232024,linesman,Matt MacPherson,TBL,EDM,6,5,11,5,3,3,12,10
2023-11-18,2023020257,20232024,linesman,Tyson Baker,TBL,EDM,6,5,11,5,3,3,12,10
2023-11-18,2023020258,20232024,referee,Gord Dwyer,BOS,MTL,3,6,9,3,5,1,6,12
2023-11-18,2023020258,20232024,referee,Brandon Schrader,BOS,MTL,3,6,9,3,5,1,6,12
2023-11-18,2023020258,20232024,linesman,Travis Gawryletz,BOS,MTL,3,6,9,3,5,1,6,12
2023-11-18,2023020258,20232024,linesman,Ryan Jackson,BOS,MTL,3,6,9,3,5,1,6,12
2023-11-18,2023020259,20232024,referee,Wes McCauley,CAR,PIT,2,3,5,1,2,2,4,6
2023-11-18,2023020259,20232024,referee,Thomas John Luxmore,CAR,PIT,2,3,5,1,2,2,4,6
2023-11-18,2023020259,20232024,linesman,Libor Suchanek,CAR,PIT,2,3,5,1,2,2,4,6
2023-11-18,2023020259,20232024,linesman,Mitch Hunt,CAR,PIT,2,3,5,1,2,2,4,6
2023-11-18,2023020260,20232024,referee,Furman South,CGY,NYI,3,3,6,1,5,0,6,6
2023-11-18,2023020260,20232024,referee,Steve Kozari,CGY,NYI,3,3,6,1,5,0,6,6
2023-11-18,2023020260,20232024,linesman,Ryan Gibbons,CGY,NYI,3,3,6,1,5,0,6,6
2023-11-18,2023020260,20232024,linesman,Jonathan Deschamps,CGY,NYI,3,3,6,1,5,0,6,6
2023-11-18,2023020261,20232024,referee,Francois St-Laurent,NJD,NYR,3,1,4,2,1,1,6,2
2023-11-18,2023020261,20232024,referee,Kelly Sutherland,NJD,NYR,3,1,4,2,1,1,6,2
2023-11-18,2023020261,20232024,linesman,Steve Barton,NJD,NYR,3,1,4,2,1,1,6,2
2023-11-18,2023020261,20232024,linesman,Michel Cormier,NJD,NYR,3,1,4,2,1,1,6,2
2023-11-18,2023020262,20232024,referee,Dan O'Rourke,WPG,ARI,2,1,3,2,1,0,4,2
2023-11-18,2023020262,20232024,referee,Frederick L'Ecuyer,WPG,ARI,2,1,3,2,1,0,4,2
2023-11-18,2023020262,20232024,linesman,Kiel Murchison,WPG,ARI,2,1,3,2,1,0,4,2
2023-11-18,2023020262,20232024,linesman,David Brisebois,WPG,ARI,2,1,3,2,1,0,4,2
2023-11-18,2023020263,20232024,referee,Jake Brenk,WSH,CBJ,4,3,7,3,2,2,8,6
2023-11-18,2023020263,20232024,referee,Peter MacDougall,WSH,CBJ,4,3,7,3,2,2,8,6
2023-11-18,2023020263,20232024,linesman,Andrew Smith,WSH,CBJ,4,3,7,3,2,2,8,6
2023-11-18,2023020263,20232024,linesman,Jonny Murray,WSH,CBJ,4,3,7,3,2,2,8,6
2023-11-18,2023020264,20232024,referee,Eric Furlatt,DAL,COL,4,4,8,1,6,1,8,8
2023-11-18,2023020264,20232024,referee,Jordan Samuels-Thomas,DAL,COL,4,4,8,1,6,1,8,8
2023-11-18,2023020264,20232024,linesman,Bevan Mills,DAL,COL,4,4,8,1,6,1,8,8
2023-11-18,2023020264,20232024,linesman,Julien Fournier,DAL,COL,4,4,8,1,6,1,8,8
2023-11-18,2023020265,20232024,referee,Trevor Hanson,VAN,SEA,3,2,5,1,1,3,6,4
2023-11-18,2023020265,20232024,referee,Pierre Lambert,VAN,SEA,3,2,5,1,1,3,6,4
2023-11-18,2023020265,20232024,linesman,Ryan Galloway,VAN,SEA,3,2,5,1,1,3,6,4
2023-11-18,2023020265,20232024,linesman,Ben O'Quinn,VAN,SEA,3,2,5,1,1,3,6,4
2023-11-18,2023020266,20232024,referee,Chris Schlenker,LAK,STL,3,2,5,3,2,0,6,4
2023-11-18,2023020266,20232024,referee,Tom Chmielewski,LAK,STL,3,2,5,3,2,0,6,4
2023-11-18,2023020266,20232024,linesman,Scott Cherrey,LAK,STL,3,2,5,3,2,0,6,4
2023-11-18,2023020266,20232024,linesman,Brandon Grillo,LAK,STL,3,2,5,3,2,0,6,4
2023-11-19,2023020267,20232024,referee,Jon McIsaac,MIN,TOR,2,3,5,2,3,0,4,6
2023-11-19,2023020267,20232024,referee,Kyle Rehman,MIN,TOR,2,3,5,2,3,0,4,6
2023-11-19,2023020267,20232024,linesman,Ryan Daisy,MIN,TOR,2,3,5,2,3,0,4,6
2023-11-19,2023020267,20232024,linesman,Devin Berg,MIN,TOR,2,3,5,2,3,0,4,6
2023-11-19,2023020268,20232024,referee,Gord Dwyer,PHI,CBJ,6,5,11,1,6,4,12,10
2023-11-19,2023020268,20232024,referee,Brandon Schrader,PHI,CBJ,6,5,11,1,6,4,12,10
2023-11-19,2023020268,20232024,linesman,Andrew Smith,PHI,CBJ,6,5,11,1,6,4,12,10
2023-11-19,2023020268,20232024,linesman,Steve Barton,PHI,CBJ,6,5,11,1,6,4,12,10
2023-11-19,2023020269,20232024,referee,Francois St-Laurent,PIT,VGK,3,2,5,3,1,1,6,4
2023-11-19,2023020269,20232024,referee,Brandon Blandina,PIT,VGK,3,2,5,3,1,1,6,4
2023-11-19,2023020269,20232024,linesman,Mark Shewchyk,PIT,VGK,3,2,5,3,1,1,6,4
2023-11-19,2023020269,20232024,linesman,Jonny Murray,PIT,VGK,3,2,5,3,1,1,6,4
2023-11-19,2023020270,20232024,referee,Ghislain Hebert,CHI,BUF,3,3,6,0,4,2,6,6
2023-11-19,2023020270,20232024,referee,Carter Sandlak,CHI,BUF,3,3,6,0,4,2,6,6
2023-11-19,2023020270,20232024,linesman,Justin Johnson,CHI,BUF,3,3,6,0,4,2,6,6
2023-11-19,2023020270,20232024,linesman,CJ Murray,CHI,BUF,3,3,6,0,4,2,6,6
2023-11-19,2023020271,20232024,referee,Chris Schlenker,ANA,STL,6,2,8,5,1,2,12,4
2023-11-19,2023020271,20232024,referee,Chris Rooney,ANA,STL,6,2,8,5,1,2,12,4
2023-11-19,2023020271,20232024,linesman,Brandon Gawryletz,ANA,STL,6,2,8,5,1,2,12,4
2023-11-19,2023020271,20232024,linesman,Tommy Hughes,ANA,STL,6,2,8,5,1,2,12,4
2023-11-20,2023020272,20232024,referee,Wes McCauley,FLA,EDM,6,7,13,3,4,6,12,14
2023-11-20,2023020272,20232024,referee,Jake Brenk,FLA,EDM,6,7,13,3,4,6,12,14
2023-11-20,2023020272,20232024,linesman,Matt MacPherson,FLA,EDM,6,7,13,3,4,6,12,14
2023-11-20,2023020272,20232024,linesman,Tyson Baker,FLA,EDM,6,7,13,3,4,6,12,14
2023-11-20,2023020273,20232024,referee,Eric Furlatt,TBL,BOS,3,7,10,2,6,2,6,14
2023-11-20,2023020273,20232024,referee,Peter MacDougall,TBL,BOS,3,7,10,2,6,2,6,14
2023-11-20,2023020273,20232024,linesman,Brad Kovachik,TBL,BOS,3,7,10,2,6,2,6,14
2023-11-20,2023020273,20232024,linesman,Kilian McNamara,TBL,BOS,3,7,10,2,6,2,6,14
2023-11-20,2023020274,20232024,referee,Ghislain Hebert,DAL,NYR,4,3,7,3,0,4,8,6
2023-11-20,2023020274,20232024,referee,Kevin Pollock,DAL,NYR,4,3,7,3,0,4,8,6
2023-11-20,2023020274,20232024,linesman,Julien Fournier,DAL,NYR,4,3,7,3,0,4,8,6
2023-11-20,2023020274,20232024,linesman,CJ Murray,DAL,NYR,4,3,7,3,0,4,8,6
2023-11-20,2023020275,20232024,referee,Mitch Dunning,NSH,COL,5,4,9,5,3,1,10,8
2023-11-20,2023020275,20232024,referee,Thomas John Luxmore,NSH,COL,5,4,9,5,3,1,10,8
2023-11-20,2023020275,20232024,linesman,Bevan Mills,NSH,COL,5,4,9,5,3,1,10,8
2023-11-20,2023020275,20232024,linesman,Justin Johnson,NSH,COL,5,4,9,5,3,1,10,8
2023-11-20,2023020276,20232024,referee,Tom Chmielewski,ARI,LAK,4,6,10,3,2,5,8,12
2023-11-20,2023020276,20232024,referee,Justin Kea,ARI,LAK,4,6,10,3,2,5,8,12
2023-11-20,2023020276,20232024,linesman,Brandon Gawryletz,ARI,LAK,4,6,10,3,2,5,8,12
2023-11-20,2023020276,20232024,linesman,Tommy Hughes,ARI,LAK,4,6,10,3,2,5,8,12
2023-11-20,2023020277,20232024,referee,Chris Rooney,SEA,CGY,2,2,4,1,2,1,4,4
2023-11-20,2023020277,20232024,referee,Pierre Lambert,SEA,CGY,2,2,4,1,2,1,4,4
2023-11-20,2023020277,20232024,linesman,Scott Cherrey,SEA,CGY,2,2,4,1,2,1,4,4
2023-11-20,2023020277,20232024,linesman,Brandon Grillo,SEA,CGY,2,2,4,1,2,1,4,4
2023-11-20,2023020278,20232024,referee,Garrett Rank,VAN,SJS,1,3,4,1,1,2,2,6
2023-11-20,2023020278,20232024,referee,Steve Kozari,VAN,SJS,1,3,4,1,1,2,2,6
2023-11-20,2023020278,20232024,linesman,Caleb Apperson,VAN,SJS,1,3,4,1,1,2,2,6
2023-11-20,2023020278,20232024,linesman,Jonathan Deschamps,VAN,SJS,1,3,4,1,1,2,2,6
2023-11-22,2023020279,20232024,referee,Jean Hebert,CAR,EDM,4,5,9,2,4,3,8,10
2023-11-22,2023020279,20232024,referee,Eric Furlatt,CAR,EDM,4,5,9,2,4,3,8,10
2023-11-22,2023020279,20232024,linesman,Ryan Jackson,CAR,EDM,4,5,9,2,4,3,8,10
2023-11-22,2023020279,20232024,linesman,Jesse Marquis,CAR,EDM,4,5,9,2,4,3,8,10
2023-11-22,2023020280,20232024,referee,Ghislain Hebert,CBJ,CHI,4,3,7,3,1,3,8,6
2023-11-22,2023020280,20232024,referee,Brandon Blandina,CBJ,CHI,4,3,7,3,1,3,8,6
2023-11-22,2023020280,20232024,linesman,CJ Murray,CBJ,CHI,4,3,7,3,1,3,8,6
2023-11-22,2023020280,20232024,linesman,Derek Nansen,CBJ,CHI,4,3,7,3,1,3,8,6
2023-11-22,2023020281,20232024,referee,Brian Pochmara,DET,NJD,2,4,6,1,2,3,4,8
2023-11-22,2023020281,20232024,referee,Morgan MacPhee,DET,NJD,2,4,6,1,2,3,4,8
2023-11-22,2023020281,20232024,linesman,Andrew Smith,DET,NJD,2,4,6,1,2,3,4,8
2023-11-22,2023020281,20232024,linesman,Kyle Flemington,DET,NJD,2,4,6,1,2,3,4,8
2023-11-22,2023020282,20232024,referee,Thomas John Luxmore,FLA,BOS,4,4,8,7,0,1,8,8
2023-11-22,2023020282,20232024,referee,Peter MacDougall,FLA,BOS,4,4,8,7,0,1,8,8
2023-11-22,2023020282,20232024,linesman,Kilian McNamara,FLA,BOS,4,4,8,7,0,1,8,8
2023-11-22,2023020282,20232024,linesman,Jonny Murray,FLA,BOS,4,4,8,7,0,1,8,8
2023-11-22,2023020283,20232024,referee,Furman South,PIT,NYR,3,5,8,2,1,5,6,10
2023-11-22,2023020283,20232024,referee,Graham Skilliter,PIT,NYR,3,5,8,2,1,5,6,10
2023-11-22,2023020283,20232024,linesman,James Tobias,PIT,NYR,3,5,8,2,1,5,6,10
2023-11-22,2023020283,20232024,linesman,Travis Toomey,PIT,NYR,3,5,8,2,1,5,6,10
2023-11-22,2023020284,20232024,referee,Wes McCauley,TBL,WPG,2,1,3,2,1,0,4,2
2023-11-22,2023020284,20232024,referee,Jake Brenk,TBL,WPG,2,1,3,2,1,0,4,2
2023-11-22,2023020284,20232024,linesman,Mitch Hunt,TBL,WPG,2,1,3,2,1,0,4,2
2023-11-22,2023020284,20232024,linesman,Brad Kovachik,TBL,WPG,2,1,3,2,1,0,4,2
2023-11-22,2023020285,20232024,referee,Frederick L'Ecuyer,WSH,BUF,3,2,5,1,3,1,6,4
2023-11-22,2023020285,20232024,referee,Michael Markovic,WSH,BUF,3,2,5,1,3,1,6,4
2023-11-22,2023020285,20232024,linesman,Libor Suchanek,WSH,BUF,3,2,5,1,3,1,6,4
2023-11-22,2023020285,20232024,linesman,Matt MacPherson,WSH,BUF,3,2,5,1,3,1,6,4
2023-11-22,2023020286,20232024,referee,Kelly Sutherland,NYI,PHI,2,3,5,1,4,0,4,6
2023-11-22,2023020286,20232024,referee,Mitch Dunning,NYI,PHI,2,3,5,1,4,0,4,6
2023-11-22,2023020286,20232024,linesman,David Brisebois,NYI,PHI,2,3,5,1,4,0,4,6
2023-11-22,2023020286,20232024,linesman,Dan Kelly,NYI,PHI,2,3,5,1,4,0,4,6
2023-11-22,2023020287,20232024,referee,Trevor Hanson,ARI,STL,4,3,7,1,1,5,8,6
2023-11-22,2023020287,20232024,referee,Carter Sandlak,ARI,STL,4,3,7,1,1,5,8,6
2023-11-22,2023020287,20232024,linesman,Trent Knorr,ARI,STL,4,3,7,1,1,5,8,6
2023-11-22,2023020287,20232024,linesman,Joe Mahon,ARI,STL,4,3,7,1,1,5,8,6
2023-11-22,2023020288,20232024,referee,Dan O'Rourke,NSH,CGY,4,5,9,2,3,4,8,10
2023-11-22,2023020288,20232024,referee,Cody Beach,NSH,CGY,4,5,9,2,3,4,8,10
2023-11-22,2023020288,20232024,linesman,Julien Fournier,NSH,CGY,4,5,9,2,3,4,8,10
2023-11-22,2023020288,20232024,linesman,Tyson Baker,NSH,CGY,4,5,9,2,3,4,8,10
2023-11-22,2023020289,20232024,referee,Gord Dwyer,DAL,VGK,4,3,7,2,1,4,8,6
2023-11-22,2023020289,20232024,referee,Kevin Pollock,DAL,VGK,4,3,7,2,1,4,8,6
2023-11-22,2023020289,20232024,linesman,Bevan Mills,DAL,VGK,4,3,7,2,1,4,8,6
2023-11-22,2023020289,20232024,linesman,Ben O'Quinn,DAL,VGK,4,3,7,2,1,4,8,6
2023-11-22,2023020290,20232024,referee,Steve Kozari,ANA,MTL,4,2,6,2,2,2,8,4
2023-11-22,2023020290,20232024,referee,Justin Kea,ANA,MTL,4,2,6,2,2,2,8,4
2023-11-22,2023020290,20232024,linesman,Ryan Gibbons,ANA,MTL,4,2,6,2,2,2,8,4
2023-11-22,2023020290,20232024,linesman,Caleb Apperson,ANA,MTL,4,2,6,2,2,2,8,4
2023-11-22,2023020291,20232024,referee,Tom Chmielewski,COL,VAN,3,5,8,2,6,0,6,10
2023-11-22,2023020291,20232024,referee,Pierre Lambert,COL,VAN,3,5,8,2,6,0,6,10
2023-11-22,2023020291,20232024,linesman,Brandon Gawryletz,COL,VAN,3,5,8,2,6,0,6,10
2023-11-22,2023020291,20232024,linesman,Travis Gawryletz,COL,VAN,3,5,8,2,6,0,6,10
2023-11-22,2023020292,20232024,referee,Garrett Rank,SEA,SJS,2,3,5,2,1,2,4,6
2023-11-22,2023020292,20232024,referee,Beau Halkidis,SEA,SJS,2,3,5,2,1,2,4,6
2023-11-22,2023020292,20232024,linesman,Kiel Murchison,SEA,SJS,2,3,5,2,1,2,4,6
2023-11-22,2023020292,20232024,linesman,Jonathan Deschamps,SEA,SJS,2,3,5,2,1,2,4,6
2023-11-24,2023020293,20232024,referee,Chris Rooney,BOS,DET,6,3,9,3,3,3,12,6
2023-11-24,2023020293,20232024,referee,Michael Markovic,BOS,DET,6,3,9,3,3,3,12,6
2023-11-24,2023020293,20232024,linesman,Michel Cormier,BOS,DET,6,3,9,3,3,3,12,6
2023-11-24,2023020293,20232024,linesman,Matt MacPherson,BOS,DET,6,3,9,3,3,3,12,6
2023-11-24,2023020294,20232024,referee,Mitch Dunning,PHI,NYR,3,7,10,3,5,2,6,14
2023-11-24,2023020294,20232024,referee,Eric Furlatt,PHI,NYR,3,7,10,3,5,2,6,14
2023-11-24,2023020294,20232024,linesman,Tommy Hughes,PHI,NYR,3,7,10,3,5,2,6,14
2023-11-24,2023020294,20232024,linesman,Devin Berg,PHI,NYR,3,7,10,3,5,2,6,14
2023-11-24,2023020295,20232024,referee,Graham Skilliter,CHI,TOR,4,5,9,3,1,5,8,10
2023-11-24,2023020295,20232024,referee,Justin Kea,CHI,TOR,4,5,9,3,1,5,8,10
2023-11-24,2023020295,20232024,linesman,Julien Fournier,CHI,TOR,4,5,9,3,1,5,8,10
2023-11-24,2023020295,20232024,linesman,Derek Nansen,CHI,TOR,4,5,9,3,1,5,8,10
2023-11-24,2023020296,20232024,referee,Jake Brenk,NJD,CBJ,3,2,5,2,1,2,6,4
2023-11-24,2023020296,20232024,referee,Kendrick Nicholson,NJD,CBJ,3,2,5,2,1,2,6,4
2023-11-24,2023020296,20232024,linesman,Shandor Alphonso,NJD,CBJ,3,2,5,2,1,2,6,4
2023-11-24,2023020296,20232024,linesman,David Brisebois,NJD,CBJ,3,2,5,2,1,2,6,4
2023-11-24,2023020297,20232024,referee,Chris Lee,STL,NSH,5,4,9,1,4,4,10,8
2023-11-24,2023020297,20232024,referee,Brandon Schrader,STL,NSH,5,4,9,1,4,4,10,8
2023-11-24,2023020297,20232024,linesman,Bevan Mills,STL,NSH,5,4,9,1,4,4,10,8
2023-11-24,2023020297,20232024,linesman,Tyson Baker,STL,NSH,5,4,9,1,4,4,10,8
2023-11-24,2023020298,20232024,referee,Jon McIsaac,WSH,EDM,4,5,9,1,6,2,8,10
2023-11-24,2023020298,20232024,referee,Wes McCauley,WSH,EDM,4,5,9,1,6,2,8,10
2023-11-24,2023020298,20232024,linesman,Ryan Jackson,WSH,EDM,4,5,9,1,6,2,8,10
2023-11-24,2023020298,20232024,linesman,Jesse Marquis,WSH,EDM,4,5,9,1,6,2,8,10
2023-11-24,2023020299,20232024,referee,Trevor Hanson,ANA,LAK,7,6,13,3,7,3,14,12
2023-11-24,2023020299,20232024,referee,Corey Syvret,ANA,LAK,7,6,13,3,7,3,14,12
2023-11-24,2023020299,20232024,linesman,Caleb Apperson,ANA,LAK,7,6,13,3,7,3,14,12
2023-11-24,2023020299,20232024,linesman,Jonathan Deschamps,ANA,LAK,7,6,13,3,7,3,14,12
2023-11-24,2023020300,20232024,referee,Carter Sandlak,SJS,MTL,2,2,4,2,1,1,4,4
2023-11-24,2023020300,20232024,referee,Pierre Lambert,SJS,MTL,2,2,4,2,1,1,4,4
2023-11-24,2023020300,20232024,linesman,Trent Knorr,SJS,MTL,2,2,4,2,1,1,4,4
2023-11-24,2023020300,20232024,linesman,Kiel Murchison,SJS,MTL,2,2,4,2,1,1,4,4
2023-11-24,2023020301,20232024,referee,Dan O'Rourke,BUF,PIT,4,6,10,1,4,5,8,12
2023-11-24,2023020301,20232024,referee,Peter MacDougall,BUF,PIT,4,6,10,1,4,5,8,12
2023-11-24,2023020301,20232024,linesman,James Tobias,BUF,PIT,4,6,10,1,4,5,8,12
2023-11-24,2023020301,20232024,linesman,Travis Toomey,BUF,PIT,4,6,10,1,4,5,8,12
2023-11-24,2023020302,20232024,referee,Ghislain Hebert,OTT,NYI,1,3,4,2,1,1,2,6
2023-11-24,2023020302,20232024,referee,Morgan MacPhee,OTT,NYI,1,3,4,2,1,1,2,6
2023-11-24,2023020302,20232024,linesman,Andrew Smith,OTT,NYI,1,3,4,2,1,1,2,6
2023-11-24,2023020302,20232024,linesman,Steve Barton,OTT,NYI,1,3,4,2,1,1,2,6
2023-11-24,2023020303,20232024,referee,Frederick L'Ecuyer,CAR,TBL,6,7,13,0,7,6,12,14
2023-11-24,2023020303,20232024,referee,Cody Beach,CAR,TBL,6,7,13,0,7,6,12,14
2023-11-24,2023020303,20232024,linesman,Kyle Flemington,CAR,TBL,6,7,13,0,7,6,12,14
2023-11-24,2023020303,20232024,linesman,Jonny Murray,CAR,TBL,6,7,13,0,7,6,12,14
2023-11-24,2023020304,20232024,referee,Jean Hebert,FLA,WPG,5,5,10,2,5,3,10,10
2023-11-24,2023020304,20232024,referee,Kevin Pollock,FLA,WPG,5,5,10,2,5,3,10,10
2023-11-24,2023020304,20232024,linesman,Brad Kovachik,FLA,WPG,5,5,10,2,5,3,10,10
2023-11-24,2023020304,20232024,linesman,Kilian McNamara,FLA,WPG,5,5,10,2,5,3,10,10
2023-11-24,2023020305,20232024,referee,Kyle Rehman,DAL,CGY,3,3,6,1,5,0,6,6
2023-11-24,2023020305,20232024,referee,Brandon Blandina,DAL,CGY,3,3,6,1,5,0,6,6
2023-11-24,2023020305,20232024,linesman,Libor Suchanek,DAL,CGY,3,3,6,1,5,0,6,6
2023-11-24,2023020305,20232024,linesman,Mitch Hunt,DAL,CGY,3,3,6,1,5,0,6,6
2023-11-24,2023020306,20232024,referee,Furman South,MIN,COL,7,6,13,2,7,4,14,12
2023-11-24,2023020306,20232024,referee,Brian Pochmara,MIN,COL,7,6,13,2,7,4,14,12
2023-11-24,2023020306,20232024,linesman,Justin Johnson,MIN,COL,7,6,13,2,7,4,14,12
2023-11-24,2023020306,20232024,linesman,Ryan Galloway,MIN,COL,7,6,13,2,7,4,14,12
2023-11-24,2023020307,20232024,referee,Chris Schlenker,SEA,VAN,2,4,6,4,1,1,4,8
2023-11-24,2023020307,20232024,referee,Garrett Rank,SEA,VAN,2,4,6,4,1,1,4,8
2023-11-24,2023020307,20232024,linesman,Ryan Gibbons,SEA,VAN,2,4,6,4,1,1,4,8
2023-11-24,2023020307,20232024,linesman,Joe Mahon,SEA,VAN,2,4,6,4,1,1,4,8
2023-11-25,2023020308,20232024,referee,Francis Charron,NYR,BOS,3,3,6,2,4,0,6,6
2023-11-25,2023020308,20232024,referee,Jordan Samuels-Thomas,NYR,BOS,3,3,6,2,4,0,6,6
2023-11-25,2023020308,20232024,linesman,Ryan Daisy,NYR,BOS,3,3,6,2,4,0,6,6
2023-11-25,2023020308,20232024,linesman,Devin Berg,NYR,BOS,3,3,6,2,4,0,6,6
2023-11-25,2023020309,20232024,referee,Francois St-Laurent,LAK,MTL,3,2,5,1,3,1,6,4
2023-11-25,2023020309,20232024,referee,Corey Syvret,LAK,MTL,3,2,5,1,3,1,6,4
2023-11-25,2023020309,20232024,linesman,Kiel Murchison,LAK,MTL,3,2,5,1,3,1,6,4
2023-11-25,2023020309,20232024,linesman,Jonathan Deschamps,LAK,MTL,3,2,5,1,3,1,6,4
2023-11-25,2023020310,20232024,referee,Mitch Dunning,NJD,BUF,3,2,5,2,1,2,6,4
2023-11-25,2023020310,20232024,referee,Eric Furlatt,NJD,BUF,3,2,5,2,1,2,6,4
2023-11-25,2023020310,20232024,linesman,Michel Cormier,NJD,BUF,3,2,5,2,1,2,6,4
2023-11-25,2023020310,20232024,linesman,Ryan Jackson,NJD,BUF,3,2,5,2,1,2,6,4
2023-11-25,2023020311,20232024,referee,Kelly Sutherland,PIT,TOR,3,3,6,2,3,1,6,6
2023-11-25,2023020311,20232024,referee,Brian Pochmara,PIT,TOR,3,3,6,2,3,1,6,6
2023-11-25,2023020311,20232024,linesman,Scott Cherrey,PIT,TOR,3,3,6,2,3,1,6,6
2023-11-25,2023020311,20232024,linesman,Derek Nansen,PIT,TOR,3,3,6,2,3,1,6,6
2023-11-25,2023020312,20232024,referee,Dan O'Rourke,NYI,PHI,1,3,4,1,2,1,2,6
2023-11-25,2023020312,20232024,referee,Kendrick Nicholson,NYI,PHI,1,3,4,1,2,1,2,6
2023-11-25,2023020312,20232024,linesman,Shandor Alphonso,NYI,PHI,1,3,4,1,2,1,2,6
2023-11-25,2023020312,20232024,linesman,Jesse Marquis,NYI,PHI,1,3,4,1,2,1,2,6
2023-11-25,2023020313,20232024,referee,Gord Dwyer,COL,CGY,5,5,10,4,1,5,10,10
2023-11-25,2023020313,20232024,referee,Brandon Blandina,COL,CGY,5,5,10,4,1,5,10,10
2023-11-25,2023020313,20232024,linesman,Travis Gawryletz,COL,CGY,5,5,10,4,1,5,10,10
2023-11-25,2023020313,20232024,linesman,Ben O'Quinn,COL,CGY,5,5,10,4,1,5,10,10
2023-11-25,2023020314,20232024,referee,Trevor Hanson,SJS,VAN,6,3,9,1,4,4,12,6
2023-11-25,2023020314,20232024,referee,Carter Sandlak,SJS,VAN,6,3,9,1,4,4,12,6
2023-11-25,2023020314,20232024,linesman,Caleb Apperson,SJS,VAN,6,3,9,1,4,4,12,6
2023-11-25,2023020314,20232024,linesman,Joe Mahon,SJS,VAN,6,3,9,1,4,4,12,6
2023-11-25,2023020315,20232024,referee,Pierre Lambert,VGK,ARI,3,6,9,5,1,3,6,12
2023-11-25,2023020315,20232024,referee,Steve Kozari,VGK,ARI,3,6,9,5,1,3,6,12
2023-11-25,2023020315,20232024,linesman,Ryan Gibbons,VGK,ARI,3,6,9,5,1,3,6,12
2023-11-25,2023020315,20232024,linesman,Trent Knorr,VGK,ARI,3,6,9,5,1,3,6,12
2023-11-26,2023020316,20232024,referee,Thomas John Luxmore,DET,MIN,7,7,14,5,3,6,14,14
2023-11-26,2023020316,20232024,referee,Brandon Schrader,DET,MIN,7,7,14,5,3,6,14,14
2023-11-26,2023020316,20232024,linesman,James Tobias,DET,MIN,7,7,14,5,3,6,14,14
2023-11-26,2023020316,20232024,linesman,Travis Toomey,DET,MIN,7,7,14,5,3,6,14,14
2023-11-26,2023020317,20232024,referee,Furman South,CHI,STL,2,2,4,2,1,1,4,4
2023-11-26,2023020317,20232024,referee,Graham Skilliter,CHI,STL,2,2,4,2,1,1,4,4
2023-11-26,2023020317,20232024,linesman,Brandon Grillo,CHI,STL,2,2,4,2,1,1,4,4
2023-11-26,2023020317,20232024,linesman,Ryan Galloway,CHI,STL,2,2,4,2,1,1,4,4
2023-11-26,2023020318,20232024,referee,Jon McIsaac,CAR,CBJ,0,2,2,1,0,1,0,4
2023-11-26,2023020318,20232024,referee,Chris Lee,CAR,CBJ,0,2,2,1,0,1,0,4
2023-11-26,2023020318,20232024,linesman,Kyle Flemington,CAR,CBJ,0,2,2,1,0,1,0,4
2023-11-26,2023020318,20232024,linesman,Brad Kovachik,CAR,CBJ,0,2,2,1,0,1,0,4
2023-11-26,2023020319,20232024,referee,Kyle Rehman,NSH,WPG,2,2,4,0,3,1,4,4
2023-11-26,2023020319,20232024,referee,Kevin Pollock,NSH,WPG,2,2,4,0,3,1,4,4
2023-11-26,2023020319,20232024,linesman,Libor Suchanek,NSH,WPG,2,2,4,0,3,1,4,4
2023-11-26,2023020319,20232024,linesman,Mark Shewchyk,NSH,WPG,2,2,4,0,3,1,4,4
2023-11-26,2023020320,20232024,referee,Chris Schlenker,EDM,ANA,3,6,9,2,1,6,6,12
2023-11-26,2023020320,20232024,referee,Tom Chmielewski,EDM,ANA,3,6,9,2,1,6,6,12
2023-11-26,2023020320,20232024,linesman,Brandon Gawryletz,EDM,ANA,3,6,9,2,1,6,6,12
2023-11-26,2023020320,20232024,linesman,Dan Kelly,EDM,ANA,3,6,9,2,1,6,6,12
2023-11-27,2023020321,20232024,referee,Kelly Sutherland,CBJ,BOS,2,5,7,2,2,3,4,10
2023-11-27,2023020321,20232024,referee,Graham Skilliter,CBJ,BOS,2,5,7,2,2,3,4,10
2023-11-27,2023020321,20232024,linesman,Scott Cherrey,CBJ,BOS,2,5,7,2,2,3,4,10
2023-11-27,2023020321,20232024,linesman,Ryan Galloway,CBJ,BOS,2,5,7,2,2,3,4,10
2023-11-27,2023020322,20232024,referee,Chris Lee,NYR,BUF,2,3,5,2,1,2,4,6
2023-11-27,2023020322,20232024,referee,Kendrick Nicholson,NYR,BUF,2,3,5,2,1,2,4,6
2023-11-27,2023020322,20232024,linesman,Michel Cormier,NYR,BUF,2,3,5,2,1,2,4,6
2023-11-27,2023020322,20232024,linesman,Ryan Daisy,NYR,BUF,2,3,5,2,1,2,4,6
2023-11-27,2023020323,20232024,referee,Garrett Rank,OTT,FLA,7,9,16,3,6,7,14,18
2023-11-27,2023020323,20232024,referee,Mitch Dunning,OTT,FLA,7,9,16,3,6,7,14,18
2023-11-27,2023020323,20232024,linesman,Derek Nansen,OTT,FLA,7,9,16,3,6,7,14,18
2023-11-27,2023020323,20232024,linesman,David Brisebois,OTT,FLA,7,9,16,3,6,7,14,18
2023-11-27,2023020324,20232024,referee,Trevor Hanson,COL,TBL,3,5,8,2,5,1,6,10
2023-11-27,2023020324,20232024,referee,Carter Sandlak,COL,TBL,3,5,8,2,5,1,6,10
2023-11-27,2023020324,20232024,linesman,Ryan Gibbons,COL,TBL,3,5,8,2,5,1,6,10
2023-11-27,2023020324,20232024,linesman,CJ Murray,COL,TBL,3,5,8,2,5,1,6,10
2023-11-27,2023020325,20232024,referee,Francois St-Laurent,CGY,VGK,3,3,6,4,1,1,6,6
2023-11-27,2023020325,20232024,referee,Tom Chmielewski,CGY,VGK,3,3,6,4,1,1,6,6
2023-11-27,2023020325,20232024,linesman,Caleb Apperson,CGY,VGK,3,3,6,4,1,1,6,6
2023-11-27,2023020325,20232024,linesman,Dan Kelly,CGY,VGK,3,3,6,4,1,1,6,6
2023-11-27,2023020326,20232024,referee,Jean Hebert,SJS,WSH,3,3,6,2,2,2,6,6
2023-11-27,2023020326,20232024,referee,Corey Syvret,SJS,WSH,3,3,6,2,2,2,6,6
2023-11-27,2023020326,20232024,linesman,Travis Gawryletz,SJS,WSH,3,3,6,2,2,2,6,6
2023-11-27,2023020326,20232024,linesman,Ben O'Quinn,SJS,WSH,3,3,6,2,2,2,6,6
2023-11-28,2023020327,20232024,referee,Francis Charron,NJD,NYI,4,4,8,3,1,4,8,8
2023-11-28,2023020327,20232024,referee,Thomas John Luxmore,NJD,NYI,4,4,8,3,1,4,8,8
2023-11-28,2023020327,20232024,linesman,Tommy Hughes,NJD,NYI,4,4,8,3,1,4,8,8
2023-11-28,2023020327,20232024,linesman,Jonny Murray,NJD,NYI,4,4,8,3,1,4,8,8
2023-11-28,2023020329,20232024,referee,Frederick L'Ecuyer,TOR,FLA,3,6,9,1,4,4,6,12
2023-11-28,2023020329,20232024,referee,Kevin Pollock,TOR,FLA,3,6,9,1,4,4,6,12
2023-11-28,2023020329,20232024,linesman,James Tobias,TOR,FLA,3,6,9,1,4,4,6,12
2023-11-28,2023020329,20232024,linesman,David Brisebois,TOR,FLA,3,6,9,1,4,4,6,12
2023-11-28,2023020328,20232024,referee,Furman South,PHI,CAR,2,2,4,1,3,0,4,4
2023-11-28,2023020328,20232024,referee,Kendrick Nicholson,PHI,CAR,2,2,4,1,3,0,4,4
2023-11-28,2023020328,20232024,linesman,Ryan Daisy,PHI,CAR,2,2,4,1,3,0,4,4
2023-11-28,2023020328,20232024,linesman,Mark Shewchyk,PHI,CAR,2,2,4,1,3,0,4,4
2023-11-28,2023020330,20232024,referee,Kelly Sutherland,MIN,STL,4,1,5,2,1,2,8,2
2023-11-28,2023020330,20232024,referee,Ghislain Hebert,MIN,STL,4,1,5,2,1,2,8,2
2023-11-28,2023020330,20232024,linesman,CJ Murray,MIN,STL,4,1,5,2,1,2,8,2
2023-11-28,2023020330,20232024,linesman,Matt MacPherson,MIN,STL,4,1,5,2,1,2,8,2
2023-11-28,2023020331,20232024,referee,Kyle Rehman,NSH,PIT,2,3,5,1,3,1,4,6
2023-11-28,2023020331,20232024,referee,Jordan Samuels-Thomas,NSH,PIT,2,3,5,1,3,1,4,6
2023-11-28,2023020331,20232024,linesman,Kyle Flemington,NSH,PIT,2,3,5,1,3,1,4,6
2023-11-28,2023020331,20232024,linesman,Libor Suchanek,NSH,PIT,2,3,5,1,3,1,4,6
2023-11-28,2023020332,20232024,referee,Chris Schlenker,WPG,DAL,2,4,6,1,3,2,4,8
2023-11-28,2023020332,20232024,referee,Chris Rooney,WPG,DAL,2,4,6,1,3,2,4,8
2023-11-28,2023020332,20232024,linesman,Ryan Jackson,WPG,DAL,2,4,6,1,3,2,4,8
2023-11-28,2023020332,20232024,linesman,Dan Kelly,WPG,DAL,2,4,6,1,3,2,4,8
2023-11-28,2023020333,20232024,referee,Wes McCauley,CHI,SEA,7,5,12,4,5,3,14,10
2023-11-28,2023020333,20232024,referee,Brandon Schrader,CHI,SEA,7,5,12,4,5,3,14,10
2023-11-28,2023020333,20232024,linesman,Justin Johnson,CHI,SEA,7,5,12,4,5,3,14,10
2023-11-28,2023020333,20232024,linesman,Devin Berg,CHI,SEA,7,5,12,4,5,3,14,10
2023-11-28,2023020334,20232024,referee,Trevor Hanson,ARI,TBL,2,2,4,0,1,3,4,4
2023-11-28,2023020334,20232024,referee,Carter Sandlak,ARI,TBL,2,2,4,0,1,3,4,4
2023-11-28,2023020334,20232024,linesman,Ryan Gibbons,ARI,TBL,2,2,4,0,1,3,4,4
2023-11-28,2023020334,20232024,linesman,Travis Gawryletz,ARI,TBL,2,2,4,0,1,3,4,4
2023-11-28,2023020335,20232024,referee,Michael Markovic,EDM,VGK,6,4,10,4,4,2,12,8
2023-11-28,2023020335,20232024,referee,Peter MacDougall,EDM,VGK,6,4,10,4,4,2,12,8
2023-11-28,2023020335,20232024,linesman,Brandon Gawryletz,EDM,VGK,6,4,10,4,4,2,12,8
2023-11-28,2023020335,20232024,linesman,Travis Toomey,EDM,VGK,6,4,10,4,4,2,12,8
2023-11-28,2023020336,20232024,referee,Francois St-Laurent,VAN,ANA,4,5,9,4,2,3,8,10
2023-11-28,2023020336,20232024,referee,Jean Hebert,VAN,ANA,4,5,9,4,2,3,8,10
2023-11-28,2023020336,20232024,linesman,Trent Knorr,VAN,ANA,4,5,9,4,2,3,8,10
2023-11-28,2023020336,20232024,linesman,Kiel Murchison,VAN,ANA,4,5,9,4,2,3,8,10
2023-11-29,2023020337,20232024,referee,Wes McCauley,CBJ,MTL,1,2,3,0,2,1,2,4
2023-11-29,2023020337,20232024,referee,Garrett Rank,CBJ,MTL,1,2,3,0,2,1,2,4
2023-11-29,2023020337,20232024,linesman,Ryan Galloway,CBJ,MTL,1,2,3,0,2,1,2,4
2023-11-29,2023020337,20232024,linesman,Devin Berg,CBJ,MTL,1,2,3,0,2,1,2,4
2023-11-29,2023020338,20232024,referee,Dan O'Rourke,NYR,DET,7,4,11,3,4,4,14,8
2023-11-29,2023020338,20232024,referee,Thomas John Luxmore,NYR,DET,7,4,11,3,4,4,14,8
2023-11-29,2023020338,20232024,linesman,Mark Shewchyk,NYR,DET,7,4,11,3,4,4,14,8
2023-11-29,2023020338,20232024,linesman,Jonny Murray,NYR,DET,7,4,11,3,4,4,14,8
2023-11-29,2023020339,20232024,referee,Brian Pochmara,LAK,WSH,0,3,3,1,1,1,0,6
2023-11-29,2023020339,20232024,referee,Jake Brenk,LAK,WSH,0,3,3,1,1,1,0,6
2023-11-29,2023020339,20232024,linesman,Tyson Baker,LAK,WSH,0,3,3,1,1,1,0,6
2023-11-29,2023020339,20232024,linesman,Ben O'Quinn,LAK,WSH,0,3,3,1,1,1,0,6
2023-11-30,2023020340,20232024,referee,Dan O'Rourke,BOS,SJS,6,5,11,2,8,1,12,10
2023-11-30,2023020340,20232024,referee,Justin Kea,BOS,SJS,6,5,11,2,8,1,12,10
2023-11-30,2023020340,20232024,linesman,Jonathan Deschamps,BOS,SJS,6,5,11,2,8,1,12,10
2023-11-30,2023020340,20232024,linesman,Jonny Murray,BOS,SJS,6,5,11,2,8,1,12,10
2023-11-30,2023020342,20232024,referee,Garrett Rank,DET,CHI,4,5,9,1,5,3,8,10
2023-11-30,2023020342,20232024,referee,Mitch Dunning,DET,CHI,4,5,9,1,5,3,8,10
2023-11-30,2023020342,20232024,linesman,Caleb Apperson,DET,CHI,4,5,9,1,5,3,8,10
2023-11-30,2023020342,20232024,linesman,David Brisebois,DET,CHI,4,5,9,1,5,3,8,10
2023-11-30,2023020343,20232024,referee,Kevin Pollock,MTL,FLA,4,6,10,4,4,2,8,12
2023-11-30,2023020343,20232024,referee,Brandon Blandina,MTL,FLA,4,6,10,4,4,2,8,12
2023-11-30,2023020343,20232024,linesman,Steve Barton,MTL,FLA,4,6,10,4,4,2,8,12
2023-11-30,2023020343,20232024,linesman,Michel Cormier,MTL,FLA,4,6,10,4,4,2,8,12
2023-11-30,2023020344,20232024,referee,Jon McIsaac,PHI,NJD,4,6,10,3,4,3,8,12
2023-11-30,2023020344,20232024,referee,Francis Charron,PHI,NJD,4,6,10,3,4,3,8,12
2023-11-30,2023020344,20232024,linesman,Brandon Grillo,PHI,NJD,4,6,10,3,4,3,8,12
2023-11-30,2023020344,20232024,linesman,Ryan Daisy,PHI,NJD,4,6,10,3,4,3,8,12
2023-11-30,2023020345,20232024,referee,Kendrick Nicholson,TBL,PIT,1,2,3,2,0,1,2,4
2023-11-30,2023020345,20232024,referee,Pierre Lambert,TBL,PIT,1,2,3,2,0,1,2,4
2023-11-30,2023020345,20232024,linesman,Shandor Alphonso,TBL,PIT,1,2,3,2,0,1,2,4
2023-11-30,2023020345,20232024,linesman,Jesse Marquis,TBL,PIT,1,2,3,2,0,1,2,4
2023-11-30,2023020346,20232024,referee,Frederick L'Ecuyer,TOR,SEA,6,4,10,5,4,1,12,8
2023-11-30,2023020346,20232024,referee,Cody Beach,TOR,SEA,6,4,10,5,4,1,12,8
2023-11-30,2023020346,20232024,linesman,Tommy Hughes,TOR,SEA,6,4,10,5,4,1,12,8
2023-11-30,2023020346,20232024,linesman,Brad Kovachik,TOR,SEA,6,4,10,5,4,1,12,8
2023-11-30,2023020341,20232024,referee,Kyle Rehman,CAR,NYI,4,3,7,2,1,4,8,6
2023-11-30,2023020341,20232024,referee,Gord Dwyer,CAR,NYI,4,3,7,2,1,4,8,6
2023-11-30,2023020341,20232024,linesman,Julien Fournier,CAR,NYI,4,3,7,2,1,4,8,6
2023-11-30,2023020341,20232024,linesman,Libor Suchanek,CAR,NYI,4,3,7,2,1,4,8,6
2023-11-30,2023020347,20232024,referee,Ghislain Hebert,NSH,MIN,6,6,12,8,2,2,12,12
2023-11-30,2023020347,20232024,referee,Beau Halkidis,NSH,MIN,6,6,12,8,2,2,12,12
2023-11-30,2023020347,20232024,linesman,Kiel Murchison,NSH,MIN,6,6,12,8,2,2,12,12
2023-11-30,2023020347,20232024,linesman,Matt MacPherson,NSH,MIN,6,6,12,8,2,2,12,12
2023-11-30,2023020348,20232024,referee,Kelly Sutherland,STL,BUF,3,2,5,3,1,1,6,4
2023-11-30,2023020348,20232024,referee,Jordan Samuels-Thomas,STL,BUF,3,2,5,3,1,1,6,4
2023-11-30,2023020348,20232024,linesman,Kyle Flemington,STL,BUF,3,2,5,3,1,1,6,4
2023-11-30,2023020348,20232024,linesman,Derek Nansen,STL,BUF,3,2,5,3,1,1,6,4
2023-11-30,2023020349,20232024,referee,Chris Rooney,WPG,EDM,2,3,5,2,2,1,4,6
2023-11-30,2023020349,20232024,referee,Morgan MacPhee,WPG,EDM,2,3,5,2,2,1,4,6
2023-11-30,2023020349,20232024,linesman,CJ Murray,WPG,EDM,2,3,5,2,2,1,4,6
2023-11-30,2023020349,20232024,linesman,Dan Kelly,WPG,EDM,2,3,5,2,2,1,4,6
2023-11-30,2023020350,20232024,referee,Jake Brenk,ARI,COL,3,2,5,2,2,1,6,4
2023-11-30,2023020350,20232024,referee,Brandon Schrader,ARI,COL,3,2,5,2,2,1,6,4
2023-11-30,2023020350,20232024,linesman,Mitch Hunt,ARI,COL,3,2,5,2,2,1,6,4
2023-11-30,2023020350,20232024,linesman,Kilian McNamara,ARI,COL,3,2,5,2,2,1,6,4
2023-11-30,2023020351,20232024,referee,Francois St-Laurent,CGY,DAL,0,2,2,0,1,1,0,4
2023-11-30,2023020351,20232024,referee,Peter MacDougall,CGY,DAL,0,2,2,0,1,1,0,4
2023-11-30,2023020351,20232024,linesman,Andrew Smith,CGY,DAL,0,2,2,0,1,1,0,4
2023-11-30,2023020351,20232024,linesman,Trent Knorr,CGY,DAL,0,2,2,0,1,1,0,4
2023-11-30,2023020352,20232024,referee,Brian Pochmara,ANA,WSH,8,7,15,4,5,6,16,14
2023-11-30,2023020352,20232024,referee,Tom Chmielewski,ANA,WSH,8,7,15,4,5,6,16,14
2023-11-30,2023020352,20232024,linesman,Tyson Baker,ANA,WSH,8,7,15,4,5,6,16,14
2023-11-30,2023020352,20232024,linesman,Joe Mahon,ANA,WSH,8,7,15,4,5,6,16,14
2023-11-30,2023020353,20232024,referee,Jean Hebert,VAN,VGK,3,3,6,4,1,1,6,6
2023-11-30,2023020353,20232024,referee,Michael Markovic,VAN,VGK,3,3,6,4,1,1,6,6
2023-11-30,2023020353,20232024,linesman,Bevan Mills,VAN,VGK,3,3,6,4,1,1,6,6
2023-11-30,2023020353,20232024,linesman,Ryan Jackson,VAN,VGK,3,3,6,4,1,1,6,6
2023-12-01,2023020354,20232024,referee,Furman South,CBJ,OTT,5,2,7,4,2,1,10,4
2023-12-01,2023020354,20232024,referee,Mitch Dunning,CBJ,OTT,5,2,7,4,2,1,10,4
2023-12-01,2023020354,20232024,linesman,Caleb Apperson,CBJ,OTT,5,2,7,4,2,1,10,4
2023-12-01,2023020354,20232024,linesman,David Brisebois,CBJ,OTT,5,2,7,4,2,1,10,4
2023-12-01,2023020355,20232024,referee,Jon McIsaac,NJD,SJS,0,2,2,1,0,1,0,4
2023-12-01,2023020355,20232024,referee,Justin Kea,NJD,SJS,0,2,2,1,0,1,0,4
2023-12-01,2023020355,20232024,linesman,Devin Berg,NJD,SJS,0,2,2,1,0,1,0,4
2023-12-01,2023020355,20232024,linesman,Mark Shewchyk,NJD,SJS,0,2,2,1,0,1,0,4
2023-12-02,2023020356,20232024,referee,Kelly Sutherland,DAL,TBL,6,2,8,3,3,2,12,4
2023-12-02,2023020356,20232024,referee,Beau Halkidis,DAL,TBL,6,2,8,3,3,2,12,4
2023-12-02,2023020356,20232024,linesman,Kiel Murchison,DAL,TBL,6,2,8,3,3,2,12,4
2023-12-02,2023020356,20232024,linesman,Ben O'Quinn,DAL,TBL,6,2,8,3,3,2,12,4
2023-12-02,2023020357,20232024,referee,Francois St-Laurent,WPG,CHI,2,4,6,2,3,1,4,8
2023-12-02,2023020357,20232024,referee,Michael Markovic,WPG,CHI,2,4,6,2,3,1,4,8
2023-12-02,2023020357,20232024,linesman,Andrew Smith,WPG,CHI,2,4,6,2,3,1,4,8
2023-12-02,2023020357,20232024,linesman,Bevan Mills,WPG,CHI,2,4,6,2,3,1,4,8
2023-12-02,2023020358,20232024,referee,Gord Dwyer,NSH,NYR,2,4,6,1,4,1,4,8
2023-12-02,2023020358,20232024,referee,Thomas John Luxmore,NSH,NYR,2,4,6,1,4,1,4,8
2023-12-02,2023020358,20232024,linesman,Julien Fournier,NSH,NYR,2,4,6,1,4,1,4,8
2023-12-02,2023020358,20232024,linesman,Derek Nansen,NSH,NYR,2,4,6,1,4,1,4,8
2023-12-02,2023020359,20232024,referee,Kendrick Nicholson,FLA,NYI,2,2,4,2,2,0,4,4
2023-12-02,2023020359,20232024,referee,Pierre Lambert,FLA,NYI,2,2,4,2,2,0,4,4
2023-12-02,2023020359,20232024,linesman,Shandor Alphonso,FLA,NYI,2,2,4,2,2,0,4,4
2023-12-02,2023020359,20232024,linesman,Jesse Marquis,FLA,NYI,2,2,4,2,2,0,4,4
2023-12-02,2023020360,20232024,referee,Chris Schlenker,CAR,BUF,7,4,11,3,7,1,14,8
2023-12-02,2023020360,20232024,referee,Ghislain Hebert,CAR,BUF,7,4,11,3,7,1,14,8
2023-12-02,2023020360,20232024,linesman,Brandon Grillo,CAR,BUF,7,4,11,3,7,1,14,8
2023-12-02,2023020360,20232024,linesman,Mark Shewchyk,CAR,BUF,7,4,11,3,7,1,14,8
2023-12-02,2023020361,20232024,referee,Frederick L'Ecuyer,MTL,DET,4,5,9,1,5,3,8,10
2023-12-02,2023020361,20232024,referee,Cody Beach,MTL,DET,4,5,9,1,5,3,8,10
2023-12-02,2023020361,20232024,linesman,Scott Cherrey,MTL,DET,4,5,9,1,5,3,8,10
2023-12-02,2023020361,20232024,linesman,Tommy Hughes,MTL,DET,4,5,9,1,5,3,8,10
2023-12-02,2023020362,20232024,referee,Kevin Pollock,OTT,SEA,3,3,6,2,2,2,6,6
2023-12-02,2023020362,20232024,referee,Brandon Blandina,OTT,SEA,3,3,6,2,2,2,6,6
2023-12-02,2023020362,20232024,linesman,Michel Cormier,OTT,SEA,3,3,6,2,2,2,6,6
2023-12-02,2023020362,20232024,linesman,Jonny Murray,OTT,SEA,3,3,6,2,2,2,6,6
2023-12-02,2023020363,20232024,referee,Garrett Rank,PIT,PHI,4,4,8,1,4,3,8,8
2023-12-02,2023020363,20232024,referee,Furman South,PIT,PHI,4,4,8,1,4,3,8,8
2023-12-02,2023020363,20232024,linesman,Jonathan Deschamps,PIT,PHI,4,4,8,1,4,3,8,8
2023-12-02,2023020363,20232024,linesman,Matt MacPherson,PIT,PHI,4,4,8,1,4,3,8,8
2023-12-02,2023020364,20232024,referee,Trevor Hanson,TOR,BOS,1,1,2,2,0,0,2,2
2023-12-02,2023020364,20232024,referee,Corey Syvret,TOR,BOS,1,1,2,2,0,0,2,2
2023-12-02,2023020364,20232024,linesman,Steve Barton,TOR,BOS,1,1,2,2,0,0,2,2
2023-12-02,2023020364,20232024,linesman,Dan Kelly,TOR,BOS,1,1,2,2,0,0,2,2
2023-12-02,2023020365,20232024,referee,Jean Hebert,ARI,STL,4,3,7,3,4,0,8,6
2023-12-02,2023020365,20232024,referee,Jake Brenk,ARI,STL,4,3,7,3,4,0,8,6
2023-12-02,2023020365,20232024,linesman,Tyson Baker,ARI,STL,4,3,7,3,4,0,8,6
2023-12-02,2023020365,20232024,linesman,Joe Mahon,ARI,STL,4,3,7,3,4,0,8,6
2023-12-02,2023020366,20232024,referee,Brian Pochmara,ANA,COL,3,3,6,3,2,1,6,6
2023-12-02,2023020366,20232024,referee,Chris Lee,ANA,COL,3,3,6,3,2,1,6,6
2023-12-02,2023020366,20232024,linesman,Mitch Hunt,ANA,COL,3,3,6,3,2,1,6,6
2023-12-02,2023020366,20232024,linesman,Kilian McNamara,ANA,COL,3,3,6,3,2,1,6,6
2023-12-02,2023020367,20232024,referee,Chris Rooney,CGY,VAN,4,5,9,3,4,2,8,10
2023-12-02,2023020367,20232024,referee,Peter MacDougall,CGY,VAN,4,5,9,3,4,2,8,10
2023-12-02,2023020367,20232024,linesman,CJ Murray,CGY,VAN,4,5,9,3,4,2,8,10
2023-12-02,2023020367,20232024,linesman,Trent Knorr,CGY,VAN,4,5,9,3,4,2,8,10
2023-12-02,2023020368,20232024,referee,Tom Chmielewski,VGK,WSH,2,5,7,1,3,3,4,10
2023-12-02,2023020368,20232024,referee,Carter Sandlak,VGK,WSH,2,5,7,1,3,3,4,10
2023-12-02,2023020368,20232024,linesman,Ryan Gibbons,VGK,WSH,2,5,7,1,3,3,4,10
2023-12-02,2023020368,20232024,linesman,Travis Toomey,VGK,WSH,2,5,7,1,3,3,4,10
2023-12-03,2023020369,20232024,referee,Wes McCauley,MIN,CHI,3,3,6,2,2,2,6,6
2023-12-03,2023020369,20232024,referee,Morgan MacPhee,MIN,CHI,3,3,6,2,2,2,6,6
2023-12-03,2023020369,20232024,linesman,Caleb Apperson,MIN,CHI,3,3,6,2,2,2,6,6
2023-12-03,2023020369,20232024,linesman,Ryan Galloway,MIN,CHI,3,3,6,2,2,2,6,6
2023-12-03,2023020370,20232024,referee,Chris Schlenker,NYR,SJS,2,3,5,3,2,0,4,6
2023-12-03,2023020370,20232024,referee,Francis Charron,NYR,SJS,2,3,5,3,2,0,4,6
2023-12-03,2023020370,20232024,linesman,James Tobias,NYR,SJS,2,3,5,3,2,0,4,6
2023-12-03,2023020370,20232024,linesman,Matt MacPherson,NYR,SJS,2,3,5,3,2,0,4,6
2023-12-03,2023020371,20232024,referee,Jon McIsaac,BOS,CBJ,4,6,10,2,3,5,8,12
2023-12-03,2023020371,20232024,referee,Brandon Schrader,BOS,CBJ,4,6,10,2,3,5,8,12
2023-12-03,2023020371,20232024,linesman,Scott Cherrey,BOS,CBJ,4,6,10,2,3,5,8,12
2023-12-03,2023020371,20232024,linesman,Brandon Gawryletz,BOS,CBJ,4,6,10,2,3,5,8,12
2023-12-03,2023020372,20232024,referee,Garrett Rank,BUF,NSH,2,1,3,1,2,0,4,2
2023-12-03,2023020372,20232024,referee,Corey Syvret,BUF,NSH,2,1,3,1,2,0,4,2
2023-12-03,2023020372,20232024,linesman,Steve Barton,BUF,NSH,2,1,3,1,2,0,4,2
2023-12-03,2023020372,20232024,linesman,Jonathan Deschamps,BUF,NSH,2,1,3,1,2,0,4,2
2023-12-03,2023020373,20232024,referee,Jean Hebert,LAK,COL,2,1,3,1,1,1,4,2
2023-12-03,2023020373,20232024,referee,Chris Lee,LAK,COL,2,1,3,1,1,1,4,2
2023-12-03,2023020373,20232024,linesman,Ryan Gibbons,LAK,COL,2,1,3,1,1,1,4,2
2023-12-03,2023020373,20232024,linesman,Tyson Baker,LAK,COL,2,1,3,1,1,1,4,2
2023-12-04,2023020374,20232024,referee,Francis Charron,PHI,PIT,3,1,4,1,1,2,6,2
2023-12-04,2023020374,20232024,referee,Brandon Blandina,PHI,PIT,3,1,4,1,1,2,6,2
2023-12-04,2023020374,20232024,linesman,Tommy Hughes,PHI,PIT,3,1,4,1,1,2,6,2
2023-12-04,2023020374,20232024,linesman,Derek Nansen,PHI,PIT,3,1,4,1,1,2,6,2
2023-12-04,2023020375,20232024,referee,Ghislain Hebert,TBL,DAL,2,2,4,0,2,2,4,4
2023-12-04,2023020375,20232024,referee,Pierre Lambert,TBL,DAL,2,2,4,0,2,2,4,4
2023-12-04,2023020375,20232024,linesman,Shandor Alphonso,TBL,DAL,2,2,4,0,2,2,4,4
2023-12-04,2023020375,20232024,linesman,Jesse Marquis,TBL,DAL,2,2,4,0,2,2,4,4
2023-12-04,2023020376,20232024,referee,Trevor Hanson,MTL,SEA,2,1,3,1,1,1,4,2
2023-12-04,2023020376,20232024,referee,Peter MacDougall,MTL,SEA,2,1,3,1,1,1,4,2
2023-12-04,2023020376,20232024,linesman,Ryan Daisy,MTL,SEA,2,1,3,1,1,1,4,2
2023-12-04,2023020376,20232024,linesman,Jonny Murray,MTL,SEA,2,1,3,1,1,1,4,2
2023-12-04,2023020377,20232024,referee,Graham Skilliter,WPG,CAR,3,1,4,2,1,1,6,2
2023-12-04,2023020377,20232024,referee,Michael Markovic,WPG,CAR,3,1,4,2,1,1,6,2
2023-12-04,2023020377,20232024,linesman,Andrew Smith,WPG,CAR,3,1,4,2,1,1,6,2
2023-12-04,2023020377,20232024,linesman,Bevan Mills,WPG,CAR,3,1,4,2,1,1,6,2
2023-12-04,2023020378,20232024,referee,Kyle Rehman,ARI,WSH,5,5,10,3,4,3,10,10
2023-12-04,2023020378,20232024,referee,Chris Lee,ARI,WSH,5,5,10,3,4,3,10,10
2023-12-04,2023020378,20232024,linesman,Kiel Murchison,ARI,WSH,5,5,10,3,4,3,10,10
2023-12-04,2023020378,20232024,linesman,Travis Toomey,ARI,WSH,5,5,10,3,4,3,10,10
2023-12-04,2023020379,20232024,referee,Brian Pochmara,VGK,STL,1,3,4,2,0,2,2,6
2023-12-04,2023020379,20232024,referee,Carter Sandlak,VGK,STL,1,3,4,2,0,2,2,6
2023-12-04,2023020379,20232024,linesman,Travis Gawryletz,VGK,STL,1,3,4,2,0,2,2,6
2023-12-04,2023020379,20232024,linesman,Kilian McNamara,VGK,STL,1,3,4,2,0,2,2,6
2023-12-05,2023020381,20232024,referee,Brandon Schrader,CBJ,LAK,2,1,3,2,1,0,4,2
2023-12-05,2023020381,20232024,referee,Brandon Blandina,CBJ,LAK,2,1,3,2,1,0,4,2
2023-12-05,2023020381,20232024,linesman,Justin Johnson,CBJ,LAK,2,1,3,2,1,0,4,2
2023-12-05,2023020381,20232024,linesman,Brad Kovachik,CBJ,LAK,2,1,3,2,1,0,4,2
2023-12-05,2023020382,20232024,referee,Chris Schlenker,OTT,NYR,4,3,7,3,1,3,8,6
2023-12-05,2023020382,20232024,referee,Trevor Hanson,OTT,NYR,4,3,7,3,1,3,8,6
2023-12-05,2023020382,20232024,linesman,Libor Suchanek,OTT,NYR,4,3,7,3,1,3,8,6
2023-12-05,2023020382,20232024,linesman,Jonathan Deschamps,OTT,NYR,4,3,7,3,1,3,8,6
2023-12-05,2023020380,20232024,referee,Kendrick Nicholson,BUF,DET,4,5,9,3,3,3,8,10
2023-12-05,2023020380,20232024,referee,Peter MacDougall,BUF,DET,4,5,9,3,3,3,8,10
2023-12-05,2023020380,20232024,linesman,Brandon Gawryletz,BUF,DET,4,5,9,3,3,3,8,10
2023-12-05,2023020380,20232024,linesman,Dan Kelly,BUF,DET,4,5,9,3,3,3,8,10
2023-12-05,2023020383,20232024,referee,Kelly Sutherland,NYI,SJS,2,3,5,1,1,3,4,6
2023-12-05,2023020383,20232024,referee,Jake Brenk,NYI,SJS,2,3,5,1,1,3,4,6
2023-12-05,2023020383,20232024,linesman,James Tobias,NYI,SJS,2,3,5,1,1,3,4,6
2023-12-05,2023020383,20232024,linesman,Derek Nansen,NYI,SJS,2,3,5,1,1,3,4,6
2023-12-05,2023020384,20232024,referee,Jon McIsaac,CHI,NSH,2,2,4,0,3,1,4,4
2023-12-05,2023020384,20232024,referee,Furman South,CHI,NSH,2,2,4,0,3,1,4,4
2023-12-05,2023020384,20232024,linesman,Scott Cherrey,CHI,NSH,2,2,4,0,3,1,4,4
2023-12-05,2023020384,20232024,linesman,Ben O'Quinn,CHI,NSH,2,2,4,0,3,1,4,4
2023-12-05,2023020385,20232024,referee,Mitch Dunning,CGY,MIN,4,4,8,2,3,3,8,8
2023-12-05,2023020385,20232024,referee,Graham Skilliter,CGY,MIN,4,4,8,2,3,3,8,8
2023-12-05,2023020385,20232024,linesman,Bevan Mills,CGY,MIN,4,4,8,2,3,3,8,8
2023-12-05,2023020385,20232024,linesman,Caleb Apperson,CGY,MIN,4,4,8,2,3,3,8,8
2023-12-05,2023020386,20232024,referee,Kyle Rehman,COL,ANA,3,3,6,1,1,4,6,6
2023-12-05,2023020386,20232024,referee,Corey Syvret,COL,ANA,3,3,6,1,1,4,6,6
2023-12-05,2023020386,20232024,linesman,Tyson Baker,COL,ANA,3,3,6,1,1,4,6,6
2023-12-05,2023020386,20232024,linesman,Travis Toomey,COL,ANA,3,3,6,1,1,4,6,6
2023-12-05,2023020387,20232024,referee,Wes McCauley,VAN,NJD,2,4,6,2,3,1,4,8
2023-12-05,2023020387,20232024,referee,Thomas John Luxmore,VAN,NJD,2,4,6,2,3,1,4,8
2023-12-05,2023020387,20232024,linesman,Kyle Flemington,VAN,NJD,2,4,6,2,3,1,4,8
2023-12-05,2023020387,20232024,linesman,Mitch Hunt,VAN,NJD,2,4,6,2,3,1,4,8
2023-12-06,2023020388,20232024,referee,Jean Hebert,FLA,DAL,5,2,7,2,2,3,10,4
2023-12-06,2023020388,20232024,referee,Pierre Lambert,FLA,DAL,5,2,7,2,2,3,10,4
2023-12-06,2023020388,20232024,linesman,Shandor Alphonso,FLA,DAL,5,2,7,2,2,3,10,4
2023-12-06,2023020388,20232024,linesman,Ryan Galloway,FLA,DAL,5,2,7,2,2,3,10,4
2023-12-06,2023020389,20232024,referee,Tom Chmielewski,TBL,PIT,4,4,8,2,3,3,8,8
2023-12-06,2023020389,20232024,referee,Gord Dwyer,TBL,PIT,4,4,8,2,3,3,8,8
2023-12-06,2023020389,20232024,linesman,Julien Fournier,TBL,PIT,4,4,8,2,3,3,8,8
2023-12-06,2023020389,20232024,linesman,Devin Berg,TBL,PIT,4,4,8,2,3,3,8,8
2023-12-06,2023020390,20232024,referee,Jon McIsaac,STL,VGK,8,3,11,3,4,4,16,6
2023-12-06,2023020390,20232024,referee,Chris Lee,STL,VGK,8,3,11,3,4,4,16,6
2023-12-06,2023020390,20232024,linesman,Scott Cherrey,STL,VGK,8,3,11,3,4,4,16,6
2023-12-06,2023020390,20232024,linesman,Jesse Marquis,STL,VGK,8,3,11,3,4,4,16,6
2023-12-06,2023020391,20232024,referee,Mitch Dunning,EDM,CAR,2,1,3,1,1,1,4,2
2023-12-06,2023020391,20232024,referee,Thomas John Luxmore,EDM,CAR,2,1,3,1,1,1,4,2
2023-12-06,2023020391,20232024,linesman,Caleb Apperson,EDM,CAR,2,1,3,1,1,1,4,2
2023-12-06,2023020391,20232024,linesman,David Brisebois,EDM,CAR,2,1,3,1,1,1,4,2
2023-12-07,2023020392,20232024,referee,Chris Rooney,BOS,BUF,3,1,4,1,2,1,6,2
2023-12-07,2023020392,20232024,referee,Jake Brenk,BOS,BUF,3,1,4,1,2,1,6,2
2023-12-07,2023020392,20232024,linesman,James Tobias,BOS,BUF,3,1,4,1,2,1,6,2
2023-12-07,2023020392,20232024,linesman,Ryan Daisy,BOS,BUF,3,1,4,1,2,1,6,2
2023-12-07,2023020393,20232024,referee,Brian Pochmara,DET,SJS,3,3,6,1,2,3,6,6
2023-12-07,2023020393,20232024,referee,Brandon Schrader,DET,SJS,3,3,6,1,2,3,6,6
2023-12-07,2023020393,20232024,linesman,Justin Johnson,DET,SJS,3,3,6,1,2,3,6,6
2023-12-07,2023020393,20232024,linesman,Brad Kovachik,DET,SJS,3,3,6,1,2,3,6,6
2023-12-07,2023020394,20232024,referee,Ghislain Hebert,MTL,LAK,2,4,6,2,4,0,4,8
2023-12-07,2023020394,20232024,referee,Morgan MacPhee,MTL,LAK,2,4,6,2,4,0,4,8
2023-12-07,2023020394,20232024,linesman,Libor Suchanek,MTL,LAK,2,4,6,2,4,0,4,8
2023-12-07,2023020394,20232024,linesman,Derek Nansen,MTL,LAK,2,4,6,2,4,0,4,8
2023-12-07,2023020395,20232024,referee,Chris Schlenker,OTT,TOR,1,2,3,1,1,1,2,4
2023-12-07,2023020395,20232024,referee,Trevor Hanson,OTT,TOR,1,2,3,1,1,1,2,4
2023-12-07,2023020395,20232024,linesman,Steve Barton,OTT,TOR,1,2,3,1,1,1,2,4
2023-12-07,2023020395,20232024,linesman,Brandon Grillo,OTT,TOR,1,2,3,1,1,1,2,4
2023-12-07,2023020397,20232024,referee,Furman South,NYI,CBJ,1,2,3,1,1,1,2,4
2023-12-07,2023020397,20232024,referee,Steve Kozari,NYI,CBJ,1,2,3,1,1,1,2,4
2023-12-07,2023020397,20232024,linesman,Tommy Hughes,NYI,CBJ,1,2,3,1,1,1,2,4
2023-12-07,2023020397,20232024,linesman,Dan Kelly,NYI,CBJ,1,2,3,1,1,1,2,4
2023-12-07,2023020396,20232024,referee,Garrett Rank,WSH,DAL,1,2,3,1,0,2,2,4
2023-12-07,2023020396,20232024,referee,Frederick L'Ecuyer,WSH,DAL,1,2,3,1,0,2,2,4
2023-12-07,2023020396,20232024,linesman,Ryan Gibbons,WSH,DAL,1,2,3,1,0,2,2,4
2023-12-07,2023020396,20232024,linesman,Brandon Gawryletz,WSH,DAL,1,2,3,1,0,2,2,4
2023-12-07,2023020398,20232024,referee,Francois St-Laurent,NSH,TBL,4,4,8,2,4,2,8,8
2023-12-07,2023020398,20232024,referee,Gord Dwyer,NSH,TBL,4,4,8,2,4,2,8,8
2023-12-07,2023020398,20232024,linesman,Ryan Jackson,NSH,TBL,4,4,8,2,4,2,8,8
2023-12-07,2023020398,20232024,linesman,Devin Berg,NSH,TBL,4,4,8,2,4,2,8,8
2023-12-07,2023020399,20232024,referee,Chris Lee,CHI,ANA,3,4,7,3,4,0,6,8
2023-12-07,2023020399,20232024,referee,Carter Sandlak,CHI,ANA,3,4,7,3,4,0,6,8
2023-12-07,2023020399,20232024,linesman,Joe Mahon,CHI,ANA,3,4,7,3,4,0,6,8
2023-12-07,2023020399,20232024,linesman,Kilian McNamara,CHI,ANA,3,4,7,3,4,0,6,8
2023-12-07,2023020400,20232024,referee,Kyle Rehman,ARI,PHI,0,3,3,1,2,0,0,6
2023-12-07,2023020400,20232024,referee,Cody Beach,ARI,PHI,0,3,3,1,2,0,0,6
2023-12-07,2023020400,20232024,linesman,Tyson Baker,ARI,PHI,0,3,3,1,2,0,0,6
2023-12-07,2023020400,20232024,linesman,Travis Toomey,ARI,PHI,0,3,3,1,2,0,0,6
2023-12-07,2023020401,20232024,referee,Corey Syvret,CGY,CAR,1,3,4,2,1,1,2,6
2023-12-07,2023020401,20232024,referee,Kevin Pollock,CGY,CAR,1,3,4,2,1,1,2,6
2023-12-07,2023020401,20232024,linesman,Mitch Hunt,CGY,CAR,1,3,4,2,1,1,2,6
2023-12-07,2023020401,20232024,linesman,Michel Cormier,CGY,CAR,1,3,4,2,1,1,2,6
2023-12-07,2023020402,20232024,referee,Francis Charron,COL,WPG,1,4,5,1,2,2,2,8
2023-12-07,2023020402,20232024,referee,Beau Halkidis,COL,WPG,1,4,5,1,2,2,2,8
2023-12-07,2023020402,20232024,linesman,Matt MacPherson,COL,WPG,1,4,5,1,2,2,2,8
2023-12-07,2023020402,20232024,linesman,Ben O'Quinn,COL,WPG,1,4,5,1,2,2,2,8
2023-12-07,2023020404,20232024,referee,Kendrick Nicholson,VAN,MIN,1,2,3,1,2,0,2,4
2023-12-07,2023020404,20232024,referee,Jordan Samuels-Thomas,VAN,MIN,1,2,3,1,2,0,2,4
2023-12-07,2023020404,20232024,linesman,Kyle Flemington,VAN,MIN,1,2,3,1,2,0,2,4
2023-12-07,2023020404,20232024,linesman,David Brisebois,VAN,MIN,1,2,3,1,2,0,2,4
2023-12-07,2023020403,20232024,referee,Wes McCauley,SEA,NJD,3,2,5,1,2,2,6,4
2023-12-07,2023020403,20232024,referee,Graham Skilliter,SEA,NJD,3,2,5,1,2,2,6,4
2023-12-07,2023020403,20232024,linesman,Bevan Mills,SEA,NJD,3,2,5,1,2,2,6,4
2023-12-07,2023020403,20232024,linesman,Travis Gawryletz,SEA,NJD,3,2,5,1,2,2,6,4
2023-12-08,2023020405,20232024,referee,Brian Pochmara,CBJ,STL,4,3,7,1,5,1,8,6
2023-12-08,2023020405,20232024,referee,Brandon Blandina,CBJ,STL,4,3,7,1,5,1,8,6
2023-12-08,2023020405,20232024,linesman,CJ Murray,CBJ,STL,4,3,7,1,5,1,8,6
2023-12-08,2023020405,20232024,linesman,Jesse Marquis,CBJ,STL,4,3,7,1,5,1,8,6
2023-12-08,2023020406,20232024,referee,Tom Chmielewski,FLA,PIT,3,2,5,1,3,1,6,4
2023-12-08,2023020406,20232024,referee,Justin Kea,FLA,PIT,3,2,5,1,3,1,6,4
2023-12-08,2023020406,20232024,linesman,Julien Fournier,FLA,PIT,3,2,5,1,3,1,6,4
2023-12-08,2023020406,20232024,linesman,Ryan Galloway,FLA,PIT,3,2,5,1,3,1,6,4
2023-12-08,2023020407,20232024,referee,Mitch Dunning,EDM,MIN,3,5,8,2,1,5,6,10
2023-12-08,2023020407,20232024,referee,Thomas John Luxmore,EDM,MIN,3,5,8,2,1,5,6,10
2023-12-08,2023020407,20232024,linesman,Kyle Flemington,EDM,MIN,3,5,8,2,1,5,6,10
2023-12-08,2023020407,20232024,linesman,Trent Knorr,EDM,MIN,3,5,8,2,1,5,6,10
2023-12-09,2023020408,20232024,referee,Furman South,BOS,ARI,5,3,8,5,1,2,10,6
2023-12-09,2023020408,20232024,referee,Ghislain Hebert,BOS,ARI,5,3,8,5,1,2,10,6
2023-12-09,2023020408,20232024,linesman,Steve Barton,BOS,ARI,5,3,8,5,1,2,10,6
2023-12-09,2023020408,20232024,linesman,Libor Suchanek,BOS,ARI,5,3,8,5,1,2,10,6
2023-12-09,2023020409,20232024,referee,Kevin Pollock,CGY,NJD,2,0,2,1,1,0,4,0
2023-12-09,2023020409,20232024,referee,Jordan Samuels-Thomas,CGY,NJD,2,0,2,1,1,0,4,0
2023-12-09,2023020409,20232024,linesman,Michel Cormier,CGY,NJD,2,0,2,1,1,0,4,0
2023-12-09,2023020409,20232024,linesman,Kiel Murchison,CGY,NJD,2,0,2,1,1,0,4,0
2023-12-09,2023020410,20232024,referee,Gord Dwyer,DAL,VGK,2,3,5,1,3,1,4,6
2023-12-09,2023020410,20232024,referee,Michael Markovic,DAL,VGK,2,3,5,1,3,1,4,6
2023-12-09,2023020410,20232024,linesman,Devin Berg,DAL,VGK,2,3,5,1,3,1,4,6
2023-12-09,2023020410,20232024,linesman,Kilian McNamara,DAL,VGK,2,3,5,1,3,1,4,6
2023-12-09,2023020411,20232024,referee,Trevor Hanson,BUF,MTL,2,6,8,3,3,2,4,12
2023-12-09,2023020411,20232024,referee,Brandon Schrader,BUF,MTL,2,6,8,3,3,2,4,12
2023-12-09,2023020411,20232024,linesman,Scott Cherrey,BUF,MTL,2,6,8,3,3,2,4,12
2023-12-09,2023020411,20232024,linesman,CJ Murray,BUF,MTL,2,6,8,3,3,2,4,12
2023-12-09,2023020412,20232024,referee,Francois St-Laurent,DET,OTT,4,6,10,6,3,1,8,12
2023-12-09,2023020412,20232024,referee,Brandon Blandina,DET,OTT,4,6,10,6,3,1,8,12
2023-12-09,2023020412,20232024,linesman,Brad Kovachik,DET,OTT,4,6,10,6,3,1,8,12
2023-12-09,2023020412,20232024,linesman,Jesse Marquis,DET,OTT,4,6,10,6,3,1,8,12
2023-12-09,2023020413,20232024,referee,Chris Schlenker,TOR,NSH,3,5,8,2,3,3,6,10
2023-12-09,2023020413,20232024,referee,Pierre Lambert,TOR,NSH,3,5,8,2,3,3,6,10
2023-12-09,2023020413,20232024,linesman,Shandor Alphonso,TOR,NSH,3,5,8,2,3,3,6,10
2023-12-09,2023020413,20232024,linesman,Caleb Apperson,TOR,NSH,3,5,8,2,3,3,6,10
2023-12-09,2023020414,20232024,referee,Chris Rooney,WSH,NYR,1,3,4,1,1,2,2,6
2023-12-09,2023020414,20232024,referee,Frederick L'Ecuyer,WSH,NYR,1,3,4,1,1,2,2,6
2023-12-09,2023020414,20232024,linesman,Ryan Gibbons,WSH,NYR,1,3,4,1,1,2,2,6
2023-12-09,2023020414,20232024,linesman,Brandon Gawryletz,WSH,NYR,1,3,4,1,1,2,2,6
2023-12-09,2023020415,20232024,referee,Jon McIsaac,NYI,LAK,5,4,9,4,4,1,10,8
2023-12-09,2023020415,20232024,referee,Garrett Rank,NYI,LAK,5,4,9,4,4,1,10,8
2023-12-09,2023020415,20232024,linesman,Andrew Smith,NYI,LAK,5,4,9,4,4,1,10,8
2023-12-09,2023020415,20232024,linesman,Ryan Daisy,NYI,LAK,5,4,9,4,4,1,10,8
2023-12-09,2023020416,20232024,referee,Peter MacDougall,CHI,STL,3,3,6,2,1,3,6,6
2023-12-09,2023020416,20232024,referee,Steve Kozari,CHI,STL,3,3,6,2,1,3,6,6
2023-12-09,2023020416,20232024,linesman,James Tobias,CHI,STL,3,3,6,2,1,3,6,6
2023-12-09,2023020416,20232024,linesman,Dan Kelly,CHI,STL,3,3,6,2,1,3,6,6
2023-12-09,2023020417,20232024,referee,Wes McCauley,COL,PHI,1,2,3,1,2,0,2,4
2023-12-09,2023020417,20232024,referee,Francis Charron,COL,PHI,1,2,3,1,2,0,2,4
2023-12-09,2023020417,20232024,linesman,Jonathan Deschamps,COL,PHI,1,2,3,1,2,0,2,4
2023-12-09,2023020417,20232024,linesman,Matt MacPherson,COL,PHI,1,2,3,1,2,0,2,4
2023-12-09,2023020418,20232024,referee,Kyle Rehman,SEA,TBL,3,6,9,2,5,2,6,12
2023-12-09,2023020418,20232024,referee,Kendrick Nicholson,SEA,TBL,3,6,9,2,5,2,6,12
2023-12-09,2023020418,20232024,linesman,Travis Toomey,SEA,TBL,3,6,9,2,5,2,6,12
2023-12-09,2023020418,20232024,linesman,Ben O'Quinn,SEA,TBL,3,6,9,2,5,2,6,12
2023-12-09,2023020419,20232024,referee,Thomas John Luxmore,VAN,CAR,5,3,8,4,4,0,10,6
2023-12-09,2023020419,20232024,referee,Corey Syvret,VAN,CAR,5,3,8,4,4,0,10,6
2023-12-09,2023020419,20232024,linesman,Travis Gawryletz,VAN,CAR,5,3,8,4,4,0,10,6
2023-12-09,2023020419,20232024,linesman,David Brisebois,VAN,CAR,5,3,8,4,4,0,10,6
2023-12-10,2023020420,20232024,referee,Tom Chmielewski,CBJ,FLA,2,3,5,0,0,5,4,6
2023-12-10,2023020420,20232024,referee,Carter Sandlak,CBJ,FLA,2,3,5,0,0,5,4,6
2023-12-10,2023020420,20232024,linesman,Derek Nansen,CBJ,FLA,2,3,5,0,0,5,4,6
2023-12-10,2023020420,20232024,linesman,Joe Mahon,CBJ,FLA,2,3,5,0,0,5,4,6
2023-12-10,2023020421,20232024,referee,Graham Skilliter,EDM,NJD,4,3,7,3,3,1,8,6
2023-12-10,2023020421,20232024,referee,Kevin Pollock,EDM,NJD,4,3,7,3,3,1,8,6
2023-12-10,2023020421,20232024,linesman,Trent Knorr,EDM,NJD,4,3,7,3,3,1,8,6
2023-12-10,2023020421,20232024,linesman,Kiel Murchison,EDM,NJD,4,3,7,3,3,1,8,6
2023-12-10,2023020422,20232024,referee,Peter MacDougall,CHI,WSH,3,6,9,3,2,4,6,12
2023-12-10,2023020422,20232024,referee,Steve Kozari,CHI,WSH,3,6,9,3,2,4,6,12
2023-12-10,2023020422,20232024,linesman,James Tobias,CHI,WSH,3,6,9,3,2,4,6,12
2023-12-10,2023020422,20232024,linesman,Dan Kelly,CHI,WSH,3,6,9,3,2,4,6,12
2023-12-10,2023020423,20232024,referee,Chris Schlenker,MTL,NSH,4,6,10,6,3,1,8,12
2023-12-10,2023020423,20232024,referee,Jake Brenk,MTL,NSH,4,6,10,6,3,1,8,12
2023-12-10,2023020423,20232024,linesman,Shandor Alphonso,MTL,NSH,4,6,10,6,3,1,8,12
2023-12-10,2023020423,20232024,linesman,Caleb Apperson,MTL,NSH,4,6,10,6,3,1,8,12
2023-12-10,2023020424,20232024,referee,Garrett Rank,NYR,LAK,6,8,14,2,3,9,12,16
2023-12-10,2023020424,20232024,referee,Ghislain Hebert,NYR,LAK,6,8,14,2,3,9,12,16
2023-12-10,2023020424,20232024,linesman,Andrew Smith,NYR,LAK,6,8,14,2,3,9,12,16
2023-12-10,2023020424,20232024,linesman,Steve Barton,NYR,LAK,6,8,14,2,3,9,12,16
2023-12-10,2023020425,20232024,referee,Kyle Rehman,ANA,WPG,4,2,6,2,3,1,8,4
2023-12-10,2023020425,20232024,referee,Cody Beach,ANA,WPG,4,2,6,2,3,1,8,4
2023-12-10,2023020425,20232024,linesman,Tommy Hughes,ANA,WPG,4,2,6,2,3,1,8,4
2023-12-10,2023020425,20232024,linesman,Jonny Murray,ANA,WPG,4,2,6,2,3,1,8,4
2023-12-10,2023020426,20232024,referee,Corey Syvret,SEA,MIN,2,3,5,2,1,2,4,6
2023-12-10,2023020426,20232024,referee,Kendrick Nicholson,SEA,MIN,2,3,5,2,1,2,4,6
2023-12-10,2023020426,20232024,linesman,Travis Gawryletz,SEA,MIN,2,3,5,2,1,2,4,6
2023-12-10,2023020426,20232024,linesman,Ben O'Quinn,SEA,MIN,2,3,5,2,1,2,4,6
2023-12-10,2023020427,20232024,referee,Wes McCauley,VGK,SJS,3,4,7,1,3,3,6,8
2023-12-10,2023020427,20232024,referee,Francis Charron,VGK,SJS,3,4,7,1,3,3,6,8
2023-12-10,2023020427,20232024,linesman,Kyle Flemington,VGK,SJS,3,4,7,1,3,3,6,8
2023-12-10,2023020427,20232024,linesman,Matt MacPherson,VGK,SJS,3,4,7,1,3,3,6,8
2023-12-11,2023020428,20232024,referee,Jon McIsaac,BUF,ARI,3,2,5,2,0,3,6,4
2023-12-11,2023020428,20232024,referee,Francois St-Laurent,BUF,ARI,3,2,5,2,0,3,6,4
2023-12-11,2023020428,20232024,linesman,CJ Murray,BUF,ARI,3,2,5,2,0,3,6,4
2023-12-11,2023020428,20232024,linesman,Derek Nansen,BUF,ARI,3,2,5,2,0,3,6,4
2023-12-11,2023020429,20232024,referee,Ghislain Hebert,NYI,TOR,1,1,2,2,0,0,2,2
2023-12-11,2023020429,20232024,referee,Chris Lee,NYI,TOR,1,1,2,2,0,0,2,2
2023-12-11,2023020429,20232024,linesman,Andrew Smith,NYI,TOR,1,1,2,2,0,0,2,2
2023-12-11,2023020429,20232024,linesman,Ryan Jackson,NYI,TOR,1,1,2,2,0,0,2,2
2023-12-11,2023020430,20232024,referee,Chris Rooney,DAL,DET,4,5,9,1,3,5,8,10
2023-12-11,2023020430,20232024,referee,Michael Markovic,DAL,DET,4,5,9,1,3,5,8,10
2023-12-11,2023020430,20232024,linesman,Devin Berg,DAL,DET,4,5,9,1,3,5,8,10
2023-12-11,2023020430,20232024,linesman,Kilian McNamara,DAL,DET,4,5,9,1,3,5,8,10
2023-12-11,2023020431,20232024,referee,Thomas John Luxmore,COL,CGY,3,5,8,2,5,1,6,10
2023-12-11,2023020431,20232024,referee,Brandon Schrader,COL,CGY,3,5,8,2,5,1,6,10
2023-12-11,2023020431,20232024,linesman,Kyle Flemington,COL,CGY,3,5,8,2,5,1,6,10
2023-12-11,2023020431,20232024,linesman,Jonathan Deschamps,COL,CGY,3,5,8,2,5,1,6,10
2023-12-12,2023020432,20232024,referee,Jean Hebert,NYR,TOR,5,4,9,2,3,4,10,8
2023-12-12,2023020432,20232024,referee,Justin Kea,NYR,TOR,5,4,9,2,3,4,10,8
2023-12-12,2023020432,20232024,linesman,Ryan Gibbons,NYR,TOR,5,4,9,2,3,4,10,8
2023-12-12,2023020432,20232024,linesman,Dan Kelly,NYR,TOR,5,4,9,2,3,4,10,8
2023-12-12,2023020433,20232024,referee,Garrett Rank,OTT,CAR,5,6,11,2,5,4,10,12
2023-12-12,2023020433,20232024,referee,Jake Brenk,OTT,CAR,5,6,11,2,5,4,10,12
2023-12-12,2023020433,20232024,linesman,Caleb Apperson,OTT,CAR,5,6,11,2,5,4,10,12
2023-12-12,2023020433,20232024,linesman,Tyson Baker,OTT,CAR,5,6,11,2,5,4,10,12
2023-12-12,2023020434,20232024,referee,Jon McIsaac,PIT,ARI,6,5,11,7,1,3,12,10
2023-12-12,2023020434,20232024,referee,Francois St-Laurent,PIT,ARI,6,5,11,7,1,3,12,10
2023-12-12,2023020434,20232024,linesman,Steve Barton,PIT,ARI,6,5,11,7,1,3,12,10
2023-12-12,2023020434,20232024,linesman,Brandon Grillo,PIT,ARI,6,5,11,7,1,3,12,10
2023-12-12,2023020436,20232024,referee,Gord Dwyer,STL,DET,5,3,8,3,2,3,10,6
2023-12-12,2023020436,20232024,referee,Peter MacDougall,STL,DET,5,3,8,3,2,3,10,6
2023-12-12,2023020436,20232024,linesman,Jonathan Deschamps,STL,DET,5,3,8,3,2,3,10,6
2023-12-12,2023020436,20232024,linesman,Kilian McNamara,STL,DET,5,3,8,3,2,3,10,6
2023-12-12,2023020435,20232024,referee,Chris Rooney,NSH,PHI,4,3,7,4,2,1,8,6
2023-12-12,2023020435,20232024,referee,Michael Markovic,NSH,PHI,4,3,7,4,2,1,8,6
2023-12-12,2023020435,20232024,linesman,Julien Fournier,NSH,PHI,4,3,7,4,2,1,8,6
2023-12-12,2023020435,20232024,linesman,Joe Mahon,NSH,PHI,4,3,7,4,2,1,8,6
2023-12-12,2023020437,20232024,referee,Kendrick Nicholson,EDM,CHI,3,2,5,0,3,2,6,4
2023-12-12,2023020437,20232024,referee,Kevin Pollock,EDM,CHI,3,2,5,0,3,2,6,4
2023-12-12,2023020437,20232024,linesman,Bevan Mills,EDM,CHI,3,2,5,0,3,2,6,4
2023-12-12,2023020437,20232024,linesman,Travis Toomey,EDM,CHI,3,2,5,0,3,2,6,4
2023-12-12,2023020438,20232024,referee,Francis Charron,SEA,FLA,3,1,4,1,3,0,6,2
2023-12-12,2023020438,20232024,referee,Jordan Samuels-Thomas,SEA,FLA,3,1,4,1,3,0,6,2
2023-12-12,2023020438,20232024,linesman,Trent Knorr,SEA,FLA,3,1,4,1,3,0,6,2
2023-12-12,2023020438,20232024,linesman,Matt MacPherson,SEA,FLA,3,1,4,1,3,0,6,2
2023-12-12,2023020439,20232024,referee,Brian Pochmara,VAN,TBL,3,2,5,3,1,1,6,4
2023-12-12,2023020439,20232024,referee,Brandon Blandina,VAN,TBL,3,2,5,3,1,1,6,4
2023-12-12,2023020439,20232024,linesman,Justin Johnson,VAN,TBL,3,2,5,3,1,1,6,4
2023-12-12,2023020439,20232024,linesman,Kiel Murchison,VAN,TBL,3,2,5,3,1,1,6,4
2023-12-12,2023020440,20232024,referee,Steve Kozari,VGK,CGY,2,4,6,3,1,2,4,8
2023-12-12,2023020440,20232024,referee,Cody Beach,VGK,CGY,2,4,6,3,1,2,4,8
2023-12-12,2023020440,20232024,linesman,Tommy Hughes,VGK,CGY,2,4,6,3,1,2,4,8
2023-12-12,2023020440,20232024,linesman,Jonny Murray,VGK,CGY,2,4,6,3,1,2,4,8
2023-12-12,2023020441,20232024,referee,Furman South,SJS,WPG,5,3,8,3,2,3,10,6
2023-12-12,2023020441,20232024,referee,Corey Syvret,SJS,WPG,5,3,8,3,2,3,10,6
2023-12-12,2023020441,20232024,linesman,Travis Gawryletz,SJS,WPG,5,3,8,3,2,3,10,6
2023-12-12,2023020441,20232024,linesman,Ben O'Quinn,SJS,WPG,5,3,8,3,2,3,10,6
2023-12-13,2023020442,20232024,referee,Ghislain Hebert,MTL,PIT,3,3,6,1,3,2,6,6
2023-12-13,2023020442,20232024,referee,Jake Brenk,MTL,PIT,3,3,6,1,3,2,6,6
2023-12-13,2023020442,20232024,linesman,Michel Cormier,MTL,PIT,3,3,6,1,3,2,6,6
2023-12-13,2023020442,20232024,linesman,Tyson Baker,MTL,PIT,3,3,6,1,3,2,6,6
2023-12-13,2023020443,20232024,referee,Jean Hebert,NJD,BOS,1,2,3,1,2,0,2,4
2023-12-13,2023020443,20232024,referee,Chris Lee,NJD,BOS,1,2,3,1,2,0,2,4
2023-12-13,2023020443,20232024,linesman,Andrew Smith,NJD,BOS,1,2,3,1,2,0,2,4
2023-12-13,2023020443,20232024,linesman,Devin Berg,NJD,BOS,1,2,3,1,2,0,2,4
2023-12-13,2023020444,20232024,referee,Mitch Dunning,NYI,ANA,2,4,6,1,2,3,4,8
2023-12-13,2023020444,20232024,referee,Pierre Lambert,NYI,ANA,2,4,6,1,2,3,4,8
2023-12-13,2023020444,20232024,linesman,Scott Cherrey,NYI,ANA,2,4,6,1,2,3,4,8
2023-12-13,2023020444,20232024,linesman,Derek Nansen,NYI,ANA,2,4,6,1,2,3,4,8
2023-12-13,2023020445,20232024,referee,Gord Dwyer,COL,BUF,2,2,4,2,1,1,4,4
2023-12-13,2023020445,20232024,referee,Peter MacDougall,COL,BUF,2,2,4,2,1,1,4,4
2023-12-13,2023020445,20232024,linesman,Libor Suchanek,COL,BUF,2,2,4,2,1,1,4,4
2023-12-13,2023020445,20232024,linesman,Ryan Galloway,COL,BUF,2,2,4,2,1,1,4,4
2023-12-13,2023020446,20232024,referee,Kelly Sutherland,LAK,WPG,2,4,6,2,3,1,4,8
2023-12-13,2023020446,20232024,referee,Furman South,LAK,WPG,2,4,6,2,3,1,4,8
2023-12-13,2023020446,20232024,linesman,Travis Gawryletz,LAK,WPG,2,4,6,2,3,1,4,8
2023-12-13,2023020446,20232024,linesman,Jonny Murray,LAK,WPG,2,4,6,2,3,1,4,8
2023-12-14,2023020448,20232024,referee,Chris Lee,PHI,WSH,3,5,8,3,5,0,6,10
2023-12-14,2023020448,20232024,referee,Beau Halkidis,PHI,WSH,3,5,8,3,5,0,6,10
2023-12-14,2023020448,20232024,linesman,Brad Kovachik,PHI,WSH,3,5,8,3,5,0,6,10
2023-12-14,2023020448,20232024,linesman,Devin Berg,PHI,WSH,3,5,8,3,5,0,6,10
2023-12-14,2023020449,20232024,referee,Garrett Rank,TOR,CBJ,3,3,6,0,4,2,6,6
2023-12-14,2023020449,20232024,referee,Jake Brenk,TOR,CBJ,3,3,6,0,4,2,6,6
2023-12-14,2023020449,20232024,linesman,Michel Cormier,TOR,CBJ,3,3,6,0,4,2,6,6
2023-12-14,2023020449,20232024,linesman,Caleb Apperson,TOR,CBJ,3,3,6,0,4,2,6,6
2023-12-14,2023020447,20232024,referee,Frederick L'Ecuyer,DET,CAR,4,3,7,2,2,3,8,6
2023-12-14,2023020447,20232024,referee,Morgan MacPhee,DET,CAR,4,3,7,2,2,3,8,6
2023-12-14,2023020447,20232024,linesman,Scott Cherrey,DET,CAR,4,3,7,2,2,3,8,6
2023-12-14,2023020447,20232024,linesman,Steve Barton,DET,CAR,4,3,7,2,2,3,8,6
2023-12-14,2023020450,20232024,referee,Francis Charron,MIN,CGY,4,4,8,0,6,2,8,8
2023-12-14,2023020450,20232024,referee,Carter Sandlak,MIN,CGY,4,4,8,0,6,2,8,8
2023-12-14,2023020450,20232024,linesman,Shandor Alphonso,MIN,CGY,4,4,8,0,6,2,8,8
2023-12-14,2023020450,20232024,linesman,Jonathan Deschamps,MIN,CGY,4,4,8,0,6,2,8,8
2023-12-14,2023020451,20232024,referee,Wes McCauley,STL,OTT,2,3,5,2,3,0,4,6
2023-12-14,2023020451,20232024,referee,Michael Markovic,STL,OTT,2,3,5,2,3,0,4,6
2023-12-14,2023020451,20232024,linesman,Julien Fournier,STL,OTT,2,3,5,2,3,0,4,6
2023-12-14,2023020451,20232024,linesman,Tommy Hughes,STL,OTT,2,3,5,2,3,0,4,6
2023-12-14,2023020452,20232024,referee,Kyle Rehman,EDM,TBL,2,4,6,2,3,1,4,8
2023-12-14,2023020452,20232024,referee,Graham Skilliter,EDM,TBL,2,4,6,2,3,1,4,8
2023-12-14,2023020452,20232024,linesman,Bevan Mills,EDM,TBL,2,4,6,2,3,1,4,8
2023-12-14,2023020452,20232024,linesman,Ryan Daisy,EDM,TBL,2,4,6,2,3,1,4,8
2023-12-14,2023020453,20232024,referee,Brian Pochmara,SEA,CHI,1,2,3,0,0,3,2,4
2023-12-14,2023020453,20232024,referee,Tom Chmielewski,SEA,CHI,1,2,3,0,0,3,2,4
2023-12-14,2023020453,20232024,linesman,Justin Johnson,SEA,CHI,1,2,3,0,0,3,2,4
2023-12-14,2023020453,20232024,linesman,Matt MacPherson,SEA,CHI,1,2,3,0,0,3,2,4
2023-12-14,2023020454,20232024,referee,Chris Schlenker,VAN,FLA,3,3,6,0,4,2,6,6
2023-12-14,2023020454,20232024,referee,Brandon Blandina,VAN,FLA,3,3,6,0,4,2,6,6
2023-12-14,2023020454,20232024,linesman,Mitch Hunt,VAN,FLA,3,3,6,0,4,2,6,6
2023-12-14,2023020454,20232024,linesman,Travis Toomey,VAN,FLA,3,3,6,0,4,2,6,6
2023-12-15,2023020456,20232024,referee,Mitch Dunning,NYR,ANA,3,6,9,2,5,2,6,12
2023-12-15,2023020456,20232024,referee,Pierre Lambert,NYR,ANA,3,6,9,2,5,2,6,12
2023-12-15,2023020456,20232024,linesman,Brad Kovachik,NYR,ANA,3,6,9,2,5,2,6,12
2023-12-15,2023020456,20232024,linesman,Ryan Jackson,NYR,ANA,3,6,9,2,5,2,6,12
2023-12-15,2023020455,20232024,referee,Francois St-Laurent,CAR,NSH,3,3,6,3,3,0,6,6
2023-12-15,2023020455,20232024,referee,Steve Kozari,CAR,NSH,3,3,6,3,3,0,6,6
2023-12-15,2023020455,20232024,linesman,James Tobias,CAR,NSH,3,3,6,3,3,0,6,6
2023-12-15,2023020455,20232024,linesman,Dan Kelly,CAR,NSH,3,3,6,3,3,0,6,6
2023-12-15,2023020457,20232024,referee,Jean Hebert,NYI,BOS,3,4,7,1,2,4,6,8
2023-12-15,2023020457,20232024,referee,Beau Halkidis,NYI,BOS,3,4,7,1,2,4,6,8
2023-12-15,2023020457,20232024,linesman,Andrew Smith,NYI,BOS,3,4,7,1,2,4,6,8
2023-12-15,2023020457,20232024,linesman,Tyson Baker,NYI,BOS,3,4,7,1,2,4,6,8
2023-12-15,2023020458,20232024,referee,Wes McCauley,DAL,OTT,3,3,6,5,1,0,6,6
2023-12-15,2023020458,20232024,referee,Brandon Schrader,DAL,OTT,3,3,6,5,1,0,6,6
2023-12-15,2023020458,20232024,linesman,Tommy Hughes,DAL,OTT,3,3,6,5,1,0,6,6
2023-12-15,2023020458,20232024,linesman,Jonny Murray,DAL,OTT,3,3,6,5,1,0,6,6
2023-12-15,2023020459,20232024,referee,Trevor Hanson,ARI,SJS,0,4,4,0,2,2,0,8
2023-12-15,2023020459,20232024,referee,Jordan Samuels-Thomas,ARI,SJS,0,4,4,0,2,2,0,8
2023-12-15,2023020459,20232024,linesman,Ryan Galloway,ARI,SJS,0,4,4,0,2,2,0,8
2023-12-15,2023020459,20232024,linesman,Jesse Marquis,ARI,SJS,0,4,4,0,2,2,0,8
2023-12-15,2023020460,20232024,referee,Kelly Sutherland,VGK,BUF,1,4,5,1,4,0,2,8
2023-12-15,2023020460,20232024,referee,Furman South,VGK,BUF,1,4,5,1,4,0,2,8
2023-12-15,2023020460,20232024,linesman,Libor Suchanek,VGK,BUF,1,4,5,1,4,0,2,8
2023-12-15,2023020460,20232024,linesman,Brandon Gawryletz,VGK,BUF,1,4,5,1,4,0,2,8
2023-12-16,2023020461,20232024,referee,Frederick L'Ecuyer,MIN,VAN,5,2,7,2,4,1,10,4
2023-12-16,2023020461,20232024,referee,Carter Sandlak,MIN,VAN,5,2,7,2,4,1,10,4
2023-12-16,2023020461,20232024,linesman,Scott Cherrey,MIN,VAN,5,2,7,2,4,1,10,4
2023-12-16,2023020461,20232024,linesman,Kilian McNamara,MIN,VAN,5,2,7,2,4,1,10,4
2023-12-16,2023020462,20232024,referee,Pierre Lambert,BOS,NYR,5,5,10,2,5,3,10,10
2023-12-16,2023020462,20232024,referee,Peter MacDougall,BOS,NYR,5,5,10,2,5,3,10,10
2023-12-16,2023020462,20232024,linesman,Tyson Baker,BOS,NYR,5,5,10,2,5,3,10,10
2023-12-16,2023020462,20232024,linesman,Ben O'Quinn,BOS,NYR,5,5,10,2,5,3,10,10
2023-12-16,2023020463,20232024,referee,Chris Rooney,CBJ,NJD,3,5,8,2,4,2,6,10
2023-12-16,2023020463,20232024,referee,Morgan MacPhee,CBJ,NJD,3,5,8,2,4,2,6,10
2023-12-16,2023020463,20232024,linesman,Shandor Alphonso,CBJ,NJD,3,5,8,2,4,2,6,10
2023-12-16,2023020463,20232024,linesman,Julien Fournier,CBJ,NJD,3,5,8,2,4,2,6,10
2023-12-16,2023020464,20232024,referee,Mitch Dunning,MTL,NYI,1,2,3,0,2,1,2,4
2023-12-16,2023020464,20232024,referee,Kevin Pollock,MTL,NYI,1,2,3,0,2,1,2,4
2023-12-16,2023020464,20232024,linesman,Steve Barton,MTL,NYI,1,2,3,0,2,1,2,4
2023-12-16,2023020464,20232024,linesman,Jonathan Deschamps,MTL,NYI,1,2,3,0,2,1,2,4
2023-12-16,2023020465,20232024,referee,Jean Hebert,PHI,DET,3,3,6,1,3,2,6,6
2023-12-16,2023020465,20232024,referee,Chris Lee,PHI,DET,3,3,6,1,3,2,6,6
2023-12-16,2023020465,20232024,linesman,Andrew Smith,PHI,DET,3,3,6,1,3,2,6,6
2023-12-16,2023020465,20232024,linesman,James Tobias,PHI,DET,3,3,6,1,3,2,6,6
2023-12-16,2023020466,20232024,referee,Jake Brenk,TOR,PIT,5,9,14,5,6,3,10,18
2023-12-16,2023020466,20232024,referee,Kendrick Nicholson,TOR,PIT,5,9,14,5,6,3,10,18
2023-12-16,2023020466,20232024,linesman,Kyle Flemington,TOR,PIT,5,9,14,5,6,3,10,18
2023-12-16,2023020466,20232024,linesman,Devin Berg,TOR,PIT,5,9,14,5,6,3,10,18
2023-12-16,2023020467,20232024,referee,Ghislain Hebert,WPG,COL,4,2,6,2,1,3,8,4
2023-12-16,2023020467,20232024,referee,Brandon Blandina,WPG,COL,4,2,6,2,1,3,8,4
2023-12-16,2023020467,20232024,linesman,Michel Cormier,WPG,COL,4,2,6,2,1,3,8,4
2023-12-16,2023020467,20232024,linesman,Caleb Apperson,WPG,COL,4,2,6,2,1,3,8,4
2023-12-16,2023020468,20232024,referee,Wes McCauley,NSH,WSH,4,3,7,1,2,4,8,6
2023-12-16,2023020468,20232024,referee,Justin Kea,NSH,WSH,4,3,7,1,2,4,8,6
2023-12-16,2023020468,20232024,linesman,Tommy Hughes,NSH,WSH,4,3,7,1,2,4,8,6
2023-12-16,2023020468,20232024,linesman,Dan Kelly,NSH,WSH,4,3,7,1,2,4,8,6
2023-12-16,2023020469,20232024,referee,Thomas John Luxmore,STL,DAL,3,1,4,2,2,0,6,2
2023-12-16,2023020469,20232024,referee,Brandon Schrader,STL,DAL,3,1,4,2,2,0,6,2
2023-12-16,2023020469,20232024,linesman,Jonny Murray,STL,DAL,3,1,4,2,2,0,6,2
2023-12-16,2023020469,20232024,linesman,David Brisebois,STL,DAL,3,1,4,2,2,0,6,2
2023-12-16,2023020470,20232024,referee,Trevor Hanson,ARI,BUF,2,3,5,1,2,2,4,6
2023-12-16,2023020470,20232024,referee,Tom Chmielewski,ARI,BUF,2,3,5,1,2,2,4,6
2023-12-16,2023020470,20232024,linesman,Brandon Grillo,ARI,BUF,2,3,5,1,2,2,4,6
2023-12-16,2023020470,20232024,linesman,Ryan Galloway,ARI,BUF,2,3,5,1,2,2,4,6
2023-12-16,2023020471,20232024,referee,Chris Schlenker,CGY,TBL,2,2,4,1,0,3,4,4
2023-12-16,2023020471,20232024,referee,Graham Skilliter,CGY,TBL,2,2,4,1,0,3,4,4
2023-12-16,2023020471,20232024,linesman,Bevan Mills,CGY,TBL,2,2,4,1,0,3,4,4
2023-12-16,2023020471,20232024,linesman,Travis Toomey,CGY,TBL,2,2,4,1,0,3,4,4
2023-12-16,2023020472,20232024,referee,Garrett Rank,EDM,FLA,4,3,7,2,3,2,8,6
2023-12-16,2023020472,20232024,referee,Kyle Rehman,EDM,FLA,4,3,7,2,3,2,8,6
2023-12-16,2023020472,20232024,linesman,Mitch Hunt,EDM,FLA,4,3,7,2,3,2,8,6
2023-12-16,2023020472,20232024,linesman,Ryan Daisy,EDM,FLA,4,3,7,2,3,2,8,6
2023-12-16,2023020473,20232024,referee,Furman South,SEA,LAK,3,2,5,1,3,1,6,4
2023-12-16,2023020473,20232024,referee,Brian Pochmara,SEA,LAK,3,2,5,1,3,1,6,4
2023-12-16,2023020473,20232024,linesman,Kiel Murchison,SEA,LAK,3,2,5,1,3,1,6,4
2023-12-16,2023020473,20232024,linesman,Joe Mahon,SEA,LAK,3,2,5,1,3,1,6,4
2023-12-17,2023020474,20232024,referee,Kelly Sutherland,CHI,VAN,4,4,8,5,1,2,8,8
2023-12-17,2023020474,20232024,referee,Beau Halkidis,CHI,VAN,4,4,8,5,1,2,8,8
2023-12-17,2023020474,20232024,linesman,Scott Cherrey,CHI,VAN,4,4,8,5,1,2,8,8
2023-12-17,2023020474,20232024,linesman,Kilian McNamara,CHI,VAN,4,4,8,5,1,2,8,8
2023-12-17,2023020475,20232024,referee,Francis Charron,CAR,WSH,2,5,7,4,2,1,4,10
2023-12-17,2023020475,20232024,referee,Steve Kozari,CAR,WSH,2,5,7,4,2,1,4,10
2023-12-17,2023020475,20232024,linesman,CJ Murray,CAR,WSH,2,5,7,4,2,1,4,10
2023-12-17,2023020475,20232024,linesman,Ryan Jackson,CAR,WSH,2,5,7,4,2,1,4,10
2023-12-17,2023020476,20232024,referee,Jean Hebert,NJD,ANA,7,7,14,4,5,5,14,14
2023-12-17,2023020476,20232024,referee,Michael Markovic,NJD,ANA,7,7,14,4,5,5,14,14
2023-12-17,2023020476,20232024,linesman,James Tobias,NJD,ANA,7,7,14,4,5,5,14,14
2023-12-17,2023020476,20232024,linesman,Brad Kovachik,NJD,ANA,7,7,14,4,5,5,14,14
2023-12-17,2023020477,20232024,referee,Frederick L'Ecuyer,COL,SJS,5,3,8,5,2,1,10,6
2023-12-17,2023020477,20232024,referee,Tom Chmielewski,COL,SJS,5,3,8,5,2,1,10,6
2023-12-17,2023020477,20232024,linesman,Brandon Gawryletz,COL,SJS,5,3,8,5,2,1,10,6
2023-12-17,2023020477,20232024,linesman,Trent Knorr,COL,SJS,5,3,8,5,2,1,10,6
2023-12-17,2023020478,20232024,referee,Trevor Hanson,VGK,OTT,5,5,10,3,5,2,10,10
2023-12-17,2023020478,20232024,referee,Corey Syvret,VGK,OTT,5,5,10,3,5,2,10,10
2023-12-17,2023020478,20232024,linesman,Libor Suchanek,VGK,OTT,5,5,10,3,5,2,10,10
2023-12-17,2023020478,20232024,linesman,Jesse Marquis,VGK,OTT,5,5,10,3,5,2,10,10
2023-12-18,2023020479,20232024,referee,Francois St-Laurent,DET,ANA,5,9,14,3,3,8,10,18
2023-12-18,2023020479,20232024,referee,Kevin Pollock,DET,ANA,5,9,14,3,3,8,10,18
2023-12-18,2023020479,20232024,linesman,Shandor Alphonso,DET,ANA,5,9,14,3,3,8,10,18
2023-12-18,2023020479,20232024,linesman,Julien Fournier,DET,ANA,5,9,14,3,3,8,10,18
2023-12-18,2023020480,20232024,referee,Chris Rooney,PIT,MIN,5,7,12,1,6,5,10,14
2023-12-18,2023020480,20232024,referee,Kendrick Nicholson,PIT,MIN,5,7,12,1,6,5,10,14
2023-12-18,2023020480,20232024,linesman,Ben O'Quinn,PIT,MIN,5,7,12,1,6,5,10,14
2023-12-18,2023020480,20232024,linesman,David Brisebois,PIT,MIN,5,7,12,1,6,5,10,14
2023-12-18,2023020481,20232024,referee,Garrett Rank,WPG,MTL,3,2,5,0,3,2,6,4
2023-12-18,2023020481,20232024,referee,Brandon Blandina,WPG,MTL,3,2,5,0,3,2,6,4
2023-12-18,2023020481,20232024,linesman,Michel Cormier,WPG,MTL,3,2,5,0,3,2,6,4
2023-12-18,2023020481,20232024,linesman,Ryan Daisy,WPG,MTL,3,2,5,0,3,2,6,4
2023-12-18,2023020482,20232024,referee,Thomas John Luxmore,DAL,SEA,4,4,8,1,2,5,8,8
2023-12-18,2023020482,20232024,referee,Carter Sandlak,DAL,SEA,4,4,8,1,2,5,8,8
2023-12-18,2023020482,20232024,linesman,Brandon Grillo,DAL,SEA,4,4,8,1,2,5,8,8
2023-12-18,2023020482,20232024,linesman,Ryan Galloway,DAL,SEA,4,4,8,1,2,5,8,8
2023-12-18,2023020483,20232024,referee,Kyle Rehman,CGY,FLA,5,5,10,4,1,5,10,10
2023-12-18,2023020483,20232024,referee,Ghislain Hebert,CGY,FLA,5,5,10,4,1,5,10,10
2023-12-18,2023020483,20232024,linesman,Derek Nansen,CGY,FLA,5,5,10,4,1,5,10,10
2023-12-18,2023020483,20232024,linesman,Kiel Murchison,CGY,FLA,5,5,10,4,1,5,10,10
2023-12-19,2023020484,20232024,referee,Steve Kozari,BOS,MIN,2,4,6,3,1,2,4,8
2023-12-19,2023020484,20232024,referee,Justin Kea,BOS,MIN,2,4,6,3,1,2,4,8
2023-12-19,2023020484,20232024,linesman,Shandor Alphonso,BOS,MIN,2,4,6,3,1,2,4,8
2023-12-19,2023020484,20232024,linesman,Dan Kelly,BOS,MIN,2,4,6,3,1,2,4,8
2023-12-19,2023020485,20232024,referee,Chris Rooney,BUF,CBJ,2,3,5,1,2,2,4,6
2023-12-19,2023020485,20232024,referee,Beau Halkidis,BUF,CBJ,2,3,5,1,2,2,4,6
2023-12-19,2023020485,20232024,linesman,Tyson Baker,BUF,CBJ,2,3,5,1,2,2,4,6
2023-12-19,2023020485,20232024,linesman,Ben O'Quinn,BUF,CBJ,2,3,5,1,2,2,4,6
2023-12-19,2023020486,20232024,referee,Kelly Sutherland,CAR,VGK,4,3,7,3,2,2,8,6
2023-12-19,2023020486,20232024,referee,Pierre Lambert,CAR,VGK,4,3,7,3,2,2,8,6
2023-12-19,2023020486,20232024,linesman,James Tobias,CAR,VGK,4,3,7,3,2,2,8,6
2023-12-19,2023020486,20232024,linesman,Matt MacPherson,CAR,VGK,4,3,7,3,2,2,8,6
2023-12-19,2023020487,20232024,referee,Jake Brenk,NJD,PHI,3,1,4,0,3,1,6,2
2023-12-19,2023020487,20232024,referee,Michael Markovic,NJD,PHI,3,1,4,0,3,1,6,2
2023-12-19,2023020487,20232024,linesman,Kyle Flemington,NJD,PHI,3,1,4,0,3,1,6,2
2023-12-19,2023020487,20232024,linesman,Ryan Jackson,NJD,PHI,3,1,4,0,3,1,6,2
2023-12-19,2023020488,20232024,referee,Wes McCauley,TBL,STL,4,4,8,2,2,4,8,8
2023-12-19,2023020488,20232024,referee,Morgan MacPhee,TBL,STL,4,4,8,2,2,4,8,8
2023-12-19,2023020488,20232024,linesman,Steve Barton,TBL,STL,4,4,8,2,2,4,8,8
2023-12-19,2023020488,20232024,linesman,CJ Murray,TBL,STL,4,4,8,2,2,4,8,8
2023-12-19,2023020489,20232024,referee,Brian Pochmara,TOR,NYR,2,0,2,0,1,1,4,0
2023-12-19,2023020489,20232024,referee,Peter MacDougall,TOR,NYR,2,0,2,0,1,1,4,0
2023-12-19,2023020489,20232024,linesman,Scott Cherrey,TOR,NYR,2,0,2,0,1,1,4,0
2023-12-19,2023020489,20232024,linesman,Justin Johnson,TOR,NYR,2,0,2,0,1,1,4,0
2023-12-19,2023020490,20232024,referee,Francois St-Laurent,NYI,EDM,4,4,8,1,5,2,8,8
2023-12-19,2023020490,20232024,referee,Cody Beach,NYI,EDM,4,4,8,1,5,2,8,8
2023-12-19,2023020490,20232024,linesman,Brad Kovachik,NYI,EDM,4,4,8,1,5,2,8,8
2023-12-19,2023020490,20232024,linesman,Jonathan Deschamps,NYI,EDM,4,4,8,1,5,2,8,8
2023-12-19,2023020491,20232024,referee,Thomas John Luxmore,NSH,VAN,3,2,5,3,1,1,6,4
2023-12-19,2023020491,20232024,referee,Kevin Pollock,NSH,VAN,3,2,5,3,1,1,6,4
2023-12-19,2023020491,20232024,linesman,Libor Suchanek,NSH,VAN,3,2,5,3,1,1,6,4
2023-12-19,2023020491,20232024,linesman,Brandon Grillo,NSH,VAN,3,2,5,3,1,1,6,4
2023-12-19,2023020492,20232024,referee,Chris Schlenker,CHI,COL,3,6,9,2,3,4,6,12
2023-12-19,2023020492,20232024,referee,Kendrick Nicholson,CHI,COL,3,6,9,2,3,4,6,12
2023-12-19,2023020492,20232024,linesman,Devin Berg,CHI,COL,3,6,9,2,3,4,6,12
2023-12-19,2023020492,20232024,linesman,David Brisebois,CHI,COL,3,6,9,2,3,4,6,12
2023-12-19,2023020493,20232024,referee,Graham Skilliter,ARI,OTT,5,5,10,3,3,4,10,10
2023-12-19,2023020493,20232024,referee,Brandon Schrader,ARI,OTT,5,5,10,3,3,4,10,10
2023-12-19,2023020493,20232024,linesman,Trent Knorr,ARI,OTT,5,5,10,3,3,4,10,10
2023-12-19,2023020493,20232024,linesman,Joe Mahon,ARI,OTT,5,5,10,3,3,4,10,10
2023-12-19,2023020494,20232024,referee,Frederick L'Ecuyer,SJS,LAK,2,3,5,1,2,2,4,6
2023-12-19,2023020494,20232024,referee,Corey Syvret,SJS,LAK,2,3,5,1,2,2,4,6
2023-12-19,2023020494,20232024,linesman,Ryan Gibbons,SJS,LAK,2,3,5,1,2,2,4,6
2023-12-19,2023020494,20232024,linesman,Jesse Marquis,SJS,LAK,2,3,5,1,2,2,4,6
2023-12-20,2023020495,20232024,referee,Tom Chmielewski,WPG,DET,2,0,2,0,0,2,4,0
2023-12-20,2023020495,20232024,referee,Chris Lee,WPG,DET,2,0,2,0,0,2,4,0
2023-12-20,2023020495,20232024,linesman,Derek Nansen,WPG,DET,2,0,2,0,0,2,4,0
2023-12-20,2023020495,20232024,linesman,Ryan Daisy,WPG,DET,2,0,2,0,0,2,4,0
2023-12-20,2023020496,20232024,referee,Francis Charron,WSH,NYI,3,2,5,2,3,0,6,4
2023-12-20,2023020496,20232024,referee,Michael Markovic,WSH,NYI,3,2,5,2,3,0,6,4
2023-12-20,2023020496,20232024,linesman,Kyle Flemington,WSH,NYI,3,2,5,2,3,0,6,4
2023-12-20,2023020496,20232024,linesman,Julien Fournier,WSH,NYI,3,2,5,2,3,0,6,4
2023-12-20,2023020497,20232024,referee,Frederick L'Ecuyer,LAK,SEA,3,4,7,0,4,3,6,8
2023-12-20,2023020497,20232024,referee,Corey Syvret,LAK,SEA,3,4,7,0,4,3,6,8
2023-12-20,2023020497,20232024,linesman,Brandon Gawryletz,LAK,SEA,3,4,7,0,4,3,6,8
2023-12-20,2023020497,20232024,linesman,Jesse Marquis,LAK,SEA,3,4,7,0,4,3,6,8
2023-12-21,2023020498,20232024,referee,Jon McIsaac,BUF,TOR,4,5,9,2,5,2,8,10
2023-12-21,2023020498,20232024,referee,Carter Sandlak,BUF,TOR,4,5,9,2,5,2,8,10
2023-12-21,2023020498,20232024,linesman,Tommy Hughes,BUF,TOR,4,5,9,2,5,2,8,10
2023-12-21,2023020498,20232024,linesman,Brad Kovachik,BUF,TOR,4,5,9,2,5,2,8,10
2023-12-21,2023020499,20232024,referee,Kevin Pollock,CBJ,WSH,2,1,3,2,1,0,4,2
2023-12-21,2023020499,20232024,referee,Justin Kea,CBJ,WSH,2,1,3,2,1,0,4,2
2023-12-21,2023020499,20232024,linesman,Devin Berg,CBJ,WSH,2,1,3,2,1,0,4,2
2023-12-21,2023020499,20232024,linesman,David Brisebois,CBJ,WSH,2,1,3,2,1,0,4,2
2023-12-21,2023020500,20232024,referee,Thomas John Luxmore,FLA,STL,1,1,2,1,0,1,2,2
2023-12-21,2023020500,20232024,referee,Morgan MacPhee,FLA,STL,1,1,2,1,0,1,2,2
2023-12-21,2023020500,20232024,linesman,Steve Barton,FLA,STL,1,1,2,1,0,1,2,2
2023-12-21,2023020500,20232024,linesman,Matt MacPherson,FLA,STL,1,1,2,1,0,1,2,2
2023-12-21,2023020502,20232024,referee,Brian Pochmara,PHI,NSH,5,3,8,2,6,0,10,6
2023-12-21,2023020502,20232024,referee,Cody Beach,PHI,NSH,5,3,8,2,6,0,10,6
2023-12-21,2023020502,20232024,linesman,Mark Shewchyk,PHI,NSH,5,3,8,2,6,0,10,6
2023-12-21,2023020502,20232024,linesman,Jonny Murray,PHI,NSH,5,3,8,2,6,0,10,6
2023-12-21,2023020503,20232024,referee,Francis Charron,PIT,CAR,2,4,6,2,3,1,4,8
2023-12-21,2023020503,20232024,referee,Peter MacDougall,PIT,CAR,2,4,6,2,3,1,4,8
2023-12-21,2023020503,20232024,linesman,Caleb Apperson,PIT,CAR,2,4,6,2,3,1,4,8
2023-12-21,2023020503,20232024,linesman,Kilian McNamara,PIT,CAR,2,4,6,2,3,1,4,8
2023-12-21,2023020504,20232024,referee,Wes McCauley,TBL,VGK,4,4,8,1,4,3,8,8
2023-12-21,2023020504,20232024,referee,Jean Hebert,TBL,VGK,4,4,8,1,4,3,8,8
2023-12-21,2023020504,20232024,linesman,CJ Murray,TBL,VGK,4,4,8,1,4,3,8,8
2023-12-21,2023020504,20232024,linesman,Ryan Jackson,TBL,VGK,4,4,8,1,4,3,8,8
2023-12-21,2023020501,20232024,referee,Francois St-Laurent,NJD,EDM,2,0,2,1,1,0,4,0
2023-12-21,2023020501,20232024,referee,Pierre Lambert,NJD,EDM,2,0,2,1,1,0,4,0
2023-12-21,2023020501,20232024,linesman,Shandor Alphonso,NJD,EDM,2,0,2,1,1,0,4,0
2023-12-21,2023020501,20232024,linesman,Jonathan Deschamps,NJD,EDM,2,0,2,1,1,0,4,0
2023-12-21,2023020505,20232024,referee,Mitch Dunning,DAL,VAN,3,3,6,3,3,0,6,6
2023-12-21,2023020505,20232024,referee,Kendrick Nicholson,DAL,VAN,3,3,6,3,3,0,6,6
2023-12-21,2023020505,20232024,linesman,Andrew Smith,DAL,VAN,3,3,6,3,3,0,6,6
2023-12-21,2023020505,20232024,linesman,Ben O'Quinn,DAL,VAN,3,3,6,3,3,0,6,6
2023-12-21,2023020506,20232024,referee,Chris Schlenker,MIN,MTL,5,7,12,2,8,2,10,14
2023-12-21,2023020506,20232024,referee,Furman South,MIN,MTL,5,7,12,2,8,2,10,14
2023-12-21,2023020506,20232024,linesman,Bevan Mills,MIN,MTL,5,7,12,2,8,2,10,14
2023-12-21,2023020506,20232024,linesman,Mitch Hunt,MIN,MTL,5,7,12,2,8,2,10,14
2023-12-21,2023020507,20232024,referee,Kyle Rehman,COL,OTT,6,5,11,2,4,5,12,10
2023-12-21,2023020507,20232024,referee,Jordan Samuels-Thomas,COL,OTT,6,5,11,2,4,5,12,10
2023-12-21,2023020507,20232024,linesman,Trent Knorr,COL,OTT,6,5,11,2,4,5,12,10
2023-12-21,2023020507,20232024,linesman,Kiel Murchison,COL,OTT,6,5,11,2,4,5,12,10
2023-12-21,2023020508,20232024,referee,Corey Syvret,ANA,CGY,7,4,11,1,6,4,14,8
2023-12-21,2023020508,20232024,referee,Brandon Schrader,ANA,CGY,7,4,11,1,6,4,14,8
2023-12-21,2023020508,20232024,linesman,Travis Gawryletz,ANA,CGY,7,4,11,1,6,4,14,8
2023-12-21,2023020508,20232024,linesman,Travis Toomey,ANA,CGY,7,4,11,1,6,4,14,8
2023-12-21,2023020509,20232024,referee,Trevor Hanson,SJS,ARI,3,1,4,0,2,2,6,2
2023-12-21,2023020509,20232024,referee,Graham Skilliter,SJS,ARI,3,1,4,0,2,2,6,2
2023-12-21,2023020509,20232024,linesman,Ryan Gibbons,SJS,ARI,3,1,4,0,2,2,6,2
2023-12-21,2023020509,20232024,linesman,Brandon Gawryletz,SJS,ARI,3,1,4,0,2,2,6,2
2023-12-22,2023020510,20232024,referee,Garrett Rank,DET,PHI,5,6,11,5,5,1,10,12
2023-12-22,2023020510,20232024,referee,Ghislain Hebert,DET,PHI,5,6,11,5,5,1,10,12
2023-12-22,2023020510,20232024,linesman,Tommy Hughes,DET,PHI,5,6,11,5,5,1,10,12
2023-12-22,2023020510,20232024,linesman,Caleb Apperson,DET,PHI,5,6,11,5,5,1,10,12
2023-12-22,2023020511,20232024,referee,Jake Brenk,NYR,EDM,2,3,5,1,3,1,4,6
2023-12-22,2023020511,20232024,referee,Beau Halkidis,NYR,EDM,2,3,5,1,3,1,4,6
2023-12-22,2023020511,20232024,linesman,Kyle Flemington,NYR,EDM,2,3,5,1,3,1,4,6
2023-12-22,2023020511,20232024,linesman,Mark Shewchyk,NYR,EDM,2,3,5,1,3,1,4,6
2023-12-22,2023020512,20232024,referee,Tom Chmielewski,WPG,BOS,2,3,5,0,3,2,4,6
2023-12-22,2023020512,20232024,referee,Chris Lee,WPG,BOS,2,3,5,0,3,2,4,6
2023-12-22,2023020512,20232024,linesman,Derek Nansen,WPG,BOS,2,3,5,0,3,2,4,6
2023-12-22,2023020512,20232024,linesman,Ryan Galloway,WPG,BOS,2,3,5,0,3,2,4,6
2023-12-22,2023020513,20232024,referee,Mitch Dunning,CHI,MTL,3,1,4,1,2,1,6,2
2023-12-22,2023020513,20232024,referee,Kevin Pollock,CHI,MTL,3,1,4,1,2,1,6,2
2023-12-22,2023020513,20232024,linesman,Brandon Grillo,CHI,MTL,3,1,4,1,2,1,6,2
2023-12-22,2023020513,20232024,linesman,Jesse Marquis,CHI,MTL,3,1,4,1,2,1,6,2
2023-12-23,2023020515,20232024,referee,Francis Charron,NSH,DAL,2,2,4,0,3,1,4,4
2023-12-23,2023020515,20232024,referee,Morgan MacPhee,NSH,DAL,2,2,4,0,3,1,4,4
2023-12-23,2023020515,20232024,linesman,Andrew Smith,NSH,DAL,2,2,4,0,3,1,4,4
2023-12-23,2023020515,20232024,linesman,Matt MacPherson,NSH,DAL,2,2,4,0,3,1,4,4
2023-12-23,2023020514,20232024,referee,Brian Pochmara,FLA,VGK,3,7,10,2,2,6,6,14
2023-12-23,2023020514,20232024,referee,Thomas John Luxmore,FLA,VGK,3,7,10,2,2,6,6,14
2023-12-23,2023020514,20232024,linesman,CJ Murray,FLA,VGK,3,7,10,2,2,6,6,14
2023-12-23,2023020514,20232024,linesman,Jonny Murray,FLA,VGK,3,7,10,2,2,6,6,14
2023-12-23,2023020517,20232024,referee,Peter MacDougall,CBJ,TOR,4,6,10,2,5,3,8,12
2023-12-23,2023020517,20232024,referee,Brandon Blandina,CBJ,TOR,4,6,10,2,5,3,8,12
2023-12-23,2023020517,20232024,linesman,James Tobias,CBJ,TOR,4,6,10,2,5,3,8,12
2023-12-23,2023020517,20232024,linesman,Tyson Baker,CBJ,TOR,4,6,10,2,5,3,8,12
2023-12-23,2023020518,20232024,referee,Garrett Rank,MIN,BOS,2,5,7,3,2,2,4,10
2023-12-23,2023020518,20232024,referee,Furman South,MIN,BOS,2,5,7,3,2,2,4,10
2023-12-23,2023020518,20232024,linesman,Justin Johnson,MIN,BOS,2,5,7,3,2,2,4,10
2023-12-23,2023020518,20232024,linesman,Jesse Marquis,MIN,BOS,2,5,7,3,2,2,4,10
2023-12-23,2023020519,20232024,referee,Kelly Sutherland,NJD,DET,4,5,9,1,5,3,8,10
2023-12-23,2023020519,20232024,referee,Cody Beach,NJD,DET,4,5,9,1,5,3,8,10
2023-12-23,2023020519,20232024,linesman,Jonathan Deschamps,NJD,DET,4,5,9,1,5,3,8,10
2023-12-23,2023020519,20232024,linesman,Dan Kelly,NJD,DET,4,5,9,1,5,3,8,10
2023-12-23,2023020520,20232024,referee,Eric Furlatt,OTT,PIT,7,4,11,6,4,1,14,8
2023-12-23,2023020520,20232024,referee,Michael Markovic,OTT,PIT,7,4,11,6,4,1,14,8
2023-12-23,2023020520,20232024,linesman,Michel Cormier,OTT,PIT,7,4,11,6,4,1,14,8
2023-12-23,2023020520,20232024,linesman,Ryan Daisy,OTT,PIT,7,4,11,6,4,1,14,8
2023-12-23,2023020521,20232024,referee,Jon McIsaac,WSH,TBL,2,1,3,3,0,0,4,2
2023-12-23,2023020521,20232024,referee,Ghislain Hebert,WSH,TBL,2,1,3,3,0,0,4,2
2023-12-23,2023020521,20232024,linesman,Mark Shewchyk,WSH,TBL,2,1,3,3,0,0,4,2
2023-12-23,2023020521,20232024,linesman,David Brisebois,WSH,TBL,2,1,3,3,0,0,4,2
2023-12-23,2023020516,20232024,referee,Jean Hebert,CAR,NYI,4,5,9,2,3,4,8,10
2023-12-23,2023020516,20232024,referee,Frederick L'Ecuyer,CAR,NYI,4,5,9,2,3,4,8,10
2023-12-23,2023020516,20232024,linesman,Julien Fournier,CAR,NYI,4,5,9,2,3,4,8,10
2023-12-23,2023020516,20232024,linesman,Kilian McNamara,CAR,NYI,4,5,9,2,3,4,8,10
2023-12-23,2023020522,20232024,referee,Jake Brenk,NYR,BUF,1,4,5,1,1,3,2,8
2023-12-23,2023020522,20232024,referee,Carter Sandlak,NYR,BUF,1,4,5,1,1,3,2,8
2023-12-23,2023020522,20232024,linesman,Kyle Flemington,NYR,BUF,1,4,5,1,1,3,2,8
2023-12-23,2023020522,20232024,linesman,Libor Suchanek,NYR,BUF,1,4,5,1,1,3,2,8
2023-12-23,2023020523,20232024,referee,Kyle Rehman,ANA,SEA,1,3,4,1,2,1,2,6
2023-12-23,2023020523,20232024,referee,Jordan Samuels-Thomas,ANA,SEA,1,3,4,1,2,1,2,6
2023-12-23,2023020523,20232024,linesman,Ryan Gibbons,ANA,SEA,1,3,4,1,2,1,2,6
2023-12-23,2023020523,20232024,linesman,Brandon Gawryletz,ANA,SEA,1,3,4,1,2,1,2,6
2023-12-23,2023020524,20232024,referee,Mitch Dunning,STL,CHI,2,4,6,2,1,3,4,8
2023-12-23,2023020524,20232024,referee,Pierre Lambert,STL,CHI,2,4,6,2,1,3,4,8
2023-12-23,2023020524,20232024,linesman,Mitch Hunt,STL,CHI,2,4,6,2,1,3,4,8
2023-12-23,2023020524,20232024,linesman,Devin Berg,STL,CHI,2,4,6,2,1,3,4,8
2023-12-23,2023020525,20232024,referee,Chris Schlenker,COL,ARI,3,2,5,2,1,2,6,4
2023-12-23,2023020525,20232024,referee,Corey Syvret,COL,ARI,3,2,5,2,1,2,6,4
2023-12-23,2023020525,20232024,linesman,Bevan Mills,COL,ARI,3,2,5,2,1,2,6,4
2023-12-23,2023020525,20232024,linesman,Kiel Murchison,COL,ARI,3,2,5,2,1,2,6,4
2023-12-23,2023020526,20232024,referee,Trevor Hanson,LAK,CGY,6,4,10,1,6,3,12,8
2023-12-23,2023020526,20232024,referee,Brandon Schrader,LAK,CGY,6,4,10,1,6,3,12,8
2023-12-23,2023020526,20232024,linesman,Travis Gawryletz,LAK,CGY,6,4,10,1,6,3,12,8
2023-12-23,2023020526,20232024,linesman,Joe Mahon,LAK,CGY,6,4,10,1,6,3,12,8
2023-12-23,2023020527,20232024,referee,Graham Skilliter,VAN,SJS,3,4,7,1,5,1,6,8
2023-12-23,2023020527,20232024,referee,Steve Kozari,VAN,SJS,3,4,7,1,5,1,6,8
2023-12-23,2023020527,20232024,linesman,Trent Knorr,VAN,SJS,3,4,7,1,5,1,6,8
2023-12-23,2023020527,20232024,linesman,Travis Toomey,VAN,SJS,3,4,7,1,5,1,6,8
2023-12-27,2023020528,20232024,referee,Brian Pochmara,NJD,CBJ,3,3,6,1,2,3,6,6
2023-12-27,2023020528,20232024,referee,Corey Syvret,NJD,CBJ,3,3,6,1,2,3,6,6
2023-12-27,2023020528,20232024,linesman,Libor Suchanek,NJD,CBJ,3,3,6,1,2,3,6,6
2023-12-27,2023020528,20232024,linesman,Kilian McNamara,NJD,CBJ,3,3,6,1,2,3,6,6
2023-12-27,2023020529,20232024,referee,Furman South,NYR,WSH,2,3,5,2,3,0,4,6
2023-12-27,2023020529,20232024,referee,Frederick L'Ecuyer,NYR,WSH,2,3,5,2,3,0,4,6
2023-12-27,2023020529,20232024,linesman,Steve Barton,NYR,WSH,2,3,5,2,3,0,4,6
2023-12-27,2023020529,20232024,linesman,Ryan Daisy,NYR,WSH,2,3,5,2,3,0,4,6
2023-12-27,2023020530,20232024,referee,Jon McIsaac,TBL,FLA,6,6,12,2,3,7,12,12
2023-12-27,2023020530,20232024,referee,Kevin Pollock,TBL,FLA,6,6,12,2,3,7,12,12
2023-12-27,2023020530,20232024,linesman,Tyson Baker,TBL,FLA,6,6,12,2,3,7,12,12
2023-12-27,2023020530,20232024,linesman,Dan Kelly,TBL,FLA,6,6,12,2,3,7,12,12
2023-12-27,2023020531,20232024,referee,Thomas John Luxmore,TOR,OTT,1,3,4,2,2,0,2,6
2023-12-27,2023020531,20232024,referee,Carter Sandlak,TOR,OTT,1,3,4,2,2,0,2,6
2023-12-27,2023020531,20232024,linesman,Ryan Jackson,TOR,OTT,1,3,4,2,2,0,2,6
2023-12-27,2023020531,20232024,linesman,David Brisebois,TOR,OTT,1,3,4,2,2,0,2,6
2023-12-27,2023020532,20232024,referee,Garrett Rank,BUF,BOS,5,6,11,3,6,2,10,12
2023-12-27,2023020532,20232024,referee,Mitch Dunning,BUF,BOS,5,6,11,3,6,2,10,12
2023-12-27,2023020532,20232024,linesman,James Tobias,BUF,BOS,5,6,11,3,6,2,10,12
2023-12-27,2023020532,20232024,linesman,Mark Shewchyk,BUF,BOS,5,6,11,3,6,2,10,12
2023-12-27,2023020533,20232024,referee,Francis Charron,NYI,PIT,3,2,5,2,2,1,6,4
2023-12-27,2023020533,20232024,referee,Beau Halkidis,NYI,PIT,3,2,5,2,2,1,6,4
2023-12-27,2023020533,20232024,linesman,Derek Nansen,NYI,PIT,3,2,5,2,2,1,6,4
2023-12-27,2023020533,20232024,linesman,Jonny Murray,NYI,PIT,3,2,5,2,2,1,6,4
2023-12-27,2023020534,20232024,referee,Chris Rooney,MIN,DET,2,2,4,1,1,2,4,4
2023-12-27,2023020534,20232024,referee,Tom Chmielewski,MIN,DET,2,2,4,1,1,2,4,4
2023-12-27,2023020534,20232024,linesman,Brandon Grillo,MIN,DET,2,2,4,1,1,2,4,4
2023-12-27,2023020534,20232024,linesman,Ryan Galloway,MIN,DET,2,2,4,1,1,2,4,4
2023-12-27,2023020535,20232024,referee,Wes McCauley,NSH,CAR,6,4,10,4,6,0,12,8
2023-12-27,2023020535,20232024,referee,Brandon Blandina,NSH,CAR,6,4,10,4,6,0,12,8
2023-12-27,2023020535,20232024,linesman,Kyle Flemington,NSH,CAR,6,4,10,4,6,0,12,8
2023-12-27,2023020535,20232024,linesman,Jesse Marquis,NSH,CAR,6,4,10,4,6,0,12,8
2023-12-27,2023020536,20232024,referee,Francois St-Laurent,STL,DAL,2,4,6,2,4,0,4,8
2023-12-27,2023020536,20232024,referee,Justin Kea,STL,DAL,2,4,6,2,4,0,4,8
2023-12-27,2023020536,20232024,linesman,Scott Cherrey,STL,DAL,2,4,6,2,4,0,4,8
2023-12-27,2023020536,20232024,linesman,Michel Cormier,STL,DAL,2,4,6,2,4,0,4,8
2023-12-27,2023020537,20232024,referee,Kyle Rehman,ARI,COL,4,2,6,3,3,0,8,4
2023-12-27,2023020537,20232024,referee,Brandon Schrader,ARI,COL,4,2,6,3,3,0,8,4
2023-12-27,2023020537,20232024,linesman,Justin Johnson,ARI,COL,4,2,6,3,3,0,8,4
2023-12-27,2023020537,20232024,linesman,Travis Gawryletz,ARI,COL,4,2,6,3,3,0,8,4
2023-12-27,2023020538,20232024,referee,Eric Furlatt,CHI,WPG,4,2,6,3,2,1,8,4
2023-12-27,2023020538,20232024,referee,Morgan MacPhee,CHI,WPG,4,2,6,3,2,1,8,4
2023-12-27,2023020538,20232024,linesman,Brandon Gawryletz,CHI,WPG,4,2,6,3,2,1,8,4
2023-12-27,2023020538,20232024,linesman,Tommy Hughes,CHI,WPG,4,2,6,3,2,1,8,4
2023-12-27,2023020539,20232024,referee,Chris Lee,CGY,SEA,2,4,6,3,2,1,4,8
2023-12-27,2023020539,20232024,referee,Cody Beach,CGY,SEA,2,4,6,3,2,1,4,8
2023-12-27,2023020539,20232024,linesman,Trent Knorr,CGY,SEA,2,4,6,3,2,1,4,8
2023-12-27,2023020539,20232024,linesman,Caleb Apperson,CGY,SEA,2,4,6,3,2,1,4,8
2023-12-27,2023020540,20232024,referee,Graham Skilliter,ANA,VGK,5,1,6,0,4,2,10,2
2023-12-27,2023020540,20232024,referee,Jake Brenk,ANA,VGK,5,1,6,0,4,2,10,2
2023-12-27,2023020540,20232024,linesman,Shandor Alphonso,ANA,VGK,5,1,6,0,4,2,10,2
2023-12-27,2023020540,20232024,linesman,Ben O'Quinn,ANA,VGK,5,1,6,0,4,2,10,2
2023-12-27,2023020541,20232024,referee,Dan O'Rourke,LAK,SJS,3,3,6,1,2,3,6,6
2023-12-27,2023020541,20232024,referee,Trevor Hanson,LAK,SJS,3,3,6,1,2,3,6,6
2023-12-27,2023020541,20232024,linesman,Bevan Mills,LAK,SJS,3,3,6,1,2,3,6,6
2023-12-27,2023020541,20232024,linesman,Mitch Hunt,LAK,SJS,3,3,6,1,2,3,6,6
2023-12-28,2023020542,20232024,referee,Jon McIsaac,CAR,MTL,4,3,7,3,0,4,8,6
2023-12-28,2023020542,20232024,referee,Peter MacDougall,CAR,MTL,4,3,7,3,0,4,8,6
2023-12-28,2023020542,20232024,linesman,Brad Kovachik,CAR,MTL,4,3,7,3,0,4,8,6
2023-12-28,2023020542,20232024,linesman,Jesse Marquis,CAR,MTL,4,3,7,3,0,4,8,6
2023-12-28,2023020543,20232024,referee,Chris Lee,VAN,PHI,4,4,8,2,2,4,8,8
2023-12-28,2023020543,20232024,referee,Pierre Lambert,VAN,PHI,4,4,8,2,2,4,8,8
2023-12-28,2023020543,20232024,linesman,Caleb Apperson,VAN,PHI,4,4,8,2,2,4,8,8
2023-12-28,2023020543,20232024,linesman,Kiel Murchison,VAN,PHI,4,4,8,2,2,4,8,8
2023-12-28,2023020544,20232024,referee,Steve Kozari,VGK,LAK,2,0,2,0,1,1,4,0
2023-12-28,2023020544,20232024,referee,Jordan Samuels-Thomas,VGK,LAK,2,0,2,0,1,1,4,0
2023-12-28,2023020544,20232024,linesman,Bevan Mills,VGK,LAK,2,0,2,0,1,1,4,0
2023-12-28,2023020544,20232024,linesman,Ryan Gibbons,VGK,LAK,2,0,2,0,1,1,4,0
2023-12-28,2023020545,20232024,referee,Jake Brenk,SJS,EDM,1,3,4,0,2,2,2,6
2023-12-28,2023020545,20232024,referee,Brandon Schrader,SJS,EDM,1,3,4,0,2,2,2,6
2023-12-28,2023020545,20232024,linesman,Shandor Alphonso,SJS,EDM,1,3,4,0,2,2,2,6
2023-12-28,2023020545,20232024,linesman,Joe Mahon,SJS,EDM,1,3,4,0,2,2,2,6
2023-12-29,2023020546,20232024,referee,Francois St-Laurent,CBJ,TOR,5,3,8,1,5,2,10,6
2023-12-29,2023020546,20232024,referee,Corey Syvret,CBJ,TOR,5,3,8,1,5,2,10,6
2023-12-29,2023020546,20232024,linesman,Brandon Gawryletz,CBJ,TOR,5,3,8,1,5,2,10,6
2023-12-29,2023020546,20232024,linesman,Kilian McNamara,CBJ,TOR,5,3,8,1,5,2,10,6
2023-12-29,2023020547,20232024,referee,Eric Furlatt,DET,NSH,3,3,6,2,4,0,6,6
2023-12-29,2023020547,20232024,referee,Carter Sandlak,DET,NSH,3,3,6,2,4,0,6,6
2023-12-29,2023020547,20232024,linesman,Steve Barton,DET,NSH,3,3,6,2,4,0,6,6
2023-12-29,2023020547,20232024,linesman,Tommy Hughes,DET,NSH,3,3,6,2,4,0,6,6
2023-12-29,2023020548,20232024,referee,Kevin Pollock,FLA,NYR,2,3,5,2,2,1,4,6
2023-12-29,2023020548,20232024,referee,Brandon Blandina,FLA,NYR,2,3,5,2,2,1,4,6
2023-12-29,2023020548,20232024,linesman,Tyson Baker,FLA,NYR,2,3,5,2,2,1,4,6
2023-12-29,2023020548,20232024,linesman,Dan Kelly,FLA,NYR,2,3,5,2,2,1,4,6
2023-12-29,2023020549,20232024,referee,Thomas John Luxmore,OTT,NJD,4,4,8,4,3,1,8,8
2023-12-29,2023020549,20232024,referee,Ghislain Hebert,OTT,NJD,4,4,8,4,3,1,8,8
2023-12-29,2023020549,20232024,linesman,Matt MacPherson,OTT,NJD,4,4,8,4,3,1,8,8
2023-12-29,2023020549,20232024,linesman,Travis Toomey,OTT,NJD,4,4,8,4,3,1,8,8
2023-12-29,2023020550,20232024,referee,Furman South,NYI,WSH,2,3,5,0,2,3,4,6
2023-12-29,2023020550,20232024,referee,Brian Pochmara,NYI,WSH,2,3,5,0,2,3,4,6
2023-12-29,2023020550,20232024,linesman,Ryan Daisy,NYI,WSH,2,3,5,0,2,3,4,6
2023-12-29,2023020550,20232024,linesman,Ryan Galloway,NYI,WSH,2,3,5,0,2,3,4,6
2023-12-29,2023020551,20232024,referee,Kyle Rehman,DAL,CHI,3,3,6,3,1,2,6,6
2023-12-29,2023020551,20232024,referee,Tom Chmielewski,DAL,CHI,3,3,6,3,1,2,6,6
2023-12-29,2023020551,20232024,linesman,Scott Cherrey,DAL,CHI,3,3,6,3,1,2,6,6
2023-12-29,2023020551,20232024,linesman,Michel Cormier,DAL,CHI,3,3,6,3,1,2,6,6
2023-12-29,2023020552,20232024,referee,Chris Rooney,STL,COL,2,4,6,3,2,1,4,8
2023-12-29,2023020552,20232024,referee,Mitch Dunning,STL,COL,2,4,6,3,2,1,4,8
2023-12-29,2023020552,20232024,linesman,Derek Nansen,STL,COL,2,4,6,3,2,1,4,8
2023-12-29,2023020552,20232024,linesman,Jonny Murray,STL,COL,2,4,6,3,2,1,4,8
2023-12-29,2023020553,20232024,referee,Dan O'Rourke,ANA,ARI,5,5,10,3,5,2,10,10
2023-12-29,2023020553,20232024,referee,Steve Kozari,ANA,ARI,5,5,10,3,5,2,10,10
2023-12-29,2023020553,20232024,linesman,Ryan Gibbons,ANA,ARI,5,5,10,3,5,2,10,10
2023-12-29,2023020553,20232024,linesman,Ben O'Quinn,ANA,ARI,5,5,10,3,5,2,10,10
2023-12-29,2023020554,20232024,referee,Chris Schlenker,SEA,PHI,3,2,5,2,1,2,6,4
2023-12-29,2023020554,20232024,referee,Graham Skilliter,SEA,PHI,3,2,5,2,1,2,6,4
2023-12-29,2023020554,20232024,linesman,Julien Fournier,SEA,PHI,3,2,5,2,1,2,6,4
2023-12-29,2023020554,20232024,linesman,Travis Gawryletz,SEA,PHI,3,2,5,2,1,2,6,4
2023-12-30,2023020555,20232024,referee,Pierre Lambert,WPG,MIN,6,5,11,1,8,2,12,10
2023-12-30,2023020555,20232024,referee,Cody Beach,WPG,MIN,6,5,11,1,8,2,12,10
2023-12-30,2023020555,20232024,linesman,Jonathan Deschamps,WPG,MIN,6,5,11,1,8,2,12,10
2023-12-30,2023020555,20232024,linesman,Devin Berg,WPG,MIN,6,5,11,1,8,2,12,10
2023-12-30,2023020556,20232024,referee,Wes McCauley,BUF,CBJ,1,1,2,0,2,0,2,2
2023-12-30,2023020556,20232024,referee,Francis Charron,BUF,CBJ,1,1,2,0,2,0,2,2
2023-12-30,2023020556,20232024,linesman,Andrew Smith,BUF,CBJ,1,1,2,0,2,0,2,2
2023-12-30,2023020556,20232024,linesman,Ryan Jackson,BUF,CBJ,1,1,2,0,2,0,2,2
2023-12-30,2023020557,20232024,referee,Brian Pochmara,BOS,NJD,2,2,4,2,1,1,4,4
2023-12-30,2023020557,20232024,referee,Carter Sandlak,BOS,NJD,2,2,4,2,1,1,4,4
2023-12-30,2023020557,20232024,linesman,Tommy Hughes,BOS,NJD,2,2,4,2,1,1,4,4
2023-12-30,2023020557,20232024,linesman,Ryan Daisy,BOS,NJD,2,2,4,2,1,1,4,4
2023-12-30,2023020558,20232024,referee,Kelly Sutherland,FLA,MTL,2,3,5,1,3,1,4,6
2023-12-30,2023020558,20232024,referee,Kendrick Nicholson,FLA,MTL,2,3,5,1,3,1,4,6
2023-12-30,2023020558,20232024,linesman,James Tobias,FLA,MTL,2,3,5,1,3,1,4,6
2023-12-30,2023020558,20232024,linesman,Brad Kovachik,FLA,MTL,2,3,5,1,3,1,4,6
2023-12-30,2023020559,20232024,referee,Garrett Rank,PIT,STL,3,3,6,2,3,1,6,6
2023-12-30,2023020559,20232024,referee,Francois St-Laurent,PIT,STL,3,3,6,2,3,1,6,6
2023-12-30,2023020559,20232024,linesman,Mark Shewchyk,PIT,STL,3,3,6,2,3,1,6,6
2023-12-30,2023020559,20232024,linesman,Kilian McNamara,PIT,STL,3,3,6,2,3,1,6,6
2023-12-30,2023020560,20232024,referee,Peter MacDougall,TBL,NYR,4,5,9,3,3,3,8,10
2023-12-30,2023020560,20232024,referee,Brandon Blandina,TBL,NYR,4,5,9,3,3,3,8,10
2023-12-30,2023020560,20232024,linesman,Tyson Baker,TBL,NYR,4,5,9,3,3,3,8,10
2023-12-30,2023020560,20232024,linesman,Dan Kelly,TBL,NYR,4,5,9,3,3,3,8,10
2023-12-30,2023020561,20232024,referee,Jean Hebert,TOR,CAR,5,4,9,4,3,2,10,8
2023-12-30,2023020561,20232024,referee,Michael Markovic,TOR,CAR,5,4,9,4,3,2,10,8
2023-12-30,2023020561,20232024,linesman,Matt MacPherson,TOR,CAR,5,4,9,4,3,2,10,8
2023-12-30,2023020561,20232024,linesman,Travis Toomey,TOR,CAR,5,4,9,4,3,2,10,8
2023-12-30,2023020562,20232024,referee,Eric Furlatt,WSH,NSH,3,4,7,4,1,2,6,8
2023-12-30,2023020562,20232024,referee,Beau Halkidis,WSH,NSH,3,4,7,4,1,2,6,8
2023-12-30,2023020562,20232024,linesman,Libor Suchanek,WSH,NSH,3,4,7,4,1,2,6,8
2023-12-30,2023020562,20232024,linesman,CJ Murray,WSH,NSH,3,4,7,4,1,2,6,8
2023-12-30,2023020563,20232024,referee,Jake Brenk,LAK,EDM,4,4,8,2,5,1,8,8
2023-12-30,2023020563,20232024,referee,Brandon Schrader,LAK,EDM,4,4,8,2,5,1,8,8
2023-12-30,2023020563,20232024,linesman,Shandor Alphonso,LAK,EDM,4,4,8,2,5,1,8,8
2023-12-30,2023020563,20232024,linesman,Ben O'Quinn,LAK,EDM,4,4,8,2,5,1,8,8
2023-12-31,2023020564,20232024,referee,Kyle Rehman,MIN,WPG,3,1,4,1,1,2,6,2
2023-12-31,2023020564,20232024,referee,Ghislain Hebert,MIN,WPG,3,1,4,1,1,2,6,2
2023-12-31,2023020564,20232024,linesman,Steve Barton,MIN,WPG,3,1,4,1,1,2,6,2
2023-12-31,2023020564,20232024,linesman,Brandon Gawryletz,MIN,WPG,3,1,4,1,1,2,6,2
2023-12-31,2023020565,20232024,referee,Wes McCauley,DET,BOS,4,8,12,7,3,2,8,16
2023-12-31,2023020565,20232024,referee,Francis Charron,DET,BOS,4,8,12,7,3,2,8,16
2023-12-31,2023020565,20232024,linesman,Andrew Smith,DET,BOS,4,8,12,7,3,2,8,16
2023-12-31,2023020565,20232024,linesman,Brandon Grillo,DET,BOS,4,8,12,7,3,2,8,16
2023-12-31,2023020566,20232024,referee,Jean Hebert,OTT,BUF,5,3,8,1,2,5,10,6
2023-12-31,2023020566,20232024,referee,Justin Kea,OTT,BUF,5,3,8,1,2,5,10,6
2023-12-31,2023020566,20232024,linesman,Travis Toomey,OTT,BUF,5,3,8,1,2,5,10,6
2023-12-31,2023020566,20232024,linesman,David Brisebois,OTT,BUF,5,3,8,1,2,5,10,6
2023-12-31,2023020567,20232024,referee,Garrett Rank,PIT,NYI,3,5,8,3,4,1,6,10
2023-12-31,2023020567,20232024,referee,Corey Syvret,PIT,NYI,3,5,8,3,4,1,6,10
2023-12-31,2023020567,20232024,linesman,CJ Murray,PIT,NYI,3,5,8,3,4,1,6,10
2023-12-31,2023020567,20232024,linesman,Mark Shewchyk,PIT,NYI,3,5,8,3,4,1,6,10
2023-12-31,2023020568,20232024,referee,Kelly Sutherland,TBL,MTL,2,4,6,1,3,2,4,8
2023-12-31,2023020568,20232024,referee,Kendrick Nicholson,TBL,MTL,2,4,6,1,3,2,4,8
2023-12-31,2023020568,20232024,linesman,James Tobias,TBL,MTL,2,4,6,1,3,2,4,8
2023-12-31,2023020568,20232024,linesman,Jonny Murray,TBL,MTL,2,4,6,1,3,2,4,8
2023-12-31,2023020569,20232024,referee,Trevor Hanson,ANA,EDM,8,8,16,5,5,6,16,16
2023-12-31,2023020569,20232024,referee,Morgan MacPhee,ANA,EDM,8,8,16,5,5,6,16,16
2023-12-31,2023020569,20232024,linesman,Travis Gawryletz,ANA,EDM,8,8,16,5,5,6,16,16
2023-12-31,2023020569,20232024,linesman,Trent Knorr,ANA,EDM,8,8,16,5,5,6,16,16
2023-12-31,2023020570,20232024,referee,Chris Schlenker,CGY,PHI,4,2,6,1,3,2,8,4
2023-12-31,2023020570,20232024,referee,Pierre Lambert,CGY,PHI,4,2,6,1,3,2,8,4
2023-12-31,2023020570,20232024,linesman,Jonathan Deschamps,CGY,PHI,4,2,6,1,3,2,8,4
2023-12-31,2023020570,20232024,linesman,Devin Berg,CGY,PHI,4,2,6,1,3,2,8,4
2023-12-31,2023020571,20232024,referee,Mitch Dunning,COL,SJS,4,7,11,1,6,4,8,14
2023-12-31,2023020571,20232024,referee,Jake Brenk,COL,SJS,4,7,11,1,6,4,8,14
2023-12-31,2023020571,20232024,linesman,Julien Fournier,COL,SJS,4,7,11,1,6,4,8,14
2023-12-31,2023020571,20232024,linesman,Michel Cormier,COL,SJS,4,7,11,1,6,4,8,14
2023-12-31,2023020572,20232024,referee,Chris Rooney,DAL,CHI,3,3,6,1,5,0,6,6
2023-12-31,2023020572,20232024,referee,Steve Kozari,DAL,CHI,3,3,6,1,5,0,6,6
2023-12-31,2023020572,20232024,linesman,Mitch Hunt,DAL,CHI,3,3,6,1,5,0,6,6
2023-12-31,2023020572,20232024,linesman,Derek Nansen,DAL,CHI,3,3,6,1,5,0,6,6
2024-01-01,2023020573,20232024,referee,Dan O'Rourke,SEA,VGK,1,2,3,0,1,2,2,4
2024-01-01,2023020573,20232024,referee,Graham Skilliter,SEA,VGK,1,2,3,0,1,2,2,4
2024-01-01,2023020573,20232024,linesman,Ryan Gibbons,SEA,VGK,1,2,3,0,1,2,2,4
2024-01-01,2023020573,20232024,linesman,Kiel Murchison,SEA,VGK,1,2,3,0,1,2,2,4
2024-01-02,2023020574,20232024,referee,Kyle Rehman,CBJ,BOS,4,2,6,4,2,0,8,4
2024-01-02,2023020574,20232024,referee,Peter MacDougall,CBJ,BOS,4,2,6,4,2,0,8,4
2024-01-02,2023020574,20232024,linesman,Jesse Marquis,CBJ,BOS,4,2,6,4,2,0,8,4
2024-01-02,2023020574,20232024,linesman,Mark Shewchyk,CBJ,BOS,4,2,6,4,2,0,8,4
2024-01-02,2023020575,20232024,referee,Kelly Sutherland,NYR,CAR,4,3,7,3,3,1,8,6
2024-01-02,2023020575,20232024,referee,Justin Kea,NYR,CAR,4,3,7,3,3,1,8,6
2024-01-02,2023020575,20232024,linesman,Scott Cherrey,NYR,CAR,4,3,7,3,3,1,8,6
2024-01-02,2023020575,20232024,linesman,Ryan Galloway,NYR,CAR,4,3,7,3,3,1,8,6
2024-01-02,2023020576,20232024,referee,Mitch Dunning,PIT,WSH,2,3,5,1,2,2,4,6
2024-01-02,2023020576,20232024,referee,Kendrick Nicholson,PIT,WSH,2,3,5,1,2,2,4,6
2024-01-02,2023020576,20232024,linesman,Andrew Smith,PIT,WSH,2,3,5,1,2,2,4,6
2024-01-02,2023020576,20232024,linesman,Derek Nansen,PIT,WSH,2,3,5,1,2,2,4,6
2024-01-02,2023020577,20232024,referee,Garrett Rank,DAL,MTL,3,1,4,0,1,3,6,2
2024-01-02,2023020577,20232024,referee,Ghislain Hebert,DAL,MTL,3,1,4,0,1,3,6,2
2024-01-02,2023020577,20232024,linesman,Kyle Flemington,DAL,MTL,3,1,4,0,1,3,6,2
2024-01-02,2023020577,20232024,linesman,Ben O'Quinn,DAL,MTL,3,1,4,0,1,3,6,2
2024-01-02,2023020578,20232024,referee,Wes McCauley,MIN,CGY,2,4,6,3,1,2,4,8
2024-01-02,2023020578,20232024,referee,Jean Hebert,MIN,CGY,2,4,6,3,1,2,4,8
2024-01-02,2023020578,20232024,linesman,Brandon Gawryletz,MIN,CGY,2,4,6,3,1,2,4,8
2024-01-02,2023020578,20232024,linesman,Michel Cormier,MIN,CGY,2,4,6,3,1,2,4,8
2024-01-02,2023020579,20232024,referee,Chris Rooney,NSH,CHI,3,4,7,2,2,3,6,8
2024-01-02,2023020579,20232024,referee,Frederick L'Ecuyer,NSH,CHI,3,4,7,2,2,3,6,8
2024-01-02,2023020579,20232024,linesman,James Tobias,NSH,CHI,3,4,7,2,2,3,6,8
2024-01-02,2023020579,20232024,linesman,Brandon Grillo,NSH,CHI,3,4,7,2,2,3,6,8
2024-01-02,2023020580,20232024,referee,Chris Schlenker,WPG,TBL,3,3,6,2,1,3,6,6
2024-01-02,2023020580,20232024,referee,Francis Charron,WPG,TBL,3,3,6,2,1,3,6,6
2024-01-02,2023020580,20232024,linesman,Justin Johnson,WPG,TBL,3,3,6,2,1,3,6,6
2024-01-02,2023020580,20232024,linesman,Steve Barton,WPG,TBL,3,3,6,2,1,3,6,6
2024-01-02,2023020581,20232024,referee,Jake Brenk,ARI,FLA,5,4,9,4,2,3,10,8
2024-01-02,2023020581,20232024,referee,Jordan Samuels-Thomas,ARI,FLA,5,4,9,4,2,3,10,8
2024-01-02,2023020581,20232024,linesman,Travis Gawryletz,ARI,FLA,5,4,9,4,2,3,10,8
2024-01-02,2023020581,20232024,linesman,Caleb Apperson,ARI,FLA,5,4,9,4,2,3,10,8
2024-01-02,2023020582,20232024,referee,Jon McIsaac,COL,NYI,3,5,8,3,2,3,6,10
2024-01-02,2023020582,20232024,referee,Michael Markovic,COL,NYI,3,5,8,3,2,3,6,10
2024-01-02,2023020582,20232024,linesman,Julien Fournier,COL,NYI,3,5,8,3,2,3,6,10
2024-01-02,2023020582,20232024,linesman,Joe Mahon,COL,NYI,3,5,8,3,2,3,6,10
2024-01-02,2023020583,20232024,referee,Tom Chmielewski,EDM,PHI,5,4,9,4,3,2,10,8
2024-01-02,2023020583,20232024,referee,Cody Beach,EDM,PHI,5,4,9,4,3,2,10,8
2024-01-02,2023020583,20232024,linesman,Devin Berg,EDM,PHI,5,4,9,4,3,2,10,8
2024-01-02,2023020583,20232024,linesman,Travis Toomey,EDM,PHI,5,4,9,4,3,2,10,8
2024-01-02,2023020584,20232024,referee,Chris Lee,VAN,OTT,1,1,2,1,1,0,2,2
2024-01-02,2023020584,20232024,referee,Pierre Lambert,VAN,OTT,1,1,2,1,1,0,2,2
2024-01-02,2023020584,20232024,linesman,Bevan Mills,VAN,OTT,1,1,2,1,1,0,2,2
2024-01-02,2023020584,20232024,linesman,Jonathan Deschamps,VAN,OTT,1,1,2,1,1,0,2,2
2024-01-02,2023020585,20232024,referee,Steve Kozari,LAK,TOR,4,3,7,2,2,3,8,6
2024-01-02,2023020585,20232024,referee,Morgan MacPhee,LAK,TOR,4,3,7,2,2,3,8,6
2024-01-02,2023020585,20232024,linesman,CJ Murray,LAK,TOR,4,3,7,2,2,3,8,6
2024-01-02,2023020585,20232024,linesman,Trent Knorr,LAK,TOR,4,3,7,2,2,3,8,6
2024-01-02,2023020586,20232024,referee,Furman South,SJS,DET,5,3,8,1,3,4,10,6
2024-01-02,2023020586,20232024,referee,Trevor Hanson,SJS,DET,5,3,8,1,3,4,10,6
2024-01-02,2023020586,20232024,linesman,Libor Suchanek,SJS,DET,5,3,8,1,3,4,10,6
2024-01-02,2023020586,20232024,linesman,Mitch Hunt,SJS,DET,5,3,8,1,3,4,10,6
2024-01-03,2023020587,20232024,referee,Kelly Sutherland,WSH,NJD,2,4,6,2,1,3,4,8
2024-01-03,2023020587,20232024,referee,Brandon Blandina,WSH,NJD,2,4,6,2,1,3,4,8
2024-01-03,2023020587,20232024,linesman,Scott Cherrey,WSH,NJD,2,4,6,2,1,3,4,8
2024-01-03,2023020587,20232024,linesman,Matt MacPherson,WSH,NJD,2,4,6,2,1,3,4,8
2024-01-03,2023020588,20232024,referee,Jon McIsaac,ANA,TOR,7,2,9,1,3,5,14,4
2024-01-03,2023020588,20232024,referee,Furman South,ANA,TOR,7,2,9,1,3,5,14,4
2024-01-03,2023020588,20232024,linesman,Libor Suchanek,ANA,TOR,7,2,9,1,3,5,14,4
2024-01-03,2023020588,20232024,linesman,CJ Murray,ANA,TOR,7,2,9,1,3,5,14,4
2024-01-04,2023020589,20232024,referee,Brian Pochmara,BOS,PIT,3,2,5,1,2,2,6,4
2024-01-04,2023020589,20232024,referee,Kevin Pollock,BOS,PIT,3,2,5,1,2,2,6,4
2024-01-04,2023020589,20232024,linesman,David Brisebois,BOS,PIT,3,2,5,1,2,2,6,4
2024-01-04,2023020589,20232024,linesman,Dan Kelly,BOS,PIT,3,2,5,1,2,2,6,4
2024-01-04,2023020590,20232024,referee,Graham Skilliter,MTL,BUF,6,5,11,2,4,5,12,10
2024-01-04,2023020590,20232024,referee,Beau Halkidis,MTL,BUF,6,5,11,2,4,5,12,10
2024-01-04,2023020590,20232024,linesman,Michel Cormier,MTL,BUF,6,5,11,2,4,5,12,10
2024-01-04,2023020590,20232024,linesman,Bryan Pancich,MTL,BUF,6,5,11,2,4,5,12,10
2024-01-04,2023020591,20232024,referee,Corey Syvret,NYR,CHI,3,2,5,0,3,2,6,4
2024-01-04,2023020591,20232024,referee,Kendrick Nicholson,NYR,CHI,3,2,5,0,3,2,6,4
2024-01-04,2023020591,20232024,linesman,Kiel Murchison,NYR,CHI,3,2,5,0,3,2,6,4
2024-01-04,2023020591,20232024,linesman,Matt MacPherson,NYR,CHI,3,2,5,0,3,2,6,4
2024-01-04,2023020592,20232024,referee,Eric Furlatt,PHI,CBJ,5,4,9,4,3,2,10,8
2024-01-04,2023020592,20232024,referee,Brandon Blandina,PHI,CBJ,5,4,9,4,3,2,10,8
2024-01-04,2023020592,20232024,linesman,Tommy Hughes,PHI,CBJ,5,4,9,4,3,2,10,8
2024-01-04,2023020592,20232024,linesman,Derek Nansen,PHI,CBJ,5,4,9,4,3,2,10,8
2024-01-04,2023020593,20232024,referee,Wes McCauley,DAL,COL,3,3,6,2,4,0,6,6
2024-01-04,2023020593,20232024,referee,Brandon Schrader,DAL,COL,3,3,6,2,4,0,6,6
2024-01-04,2023020593,20232024,linesman,Kyle Flemington,DAL,COL,3,3,6,2,4,0,6,6
2024-01-04,2023020593,20232024,linesman,James Tobias,DAL,COL,3,3,6,2,4,0,6,6
2024-01-04,2023020594,20232024,referee,Francis Charron,MIN,TBL,3,1,4,3,0,1,6,2
2024-01-04,2023020594,20232024,referee,Michael Markovic,MIN,TBL,3,1,4,3,0,1,6,2
2024-01-04,2023020594,20232024,linesman,Julien Fournier,MIN,TBL,3,1,4,3,0,1,6,2
2024-01-04,2023020594,20232024,linesman,Ryan Galloway,MIN,TBL,3,1,4,3,0,1,6,2
2024-01-04,2023020595,20232024,referee,Jean Hebert,NSH,CGY,4,2,6,3,3,0,8,4
2024-01-04,2023020595,20232024,referee,Frederick L'Ecuyer,NSH,CGY,4,2,6,3,3,0,8,4
2024-01-04,2023020595,20232024,linesman,Ben O'Quinn,NSH,CGY,4,2,6,3,3,0,8,4
2024-01-04,2023020595,20232024,linesman,Kilian McNamara,NSH,CGY,4,2,6,3,3,0,8,4
2024-01-04,2023020596,20232024,referee,Dan O'Rourke,STL,VAN,1,2,3,1,2,0,2,4
2024-01-04,2023020596,20232024,referee,Ghislain Hebert,STL,VAN,1,2,3,1,2,0,2,4
2024-01-04,2023020596,20232024,linesman,Shandor Alphonso,STL,VAN,1,2,3,1,2,0,2,4
2024-01-04,2023020596,20232024,linesman,Mark Shewchyk,STL,VAN,1,2,3,1,2,0,2,4
2024-01-04,2023020597,20232024,referee,Kyle Rehman,ARI,NYI,2,2,4,1,2,1,4,4
2024-01-04,2023020597,20232024,referee,Peter MacDougall,ARI,NYI,2,2,4,1,2,1,4,4
2024-01-04,2023020597,20232024,linesman,Trent Knorr,ARI,NYI,2,2,4,1,2,1,4,4
2024-01-04,2023020597,20232024,linesman,Tyson Baker,ARI,NYI,2,2,4,1,2,1,4,4
2024-01-04,2023020598,20232024,referee,Tom Chmielewski,SEA,OTT,4,2,6,4,1,1,8,4
2024-01-04,2023020598,20232024,referee,Steve Kozari,SEA,OTT,4,2,6,4,1,1,8,4
2024-01-04,2023020598,20232024,linesman,Jonathan Deschamps,SEA,OTT,4,2,6,4,1,1,8,4
2024-01-04,2023020598,20232024,linesman,Joe Mahon,SEA,OTT,4,2,6,4,1,1,8,4
2024-01-04,2023020599,20232024,referee,Garrett Rank,VGK,FLA,8,8,16,3,7,6,16,16
2024-01-04,2023020599,20232024,referee,Furman South,VGK,FLA,8,8,16,3,7,6,16,16
2024-01-04,2023020599,20232024,linesman,Travis Gawryletz,VGK,FLA,8,8,16,3,7,6,16,16
2024-01-04,2023020599,20232024,linesman,Ryan Daisy,VGK,FLA,8,8,16,3,7,6,16,16
2024-01-04,2023020600,20232024,referee,Thomas John Luxmore,LAK,DET,2,2,4,0,3,1,4,4
2024-01-04,2023020600,20232024,referee,Carter Sandlak,LAK,DET,2,2,4,0,3,1,4,4
2024-01-04,2023020600,20232024,linesman,Libor Suchanek,LAK,DET,2,2,4,0,3,1,4,4
2024-01-04,2023020600,20232024,linesman,CJ Murray,LAK,DET,2,2,4,0,3,1,4,4
2024-01-04,2023020601,20232024,referee,Francois St-Laurent,SJS,WPG,1,2,3,0,1,2,2,4
2024-01-04,2023020601,20232024,referee,Chris Lee,SJS,WPG,1,2,3,0,1,2,2,4
2024-01-04,2023020601,20232024,linesman,Caleb Apperson,SJS,WPG,1,2,3,0,1,2,2,4
2024-01-04,2023020601,20232024,linesman,Ryan Jackson,SJS,WPG,1,2,3,0,1,2,2,4
2024-01-05,2023020602,20232024,referee,Eric Furlatt,NJD,CHI,8,9,17,7,9,1,16,18
2024-01-05,2023020602,20232024,referee,Kevin Pollock,NJD,CHI,8,9,17,7,9,1,16,18
2024-01-05,2023020602,20232024,linesman,Ryan Gibbons,NJD,CHI,8,9,17,7,9,1,16,18
2024-01-05,2023020602,20232024,linesman,Jesse Marquis,NJD,CHI,8,9,17,7,9,1,16,18
2024-01-05,2023020603,20232024,referee,Trevor Hanson,WSH,CAR,3,3,6,3,0,3,6,6
2024-01-05,2023020603,20232024,referee,Brandon Blandina,WSH,CAR,3,3,6,3,0,3,6,6
2024-01-05,2023020603,20232024,linesman,Scott Cherrey,WSH,CAR,3,3,6,3,0,3,6,6
2024-01-05,2023020603,20232024,linesman,Kiel Murchison,WSH,CAR,3,3,6,3,0,3,6,6
2024-01-05,2023020604,20232024,referee,Jon McIsaac,ANA,WPG,2,3,5,3,0,2,4,6
2024-01-05,2023020604,20232024,referee,Thomas John Luxmore,ANA,WPG,2,3,5,3,0,2,4,6
2024-01-05,2023020604,20232024,linesman,Tyson Baker,ANA,WPG,2,3,5,3,0,2,4,6
2024-01-05,2023020604,20232024,linesman,Jonny Murray,ANA,WPG,2,3,5,3,0,2,4,6
2024-01-06,2023020605,20232024,referee,Francis Charron,PHI,CGY,7,10,17,4,5,8,14,20
2024-01-06,2023020605,20232024,referee,Ghislain Hebert,PHI,CGY,7,10,17,4,5,8,14,20
2024-01-06,2023020605,20232024,linesman,Matt MacPherson,PHI,CGY,7,10,17,4,5,8,14,20
2024-01-06,2023020605,20232024,linesman,Ben O'Quinn,PHI,CGY,7,10,17,4,5,8,14,20
2024-01-06,2023020606,20232024,referee,Dan O'Rourke,COL,FLA,6,5,11,3,4,4,12,10
2024-01-06,2023020606,20232024,referee,Carter Sandlak,COL,FLA,6,5,11,3,4,4,12,10
2024-01-06,2023020606,20232024,linesman,Brandon Gawryletz,COL,FLA,6,5,11,3,4,4,12,10
2024-01-06,2023020606,20232024,linesman,CJ Murray,COL,FLA,6,5,11,3,4,4,12,10
2024-01-06,2023020607,20232024,referee,Chris Rooney,BOS,TBL,4,4,8,3,3,2,8,8
2024-01-06,2023020607,20232024,referee,Brandon Schrader,BOS,TBL,4,4,8,3,3,2,8,8
2024-01-06,2023020607,20232024,linesman,Scott Cherrey,BOS,TBL,4,4,8,3,3,2,8,8
2024-01-06,2023020607,20232024,linesman,Tommy Hughes,BOS,TBL,4,4,8,3,3,2,8,8
2024-01-06,2023020609,20232024,referee,Frederick L'Ecuyer,CBJ,MIN,5,5,10,3,5,2,10,10
2024-01-06,2023020609,20232024,referee,Mitch Dunning,CBJ,MIN,5,5,10,3,5,2,10,10
2024-01-06,2023020609,20232024,linesman,Shandor Alphonso,CBJ,MIN,5,5,10,3,5,2,10,10
2024-01-06,2023020609,20232024,linesman,Mark Shewchyk,CBJ,MIN,5,5,10,3,5,2,10,10
2024-01-06,2023020610,20232024,referee,Graham Skilliter,MTL,NYR,3,1,4,1,2,1,6,2
2024-01-06,2023020610,20232024,referee,Pierre Lambert,MTL,NYR,3,1,4,1,2,1,6,2
2024-01-06,2023020610,20232024,linesman,Bryan Pancich,MTL,NYR,3,1,4,1,2,1,6,2
2024-01-06,2023020610,20232024,linesman,David Brisebois,MTL,NYR,3,1,4,1,2,1,6,2
2024-01-06,2023020611,20232024,referee,Eric Furlatt,NJD,VAN,1,2,3,1,0,2,2,4
2024-01-06,2023020611,20232024,referee,Cody Beach,NJD,VAN,1,2,3,1,0,2,2,4
2024-01-06,2023020611,20232024,linesman,Ryan Gibbons,NJD,VAN,1,2,3,1,0,2,2,4
2024-01-06,2023020611,20232024,linesman,Jesse Marquis,NJD,VAN,1,2,3,1,0,2,2,4
2024-01-06,2023020612,20232024,referee,Furman South,PIT,BUF,3,5,8,0,5,3,6,10
2024-01-06,2023020612,20232024,referee,Brian Pochmara,PIT,BUF,3,5,8,0,5,3,6,10
2024-01-06,2023020612,20232024,linesman,Kyle Flemington,PIT,BUF,3,5,8,0,5,3,6,10
2024-01-06,2023020612,20232024,linesman,Brandon Grillo,PIT,BUF,3,5,8,0,5,3,6,10
2024-01-06,2023020613,20232024,referee,Francois St-Laurent,SJS,TOR,2,0,2,2,0,0,4,0
2024-01-06,2023020613,20232024,referee,Chris Lee,SJS,TOR,2,0,2,2,0,0,4,0
2024-01-06,2023020613,20232024,linesman,Libor Suchanek,SJS,TOR,2,0,2,2,0,0,4,0
2024-01-06,2023020613,20232024,linesman,Ryan Daisy,SJS,TOR,2,0,2,2,0,0,4,0
2024-01-06,2023020608,20232024,referee,Trevor Hanson,CAR,STL,1,1,2,1,1,0,2,2
2024-01-06,2023020608,20232024,referee,Corey Syvret,CAR,STL,1,1,2,1,1,0,2,2
2024-01-06,2023020608,20232024,linesman,Julien Fournier,CAR,STL,1,1,2,1,1,0,2,2
2024-01-06,2023020608,20232024,linesman,Kiel Murchison,CAR,STL,1,1,2,1,1,0,2,2
2024-01-06,2023020614,20232024,referee,Michael Markovic,DAL,NSH,1,2,3,2,1,0,2,4
2024-01-06,2023020614,20232024,referee,Peter MacDougall,DAL,NSH,1,2,3,2,1,0,2,4
2024-01-06,2023020614,20232024,linesman,James Tobias,DAL,NSH,1,2,3,2,1,0,2,4
2024-01-06,2023020614,20232024,linesman,Kilian McNamara,DAL,NSH,1,2,3,2,1,0,2,4
2024-01-06,2023020615,20232024,referee,Chris Schlenker,EDM,OTT,3,3,6,3,1,2,6,6
2024-01-06,2023020615,20232024,referee,Tom Chmielewski,EDM,OTT,3,3,6,3,1,2,6,6
2024-01-06,2023020615,20232024,linesman,Bevan Mills,EDM,OTT,3,3,6,3,1,2,6,6
2024-01-06,2023020615,20232024,linesman,Justin Johnson,EDM,OTT,3,3,6,3,1,2,6,6
2024-01-06,2023020616,20232024,referee,Garrett Rank,VGK,NYI,2,1,3,1,1,1,4,2
2024-01-06,2023020616,20232024,referee,Thomas John Luxmore,VGK,NYI,2,1,3,1,1,1,4,2
2024-01-06,2023020616,20232024,linesman,Caleb Apperson,VGK,NYI,2,1,3,1,1,1,4,2
2024-01-06,2023020616,20232024,linesman,Jonny Murray,VGK,NYI,2,1,3,1,1,1,4,2
2024-01-07,2023020617,20232024,referee,Jon McIsaac,CHI,CGY,3,3,6,2,2,2,6,6
2024-01-07,2023020617,20232024,referee,Justin Kea,CHI,CGY,3,3,6,2,2,2,6,6
2024-01-07,2023020617,20232024,linesman,Ryan Galloway,CHI,CGY,3,3,6,2,2,2,6,6
2024-01-07,2023020617,20232024,linesman,Dan Kelly,CHI,CGY,3,3,6,2,2,2,6,6
2024-01-07,2023020618,20232024,referee,Ghislain Hebert,WSH,LAK,3,1,4,1,2,1,6,2
2024-01-07,2023020618,20232024,referee,Kevin Pollock,WSH,LAK,3,1,4,1,2,1,6,2
2024-01-07,2023020618,20232024,linesman,Steve Barton,WSH,LAK,3,1,4,1,2,1,6,2
2024-01-07,2023020618,20232024,linesman,Ben O'Quinn,WSH,LAK,3,1,4,1,2,1,6,2
2024-01-07,2023020619,20232024,referee,Dan O'Rourke,ARI,WPG,4,2,6,3,2,1,8,4
2024-01-07,2023020619,20232024,referee,Carter Sandlak,ARI,WPG,4,2,6,3,2,1,8,4
2024-01-07,2023020619,20232024,linesman,Libor Suchanek,ARI,WPG,4,2,6,3,2,1,8,4
2024-01-07,2023020619,20232024,linesman,CJ Murray,ARI,WPG,4,2,6,3,2,1,8,4
2024-01-07,2023020620,20232024,referee,Francois St-Laurent,ANA,DET,5,4,9,3,4,2,10,8
2024-01-07,2023020620,20232024,referee,Chris Lee,ANA,DET,5,4,9,3,4,2,10,8
2024-01-07,2023020620,20232024,linesman,Ryan Daisy,ANA,DET,5,4,9,3,4,2,10,8
2024-01-07,2023020620,20232024,linesman,Tyson Baker,ANA,DET,5,4,9,3,4,2,10,8
2024-01-08,2023020621,20232024,referee,Kyle Rehman,NYR,VAN,0,2,2,1,0,1,0,4
2024-01-08,2023020621,20232024,referee,Brandon Schrader,NYR,VAN,0,2,2,1,0,1,0,4
2024-01-08,2023020621,20232024,linesman,Shandor Alphonso,NYR,VAN,0,2,2,1,0,1,0,4
2024-01-08,2023020621,20232024,linesman,Steve Barton,NYR,VAN,0,2,2,1,0,1,0,4
2024-01-08,2023020622,20232024,referee,Trevor Hanson,PHI,PIT,8,4,12,7,0,5,16,8
2024-01-08,2023020622,20232024,referee,Graham Skilliter,PHI,PIT,8,4,12,7,0,5,16,8
2024-01-08,2023020622,20232024,linesman,Kiel Murchison,PHI,PIT,8,4,12,7,0,5,16,8
2024-01-08,2023020622,20232024,linesman,Jesse Marquis,PHI,PIT,8,4,12,7,0,5,16,8
2024-01-08,2023020623,20232024,referee,Brian Pochmara,MIN,DAL,2,6,8,5,1,2,4,12
2024-01-08,2023020623,20232024,referee,Peter MacDougall,MIN,DAL,2,6,8,5,1,2,4,12
2024-01-08,2023020623,20232024,linesman,Ryan Gibbons,MIN,DAL,2,6,8,5,1,2,4,12
2024-01-08,2023020623,20232024,linesman,Dan Kelly,MIN,DAL,2,6,8,5,1,2,4,12
2024-01-08,2023020624,20232024,referee,Dan O'Rourke,COL,BOS,3,7,10,5,3,2,6,14
2024-01-08,2023020624,20232024,referee,Thomas John Luxmore,COL,BOS,3,7,10,5,3,2,6,14
2024-01-08,2023020624,20232024,linesman,Andrew Smith,COL,BOS,3,7,10,5,3,2,6,14
2024-01-08,2023020624,20232024,linesman,Jonny Murray,COL,BOS,3,7,10,5,3,2,6,14
2024-01-09,2023020625,20232024,referee,Kelly Sutherland,BUF,SEA,1,1,2,1,0,1,2,2
2024-01-09,2023020625,20232024,referee,Michael Markovic,BUF,SEA,1,1,2,1,0,1,2,2
2024-01-09,2023020625,20232024,linesman,Julien Fournier,BUF,SEA,1,1,2,1,0,1,2,2
2024-01-09,2023020625,20232024,linesman,James Tobias,BUF,SEA,1,1,2,1,0,1,2,2
2024-01-09,2023020626,20232024,referee,Jean Hebert,TBL,LAK,2,3,5,1,3,1,4,6
2024-01-09,2023020626,20232024,referee,Pierre Lambert,TBL,LAK,2,3,5,1,3,1,4,6
2024-01-09,2023020626,20232024,linesman,Derek Nansen,TBL,LAK,2,3,5,1,3,1,4,6
2024-01-09,2023020626,20232024,linesman,Devin Berg,TBL,LAK,2,3,5,1,3,1,4,6
2024-01-09,2023020627,20232024,referee,Kevin Pollock,TOR,SJS,1,3,4,1,1,2,2,6
2024-01-09,2023020627,20232024,referee,Jordan Samuels-Thomas,TOR,SJS,1,3,4,1,1,2,2,6
2024-01-09,2023020627,20232024,linesman,Ben O'Quinn,TOR,SJS,1,3,4,1,1,2,2,6
2024-01-09,2023020627,20232024,linesman,Mark Shewchyk,TOR,SJS,1,3,4,1,1,2,2,6
2024-01-09,2023020628,20232024,referee,Kyle Rehman,NYI,VAN,4,2,6,1,4,1,8,4
2024-01-09,2023020628,20232024,referee,Cody Beach,NYI,VAN,4,2,6,1,4,1,8,4
2024-01-09,2023020628,20232024,linesman,Michel Cormier,NYI,VAN,4,2,6,1,4,1,8,4
2024-01-09,2023020628,20232024,linesman,Ryan Jackson,NYI,VAN,4,2,6,1,4,1,8,4
2024-01-09,2023020629,20232024,referee,Graham Skilliter,NSH,ANA,3,3,6,2,1,3,6,6
2024-01-09,2023020629,20232024,referee,Carter Sandlak,NSH,ANA,3,3,6,2,1,3,6,6
2024-01-09,2023020629,20232024,linesman,Kiel Murchison,NSH,ANA,3,3,6,2,1,3,6,6
2024-01-09,2023020629,20232024,linesman,Ryan Galloway,NSH,ANA,3,3,6,2,1,3,6,6
2024-01-09,2023020630,20232024,referee,Steve Kozari,STL,FLA,5,6,11,5,3,3,10,12
2024-01-09,2023020630,20232024,referee,Justin Kea,STL,FLA,5,6,11,5,3,3,10,12
2024-01-09,2023020630,20232024,linesman,Libor Suchanek,STL,FLA,5,6,11,5,3,3,10,12
2024-01-09,2023020630,20232024,linesman,Bryan Pancich,STL,FLA,5,6,11,5,3,3,10,12
2024-01-09,2023020631,20232024,referee,Wes McCauley,WPG,CBJ,4,4,8,0,6,2,8,8
2024-01-09,2023020631,20232024,referee,Beau Halkidis,WPG,CBJ,4,4,8,0,6,2,8,8
2024-01-09,2023020631,20232024,linesman,Trent Knorr,WPG,CBJ,4,4,8,0,6,2,8,8
2024-01-09,2023020631,20232024,linesman,Travis Toomey,WPG,CBJ,4,4,8,0,6,2,8,8
2024-01-09,2023020632,20232024,referee,Furman South,CHI,EDM,1,3,4,1,1,2,2,6
2024-01-09,2023020632,20232024,referee,Brian Pochmara,CHI,EDM,1,3,4,1,1,2,2,6
2024-01-09,2023020632,20232024,linesman,Ryan Gibbons,CHI,EDM,1,3,4,1,1,2,2,6
2024-01-09,2023020632,20232024,linesman,Dan Kelly,CHI,EDM,1,3,4,1,1,2,2,6
2024-01-09,2023020633,20232024,referee,Francois St-Laurent,ARI,BOS,6,5,11,6,2,3,12,10
2024-01-09,2023020633,20232024,referee,Kendrick Nicholson,ARI,BOS,6,5,11,6,2,3,12,10
2024-01-09,2023020633,20232024,linesman,Tyson Baker,ARI,BOS,6,5,11,6,2,3,12,10
2024-01-09,2023020633,20232024,linesman,Jonny Murray,ARI,BOS,6,5,11,6,2,3,12,10
2024-01-09,2023020634,20232024,referee,Chris Schlenker,CGY,OTT,3,2,5,2,3,0,6,4
2024-01-09,2023020634,20232024,referee,Morgan MacPhee,CGY,OTT,3,2,5,2,3,0,6,4
2024-01-09,2023020634,20232024,linesman,Caleb Apperson,CGY,OTT,3,2,5,2,3,0,6,4
2024-01-09,2023020634,20232024,linesman,Ryan Daisy,CGY,OTT,3,2,5,2,3,0,6,4
2024-01-10,2023020635,20232024,referee,Frederick L'Ecuyer,PHI,MTL,1,2,3,1,2,0,2,4
2024-01-10,2023020635,20232024,referee,Brandon Schrader,PHI,MTL,1,2,3,1,2,0,2,4
2024-01-10,2023020635,20232024,linesman,Jonathan Deschamps,PHI,MTL,1,2,3,1,2,0,2,4
2024-01-10,2023020635,20232024,linesman,Kilian McNamara,PHI,MTL,1,2,3,1,2,0,2,4
2024-01-10,2023020636,20232024,referee,Trevor Hanson,DAL,MIN,3,3,6,1,3,2,6,6
2024-01-10,2023020636,20232024,referee,Steve Kozari,DAL,MIN,3,3,6,1,3,2,6,6
2024-01-10,2023020636,20232024,linesman,Bevan Mills,DAL,MIN,3,3,6,1,3,2,6,6
2024-01-10,2023020636,20232024,linesman,Travis Gawryletz,DAL,MIN,3,3,6,1,3,2,6,6
2024-01-10,2023020637,20232024,referee,Chris Rooney,COL,VGK,4,4,8,4,2,2,8,8
2024-01-10,2023020637,20232024,referee,Kendrick Nicholson,COL,VGK,4,4,8,4,2,2,8,8
2024-01-10,2023020637,20232024,linesman,Andrew Smith,COL,VGK,4,4,8,4,2,2,8,8
2024-01-10,2023020637,20232024,linesman,Brad Kovachik,COL,VGK,4,4,8,4,2,2,8,8
2024-01-11,2023020638,20232024,referee,Francis Charron,BUF,OTT,4,3,7,3,3,1,8,6
2024-01-11,2023020638,20232024,referee,Kelly Sutherland,BUF,OTT,4,3,7,3,3,1,8,6
2024-01-11,2023020638,20232024,linesman,Mitch Hunt,BUF,OTT,4,3,7,3,3,1,8,6
2024-01-11,2023020638,20232024,linesman,Ben O'Quinn,BUF,OTT,4,3,7,3,3,1,8,6
2024-01-11,2023020639,20232024,referee,Garrett Rank,CAR,ANA,6,4,10,1,6,3,12,8
2024-01-11,2023020639,20232024,referee,Cody Beach,CAR,ANA,6,4,10,1,6,3,12,8
2024-01-11,2023020639,20232024,linesman,Justin Johnson,CAR,ANA,6,4,10,1,6,3,12,8
2024-01-11,2023020639,20232024,linesman,Jonathan Deschamps,CAR,ANA,6,4,10,1,6,3,12,8
2024-01-11,2023020640,20232024,referee,Jean Hebert,DET,EDM,3,4,7,1,5,1,6,8
2024-01-11,2023020640,20232024,referee,Justin Kea,DET,EDM,3,4,7,1,5,1,6,8
2024-01-11,2023020640,20232024,linesman,Kilian McNamara,DET,EDM,3,4,7,1,5,1,6,8
2024-01-11,2023020640,20232024,linesman,Bryan Pancich,DET,EDM,3,4,7,1,5,1,6,8
2024-01-11,2023020641,20232024,referee,Brian Pochmara,FLA,LAK,4,3,7,1,5,1,8,6
2024-01-11,2023020641,20232024,referee,Pierre Lambert,FLA,LAK,4,3,7,1,5,1,8,6
2024-01-11,2023020641,20232024,linesman,Devin Berg,FLA,LAK,4,3,7,1,5,1,8,6
2024-01-11,2023020641,20232024,linesman,David Brisebois,FLA,LAK,4,3,7,1,5,1,8,6
2024-01-11,2023020642,20232024,referee,Ghislain Hebert,MTL,SJS,4,2,6,0,3,3,8,4
2024-01-11,2023020642,20232024,referee,Eric Furlatt,MTL,SJS,4,2,6,0,3,3,8,4
2024-01-11,2023020642,20232024,linesman,Scott Cherrey,MTL,SJS,4,2,6,0,3,3,8,4
2024-01-11,2023020642,20232024,linesman,Kyle Flemington,MTL,SJS,4,2,6,0,3,3,8,4
2024-01-11,2023020643,20232024,referee,Chris Schlenker,PIT,VAN,2,4,6,2,1,3,4,8
2024-01-11,2023020643,20232024,referee,Frederick L'Ecuyer,PIT,VAN,2,4,6,2,1,3,4,8
2024-01-11,2023020643,20232024,linesman,Julien Fournier,PIT,VAN,2,4,6,2,1,3,4,8
2024-01-11,2023020643,20232024,linesman,Tommy Hughes,PIT,VAN,2,4,6,2,1,3,4,8
2024-01-11,2023020644,20232024,referee,Furman South,TBL,NJD,3,5,8,3,4,1,6,10
2024-01-11,2023020644,20232024,referee,Tom Chmielewski,TBL,NJD,3,5,8,3,4,1,6,10
2024-01-11,2023020644,20232024,linesman,Derek Nansen,TBL,NJD,3,5,8,3,4,1,6,10
2024-01-11,2023020644,20232024,linesman,Ryan Galloway,TBL,NJD,3,5,8,3,4,1,6,10
2024-01-11,2023020645,20232024,referee,Jon McIsaac,WSH,SEA,1,1,2,0,0,2,2,2
2024-01-11,2023020645,20232024,referee,Brandon Schrader,WSH,SEA,1,1,2,0,0,2,2,2
2024-01-11,2023020645,20232024,linesman,Matt MacPherson,WSH,SEA,1,1,2,0,0,2,2,2
2024-01-11,2023020645,20232024,linesman,Ryan Jackson,WSH,SEA,1,1,2,0,0,2,2,2
2024-01-11,2023020646,20232024,referee,Corey Syvret,NYI,TOR,1,3,4,2,2,0,2,6
2024-01-11,2023020646,20232024,referee,Jake Brenk,NYI,TOR,1,3,4,2,2,0,2,6
2024-01-11,2023020646,20232024,linesman,Michel Cormier,NYI,TOR,1,3,4,2,2,0,2,6
2024-01-11,2023020646,20232024,linesman,Dan Kelly,NYI,TOR,1,3,4,2,2,0,2,6
2024-01-11,2023020647,20232024,referee,Kyle Rehman,STL,NYR,3,4,7,1,4,2,6,8
2024-01-11,2023020647,20232024,referee,Trevor Hanson,STL,NYR,3,4,7,1,4,2,6,8
2024-01-11,2023020647,20232024,linesman,Bevan Mills,STL,NYR,3,4,7,1,4,2,6,8
2024-01-11,2023020647,20232024,linesman,Travis Gawryletz,STL,NYR,3,4,7,1,4,2,6,8
2024-01-11,2023020648,20232024,referee,Wes McCauley,WPG,CHI,2,4,6,1,4,1,4,8
2024-01-11,2023020648,20232024,referee,Mitch Dunning,WPG,CHI,2,4,6,1,4,1,4,8
2024-01-11,2023020648,20232024,linesman,Trent Knorr,WPG,CHI,2,4,6,1,4,1,4,8
2024-01-11,2023020648,20232024,linesman,Travis Toomey,WPG,CHI,2,4,6,1,4,1,4,8
2024-01-11,2023020649,20232024,referee,Chris Rooney,ARI,CGY,4,2,6,2,3,1,8,4
2024-01-11,2023020649,20232024,referee,Francois St-Laurent,ARI,CGY,4,2,6,2,3,1,8,4
2024-01-11,2023020649,20232024,linesman,Brandon Grillo,ARI,CGY,4,2,6,2,3,1,8,4
2024-01-11,2023020649,20232024,linesman,Jonny Murray,ARI,CGY,4,2,6,2,3,1,8,4
2024-01-11,2023020650,20232024,referee,Chris Lee,VGK,BOS,3,5,8,2,2,4,6,10
2024-01-11,2023020650,20232024,referee,Kendrick Nicholson,VGK,BOS,3,5,8,2,2,4,6,10
2024-01-11,2023020650,20232024,linesman,Andrew Smith,VGK,BOS,3,5,8,2,2,4,6,10
2024-01-11,2023020650,20232024,linesman,Tyson Baker,VGK,BOS,3,5,8,2,2,4,6,10
2024-01-12,2023020651,20232024,referee,Dan O'Rourke,DAL,NSH,5,3,8,1,3,4,10,6
2024-01-12,2023020651,20232024,referee,Michael Markovic,DAL,NSH,5,3,8,1,3,4,10,6
2024-01-12,2023020651,20232024,linesman,Brandon Gawryletz,DAL,NSH,5,3,8,1,3,4,10,6
2024-01-12,2023020651,20232024,linesman,Caleb Apperson,DAL,NSH,5,3,8,1,3,4,10,6
2024-01-12,2023020652,20232024,referee,Brandon Blandina,MIN,PHI,2,2,4,1,3,0,4,4
2024-01-12,2023020652,20232024,referee,Steve Kozari,MIN,PHI,2,2,4,1,3,0,4,4
2024-01-12,2023020652,20232024,linesman,CJ Murray,MIN,PHI,2,2,4,1,3,0,4,4
2024-01-12,2023020652,20232024,linesman,Brad Kovachik,MIN,PHI,2,2,4,1,3,0,4,4
2024-01-13,2023020653,20232024,referee,Garrett Rank,WSH,NYR,5,5,10,6,1,3,10,10
2024-01-13,2023020653,20232024,referee,Jake Brenk,WSH,NYR,5,5,10,6,1,3,10,10
2024-01-13,2023020653,20232024,linesman,Libor Suchanek,WSH,NYR,5,5,10,6,1,3,10,10
2024-01-13,2023020653,20232024,linesman,Michel Cormier,WSH,NYR,5,5,10,6,1,3,10,10
2024-01-13,2023020654,20232024,referee,Peter MacDougall,BUF,VAN,4,5,9,1,7,1,8,10
2024-01-13,2023020654,20232024,referee,Jordan Samuels-Thomas,BUF,VAN,4,5,9,1,7,1,8,10
2024-01-13,2023020654,20232024,linesman,Tommy Hughes,BUF,VAN,4,5,9,1,7,1,8,10
2024-01-13,2023020654,20232024,linesman,Dan Kelly,BUF,VAN,4,5,9,1,7,1,8,10
2024-01-13,2023020655,20232024,referee,Jon McIsaac,OTT,SJS,2,2,4,2,2,0,4,4
2024-01-13,2023020655,20232024,referee,Wes McCauley,OTT,SJS,2,2,4,2,2,0,4,4
2024-01-13,2023020655,20232024,linesman,Kyle Flemington,OTT,SJS,2,2,4,2,2,0,4,4
2024-01-13,2023020655,20232024,linesman,Steve Barton,OTT,SJS,2,2,4,2,2,0,4,4
2024-01-13,2023020656,20232024,referee,Furman South,FLA,NJD,2,2,4,0,1,3,4,4
2024-01-13,2023020656,20232024,referee,Ghislain Hebert,FLA,NJD,2,2,4,0,1,3,4,4
2024-01-13,2023020656,20232024,linesman,Derek Nansen,FLA,NJD,2,2,4,0,1,3,4,4
2024-01-13,2023020656,20232024,linesman,Ryan Galloway,FLA,NJD,2,2,4,0,1,3,4,4
2024-01-13,2023020657,20232024,referee,Francois St-Laurent,CAR,PIT,5,4,9,2,6,1,10,8
2024-01-13,2023020657,20232024,referee,Kevin Pollock,CAR,PIT,5,4,9,2,6,1,10,8
2024-01-13,2023020657,20232024,linesman,Justin Johnson,CAR,PIT,5,4,9,2,6,1,10,8
2024-01-13,2023020657,20232024,linesman,Jonathan Deschamps,CAR,PIT,5,4,9,2,6,1,10,8
2024-01-13,2023020658,20232024,referee,Chris Schlenker,CBJ,SEA,2,3,5,1,4,0,4,6
2024-01-13,2023020658,20232024,referee,Justin Kea,CBJ,SEA,2,3,5,1,4,0,4,6
2024-01-13,2023020658,20232024,linesman,Mitch Hunt,CBJ,SEA,2,3,5,1,4,0,4,6
2024-01-13,2023020658,20232024,linesman,Bryan Pancich,CBJ,SEA,2,3,5,1,4,0,4,6
2024-01-13,2023020659,20232024,referee,Dan O'Rourke,DET,LAK,3,3,6,2,2,2,6,6
2024-01-13,2023020659,20232024,referee,Frederick L'Ecuyer,DET,LAK,3,3,6,2,2,2,6,6
2024-01-13,2023020659,20232024,linesman,Julien Fournier,DET,LAK,3,3,6,2,2,2,6,6
2024-01-13,2023020659,20232024,linesman,Mark Shewchyk,DET,LAK,3,3,6,2,2,2,6,6
2024-01-13,2023020660,20232024,referee,Francis Charron,MTL,EDM,4,4,8,2,1,5,8,8
2024-01-13,2023020660,20232024,referee,Corey Syvret,MTL,EDM,4,4,8,2,1,5,8,8
2024-01-13,2023020660,20232024,linesman,Ryan Daisy,MTL,EDM,4,4,8,2,1,5,8,8
2024-01-13,2023020660,20232024,linesman,Matt MacPherson,MTL,EDM,4,4,8,2,1,5,8,8
2024-01-13,2023020661,20232024,referee,Thomas John Luxmore,TBL,ANA,5,5,10,0,8,2,10,10
2024-01-13,2023020661,20232024,referee,Pierre Lambert,TBL,ANA,5,5,10,0,8,2,10,10
2024-01-13,2023020661,20232024,linesman,Devin Berg,TBL,ANA,5,5,10,0,8,2,10,10
2024-01-13,2023020661,20232024,linesman,David Brisebois,TBL,ANA,5,5,10,0,8,2,10,10
2024-01-13,2023020662,20232024,referee,Kelly Sutherland,TOR,COL,4,1,5,0,3,2,8,2
2024-01-13,2023020662,20232024,referee,Kendrick Nicholson,TOR,COL,4,1,5,0,3,2,8,2
2024-01-13,2023020662,20232024,linesman,Shandor Alphonso,TOR,COL,4,1,5,0,3,2,8,2
2024-01-13,2023020662,20232024,linesman,Ben O'Quinn,TOR,COL,4,1,5,0,3,2,8,2
2024-01-13,2023020663,20232024,referee,Mitch Dunning,WPG,PHI,2,3,5,1,3,1,4,6
2024-01-13,2023020663,20232024,referee,Eric Furlatt,WPG,PHI,2,3,5,1,3,1,4,6
2024-01-13,2023020663,20232024,linesman,Scott Cherrey,WPG,PHI,2,3,5,1,3,1,4,6
2024-01-13,2023020663,20232024,linesman,Joe Mahon,WPG,PHI,2,3,5,1,3,1,4,6
2024-01-13,2023020664,20232024,referee,Jean Hebert,CHI,DAL,3,2,5,3,1,1,6,4
2024-01-13,2023020664,20232024,referee,Carter Sandlak,CHI,DAL,3,2,5,3,1,1,6,4
2024-01-13,2023020664,20232024,linesman,Andrew Smith,CHI,DAL,3,2,5,3,1,1,6,4
2024-01-13,2023020664,20232024,linesman,Kilian McNamara,CHI,DAL,3,2,5,3,1,1,6,4
2024-01-13,2023020665,20232024,referee,Chris Lee,MIN,ARI,4,4,8,3,4,1,8,8
2024-01-13,2023020665,20232024,referee,Brandon Blandina,MIN,ARI,4,4,8,3,4,1,8,8
2024-01-13,2023020665,20232024,linesman,CJ Murray,MIN,ARI,4,4,8,3,4,1,8,8
2024-01-13,2023020665,20232024,linesman,Brad Kovachik,MIN,ARI,4,4,8,3,4,1,8,8
2024-01-13,2023020666,20232024,referee,Trevor Hanson,NSH,NYI,2,3,5,1,3,1,4,6
2024-01-13,2023020666,20232024,referee,Tom Chmielewski,NSH,NYI,2,3,5,1,3,1,4,6
2024-01-13,2023020666,20232024,linesman,Bevan Mills,NSH,NYI,2,3,5,1,3,1,4,6
2024-01-13,2023020666,20232024,linesman,Brandon Gawryletz,NSH,NYI,2,3,5,1,3,1,4,6
2024-01-13,2023020667,20232024,referee,Kyle Rehman,STL,BOS,4,3,7,1,2,4,8,6
2024-01-13,2023020667,20232024,referee,Michael Markovic,STL,BOS,4,3,7,1,2,4,8,6
2024-01-13,2023020667,20232024,linesman,Travis Gawryletz,STL,BOS,4,3,7,1,2,4,8,6
2024-01-13,2023020667,20232024,linesman,Caleb Apperson,STL,BOS,4,3,7,1,2,4,8,6
2024-01-13,2023020668,20232024,referee,Chris Rooney,VGK,CGY,2,2,4,3,0,1,4,4
2024-01-13,2023020668,20232024,referee,Graham Skilliter,VGK,CGY,2,2,4,3,0,1,4,4
2024-01-13,2023020668,20232024,linesman,James Tobias,VGK,CGY,2,2,4,3,0,1,4,4
2024-01-13,2023020668,20232024,linesman,Brandon Grillo,VGK,CGY,2,2,4,3,0,1,4,4
2024-01-14,2023020669,20232024,referee,Brian Pochmara,NYR,WSH,3,6,9,3,2,4,6,12
2024-01-14,2023020669,20232024,referee,Jake Brenk,NYR,WSH,3,6,9,3,2,4,6,12
2024-01-14,2023020669,20232024,linesman,Ryan Jackson,NYR,WSH,3,6,9,3,2,4,6,12
2024-01-14,2023020669,20232024,linesman,Jesse Marquis,NYR,WSH,3,6,9,3,2,4,6,12
2024-01-14,2023020670,20232024,referee,Francis Charron,TOR,DET,2,3,5,4,1,0,4,6
2024-01-14,2023020670,20232024,referee,Kelly Sutherland,TOR,DET,2,3,5,4,1,0,4,6
2024-01-14,2023020670,20232024,linesman,Tommy Hughes,TOR,DET,2,3,5,4,1,0,4,6
2024-01-14,2023020670,20232024,linesman,Matt MacPherson,TOR,DET,2,3,5,4,1,0,4,6
2024-01-15,2023020672,20232024,referee,Kendrick Nicholson,BUF,SJS,3,3,6,0,2,4,6,6
2024-01-15,2023020672,20232024,referee,Peter MacDougall,BUF,SJS,3,3,6,0,2,4,6,6
2024-01-15,2023020672,20232024,linesman,Shandor Alphonso,BUF,SJS,3,3,6,0,2,4,6,6
2024-01-15,2023020672,20232024,linesman,Brad Kovachik,BUF,SJS,3,3,6,0,2,4,6,6
2024-01-15,2023020671,20232024,referee,Corey Syvret,BOS,NJD,2,5,7,2,2,3,4,10
2024-01-15,2023020671,20232024,referee,Kevin Pollock,BOS,NJD,2,5,7,2,2,3,4,10
2024-01-15,2023020671,20232024,linesman,Kyle Flemington,BOS,NJD,2,5,7,2,2,3,4,10
2024-01-15,2023020671,20232024,linesman,Steve Barton,BOS,NJD,2,5,7,2,2,3,4,10
2024-01-15,2023020673,20232024,referee,Chris Schlenker,CBJ,VAN,3,4,7,2,5,0,6,8
2024-01-15,2023020673,20232024,referee,Chris Rooney,CBJ,VAN,3,4,7,2,5,0,6,8
2024-01-15,2023020673,20232024,linesman,Julien Fournier,CBJ,VAN,3,4,7,2,5,0,6,8
2024-01-15,2023020673,20232024,linesman,CJ Murray,CBJ,VAN,3,4,7,2,5,0,6,8
2024-01-15,2023020674,20232024,referee,Ghislain Hebert,FLA,ANA,8,7,15,2,7,6,16,14
2024-01-15,2023020674,20232024,referee,Pierre Lambert,FLA,ANA,8,7,15,2,7,6,16,14
2024-01-15,2023020674,20232024,linesman,Jonathan Deschamps,FLA,ANA,8,7,15,2,7,6,16,14
2024-01-15,2023020674,20232024,linesman,Jonny Murray,FLA,ANA,8,7,15,2,7,6,16,14
2024-01-15,2023020677,20232024,referee,Dan O'Rourke,PIT,SEA,2,2,4,1,1,2,4,4
2024-01-15,2023020677,20232024,referee,Brandon Blandina,PIT,SEA,2,2,4,1,1,2,4,4
2024-01-15,2023020677,20232024,linesman,Devin Berg,PIT,SEA,2,2,4,1,1,2,4,4
2024-01-15,2023020677,20232024,linesman,Bryan Pancich,PIT,SEA,2,2,4,1,1,2,4,4
2024-01-15,2023020675,20232024,referee,Garrett Rank,CAR,LAK,4,5,9,4,3,2,8,10
2024-01-15,2023020675,20232024,referee,Brian Pochmara,CAR,LAK,4,5,9,4,3,2,8,10
2024-01-15,2023020675,20232024,linesman,Derek Nansen,CAR,LAK,4,5,9,4,3,2,8,10
2024-01-15,2023020675,20232024,linesman,David Brisebois,CAR,LAK,4,5,9,4,3,2,8,10
2024-01-15,2023020676,20232024,referee,Jean Hebert,MIN,NYI,5,6,11,4,4,3,10,12
2024-01-15,2023020676,20232024,referee,Michael Markovic,MIN,NYI,5,6,11,4,4,3,10,12
2024-01-15,2023020676,20232024,linesman,Scott Cherrey,MIN,NYI,5,6,11,4,4,3,10,12
2024-01-15,2023020676,20232024,linesman,Joe Mahon,MIN,NYI,5,6,11,4,4,3,10,12
2024-01-15,2023020680,20232024,referee,Kyle Rehman,VGK,NSH,4,2,6,1,4,1,8,4
2024-01-15,2023020680,20232024,referee,Tom Chmielewski,VGK,NSH,4,2,6,1,4,1,8,4
2024-01-15,2023020680,20232024,linesman,James Tobias,VGK,NSH,4,2,6,1,4,1,8,4
2024-01-15,2023020680,20232024,linesman,Travis Gawryletz,VGK,NSH,4,2,6,1,4,1,8,4
2024-01-15,2023020678,20232024,referee,Jon McIsaac,MTL,COL,5,3,8,2,2,4,10,6
2024-01-15,2023020678,20232024,referee,Wes McCauley,MTL,COL,5,3,8,2,2,4,10,6
2024-01-15,2023020678,20232024,linesman,Michel Cormier,MTL,COL,5,3,8,2,2,4,10,6
2024-01-15,2023020678,20232024,linesman,Mark Shewchyk,MTL,COL,5,3,8,2,2,4,10,6
2024-01-15,2023020679,20232024,referee,Frederick L'Ecuyer,STL,PHI,2,3,5,3,2,0,4,6
2024-01-15,2023020679,20232024,referee,Carter Sandlak,STL,PHI,2,3,5,3,2,0,4,6
2024-01-15,2023020679,20232024,linesman,Bevan Mills,STL,PHI,2,3,5,3,2,0,4,6
2024-01-15,2023020679,20232024,linesman,Brandon Gawryletz,STL,PHI,2,3,5,3,2,0,4,6
2024-01-16,2023020681,20232024,referee,Chris Schlenker,NYR,SEA,2,2,4,3,0,1,4,4
2024-01-16,2023020681,20232024,referee,Wes McCauley,NYR,SEA,2,2,4,3,0,1,4,4
2024-01-16,2023020681,20232024,linesman,Kyle Flemington,NYR,SEA,2,2,4,3,0,1,4,4
2024-01-16,2023020681,20232024,linesman,Jesse Marquis,NYR,SEA,2,2,4,3,0,1,4,4
2024-01-16,2023020682,20232024,referee,Francis Charron,OTT,COL,5,5,10,5,3,2,10,10
2024-01-16,2023020682,20232024,referee,Kevin Pollock,OTT,COL,5,5,10,5,3,2,10,10
2024-01-16,2023020682,20232024,linesman,Tommy Hughes,OTT,COL,5,5,10,5,3,2,10,10
2024-01-16,2023020682,20232024,linesman,Mark Shewchyk,OTT,COL,5,5,10,5,3,2,10,10
2024-01-16,2023020683,20232024,referee,Kelly Sutherland,WSH,ANA,3,2,5,3,2,0,6,4
2024-01-16,2023020683,20232024,referee,Corey Syvret,WSH,ANA,3,2,5,3,2,0,6,4
2024-01-16,2023020683,20232024,linesman,Libor Suchanek,WSH,ANA,3,2,5,3,2,0,6,4
2024-01-16,2023020683,20232024,linesman,Derek Nansen,WSH,ANA,3,2,5,3,2,0,6,4
2024-01-16,2023020684,20232024,referee,Frederick L'Ecuyer,DAL,LAK,4,1,5,1,2,2,8,2
2024-01-16,2023020684,20232024,referee,Brandon Schrader,DAL,LAK,4,1,5,1,2,2,8,2
2024-01-16,2023020684,20232024,linesman,Brandon Gawryletz,DAL,LAK,4,1,5,1,2,2,8,2
2024-01-16,2023020684,20232024,linesman,Ryan Daisy,DAL,LAK,4,1,5,1,2,2,8,2
2024-01-16,2023020685,20232024,referee,Graham Skilliter,WPG,NYI,2,5,7,2,4,1,4,10
2024-01-16,2023020685,20232024,referee,Justin Kea,WPG,NYI,2,5,7,2,4,1,4,10
2024-01-16,2023020685,20232024,linesman,Kiel Murchison,WPG,NYI,2,5,7,2,4,1,4,10
2024-01-16,2023020685,20232024,linesman,Matt MacPherson,WPG,NYI,2,5,7,2,4,1,4,10
2024-01-16,2023020686,20232024,referee,Michael Markovic,CHI,SJS,3,4,7,3,4,0,6,8
2024-01-16,2023020686,20232024,referee,Peter MacDougall,CHI,SJS,3,4,7,3,4,0,6,8
2024-01-16,2023020686,20232024,linesman,CJ Murray,CHI,SJS,3,4,7,3,4,0,6,8
2024-01-16,2023020686,20232024,linesman,Bevan Mills,CHI,SJS,3,4,7,3,4,0,6,8
2024-01-16,2023020687,20232024,referee,Thomas John Luxmore,CGY,ARI,4,5,9,5,3,1,8,10
2024-01-16,2023020687,20232024,referee,Cody Beach,CGY,ARI,4,5,9,5,3,1,8,10
2024-01-16,2023020687,20232024,linesman,Trent Knorr,CGY,ARI,4,5,9,5,3,1,8,10
2024-01-16,2023020687,20232024,linesman,Caleb Apperson,CGY,ARI,4,5,9,5,3,1,8,10
2024-01-16,2023020688,20232024,referee,Chris Lee,EDM,TOR,1,1,2,1,1,0,2,2
2024-01-16,2023020688,20232024,referee,Steve Kozari,EDM,TOR,1,1,2,1,1,0,2,2
2024-01-16,2023020688,20232024,linesman,Ryan Gibbons,EDM,TOR,1,1,2,1,1,0,2,2
2024-01-16,2023020688,20232024,linesman,Travis Toomey,EDM,TOR,1,1,2,1,1,0,2,2
2024-01-17,2023020689,20232024,referee,Jean Hebert,FLA,DET,6,5,11,6,2,3,12,10
2024-01-17,2023020689,20232024,referee,Jake Brenk,FLA,DET,6,5,11,6,2,3,12,10
2024-01-17,2023020689,20232024,linesman,Shandor Alphonso,FLA,DET,6,5,11,6,2,3,12,10
2024-01-17,2023020689,20232024,linesman,Jonathan Deschamps,FLA,DET,6,5,11,6,2,3,12,10
2024-01-17,2023020690,20232024,referee,Kelly Sutherland,NJD,MTL,1,4,5,1,4,0,2,8
2024-01-17,2023020690,20232024,referee,Carter Sandlak,NJD,MTL,1,4,5,1,4,0,2,8
2024-01-17,2023020690,20232024,linesman,Andrew Smith,NJD,MTL,1,4,5,1,4,0,2,8
2024-01-17,2023020690,20232024,linesman,Libor Suchanek,NJD,MTL,1,4,5,1,4,0,2,8
2024-01-18,2023020691,20232024,referee,Garrett Rank,BUF,CHI,5,5,10,2,4,4,10,10
2024-01-18,2023020691,20232024,referee,Brandon Blandina,BUF,CHI,5,5,10,2,4,4,10,10
2024-01-18,2023020691,20232024,linesman,Steve Barton,BUF,CHI,5,5,10,2,4,4,10,10
2024-01-18,2023020691,20232024,linesman,Brad Kovachik,BUF,CHI,5,5,10,2,4,4,10,10
2024-01-18,2023020692,20232024,referee,Francois St-Laurent,BOS,COL,2,3,5,2,2,1,4,6
2024-01-18,2023020692,20232024,referee,Morgan MacPhee,BOS,COL,2,3,5,2,2,1,4,6
2024-01-18,2023020692,20232024,linesman,Andrew Smith,BOS,COL,2,3,5,2,2,1,4,6
2024-01-18,2023020692,20232024,linesman,Jesse Marquis,BOS,COL,2,3,5,2,2,1,4,6
2024-01-18,2023020693,20232024,referee,Furman South,OTT,MTL,5,3,8,0,2,6,10,6
2024-01-18,2023020693,20232024,referee,Ghislain Hebert,OTT,MTL,5,3,8,0,2,6,10,6
2024-01-18,2023020693,20232024,linesman,Mark Shewchyk,OTT,MTL,5,3,8,0,2,6,10,6
2024-01-18,2023020693,20232024,linesman,Dan Kelly,OTT,MTL,5,3,8,0,2,6,10,6
2024-01-18,2023020694,20232024,referee,Francis Charron,PHI,DAL,2,4,6,0,4,2,4,8
2024-01-18,2023020694,20232024,referee,Carter Sandlak,PHI,DAL,2,4,6,0,4,2,4,8
2024-01-18,2023020694,20232024,linesman,Libor Suchanek,PHI,DAL,2,4,6,0,4,2,4,8
2024-01-18,2023020694,20232024,linesman,Ryan Jackson,PHI,DAL,2,4,6,0,4,2,4,8
2024-01-18,2023020695,20232024,referee,Jake Brenk,TBL,MIN,4,5,9,3,1,5,8,10
2024-01-18,2023020695,20232024,referee,Eric Furlatt,TBL,MIN,4,5,9,3,1,5,8,10
2024-01-18,2023020695,20232024,linesman,Shandor Alphonso,TBL,MIN,4,5,9,3,1,5,8,10
2024-01-18,2023020695,20232024,linesman,Ryan Daisy,TBL,MIN,4,5,9,3,1,5,8,10
2024-01-18,2023020696,20232024,referee,Chris Schlenker,WSH,STL,5,4,9,4,5,0,10,8
2024-01-18,2023020696,20232024,referee,Kendrick Nicholson,WSH,STL,5,4,9,4,5,0,10,8
2024-01-18,2023020696,20232024,linesman,Julien Fournier,WSH,STL,5,4,9,4,5,0,10,8
2024-01-18,2023020696,20232024,linesman,Mitch Hunt,WSH,STL,5,4,9,4,5,0,10,8
2024-01-18,2023020697,20232024,referee,Thomas John Luxmore,CGY,TOR,3,4,7,2,3,2,6,8
2024-01-18,2023020697,20232024,referee,Graham Skilliter,CGY,TOR,3,4,7,2,3,2,6,8
2024-01-18,2023020697,20232024,linesman,Ryan Gibbons,CGY,TOR,3,4,7,2,3,2,6,8
2024-01-18,2023020697,20232024,linesman,Kiel Murchison,CGY,TOR,3,4,7,2,3,2,6,8
2024-01-18,2023020698,20232024,referee,Chris Lee,EDM,SEA,7,4,11,4,3,4,14,8
2024-01-18,2023020698,20232024,referee,Steve Kozari,EDM,SEA,7,4,11,4,3,4,14,8
2024-01-18,2023020698,20232024,linesman,Trent Knorr,EDM,SEA,7,4,11,4,3,4,14,8
2024-01-18,2023020698,20232024,linesman,Caleb Apperson,EDM,SEA,7,4,11,4,3,4,14,8
2024-01-18,2023020699,20232024,referee,Kyle Rehman,LAK,NSH,3,5,8,4,3,1,6,10
2024-01-18,2023020699,20232024,referee,Peter MacDougall,LAK,NSH,3,5,8,4,3,1,6,10
2024-01-18,2023020699,20232024,linesman,Brandon Grillo,LAK,NSH,3,5,8,4,3,1,6,10
2024-01-18,2023020699,20232024,linesman,Kilian McNamara,LAK,NSH,3,5,8,4,3,1,6,10
2024-01-18,2023020700,20232024,referee,Trevor Hanson,VAN,ARI,3,6,9,2,6,1,6,12
2024-01-18,2023020700,20232024,referee,Justin Kea,VAN,ARI,3,6,9,2,6,1,6,12
2024-01-18,2023020700,20232024,linesman,Travis Toomey,VAN,ARI,3,6,9,2,6,1,6,12
2024-01-18,2023020700,20232024,linesman,Ben O'Quinn,VAN,ARI,3,6,9,2,6,1,6,12
2024-01-18,2023020701,20232024,referee,Tom Chmielewski,VGK,NYR,3,3,6,2,2,2,6,6
2024-01-18,2023020701,20232024,referee,Brandon Schrader,VGK,NYR,3,3,6,2,2,2,6,6
2024-01-18,2023020701,20232024,linesman,Bevan Mills,VGK,NYR,3,3,6,2,2,2,6,6
2024-01-18,2023020701,20232024,linesman,Ryan Galloway,VGK,NYR,3,3,6,2,2,2,6,6
2024-01-19,2023020702,20232024,referee,Chris Schlenker,CAR,DET,1,1,2,0,1,1,2,2
2024-01-19,2023020702,20232024,referee,Kendrick Nicholson,CAR,DET,1,1,2,0,1,1,2,2
2024-01-19,2023020702,20232024,linesman,Julien Fournier,CAR,DET,1,1,2,0,1,1,2,2
2024-01-19,2023020702,20232024,linesman,Jonny Murray,CAR,DET,1,1,2,0,1,1,2,2
2024-01-19,2023020703,20232024,referee,Jon McIsaac,CBJ,NJD,4,3,7,4,2,1,8,6
2024-01-19,2023020703,20232024,referee,Cody Beach,CBJ,NJD,4,3,7,4,2,1,8,6
2024-01-19,2023020703,20232024,linesman,Jesse Marquis,CBJ,NJD,4,3,7,4,2,1,8,6
2024-01-19,2023020703,20232024,linesman,Tyson Baker,CBJ,NJD,4,3,7,4,2,1,8,6
2024-01-19,2023020704,20232024,referee,Jake Brenk,FLA,MIN,8,6,14,6,8,0,16,12
2024-01-19,2023020704,20232024,referee,Eric Furlatt,FLA,MIN,8,6,14,6,8,0,16,12
2024-01-19,2023020704,20232024,linesman,Shandor Alphonso,FLA,MIN,8,6,14,6,8,0,16,12
2024-01-19,2023020704,20232024,linesman,Ryan Daisy,FLA,MIN,8,6,14,6,8,0,16,12
2024-01-19,2023020705,20232024,referee,Kelly Sutherland,CHI,NYI,3,3,6,5,0,1,6,6
2024-01-19,2023020705,20232024,referee,Mitch Dunning,CHI,NYI,3,3,6,5,0,1,6,6
2024-01-19,2023020705,20232024,linesman,Justin Johnson,CHI,NYI,3,3,6,5,0,1,6,6
2024-01-19,2023020705,20232024,linesman,Devin Berg,CHI,NYI,3,3,6,5,0,1,6,6
2024-01-20,2023020706,20232024,referee,Kevin Pollock,BUF,TBL,3,2,5,1,2,2,6,4
2024-01-20,2023020706,20232024,referee,Morgan MacPhee,BUF,TBL,3,2,5,1,2,2,6,4
2024-01-20,2023020706,20232024,linesman,Scott Cherrey,BUF,TBL,3,2,5,1,2,2,6,4
2024-01-20,2023020706,20232024,linesman,Mark Shewchyk,BUF,TBL,3,2,5,1,2,2,6,4
2024-01-20,2023020707,20232024,referee,Francois St-Laurent,PHI,COL,2,3,5,3,1,1,4,6
2024-01-20,2023020707,20232024,referee,Ghislain Hebert,PHI,COL,2,3,5,3,1,1,4,6
2024-01-20,2023020707,20232024,linesman,Mitch Hunt,PHI,COL,2,3,5,3,1,1,4,6
2024-01-20,2023020707,20232024,linesman,Brad Kovachik,PHI,COL,2,3,5,3,1,1,4,6
2024-01-20,2023020708,20232024,referee,Jean Hebert,ARI,NSH,6,2,8,3,3,2,12,4
2024-01-20,2023020708,20232024,referee,Brandon Schrader,ARI,NSH,6,2,8,3,3,2,12,4
2024-01-20,2023020708,20232024,linesman,Michel Cormier,ARI,NSH,6,2,8,3,3,2,12,4
2024-01-20,2023020708,20232024,linesman,Bryan Pancich,ARI,NSH,6,2,8,3,3,2,12,4
2024-01-20,2023020709,20232024,referee,Furman South,OTT,WPG,4,4,8,3,5,0,8,8
2024-01-20,2023020709,20232024,referee,Pierre Lambert,OTT,WPG,4,4,8,3,5,0,8,8
2024-01-20,2023020709,20232024,linesman,James Tobias,OTT,WPG,4,4,8,3,5,0,8,8
2024-01-20,2023020709,20232024,linesman,Dan Kelly,OTT,WPG,4,4,8,3,5,0,8,8
2024-01-20,2023020710,20232024,referee,Chris Rooney,BOS,MTL,3,3,6,2,3,1,6,6
2024-01-20,2023020710,20232024,referee,Carter Sandlak,BOS,MTL,3,3,6,2,3,1,6,6
2024-01-20,2023020710,20232024,linesman,Matt MacPherson,BOS,MTL,3,3,6,2,3,1,6,6
2024-01-20,2023020710,20232024,linesman,Ryan Jackson,BOS,MTL,3,3,6,2,3,1,6,6
2024-01-20,2023020711,20232024,referee,Jon McIsaac,NJD,DAL,6,3,9,2,3,4,12,6
2024-01-20,2023020711,20232024,referee,Beau Halkidis,NJD,DAL,6,3,9,2,3,4,12,6
2024-01-20,2023020711,20232024,linesman,Andrew Smith,NJD,DAL,6,3,9,2,3,4,12,6
2024-01-20,2023020711,20232024,linesman,Libor Suchanek,NJD,DAL,6,3,9,2,3,4,12,6
2024-01-20,2023020712,20232024,referee,Tom Chmielewski,VAN,TOR,9,7,16,1,3,12,18,14
2024-01-20,2023020712,20232024,referee,Graham Skilliter,VAN,TOR,9,7,16,1,3,12,18,14
2024-01-20,2023020712,20232024,linesman,Trent Knorr,VAN,TOR,9,7,16,1,3,12,18,14
2024-01-20,2023020712,20232024,linesman,Caleb Apperson,VAN,TOR,9,7,16,1,3,12,18,14
2024-01-20,2023020713,20232024,referee,Wes McCauley,STL,WSH,6,5,11,2,6,3,12,10
2024-01-20,2023020713,20232024,referee,Mitch Dunning,STL,WSH,6,5,11,2,6,3,12,10
2024-01-20,2023020713,20232024,linesman,Justin Johnson,STL,WSH,6,5,11,2,6,3,12,10
2024-01-20,2023020713,20232024,linesman,Devin Berg,STL,WSH,6,5,11,2,6,3,12,10
2024-01-20,2023020714,20232024,referee,Trevor Hanson,CGY,EDM,2,3,5,2,2,1,4,6
2024-01-20,2023020714,20232024,referee,Brandon Blandina,CGY,EDM,2,3,5,2,2,1,4,6
2024-01-20,2023020714,20232024,linesman,Kiel Murchison,CGY,EDM,2,3,5,2,2,1,4,6
2024-01-20,2023020714,20232024,linesman,Ben O'Quinn,CGY,EDM,2,3,5,2,2,1,4,6
2024-01-20,2023020715,20232024,referee,Michael Markovic,SJS,ANA,5,4,9,1,2,6,10,8
2024-01-20,2023020715,20232024,referee,Peter MacDougall,SJS,ANA,5,4,9,1,2,6,10,8
2024-01-20,2023020715,20232024,linesman,Joe Mahon,SJS,ANA,5,4,9,1,2,6,10,8
2024-01-20,2023020715,20232024,linesman,Travis Toomey,SJS,ANA,5,4,9,1,2,6,10,8
2024-01-20,2023020716,20232024,referee,Thomas John Luxmore,VGK,PIT,1,4,5,2,1,2,2,8
2024-01-20,2023020716,20232024,referee,Jordan Samuels-Thomas,VGK,PIT,1,4,5,2,1,2,2,8
2024-01-20,2023020716,20232024,linesman,Ryan Gibbons,VGK,PIT,1,4,5,2,1,2,2,8
2024-01-20,2023020716,20232024,linesman,Ryan Galloway,VGK,PIT,1,4,5,2,1,2,2,8
2024-01-20,2023020717,20232024,referee,Kyle Rehman,LAK,NYR,3,1,4,1,1,2,6,2
2024-01-20,2023020717,20232024,referee,Corey Syvret,LAK,NYR,3,1,4,1,1,2,6,2
2024-01-20,2023020717,20232024,linesman,Travis Gawryletz,LAK,NYR,3,1,4,1,1,2,6,2
2024-01-20,2023020717,20232024,linesman,Kilian McNamara,LAK,NYR,3,1,4,1,1,2,6,2
2024-01-21,2023020718,20232024,referee,Francois St-Laurent,PHI,OTT,3,4,7,4,2,1,6,8
2024-01-21,2023020718,20232024,referee,Kendrick Nicholson,PHI,OTT,3,4,7,4,2,1,6,8
2024-01-21,2023020718,20232024,linesman,Julien Fournier,PHI,OTT,3,4,7,4,2,1,6,8
2024-01-21,2023020718,20232024,linesman,CJ Murray,PHI,OTT,3,4,7,4,2,1,6,8
2024-01-21,2023020719,20232024,referee,Jon McIsaac,CAR,MIN,2,4,6,2,3,1,4,8
2024-01-21,2023020719,20232024,referee,Kelly Sutherland,CAR,MIN,2,4,6,2,3,1,4,8
2024-01-21,2023020719,20232024,linesman,Kyle Flemington,CAR,MIN,2,4,6,2,3,1,4,8
2024-01-21,2023020719,20232024,linesman,Jonny Murray,CAR,MIN,2,4,6,2,3,1,4,8
2024-01-21,2023020720,20232024,referee,Chris Rooney,DET,TBL,3,2,5,0,2,3,6,4
2024-01-21,2023020720,20232024,referee,Kevin Pollock,DET,TBL,3,2,5,0,2,3,6,4
2024-01-21,2023020720,20232024,linesman,Brandon Gawryletz,DET,TBL,3,2,5,0,2,3,6,4
2024-01-21,2023020720,20232024,linesman,Tyson Baker,DET,TBL,3,2,5,0,2,3,6,4
2024-01-21,2023020721,20232024,referee,Brian Pochmara,NYI,DAL,3,0,3,2,1,0,6,0
2024-01-21,2023020721,20232024,referee,Frederick L'Ecuyer,NYI,DAL,3,0,3,2,1,0,6,0
2024-01-21,2023020721,20232024,linesman,Tommy Hughes,NYI,DAL,3,0,3,2,1,0,6,0
2024-01-21,2023020721,20232024,linesman,Brad Kovachik,NYI,DAL,3,0,3,2,1,0,6,0
2024-01-21,2023020722,20232024,referee,Michael Markovic,ANA,NYR,4,3,7,0,6,1,8,6
2024-01-21,2023020722,20232024,referee,Peter MacDougall,ANA,NYR,4,3,7,0,6,1,8,6
2024-01-21,2023020722,20232024,linesman,Travis Toomey,ANA,NYR,4,3,7,0,6,1,8,6
2024-01-21,2023020722,20232024,linesman,Bryan Pancich,ANA,NYR,4,3,7,0,6,1,8,6
2024-01-21,2023020723,20232024,referee,Kyle Rehman,SEA,TOR,3,3,6,4,2,0,6,6
2024-01-21,2023020723,20232024,referee,Tom Chmielewski,SEA,TOR,3,3,6,4,2,0,6,6
2024-01-21,2023020723,20232024,linesman,Travis Gawryletz,SEA,TOR,3,3,6,4,2,0,6,6
2024-01-21,2023020723,20232024,linesman,Caleb Apperson,SEA,TOR,3,3,6,4,2,0,6,6
2024-01-22,2023020724,20232024,referee,Furman South,BOS,WPG,3,3,6,2,2,2,6,6
2024-01-22,2023020724,20232024,referee,Ghislain Hebert,BOS,WPG,3,3,6,2,2,2,6,6
2024-01-22,2023020724,20232024,linesman,Julien Fournier,BOS,WPG,3,3,6,2,2,2,6,6
2024-01-22,2023020724,20232024,linesman,James Tobias,BOS,WPG,3,3,6,2,2,2,6,6
2024-01-22,2023020725,20232024,referee,Brian Pochmara,NJD,VGK,1,3,4,1,2,1,2,6
2024-01-22,2023020725,20232024,referee,Frederick L'Ecuyer,NJD,VGK,1,3,4,1,2,1,2,6
2024-01-22,2023020725,20232024,linesman,CJ Murray,NJD,VGK,1,3,4,1,2,1,2,6
2024-01-22,2023020725,20232024,linesman,Dan Kelly,NJD,VGK,1,3,4,1,2,1,2,6
2024-01-22,2023020726,20232024,referee,Dan O'Rourke,NSH,FLA,4,5,9,2,3,4,8,10
2024-01-22,2023020726,20232024,referee,Mitch Dunning,NSH,FLA,4,5,9,2,3,4,8,10
2024-01-22,2023020726,20232024,linesman,Justin Johnson,NSH,FLA,4,5,9,2,3,4,8,10
2024-01-22,2023020726,20232024,linesman,Devin Berg,NSH,FLA,4,5,9,2,3,4,8,10
2024-01-22,2023020727,20232024,referee,Michael Markovic,ARI,PIT,3,3,6,1,3,2,6,6
2024-01-22,2023020727,20232024,referee,Peter MacDougall,ARI,PIT,3,3,6,1,3,2,6,6
2024-01-22,2023020727,20232024,linesman,Michel Cormier,ARI,PIT,3,3,6,1,3,2,6,6
2024-01-22,2023020727,20232024,linesman,Kilian McNamara,ARI,PIT,3,3,6,1,3,2,6,6
2024-01-22,2023020728,20232024,referee,Francis Charron,VAN,CHI,5,3,8,2,5,1,10,6
2024-01-22,2023020728,20232024,referee,Corey Syvret,VAN,CHI,5,3,8,2,5,1,10,6
2024-01-22,2023020728,20232024,linesman,Kiel Murchison,VAN,CHI,5,3,8,2,5,1,10,6
2024-01-22,2023020728,20232024,linesman,Ben O'Quinn,VAN,CHI,5,3,8,2,5,1,10,6
2024-01-22,2023020729,20232024,referee,Jean Hebert,LAK,SJS,1,3,4,1,2,1,2,6
2024-01-22,2023020729,20232024,referee,Brandon Blandina,LAK,SJS,1,3,4,1,2,1,2,6
2024-01-22,2023020729,20232024,linesman,Travis Toomey,LAK,SJS,1,3,4,1,2,1,2,6
2024-01-22,2023020729,20232024,linesman,Bryan Pancich,LAK,SJS,1,3,4,1,2,1,2,6
2024-01-23,2023020730,20232024,referee,Garrett Rank,DET,DAL,2,4,6,4,0,2,4,8
2024-01-23,2023020730,20232024,referee,Ghislain Hebert,DET,DAL,2,4,6,4,0,2,4,8
2024-01-23,2023020730,20232024,linesman,Andrew Smith,DET,DAL,2,4,6,4,0,2,4,8
2024-01-23,2023020730,20232024,linesman,Matt MacPherson,DET,DAL,2,4,6,4,0,2,4,8
2024-01-23,2023020731,20232024,referee,Francois St-Laurent,MTL,OTT,5,5,10,3,5,2,10,10
2024-01-23,2023020731,20232024,referee,Jake Brenk,MTL,OTT,5,5,10,3,5,2,10,10
2024-01-23,2023020731,20232024,linesman,Tommy Hughes,MTL,OTT,5,5,10,3,5,2,10,10
2024-01-23,2023020731,20232024,linesman,Ryan Daisy,MTL,OTT,5,5,10,3,5,2,10,10
2024-01-23,2023020732,20232024,referee,Kelly Sutherland,PHI,TBL,4,3,7,2,5,0,8,6
2024-01-23,2023020732,20232024,referee,Eric Furlatt,PHI,TBL,4,3,7,2,5,0,8,6
2024-01-23,2023020732,20232024,linesman,Brandon Gawryletz,PHI,TBL,4,3,7,2,5,0,8,6
2024-01-23,2023020732,20232024,linesman,CJ Murray,PHI,TBL,4,3,7,2,5,0,8,6
2024-01-23,2023020733,20232024,referee,Furman South,NYI,VGK,3,3,6,0,1,5,6,6
2024-01-23,2023020733,20232024,referee,Brian Pochmara,NYI,VGK,3,3,6,0,1,5,6,6
2024-01-23,2023020733,20232024,linesman,Kyle Flemington,NYI,VGK,3,3,6,0,1,5,6,6
2024-01-23,2023020733,20232024,linesman,Brad Kovachik,NYI,VGK,3,3,6,0,1,5,6,6
2024-01-23,2023020734,20232024,referee,Chris Rooney,MIN,WSH,4,2,6,3,1,2,8,4
2024-01-23,2023020734,20232024,referee,Morgan MacPhee,MIN,WSH,4,2,6,3,1,2,8,4
2024-01-23,2023020734,20232024,linesman,Brandon Grillo,MIN,WSH,4,2,6,3,1,2,8,4
2024-01-23,2023020734,20232024,linesman,Ryan Galloway,MIN,WSH,4,2,6,3,1,2,8,4
2024-01-23,2023020735,20232024,referee,Chris Schlenker,CGY,STL,1,3,4,1,2,1,2,6
2024-01-23,2023020735,20232024,referee,Corey Syvret,CGY,STL,1,3,4,1,2,1,2,6
2024-01-23,2023020735,20232024,linesman,Scott Cherrey,CGY,STL,1,3,4,1,2,1,2,6
2024-01-23,2023020735,20232024,linesman,Derek Nansen,CGY,STL,1,3,4,1,2,1,2,6
2024-01-23,2023020736,20232024,referee,Francis Charron,EDM,CBJ,5,3,8,2,4,2,10,6
2024-01-23,2023020736,20232024,referee,Pierre Lambert,EDM,CBJ,5,3,8,2,4,2,10,6
2024-01-23,2023020736,20232024,linesman,Travis Gawryletz,EDM,CBJ,5,3,8,2,4,2,10,6
2024-01-23,2023020736,20232024,linesman,Jonathan Deschamps,EDM,CBJ,5,3,8,2,4,2,10,6
2024-01-23,2023020737,20232024,referee,Trevor Hanson,ANA,BUF,4,5,9,1,3,5,8,10
2024-01-23,2023020737,20232024,referee,Chris Lee,ANA,BUF,4,5,9,1,3,5,8,10
2024-01-23,2023020737,20232024,linesman,Michel Cormier,ANA,BUF,4,5,9,1,3,5,8,10
2024-01-23,2023020737,20232024,linesman,Jesse Marquis,ANA,BUF,4,5,9,1,3,5,8,10
2024-01-23,2023020738,20232024,referee,Jean Hebert,SJS,NYR,3,3,6,1,4,1,6,6
2024-01-23,2023020738,20232024,referee,Tom Chmielewski,SJS,NYR,3,3,6,1,4,1,6,6
2024-01-23,2023020738,20232024,linesman,Caleb Apperson,SJS,NYR,3,3,6,1,4,1,6,6
2024-01-23,2023020738,20232024,linesman,Kilian McNamara,SJS,NYR,3,3,6,1,4,1,6,6
2024-01-24,2023020739,20232024,referee,Wes McCauley,FLA,ARI,13,10,23,4,3,16,26,20
2024-01-24,2023020739,20232024,referee,Carter Sandlak,FLA,ARI,13,10,23,4,3,16,26,20
2024-01-24,2023020739,20232024,linesman,Bevan Mills,FLA,ARI,13,10,23,4,3,16,26,20
2024-01-24,2023020739,20232024,linesman,James Tobias,FLA,ARI,13,10,23,4,3,16,26,20
2024-01-24,2023020740,20232024,referee,Jon McIsaac,TOR,WPG,2,5,7,0,3,4,4,10
2024-01-24,2023020740,20232024,referee,Brandon Schrader,TOR,WPG,2,5,7,0,3,4,4,10
2024-01-24,2023020740,20232024,linesman,Shandor Alphonso,TOR,WPG,2,5,7,0,3,4,4,10
2024-01-24,2023020740,20232024,linesman,Steve Barton,TOR,WPG,2,5,7,0,3,4,4,10
2024-01-24,2023020741,20232024,referee,Eric Furlatt,BOS,CAR,3,4,7,3,3,1,6,8
2024-01-24,2023020741,20232024,referee,Beau Halkidis,BOS,CAR,3,4,7,3,3,1,6,8
2024-01-24,2023020741,20232024,linesman,Brandon Gawryletz,BOS,CAR,3,4,7,3,3,1,6,8
2024-01-24,2023020741,20232024,linesman,Brad Kovachik,BOS,CAR,3,4,7,3,3,1,6,8
2024-01-24,2023020742,20232024,referee,Kevin Pollock,COL,WSH,5,4,9,2,3,4,10,8
2024-01-24,2023020742,20232024,referee,Peter MacDougall,COL,WSH,5,4,9,2,3,4,10,8
2024-01-24,2023020742,20232024,linesman,Trent Knorr,COL,WSH,5,4,9,2,3,4,10,8
2024-01-24,2023020742,20232024,linesman,Bryan Pancich,COL,WSH,5,4,9,2,3,4,10,8
2024-01-24,2023020743,20232024,referee,Trevor Hanson,SEA,CHI,3,3,6,1,3,2,6,6
2024-01-24,2023020743,20232024,referee,Brandon Blandina,SEA,CHI,3,3,6,1,3,2,6,6
2024-01-24,2023020743,20232024,linesman,Mitch Hunt,SEA,CHI,3,3,6,1,3,2,6,6
2024-01-24,2023020743,20232024,linesman,Ben O'Quinn,SEA,CHI,3,3,6,1,3,2,6,6
2024-01-24,2023020744,20232024,referee,Francis Charron,VAN,STL,3,3,6,1,3,2,6,6
2024-01-24,2023020744,20232024,referee,Steve Kozari,VAN,STL,3,3,6,1,3,2,6,6
2024-01-24,2023020744,20232024,linesman,Derek Nansen,VAN,STL,3,3,6,1,3,2,6,6
2024-01-24,2023020744,20232024,linesman,Travis Toomey,VAN,STL,3,3,6,1,3,2,6,6
2024-01-24,2023020745,20232024,referee,Chris Lee,LAK,BUF,4,3,7,3,2,2,8,6
2024-01-24,2023020745,20232024,referee,Michael Markovic,LAK,BUF,4,3,7,3,2,2,8,6
2024-01-24,2023020745,20232024,linesman,Jesse Marquis,LAK,BUF,4,3,7,3,2,2,8,6
2024-01-24,2023020745,20232024,linesman,Mark Shewchyk,LAK,BUF,4,3,7,3,2,2,8,6
2024-01-25,2023020747,20232024,referee,Chris Rooney,DET,PHI,6,7,13,1,6,6,12,14
2024-01-25,2023020747,20232024,referee,Dan O'Rourke,DET,PHI,6,7,13,1,6,6,12,14
2024-01-25,2023020747,20232024,linesman,Libor Suchanek,DET,PHI,6,7,13,1,6,6,12,14
2024-01-25,2023020747,20232024,linesman,Joe Mahon,DET,PHI,6,7,13,1,6,6,12,14
2024-01-25,2023020748,20232024,referee,Jon McIsaac,MTL,NYI,5,5,10,5,4,1,10,10
2024-01-25,2023020748,20232024,referee,Francois St-Laurent,MTL,NYI,5,5,10,5,4,1,10,10
2024-01-25,2023020748,20232024,linesman,Steve Barton,MTL,NYI,5,5,10,5,4,1,10,10
2024-01-25,2023020748,20232024,linesman,Tommy Hughes,MTL,NYI,5,5,10,5,4,1,10,10
2024-01-25,2023020749,20232024,referee,Jake Brenk,OTT,BOS,4,9,13,5,7,1,8,18
2024-01-25,2023020749,20232024,referee,Brandon Schrader,OTT,BOS,4,9,13,5,7,1,8,18
2024-01-25,2023020749,20232024,linesman,Shandor Alphonso,OTT,BOS,4,9,13,5,7,1,8,18
2024-01-25,2023020749,20232024,linesman,Devin Berg,OTT,BOS,4,9,13,5,7,1,8,18
2024-01-25,2023020750,20232024,referee,Wes McCauley,TBL,ARI,1,3,4,0,2,2,2,6
2024-01-25,2023020750,20232024,referee,Thomas John Luxmore,TBL,ARI,1,3,4,0,2,2,2,6
2024-01-25,2023020750,20232024,linesman,Bevan Mills,TBL,ARI,1,3,4,0,2,2,2,6
2024-01-25,2023020750,20232024,linesman,James Tobias,TBL,ARI,1,3,4,0,2,2,2,6
2024-01-25,2023020746,20232024,referee,Carter Sandlak,CAR,NJD,3,4,7,1,2,4,6,8
2024-01-25,2023020746,20232024,referee,Kendrick Nicholson,CAR,NJD,3,4,7,1,2,4,6,8
2024-01-25,2023020746,20232024,linesman,David Brisebois,CAR,NJD,3,4,7,1,2,4,6,8
2024-01-25,2023020746,20232024,linesman,Dan Kelly,CAR,NJD,3,4,7,1,2,4,6,8
2024-01-25,2023020751,20232024,referee,Jean Hebert,DAL,ANA,1,3,4,0,1,3,2,6
2024-01-25,2023020751,20232024,referee,Jordan Samuels-Thomas,DAL,ANA,1,3,4,0,1,3,2,6
2024-01-25,2023020751,20232024,linesman,Trent Knorr,DAL,ANA,1,3,4,0,1,3,2,6
2024-01-25,2023020751,20232024,linesman,Ryan Galloway,DAL,ANA,1,3,4,0,1,3,2,6
2024-01-25,2023020752,20232024,referee,Garrett Rank,MIN,NSH,3,5,8,1,6,1,6,10
2024-01-25,2023020752,20232024,referee,Ghislain Hebert,MIN,NSH,3,5,8,1,6,1,6,10
2024-01-25,2023020752,20232024,linesman,Michel Cormier,MIN,NSH,3,5,8,1,6,1,6,10
2024-01-25,2023020752,20232024,linesman,Matt MacPherson,MIN,NSH,3,5,8,1,6,1,6,10
2024-01-25,2023020753,20232024,referee,Corey Syvret,CGY,CBJ,2,2,4,0,3,1,4,4
2024-01-25,2023020753,20232024,referee,Steve Kozari,CGY,CBJ,2,2,4,0,3,1,4,4
2024-01-25,2023020753,20232024,linesman,Travis Gawryletz,CGY,CBJ,2,2,4,0,3,1,4,4
2024-01-25,2023020753,20232024,linesman,Jonathan Deschamps,CGY,CBJ,2,2,4,0,3,1,4,4
2024-01-25,2023020754,20232024,referee,Graham Skilliter,EDM,CHI,1,2,3,3,0,0,2,4
2024-01-25,2023020754,20232024,referee,Pierre Lambert,EDM,CHI,1,2,3,3,0,0,2,4
2024-01-25,2023020754,20232024,linesman,Scott Cherrey,EDM,CHI,1,2,3,3,0,0,2,4
2024-01-25,2023020754,20232024,linesman,Derek Nansen,EDM,CHI,1,2,3,3,0,0,2,4
2024-01-26,2023020755,20232024,referee,Kelly Sutherland,NYR,VGK,2,2,4,1,3,0,4,4
2024-01-26,2023020755,20232024,referee,Eric Furlatt,NYR,VGK,2,2,4,1,3,0,4,4
2024-01-26,2023020755,20232024,linesman,Ryan Daisy,NYR,VGK,2,2,4,1,3,0,4,4
2024-01-26,2023020755,20232024,linesman,Jonny Murray,NYR,VGK,2,2,4,1,3,0,4,4
2024-01-26,2023020756,20232024,referee,Chris Rooney,PIT,FLA,3,8,11,2,7,2,6,16
2024-01-26,2023020756,20232024,referee,Morgan MacPhee,PIT,FLA,3,8,11,2,7,2,6,16
2024-01-26,2023020756,20232024,linesman,Brandon Gawryletz,PIT,FLA,3,8,11,2,7,2,6,16
2024-01-26,2023020756,20232024,linesman,CJ Murray,PIT,FLA,3,8,11,2,7,2,6,16
2024-01-26,2023020757,20232024,referee,Chris Lee,COL,LAK,7,6,13,1,5,7,14,12
2024-01-26,2023020757,20232024,referee,Brandon Blandina,COL,LAK,7,6,13,1,5,7,14,12
2024-01-26,2023020757,20232024,linesman,Ryan Galloway,COL,LAK,7,6,13,1,5,7,14,12
2024-01-26,2023020757,20232024,linesman,Jesse Marquis,COL,LAK,7,6,13,1,5,7,14,12
2024-01-26,2023020758,20232024,referee,Michael Markovic,SEA,STL,2,2,4,1,3,0,4,4
2024-01-26,2023020758,20232024,referee,Kevin Pollock,SEA,STL,2,2,4,1,3,0,4,4
2024-01-26,2023020758,20232024,linesman,Kiel Murchison,SEA,STL,2,2,4,1,3,0,4,4
2024-01-26,2023020758,20232024,linesman,Mark Shewchyk,SEA,STL,2,2,4,1,3,0,4,4
2024-01-27,2023020759,20232024,referee,Jon McIsaac,PHI,BOS,3,3,6,1,1,4,6,6
2024-01-27,2023020759,20232024,referee,Jake Brenk,PHI,BOS,3,3,6,1,1,4,6,6
2024-01-27,2023020759,20232024,linesman,Tommy Hughes,PHI,BOS,3,3,6,1,1,4,6,6
2024-01-27,2023020759,20232024,linesman,David Brisebois,PHI,BOS,3,3,6,1,1,4,6,6
2024-01-27,2023020760,20232024,referee,Dan O'Rourke,DAL,WSH,2,2,4,2,1,1,4,4
2024-01-27,2023020760,20232024,referee,Thomas John Luxmore,DAL,WSH,2,2,4,2,1,1,4,4
2024-01-27,2023020760,20232024,linesman,Trent Knorr,DAL,WSH,2,2,4,2,1,1,4,4
2024-01-27,2023020760,20232024,linesman,Ben O'Quinn,DAL,WSH,2,2,4,2,1,1,4,4
2024-01-27,2023020761,20232024,referee,Chris Schlenker,EDM,NSH,3,3,6,3,3,0,6,6
2024-01-27,2023020761,20232024,referee,Graham Skilliter,EDM,NSH,3,3,6,3,3,0,6,6
2024-01-27,2023020761,20232024,linesman,Scott Cherrey,EDM,NSH,3,3,6,3,3,0,6,6
2024-01-27,2023020761,20232024,linesman,Derek Nansen,EDM,NSH,3,3,6,3,3,0,6,6
2024-01-27,2023020762,20232024,referee,Kyle Rehman,SJS,BUF,5,5,10,1,2,7,10,10
2024-01-27,2023020762,20232024,referee,Trevor Hanson,SJS,BUF,5,5,10,1,2,7,10,10
2024-01-27,2023020762,20232024,linesman,Ryan Gibbons,SJS,BUF,5,5,10,1,2,7,10,10
2024-01-27,2023020762,20232024,linesman,Mitch Hunt,SJS,BUF,5,5,10,1,2,7,10,10
2024-01-27,2023020763,20232024,referee,Frederick L'Ecuyer,CAR,ARI,2,3,5,1,3,1,4,6
2024-01-27,2023020763,20232024,referee,Carter Sandlak,CAR,ARI,2,3,5,1,3,1,4,6
2024-01-27,2023020763,20232024,linesman,Julien Fournier,CAR,ARI,2,3,5,1,3,1,4,6
2024-01-27,2023020763,20232024,linesman,Dan Kelly,CAR,ARI,2,3,5,1,3,1,4,6
2024-01-27,2023020765,20232024,referee,Mitch Dunning,OTT,NYR,4,2,6,1,4,1,8,4
2024-01-27,2023020765,20232024,referee,Peter MacDougall,OTT,NYR,4,2,6,1,4,1,8,4
2024-01-27,2023020765,20232024,linesman,Andrew Smith,OTT,NYR,4,2,6,1,4,1,8,4
2024-01-27,2023020765,20232024,linesman,Steve Barton,OTT,NYR,4,2,6,1,4,1,8,4
2024-01-27,2023020766,20232024,referee,Chris Rooney,PIT,MTL,1,2,3,1,2,0,2,4
2024-01-27,2023020766,20232024,referee,Furman South,PIT,MTL,1,2,3,1,2,0,2,4
2024-01-27,2023020766,20232024,linesman,Brandon Gawryletz,PIT,MTL,1,2,3,1,2,0,2,4
2024-01-27,2023020766,20232024,linesman,Joe Mahon,PIT,MTL,1,2,3,1,2,0,2,4
2024-01-27,2023020767,20232024,referee,Wes McCauley,TBL,NJD,1,3,4,1,1,2,2,6
2024-01-27,2023020767,20232024,referee,Kendrick Nicholson,TBL,NJD,1,3,4,1,1,2,2,6
2024-01-27,2023020767,20232024,linesman,Bevan Mills,TBL,NJD,1,3,4,1,1,2,2,6
2024-01-27,2023020767,20232024,linesman,James Tobias,TBL,NJD,1,3,4,1,1,2,2,6
2024-01-27,2023020768,20232024,referee,Pierre Lambert,WPG,TOR,6,7,13,1,2,10,12,14
2024-01-27,2023020768,20232024,referee,Cody Beach,WPG,TOR,6,7,13,1,2,10,12,14
2024-01-27,2023020768,20232024,linesman,Michel Cormier,WPG,TOR,6,7,13,1,2,10,12,14
2024-01-27,2023020768,20232024,linesman,Jonathan Deschamps,WPG,TOR,6,7,13,1,2,10,12,14
2024-01-27,2023020769,20232024,referee,Eric Furlatt,NYI,FLA,4,1,5,2,2,1,8,2
2024-01-27,2023020769,20232024,referee,Beau Halkidis,NYI,FLA,4,1,5,2,2,1,8,2
2024-01-27,2023020769,20232024,linesman,Ryan Daisy,NYI,FLA,4,1,5,2,2,1,8,2
2024-01-27,2023020769,20232024,linesman,Jonny Murray,NYI,FLA,4,1,5,2,2,1,8,2
2024-01-27,2023020764,20232024,referee,Ghislain Hebert,DET,VGK,2,2,4,2,1,1,4,4
2024-01-27,2023020764,20232024,referee,Justin Kea,DET,VGK,2,2,4,2,1,1,4,4
2024-01-27,2023020764,20232024,linesman,Kyle Flemington,DET,VGK,2,2,4,2,1,1,4,4
2024-01-27,2023020764,20232024,linesman,Devin Berg,DET,VGK,2,2,4,2,1,1,4,4
2024-01-27,2023020770,20232024,referee,Garrett Rank,MIN,ANA,2,4,6,2,3,1,4,8
2024-01-27,2023020770,20232024,referee,Chris Lee,MIN,ANA,2,4,6,2,3,1,4,8
2024-01-27,2023020770,20232024,linesman,Libor Suchanek,MIN,ANA,2,4,6,2,3,1,4,8
2024-01-27,2023020770,20232024,linesman,Matt MacPherson,MIN,ANA,2,4,6,2,3,1,4,8
2024-01-27,2023020771,20232024,referee,Brandon Schrader,CGY,CHI,2,2,4,1,3,0,4,4
2024-01-27,2023020771,20232024,referee,Steve Kozari,CGY,CHI,2,2,4,1,3,0,4,4
2024-01-27,2023020771,20232024,linesman,Caleb Apperson,CGY,CHI,2,2,4,1,3,0,4,4
2024-01-27,2023020771,20232024,linesman,Travis Toomey,CGY,CHI,2,2,4,1,3,0,4,4
2024-01-27,2023020772,20232024,referee,Corey Syvret,VAN,CBJ,2,4,6,0,4,2,4,8
2024-01-27,2023020772,20232024,referee,Michael Markovic,VAN,CBJ,2,4,6,0,4,2,4,8
2024-01-27,2023020772,20232024,linesman,Kiel Murchison,VAN,CBJ,2,4,6,0,4,2,4,8
2024-01-27,2023020772,20232024,linesman,Mark Shewchyk,VAN,CBJ,2,4,6,0,4,2,4,8
2024-01-28,2023020773,20232024,referee,Dan O'Rourke,STL,LAK,1,6,7,2,3,2,2,12
2024-01-28,2023020773,20232024,referee,Thomas John Luxmore,STL,LAK,1,6,7,2,3,2,2,12
2024-01-28,2023020773,20232024,linesman,Ryan Galloway,STL,LAK,1,6,7,2,3,2,2,12
2024-01-28,2023020773,20232024,linesman,Bryan Pancich,STL,LAK,1,6,7,2,3,2,2,12
2024-01-28,2023020774,20232024,referee,Kyle Rehman,SEA,CBJ,2,3,5,2,2,1,4,6
2024-01-28,2023020774,20232024,referee,Kevin Pollock,SEA,CBJ,2,3,5,2,2,1,4,6
2024-01-28,2023020774,20232024,linesman,Ryan Gibbons,SEA,CBJ,2,3,5,2,2,1,4,6
2024-01-28,2023020774,20232024,linesman,Mark Shewchyk,SEA,CBJ,2,3,5,2,2,1,4,6
2024-01-29,2023020775,20232024,referee,Ghislain Hebert,OTT,NSH,4,4,8,2,3,3,8,8
2024-01-29,2023020775,20232024,referee,Pierre Lambert,OTT,NSH,4,4,8,2,3,3,8,8
2024-01-29,2023020775,20232024,linesman,Andrew Smith,OTT,NSH,4,4,8,2,3,3,8,8
2024-01-29,2023020775,20232024,linesman,Jonny Murray,OTT,NSH,4,4,8,2,3,3,8,8
2024-01-30,2023020776,20232024,referee,Graham Skilliter,STL,CBJ,2,3,5,2,3,0,4,6
2024-01-30,2023020776,20232024,referee,Peter MacDougall,STL,CBJ,2,3,5,2,3,0,4,6
2024-01-30,2023020776,20232024,linesman,Julien Fournier,STL,CBJ,2,3,5,2,3,0,4,6
2024-01-30,2023020776,20232024,linesman,Devin Berg,STL,CBJ,2,3,5,2,3,0,4,6
2024-01-30,2023020777,20232024,referee,Chris Schlenker,SJS,SEA,1,1,2,1,1,0,2,2
2024-01-30,2023020777,20232024,referee,Tom Chmielewski,SJS,SEA,1,1,2,1,1,0,2,2
2024-01-30,2023020777,20232024,linesman,Travis Gawryletz,SJS,SEA,1,1,2,1,1,0,2,2
2024-01-30,2023020777,20232024,linesman,Kiel Murchison,SJS,SEA,1,1,2,1,1,0,2,2
2024-01-31,2023020778,20232024,referee,Mitch Dunning,DET,OTT,3,1,4,2,1,1,6,2
2024-01-31,2023020778,20232024,referee,Graham Skilliter,DET,OTT,3,1,4,2,1,1,6,2
2024-01-31,2023020778,20232024,linesman,CJ Murray,DET,OTT,3,1,4,2,1,1,6,2
2024-01-31,2023020778,20232024,linesman,Ryan Jackson,DET,OTT,3,1,4,2,1,1,6,2
2024-01-31,2023020779,20232024,referee,Furman South,NSH,LAK,2,4,6,1,1,4,4,8
2024-01-31,2023020779,20232024,referee,Peter MacDougall,NSH,LAK,2,4,6,1,1,4,4,8
2024-01-31,2023020779,20232024,linesman,Julien Fournier,NSH,LAK,2,4,6,1,1,4,4,8
2024-01-31,2023020779,20232024,linesman,Devin Berg,NSH,LAK,2,4,6,1,1,4,4,8
2024-01-31,2023020780,20232024,referee,Chris Schlenker,ANA,SJS,4,5,9,4,2,3,8,10
2024-01-31,2023020780,20232024,referee,Tom Chmielewski,ANA,SJS,4,5,9,4,2,3,8,10
2024-01-31,2023020780,20232024,linesman,Travis Gawryletz,ANA,SJS,4,5,9,4,2,3,8,10
2024-01-31,2023020780,20232024,linesman,Kiel Murchison,ANA,SJS,4,5,9,4,2,3,8,10
2024-02-05,2023020781,20232024,referee,Chris Rooney,NYR,COL,4,2,6,6,0,0,8,4
2024-02-05,2023020781,20232024,referee,Brian Pochmara,NYR,COL,4,2,6,6,0,0,8,4
2024-02-05,2023020781,20232024,linesman,Shandor Alphonso,NYR,COL,4,2,6,6,0,0,8,4
2024-02-05,2023020781,20232024,linesman,Kilian McNamara,NYR,COL,4,2,6,6,0,0,8,4
2024-02-05,2023020782,20232024,referee,Garrett Rank,TOR,NYI,3,3,6,2,1,3,6,6
2024-02-05,2023020782,20232024,referee,Brandon Blandina,TOR,NYI,3,3,6,2,1,3,6,6
2024-02-05,2023020782,20232024,linesman,Tyson Baker,TOR,NYI,3,3,6,2,1,3,6,6
2024-02-05,2023020782,20232024,linesman,Mark Shewchyk,TOR,NYI,3,3,6,2,1,3,6,6
2024-02-06,2023020783,20232024,referee,Wes McCauley,BOS,CGY,7,5,12,2,0,10,14,10
2024-02-06,2023020783,20232024,referee,Brian Pochmara,BOS,CGY,7,5,12,2,0,10,14,10
2024-02-06,2023020783,20232024,linesman,Kyle Flemington,BOS,CGY,7,5,12,2,0,10,14,10
2024-02-06,2023020783,20232024,linesman,Matt MacPherson,BOS,CGY,7,5,12,2,0,10,14,10
2024-02-06,2023020784,20232024,referee,Eric Furlatt,BUF,DAL,5,4,9,1,3,5,10,8
2024-02-06,2023020784,20232024,referee,Brandon Blandina,BUF,DAL,5,4,9,1,3,5,10,8
2024-02-06,2023020784,20232024,linesman,Brad Kovachik,BUF,DAL,5,4,9,1,3,5,10,8
2024-02-06,2023020784,20232024,linesman,Tyson Baker,BUF,DAL,5,4,9,1,3,5,10,8
2024-02-06,2023020785,20232024,referee,Ghislain Hebert,CAR,VAN,3,2,5,2,3,0,6,4
2024-02-06,2023020785,20232024,referee,Michael Markovic,CAR,VAN,3,2,5,2,3,0,6,4
2024-02-06,2023020785,20232024,linesman,James Tobias,CAR,VAN,3,2,5,2,3,0,6,4
2024-02-06,2023020785,20232024,linesman,Ryan Daisy,CAR,VAN,3,2,5,2,3,0,6,4
2024-02-06,2023020786,20232024,referee,Jon McIsaac,FLA,PHI,2,3,5,1,3,1,4,6
2024-02-06,2023020786,20232024,referee,Thomas John Luxmore,FLA,PHI,2,3,5,1,3,1,4,6
2024-02-06,2023020786,20232024,linesman,Scott Cherrey,FLA,PHI,2,3,5,1,3,1,4,6
2024-02-06,2023020786,20232024,linesman,Michel Cormier,FLA,PHI,2,3,5,1,3,1,4,6
2024-02-06,2023020788,20232024,referee,Francis Charron,PIT,WPG,2,0,2,0,1,1,4,0
2024-02-06,2023020788,20232024,referee,Jake Brenk,PIT,WPG,2,0,2,0,1,1,4,0
2024-02-06,2023020788,20232024,linesman,Jesse Marquis,PIT,WPG,2,0,2,0,1,1,4,0
2024-02-06,2023020788,20232024,linesman,David Brisebois,PIT,WPG,2,0,2,0,1,1,4,0
2024-02-06,2023020789,20232024,referee,Chris Rooney,WSH,MTL,3,4,7,1,3,3,6,8
2024-02-06,2023020789,20232024,referee,Jean Hebert,WSH,MTL,3,4,7,1,3,3,6,8
2024-02-06,2023020789,20232024,linesman,Shandor Alphonso,WSH,MTL,3,4,7,1,3,3,6,8
2024-02-06,2023020789,20232024,linesman,Kilian McNamara,WSH,MTL,3,4,7,1,3,3,6,8
2024-02-06,2023020787,20232024,referee,Trevor Hanson,NJD,COL,4,4,8,1,3,4,8,8
2024-02-06,2023020787,20232024,referee,Steve Kozari,NJD,COL,4,4,8,1,3,4,8,8
2024-02-06,2023020787,20232024,linesman,Steve Barton,NJD,COL,4,4,8,1,3,4,8,8
2024-02-06,2023020787,20232024,linesman,Tommy Hughes,NJD,COL,4,4,8,1,3,4,8,8
2024-02-06,2023020790,20232024,referee,Kyle Rehman,VGK,EDM,1,2,3,1,2,0,2,4
2024-02-06,2023020790,20232024,referee,Kelly Sutherland,VGK,EDM,1,2,3,1,2,0,2,4
2024-02-06,2023020790,20232024,linesman,Ryan Gibbons,VGK,EDM,1,2,3,1,2,0,2,4
2024-02-06,2023020790,20232024,linesman,Kiel Murchison,VGK,EDM,1,2,3,1,2,0,2,4
2024-02-07,2023020791,20232024,referee,Trevor Hanson,NYR,TBL,1,2,3,0,2,1,2,4
2024-02-07,2023020791,20232024,referee,Steve Kozari,NYR,TBL,1,2,3,0,2,1,2,4
2024-02-07,2023020791,20232024,linesman,Ryan Galloway,NYR,TBL,1,2,3,0,2,1,2,4
2024-02-07,2023020791,20232024,linesman,Dan Kelly,NYR,TBL,1,2,3,0,2,1,2,4
2024-02-07,2023020792,20232024,referee,Mitch Dunning,TOR,DAL,4,3,7,3,4,0,8,6
2024-02-07,2023020792,20232024,referee,Eric Furlatt,TOR,DAL,4,3,7,3,4,0,8,6
2024-02-07,2023020792,20232024,linesman,Jonathan Deschamps,TOR,DAL,4,3,7,3,4,0,8,6
2024-02-07,2023020792,20232024,linesman,Devin Berg,TOR,DAL,4,3,7,3,4,0,8,6
2024-02-07,2023020793,20232024,referee,Francois St-Laurent,CHI,MIN,2,2,4,3,0,1,4,4
2024-02-07,2023020793,20232024,referee,Frederick L'Ecuyer,CHI,MIN,2,2,4,3,0,1,4,4
2024-02-07,2023020793,20232024,linesman,Derek Nansen,CHI,MIN,2,2,4,3,0,1,4,4
2024-02-07,2023020793,20232024,linesman,Bryan Pancich,CHI,MIN,2,2,4,3,0,1,4,4
2024-02-08,2023020794,20232024,referee,Ghislain Hebert,BOS,VAN,5,5,10,5,3,2,10,10
2024-02-08,2023020794,20232024,referee,Kendrick Nicholson,BOS,VAN,5,5,10,5,3,2,10,10
2024-02-08,2023020794,20232024,linesman,Kilian McNamara,BOS,VAN,5,5,10,5,3,2,10,10
2024-02-08,2023020794,20232024,linesman,Dan Kelly,BOS,VAN,5,5,10,5,3,2,10,10
2024-02-08,2023020795,20232024,referee,Francis Charron,FLA,WSH,4,6,10,7,2,1,8,12
2024-02-08,2023020795,20232024,referee,Michael Markovic,FLA,WSH,4,6,10,7,2,1,8,12
2024-02-08,2023020795,20232024,linesman,Scott Cherrey,FLA,WSH,4,6,10,7,2,1,8,12
2024-02-08,2023020795,20232024,linesman,Michel Cormier,FLA,WSH,4,6,10,7,2,1,8,12
2024-02-08,2023020796,20232024,referee,Jean Hebert,NJD,CGY,3,2,5,1,1,3,6,4
2024-02-08,2023020796,20232024,referee,Brandon Schrader,NJD,CGY,3,2,5,1,1,3,6,4
2024-02-08,2023020796,20232024,linesman,Ryan Galloway,NJD,CGY,3,2,5,1,1,3,6,4
2024-02-08,2023020796,20232024,linesman,Mark Shewchyk,NJD,CGY,3,2,5,1,1,3,6,4
2024-02-08,2023020797,20232024,referee,Wes McCauley,PHI,WPG,3,4,7,2,2,3,6,8
2024-02-08,2023020797,20232024,referee,Trevor Hanson,PHI,WPG,3,4,7,2,2,3,6,8
2024-02-08,2023020797,20232024,linesman,Steve Barton,PHI,WPG,3,4,7,2,2,3,6,8
2024-02-08,2023020797,20232024,linesman,Jesse Marquis,PHI,WPG,3,4,7,2,2,3,6,8
2024-02-08,2023020799,20232024,referee,Jon McIsaac,CAR,COL,7,6,13,4,4,5,14,12
2024-02-08,2023020799,20232024,referee,Furman South,CAR,COL,7,6,13,4,4,5,14,12
2024-02-08,2023020799,20232024,linesman,James Tobias,CAR,COL,7,6,13,4,4,5,14,12
2024-02-08,2023020799,20232024,linesman,Ryan Daisy,CAR,COL,7,6,13,4,4,5,14,12
2024-02-08,2023020798,20232024,referee,Jake Brenk,NYI,TBL,2,4,6,3,1,2,4,8
2024-02-08,2023020798,20232024,referee,Steve Kozari,NYI,TBL,2,4,6,3,1,2,4,8
2024-02-08,2023020798,20232024,linesman,Kyle Flemington,NYI,TBL,2,4,6,3,1,2,4,8
2024-02-08,2023020798,20232024,linesman,David Brisebois,NYI,TBL,2,4,6,3,1,2,4,8
2024-02-08,2023020800,20232024,referee,Corey Syvret,ARI,VGK,1,1,2,1,1,0,2,2
2024-02-08,2023020800,20232024,referee,Kevin Pollock,ARI,VGK,1,1,2,1,1,0,2,2
2024-02-08,2023020800,20232024,linesman,Libor Suchanek,ARI,VGK,1,1,2,1,1,0,2,2
2024-02-08,2023020800,20232024,linesman,Kiel Murchison,ARI,VGK,1,1,2,1,1,0,2,2
2024-02-09,2023020801,20232024,referee,Francois St-Laurent,MIN,PIT,7,7,14,6,3,5,14,14
2024-02-09,2023020801,20232024,referee,Tom Chmielewski,MIN,PIT,7,7,14,6,3,5,14,14
2024-02-09,2023020801,20232024,linesman,Derek Nansen,MIN,PIT,7,7,14,6,3,5,14,14
2024-02-09,2023020801,20232024,linesman,Bryan Pancich,MIN,PIT,7,7,14,6,3,5,14,14
2024-02-09,2023020802,20232024,referee,Frederick L'Ecuyer,CHI,NYR,4,3,7,4,2,1,8,6
2024-02-09,2023020802,20232024,referee,Morgan MacPhee,CHI,NYR,4,3,7,4,2,1,8,6
2024-02-09,2023020802,20232024,linesman,Trent Knorr,CHI,NYR,4,3,7,4,2,1,8,6
2024-02-09,2023020802,20232024,linesman,Jonathan Deschamps,CHI,NYR,4,3,7,4,2,1,8,6
2024-02-09,2023020803,20232024,referee,Thomas John Luxmore,ANA,EDM,2,2,4,2,0,2,4,4
2024-02-09,2023020803,20232024,referee,Corey Syvret,ANA,EDM,2,2,4,2,0,2,4,4
2024-02-09,2023020803,20232024,linesman,Libor Suchanek,ANA,EDM,2,2,4,2,0,2,4,4
2024-02-09,2023020803,20232024,linesman,Brandon Gawryletz,ANA,EDM,2,2,4,2,0,2,4,4
2024-02-10,2023020804,20232024,referee,Kelly Sutherland,BUF,STL,3,4,7,3,2,2,6,8
2024-02-10,2023020804,20232024,referee,Jake Brenk,BUF,STL,3,4,7,3,2,2,6,8
2024-02-10,2023020804,20232024,linesman,Shandor Alphonso,BUF,STL,3,4,7,3,2,2,6,8
2024-02-10,2023020804,20232024,linesman,James Tobias,BUF,STL,3,4,7,3,2,2,6,8
2024-02-10,2023020805,20232024,referee,Carter Sandlak,DET,VAN,7,7,14,4,4,6,14,14
2024-02-10,2023020805,20232024,referee,Brandon Blandina,DET,VAN,7,7,14,4,4,6,14,14
2024-02-10,2023020805,20232024,linesman,Kyle Flemington,DET,VAN,7,7,14,4,4,6,14,14
2024-02-10,2023020805,20232024,linesman,Tommy Hughes,DET,VAN,7,7,14,4,4,6,14,14
2024-02-10,2023020806,20232024,referee,Kyle Rehman,MTL,DAL,6,4,10,2,4,4,12,8
2024-02-10,2023020806,20232024,referee,Pierre Lambert,MTL,DAL,6,4,10,2,4,4,12,8
2024-02-10,2023020806,20232024,linesman,Travis Gawryletz,MTL,DAL,6,4,10,2,4,4,12,8
2024-02-10,2023020806,20232024,linesman,Tyson Baker,MTL,DAL,6,4,10,2,4,4,12,8
2024-02-10,2023020807,20232024,referee,Wes McCauley,NYI,CGY,3,3,6,0,5,1,6,6
2024-02-10,2023020807,20232024,referee,Kendrick Nicholson,NYI,CGY,3,3,6,0,5,1,6,6
2024-02-10,2023020807,20232024,linesman,Matt MacPherson,NYI,CGY,3,3,6,0,5,1,6,6
2024-02-10,2023020807,20232024,linesman,Mark Shewchyk,NYI,CGY,3,3,6,0,5,1,6,6
2024-02-10,2023020808,20232024,referee,Trevor Hanson,BOS,WSH,1,4,5,1,1,3,2,8
2024-02-10,2023020808,20232024,referee,Steve Kozari,BOS,WSH,1,4,5,1,1,3,2,8
2024-02-10,2023020808,20232024,linesman,Julien Fournier,BOS,WSH,1,4,5,1,1,3,2,8
2024-02-10,2023020808,20232024,linesman,David Brisebois,BOS,WSH,1,4,5,1,1,3,2,8
2024-02-10,2023020809,20232024,referee,Furman South,FLA,COL,1,2,3,3,0,0,2,4
2024-02-10,2023020809,20232024,referee,Brian Pochmara,FLA,COL,1,2,3,3,0,0,2,4
2024-02-10,2023020809,20232024,linesman,Ben O'Quinn,FLA,COL,1,2,3,3,0,0,2,4
2024-02-10,2023020809,20232024,linesman,Jonny Murray,FLA,COL,1,2,3,3,0,0,2,4
2024-02-10,2023020810,20232024,referee,Dan O'Rourke,CAR,NJD,5,3,8,3,3,2,10,6
2024-02-10,2023020810,20232024,referee,Michael Markovic,CAR,NJD,5,3,8,3,3,2,10,6
2024-02-10,2023020810,20232024,linesman,Michel Cormier,CAR,NJD,5,3,8,3,3,2,10,6
2024-02-10,2023020810,20232024,linesman,Devin Berg,CAR,NJD,5,3,8,3,3,2,10,6
2024-02-10,2023020811,20232024,referee,Mitch Dunning,CBJ,TBL,5,5,10,2,2,6,10,10
2024-02-10,2023020811,20232024,referee,Peter MacDougall,CBJ,TBL,5,5,10,2,2,6,10,10
2024-02-10,2023020811,20232024,linesman,CJ Murray,CBJ,TBL,5,5,10,2,2,6,10,10
2024-02-10,2023020811,20232024,linesman,Jesse Marquis,CBJ,TBL,5,5,10,2,2,6,10,10
2024-02-10,2023020812,20232024,referee,Eric Furlatt,OTT,TOR,0,2,2,0,1,1,0,4
2024-02-10,2023020812,20232024,referee,Beau Halkidis,OTT,TOR,0,2,2,0,1,1,0,4
2024-02-10,2023020812,20232024,linesman,Bevan Mills,OTT,TOR,0,2,2,0,1,1,0,4
2024-02-10,2023020812,20232024,linesman,Steve Barton,OTT,TOR,0,2,2,0,1,1,0,4
2024-02-10,2023020813,20232024,referee,Jean Hebert,PHI,SEA,3,4,7,3,2,2,6,8
2024-02-10,2023020813,20232024,referee,Brandon Schrader,PHI,SEA,3,4,7,3,2,2,6,8
2024-02-10,2023020813,20232024,linesman,Ryan Galloway,PHI,SEA,3,4,7,3,2,2,6,8
2024-02-10,2023020813,20232024,linesman,Dan Kelly,PHI,SEA,3,4,7,3,2,2,6,8
2024-02-10,2023020814,20232024,referee,Chris Schlenker,WPG,PIT,3,1,4,0,2,2,6,2
2024-02-10,2023020814,20232024,referee,Chris Lee,WPG,PIT,3,1,4,0,2,2,6,2
2024-02-10,2023020814,20232024,linesman,Justin Johnson,WPG,PIT,3,1,4,0,2,2,6,2
2024-02-10,2023020814,20232024,linesman,Caleb Apperson,WPG,PIT,3,1,4,0,2,2,6,2
2024-02-10,2023020815,20232024,referee,Francis Charron,NSH,ARI,5,6,11,2,7,2,10,12
2024-02-10,2023020815,20232024,referee,Frederick L'Ecuyer,NSH,ARI,5,6,11,2,7,2,10,12
2024-02-10,2023020815,20232024,linesman,Scott Cherrey,NSH,ARI,5,6,11,2,7,2,10,12
2024-02-10,2023020815,20232024,linesman,Trent Knorr,NSH,ARI,5,6,11,2,7,2,10,12
2024-02-10,2023020816,20232024,referee,Thomas John Luxmore,LAK,EDM,6,4,10,4,4,2,12,8
2024-02-10,2023020816,20232024,referee,Kevin Pollock,LAK,EDM,6,4,10,4,4,2,12,8
2024-02-10,2023020816,20232024,linesman,Libor Suchanek,LAK,EDM,6,4,10,4,4,2,12,8
2024-02-10,2023020816,20232024,linesman,Brandon Gawryletz,LAK,EDM,6,4,10,4,4,2,12,8
2024-02-11,2023020817,20232024,referee,Garrett Rank,MTL,STL,7,4,11,2,7,2,14,8
2024-02-11,2023020817,20232024,referee,Kyle Rehman,MTL,STL,7,4,11,2,7,2,14,8
2024-02-11,2023020817,20232024,linesman,Travis Gawryletz,MTL,STL,7,4,11,2,7,2,14,8
2024-02-11,2023020817,20232024,linesman,Tyson Baker,MTL,STL,7,4,11,2,7,2,14,8
2024-02-11,2023020818,20232024,referee,Tom Chmielewski,WSH,VAN,3,2,5,2,2,1,6,4
2024-02-11,2023020818,20232024,referee,Kendrick Nicholson,WSH,VAN,3,2,5,2,2,1,6,4
2024-02-11,2023020818,20232024,linesman,Julien Fournier,WSH,VAN,3,2,5,2,2,1,6,4
2024-02-11,2023020818,20232024,linesman,Brad Kovachik,WSH,VAN,3,2,5,2,2,1,6,4
2024-02-12,2023020819,20232024,referee,Kelly Sutherland,NJD,SEA,3,5,8,3,3,2,6,10
2024-02-12,2023020819,20232024,referee,Steve Kozari,NJD,SEA,3,5,8,3,3,2,6,10
2024-02-12,2023020819,20232024,linesman,Brad Kovachik,NJD,SEA,3,5,8,3,3,2,6,10
2024-02-12,2023020819,20232024,linesman,Ryan Galloway,NJD,SEA,3,5,8,3,3,2,6,10
2024-02-12,2023020820,20232024,referee,Trevor Hanson,NYR,CGY,5,6,11,3,7,1,10,12
2024-02-12,2023020820,20232024,referee,Tom Chmielewski,NYR,CGY,5,6,11,3,7,1,10,12
2024-02-12,2023020820,20232024,linesman,Bevan Mills,NYR,CGY,5,6,11,3,7,1,10,12
2024-02-12,2023020820,20232024,linesman,Devin Berg,NYR,CGY,5,6,11,3,7,1,10,12
2024-02-12,2023020821,20232024,referee,Pierre Lambert,PHI,ARI,4,7,11,3,6,2,8,14
2024-02-12,2023020821,20232024,referee,Peter MacDougall,PHI,ARI,4,7,11,3,6,2,8,14
2024-02-12,2023020821,20232024,linesman,Ben O'Quinn,PHI,ARI,4,7,11,3,6,2,8,14
2024-02-12,2023020821,20232024,linesman,Mark Shewchyk,PHI,ARI,4,7,11,3,6,2,8,14
2024-02-12,2023020822,20232024,referee,Thomas John Luxmore,VGK,MIN,3,5,8,4,3,1,6,10
2024-02-12,2023020822,20232024,referee,Kevin Pollock,VGK,MIN,3,5,8,4,3,1,6,10
2024-02-12,2023020822,20232024,linesman,Libor Suchanek,VGK,MIN,3,5,8,4,3,1,6,10
2024-02-12,2023020822,20232024,linesman,Trent Knorr,VGK,MIN,3,5,8,4,3,1,6,10
2024-02-13,2023020823,20232024,referee,Kelly Sutherland,BOS,TBL,3,5,8,2,2,4,6,10
2024-02-13,2023020823,20232024,referee,Tom Chmielewski,BOS,TBL,3,5,8,2,2,4,6,10
2024-02-13,2023020823,20232024,linesman,Devin Berg,BOS,TBL,3,5,8,2,2,4,6,10
2024-02-13,2023020823,20232024,linesman,Dan Kelly,BOS,TBL,3,5,8,2,2,4,6,10
2024-02-13,2023020824,20232024,referee,Francois St-Laurent,BUF,LAK,3,2,5,2,2,1,6,4
2024-02-13,2023020824,20232024,referee,Graham Skilliter,BUF,LAK,3,2,5,2,2,1,6,4
2024-02-13,2023020824,20232024,linesman,Andrew Smith,BUF,LAK,3,2,5,2,2,1,6,4
2024-02-13,2023020824,20232024,linesman,Brad Kovachik,BUF,LAK,3,2,5,2,2,1,6,4
2024-02-13,2023020825,20232024,referee,Dan O'Rourke,MTL,ANA,4,7,11,3,3,5,8,14
2024-02-13,2023020825,20232024,referee,Kendrick Nicholson,MTL,ANA,4,7,11,3,3,5,8,14
2024-02-13,2023020825,20232024,linesman,Michel Cormier,MTL,ANA,4,7,11,3,3,5,8,14
2024-02-13,2023020825,20232024,linesman,Jonathan Deschamps,MTL,ANA,4,7,11,3,3,5,8,14
2024-02-13,2023020826,20232024,referee,Kyle Rehman,OTT,CBJ,6,7,13,6,5,2,12,14
2024-02-13,2023020826,20232024,referee,Carter Sandlak,OTT,CBJ,6,7,13,6,5,2,12,14
2024-02-13,2023020826,20232024,linesman,Steve Barton,OTT,CBJ,6,7,13,6,5,2,12,14
2024-02-13,2023020826,20232024,linesman,Derek Nansen,OTT,CBJ,6,7,13,6,5,2,12,14
2024-02-13,2023020827,20232024,referee,Ghislain Hebert,TOR,STL,2,2,4,0,3,1,4,4
2024-02-13,2023020827,20232024,referee,Michael Markovic,TOR,STL,2,2,4,0,3,1,4,4
2024-02-13,2023020827,20232024,linesman,Scott Cherrey,TOR,STL,2,2,4,0,3,1,4,4
2024-02-13,2023020827,20232024,linesman,Travis Gawryletz,TOR,STL,2,2,4,0,3,1,4,4
2024-02-13,2023020828,20232024,referee,Garrett Rank,WSH,COL,3,3,6,2,2,2,6,6
2024-02-13,2023020828,20232024,referee,Pierre Lambert,WSH,COL,3,3,6,2,2,2,6,6
2024-02-13,2023020828,20232024,linesman,Tommy Hughes,WSH,COL,3,3,6,2,2,2,6,6
2024-02-13,2023020828,20232024,linesman,Mark Shewchyk,WSH,COL,3,3,6,2,2,2,6,6
2024-02-13,2023020829,20232024,referee,Trevor Hanson,NYI,SEA,1,3,4,2,2,0,2,6
2024-02-13,2023020829,20232024,referee,Peter MacDougall,NYI,SEA,1,3,4,2,2,0,2,6
2024-02-13,2023020829,20232024,linesman,Bevan Mills,NYI,SEA,1,3,4,2,2,0,2,6
2024-02-13,2023020829,20232024,linesman,Ben O'Quinn,NYI,SEA,1,3,4,2,2,0,2,6
2024-02-13,2023020830,20232024,referee,Chris Rooney,DAL,CAR,1,1,2,0,1,1,2,2
2024-02-13,2023020830,20232024,referee,Chris Lee,DAL,CAR,1,1,2,0,1,1,2,2
2024-02-13,2023020830,20232024,linesman,CJ Murray,DAL,CAR,1,1,2,0,1,1,2,2
2024-02-13,2023020830,20232024,linesman,Kilian McNamara,DAL,CAR,1,1,2,0,1,1,2,2
2024-02-13,2023020831,20232024,referee,Wes McCauley,NSH,NJD,3,3,6,2,3,1,6,6
2024-02-13,2023020831,20232024,referee,Corey Syvret,NSH,NJD,3,3,6,2,3,1,6,6
2024-02-13,2023020831,20232024,linesman,Julien Fournier,NSH,NJD,3,3,6,2,3,1,6,6
2024-02-13,2023020831,20232024,linesman,Ryan Daisy,NSH,NJD,3,3,6,2,3,1,6,6
2024-02-13,2023020832,20232024,referee,Mitch Dunning,CHI,VAN,4,4,8,3,4,1,8,8
2024-02-13,2023020832,20232024,referee,Steve Kozari,CHI,VAN,4,4,8,3,4,1,8,8
2024-02-13,2023020832,20232024,linesman,Ryan Gibbons,CHI,VAN,4,4,8,3,4,1,8,8
2024-02-13,2023020832,20232024,linesman,Matt MacPherson,CHI,VAN,4,4,8,3,4,1,8,8
2024-02-13,2023020833,20232024,referee,Chris Schlenker,EDM,DET,3,0,3,1,1,1,6,0
2024-02-13,2023020833,20232024,referee,Eric Furlatt,EDM,DET,3,0,3,1,1,1,6,0
2024-02-13,2023020833,20232024,linesman,Caleb Apperson,EDM,DET,3,0,3,1,1,1,6,0
2024-02-13,2023020833,20232024,linesman,Kiel Murchison,EDM,DET,3,0,3,1,1,1,6,0
2024-02-14,2023020834,20232024,referee,Frederick L'Ecuyer,PIT,FLA,3,5,8,4,4,0,6,10
2024-02-14,2023020834,20232024,referee,Graham Skilliter,PIT,FLA,3,5,8,4,4,0,6,10
2024-02-14,2023020834,20232024,linesman,Kyle Flemington,PIT,FLA,3,5,8,4,4,0,6,10
2024-02-14,2023020834,20232024,linesman,David Brisebois,PIT,FLA,3,5,8,4,4,0,6,10
2024-02-14,2023020835,20232024,referee,Jon McIsaac,WPG,SJS,1,2,3,1,2,0,2,4
2024-02-14,2023020835,20232024,referee,Brian Pochmara,WPG,SJS,1,2,3,1,2,0,2,4
2024-02-14,2023020835,20232024,linesman,Shandor Alphonso,WPG,SJS,1,2,3,1,2,0,2,4
2024-02-14,2023020835,20232024,linesman,Brandon Gawryletz,WPG,SJS,1,2,3,1,2,0,2,4
2024-02-14,2023020836,20232024,referee,Kevin Pollock,ARI,MIN,5,3,8,4,2,2,10,6
2024-02-14,2023020836,20232024,referee,Brandon Blandina,ARI,MIN,5,3,8,4,2,2,10,6
2024-02-14,2023020836,20232024,linesman,CJ Murray,ARI,MIN,5,3,8,4,2,2,10,6
2024-02-14,2023020836,20232024,linesman,Trent Knorr,ARI,MIN,5,3,8,4,2,2,10,6
2024-02-15,2023020837,20232024,referee,Francois St-Laurent,BOS,SEA,2,2,4,2,1,1,4,4
2024-02-15,2023020837,20232024,referee,Mitch Dunning,BOS,SEA,2,2,4,2,1,1,4,4
2024-02-15,2023020837,20232024,linesman,Michel Cormier,BOS,SEA,2,2,4,2,1,1,4,4
2024-02-15,2023020837,20232024,linesman,Jonathan Deschamps,BOS,SEA,2,2,4,2,1,1,4,4
2024-02-15,2023020838,20232024,referee,Frederick L'Ecuyer,BUF,FLA,3,2,5,0,2,3,6,4
2024-02-15,2023020838,20232024,referee,Graham Skilliter,BUF,FLA,3,2,5,0,2,3,6,4
2024-02-15,2023020838,20232024,linesman,Kyle Flemington,BUF,FLA,3,2,5,0,2,3,6,4
2024-02-15,2023020838,20232024,linesman,David Brisebois,BUF,FLA,3,2,5,0,2,3,6,4
2024-02-15,2023020839,20232024,referee,Garrett Rank,NJD,LAK,5,6,11,1,6,4,10,12
2024-02-15,2023020839,20232024,referee,Peter MacDougall,NJD,LAK,5,6,11,1,6,4,10,12
2024-02-15,2023020839,20232024,linesman,Libor Suchanek,NJD,LAK,5,6,11,1,6,4,10,12
2024-02-15,2023020839,20232024,linesman,Dan Kelly,NJD,LAK,5,6,11,1,6,4,10,12
2024-02-15,2023020840,20232024,referee,Tom Chmielewski,NYR,MTL,5,4,9,1,4,4,10,8
2024-02-15,2023020840,20232024,referee,Jake Brenk,NYR,MTL,5,4,9,1,4,4,10,8
2024-02-15,2023020840,20232024,linesman,Bevan Mills,NYR,MTL,5,4,9,1,4,4,10,8
2024-02-15,2023020840,20232024,linesman,Ben O'Quinn,NYR,MTL,5,4,9,1,4,4,10,8
2024-02-15,2023020841,20232024,referee,Dan O'Rourke,OTT,ANA,4,6,10,2,1,7,8,12
2024-02-15,2023020841,20232024,referee,Carter Sandlak,OTT,ANA,4,6,10,2,1,7,8,12
2024-02-15,2023020841,20232024,linesman,Derek Nansen,OTT,ANA,4,6,10,2,1,7,8,12
2024-02-15,2023020841,20232024,linesman,Devin Berg,OTT,ANA,4,6,10,2,1,7,8,12
2024-02-15,2023020842,20232024,referee,Jean Hebert,TBL,COL,3,2,5,2,2,1,6,4
2024-02-15,2023020842,20232024,referee,Thomas John Luxmore,TBL,COL,3,2,5,2,2,1,6,4
2024-02-15,2023020842,20232024,linesman,Steve Barton,TBL,COL,3,2,5,2,2,1,6,4
2024-02-15,2023020842,20232024,linesman,Jonny Murray,TBL,COL,3,2,5,2,2,1,6,4
2024-02-15,2023020843,20232024,referee,Kyle Rehman,TOR,PHI,5,5,10,3,2,5,10,10
2024-02-15,2023020843,20232024,referee,Kendrick Nicholson,TOR,PHI,5,5,10,3,2,5,10,10
2024-02-15,2023020843,20232024,linesman,Andrew Smith,TOR,PHI,5,5,10,3,2,5,10,10
2024-02-15,2023020843,20232024,linesman,Travis Gawryletz,TOR,PHI,5,5,10,3,2,5,10,10
2024-02-15,2023020844,20232024,referee,Chris Rooney,STL,EDM,3,8,11,4,3,4,6,16
2024-02-15,2023020844,20232024,referee,Jordan Samuels-Thomas,STL,EDM,3,8,11,4,3,4,6,16
2024-02-15,2023020844,20232024,linesman,Tyson Baker,STL,EDM,3,8,11,4,3,4,6,16
2024-02-15,2023020844,20232024,linesman,Kilian McNamara,STL,EDM,3,8,11,4,3,4,6,16
2024-02-15,2023020847,20232024,referee,Corey Syvret,NSH,DAL,3,2,5,0,2,3,6,4
2024-02-15,2023020847,20232024,referee,Chris Lee,NSH,DAL,3,2,5,0,2,3,6,4
2024-02-15,2023020847,20232024,linesman,James Tobias,NSH,DAL,3,2,5,0,2,3,6,4
2024-02-15,2023020847,20232024,linesman,Ryan Daisy,NSH,DAL,3,2,5,0,2,3,6,4
2024-02-15,2023020845,20232024,referee,Ghislain Hebert,CHI,PIT,1,2,3,1,1,1,2,4
2024-02-15,2023020845,20232024,referee,Pierre Lambert,CHI,PIT,1,2,3,1,1,1,2,4
2024-02-15,2023020845,20232024,linesman,Ryan Gibbons,CHI,PIT,1,2,3,1,1,1,2,4
2024-02-15,2023020845,20232024,linesman,Matt MacPherson,CHI,PIT,1,2,3,1,1,1,2,4
2024-02-15,2023020846,20232024,referee,Jon McIsaac,CGY,SJS,5,6,11,2,5,4,10,12
2024-02-15,2023020846,20232024,referee,Brian Pochmara,CGY,SJS,5,6,11,2,5,4,10,12
2024-02-15,2023020846,20232024,linesman,Shandor Alphonso,CGY,SJS,5,6,11,2,5,4,10,12
2024-02-15,2023020846,20232024,linesman,Brandon Gawryletz,CGY,SJS,5,6,11,2,5,4,10,12
2024-02-15,2023020848,20232024,referee,Eric Furlatt,VAN,DET,6,3,9,3,2,4,12,6
2024-02-15,2023020848,20232024,referee,Brandon Schrader,VAN,DET,6,3,9,3,2,4,12,6
2024-02-15,2023020848,20232024,linesman,Caleb Apperson,VAN,DET,6,3,9,3,2,4,12,6
2024-02-15,2023020848,20232024,linesman,Bryan Pancich,VAN,DET,6,3,9,3,2,4,12,6
2024-02-16,2023020849,20232024,referee,Chris Schlenker,ARI,CAR,2,4,6,1,2,3,4,8
2024-02-16,2023020849,20232024,referee,Brandon Blandina,ARI,CAR,2,4,6,1,2,3,4,8
2024-02-16,2023020849,20232024,linesman,CJ Murray,ARI,CAR,2,4,6,1,2,3,4,8
2024-02-16,2023020849,20232024,linesman,Jesse Marquis,ARI,CAR,2,4,6,1,2,3,4,8
2024-02-17,2023020853,20232024,referee,Dan O'Rourke,BOS,LAK,3,4,7,2,2,3,6,8
2024-02-17,2023020853,20232024,referee,Mitch Dunning,BOS,LAK,3,4,7,2,2,3,6,8
2024-02-17,2023020853,20232024,linesman,Michel Cormier,BOS,LAK,3,4,7,2,2,3,6,8
2024-02-17,2023020853,20232024,linesman,Matt MacPherson,BOS,LAK,3,4,7,2,2,3,6,8
2024-02-17,2023020850,20232024,referee,Wes McCauley,DAL,EDM,3,3,6,2,4,0,6,6
2024-02-17,2023020850,20232024,referee,Garrett Rank,DAL,EDM,3,3,6,2,4,0,6,6
2024-02-17,2023020850,20232024,linesman,James Tobias,DAL,EDM,3,3,6,2,4,0,6,6
2024-02-17,2023020850,20232024,linesman,Ryan Daisy,DAL,EDM,3,3,6,2,4,0,6,6
2024-02-17,2023020851,20232024,referee,Furman South,CHI,OTT,2,1,3,0,2,1,4,2
2024-02-17,2023020851,20232024,referee,Michael Markovic,CHI,OTT,2,1,3,0,2,1,4,2
2024-02-17,2023020851,20232024,linesman,Travis Gawryletz,CHI,OTT,2,1,3,0,2,1,4,2
2024-02-17,2023020851,20232024,linesman,Kiel Murchison,CHI,OTT,2,1,3,0,2,1,4,2
2024-02-17,2023020852,20232024,referee,Jon McIsaac,CGY,DET,8,8,16,3,9,4,16,16
2024-02-17,2023020852,20232024,referee,Beau Halkidis,CGY,DET,8,8,16,3,9,4,16,16
2024-02-17,2023020852,20232024,linesman,Shandor Alphonso,CGY,DET,8,8,16,3,9,4,16,16
2024-02-17,2023020852,20232024,linesman,Caleb Apperson,CGY,DET,8,8,16,3,9,4,16,16
2024-02-17,2023020854,20232024,referee,Frederick L'Ecuyer,MIN,BUF,3,4,7,4,1,2,6,8
2024-02-17,2023020854,20232024,referee,Ghislain Hebert,MIN,BUF,3,4,7,4,1,2,6,8
2024-02-17,2023020854,20232024,linesman,Tyson Baker,MIN,BUF,3,4,7,4,1,2,6,8
2024-02-17,2023020854,20232024,linesman,Jonny Murray,MIN,BUF,3,4,7,4,1,2,6,8
2024-02-17,2023020855,20232024,referee,Chris Lee,STL,NSH,4,4,8,3,1,4,8,8
2024-02-17,2023020855,20232024,referee,Pierre Lambert,STL,NSH,4,4,8,3,1,4,8,8
2024-02-17,2023020855,20232024,linesman,Ryan Gibbons,STL,NSH,4,4,8,3,1,4,8,8
2024-02-17,2023020855,20232024,linesman,Kilian McNamara,STL,NSH,4,4,8,3,1,4,8,8
2024-02-17,2023020856,20232024,referee,Chris Rooney,TBL,FLA,5,5,10,1,5,4,10,10
2024-02-17,2023020856,20232024,referee,Corey Syvret,TBL,FLA,5,5,10,1,5,4,10,10
2024-02-17,2023020856,20232024,linesman,Steve Barton,TBL,FLA,5,5,10,1,5,4,10,10
2024-02-17,2023020856,20232024,linesman,Ben O'Quinn,TBL,FLA,5,5,10,1,5,4,10,10
2024-02-17,2023020857,20232024,referee,Francis Charron,MTL,WSH,1,3,4,2,0,2,2,6
2024-02-17,2023020857,20232024,referee,Carter Sandlak,MTL,WSH,1,3,4,2,0,2,2,6
2024-02-17,2023020857,20232024,linesman,Bevan Mills,MTL,WSH,1,3,4,2,0,2,2,6
2024-02-17,2023020857,20232024,linesman,Derek Nansen,MTL,WSH,1,3,4,2,0,2,2,6
2024-02-17,2023020858,20232024,referee,Graham Skilliter,TOR,ANA,5,7,12,4,8,0,10,14
2024-02-17,2023020858,20232024,referee,Peter MacDougall,TOR,ANA,5,7,12,4,8,0,10,14
2024-02-17,2023020858,20232024,linesman,Andrew Smith,TOR,ANA,5,7,12,4,8,0,10,14
2024-02-17,2023020858,20232024,linesman,Kyle Flemington,TOR,ANA,5,7,12,4,8,0,10,14
2024-02-17,2023020859,20232024,referee,Kelly Sutherland,NJD,PHI,4,6,10,4,6,0,8,12
2024-02-17,2023020859,20232024,referee,Jake Brenk,NJD,PHI,4,6,10,4,6,0,8,12
2024-02-17,2023020859,20232024,linesman,Scott Cherrey,NJD,PHI,4,6,10,4,6,0,8,12
2024-02-17,2023020859,20232024,linesman,Libor Suchanek,NJD,PHI,4,6,10,4,6,0,8,12
2024-02-17,2023020860,20232024,referee,Brian Pochmara,VAN,WPG,5,5,10,2,7,1,10,10
2024-02-17,2023020860,20232024,referee,Eric Furlatt,VAN,WPG,5,5,10,2,7,1,10,10
2024-02-17,2023020860,20232024,linesman,Ryan Galloway,VAN,WPG,5,5,10,2,7,1,10,10
2024-02-17,2023020860,20232024,linesman,Bryan Pancich,VAN,WPG,5,5,10,2,7,1,10,10
2024-02-17,2023020861,20232024,referee,Brandon Schrader,SJS,CBJ,3,4,7,3,2,2,6,8
2024-02-17,2023020861,20232024,referee,Steve Kozari,SJS,CBJ,3,4,7,3,2,2,6,8
2024-02-17,2023020861,20232024,linesman,Julien Fournier,SJS,CBJ,3,4,7,3,2,2,6,8
2024-02-17,2023020861,20232024,linesman,CJ Murray,SJS,CBJ,3,4,7,3,2,2,6,8
2024-02-17,2023020862,20232024,referee,Chris Schlenker,VGK,CAR,0,2,2,1,1,0,0,4
2024-02-17,2023020862,20232024,referee,Trevor Hanson,VGK,CAR,0,2,2,1,1,0,0,4
2024-02-17,2023020862,20232024,linesman,Jesse Marquis,VGK,CAR,0,2,2,1,1,0,0,4
2024-02-17,2023020862,20232024,linesman,Joe Mahon,VGK,CAR,0,2,2,1,1,0,0,4
2024-02-18,2023020863,20232024,referee,Kelly Sutherland,NYI,NYR,6,3,9,2,2,5,12,6
2024-02-18,2023020863,20232024,referee,Jake Brenk,NYI,NYR,6,3,9,2,2,5,12,6
2024-02-18,2023020863,20232024,linesman,Scott Cherrey,NYI,NYR,6,3,9,2,2,5,12,6
2024-02-18,2023020863,20232024,linesman,Libor Suchanek,NYI,NYR,6,3,9,2,2,5,12,6
2024-02-18,2023020864,20232024,referee,Wes McCauley,COL,ARI,7,5,12,3,5,4,14,10
2024-02-18,2023020864,20232024,referee,Tom Chmielewski,COL,ARI,7,5,12,3,5,4,14,10
2024-02-18,2023020864,20232024,linesman,Brandon Gawryletz,COL,ARI,7,5,12,3,5,4,14,10
2024-02-18,2023020864,20232024,linesman,Mark Shewchyk,COL,ARI,7,5,12,3,5,4,14,10
2024-02-18,2023020865,20232024,referee,Jean Hebert,PIT,LAK,3,5,8,3,3,2,6,10
2024-02-18,2023020865,20232024,referee,Michael Markovic,PIT,LAK,3,5,8,3,3,2,6,10
2024-02-18,2023020865,20232024,linesman,Brad Kovachik,PIT,LAK,3,5,8,3,3,2,6,10
2024-02-18,2023020865,20232024,linesman,Ryan Jackson,PIT,LAK,3,5,8,3,3,2,6,10
2024-02-19,2023020866,20232024,referee,Kevin Pollock,BUF,ANA,2,3,5,2,2,1,4,6
2024-02-19,2023020866,20232024,referee,Brandon Blandina,BUF,ANA,2,3,5,2,2,1,4,6
2024-02-19,2023020866,20232024,linesman,Andrew Smith,BUF,ANA,2,3,5,2,2,1,4,6
2024-02-19,2023020866,20232024,linesman,Dan Kelly,BUF,ANA,2,3,5,2,2,1,4,6
2024-02-19,2023020867,20232024,referee,Francis Charron,BOS,DAL,2,2,4,1,3,0,4,4
2024-02-19,2023020867,20232024,referee,Carter Sandlak,BOS,DAL,2,2,4,1,3,0,4,4
2024-02-19,2023020867,20232024,linesman,Derek Nansen,BOS,DAL,2,2,4,1,3,0,4,4
2024-02-19,2023020867,20232024,linesman,David Brisebois,BOS,DAL,2,2,4,1,3,0,4,4
2024-02-19,2023020868,20232024,referee,Frederick L'Ecuyer,STL,TOR,2,2,4,0,2,2,4,4
2024-02-19,2023020868,20232024,referee,Thomas John Luxmore,STL,TOR,2,2,4,0,2,2,4,4
2024-02-19,2023020868,20232024,linesman,James Tobias,STL,TOR,2,2,4,0,2,2,4,4
2024-02-19,2023020868,20232024,linesman,Kiel Murchison,STL,TOR,2,2,4,0,2,2,4,4
2024-02-19,2023020869,20232024,referee,Jon McIsaac,MIN,VAN,4,7,11,4,5,2,8,14
2024-02-19,2023020869,20232024,referee,Pierre Lambert,MIN,VAN,4,7,11,4,5,2,8,14
2024-02-19,2023020869,20232024,linesman,Tyson Baker,MIN,VAN,4,7,11,4,5,2,8,14
2024-02-19,2023020869,20232024,linesman,Jonny Murray,MIN,VAN,4,7,11,4,5,2,8,14
2024-02-19,2023020870,20232024,referee,Brian Pochmara,SEA,DET,1,2,3,2,0,1,2,4
2024-02-19,2023020870,20232024,referee,Steve Kozari,SEA,DET,1,2,3,2,0,1,2,4
2024-02-19,2023020870,20232024,linesman,CJ Murray,SEA,DET,1,2,3,2,0,1,2,4
2024-02-19,2023020870,20232024,linesman,Trent Knorr,SEA,DET,1,2,3,2,0,1,2,4
2024-02-19,2023020871,20232024,referee,Kyle Rehman,ARI,EDM,3,3,6,2,1,3,6,6
2024-02-19,2023020871,20232024,referee,Furman South,ARI,EDM,3,3,6,2,1,3,6,6
2024-02-19,2023020871,20232024,linesman,Jesse Marquis,ARI,EDM,3,3,6,2,1,3,6,6
2024-02-19,2023020871,20232024,linesman,Mark Shewchyk,ARI,EDM,3,3,6,2,1,3,6,6
2024-02-19,2023020872,20232024,referee,Graham Skilliter,CGY,WPG,3,2,5,3,1,1,6,4
2024-02-19,2023020872,20232024,referee,Eric Furlatt,CGY,WPG,3,2,5,3,1,1,6,4
2024-02-19,2023020872,20232024,linesman,Ryan Galloway,CGY,WPG,3,2,5,3,1,1,6,4
2024-02-19,2023020872,20232024,linesman,Bryan Pancich,CGY,WPG,3,2,5,3,1,1,6,4
2024-02-19,2023020873,20232024,referee,Trevor Hanson,SJS,VGK,5,1,6,1,3,2,10,2
2024-02-19,2023020873,20232024,referee,Brandon Schrader,SJS,VGK,5,1,6,1,3,2,10,2
2024-02-19,2023020873,20232024,linesman,Julien Fournier,SJS,VGK,5,1,6,1,3,2,10,2
2024-02-19,2023020873,20232024,linesman,Mitch Hunt,SJS,VGK,5,1,6,1,3,2,10,2
2024-02-19,2023020874,20232024,referee,Chris Rooney,CAR,CHI,4,4,8,3,1,4,8,8
2024-02-19,2023020874,20232024,referee,Francois St-Laurent,CAR,CHI,4,4,8,3,1,4,8,8
2024-02-19,2023020874,20232024,linesman,Steve Barton,CAR,CHI,4,4,8,3,1,4,8,8
2024-02-19,2023020874,20232024,linesman,Jonathan Deschamps,CAR,CHI,4,4,8,3,1,4,8,8
2024-02-19,2023020875,20232024,referee,Corey Syvret,TBL,OTT,2,1,3,0,2,1,4,2
2024-02-19,2023020875,20232024,referee,Chris Lee,TBL,OTT,2,1,3,0,2,1,4,2
2024-02-19,2023020875,20232024,linesman,Ryan Gibbons,TBL,OTT,2,1,3,0,2,1,4,2
2024-02-19,2023020875,20232024,linesman,Ben O'Quinn,TBL,OTT,2,1,3,0,2,1,4,2
2024-02-20,2023020876,20232024,referee,Corey Syvret,FLA,OTT,2,3,5,3,2,0,4,6
2024-02-20,2023020876,20232024,referee,Chris Lee,FLA,OTT,2,3,5,3,2,0,4,6
2024-02-20,2023020876,20232024,linesman,Ryan Gibbons,FLA,OTT,2,3,5,3,2,0,4,6
2024-02-20,2023020876,20232024,linesman,Caleb Apperson,FLA,OTT,2,3,5,3,2,0,4,6
2024-02-20,2023020877,20232024,referee,Francis Charron,NYR,DAL,4,4,8,2,4,2,8,8
2024-02-20,2023020877,20232024,referee,Michael Markovic,NYR,DAL,4,4,8,2,4,2,8,8
2024-02-20,2023020877,20232024,linesman,Steve Barton,NYR,DAL,4,4,8,2,4,2,8,8
2024-02-20,2023020877,20232024,linesman,David Brisebois,NYR,DAL,4,4,8,2,4,2,8,8
2024-02-20,2023020878,20232024,referee,Jean Hebert,PIT,NYI,2,3,5,1,4,0,4,6
2024-02-20,2023020878,20232024,referee,Carter Sandlak,PIT,NYI,2,3,5,1,4,0,4,6
2024-02-20,2023020878,20232024,linesman,Brad Kovachik,PIT,NYI,2,3,5,1,4,0,4,6
2024-02-20,2023020878,20232024,linesman,Dan Kelly,PIT,NYI,2,3,5,1,4,0,4,6
2024-02-20,2023020879,20232024,referee,Chris Rooney,WSH,NJD,2,1,3,0,2,1,4,2
2024-02-20,2023020879,20232024,referee,Francois St-Laurent,WSH,NJD,2,1,3,0,2,1,4,2
2024-02-20,2023020879,20232024,linesman,Libor Suchanek,WSH,NJD,2,1,3,0,2,1,4,2
2024-02-20,2023020879,20232024,linesman,Jonathan Deschamps,WSH,NJD,2,1,3,0,2,1,4,2
2024-02-20,2023020880,20232024,referee,Graham Skilliter,WPG,MIN,4,4,8,3,2,3,8,8
2024-02-20,2023020880,20232024,referee,Pierre Lambert,WPG,MIN,4,4,8,3,2,3,8,8
2024-02-20,2023020880,20232024,linesman,Devin Berg,WPG,MIN,4,4,8,3,2,3,8,8
2024-02-20,2023020880,20232024,linesman,Tyson Baker,WPG,MIN,4,4,8,3,2,3,8,8
2024-02-20,2023020881,20232024,referee,Kyle Rehman,COL,VAN,2,3,5,1,2,2,4,6
2024-02-20,2023020881,20232024,referee,Brandon Schrader,COL,VAN,2,3,5,1,2,2,4,6
2024-02-20,2023020881,20232024,linesman,James Tobias,COL,VAN,2,3,5,1,2,2,4,6
2024-02-20,2023020881,20232024,linesman,Jesse Marquis,COL,VAN,2,3,5,1,2,2,4,6
2024-02-20,2023020882,20232024,referee,Kendrick Nicholson,VGK,NSH,4,4,8,3,4,1,8,8
2024-02-20,2023020882,20232024,referee,Steve Kozari,VGK,NSH,4,4,8,3,4,1,8,8
2024-02-20,2023020882,20232024,linesman,Brandon Gawryletz,VGK,NSH,4,4,8,3,4,1,8,8
2024-02-20,2023020882,20232024,linesman,Travis Gawryletz,VGK,NSH,4,4,8,3,4,1,8,8
2024-02-20,2023020883,20232024,referee,Wes McCauley,LAK,CBJ,3,2,5,0,2,3,6,4
2024-02-20,2023020883,20232024,referee,Furman South,LAK,CBJ,3,2,5,0,2,3,6,4
2024-02-20,2023020883,20232024,linesman,Trent Knorr,LAK,CBJ,3,2,5,0,2,3,6,4
2024-02-20,2023020883,20232024,linesman,Matt MacPherson,LAK,CBJ,3,2,5,0,2,3,6,4
2024-02-21,2023020884,20232024,referee,Kelly Sutherland,MTL,BUF,5,5,10,5,3,2,10,10
2024-02-21,2023020884,20232024,referee,Ghislain Hebert,MTL,BUF,5,5,10,5,3,2,10,10
2024-02-21,2023020884,20232024,linesman,Michel Cormier,MTL,BUF,5,5,10,5,3,2,10,10
2024-02-21,2023020884,20232024,linesman,Kilian McNamara,MTL,BUF,5,5,10,5,3,2,10,10
2024-02-21,2023020885,20232024,referee,Jean Hebert,CHI,PHI,0,2,2,1,1,0,0,4
2024-02-21,2023020885,20232024,referee,Thomas John Luxmore,CHI,PHI,0,2,2,1,1,0,0,4
2024-02-21,2023020885,20232024,linesman,Kyle Flemington,CHI,PHI,0,2,2,1,1,0,0,4
2024-02-21,2023020885,20232024,linesman,Kiel Murchison,CHI,PHI,0,2,2,1,1,0,0,4
2024-02-21,2023020886,20232024,referee,Wes McCauley,ANA,CBJ,4,6,10,1,3,6,8,12
2024-02-21,2023020886,20232024,referee,Kendrick Nicholson,ANA,CBJ,4,6,10,1,3,6,8,12
2024-02-21,2023020886,20232024,linesman,Julien Fournier,ANA,CBJ,4,6,10,1,3,6,8,12
2024-02-21,2023020886,20232024,linesman,Mark Shewchyk,ANA,CBJ,4,6,10,1,3,6,8,12
2024-02-21,2023020887,20232024,referee,Jake Brenk,ARI,TOR,7,5,12,5,7,0,14,10
2024-02-21,2023020887,20232024,referee,Brandon Schrader,ARI,TOR,7,5,12,5,7,0,14,10
2024-02-21,2023020887,20232024,linesman,Brandon Gawryletz,ARI,TOR,7,5,12,5,7,0,14,10
2024-02-21,2023020887,20232024,linesman,Matt MacPherson,ARI,TOR,7,5,12,5,7,0,14,10
2024-02-21,2023020888,20232024,referee,Tom Chmielewski,EDM,BOS,2,3,5,2,2,1,4,6
2024-02-21,2023020888,20232024,referee,Eric Furlatt,EDM,BOS,2,3,5,2,2,1,4,6
2024-02-21,2023020888,20232024,linesman,Bevan Mills,EDM,BOS,2,3,5,2,2,1,4,6
2024-02-21,2023020888,20232024,linesman,Ryan Galloway,EDM,BOS,2,3,5,2,2,1,4,6
2024-02-22,2023020889,20232024,referee,Jon McIsaac,CAR,FLA,3,3,6,1,0,5,6,6
2024-02-22,2023020889,20232024,referee,Mitch Dunning,CAR,FLA,3,3,6,1,0,5,6,6
2024-02-22,2023020889,20232024,linesman,Libor Suchanek,CAR,FLA,3,3,6,1,0,5,6,6
2024-02-22,2023020889,20232024,linesman,Jonathan Deschamps,CAR,FLA,3,3,6,1,0,5,6,6
2024-02-22,2023020890,20232024,referee,Chris Schlenker,DET,COL,3,4,7,2,1,4,6,8
2024-02-22,2023020890,20232024,referee,Francis Charron,DET,COL,3,4,7,2,1,4,6,8
2024-02-22,2023020890,20232024,linesman,Brad Kovachik,DET,COL,3,4,7,2,1,4,6,8
2024-02-22,2023020890,20232024,linesman,Dan Kelly,DET,COL,3,4,7,2,1,4,6,8
2024-02-22,2023020891,20232024,referee,Francois St-Laurent,NJD,NYR,6,5,11,5,5,1,12,10
2024-02-22,2023020891,20232024,referee,Michael Markovic,NJD,NYR,6,5,11,5,5,1,12,10
2024-02-22,2023020891,20232024,linesman,Ryan Jackson,NJD,NYR,6,5,11,5,5,1,12,10
2024-02-22,2023020891,20232024,linesman,David Brisebois,NJD,NYR,6,5,11,5,5,1,12,10
2024-02-22,2023020892,20232024,referee,Kelly Sutherland,OTT,DAL,2,5,7,2,1,4,4,10
2024-02-22,2023020892,20232024,referee,Justin Kea,OTT,DAL,2,5,7,2,1,4,4,10
2024-02-22,2023020892,20232024,linesman,Michel Cormier,OTT,DAL,2,5,7,2,1,4,4,10
2024-02-22,2023020892,20232024,linesman,Kilian McNamara,OTT,DAL,2,5,7,2,1,4,4,10
2024-02-22,2023020893,20232024,referee,Thomas John Luxmore,PIT,MTL,4,3,7,0,3,4,8,6
2024-02-22,2023020893,20232024,referee,Carter Sandlak,PIT,MTL,4,3,7,0,3,4,8,6
2024-02-22,2023020893,20232024,linesman,Shandor Alphonso,PIT,MTL,4,3,7,0,3,4,8,6
2024-02-22,2023020893,20232024,linesman,CJ Murray,PIT,MTL,4,3,7,0,3,4,8,6
2024-02-22,2023020894,20232024,referee,Brian Pochmara,TBL,WSH,4,3,7,2,3,2,8,6
2024-02-22,2023020894,20232024,referee,Peter MacDougall,TBL,WSH,4,3,7,2,3,2,8,6
2024-02-22,2023020894,20232024,linesman,Caleb Apperson,TBL,WSH,4,3,7,2,3,2,8,6
2024-02-22,2023020894,20232024,linesman,Jonny Murray,TBL,WSH,4,3,7,2,3,2,8,6
2024-02-22,2023020895,20232024,referee,Garrett Rank,STL,NYI,6,6,12,4,2,6,12,12
2024-02-22,2023020895,20232024,referee,Brandon Blandina,STL,NYI,6,6,12,4,2,6,12,12
2024-02-22,2023020895,20232024,linesman,Ryan Daisy,STL,NYI,6,6,12,4,2,6,12,12
2024-02-22,2023020895,20232024,linesman,Bryan Pancich,STL,NYI,6,6,12,4,2,6,12,12
2024-02-22,2023020896,20232024,referee,Dan O'Rourke,CGY,BOS,3,1,4,1,3,0,6,2
2024-02-22,2023020896,20232024,referee,Tom Chmielewski,CGY,BOS,3,1,4,1,3,0,6,2
2024-02-22,2023020896,20232024,linesman,Bevan Mills,CGY,BOS,3,1,4,1,3,0,6,2
2024-02-22,2023020896,20232024,linesman,Devin Berg,CGY,BOS,3,1,4,1,3,0,6,2
2024-02-22,2023020897,20232024,referee,Kendrick Nicholson,SEA,VAN,4,3,7,3,4,0,8,6
2024-02-22,2023020897,20232024,referee,Beau Halkidis,SEA,VAN,4,3,7,3,4,0,8,6
2024-02-22,2023020897,20232024,linesman,Travis Gawryletz,SEA,VAN,4,3,7,3,4,0,8,6
2024-02-22,2023020897,20232024,linesman,Trent Knorr,SEA,VAN,4,3,7,3,4,0,8,6
2024-02-22,2023020898,20232024,referee,Wes McCauley,VGK,TOR,2,1,3,0,2,1,4,2
2024-02-22,2023020898,20232024,referee,Furman South,VGK,TOR,2,1,3,0,2,1,4,2
2024-02-22,2023020898,20232024,linesman,Julien Fournier,VGK,TOR,2,1,3,0,2,1,4,2
2024-02-22,2023020898,20232024,linesman,Matt MacPherson,VGK,TOR,2,1,3,0,2,1,4,2
2024-02-22,2023020899,20232024,referee,Trevor Hanson,LAK,NSH,4,4,8,5,2,1,8,8
2024-02-22,2023020899,20232024,referee,Jake Brenk,LAK,NSH,4,4,8,5,2,1,8,8
2024-02-22,2023020899,20232024,linesman,Brandon Gawryletz,LAK,NSH,4,4,8,5,2,1,8,8
2024-02-22,2023020899,20232024,linesman,Mark Shewchyk,LAK,NSH,4,4,8,5,2,1,8,8
2024-02-23,2023020900,20232024,referee,Chris Schlenker,CBJ,BUF,5,3,8,4,3,1,10,6
2024-02-23,2023020900,20232024,referee,Francis Charron,CBJ,BUF,5,3,8,4,3,1,10,6
2024-02-23,2023020900,20232024,linesman,Shandor Alphonso,CBJ,BUF,5,3,8,4,3,1,10,6
2024-02-23,2023020900,20232024,linesman,Jesse Marquis,CBJ,BUF,5,3,8,4,3,1,10,6
2024-02-23,2023020901,20232024,referee,Garrett Rank,CHI,WPG,3,3,6,1,2,3,6,6
2024-02-23,2023020901,20232024,referee,Carter Sandlak,CHI,WPG,3,3,6,1,2,3,6,6
2024-02-23,2023020901,20232024,linesman,Ryan Daisy,CHI,WPG,3,3,6,1,2,3,6,6
2024-02-23,2023020901,20232024,linesman,Ryan Jackson,CHI,WPG,3,3,6,1,2,3,6,6
2024-02-23,2023020902,20232024,referee,Dan O'Rourke,EDM,MIN,4,2,6,1,4,1,8,4
2024-02-23,2023020902,20232024,referee,Ghislain Hebert,EDM,MIN,4,2,6,1,4,1,8,4
2024-02-23,2023020902,20232024,linesman,Bevan Mills,EDM,MIN,4,2,6,1,4,1,8,4
2024-02-23,2023020902,20232024,linesman,Devin Berg,EDM,MIN,4,2,6,1,4,1,8,4
2024-02-24,2023020909,20232024,referee,Kelly Sutherland,DET,STL,2,3,5,2,2,1,4,6
2024-02-24,2023020909,20232024,referee,Chris Lee,DET,STL,2,3,5,2,2,1,4,6
2024-02-24,2023020909,20232024,linesman,Tyson Baker,DET,STL,2,3,5,2,2,1,4,6
2024-02-24,2023020909,20232024,linesman,Bryan Pancich,DET,STL,2,3,5,2,2,1,4,6
2024-02-24,2023020903,20232024,referee,Thomas John Luxmore,NJD,MTL,0,2,2,0,1,1,0,4
2024-02-24,2023020903,20232024,referee,Morgan MacPhee,NJD,MTL,0,2,2,0,1,1,0,4
2024-02-24,2023020903,20232024,linesman,James Tobias,NJD,MTL,0,2,2,0,1,1,0,4
2024-02-24,2023020903,20232024,linesman,David Brisebois,NJD,MTL,0,2,2,0,1,1,0,4
2024-02-24,2023020904,20232024,referee,Jon McIsaac,NYI,TBL,3,5,8,1,4,3,6,10
2024-02-24,2023020904,20232024,referee,Justin Kea,NYI,TBL,3,5,8,1,4,3,6,10
2024-02-24,2023020904,20232024,linesman,Jonathan Deschamps,NYI,TBL,3,5,8,1,4,3,6,10
2024-02-24,2023020904,20232024,linesman,Dan Kelly,NYI,TBL,3,5,8,1,4,3,6,10
2024-02-24,2023020905,20232024,referee,Chris Rooney,PHI,NYR,5,4,9,3,4,2,10,8
2024-02-24,2023020905,20232024,referee,Francois St-Laurent,PHI,NYR,5,4,9,3,4,2,10,8
2024-02-24,2023020905,20232024,linesman,CJ Murray,PHI,NYR,5,4,9,3,4,2,10,8
2024-02-24,2023020905,20232024,linesman,Brad Kovachik,PHI,NYR,5,4,9,3,4,2,10,8
2024-02-24,2023020906,20232024,referee,Jean Hebert,FLA,WSH,5,4,9,4,2,3,10,8
2024-02-24,2023020906,20232024,referee,Brian Pochmara,FLA,WSH,5,4,9,4,2,3,10,8
2024-02-24,2023020906,20232024,linesman,Caleb Apperson,FLA,WSH,5,4,9,4,2,3,10,8
2024-02-24,2023020906,20232024,linesman,Jonny Murray,FLA,WSH,5,4,9,4,2,3,10,8
2024-02-24,2023020908,20232024,referee,Corey Syvret,COL,TOR,2,1,3,2,0,1,4,2
2024-02-24,2023020908,20232024,referee,Steve Kozari,COL,TOR,2,1,3,2,0,1,4,2
2024-02-24,2023020908,20232024,linesman,Julien Fournier,COL,TOR,2,1,3,2,0,1,4,2
2024-02-24,2023020908,20232024,linesman,Brandon Gawryletz,COL,TOR,2,1,3,2,0,1,4,2
2024-02-24,2023020910,20232024,referee,Eric Furlatt,OTT,VGK,3,4,7,4,3,0,6,8
2024-02-24,2023020910,20232024,referee,Pierre Lambert,OTT,VGK,3,4,7,4,3,0,6,8
2024-02-24,2023020910,20232024,linesman,Scott Cherrey,OTT,VGK,3,4,7,4,3,0,6,8
2024-02-24,2023020910,20232024,linesman,Kilian McNamara,OTT,VGK,3,4,7,4,3,0,6,8
2024-02-24,2023020911,20232024,referee,Frederick L'Ecuyer,VAN,BOS,4,1,5,4,0,1,8,2
2024-02-24,2023020911,20232024,referee,Graham Skilliter,VAN,BOS,4,1,5,4,0,1,8,2
2024-02-24,2023020911,20232024,linesman,Trent Knorr,VAN,BOS,4,1,5,4,0,1,8,2
2024-02-24,2023020911,20232024,linesman,Kiel Murchison,VAN,BOS,4,1,5,4,0,1,8,2
2024-02-24,2023020907,20232024,referee,Mitch Dunning,CAR,DAL,4,2,6,1,3,2,8,4
2024-02-24,2023020907,20232024,referee,Peter MacDougall,CAR,DAL,4,2,6,1,3,2,8,4
2024-02-24,2023020907,20232024,linesman,Andrew Smith,CAR,DAL,4,2,6,1,3,2,8,4
2024-02-24,2023020907,20232024,linesman,Libor Suchanek,CAR,DAL,4,2,6,1,3,2,8,4
2024-02-24,2023020912,20232024,referee,Dan O'Rourke,EDM,CGY,8,7,15,6,8,1,16,14
2024-02-24,2023020912,20232024,referee,Kendrick Nicholson,EDM,CGY,8,7,15,6,8,1,16,14
2024-02-24,2023020912,20232024,linesman,Steve Barton,EDM,CGY,8,7,15,6,8,1,16,14
2024-02-24,2023020912,20232024,linesman,Derek Nansen,EDM,CGY,8,7,15,6,8,1,16,14
2024-02-24,2023020913,20232024,referee,Jake Brenk,SEA,MIN,8,7,15,4,7,4,16,14
2024-02-24,2023020913,20232024,referee,Brandon Blandina,SEA,MIN,8,7,15,4,7,4,16,14
2024-02-24,2023020913,20232024,linesman,Travis Gawryletz,SEA,MIN,8,7,15,4,7,4,16,14
2024-02-24,2023020913,20232024,linesman,Matt MacPherson,SEA,MIN,8,7,15,4,7,4,16,14
2024-02-24,2023020914,20232024,referee,Furman South,SJS,NSH,3,2,5,2,3,0,6,4
2024-02-24,2023020914,20232024,referee,Tom Chmielewski,SJS,NSH,3,2,5,2,3,0,6,4
2024-02-24,2023020914,20232024,linesman,Tommy Hughes,SJS,NSH,3,2,5,2,3,0,6,4
2024-02-24,2023020914,20232024,linesman,Ben O'Quinn,SJS,NSH,3,2,5,2,3,0,6,4
2024-02-24,2023020915,20232024,referee,Wes McCauley,LAK,ANA,3,5,8,2,5,1,6,10
2024-02-24,2023020915,20232024,referee,Beau Halkidis,LAK,ANA,3,5,8,2,5,1,6,10
2024-02-24,2023020915,20232024,linesman,Ryan Gibbons,LAK,ANA,3,5,8,2,5,1,6,10
2024-02-24,2023020915,20232024,linesman,Mark Shewchyk,LAK,ANA,3,5,8,2,5,1,6,10
2024-02-25,2023020916,20232024,referee,Jon McIsaac,NJD,TBL,3,4,7,3,1,3,6,8
2024-02-25,2023020916,20232024,referee,Francis Charron,NJD,TBL,3,4,7,3,1,3,6,8
2024-02-25,2023020916,20232024,linesman,James Tobias,NJD,TBL,3,4,7,3,1,3,6,8
2024-02-25,2023020916,20232024,linesman,Brad Kovachik,NJD,TBL,3,4,7,3,1,3,6,8
2024-02-25,2023020917,20232024,referee,Garrett Rank,PIT,PHI,5,4,9,0,6,3,10,8
2024-02-25,2023020917,20232024,referee,Kelly Sutherland,PIT,PHI,5,4,9,0,6,3,10,8
2024-02-25,2023020917,20232024,linesman,Shandor Alphonso,PIT,PHI,5,4,9,0,6,3,10,8
2024-02-25,2023020917,20232024,linesman,Bryan Pancich,PIT,PHI,5,4,9,0,6,3,10,8
2024-02-25,2023020918,20232024,referee,Kyle Rehman,BUF,CAR,2,2,4,1,1,2,4,4
2024-02-25,2023020918,20232024,referee,Jordan Samuels-Thomas,BUF,CAR,2,2,4,1,1,2,4,4
2024-02-25,2023020918,20232024,linesman,Jonathan Deschamps,BUF,CAR,2,2,4,1,1,2,4,4
2024-02-25,2023020918,20232024,linesman,David Brisebois,BUF,CAR,2,2,4,1,1,2,4,4
2024-02-25,2023020919,20232024,referee,Chris Schlenker,CBJ,NYR,2,3,5,1,2,2,4,6
2024-02-25,2023020919,20232024,referee,Chris Lee,CBJ,NYR,2,3,5,1,2,2,4,6
2024-02-25,2023020919,20232024,linesman,Ryan Daisy,CBJ,NYR,2,3,5,1,2,2,4,6
2024-02-25,2023020919,20232024,linesman,Tyson Baker,CBJ,NYR,2,3,5,1,2,2,4,6
2024-02-25,2023020920,20232024,referee,Chris Rooney,CHI,DET,0,1,1,0,1,0,0,2
2024-02-25,2023020920,20232024,referee,Thomas John Luxmore,CHI,DET,0,1,1,0,1,0,0,2
2024-02-25,2023020920,20232024,linesman,CJ Murray,CHI,DET,0,1,1,0,1,0,0,2
2024-02-25,2023020920,20232024,linesman,Jesse Marquis,CHI,DET,0,1,1,0,1,0,0,2
2024-02-25,2023020921,20232024,referee,Ghislain Hebert,WPG,ARI,2,3,5,4,1,0,4,6
2024-02-25,2023020921,20232024,referee,Cody Beach,WPG,ARI,2,3,5,4,1,0,4,6
2024-02-25,2023020921,20232024,linesman,Bevan Mills,WPG,ARI,2,3,5,4,1,0,4,6
2024-02-25,2023020921,20232024,linesman,Devin Berg,WPG,ARI,2,3,5,4,1,0,4,6
2024-02-25,2023020922,20232024,referee,Trevor Hanson,ANA,NSH,4,3,7,1,4,2,8,6
2024-02-25,2023020922,20232024,referee,Steve Kozari,ANA,NSH,4,3,7,1,4,2,8,6
2024-02-25,2023020922,20232024,linesman,Tommy Hughes,ANA,NSH,4,3,7,1,4,2,8,6
2024-02-25,2023020922,20232024,linesman,Ben O'Quinn,ANA,NSH,4,3,7,1,4,2,8,6
2024-02-26,2023020923,20232024,referee,Jon McIsaac,WSH,OTT,1,3,4,2,2,0,2,6
2024-02-26,2023020923,20232024,referee,Mitch Dunning,WSH,OTT,1,3,4,2,2,0,2,6
2024-02-26,2023020923,20232024,linesman,Andrew Smith,WSH,OTT,1,3,4,2,2,0,2,6
2024-02-26,2023020923,20232024,linesman,James Tobias,WSH,OTT,1,3,4,2,2,0,2,6
2024-02-26,2023020924,20232024,referee,Brian Pochmara,DAL,NYI,3,1,4,1,2,1,6,2
2024-02-26,2023020924,20232024,referee,Brandon Schrader,DAL,NYI,3,1,4,1,2,1,6,2
2024-02-26,2023020924,20232024,linesman,Ryan Galloway,DAL,NYI,3,1,4,1,2,1,6,2
2024-02-26,2023020924,20232024,linesman,Joe Mahon,DAL,NYI,3,1,4,1,2,1,6,2
2024-02-26,2023020925,20232024,referee,Graham Skilliter,EDM,LAK,2,3,5,0,3,2,4,6
2024-02-26,2023020925,20232024,referee,Kendrick Nicholson,EDM,LAK,2,3,5,0,3,2,4,6
2024-02-26,2023020925,20232024,linesman,Steve Barton,EDM,LAK,2,3,5,0,3,2,4,6
2024-02-26,2023020925,20232024,linesman,Derek Nansen,EDM,LAK,2,3,5,0,3,2,4,6
2024-02-26,2023020926,20232024,referee,Frederick L'Ecuyer,SEA,BOS,1,5,6,0,3,3,2,10
2024-02-26,2023020926,20232024,referee,Brandon Blandina,SEA,BOS,1,5,6,0,3,3,2,10
2024-02-26,2023020926,20232024,linesman,Ryan Gibbons,SEA,BOS,1,5,6,0,3,3,2,10
2024-02-26,2023020926,20232024,linesman,Ben O'Quinn,SEA,BOS,1,5,6,0,3,3,2,10
2024-02-27,2023020927,20232024,referee,Kyle Rehman,DET,WSH,2,3,5,1,2,2,4,6
2024-02-27,2023020927,20232024,referee,Jordan Samuels-Thomas,DET,WSH,2,3,5,1,2,2,4,6
2024-02-27,2023020927,20232024,linesman,Shandor Alphonso,DET,WSH,2,3,5,1,2,2,4,6
2024-02-27,2023020927,20232024,linesman,Tyson Baker,DET,WSH,2,3,5,1,2,2,4,6
2024-02-27,2023020928,20232024,referee,Thomas John Luxmore,FLA,BUF,6,7,13,5,5,3,12,14
2024-02-27,2023020928,20232024,referee,Michael Markovic,FLA,BUF,6,7,13,5,5,3,12,14
2024-02-27,2023020928,20232024,linesman,Brandon Gawryletz,FLA,BUF,6,7,13,5,5,3,12,14
2024-02-27,2023020928,20232024,linesman,Kilian McNamara,FLA,BUF,6,7,13,5,5,3,12,14
2024-02-27,2023020929,20232024,referee,Eric Furlatt,MTL,ARI,3,0,3,1,1,1,6,0
2024-02-27,2023020929,20232024,referee,Pierre Lambert,MTL,ARI,3,0,3,1,1,1,6,0
2024-02-27,2023020929,20232024,linesman,Jonathan Deschamps,MTL,ARI,3,0,3,1,1,1,6,0
2024-02-27,2023020929,20232024,linesman,Dan Kelly,MTL,ARI,3,0,3,1,1,1,6,0
2024-02-27,2023020930,20232024,referee,Francis Charron,PHI,TBL,2,3,5,1,3,1,4,6
2024-02-27,2023020930,20232024,referee,Mitch Dunning,PHI,TBL,2,3,5,1,3,1,4,6
2024-02-27,2023020930,20232024,linesman,Trent Knorr,PHI,TBL,2,3,5,1,3,1,4,6
2024-02-27,2023020930,20232024,linesman,Bryan Pancich,PHI,TBL,2,3,5,1,3,1,4,6
2024-02-27,2023020931,20232024,referee,Garrett Rank,TOR,VGK,4,1,5,1,3,1,8,2
2024-02-27,2023020931,20232024,referee,Peter MacDougall,TOR,VGK,4,1,5,1,3,1,8,2
2024-02-27,2023020931,20232024,linesman,Brad Kovachik,TOR,VGK,4,1,5,1,3,1,8,2
2024-02-27,2023020931,20232024,linesman,Mark Shewchyk,TOR,VGK,4,1,5,1,3,1,8,2
2024-02-27,2023020932,20232024,referee,Corey Syvret,MIN,CAR,3,4,7,3,2,2,6,8
2024-02-27,2023020932,20232024,referee,Chris Lee,MIN,CAR,3,4,7,3,2,2,6,8
2024-02-27,2023020932,20232024,linesman,Libor Suchanek,MIN,CAR,3,4,7,3,2,2,6,8
2024-02-27,2023020932,20232024,linesman,Ryan Daisy,MIN,CAR,3,4,7,3,2,2,6,8
2024-02-27,2023020933,20232024,referee,Chris Rooney,NSH,OTT,2,3,5,3,1,1,4,6
2024-02-27,2023020933,20232024,referee,Brandon Schrader,NSH,OTT,2,3,5,3,1,1,4,6
2024-02-27,2023020933,20232024,linesman,Ryan Galloway,NSH,OTT,2,3,5,3,1,1,4,6
2024-02-27,2023020933,20232024,linesman,Jonny Murray,NSH,OTT,2,3,5,3,1,1,4,6
2024-02-27,2023020934,20232024,referee,Jean Hebert,WPG,STL,4,3,7,0,2,5,8,6
2024-02-27,2023020934,20232024,referee,Ghislain Hebert,WPG,STL,4,3,7,0,2,5,8,6
2024-02-27,2023020934,20232024,linesman,Scott Cherrey,WPG,STL,4,3,7,0,2,5,8,6
2024-02-27,2023020934,20232024,linesman,Michel Cormier,WPG,STL,4,3,7,0,2,5,8,6
2024-02-27,2023020935,20232024,referee,Trevor Hanson,CGY,LAK,3,3,6,2,2,2,6,6
2024-02-27,2023020935,20232024,referee,Carter Sandlak,CGY,LAK,3,3,6,2,2,2,6,6
2024-02-27,2023020935,20232024,linesman,Derek Nansen,CGY,LAK,3,3,6,2,2,2,6,6
2024-02-27,2023020935,20232024,linesman,Caleb Apperson,CGY,LAK,3,3,6,2,2,2,6,6
2024-02-27,2023020936,20232024,referee,Chris Schlenker,COL,DAL,2,2,4,1,1,2,4,4
2024-02-27,2023020936,20232024,referee,Tom Chmielewski,COL,DAL,2,2,4,1,1,2,4,4
2024-02-27,2023020936,20232024,linesman,Travis Gawryletz,COL,DAL,2,2,4,1,1,2,4,4
2024-02-27,2023020936,20232024,linesman,Jesse Marquis,COL,DAL,2,2,4,1,1,2,4,4
2024-02-27,2023020937,20232024,referee,Kendrick Nicholson,VAN,PIT,5,4,9,4,3,2,10,8
2024-02-27,2023020937,20232024,referee,Cody Beach,VAN,PIT,5,4,9,4,3,2,10,8
2024-02-27,2023020937,20232024,linesman,Bevan Mills,VAN,PIT,5,4,9,4,3,2,10,8
2024-02-27,2023020937,20232024,linesman,Tommy Hughes,VAN,PIT,5,4,9,4,3,2,10,8
2024-02-27,2023020938,20232024,referee,Frederick L'Ecuyer,SJS,NJD,2,1,3,1,2,0,4,2
2024-02-27,2023020938,20232024,referee,Brandon Blandina,SJS,NJD,2,1,3,1,2,0,4,2
2024-02-27,2023020938,20232024,linesman,Ryan Gibbons,SJS,NJD,2,1,3,1,2,0,4,2
2024-02-27,2023020938,20232024,linesman,Kiel Murchison,SJS,NJD,2,1,3,1,2,0,4,2
2024-02-28,2023020939,20232024,referee,Francis Charron,NYR,CBJ,2,3,5,1,1,3,4,6
2024-02-28,2023020939,20232024,referee,Furman South,NYR,CBJ,2,3,5,1,1,3,4,6
2024-02-28,2023020939,20232024,linesman,Trent Knorr,NYR,CBJ,2,3,5,1,1,3,4,6
2024-02-28,2023020939,20232024,linesman,Bryan Pancich,NYR,CBJ,2,3,5,1,1,3,4,6
2024-02-28,2023020940,20232024,referee,Trevor Hanson,EDM,STL,3,2,5,2,2,1,6,4
2024-02-28,2023020940,20232024,referee,Carter Sandlak,EDM,STL,3,2,5,2,2,1,6,4
2024-02-28,2023020940,20232024,linesman,Tommy Hughes,EDM,STL,3,2,5,2,2,1,6,4
2024-02-28,2023020940,20232024,linesman,Caleb Apperson,EDM,STL,3,2,5,2,2,1,6,4
2024-02-29,2023020941,20232024,referee,Chris Rooney,BOS,VGK,2,2,4,0,1,3,4,4
2024-02-29,2023020941,20232024,referee,Jake Brenk,BOS,VGK,2,2,4,0,1,3,4,4
2024-02-29,2023020941,20232024,linesman,Brad Kovachik,BOS,VGK,2,2,4,0,1,3,4,4
2024-02-29,2023020941,20232024,linesman,Bryan Pancich,BOS,VGK,2,2,4,0,1,3,4,4
2024-02-29,2023020942,20232024,referee,Pierre Lambert,CBJ,CAR,2,3,5,1,1,3,4,6
2024-02-29,2023020942,20232024,referee,Brandon Blandina,CBJ,CAR,2,3,5,1,1,3,4,6
2024-02-29,2023020942,20232024,linesman,James Tobias,CBJ,CAR,2,3,5,1,1,3,4,6
2024-02-29,2023020942,20232024,linesman,Ryan Galloway,CBJ,CAR,2,3,5,1,1,3,4,6
2024-02-29,2023020943,20232024,referee,Kyle Rehman,DET,NYI,3,2,5,4,0,1,6,4
2024-02-29,2023020943,20232024,referee,Corey Syvret,DET,NYI,3,2,5,4,0,1,6,4
2024-02-29,2023020943,20232024,linesman,Devin Berg,DET,NYI,3,2,5,4,0,1,6,4
2024-02-29,2023020943,20232024,linesman,David Brisebois,DET,NYI,3,2,5,4,0,1,6,4
2024-02-29,2023020944,20232024,referee,Tom Chmielewski,FLA,MTL,5,6,11,5,2,4,10,12
2024-02-29,2023020944,20232024,referee,Michael Markovic,FLA,MTL,5,6,11,5,2,4,10,12
2024-02-29,2023020944,20232024,linesman,Brandon Gawryletz,FLA,MTL,5,6,11,5,2,4,10,12
2024-02-29,2023020944,20232024,linesman,Kilian McNamara,FLA,MTL,5,6,11,5,2,4,10,12
2024-02-29,2023020945,20232024,referee,Francois St-Laurent,TBL,BUF,2,3,5,1,1,3,4,6
2024-02-29,2023020945,20232024,referee,Thomas John Luxmore,TBL,BUF,2,3,5,1,1,3,4,6
2024-02-29,2023020945,20232024,linesman,Julien Fournier,TBL,BUF,2,3,5,1,1,3,4,6
2024-02-29,2023020945,20232024,linesman,Matt MacPherson,TBL,BUF,2,3,5,1,1,3,4,6
2024-02-29,2023020946,20232024,referee,Kendrick Nicholson,TOR,ARI,0,1,1,0,1,0,0,2
2024-02-29,2023020946,20232024,referee,Morgan MacPhee,TOR,ARI,0,1,1,0,1,0,0,2
2024-02-29,2023020946,20232024,linesman,Steve Barton,TOR,ARI,0,1,1,0,1,0,0,2
2024-02-29,2023020946,20232024,linesman,Dan Kelly,TOR,ARI,0,1,1,0,1,0,0,2
2024-02-29,2023020947,20232024,referee,Dan O'Rourke,DAL,WPG,1,2,3,0,1,2,2,4
2024-02-29,2023020947,20232024,referee,Brandon Schrader,DAL,WPG,1,2,3,0,1,2,2,4
2024-02-29,2023020947,20232024,linesman,Jesse Marquis,DAL,WPG,1,2,3,0,1,2,2,4
2024-02-29,2023020947,20232024,linesman,Jonny Murray,DAL,WPG,1,2,3,0,1,2,2,4
2024-02-29,2023020948,20232024,referee,Kelly Sutherland,NSH,MIN,5,4,9,0,8,1,10,8
2024-02-29,2023020948,20232024,referee,Furman South,NSH,MIN,5,4,9,0,8,1,10,8
2024-02-29,2023020948,20232024,linesman,Andrew Smith,NSH,MIN,5,4,9,0,8,1,10,8
2024-02-29,2023020948,20232024,linesman,Travis Gawryletz,NSH,MIN,5,4,9,0,8,1,10,8
2024-02-29,2023020949,20232024,referee,Eric Furlatt,CHI,COL,1,1,2,0,2,0,2,2
2024-02-29,2023020949,20232024,referee,Chris Lee,CHI,COL,1,1,2,0,2,0,2,2
2024-02-29,2023020949,20232024,linesman,Libor Suchanek,CHI,COL,1,1,2,0,2,0,2,2
2024-02-29,2023020949,20232024,linesman,CJ Murray,CHI,COL,1,1,2,0,2,0,2,2
2024-02-29,2023020950,20232024,referee,Chris Schlenker,SEA,PIT,3,4,7,2,2,3,6,8
2024-02-29,2023020950,20232024,referee,Graham Skilliter,SEA,PIT,3,4,7,2,2,3,6,8
2024-02-29,2023020950,20232024,linesman,Bevan Mills,SEA,PIT,3,4,7,2,2,3,6,8
2024-02-29,2023020950,20232024,linesman,Tyson Baker,SEA,PIT,3,4,7,2,2,3,6,8
2024-02-29,2023020951,20232024,referee,Jean Hebert,VAN,LAK,3,4,7,2,1,4,6,8
2024-02-29,2023020951,20232024,referee,Carter Sandlak,VAN,LAK,3,4,7,2,1,4,6,8
2024-02-29,2023020951,20232024,linesman,Scott Cherrey,VAN,LAK,3,4,7,2,1,4,6,8
2024-02-29,2023020951,20232024,linesman,Michel Cormier,VAN,LAK,3,4,7,2,1,4,6,8
2024-02-29,2023020952,20232024,referee,Frederick L'Ecuyer,SJS,ANA,6,7,13,2,5,6,12,14
2024-02-29,2023020952,20232024,referee,Steve Kozari,SJS,ANA,6,7,13,2,5,6,12,14
2024-02-29,2023020952,20232024,linesman,Ryan Gibbons,SJS,ANA,6,7,13,2,5,6,12,14
2024-02-29,2023020952,20232024,linesman,Kiel Murchison,SJS,ANA,6,7,13,2,5,6,12,14
2024-03-01,2023020953,20232024,referee,Mitch Dunning,OTT,ARI,6,5,11,4,1,6,12,10
2024-03-01,2023020953,20232024,referee,Ghislain Hebert,OTT,ARI,6,5,11,4,1,6,12,10
2024-03-01,2023020953,20232024,linesman,Steve Barton,OTT,ARI,6,5,11,4,1,6,12,10
2024-03-01,2023020953,20232024,linesman,Derek Nansen,OTT,ARI,6,5,11,4,1,6,12,10
2024-03-01,2023020954,20232024,referee,Jon McIsaac,WSH,PHI,5,5,10,2,2,6,10,10
2024-03-01,2023020954,20232024,referee,Pierre Lambert,WSH,PHI,5,5,10,2,2,6,10,10
2024-03-01,2023020954,20232024,linesman,Trent Knorr,WSH,PHI,5,5,10,2,2,6,10,10
2024-03-01,2023020954,20232024,linesman,Mark Shewchyk,WSH,PHI,5,5,10,2,2,6,10,10
2024-03-01,2023020955,20232024,referee,Frederick L'Ecuyer,ANA,NJD,4,2,6,2,2,2,8,4
2024-03-01,2023020955,20232024,referee,Graham Skilliter,ANA,NJD,4,2,6,2,2,2,8,4
2024-03-01,2023020955,20232024,linesman,Caleb Apperson,ANA,NJD,4,2,6,2,2,2,8,4
2024-03-01,2023020955,20232024,linesman,Kiel Murchison,ANA,NJD,4,2,6,2,2,2,8,4
2024-03-02,2023020956,20232024,referee,Tom Chmielewski,CAR,WPG,5,4,9,3,4,2,10,8
2024-03-02,2023020956,20232024,referee,Jake Brenk,CAR,WPG,5,4,9,3,4,2,10,8
2024-03-02,2023020956,20232024,linesman,Brandon Gawryletz,CAR,WPG,5,4,9,3,4,2,10,8
2024-03-02,2023020956,20232024,linesman,Travis Gawryletz,CAR,WPG,5,4,9,3,4,2,10,8
2024-03-02,2023020961,20232024,referee,Garrett Rank,DET,FLA,10,10,20,4,7,9,20,20
2024-03-02,2023020961,20232024,referee,Kendrick Nicholson,DET,FLA,10,10,20,4,7,9,20,20
2024-03-02,2023020961,20232024,linesman,Ryan Galloway,DET,FLA,10,10,20,4,7,9,20,20
2024-03-02,2023020961,20232024,linesman,Ben O'Quinn,DET,FLA,10,10,20,4,7,9,20,20
2024-03-02,2023020958,20232024,referee,Jean Hebert,SEA,EDM,2,3,5,2,1,2,4,6
2024-03-02,2023020958,20232024,referee,Carter Sandlak,SEA,EDM,2,3,5,2,1,2,4,6
2024-03-02,2023020958,20232024,linesman,Tyson Baker,SEA,EDM,2,3,5,2,1,2,4,6
2024-03-02,2023020958,20232024,linesman,David Brisebois,SEA,EDM,2,3,5,2,1,2,4,6
2024-03-02,2023020959,20232024,referee,Jon McIsaac,NSH,COL,2,4,6,2,2,2,4,8
2024-03-02,2023020959,20232024,referee,Brandon Schrader,NSH,COL,2,4,6,2,2,2,4,8
2024-03-02,2023020959,20232024,linesman,CJ Murray,NSH,COL,2,4,6,2,2,2,4,8
2024-03-02,2023020959,20232024,linesman,Kilian McNamara,NSH,COL,2,4,6,2,2,2,4,8
2024-03-02,2023020967,20232024,referee,Kyle Rehman,STL,MIN,2,7,9,3,3,3,4,14
2024-03-02,2023020967,20232024,referee,Eric Furlatt,STL,MIN,2,7,9,3,3,3,4,14
2024-03-02,2023020967,20232024,linesman,Libor Suchanek,STL,MIN,2,7,9,3,3,3,4,14
2024-03-02,2023020967,20232024,linesman,Bryan Pancich,STL,MIN,2,7,9,3,3,3,4,14
2024-03-02,2023020960,20232024,referee,Chris Lee,BUF,VGK,2,1,3,0,1,2,4,2
2024-03-02,2023020960,20232024,referee,Brandon Blandina,BUF,VGK,2,1,3,0,1,2,4,2
2024-03-02,2023020960,20232024,linesman,Ryan Daisy,BUF,VGK,2,1,3,0,1,2,4,2
2024-03-02,2023020960,20232024,linesman,Devin Berg,BUF,VGK,2,1,3,0,1,2,4,2
2024-03-02,2023020962,20232024,referee,Brian Pochmara,PHI,OTT,6,5,11,3,3,5,12,10
2024-03-02,2023020962,20232024,referee,Peter MacDougall,PHI,OTT,6,5,11,3,3,5,12,10
2024-03-02,2023020962,20232024,linesman,Tommy Hughes,PHI,OTT,6,5,11,3,3,5,12,10
2024-03-02,2023020962,20232024,linesman,Brad Kovachik,PHI,OTT,6,5,11,3,3,5,12,10
2024-03-02,2023020963,20232024,referee,Dan O'Rourke,TBL,MTL,2,1,3,1,1,1,4,2
2024-03-02,2023020963,20232024,referee,Michael Markovic,TBL,MTL,2,1,3,1,1,1,4,2
2024-03-02,2023020963,20232024,linesman,Julien Fournier,TBL,MTL,2,1,3,1,1,1,4,2
2024-03-02,2023020963,20232024,linesman,Matt MacPherson,TBL,MTL,2,1,3,1,1,1,4,2
2024-03-02,2023020964,20232024,referee,Mitch Dunning,TOR,NYR,3,3,6,4,2,0,6,6
2024-03-02,2023020964,20232024,referee,Ghislain Hebert,TOR,NYR,3,3,6,4,2,0,6,6
2024-03-02,2023020964,20232024,linesman,Shandor Alphonso,TOR,NYR,3,3,6,4,2,0,6,6
2024-03-02,2023020964,20232024,linesman,James Tobias,TOR,NYR,3,3,6,4,2,0,6,6
2024-03-02,2023020957,20232024,referee,Francois St-Laurent,NYI,BOS,3,4,7,2,2,3,6,8
2024-03-02,2023020957,20232024,referee,Pierre Lambert,NYI,BOS,3,4,7,2,2,3,6,8
2024-03-02,2023020957,20232024,linesman,Mark Shewchyk,NYI,BOS,3,4,7,2,2,3,6,8
2024-03-02,2023020957,20232024,linesman,Dan Kelly,NYI,BOS,3,4,7,2,2,3,6,8
2024-03-02,2023020965,20232024,referee,Kelly Sutherland,CHI,CBJ,2,3,5,1,3,1,4,6
2024-03-02,2023020965,20232024,referee,Corey Syvret,CHI,CBJ,2,3,5,1,3,1,4,6
2024-03-02,2023020965,20232024,linesman,Andrew Smith,CHI,CBJ,2,3,5,1,3,1,4,6
2024-03-02,2023020965,20232024,linesman,Jonathan Deschamps,CHI,CBJ,2,3,5,1,3,1,4,6
2024-03-02,2023020966,20232024,referee,Wes McCauley,DAL,SJS,2,5,7,2,1,4,4,10
2024-03-02,2023020966,20232024,referee,Furman South,DAL,SJS,2,5,7,2,1,4,4,10
2024-03-02,2023020966,20232024,linesman,Jesse Marquis,DAL,SJS,2,5,7,2,1,4,4,10
2024-03-02,2023020966,20232024,linesman,Jonny Murray,DAL,SJS,2,5,7,2,1,4,4,10
2024-03-02,2023020968,20232024,referee,Francis Charron,CGY,PIT,5,5,10,3,3,4,10,10
2024-03-02,2023020968,20232024,referee,Steve Kozari,CGY,PIT,5,5,10,3,3,4,10,10
2024-03-02,2023020968,20232024,linesman,Scott Cherrey,CGY,PIT,5,5,10,3,3,4,10,10
2024-03-02,2023020968,20232024,linesman,Michel Cormier,CGY,PIT,5,5,10,3,3,4,10,10
2024-03-03,2023020969,20232024,referee,Tom Chmielewski,WSH,ARI,6,7,13,2,8,3,12,14
2024-03-03,2023020969,20232024,referee,Jake Brenk,WSH,ARI,6,7,13,2,8,3,12,14
2024-03-03,2023020969,20232024,linesman,Travis Gawryletz,WSH,ARI,6,7,13,2,8,3,12,14
2024-03-03,2023020969,20232024,linesman,Derek Nansen,WSH,ARI,6,7,13,2,8,3,12,14
2024-03-03,2023020970,20232024,referee,Trevor Hanson,LAK,NJD,2,3,5,2,2,1,4,6
2024-03-03,2023020970,20232024,referee,Graham Skilliter,LAK,NJD,2,3,5,2,2,1,4,6
2024-03-03,2023020970,20232024,linesman,Ryan Gibbons,LAK,NJD,2,3,5,2,2,1,4,6
2024-03-03,2023020970,20232024,linesman,Caleb Apperson,LAK,NJD,2,3,5,2,2,1,4,6
2024-03-03,2023020971,20232024,referee,Mitch Dunning,BUF,WPG,2,2,4,1,1,2,4,4
2024-03-03,2023020971,20232024,referee,Chris Lee,BUF,WPG,2,2,4,1,1,2,4,4
2024-03-03,2023020971,20232024,linesman,James Tobias,BUF,WPG,2,2,4,1,1,2,4,4
2024-03-03,2023020971,20232024,linesman,Ryan Daisy,BUF,WPG,2,2,4,1,1,2,4,4
2024-03-03,2023020972,20232024,referee,Garrett Rank,MIN,SJS,2,4,6,1,4,1,4,8
2024-03-03,2023020972,20232024,referee,Kelly Sutherland,MIN,SJS,2,4,6,1,4,1,4,8
2024-03-03,2023020972,20232024,linesman,Andrew Smith,MIN,SJS,2,4,6,1,4,1,4,8
2024-03-03,2023020972,20232024,linesman,Jonathan Deschamps,MIN,SJS,2,4,6,1,4,1,4,8
2024-03-03,2023020973,20232024,referee,Chris Rooney,ANA,VAN,2,1,3,1,2,0,4,2
2024-03-03,2023020973,20232024,referee,Jean Hebert,ANA,VAN,2,1,3,1,2,0,4,2
2024-03-03,2023020973,20232024,linesman,Tyson Baker,ANA,VAN,2,1,3,1,2,0,4,2
2024-03-03,2023020973,20232024,linesman,David Brisebois,ANA,VAN,2,1,3,1,2,0,4,2
2024-03-03,2023020974,20232024,referee,Francis Charron,EDM,PIT,2,3,5,1,1,3,4,6
2024-03-03,2023020974,20232024,referee,Steve Kozari,EDM,PIT,2,3,5,1,1,3,4,6
2024-03-03,2023020974,20232024,linesman,Scott Cherrey,EDM,PIT,2,3,5,1,1,3,4,6
2024-03-03,2023020974,20232024,linesman,Michel Cormier,EDM,PIT,2,3,5,1,1,3,4,6
2024-03-04,2023020975,20232024,referee,Francois St-Laurent,CBJ,VGK,1,2,3,1,1,1,2,4
2024-03-04,2023020975,20232024,referee,Furman South,CBJ,VGK,1,2,3,1,1,1,2,4
2024-03-04,2023020975,20232024,linesman,Ben O'Quinn,CBJ,VGK,1,2,3,1,1,1,2,4
2024-03-04,2023020975,20232024,linesman,Kilian McNamara,CBJ,VGK,1,2,3,1,1,1,2,4
2024-03-04,2023020976,20232024,referee,Wes McCauley,NYR,FLA,3,4,7,3,4,0,6,8
2024-03-04,2023020976,20232024,referee,Peter MacDougall,NYR,FLA,3,4,7,3,4,0,6,8
2024-03-04,2023020976,20232024,linesman,Derek Nansen,NYR,FLA,3,4,7,3,4,0,6,8
2024-03-04,2023020976,20232024,linesman,Mark Shewchyk,NYR,FLA,3,4,7,3,4,0,6,8
2024-03-04,2023020977,20232024,referee,Brian Pochmara,PHI,STL,3,2,5,1,2,2,6,4
2024-03-04,2023020977,20232024,referee,Pierre Lambert,PHI,STL,3,2,5,1,2,2,6,4
2024-03-04,2023020977,20232024,linesman,Brandon Gawryletz,PHI,STL,3,2,5,1,2,2,6,4
2024-03-04,2023020977,20232024,linesman,Matt MacPherson,PHI,STL,3,2,5,1,2,2,6,4
2024-03-04,2023020978,20232024,referee,Jon McIsaac,TOR,BOS,2,4,6,3,2,1,4,8
2024-03-04,2023020978,20232024,referee,Eric Furlatt,TOR,BOS,2,4,6,3,2,1,4,8
2024-03-04,2023020978,20232024,linesman,Ryan Daisy,TOR,BOS,2,4,6,3,2,1,4,8
2024-03-04,2023020978,20232024,linesman,Devin Berg,TOR,BOS,2,4,6,3,2,1,4,8
2024-03-04,2023020979,20232024,referee,Graham Skilliter,COL,CHI,4,2,6,2,2,2,8,4
2024-03-04,2023020979,20232024,referee,Carter Sandlak,COL,CHI,4,2,6,2,2,2,8,4
2024-03-04,2023020979,20232024,linesman,Bevan Mills,COL,CHI,4,2,6,2,2,2,8,4
2024-03-04,2023020979,20232024,linesman,Libor Suchanek,COL,CHI,4,2,6,2,2,2,8,4
2024-03-04,2023020980,20232024,referee,Chris Schlenker,CGY,SEA,6,9,15,1,3,11,12,18
2024-03-04,2023020980,20232024,referee,Steve Kozari,CGY,SEA,6,9,15,1,3,11,12,18
2024-03-04,2023020980,20232024,linesman,Scott Cherrey,CGY,SEA,6,9,15,1,3,11,12,18
2024-03-04,2023020980,20232024,linesman,Michel Cormier,CGY,SEA,6,9,15,1,3,11,12,18
2024-03-05,2023020982,20232024,referee,Tom Chmielewski,NJD,FLA,2,3,5,4,1,0,4,6
2024-03-05,2023020982,20232024,referee,Pierre Lambert,NJD,FLA,2,3,5,4,1,0,4,6
2024-03-05,2023020982,20232024,linesman,Julien Fournier,NJD,FLA,2,3,5,4,1,0,4,6
2024-03-05,2023020982,20232024,linesman,Dan Kelly,NJD,FLA,2,3,5,4,1,0,4,6
2024-03-05,2023020983,20232024,referee,Mitch Dunning,PIT,CBJ,1,3,4,0,2,2,2,6
2024-03-05,2023020983,20232024,referee,Ghislain Hebert,PIT,CBJ,1,3,4,0,2,2,2,6
2024-03-05,2023020983,20232024,linesman,Steve Barton,PIT,CBJ,1,3,4,0,2,2,2,6
2024-03-05,2023020983,20232024,linesman,Ben O'Quinn,PIT,CBJ,1,3,4,0,2,2,2,6
2024-03-05,2023020981,20232024,referee,Kelly Sutherland,BOS,EDM,2,2,4,1,2,1,4,4
2024-03-05,2023020981,20232024,referee,Brandon Blandina,BOS,EDM,2,2,4,1,2,1,4,4
2024-03-05,2023020981,20232024,linesman,Brandon Gawryletz,BOS,EDM,2,2,4,1,2,1,4,4
2024-03-05,2023020981,20232024,linesman,Matt MacPherson,BOS,EDM,2,2,4,1,2,1,4,4
2024-03-05,2023020984,20232024,referee,Wes McCauley,NYI,STL,1,0,1,1,0,0,2,0
2024-03-05,2023020984,20232024,referee,Peter MacDougall,NYI,STL,1,0,1,1,0,0,2,0
2024-03-05,2023020984,20232024,linesman,Tommy Hughes,NYI,STL,1,0,1,1,0,0,2,0
2024-03-05,2023020984,20232024,linesman,Derek Nansen,NYI,STL,1,0,1,1,0,0,2,0
2024-03-05,2023020985,20232024,referee,Trevor Hanson,NSH,MTL,2,2,4,1,2,1,4,4
2024-03-05,2023020985,20232024,referee,Brian Pochmara,NSH,MTL,2,2,4,1,2,1,4,4
2024-03-05,2023020985,20232024,linesman,Ryan Gibbons,NSH,MTL,2,2,4,1,2,1,4,4
2024-03-05,2023020985,20232024,linesman,James Tobias,NSH,MTL,2,2,4,1,2,1,4,4
2024-03-05,2023020986,20232024,referee,Francis Charron,WPG,SEA,1,2,3,0,1,2,2,4
2024-03-05,2023020986,20232024,referee,Garrett Rank,WPG,SEA,1,2,3,0,1,2,2,4
2024-03-05,2023020986,20232024,linesman,Andrew Smith,WPG,SEA,1,2,3,0,1,2,2,4
2024-03-05,2023020986,20232024,linesman,Jonathan Deschamps,WPG,SEA,1,2,3,0,1,2,2,4
2024-03-05,2023020987,20232024,referee,Graham Skilliter,ARI,CHI,5,2,7,4,3,0,10,4
2024-03-05,2023020987,20232024,referee,Brandon Schrader,ARI,CHI,5,2,7,4,3,0,10,4
2024-03-05,2023020987,20232024,linesman,Shandor Alphonso,ARI,CHI,5,2,7,4,3,0,10,4
2024-03-05,2023020987,20232024,linesman,Caleb Apperson,ARI,CHI,5,2,7,4,3,0,10,4
2024-03-05,2023020988,20232024,referee,Chris Rooney,LAK,VAN,2,1,3,1,2,0,4,2
2024-03-05,2023020988,20232024,referee,Dan O'Rourke,LAK,VAN,2,1,3,1,2,0,4,2
2024-03-05,2023020988,20232024,linesman,Bevan Mills,LAK,VAN,2,1,3,1,2,0,4,2
2024-03-05,2023020988,20232024,linesman,David Brisebois,LAK,VAN,2,1,3,1,2,0,4,2
2024-03-05,2023020989,20232024,referee,Jean Hebert,SJS,DAL,3,4,7,3,4,0,6,8
2024-03-05,2023020989,20232024,referee,Thomas John Luxmore,SJS,DAL,3,4,7,3,4,0,6,8
2024-03-05,2023020989,20232024,linesman,Kyle Flemington,SJS,DAL,3,4,7,3,4,0,6,8
2024-03-05,2023020989,20232024,linesman,Tyson Baker,SJS,DAL,3,4,7,3,4,0,6,8
2024-03-06,2023020990,20232024,referee,Jon McIsaac,TOR,BUF,2,1,3,1,2,0,4,2
2024-03-06,2023020990,20232024,referee,Michael Markovic,TOR,BUF,2,1,3,1,2,0,4,2
2024-03-06,2023020990,20232024,linesman,Scott Cherrey,TOR,BUF,2,1,3,1,2,0,4,2
2024-03-06,2023020990,20232024,linesman,Mark Shewchyk,TOR,BUF,2,1,3,1,2,0,4,2
2024-03-06,2023020991,20232024,referee,Dan O'Rourke,COL,DET,5,9,14,3,8,3,10,18
2024-03-06,2023020991,20232024,referee,Steve Kozari,COL,DET,5,9,14,3,8,3,10,18
2024-03-06,2023020991,20232024,linesman,Ryan Galloway,COL,DET,5,9,14,3,8,3,10,18
2024-03-06,2023020991,20232024,linesman,David Brisebois,COL,DET,5,9,14,3,8,3,10,18
2024-03-06,2023020992,20232024,referee,Chris Schlenker,ANA,OTT,4,5,9,3,4,2,8,10
2024-03-06,2023020992,20232024,referee,Chris Rooney,ANA,OTT,4,5,9,3,4,2,8,10
2024-03-06,2023020992,20232024,linesman,Shandor Alphonso,ANA,OTT,4,5,9,3,4,2,8,10
2024-03-06,2023020992,20232024,linesman,Kyle Flemington,ANA,OTT,4,5,9,3,4,2,8,10
2024-03-07,2023020993,20232024,referee,Francis Charron,BOS,TOR,7,8,15,3,8,4,14,16
2024-03-07,2023020993,20232024,referee,Jake Brenk,BOS,TOR,7,8,15,3,8,4,14,16
2024-03-07,2023020993,20232024,linesman,Derek Nansen,BOS,TOR,7,8,15,3,8,4,14,16
2024-03-07,2023020993,20232024,linesman,Brad Kovachik,BOS,TOR,7,8,15,3,8,4,14,16
2024-03-07,2023020994,20232024,referee,Francois St-Laurent,CAR,MTL,6,5,11,5,2,4,12,10
2024-03-07,2023020994,20232024,referee,Frederick L'Ecuyer,CAR,MTL,6,5,11,5,2,4,12,10
2024-03-07,2023020994,20232024,linesman,Ryan Jackson,CAR,MTL,6,5,11,5,2,4,12,10
2024-03-07,2023020994,20232024,linesman,Jonny Murray,CAR,MTL,6,5,11,5,2,4,12,10
2024-03-07,2023020995,20232024,referee,Tom Chmielewski,CBJ,EDM,4,2,6,1,0,5,8,4
2024-03-07,2023020995,20232024,referee,Mitch Dunning,CBJ,EDM,4,2,6,1,0,5,8,4
2024-03-07,2023020995,20232024,linesman,Ryan Gibbons,CBJ,EDM,4,2,6,1,0,5,8,4
2024-03-07,2023020995,20232024,linesman,Tommy Hughes,CBJ,EDM,4,2,6,1,0,5,8,4
2024-03-07,2023020996,20232024,referee,Ghislain Hebert,FLA,PHI,2,2,4,0,4,0,4,4
2024-03-07,2023020996,20232024,referee,Brandon Schrader,FLA,PHI,2,2,4,0,4,0,4,4
2024-03-07,2023020996,20232024,linesman,James Tobias,FLA,PHI,2,2,4,0,4,0,4,4
2024-03-07,2023020996,20232024,linesman,Dan Kelly,FLA,PHI,2,2,4,0,4,0,4,4
2024-03-07,2023020997,20232024,referee,Kendrick Nicholson,NJD,STL,3,2,5,3,1,1,6,4
2024-03-07,2023020997,20232024,referee,Brandon Blandina,NJD,STL,3,2,5,3,1,1,6,4
2024-03-07,2023020997,20232024,linesman,Ryan Daisy,NJD,STL,3,2,5,3,1,1,6,4
2024-03-07,2023020997,20232024,linesman,Joe Mahon,NJD,STL,3,2,5,3,1,1,6,4
2024-03-07,2023020998,20232024,referee,Trevor Hanson,PIT,WSH,5,4,9,4,2,3,10,8
2024-03-07,2023020998,20232024,referee,Peter MacDougall,PIT,WSH,5,4,9,4,2,3,10,8
2024-03-07,2023020998,20232024,linesman,Julien Fournier,PIT,WSH,5,4,9,4,2,3,10,8
2024-03-07,2023020998,20232024,linesman,Steve Barton,PIT,WSH,5,4,9,4,2,3,10,8
2024-03-07,2023020999,20232024,referee,Wes McCauley,TBL,CGY,5,5,10,4,4,2,10,10
2024-03-07,2023020999,20232024,referee,Jordan Samuels-Thomas,TBL,CGY,5,5,10,4,4,2,10,10
2024-03-07,2023020999,20232024,linesman,Jesse Marquis,TBL,CGY,5,5,10,4,4,2,10,10
2024-03-07,2023020999,20232024,linesman,Devin Berg,TBL,CGY,5,5,10,4,4,2,10,10
2024-03-07,2023021000,20232024,referee,Brian Pochmara,NSH,BUF,3,3,6,4,1,1,6,6
2024-03-07,2023021000,20232024,referee,Justin Kea,NSH,BUF,3,3,6,4,1,1,6,6
2024-03-07,2023021000,20232024,linesman,CJ Murray,NSH,BUF,3,3,6,4,1,1,6,6
2024-03-07,2023021000,20232024,linesman,Ben O'Quinn,NSH,BUF,3,3,6,4,1,1,6,6
2024-03-07,2023021001,20232024,referee,Chris Rooney,ARI,MIN,2,3,5,0,3,2,4,6
2024-03-07,2023021001,20232024,referee,Corey Syvret,ARI,MIN,2,3,5,0,3,2,4,6
2024-03-07,2023021001,20232024,linesman,Trent Knorr,ARI,MIN,2,3,5,0,3,2,4,6
2024-03-07,2023021001,20232024,linesman,Kiel Murchison,ARI,MIN,2,3,5,0,3,2,4,6
2024-03-07,2023021002,20232024,referee,Chris Lee,VGK,VAN,4,2,6,5,1,0,8,4
2024-03-07,2023021002,20232024,referee,Steve Kozari,VGK,VAN,4,2,6,5,1,0,8,4
2024-03-07,2023021002,20232024,linesman,Travis Gawryletz,VGK,VAN,4,2,6,5,1,0,8,4
2024-03-07,2023021002,20232024,linesman,Caleb Apperson,VGK,VAN,4,2,6,5,1,0,8,4
2024-03-07,2023021003,20232024,referee,Chris Schlenker,LAK,OTT,5,1,6,2,1,3,10,2
2024-03-07,2023021003,20232024,referee,Kyle Rehman,LAK,OTT,5,1,6,2,1,3,10,2
2024-03-07,2023021003,20232024,linesman,Bevan Mills,LAK,OTT,5,1,6,2,1,3,10,2
2024-03-07,2023021003,20232024,linesman,Kyle Flemington,LAK,OTT,5,1,6,2,1,3,10,2
2024-03-07,2023021004,20232024,referee,Thomas John Luxmore,SJS,NYI,3,2,5,0,1,4,6,4
2024-03-07,2023021004,20232024,referee,Morgan MacPhee,SJS,NYI,3,2,5,0,1,4,6,4
2024-03-07,2023021004,20232024,linesman,Tyson Baker,SJS,NYI,3,2,5,0,1,4,6,4
2024-03-07,2023021004,20232024,linesman,Bryan Pancich,SJS,NYI,3,2,5,0,1,4,6,4
2024-03-08,2023021005,20232024,referee,Corey Syvret,ARI,DET,1,2,3,2,1,0,2,4
2024-03-08,2023021005,20232024,referee,Chris Lee,ARI,DET,1,2,3,2,1,0,2,4
2024-03-08,2023021005,20232024,linesman,Kiel Murchison,ARI,DET,1,2,3,2,1,0,2,4
2024-03-08,2023021005,20232024,linesman,Kilian McNamara,ARI,DET,1,2,3,2,1,0,2,4
2024-03-08,2023021006,20232024,referee,Dan O'Rourke,COL,MIN,4,3,7,4,2,1,8,6
2024-03-08,2023021006,20232024,referee,Eric Furlatt,COL,MIN,4,3,7,4,2,1,8,6
2024-03-08,2023021006,20232024,linesman,Ryan Galloway,COL,MIN,4,3,7,4,2,1,8,6
2024-03-08,2023021006,20232024,linesman,David Brisebois,COL,MIN,4,3,7,4,2,1,8,6
2024-03-08,2023021007,20232024,referee,Kyle Rehman,ANA,DAL,5,4,9,2,2,5,10,8
2024-03-08,2023021007,20232024,referee,Cody Beach,ANA,DAL,5,4,9,2,2,5,10,8
2024-03-08,2023021007,20232024,linesman,Trent Knorr,ANA,DAL,5,4,9,2,2,5,10,8
2024-03-08,2023021007,20232024,linesman,Tyson Baker,ANA,DAL,5,4,9,2,2,5,10,8
2024-03-08,2023021008,20232024,referee,Furman South,SEA,WPG,0,1,1,0,0,1,0,2
2024-03-08,2023021008,20232024,referee,Thomas John Luxmore,SEA,WPG,0,1,1,0,0,1,0,2
2024-03-08,2023021008,20232024,linesman,Shandor Alphonso,SEA,WPG,0,1,1,0,0,1,0,2
2024-03-08,2023021008,20232024,linesman,Travis Toomey,SEA,WPG,0,1,1,0,0,1,0,2
2024-03-09,2023021009,20232024,referee,Gord Dwyer,BUF,EDM,3,1,4,2,2,0,6,2
2024-03-09,2023021009,20232024,referee,Peter MacDougall,BUF,EDM,3,1,4,2,2,0,6,2
2024-03-09,2023021009,20232024,linesman,Ryan Gibbons,BUF,EDM,3,1,4,2,2,0,6,2
2024-03-09,2023021009,20232024,linesman,Jonny Murray,BUF,EDM,3,1,4,2,2,0,6,2
2024-03-09,2023021010,20232024,referee,Trevor Hanson,CBJ,NSH,3,2,5,1,3,1,6,4
2024-03-09,2023021010,20232024,referee,Frederick L'Ecuyer,CBJ,NSH,3,2,5,1,3,1,6,4
2024-03-09,2023021010,20232024,linesman,Andrew Smith,CBJ,NSH,3,2,5,1,3,1,6,4
2024-03-09,2023021010,20232024,linesman,Steve Barton,CBJ,NSH,3,2,5,1,3,1,6,4
2024-03-09,2023021011,20232024,referee,Jake Brenk,NJD,CAR,5,6,11,1,7,3,10,12
2024-03-09,2023021011,20232024,referee,Beau Halkidis,NJD,CAR,5,6,11,1,7,3,10,12
2024-03-09,2023021011,20232024,linesman,CJ Murray,NJD,CAR,5,6,11,1,7,3,10,12
2024-03-09,2023021011,20232024,linesman,Brad Kovachik,NJD,CAR,5,6,11,1,7,3,10,12
2024-03-09,2023021012,20232024,referee,Jon McIsaac,BOS,PIT,1,2,3,1,2,0,2,4
2024-03-09,2023021012,20232024,referee,Pierre Lambert,BOS,PIT,1,2,3,1,2,0,2,4
2024-03-09,2023021012,20232024,linesman,Ryan Daisy,BOS,PIT,1,2,3,1,2,0,2,4
2024-03-09,2023021012,20232024,linesman,Matt MacPherson,BOS,PIT,1,2,3,1,2,0,2,4
2024-03-09,2023021013,20232024,referee,Jean Hebert,FLA,CGY,6,3,9,2,3,4,12,6
2024-03-09,2023021013,20232024,referee,Ghislain Hebert,FLA,CGY,6,3,9,2,3,4,12,6
2024-03-09,2023021013,20232024,linesman,James Tobias,FLA,CGY,6,3,9,2,3,4,12,6
2024-03-09,2023021013,20232024,linesman,Jesse Marquis,FLA,CGY,6,3,9,2,3,4,12,6
2024-03-09,2023021014,20232024,referee,Garrett Rank,MTL,TOR,3,5,8,0,6,2,6,10
2024-03-09,2023021014,20232024,referee,Kelly Sutherland,MTL,TOR,3,5,8,0,6,2,6,10
2024-03-09,2023021014,20232024,linesman,Michel Cormier,MTL,TOR,3,5,8,0,6,2,6,10
2024-03-09,2023021014,20232024,linesman,Jonathan Deschamps,MTL,TOR,3,5,8,0,6,2,6,10
2024-03-09,2023021015,20232024,referee,Graham Skilliter,SJS,OTT,3,4,7,2,4,1,6,8
2024-03-09,2023021015,20232024,referee,Michael Markovic,SJS,OTT,3,4,7,2,4,1,6,8
2024-03-09,2023021015,20232024,linesman,Travis Gawryletz,SJS,OTT,3,4,7,2,4,1,6,8
2024-03-09,2023021015,20232024,linesman,Bryan Pancich,SJS,OTT,3,4,7,2,4,1,6,8
2024-03-09,2023021016,20232024,referee,Wes McCauley,TBL,PHI,3,4,7,4,0,3,6,8
2024-03-09,2023021016,20232024,referee,Brandon Schrader,TBL,PHI,3,4,7,4,0,3,6,8
2024-03-09,2023021016,20232024,linesman,Devin Berg,TBL,PHI,3,4,7,4,0,3,6,8
2024-03-09,2023021016,20232024,linesman,Dan Kelly,TBL,PHI,3,4,7,4,0,3,6,8
2024-03-09,2023021017,20232024,referee,Francois St-Laurent,WSH,CHI,4,4,8,4,1,3,8,8
2024-03-09,2023021017,20232024,referee,Brandon Blandina,WSH,CHI,4,4,8,4,1,3,8,8
2024-03-09,2023021017,20232024,linesman,Tommy Hughes,WSH,CHI,4,4,8,4,1,3,8,8
2024-03-09,2023021017,20232024,linesman,Mark Shewchyk,WSH,CHI,4,4,8,4,1,3,8,8
2024-03-09,2023021018,20232024,referee,Carter Sandlak,NYR,STL,2,6,8,2,2,4,4,12
2024-03-09,2023021018,20232024,referee,Kendrick Nicholson,NYR,STL,2,6,8,2,2,4,4,12
2024-03-09,2023021018,20232024,linesman,Julien Fournier,NYR,STL,2,6,8,2,2,4,4,12
2024-03-09,2023021018,20232024,linesman,Libor Suchanek,NYR,STL,2,6,8,2,2,4,4,12
2024-03-09,2023021019,20232024,referee,Furman South,VAN,WPG,1,2,3,0,2,1,2,4
2024-03-09,2023021019,20232024,referee,Thomas John Luxmore,VAN,WPG,1,2,3,0,2,1,2,4
2024-03-09,2023021019,20232024,linesman,Shandor Alphonso,VAN,WPG,1,2,3,0,2,1,2,4
2024-03-09,2023021019,20232024,linesman,Travis Toomey,VAN,WPG,1,2,3,0,2,1,2,4
2024-03-09,2023021020,20232024,referee,Dan O'Rourke,VGK,DET,4,3,7,1,4,2,8,6
2024-03-09,2023021020,20232024,referee,Eric Furlatt,VGK,DET,4,3,7,1,4,2,8,6
2024-03-09,2023021020,20232024,linesman,Bevan Mills,VGK,DET,4,3,7,1,4,2,8,6
2024-03-09,2023021020,20232024,linesman,Kyle Flemington,VGK,DET,4,3,7,1,4,2,8,6
2024-03-09,2023021021,20232024,referee,Chris Schlenker,LAK,DAL,6,5,11,4,5,2,12,10
2024-03-09,2023021021,20232024,referee,Steve Kozari,LAK,DAL,6,5,11,4,5,2,12,10
2024-03-09,2023021021,20232024,linesman,Kiel Murchison,LAK,DAL,6,5,11,4,5,2,12,10
2024-03-09,2023021021,20232024,linesman,Kilian McNamara,LAK,DAL,6,5,11,4,5,2,12,10
2024-03-10,2023021022,20232024,referee,Trevor Hanson,PIT,EDM,5,6,11,3,6,2,10,12
2024-03-10,2023021022,20232024,referee,Frederick L'Ecuyer,PIT,EDM,5,6,11,3,6,2,10,12
2024-03-10,2023021022,20232024,linesman,Andrew Smith,PIT,EDM,5,6,11,3,6,2,10,12
2024-03-10,2023021022,20232024,linesman,Jonny Murray,PIT,EDM,5,6,11,3,6,2,10,12
2024-03-10,2023021023,20232024,referee,Mitch Dunning,MIN,NSH,2,2,4,1,1,2,4,4
2024-03-10,2023021023,20232024,referee,Chris Lee,MIN,NSH,2,2,4,1,1,2,4,4
2024-03-10,2023021023,20232024,linesman,Scott Cherrey,MIN,NSH,2,2,4,1,1,2,4,4
2024-03-10,2023021023,20232024,linesman,Ryan Galloway,MIN,NSH,2,2,4,1,1,2,4,4
2024-03-10,2023021024,20232024,referee,Jean Hebert,CAR,CGY,3,1,4,2,1,1,6,2
2024-03-10,2023021024,20232024,referee,Ghislain Hebert,CAR,CGY,3,1,4,2,1,1,6,2
2024-03-10,2023021024,20232024,linesman,CJ Murray,CAR,CGY,3,1,4,2,1,1,6,2
2024-03-10,2023021024,20232024,linesman,Brad Kovachik,CAR,CGY,3,1,4,2,1,1,6,2
2024-03-10,2023021025,20232024,referee,Gord Dwyer,CHI,ARI,2,5,7,3,3,1,4,10
2024-03-10,2023021025,20232024,referee,Justin Kea,CHI,ARI,2,5,7,3,3,1,4,10
2024-03-10,2023021025,20232024,linesman,Justin Johnson,CHI,ARI,2,5,7,3,3,1,4,10
2024-03-10,2023021025,20232024,linesman,David Brisebois,CHI,ARI,2,5,7,3,3,1,4,10
2024-03-10,2023021026,20232024,referee,Kyle Rehman,ANA,NYI,6,3,9,4,3,2,12,6
2024-03-10,2023021026,20232024,referee,Michael Markovic,ANA,NYI,6,3,9,4,3,2,12,6
2024-03-10,2023021026,20232024,linesman,Bevan Mills,ANA,NYI,6,3,9,4,3,2,12,6
2024-03-10,2023021026,20232024,linesman,Trent Knorr,ANA,NYI,6,3,9,4,3,2,12,6
2024-03-11,2023021027,20232024,referee,Francois St-Laurent,BOS,STL,3,3,6,4,1,1,6,6
2024-03-11,2023021027,20232024,referee,Peter MacDougall,BOS,STL,3,3,6,4,1,1,6,6
2024-03-11,2023021027,20232024,linesman,Jonathan Deschamps,BOS,STL,3,3,6,4,1,1,6,6
2024-03-11,2023021027,20232024,linesman,Mark Shewchyk,BOS,STL,3,3,6,4,1,1,6,6
2024-03-11,2023021028,20232024,referee,Garrett Rank,NYR,NJD,3,4,7,3,3,1,6,8
2024-03-11,2023021028,20232024,referee,Carter Sandlak,NYR,NJD,3,4,7,3,3,1,6,8
2024-03-11,2023021028,20232024,linesman,Tommy Hughes,NYR,NJD,3,4,7,3,3,1,6,8
2024-03-11,2023021028,20232024,linesman,Jonny Murray,NYR,NJD,3,4,7,3,3,1,6,8
2024-03-11,2023021029,20232024,referee,Kelly Sutherland,WPG,WSH,2,2,4,0,0,4,4,4
2024-03-11,2023021029,20232024,referee,Mitch Dunning,WPG,WSH,2,2,4,0,0,4,4,4
2024-03-11,2023021029,20232024,linesman,Ryan Galloway,WPG,WSH,2,2,4,0,0,4,4,4
2024-03-11,2023021029,20232024,linesman,Matt MacPherson,WPG,WSH,2,2,4,0,0,4,4,4
2024-03-11,2023021030,20232024,referee,Furman South,LAK,NYI,5,3,8,4,2,2,10,6
2024-03-11,2023021030,20232024,referee,Steve Kozari,LAK,NYI,5,3,8,4,2,2,10,6
2024-03-11,2023021030,20232024,linesman,Kyle Flemington,LAK,NYI,5,3,8,4,2,2,10,6
2024-03-11,2023021030,20232024,linesman,Travis Gawryletz,LAK,NYI,5,3,8,4,2,2,10,6
2024-03-12,2023021031,20232024,referee,Chris Rooney,BUF,DET,4,4,8,1,4,3,8,8
2024-03-12,2023021031,20232024,referee,Carter Sandlak,BUF,DET,4,4,8,1,4,3,8,8
2024-03-12,2023021031,20232024,linesman,Andrew Smith,BUF,DET,4,4,8,1,4,3,8,8
2024-03-12,2023021031,20232024,linesman,Brad Kovachik,BUF,DET,4,4,8,1,4,3,8,8
2024-03-12,2023021032,20232024,referee,Garrett Rank,CAR,NYR,2,1,3,2,1,0,4,2
2024-03-12,2023021032,20232024,referee,Ghislain Hebert,CAR,NYR,2,1,3,2,1,0,4,2
2024-03-12,2023021032,20232024,linesman,Julien Fournier,CAR,NYR,2,1,3,2,1,0,4,2
2024-03-12,2023021032,20232024,linesman,Michel Cormier,CAR,NYR,2,1,3,2,1,0,4,2
2024-03-12,2023021033,20232024,referee,Jean Hebert,MTL,CBJ,5,4,9,6,0,3,10,8
2024-03-12,2023021033,20232024,referee,Beau Halkidis,MTL,CBJ,5,4,9,6,0,3,10,8
2024-03-12,2023021033,20232024,linesman,Derek Nansen,MTL,CBJ,5,4,9,6,0,3,10,8
2024-03-12,2023021033,20232024,linesman,Dan Kelly,MTL,CBJ,5,4,9,6,0,3,10,8
2024-03-12,2023021034,20232024,referee,Chris Lee,OTT,PIT,2,3,5,2,1,2,4,6
2024-03-12,2023021034,20232024,referee,Kendrick Nicholson,OTT,PIT,2,3,5,2,1,2,4,6
2024-03-12,2023021034,20232024,linesman,Libor Suchanek,OTT,PIT,2,3,5,2,1,2,4,6
2024-03-12,2023021034,20232024,linesman,Tyson Baker,OTT,PIT,2,3,5,2,1,2,4,6
2024-03-12,2023021035,20232024,referee,Francois St-Laurent,PHI,SJS,6,5,11,5,5,1,12,10
2024-03-12,2023021035,20232024,referee,Peter MacDougall,PHI,SJS,6,5,11,5,5,1,12,10
2024-03-12,2023021035,20232024,linesman,Jonathan Deschamps,PHI,SJS,6,5,11,5,5,1,12,10
2024-03-12,2023021035,20232024,linesman,Mark Shewchyk,PHI,SJS,6,5,11,5,5,1,12,10
2024-03-12,2023021036,20232024,referee,Francis Charron,DAL,FLA,4,5,9,3,3,3,8,10
2024-03-12,2023021036,20232024,referee,Corey Syvret,DAL,FLA,4,5,9,3,3,3,8,10
2024-03-12,2023021036,20232024,linesman,CJ Murray,DAL,FLA,4,5,9,3,3,3,8,10
2024-03-12,2023021036,20232024,linesman,Ben O'Quinn,DAL,FLA,4,5,9,3,3,3,8,10
2024-03-12,2023021037,20232024,referee,Jon McIsaac,MIN,ARI,2,4,6,4,1,1,4,8
2024-03-12,2023021037,20232024,referee,Tom Chmielewski,MIN,ARI,2,4,6,4,1,1,4,8
2024-03-12,2023021037,20232024,linesman,Scott Cherrey,MIN,ARI,2,4,6,4,1,1,4,8
2024-03-12,2023021037,20232024,linesman,Brandon Gawryletz,MIN,ARI,2,4,6,4,1,1,4,8
2024-03-12,2023021038,20232024,referee,Gord Dwyer,CHI,ANA,5,9,14,1,5,8,10,18
2024-03-12,2023021038,20232024,referee,Justin Kea,CHI,ANA,5,9,14,1,5,8,10,18
2024-03-12,2023021038,20232024,linesman,James Tobias,CHI,ANA,5,9,14,1,5,8,10,18
2024-03-12,2023021038,20232024,linesman,Kilian McNamara,CHI,ANA,5,9,14,1,5,8,10,18
2024-03-12,2023021039,20232024,referee,Graham Skilliter,CGY,COL,4,3,7,3,3,1,8,6
2024-03-12,2023021039,20232024,referee,Pierre Lambert,CGY,COL,4,3,7,3,3,1,8,6
2024-03-12,2023021039,20232024,linesman,Trent Knorr,CGY,COL,4,3,7,3,3,1,8,6
2024-03-12,2023021039,20232024,linesman,Kiel Murchison,CGY,COL,4,3,7,3,3,1,8,6
2024-03-12,2023021040,20232024,referee,Kyle Rehman,SEA,VGK,3,2,5,3,2,0,6,4
2024-03-12,2023021040,20232024,referee,Michael Markovic,SEA,VGK,3,2,5,3,2,0,6,4
2024-03-12,2023021040,20232024,linesman,Bevan Mills,SEA,VGK,3,2,5,3,2,0,6,4
2024-03-12,2023021040,20232024,linesman,Kyle Flemington,SEA,VGK,3,2,5,3,2,0,6,4
2024-03-13,2023021041,20232024,referee,Francis Charron,STL,LAK,2,2,4,1,1,2,4,4
2024-03-13,2023021041,20232024,referee,Tom Chmielewski,STL,LAK,2,2,4,1,1,2,4,4
2024-03-13,2023021041,20232024,linesman,Scott Cherrey,STL,LAK,2,2,4,1,1,2,4,4
2024-03-13,2023021041,20232024,linesman,Brandon Gawryletz,STL,LAK,2,2,4,1,1,2,4,4
2024-03-13,2023021042,20232024,referee,Chris Schlenker,WPG,NSH,3,3,6,1,2,3,6,6
2024-03-13,2023021042,20232024,referee,Kelly Sutherland,WPG,NSH,3,3,6,1,2,3,6,6
2024-03-13,2023021042,20232024,linesman,Caleb Apperson,WPG,NSH,3,3,6,1,2,3,6,6
2024-03-13,2023021042,20232024,linesman,Matt MacPherson,WPG,NSH,3,3,6,1,2,3,6,6
2024-03-13,2023021043,20232024,referee,Graham Skilliter,EDM,WSH,4,4,8,4,3,1,8,8
2024-03-13,2023021043,20232024,referee,Pierre Lambert,EDM,WSH,4,4,8,4,3,1,8,8
2024-03-13,2023021043,20232024,linesman,Trent Knorr,EDM,WSH,4,4,8,4,3,1,8,8
2024-03-13,2023021043,20232024,linesman,Kiel Murchison,EDM,WSH,4,4,8,4,3,1,8,8
2024-03-13,2023021044,20232024,referee,Kyle Rehman,VAN,COL,4,3,7,1,2,4,8,6
2024-03-13,2023021044,20232024,referee,Mitch Dunning,VAN,COL,4,3,7,1,2,4,8,6
2024-03-13,2023021044,20232024,linesman,Kyle Flemington,VAN,COL,4,3,7,1,2,4,8,6
2024-03-13,2023021044,20232024,linesman,Travis Gawryletz,VAN,COL,4,3,7,1,2,4,8,6
2024-03-14,2023021045,20232024,referee,Dan O'Rourke,BUF,NYI,4,4,8,1,3,4,8,8
2024-03-14,2023021045,20232024,referee,Justin Kea,BUF,NYI,4,4,8,1,3,4,8,8
2024-03-14,2023021045,20232024,linesman,Steve Barton,BUF,NYI,4,4,8,1,3,4,8,8
2024-03-14,2023021045,20232024,linesman,Ryan Galloway,BUF,NYI,4,4,8,1,3,4,8,8
2024-03-14,2023021046,20232024,referee,Garrett Rank,CAR,FLA,7,9,16,5,6,5,14,18
2024-03-14,2023021046,20232024,referee,Thomas John Luxmore,CAR,FLA,7,9,16,5,6,5,14,18
2024-03-14,2023021046,20232024,linesman,Jonathan Deschamps,CAR,FLA,7,9,16,5,6,5,14,18
2024-03-14,2023021046,20232024,linesman,Jesse Marquis,CAR,FLA,7,9,16,5,6,5,14,18
2024-03-14,2023021047,20232024,referee,Furman South,CBJ,OTT,2,3,5,2,2,1,4,6
2024-03-14,2023021047,20232024,referee,Corey Syvret,CBJ,OTT,2,3,5,2,2,1,4,6
2024-03-14,2023021047,20232024,linesman,Julien Fournier,CBJ,OTT,2,3,5,2,2,1,4,6
2024-03-14,2023021047,20232024,linesman,Brad Kovachik,CBJ,OTT,2,3,5,2,2,1,4,6
2024-03-14,2023021048,20232024,referee,Kendrick Nicholson,DET,ARI,3,5,8,4,4,0,6,10
2024-03-14,2023021048,20232024,referee,Peter MacDougall,DET,ARI,3,5,8,4,4,0,6,10
2024-03-14,2023021048,20232024,linesman,Andrew Smith,DET,ARI,3,5,8,4,4,0,6,10
2024-03-14,2023021048,20232024,linesman,Ryan Daisy,DET,ARI,3,5,8,4,4,0,6,10
2024-03-14,2023021049,20232024,referee,Jean Hebert,MTL,BOS,4,3,7,1,3,3,8,6
2024-03-14,2023021049,20232024,referee,Chris Lee,MTL,BOS,4,3,7,1,3,3,8,6
2024-03-14,2023021049,20232024,linesman,Libor Suchanek,MTL,BOS,4,3,7,1,3,3,8,6
2024-03-14,2023021049,20232024,linesman,Tyson Baker,MTL,BOS,4,3,7,1,3,3,8,6
2024-03-14,2023021051,20232024,referee,Gord Dwyer,PIT,SJS,3,3,6,3,2,1,6,6
2024-03-14,2023021051,20232024,referee,Brandon Blandina,PIT,SJS,3,3,6,3,2,1,6,6
2024-03-14,2023021051,20232024,linesman,CJ Murray,PIT,SJS,3,3,6,3,2,1,6,6
2024-03-14,2023021051,20232024,linesman,David Brisebois,PIT,SJS,3,3,6,3,2,1,6,6
2024-03-14,2023021052,20232024,referee,Frederick L'Ecuyer,TBL,NYR,3,3,6,1,2,3,6,6
2024-03-14,2023021052,20232024,referee,Eric Furlatt,TBL,NYR,3,3,6,1,2,3,6,6
2024-03-14,2023021052,20232024,linesman,Michel Cormier,TBL,NYR,3,3,6,1,2,3,6,6
2024-03-14,2023021052,20232024,linesman,Jonny Murray,TBL,NYR,3,3,6,1,2,3,6,6
2024-03-14,2023021050,20232024,referee,Chris Rooney,PHI,TOR,4,3,7,1,4,2,8,6
2024-03-14,2023021050,20232024,referee,Carter Sandlak,PHI,TOR,4,3,7,1,4,2,8,6
2024-03-14,2023021050,20232024,linesman,Tommy Hughes,PHI,TOR,4,3,7,1,4,2,8,6
2024-03-14,2023021050,20232024,linesman,Kilian McNamara,PHI,TOR,4,3,7,1,4,2,8,6
2024-03-14,2023021053,20232024,referee,Jon McIsaac,DAL,NJD,0,3,3,1,2,0,0,6
2024-03-14,2023021053,20232024,referee,Tom Chmielewski,DAL,NJD,0,3,3,1,2,0,0,6
2024-03-14,2023021053,20232024,linesman,Shandor Alphonso,DAL,NJD,0,3,3,1,2,0,0,6
2024-03-14,2023021053,20232024,linesman,Brandon Gawryletz,DAL,NJD,0,3,3,1,2,0,0,6
2024-03-14,2023021054,20232024,referee,Jake Brenk,MIN,ANA,1,2,3,2,1,0,2,4
2024-03-14,2023021054,20232024,referee,Brandon Schrader,MIN,ANA,1,2,3,2,1,0,2,4
2024-03-14,2023021054,20232024,linesman,Derek Nansen,MIN,ANA,1,2,3,2,1,0,2,4
2024-03-14,2023021054,20232024,linesman,Ben O'Quinn,MIN,ANA,1,2,3,2,1,0,2,4
2024-03-14,2023021055,20232024,referee,Wes McCauley,CGY,VGK,3,2,5,2,1,2,6,4
2024-03-14,2023021055,20232024,referee,Mitch Dunning,CGY,VGK,3,2,5,2,1,2,6,4
2024-03-14,2023021055,20232024,linesman,Travis Gawryletz,CGY,VGK,3,2,5,2,1,2,6,4
2024-03-14,2023021055,20232024,linesman,Matt MacPherson,CGY,VGK,3,2,5,2,1,2,6,4
2024-03-14,2023021056,20232024,referee,Kyle Rehman,SEA,WSH,4,3,7,1,4,2,8,6
2024-03-14,2023021056,20232024,referee,Michael Markovic,SEA,WSH,4,3,7,1,4,2,8,6
2024-03-14,2023021056,20232024,linesman,James Tobias,SEA,WSH,4,3,7,1,4,2,8,6
2024-03-14,2023021056,20232024,linesman,Bryan Pancich,SEA,WSH,4,3,7,1,4,2,8,6
2024-03-15,2023021057,20232024,referee,Chris Schlenker,WPG,ANA,5,5,10,4,2,4,10,10
2024-03-15,2023021057,20232024,referee,Pierre Lambert,WPG,ANA,5,5,10,4,2,4,10,10
2024-03-15,2023021057,20232024,linesman,Caleb Apperson,WPG,ANA,5,5,10,4,2,4,10,10
2024-03-15,2023021057,20232024,linesman,Kiel Murchison,WPG,ANA,5,5,10,4,2,4,10,10
2024-03-15,2023021058,20232024,referee,Francis Charron,CHI,LAK,3,4,7,2,2,3,6,8
2024-03-15,2023021058,20232024,referee,Peter MacDougall,CHI,LAK,3,4,7,2,2,3,6,8
2024-03-15,2023021058,20232024,linesman,Shandor Alphonso,CHI,LAK,3,4,7,2,2,3,6,8
2024-03-15,2023021058,20232024,linesman,Julien Fournier,CHI,LAK,3,4,7,2,2,3,6,8
2024-03-16,2023021059,20232024,referee,Furman South,DET,BUF,2,2,4,2,2,0,4,4
2024-03-16,2023021059,20232024,referee,Jean Hebert,DET,BUF,2,2,4,2,2,0,4,4
2024-03-16,2023021059,20232024,linesman,Derek Nansen,DET,BUF,2,2,4,2,2,0,4,4
2024-03-16,2023021059,20232024,linesman,Ben O'Quinn,DET,BUF,2,2,4,2,2,0,4,4
2024-03-16,2023021060,20232024,referee,Kelly Sutherland,NYI,OTT,2,3,5,2,1,2,4,6
2024-03-16,2023021060,20232024,referee,Brandon Blandina,NYI,OTT,2,3,5,2,1,2,4,6
2024-03-16,2023021060,20232024,linesman,Tommy Hughes,NYI,OTT,2,3,5,2,1,2,4,6
2024-03-16,2023021060,20232024,linesman,Jesse Marquis,NYI,OTT,2,3,5,2,1,2,4,6
2024-03-16,2023021061,20232024,referee,Chris Rooney,PIT,NYR,3,3,6,2,4,0,6,6
2024-03-16,2023021061,20232024,referee,Thomas John Luxmore,PIT,NYR,3,3,6,2,4,0,6,6
2024-03-16,2023021061,20232024,linesman,Kyle Flemington,PIT,NYR,3,3,6,2,4,0,6,6
2024-03-16,2023021061,20232024,linesman,David Brisebois,PIT,NYR,3,3,6,2,4,0,6,6
2024-03-16,2023021062,20232024,referee,Kyle Rehman,ARI,NJD,2,2,4,3,1,0,4,4
2024-03-16,2023021062,20232024,referee,Trevor Hanson,ARI,NJD,2,2,4,3,1,0,4,4
2024-03-16,2023021062,20232024,linesman,Brandon Gawryletz,ARI,NJD,2,2,4,3,1,0,4,4
2024-03-16,2023021062,20232024,linesman,Trent Knorr,ARI,NJD,2,2,4,3,1,0,4,4
2024-03-16,2023021063,20232024,referee,Frederick L'Ecuyer,FLA,TBL,7,9,16,6,5,5,14,18
2024-03-16,2023021063,20232024,referee,Eric Furlatt,FLA,TBL,7,9,16,6,5,5,14,18
2024-03-16,2023021063,20232024,linesman,Kilian McNamara,FLA,TBL,7,9,16,6,5,5,14,18
2024-03-16,2023021063,20232024,linesman,Jonny Murray,FLA,TBL,7,9,16,6,5,5,14,18
2024-03-16,2023021064,20232024,referee,Garrett Rank,BOS,PHI,5,4,9,1,6,2,10,8
2024-03-16,2023021064,20232024,referee,Chris Lee,BOS,PHI,5,4,9,1,6,2,10,8
2024-03-16,2023021064,20232024,linesman,Justin Johnson,BOS,PHI,5,4,9,1,6,2,10,8
2024-03-16,2023021064,20232024,linesman,Brad Kovachik,BOS,PHI,5,4,9,1,6,2,10,8
2024-03-16,2023021065,20232024,referee,Corey Syvret,CBJ,SJS,3,2,5,0,3,2,6,4
2024-03-16,2023021065,20232024,referee,Morgan MacPhee,CBJ,SJS,3,2,5,0,3,2,6,4
2024-03-16,2023021065,20232024,linesman,Ryan Galloway,CBJ,SJS,3,2,5,0,3,2,6,4
2024-03-16,2023021065,20232024,linesman,Devin Berg,CBJ,SJS,3,2,5,0,3,2,6,4
2024-03-16,2023021066,20232024,referee,Mitch Dunning,CGY,MTL,4,4,8,2,5,1,8,8
2024-03-16,2023021066,20232024,referee,Pierre Lambert,CGY,MTL,4,4,8,2,5,1,8,8
2024-03-16,2023021066,20232024,linesman,Caleb Apperson,CGY,MTL,4,4,8,2,5,1,8,8
2024-03-16,2023021066,20232024,linesman,Kiel Murchison,CGY,MTL,4,4,8,2,5,1,8,8
2024-03-16,2023021067,20232024,referee,Dan O'Rourke,TOR,CAR,5,3,8,4,2,2,10,6
2024-03-16,2023021067,20232024,referee,Steve Kozari,TOR,CAR,5,3,8,4,2,2,10,6
2024-03-16,2023021067,20232024,linesman,Steve Barton,TOR,CAR,5,3,8,4,2,2,10,6
2024-03-16,2023021067,20232024,linesman,Tyson Baker,TOR,CAR,5,3,8,4,2,2,10,6
2024-03-16,2023021067,20232024,linesman,Mark Shewchyk,TOR,CAR,5,3,8,4,2,2,10,6
2024-03-16,2023021068,20232024,referee,Jon McIsaac,DAL,LAK,1,2,3,1,2,0,2,4
2024-03-16,2023021068,20232024,referee,Tom Chmielewski,DAL,LAK,1,2,3,1,2,0,2,4
2024-03-16,2023021068,20232024,linesman,Jonathan Deschamps,DAL,LAK,1,2,3,1,2,0,2,4
2024-03-16,2023021068,20232024,linesman,Ryan Daisy,DAL,LAK,1,2,3,1,2,0,2,4
2024-03-16,2023021069,20232024,referee,Gord Dwyer,STL,MIN,2,4,6,2,2,2,4,8
2024-03-16,2023021069,20232024,referee,Brandon Schrader,STL,MIN,2,4,6,2,2,2,4,8
2024-03-16,2023021069,20232024,linesman,Shandor Alphonso,STL,MIN,2,4,6,2,2,2,4,8
2024-03-16,2023021069,20232024,linesman,Dan Kelly,STL,MIN,2,4,6,2,2,2,4,8
2024-03-16,2023021070,20232024,referee,Wes McCauley,EDM,COL,1,1,2,1,1,0,2,2
2024-03-16,2023021070,20232024,referee,Jake Brenk,EDM,COL,1,1,2,1,1,0,2,2
2024-03-16,2023021070,20232024,linesman,Bevan Mills,EDM,COL,1,1,2,1,1,0,2,2
2024-03-16,2023021070,20232024,linesman,Bryan Pancich,EDM,COL,1,1,2,1,1,0,2,2
2024-03-16,2023021071,20232024,referee,Francois St-Laurent,SEA,NSH,3,2,5,1,3,1,6,4
2024-03-16,2023021071,20232024,referee,Kendrick Nicholson,SEA,NSH,3,2,5,1,3,1,6,4
2024-03-16,2023021071,20232024,linesman,James Tobias,SEA,NSH,3,2,5,1,3,1,6,4
2024-03-16,2023021071,20232024,linesman,Travis Toomey,SEA,NSH,3,2,5,1,3,1,6,4
2024-03-16,2023021072,20232024,referee,Graham Skilliter,VAN,WSH,1,1,2,0,1,1,2,2
2024-03-16,2023021072,20232024,referee,Michael Markovic,VAN,WSH,1,1,2,0,1,1,2,2
2024-03-16,2023021072,20232024,linesman,Ryan Gibbons,VAN,WSH,1,1,2,0,1,1,2,2
2024-03-16,2023021072,20232024,linesman,Matt MacPherson,VAN,WSH,1,1,2,0,1,1,2,2
2024-03-17,2023021073,20232024,referee,Kelly Sutherland,NYR,NYI,3,1,4,3,1,0,6,2
2024-03-17,2023021073,20232024,referee,Brandon Blandina,NYR,NYI,3,1,4,3,1,0,6,2
2024-03-17,2023021073,20232024,linesman,Libor Suchanek,NYR,NYI,3,1,4,3,1,0,6,2
2024-03-17,2023021073,20232024,linesman,Jesse Marquis,NYR,NYI,3,1,4,3,1,0,6,2
2024-03-17,2023021074,20232024,referee,Trevor Hanson,VGK,NJD,2,2,4,2,2,0,4,4
2024-03-17,2023021074,20232024,referee,Ghislain Hebert,VGK,NJD,2,2,4,2,2,0,4,4
2024-03-17,2023021074,20232024,linesman,Julien Fournier,VGK,NJD,2,2,4,2,2,0,4,4
2024-03-17,2023021074,20232024,linesman,Trent Knorr,VGK,NJD,2,2,4,2,2,0,4,4
2024-03-17,2023021075,20232024,referee,Chris Rooney,CBJ,WPG,2,3,5,2,0,3,4,6
2024-03-17,2023021075,20232024,referee,Morgan MacPhee,CBJ,WPG,2,3,5,2,0,3,4,6
2024-03-17,2023021075,20232024,linesman,Derek Nansen,CBJ,WPG,2,3,5,2,0,3,4,6
2024-03-17,2023021075,20232024,linesman,David Brisebois,CBJ,WPG,2,3,5,2,0,3,4,6
2024-03-17,2023021076,20232024,referee,Furman South,CHI,SJS,1,3,4,1,0,3,2,6
2024-03-17,2023021076,20232024,referee,Brandon Schrader,CHI,SJS,1,3,4,1,0,3,2,6
2024-03-17,2023021076,20232024,linesman,Jonathan Deschamps,CHI,SJS,1,3,4,1,0,3,2,6
2024-03-17,2023021076,20232024,linesman,Ben O'Quinn,CHI,SJS,1,3,4,1,0,3,2,6
2024-03-17,2023021077,20232024,referee,Dan O'Rourke,OTT,CAR,3,2,5,3,1,1,6,4
2024-03-17,2023021077,20232024,referee,Steve Kozari,OTT,CAR,3,2,5,3,1,1,6,4
2024-03-17,2023021077,20232024,linesman,Scott Cherrey,OTT,CAR,3,2,5,3,1,1,6,4
2024-03-17,2023021077,20232024,linesman,Mark Shewchyk,OTT,CAR,3,2,5,3,1,1,6,4
2024-03-17,2023021078,20232024,referee,Thomas John Luxmore,PIT,DET,2,4,6,2,2,2,4,8
2024-03-17,2023021078,20232024,referee,Peter MacDougall,PIT,DET,2,4,6,2,2,2,4,8
2024-03-17,2023021078,20232024,linesman,Ryan Galloway,PIT,DET,2,4,6,2,2,2,4,8
2024-03-17,2023021078,20232024,linesman,Devin Berg,PIT,DET,2,4,6,2,2,2,4,8
2024-03-17,2023021079,20232024,referee,Jon McIsaac,STL,ANA,2,6,8,3,2,3,4,12
2024-03-17,2023021079,20232024,referee,Jean Hebert,STL,ANA,2,6,8,3,2,3,4,12
2024-03-17,2023021079,20232024,linesman,Ryan Daisy,STL,ANA,2,6,8,3,2,3,4,12
2024-03-17,2023021079,20232024,linesman,Dan Kelly,STL,ANA,2,6,8,3,2,3,4,12
2024-03-18,2023021080,20232024,referee,Jake Brenk,CGY,WSH,3,3,6,0,5,1,6,6
2024-03-18,2023021080,20232024,referee,Kendrick Nicholson,CGY,WSH,3,3,6,0,5,1,6,6
2024-03-18,2023021080,20232024,linesman,Travis Toomey,CGY,WSH,3,3,6,0,5,1,6,6
2024-03-18,2023021080,20232024,linesman,Bryan Pancich,CGY,WSH,3,3,6,0,5,1,6,6
2024-03-18,2023021081,20232024,referee,Francois St-Laurent,SEA,BUF,2,5,7,3,3,1,4,10
2024-03-18,2023021081,20232024,referee,Carter Sandlak,SEA,BUF,2,5,7,3,3,1,4,10
2024-03-18,2023021081,20232024,linesman,Ryan Gibbons,SEA,BUF,2,5,7,3,3,1,4,10
2024-03-18,2023021081,20232024,linesman,Matt MacPherson,SEA,BUF,2,5,7,3,3,1,4,10
2024-03-19,2023021082,20232024,referee,Frederick L'Ecuyer,BOS,OTT,5,3,8,0,6,2,10,6
2024-03-19,2023021082,20232024,referee,Cody Beach,BOS,OTT,5,3,8,0,6,2,10,6
2024-03-19,2023021082,20232024,linesman,James Tobias,BOS,OTT,5,3,8,0,6,2,10,6
2024-03-19,2023021082,20232024,linesman,Kilian McNamara,BOS,OTT,5,3,8,0,6,2,10,6
2024-03-19,2023021083,20232024,referee,Garrett Rank,DET,CBJ,2,3,5,2,2,1,4,6
2024-03-19,2023021083,20232024,referee,Michael Markovic,DET,CBJ,2,3,5,2,2,1,4,6
2024-03-19,2023021083,20232024,linesman,Devin Berg,DET,CBJ,2,3,5,2,2,1,4,6
2024-03-19,2023021083,20232024,linesman,Tyson Baker,DET,CBJ,2,3,5,2,2,1,4,6
2024-03-19,2023021084,20232024,referee,Dan O'Rourke,NJD,PIT,2,3,5,0,2,3,4,6
2024-03-19,2023021084,20232024,referee,Kelly Sutherland,NJD,PIT,2,3,5,0,2,3,4,6
2024-03-19,2023021084,20232024,linesman,Libor Suchanek,NJD,PIT,2,3,5,0,2,3,4,6
2024-03-19,2023021084,20232024,linesman,Derek Nansen,NJD,PIT,2,3,5,0,2,3,4,6
2024-03-19,2023021085,20232024,referee,Brandon Schrader,NYR,WPG,3,2,5,2,2,1,6,4
2024-03-19,2023021085,20232024,referee,Steve Kozari,NYR,WPG,3,2,5,2,2,1,6,4
2024-03-19,2023021085,20232024,linesman,Steve Barton,NYR,WPG,3,2,5,2,2,1,6,4
2024-03-19,2023021085,20232024,linesman,Dan Kelly,NYR,WPG,3,2,5,2,2,1,6,4
2024-03-19,2023021086,20232024,referee,Francis Charron,PHI,TOR,3,2,5,0,2,3,6,4
2024-03-19,2023021086,20232024,referee,Brandon Blandina,PHI,TOR,3,2,5,0,2,3,6,4
2024-03-19,2023021086,20232024,linesman,Kyle Flemington,PHI,TOR,3,2,5,0,2,3,6,4
2024-03-19,2023021086,20232024,linesman,Jesse Marquis,PHI,TOR,3,2,5,0,2,3,6,4
2024-03-19,2023021087,20232024,referee,Jon McIsaac,NYI,CAR,1,1,2,2,0,0,2,2
2024-03-19,2023021087,20232024,referee,Graham Skilliter,NYI,CAR,1,1,2,2,0,0,2,2
2024-03-19,2023021087,20232024,linesman,Scott Cherrey,NYI,CAR,1,1,2,2,0,0,2,2
2024-03-19,2023021087,20232024,linesman,Ryan Galloway,NYI,CAR,1,1,2,2,0,0,2,2
2024-03-19,2023021088,20232024,referee,Wes McCauley,NSH,SJS,1,2,3,1,1,1,2,4
2024-03-19,2023021088,20232024,referee,Furman South,NSH,SJS,1,2,3,1,1,1,2,4
2024-03-19,2023021088,20232024,linesman,Bevan Mills,NSH,SJS,1,2,3,1,1,1,2,4
2024-03-19,2023021088,20232024,linesman,Ryan Daisy,NSH,SJS,1,2,3,1,1,1,2,4
2024-03-19,2023021089,20232024,referee,Chris Rooney,STL,COL,3,3,6,1,3,2,6,6
2024-03-19,2023021089,20232024,referee,Chris Lee,STL,COL,3,3,6,1,3,2,6,6
2024-03-19,2023021089,20232024,linesman,Brad Kovachik,STL,COL,3,3,6,1,3,2,6,6
2024-03-19,2023021089,20232024,linesman,Ben O'Quinn,STL,COL,3,3,6,1,3,2,6,6
2024-03-19,2023021090,20232024,referee,Jake Brenk,EDM,MTL,3,5,8,1,2,5,6,10
2024-03-19,2023021090,20232024,referee,Kendrick Nicholson,EDM,MTL,3,5,8,1,2,5,6,10
2024-03-19,2023021090,20232024,linesman,Caleb Apperson,EDM,MTL,3,5,8,1,2,5,6,10
2024-03-19,2023021090,20232024,linesman,Travis Toomey,EDM,MTL,3,5,8,1,2,5,6,10
2024-03-19,2023021091,20232024,referee,Francois St-Laurent,ANA,MIN,5,3,8,2,4,2,10,6
2024-03-19,2023021091,20232024,referee,Carter Sandlak,ANA,MIN,5,3,8,2,4,2,10,6
2024-03-19,2023021091,20232024,linesman,Travis Gawryletz,ANA,MIN,5,3,8,2,4,2,10,6
2024-03-19,2023021091,20232024,linesman,CJ Murray,ANA,MIN,5,3,8,2,4,2,10,6
2024-03-19,2023021092,20232024,referee,Gord Dwyer,LAK,CHI,4,1,5,3,1,1,8,2
2024-03-19,2023021092,20232024,referee,Ghislain Hebert,LAK,CHI,4,1,5,3,1,1,8,2
2024-03-19,2023021092,20232024,linesman,Andrew Smith,LAK,CHI,4,1,5,3,1,1,8,2
2024-03-19,2023021092,20232024,linesman,Jonny Murray,LAK,CHI,4,1,5,3,1,1,8,2
2024-03-19,2023021093,20232024,referee,Trevor Hanson,VAN,BUF,5,6,11,4,2,5,10,12
2024-03-19,2023021093,20232024,referee,Corey Syvret,VAN,BUF,5,6,11,4,2,5,10,12
2024-03-19,2023021093,20232024,linesman,Kiel Murchison,VAN,BUF,5,6,11,4,2,5,10,12
2024-03-19,2023021093,20232024,linesman,Bryan Pancich,VAN,BUF,5,6,11,4,2,5,10,12
2024-03-19,2023021094,20232024,referee,Chris Schlenker,VGK,TBL,4,3,7,2,2,3,8,6
2024-03-19,2023021094,20232024,referee,Kyle Rehman,VGK,TBL,4,3,7,2,2,3,8,6
2024-03-19,2023021094,20232024,linesman,Julien Fournier,VGK,TBL,4,3,7,2,2,3,8,6
2024-03-19,2023021094,20232024,linesman,Tommy Hughes,VGK,TBL,4,3,7,2,2,3,8,6
2024-03-20,2023021095,20232024,referee,Dan O'Rourke,WSH,TOR,5,1,6,0,1,5,10,2
2024-03-20,2023021095,20232024,referee,Brandon Schrader,WSH,TOR,5,1,6,0,1,5,10,2
2024-03-20,2023021095,20232024,linesman,Scott Cherrey,WSH,TOR,5,1,6,0,1,5,10,2
2024-03-20,2023021095,20232024,linesman,Ryan Galloway,WSH,TOR,5,1,6,0,1,5,10,2
2024-03-20,2023021096,20232024,referee,Furman South,DAL,ARI,1,2,3,0,1,2,2,4
2024-03-20,2023021096,20232024,referee,Chris Lee,DAL,ARI,1,2,3,0,1,2,2,4
2024-03-20,2023021096,20232024,linesman,Bevan Mills,DAL,ARI,1,2,3,0,1,2,2,4
2024-03-20,2023021096,20232024,linesman,Brad Kovachik,DAL,ARI,1,2,3,0,1,2,2,4
2024-03-20,2023021097,20232024,referee,Francois St-Laurent,LAK,MIN,5,7,12,3,4,5,10,14
2024-03-20,2023021097,20232024,referee,Ghislain Hebert,LAK,MIN,5,7,12,3,4,5,10,14
2024-03-20,2023021097,20232024,linesman,Andrew Smith,LAK,MIN,5,7,12,3,4,5,10,14
2024-03-20,2023021097,20232024,linesman,Travis Gawryletz,LAK,MIN,5,7,12,3,4,5,10,14
2024-03-21,2023021098,20232024,referee,Graham Skilliter,BOS,NYR,1,3,4,3,1,0,2,6
2024-03-21,2023021098,20232024,referee,Steve Kozari,BOS,NYR,1,3,4,3,1,0,2,6
2024-03-21,2023021098,20232024,linesman,Steve Barton,BOS,NYR,1,3,4,3,1,0,2,6
2024-03-21,2023021098,20232024,linesman,James Tobias,BOS,NYR,1,3,4,3,1,0,2,6
2024-03-21,2023021099,20232024,referee,Mitch Dunning,CAR,PHI,3,2,5,3,1,1,6,4
2024-03-21,2023021099,20232024,referee,Thomas John Luxmore,CAR,PHI,3,2,5,3,1,1,6,4
2024-03-21,2023021099,20232024,linesman,Kyle Flemington,CAR,PHI,3,2,5,3,1,1,6,4
2024-03-21,2023021099,20232024,linesman,Libor Suchanek,CAR,PHI,3,2,5,3,1,1,6,4
2024-03-21,2023021100,20232024,referee,Frederick L'Ecuyer,DET,NYI,4,2,6,2,2,2,8,4
2024-03-21,2023021100,20232024,referee,Eric Furlatt,DET,NYI,4,2,6,2,2,2,8,4
2024-03-21,2023021100,20232024,linesman,Shandor Alphonso,DET,NYI,4,2,6,2,2,2,8,4
2024-03-21,2023021100,20232024,linesman,David Brisebois,DET,NYI,4,2,6,2,2,2,8,4
2024-03-21,2023021102,20232024,referee,Chris Rooney,NJD,WPG,4,4,8,2,2,4,8,8
2024-03-21,2023021102,20232024,referee,Francis Charron,NJD,WPG,4,4,8,2,2,4,8,8
2024-03-21,2023021102,20232024,linesman,Tyson Baker,NJD,WPG,4,4,8,2,2,4,8,8
2024-03-21,2023021102,20232024,linesman,Kilian McNamara,NJD,WPG,4,4,8,2,2,4,8,8
2024-03-21,2023021103,20232024,referee,Kelly Sutherland,OTT,STL,2,3,5,1,2,2,4,6
2024-03-21,2023021103,20232024,referee,Michael Markovic,OTT,STL,2,3,5,1,2,2,4,6
2024-03-21,2023021103,20232024,linesman,Michel Cormier,OTT,STL,2,3,5,1,2,2,4,6
2024-03-21,2023021103,20232024,linesman,Devin Berg,OTT,STL,2,3,5,1,2,2,4,6
2024-03-21,2023021101,20232024,referee,Jean Hebert,FLA,NSH,3,2,5,2,1,2,6,4
2024-03-21,2023021101,20232024,referee,Pierre Lambert,FLA,NSH,3,2,5,2,1,2,6,4
2024-03-21,2023021101,20232024,linesman,Jonathan Deschamps,FLA,NSH,3,2,5,2,1,2,6,4
2024-03-21,2023021101,20232024,linesman,Ryan Daisy,FLA,NSH,3,2,5,2,1,2,6,4
2024-03-21,2023021104,20232024,referee,Tom Chmielewski,EDM,BUF,3,2,5,2,1,2,6,4
2024-03-21,2023021104,20232024,referee,Corey Syvret,EDM,BUF,3,2,5,2,1,2,6,4
2024-03-21,2023021104,20232024,linesman,Brandon Gawryletz,EDM,BUF,3,2,5,2,1,2,6,4
2024-03-21,2023021104,20232024,linesman,Travis Toomey,EDM,BUF,3,2,5,2,1,2,6,4
2024-03-21,2023021105,20232024,referee,Trevor Hanson,ANA,CHI,2,6,8,1,5,2,4,12
2024-03-21,2023021105,20232024,referee,Jordan Samuels-Thomas,ANA,CHI,2,6,8,1,5,2,4,12
2024-03-21,2023021105,20232024,linesman,Travis Gawryletz,ANA,CHI,2,6,8,1,5,2,4,12
2024-03-21,2023021105,20232024,linesman,Jonny Murray,ANA,CHI,2,6,8,1,5,2,4,12
2024-03-21,2023021106,20232024,referee,Jake Brenk,VAN,MTL,4,5,9,3,5,1,8,10
2024-03-21,2023021106,20232024,referee,Kendrick Nicholson,VAN,MTL,4,5,9,3,5,1,8,10
2024-03-21,2023021106,20232024,linesman,Caleb Apperson,VAN,MTL,4,5,9,3,5,1,8,10
2024-03-21,2023021106,20232024,linesman,Bryan Pancich,VAN,MTL,4,5,9,3,5,1,8,10
2024-03-21,2023021107,20232024,referee,Gord Dwyer,VGK,SEA,3,5,8,1,3,4,6,10
2024-03-21,2023021107,20232024,referee,Peter MacDougall,VGK,SEA,3,5,8,1,3,4,6,10
2024-03-21,2023021107,20232024,linesman,CJ Murray,VGK,SEA,3,5,8,1,3,4,6,10
2024-03-21,2023021107,20232024,linesman,Mark Shewchyk,VGK,SEA,3,5,8,1,3,4,6,10
2024-03-21,2023021108,20232024,referee,Chris Schlenker,SJS,TBL,4,4,8,3,3,2,8,8
2024-03-21,2023021108,20232024,referee,Ghislain Hebert,SJS,TBL,4,4,8,3,3,2,8,8
2024-03-21,2023021108,20232024,linesman,Tommy Hughes,SJS,TBL,4,4,8,3,3,2,8,8
2024-03-21,2023021108,20232024,linesman,Trent Knorr,SJS,TBL,4,4,8,3,3,2,8,8
2024-03-22,2023021109,20232024,referee,Jon McIsaac,WSH,CAR,3,6,9,2,5,2,6,12
2024-03-22,2023021109,20232024,referee,Brandon Schrader,WSH,CAR,3,6,9,2,5,2,6,12
2024-03-22,2023021109,20232024,linesman,Kyle Flemington,WSH,CAR,3,6,9,2,5,2,6,12
2024-03-22,2023021109,20232024,linesman,Kilian McNamara,WSH,CAR,3,6,9,2,5,2,6,12
2024-03-22,2023021110,20232024,referee,Kyle Rehman,DAL,PIT,2,2,4,1,2,1,4,4
2024-03-22,2023021110,20232024,referee,Carter Sandlak,DAL,PIT,2,2,4,1,2,1,4,4
2024-03-22,2023021110,20232024,linesman,Bevan Mills,DAL,PIT,2,2,4,1,2,1,4,4
2024-03-22,2023021110,20232024,linesman,Brad Kovachik,DAL,PIT,2,2,4,1,2,1,4,4
2024-03-22,2023021111,20232024,referee,Francois St-Laurent,COL,CBJ,0,3,3,2,0,1,0,6
2024-03-22,2023021111,20232024,referee,Furman South,COL,CBJ,0,3,3,2,0,1,0,6
2024-03-22,2023021111,20232024,linesman,Andrew Smith,COL,CBJ,0,3,3,2,0,1,0,6
2024-03-22,2023021111,20232024,linesman,Ryan Gibbons,COL,CBJ,0,3,3,2,0,1,0,6
2024-03-22,2023021112,20232024,referee,Wes McCauley,ARI,SEA,3,2,5,1,3,1,6,4
2024-03-22,2023021112,20232024,referee,Gord Dwyer,ARI,SEA,3,2,5,1,3,1,6,4
2024-03-22,2023021112,20232024,linesman,CJ Murray,ARI,SEA,3,2,5,1,3,1,6,4
2024-03-22,2023021112,20232024,linesman,Jonny Murray,ARI,SEA,3,2,5,1,3,1,6,4
2024-03-23,2023021113,20232024,referee,Frederick L'Ecuyer,NYI,WPG,1,1,2,0,1,1,2,2
2024-03-23,2023021113,20232024,referee,Mitch Dunning,NYI,WPG,1,1,2,0,1,1,2,2
2024-03-23,2023021113,20232024,linesman,Julien Fournier,NYI,WPG,1,1,2,0,1,1,2,2
2024-03-23,2023021113,20232024,linesman,James Tobias,NYI,WPG,1,1,2,0,1,1,2,2
2024-03-23,2023021114,20232024,referee,Eric Furlatt,PHI,BOS,2,3,5,4,1,0,4,6
2024-03-23,2023021114,20232024,referee,Michael Markovic,PHI,BOS,2,3,5,4,1,0,4,6
2024-03-23,2023021114,20232024,linesman,Jesse Marquis,PHI,BOS,2,3,5,4,1,0,4,6
2024-03-23,2023021114,20232024,linesman,Tyson Baker,PHI,BOS,2,3,5,4,1,0,4,6
2024-03-23,2023021115,20232024,referee,Ghislain Hebert,MIN,STL,2,2,4,1,1,2,4,4
2024-03-23,2023021115,20232024,referee,Chris Lee,MIN,STL,2,2,4,1,1,2,4,4
2024-03-23,2023021115,20232024,linesman,Justin Johnson,MIN,STL,2,2,4,1,1,2,4,4
2024-03-23,2023021115,20232024,linesman,Ryan Galloway,MIN,STL,2,2,4,1,1,2,4,4
2024-03-23,2023021116,20232024,referee,Dan O'Rourke,NSH,DET,4,2,6,4,2,0,8,4
2024-03-23,2023021116,20232024,referee,Thomas John Luxmore,NSH,DET,4,2,6,4,2,0,8,4
2024-03-23,2023021116,20232024,linesman,Shandor Alphonso,NSH,DET,4,2,6,4,2,0,8,4
2024-03-23,2023021116,20232024,linesman,Jonathan Deschamps,NSH,DET,4,2,6,4,2,0,8,4
2024-03-23,2023021117,20232024,referee,Pierre Lambert,NJD,OTT,5,4,9,4,3,2,10,8
2024-03-23,2023021117,20232024,referee,Steve Kozari,NJD,OTT,5,4,9,4,3,2,10,8
2024-03-23,2023021117,20232024,linesman,Libor Suchanek,NJD,OTT,5,4,9,4,3,2,10,8
2024-03-23,2023021117,20232024,linesman,Matt MacPherson,NJD,OTT,5,4,9,4,3,2,10,8
2024-03-23,2023021118,20232024,referee,Kelly Sutherland,TOR,EDM,6,4,10,4,4,2,12,8
2024-03-23,2023021118,20232024,referee,Jean Hebert,TOR,EDM,6,4,10,4,4,2,12,8
2024-03-23,2023021118,20232024,linesman,Derek Nansen,TOR,EDM,6,4,10,4,4,2,12,8
2024-03-23,2023021118,20232024,linesman,Devin Berg,TOR,EDM,6,4,10,4,4,2,12,8
2024-03-23,2023021119,20232024,referee,Jon McIsaac,NYR,FLA,2,3,5,2,3,0,4,6
2024-03-23,2023021119,20232024,referee,Graham Skilliter,NYR,FLA,2,3,5,2,3,0,4,6
2024-03-23,2023021119,20232024,linesman,Kiel Murchison,NYR,FLA,2,3,5,2,3,0,4,6
2024-03-23,2023021119,20232024,linesman,David Brisebois,NYR,FLA,2,3,5,2,3,0,4,6
2024-03-23,2023021120,20232024,referee,Tom Chmielewski,VAN,CGY,2,3,5,0,1,4,4,6
2024-03-23,2023021120,20232024,referee,Corey Syvret,VAN,CGY,2,3,5,0,1,4,4,6
2024-03-23,2023021120,20232024,linesman,Brandon Gawryletz,VAN,CGY,2,3,5,0,1,4,4,6
2024-03-23,2023021120,20232024,linesman,Mark Shewchyk,VAN,CGY,2,3,5,0,1,4,4,6
2024-03-23,2023021121,20232024,referee,Garrett Rank,LAK,TBL,3,3,6,2,2,2,6,6
2024-03-23,2023021121,20232024,referee,Gord Dwyer,LAK,TBL,3,3,6,2,2,2,6,6
2024-03-23,2023021121,20232024,linesman,CJ Murray,LAK,TBL,3,3,6,2,2,2,6,6
2024-03-23,2023021121,20232024,linesman,Ben O'Quinn,LAK,TBL,3,3,6,2,2,2,6,6
2024-03-23,2023021122,20232024,referee,Chris Schlenker,SJS,CHI,2,4,6,2,2,2,4,8
2024-03-23,2023021122,20232024,referee,Jordan Samuels-Thomas,SJS,CHI,2,4,6,2,2,2,4,8
2024-03-23,2023021122,20232024,linesman,Tommy Hughes,SJS,CHI,2,4,6,2,2,2,4,8
2024-03-23,2023021122,20232024,linesman,Trent Knorr,SJS,CHI,2,4,6,2,2,2,4,8
2024-03-23,2023021123,20232024,referee,Francis Charron,VGK,CBJ,1,2,3,0,1,2,2,4
2024-03-23,2023021123,20232024,referee,Trevor Hanson,VGK,CBJ,1,2,3,0,1,2,2,4
2024-03-23,2023021123,20232024,linesman,Andrew Smith,VGK,CBJ,1,2,3,0,1,2,2,4
2024-03-23,2023021123,20232024,linesman,Ryan Gibbons,VGK,CBJ,1,2,3,0,1,2,2,4
2024-03-24,2023021124,20232024,referee,Eric Furlatt,WSH,WPG,2,3,5,1,3,1,4,6
2024-03-24,2023021124,20232024,referee,Morgan MacPhee,WSH,WPG,2,3,5,1,3,1,4,6
2024-03-24,2023021124,20232024,linesman,James Tobias,WSH,WPG,2,3,5,1,3,1,4,6
2024-03-24,2023021124,20232024,linesman,Jesse Marquis,WSH,WPG,2,3,5,1,3,1,4,6
2024-03-24,2023021125,20232024,referee,Francois St-Laurent,COL,PIT,2,2,4,1,1,2,4,4
2024-03-24,2023021125,20232024,referee,Kyle Rehman,COL,PIT,2,2,4,1,1,2,4,4
2024-03-24,2023021125,20232024,linesman,Brad Kovachik,COL,PIT,2,2,4,1,1,2,4,4
2024-03-24,2023021125,20232024,linesman,Caleb Apperson,COL,PIT,2,2,4,1,1,2,4,4
2024-03-24,2023021126,20232024,referee,Chris Rooney,NYI,NJD,4,7,11,5,2,4,8,14
2024-03-24,2023021126,20232024,referee,Michael Markovic,NYI,NJD,4,7,11,5,2,4,8,14
2024-03-24,2023021126,20232024,linesman,Matt MacPherson,NYI,NJD,4,7,11,5,2,4,8,14
2024-03-24,2023021126,20232024,linesman,Tyson Baker,NYI,NJD,4,7,11,5,2,4,8,14
2024-03-24,2023021127,20232024,referee,Frederick L'Ecuyer,CAR,TOR,4,3,7,4,2,1,8,6
2024-03-24,2023021127,20232024,referee,Carter Sandlak,CAR,TOR,4,3,7,4,2,1,8,6
2024-03-24,2023021127,20232024,linesman,Bevan Mills,CAR,TOR,4,3,7,4,2,1,8,6
2024-03-24,2023021127,20232024,linesman,Kilian McNamara,CAR,TOR,4,3,7,4,2,1,8,6
2024-03-24,2023021128,20232024,referee,Jean Hebert,OTT,EDM,3,4,7,3,2,2,6,8
2024-03-24,2023021128,20232024,referee,Kendrick Nicholson,OTT,EDM,3,4,7,3,2,2,6,8
2024-03-24,2023021128,20232024,linesman,Scott Cherrey,OTT,EDM,3,4,7,3,2,2,6,8
2024-03-24,2023021128,20232024,linesman,Derek Nansen,OTT,EDM,3,4,7,3,2,2,6,8
2024-03-24,2023021129,20232024,referee,Mitch Dunning,PHI,FLA,3,6,9,7,1,1,6,12
2024-03-24,2023021129,20232024,referee,Steve Kozari,PHI,FLA,3,6,9,7,1,1,6,12
2024-03-24,2023021129,20232024,linesman,Julien Fournier,PHI,FLA,3,6,9,7,1,1,6,12
2024-03-24,2023021129,20232024,linesman,Kiel Murchison,PHI,FLA,3,6,9,7,1,1,6,12
2024-03-24,2023021130,20232024,referee,Chris Schlenker,ARI,DAL,4,5,9,4,2,3,8,10
2024-03-24,2023021130,20232024,referee,Wes McCauley,ARI,DAL,4,5,9,4,2,3,8,10
2024-03-24,2023021130,20232024,linesman,Andrew Smith,ARI,DAL,4,5,9,4,2,3,8,10
2024-03-24,2023021130,20232024,linesman,Tommy Hughes,ARI,DAL,4,5,9,4,2,3,8,10
2024-03-24,2023021131,20232024,referee,Francis Charron,ANA,TBL,3,4,7,2,5,0,6,8
2024-03-24,2023021131,20232024,referee,Trevor Hanson,ANA,TBL,3,4,7,2,5,0,6,8
2024-03-24,2023021131,20232024,linesman,Ryan Gibbons,ANA,TBL,3,4,7,2,5,0,6,8
2024-03-24,2023021131,20232024,linesman,Ben O'Quinn,ANA,TBL,3,4,7,2,5,0,6,8
2024-03-24,2023021132,20232024,referee,Tom Chmielewski,CGY,BUF,1,2,3,0,2,1,2,4
2024-03-24,2023021132,20232024,referee,Brandon Blandina,CGY,BUF,1,2,3,0,2,1,2,4
2024-03-24,2023021132,20232024,linesman,Mark Shewchyk,CGY,BUF,1,2,3,0,2,1,2,4
2024-03-24,2023021132,20232024,linesman,Dan Kelly,CGY,BUF,1,2,3,0,2,1,2,4
2024-03-24,2023021133,20232024,referee,Garrett Rank,SEA,MTL,2,4,6,1,3,2,4,8
2024-03-24,2023021133,20232024,referee,Corey Syvret,SEA,MTL,2,4,6,1,3,2,4,8
2024-03-24,2023021133,20232024,linesman,Trent Knorr,SEA,MTL,2,4,6,1,3,2,4,8
2024-03-24,2023021133,20232024,linesman,Jonny Murray,SEA,MTL,2,4,6,1,3,2,4,8
2024-03-25,2023021134,20232024,referee,Jake Brenk,STL,VGK,2,2,4,2,2,0,4,4
2024-03-25,2023021134,20232024,referee,Pierre Lambert,STL,VGK,2,2,4,2,2,0,4,4
2024-03-25,2023021134,20232024,linesman,Shandor Alphonso,STL,VGK,2,2,4,2,2,0,4,4
2024-03-25,2023021134,20232024,linesman,Ryan Galloway,STL,VGK,2,2,4,2,2,0,4,4
2024-03-25,2023021135,20232024,referee,Tom Chmielewski,VAN,LAK,2,2,4,2,0,2,4,4
2024-03-25,2023021135,20232024,referee,Chris Lee,VAN,LAK,2,2,4,2,0,2,4,4
2024-03-25,2023021135,20232024,linesman,Brandon Gawryletz,VAN,LAK,2,2,4,2,0,2,4,4
2024-03-25,2023021135,20232024,linesman,Jonny Murray,VAN,LAK,2,2,4,2,0,2,4,4
2024-03-26,2023021136,20232024,referee,Thomas John Luxmore,FLA,BOS,7,6,13,4,6,3,14,12
2024-03-26,2023021136,20232024,referee,Kendrick Nicholson,FLA,BOS,7,6,13,4,6,3,14,12
2024-03-26,2023021136,20232024,linesman,Kyle Flemington,FLA,BOS,7,6,13,4,6,3,14,12
2024-03-26,2023021136,20232024,linesman,Travis Gawryletz,FLA,BOS,7,6,13,4,6,3,14,12
2024-03-26,2023021137,20232024,referee,Eric Furlatt,NYR,PHI,3,1,4,1,2,1,6,2
2024-03-26,2023021137,20232024,referee,Michael Markovic,NYR,PHI,3,1,4,1,2,1,6,2
2024-03-26,2023021137,20232024,linesman,James Tobias,NYR,PHI,3,1,4,1,2,1,6,2
2024-03-26,2023021137,20232024,linesman,Kiel Murchison,NYR,PHI,3,1,4,1,2,1,6,2
2024-03-26,2023021138,20232024,referee,Furman South,PIT,CAR,2,2,4,3,0,1,4,4
2024-03-26,2023021138,20232024,referee,Peter MacDougall,PIT,CAR,2,2,4,3,0,1,4,4
2024-03-26,2023021138,20232024,linesman,Jesse Marquis,PIT,CAR,2,2,4,3,0,1,4,4
2024-03-26,2023021138,20232024,linesman,Bryan Pancich,PIT,CAR,2,2,4,3,0,1,4,4
2024-03-26,2023021140,20232024,referee,Frederick L'Ecuyer,WSH,DET,2,2,4,2,2,0,4,4
2024-03-26,2023021140,20232024,referee,Mitch Dunning,WSH,DET,2,2,4,2,2,0,4,4
2024-03-26,2023021140,20232024,linesman,Libor Suchanek,WSH,DET,2,2,4,2,2,0,4,4
2024-03-26,2023021140,20232024,linesman,Tyson Baker,WSH,DET,2,2,4,2,2,0,4,4
2024-03-26,2023021139,20232024,referee,Jean Hebert,TOR,NJD,2,2,4,1,2,1,4,4
2024-03-26,2023021139,20232024,referee,Brandon Schrader,TOR,NJD,2,2,4,1,2,1,4,4
2024-03-26,2023021139,20232024,linesman,Ryan Daisy,TOR,NJD,2,2,4,1,2,1,4,4
2024-03-26,2023021139,20232024,linesman,Travis Toomey,TOR,NJD,2,2,4,1,2,1,4,4
2024-03-26,2023021141,20232024,referee,Wes McCauley,NSH,VGK,2,2,4,0,2,2,4,4
2024-03-26,2023021141,20232024,referee,Carter Sandlak,NSH,VGK,2,2,4,0,2,2,4,4
2024-03-26,2023021141,20232024,linesman,Steve Barton,NSH,VGK,2,2,4,0,2,2,4,4
2024-03-26,2023021141,20232024,linesman,Ryan Galloway,NSH,VGK,2,2,4,0,2,2,4,4
2024-03-26,2023021142,20232024,referee,Jon McIsaac,WPG,EDM,4,5,9,1,3,5,8,10
2024-03-26,2023021142,20232024,referee,Brandon Blandina,WPG,EDM,4,5,9,1,3,5,8,10
2024-03-26,2023021142,20232024,linesman,Scott Cherrey,WPG,EDM,4,5,9,1,3,5,8,10
2024-03-26,2023021142,20232024,linesman,Mark Shewchyk,WPG,EDM,4,5,9,1,3,5,8,10
2024-03-26,2023021143,20232024,referee,Francois St-Laurent,CHI,CGY,2,2,4,2,2,0,4,4
2024-03-26,2023021143,20232024,referee,Morgan MacPhee,CHI,CGY,2,2,4,2,2,0,4,4
2024-03-26,2023021143,20232024,linesman,Shandor Alphonso,CHI,CGY,2,2,4,2,2,0,4,4
2024-03-26,2023021143,20232024,linesman,David Brisebois,CHI,CGY,2,2,4,2,2,0,4,4
2024-03-26,2023021144,20232024,referee,Francis Charron,COL,MTL,3,3,6,2,1,3,6,6
2024-03-26,2023021144,20232024,referee,Cody Beach,COL,MTL,3,3,6,2,1,3,6,6
2024-03-26,2023021144,20232024,linesman,Andrew Smith,COL,MTL,3,3,6,2,1,3,6,6
2024-03-26,2023021144,20232024,linesman,Devin Berg,COL,MTL,3,3,6,2,1,3,6,6
2024-03-26,2023021145,20232024,referee,Chris Schlenker,ARI,CBJ,4,2,6,2,2,2,8,4
2024-03-26,2023021145,20232024,referee,Garrett Rank,ARI,CBJ,4,2,6,2,2,2,8,4
2024-03-26,2023021145,20232024,linesman,Tommy Hughes,ARI,CBJ,4,2,6,2,2,2,8,4
2024-03-26,2023021145,20232024,linesman,Ben O'Quinn,ARI,CBJ,4,2,6,2,2,2,8,4
2024-03-26,2023021146,20232024,referee,Dan O'Rourke,SEA,ANA,1,5,6,1,4,1,2,10
2024-03-26,2023021146,20232024,referee,Graham Skilliter,SEA,ANA,1,5,6,1,4,1,2,10
2024-03-26,2023021146,20232024,linesman,Caleb Apperson,SEA,ANA,1,5,6,1,4,1,2,10
2024-03-26,2023021146,20232024,linesman,Dan Kelly,SEA,ANA,1,5,6,1,4,1,2,10
2024-03-26,2023021147,20232024,referee,Corey Syvret,SJS,DAL,4,3,7,2,2,3,8,6
2024-03-26,2023021147,20232024,referee,Chris Lee,SJS,DAL,4,3,7,2,2,3,8,6
2024-03-26,2023021147,20232024,linesman,Brandon Gawryletz,SJS,DAL,4,3,7,2,2,3,8,6
2024-03-26,2023021147,20232024,linesman,Jonny Murray,SJS,DAL,4,3,7,2,2,3,8,6
2024-03-27,2023021148,20232024,referee,Brandon Schrader,BUF,OTT,5,5,10,4,6,0,10,10
2024-03-27,2023021148,20232024,referee,Pierre Lambert,BUF,OTT,5,5,10,4,6,0,10,10
2024-03-27,2023021148,20232024,linesman,Travis Toomey,BUF,OTT,5,5,10,4,6,0,10,10
2024-03-27,2023021148,20232024,linesman,Bryan Pancich,BUF,OTT,5,5,10,4,6,0,10,10
2024-03-27,2023021149,20232024,referee,Thomas John Luxmore,TBL,BOS,2,1,3,1,2,0,4,2
2024-03-27,2023021149,20232024,referee,Kendrick Nicholson,TBL,BOS,2,1,3,1,2,0,4,2
2024-03-27,2023021149,20232024,linesman,Travis Gawryletz,TBL,BOS,2,1,3,1,2,0,4,2
2024-03-27,2023021149,20232024,linesman,Brad Kovachik,TBL,BOS,2,1,3,1,2,0,4,2
2024-03-28,2023021151,20232024,referee,Chris Rooney,FLA,NYI,6,1,7,0,3,4,12,2
2024-03-28,2023021151,20232024,referee,Kendrick Nicholson,FLA,NYI,6,1,7,0,3,4,12,2
2024-03-28,2023021151,20232024,linesman,Kyle Flemington,FLA,NYI,6,1,7,0,3,4,12,2
2024-03-28,2023021151,20232024,linesman,Travis Gawryletz,FLA,NYI,6,1,7,0,3,4,12,2
2024-03-28,2023021152,20232024,referee,Gord Dwyer,MTL,PHI,7,5,12,4,4,4,14,10
2024-03-28,2023021152,20232024,referee,Beau Halkidis,MTL,PHI,7,5,12,4,4,4,14,10
2024-03-28,2023021152,20232024,linesman,Shandor Alphonso,MTL,PHI,7,5,12,4,4,4,14,10
2024-03-28,2023021152,20232024,linesman,Jonathan Deschamps,MTL,PHI,7,5,12,4,4,4,14,10
2024-03-28,2023021153,20232024,referee,Jean Hebert,OTT,CHI,2,2,4,2,1,1,4,4
2024-03-28,2023021153,20232024,referee,Justin Kea,OTT,CHI,2,2,4,2,1,1,4,4
2024-03-28,2023021153,20232024,linesman,Michel Cormier,OTT,CHI,2,2,4,2,1,1,4,4
2024-03-28,2023021153,20232024,linesman,Travis Toomey,OTT,CHI,2,2,4,2,1,1,4,4
2024-03-28,2023021154,20232024,referee,Michael Markovic,PIT,CBJ,2,5,7,1,3,3,4,10
2024-03-28,2023021154,20232024,referee,Peter MacDougall,PIT,CBJ,2,5,7,1,3,3,4,10
2024-03-28,2023021154,20232024,linesman,Steve Barton,PIT,CBJ,2,5,7,1,3,3,4,10
2024-03-28,2023021154,20232024,linesman,Ryan Daisy,PIT,CBJ,2,5,7,1,3,3,4,10
2024-03-28,2023021155,20232024,referee,Wes McCauley,TOR,WSH,2,1,3,2,1,0,4,2
2024-03-28,2023021155,20232024,referee,Pierre Lambert,TOR,WSH,2,1,3,2,1,0,4,2
2024-03-28,2023021155,20232024,linesman,Kiel Murchison,TOR,WSH,2,1,3,2,1,0,4,2
2024-03-28,2023021155,20232024,linesman,David Brisebois,TOR,WSH,2,1,3,2,1,0,4,2
2024-03-28,2023021150,20232024,referee,Mitch Dunning,CAR,DET,2,2,4,1,2,1,4,4
2024-03-28,2023021150,20232024,referee,Eric Furlatt,CAR,DET,2,2,4,1,2,1,4,4
2024-03-28,2023021150,20232024,linesman,Julien Fournier,CAR,DET,2,2,4,1,2,1,4,4
2024-03-28,2023021150,20232024,linesman,Matt MacPherson,CAR,DET,2,2,4,1,2,1,4,4
2024-03-28,2023021156,20232024,referee,Garrett Rank,MIN,SJS,1,2,3,2,1,0,2,4
2024-03-28,2023021156,20232024,referee,Furman South,MIN,SJS,1,2,3,2,1,0,2,4
2024-03-28,2023021156,20232024,linesman,CJ Murray,MIN,SJS,1,2,3,2,1,0,2,4
2024-03-28,2023021156,20232024,linesman,Jesse Marquis,MIN,SJS,1,2,3,2,1,0,2,4
2024-03-28,2023021157,20232024,referee,Ghislain Hebert,STL,CGY,3,3,6,2,3,1,6,6
2024-03-28,2023021157,20232024,referee,Carter Sandlak,STL,CGY,3,3,6,2,3,1,6,6
2024-03-28,2023021157,20232024,linesman,Tyson Baker,STL,CGY,3,3,6,2,3,1,6,6
2024-03-28,2023021157,20232024,linesman,Jonny Murray,STL,CGY,3,3,6,2,3,1,6,6
2024-03-28,2023021158,20232024,referee,Jon McIsaac,WPG,VGK,2,6,8,2,3,3,4,12
2024-03-28,2023021158,20232024,referee,Brandon Blandina,WPG,VGK,2,6,8,2,3,3,4,12
2024-03-28,2023021158,20232024,linesman,Scott Cherrey,WPG,VGK,2,6,8,2,3,3,4,12
2024-03-28,2023021158,20232024,linesman,Mark Shewchyk,WPG,VGK,2,6,8,2,3,3,4,12
2024-03-28,2023021159,20232024,referee,Tom Chmielewski,COL,NYR,3,2,5,2,1,2,6,4
2024-03-28,2023021159,20232024,referee,Corey Syvret,COL,NYR,3,2,5,2,1,2,6,4
2024-03-28,2023021159,20232024,linesman,Ryan Galloway,COL,NYR,3,2,5,2,1,2,6,4
2024-03-28,2023021159,20232024,linesman,Devin Berg,COL,NYR,3,2,5,2,1,2,6,4
2024-03-28,2023021160,20232024,referee,Kyle Rehman,EDM,LAK,3,3,6,4,0,2,6,6
2024-03-28,2023021160,20232024,referee,Kelly Sutherland,EDM,LAK,3,3,6,4,0,2,6,6
2024-03-28,2023021160,20232024,linesman,Ryan Gibbons,EDM,LAK,3,3,6,4,0,2,6,6
2024-03-28,2023021160,20232024,linesman,Trent Knorr,EDM,LAK,3,3,6,4,0,2,6,6
2024-03-28,2023021161,20232024,referee,Francis Charron,ARI,NSH,2,3,5,1,3,1,4,6
2024-03-28,2023021161,20232024,referee,Cody Beach,ARI,NSH,2,3,5,1,3,1,4,6
2024-03-28,2023021161,20232024,linesman,Derek Nansen,ARI,NSH,2,3,5,1,3,1,4,6
2024-03-28,2023021161,20232024,linesman,Ben O'Quinn,ARI,NSH,2,3,5,1,3,1,4,6
2024-03-28,2023021162,20232024,referee,Trevor Hanson,SEA,ANA,4,11,15,3,3,9,8,22
2024-03-28,2023021162,20232024,referee,Chris Lee,SEA,ANA,4,11,15,3,3,9,8,22
2024-03-28,2023021162,20232024,linesman,Brandon Gawryletz,SEA,ANA,4,11,15,3,3,9,8,22
2024-03-28,2023021162,20232024,linesman,Kilian McNamara,SEA,ANA,4,11,15,3,3,9,8,22
2024-03-28,2023021163,20232024,referee,Dan O'Rourke,VAN,DAL,6,4,10,4,5,1,12,8
2024-03-28,2023021163,20232024,referee,Graham Skilliter,VAN,DAL,6,4,10,4,5,1,12,8
2024-03-28,2023021163,20232024,linesman,Caleb Apperson,VAN,DAL,6,4,10,4,5,1,12,8
2024-03-28,2023021163,20232024,linesman,Dan Kelly,VAN,DAL,6,4,10,4,5,1,12,8
2024-03-29,2023021164,20232024,referee,Wes McCauley,BUF,NJD,3,0,3,2,1,0,6,0
2024-03-29,2023021164,20232024,referee,Brandon Schrader,BUF,NJD,3,0,3,2,1,0,6,0
2024-03-29,2023021164,20232024,linesman,Andrew Smith,BUF,NJD,3,0,3,2,1,0,6,0
2024-03-29,2023021164,20232024,linesman,Bryan Pancich,BUF,NJD,3,0,3,2,1,0,6,0
2024-03-30,2023021165,20232024,referee,Chris Rooney,FLA,DET,7,3,10,2,4,4,14,6
2024-03-30,2023021165,20232024,referee,Tom Chmielewski,FLA,DET,7,3,10,2,4,4,14,6
2024-03-30,2023021165,20232024,linesman,Julien Fournier,FLA,DET,7,3,10,2,4,4,14,6
2024-03-30,2023021165,20232024,linesman,Brad Kovachik,FLA,DET,7,3,10,2,4,4,14,6
2024-03-30,2023021166,20232024,referee,Garrett Rank,MIN,VGK,3,0,3,2,1,0,6,0
2024-03-30,2023021166,20232024,referee,Brandon Blandina,MIN,VGK,3,0,3,2,1,0,6,0
2024-03-30,2023021166,20232024,linesman,James Tobias,MIN,VGK,3,0,3,2,1,0,6,0
2024-03-30,2023021166,20232024,linesman,Jesse Marquis,MIN,VGK,3,0,3,2,1,0,6,0
2024-03-30,2023021167,20232024,referee,Jon McIsaac,EDM,ANA,2,3,5,2,1,2,4,6
2024-03-30,2023021167,20232024,referee,Kyle Rehman,EDM,ANA,2,3,5,2,1,2,4,6
2024-03-30,2023021167,20232024,linesman,Bevan Mills,EDM,ANA,2,3,5,2,1,2,4,6
2024-03-30,2023021167,20232024,linesman,Ryan Gibbons,EDM,ANA,2,3,5,2,1,2,4,6
2024-03-30,2023021168,20232024,referee,Francis Charron,ARI,NYR,0,3,3,1,0,2,0,6
2024-03-30,2023021168,20232024,referee,Cody Beach,ARI,NYR,0,3,3,1,0,2,0,6
2024-03-30,2023021168,20232024,linesman,Derek Nansen,ARI,NYR,0,3,3,1,0,2,0,6
2024-03-30,2023021168,20232024,linesman,Devin Berg,ARI,NYR,0,3,3,1,0,2,0,6
2024-03-30,2023021169,20232024,referee,Furman South,COL,NSH,5,4,9,4,3,2,10,8
2024-03-30,2023021169,20232024,referee,Chris Lee,COL,NSH,5,4,9,4,3,2,10,8
2024-03-30,2023021169,20232024,linesman,Brandon Gawryletz,COL,NSH,5,4,9,4,3,2,10,8
2024-03-30,2023021169,20232024,linesman,Ben O'Quinn,COL,NSH,5,4,9,4,3,2,10,8
2024-03-30,2023021170,20232024,referee,Gord Dwyer,BUF,TOR,5,6,11,3,3,5,10,12
2024-03-30,2023021170,20232024,referee,Thomas John Luxmore,BUF,TOR,5,6,11,3,3,5,10,12
2024-03-30,2023021170,20232024,linesman,Steve Barton,BUF,TOR,5,6,11,3,3,5,10,12
2024-03-30,2023021170,20232024,linesman,David Brisebois,BUF,TOR,5,6,11,3,3,5,10,12
2024-03-30,2023021171,20232024,referee,Wes McCauley,CBJ,PIT,2,4,6,3,2,1,4,8
2024-03-30,2023021171,20232024,referee,Brandon Schrader,CBJ,PIT,2,4,6,3,2,1,4,8
2024-03-30,2023021171,20232024,linesman,Andrew Smith,CBJ,PIT,2,4,6,3,2,1,4,8
2024-03-30,2023021171,20232024,linesman,Bryan Pancich,CBJ,PIT,2,4,6,3,2,1,4,8
2024-03-30,2023021172,20232024,referee,Eric Furlatt,MTL,CAR,2,3,5,0,3,2,4,6
2024-03-30,2023021172,20232024,referee,Pierre Lambert,MTL,CAR,2,3,5,0,3,2,4,6
2024-03-30,2023021172,20232024,linesman,Shandor Alphonso,MTL,CAR,2,3,5,0,3,2,4,6
2024-03-30,2023021172,20232024,linesman,Kiel Murchison,MTL,CAR,2,3,5,0,3,2,4,6
2024-03-30,2023021173,20232024,referee,Chris Schlenker,PHI,CHI,3,4,7,1,3,3,6,8
2024-03-30,2023021173,20232024,referee,Francois St-Laurent,PHI,CHI,3,4,7,1,3,3,6,8
2024-03-30,2023021173,20232024,linesman,Travis Gawryletz,PHI,CHI,3,4,7,1,3,3,6,8
2024-03-30,2023021173,20232024,linesman,Ryan Daisy,PHI,CHI,3,4,7,1,3,3,6,8
2024-03-30,2023021174,20232024,referee,Jean Hebert,TBL,NYI,2,2,4,1,0,3,4,4
2024-03-30,2023021174,20232024,referee,Kendrick Nicholson,TBL,NYI,2,2,4,1,0,3,4,4
2024-03-30,2023021174,20232024,linesman,Jonathan Deschamps,TBL,NYI,2,2,4,1,0,3,4,4
2024-03-30,2023021174,20232024,linesman,Matt MacPherson,TBL,NYI,2,2,4,1,0,3,4,4
2024-03-30,2023021175,20232024,referee,Trevor Hanson,WPG,OTT,5,5,10,4,1,5,10,10
2024-03-30,2023021175,20232024,referee,Beau Halkidis,WPG,OTT,5,5,10,4,1,5,10,10
2024-03-30,2023021175,20232024,linesman,Trent Knorr,WPG,OTT,5,5,10,4,1,5,10,10
2024-03-30,2023021175,20232024,linesman,Caleb Apperson,WPG,OTT,5,5,10,4,1,5,10,10
2024-03-30,2023021176,20232024,referee,Frederick L'Ecuyer,WSH,BOS,2,2,4,1,2,1,4,4
2024-03-30,2023021176,20232024,referee,Michael Markovic,WSH,BOS,2,2,4,1,2,1,4,4
2024-03-30,2023021176,20232024,linesman,Tommy Hughes,WSH,BOS,2,2,4,1,2,1,4,4
2024-03-30,2023021176,20232024,linesman,Michel Cormier,WSH,BOS,2,2,4,1,2,1,4,4
2024-03-30,2023021177,20232024,referee,Mitch Dunning,STL,SJS,3,2,5,0,4,1,6,4
2024-03-30,2023021177,20232024,referee,Ghislain Hebert,STL,SJS,3,2,5,0,4,1,6,4
2024-03-30,2023021177,20232024,linesman,Kyle Flemington,STL,SJS,3,2,5,0,4,1,6,4
2024-03-30,2023021177,20232024,linesman,CJ Murray,STL,SJS,3,2,5,0,4,1,6,4
2024-03-30,2023021178,20232024,referee,Dan O'Rourke,CGY,LAK,4,6,10,4,4,2,8,12
2024-03-30,2023021178,20232024,referee,Graham Skilliter,CGY,LAK,4,6,10,4,4,2,8,12
2024-03-30,2023021178,20232024,linesman,Scott Cherrey,CGY,LAK,4,6,10,4,4,2,8,12
2024-03-30,2023021178,20232024,linesman,Dan Kelly,CGY,LAK,4,6,10,4,4,2,8,12
2024-03-30,2023021179,20232024,referee,Kelly Sutherland,SEA,DAL,0,2,2,0,1,1,0,4
2024-03-30,2023021179,20232024,referee,Corey Syvret,SEA,DAL,0,2,2,0,1,1,0,4
2024-03-30,2023021179,20232024,linesman,Libor Suchanek,SEA,DAL,0,2,2,0,1,1,0,4
2024-03-30,2023021179,20232024,linesman,Kilian McNamara,SEA,DAL,0,2,2,0,1,1,0,4
2024-03-31,2023021180,20232024,referee,Jon McIsaac,VAN,ANA,4,6,10,3,4,3,8,12
2024-03-31,2023021180,20232024,referee,Carter Sandlak,VAN,ANA,4,6,10,3,4,3,8,12
2024-03-31,2023021180,20232024,linesman,Bevan Mills,VAN,ANA,4,6,10,3,4,3,8,12
2024-03-31,2023021180,20232024,linesman,Ryan Gibbons,VAN,ANA,4,6,10,3,4,3,8,12
2024-04-01,2023021181,20232024,referee,Chris Schlenker,CBJ,COL,4,2,6,2,2,2,8,4
2024-04-01,2023021181,20232024,referee,Brandon Schrader,CBJ,COL,4,2,6,2,2,2,8,4
2024-04-01,2023021181,20232024,linesman,CJ Murray,CBJ,COL,4,2,6,2,2,2,8,4
2024-04-01,2023021181,20232024,linesman,Tyson Baker,CBJ,COL,4,2,6,2,2,2,8,4
2024-04-01,2023021182,20232024,referee,Wes McCauley,NYR,PIT,5,5,10,2,3,5,10,10
2024-04-01,2023021182,20232024,referee,Chris Rooney,NYR,PIT,5,5,10,2,3,5,10,10
2024-04-01,2023021182,20232024,linesman,Kyle Flemington,NYR,PIT,5,5,10,2,3,5,10,10
2024-04-01,2023021182,20232024,linesman,Julien Fournier,NYR,PIT,5,5,10,2,3,5,10,10
2024-04-01,2023021183,20232024,referee,Gord Dwyer,PHI,NYI,2,2,4,1,2,1,4,4
2024-04-01,2023021183,20232024,referee,Thomas John Luxmore,PHI,NYI,2,2,4,1,2,1,4,4
2024-04-01,2023021183,20232024,linesman,Tommy Hughes,PHI,NYI,2,2,4,1,2,1,4,4
2024-04-01,2023021183,20232024,linesman,Michel Cormier,PHI,NYI,2,2,4,1,2,1,4,4
2024-04-01,2023021184,20232024,referee,Tom Chmielewski,TBL,DET,3,3,6,3,1,2,6,6
2024-04-01,2023021184,20232024,referee,Steve Kozari,TBL,DET,3,3,6,3,1,2,6,6
2024-04-01,2023021184,20232024,linesman,Jonathan Deschamps,TBL,DET,3,3,6,3,1,2,6,6
2024-04-01,2023021184,20232024,linesman,Matt MacPherson,TBL,DET,3,3,6,3,1,2,6,6
2024-04-01,2023021185,20232024,referee,Ghislain Hebert,TOR,FLA,4,3,7,4,2,1,8,6
2024-04-01,2023021185,20232024,referee,Graham Skilliter,TOR,FLA,4,3,7,4,2,1,8,6
2024-04-01,2023021185,20232024,linesman,Andrew Smith,TOR,FLA,4,3,7,4,2,1,8,6
2024-04-01,2023021185,20232024,linesman,Shandor Alphonso,TOR,FLA,4,3,7,4,2,1,8,6
2024-04-01,2023021186,20232024,referee,Francois St-Laurent,STL,EDM,3,5,8,0,7,1,6,10
2024-04-01,2023021186,20232024,referee,Furman South,STL,EDM,3,5,8,0,7,1,6,10
2024-04-01,2023021186,20232024,linesman,James Tobias,STL,EDM,3,5,8,0,7,1,6,10
2024-04-01,2023021186,20232024,linesman,Jesse Marquis,STL,EDM,3,5,8,0,7,1,6,10
2024-04-01,2023021187,20232024,referee,Dan O'Rourke,WPG,LAK,0,1,1,0,0,1,0,2
2024-04-01,2023021187,20232024,referee,Trevor Hanson,WPG,LAK,0,1,1,0,0,1,0,2
2024-04-01,2023021187,20232024,linesman,Trent Knorr,WPG,LAK,0,1,1,0,0,1,0,2
2024-04-01,2023021187,20232024,linesman,Ryan Galloway,WPG,LAK,0,1,1,0,0,1,0,2
2024-04-01,2023021188,20232024,referee,Kelly Sutherland,SJS,SEA,2,2,4,2,2,0,4,4
2024-04-01,2023021188,20232024,referee,Carter Sandlak,SJS,SEA,2,2,4,2,2,0,4,4
2024-04-01,2023021188,20232024,linesman,Libor Suchanek,SJS,SEA,2,2,4,2,2,0,4,4
2024-04-01,2023021188,20232024,linesman,Derek Nansen,SJS,SEA,2,2,4,2,2,0,4,4
2024-04-02,2023021189,20232024,referee,Garrett Rank,BUF,WSH,3,2,5,1,1,3,6,4
2024-04-02,2023021189,20232024,referee,Graham Skilliter,BUF,WSH,3,2,5,1,1,3,6,4
2024-04-02,2023021189,20232024,linesman,Brad Kovachik,BUF,WSH,3,2,5,1,1,3,6,4
2024-04-02,2023021189,20232024,linesman,Tyson Baker,BUF,WSH,3,2,5,1,1,3,6,4
2024-04-02,2023021190,20232024,referee,Frederick L'Ecuyer,MTL,FLA,8,10,18,5,2,11,16,20
2024-04-02,2023021190,20232024,referee,Eric Furlatt,MTL,FLA,8,10,18,5,2,11,16,20
2024-04-02,2023021190,20232024,linesman,Ryan Daisy,MTL,FLA,8,10,18,5,2,11,16,20
2024-04-02,2023021190,20232024,linesman,Jonny Murray,MTL,FLA,8,10,18,5,2,11,16,20
2024-04-02,2023021191,20232024,referee,Chris Schlenker,NJD,PIT,3,4,7,1,3,3,6,8
2024-04-02,2023021191,20232024,referee,Francis Charron,NJD,PIT,3,4,7,1,3,3,6,8
2024-04-02,2023021191,20232024,linesman,Tommy Hughes,NJD,PIT,3,4,7,1,3,3,6,8
2024-04-02,2023021191,20232024,linesman,Michel Cormier,NJD,PIT,3,4,7,1,3,3,6,8
2024-04-02,2023021192,20232024,referee,Wes McCauley,NYI,CHI,1,2,3,0,0,3,2,4
2024-04-02,2023021192,20232024,referee,Thomas John Luxmore,NYI,CHI,1,2,3,0,0,3,2,4
2024-04-02,2023021192,20232024,linesman,Kyle Flemington,NYI,CHI,1,2,3,0,0,3,2,4
2024-04-02,2023021192,20232024,linesman,Julien Fournier,NYI,CHI,1,2,3,0,0,3,2,4
2024-04-02,2023021193,20232024,referee,Dan O'Rourke,MIN,OTT,4,5,9,2,2,5,8,10
2024-04-02,2023021193,20232024,referee,Furman South,MIN,OTT,4,5,9,2,2,5,8,10
2024-04-02,2023021193,20232024,linesman,Bevan Mills,MIN,OTT,4,5,9,2,2,5,8,10
2024-04-02,2023021193,20232024,linesman,Kilian McNamara,MIN,OTT,4,5,9,2,2,5,8,10
2024-04-02,2023021194,20232024,referee,Francois St-Laurent,NSH,BOS,2,4,6,2,3,1,4,8
2024-04-02,2023021194,20232024,referee,Tom Chmielewski,NSH,BOS,2,4,6,2,3,1,4,8
2024-04-02,2023021194,20232024,linesman,Matt MacPherson,NSH,BOS,2,4,6,2,3,1,4,8
2024-04-02,2023021194,20232024,linesman,David Brisebois,NSH,BOS,2,4,6,2,3,1,4,8
2024-04-02,2023021195,20232024,referee,Chris Lee,CGY,ANA,1,2,3,1,2,0,2,4
2024-04-02,2023021195,20232024,referee,Justin Kea,CGY,ANA,1,2,3,1,2,0,2,4
2024-04-02,2023021195,20232024,linesman,Trent Knorr,CGY,ANA,1,2,3,1,2,0,2,4
2024-04-02,2023021195,20232024,linesman,Travis Toomey,CGY,ANA,1,2,3,1,2,0,2,4
2024-04-02,2023021196,20232024,referee,Jon McIsaac,VGK,VAN,4,3,7,3,2,2,8,6
2024-04-02,2023021196,20232024,referee,Kelly Sutherland,VGK,VAN,4,3,7,3,2,2,8,6
2024-04-02,2023021196,20232024,linesman,Libor Suchanek,VGK,VAN,4,3,7,3,2,2,8,6
2024-04-02,2023021196,20232024,linesman,Derek Nansen,VGK,VAN,4,3,7,3,2,2,8,6
2024-04-03,2023021197,20232024,referee,Trevor Hanson,TOR,TBL,4,5,9,4,4,1,8,10
2024-04-03,2023021197,20232024,referee,Peter MacDougall,TOR,TBL,4,5,9,4,4,1,8,10
2024-04-03,2023021197,20232024,linesman,Scott Cherrey,TOR,TBL,4,5,9,4,4,1,8,10
2024-04-03,2023021197,20232024,linesman,Devin Berg,TOR,TBL,4,5,9,4,4,1,8,10
2024-04-03,2023021198,20232024,referee,Jean Hebert,NYR,NJD,4,4,8,6,1,1,8,8
2024-04-03,2023021198,20232024,referee,Gord Dwyer,NYR,NJD,4,4,8,6,1,1,8,8
2024-04-03,2023021198,20232024,linesman,Michel Cormier,NYR,NJD,4,4,8,6,1,1,8,8
2024-04-03,2023021198,20232024,linesman,Jonathan Deschamps,NYR,NJD,4,4,8,6,1,1,8,8
2024-04-03,2023021199,20232024,referee,Francois St-Laurent,DAL,EDM,4,3,7,2,4,1,8,6
2024-04-03,2023021199,20232024,referee,Steve Kozari,DAL,EDM,4,3,7,2,4,1,8,6
2024-04-03,2023021199,20232024,linesman,James Tobias,DAL,EDM,4,3,7,2,4,1,8,6
2024-04-03,2023021199,20232024,linesman,Ben O'Quinn,DAL,EDM,4,3,7,2,4,1,8,6
2024-04-03,2023021201,20232024,referee,Jon McIsaac,LAK,SEA,5,4,9,2,2,5,10,8
2024-04-03,2023021201,20232024,referee,Pierre Lambert,LAK,SEA,5,4,9,2,2,5,10,8
2024-04-03,2023021201,20232024,linesman,Ryan Gibbons,LAK,SEA,5,4,9,2,2,5,10,8
2024-04-03,2023021201,20232024,linesman,Derek Nansen,LAK,SEA,5,4,9,2,2,5,10,8
2024-04-03,2023021200,20232024,referee,Carter Sandlak,ARI,VAN,3,3,6,2,2,2,6,6
2024-04-03,2023021200,20232024,referee,Jordan Samuels-Thomas,ARI,VAN,3,3,6,2,2,2,6,6
2024-04-03,2023021200,20232024,linesman,Libor Suchanek,ARI,VAN,3,3,6,2,2,2,6,6
2024-04-03,2023021200,20232024,linesman,Brandon Gawryletz,ARI,VAN,3,3,6,2,2,2,6,6
2024-04-04,2023021202,20232024,referee,Chris Rooney,CAR,BOS,4,3,7,0,6,1,8,6
2024-04-04,2023021202,20232024,referee,Corey Syvret,CAR,BOS,4,3,7,0,6,1,8,6
2024-04-04,2023021202,20232024,linesman,Ryan Daisy,CAR,BOS,4,3,7,0,6,1,8,6
2024-04-04,2023021202,20232024,linesman,Matt MacPherson,CAR,BOS,4,3,7,0,6,1,8,6
2024-04-04,2023021203,20232024,referee,Francis Charron,CBJ,NYI,3,1,4,2,1,1,6,2
2024-04-04,2023021203,20232024,referee,Tom Chmielewski,CBJ,NYI,3,1,4,2,1,1,6,2
2024-04-04,2023021203,20232024,linesman,Tommy Hughes,CBJ,NYI,3,1,4,2,1,1,6,2
2024-04-04,2023021203,20232024,linesman,Jesse Marquis,CBJ,NYI,3,1,4,2,1,1,6,2
2024-04-04,2023021204,20232024,referee,Ghislain Hebert,MTL,TBL,8,7,15,6,5,4,16,14
2024-04-04,2023021204,20232024,referee,Peter MacDougall,MTL,TBL,8,7,15,6,5,4,16,14
2024-04-04,2023021204,20232024,linesman,Jonathan Deschamps,MTL,TBL,8,7,15,6,5,4,16,14
2024-04-04,2023021204,20232024,linesman,Ryan Jackson,MTL,TBL,8,7,15,6,5,4,16,14
2024-04-04,2023021205,20232024,referee,Chris Lee,OTT,FLA,3,7,10,7,1,2,6,14
2024-04-04,2023021205,20232024,referee,Cody Beach,OTT,FLA,3,7,10,7,1,2,6,14
2024-04-04,2023021205,20232024,linesman,Brad Kovachik,OTT,FLA,3,7,10,7,1,2,6,14
2024-04-04,2023021205,20232024,linesman,Bryan Pancich,OTT,FLA,3,7,10,7,1,2,6,14
2024-04-04,2023021206,20232024,referee,Kelly Sutherland,WSH,PIT,2,4,6,1,2,3,4,8
2024-04-04,2023021206,20232024,referee,Jean Hebert,WSH,PIT,2,4,6,1,2,3,4,8
2024-04-04,2023021206,20232024,linesman,Tyson Baker,WSH,PIT,2,4,6,1,2,3,4,8
2024-04-04,2023021206,20232024,linesman,Dan Kelly,WSH,PIT,2,4,6,1,2,3,4,8
2024-04-04,2023021207,20232024,referee,Chris Schlenker,MIN,COL,2,4,6,1,5,0,4,8
2024-04-04,2023021207,20232024,referee,Kendrick Nicholson,MIN,COL,2,4,6,1,5,0,4,8
2024-04-04,2023021207,20232024,linesman,Kilian McNamara,MIN,COL,2,4,6,1,5,0,4,8
2024-04-04,2023021207,20232024,linesman,David Brisebois,MIN,COL,2,4,6,1,5,0,4,8
2024-04-04,2023021208,20232024,referee,Thomas John Luxmore,NSH,STL,8,5,13,3,5,5,16,10
2024-04-04,2023021208,20232024,referee,Steve Kozari,NSH,STL,8,5,13,3,5,5,16,10
2024-04-04,2023021208,20232024,linesman,Bevan Mills,NSH,STL,8,5,13,3,5,5,16,10
2024-04-04,2023021208,20232024,linesman,James Tobias,NSH,STL,8,5,13,3,5,5,16,10
2024-04-04,2023021209,20232024,referee,Garrett Rank,WPG,CGY,2,3,5,3,2,0,4,6
2024-04-04,2023021209,20232024,referee,Frederick L'Ecuyer,WPG,CGY,2,3,5,3,2,0,4,6
2024-04-04,2023021209,20232024,linesman,Andrew Smith,WPG,CGY,2,3,5,3,2,0,4,6
2024-04-04,2023021209,20232024,linesman,Steve Barton,WPG,CGY,2,3,5,3,2,0,4,6
2024-04-04,2023021210,20232024,referee,Kyle Rehman,SJS,LAK,5,4,9,1,6,2,10,8
2024-04-04,2023021210,20232024,referee,Brandon Schrader,SJS,LAK,5,4,9,1,6,2,10,8
2024-04-04,2023021210,20232024,linesman,Brandon Gawryletz,SJS,LAK,5,4,9,1,6,2,10,8
2024-04-04,2023021210,20232024,linesman,Caleb Apperson,SJS,LAK,5,4,9,1,6,2,10,8
2024-04-05,2023021211,20232024,referee,Furman South,BUF,PHI,3,1,4,2,2,0,6,2
2024-04-05,2023021211,20232024,referee,Trevor Hanson,BUF,PHI,3,1,4,2,2,0,6,2
2024-04-05,2023021211,20232024,linesman,Tommy Hughes,BUF,PHI,3,1,4,2,2,0,6,2
2024-04-05,2023021211,20232024,linesman,CJ Murray,BUF,PHI,3,1,4,2,2,0,6,2
2024-04-05,2023021212,20232024,referee,Chris Rooney,CAR,WSH,3,4,7,1,3,3,6,8
2024-04-05,2023021212,20232024,referee,Corey Syvret,CAR,WSH,3,4,7,1,3,3,6,8
2024-04-05,2023021212,20232024,linesman,Ryan Daisy,CAR,WSH,3,4,7,1,3,3,6,8
2024-04-05,2023021212,20232024,linesman,Ben O'Quinn,CAR,WSH,3,4,7,1,3,3,6,8
2024-04-05,2023021213,20232024,referee,Kendrick Nicholson,DET,NYR,4,4,8,4,2,2,8,8
2024-04-05,2023021213,20232024,referee,Brandon Blandina,DET,NYR,4,4,8,4,2,2,8,8
2024-04-05,2023021213,20232024,linesman,Jesse Marquis,DET,NYR,4,4,8,4,2,2,8,8
2024-04-05,2023021213,20232024,linesman,Mark Shewchyk,DET,NYR,4,4,8,4,2,2,8,8
2024-04-05,2023021214,20232024,referee,Graham Skilliter,EDM,COL,3,5,8,3,2,3,6,10
2024-04-05,2023021214,20232024,referee,Michael Markovic,EDM,COL,3,5,8,3,2,3,6,10
2024-04-05,2023021214,20232024,linesman,Shandor Alphonso,EDM,COL,3,5,8,3,2,3,6,10
2024-04-05,2023021214,20232024,linesman,Kiel Murchison,EDM,COL,3,5,8,3,2,3,6,10
2024-04-05,2023021215,20232024,referee,Pierre Lambert,ANA,SEA,6,2,8,2,3,3,12,4
2024-04-05,2023021215,20232024,referee,Jordan Samuels-Thomas,ANA,SEA,6,2,8,2,3,3,12,4
2024-04-05,2023021215,20232024,linesman,Brandon Gawryletz,ANA,SEA,6,2,8,2,3,3,12,4
2024-04-05,2023021215,20232024,linesman,Travis Toomey,ANA,SEA,6,2,8,2,3,3,12,4
2024-04-05,2023021216,20232024,referee,Mitch Dunning,ARI,VGK,4,2,6,2,2,2,8,4
2024-04-05,2023021216,20232024,referee,Eric Furlatt,ARI,VGK,4,2,6,2,2,2,8,4
2024-04-05,2023021216,20232024,linesman,Libor Suchanek,ARI,VGK,4,2,6,2,2,2,8,4
2024-04-05,2023021216,20232024,linesman,Joe Mahon,ARI,VGK,4,2,6,2,2,2,8,4
2024-04-06,2023021217,20232024,referee,Tom Chmielewski,PIT,TBL,4,2,6,1,3,2,8,4
2024-04-06,2023021217,20232024,referee,Steve Kozari,PIT,TBL,4,2,6,1,3,2,8,4
2024-04-06,2023021217,20232024,linesman,Bevan Mills,PIT,TBL,4,2,6,1,3,2,8,4
2024-04-06,2023021217,20232024,linesman,Kyle Flemington,PIT,TBL,4,2,6,1,3,2,8,4
2024-04-06,2023021218,20232024,referee,Dan O'Rourke,BOS,FLA,5,7,12,4,5,3,10,14
2024-04-06,2023021218,20232024,referee,Kelly Sutherland,BOS,FLA,5,7,12,4,5,3,10,14
2024-04-06,2023021218,20232024,linesman,Tyson Baker,BOS,FLA,5,7,12,4,5,3,10,14
2024-04-06,2023021218,20232024,linesman,Dan Kelly,BOS,FLA,5,7,12,4,5,3,10,14
2024-04-06,2023021220,20232024,referee,Garrett Rank,CHI,DAL,4,3,7,0,3,4,8,6
2024-04-06,2023021220,20232024,referee,Morgan MacPhee,CHI,DAL,4,3,7,0,3,4,8,6
2024-04-06,2023021220,20232024,linesman,Jonathan Deschamps,CHI,DAL,4,3,7,0,3,4,8,6
2024-04-06,2023021220,20232024,linesman,David Brisebois,CHI,DAL,4,3,7,0,3,4,8,6
2024-04-06,2023021219,20232024,referee,Chris Schlenker,MIN,WPG,2,4,6,2,2,2,4,8
2024-04-06,2023021219,20232024,referee,Wes McCauley,MIN,WPG,2,4,6,2,2,2,4,8
2024-04-06,2023021219,20232024,linesman,Steve Barton,MIN,WPG,2,4,6,2,2,2,4,8
2024-04-06,2023021219,20232024,linesman,James Tobias,MIN,WPG,2,4,6,2,2,2,4,8
2024-04-06,2023021221,20232024,referee,Kyle Rehman,SJS,STL,5,5,10,4,3,3,10,10
2024-04-06,2023021221,20232024,referee,Brandon Schrader,SJS,STL,5,5,10,4,3,3,10,10
2024-04-06,2023021221,20232024,linesman,Ryan Gibbons,SJS,STL,5,5,10,4,3,3,10,10
2024-04-06,2023021221,20232024,linesman,Caleb Apperson,SJS,STL,5,5,10,4,3,3,10,10
2024-04-06,2023021222,20232024,referee,Trevor Hanson,CBJ,PHI,2,3,5,2,1,2,4,6
2024-04-06,2023021222,20232024,referee,Kendrick Nicholson,CBJ,PHI,2,3,5,2,1,2,4,6
2024-04-06,2023021222,20232024,linesman,CJ Murray,CBJ,PHI,2,3,5,2,1,2,4,6
2024-04-06,2023021222,20232024,linesman,Kilian McNamara,CBJ,PHI,2,3,5,2,1,2,4,6
2024-04-06,2023021223,20232024,referee,Peter MacDougall,MTL,TOR,2,2,4,0,3,1,4,4
2024-04-06,2023021223,20232024,referee,Cody Beach,MTL,TOR,2,2,4,0,3,1,4,4
2024-04-06,2023021223,20232024,linesman,Derek Nansen,MTL,TOR,2,2,4,0,3,1,4,4
2024-04-06,2023021223,20232024,linesman,Bryan Pancich,MTL,TOR,2,2,4,0,3,1,4,4
2024-04-06,2023021224,20232024,referee,Chris Lee,OTT,NJD,3,5,8,4,1,3,6,10
2024-04-06,2023021224,20232024,referee,Brandon Blandina,OTT,NJD,3,5,8,4,1,3,6,10
2024-04-06,2023021224,20232024,linesman,Andrew Smith,OTT,NJD,3,5,8,4,1,3,6,10
2024-04-06,2023021224,20232024,linesman,Devin Berg,OTT,NJD,3,5,8,4,1,3,6,10
2024-04-06,2023021225,20232024,referee,Francis Charron,NYI,NSH,3,1,4,0,2,2,6,2
2024-04-06,2023021225,20232024,referee,Jean Hebert,NYI,NSH,3,1,4,0,2,2,6,2
2024-04-06,2023021225,20232024,linesman,Scott Cherrey,NYI,NSH,3,1,4,0,2,2,6,2
2024-04-06,2023021225,20232024,linesman,Matt MacPherson,NYI,NSH,3,1,4,0,2,2,6,2
2024-04-06,2023021226,20232024,referee,Frederick L'Ecuyer,CGY,EDM,7,7,14,5,5,4,14,14
2024-04-06,2023021226,20232024,referee,Michael Markovic,CGY,EDM,7,7,14,5,5,4,14,14
2024-04-06,2023021226,20232024,linesman,Shandor Alphonso,CGY,EDM,7,7,14,5,5,4,14,14
2024-04-06,2023021226,20232024,linesman,Kiel Murchison,CGY,EDM,7,7,14,5,5,4,14,14
2024-04-06,2023021227,20232024,referee,Mitch Dunning,LAK,VAN,3,4,7,2,1,4,6,8
2024-04-06,2023021227,20232024,referee,Eric Furlatt,LAK,VAN,3,4,7,2,1,4,6,8
2024-04-06,2023021227,20232024,linesman,Travis Gawryletz,LAK,VAN,3,4,7,2,1,4,6,8
2024-04-06,2023021227,20232024,linesman,Travis Toomey,LAK,VAN,3,4,7,2,1,4,6,8
2024-04-07,2023021228,20232024,referee,Wes McCauley,DET,BUF,4,4,8,3,1,4,8,8
2024-04-07,2023021228,20232024,referee,Ghislain Hebert,DET,BUF,4,4,8,3,1,4,8,8
2024-04-07,2023021228,20232024,linesman,Bevan Mills,DET,BUF,4,4,8,3,1,4,8,8
2024-04-07,2023021228,20232024,linesman,Kyle Flemington,DET,BUF,4,4,8,3,1,4,8,8
2024-04-07,2023021229,20232024,referee,Garrett Rank,CHI,MIN,2,0,2,1,1,0,4,0
2024-04-07,2023021229,20232024,referee,Carter Sandlak,CHI,MIN,2,0,2,1,1,0,4,0
2024-04-07,2023021229,20232024,linesman,Steve Barton,CHI,MIN,2,0,2,1,1,0,4,0
2024-04-07,2023021229,20232024,linesman,Jonathan Deschamps,CHI,MIN,2,0,2,1,1,0,4,0
2024-04-07,2023021230,20232024,referee,Francois St-Laurent,CAR,CBJ,1,4,5,1,3,1,2,8
2024-04-07,2023021230,20232024,referee,Beau Halkidis,CAR,CBJ,1,4,5,1,3,1,2,8
2024-04-07,2023021230,20232024,linesman,Julien Fournier,CAR,CBJ,1,4,5,1,3,1,2,8
2024-04-07,2023021230,20232024,linesman,Ben O'Quinn,CAR,CBJ,1,4,5,1,3,1,2,8
2024-04-07,2023021231,20232024,referee,Pierre Lambert,SJS,ARI,4,7,11,4,5,2,8,14
2024-04-07,2023021231,20232024,referee,Graedy Hamilton,SJS,ARI,4,7,11,4,5,2,8,14
2024-04-07,2023021231,20232024,linesman,Ryan Gibbons,SJS,ARI,4,7,11,4,5,2,8,14
2024-04-07,2023021231,20232024,linesman,Trent Knorr,SJS,ARI,4,7,11,4,5,2,8,14
2024-04-07,2023021232,20232024,referee,Jon McIsaac,WSH,OTT,3,4,7,3,1,3,6,8
2024-04-07,2023021232,20232024,referee,Chris Rooney,WSH,OTT,3,4,7,3,1,3,6,8
2024-04-07,2023021232,20232024,linesman,Ryan Daisy,WSH,OTT,3,4,7,3,1,3,6,8
2024-04-07,2023021232,20232024,linesman,Jesse Marquis,WSH,OTT,3,4,7,3,1,3,6,8
2024-04-07,2023021233,20232024,referee,Kelly Sutherland,NJD,NSH,3,2,5,0,3,2,6,4
2024-04-07,2023021233,20232024,referee,Corey Syvret,NJD,NSH,3,2,5,0,3,2,6,4
2024-04-07,2023021233,20232024,linesman,Scott Cherrey,NJD,NSH,3,2,5,0,3,2,6,4
2024-04-07,2023021233,20232024,linesman,David Brisebois,NJD,NSH,3,2,5,0,3,2,6,4
2024-04-07,2023021234,20232024,referee,Dan O'Rourke,NYR,MTL,1,3,4,1,2,1,2,6
2024-04-07,2023021234,20232024,referee,Furman South,NYR,MTL,1,3,4,1,2,1,2,6
2024-04-07,2023021234,20232024,linesman,Tommy Hughes,NYR,MTL,1,3,4,1,2,1,2,6
2024-04-07,2023021234,20232024,linesman,Michel Cormier,NYR,MTL,1,3,4,1,2,1,2,6
2024-04-07,2023021235,20232024,referee,Kyle Rehman,ANA,STL,4,3,7,2,4,1,8,6
2024-04-07,2023021235,20232024,referee,Mitch Dunning,ANA,STL,4,3,7,2,4,1,8,6
2024-04-07,2023021235,20232024,linesman,Libor Suchanek,ANA,STL,4,3,7,2,4,1,8,6
2024-04-07,2023021235,20232024,linesman,Travis Toomey,ANA,STL,4,3,7,2,4,1,8,6
2024-04-07,2023021236,20232024,referee,Tom Chmielewski,COL,DAL,3,2,5,1,4,0,6,4
2024-04-07,2023021236,20232024,referee,Eric Furlatt,COL,DAL,3,2,5,1,4,0,6,4
2024-04-07,2023021236,20232024,linesman,Brandon Gawryletz,COL,DAL,3,2,5,1,4,0,6,4
2024-04-07,2023021236,20232024,linesman,Travis Gawryletz,COL,DAL,3,2,5,1,4,0,6,4
2024-04-08,2023021237,20232024,referee,Garrett Rank,TOR,PIT,5,2,7,2,4,1,10,4
2024-04-08,2023021237,20232024,referee,Chris Lee,TOR,PIT,5,2,7,2,4,1,10,4
2024-04-08,2023021237,20232024,linesman,Andrew Smith,TOR,PIT,5,2,7,2,4,1,10,4
2024-04-08,2023021237,20232024,linesman,Tyson Baker,TOR,PIT,5,2,7,2,4,1,10,4
2024-04-08,2023021238,20232024,referee,Frederick L'Ecuyer,VAN,VGK,4,3,7,3,2,2,8,6
2024-04-08,2023021238,20232024,referee,Michael Markovic,VAN,VGK,4,3,7,3,2,2,8,6
2024-04-08,2023021238,20232024,linesman,Shandor Alphonso,VAN,VGK,4,3,7,3,2,2,8,6
2024-04-08,2023021238,20232024,linesman,Trent Knorr,VAN,VGK,4,3,7,3,2,2,8,6
2024-04-09,2023021239,20232024,referee,Ghislain Hebert,BOS,CAR,3,4,7,2,3,2,6,8
2024-04-09,2023021239,20232024,referee,Brandon Blandina,BOS,CAR,3,4,7,2,3,2,6,8
2024-04-09,2023021239,20232024,linesman,Scott Cherrey,BOS,CAR,3,4,7,2,3,2,6,8
2024-04-09,2023021239,20232024,linesman,Jonny Murray,BOS,CAR,3,4,7,2,3,2,6,8
2024-04-09,2023021240,20232024,referee,Wes McCauley,DET,WSH,1,2,3,0,1,2,2,4
2024-04-09,2023021240,20232024,referee,Dan O'Rourke,DET,WSH,1,2,3,0,1,2,2,4
2024-04-09,2023021240,20232024,linesman,Andrew Smith,DET,WSH,1,2,3,0,1,2,2,4
2024-04-09,2023021240,20232024,linesman,Brad Kovachik,DET,WSH,1,2,3,0,1,2,2,4
2024-04-09,2023021241,20232024,referee,Jon McIsaac,FLA,OTT,3,5,8,4,1,3,6,10
2024-04-09,2023021241,20232024,referee,Brandon Schrader,FLA,OTT,3,5,8,4,1,3,6,10
2024-04-09,2023021241,20232024,linesman,CJ Murray,FLA,OTT,3,5,8,4,1,3,6,10
2024-04-09,2023021241,20232024,linesman,Ben O'Quinn,FLA,OTT,3,5,8,4,1,3,6,10
2024-04-09,2023021242,20232024,referee,Francois St-Laurent,MTL,PHI,3,1,4,1,2,1,6,2
2024-04-09,2023021242,20232024,referee,Chris Lee,MTL,PHI,3,1,4,1,2,1,6,2
2024-04-09,2023021242,20232024,linesman,Matt MacPherson,MTL,PHI,3,1,4,1,2,1,6,2
2024-04-09,2023021242,20232024,linesman,Mark Shewchyk,MTL,PHI,3,1,4,1,2,1,6,2
2024-04-09,2023021243,20232024,referee,Chris Rooney,NJD,TOR,3,2,5,2,2,1,6,4
2024-04-09,2023021243,20232024,referee,Furman South,NJD,TOR,3,2,5,2,2,1,6,4
2024-04-09,2023021243,20232024,linesman,Steve Barton,NJD,TOR,3,2,5,2,2,1,6,4
2024-04-09,2023021243,20232024,linesman,Jesse Marquis,NJD,TOR,3,2,5,2,2,1,6,4
2024-04-09,2023021244,20232024,referee,Kelly Sutherland,NYI,NYR,3,2,5,1,3,1,6,4
2024-04-09,2023021244,20232024,referee,Peter MacDougall,NYI,NYR,3,2,5,1,3,1,6,4
2024-04-09,2023021244,20232024,linesman,Ryan Daisy,NYI,NYR,3,2,5,1,3,1,6,4
2024-04-09,2023021244,20232024,linesman,David Brisebois,NYI,NYR,3,2,5,1,3,1,6,4
2024-04-09,2023021245,20232024,referee,Jean Hebert,TBL,CBJ,2,2,4,0,3,1,4,4
2024-04-09,2023021245,20232024,referee,Carter Sandlak,TBL,CBJ,2,2,4,0,3,1,4,4
2024-04-09,2023021245,20232024,linesman,Kilian McNamara,TBL,CBJ,2,2,4,0,3,1,4,4
2024-04-09,2023021245,20232024,linesman,Dan Kelly,TBL,CBJ,2,2,4,0,3,1,4,4
2024-04-09,2023021246,20232024,referee,Gord Dwyer,DAL,BUF,3,2,5,0,2,3,6,4
2024-04-09,2023021246,20232024,referee,Justin Kea,DAL,BUF,3,2,5,0,2,3,6,4
2024-04-09,2023021246,20232024,linesman,Derek Nansen,DAL,BUF,3,2,5,0,2,3,6,4
2024-04-09,2023021246,20232024,linesman,Jonathan Deschamps,DAL,BUF,3,2,5,0,2,3,6,4
2024-04-09,2023021247,20232024,referee,Corey Syvret,NSH,WPG,3,4,7,4,2,1,6,8
2024-04-09,2023021247,20232024,referee,Graham Skilliter,NSH,WPG,3,4,7,4,2,1,6,8
2024-04-09,2023021247,20232024,linesman,Kyle Flemington,NSH,WPG,3,4,7,4,2,1,6,8
2024-04-09,2023021247,20232024,linesman,Michel Cormier,NSH,WPG,3,4,7,4,2,1,6,8
2024-04-09,2023021248,20232024,referee,Kyle Rehman,COL,MIN,5,4,9,4,2,3,10,8
2024-04-09,2023021248,20232024,referee,Thomas John Luxmore,COL,MIN,5,4,9,4,2,3,10,8
2024-04-09,2023021248,20232024,linesman,Bevan Mills,COL,MIN,5,4,9,4,2,3,10,8
2024-04-09,2023021248,20232024,linesman,Ryan Gibbons,COL,MIN,5,4,9,4,2,3,10,8
2024-04-09,2023021249,20232024,referee,Mitch Dunning,ANA,LAK,2,3,5,0,2,3,4,6
2024-04-09,2023021249,20232024,referee,Eric Furlatt,ANA,LAK,2,3,5,0,2,3,4,6
2024-04-09,2023021249,20232024,linesman,Brandon Gawryletz,ANA,LAK,2,3,5,0,2,3,4,6
2024-04-09,2023021249,20232024,linesman,Devin Berg,ANA,LAK,2,3,5,0,2,3,4,6
2024-04-09,2023021250,20232024,referee,Frederick L'Ecuyer,SEA,ARI,2,4,6,4,1,1,4,8
2024-04-09,2023021250,20232024,referee,Morgan MacPhee,SEA,ARI,2,4,6,4,1,1,4,8
2024-04-09,2023021250,20232024,linesman,Shandor Alphonso,SEA,ARI,2,4,6,4,1,1,4,8
2024-04-09,2023021250,20232024,linesman,Trent Knorr,SEA,ARI,2,4,6,4,1,1,4,8
2024-04-09,2023021251,20232024,referee,Pierre Lambert,SJS,CGY,2,4,6,1,3,2,4,8
2024-04-09,2023021251,20232024,referee,Jordan Samuels-Thomas,SJS,CGY,2,4,6,1,3,2,4,8
2024-04-09,2023021251,20232024,linesman,Travis Gawryletz,SJS,CGY,2,4,6,1,3,2,4,8
2024-04-09,2023021251,20232024,linesman,Kiel Murchison,SJS,CGY,2,4,6,1,3,2,4,8
2024-04-10,2023021252,20232024,referee,Dan O'Rourke,STL,CHI,4,5,9,2,4,3,8,10
2024-04-10,2023021252,20232024,referee,Corey Syvret,STL,CHI,4,5,9,2,4,3,8,10
2024-04-10,2023021252,20232024,linesman,Brad Kovachik,STL,CHI,4,5,9,2,4,3,8,10
2024-04-10,2023021252,20232024,linesman,Michel Cormier,STL,CHI,4,5,9,2,4,3,8,10
2024-04-10,2023021253,20232024,referee,Frederick L'Ecuyer,EDM,VGK,0,3,3,0,1,2,0,6
2024-04-10,2023021253,20232024,referee,Tom Chmielewski,EDM,VGK,0,3,3,0,1,2,0,6
2024-04-10,2023021253,20232024,linesman,Caleb Apperson,EDM,VGK,0,3,3,0,1,2,0,6
2024-04-10,2023021253,20232024,linesman,Travis Toomey,EDM,VGK,0,3,3,0,1,2,0,6
2024-04-10,2023021254,20232024,referee,Chris Schlenker,VAN,ARI,4,4,8,3,1,4,8,8
2024-04-10,2023021254,20232024,referee,Pierre Lambert,VAN,ARI,4,4,8,3,1,4,8,8
2024-04-10,2023021254,20232024,linesman,Shandor Alphonso,VAN,ARI,4,4,8,3,1,4,8,8
2024-04-10,2023021254,20232024,linesman,Joe Mahon,VAN,ARI,4,4,8,3,1,4,8,8
2024-04-11,2023021255,20232024,referee,Francis Charron,BUF,WSH,1,1,2,0,0,2,2,2
2024-04-11,2023021255,20232024,referee,Kyle Rehman,BUF,WSH,1,1,2,0,0,2,2,2
2024-04-11,2023021255,20232024,linesman,Andrew Smith,BUF,WSH,1,1,2,0,0,2,2,2
2024-04-11,2023021255,20232024,linesman,David Brisebois,BUF,WSH,1,1,2,0,0,2,2,2
2024-04-11,2023021256,20232024,referee,Brandon Schrader,FLA,CBJ,1,2,3,1,1,1,2,4
2024-04-11,2023021256,20232024,referee,Peter MacDougall,FLA,CBJ,1,2,3,1,1,1,2,4
2024-04-11,2023021256,20232024,linesman,CJ Murray,FLA,CBJ,1,2,3,1,1,1,2,4
2024-04-11,2023021256,20232024,linesman,Derek Nansen,FLA,CBJ,1,2,3,1,1,1,2,4
2024-04-11,2023021257,20232024,referee,Chris Rooney,NYR,PHI,6,6,12,5,7,0,12,12
2024-04-11,2023021257,20232024,referee,Ghislain Hebert,NYR,PHI,6,6,12,5,7,0,12,12
2024-04-11,2023021257,20232024,linesman,Jonathan Deschamps,NYR,PHI,6,6,12,5,7,0,12,12
2024-04-11,2023021257,20232024,linesman,Ryan Daisy,NYR,PHI,6,6,12,5,7,0,12,12
2024-04-11,2023021258,20232024,referee,Graham Skilliter,PIT,DET,4,3,7,2,3,2,8,6
2024-04-11,2023021258,20232024,referee,Eric Furlatt,PIT,DET,4,3,7,2,3,2,8,6
2024-04-11,2023021258,20232024,linesman,James Tobias,PIT,DET,4,3,7,2,3,2,8,6
2024-04-11,2023021258,20232024,linesman,Jonny Murray,PIT,DET,4,3,7,2,3,2,8,6
2024-04-11,2023021259,20232024,referee,Jon McIsaac,TBL,OTT,5,5,10,0,8,2,10,10
2024-04-11,2023021259,20232024,referee,Carter Sandlak,TBL,OTT,5,5,10,0,8,2,10,10
2024-04-11,2023021259,20232024,linesman,Kilian McNamara,TBL,OTT,5,5,10,0,8,2,10,10
2024-04-11,2023021259,20232024,linesman,Dan Kelly,TBL,OTT,5,5,10,0,8,2,10,10
2024-04-11,2023021260,20232024,referee,Francois St-Laurent,TOR,NJD,4,3,7,2,3,2,8,6
2024-04-11,2023021260,20232024,referee,Michael Markovic,TOR,NJD,4,3,7,2,3,2,8,6
2024-04-11,2023021260,20232024,linesman,Scott Cherrey,TOR,NJD,4,3,7,2,3,2,8,6
2024-04-11,2023021260,20232024,linesman,Julien Fournier,TOR,NJD,4,3,7,2,3,2,8,6
2024-04-11,2023021261,20232024,referee,Wes McCauley,NYI,MTL,0,4,4,1,2,1,0,8
2024-04-11,2023021261,20232024,referee,Brandon Blandina,NYI,MTL,0,4,4,1,2,1,0,8
2024-04-11,2023021261,20232024,linesman,Libor Suchanek,NYI,MTL,0,4,4,1,2,1,0,8
2024-04-11,2023021261,20232024,linesman,Jesse Marquis,NYI,MTL,0,4,4,1,2,1,0,8
2024-04-11,2023021262,20232024,referee,Furman South,DAL,WPG,2,2,4,0,1,3,4,4
2024-04-11,2023021262,20232024,referee,Thomas John Luxmore,DAL,WPG,2,2,4,0,1,3,4,4
2024-04-11,2023021262,20232024,linesman,Kyle Flemington,DAL,WPG,2,2,4,0,1,3,4,4
2024-04-11,2023021262,20232024,linesman,Michel Cormier,DAL,WPG,2,2,4,0,1,3,4,4
2024-04-11,2023021263,20232024,referee,Chris Schlenker,SEA,SJS,2,3,5,1,1,3,4,6
2024-04-11,2023021263,20232024,referee,Stephen Hiff,SEA,SJS,2,3,5,1,1,3,4,6
2024-04-11,2023021263,20232024,linesman,Kiel Murchison,SEA,SJS,2,3,5,1,1,3,4,6
2024-04-11,2023021263,20232024,linesman,Devin Berg,SEA,SJS,2,3,5,1,1,3,4,6
2024-04-11,2023021264,20232024,referee,Trevor Hanson,LAK,CGY,3,6,9,6,2,1,6,12
2024-04-11,2023021264,20232024,referee,Kendrick Nicholson,LAK,CGY,3,6,9,6,2,1,6,12
2024-04-11,2023021264,20232024,linesman,Ryan Gibbons,LAK,CGY,3,6,9,6,2,1,6,12
2024-04-11,2023021264,20232024,linesman,Tommy Hughes,LAK,CGY,3,6,9,6,2,1,6,12
2024-04-12,2023021265,20232024,referee,Kelly Sutherland,STL,CAR,3,3,6,2,2,2,6,6
2024-04-12,2023021265,20232024,referee,Thomas John Luxmore,STL,CAR,3,3,6,2,2,2,6,6
2024-04-12,2023021265,20232024,linesman,Kyle Flemington,STL,CAR,3,3,6,2,2,2,6,6
2024-04-12,2023021265,20232024,linesman,Brad Kovachik,STL,CAR,3,3,6,2,2,2,6,6
2024-04-12,2023021266,20232024,referee,Graham Skilliter,CHI,NSH,4,5,9,2,4,3,8,10
2024-04-12,2023021266,20232024,referee,Justin Kea,CHI,NSH,4,5,9,2,4,3,8,10
2024-04-12,2023021266,20232024,linesman,James Tobias,CHI,NSH,4,5,9,2,4,3,8,10
2024-04-12,2023021266,20232024,linesman,Jonny Murray,CHI,NSH,4,5,9,2,4,3,8,10
2024-04-12,2023021267,20232024,referee,Garrett Rank,EDM,ARI,2,1,3,2,1,0,4,2
2024-04-12,2023021267,20232024,referee,Jordan Samuels-Thomas,EDM,ARI,2,1,3,2,1,0,4,2
2024-04-12,2023021267,20232024,linesman,Travis Gawryletz,EDM,ARI,2,1,3,2,1,0,4,2
2024-04-12,2023021267,20232024,linesman,Travis Toomey,EDM,ARI,2,1,3,2,1,0,4,2
2024-04-12,2023021268,20232024,referee,Morgan MacPhee,ANA,CGY,6,3,9,3,5,1,12,6
2024-04-12,2023021268,20232024,referee,Cody Beach,ANA,CGY,6,3,9,3,5,1,12,6
2024-04-12,2023021268,20232024,linesman,Tommy Hughes,ANA,CGY,6,3,9,3,5,1,12,6
2024-04-12,2023021268,20232024,linesman,Devin Berg,ANA,CGY,6,3,9,3,5,1,12,6
2024-04-12,2023021269,20232024,referee,Trevor Hanson,VGK,MIN,3,4,7,3,3,1,6,8
2024-04-12,2023021269,20232024,referee,Kendrick Nicholson,VGK,MIN,3,4,7,3,3,1,6,8
2024-04-12,2023021269,20232024,linesman,Ryan Gibbons,VGK,MIN,3,4,7,3,3,1,6,8
2024-04-12,2023021269,20232024,linesman,Bryan Pancich,VGK,MIN,3,4,7,3,3,1,6,8
2024-04-13,2023021270,20232024,referee,Jean Hebert,NYR,NYI,5,1,6,4,1,1,10,2
2024-04-13,2023021270,20232024,referee,Eric Furlatt,NYR,NYI,5,1,6,4,1,1,10,2
2024-04-13,2023021270,20232024,linesman,Brandon Gawryletz,NYR,NYI,5,1,6,4,1,1,10,2
2024-04-13,2023021270,20232024,linesman,Dan Kelly,NYR,NYI,5,1,6,4,1,1,10,2
2024-04-13,2023021271,20232024,referee,Dan O'Rourke,DAL,SEA,3,3,6,1,3,2,6,6
2024-04-13,2023021271,20232024,referee,Brandon Schrader,DAL,SEA,3,3,6,1,3,2,6,6
2024-04-13,2023021271,20232024,linesman,Steve Barton,DAL,SEA,3,3,6,1,3,2,6,6
2024-04-13,2023021271,20232024,linesman,Michel Cormier,DAL,SEA,3,3,6,1,3,2,6,6
2024-04-13,2023021272,20232024,referee,Gord Dwyer,COL,WPG,3,1,4,2,2,0,6,2
2024-04-13,2023021272,20232024,referee,Chris Lee,COL,WPG,3,1,4,2,2,0,6,2
2024-04-13,2023021272,20232024,linesman,Caleb Apperson,COL,WPG,3,1,4,2,2,0,6,2
2024-04-13,2023021272,20232024,linesman,Kiel Murchison,COL,WPG,3,1,4,2,2,0,6,2
2024-04-13,2023021273,20232024,referee,Furman South,FLA,BUF,2,2,4,2,1,1,4,4
2024-04-13,2023021273,20232024,referee,Peter MacDougall,FLA,BUF,2,2,4,2,1,1,4,4
2024-04-13,2023021273,20232024,linesman,Derek Nansen,FLA,BUF,2,2,4,2,1,1,4,4
2024-04-13,2023021273,20232024,linesman,Kilian McNamara,FLA,BUF,2,2,4,2,1,1,4,4
2024-04-13,2023021274,20232024,referee,Wes McCauley,PHI,NJD,1,3,4,2,1,1,2,6
2024-04-13,2023021274,20232024,referee,Kyle Rehman,PHI,NJD,1,3,4,2,1,1,2,6
2024-04-13,2023021274,20232024,linesman,Matt MacPherson,PHI,NJD,1,3,4,2,1,1,2,6
2024-04-13,2023021274,20232024,linesman,Jesse Marquis,PHI,NJD,1,3,4,2,1,1,2,6
2024-04-13,2023021275,20232024,referee,Frederick L'Ecuyer,WSH,TBL,1,3,4,0,2,2,2,6
2024-04-13,2023021275,20232024,referee,Michael Markovic,WSH,TBL,1,3,4,0,2,2,2,6
2024-04-13,2023021275,20232024,linesman,Libor Suchanek,WSH,TBL,1,3,4,0,2,2,2,6
2024-04-13,2023021275,20232024,linesman,Ben O'Quinn,WSH,TBL,1,3,4,0,2,2,2,6
2024-04-13,2023021276,20232024,referee,Ghislain Hebert,OTT,MTL,3,6,9,4,4,1,6,12
2024-04-13,2023021276,20232024,referee,Riley Brace,OTT,MTL,3,6,9,4,4,1,6,12
2024-04-13,2023021276,20232024,linesman,Julien Fournier,OTT,MTL,3,6,9,4,4,1,6,12
2024-04-13,2023021276,20232024,linesman,David Brisebois,OTT,MTL,3,6,9,4,4,1,6,12
2024-04-13,2023021277,20232024,referee,Francois St-Laurent,TOR,DET,3,4,7,2,3,2,6,8
2024-04-13,2023021277,20232024,referee,Pierre Lambert,TOR,DET,3,4,7,2,3,2,6,8
2024-04-13,2023021277,20232024,linesman,Trent Knorr,TOR,DET,3,4,7,2,3,2,6,8
2024-04-13,2023021277,20232024,linesman,Ryan Daisy,TOR,DET,3,4,7,2,3,2,6,8
2024-04-13,2023021278,20232024,referee,Carter Sandlak,NSH,CBJ,1,3,4,1,1,2,2,6
2024-04-13,2023021278,20232024,referee,Brandon Blandina,NSH,CBJ,1,3,4,1,1,2,2,6
2024-04-13,2023021278,20232024,linesman,Kyle Flemington,NSH,CBJ,1,3,4,1,1,2,2,6
2024-04-13,2023021278,20232024,linesman,Brad Kovachik,NSH,CBJ,1,3,4,1,1,2,2,6
2024-04-13,2023021279,20232024,referee,Chris Rooney,PIT,BOS,3,2,5,2,1,2,6,4
2024-04-13,2023021279,20232024,referee,Mitch Dunning,PIT,BOS,3,2,5,2,1,2,6,4
2024-04-13,2023021279,20232024,linesman,CJ Murray,PIT,BOS,3,2,5,2,1,2,6,4
2024-04-13,2023021279,20232024,linesman,Jonathan Deschamps,PIT,BOS,3,2,5,2,1,2,6,4
2024-04-13,2023021280,20232024,referee,Garrett Rank,EDM,VAN,2,2,4,1,2,1,4,4
2024-04-13,2023021280,20232024,referee,Corey Syvret,EDM,VAN,2,2,4,1,2,1,4,4
2024-04-13,2023021280,20232024,linesman,Bevan Mills,EDM,VAN,2,2,4,1,2,1,4,4
2024-04-13,2023021280,20232024,linesman,Travis Gawryletz,EDM,VAN,2,2,4,1,2,1,4,4
2024-04-13,2023021281,20232024,referee,Chris Schlenker,LAK,ANA,3,5,8,2,3,3,6,10
2024-04-13,2023021281,20232024,referee,Trevor Hanson,LAK,ANA,3,5,8,2,3,3,6,10
2024-04-13,2023021281,20232024,linesman,Tommy Hughes,LAK,ANA,3,5,8,2,3,3,6,10
2024-04-13,2023021281,20232024,linesman,Bryan Pancich,LAK,ANA,3,5,8,2,3,3,6,10
2024-04-13,2023021282,20232024,referee,Cody Beach,SJS,MIN,2,3,5,0,4,1,4,6
2024-04-13,2023021282,20232024,referee,Beau Halkidis,SJS,MIN,2,3,5,0,4,1,4,6
2024-04-13,2023021282,20232024,linesman,Devin Berg,SJS,MIN,2,3,5,0,4,1,4,6
2024-04-13,2023021282,20232024,linesman,Tyson Baker,SJS,MIN,2,3,5,0,4,1,4,6
2024-04-14,2023021283,20232024,referee,Dan O'Rourke,STL,SEA,3,1,4,2,0,2,6,2
2024-04-14,2023021283,20232024,referee,Kelly Sutherland,STL,SEA,3,1,4,2,0,2,6,2
2024-04-14,2023021283,20232024,linesman,Andrew Smith,STL,SEA,3,1,4,2,0,2,6,2
2024-04-14,2023021283,20232024,linesman,Jonny Murray,STL,SEA,3,1,4,2,0,2,6,2
2024-04-14,2023021284,20232024,referee,Graham Skilliter,VGK,COL,2,4,6,1,3,2,4,8
2024-04-14,2023021284,20232024,referee,Chris Lee,VGK,COL,2,4,6,1,3,2,4,8
2024-04-14,2023021284,20232024,linesman,Ryan Gibbons,VGK,COL,2,4,6,1,3,2,4,8
2024-04-14,2023021284,20232024,linesman,Caleb Apperson,VGK,COL,2,4,6,1,3,2,4,8
2024-04-14,2023021285,20232024,referee,Frederick L'Ecuyer,CHI,CAR,3,3,6,1,1,4,6,6
2024-04-14,2023021285,20232024,referee,Mitch Dunning,CHI,CAR,3,3,6,1,1,4,6,6
2024-04-14,2023021285,20232024,linesman,Steve Barton,CHI,CAR,3,3,6,1,1,4,6,6
2024-04-14,2023021285,20232024,linesman,Michel Cormier,CHI,CAR,3,3,6,1,1,4,6,6
2024-04-14,2023021286,20232024,referee,Kendrick Nicholson,CGY,ARI,3,3,6,2,1,3,6,6
2024-04-14,2023021286,20232024,referee,Mike Sullivan,CGY,ARI,3,3,6,2,1,3,6,6
2024-04-14,2023021286,20232024,linesman,Bevan Mills,CGY,ARI,3,3,6,2,1,3,6,6
2024-04-14,2023021286,20232024,linesman,Travis Toomey,CGY,ARI,3,3,6,2,1,3,6,6
2024-04-15,2023021287,20232024,referee,Garrett Rank,DET,MTL,0,1,1,0,1,0,0,2
2024-04-15,2023021287,20232024,referee,Francois St-Laurent,DET,MTL,0,1,1,0,1,0,0,2
2024-04-15,2023021287,20232024,linesman,Andrew Smith,DET,MTL,0,1,1,0,1,0,0,2
2024-04-15,2023021287,20232024,linesman,Trent Knorr,DET,MTL,0,1,1,0,1,0,0,2
2024-04-15,2023021288,20232024,referee,Chris Rooney,NJD,NYI,1,3,4,1,2,1,2,6
2024-04-15,2023021288,20232024,referee,Eric Furlatt,NJD,NYI,1,3,4,1,2,1,2,6
2024-04-15,2023021288,20232024,linesman,Derek Nansen,NJD,NYI,1,3,4,1,2,1,2,6
2024-04-15,2023021288,20232024,linesman,Ben O'Quinn,NJD,NYI,1,3,4,1,2,1,2,6
2024-04-15,2023021289,20232024,referee,Frederick L'Ecuyer,PIT,NSH,2,5,7,2,3,2,4,10
2024-04-15,2023021289,20232024,referee,Gord Dwyer,PIT,NSH,2,5,7,2,3,2,4,10
2024-04-15,2023021289,20232024,linesman,Brad Kovachik,PIT,NSH,2,5,7,2,3,2,4,10
2024-04-15,2023021289,20232024,linesman,Jesse Marquis,PIT,NSH,2,5,7,2,3,2,4,10
2024-04-15,2023021290,20232024,referee,Jake Brenk,TBL,BUF,2,2,4,1,2,1,4,4
2024-04-15,2023021290,20232024,referee,Morgan MacPhee,TBL,BUF,2,2,4,1,2,1,4,4
2024-04-15,2023021290,20232024,linesman,Shandor Alphonso,TBL,BUF,2,2,4,1,2,1,4,4
2024-04-15,2023021290,20232024,linesman,Libor Suchanek,TBL,BUF,2,2,4,1,2,1,4,4
2024-04-15,2023021291,20232024,referee,Francis Charron,WSH,BOS,0,1,1,0,0,1,0,2
2024-04-15,2023021291,20232024,referee,Jean Hebert,WSH,BOS,0,1,1,0,0,1,0,2
2024-04-15,2023021291,20232024,linesman,Scott Cherrey,WSH,BOS,0,1,1,0,0,1,0,2
2024-04-15,2023021291,20232024,linesman,Dan Kelly,WSH,BOS,0,1,1,0,0,1,0,2
2024-04-15,2023021292,20232024,referee,Michael Markovic,NYR,OTT,2,3,5,1,2,2,4,6
2024-04-15,2023021292,20232024,referee,Brandon Blandina,NYR,OTT,2,3,5,1,2,2,4,6
2024-04-15,2023021292,20232024,linesman,Brandon Gawryletz,NYR,OTT,2,3,5,1,2,2,4,6
2024-04-15,2023021292,20232024,linesman,Matt MacPherson,NYR,OTT,2,3,5,1,2,2,4,6
2024-04-15,2023021293,20232024,referee,Chris Schlenker,EDM,SJS,1,0,1,1,0,0,2,0
2024-04-15,2023021293,20232024,referee,Corey Syvret,EDM,SJS,1,0,1,1,0,0,2,0
2024-04-15,2023021293,20232024,linesman,Tommy Hughes,EDM,SJS,1,0,1,1,0,0,2,0
2024-04-15,2023021293,20232024,linesman,Devin Berg,EDM,SJS,1,0,1,1,0,0,2,0
2024-04-15,2023021294,20232024,referee,Graham Skilliter,LAK,MIN,3,4,7,3,2,2,6,8
2024-04-15,2023021294,20232024,referee,Chris Lee,LAK,MIN,3,4,7,3,2,2,6,8
2024-04-15,2023021294,20232024,linesman,Kiel Murchison,LAK,MIN,3,4,7,3,2,2,6,8
2024-04-15,2023021294,20232024,linesman,Tyson Baker,LAK,MIN,3,4,7,3,2,2,6,8
2024-04-16,2023021295,20232024,referee,Francois St-Laurent,BOS,OTT,3,3,6,2,0,4,6,6
2024-04-16,2023021295,20232024,referee,Brandon Blandina,BOS,OTT,3,3,6,2,0,4,6,6
2024-04-16,2023021295,20232024,linesman,James Tobias,BOS,OTT,3,3,6,2,0,4,6,6
2024-04-16,2023021295,20232024,linesman,David Brisebois,BOS,OTT,3,3,6,2,0,4,6,6
2024-04-16,2023021296,20232024,referee,Furman South,CBJ,CAR,5,2,7,2,3,2,10,4
2024-04-16,2023021296,20232024,referee,Jake Brenk,CBJ,CAR,5,2,7,2,3,2,10,4
2024-04-16,2023021296,20232024,linesman,Brad Kovachik,CBJ,CAR,5,2,7,2,3,2,10,4
2024-04-16,2023021296,20232024,linesman,Trent Knorr,CBJ,CAR,5,2,7,2,3,2,10,4
2024-04-16,2023021298,20232024,referee,Jon McIsaac,MTL,DET,0,2,2,0,2,0,0,4
2024-04-16,2023021298,20232024,referee,Chris Rooney,MTL,DET,0,2,2,0,2,0,0,4
2024-04-16,2023021298,20232024,linesman,Ryan Daisy,MTL,DET,0,2,2,0,2,0,0,4
2024-04-16,2023021298,20232024,linesman,Mark Shewchyk,MTL,DET,0,2,2,0,2,0,0,4
2024-04-16,2023021299,20232024,referee,Kelly Sutherland,PHI,WSH,0,1,1,1,0,0,0,2
2024-04-16,2023021299,20232024,referee,Eric Furlatt,PHI,WSH,0,1,1,1,0,0,0,2
2024-04-16,2023021299,20232024,linesman,Scott Cherrey,PHI,WSH,0,1,1,1,0,0,0,2
2024-04-16,2023021299,20232024,linesman,Steve Barton,PHI,WSH,0,1,1,1,0,0,0,2
2024-04-16,2023021297,20232024,referee,Dan O'Rourke,FLA,TOR,7,8,15,8,3,4,14,16
2024-04-16,2023021297,20232024,referee,Kyle Rehman,FLA,TOR,7,8,15,8,3,4,14,16
2024-04-16,2023021297,20232024,linesman,Kilian McNamara,FLA,TOR,7,8,15,8,3,4,14,16
2024-04-16,2023021297,20232024,linesman,Jonny Murray,FLA,TOR,7,8,15,8,3,4,14,16
2024-04-16,2023021300,20232024,referee,Mitch Dunning,WPG,SEA,1,4,5,1,1,3,2,8
2024-04-16,2023021300,20232024,referee,Pierre Lambert,WPG,SEA,1,4,5,1,1,3,2,8
2024-04-16,2023021300,20232024,linesman,Ryan Gibbons,WPG,SEA,1,4,5,1,1,3,2,8
2024-04-16,2023021300,20232024,linesman,CJ Murray,WPG,SEA,1,4,5,1,1,3,2,8
2024-04-16,2023021301,20232024,referee,Graham Skilliter,VGK,CHI,1,1,2,1,1,0,2,2
2024-04-16,2023021301,20232024,referee,Carter Sandlak,VGK,CHI,1,1,2,1,1,0,2,2
2024-04-16,2023021301,20232024,linesman,Kyle Flemington,VGK,CHI,1,1,2,1,1,0,2,2
2024-04-16,2023021301,20232024,linesman,Michel Cormier,VGK,CHI,1,1,2,1,1,0,2,2
2024-04-16,2023021302,20232024,referee,Chris Schlenker,VAN,CGY,5,5,10,1,5,4,10,10
2024-04-16,2023021302,20232024,referee,Ghislain Hebert,VAN,CGY,5,5,10,1,5,4,10,10
2024-04-16,2023021302,20232024,linesman,Bevan Mills,VAN,CGY,5,5,10,1,5,4,10,10
2024-04-16,2023021302,20232024,linesman,Tommy Hughes,VAN,CGY,5,5,10,1,5,4,10,10
2024-04-17,2023021303,20232024,referee,Wes McCauley,NYI,PIT,2,3,5,1,3,1,4,6
2024-04-17,2023021303,20232024,referee,Kelly Sutherland,NYI,PIT,2,3,5,1,3,1,4,6
2024-04-17,2023021303,20232024,linesman,Steve Barton,NYI,PIT,2,3,5,1,3,1,4,6
2024-04-17,2023021303,20232024,linesman,David Brisebois,NYI,PIT,2,3,5,1,3,1,4,6
2024-04-17,2023021304,20232024,referee,Kyle Rehman,TBL,TOR,4,5,9,2,6,1,8,10
2024-04-17,2023021304,20232024,referee,Jean Hebert,TBL,TOR,4,5,9,2,6,1,8,10
2024-04-17,2023021304,20232024,linesman,Shandor Alphonso,TBL,TOR,4,5,9,2,6,1,8,10
2024-04-17,2023021304,20232024,linesman,Jonny Murray,TBL,TOR,4,5,9,2,6,1,8,10
2024-04-17,2023021305,20232024,referee,Frederick L'Ecuyer,DAL,STL,1,2,3,2,0,1,2,4
2024-04-17,2023021305,20232024,referee,Tom Chmielewski,DAL,STL,1,2,3,2,0,1,2,4
2024-04-17,2023021305,20232024,linesman,Matt MacPherson,DAL,STL,1,2,3,2,0,1,2,4
2024-04-17,2023021305,20232024,linesman,Bryan Pancich,DAL,STL,1,2,3,2,0,1,2,4
2024-04-17,2023021306,20232024,referee,Carter Sandlak,ARI,EDM,2,2,4,1,1,2,4,4
2024-04-17,2023021306,20232024,referee,Brandon Schrader,ARI,EDM,2,2,4,1,1,2,4,4
2024-04-17,2023021306,20232024,linesman,Julien Fournier,ARI,EDM,2,2,4,1,1,2,4,4
2024-04-17,2023021306,20232024,linesman,Tyson Baker,ARI,EDM,2,2,4,1,1,2,4,4
2024-04-18,2023021307,20232024,referee,Michael Markovic,MIN,SEA,3,4,7,1,3,3,6,8
2024-04-18,2023021307,20232024,referee,Jordan Samuels-Thomas,MIN,SEA,3,4,7,1,3,3,6,8
2024-04-18,2023021307,20232024,linesman,Ryan Gibbons,MIN,SEA,3,4,7,1,3,3,6,8
2024-04-18,2023021307,20232024,linesman,Trent Knorr,MIN,SEA,3,4,7,1,3,3,6,8
2024-04-18,2023021308,20232024,referee,Ghislain Hebert,WPG,VAN,4,5,9,2,3,4,8,10
2024-04-18,2023021308,20232024,referee,Peter MacDougall,WPG,VAN,4,5,9,2,3,4,8,10
2024-04-18,2023021308,20232024,linesman,CJ Murray,WPG,VAN,4,5,9,2,3,4,8,10
2024-04-18,2023021308,20232024,linesman,Ryan Daisy,WPG,VAN,4,5,9,2,3,4,8,10
2024-04-18,2023021309,20232024,referee,Mitch Dunning,CGY,SJS,3,2,5,2,0,3,6,4
2024-04-18,2023021309,20232024,referee,Beau Halkidis,CGY,SJS,3,2,5,2,0,3,6,4
2024-04-18,2023021309,20232024,linesman,Caleb Apperson,CGY,SJS,3,2,5,2,0,3,6,4
2024-04-18,2023021309,20232024,linesman,Travis Toomey,CGY,SJS,3,2,5,2,0,3,6,4
2024-04-18,2023021310,20232024,referee,Frederick L'Ecuyer,COL,EDM,2,4,6,4,1,1,4,8
2024-04-18,2023021310,20232024,referee,Graedy Hamilton,COL,EDM,2,4,6,4,1,1,4,8
2024-04-18,2023021310,20232024,linesman,Travis Gawryletz,COL,EDM,2,4,6,4,1,1,4,8
2024-04-18,2023021310,20232024,linesman,Bryan Pancich,COL,EDM,2,4,6,4,1,1,4,8
2024-04-18,2023021311,20232024,referee,Carter Sandlak,VGK,ANA,1,3,4,0,3,1,2,6
2024-04-18,2023021311,20232024,referee,Brandon Schrader,VGK,ANA,1,3,4,0,3,1,2,6
2024-04-18,2023021311,20232024,linesman,Julien Fournier,VGK,ANA,1,3,4,0,3,1,2,6
2024-04-18,2023021311,20232024,linesman,Michel Cormier,VGK,ANA,1,3,4,0,3,1,2,6
2024-04-18,2023021312,20232024,referee,Chris Schlenker,LAK,CHI,1,4,5,1,3,1,2,8
2024-04-18,2023021312,20232024,referee,Trevor Hanson,LAK,CHI,1,4,5,1,3,1,2,8
2024-04-18,2023021312,20232024,linesman,Kyle Flemington,LAK,CHI,1,4,5,1,3,1,2,8
2024-04-18,2023021312,20232024,linesman,Joe Mahon,LAK,CHI,1,4,5,1,3,1,2,8
2024-04-20,2023030141,20232024,referee,Garrett Rank,CAR,NYI,2,3,5,2,1,2,4,6
2024-04-20,2023030141,20232024,referee,Jean Hebert,CAR,NYI,2,3,5,2,1,2,4,6
2024-04-20,2023030141,20232024,linesman,Andrew Smith,CAR,NYI,2,3,5,2,1,2,4,6
2024-04-20,2023030141,20232024,linesman,Jonny Murray,CAR,NYI,2,3,5,2,1,2,4,6
2024-04-20,2023030121,20232024,referee,Gord Dwyer,BOS,TOR,4,6,10,5,3,2,8,12
2024-04-20,2023030121,20232024,referee,Thomas John Luxmore,BOS,TOR,4,6,10,5,3,2,8,12
2024-04-20,2023030121,20232024,linesman,James Tobias,BOS,TOR,4,6,10,5,3,2,8,12
2024-04-20,2023030121,20232024,linesman,Matt MacPherson,BOS,TOR,4,6,10,5,3,2,8,12
2024-04-21,2023030111,20232024,referee,Wes McCauley,FLA,TBL,2,3,5,1,3,1,4,6
2024-04-21,2023030111,20232024,referee,Kendrick Nicholson,FLA,TBL,2,3,5,1,3,1,4,6
2024-04-21,2023030111,20232024,linesman,Scott Cherrey,FLA,TBL,2,3,5,1,3,1,4,6
2024-04-21,2023030111,20232024,linesman,Libor Suchanek,FLA,TBL,2,3,5,1,3,1,4,6
2024-04-21,2023030131,20232024,referee,Kelly Sutherland,NYR,WSH,5,3,8,6,1,1,10,6
2024-04-21,2023030131,20232024,referee,Pierre Lambert,NYR,WSH,5,3,8,6,1,1,10,6
2024-04-21,2023030131,20232024,linesman,Ryan Daisy,NYR,WSH,5,3,8,6,1,1,10,6
2024-04-21,2023030131,20232024,linesman,Devin Berg,NYR,WSH,5,3,8,6,1,1,10,6
2024-04-21,2023030161,20232024,referee,Trevor Hanson,WPG,COL,3,3,6,0,3,3,6,6
2024-04-21,2023030161,20232024,referee,Eric Furlatt,WPG,COL,3,3,6,0,3,3,6,6
2024-04-21,2023030161,20232024,linesman,Kyle Flemington,WPG,COL,3,3,6,0,3,3,6,6
2024-04-21,2023030161,20232024,linesman,Steve Barton,WPG,COL,3,3,6,0,3,3,6,6
2024-04-21,2023030171,20232024,referee,Kyle Rehman,VAN,NSH,4,2,6,1,3,2,8,4
2024-04-21,2023030171,20232024,referee,Steve Kozari,VAN,NSH,4,2,6,1,3,2,8,4
2024-04-21,2023030171,20232024,linesman,Bevan Mills,VAN,NSH,4,2,6,1,3,2,8,4
2024-04-21,2023030171,20232024,linesman,Michel Cormier,VAN,NSH,4,2,6,1,3,2,8,4
2024-04-22,2023030122,20232024,referee,Garrett Rank,BOS,TOR,5,5,10,2,2,6,10,10
2024-04-22,2023030122,20232024,referee,Jean Hebert,BOS,TOR,5,5,10,2,2,6,10,10
2024-04-22,2023030122,20232024,linesman,Travis Gawryletz,BOS,TOR,5,5,10,2,2,6,10,10
2024-04-22,2023030122,20232024,linesman,David Brisebois,BOS,TOR,5,5,10,2,2,6,10,10
2024-04-22,2023030142,20232024,referee,Jon McIsaac,CAR,NYI,4,9,13,3,3,7,8,18
2024-04-22,2023030142,20232024,referee,Francois St-Laurent,CAR,NYI,4,9,13,3,3,7,8,18
2024-04-22,2023030142,20232024,linesman,Jesse Marquis,CAR,NYI,4,9,13,3,3,7,8,18
2024-04-22,2023030142,20232024,linesman,Bryan Pancich,CAR,NYI,4,9,13,3,3,7,8,18
2024-04-22,2023030151,20232024,referee,Dan O'Rourke,DAL,VGK,2,2,4,3,1,0,4,4
2024-04-22,2023030151,20232024,referee,Tom Chmielewski,DAL,VGK,2,2,4,3,1,0,4,4
2024-04-22,2023030151,20232024,linesman,Trent Knorr,DAL,VGK,2,2,4,3,1,0,4,4
2024-04-22,2023030151,20232024,linesman,Mark Shewchyk,DAL,VGK,2,2,4,3,1,0,4,4
2024-04-22,2023030181,20232024,referee,Francis Charron,EDM,LAK,2,4,6,2,3,1,4,8
2024-04-22,2023030181,20232024,referee,Graham Skilliter,EDM,LAK,2,4,6,2,3,1,4,8
2024-04-22,2023030181,20232024,linesman,Shandor Alphonso,EDM,LAK,2,4,6,2,3,1,4,8
2024-04-22,2023030181,20232024,linesman,Ryan Gibbons,EDM,LAK,2,4,6,2,3,1,4,8
2024-04-23,2023030132,20232024,referee,Wes McCauley,NYR,WSH,5,6,11,4,4,3,10,12
2024-04-23,2023030132,20232024,referee,Kendrick Nicholson,NYR,WSH,5,6,11,4,4,3,10,12
2024-04-23,2023030132,20232024,linesman,Brandon Gawryletz,NYR,WSH,5,6,11,4,4,3,10,12
2024-04-23,2023030132,20232024,linesman,Kiel Murchison,NYR,WSH,5,6,11,4,4,3,10,12
2024-04-23,2023030112,20232024,referee,Frederick L'Ecuyer,FLA,TBL,6,4,10,3,3,4,12,8
2024-04-23,2023030112,20232024,referee,Chris Lee,FLA,TBL,6,4,10,3,3,4,12,8
2024-04-23,2023030112,20232024,linesman,Scott Cherrey,FLA,TBL,6,4,10,3,3,4,12,8
2024-04-23,2023030112,20232024,linesman,Libor Suchanek,FLA,TBL,6,4,10,3,3,4,12,8
2024-04-23,2023030162,20232024,referee,Kyle Rehman,WPG,COL,5,5,10,3,4,3,10,10
2024-04-23,2023030162,20232024,referee,Steve Kozari,WPG,COL,5,5,10,3,4,3,10,10
2024-04-23,2023030162,20232024,linesman,Bevan Mills,WPG,COL,5,5,10,3,4,3,10,10
2024-04-23,2023030162,20232024,linesman,Michel Cormier,WPG,COL,5,5,10,3,4,3,10,10
2024-04-23,2023030172,20232024,referee,Trevor Hanson,VAN,NSH,4,4,8,4,2,2,8,8
2024-04-23,2023030172,20232024,referee,Eric Furlatt,VAN,NSH,4,4,8,4,2,2,8,8
2024-04-23,2023030172,20232024,referee,Michael Markovic,VAN,NSH,4,4,8,4,2,2,8,8
2024-04-23,2023030172,20232024,linesman,Kyle Flemington,VAN,NSH,4,4,8,4,2,2,8,8
2024-04-23,2023030172,20232024,linesman,Steve Barton,VAN,NSH,4,4,8,4,2,2,8,8
2024-04-24,2023030123,20232024,referee,Francis Charron,TOR,BOS,3,5,8,3,3,2,6,10
2024-04-24,2023030123,20232024,referee,Graham Skilliter,TOR,BOS,3,5,8,3,3,2,6,10
2024-04-24,2023030123,20232024,linesman,Ryan Daisy,TOR,BOS,3,5,8,3,3,2,6,10
2024-04-24,2023030123,20232024,linesman,Devin Berg,TOR,BOS,3,5,8,3,3,2,6,10
2024-04-24,2023030152,20232024,referee,Chris Rooney,DAL,VGK,3,3,6,3,2,1,6,6
2024-04-24,2023030152,20232024,referee,Peter MacDougall,DAL,VGK,3,3,6,3,2,1,6,6
2024-04-24,2023030152,20232024,linesman,Trent Knorr,DAL,VGK,3,3,6,3,2,1,6,6
2024-04-24,2023030152,20232024,linesman,Mark Shewchyk,DAL,VGK,3,3,6,3,2,1,6,6
2024-04-24,2023030182,20232024,referee,Dan O'Rourke,EDM,LAK,3,3,6,1,4,1,6,6
2024-04-24,2023030182,20232024,referee,Tom Chmielewski,EDM,LAK,3,3,6,1,4,1,6,6
2024-04-24,2023030182,20232024,linesman,Shandor Alphonso,EDM,LAK,3,3,6,1,4,1,6,6
2024-04-24,2023030182,20232024,linesman,Ryan Gibbons,EDM,LAK,3,3,6,1,4,1,6,6
2024-04-25,2023030113,20232024,referee,Gord Dwyer,TBL,FLA,1,5,6,3,3,0,2,10
2024-04-25,2023030113,20232024,referee,Thomas John Luxmore,TBL,FLA,1,5,6,3,3,0,2,10
2024-04-25,2023030113,20232024,linesman,Andrew Smith,TBL,FLA,1,5,6,3,3,0,2,10
2024-04-25,2023030113,20232024,linesman,Jonny Murray,TBL,FLA,1,5,6,3,3,0,2,10
2024-04-25,2023030143,20232024,referee,Kelly Sutherland,NYI,CAR,2,2,4,2,2,0,4,4
2024-04-25,2023030143,20232024,referee,Pierre Lambert,NYI,CAR,2,2,4,2,2,0,4,4
2024-04-25,2023030143,20232024,linesman,Brandon Gawryletz,NYI,CAR,2,2,4,2,2,0,4,4
2024-04-25,2023030143,20232024,linesman,Kiel Murchison,NYI,CAR,2,2,4,2,2,0,4,4
2024-04-26,2023030133,20232024,referee,Frederick L'Ecuyer,WSH,NYR,5,7,12,4,5,3,10,14
2024-04-26,2023030133,20232024,referee,Chris Lee,WSH,NYR,5,7,12,4,5,3,10,14
2024-04-26,2023030133,20232024,linesman,Travis Gawryletz,WSH,NYR,5,7,12,4,5,3,10,14
2024-04-26,2023030133,20232024,linesman,David Brisebois,WSH,NYR,5,7,12,4,5,3,10,14
2024-04-26,2023030173,20232024,referee,Jon McIsaac,NSH,VAN,5,7,12,5,5,2,10,14
2024-04-26,2023030173,20232024,referee,Francois St-Laurent,NSH,VAN,5,7,12,5,5,2,10,14
2024-04-26,2023030173,20232024,linesman,Trent Knorr,NSH,VAN,5,7,12,5,5,2,10,14
2024-04-26,2023030173,20232024,linesman,Mark Shewchyk,NSH,VAN,5,7,12,5,5,2,10,14
2024-04-26,2023030163,20232024,referee,Dan O'Rourke,COL,WPG,5,9,14,0,2,12,10,18
2024-04-26,2023030163,20232024,referee,Tom Chmielewski,COL,WPG,5,9,14,0,2,12,10,18
2024-04-26,2023030163,20232024,linesman,James Tobias,COL,WPG,5,9,14,0,2,12,10,18
2024-04-26,2023030163,20232024,linesman,Matt MacPherson,COL,WPG,5,9,14,0,2,12,10,18
2024-04-26,2023030183,20232024,referee,Chris Rooney,LAK,EDM,11,10,21,4,1,16,22,20
2024-04-26,2023030183,20232024,referee,Peter MacDougall,LAK,EDM,11,10,21,4,1,16,22,20
2024-04-26,2023030183,20232024,linesman,Jesse Marquis,LAK,EDM,11,10,21,4,1,16,22,20
2024-04-26,2023030183,20232024,linesman,Bryan Pancich,LAK,EDM,11,10,21,4,1,16,22,20
2024-04-27,2023030144,20232024,referee,Trevor Hanson,NYI,CAR,4,2,6,1,2,3,8,4
2024-04-27,2023030144,20232024,referee,Eric Furlatt,NYI,CAR,4,2,6,1,2,3,8,4
2024-04-27,2023030144,20232024,linesman,Andrew Smith,NYI,CAR,4,2,6,1,2,3,8,4
2024-04-27,2023030144,20232024,linesman,Jonny Murray,NYI,CAR,4,2,6,1,2,3,8,4
2024-04-27,2023030114,20232024,referee,Garrett Rank,TBL,FLA,4,8,12,5,2,5,8,16
2024-04-27,2023030114,20232024,referee,Jean Hebert,TBL,FLA,4,8,12,5,2,5,8,16
2024-04-27,2023030114,20232024,linesman,Brandon Gawryletz,TBL,FLA,4,8,12,5,2,5,8,16
2024-04-27,2023030114,20232024,linesman,Kiel Murchison,TBL,FLA,4,8,12,5,2,5,8,16
2024-04-27,2023030124,20232024,referee,Kelly Sutherland,TOR,BOS,4,4,8,5,1,2,8,8
2024-04-27,2023030124,20232024,referee,Pierre Lambert,TOR,BOS,4,4,8,5,1,2,8,8
2024-04-27,2023030124,20232024,linesman,Kyle Flemington,TOR,BOS,4,4,8,5,1,2,8,8
2024-04-27,2023030124,20232024,linesman,Steve Barton,TOR,BOS,4,4,8,5,1,2,8,8
2024-04-27,2023030153,20232024,referee,Wes McCauley,VGK,DAL,3,2,5,1,4,0,6,4
2024-04-27,2023030153,20232024,referee,Kendrick Nicholson,VGK,DAL,3,2,5,1,4,0,6,4
2024-04-27,2023030153,20232024,referee,Dan O'Rourke,VGK,DAL,3,2,5,1,4,0,6,4
2024-04-27,2023030153,20232024,linesman,Ryan Daisy,VGK,DAL,3,2,5,1,4,0,6,4
2024-04-27,2023030153,20232024,linesman,Devin Berg,VGK,DAL,3,2,5,1,4,0,6,4
2024-04-28,2023030164,20232024,referee,Chris Rooney,COL,WPG,4,4,8,1,5,2,8,8
2024-04-28,2023030164,20232024,referee,Peter MacDougall,COL,WPG,4,4,8,1,5,2,8,8
2024-04-28,2023030164,20232024,referee,Tom Chmielewski,COL,WPG,4,4,8,1,5,2,8,8
2024-04-28,2023030164,20232024,linesman,Jesse Marquis,COL,WPG,4,4,8,1,5,2,8,8
2024-04-28,2023030164,20232024,linesman,Bryan Pancich,COL,WPG,4,4,8,1,5,2,8,8
2024-04-28,2023030174,20232024,referee,Frederick L'Ecuyer,NSH,VAN,3,3,6,2,4,0,6,6
2024-04-28,2023030174,20232024,referee,Chris Lee,NSH,VAN,3,3,6,2,4,0,6,6
2024-04-28,2023030174,20232024,linesman,Travis Gawryletz,NSH,VAN,3,3,6,2,4,0,6,6
2024-04-28,2023030174,20232024,linesman,David Brisebois,NSH,VAN,3,3,6,2,4,0,6,6
2024-04-28,2023030134,20232024,referee,Kyle Rehman,WSH,NYR,4,2,6,2,1,3,8,4
2024-04-28,2023030134,20232024,referee,Steve Kozari,WSH,NYR,4,2,6,2,1,3,8,4
2024-04-28,2023030134,20232024,linesman,Scott Cherrey,WSH,NYR,4,2,6,2,1,3,8,4
2024-04-28,2023030134,20232024,linesman,Libor Suchanek,WSH,NYR,4,2,6,2,1,3,8,4
2024-04-28,2023030184,20232024,referee,Jon McIsaac,LAK,EDM,1,1,2,0,1,1,2,2
2024-04-28,2023030184,20232024,referee,Francois St-Laurent,LAK,EDM,1,1,2,0,1,1,2,2
2024-04-28,2023030184,20232024,linesman,James Tobias,LAK,EDM,1,1,2,0,1,1,2,2
2024-04-28,2023030184,20232024,linesman,Matt MacPherson,LAK,EDM,1,1,2,0,1,1,2,2
2024-04-29,2023030115,20232024,referee,Trevor Hanson,FLA,TBL,4,5,9,5,4,0,8,10
2024-04-29,2023030115,20232024,referee,Eric Furlatt,FLA,TBL,4,5,9,5,4,0,8,10
2024-04-29,2023030115,20232024,linesman,Bevan Mills,FLA,TBL,4,5,9,5,4,0,8,10
2024-04-29,2023030115,20232024,linesman,Michel Cormier,FLA,TBL,4,5,9,5,4,0,8,10
2024-04-29,2023030154,20232024,referee,Gord Dwyer,VGK,DAL,3,2,5,2,2,1,6,4
2024-04-29,2023030154,20232024,referee,Thomas John Luxmore,VGK,DAL,3,2,5,2,2,1,6,4
2024-04-29,2023030154,20232024,linesman,Ryan Daisy,VGK,DAL,3,2,5,2,2,1,6,4
2024-04-29,2023030154,20232024,linesman,Devin Berg,VGK,DAL,3,2,5,2,2,1,6,4
2024-04-30,2023030125,20232024,referee,Kyle Rehman,BOS,TOR,5,3,8,1,5,2,10,6
2024-04-30,2023030125,20232024,referee,Steve Kozari,BOS,TOR,5,3,8,1,5,2,10,6
2024-04-30,2023030125,20232024,linesman,Andrew Smith,BOS,TOR,5,3,8,1,5,2,10,6
2024-04-30,2023030125,20232024,linesman,Jonny Murray,BOS,TOR,5,3,8,1,5,2,10,6
2024-04-30,2023030145,20232024,referee,Wes McCauley,CAR,NYI,4,1,5,3,1,1,8,2
2024-04-30,2023030145,20232024,referee,Kendrick Nicholson,CAR,NYI,4,1,5,3,1,1,8,2
2024-04-30,2023030145,20232024,linesman,Shandor Alphonso,CAR,NYI,4,1,5,3,1,1,8,2
2024-04-30,2023030145,20232024,linesman,Ryan Gibbons,CAR,NYI,4,1,5,3,1,1,8,2
2024-04-30,2023030165,20232024,referee,Kelly Sutherland,WPG,COL,1,2,3,0,3,0,2,4
2024-04-30,2023030165,20232024,referee,Pierre Lambert,WPG,COL,1,2,3,0,3,0,2,4
2024-04-30,2023030165,20232024,linesman,Trent Knorr,WPG,COL,1,2,3,0,3,0,2,4
2024-04-30,2023030165,20232024,linesman,Mark Shewchyk,WPG,COL,1,2,3,0,3,0,2,4
2024-04-30,2023030175,20232024,referee,Francis Charron,VAN,NSH,4,2,6,1,4,1,8,4
2024-04-30,2023030175,20232024,referee,Graham Skilliter,VAN,NSH,4,2,6,1,4,1,8,4
2024-04-30,2023030175,20232024,linesman,James Tobias,VAN,NSH,4,2,6,1,4,1,8,4
2024-04-30,2023030175,20232024,linesman,Matt MacPherson,VAN,NSH,4,2,6,1,4,1,8,4
2024-05-01,2023030155,20232024,referee,Garrett Rank,DAL,VGK,3,4,7,4,3,0,6,8
2024-05-01,2023030155,20232024,referee,Jean Hebert,DAL,VGK,3,4,7,4,3,0,6,8
2024-05-01,2023030155,20232024,linesman,Kyle Flemington,DAL,VGK,3,4,7,4,3,0,6,8
2024-05-01,2023030155,20232024,linesman,Steve Barton,DAL,VGK,3,4,7,4,3,0,6,8
2024-05-01,2023030185,20232024,referee,Gord Dwyer,EDM,LAK,2,6,8,1,6,1,4,12
2024-05-01,2023030185,20232024,referee,Thomas John Luxmore,EDM,LAK,2,6,8,1,6,1,4,12
2024-05-01,2023030185,20232024,linesman,Scott Cherrey,EDM,LAK,2,6,8,1,6,1,4,12
2024-05-01,2023030185,20232024,linesman,Libor Suchanek,EDM,LAK,2,6,8,1,6,1,4,12
2024-05-02,2023030126,20232024,referee,Chris Rooney,TOR,BOS,1,3,4,1,3,0,2,6
2024-05-02,2023030126,20232024,referee,Dan O'Rourke,TOR,BOS,1,3,4,1,3,0,2,6
2024-05-02,2023030126,20232024,linesman,Ryan Daisy,TOR,BOS,1,3,4,1,3,0,2,6
2024-05-02,2023030126,20232024,linesman,Devin Berg,TOR,BOS,1,3,4,1,3,0,2,6
2024-05-03,2023030176,20232024,referee,Garrett Rank,NSH,VAN,1,4,5,0,4,1,2,8
2024-05-03,2023030176,20232024,referee,Jean Hebert,NSH,VAN,1,4,5,0,4,1,2,8
2024-05-03,2023030176,20232024,linesman,Shandor Alphonso,NSH,VAN,1,4,5,0,4,1,2,8
2024-05-03,2023030176,20232024,linesman,Ryan Gibbons,NSH,VAN,1,4,5,0,4,1,2,8
2024-05-03,2023030156,20232024,referee,Francois St-Laurent,VGK,DAL,1,2,3,0,3,0,2,4
2024-05-03,2023030156,20232024,referee,Steve Kozari,VGK,DAL,1,2,3,0,3,0,2,4
2024-05-03,2023030156,20232024,linesman,Brandon Gawryletz,VGK,DAL,1,2,3,0,3,0,2,4
2024-05-03,2023030156,20232024,linesman,Kiel Murchison,VGK,DAL,1,2,3,0,3,0,2,4
2024-05-04,2023030127,20232024,referee,Kelly Sutherland,BOS,TOR,1,2,3,0,3,0,2,4
2024-05-04,2023030127,20232024,referee,Eric Furlatt,BOS,TOR,1,2,3,0,3,0,2,4
2024-05-04,2023030127,20232024,linesman,Matt MacPherson,BOS,TOR,1,2,3,0,3,0,2,4
2024-05-04,2023030127,20232024,linesman,Jonny Murray,BOS,TOR,1,2,3,0,3,0,2,4
2024-05-05,2023030221,20232024,referee,Kyle Rehman,NYR,CAR,6,4,10,6,2,2,12,8
2024-05-05,2023030221,20232024,referee,Steve Kozari,NYR,CAR,6,4,10,6,2,2,12,8
2024-05-05,2023030221,20232024,linesman,Ryan Daisy,NYR,CAR,6,4,10,6,2,2,12,8
2024-05-05,2023030221,20232024,linesman,Devin Berg,NYR,CAR,6,4,10,6,2,2,12,8
2024-05-05,2023030157,20232024,referee,Wes McCauley,DAL,VGK,1,1,2,1,0,1,2,2
2024-05-05,2023030157,20232024,referee,Dan O'Rourke,DAL,VGK,1,1,2,1,0,1,2,2
2024-05-05,2023030157,20232024,linesman,Scott Cherrey,DAL,VGK,1,1,2,1,0,1,2,2
2024-05-05,2023030157,20232024,linesman,Steve Barton,DAL,VGK,1,1,2,1,0,1,2,2
2024-05-06,2023030211,20232024,referee,Chris Rooney,FLA,BOS,2,4,6,2,1,3,4,8
2024-05-06,2023030211,20232024,referee,Graham Skilliter,FLA,BOS,2,4,6,2,1,3,4,8
2024-05-06,2023030211,20232024,linesman,James Tobias,FLA,BOS,2,4,6,2,1,3,4,8
2024-05-06,2023030211,20232024,linesman,Matt MacPherson,FLA,BOS,2,4,6,2,1,3,4,8
2024-05-07,2023030222,20232024,referee,Kelly Sutherland,NYR,CAR,4,7,11,4,4,3,8,14
2024-05-07,2023030222,20232024,referee,Eric Furlatt,NYR,CAR,4,7,11,4,4,3,8,14
2024-05-07,2023030222,20232024,linesman,Shandor Alphonso,NYR,CAR,4,7,11,4,4,3,8,14
2024-05-07,2023030222,20232024,linesman,Jonny Murray,NYR,CAR,4,7,11,4,4,3,8,14
2024-05-07,2023030231,20232024,referee,Francois St-Laurent,DAL,COL,3,5,8,3,3,2,6,10
2024-05-07,2023030231,20232024,referee,Dan O'Rourke,DAL,COL,3,5,8,3,3,2,6,10
2024-05-07,2023030231,20232024,linesman,Steve Barton,DAL,COL,3,5,8,3,3,2,6,10
2024-05-07,2023030231,20232024,linesman,Jesse Marquis,DAL,COL,3,5,8,3,3,2,6,10
2024-05-08,2023030212,20232024,referee,Garrett Rank,FLA,BOS,3,6,9,3,3,3,6,12
2024-05-08,2023030212,20232024,referee,Jean Hebert,FLA,BOS,3,6,9,3,3,3,6,12
2024-05-08,2023030212,20232024,linesman,Scott Cherrey,FLA,BOS,3,6,9,3,3,3,6,12
2024-05-08,2023030212,20232024,linesman,Ryan Gibbons,FLA,BOS,3,6,9,3,3,3,6,12
2024-05-08,2023030241,20232024,referee,Kyle Rehman,VAN,EDM,2,4,6,1,2,3,4,8
2024-05-08,2023030241,20232024,referee,Steve Kozari,VAN,EDM,2,4,6,1,2,3,4,8
2024-05-08,2023030241,20232024,linesman,Brandon Gawryletz,VAN,EDM,2,4,6,1,2,3,4,8
2024-05-08,2023030241,20232024,linesman,Kiel Murchison,VAN,EDM,2,4,6,1,2,3,4,8
2024-05-09,2023030223,20232024,referee,Chris Rooney,CAR,NYR,7,8,15,8,5,2,14,16
2024-05-09,2023030223,20232024,referee,Graham Skilliter,CAR,NYR,7,8,15,8,5,2,14,16
2024-05-09,2023030223,20232024,linesman,James Tobias,CAR,NYR,7,8,15,8,5,2,14,16
2024-05-09,2023030223,20232024,linesman,Matt MacPherson,CAR,NYR,7,8,15,8,5,2,14,16
2024-05-09,2023030232,20232024,referee,Francis Charron,DAL,COL,4,6,10,3,3,4,8,12
2024-05-09,2023030232,20232024,referee,Frederick L'Ecuyer,DAL,COL,4,6,10,3,3,4,8,12
2024-05-09,2023030232,20232024,linesman,Ryan Daisy,DAL,COL,4,6,10,3,3,4,8,12
2024-05-09,2023030232,20232024,linesman,Devin Berg,DAL,COL,4,6,10,3,3,4,8,12
2024-05-10,2023030213,20232024,referee,Francois St-Laurent,BOS,FLA,6,2,8,2,3,3,12,4
2024-05-10,2023030213,20232024,referee,Dan O'Rourke,BOS,FLA,6,2,8,2,3,3,12,4
2024-05-10,2023030213,20232024,linesman,Shandor Alphonso,BOS,FLA,6,2,8,2,3,3,12,4
2024-05-10,2023030213,20232024,linesman,Jonny Murray,BOS,FLA,6,2,8,2,3,3,12,4
2024-05-10,2023030242,20232024,referee,Kelly Sutherland,VAN,EDM,5,5,10,3,7,0,10,10
2024-05-10,2023030242,20232024,referee,Eric Furlatt,VAN,EDM,5,5,10,3,7,0,10,10
2024-05-10,2023030242,20232024,linesman,Brandon Gawryletz,VAN,EDM,5,5,10,3,7,0,10,10
2024-05-10,2023030242,20232024,linesman,Kiel Murchison,VAN,EDM,5,5,10,3,7,0,10,10
2024-05-11,2023030224,20232024,referee,Garrett Rank,CAR,NYR,2,3,5,1,3,1,4,6
2024-05-11,2023030224,20232024,referee,Jean Hebert,CAR,NYR,2,3,5,1,3,1,4,6
2024-05-11,2023030224,20232024,linesman,Steve Barton,CAR,NYR,2,3,5,1,3,1,4,6
2024-05-11,2023030224,20232024,linesman,Jesse Marquis,CAR,NYR,2,3,5,1,3,1,4,6
2024-05-11,2023030233,20232024,referee,Kyle Rehman,COL,DAL,4,5,9,7,1,1,8,10
2024-05-11,2023030233,20232024,referee,Steve Kozari,COL,DAL,4,5,9,7,1,1,8,10
2024-05-11,2023030233,20232024,linesman,James Tobias,COL,DAL,4,5,9,7,1,1,8,10
2024-05-11,2023030233,20232024,linesman,Matt MacPherson,COL,DAL,4,5,9,7,1,1,8,10
2024-05-12,2023030214,20232024,referee,Francis Charron,BOS,FLA,6,4,10,3,1,6,12,8
2024-05-12,2023030214,20232024,referee,Frederick L'Ecuyer,BOS,FLA,6,4,10,3,1,6,12,8
2024-05-12,2023030214,20232024,linesman,Ryan Daisy,BOS,FLA,6,4,10,3,1,6,12,8
2024-05-12,2023030214,20232024,linesman,Devin Berg,BOS,FLA,6,4,10,3,1,6,12,8
2024-05-12,2023030243,20232024,referee,Chris Rooney,EDM,VAN,4,6,10,2,5,3,8,12
2024-05-12,2023030243,20232024,referee,Graham Skilliter,EDM,VAN,4,6,10,2,5,3,8,12
2024-05-12,2023030243,20232024,linesman,Scott Cherrey,EDM,VAN,4,6,10,2,5,3,8,12
2024-05-12,2023030243,20232024,linesman,Ryan Gibbons,EDM,VAN,4,6,10,2,5,3,8,12
2024-05-13,2023030225,20232024,referee,Francois St-Laurent,NYR,CAR,3,3,6,1,4,1,6,6
2024-05-13,2023030225,20232024,referee,Dan O'Rourke,NYR,CAR,3,3,6,1,4,1,6,6
2024-05-13,2023030225,20232024,linesman,Brandon Gawryletz,NYR,CAR,3,3,6,1,4,1,6,6
2024-05-13,2023030225,20232024,linesman,Kiel Murchison,NYR,CAR,3,3,6,1,4,1,6,6
2024-05-13,2023030234,20232024,referee,Kelly Sutherland,COL,DAL,3,3,6,4,1,1,6,6
2024-05-13,2023030234,20232024,referee,Eric Furlatt,COL,DAL,3,3,6,4,1,1,6,6
2024-05-13,2023030234,20232024,linesman,Shandor Alphonso,COL,DAL,3,3,6,4,1,1,6,6
2024-05-13,2023030234,20232024,linesman,Jonny Murray,COL,DAL,3,3,6,4,1,1,6,6
2024-05-14,2023030215,20232024,referee,Kyle Rehman,FLA,BOS,4,5,9,3,3,3,8,10
2024-05-14,2023030215,20232024,referee,Steve Kozari,FLA,BOS,4,5,9,3,3,3,8,10
2024-05-14,2023030215,20232024,linesman,Steve Barton,FLA,BOS,4,5,9,3,3,3,8,10
2024-05-14,2023030215,20232024,linesman,Jesse Marquis,FLA,BOS,4,5,9,3,3,3,8,10
2024-05-14,2023030244,20232024,referee,Francis Charron,EDM,VAN,3,2,5,4,0,1,6,4
2024-05-14,2023030244,20232024,referee,Frederick L'Ecuyer,EDM,VAN,3,2,5,4,0,1,6,4
2024-05-14,2023030244,20232024,linesman,Scott Cherrey,EDM,VAN,3,2,5,4,0,1,6,4
2024-05-14,2023030244,20232024,linesman,Ryan Gibbons,EDM,VAN,3,2,5,4,0,1,6,4
2024-05-15,2023030235,20232024,referee,Garrett Rank,DAL,COL,3,4,7,2,2,3,6,8
2024-05-15,2023030235,20232024,referee,Jean Hebert,DAL,COL,3,4,7,2,2,3,6,8
2024-05-15,2023030235,20232024,linesman,Brandon Gawryletz,DAL,COL,3,4,7,2,2,3,6,8
2024-05-15,2023030235,20232024,linesman,Kiel Murchison,DAL,COL,3,4,7,2,2,3,6,8
2024-05-16,2023030226,20232024,referee,Francis Charron,CAR,NYR,2,1,3,0,2,1,4,2
2024-05-16,2023030226,20232024,referee,Steve Kozari,CAR,NYR,2,1,3,0,2,1,4,2
2024-05-16,2023030226,20232024,linesman,Ryan Daisy,CAR,NYR,2,1,3,0,2,1,4,2
2024-05-16,2023030226,20232024,linesman,Devin Berg,CAR,NYR,2,1,3,0,2,1,4,2
2024-05-16,2023030245,20232024,referee,Francois St-Laurent,VAN,EDM,6,5,11,6,4,1,12,10
2024-05-16,2023030245,20232024,referee,Dan O'Rourke,VAN,EDM,6,5,11,6,4,1,12,10
2024-05-16,2023030245,20232024,linesman,James Tobias,VAN,EDM,6,5,11,6,4,1,12,10
2024-05-16,2023030245,20232024,linesman,Matt MacPherson,VAN,EDM,6,5,11,6,4,1,12,10
2024-05-17,2023030216,20232024,referee,Kelly Sutherland,BOS,FLA,4,3,7,3,2,2,8,6
2024-05-17,2023030216,20232024,referee,Eric Furlatt,BOS,FLA,4,3,7,3,2,2,8,6
2024-05-17,2023030216,20232024,linesman,Scott Cherrey,BOS,FLA,4,3,7,3,2,2,8,6
2024-05-17,2023030216,20232024,linesman,Ryan Gibbons,BOS,FLA,4,3,7,3,2,2,8,6
2024-05-17,2023030236,20232024,referee,Chris Rooney,COL,DAL,1,1,2,0,2,0,2,2
2024-05-17,2023030236,20232024,referee,Graham Skilliter,COL,DAL,1,1,2,0,2,0,2,2
2024-05-17,2023030236,20232024,linesman,Steve Barton,COL,DAL,1,1,2,0,2,0,2,2
2024-05-17,2023030236,20232024,linesman,Jesse Marquis,COL,DAL,1,1,2,0,2,0,2,2
2024-05-18,2023030246,20232024,referee,Garrett Rank,EDM,VAN,5,4,9,4,5,0,10,8
2024-05-18,2023030246,20232024,referee,Jean Hebert,EDM,VAN,5,4,9,4,5,0,10,8
2024-05-18,2023030246,20232024,linesman,Shandor Alphonso,EDM,VAN,5,4,9,4,5,0,10,8
2024-05-18,2023030246,20232024,linesman,Jonny Murray,EDM,VAN,5,4,9,4,5,0,10,8
2024-05-20,2023030247,20232024,referee,Chris Rooney,VAN,EDM,2,3,5,2,2,1,4,6
2024-05-20,2023030247,20232024,referee,Jean Hebert,VAN,EDM,2,3,5,2,2,1,4,6
2024-05-20,2023030247,20232024,linesman,Devin Berg,VAN,EDM,2,3,5,2,2,1,4,6
2024-05-20,2023030247,20232024,linesman,Jonny Murray,VAN,EDM,2,3,5,2,2,1,4,6
2024-05-22,2023030311,20232024,referee,Dan O'Rourke,NYR,FLA,3,2,5,1,2,2,6,4
2024-05-22,2023030311,20232024,referee,Steve Kozari,NYR,FLA,3,2,5,1,2,2,6,4
2024-05-22,2023030311,20232024,linesman,Steve Barton,NYR,FLA,3,2,5,1,2,2,6,4
2024-05-22,2023030311,20232024,linesman,Matt MacPherson,NYR,FLA,3,2,5,1,2,2,6,4
2024-05-23,2023030321,20232024,referee,Kelly Sutherland,DAL,EDM,1,3,4,2,2,0,2,6
2024-05-23,2023030321,20232024,referee,Eric Furlatt,DAL,EDM,1,3,4,2,2,0,2,6
2024-05-23,2023030321,20232024,linesman,Scott Cherrey,DAL,EDM,1,3,4,2,2,0,2,6
2024-05-23,2023030321,20232024,linesman,Ryan Gibbons,DAL,EDM,1,3,4,2,2,0,2,6
2024-05-24,2023030312,20232024,referee,Chris Rooney,NYR,FLA,4,6,10,5,4,1,8,12
2024-05-24,2023030312,20232024,referee,Francois St-Laurent,NYR,FLA,4,6,10,5,4,1,8,12
2024-05-24,2023030312,20232024,linesman,Ryan Daisy,NYR,FLA,4,6,10,5,4,1,8,12
2024-05-24,2023030312,20232024,linesman,Devin Berg,NYR,FLA,4,6,10,5,4,1,8,12
2024-05-25,2023030322,20232024,referee,Garrett Rank,DAL,EDM,2,2,4,1,1,2,4,4
2024-05-25,2023030322,20232024,referee,Jean Hebert,DAL,EDM,2,2,4,1,1,2,4,4
2024-05-25,2023030322,20232024,linesman,Shandor Alphonso,DAL,EDM,2,2,4,1,1,2,4,4
2024-05-25,2023030322,20232024,linesman,Jonny Murray,DAL,EDM,2,2,4,1,1,2,4,4
2024-05-26,2023030313,20232024,referee,Kelly Sutherland,FLA,NYR,2,6,8,3,4,1,4,12
2024-05-26,2023030313,20232024,referee,Eric Furlatt,FLA,NYR,2,6,8,3,4,1,4,12
2024-05-26,2023030313,20232024,linesman,Scott Cherrey,FLA,NYR,2,6,8,3,4,1,4,12
2024-05-26,2023030313,20232024,linesman,Ryan Gibbons,FLA,NYR,2,6,8,3,4,1,4,12
2024-05-27,2023030323,20232024,referee,Dan O'Rourke,EDM,DAL,2,3,5,1,3,1,4,6
2024-05-27,2023030323,20232024,referee,Steve Kozari,EDM,DAL,2,3,5,1,3,1,4,6
2024-05-27,2023030323,20232024,linesman,Steve Barton,EDM,DAL,2,3,5,1,3,1,4,6
2024-05-27,2023030323,20232024,linesman,Matt MacPherson,EDM,DAL,2,3,5,1,3,1,4,6
2024-05-28,2023030314,20232024,referee,Garrett Rank,FLA,NYR,3,3,6,3,3,0,6,6
2024-05-28,2023030314,20232024,referee,Jean Hebert,FLA,NYR,3,3,6,3,3,0,6,6
2024-05-28,2023030314,20232024,linesman,Shandor Alphonso,FLA,NYR,3,3,6,3,3,0,6,6
2024-05-28,2023030314,20232024,linesman,Jonny Murray,FLA,NYR,3,3,6,3,3,0,6,6
2024-05-29,2023030324,20232024,referee,Chris Rooney,EDM,DAL,2,1,3,1,1,1,4,2
2024-05-29,2023030324,20232024,referee,Francois St-Laurent,EDM,DAL,2,1,3,1,1,1,4,2
2024-05-29,2023030324,20232024,linesman,Ryan Daisy,EDM,DAL,2,1,3,1,1,1,4,2
2024-05-29,2023030324,20232024,linesman,Devin Berg,EDM,DAL,2,1,3,1,1,1,4,2
2024-05-30,2023030315,20232024,referee,Dan O'Rourke,NYR,FLA,4,4,8,2,5,1,8,8
2024-05-30,2023030315,20232024,referee,Steve Kozari,NYR,FLA,4,4,8,2,5,1,8,8
2024-05-30,2023030315,20232024,linesman,Steve Barton,NYR,FLA,4,4,8,2,5,1,8,8
2024-05-30,2023030315,20232024,linesman,Matt MacPherson,NYR,FLA,4,4,8,2,5,1,8,8
2024-05-31,2023030325,20232024,referee,Kelly Sutherland,DAL,EDM,3,2,5,2,3,0,6,4
2024-05-31,2023030325,20232024,referee,Eric Furlatt,DAL,EDM,3,2,5,2,3,0,6,4
2024-05-31,2023030325,20232024,linesman,Scott Cherrey,DAL,EDM,3,2,5,2,3,0,6,4
2024-05-31,2023030325,20232024,linesman,Ryan Gibbons,DAL,EDM,3,2,5,2,3,0,6,4
2024-06-01,2023030316,20232024,referee,Chris Rooney,FLA,NYR,1,1,2,2,0,0,2,2
2024-06-01,2023030316,20232024,referee,Francois St-Laurent,FLA,NYR,1,1,2,2,0,0,2,2
2024-06-01,2023030316,20232024,linesman,Ryan Daisy,FLA,NYR,1,1,2,2,0,0,2,2
2024-06-01,2023030316,20232024,linesman,Devin Berg,FLA,NYR,1,1,2,2,0,0,2,2
2024-06-02,2023030326,20232024,referee,Garrett Rank,EDM,DAL,3,2,5,4,0,1,6,4
2024-06-02,2023030326,20232024,referee,Jean Hebert,EDM,DAL,3,2,5,4,0,1,6,4
2024-06-02,2023030326,20232024,linesman,Shandor Alphonso,EDM,DAL,3,2,5,4,0,1,6,4
2024-06-02,2023030326,20232024,linesman,Jonny Murray,EDM,DAL,3,2,5,4,0,1,6,4
2024-06-08,2023030411,20232024,referee,Dan O'Rourke,FLA,EDM,5,4,9,3,5,1,10,8
2024-06-08,2023030411,20232024,referee,Steve Kozari,FLA,EDM,5,4,9,3,5,1,10,8
2024-06-08,2023030411,20232024,linesman,Matt MacPherson,FLA,EDM,5,4,9,3,5,1,10,8
2024-06-08,2023030411,20232024,linesman,Jonny Murray,FLA,EDM,5,4,9,3,5,1,10,8
2024-06-10,2023030412,20232024,referee,Chris Rooney,FLA,EDM,6,5,11,3,3,5,12,10
2024-06-10,2023030412,20232024,referee,Jean Hebert,FLA,EDM,6,5,11,3,3,5,12,10
2024-06-10,2023030412,20232024,linesman,Ryan Daisy,FLA,EDM,6,5,11,3,3,5,12,10
2024-06-10,2023030412,20232024,linesman,Devin Berg,FLA,EDM,6,5,11,3,3,5,12,10
2024-06-13,2023030413,20232024,referee,Dan O'Rourke,EDM,FLA,3,5,8,5,3,0,6,10
2024-06-13,2023030413,20232024,referee,Steve Kozari,EDM,FLA,3,5,8,5,3,0,6,10
2024-06-13,2023030413,20232024,linesman,Matt MacPherson,EDM,FLA,3,5,8,5,3,0,6,10
2024-06-13,2023030413,20232024,linesman,Jonny Murray,EDM,FLA,3,5,8,5,3,0,6,10
2024-06-15,2023030414,20232024,referee,Chris Rooney,EDM,FLA,4,6,10,2,3,5,8,12
2024-06-15,2023030414,20232024,referee,Jean Hebert,EDM,FLA,4,6,10,2,3,5,8,12
2024-06-15,2023030414,20232024,linesman,Ryan Daisy,EDM,FLA,4,6,10,2,3,5,8,12
2024-06-15,2023030414,20232024,linesman,Devin Berg,EDM,FLA,4,6,10,2,3,5,8,12
2024-06-18,2023030415,20232024,referee,Dan O'Rourke,FLA,EDM,6,4,10,4,3,3,12,8
2024-06-18,2023030415,20232024,referee,Steve Kozari,FLA,EDM,6,4,10,4,3,3,12,8
2024-06-18,2023030415,20232024,linesman,Matt MacPherson,FLA,EDM,6,4,10,4,3,3,12,8
2024-06-18,2023030415,20232024,linesman,Jonny Murray,FLA,EDM,6,4,10,4,3,3,12,8
2024-06-21,2023030416,20232024,referee,Chris Rooney,EDM,FLA,4,3,7,2,3,2,8,6
2024-06-21,2023030416,20232024,referee,Jean Hebert,EDM,FLA,4,3,7,2,3,2,8,6
2024-06-21,2023030416,20232024,linesman,Ryan Daisy,EDM,FLA,4,3,7,2,3,2,8,6
2024-06-21,2023030416,20232024,linesman,Devin Berg,EDM,FLA,4,3,7,2,3,2,8,6
2024-06-24,2023030417,20232024,referee,Dan O'Rourke,FLA,EDM,1,2,3,1,1,1,2,4
2024-06-24,2023030417,20232024,referee,Steve Kozari,FLA,EDM,1,2,3,1,1,1,2,4
2024-06-24,2023030417,20232024,linesman,Matt MacPherson,FLA,EDM,1,2,3,1,1,1,2,4
2024-06-24,2023030417,20232024,linesman,Jonny Murray,FLA,EDM,1,2,3,1,1,1,2,4
